fecha,id_persona,id_episodio,horas
2025-01-01,P0033,E00017,8.8
2025-01-01,P0036,E00029,8.8
2025-01-01,P0063,E00030,8.8
2025-01-01,P0082,E00022,8.8
2025-01-01,P0086,E00019,8.8
2025-01-01,P0101,E00012,8.8
2025-01-01,P0117,E00031,8.8
2025-01-01,P0173,E00011,8.8
2025-01-01,P0177,E00032,8.8
2025-01-01,P0186,E00033,8.8
2025-01-01,P0188,E00001,8.8
2025-01-01,P0211,E00013,8.8
2025-01-01,P0212,E00020,8.8
2025-01-01,P0227,E00014,8.8
2025-01-01,P0234,E00003,8.8
2025-01-01,P0246,E00024,8.8
2025-01-01,P0285,E00025,8.8
2025-01-01,P0291,E00005,4.4
2025-01-01,P0299,E00026,8.8
2025-01-01,P0317,E00002,8.8
2025-01-01,P0334,E00007,8.8
2025-01-01,P0339,E00006,8.8
2025-01-01,P0371,E00027,8.8
2025-01-01,P0372,E00021,8.8
2025-01-01,P0419,E00015,8.8
2025-01-01,P0428,E00018,8.8
2025-01-01,P0451,E00016,8.8
2025-01-01,P0492,E00028,8.8
2025-01-01,P0506,E00023,8.8
2025-01-01,P0507,E00010,8.8
2025-01-01,P0524,E00008,8.8
2025-01-01,P0571,E00004,8.8
2025-01-01,P0607,E00009,8.8
2025-01-02,P0033,E00017,8.8
2025-01-02,P0036,E00029,8.8
2025-01-02,P0063,E00030,8.8
2025-01-02,P0082,E00022,8.8
2025-01-02,P0086,E00019,8.8
2025-01-02,P0101,E00012,8.8
2025-01-02,P0117,E00031,8.8
2025-01-02,P0127,E00034,8.8
2025-01-02,P0173,E00011,8.8
2025-01-02,P0177,E00032,8.8
2025-01-02,P0186,E00033,8.8
2025-01-02,P0188,E00001,8.8
2025-01-02,P0211,E00013,8.8
2025-01-02,P0212,E00020,8.8
2025-01-02,P0227,E00014,8.8
2025-01-02,P0234,E00003,8.8
2025-01-02,P0246,E00024,8.8
2025-01-02,P0285,E00025,8.8
2025-01-02,P0291,E00005,4.4
2025-01-02,P0299,E00026,8.8
2025-01-02,P0317,E00002,8.8
2025-01-02,P0334,E00007,8.8
2025-01-02,P0371,E00027,8.8
2025-01-02,P0372,E00021,8.8
2025-01-02,P0419,E00015,8.8
2025-01-02,P0428,E00018,8.8
2025-01-02,P0451,E00016,8.8
2025-01-02,P0492,E00028,8.8
2025-01-02,P0506,E00023,8.8
2025-01-02,P0507,E00010,8.8
2025-01-02,P0524,E00008,8.8
2025-01-02,P0564,E00035,8.8
2025-01-02,P0571,E00004,8.8
2025-01-02,P0607,E00009,8.8
2025-01-03,P0026,E00036,8.8
2025-01-03,P0033,E00017,8.8
2025-01-03,P0036,E00029,8.8
2025-01-03,P0063,E00030,8.8
2025-01-03,P0082,E00022,8.8
2025-01-03,P0086,E00019,8.8
2025-01-03,P0092,E00037,8.8
2025-01-03,P0101,E00012,8.8
2025-01-03,P0124,E00038,4.4
2025-01-03,P0127,E00034,8.8
2025-01-03,P0173,E00011,8.8
2025-01-03,P0177,E00032,8.8
2025-01-03,P0186,E00033,8.8
2025-01-03,P0188,E00001,8.8
2025-01-03,P0192,E00039,4.4
2025-01-03,P0212,E00020,8.8
2025-01-03,P0227,E00014,8.8
2025-01-03,P0234,E00003,8.8
2025-01-03,P0246,E00024,8.8
2025-01-03,P0285,E00025,8.8
2025-01-03,P0291,E00005,4.4
2025-01-03,P0299,E00026,8.8
2025-01-03,P0317,E00002,8.8
2025-01-03,P0324,E00040,8.8
2025-01-03,P0334,E00007,8.8
2025-01-03,P0371,E00027,8.8
2025-01-03,P0372,E00021,8.8
2025-01-03,P0376,E00041,8.8
2025-01-03,P0413,E00042,8.8
2025-01-03,P0419,E00015,8.8
2025-01-03,P0421,E00043,8.8
2025-01-03,P0428,E00018,8.8
2025-01-03,P0451,E00016,8.8
2025-01-03,P0490,E00044,8.8
2025-01-03,P0492,E00028,8.8
2025-01-03,P0506,E00023,8.8
2025-01-03,P0507,E00010,8.8
2025-01-03,P0524,E00008,8.8
2025-01-03,P0564,E00035,8.8
2025-01-03,P0571,E00004,8.8
2025-01-03,P0573,E00045,8.8
2025-01-03,P0607,E00009,8.8
2025-01-06,P0033,E00017,8.8
2025-01-06,P0036,E00029,8.8
2025-01-06,P0063,E00046,8.8
2025-01-06,P0082,E00022,8.8
2025-01-06,P0086,E00019,8.8
2025-01-06,P0092,E00037,8.8
2025-01-06,P0101,E00012,8.8
2025-01-06,P0124,E00038,4.4
2025-01-06,P0127,E00034,8.8
2025-01-06,P0173,E00011,8.8
2025-01-06,P0186,E00033,8.8
2025-01-06,P0188,E00001,8.8
2025-01-06,P0192,E00039,4.4
2025-01-06,P0212,E00020,8.8
2025-01-06,P0227,E00014,8.8
2025-01-06,P0234,E00003,8.8
2025-01-06,P0241,E00047,8.8
2025-01-06,P0246,E00024,8.8
2025-01-06,P0285,E00025,8.8
2025-01-06,P0291,E00005,4.4
2025-01-06,P0330,E00048,8.8
2025-01-06,P0334,E00007,8.8
2025-01-06,P0371,E00027,8.8
2025-01-06,P0372,E00021,8.8
2025-01-06,P0376,E00041,8.8
2025-01-06,P0419,E00015,8.8
2025-01-06,P0428,E00018,8.8
2025-01-06,P0451,E00016,8.8
2025-01-06,P0488,E00049,8.8
2025-01-06,P0490,E00044,8.8
2025-01-06,P0492,E00028,8.8
2025-01-06,P0506,E00023,8.8
2025-01-06,P0507,E00010,8.8
2025-01-06,P0524,E00050,8.8
2025-01-06,P0564,E00035,8.8
2025-01-06,P0571,E00004,8.8
2025-01-06,P0573,E00045,8.8
2025-01-06,P0607,E00009,8.8
2025-01-07,P0033,E00017,8.8
2025-01-07,P0036,E00029,8.8
2025-01-07,P0063,E00046,8.8
2025-01-07,P0082,E00022,8.8
2025-01-07,P0086,E00019,8.8
2025-01-07,P0092,E00037,8.8
2025-01-07,P0101,E00012,8.8
2025-01-07,P0124,E00038,4.4
2025-01-07,P0127,E00034,8.8
2025-01-07,P0173,E00011,8.8
2025-01-07,P0186,E00033,8.8
2025-01-07,P0188,E00001,8.8
2025-01-07,P0192,E00039,4.4
2025-01-07,P0212,E00020,8.8
2025-01-07,P0227,E00014,8.8
2025-01-07,P0234,E00003,8.8
2025-01-07,P0241,E00047,8.8
2025-01-07,P0246,E00024,8.8
2025-01-07,P0285,E00025,8.8
2025-01-07,P0291,E00005,4.4
2025-01-07,P0330,E00048,8.8
2025-01-07,P0334,E00007,8.8
2025-01-07,P0371,E00027,8.8
2025-01-07,P0372,E00021,8.8
2025-01-07,P0376,E00041,8.8
2025-01-07,P0419,E00015,8.8
2025-01-07,P0424,E00051,8.8
2025-01-07,P0428,E00018,8.8
2025-01-07,P0451,E00016,8.8
2025-01-07,P0488,E00049,8.8
2025-01-07,P0490,E00044,8.8
2025-01-07,P0492,E00028,8.8
2025-01-07,P0506,E00023,8.8
2025-01-07,P0507,E00010,8.8
2025-01-07,P0564,E00035,8.8
2025-01-07,P0571,E00004,8.8
2025-01-07,P0573,E00045,8.8
2025-01-07,P0607,E00009,8.8
2025-01-08,P0021,E00052,8.8
2025-01-08,P0029,E00053,8.8
2025-01-08,P0033,E00017,8.8
2025-01-08,P0036,E00029,8.8
2025-01-08,P0063,E00046,8.8
2025-01-08,P0082,E00022,8.8
2025-01-08,P0086,E00019,8.8
2025-01-08,P0092,E00037,8.8
2025-01-08,P0101,E00012,8.8
2025-01-08,P0124,E00038,4.4
2025-01-08,P0127,E00034,8.8
2025-01-08,P0173,E00011,8.8
2025-01-08,P0186,E00033,8.8
2025-01-08,P0188,E00001,8.8
2025-01-08,P0192,E00039,4.4
2025-01-08,P0212,E00020,8.8
2025-01-08,P0227,E00014,8.8
2025-01-08,P0234,E00003,8.8
2025-01-08,P0238,E00054,8.8
2025-01-08,P0241,E00047,8.8
2025-01-08,P0246,E00024,8.8
2025-01-08,P0291,E00005,4.4
2025-01-08,P0330,E00048,8.8
2025-01-08,P0334,E00007,8.8
2025-01-08,P0371,E00027,8.8
2025-01-08,P0376,E00041,8.8
2025-01-08,P0399,E00055,8.8
2025-01-08,P0419,E00015,8.8
2025-01-08,P0424,E00051,8.8
2025-01-08,P0428,E00018,8.8
2025-01-08,P0451,E00016,8.8
2025-01-08,P0488,E00049,8.8
2025-01-08,P0490,E00044,8.8
2025-01-08,P0492,E00028,8.8
2025-01-08,P0506,E00023,8.8
2025-01-08,P0564,E00035,8.8
2025-01-08,P0571,E00004,8.8
2025-01-08,P0573,E00045,8.8
2025-01-08,P0575,E00056,8.8
2025-01-08,P0595,E00057,8.8
2025-01-08,P0598,E00058,8.8
2025-01-08,P0607,E00009,8.8
2025-01-09,P0021,E00052,8.8
2025-01-09,P0029,E00053,8.8
2025-01-09,P0033,E00017,8.8
2025-01-09,P0036,E00029,8.8
2025-01-09,P0040,E00059,8.8
2025-01-09,P0063,E00046,8.8
2025-01-09,P0082,E00022,8.8
2025-01-09,P0086,E00019,8.8
2025-01-09,P0092,E00037,8.8
2025-01-09,P0101,E00012,8.8
2025-01-09,P0124,E00038,4.4
2025-01-09,P0173,E00011,8.8
2025-01-09,P0188,E00001,8.8
2025-01-09,P0192,E00039,4.4
2025-01-09,P0212,E00020,8.8
2025-01-09,P0225,E00060,8.8
2025-01-09,P0227,E00014,8.8
2025-01-09,P0234,E00003,8.8
2025-01-09,P0238,E00054,8.8
2025-01-09,P0241,E00047,8.8
2025-01-09,P0246,E00024,8.8
2025-01-09,P0291,E00005,4.4
2025-01-09,P0314,E00061,8.8
2025-01-09,P0330,E00048,8.8
2025-01-09,P0334,E00007,8.8
2025-01-09,P0352,E00062,8.8
2025-01-09,P0371,E00027,8.8
2025-01-09,P0376,E00041,8.8
2025-01-09,P0399,E00055,8.8
2025-01-09,P0424,E00051,8.8
2025-01-09,P0428,E00018,8.8
2025-01-09,P0451,E00016,8.8
2025-01-09,P0488,E00049,8.8
2025-01-09,P0492,E00028,8.8
2025-01-09,P0506,E00023,8.8
2025-01-09,P0571,E00004,8.8
2025-01-09,P0573,E00045,8.8
2025-01-09,P0598,E00058,8.8
2025-01-09,P0607,E00009,8.8
2025-01-09,P0617,E00063,8.8
2025-01-10,P0021,E00052,8.8
2025-01-10,P0025,E00064,8.8
2025-01-10,P0029,E00053,8.8
2025-01-10,P0033,E00017,8.8
2025-01-10,P0036,E00029,8.8
2025-01-10,P0040,E00059,8.8
2025-01-10,P0063,E00046,8.8
2025-01-10,P0082,E00022,8.8
2025-01-10,P0086,E00019,8.8
2025-01-10,P0092,E00037,8.8
2025-01-10,P0101,E00012,8.8
2025-01-10,P0112,E00065,8.8
2025-01-10,P0124,E00038,4.4
2025-01-10,P0128,E00066,8.8
2025-01-10,P0129,E00067,8.8
2025-01-10,P0173,E00011,8.8
2025-01-10,P0188,E00001,8.8
2025-01-10,P0192,E00039,4.4
2025-01-10,P0212,E00020,8.8
2025-01-10,P0225,E00060,8.8
2025-01-10,P0227,E00014,8.8
2025-01-10,P0234,E00003,8.8
2025-01-10,P0238,E00054,8.8
2025-01-10,P0241,E00047,8.8
2025-01-10,P0246,E00024,8.8
2025-01-10,P0291,E00005,4.4
2025-01-10,P0314,E00061,8.8
2025-01-10,P0317,E00068,8.8
2025-01-10,P0330,E00048,8.8
2025-01-10,P0334,E00007,8.8
2025-01-10,P0352,E00062,8.8
2025-01-10,P0371,E00027,8.8
2025-01-10,P0376,E00041,8.8
2025-01-10,P0399,E00055,8.8
2025-01-10,P0424,E00051,8.8
2025-01-10,P0428,E00018,8.8
2025-01-10,P0451,E00016,8.8
2025-01-10,P0480,E00069,8.8
2025-01-10,P0488,E00049,8.8
2025-01-10,P0492,E00028,8.8
2025-01-10,P0506,E00023,8.8
2025-01-10,P0540,E00070,8.8
2025-01-10,P0571,E00004,8.8
2025-01-10,P0573,E00045,8.8
2025-01-10,P0598,E00058,8.8
2025-01-10,P0607,E00009,8.8
2025-01-10,P0617,E00063,8.8
2025-01-13,P0021,E00052,8.8
2025-01-13,P0025,E00064,8.8
2025-01-13,P0029,E00053,8.8
2025-01-13,P0033,E00017,8.8
2025-01-13,P0036,E00029,8.8
2025-01-13,P0063,E00046,8.8
2025-01-13,P0082,E00022,8.8
2025-01-13,P0086,E00019,8.8
2025-01-13,P0092,E00037,8.8
2025-01-13,P0101,E00012,8.8
2025-01-13,P0112,E00065,8.8
2025-01-13,P0124,E00038,4.4
2025-01-13,P0128,E00066,8.8
2025-01-13,P0129,E00067,8.8
2025-01-13,P0173,E00011,8.8
2025-01-13,P0188,E00001,8.8
2025-01-13,P0192,E00039,4.4
2025-01-13,P0212,E00020,8.8
2025-01-13,P0225,E00060,8.8
2025-01-13,P0227,E00014,8.8
2025-01-13,P0234,E00003,8.8
2025-01-13,P0238,E00054,8.8
2025-01-13,P0241,E00047,8.8
2025-01-13,P0246,E00024,8.8
2025-01-13,P0291,E00005,4.4
2025-01-13,P0314,E00061,8.8
2025-01-13,P0317,E00068,8.8
2025-01-13,P0326,E00071,8.8
2025-01-13,P0330,E00048,8.8
2025-01-13,P0334,E00007,8.8
2025-01-13,P0352,E00062,8.8
2025-01-13,P0371,E00027,8.8
2025-01-13,P0376,E00041,8.8
2025-01-13,P0424,E00051,8.8
2025-01-13,P0428,E00018,8.8
2025-01-13,P0451,E00016,8.8
2025-01-13,P0480,E00069,8.8
2025-01-13,P0492,E00028,8.8
2025-01-13,P0506,E00023,8.8
2025-01-13,P0540,E00072,8.8
2025-01-13,P0567,E00073,8.8
2025-01-13,P0571,E00004,8.8
2025-01-13,P0573,E00045,8.8
2025-01-13,P0598,E00058,8.8
2025-01-13,P0607,E00009,8.8
2025-01-13,P0617,E00063,8.8
2025-01-14,P0021,E00052,8.8
2025-01-14,P0025,E00064,8.8
2025-01-14,P0033,E00017,8.8
2025-01-14,P0036,E00029,8.8
2025-01-14,P0063,E00046,8.8
2025-01-14,P0082,E00022,8.8
2025-01-14,P0092,E00037,8.8
2025-01-14,P0101,E00012,8.8
2025-01-14,P0112,E00065,8.8
2025-01-14,P0128,E00066,8.8
2025-01-14,P0129,E00067,8.8
2025-01-14,P0173,E00011,8.8
2025-01-14,P0175,E00074,8.8
2025-01-14,P0191,E00075,8.8
2025-01-14,P0192,E00039,4.4
2025-01-14,P0212,E00020,8.8
2025-01-14,P0234,E00003,8.8
2025-01-14,P0238,E00054,8.8
2025-01-14,P0241,E00047,8.8
2025-01-14,P0246,E00024,8.8
2025-01-14,P0291,E00005,4.4
2025-01-14,P0311,E00076,8.8
2025-01-14,P0317,E00068,8.8
2025-01-14,P0326,E00071,8.8
2025-01-14,P0330,E00048,8.8
2025-01-14,P0352,E00062,8.8
2025-01-14,P0371,E00027,8.8
2025-01-14,P0376,E00041,8.8
2025-01-14,P0413,E00077,8.8
2025-01-14,P0424,E00051,8.8
2025-01-14,P0451,E00016,8.8
2025-01-14,P0468,E00078,8.8
2025-01-14,P0480,E00069,8.8
2025-01-14,P0492,E00028,8.8
2025-01-14,P0506,E00023,8.8
2025-01-14,P0540,E00072,8.8
2025-01-14,P0567,E00073,8.8
2025-01-14,P0573,E00045,8.8
2025-01-14,P0598,E00058,8.8
2025-01-14,P0607,E00009,8.8
2025-01-14,P0617,E00063,8.8
2025-01-15,P0011,E00079,8.8
2025-01-15,P0021,E00052,8.8
2025-01-15,P0025,E00064,8.8
2025-01-15,P0033,E00017,8.8
2025-01-15,P0036,E00029,8.8
2025-01-15,P0078,E00080,8.8
2025-01-15,P0082,E00022,8.8
2025-01-15,P0092,E00037,8.8
2025-01-15,P0101,E00012,8.8
2025-01-15,P0112,E00065,8.8
2025-01-15,P0118,E00081,8.8
2025-01-15,P0122,E00082,8.8
2025-01-15,P0128,E00066,8.8
2025-01-15,P0129,E00067,8.8
2025-01-15,P0173,E00011,8.8
2025-01-15,P0175,E00074,8.8
2025-01-15,P0191,E00075,8.8
2025-01-15,P0212,E00020,8.8
2025-01-15,P0234,E00003,8.8
2025-01-15,P0238,E00054,8.8
2025-01-15,P0241,E00047,8.8
2025-01-15,P0246,E00024,8.8
2025-01-15,P0291,E00005,4.4
2025-01-15,P0311,E00076,8.8
2025-01-15,P0317,E00068,8.8
2025-01-15,P0330,E00048,8.8
2025-01-15,P0352,E00062,8.8
2025-01-15,P0371,E00027,8.8
2025-01-15,P0376,E00041,8.8
2025-01-15,P0413,E00077,8.8
2025-01-15,P0424,E00051,8.8
2025-01-15,P0451,E00016,8.8
2025-01-15,P0461,E00083,8.8
2025-01-15,P0468,E00078,8.8
2025-01-15,P0480,E00069,8.8
2025-01-15,P0492,E00028,8.8
2025-01-15,P0506,E00023,8.8
2025-01-15,P0527,E00084,8.8
2025-01-15,P0540,E00072,8.8
2025-01-15,P0573,E00045,8.8
2025-01-15,P0598,E00058,8.8
2025-01-15,P0607,E00009,8.8
2025-01-15,P0617,E00063,8.8
2025-01-16,P0021,E00052,8.8
2025-01-16,P0025,E00064,8.8
2025-01-16,P0033,E00017,8.8
2025-01-16,P0036,E00029,8.8
2025-01-16,P0082,E00022,8.8
2025-01-16,P0092,E00037,8.8
2025-01-16,P0101,E00012,8.8
2025-01-16,P0118,E00081,8.8
2025-01-16,P0122,E00082,8.8
2025-01-16,P0128,E00066,8.8
2025-01-16,P0129,E00067,8.8
2025-01-16,P0173,E00011,8.8
2025-01-16,P0175,E00074,8.8
2025-01-16,P0191,E00075,8.8
2025-01-16,P0212,E00020,8.8
2025-01-16,P0234,E00003,8.8
2025-01-16,P0238,E00054,8.8
2025-01-16,P0240,E00085,8.8
2025-01-16,P0241,E00047,8.8
2025-01-16,P0246,E00024,8.8
2025-01-16,P0291,E00005,4.4
2025-01-16,P0311,E00076,8.8
2025-01-16,P0317,E00068,8.8
2025-01-16,P0323,E00086,4.4
2025-01-16,P0330,E00048,8.8
2025-01-16,P0339,E00087,8.8
2025-01-16,P0352,E00062,8.8
2025-01-16,P0371,E00027,8.8
2025-01-16,P0376,E00041,8.8
2025-01-16,P0399,E00088,8.8
2025-01-16,P0413,E00077,8.8
2025-01-16,P0424,E00051,8.8
2025-01-16,P0451,E00016,8.8
2025-01-16,P0468,E00078,8.8
2025-01-16,P0480,E00069,8.8
2025-01-16,P0490,E00089,8.8
2025-01-16,P0492,E00028,8.8
2025-01-16,P0506,E00023,8.8
2025-01-16,P0527,E00084,8.8
2025-01-16,P0540,E00072,8.8
2025-01-16,P0573,E00045,8.8
2025-01-16,P0598,E00058,8.8
2025-01-16,P0607,E00009,8.8
2025-01-16,P0617,E00063,8.8
2025-01-16,P0646,E00090,8.8
2025-01-17,P0021,E00052,8.8
2025-01-17,P0025,E00064,8.8
2025-01-17,P0033,E00017,8.8
2025-01-17,P0036,E00029,8.8
2025-01-17,P0082,E00022,8.8
2025-01-17,P0092,E00037,8.8
2025-01-17,P0101,E00012,8.8
2025-01-17,P0122,E00082,8.8
2025-01-17,P0128,E00066,8.8
2025-01-17,P0129,E00067,8.8
2025-01-17,P0149,E00091,8.8
2025-01-17,P0173,E00011,8.8
2025-01-17,P0175,E00074,8.8
2025-01-17,P0212,E00020,8.8
2025-01-17,P0234,E00003,8.8
2025-01-17,P0238,E00054,8.8
2025-01-17,P0240,E00085,8.8
2025-01-17,P0241,E00047,8.8
2025-01-17,P0291,E00005,4.4
2025-01-17,P0311,E00076,8.8
2025-01-17,P0317,E00068,8.8
2025-01-17,P0323,E00086,4.4
2025-01-17,P0330,E00048,8.8
2025-01-17,P0339,E00087,8.8
2025-01-17,P0352,E00062,8.8
2025-01-17,P0376,E00041,8.8
2025-01-17,P0413,E00077,8.8
2025-01-17,P0424,E00051,8.8
2025-01-17,P0451,E00016,8.8
2025-01-17,P0468,E00078,8.8
2025-01-17,P0476,E00092,8.8
2025-01-17,P0480,E00069,8.8
2025-01-17,P0490,E00089,8.8
2025-01-17,P0492,E00028,8.8
2025-01-17,P0495,E00093,8.8
2025-01-17,P0506,E00023,8.8
2025-01-17,P0527,E00084,8.8
2025-01-17,P0540,E00072,8.8
2025-01-17,P0573,E00045,8.8
2025-01-17,P0598,E00058,8.8
2025-01-17,P0607,E00009,8.8
2025-01-17,P0617,E00063,8.8
2025-01-17,P0627,E00094,4.4
2025-01-17,P0646,E00090,8.8
2025-01-20,P0021,E00052,8.8
2025-01-20,P0025,E00064,8.8
2025-01-20,P0033,E00017,8.8
2025-01-20,P0036,E00029,8.8
2025-01-20,P0083,E00095,8.8
2025-01-20,P0092,E00037,8.8
2025-01-20,P0098,E00096,8.8
2025-01-20,P0101,E00012,8.8
2025-01-20,P0122,E00082,8.8
2025-01-20,P0128,E00066,8.8
2025-01-20,P0129,E00067,8.8
2025-01-20,P0149,E00091,8.8
2025-01-20,P0173,E00011,8.8
2025-01-20,P0175,E00074,8.8
2025-01-20,P0205,E00097,8.8
2025-01-20,P0212,E00020,8.8
2025-01-20,P0234,E00003,8.8
2025-01-20,P0238,E00054,8.8
2025-01-20,P0240,E00085,8.8
2025-01-20,P0241,E00047,8.8
2025-01-20,P0291,E00005,4.4
2025-01-20,P0311,E00076,8.8
2025-01-20,P0317,E00068,8.8
2025-01-20,P0323,E00086,4.4
2025-01-20,P0330,E00048,8.8
2025-01-20,P0339,E00087,8.8
2025-01-20,P0352,E00062,8.8
2025-01-20,P0362,E00098,8.8
2025-01-20,P0376,E00041,8.8
2025-01-20,P0413,E00077,8.8
2025-01-20,P0424,E00051,8.8
2025-01-20,P0451,E00016,8.8
2025-01-20,P0468,E00078,8.8
2025-01-20,P0476,E00092,8.8
2025-01-20,P0480,E00069,8.8
2025-01-20,P0490,E00089,8.8
2025-01-20,P0492,E00028,8.8
2025-01-20,P0495,E00093,8.8
2025-01-20,P0506,E00023,8.8
2025-01-20,P0527,E00084,8.8
2025-01-20,P0573,E00045,8.8
2025-01-20,P0598,E00058,8.8
2025-01-20,P0602,E00099,8.8
2025-01-20,P0607,E00009,8.8
2025-01-20,P0627,E00094,4.4
2025-01-21,P0021,E00052,8.8
2025-01-21,P0025,E00064,8.8
2025-01-21,P0033,E00017,8.8
2025-01-21,P0036,E00029,8.8
2025-01-21,P0083,E00095,8.8
2025-01-21,P0092,E00037,8.8
2025-01-21,P0098,E00096,8.8
2025-01-21,P0101,E00012,8.8
2025-01-21,P0122,E00082,8.8
2025-01-21,P0129,E00067,8.8
2025-01-21,P0149,E00091,8.8
2025-01-21,P0157,E00100,8.8
2025-01-21,P0173,E00011,8.8
2025-01-21,P0175,E00074,8.8
2025-01-21,P0176,E00101,8.8
2025-01-21,P0205,E00097,8.8
2025-01-21,P0212,E00020,8.8
2025-01-21,P0234,E00003,8.8
2025-01-21,P0238,E00054,8.8
2025-01-21,P0240,E00085,8.8
2025-01-21,P0241,E00047,8.8
2025-01-21,P0291,E00005,4.4
2025-01-21,P0299,E00102,8.8
2025-01-21,P0311,E00076,8.8
2025-01-21,P0323,E00086,4.4
2025-01-21,P0330,E00048,8.8
2025-01-21,P0339,E00087,8.8
2025-01-21,P0352,E00062,8.8
2025-01-21,P0362,E00098,8.8
2025-01-21,P0376,E00041,8.8
2025-01-21,P0413,E00077,8.8
2025-01-21,P0424,E00051,8.8
2025-01-21,P0451,E00016,8.8
2025-01-21,P0468,E00078,8.8
2025-01-21,P0476,E00092,8.8
2025-01-21,P0480,E00069,8.8
2025-01-21,P0490,E00089,8.8
2025-01-21,P0492,E00028,8.8
2025-01-21,P0495,E00093,8.8
2025-01-21,P0506,E00023,8.8
2025-01-21,P0527,E00084,8.8
2025-01-21,P0546,E00103,8.8
2025-01-21,P0573,E00045,8.8
2025-01-21,P0581,E00104,8.8
2025-01-21,P0598,E00058,8.8
2025-01-21,P0627,E00094,4.4
2025-01-22,P0016,E00105,8.8
2025-01-22,P0021,E00052,8.8
2025-01-22,P0025,E00064,8.8
2025-01-22,P0033,E00017,8.8
2025-01-22,P0036,E00029,8.8
2025-01-22,P0092,E00037,8.8
2025-01-22,P0098,E00096,8.8
2025-01-22,P0101,E00012,8.8
2025-01-22,P0122,E00082,8.8
2025-01-22,P0149,E00091,8.8
2025-01-22,P0157,E00100,8.8
2025-01-22,P0173,E00011,8.8
2025-01-22,P0175,E00074,8.8
2025-01-22,P0176,E00101,8.8
2025-01-22,P0205,E00097,8.8
2025-01-22,P0212,E00020,8.8
2025-01-22,P0234,E00003,8.8
2025-01-22,P0238,E00054,8.8
2025-01-22,P0240,E00085,8.8
2025-01-22,P0241,E00047,8.8
2025-01-22,P0267,E00106,8.8
2025-01-22,P0291,E00005,4.4
2025-01-22,P0300,E00107,8.8
2025-01-22,P0311,E00076,8.8
2025-01-22,P0323,E00086,4.4
2025-01-22,P0330,E00048,8.8
2025-01-22,P0339,E00087,8.8
2025-01-22,P0352,E00062,8.8
2025-01-22,P0362,E00098,8.8
2025-01-22,P0376,E00041,8.8
2025-01-22,P0413,E00077,8.8
2025-01-22,P0424,E00051,8.8
2025-01-22,P0451,E00016,8.8
2025-01-22,P0468,E00078,8.8
2025-01-22,P0476,E00092,8.8
2025-01-22,P0480,E00069,8.8
2025-01-22,P0490,E00089,8.8
2025-01-22,P0495,E00093,8.8
2025-01-22,P0506,E00023,8.8
2025-01-22,P0527,E00084,8.8
2025-01-22,P0546,E00103,8.8
2025-01-22,P0573,E00045,8.8
2025-01-22,P0598,E00058,8.8
2025-01-22,P0627,E00094,4.4
2025-01-23,P0021,E00052,8.8
2025-01-23,P0033,E00017,8.8
2025-01-23,P0036,E00029,8.8
2025-01-23,P0075,E00108,8.8
2025-01-23,P0092,E00037,8.8
2025-01-23,P0098,E00096,8.8
2025-01-23,P0101,E00012,8.8
2025-01-23,P0122,E00082,8.8
2025-01-23,P0149,E00091,8.8
2025-01-23,P0157,E00100,8.8
2025-01-23,P0165,E00109,8.8
2025-01-23,P0173,E00011,8.8
2025-01-23,P0175,E00074,8.8
2025-01-23,P0205,E00097,8.8
2025-01-23,P0212,E00020,8.8
2025-01-23,P0234,E00003,8.8
2025-01-23,P0238,E00054,8.8
2025-01-23,P0240,E00085,8.8
2025-01-23,P0241,E00047,8.8
2025-01-23,P0267,E00106,8.8
2025-01-23,P0291,E00005,4.4
2025-01-23,P0300,E00107,8.8
2025-01-23,P0311,E00076,8.8
2025-01-23,P0323,E00086,4.4
2025-01-23,P0330,E00048,8.8
2025-01-23,P0339,E00087,8.8
2025-01-23,P0352,E00062,8.8
2025-01-23,P0358,E00110,8.8
2025-01-23,P0362,E00098,8.8
2025-01-23,P0413,E00077,8.8
2025-01-23,P0424,E00051,8.8
2025-01-23,P0451,E00016,8.8
2025-01-23,P0468,E00078,8.8
2025-01-23,P0476,E00092,8.8
2025-01-23,P0480,E00069,8.8
2025-01-23,P0490,E00089,8.8
2025-01-23,P0495,E00093,8.8
2025-01-23,P0504,E00111,4.4
2025-01-23,P0506,E00023,8.8
2025-01-23,P0522,E00112,8.8
2025-01-23,P0527,E00084,8.8
2025-01-23,P0546,E00103,8.8
2025-01-23,P0573,E00045,8.8
2025-01-23,P0598,E00058,8.8
2025-01-23,P0627,E00094,4.4
2025-01-24,P0012,E00113,8.8
2025-01-24,P0033,E00017,8.8
2025-01-24,P0036,E00029,8.8
2025-01-24,P0075,E00108,8.8
2025-01-24,P0092,E00037,8.8
2025-01-24,P0098,E00096,8.8
2025-01-24,P0101,E00012,8.8
2025-01-24,P0122,E00082,8.8
2025-01-24,P0149,E00091,8.8
2025-01-24,P0157,E00100,8.8
2025-01-24,P0165,E00109,8.8
2025-01-24,P0173,E00011,8.8
2025-01-24,P0175,E00074,8.8
2025-01-24,P0205,E00097,8.8
2025-01-24,P0212,E00020,8.8
2025-01-24,P0226,E00114,8.8
2025-01-24,P0234,E00003,8.8
2025-01-24,P0238,E00054,8.8
2025-01-24,P0240,E00085,8.8
2025-01-24,P0241,E00047,8.8
2025-01-24,P0267,E00106,8.8
2025-01-24,P0291,E00005,4.4
2025-01-24,P0300,E00107,8.8
2025-01-24,P0311,E00076,8.8
2025-01-24,P0323,E00086,4.4
2025-01-24,P0330,E00048,8.8
2025-01-24,P0339,E00087,8.8
2025-01-24,P0352,E00062,8.8
2025-01-24,P0358,E00110,8.8
2025-01-24,P0413,E00077,8.8
2025-01-24,P0424,E00051,8.8
2025-01-24,P0451,E00016,8.8
2025-01-24,P0468,E00078,8.8
2025-01-24,P0476,E00092,8.8
2025-01-24,P0480,E00069,8.8
2025-01-24,P0490,E00089,8.8
2025-01-24,P0495,E00093,8.8
2025-01-24,P0504,E00111,4.4
2025-01-24,P0522,E00112,8.8
2025-01-24,P0527,E00084,8.8
2025-01-24,P0546,E00103,8.8
2025-01-24,P0573,E00045,8.8
2025-01-24,P0598,E00058,8.8
2025-01-24,P0627,E00094,4.4
2025-01-27,P0012,E00113,8.8
2025-01-27,P0033,E00017,8.8
2025-01-27,P0075,E00108,8.8
2025-01-27,P0098,E00096,8.8
2025-01-27,P0101,E00012,8.8
2025-01-27,P0119,E00115,8.8
2025-01-27,P0122,E00082,8.8
2025-01-27,P0149,E00091,8.8
2025-01-27,P0157,E00100,8.8
2025-01-27,P0161,E00116,8.8
2025-01-27,P0165,E00109,8.8
2025-01-27,P0173,E00011,8.8
2025-01-27,P0175,E00074,8.8
2025-01-27,P0205,E00097,8.8
2025-01-27,P0212,E00020,8.8
2025-01-27,P0226,E00114,8.8
2025-01-27,P0234,E00003,8.8
2025-01-27,P0238,E00054,8.8
2025-01-27,P0240,E00085,8.8
2025-01-27,P0241,E00047,8.8
2025-01-27,P0267,E00106,8.8
2025-01-27,P0291,E00005,4.4
2025-01-27,P0300,E00107,8.8
2025-01-27,P0311,E00076,8.8
2025-01-27,P0323,E00086,4.4
2025-01-27,P0330,E00048,8.8
2025-01-27,P0339,E00087,8.8
2025-01-27,P0413,E00077,8.8
2025-01-27,P0424,E00051,8.8
2025-01-27,P0451,E00016,8.8
2025-01-27,P0468,E00078,8.8
2025-01-27,P0476,E00092,8.8
2025-01-27,P0480,E00069,8.8
2025-01-27,P0490,E00089,8.8
2025-01-27,P0495,E00093,8.8
2025-01-27,P0504,E00111,4.4
2025-01-27,P0522,E00112,8.8
2025-01-27,P0527,E00084,8.8
2025-01-27,P0532,E00117,8.8
2025-01-27,P0546,E00103,8.8
2025-01-27,P0573,E00045,8.8
2025-01-27,P0581,E00118,8.8
2025-01-27,P0598,E00058,8.8
2025-01-27,P0627,E00094,4.4
2025-01-28,P0012,E00113,8.8
2025-01-28,P0033,E00017,8.8
2025-01-28,P0036,E00119,8.8
2025-01-28,P0098,E00096,8.8
2025-01-28,P0101,E00012,8.8
2025-01-28,P0119,E00115,8.8
2025-01-28,P0122,E00082,8.8
2025-01-28,P0149,E00091,8.8
2025-01-28,P0157,E00100,8.8
2025-01-28,P0161,E00116,8.8
2025-01-28,P0165,E00109,8.8
2025-01-28,P0173,E00011,8.8
2025-01-28,P0175,E00074,8.8
2025-01-28,P0212,E00020,8.8
2025-01-28,P0234,E00003,8.8
2025-01-28,P0240,E00085,8.8
2025-01-28,P0241,E00047,8.8
2025-01-28,P0246,E00120,8.8
2025-01-28,P0267,E00106,8.8
2025-01-28,P0291,E00005,4.4
2025-01-28,P0300,E00107,8.8
2025-01-28,P0323,E00086,4.4
2025-01-28,P0330,E00048,8.8
2025-01-28,P0339,E00087,8.8
2025-01-28,P0413,E00077,8.8
2025-01-28,P0424,E00051,8.8
2025-01-28,P0451,E00016,8.8
2025-01-28,P0454,E00121,8.8
2025-01-28,P0468,E00078,8.8
2025-01-28,P0476,E00092,8.8
2025-01-28,P0480,E00069,8.8
2025-01-28,P0490,E00089,8.8
2025-01-28,P0495,E00093,8.8
2025-01-28,P0504,E00111,4.4
2025-01-28,P0522,E00112,8.8
2025-01-28,P0527,E00084,8.8
2025-01-28,P0532,E00117,8.8
2025-01-28,P0546,E00103,8.8
2025-01-28,P0573,E00045,8.8
2025-01-28,P0581,E00118,8.8
2025-01-28,P0598,E00058,8.8
2025-01-28,P0627,E00094,4.4
2025-01-28,P0650,E00122,4.4
2025-01-29,P0033,E00017,8.8
2025-01-29,P0101,E00012,8.8
2025-01-29,P0119,E00115,8.8
2025-01-29,P0122,E00082,8.8
2025-01-29,P0149,E00091,8.8
2025-01-29,P0161,E00116,8.8
2025-01-29,P0165,E00109,8.8
2025-01-29,P0173,E00011,8.8
2025-01-29,P0175,E00074,8.8
2025-01-29,P0212,E00020,8.8
2025-01-29,P0234,E00003,8.8
2025-01-29,P0240,E00085,8.8
2025-01-29,P0241,E00047,8.8
2025-01-29,P0246,E00120,8.8
2025-01-29,P0291,E00005,4.4
2025-01-29,P0300,E00107,8.8
2025-01-29,P0323,E00086,4.4
2025-01-29,P0330,E00048,8.8
2025-01-29,P0334,E00123,8.8
2025-01-29,P0339,E00087,8.8
2025-01-29,P0424,E00051,8.8
2025-01-29,P0451,E00016,8.8
2025-01-29,P0454,E00121,8.8
2025-01-29,P0468,E00078,8.8
2025-01-29,P0476,E00092,8.8
2025-01-29,P0480,E00069,8.8
2025-01-29,P0495,E00093,8.8
2025-01-29,P0522,E00112,8.8
2025-01-29,P0527,E00084,8.8
2025-01-29,P0532,E00117,8.8
2025-01-29,P0546,E00103,8.8
2025-01-29,P0573,E00045,8.8
2025-01-29,P0581,E00118,8.8
2025-01-29,P0598,E00058,8.8
2025-01-29,P0650,E00122,4.4
2025-01-30,P0015,E00124,8.8
2025-01-30,P0033,E00017,8.8
2025-01-30,P0048,E00125,8.8
2025-01-30,P0082,E00126,8.8
2025-01-30,P0101,E00012,8.8
2025-01-30,P0122,E00082,8.8
2025-01-30,P0149,E00091,8.8
2025-01-30,P0161,E00116,8.8
2025-01-30,P0165,E00109,8.8
2025-01-30,P0173,E00011,8.8
2025-01-30,P0175,E00074,8.8
2025-01-30,P0212,E00020,8.8
2025-01-30,P0234,E00003,8.8
2025-01-30,P0240,E00085,8.8
2025-01-30,P0241,E00047,8.8
2025-01-30,P0246,E00120,8.8
2025-01-30,P0291,E00005,4.4
2025-01-30,P0300,E00107,8.8
2025-01-30,P0323,E00086,4.4
2025-01-30,P0330,E00048,8.8
2025-01-30,P0334,E00123,8.8
2025-01-30,P0339,E00087,8.8
2025-01-30,P0424,E00051,8.8
2025-01-30,P0451,E00016,8.8
2025-01-30,P0454,E00121,8.8
2025-01-30,P0468,E00078,8.8
2025-01-30,P0476,E00092,8.8
2025-01-30,P0480,E00069,8.8
2025-01-30,P0495,E00093,8.8
2025-01-30,P0522,E00112,8.8
2025-01-30,P0527,E00084,8.8
2025-01-30,P0532,E00117,8.8
2025-01-30,P0541,E00127,8.8
2025-01-30,P0546,E00103,8.8
2025-01-30,P0573,E00045,8.8
2025-01-30,P0581,E00118,8.8
2025-01-30,P0598,E00058,8.8
2025-01-30,P0650,E00122,4.4
2025-01-31,P0015,E00124,8.8
2025-01-31,P0033,E00017,8.8
2025-01-31,P0101,E00012,8.8
2025-01-31,P0122,E00082,8.8
2025-01-31,P0149,E00091,8.8
2025-01-31,P0161,E00116,8.8
2025-01-31,P0165,E00109,8.8
2025-01-31,P0173,E00011,8.8
2025-01-31,P0175,E00074,8.8
2025-01-31,P0212,E00020,8.8
2025-01-31,P0234,E00003,8.8
2025-01-31,P0240,E00085,8.8
2025-01-31,P0241,E00047,8.8
2025-01-31,P0246,E00120,8.8
2025-01-31,P0278,E00128,8.8
2025-01-31,P0291,E00005,4.4
2025-01-31,P0300,E00107,8.8
2025-01-31,P0302,E00129,8.8
2025-01-31,P0323,E00086,4.4
2025-01-31,P0330,E00048,8.8
2025-01-31,P0334,E00123,8.8
2025-01-31,P0339,E00087,8.8
2025-01-31,P0424,E00051,8.8
2025-01-31,P0451,E00016,8.8
2025-01-31,P0468,E00078,8.8
2025-01-31,P0476,E00092,8.8
2025-01-31,P0480,E00069,8.8
2025-01-31,P0522,E00112,8.8
2025-01-31,P0527,E00084,8.8
2025-01-31,P0532,E00117,8.8
2025-01-31,P0541,E00127,8.8
2025-01-31,P0546,E00103,8.8
2025-01-31,P0573,E00045,8.8
2025-01-31,P0581,E00118,8.8
2025-01-31,P0598,E00058,8.8
2025-01-31,P0650,E00122,4.4
2025-02-03,P0015,E00124,8.8
2025-02-03,P0033,E00017,8.8
2025-02-03,P0101,E00012,8.8
2025-02-03,P0122,E00082,8.8
2025-02-03,P0149,E00091,8.8
2025-02-03,P0161,E00116,8.8
2025-02-03,P0165,E00109,8.8
2025-02-03,P0173,E00011,8.8
2025-02-03,P0175,E00074,8.8
2025-02-03,P0205,E00130,8.8
2025-02-03,P0212,E00020,8.8
2025-02-03,P0234,E00003,8.8
2025-02-03,P0240,E00085,8.8
2025-02-03,P0241,E00047,8.8
2025-02-03,P0278,E00128,8.8
2025-02-03,P0291,E00005,4.4
2025-02-03,P0300,E00107,8.8
2025-02-03,P0302,E00129,8.8
2025-02-03,P0323,E00086,4.4
2025-02-03,P0330,E00048,8.8
2025-02-03,P0334,E00123,8.8
2025-02-03,P0361,E00131,8.8
2025-02-03,P0424,E00051,8.8
2025-02-03,P0451,E00016,8.8
2025-02-03,P0468,E00078,8.8
2025-02-03,P0476,E00092,8.8
2025-02-03,P0480,E00069,8.8
2025-02-03,P0522,E00112,8.8
2025-02-03,P0524,E00132,8.8
2025-02-03,P0527,E00084,8.8
2025-02-03,P0532,E00117,8.8
2025-02-03,P0541,E00127,8.8
2025-02-03,P0546,E00103,8.8
2025-02-03,P0573,E00045,8.8
2025-02-03,P0581,E00118,8.8
2025-02-03,P0598,E00058,8.8
2025-02-03,P0650,E00122,4.4
2025-02-04,P0033,E00017,8.8
2025-02-04,P0101,E00012,8.8
2025-02-04,P0149,E00091,8.8
2025-02-04,P0161,E00116,8.8
2025-02-04,P0165,E00109,8.8
2025-02-04,P0173,E00011,8.8
2025-02-04,P0175,E00074,8.8
2025-02-04,P0205,E00130,8.8
2025-02-04,P0212,E00020,8.8
2025-02-04,P0234,E00003,8.8
2025-02-04,P0240,E00085,8.8
2025-02-04,P0291,E00005,4.4
2025-02-04,P0300,E00107,8.8
2025-02-04,P0302,E00129,8.8
2025-02-04,P0309,E00133,8.8
2025-02-04,P0323,E00086,4.4
2025-02-04,P0330,E00048,8.8
2025-02-04,P0334,E00123,8.8
2025-02-04,P0361,E00131,8.8
2025-02-04,P0424,E00051,8.8
2025-02-04,P0451,E00016,8.8
2025-02-04,P0468,E00078,8.8
2025-02-04,P0476,E00092,8.8
2025-02-04,P0480,E00069,8.8
2025-02-04,P0522,E00112,8.8
2025-02-04,P0524,E00132,8.8
2025-02-04,P0527,E00084,8.8
2025-02-04,P0532,E00117,8.8
2025-02-04,P0536,E00134,8.8
2025-02-04,P0546,E00103,8.8
2025-02-04,P0573,E00045,8.8
2025-02-04,P0581,E00118,8.8
2025-02-04,P0598,E00058,8.8
2025-02-04,P0650,E00122,4.4
2025-02-05,P0033,E00017,8.8
2025-02-05,P0101,E00012,8.8
2025-02-05,P0149,E00091,8.8
2025-02-05,P0161,E00116,8.8
2025-02-05,P0165,E00109,8.8
2025-02-05,P0173,E00011,8.8
2025-02-05,P0175,E00074,8.8
2025-02-05,P0212,E00020,8.8
2025-02-05,P0234,E00003,8.8
2025-02-05,P0240,E00085,8.8
2025-02-05,P0291,E00005,4.4
2025-02-05,P0300,E00107,8.8
2025-02-05,P0302,E00129,8.8
2025-02-05,P0309,E00133,8.8
2025-02-05,P0323,E00086,4.4
2025-02-05,P0330,E00048,8.8
2025-02-05,P0334,E00123,8.8
2025-02-05,P0361,E00131,8.8
2025-02-05,P0424,E00051,8.8
2025-02-05,P0451,E00016,8.8
2025-02-05,P0468,E00078,8.8
2025-02-05,P0480,E00069,8.8
2025-02-05,P0496,E00135,8.8
2025-02-05,P0522,E00112,8.8
2025-02-05,P0524,E00132,8.8
2025-02-05,P0527,E00084,8.8
2025-02-05,P0536,E00134,8.8
2025-02-05,P0546,E00103,8.8
2025-02-05,P0573,E00045,8.8
2025-02-05,P0581,E00118,8.8
2025-02-05,P0598,E00058,8.8
2025-02-05,P0650,E00122,4.4
2025-02-06,P0033,E00017,8.8
2025-02-06,P0049,E00136,8.8
2025-02-06,P0101,E00012,8.8
2025-02-06,P0112,E00137,8.8
2025-02-06,P0149,E00091,8.8
2025-02-06,P0161,E00116,8.8
2025-02-06,P0165,E00109,8.8
2025-02-06,P0173,E00011,8.8
2025-02-06,P0175,E00074,8.8
2025-02-06,P0212,E00020,8.8
2025-02-06,P0234,E00003,8.8
2025-02-06,P0240,E00085,8.8
2025-02-06,P0291,E00005,4.4
2025-02-06,P0299,E00138,8.8
2025-02-06,P0300,E00107,8.8
2025-02-06,P0302,E00129,8.8
2025-02-06,P0309,E00133,8.8
2025-02-06,P0323,E00086,4.4
2025-02-06,P0330,E00048,8.8
2025-02-06,P0334,E00123,8.8
2025-02-06,P0361,E00131,8.8
2025-02-06,P0424,E00051,8.8
2025-02-06,P0451,E00016,8.8
2025-02-06,P0468,E00078,8.8
2025-02-06,P0480,E00069,8.8
2025-02-06,P0496,E00135,8.8
2025-02-06,P0522,E00112,8.8
2025-02-06,P0524,E00132,8.8
2025-02-06,P0527,E00084,8.8
2025-02-06,P0546,E00103,8.8
2025-02-06,P0573,E00045,8.8
2025-02-06,P0581,E00118,8.8
2025-02-06,P0650,E00122,4.4
2025-02-07,P0033,E00017,8.8
2025-02-07,P0049,E00136,8.8
2025-02-07,P0101,E00012,8.8
2025-02-07,P0112,E00137,8.8
2025-02-07,P0116,E00139,8.8
2025-02-07,P0149,E00091,8.8
2025-02-07,P0161,E00116,8.8
2025-02-07,P0165,E00109,8.8
2025-02-07,P0173,E00011,8.8
2025-02-07,P0175,E00074,8.8
2025-02-07,P0212,E00020,8.8
2025-02-07,P0234,E00003,8.8
2025-02-07,P0240,E00085,8.8
2025-02-07,P0291,E00005,4.4
2025-02-07,P0299,E00138,8.8
2025-02-07,P0300,E00107,8.8
2025-02-07,P0302,E00129,8.8
2025-02-07,P0309,E00133,8.8
2025-02-07,P0323,E00086,4.4
2025-02-07,P0325,E00140,8.8
2025-02-07,P0330,E00048,8.8
2025-02-07,P0334,E00123,8.8
2025-02-07,P0361,E00131,8.8
2025-02-07,P0451,E00016,8.8
2025-02-07,P0468,E00078,8.8
2025-02-07,P0480,E00069,8.8
2025-02-07,P0489,E00141,8.8
2025-02-07,P0522,E00112,8.8
2025-02-07,P0524,E00132,8.8
2025-02-07,P0527,E00084,8.8
2025-02-07,P0546,E00103,8.8
2025-02-07,P0573,E00045,8.8
2025-02-07,P0581,E00118,8.8
2025-02-07,P0650,E00122,4.4
2025-02-10,P0033,E00017,8.8
2025-02-10,P0049,E00136,8.8
2025-02-10,P0101,E00012,8.8
2025-02-10,P0112,E00137,8.8
2025-02-10,P0116,E00139,8.8
2025-02-10,P0149,E00091,8.8
2025-02-10,P0161,E00116,8.8
2025-02-10,P0165,E00109,8.8
2025-02-10,P0171,E00142,8.8
2025-02-10,P0173,E00011,8.8
2025-02-10,P0175,E00074,8.8
2025-02-10,P0212,E00020,8.8
2025-02-10,P0234,E00003,8.8
2025-02-10,P0240,E00085,8.8
2025-02-10,P0291,E00005,4.4
2025-02-10,P0299,E00138,8.8
2025-02-10,P0300,E00107,8.8
2025-02-10,P0302,E00129,8.8
2025-02-10,P0323,E00086,4.4
2025-02-10,P0330,E00048,8.8
2025-02-10,P0361,E00131,8.8
2025-02-10,P0451,E00016,8.8
2025-02-10,P0468,E00078,8.8
2025-02-10,P0480,E00069,8.8
2025-02-10,P0489,E00141,8.8
2025-02-10,P0522,E00112,8.8
2025-02-10,P0524,E00132,8.8
2025-02-10,P0527,E00084,8.8
2025-02-10,P0546,E00103,8.8
2025-02-10,P0553,E00143,8.8
2025-02-10,P0564,E00144,8.8
2025-02-10,P0573,E00045,8.8
2025-02-10,P0581,E00118,8.8
2025-02-10,P0650,E00122,4.4
2025-02-11,P0033,E00017,8.8
2025-02-11,P0049,E00136,8.8
2025-02-11,P0078,E00145,8.8
2025-02-11,P0101,E00012,8.8
2025-02-11,P0112,E00137,8.8
2025-02-11,P0116,E00139,8.8
2025-02-11,P0161,E00116,8.8
2025-02-11,P0165,E00109,8.8
2025-02-11,P0171,E00142,8.8
2025-02-11,P0173,E00011,8.8
2025-02-11,P0175,E00074,8.8
2025-02-11,P0212,E00020,8.8
2025-02-11,P0234,E00003,8.8
2025-02-11,P0291,E00005,4.4
2025-02-11,P0299,E00138,8.8
2025-02-11,P0300,E00107,8.8
2025-02-11,P0302,E00129,8.8
2025-02-11,P0323,E00086,4.4
2025-02-11,P0330,E00048,8.8
2025-02-11,P0361,E00131,8.8
2025-02-11,P0437,E00146,8.8
2025-02-11,P0451,E00016,8.8
2025-02-11,P0468,E00078,8.8
2025-02-11,P0480,E00069,8.8
2025-02-11,P0489,E00141,8.8
2025-02-11,P0522,E00112,8.8
2025-02-11,P0524,E00132,8.8
2025-02-11,P0527,E00084,8.8
2025-02-11,P0546,E00103,8.8
2025-02-11,P0553,E00143,8.8
2025-02-11,P0564,E00144,8.8
2025-02-11,P0573,E00045,8.8
2025-02-11,P0581,E00118,8.8
2025-02-11,P0650,E00122,4.4
2025-02-12,P0033,E00017,8.8
2025-02-12,P0078,E00145,8.8
2025-02-12,P0101,E00012,8.8
2025-02-12,P0116,E00139,8.8
2025-02-12,P0161,E00116,8.8
2025-02-12,P0165,E00109,8.8
2025-02-12,P0171,E00142,8.8
2025-02-12,P0173,E00011,8.8
2025-02-12,P0175,E00074,8.8
2025-02-12,P0212,E00020,8.8
2025-02-12,P0234,E00003,8.8
2025-02-12,P0291,E00005,4.4
2025-02-12,P0299,E00138,8.8
2025-02-12,P0300,E00107,8.8
2025-02-12,P0302,E00129,8.8
2025-02-12,P0309,E00147,8.8
2025-02-12,P0323,E00086,4.4
2025-02-12,P0330,E00048,8.8
2025-02-12,P0339,E00148,8.8
2025-02-12,P0345,E00149,8.8
2025-02-12,P0361,E00131,8.8
2025-02-12,P0362,E00150,8.8
2025-02-12,P0451,E00016,8.8
2025-02-12,P0463,E00151,8.8
2025-02-12,P0468,E00078,8.8
2025-02-12,P0476,E00152,8.8
2025-02-12,P0480,E00069,8.8
2025-02-12,P0489,E00141,8.8
2025-02-12,P0522,E00112,8.8
2025-02-12,P0546,E00103,8.8
2025-02-12,P0553,E00143,8.8
2025-02-12,P0564,E00144,8.8
2025-02-12,P0573,E00045,8.8
2025-02-12,P0581,E00118,8.8
2025-02-12,P0650,E00122,4.4
2025-02-13,P0033,E00017,8.8
2025-02-13,P0078,E00145,8.8
2025-02-13,P0101,E00012,8.8
2025-02-13,P0116,E00139,8.8
2025-02-13,P0161,E00116,8.8
2025-02-13,P0165,E00109,8.8
2025-02-13,P0171,E00142,8.8
2025-02-13,P0173,E00011,8.8
2025-02-13,P0175,E00074,8.8
2025-02-13,P0212,E00020,8.8
2025-02-13,P0234,E00003,8.8
2025-02-13,P0291,E00005,4.4
2025-02-13,P0300,E00107,8.8
2025-02-13,P0302,E00129,8.8
2025-02-13,P0309,E00147,8.8
2025-02-13,P0323,E00086,4.4
2025-02-13,P0330,E00048,8.8
2025-02-13,P0339,E00148,8.8
2025-02-13,P0345,E00149,8.8
2025-02-13,P0361,E00131,8.8
2025-02-13,P0362,E00150,8.8
2025-02-13,P0451,E00016,8.8
2025-02-13,P0463,E00151,8.8
2025-02-13,P0468,E00078,8.8
2025-02-13,P0476,E00152,8.8
2025-02-13,P0480,E00069,8.8
2025-02-13,P0522,E00112,8.8
2025-02-13,P0532,E00153,8.8
2025-02-13,P0546,E00103,8.8
2025-02-13,P0553,E00143,8.8
2025-02-13,P0564,E00144,8.8
2025-02-13,P0573,E00045,8.8
2025-02-13,P0581,E00118,8.8
2025-02-13,P0650,E00122,4.4
2025-02-14,P0033,E00017,8.8
2025-02-14,P0078,E00145,8.8
2025-02-14,P0096,E00154,8.8
2025-02-14,P0101,E00012,8.8
2025-02-14,P0116,E00139,8.8
2025-02-14,P0161,E00116,8.8
2025-02-14,P0165,E00109,8.8
2025-02-14,P0171,E00142,8.8
2025-02-14,P0175,E00074,8.8
2025-02-14,P0210,E00155,8.8
2025-02-14,P0212,E00020,8.8
2025-02-14,P0234,E00003,8.8
2025-02-14,P0291,E00005,4.4
2025-02-14,P0300,E00107,8.8
2025-02-14,P0302,E00129,8.8
2025-02-14,P0309,E00147,8.8
2025-02-14,P0311,E00156,8.8
2025-02-14,P0323,E00086,4.4
2025-02-14,P0330,E00048,8.8
2025-02-14,P0339,E00148,8.8
2025-02-14,P0345,E00149,8.8
2025-02-14,P0361,E00131,8.8
2025-02-14,P0362,E00150,8.8
2025-02-14,P0426,E00157,8.8
2025-02-14,P0451,E00016,8.8
2025-02-14,P0463,E00151,8.8
2025-02-14,P0468,E00078,8.8
2025-02-14,P0476,E00152,8.8
2025-02-14,P0480,E00069,8.8
2025-02-14,P0522,E00112,8.8
2025-02-14,P0546,E00103,8.8
2025-02-14,P0564,E00144,8.8
2025-02-14,P0573,E00045,8.8
2025-02-14,P0581,E00118,8.8
2025-02-14,P0650,E00122,4.4
2025-02-17,P0033,E00017,8.8
2025-02-17,P0049,E00158,8.8
2025-02-17,P0078,E00145,8.8
2025-02-17,P0092,E00159,8.8
2025-02-17,P0096,E00154,8.8
2025-02-17,P0101,E00012,8.8
2025-02-17,P0116,E00139,8.8
2025-02-17,P0124,E00160,4.4
2025-02-17,P0161,E00116,8.8
2025-02-17,P0165,E00109,8.8
2025-02-17,P0171,E00142,8.8
2025-02-17,P0175,E00074,8.8
2025-02-17,P0210,E00155,8.8
2025-02-17,P0212,E00020,8.8
2025-02-17,P0234,E00003,8.8
2025-02-17,P0291,E00005,4.4
2025-02-17,P0300,E00107,8.8
2025-02-17,P0302,E00129,8.8
2025-02-17,P0309,E00147,8.8
2025-02-17,P0319,E00161,8.8
2025-02-17,P0323,E00086,4.4
2025-02-17,P0330,E00048,8.8
2025-02-17,P0339,E00148,8.8
2025-02-17,P0345,E00149,8.8
2025-02-17,P0361,E00131,8.8
2025-02-17,P0362,E00150,8.8
2025-02-17,P0428,E00162,8.8
2025-02-17,P0436,E00163,8.8
2025-02-17,P0451,E00016,8.8
2025-02-17,P0463,E00151,8.8
2025-02-17,P0468,E00078,8.8
2025-02-17,P0476,E00152,8.8
2025-02-17,P0480,E00069,8.8
2025-02-17,P0522,E00112,8.8
2025-02-17,P0546,E00103,8.8
2025-02-17,P0564,E00144,8.8
2025-02-17,P0573,E00045,8.8
2025-02-17,P0581,E00118,8.8
2025-02-17,P0650,E00122,4.4
2025-02-18,P0033,E00017,8.8
2025-02-18,P0049,E00158,8.8
2025-02-18,P0078,E00145,8.8
2025-02-18,P0092,E00159,8.8
2025-02-18,P0096,E00154,8.8
2025-02-18,P0101,E00012,8.8
2025-02-18,P0116,E00139,8.8
2025-02-18,P0124,E00160,4.4
2025-02-18,P0165,E00109,8.8
2025-02-18,P0171,E00142,8.8
2025-02-18,P0175,E00074,8.8
2025-02-18,P0210,E00155,8.8
2025-02-18,P0212,E00020,8.8
2025-02-18,P0234,E00003,8.8
2025-02-18,P0291,E00005,4.4
2025-02-18,P0300,E00107,8.8
2025-02-18,P0302,E00129,8.8
2025-02-18,P0311,E00164,8.8
2025-02-18,P0319,E00161,8.8
2025-02-18,P0323,E00086,4.4
2025-02-18,P0330,E00048,8.8
2025-02-18,P0339,E00148,8.8
2025-02-18,P0345,E00149,8.8
2025-02-18,P0361,E00131,8.8
2025-02-18,P0362,E00150,8.8
2025-02-18,P0428,E00162,8.8
2025-02-18,P0436,E00163,8.8
2025-02-18,P0451,E00016,8.8
2025-02-18,P0463,E00151,8.8
2025-02-18,P0468,E00078,8.8
2025-02-18,P0476,E00152,8.8
2025-02-18,P0480,E00069,8.8
2025-02-18,P0522,E00112,8.8
2025-02-18,P0546,E00103,8.8
2025-02-18,P0564,E00144,8.8
2025-02-18,P0573,E00045,8.8
2025-02-18,P0581,E00118,8.8
2025-02-18,P0597,E00165,8.8
2025-02-18,P0650,E00122,4.4
2025-02-19,P0016,E00166,8.8
2025-02-19,P0033,E00017,8.8
2025-02-19,P0049,E00158,8.8
2025-02-19,P0078,E00145,8.8
2025-02-19,P0092,E00159,8.8
2025-02-19,P0096,E00154,8.8
2025-02-19,P0101,E00012,8.8
2025-02-19,P0116,E00139,8.8
2025-02-19,P0124,E00160,4.4
2025-02-19,P0165,E00109,8.8
2025-02-19,P0171,E00142,8.8
2025-02-19,P0175,E00074,8.8
2025-02-19,P0210,E00155,8.8
2025-02-19,P0212,E00020,8.8
2025-02-19,P0234,E00003,8.8
2025-02-19,P0291,E00005,4.4
2025-02-19,P0300,E00107,8.8
2025-02-19,P0302,E00129,8.8
2025-02-19,P0311,E00164,8.8
2025-02-19,P0319,E00161,8.8
2025-02-19,P0330,E00048,8.8
2025-02-19,P0339,E00148,8.8
2025-02-19,P0345,E00149,8.8
2025-02-19,P0352,E00167,8.8
2025-02-19,P0361,E00131,8.8
2025-02-19,P0362,E00150,8.8
2025-02-19,P0428,E00162,8.8
2025-02-19,P0436,E00163,8.8
2025-02-19,P0463,E00151,8.8
2025-02-19,P0468,E00078,8.8
2025-02-19,P0476,E00152,8.8
2025-02-19,P0480,E00069,8.8
2025-02-19,P0522,E00112,8.8
2025-02-19,P0546,E00103,8.8
2025-02-19,P0564,E00144,8.8
2025-02-19,P0573,E00045,8.8
2025-02-19,P0581,E00118,8.8
2025-02-19,P0597,E00165,8.8
2025-02-19,P0650,E00122,4.4
2025-02-20,P0016,E00166,8.8
2025-02-20,P0033,E00017,8.8
2025-02-20,P0049,E00158,8.8
2025-02-20,P0070,E00168,8.8
2025-02-20,P0078,E00145,8.8
2025-02-20,P0092,E00159,8.8
2025-02-20,P0096,E00154,8.8
2025-02-20,P0101,E00012,8.8
2025-02-20,P0107,E00169,8.8
2025-02-20,P0116,E00139,8.8
2025-02-20,P0124,E00160,4.4
2025-02-20,P0171,E00142,8.8
2025-02-20,P0175,E00074,8.8
2025-02-20,P0182,E00170,8.8
2025-02-20,P0210,E00155,8.8
2025-02-20,P0212,E00020,8.8
2025-02-20,P0234,E00003,8.8
2025-02-20,P0291,E00005,4.4
2025-02-20,P0300,E00107,8.8
2025-02-20,P0302,E00129,8.8
2025-02-20,P0311,E00164,8.8
2025-02-20,P0319,E00161,8.8
2025-02-20,P0330,E00048,8.8
2025-02-20,P0339,E00148,8.8
2025-02-20,P0352,E00167,8.8
2025-02-20,P0361,E00131,8.8
2025-02-20,P0362,E00150,8.8
2025-02-20,P0424,E00171,8.8
2025-02-20,P0428,E00162,8.8
2025-02-20,P0436,E00163,8.8
2025-02-20,P0463,E00151,8.8
2025-02-20,P0468,E00078,8.8
2025-02-20,P0480,E00069,8.8
2025-02-20,P0502,E00172,8.8
2025-02-20,P0522,E00112,8.8
2025-02-20,P0524,E00173,8.8
2025-02-20,P0546,E00103,8.8
2025-02-20,P0564,E00144,8.8
2025-02-20,P0573,E00045,8.8
2025-02-20,P0581,E00118,8.8
2025-02-20,P0597,E00165,8.8
2025-02-20,P0650,E00122,4.4
2025-02-21,P0016,E00166,8.8
2025-02-21,P0033,E00017,8.8
2025-02-21,P0049,E00158,8.8
2025-02-21,P0070,E00168,8.8
2025-02-21,P0078,E00145,8.8
2025-02-21,P0083,E00174,8.8
2025-02-21,P0092,E00159,8.8
2025-02-21,P0096,E00154,8.8
2025-02-21,P0101,E00012,8.8
2025-02-21,P0116,E00139,8.8
2025-02-21,P0124,E00160,4.4
2025-02-21,P0127,E00175,8.8
2025-02-21,P0171,E00142,8.8
2025-02-21,P0175,E00074,8.8
2025-02-21,P0182,E00170,8.8
2025-02-21,P0210,E00155,8.8
2025-02-21,P0212,E00020,8.8
2025-02-21,P0231,E00176,8.8
2025-02-21,P0234,E00003,8.8
2025-02-21,P0257,E00177,8.8
2025-02-21,P0291,E00005,4.4
2025-02-21,P0302,E00129,8.8
2025-02-21,P0319,E00161,8.8
2025-02-21,P0330,E00048,8.8
2025-02-21,P0352,E00167,8.8
2025-02-21,P0361,E00131,8.8
2025-02-21,P0362,E00150,8.8
2025-02-21,P0372,E00178,8.8
2025-02-21,P0424,E00171,8.8
2025-02-21,P0428,E00162,8.8
2025-02-21,P0436,E00163,8.8
2025-02-21,P0463,E00151,8.8
2025-02-21,P0468,E00078,8.8
2025-02-21,P0480,E00069,8.8
2025-02-21,P0522,E00112,8.8
2025-02-21,P0524,E00173,8.8
2025-02-21,P0546,E00103,8.8
2025-02-21,P0564,E00144,8.8
2025-02-21,P0573,E00045,8.8
2025-02-21,P0581,E00118,8.8
2025-02-21,P0597,E00165,8.8
2025-02-21,P0650,E00122,4.4
2025-02-24,P0016,E00166,8.8
2025-02-24,P0033,E00017,8.8
2025-02-24,P0048,E00179,8.8
2025-02-24,P0049,E00158,8.8
2025-02-24,P0070,E00168,8.8
2025-02-24,P0078,E00145,8.8
2025-02-24,P0083,E00174,8.8
2025-02-24,P0092,E00159,8.8
2025-02-24,P0096,E00154,8.8
2025-02-24,P0101,E00012,8.8
2025-02-24,P0108,E00180,8.8
2025-02-24,P0116,E00139,8.8
2025-02-24,P0124,E00160,4.4
2025-02-24,P0127,E00175,8.8
2025-02-24,P0171,E00142,8.8
2025-02-24,P0175,E00074,8.8
2025-02-24,P0182,E00170,8.8
2025-02-24,P0210,E00155,8.8
2025-02-24,P0212,E00020,8.8
2025-02-24,P0231,E00176,8.8
2025-02-24,P0234,E00003,8.8
2025-02-24,P0257,E00177,8.8
2025-02-24,P0271,E00181,8.8
2025-02-24,P0291,E00005,4.4
2025-02-24,P0302,E00129,8.8
2025-02-24,P0319,E00161,8.8
2025-02-24,P0330,E00048,8.8
2025-02-24,P0352,E00167,8.8
2025-02-24,P0361,E00131,8.8
2025-02-24,P0362,E00150,8.8
2025-02-24,P0372,E00178,8.8
2025-02-24,P0396,E00182,8.8
2025-02-24,P0436,E00163,8.8
2025-02-24,P0463,E00151,8.8
2025-02-24,P0468,E00078,8.8
2025-02-24,P0480,E00069,8.8
2025-02-24,P0522,E00112,8.8
2025-02-24,P0524,E00173,8.8
2025-02-24,P0546,E00103,8.8
2025-02-24,P0564,E00144,8.8
2025-02-24,P0573,E00045,8.8
2025-02-24,P0581,E00118,8.8
2025-02-24,P0597,E00165,8.8
2025-02-24,P0650,E00122,4.4
2025-02-25,P0016,E00166,8.8
2025-02-25,P0033,E00017,8.8
2025-02-25,P0048,E00179,8.8
2025-02-25,P0049,E00158,8.8
2025-02-25,P0070,E00168,8.8
2025-02-25,P0078,E00145,8.8
2025-02-25,P0083,E00174,8.8
2025-02-25,P0092,E00159,8.8
2025-02-25,P0096,E00154,8.8
2025-02-25,P0101,E00012,8.8
2025-02-25,P0108,E00180,8.8
2025-02-25,P0116,E00139,8.8
2025-02-25,P0124,E00160,4.4
2025-02-25,P0127,E00175,8.8
2025-02-25,P0171,E00142,8.8
2025-02-25,P0175,E00074,8.8
2025-02-25,P0182,E00170,8.8
2025-02-25,P0210,E00155,8.8
2025-02-25,P0212,E00020,8.8
2025-02-25,P0231,E00176,8.8
2025-02-25,P0234,E00003,8.8
2025-02-25,P0257,E00177,8.8
2025-02-25,P0271,E00181,8.8
2025-02-25,P0302,E00129,8.8
2025-02-25,P0319,E00161,8.8
2025-02-25,P0330,E00048,8.8
2025-02-25,P0352,E00167,8.8
2025-02-25,P0361,E00131,8.8
2025-02-25,P0362,E00150,8.8
2025-02-25,P0372,E00178,8.8
2025-02-25,P0396,E00182,8.8
2025-02-25,P0436,E00163,8.8
2025-02-25,P0463,E00151,8.8
2025-02-25,P0468,E00078,8.8
2025-02-25,P0480,E00069,8.8
2025-02-25,P0522,E00112,8.8
2025-02-25,P0541,E00183,8.8
2025-02-25,P0546,E00103,8.8
2025-02-25,P0564,E00144,8.8
2025-02-25,P0573,E00045,8.8
2025-02-25,P0581,E00118,8.8
2025-02-25,P0597,E00165,8.8
2025-02-25,P0650,E00122,4.4
2025-02-26,P0016,E00166,8.8
2025-02-26,P0033,E00017,8.8
2025-02-26,P0048,E00179,8.8
2025-02-26,P0049,E00158,8.8
2025-02-26,P0070,E00168,8.8
2025-02-26,P0078,E00145,8.8
2025-02-26,P0083,E00174,8.8
2025-02-26,P0092,E00159,8.8
2025-02-26,P0096,E00154,8.8
2025-02-26,P0101,E00012,8.8
2025-02-26,P0108,E00180,8.8
2025-02-26,P0116,E00139,8.8
2025-02-26,P0124,E00160,4.4
2025-02-26,P0127,E00175,8.8
2025-02-26,P0171,E00142,8.8
2025-02-26,P0175,E00074,8.8
2025-02-26,P0182,E00170,8.8
2025-02-26,P0210,E00155,8.8
2025-02-26,P0212,E00020,8.8
2025-02-26,P0231,E00176,8.8
2025-02-26,P0234,E00003,8.8
2025-02-26,P0257,E00177,8.8
2025-02-26,P0302,E00129,8.8
2025-02-26,P0319,E00161,8.8
2025-02-26,P0330,E00048,8.8
2025-02-26,P0352,E00167,8.8
2025-02-26,P0361,E00131,8.8
2025-02-26,P0362,E00150,8.8
2025-02-26,P0372,E00178,8.8
2025-02-26,P0396,E00182,8.8
2025-02-26,P0419,E00184,8.8
2025-02-26,P0436,E00163,8.8
2025-02-26,P0463,E00151,8.8
2025-02-26,P0476,E00185,8.8
2025-02-26,P0480,E00069,8.8
2025-02-26,P0522,E00112,8.8
2025-02-26,P0541,E00183,8.8
2025-02-26,P0546,E00103,8.8
2025-02-26,P0564,E00144,8.8
2025-02-26,P0573,E00045,8.8
2025-02-26,P0581,E00118,8.8
2025-02-26,P0597,E00165,8.8
2025-02-26,P0631,E00186,8.8
2025-02-26,P0641,E00187,8.8
2025-02-26,P0656,E00188,8.8
2025-02-27,P0016,E00166,8.8
2025-02-27,P0048,E00179,8.8
2025-02-27,P0049,E00158,8.8
2025-02-27,P0070,E00168,8.8
2025-02-27,P0078,E00145,8.8
2025-02-27,P0083,E00174,8.8
2025-02-27,P0092,E00159,8.8
2025-02-27,P0101,E00012,8.8
2025-02-27,P0108,E00180,8.8
2025-02-27,P0124,E00160,4.4
2025-02-27,P0127,E00175,8.8
2025-02-27,P0130,E00189,8.8
2025-02-27,P0171,E00142,8.8
2025-02-27,P0175,E00074,8.8
2025-02-27,P0182,E00170,8.8
2025-02-27,P0194,E00190,8.8
2025-02-27,P0212,E00020,8.8
2025-02-27,P0234,E00003,8.8
2025-02-27,P0257,E00177,8.8
2025-02-27,P0302,E00129,8.8
2025-02-27,P0319,E00161,8.8
2025-02-27,P0330,E00048,8.8
2025-02-27,P0352,E00167,8.8
2025-02-27,P0361,E00131,8.8
2025-02-27,P0362,E00150,8.8
2025-02-27,P0372,E00178,8.8
2025-02-27,P0396,E00182,8.8
2025-02-27,P0419,E00184,8.8
2025-02-27,P0424,E00191,8.8
2025-02-27,P0436,E00163,8.8
2025-02-27,P0455,E00192,8.8
2025-02-27,P0463,E00151,8.8
2025-02-27,P0480,E00069,8.8
2025-02-27,P0522,E00112,8.8
2025-02-27,P0541,E00183,8.8
2025-02-27,P0546,E00103,8.8
2025-02-27,P0564,E00144,8.8
2025-02-27,P0573,E00045,8.8
2025-02-27,P0581,E00118,8.8
2025-02-27,P0597,E00165,8.8
2025-02-27,P0641,E00187,8.8
2025-02-27,P0656,E00188,8.8
2025-02-28,P0016,E00166,8.8
2025-02-28,P0048,E00179,8.8
2025-02-28,P0049,E00158,8.8
2025-02-28,P0070,E00168,8.8
2025-02-28,P0078,E00145,8.8
2025-02-28,P0083,E00174,8.8
2025-02-28,P0092,E00159,8.8
2025-02-28,P0101,E00012,8.8
2025-02-28,P0108,E00180,8.8
2025-02-28,P0124,E00160,4.4
2025-02-28,P0127,E00175,8.8
2025-02-28,P0130,E00189,8.8
2025-02-28,P0175,E00074,8.8
2025-02-28,P0194,E00190,8.8
2025-02-28,P0212,E00020,8.8
2025-02-28,P0230,E00193,8.8
2025-02-28,P0234,E00003,8.8
2025-02-28,P0257,E00177,8.8
2025-02-28,P0265,E00194,8.8
2025-02-28,P0319,E00161,8.8
2025-02-28,P0330,E00048,8.8
2025-02-28,P0352,E00167,8.8
2025-02-28,P0361,E00131,8.8
2025-02-28,P0362,E00150,8.8
2025-02-28,P0372,E00178,8.8
2025-02-28,P0424,E00191,8.8
2025-02-28,P0436,E00163,8.8
2025-02-28,P0455,E00192,8.8
2025-02-28,P0463,E00151,8.8
2025-02-28,P0480,E00069,8.8
2025-02-28,P0522,E00112,8.8
2025-02-28,P0526,E00195,4.4
2025-02-28,P0541,E00183,8.8
2025-02-28,P0546,E00103,8.8
2025-02-28,P0564,E00144,8.8
2025-02-28,P0573,E00045,8.8
2025-02-28,P0597,E00165,8.8
2025-02-28,P0641,E00187,8.8
2025-02-28,P0656,E00188,8.8
2025-03-03,P0016,E00166,8.8
2025-03-03,P0048,E00179,8.8
2025-03-03,P0049,E00158,8.8
2025-03-03,P0070,E00168,8.8
2025-03-03,P0078,E00145,8.8
2025-03-03,P0083,E00174,8.8
2025-03-03,P0092,E00159,8.8
2025-03-03,P0101,E00012,8.8
2025-03-03,P0108,E00180,8.8
2025-03-03,P0124,E00160,4.4
2025-03-03,P0130,E00189,8.8
2025-03-03,P0212,E00020,8.8
2025-03-03,P0234,E00003,8.8
2025-03-03,P0257,E00177,8.8
2025-03-03,P0265,E00194,8.8
2025-03-03,P0319,E00161,8.8
2025-03-03,P0330,E00048,8.8
2025-03-03,P0352,E00167,8.8
2025-03-03,P0361,E00131,8.8
2025-03-03,P0362,E00150,8.8
2025-03-03,P0372,E00178,8.8
2025-03-03,P0424,E00191,8.8
2025-03-03,P0450,E00196,8.8
2025-03-03,P0455,E00192,8.8
2025-03-03,P0480,E00069,8.8
2025-03-03,P0522,E00112,8.8
2025-03-03,P0526,E00195,4.4
2025-03-03,P0527,E00197,8.8
2025-03-03,P0541,E00183,8.8
2025-03-03,P0546,E00103,8.8
2025-03-03,P0564,E00144,8.8
2025-03-03,P0573,E00045,8.8
2025-03-03,P0597,E00165,8.8
2025-03-03,P0641,E00187,8.8
2025-03-03,P0656,E00188,8.8
2025-03-03,P0657,E00198,8.8
2025-03-04,P0016,E00166,8.8
2025-03-04,P0048,E00179,8.8
2025-03-04,P0049,E00158,8.8
2025-03-04,P0070,E00168,8.8
2025-03-04,P0075,E00199,8.8
2025-03-04,P0078,E00145,8.8
2025-03-04,P0083,E00174,8.8
2025-03-04,P0092,E00159,8.8
2025-03-04,P0101,E00012,8.8
2025-03-04,P0108,E00180,8.8
2025-03-04,P0118,E00200,8.8
2025-03-04,P0124,E00160,4.4
2025-03-04,P0174,E00201,8.8
2025-03-04,P0212,E00020,8.8
2025-03-04,P0234,E00003,8.8
2025-03-04,P0257,E00177,8.8
2025-03-04,P0265,E00194,8.8
2025-03-04,P0319,E00161,8.8
2025-03-04,P0330,E00048,8.8
2025-03-04,P0352,E00167,8.8
2025-03-04,P0361,E00131,8.8
2025-03-04,P0362,E00150,8.8
2025-03-04,P0372,E00178,8.8
2025-03-04,P0424,E00191,8.8
2025-03-04,P0455,E00192,8.8
2025-03-04,P0480,E00069,8.8
2025-03-04,P0522,E00112,8.8
2025-03-04,P0526,E00195,4.4
2025-03-04,P0541,E00183,8.8
2025-03-04,P0546,E00103,8.8
2025-03-04,P0564,E00144,8.8
2025-03-04,P0573,E00045,8.8
2025-03-04,P0597,E00165,8.8
2025-03-04,P0641,E00187,8.8
2025-03-04,P0656,E00188,8.8
2025-03-04,P0657,E00198,8.8
2025-03-05,P0016,E00166,8.8
2025-03-05,P0048,E00179,8.8
2025-03-05,P0049,E00158,8.8
2025-03-05,P0070,E00168,8.8
2025-03-05,P0075,E00199,8.8
2025-03-05,P0078,E00145,8.8
2025-03-05,P0083,E00174,8.8
2025-03-05,P0092,E00159,8.8
2025-03-05,P0101,E00012,8.8
2025-03-05,P0108,E00180,8.8
2025-03-05,P0118,E00200,8.8
2025-03-05,P0124,E00160,4.4
2025-03-05,P0128,E00202,8.8
2025-03-05,P0174,E00201,8.8
2025-03-05,P0212,E00020,8.8
2025-03-05,P0234,E00003,8.8
2025-03-05,P0257,E00177,8.8
2025-03-05,P0265,E00194,8.8
2025-03-05,P0311,E00203,8.8
2025-03-05,P0319,E00161,8.8
2025-03-05,P0330,E00048,8.8
2025-03-05,P0352,E00167,8.8
2025-03-05,P0361,E00131,8.8
2025-03-05,P0362,E00150,8.8
2025-03-05,P0372,E00178,8.8
2025-03-05,P0424,E00191,8.8
2025-03-05,P0451,E00204,8.8
2025-03-05,P0455,E00192,8.8
2025-03-05,P0461,E00205,8.8
2025-03-05,P0480,E00069,8.8
2025-03-05,P0522,E00112,8.8
2025-03-05,P0526,E00195,4.4
2025-03-05,P0546,E00103,8.8
2025-03-05,P0564,E00144,8.8
2025-03-05,P0597,E00165,8.8
2025-03-05,P0641,E00187,8.8
2025-03-05,P0650,E00206,4.4
2025-03-05,P0656,E00188,8.8
2025-03-05,P0657,E00198,8.8
2025-03-06,P0016,E00166,8.8
2025-03-06,P0048,E00179,8.8
2025-03-06,P0049,E00158,8.8
2025-03-06,P0075,E00199,8.8
2025-03-06,P0078,E00145,8.8
2025-03-06,P0083,E00174,8.8
2025-03-06,P0092,E00159,8.8
2025-03-06,P0108,E00180,8.8
2025-03-06,P0124,E00160,4.4
2025-03-06,P0128,E00202,8.8
2025-03-06,P0173,E00207,8.8
2025-03-06,P0212,E00020,8.8
2025-03-06,P0234,E00003,8.8
2025-03-06,P0238,E00208,8.8
2025-03-06,P0241,E00209,8.8
2025-03-06,P0257,E00210,8.8
2025-03-06,P0265,E00194,8.8
2025-03-06,P0311,E00203,8.8
2025-03-06,P0319,E00161,8.8
2025-03-06,P0330,E00048,8.8
2025-03-06,P0334,E00211,8.8
2025-03-06,P0352,E00167,8.8
2025-03-06,P0361,E00131,8.8
2025-03-06,P0372,E00178,8.8
2025-03-06,P0391,E00212,8.8
2025-03-06,P0436,E00213,8.8
2025-03-06,P0451,E00204,8.8
2025-03-06,P0455,E00192,8.8
2025-03-06,P0461,E00205,8.8
2025-03-06,P0480,E00069,8.8
2025-03-06,P0519,E00214,4.4
2025-03-06,P0522,E00112,8.8
2025-03-06,P0526,E00195,4.4
2025-03-06,P0546,E00103,8.8
2025-03-06,P0564,E00144,8.8
2025-03-06,P0597,E00165,8.8
2025-03-06,P0630,E00215,8.8
2025-03-06,P0636,E00216,4.4
2025-03-06,P0641,E00187,8.8
2025-03-06,P0650,E00206,4.4
2025-03-06,P0656,E00188,8.8
2025-03-07,P0016,E00166,8.8
2025-03-07,P0021,E00217,8.8
2025-03-07,P0048,E00179,8.8
2025-03-07,P0049,E00158,8.8
2025-03-07,P0075,E00199,8.8
2025-03-07,P0078,E00145,8.8
2025-03-07,P0083,E00174,8.8
2025-03-07,P0092,E00159,8.8
2025-03-07,P0108,E00180,8.8
2025-03-07,P0124,E00160,4.4
2025-03-07,P0128,E00202,8.8
2025-03-07,P0173,E00207,8.8
2025-03-07,P0174,E00218,8.8
2025-03-07,P0212,E00020,8.8
2025-03-07,P0234,E00003,8.8
2025-03-07,P0238,E00208,8.8
2025-03-07,P0241,E00209,8.8
2025-03-07,P0257,E00210,8.8
2025-03-07,P0265,E00194,8.8
2025-03-07,P0319,E00161,8.8
2025-03-07,P0330,E00048,8.8
2025-03-07,P0334,E00211,8.8
2025-03-07,P0352,E00167,8.8
2025-03-07,P0361,E00131,8.8
2025-03-07,P0372,E00178,8.8
2025-03-07,P0391,E00212,8.8
2025-03-07,P0451,E00204,8.8
2025-03-07,P0461,E00205,8.8
2025-03-07,P0480,E00069,8.8
2025-03-07,P0506,E00219,8.8
2025-03-07,P0515,E00220,8.8
2025-03-07,P0519,E00214,4.4
2025-03-07,P0522,E00112,8.8
2025-03-07,P0526,E00195,4.4
2025-03-07,P0546,E00103,8.8
2025-03-07,P0564,E00144,8.8
2025-03-07,P0597,E00165,8.8
2025-03-07,P0630,E00215,8.8
2025-03-07,P0636,E00216,4.4
2025-03-07,P0641,E00187,8.8
2025-03-07,P0656,E00188,8.8
2025-03-10,P0016,E00166,8.8
2025-03-10,P0048,E00179,8.8
2025-03-10,P0049,E00158,8.8
2025-03-10,P0075,E00199,8.8
2025-03-10,P0078,E00145,8.8
2025-03-10,P0083,E00174,8.8
2025-03-10,P0092,E00159,8.8
2025-03-10,P0124,E00160,4.4
2025-03-10,P0128,E00202,8.8
2025-03-10,P0173,E00207,8.8
2025-03-10,P0174,E00218,8.8
2025-03-10,P0212,E00020,8.8
2025-03-10,P0234,E00003,8.8
2025-03-10,P0241,E00209,8.8
2025-03-10,P0257,E00210,8.8
2025-03-10,P0265,E00194,8.8
2025-03-10,P0330,E00048,8.8
2025-03-10,P0334,E00211,8.8
2025-03-10,P0348,E00221,8.8
2025-03-10,P0352,E00167,8.8
2025-03-10,P0361,E00131,8.8
2025-03-10,P0372,E00178,8.8
2025-03-10,P0391,E00212,8.8
2025-03-10,P0451,E00204,8.8
2025-03-10,P0460,E00222,8.8
2025-03-10,P0461,E00205,8.8
2025-03-10,P0468,E00223,8.8
2025-03-10,P0480,E00069,8.8
2025-03-10,P0515,E00220,8.8
2025-03-10,P0522,E00112,8.8
2025-03-10,P0526,E00195,4.4
2025-03-10,P0527,E00224,8.8
2025-03-10,P0546,E00103,8.8
2025-03-10,P0564,E00144,8.8
2025-03-10,P0597,E00165,8.8
2025-03-10,P0630,E00215,8.8
2025-03-10,P0636,E00216,4.4
2025-03-10,P0641,E00187,8.8
2025-03-10,P0656,E00188,8.8
2025-03-11,P0016,E00166,8.8
2025-03-11,P0048,E00179,8.8
2025-03-11,P0049,E00158,8.8
2025-03-11,P0078,E00145,8.8
2025-03-11,P0083,E00174,8.8
2025-03-11,P0092,E00159,8.8
2025-03-11,P0111,E00225,8.8
2025-03-11,P0124,E00160,4.4
2025-03-11,P0128,E00202,8.8
2025-03-11,P0173,E00207,8.8
2025-03-11,P0174,E00218,8.8
2025-03-11,P0212,E00020,8.8
2025-03-11,P0234,E00003,8.8
2025-03-11,P0257,E00210,8.8
2025-03-11,P0259,E00226,8.8
2025-03-11,P0265,E00194,8.8
2025-03-11,P0303,E00227,8.8
2025-03-11,P0330,E00048,8.8
2025-03-11,P0334,E00211,8.8
2025-03-11,P0348,E00221,8.8
2025-03-11,P0352,E00167,8.8
2025-03-11,P0361,E00131,8.8
2025-03-11,P0371,E00228,8.8
2025-03-11,P0372,E00178,8.8
2025-03-11,P0391,E00212,8.8
2025-03-11,P0419,E00229,8.8
2025-03-11,P0460,E00222,8.8
2025-03-11,P0461,E00205,8.8
2025-03-11,P0480,E00069,8.8
2025-03-11,P0515,E00220,8.8
2025-03-11,P0522,E00112,8.8
2025-03-11,P0526,E00195,4.4
2025-03-11,P0527,E00224,8.8
2025-03-11,P0546,E00103,8.8
2025-03-11,P0559,E00230,4.4
2025-03-11,P0564,E00144,8.8
2025-03-11,P0597,E00165,8.8
2025-03-11,P0630,E00215,8.8
2025-03-11,P0636,E00216,4.4
2025-03-11,P0641,E00187,8.8
2025-03-11,P0656,E00188,8.8
2025-03-12,P0016,E00166,8.8
2025-03-12,P0048,E00179,8.8
2025-03-12,P0049,E00158,8.8
2025-03-12,P0078,E00145,8.8
2025-03-12,P0083,E00174,8.8
2025-03-12,P0092,E00159,8.8
2025-03-12,P0111,E00225,8.8
2025-03-12,P0118,E00231,8.8
2025-03-12,P0124,E00160,4.4
2025-03-12,P0128,E00202,8.8
2025-03-12,P0173,E00207,8.8
2025-03-12,P0174,E00218,8.8
2025-03-12,P0212,E00020,8.8
2025-03-12,P0234,E00003,8.8
2025-03-12,P0259,E00226,8.8
2025-03-12,P0265,E00194,8.8
2025-03-12,P0303,E00227,8.8
2025-03-12,P0330,E00048,8.8
2025-03-12,P0334,E00211,8.8
2025-03-12,P0348,E00221,8.8
2025-03-12,P0352,E00167,8.8
2025-03-12,P0361,E00131,8.8
2025-03-12,P0371,E00228,8.8
2025-03-12,P0372,E00178,8.8
2025-03-12,P0455,E00232,8.8
2025-03-12,P0460,E00222,8.8
2025-03-12,P0461,E00205,8.8
2025-03-12,P0480,E00069,8.8
2025-03-12,P0485,E00233,8.8
2025-03-12,P0515,E00220,8.8
2025-03-12,P0522,E00112,8.8
2025-03-12,P0526,E00195,4.4
2025-03-12,P0527,E00224,8.8
2025-03-12,P0559,E00230,4.4
2025-03-12,P0564,E00144,8.8
2025-03-12,P0596,E00234,8.8
2025-03-12,P0597,E00165,8.8
2025-03-12,P0630,E00215,8.8
2025-03-12,P0636,E00216,4.4
2025-03-12,P0641,E00187,8.8
2025-03-12,P0656,E00188,8.8
2025-03-13,P0005,E00235,8.8
2025-03-13,P0016,E00166,8.8
2025-03-13,P0023,E00236,4.4
2025-03-13,P0048,E00179,8.8
2025-03-13,P0049,E00158,8.8
2025-03-13,P0092,E00159,8.8
2025-03-13,P0111,E00225,8.8
2025-03-13,P0124,E00160,4.4
2025-03-13,P0128,E00202,8.8
2025-03-13,P0169,E00237,8.8
2025-03-13,P0173,E00207,8.8
2025-03-13,P0174,E00218,8.8
2025-03-13,P0212,E00020,8.8
2025-03-13,P0234,E00003,8.8
2025-03-13,P0259,E00226,8.8
2025-03-13,P0265,E00194,8.8
2025-03-13,P0303,E00227,8.8
2025-03-13,P0330,E00048,8.8
2025-03-13,P0334,E00211,8.8
2025-03-13,P0352,E00167,8.8
2025-03-13,P0361,E00131,8.8
2025-03-13,P0371,E00228,8.8
2025-03-13,P0372,E00178,8.8
2025-03-13,P0411,E00238,8.8
2025-03-13,P0455,E00232,8.8
2025-03-13,P0460,E00222,8.8
2025-03-13,P0461,E00205,8.8
2025-03-13,P0480,E00069,8.8
2025-03-13,P0485,E00233,8.8
2025-03-13,P0515,E00220,8.8
2025-03-13,P0522,E00112,8.8
2025-03-13,P0526,E00195,4.4
2025-03-13,P0527,E00224,8.8
2025-03-13,P0559,E00230,4.4
2025-03-13,P0564,E00144,8.8
2025-03-13,P0591,E00239,8.8
2025-03-13,P0596,E00234,8.8
2025-03-13,P0597,E00165,8.8
2025-03-13,P0630,E00215,8.8
2025-03-13,P0636,E00216,4.4
2025-03-13,P0641,E00187,8.8
2025-03-13,P0656,E00188,8.8
2025-03-14,P0005,E00235,8.8
2025-03-14,P0023,E00236,4.4
2025-03-14,P0048,E00179,8.8
2025-03-14,P0078,E00240,8.8
2025-03-14,P0092,E00159,8.8
2025-03-14,P0111,E00225,8.8
2025-03-14,P0124,E00160,4.4
2025-03-14,P0128,E00202,8.8
2025-03-14,P0173,E00207,8.8
2025-03-14,P0174,E00218,8.8
2025-03-14,P0175,E00241,8.8
2025-03-14,P0212,E00020,8.8
2025-03-14,P0234,E00003,8.8
2025-03-14,P0259,E00226,8.8
2025-03-14,P0264,E00242,8.8
2025-03-14,P0265,E00194,8.8
2025-03-14,P0303,E00227,8.8
2025-03-14,P0334,E00211,8.8
2025-03-14,P0336,E00243,8.8
2025-03-14,P0352,E00167,8.8
2025-03-14,P0361,E00131,8.8
2025-03-14,P0371,E00228,8.8
2025-03-14,P0372,E00178,8.8
2025-03-14,P0411,E00238,8.8
2025-03-14,P0455,E00232,8.8
2025-03-14,P0460,E00222,8.8
2025-03-14,P0461,E00205,8.8
2025-03-14,P0476,E00244,8.8
2025-03-14,P0480,E00069,8.8
2025-03-14,P0485,E00233,8.8
2025-03-14,P0515,E00220,8.8
2025-03-14,P0522,E00112,8.8
2025-03-14,P0526,E00195,4.4
2025-03-14,P0527,E00245,8.8
2025-03-14,P0559,E00230,4.4
2025-03-14,P0591,E00239,8.8
2025-03-14,P0596,E00234,8.8
2025-03-14,P0597,E00165,8.8
2025-03-14,P0630,E00215,8.8
2025-03-14,P0636,E00216,4.4
2025-03-14,P0641,E00187,8.8
2025-03-14,P0656,E00188,8.8
2025-03-14,P0660,E00246,8.8
2025-03-17,P0005,E00235,8.8
2025-03-17,P0023,E00236,4.4
2025-03-17,P0048,E00179,8.8
2025-03-17,P0053,E00247,8.8
2025-03-17,P0111,E00225,8.8
2025-03-17,P0124,E00160,4.4
2025-03-17,P0128,E00202,8.8
2025-03-17,P0166,E00248,8.8
2025-03-17,P0173,E00207,8.8
2025-03-17,P0174,E00218,8.8
2025-03-17,P0175,E00241,8.8
2025-03-17,P0212,E00020,8.8
2025-03-17,P0234,E00003,8.8
2025-03-17,P0259,E00226,8.8
2025-03-17,P0264,E00242,8.8
2025-03-17,P0265,E00194,8.8
2025-03-17,P0303,E00227,8.8
2025-03-17,P0319,E00249,8.8
2025-03-17,P0334,E00211,8.8
2025-03-17,P0347,E00250,8.8
2025-03-17,P0352,E00167,8.8
2025-03-17,P0361,E00131,8.8
2025-03-17,P0371,E00228,8.8
2025-03-17,P0372,E00178,8.8
2025-03-17,P0411,E00238,8.8
2025-03-17,P0460,E00222,8.8
2025-03-17,P0461,E00205,8.8
2025-03-17,P0480,E00069,8.8
2025-03-17,P0522,E00112,8.8
2025-03-17,P0526,E00195,4.4
2025-03-17,P0527,E00245,8.8
2025-03-17,P0559,E00230,4.4
2025-03-17,P0591,E00239,8.8
2025-03-17,P0597,E00165,8.8
2025-03-17,P0608,E00251,8.8
2025-03-17,P0630,E00215,8.8
2025-03-17,P0636,E00216,4.4
2025-03-17,P0641,E00187,8.8
2025-03-17,P0656,E00188,8.8
2025-03-17,P0660,E00246,8.8
2025-03-18,P0005,E00235,8.8
2025-03-18,P0023,E00236,4.4
2025-03-18,P0048,E00179,8.8
2025-03-18,P0053,E00247,8.8
2025-03-18,P0111,E00225,8.8
2025-03-18,P0124,E00160,4.4
2025-03-18,P0128,E00202,8.8
2025-03-18,P0174,E00218,8.8
2025-03-18,P0175,E00241,8.8
2025-03-18,P0212,E00020,8.8
2025-03-18,P0234,E00003,8.8
2025-03-18,P0259,E00226,8.8
2025-03-18,P0264,E00242,8.8
2025-03-18,P0265,E00194,8.8
2025-03-18,P0303,E00227,8.8
2025-03-18,P0317,E00252,8.8
2025-03-18,P0319,E00249,8.8
2025-03-18,P0334,E00211,8.8
2025-03-18,P0347,E00250,8.8
2025-03-18,P0352,E00167,8.8
2025-03-18,P0361,E00131,8.8
2025-03-18,P0371,E00228,8.8
2025-03-18,P0372,E00178,8.8
2025-03-18,P0411,E00238,8.8
2025-03-18,P0480,E00069,8.8
2025-03-18,P0481,E00253,8.8
2025-03-18,P0522,E00112,8.8
2025-03-18,P0527,E00245,8.8
2025-03-18,P0559,E00230,4.4
2025-03-18,P0591,E00239,8.8
2025-03-18,P0597,E00165,8.8
2025-03-18,P0608,E00251,8.8
2025-03-18,P0630,E00215,8.8
2025-03-18,P0636,E00216,4.4
2025-03-18,P0641,E00187,8.8
2025-03-18,P0646,E00254,8.8
2025-03-18,P0656,E00188,8.8
2025-03-18,P0660,E00246,8.8
2025-03-19,P0005,E00235,8.8
2025-03-19,P0023,E00236,4.4
2025-03-19,P0048,E00179,8.8
2025-03-19,P0053,E00247,8.8
2025-03-19,P0111,E00225,8.8
2025-03-19,P0124,E00160,4.4
2025-03-19,P0128,E00202,8.8
2025-03-19,P0174,E00218,8.8
2025-03-19,P0175,E00241,8.8
2025-03-19,P0176,E00255,8.8
2025-03-19,P0212,E00020,8.8
2025-03-19,P0234,E00003,8.8
2025-03-19,P0251,E00256,8.8
2025-03-19,P0259,E00226,8.8
2025-03-19,P0264,E00242,8.8
2025-03-19,P0265,E00194,8.8
2025-03-19,P0303,E00227,8.8
2025-03-19,P0317,E00252,8.8
2025-03-19,P0334,E00211,8.8
2025-03-19,P0347,E00250,8.8
2025-03-19,P0352,E00167,8.8
2025-03-19,P0361,E00131,8.8
2025-03-19,P0371,E00228,8.8
2025-03-19,P0372,E00178,8.8
2025-03-19,P0404,E00257,4.4
2025-03-19,P0411,E00238,8.8
2025-03-19,P0480,E00069,8.8
2025-03-19,P0522,E00112,8.8
2025-03-19,P0527,E00245,8.8
2025-03-19,P0559,E00230,4.4
2025-03-19,P0561,E00258,8.8
2025-03-19,P0591,E00239,8.8
2025-03-19,P0597,E00165,8.8
2025-03-19,P0608,E00251,8.8
2025-03-19,P0621,E00259,8.8
2025-03-19,P0630,E00215,8.8
2025-03-19,P0636,E00216,4.4
2025-03-19,P0641,E00187,8.8
2025-03-19,P0646,E00254,8.8
2025-03-19,P0656,E00188,8.8
2025-03-19,P0657,E00260,8.8
2025-03-19,P0660,E00246,8.8
2025-03-20,P0005,E00235,8.8
2025-03-20,P0023,E00236,4.4
2025-03-20,P0027,E00261,8.8
2025-03-20,P0048,E00179,8.8
2025-03-20,P0053,E00247,8.8
2025-03-20,P0111,E00225,8.8
2025-03-20,P0124,E00160,4.4
2025-03-20,P0174,E00218,8.8
2025-03-20,P0175,E00241,8.8
2025-03-20,P0176,E00255,8.8
2025-03-20,P0212,E00020,8.8
2025-03-20,P0234,E00003,8.8
2025-03-20,P0259,E00226,8.8
2025-03-20,P0265,E00194,8.8
2025-03-20,P0303,E00227,8.8
2025-03-20,P0314,E00262,8.8
2025-03-20,P0317,E00252,8.8
2025-03-20,P0334,E00211,8.8
2025-03-20,P0347,E00250,8.8
2025-03-20,P0352,E00167,8.8
2025-03-20,P0371,E00228,8.8
2025-03-20,P0372,E00178,8.8
2025-03-20,P0404,E00257,4.4
2025-03-20,P0411,E00238,8.8
2025-03-20,P0480,E00069,8.8
2025-03-20,P0522,E00112,8.8
2025-03-20,P0527,E00245,8.8
2025-03-20,P0559,E00230,4.4
2025-03-20,P0561,E00258,8.8
2025-03-20,P0591,E00239,8.8
2025-03-20,P0597,E00165,8.8
2025-03-20,P0608,E00251,8.8
2025-03-20,P0621,E00259,8.8
2025-03-20,P0630,E00215,8.8
2025-03-20,P0636,E00216,4.4
2025-03-20,P0641,E00187,8.8
2025-03-20,P0650,E00263,4.4
2025-03-20,P0656,E00188,8.8
2025-03-20,P0657,E00260,8.8
2025-03-21,P0005,E00235,8.8
2025-03-21,P0023,E00236,4.4
2025-03-21,P0027,E00261,8.8
2025-03-21,P0048,E00179,8.8
2025-03-21,P0053,E00247,8.8
2025-03-21,P0111,E00225,8.8
2025-03-21,P0124,E00160,4.4
2025-03-21,P0174,E00218,8.8
2025-03-21,P0176,E00255,8.8
2025-03-21,P0212,E00020,8.8
2025-03-21,P0234,E00003,8.8
2025-03-21,P0259,E00226,8.8
2025-03-21,P0265,E00194,8.8
2025-03-21,P0269,E00264,8.8
2025-03-21,P0285,E00265,8.8
2025-03-21,P0303,E00227,8.8
2025-03-21,P0314,E00262,8.8
2025-03-21,P0317,E00252,8.8
2025-03-21,P0334,E00211,8.8
2025-03-21,P0339,E00266,8.8
2025-03-21,P0347,E00250,8.8
2025-03-21,P0352,E00167,8.8
2025-03-21,P0371,E00228,8.8
2025-03-21,P0372,E00178,8.8
2025-03-21,P0404,E00257,4.4
2025-03-21,P0411,E00238,8.8
2025-03-21,P0451,E00267,8.8
2025-03-21,P0455,E00268,8.8
2025-03-21,P0480,E00069,8.8
2025-03-21,P0522,E00112,8.8
2025-03-21,P0527,E00245,8.8
2025-03-21,P0559,E00230,4.4
2025-03-21,P0561,E00258,8.8
2025-03-21,P0591,E00239,8.8
2025-03-21,P0597,E00165,8.8
2025-03-21,P0608,E00251,8.8
2025-03-21,P0621,E00259,8.8
2025-03-21,P0625,E00269,8.8
2025-03-21,P0630,E00215,8.8
2025-03-21,P0636,E00216,4.4
2025-03-21,P0641,E00187,8.8
2025-03-21,P0650,E00263,4.4
2025-03-21,P0656,E00188,8.8
2025-03-21,P0657,E00260,8.8
2025-03-24,P0005,E00235,8.8
2025-03-24,P0023,E00236,4.4
2025-03-24,P0027,E00261,8.8
2025-03-24,P0048,E00179,8.8
2025-03-24,P0053,E00247,8.8
2025-03-24,P0078,E00270,8.8
2025-03-24,P0111,E00225,8.8
2025-03-24,P0174,E00218,8.8
2025-03-24,P0176,E00255,8.8
2025-03-24,P0186,E00271,8.8
2025-03-24,P0188,E00272,8.8
2025-03-24,P0212,E00020,8.8
2025-03-24,P0234,E00003,8.8
2025-03-24,P0259,E00226,8.8
2025-03-24,P0265,E00194,8.8
2025-03-24,P0269,E00264,8.8
2025-03-24,P0285,E00265,8.8
2025-03-24,P0303,E00227,8.8
2025-03-24,P0314,E00262,8.8
2025-03-24,P0317,E00252,8.8
2025-03-24,P0319,E00273,8.8
2025-03-24,P0334,E00211,8.8
2025-03-24,P0339,E00274,8.8
2025-03-24,P0347,E00250,8.8
2025-03-24,P0352,E00167,8.8
2025-03-24,P0371,E00228,8.8
2025-03-24,P0372,E00178,8.8
2025-03-24,P0399,E00275,8.8
2025-03-24,P0404,E00257,4.4
2025-03-24,P0411,E00238,8.8
2025-03-24,P0451,E00267,8.8
2025-03-24,P0455,E00268,8.8
2025-03-24,P0480,E00069,8.8
2025-03-24,P0490,E00276,8.8
2025-03-24,P0522,E00112,8.8
2025-03-24,P0527,E00245,8.8
2025-03-24,P0559,E00230,4.4
2025-03-24,P0561,E00258,8.8
2025-03-24,P0591,E00239,8.8
2025-03-24,P0597,E00165,8.8
2025-03-24,P0608,E00251,8.8
2025-03-24,P0621,E00259,8.8
2025-03-24,P0625,E00269,8.8
2025-03-24,P0630,E00215,8.8
2025-03-24,P0636,E00216,4.4
2025-03-24,P0641,E00187,8.8
2025-03-24,P0650,E00263,4.4
2025-03-24,P0656,E00188,8.8
2025-03-25,P0023,E00236,4.4
2025-03-25,P0027,E00261,8.8
2025-03-25,P0048,E00179,8.8
2025-03-25,P0053,E00247,8.8
2025-03-25,P0078,E00270,8.8
2025-03-25,P0111,E00225,8.8
2025-03-25,P0176,E00255,8.8
2025-03-25,P0188,E00272,8.8
2025-03-25,P0212,E00020,8.8
2025-03-25,P0259,E00226,8.8
2025-03-25,P0263,E00277,8.8
2025-03-25,P0265,E00194,8.8
2025-03-25,P0269,E00264,8.8
2025-03-25,P0272,E00278,8.8
2025-03-25,P0285,E00265,8.8
2025-03-25,P0298,E00279,8.8
2025-03-25,P0303,E00227,8.8
2025-03-25,P0314,E00262,8.8
2025-03-25,P0317,E00252,8.8
2025-03-25,P0319,E00273,8.8
2025-03-25,P0334,E00211,8.8
2025-03-25,P0339,E00274,8.8
2025-03-25,P0347,E00250,8.8
2025-03-25,P0352,E00167,8.8
2025-03-25,P0371,E00228,8.8
2025-03-25,P0372,E00178,8.8
2025-03-25,P0399,E00275,8.8
2025-03-25,P0404,E00257,4.4
2025-03-25,P0411,E00238,8.8
2025-03-25,P0451,E00267,8.8
2025-03-25,P0455,E00268,8.8
2025-03-25,P0480,E00069,8.8
2025-03-25,P0490,E00276,8.8
2025-03-25,P0522,E00112,8.8
2025-03-25,P0527,E00245,8.8
2025-03-25,P0559,E00230,4.4
2025-03-25,P0561,E00258,8.8
2025-03-25,P0591,E00239,8.8
2025-03-25,P0597,E00165,8.8
2025-03-25,P0608,E00251,8.8
2025-03-25,P0621,E00259,8.8
2025-03-25,P0625,E00269,8.8
2025-03-25,P0630,E00215,8.8
2025-03-25,P0636,E00216,4.4
2025-03-25,P0641,E00187,8.8
2025-03-25,P0650,E00263,4.4
2025-03-25,P0653,E00280,8.8
2025-03-25,P0656,E00188,8.8
2025-03-26,P0023,E00236,4.4
2025-03-26,P0027,E00261,8.8
2025-03-26,P0028,E00281,8.8
2025-03-26,P0048,E00179,8.8
2025-03-26,P0053,E00247,8.8
2025-03-26,P0078,E00270,8.8
2025-03-26,P0111,E00225,8.8
2025-03-26,P0122,E00282,8.8
2025-03-26,P0176,E00255,8.8
2025-03-26,P0188,E00272,8.8
2025-03-26,P0212,E00020,8.8
2025-03-26,P0259,E00226,8.8
2025-03-26,P0263,E00277,8.8
2025-03-26,P0265,E00194,8.8
2025-03-26,P0272,E00278,8.8
2025-03-26,P0285,E00265,8.8
2025-03-26,P0298,E00279,8.8
2025-03-26,P0303,E00227,8.8
2025-03-26,P0314,E00262,8.8
2025-03-26,P0317,E00252,8.8
2025-03-26,P0319,E00273,8.8
2025-03-26,P0334,E00211,8.8
2025-03-26,P0339,E00274,8.8
2025-03-26,P0347,E00250,8.8
2025-03-26,P0352,E00167,8.8
2025-03-26,P0371,E00228,8.8
2025-03-26,P0372,E00178,8.8
2025-03-26,P0399,E00275,8.8
2025-03-26,P0404,E00257,4.4
2025-03-26,P0411,E00238,8.8
2025-03-26,P0451,E00267,8.8
2025-03-26,P0455,E00268,8.8
2025-03-26,P0480,E00069,8.8
2025-03-26,P0490,E00276,8.8
2025-03-26,P0515,E00283,8.8
2025-03-26,P0522,E00112,8.8
2025-03-26,P0527,E00245,8.8
2025-03-26,P0559,E00230,4.4
2025-03-26,P0561,E00258,8.8
2025-03-26,P0591,E00239,8.8
2025-03-26,P0597,E00165,8.8
2025-03-26,P0608,E00251,8.8
2025-03-26,P0621,E00259,8.8
2025-03-26,P0625,E00269,8.8
2025-03-26,P0630,E00215,8.8
2025-03-26,P0636,E00216,4.4
2025-03-26,P0641,E00187,8.8
2025-03-26,P0653,E00280,8.8
2025-03-26,P0656,E00188,8.8
2025-03-27,P0023,E00236,4.4
2025-03-27,P0027,E00261,8.8
2025-03-27,P0028,E00281,8.8
2025-03-27,P0048,E00179,8.8
2025-03-27,P0053,E00247,8.8
2025-03-27,P0111,E00225,8.8
2025-03-27,P0122,E00282,8.8
2025-03-27,P0176,E00255,8.8
2025-03-27,P0212,E00020,8.8
2025-03-27,P0259,E00226,8.8
2025-03-27,P0263,E00277,8.8
2025-03-27,P0265,E00194,8.8
2025-03-27,P0272,E00278,8.8
2025-03-27,P0285,E00265,8.8
2025-03-27,P0287,E00284,8.8
2025-03-27,P0303,E00227,8.8
2025-03-27,P0314,E00262,8.8
2025-03-27,P0319,E00273,8.8
2025-03-27,P0334,E00211,8.8
2025-03-27,P0339,E00274,8.8
2025-03-27,P0347,E00250,8.8
2025-03-27,P0352,E00167,8.8
2025-03-27,P0371,E00228,8.8
2025-03-27,P0372,E00178,8.8
2025-03-27,P0391,E00285,8.8
2025-03-27,P0399,E00275,8.8
2025-03-27,P0404,E00257,4.4
2025-03-27,P0411,E00238,8.8
2025-03-27,P0436,E00286,8.8
2025-03-27,P0451,E00267,8.8
2025-03-27,P0455,E00268,8.8
2025-03-27,P0476,E00287,8.8
2025-03-27,P0480,E00069,8.8
2025-03-27,P0490,E00276,8.8
2025-03-27,P0515,E00283,8.8
2025-03-27,P0522,E00112,8.8
2025-03-27,P0559,E00230,4.4
2025-03-27,P0561,E00258,8.8
2025-03-27,P0571,E00288,8.8
2025-03-27,P0591,E00239,8.8
2025-03-27,P0597,E00165,8.8
2025-03-27,P0608,E00251,8.8
2025-03-27,P0621,E00259,8.8
2025-03-27,P0625,E00269,8.8
2025-03-27,P0630,E00215,8.8
2025-03-27,P0636,E00216,4.4
2025-03-27,P0653,E00280,8.8
2025-03-27,P0656,E00188,8.8
2025-03-28,P0023,E00236,4.4
2025-03-28,P0027,E00261,8.8
2025-03-28,P0028,E00281,8.8
2025-03-28,P0048,E00179,8.8
2025-03-28,P0053,E00247,8.8
2025-03-28,P0111,E00225,8.8
2025-03-28,P0122,E00282,8.8
2025-03-28,P0176,E00255,8.8
2025-03-28,P0212,E00020,8.8
2025-03-28,P0259,E00226,8.8
2025-03-28,P0263,E00277,8.8
2025-03-28,P0265,E00194,8.8
2025-03-28,P0272,E00278,8.8
2025-03-28,P0285,E00265,8.8
2025-03-28,P0303,E00227,8.8
2025-03-28,P0314,E00262,8.8
2025-03-28,P0319,E00273,8.8
2025-03-28,P0334,E00211,8.8
2025-03-28,P0339,E00274,8.8
2025-03-28,P0347,E00250,8.8
2025-03-28,P0352,E00167,8.8
2025-03-28,P0371,E00228,8.8
2025-03-28,P0372,E00178,8.8
2025-03-28,P0391,E00285,8.8
2025-03-28,P0399,E00275,8.8
2025-03-28,P0404,E00257,4.4
2025-03-28,P0411,E00238,8.8
2025-03-28,P0419,E00289,8.8
2025-03-28,P0436,E00286,8.8
2025-03-28,P0451,E00267,8.8
2025-03-28,P0455,E00268,8.8
2025-03-28,P0476,E00287,8.8
2025-03-28,P0480,E00069,8.8
2025-03-28,P0490,E00276,8.8
2025-03-28,P0515,E00283,8.8
2025-03-28,P0522,E00112,8.8
2025-03-28,P0559,E00230,4.4
2025-03-28,P0561,E00258,8.8
2025-03-28,P0569,E00290,8.8
2025-03-28,P0571,E00288,8.8
2025-03-28,P0591,E00239,8.8
2025-03-28,P0597,E00165,8.8
2025-03-28,P0608,E00251,8.8
2025-03-28,P0621,E00259,8.8
2025-03-28,P0625,E00269,8.8
2025-03-28,P0630,E00215,8.8
2025-03-28,P0636,E00216,4.4
2025-03-28,P0653,E00280,8.8
2025-03-28,P0656,E00188,8.8
2025-03-31,P0023,E00236,4.4
2025-03-31,P0027,E00261,8.8
2025-03-31,P0028,E00281,8.8
2025-03-31,P0048,E00179,8.8
2025-03-31,P0053,E00247,8.8
2025-03-31,P0111,E00225,8.8
2025-03-31,P0122,E00282,8.8
2025-03-31,P0176,E00255,8.8
2025-03-31,P0212,E00020,8.8
2025-03-31,P0259,E00226,8.8
2025-03-31,P0263,E00277,8.8
2025-03-31,P0272,E00278,8.8
2025-03-31,P0285,E00265,8.8
2025-03-31,P0289,E00291,8.8
2025-03-31,P0303,E00227,8.8
2025-03-31,P0319,E00273,8.8
2025-03-31,P0334,E00211,8.8
2025-03-31,P0347,E00250,8.8
2025-03-31,P0352,E00167,8.8
2025-03-31,P0371,E00228,8.8
2025-03-31,P0372,E00178,8.8
2025-03-31,P0399,E00275,8.8
2025-03-31,P0404,E00257,4.4
2025-03-31,P0411,E00238,8.8
2025-03-31,P0419,E00289,8.8
2025-03-31,P0436,E00286,8.8
2025-03-31,P0451,E00267,8.8
2025-03-31,P0455,E00268,8.8
2025-03-31,P0476,E00287,8.8
2025-03-31,P0480,E00069,8.8
2025-03-31,P0490,E00276,8.8
2025-03-31,P0522,E00112,8.8
2025-03-31,P0559,E00230,4.4
2025-03-31,P0561,E00258,8.8
2025-03-31,P0569,E00290,8.8
2025-03-31,P0571,E00288,8.8
2025-03-31,P0597,E00165,8.8
2025-03-31,P0621,E00259,8.8
2025-03-31,P0625,E00269,8.8
2025-03-31,P0630,E00215,8.8
2025-03-31,P0636,E00216,4.4
2025-03-31,P0653,E00280,8.8
2025-03-31,P0656,E00188,8.8
2025-04-01,P0023,E00236,4.4
2025-04-01,P0028,E00281,8.8
2025-04-01,P0048,E00179,8.8
2025-04-01,P0086,E00292,8.8
2025-04-01,P0111,E00225,8.8
2025-04-01,P0176,E00255,8.8
2025-04-01,P0212,E00020,8.8
2025-04-01,P0259,E00226,8.8
2025-04-01,P0263,E00277,8.8
2025-04-01,P0272,E00278,8.8
2025-04-01,P0285,E00265,8.8
2025-04-01,P0289,E00291,8.8
2025-04-01,P0303,E00227,8.8
2025-04-01,P0319,E00273,8.8
2025-04-01,P0334,E00211,8.8
2025-04-01,P0347,E00250,8.8
2025-04-01,P0352,E00167,8.8
2025-04-01,P0372,E00178,8.8
2025-04-01,P0399,E00275,8.8
2025-04-01,P0404,E00257,4.4
2025-04-01,P0411,E00238,8.8
2025-04-01,P0419,E00289,8.8
2025-04-01,P0451,E00267,8.8
2025-04-01,P0455,E00268,8.8
2025-04-01,P0476,E00287,8.8
2025-04-01,P0480,E00069,8.8
2025-04-01,P0481,E00293,8.8
2025-04-01,P0522,E00112,8.8
2025-04-01,P0561,E00258,8.8
2025-04-01,P0569,E00290,8.8
2025-04-01,P0571,E00288,8.8
2025-04-01,P0597,E00165,8.8
2025-04-01,P0621,E00259,8.8
2025-04-01,P0625,E00269,8.8
2025-04-01,P0630,E00215,8.8
2025-04-01,P0636,E00216,4.4
2025-04-01,P0653,E00280,8.8
2025-04-01,P0656,E00188,8.8
2025-04-02,P0023,E00236,4.4
2025-04-02,P0028,E00281,8.8
2025-04-02,P0048,E00179,8.8
2025-04-02,P0086,E00292,8.8
2025-04-02,P0111,E00225,8.8
2025-04-02,P0144,E00294,8.8
2025-04-02,P0174,E00295,8.8
2025-04-02,P0176,E00255,8.8
2025-04-02,P0212,E00020,8.8
2025-04-02,P0259,E00226,8.8
2025-04-02,P0263,E00277,8.8
2025-04-02,P0272,E00278,8.8
2025-04-02,P0289,E00291,8.8
2025-04-02,P0303,E00227,8.8
2025-04-02,P0319,E00273,8.8
2025-04-02,P0347,E00250,8.8
2025-04-02,P0352,E00167,8.8
2025-04-02,P0372,E00178,8.8
2025-04-02,P0399,E00275,8.8
2025-04-02,P0404,E00257,4.4
2025-04-02,P0411,E00238,8.8
2025-04-02,P0419,E00289,8.8
2025-04-02,P0451,E00267,8.8
2025-04-02,P0476,E00287,8.8
2025-04-02,P0480,E00069,8.8
2025-04-02,P0481,E00293,8.8
2025-04-02,P0522,E00112,8.8
2025-04-02,P0561,E00258,8.8
2025-04-02,P0569,E00290,8.8
2025-04-02,P0571,E00288,8.8
2025-04-02,P0591,E00296,8.8
2025-04-02,P0597,E00165,8.8
2025-04-02,P0621,E00259,8.8
2025-04-02,P0625,E00269,8.8
2025-04-02,P0630,E00215,8.8
2025-04-02,P0636,E00216,4.4
2025-04-02,P0653,E00280,8.8
2025-04-02,P0656,E00188,8.8
2025-04-03,P0023,E00236,4.4
2025-04-03,P0028,E00281,8.8
2025-04-03,P0048,E00179,8.8
2025-04-03,P0086,E00292,8.8
2025-04-03,P0111,E00225,8.8
2025-04-03,P0144,E00294,8.8
2025-04-03,P0174,E00295,8.8
2025-04-03,P0176,E00255,8.8
2025-04-03,P0212,E00020,8.8
2025-04-03,P0259,E00226,8.8
2025-04-03,P0263,E00277,8.8
2025-04-03,P0272,E00278,8.8
2025-04-03,P0289,E00291,8.8
2025-04-03,P0299,E00297,8.8
2025-04-03,P0303,E00227,8.8
2025-04-03,P0347,E00250,8.8
2025-04-03,P0352,E00167,8.8
2025-04-03,P0372,E00178,8.8
2025-04-03,P0399,E00275,8.8
2025-04-03,P0404,E00257,4.4
2025-04-03,P0410,E00298,8.8
2025-04-03,P0419,E00289,8.8
2025-04-03,P0451,E00267,8.8
2025-04-03,P0480,E00069,8.8
2025-04-03,P0481,E00293,8.8
2025-04-03,P0522,E00112,8.8
2025-04-03,P0569,E00290,8.8
2025-04-03,P0571,E00288,8.8
2025-04-03,P0591,E00296,8.8
2025-04-03,P0597,E00165,8.8
2025-04-03,P0621,E00259,8.8
2025-04-03,P0625,E00269,8.8
2025-04-03,P0630,E00215,8.8
2025-04-03,P0636,E00216,4.4
2025-04-03,P0653,E00280,8.8
2025-04-03,P0656,E00188,8.8
2025-04-04,P0023,E00236,4.4
2025-04-04,P0028,E00281,8.8
2025-04-04,P0048,E00179,8.8
2025-04-04,P0086,E00292,8.8
2025-04-04,P0144,E00294,8.8
2025-04-04,P0174,E00295,8.8
2025-04-04,P0176,E00255,8.8
2025-04-04,P0212,E00020,8.8
2025-04-04,P0259,E00226,8.8
2025-04-04,P0263,E00277,8.8
2025-04-04,P0272,E00278,8.8
2025-04-04,P0289,E00291,8.8
2025-04-04,P0303,E00227,8.8
2025-04-04,P0352,E00167,8.8
2025-04-04,P0372,E00178,8.8
2025-04-04,P0384,E00299,8.8
2025-04-04,P0399,E00275,8.8
2025-04-04,P0404,E00257,4.4
2025-04-04,P0410,E00298,8.8
2025-04-04,P0419,E00289,8.8
2025-04-04,P0424,E00300,8.8
2025-04-04,P0451,E00267,8.8
2025-04-04,P0480,E00069,8.8
2025-04-04,P0481,E00293,8.8
2025-04-04,P0522,E00112,8.8
2025-04-04,P0524,E00301,8.8
2025-04-04,P0569,E00290,8.8
2025-04-04,P0575,E00302,8.8
2025-04-04,P0597,E00165,8.8
2025-04-04,P0621,E00259,8.8
2025-04-04,P0625,E00269,8.8
2025-04-04,P0630,E00215,8.8
2025-04-04,P0636,E00216,4.4
2025-04-04,P0653,E00280,8.8
2025-04-04,P0656,E00188,8.8
2025-04-07,P0023,E00236,4.4
2025-04-07,P0028,E00281,8.8
2025-04-07,P0048,E00179,8.8
2025-04-07,P0084,E00303,8.8
2025-04-07,P0086,E00292,8.8
2025-04-07,P0174,E00295,8.8
2025-04-07,P0176,E00255,8.8
2025-04-07,P0212,E00020,8.8
2025-04-07,P0259,E00226,8.8
2025-04-07,P0263,E00277,8.8
2025-04-07,P0272,E00278,8.8
2025-04-07,P0289,E00291,8.8
2025-04-07,P0303,E00227,8.8
2025-04-07,P0352,E00167,8.8
2025-04-07,P0372,E00178,8.8
2025-04-07,P0384,E00299,8.8
2025-04-07,P0399,E00275,8.8
2025-04-07,P0404,E00257,4.4
2025-04-07,P0410,E00298,8.8
2025-04-07,P0424,E00300,8.8
2025-04-07,P0451,E00267,8.8
2025-04-07,P0480,E00069,8.8
2025-04-07,P0481,E00293,8.8
2025-04-07,P0522,E00112,8.8
2025-04-07,P0524,E00301,8.8
2025-04-07,P0569,E00290,8.8
2025-04-07,P0575,E00302,8.8
2025-04-07,P0597,E00165,8.8
2025-04-07,P0621,E00259,8.8
2025-04-07,P0625,E00269,8.8
2025-04-07,P0630,E00215,8.8
2025-04-07,P0634,E00304,8.8
2025-04-07,P0636,E00216,4.4
2025-04-07,P0653,E00280,8.8
2025-04-07,P0656,E00188,8.8
2025-04-08,P0023,E00236,4.4
2025-04-08,P0028,E00281,8.8
2025-04-08,P0036,E00305,8.8
2025-04-08,P0048,E00179,8.8
2025-04-08,P0084,E00303,8.8
2025-04-08,P0086,E00292,8.8
2025-04-08,P0162,E00306,8.8
2025-04-08,P0174,E00295,8.8
2025-04-08,P0212,E00020,8.8
2025-04-08,P0259,E00226,8.8
2025-04-08,P0263,E00277,8.8
2025-04-08,P0272,E00278,8.8
2025-04-08,P0289,E00291,8.8
2025-04-08,P0303,E00227,8.8
2025-04-08,P0352,E00167,8.8
2025-04-08,P0355,E00307,8.8
2025-04-08,P0372,E00178,8.8
2025-04-08,P0384,E00299,8.8
2025-04-08,P0399,E00275,8.8
2025-04-08,P0410,E00298,8.8
2025-04-08,P0413,E00308,8.8
2025-04-08,P0415,E00309,8.8
2025-04-08,P0418,E00310,8.8
2025-04-08,P0424,E00300,8.8
2025-04-08,P0451,E00267,8.8
2025-04-08,P0480,E00069,8.8
2025-04-08,P0481,E00293,8.8
2025-04-08,P0515,E00311,8.8
2025-04-08,P0522,E00112,8.8
2025-04-08,P0524,E00301,8.8
2025-04-08,P0569,E00290,8.8
2025-04-08,P0575,E00302,8.8
2025-04-08,P0621,E00259,8.8
2025-04-08,P0623,E00312,8.8
2025-04-08,P0625,E00269,8.8
2025-04-08,P0634,E00304,8.8
2025-04-08,P0636,E00216,4.4
2025-04-08,P0653,E00280,8.8
2025-04-08,P0656,E00188,8.8
2025-04-09,P0023,E00236,4.4
2025-04-09,P0028,E00281,8.8
2025-04-09,P0036,E00305,8.8
2025-04-09,P0048,E00179,8.8
2025-04-09,P0080,E00313,8.8
2025-04-09,P0084,E00303,8.8
2025-04-09,P0086,E00292,8.8
2025-04-09,P0158,E00314,8.8
2025-04-09,P0162,E00306,8.8
2025-04-09,P0174,E00295,8.8
2025-04-09,P0212,E00020,8.8
2025-04-09,P0259,E00226,8.8
2025-04-09,P0263,E00277,8.8
2025-04-09,P0272,E00278,8.8
2025-04-09,P0289,E00291,8.8
2025-04-09,P0303,E00227,8.8
2025-04-09,P0352,E00167,8.8
2025-04-09,P0355,E00307,8.8
2025-04-09,P0372,E00178,8.8
2025-04-09,P0384,E00299,8.8
2025-04-09,P0399,E00275,8.8
2025-04-09,P0410,E00298,8.8
2025-04-09,P0413,E00308,8.8
2025-04-09,P0415,E00309,8.8
2025-04-09,P0418,E00310,8.8
2025-04-09,P0424,E00300,8.8
2025-04-09,P0451,E00267,8.8
2025-04-09,P0480,E00069,8.8
2025-04-09,P0481,E00293,8.8
2025-04-09,P0522,E00112,8.8
2025-04-09,P0524,E00301,8.8
2025-04-09,P0569,E00290,8.8
2025-04-09,P0575,E00302,8.8
2025-04-09,P0621,E00259,8.8
2025-04-09,P0623,E00312,8.8
2025-04-09,P0625,E00269,8.8
2025-04-09,P0628,E00315,8.8
2025-04-09,P0630,E00316,8.8
2025-04-09,P0634,E00304,8.8
2025-04-09,P0636,E00216,4.4
2025-04-09,P0641,E00317,8.8
2025-04-09,P0653,E00280,8.8
2025-04-09,P0656,E00188,8.8
2025-04-10,P0023,E00236,4.4
2025-04-10,P0028,E00281,8.8
2025-04-10,P0048,E00179,8.8
2025-04-10,P0084,E00303,8.8
2025-04-10,P0086,E00292,8.8
2025-04-10,P0158,E00314,8.8
2025-04-10,P0162,E00306,8.8
2025-04-10,P0174,E00295,8.8
2025-04-10,P0211,E00318,8.8
2025-04-10,P0212,E00020,8.8
2025-04-10,P0259,E00226,8.8
2025-04-10,P0263,E00277,8.8
2025-04-10,P0271,E00319,8.8
2025-04-10,P0272,E00278,8.8
2025-04-10,P0303,E00227,8.8
2025-04-10,P0352,E00167,8.8
2025-04-10,P0372,E00178,8.8
2025-04-10,P0384,E00299,8.8
2025-04-10,P0399,E00275,8.8
2025-04-10,P0410,E00298,8.8
2025-04-10,P0413,E00308,8.8
2025-04-10,P0418,E00310,8.8
2025-04-10,P0424,E00300,8.8
2025-04-10,P0470,E00320,8.8
2025-04-10,P0480,E00069,8.8
2025-04-10,P0481,E00293,8.8
2025-04-10,P0522,E00112,8.8
2025-04-10,P0524,E00301,8.8
2025-04-10,P0564,E00321,8.8
2025-04-10,P0569,E00290,8.8
2025-04-10,P0621,E00259,8.8
2025-04-10,P0625,E00269,8.8
2025-04-10,P0628,E00315,8.8
2025-04-10,P0630,E00316,8.8
2025-04-10,P0634,E00304,8.8
2025-04-10,P0636,E00216,4.4
2025-04-10,P0641,E00317,8.8
2025-04-10,P0653,E00280,8.8
2025-04-10,P0656,E00188,8.8
2025-04-11,P0028,E00281,8.8
2025-04-11,P0048,E00179,8.8
2025-04-11,P0084,E00303,8.8
2025-04-11,P0086,E00292,8.8
2025-04-11,P0118,E00322,8.8
2025-04-11,P0158,E00314,8.8
2025-04-11,P0162,E00306,8.8
2025-04-11,P0174,E00295,8.8
2025-04-11,P0192,E00323,4.4
2025-04-11,P0212,E00020,8.8
2025-04-11,P0259,E00226,8.8
2025-04-11,P0271,E00319,8.8
2025-04-11,P0272,E00278,8.8
2025-04-11,P0303,E00227,8.8
2025-04-11,P0339,E00324,8.8
2025-04-11,P0352,E00167,8.8
2025-04-11,P0372,E00178,8.8
2025-04-11,P0384,E00299,8.8
2025-04-11,P0399,E00275,8.8
2025-04-11,P0410,E00298,8.8
2025-04-11,P0413,E00308,8.8
2025-04-11,P0418,E00310,8.8
2025-04-11,P0424,E00300,8.8
2025-04-11,P0448,E00325,8.8
2025-04-11,P0470,E00320,8.8
2025-04-11,P0480,E00069,8.8
2025-04-11,P0481,E00293,8.8
2025-04-11,P0522,E00112,8.8
2025-04-11,P0524,E00301,8.8
2025-04-11,P0564,E00321,8.8
2025-04-11,P0569,E00290,8.8
2025-04-11,P0621,E00259,8.8
2025-04-11,P0625,E00269,8.8
2025-04-11,P0628,E00315,8.8
2025-04-11,P0630,E00316,8.8
2025-04-11,P0634,E00304,8.8
2025-04-11,P0636,E00216,4.4
2025-04-11,P0641,E00317,8.8
2025-04-11,P0653,E00280,8.8
2025-04-11,P0656,E00188,8.8
2025-04-14,P0011,E00326,8.8
2025-04-14,P0028,E00281,8.8
2025-04-14,P0048,E00179,8.8
2025-04-14,P0084,E00303,8.8
2025-04-14,P0086,E00292,8.8
2025-04-14,P0092,E00327,8.8
2025-04-14,P0112,E00328,8.8
2025-04-14,P0158,E00314,8.8
2025-04-14,P0162,E00306,8.8
2025-04-14,P0174,E00295,8.8
2025-04-14,P0212,E00020,8.8
2025-04-14,P0246,E00329,8.8
2025-04-14,P0259,E00226,8.8
2025-04-14,P0271,E00319,8.8
2025-04-14,P0303,E00227,8.8
2025-04-14,P0339,E00324,8.8
2025-04-14,P0352,E00167,8.8
2025-04-14,P0372,E00178,8.8
2025-04-14,P0384,E00299,8.8
2025-04-14,P0399,E00275,8.8
2025-04-14,P0413,E00308,8.8
2025-04-14,P0418,E00310,8.8
2025-04-14,P0424,E00300,8.8
2025-04-14,P0445,E00330,8.8
2025-04-14,P0448,E00325,8.8
2025-04-14,P0461,E00331,8.8
2025-04-14,P0470,E00320,8.8
2025-04-14,P0480,E00069,8.8
2025-04-14,P0481,E00293,8.8
2025-04-14,P0487,E00332,4.4
2025-04-14,P0522,E00112,8.8
2025-04-14,P0524,E00301,8.8
2025-04-14,P0564,E00321,8.8
2025-04-14,P0569,E00290,8.8
2025-04-14,P0621,E00259,8.8
2025-04-14,P0625,E00269,8.8
2025-04-14,P0628,E00315,8.8
2025-04-14,P0630,E00316,8.8
2025-04-14,P0634,E00304,8.8
2025-04-14,P0636,E00216,4.4
2025-04-14,P0641,E00317,8.8
2025-04-14,P0653,E00280,8.8
2025-04-14,P0656,E00188,8.8
2025-04-15,P0011,E00326,8.8
2025-04-15,P0028,E00281,8.8
2025-04-15,P0048,E00179,8.8
2025-04-15,P0086,E00292,8.8
2025-04-15,P0092,E00327,8.8
2025-04-15,P0112,E00328,8.8
2025-04-15,P0158,E00314,8.8
2025-04-15,P0162,E00306,8.8
2025-04-15,P0174,E00295,8.8
2025-04-15,P0212,E00020,8.8
2025-04-15,P0230,E00333,8.8
2025-04-15,P0246,E00329,8.8
2025-04-15,P0259,E00226,8.8
2025-04-15,P0271,E00319,8.8
2025-04-15,P0303,E00227,8.8
2025-04-15,P0339,E00324,8.8
2025-04-15,P0352,E00167,8.8
2025-04-15,P0372,E00178,8.8
2025-04-15,P0384,E00299,8.8
2025-04-15,P0399,E00275,8.8
2025-04-15,P0402,E00334,8.8
2025-04-15,P0413,E00308,8.8
2025-04-15,P0418,E00310,8.8
2025-04-15,P0445,E00330,8.8
2025-04-15,P0448,E00325,8.8
2025-04-15,P0461,E00331,8.8
2025-04-15,P0470,E00320,8.8
2025-04-15,P0480,E00069,8.8
2025-04-15,P0481,E00293,8.8
2025-04-15,P0487,E00332,4.4
2025-04-15,P0522,E00112,8.8
2025-04-15,P0524,E00301,8.8
2025-04-15,P0527,E00335,8.8
2025-04-15,P0564,E00321,8.8
2025-04-15,P0569,E00290,8.8
2025-04-15,P0625,E00269,8.8
2025-04-15,P0628,E00315,8.8
2025-04-15,P0630,E00316,8.8
2025-04-15,P0634,E00304,8.8
2025-04-15,P0636,E00216,4.4
2025-04-15,P0641,E00317,8.8
2025-04-15,P0653,E00280,8.8
2025-04-15,P0656,E00188,8.8
2025-04-16,P0011,E00326,8.8
2025-04-16,P0048,E00179,8.8
2025-04-16,P0092,E00327,8.8
2025-04-16,P0112,E00328,8.8
2025-04-16,P0144,E00336,8.8
2025-04-16,P0158,E00314,8.8
2025-04-16,P0162,E00306,8.8
2025-04-16,P0173,E00337,8.8
2025-04-16,P0174,E00295,8.8
2025-04-16,P0212,E00020,8.8
2025-04-16,P0223,E00338,8.8
2025-04-16,P0259,E00226,8.8
2025-04-16,P0264,E00339,8.8
2025-04-16,P0271,E00319,8.8
2025-04-16,P0303,E00227,8.8
2025-04-16,P0319,E00340,8.8
2025-04-16,P0352,E00167,8.8
2025-04-16,P0372,E00178,8.8
2025-04-16,P0384,E00299,8.8
2025-04-16,P0399,E00275,8.8
2025-04-16,P0402,E00334,8.8
2025-04-16,P0413,E00308,8.8
2025-04-16,P0445,E00330,8.8
2025-04-16,P0448,E00325,8.8
2025-04-16,P0461,E00331,8.8
2025-04-16,P0470,E00320,8.8
2025-04-16,P0480,E00069,8.8
2025-04-16,P0481,E00293,8.8
2025-04-16,P0522,E00112,8.8
2025-04-16,P0524,E00301,8.8
2025-04-16,P0564,E00321,8.8
2025-04-16,P0569,E00290,8.8
2025-04-16,P0597,E00341,8.8
2025-04-16,P0625,E00269,8.8
2025-04-16,P0628,E00315,8.8
2025-04-16,P0630,E00316,8.8
2025-04-16,P0636,E00216,4.4
2025-04-16,P0641,E00317,8.8
2025-04-16,P0653,E00280,8.8
2025-04-16,P0656,E00188,8.8
2025-04-17,P0011,E00326,8.8
2025-04-17,P0012,E00342,8.8
2025-04-17,P0048,E00179,8.8
2025-04-17,P0050,E00343,8.8
2025-04-17,P0092,E00327,8.8
2025-04-17,P0112,E00328,8.8
2025-04-17,P0144,E00336,8.8
2025-04-17,P0158,E00314,8.8
2025-04-17,P0162,E00306,8.8
2025-04-17,P0173,E00337,8.8
2025-04-17,P0174,E00295,8.8
2025-04-17,P0212,E00020,8.8
2025-04-17,P0223,E00338,8.8
2025-04-17,P0259,E00226,8.8
2025-04-17,P0264,E00339,8.8
2025-04-17,P0271,E00319,8.8
2025-04-17,P0319,E00340,8.8
2025-04-17,P0352,E00167,8.8
2025-04-17,P0372,E00178,8.8
2025-04-17,P0377,E00344,8.8
2025-04-17,P0384,E00299,8.8
2025-04-17,P0399,E00275,8.8
2025-04-17,P0402,E00334,8.8
2025-04-17,P0413,E00308,8.8
2025-04-17,P0429,E00345,8.8
2025-04-17,P0445,E00330,8.8
2025-04-17,P0448,E00325,8.8
2025-04-17,P0470,E00320,8.8
2025-04-17,P0480,E00069,8.8
2025-04-17,P0481,E00293,8.8
2025-04-17,P0522,E00112,8.8
2025-04-17,P0524,E00301,8.8
2025-04-17,P0569,E00290,8.8
2025-04-17,P0591,E00346,8.8
2025-04-17,P0597,E00341,8.8
2025-04-17,P0625,E00269,8.8
2025-04-17,P0628,E00315,8.8
2025-04-17,P0630,E00316,8.8
2025-04-17,P0636,E00216,4.4
2025-04-17,P0641,E00317,8.8
2025-04-17,P0653,E00280,8.8
2025-04-17,P0656,E00188,8.8
2025-04-18,P0011,E00326,8.8
2025-04-18,P0012,E00342,8.8
2025-04-18,P0021,E00347,8.8
2025-04-18,P0048,E00179,8.8
2025-04-18,P0050,E00343,8.8
2025-04-18,P0092,E00327,8.8
2025-04-18,P0112,E00328,8.8
2025-04-18,P0144,E00336,8.8
2025-04-18,P0158,E00314,8.8
2025-04-18,P0162,E00306,8.8
2025-04-18,P0173,E00337,8.8
2025-04-18,P0174,E00295,8.8
2025-04-18,P0212,E00020,8.8
2025-04-18,P0223,E00338,8.8
2025-04-18,P0259,E00226,8.8
2025-04-18,P0264,E00339,8.8
2025-04-18,P0291,E00348,4.4
2025-04-18,P0319,E00340,8.8
2025-04-18,P0352,E00167,8.8
2025-04-18,P0372,E00178,8.8
2025-04-18,P0377,E00344,8.8
2025-04-18,P0399,E00275,8.8
2025-04-18,P0413,E00308,8.8
2025-04-18,P0429,E00345,8.8
2025-04-18,P0445,E00330,8.8
2025-04-18,P0448,E00325,8.8
2025-04-18,P0469,E00349,8.8
2025-04-18,P0480,E00069,8.8
2025-04-18,P0481,E00293,8.8
2025-04-18,P0512,E00350,8.8
2025-04-18,P0522,E00112,8.8
2025-04-18,P0524,E00301,8.8
2025-04-18,P0569,E00290,8.8
2025-04-18,P0576,E00351,8.8
2025-04-18,P0581,E00352,8.8
2025-04-18,P0591,E00346,8.8
2025-04-18,P0612,E00353,8.8
2025-04-18,P0625,E00269,8.8
2025-04-18,P0628,E00315,8.8
2025-04-18,P0630,E00316,8.8
2025-04-18,P0636,E00216,4.4
2025-04-18,P0641,E00317,8.8
2025-04-18,P0644,E00354,8.8
2025-04-18,P0653,E00280,8.8
2025-04-18,P0656,E00188,8.8
2025-04-21,P0011,E00326,8.8
2025-04-21,P0012,E00342,8.8
2025-04-21,P0021,E00347,8.8
2025-04-21,P0048,E00179,8.8
2025-04-21,P0050,E00343,8.8
2025-04-21,P0086,E00355,8.8
2025-04-21,P0092,E00327,8.8
2025-04-21,P0094,E00356,8.8
2025-04-21,P0112,E00328,8.8
2025-04-21,P0144,E00336,8.8
2025-04-21,P0162,E00306,8.8
2025-04-21,P0173,E00337,8.8
2025-04-21,P0174,E00295,8.8
2025-04-21,P0212,E00020,8.8
2025-04-21,P0223,E00338,8.8
2025-04-21,P0259,E00226,8.8
2025-04-21,P0291,E00348,4.4
2025-04-21,P0317,E00357,8.8
2025-04-21,P0319,E00340,8.8
2025-04-21,P0352,E00167,8.8
2025-04-21,P0372,E00178,8.8
2025-04-21,P0377,E00344,8.8
2025-04-21,P0399,E00275,8.8
2025-04-21,P0413,E00308,8.8
2025-04-21,P0424,E00358,8.8
2025-04-21,P0429,E00345,8.8
2025-04-21,P0445,E00330,8.8
2025-04-21,P0448,E00325,8.8
2025-04-21,P0454,E00359,8.8
2025-04-21,P0469,E00349,8.8
2025-04-21,P0480,E00069,8.8
2025-04-21,P0481,E00293,8.8
2025-04-21,P0512,E00350,8.8
2025-04-21,P0522,E00112,8.8
2025-04-21,P0524,E00301,8.8
2025-04-21,P0543,E00360,8.8
2025-04-21,P0568,E00361,8.8
2025-04-21,P0569,E00290,8.8
2025-04-21,P0570,E00362,8.8
2025-04-21,P0576,E00351,8.8
2025-04-21,P0577,E00363,8.8
2025-04-21,P0591,E00346,8.8
2025-04-21,P0602,E00364,8.8
2025-04-21,P0612,E00353,8.8
2025-04-21,P0625,E00269,8.8
2025-04-21,P0628,E00315,8.8
2025-04-21,P0636,E00216,4.4
2025-04-21,P0641,E00317,8.8
2025-04-21,P0644,E00354,8.8
2025-04-21,P0653,E00280,8.8
2025-04-21,P0656,E00188,8.8
2025-04-21,P0660,E00365,8.8
2025-04-22,P0011,E00326,8.8
2025-04-22,P0012,E00342,8.8
2025-04-22,P0021,E00347,8.8
2025-04-22,P0048,E00179,8.8
2025-04-22,P0050,E00343,8.8
2025-04-22,P0092,E00327,8.8
2025-04-22,P0094,E00356,8.8
2025-04-22,P0112,E00328,8.8
2025-04-22,P0144,E00336,8.8
2025-04-22,P0162,E00306,8.8
2025-04-22,P0173,E00337,8.8
2025-04-22,P0174,E00295,8.8
2025-04-22,P0212,E00020,8.8
2025-04-22,P0223,E00338,8.8
2025-04-22,P0257,E00366,8.8
2025-04-22,P0259,E00226,8.8
2025-04-22,P0291,E00348,4.4
2025-04-22,P0300,E00367,8.8
2025-04-22,P0317,E00357,8.8
2025-04-22,P0319,E00340,8.8
2025-04-22,P0352,E00167,8.8
2025-04-22,P0362,E00368,8.8
2025-04-22,P0372,E00178,8.8
2025-04-22,P0399,E00275,8.8
2025-04-22,P0413,E00308,8.8
2025-04-22,P0424,E00358,8.8
2025-04-22,P0429,E00345,8.8
2025-04-22,P0445,E00330,8.8
2025-04-22,P0448,E00325,8.8
2025-04-22,P0454,E00359,8.8
2025-04-22,P0469,E00349,8.8
2025-04-22,P0480,E00069,8.8
2025-04-22,P0481,E00293,8.8
2025-04-22,P0512,E00350,8.8
2025-04-22,P0522,E00112,8.8
2025-04-22,P0524,E00301,8.8
2025-04-22,P0568,E00361,8.8
2025-04-22,P0569,E00290,8.8
2025-04-22,P0570,E00362,8.8
2025-04-22,P0576,E00351,8.8
2025-04-22,P0577,E00363,8.8
2025-04-22,P0591,E00346,8.8
2025-04-22,P0612,E00353,8.8
2025-04-22,P0625,E00269,8.8
2025-04-22,P0628,E00315,8.8
2025-04-22,P0636,E00216,4.4
2025-04-22,P0641,E00317,8.8
2025-04-22,P0644,E00354,8.8
2025-04-22,P0653,E00280,8.8
2025-04-22,P0656,E00188,8.8
2025-04-22,P0660,E00365,8.8
2025-04-23,P0011,E00326,8.8
2025-04-23,P0012,E00342,8.8
2025-04-23,P0021,E00347,8.8
2025-04-23,P0048,E00179,8.8
2025-04-23,P0050,E00343,8.8
2025-04-23,P0112,E00328,8.8
2025-04-23,P0133,E00369,8.8
2025-04-23,P0144,E00336,8.8
2025-04-23,P0173,E00337,8.8
2025-04-23,P0174,E00295,8.8
2025-04-23,P0212,E00020,8.8
2025-04-23,P0223,E00338,8.8
2025-04-23,P0257,E00366,8.8
2025-04-23,P0259,E00226,8.8
2025-04-23,P0291,E00348,4.4
2025-04-23,P0300,E00367,8.8
2025-04-23,P0317,E00357,8.8
2025-04-23,P0319,E00340,8.8
2025-04-23,P0352,E00167,8.8
2025-04-23,P0372,E00178,8.8
2025-04-23,P0399,E00275,8.8
2025-04-23,P0413,E00308,8.8
2025-04-23,P0424,E00358,8.8
2025-04-23,P0428,E00370,8.8
2025-04-23,P0445,E00330,8.8
2025-04-23,P0448,E00325,8.8
2025-04-23,P0454,E00359,8.8
2025-04-23,P0469,E00349,8.8
2025-04-23,P0480,E00069,8.8
2025-04-23,P0481,E00293,8.8
2025-04-23,P0490,E00371,8.8
2025-04-23,P0512,E00350,8.8
2025-04-23,P0514,E00372,8.8
2025-04-23,P0522,E00112,8.8
2025-04-23,P0524,E00301,8.8
2025-04-23,P0562,E00373,8.8
2025-04-23,P0569,E00290,8.8
2025-04-23,P0576,E00351,8.8
2025-04-23,P0577,E00363,8.8
2025-04-23,P0591,E00346,8.8
2025-04-23,P0612,E00353,8.8
2025-04-23,P0625,E00269,8.8
2025-04-23,P0628,E00315,8.8
2025-04-23,P0636,E00216,4.4
2025-04-23,P0641,E00317,8.8
2025-04-23,P0653,E00280,8.8
2025-04-23,P0656,E00188,8.8
2025-04-23,P0660,E00365,8.8
2025-04-24,P0012,E00342,8.8
2025-04-24,P0015,E00374,8.8
2025-04-24,P0021,E00347,8.8
2025-04-24,P0048,E00179,8.8
2025-04-24,P0050,E00343,8.8
2025-04-24,P0073,E00375,8.8
2025-04-24,P0112,E00328,8.8
2025-04-24,P0133,E00369,8.8
2025-04-24,P0173,E00337,8.8
2025-04-24,P0174,E00295,8.8
2025-04-24,P0212,E00020,8.8
2025-04-24,P0223,E00338,8.8
2025-04-24,P0257,E00366,8.8
2025-04-24,P0259,E00226,8.8
2025-04-24,P0291,E00348,4.4
2025-04-24,P0300,E00367,8.8
2025-04-24,P0317,E00357,8.8
2025-04-24,P0319,E00340,8.8
2025-04-24,P0347,E00376,8.8
2025-04-24,P0352,E00167,8.8
2025-04-24,P0372,E00178,8.8
2025-04-24,P0399,E00275,8.8
2025-04-24,P0413,E00308,8.8
2025-04-24,P0424,E00358,8.8
2025-04-24,P0445,E00330,8.8
2025-04-24,P0448,E00325,8.8
2025-04-24,P0454,E00359,8.8
2025-04-24,P0464,E00377,8.8
2025-04-24,P0469,E00349,8.8
2025-04-24,P0480,E00069,8.8
2025-04-24,P0481,E00293,8.8
2025-04-24,P0490,E00371,8.8
2025-04-24,P0512,E00350,8.8
2025-04-24,P0514,E00372,8.8
2025-04-24,P0522,E00112,8.8
2025-04-24,P0524,E00301,8.8
2025-04-24,P0562,E00373,8.8
2025-04-24,P0569,E00290,8.8
2025-04-24,P0576,E00351,8.8
2025-04-24,P0577,E00363,8.8
2025-04-24,P0591,E00346,8.8
2025-04-24,P0625,E00269,8.8
2025-04-24,P0628,E00315,8.8
2025-04-24,P0636,E00216,4.4
2025-04-24,P0641,E00317,8.8
2025-04-24,P0653,E00280,8.8
2025-04-24,P0656,E00188,8.8
2025-04-24,P0660,E00365,8.8
2025-04-25,P0012,E00342,8.8
2025-04-25,P0021,E00347,8.8
2025-04-25,P0048,E00179,8.8
2025-04-25,P0050,E00343,8.8
2025-04-25,P0073,E00375,8.8
2025-04-25,P0112,E00328,8.8
2025-04-25,P0133,E00369,8.8
2025-04-25,P0173,E00337,8.8
2025-04-25,P0174,E00295,8.8
2025-04-25,P0212,E00020,8.8
2025-04-25,P0223,E00338,8.8
2025-04-25,P0257,E00366,8.8
2025-04-25,P0259,E00226,8.8
2025-04-25,P0291,E00348,4.4
2025-04-25,P0300,E00367,8.8
2025-04-25,P0317,E00357,8.8
2025-04-25,P0319,E00340,8.8
2025-04-25,P0347,E00376,8.8
2025-04-25,P0352,E00167,8.8
2025-04-25,P0372,E00178,8.8
2025-04-25,P0384,E00378,8.8
2025-04-25,P0399,E00275,8.8
2025-04-25,P0424,E00358,8.8
2025-04-25,P0445,E00330,8.8
2025-04-25,P0448,E00325,8.8
2025-04-25,P0454,E00359,8.8
2025-04-25,P0464,E00377,8.8
2025-04-25,P0480,E00069,8.8
2025-04-25,P0481,E00293,8.8
2025-04-25,P0490,E00371,8.8
2025-04-25,P0512,E00350,8.8
2025-04-25,P0514,E00372,8.8
2025-04-25,P0522,E00112,8.8
2025-04-25,P0524,E00301,8.8
2025-04-25,P0562,E00373,8.8
2025-04-25,P0569,E00290,8.8
2025-04-25,P0576,E00351,8.8
2025-04-25,P0625,E00269,8.8
2025-04-25,P0628,E00315,8.8
2025-04-25,P0636,E00216,4.4
2025-04-25,P0641,E00317,8.8
2025-04-25,P0653,E00280,8.8
2025-04-25,P0656,E00188,8.8
2025-04-25,P0660,E00365,8.8
2025-04-28,P0012,E00342,8.8
2025-04-28,P0024,E00379,8.8
2025-04-28,P0036,E00380,8.8
2025-04-28,P0048,E00179,8.8
2025-04-28,P0050,E00343,8.8
2025-04-28,P0073,E00375,8.8
2025-04-28,P0075,E00381,8.8
2025-04-28,P0112,E00328,8.8
2025-04-28,P0133,E00369,8.8
2025-04-28,P0173,E00337,8.8
2025-04-28,P0174,E00295,8.8
2025-04-28,P0212,E00020,8.8
2025-04-28,P0223,E00338,8.8
2025-04-28,P0257,E00366,8.8
2025-04-28,P0259,E00226,8.8
2025-04-28,P0264,E00382,8.8
2025-04-28,P0291,E00348,4.4
2025-04-28,P0300,E00367,8.8
2025-04-28,P0317,E00357,8.8
2025-04-28,P0319,E00340,8.8
2025-04-28,P0347,E00376,8.8
2025-04-28,P0352,E00167,8.8
2025-04-28,P0372,E00178,8.8
2025-04-28,P0384,E00378,8.8
2025-04-28,P0399,E00275,8.8
2025-04-28,P0412,E00383,8.8
2025-04-28,P0424,E00358,8.8
2025-04-28,P0445,E00330,8.8
2025-04-28,P0448,E00325,8.8
2025-04-28,P0454,E00359,8.8
2025-04-28,P0464,E00377,8.8
2025-04-28,P0480,E00069,8.8
2025-04-28,P0481,E00293,8.8
2025-04-28,P0490,E00371,8.8
2025-04-28,P0512,E00384,8.8
2025-04-28,P0514,E00372,8.8
2025-04-28,P0522,E00112,8.8
2025-04-28,P0524,E00301,8.8
2025-04-28,P0562,E00373,8.8
2025-04-28,P0569,E00290,8.8
2025-04-28,P0576,E00351,8.8
2025-04-28,P0625,E00269,8.8
2025-04-28,P0628,E00315,8.8
2025-04-28,P0636,E00216,4.4
2025-04-28,P0641,E00317,8.8
2025-04-28,P0653,E00280,8.8
2025-04-28,P0656,E00188,8.8
2025-04-28,P0660,E00365,8.8
2025-04-29,P0012,E00342,8.8
2025-04-29,P0024,E00379,8.8
2025-04-29,P0036,E00380,8.8
2025-04-29,P0048,E00179,8.8
2025-04-29,P0050,E00343,8.8
2025-04-29,P0073,E00375,8.8
2025-04-29,P0112,E00328,8.8
2025-04-29,P0133,E00369,8.8
2025-04-29,P0154,E00385,8.8
2025-04-29,P0173,E00337,8.8
2025-04-29,P0174,E00295,8.8
2025-04-29,P0208,E00386,8.8
2025-04-29,P0212,E00020,8.8
2025-04-29,P0223,E00338,8.8
2025-04-29,P0259,E00226,8.8
2025-04-29,P0260,E00387,8.8
2025-04-29,P0264,E00382,8.8
2025-04-29,P0291,E00348,4.4
2025-04-29,P0300,E00367,8.8
2025-04-29,P0317,E00357,8.8
2025-04-29,P0347,E00376,8.8
2025-04-29,P0372,E00178,8.8
2025-04-29,P0384,E00378,8.8
2025-04-29,P0395,E00388,8.8
2025-04-29,P0399,E00275,8.8
2025-04-29,P0412,E00383,8.8
2025-04-29,P0424,E00358,8.8
2025-04-29,P0445,E00330,8.8
2025-04-29,P0448,E00325,8.8
2025-04-29,P0454,E00359,8.8
2025-04-29,P0464,E00377,8.8
2025-04-29,P0480,E00069,8.8
2025-04-29,P0481,E00293,8.8
2025-04-29,P0490,E00371,8.8
2025-04-29,P0512,E00384,8.8
2025-04-29,P0514,E00372,8.8
2025-04-29,P0520,E00389,8.8
2025-04-29,P0522,E00112,8.8
2025-04-29,P0524,E00301,8.8
2025-04-29,P0540,E00390,8.8
2025-04-29,P0562,E00373,8.8
2025-04-29,P0569,E00290,8.8
2025-04-29,P0625,E00269,8.8
2025-04-29,P0628,E00315,8.8
2025-04-29,P0636,E00216,4.4
2025-04-29,P0641,E00317,8.8
2025-04-29,P0644,E00391,8.8
2025-04-29,P0653,E00280,8.8
2025-04-29,P0656,E00188,8.8
2025-04-29,P0660,E00365,8.8
2025-04-30,P0012,E00342,8.8
2025-04-30,P0024,E00379,8.8
2025-04-30,P0026,E00392,8.8
2025-04-30,P0028,E00393,8.8
2025-04-30,P0036,E00380,8.8
2025-04-30,P0048,E00179,8.8
2025-04-30,P0050,E00343,8.8
2025-04-30,P0073,E00375,8.8
2025-04-30,P0112,E00328,8.8
2025-04-30,P0133,E00369,8.8
2025-04-30,P0154,E00385,8.8
2025-04-30,P0173,E00337,8.8
2025-04-30,P0174,E00295,8.8
2025-04-30,P0208,E00386,8.8
2025-04-30,P0212,E00020,8.8
2025-04-30,P0223,E00338,8.8
2025-04-30,P0259,E00226,8.8
2025-04-30,P0260,E00387,8.8
2025-04-30,P0291,E00348,4.4
2025-04-30,P0300,E00367,8.8
2025-04-30,P0317,E00357,8.8
2025-04-30,P0347,E00376,8.8
2025-04-30,P0372,E00178,8.8
2025-04-30,P0384,E00378,8.8
2025-04-30,P0395,E00388,8.8
2025-04-30,P0399,E00275,8.8
2025-04-30,P0412,E00383,8.8
2025-04-30,P0424,E00358,8.8
2025-04-30,P0445,E00330,8.8
2025-04-30,P0448,E00325,8.8
2025-04-30,P0454,E00359,8.8
2025-04-30,P0464,E00377,8.8
2025-04-30,P0468,E00394,8.8
2025-04-30,P0480,E00069,8.8
2025-04-30,P0481,E00293,8.8
2025-04-30,P0490,E00371,8.8
2025-04-30,P0512,E00384,8.8
2025-04-30,P0514,E00372,8.8
2025-04-30,P0520,E00389,8.8
2025-04-30,P0522,E00112,8.8
2025-04-30,P0524,E00301,8.8
2025-04-30,P0527,E00395,8.8
2025-04-30,P0540,E00390,8.8
2025-04-30,P0562,E00373,8.8
2025-04-30,P0569,E00290,8.8
2025-04-30,P0607,E00396,8.8
2025-04-30,P0625,E00269,8.8
2025-04-30,P0628,E00315,8.8
2025-04-30,P0636,E00216,4.4
2025-04-30,P0641,E00317,8.8
2025-04-30,P0644,E00391,8.8
2025-04-30,P0653,E00280,8.8
2025-04-30,P0656,E00188,8.8
2025-04-30,P0660,E00365,8.8
2025-05-01,P0012,E00342,8.8
2025-05-01,P0024,E00379,8.8
2025-05-01,P0026,E00392,8.8
2025-05-01,P0028,E00393,8.8
2025-05-01,P0036,E00380,8.8
2025-05-01,P0040,E00397,8.8
2025-05-01,P0048,E00179,8.8
2025-05-01,P0050,E00343,8.8
2025-05-01,P0073,E00375,8.8
2025-05-01,P0133,E00369,8.8
2025-05-01,P0174,E00295,8.8
2025-05-01,P0207,E00398,8.8
2025-05-01,P0208,E00386,8.8
2025-05-01,P0212,E00020,8.8
2025-05-01,P0223,E00338,8.8
2025-05-01,P0259,E00226,8.8
2025-05-01,P0263,E00399,8.8
2025-05-01,P0291,E00348,4.4
2025-05-01,P0300,E00367,8.8
2025-05-01,P0314,E00400,8.8
2025-05-01,P0317,E00357,8.8
2025-05-01,P0347,E00376,8.8
2025-05-01,P0372,E00178,8.8
2025-05-01,P0384,E00378,8.8
2025-05-01,P0395,E00388,8.8
2025-05-01,P0399,E00275,8.8
2025-05-01,P0412,E00383,8.8
2025-05-01,P0424,E00358,8.8
2025-05-01,P0436,E00401,8.8
2025-05-01,P0439,E00402,8.8
2025-05-01,P0445,E00330,8.8
2025-05-01,P0448,E00325,8.8
2025-05-01,P0454,E00359,8.8
2025-05-01,P0456,E00403,8.8
2025-05-01,P0464,E00377,8.8
2025-05-01,P0480,E00069,8.8
2025-05-01,P0481,E00293,8.8
2025-05-01,P0490,E00371,8.8
2025-05-01,P0504,E00404,4.4
2025-05-01,P0512,E00384,8.8
2025-05-01,P0514,E00372,8.8
2025-05-01,P0520,E00389,8.8
2025-05-01,P0522,E00112,8.8
2025-05-01,P0524,E00301,8.8
2025-05-01,P0527,E00395,8.8
2025-05-01,P0540,E00390,8.8
2025-05-01,P0542,E00405,8.8
2025-05-01,P0562,E00373,8.8
2025-05-01,P0569,E00290,8.8
2025-05-01,P0607,E00396,8.8
2025-05-01,P0617,E00406,8.8
2025-05-01,P0625,E00269,8.8
2025-05-01,P0628,E00315,8.8
2025-05-01,P0636,E00216,4.4
2025-05-01,P0641,E00317,8.8
2025-05-01,P0644,E00391,8.8
2025-05-01,P0653,E00280,8.8
2025-05-01,P0656,E00188,8.8
2025-05-02,P0012,E00342,8.8
2025-05-02,P0023,E00407,4.4
2025-05-02,P0024,E00408,8.8
2025-05-02,P0026,E00392,8.8
2025-05-02,P0028,E00393,8.8
2025-05-02,P0036,E00380,8.8
2025-05-02,P0040,E00397,8.8
2025-05-02,P0048,E00179,8.8
2025-05-02,P0050,E00343,8.8
2025-05-02,P0060,E00409,8.8
2025-05-02,P0073,E00375,8.8
2025-05-02,P0092,E00410,8.8
2025-05-02,P0133,E00369,8.8
2025-05-02,P0169,E00411,8.8
2025-05-02,P0208,E00386,8.8
2025-05-02,P0212,E00020,8.8
2025-05-02,P0223,E00338,8.8
2025-05-02,P0263,E00399,8.8
2025-05-02,P0291,E00348,4.4
2025-05-02,P0300,E00367,8.8
2025-05-02,P0317,E00357,8.8
2025-05-02,P0384,E00378,8.8
2025-05-02,P0395,E00388,8.8
2025-05-02,P0399,E00275,8.8
2025-05-02,P0412,E00383,8.8
2025-05-02,P0425,E00412,8.8
2025-05-02,P0436,E00401,8.8
2025-05-02,P0439,E00402,8.8
2025-05-02,P0445,E00330,8.8
2025-05-02,P0448,E00325,8.8
2025-05-02,P0454,E00359,8.8
2025-05-02,P0456,E00403,8.8
2025-05-02,P0464,E00377,8.8
2025-05-02,P0480,E00069,8.8
2025-05-02,P0481,E00293,8.8
2025-05-02,P0487,E00413,4.4
2025-05-02,P0504,E00404,4.4
2025-05-02,P0512,E00384,8.8
2025-05-02,P0514,E00372,8.8
2025-05-02,P0520,E00389,8.8
2025-05-02,P0522,E00112,8.8
2025-05-02,P0524,E00301,8.8
2025-05-02,P0527,E00395,8.8
2025-05-02,P0540,E00390,8.8
2025-05-02,P0562,E00373,8.8
2025-05-02,P0569,E00290,8.8
2025-05-02,P0607,E00396,8.8
2025-05-02,P0617,E00406,8.8
2025-05-02,P0625,E00269,8.8
2025-05-02,P0628,E00315,8.8
2025-05-02,P0636,E00216,4.4
2025-05-02,P0641,E00317,8.8
2025-05-02,P0644,E00391,8.8
2025-05-02,P0653,E00280,8.8
2025-05-02,P0656,E00188,8.8
2025-05-05,P0012,E00342,8.8
2025-05-05,P0021,E00414,8.8
2025-05-05,P0024,E00408,8.8
2025-05-05,P0026,E00392,8.8
2025-05-05,P0036,E00380,8.8
2025-05-05,P0040,E00397,8.8
2025-05-05,P0048,E00179,8.8
2025-05-05,P0050,E00343,8.8
2025-05-05,P0060,E00409,8.8
2025-05-05,P0073,E00375,8.8
2025-05-05,P0092,E00410,8.8
2025-05-05,P0133,E00369,8.8
2025-05-05,P0169,E00411,8.8
2025-05-05,P0208,E00386,8.8
2025-05-05,P0212,E00020,8.8
2025-05-05,P0223,E00338,8.8
2025-05-05,P0263,E00399,8.8
2025-05-05,P0291,E00348,4.4
2025-05-05,P0300,E00367,8.8
2025-05-05,P0317,E00357,8.8
2025-05-05,P0384,E00378,8.8
2025-05-05,P0399,E00275,8.8
2025-05-05,P0412,E00383,8.8
2025-05-05,P0439,E00402,8.8
2025-05-05,P0445,E00330,8.8
2025-05-05,P0448,E00325,8.8
2025-05-05,P0454,E00359,8.8
2025-05-05,P0461,E00415,8.8
2025-05-05,P0464,E00377,8.8
2025-05-05,P0480,E00069,8.8
2025-05-05,P0481,E00293,8.8
2025-05-05,P0504,E00404,4.4
2025-05-05,P0512,E00384,8.8
2025-05-05,P0514,E00372,8.8
2025-05-05,P0520,E00389,8.8
2025-05-05,P0522,E00112,8.8
2025-05-05,P0524,E00301,8.8
2025-05-05,P0527,E00395,8.8
2025-05-05,P0540,E00390,8.8
2025-05-05,P0542,E00416,8.8
2025-05-05,P0562,E00373,8.8
2025-05-05,P0569,E00290,8.8
2025-05-05,P0607,E00396,8.8
2025-05-05,P0617,E00406,8.8
2025-05-05,P0625,E00269,8.8
2025-05-05,P0628,E00315,8.8
2025-05-05,P0636,E00216,4.4
2025-05-05,P0641,E00317,8.8
2025-05-05,P0648,E00417,8.8
2025-05-05,P0653,E00280,8.8
2025-05-05,P0656,E00188,8.8
2025-05-06,P0012,E00342,8.8
2025-05-06,P0021,E00414,8.8
2025-05-06,P0024,E00408,8.8
2025-05-06,P0036,E00380,8.8
2025-05-06,P0040,E00397,8.8
2025-05-06,P0050,E00343,8.8
2025-05-06,P0060,E00409,8.8
2025-05-06,P0073,E00375,8.8
2025-05-06,P0084,E00418,8.8
2025-05-06,P0092,E00410,8.8
2025-05-06,P0133,E00369,8.8
2025-05-06,P0169,E00411,8.8
2025-05-06,P0212,E00020,8.8
2025-05-06,P0223,E00338,8.8
2025-05-06,P0263,E00399,8.8
2025-05-06,P0291,E00348,4.4
2025-05-06,P0317,E00357,8.8
2025-05-06,P0363,E00419,4.4
2025-05-06,P0384,E00378,8.8
2025-05-06,P0399,E00275,8.8
2025-05-06,P0412,E00383,8.8
2025-05-06,P0429,E00420,8.8
2025-05-06,P0445,E00330,8.8
2025-05-06,P0448,E00325,8.8
2025-05-06,P0454,E00359,8.8
2025-05-06,P0461,E00415,8.8
2025-05-06,P0464,E00377,8.8
2025-05-06,P0480,E00069,8.8
2025-05-06,P0481,E00293,8.8
2025-05-06,P0504,E00404,4.4
2025-05-06,P0512,E00384,8.8
2025-05-06,P0520,E00389,8.8
2025-05-06,P0522,E00112,8.8
2025-05-06,P0524,E00301,8.8
2025-05-06,P0527,E00395,8.8
2025-05-06,P0540,E00390,8.8
2025-05-06,P0562,E00373,8.8
2025-05-06,P0569,E00290,8.8
2025-05-06,P0607,E00396,8.8
2025-05-06,P0617,E00406,8.8
2025-05-06,P0625,E00269,8.8
2025-05-06,P0628,E00315,8.8
2025-05-06,P0636,E00216,4.4
2025-05-06,P0641,E00317,8.8
2025-05-06,P0648,E00417,8.8
2025-05-06,P0653,E00280,8.8
2025-05-06,P0656,E00188,8.8
2025-05-06,P0660,E00421,8.8
2025-05-07,P0012,E00342,8.8
2025-05-07,P0021,E00414,8.8
2025-05-07,P0024,E00408,8.8
2025-05-07,P0036,E00380,8.8
2025-05-07,P0040,E00397,8.8
2025-05-07,P0050,E00343,8.8
2025-05-07,P0054,E00422,8.8
2025-05-07,P0060,E00409,8.8
2025-05-07,P0073,E00375,8.8
2025-05-07,P0092,E00410,8.8
2025-05-07,P0133,E00369,8.8
2025-05-07,P0169,E00411,8.8
2025-05-07,P0174,E00423,8.8
2025-05-07,P0211,E00424,8.8
2025-05-07,P0212,E00020,8.8
2025-05-07,P0223,E00338,8.8
2025-05-07,P0263,E00399,8.8
2025-05-07,P0291,E00348,4.4
2025-05-07,P0317,E00357,8.8
2025-05-07,P0345,E00425,8.8
2025-05-07,P0363,E00419,4.4
2025-05-07,P0369,E00426,8.8
2025-05-07,P0384,E00378,8.8
2025-05-07,P0394,E00427,8.8
2025-05-07,P0399,E00275,8.8
2025-05-07,P0410,E00428,8.8
2025-05-07,P0412,E00383,8.8
2025-05-07,P0415,E00429,8.8
2025-05-07,P0422,E00430,8.8
2025-05-07,P0425,E00431,8.8
2025-05-07,P0429,E00420,8.8
2025-05-07,P0437,E00432,8.8
2025-05-07,P0445,E00330,8.8
2025-05-07,P0448,E00325,8.8
2025-05-07,P0454,E00359,8.8
2025-05-07,P0461,E00415,8.8
2025-05-07,P0464,E00377,8.8
2025-05-07,P0480,E00069,8.8
2025-05-07,P0481,E00293,8.8
2025-05-07,P0512,E00384,8.8
2025-05-07,P0520,E00389,8.8
2025-05-07,P0522,E00112,8.8
2025-05-07,P0524,E00301,8.8
2025-05-07,P0527,E00395,8.8
2025-05-07,P0540,E00390,8.8
2025-05-07,P0562,E00373,8.8
2025-05-07,P0569,E00290,8.8
2025-05-07,P0607,E00396,8.8
2025-05-07,P0617,E00406,8.8
2025-05-07,P0625,E00269,8.8
2025-05-07,P0628,E00315,8.8
2025-05-07,P0636,E00216,4.4
2025-05-07,P0641,E00317,8.8
2025-05-07,P0648,E00417,8.8
2025-05-07,P0653,E00280,8.8
2025-05-07,P0656,E00188,8.8
2025-05-07,P0660,E00421,8.8
2025-05-08,P0011,E00433,8.8
2025-05-08,P0012,E00342,8.8
2025-05-08,P0021,E00414,8.8
2025-05-08,P0024,E00408,8.8
2025-05-08,P0036,E00380,8.8
2025-05-08,P0040,E00397,8.8
2025-05-08,P0050,E00343,8.8
2025-05-08,P0054,E00422,8.8
2025-05-08,P0060,E00409,8.8
2025-05-08,P0063,E00434,8.8
2025-05-08,P0092,E00410,8.8
2025-05-08,P0099,E00435,8.8
2025-05-08,P0133,E00369,8.8
2025-05-08,P0169,E00411,8.8
2025-05-08,P0174,E00423,8.8
2025-05-08,P0211,E00424,8.8
2025-05-08,P0212,E00020,8.8
2025-05-08,P0223,E00338,8.8
2025-05-08,P0263,E00399,8.8
2025-05-08,P0291,E00348,4.4
2025-05-08,P0317,E00357,8.8
2025-05-08,P0335,E00436,8.8
2025-05-08,P0345,E00425,8.8
2025-05-08,P0363,E00419,4.4
2025-05-08,P0369,E00426,8.8
2025-05-08,P0375,E00437,4.4
2025-05-08,P0376,E00438,8.8
2025-05-08,P0384,E00378,8.8
2025-05-08,P0399,E00275,8.8
2025-05-08,P0410,E00428,8.8
2025-05-08,P0412,E00383,8.8
2025-05-08,P0415,E00429,8.8
2025-05-08,P0428,E00439,8.8
2025-05-08,P0429,E00420,8.8
2025-05-08,P0437,E00432,8.8
2025-05-08,P0445,E00330,8.8
2025-05-08,P0448,E00325,8.8
2025-05-08,P0454,E00359,8.8
2025-05-08,P0461,E00415,8.8
2025-05-08,P0464,E00377,8.8
2025-05-08,P0480,E00069,8.8
2025-05-08,P0481,E00293,8.8
2025-05-08,P0512,E00384,8.8
2025-05-08,P0519,E00440,4.4
2025-05-08,P0520,E00389,8.8
2025-05-08,P0522,E00112,8.8
2025-05-08,P0524,E00301,8.8
2025-05-08,P0527,E00395,8.8
2025-05-08,P0540,E00390,8.8
2025-05-08,P0562,E00373,8.8
2025-05-08,P0569,E00290,8.8
2025-05-08,P0607,E00396,8.8
2025-05-08,P0617,E00406,8.8
2025-05-08,P0625,E00269,8.8
2025-05-08,P0628,E00315,8.8
2025-05-08,P0636,E00216,4.4
2025-05-08,P0641,E00317,8.8
2025-05-08,P0648,E00417,8.8
2025-05-08,P0653,E00280,8.8
2025-05-08,P0656,E00188,8.8
2025-05-08,P0660,E00421,8.8
2025-05-09,P0011,E00433,8.8
2025-05-09,P0012,E00342,8.8
2025-05-09,P0021,E00414,8.8
2025-05-09,P0024,E00408,8.8
2025-05-09,P0036,E00380,8.8
2025-05-09,P0040,E00397,8.8
2025-05-09,P0050,E00343,8.8
2025-05-09,P0054,E00422,8.8
2025-05-09,P0060,E00409,8.8
2025-05-09,P0063,E00434,8.8
2025-05-09,P0091,E00441,8.8
2025-05-09,P0092,E00410,8.8
2025-05-09,P0099,E00435,8.8
2025-05-09,P0133,E00369,8.8
2025-05-09,P0160,E00442,8.8
2025-05-09,P0162,E00443,8.8
2025-05-09,P0174,E00423,8.8
2025-05-09,P0212,E00020,8.8
2025-05-09,P0223,E00338,8.8
2025-05-09,P0246,E00444,8.8
2025-05-09,P0263,E00399,8.8
2025-05-09,P0291,E00348,4.4
2025-05-09,P0317,E00357,8.8
2025-05-09,P0335,E00436,8.8
2025-05-09,P0345,E00425,8.8
2025-05-09,P0369,E00426,8.8
2025-05-09,P0375,E00437,4.4
2025-05-09,P0376,E00438,8.8
2025-05-09,P0384,E00378,8.8
2025-05-09,P0399,E00275,8.8
2025-05-09,P0410,E00428,8.8
2025-05-09,P0412,E00383,8.8
2025-05-09,P0428,E00439,8.8
2025-05-09,P0429,E00420,8.8
2025-05-09,P0437,E00432,8.8
2025-05-09,P0445,E00330,8.8
2025-05-09,P0448,E00325,8.8
2025-05-09,P0454,E00359,8.8
2025-05-09,P0461,E00415,8.8
2025-05-09,P0464,E00377,8.8
2025-05-09,P0480,E00069,8.8
2025-05-09,P0481,E00293,8.8
2025-05-09,P0512,E00384,8.8
2025-05-09,P0519,E00440,4.4
2025-05-09,P0520,E00389,8.8
2025-05-09,P0522,E00112,8.8
2025-05-09,P0524,E00301,8.8
2025-05-09,P0527,E00395,8.8
2025-05-09,P0540,E00390,8.8
2025-05-09,P0562,E00373,8.8
2025-05-09,P0569,E00290,8.8
2025-05-09,P0586,E00445,8.8
2025-05-09,P0607,E00396,8.8
2025-05-09,P0617,E00406,8.8
2025-05-09,P0625,E00269,8.8
2025-05-09,P0628,E00315,8.8
2025-05-09,P0636,E00216,4.4
2025-05-09,P0641,E00317,8.8
2025-05-09,P0648,E00417,8.8
2025-05-09,P0650,E00446,4.4
2025-05-09,P0653,E00280,8.8
2025-05-09,P0656,E00188,8.8
2025-05-12,P0012,E00342,8.8
2025-05-12,P0019,E00447,8.8
2025-05-12,P0021,E00414,8.8
2025-05-12,P0024,E00408,8.8
2025-05-12,P0036,E00380,8.8
2025-05-12,P0040,E00397,8.8
2025-05-12,P0050,E00343,8.8
2025-05-12,P0054,E00422,8.8
2025-05-12,P0060,E00409,8.8
2025-05-12,P0099,E00435,8.8
2025-05-12,P0133,E00369,8.8
2025-05-12,P0162,E00443,8.8
2025-05-12,P0174,E00423,8.8
2025-05-12,P0212,E00020,8.8
2025-05-12,P0223,E00338,8.8
2025-05-12,P0263,E00399,8.8
2025-05-12,P0291,E00348,4.4
2025-05-12,P0317,E00357,8.8
2025-05-12,P0335,E00436,8.8
2025-05-12,P0340,E00448,8.8
2025-05-12,P0345,E00425,8.8
2025-05-12,P0375,E00437,4.4
2025-05-12,P0376,E00438,8.8
2025-05-12,P0384,E00378,8.8
2025-05-12,P0404,E00449,4.4
2025-05-12,P0410,E00428,8.8
2025-05-12,P0412,E00383,8.8
2025-05-12,P0415,E00450,8.8
2025-05-12,P0429,E00420,8.8
2025-05-12,P0445,E00330,8.8
2025-05-12,P0448,E00325,8.8
2025-05-12,P0454,E00359,8.8
2025-05-12,P0460,E00451,8.8
2025-05-12,P0461,E00415,8.8
2025-05-12,P0464,E00377,8.8
2025-05-12,P0480,E00069,8.8
2025-05-12,P0481,E00293,8.8
2025-05-12,P0512,E00384,8.8
2025-05-12,P0522,E00112,8.8
2025-05-12,P0524,E00301,8.8
2025-05-12,P0527,E00452,8.8
2025-05-12,P0540,E00390,8.8
2025-05-12,P0562,E00373,8.8
2025-05-12,P0569,E00290,8.8
2025-05-12,P0586,E00445,8.8
2025-05-12,P0607,E00396,8.8
2025-05-12,P0617,E00406,8.8
2025-05-12,P0628,E00315,8.8
2025-05-12,P0636,E00216,4.4
2025-05-12,P0641,E00317,8.8
2025-05-12,P0653,E00280,8.8
2025-05-12,P0656,E00188,8.8
2025-05-13,P0012,E00342,8.8
2025-05-13,P0021,E00414,8.8
2025-05-13,P0024,E00408,8.8
2025-05-13,P0036,E00380,8.8
2025-05-13,P0040,E00397,8.8
2025-05-13,P0050,E00343,8.8
2025-05-13,P0054,E00422,8.8
2025-05-13,P0060,E00409,8.8
2025-05-13,P0091,E00453,8.8
2025-05-13,P0099,E00435,8.8
2025-05-13,P0101,E00454,8.8
2025-05-13,P0122,E00455,8.8
2025-05-13,P0133,E00369,8.8
2025-05-13,P0162,E00443,8.8
2025-05-13,P0174,E00423,8.8
2025-05-13,P0212,E00020,8.8
2025-05-13,P0223,E00338,8.8
2025-05-13,P0238,E00456,8.8
2025-05-13,P0263,E00399,8.8
2025-05-13,P0291,E00348,4.4
2025-05-13,P0317,E00357,8.8
2025-05-13,P0335,E00436,8.8
2025-05-13,P0340,E00448,8.8
2025-05-13,P0345,E00425,8.8
2025-05-13,P0375,E00437,4.4
2025-05-13,P0376,E00438,8.8
2025-05-13,P0384,E00378,8.8
2025-05-13,P0404,E00449,4.4
2025-05-13,P0410,E00428,8.8
2025-05-13,P0412,E00383,8.8
2025-05-13,P0429,E00420,8.8
2025-05-13,P0445,E00330,8.8
2025-05-13,P0448,E00325,8.8
2025-05-13,P0454,E00359,8.8
2025-05-13,P0460,E00451,8.8
2025-05-13,P0461,E00415,8.8
2025-05-13,P0464,E00377,8.8
2025-05-13,P0480,E00069,8.8
2025-05-13,P0481,E00293,8.8
2025-05-13,P0501,E00457,8.8
2025-05-13,P0512,E00384,8.8
2025-05-13,P0522,E00112,8.8
2025-05-13,P0524,E00301,8.8
2025-05-13,P0527,E00452,8.8
2025-05-13,P0540,E00390,8.8
2025-05-13,P0561,E00458,8.8
2025-05-13,P0569,E00290,8.8
2025-05-13,P0586,E00445,8.8
2025-05-13,P0607,E00396,8.8
2025-05-13,P0617,E00406,8.8
2025-05-13,P0628,E00315,8.8
2025-05-13,P0636,E00216,4.4
2025-05-13,P0641,E00317,8.8
2025-05-13,P0653,E00280,8.8
2025-05-13,P0656,E00188,8.8
2025-05-14,P0012,E00342,8.8
2025-05-14,P0021,E00414,8.8
2025-05-14,P0024,E00408,8.8
2025-05-14,P0028,E00459,8.8
2025-05-14,P0036,E00380,8.8
2025-05-14,P0040,E00397,8.8
2025-05-14,P0050,E00343,8.8
2025-05-14,P0054,E00422,8.8
2025-05-14,P0060,E00409,8.8
2025-05-14,P0091,E00453,8.8
2025-05-14,P0097,E00460,4.4
2025-05-14,P0099,E00435,8.8
2025-05-14,P0101,E00454,8.8
2025-05-14,P0127,E00461,8.8
2025-05-14,P0133,E00369,8.8
2025-05-14,P0162,E00443,8.8
2025-05-14,P0174,E00423,8.8
2025-05-14,P0212,E00020,8.8
2025-05-14,P0223,E00338,8.8
2025-05-14,P0263,E00399,8.8
2025-05-14,P0291,E00348,4.4
2025-05-14,P0317,E00357,8.8
2025-05-14,P0335,E00436,8.8
2025-05-14,P0340,E00448,8.8
2025-05-14,P0345,E00425,8.8
2025-05-14,P0375,E00437,4.4
2025-05-14,P0376,E00438,8.8
2025-05-14,P0384,E00378,8.8
2025-05-14,P0404,E00449,4.4
2025-05-14,P0410,E00428,8.8
2025-05-14,P0412,E00383,8.8
2025-05-14,P0429,E00420,8.8
2025-05-14,P0445,E00330,8.8
2025-05-14,P0448,E00325,8.8
2025-05-14,P0454,E00359,8.8
2025-05-14,P0460,E00451,8.8
2025-05-14,P0461,E00415,8.8
2025-05-14,P0464,E00377,8.8
2025-05-14,P0476,E00462,8.8
2025-05-14,P0480,E00069,8.8
2025-05-14,P0481,E00293,8.8
2025-05-14,P0488,E00463,8.8
2025-05-14,P0501,E00457,8.8
2025-05-14,P0512,E00384,8.8
2025-05-14,P0522,E00112,8.8
2025-05-14,P0527,E00452,8.8
2025-05-14,P0540,E00390,8.8
2025-05-14,P0561,E00458,8.8
2025-05-14,P0569,E00290,8.8
2025-05-14,P0586,E00445,8.8
2025-05-14,P0607,E00396,8.8
2025-05-14,P0617,E00406,8.8
2025-05-14,P0628,E00315,8.8
2025-05-14,P0636,E00216,4.4
2025-05-14,P0641,E00317,8.8
2025-05-14,P0653,E00280,8.8
2025-05-14,P0656,E00188,8.8
2025-05-15,P0012,E00342,8.8
2025-05-15,P0024,E00408,8.8
2025-05-15,P0028,E00459,8.8
2025-05-15,P0036,E00380,8.8
2025-05-15,P0040,E00397,8.8
2025-05-15,P0054,E00422,8.8
2025-05-15,P0060,E00409,8.8
2025-05-15,P0091,E00453,8.8
2025-05-15,P0099,E00435,8.8
2025-05-15,P0101,E00454,8.8
2025-05-15,P0112,E00464,8.8
2025-05-15,P0127,E00461,8.8
2025-05-15,P0133,E00369,8.8
2025-05-15,P0162,E00443,8.8
2025-05-15,P0174,E00423,8.8
2025-05-15,P0212,E00020,8.8
2025-05-15,P0223,E00338,8.8
2025-05-15,P0246,E00465,8.8
2025-05-15,P0263,E00399,8.8
2025-05-15,P0317,E00357,8.8
2025-05-15,P0340,E00448,8.8
2025-05-15,P0345,E00466,8.8
2025-05-15,P0375,E00437,4.4
2025-05-15,P0376,E00438,8.8
2025-05-15,P0384,E00378,8.8
2025-05-15,P0404,E00449,4.4
2025-05-15,P0410,E00428,8.8
2025-05-15,P0412,E00383,8.8
2025-05-15,P0429,E00420,8.8
2025-05-15,P0445,E00330,8.8
2025-05-15,P0448,E00325,8.8
2025-05-15,P0454,E00359,8.8
2025-05-15,P0460,E00451,8.8
2025-05-15,P0464,E00377,8.8
2025-05-15,P0469,E00467,8.8
2025-05-15,P0476,E00462,8.8
2025-05-15,P0480,E00069,8.8
2025-05-15,P0481,E00293,8.8
2025-05-15,P0487,E00468,4.4
2025-05-15,P0488,E00463,8.8
2025-05-15,P0501,E00457,8.8
2025-05-15,P0522,E00112,8.8
2025-05-15,P0527,E00452,8.8
2025-05-15,P0540,E00390,8.8
2025-05-15,P0561,E00458,8.8
2025-05-15,P0569,E00290,8.8
2025-05-15,P0586,E00445,8.8
2025-05-15,P0607,E00396,8.8
2025-05-15,P0617,E00406,8.8
2025-05-15,P0628,E00315,8.8
2025-05-15,P0636,E00216,4.4
2025-05-15,P0641,E00317,8.8
2025-05-15,P0646,E00469,8.8
2025-05-15,P0653,E00280,8.8
2025-05-15,P0656,E00188,8.8
2025-05-16,P0012,E00342,8.8
2025-05-16,P0024,E00408,8.8
2025-05-16,P0028,E00459,8.8
2025-05-16,P0036,E00380,8.8
2025-05-16,P0040,E00397,8.8
2025-05-16,P0054,E00422,8.8
2025-05-16,P0060,E00409,8.8
2025-05-16,P0091,E00453,8.8
2025-05-16,P0099,E00435,8.8
2025-05-16,P0101,E00454,8.8
2025-05-16,P0112,E00470,8.8
2025-05-16,P0127,E00461,8.8
2025-05-16,P0133,E00369,8.8
2025-05-16,P0162,E00443,8.8
2025-05-16,P0174,E00423,8.8
2025-05-16,P0186,E00471,8.8
2025-05-16,P0212,E00020,8.8
2025-05-16,P0223,E00338,8.8
2025-05-16,P0246,E00465,8.8
2025-05-16,P0297,E00472,8.8
2025-05-16,P0317,E00357,8.8
2025-05-16,P0340,E00448,8.8
2025-05-16,P0375,E00437,4.4
2025-05-16,P0376,E00438,8.8
2025-05-16,P0384,E00378,8.8
2025-05-16,P0404,E00449,4.4
2025-05-16,P0405,E00473,8.8
2025-05-16,P0410,E00428,8.8
2025-05-16,P0412,E00383,8.8
2025-05-16,P0445,E00330,8.8
2025-05-16,P0448,E00325,8.8
2025-05-16,P0454,E00359,8.8
2025-05-16,P0460,E00451,8.8
2025-05-16,P0464,E00377,8.8
2025-05-16,P0476,E00462,8.8
2025-05-16,P0480,E00069,8.8
2025-05-16,P0487,E00468,4.4
2025-05-16,P0488,E00463,8.8
2025-05-16,P0522,E00112,8.8
2025-05-16,P0527,E00452,8.8
2025-05-16,P0540,E00390,8.8
2025-05-16,P0561,E00458,8.8
2025-05-16,P0586,E00445,8.8
2025-05-16,P0607,E00396,8.8
2025-05-16,P0617,E00406,8.8
2025-05-16,P0628,E00315,8.8
2025-05-16,P0636,E00216,4.4
2025-05-16,P0641,E00317,8.8
2025-05-16,P0646,E00469,8.8
2025-05-16,P0653,E00280,8.8
2025-05-16,P0655,E00474,8.8
2025-05-16,P0656,E00188,8.8
2025-05-19,P0012,E00342,8.8
2025-05-19,P0024,E00408,8.8
2025-05-19,P0028,E00459,8.8
2025-05-19,P0036,E00380,8.8
2025-05-19,P0040,E00397,8.8
2025-05-19,P0046,E00475,8.8
2025-05-19,P0054,E00422,8.8
2025-05-19,P0060,E00409,8.8
2025-05-19,P0065,E00476,8.8
2025-05-19,P0091,E00453,8.8
2025-05-19,P0099,E00435,8.8
2025-05-19,P0101,E00454,8.8
2025-05-19,P0112,E00470,8.8
2025-05-19,P0127,E00461,8.8
2025-05-19,P0133,E00369,8.8
2025-05-19,P0162,E00443,8.8
2025-05-19,P0174,E00423,8.8
2025-05-19,P0186,E00471,8.8
2025-05-19,P0201,E00477,8.8
2025-05-19,P0212,E00020,8.8
2025-05-19,P0223,E00338,8.8
2025-05-19,P0246,E00465,8.8
2025-05-19,P0297,E00472,8.8
2025-05-19,P0317,E00357,8.8
2025-05-19,P0340,E00448,8.8
2025-05-19,P0375,E00437,4.4
2025-05-19,P0376,E00438,8.8
2025-05-19,P0377,E00478,8.8
2025-05-19,P0384,E00378,8.8
2025-05-19,P0404,E00449,4.4
2025-05-19,P0405,E00473,8.8
2025-05-19,P0410,E00428,8.8
2025-05-19,P0412,E00383,8.8
2025-05-19,P0445,E00330,8.8
2025-05-19,P0448,E00325,8.8
2025-05-19,P0454,E00359,8.8
2025-05-19,P0460,E00451,8.8
2025-05-19,P0464,E00377,8.8
2025-05-19,P0476,E00462,8.8
2025-05-19,P0480,E00069,8.8
2025-05-19,P0487,E00468,4.4
2025-05-19,P0488,E00463,8.8
2025-05-19,P0502,E00479,8.8
2025-05-19,P0522,E00112,8.8
2025-05-19,P0527,E00452,8.8
2025-05-19,P0561,E00458,8.8
2025-05-19,P0586,E00445,8.8
2025-05-19,P0607,E00396,8.8
2025-05-19,P0628,E00315,8.8
2025-05-19,P0636,E00216,4.4
2025-05-19,P0641,E00317,8.8
2025-05-19,P0646,E00469,8.8
2025-05-19,P0653,E00280,8.8
2025-05-19,P0656,E00188,8.8
2025-05-20,P0011,E00480,8.8
2025-05-20,P0012,E00342,8.8
2025-05-20,P0024,E00408,8.8
2025-05-20,P0028,E00459,8.8
2025-05-20,P0036,E00380,8.8
2025-05-20,P0054,E00422,8.8
2025-05-20,P0060,E00409,8.8
2025-05-20,P0065,E00476,8.8
2025-05-20,P0091,E00453,8.8
2025-05-20,P0099,E00435,8.8
2025-05-20,P0101,E00454,8.8
2025-05-20,P0112,E00470,8.8
2025-05-20,P0133,E00369,8.8
2025-05-20,P0162,E00443,8.8
2025-05-20,P0174,E00423,8.8
2025-05-20,P0176,E00481,8.8
2025-05-20,P0201,E00477,8.8
2025-05-20,P0212,E00020,8.8
2025-05-20,P0223,E00338,8.8
2025-05-20,P0246,E00465,8.8
2025-05-20,P0251,E00482,8.8
2025-05-20,P0317,E00357,8.8
2025-05-20,P0375,E00437,4.4
2025-05-20,P0376,E00438,8.8
2025-05-20,P0377,E00478,8.8
2025-05-20,P0384,E00378,8.8
2025-05-20,P0388,E00483,8.8
2025-05-20,P0404,E00449,4.4
2025-05-20,P0405,E00473,8.8
2025-05-20,P0410,E00428,8.8
2025-05-20,P0412,E00383,8.8
2025-05-20,P0445,E00330,8.8
2025-05-20,P0448,E00325,8.8
2025-05-20,P0454,E00359,8.8
2025-05-20,P0460,E00451,8.8
2025-05-20,P0464,E00377,8.8
2025-05-20,P0476,E00462,8.8
2025-05-20,P0480,E00069,8.8
2025-05-20,P0488,E00463,8.8
2025-05-20,P0502,E00479,8.8
2025-05-20,P0522,E00112,8.8
2025-05-20,P0525,E00484,8.8
2025-05-20,P0527,E00452,8.8
2025-05-20,P0532,E00485,8.8
2025-05-20,P0586,E00445,8.8
2025-05-20,P0628,E00315,8.8
2025-05-20,P0636,E00216,4.4
2025-05-20,P0641,E00317,8.8
2025-05-20,P0646,E00469,8.8
2025-05-20,P0653,E00280,8.8
2025-05-21,P0011,E00480,8.8
2025-05-21,P0012,E00342,8.8
2025-05-21,P0028,E00459,8.8
2025-05-21,P0036,E00380,8.8
2025-05-21,P0053,E00486,8.8
2025-05-21,P0054,E00422,8.8
2025-05-21,P0065,E00476,8.8
2025-05-21,P0091,E00453,8.8
2025-05-21,P0101,E00454,8.8
2025-05-21,P0112,E00470,8.8
2025-05-21,P0133,E00369,8.8
2025-05-21,P0139,E00487,8.8
2025-05-21,P0162,E00443,8.8
2025-05-21,P0174,E00423,8.8
2025-05-21,P0201,E00477,8.8
2025-05-21,P0212,E00020,8.8
2025-05-21,P0223,E00338,8.8
2025-05-21,P0227,E00488,8.8
2025-05-21,P0246,E00465,8.8
2025-05-21,P0251,E00482,8.8
2025-05-21,P0317,E00357,8.8
2025-05-21,P0338,E00489,8.8
2025-05-21,P0376,E00438,8.8
2025-05-21,P0377,E00478,8.8
2025-05-21,P0384,E00378,8.8
2025-05-21,P0388,E00483,8.8
2025-05-21,P0410,E00428,8.8
2025-05-21,P0412,E00383,8.8
2025-05-21,P0445,E00330,8.8
2025-05-21,P0448,E00325,8.8
2025-05-21,P0454,E00359,8.8
2025-05-21,P0460,E00451,8.8
2025-05-21,P0461,E00490,8.8
2025-05-21,P0464,E00377,8.8
2025-05-21,P0476,E00462,8.8
2025-05-21,P0480,E00069,8.8
2025-05-21,P0488,E00463,8.8
2025-05-21,P0502,E00479,8.8
2025-05-21,P0522,E00112,8.8
2025-05-21,P0525,E00484,8.8
2025-05-21,P0527,E00452,8.8
2025-05-21,P0532,E00485,8.8
2025-05-21,P0542,E00491,8.8
2025-05-21,P0586,E00445,8.8
2025-05-21,P0628,E00315,8.8
2025-05-21,P0636,E00216,4.4
2025-05-21,P0641,E00317,8.8
2025-05-21,P0646,E00469,8.8
2025-05-21,P0653,E00280,8.8
2025-05-21,P0660,E00492,8.8
2025-05-22,P0001,E00493,8.8
2025-05-22,P0011,E00480,8.8
2025-05-22,P0028,E00459,8.8
2025-05-22,P0036,E00380,8.8
2025-05-22,P0053,E00486,8.8
2025-05-22,P0054,E00422,8.8
2025-05-22,P0065,E00476,8.8
2025-05-22,P0075,E00494,8.8
2025-05-22,P0091,E00453,8.8
2025-05-22,P0098,E00495,8.8
2025-05-22,P0101,E00454,8.8
2025-05-22,P0112,E00470,8.8
2025-05-22,P0133,E00369,8.8
2025-05-22,P0139,E00487,8.8
2025-05-22,P0162,E00443,8.8
2025-05-22,P0174,E00423,8.8
2025-05-22,P0201,E00477,8.8
2025-05-22,P0212,E00020,8.8
2025-05-22,P0223,E00338,8.8
2025-05-22,P0227,E00488,8.8
2025-05-22,P0246,E00465,8.8
2025-05-22,P0251,E00482,8.8
2025-05-22,P0317,E00357,8.8
2025-05-22,P0338,E00489,8.8
2025-05-22,P0352,E00496,8.8
2025-05-22,P0376,E00438,8.8
2025-05-22,P0377,E00478,8.8
2025-05-22,P0384,E00378,8.8
2025-05-22,P0388,E00483,8.8
2025-05-22,P0410,E00428,8.8
2025-05-22,P0412,E00383,8.8
2025-05-22,P0425,E00497,8.8
2025-05-22,P0445,E00330,8.8
2025-05-22,P0448,E00325,8.8
2025-05-22,P0454,E00359,8.8
2025-05-22,P0460,E00451,8.8
2025-05-22,P0476,E00462,8.8
2025-05-22,P0480,E00069,8.8
2025-05-22,P0488,E00463,8.8
2025-05-22,P0502,E00479,8.8
2025-05-22,P0522,E00112,8.8
2025-05-22,P0525,E00484,8.8
2025-05-22,P0527,E00452,8.8
2025-05-22,P0542,E00491,8.8
2025-05-22,P0586,E00445,8.8
2025-05-22,P0623,E00498,8.8
2025-05-22,P0628,E00315,8.8
2025-05-22,P0636,E00216,4.4
2025-05-22,P0641,E00317,8.8
2025-05-22,P0653,E00280,8.8
2025-05-22,P0660,E00492,8.8
2025-05-23,P0001,E00493,8.8
2025-05-23,P0011,E00480,8.8
2025-05-23,P0026,E00499,8.8
2025-05-23,P0028,E00459,8.8
2025-05-23,P0036,E00380,8.8
2025-05-23,P0053,E00486,8.8
2025-05-23,P0054,E00422,8.8
2025-05-23,P0060,E00500,8.8
2025-05-23,P0065,E00476,8.8
2025-05-23,P0091,E00453,8.8
2025-05-23,P0101,E00454,8.8
2025-05-23,P0112,E00470,8.8
2025-05-23,P0127,E00501,8.8
2025-05-23,P0133,E00369,8.8
2025-05-23,P0139,E00487,8.8
2025-05-23,P0154,E00502,8.8
2025-05-23,P0162,E00443,8.8
2025-05-23,P0169,E00503,8.8
2025-05-23,P0174,E00423,8.8
2025-05-23,P0201,E00477,8.8
2025-05-23,P0212,E00020,8.8
2025-05-23,P0223,E00338,8.8
2025-05-23,P0227,E00488,8.8
2025-05-23,P0251,E00482,8.8
2025-05-23,P0317,E00357,8.8
2025-05-23,P0338,E00489,8.8
2025-05-23,P0352,E00496,8.8
2025-05-23,P0376,E00438,8.8
2025-05-23,P0377,E00478,8.8
2025-05-23,P0384,E00378,8.8
2025-05-23,P0388,E00483,8.8
2025-05-23,P0396,E00504,8.8
2025-05-23,P0410,E00428,8.8
2025-05-23,P0412,E00383,8.8
2025-05-23,P0415,E00505,8.8
2025-05-23,P0425,E00497,8.8
2025-05-23,P0445,E00330,8.8
2025-05-23,P0448,E00325,8.8
2025-05-23,P0476,E00462,8.8
2025-05-23,P0480,E00069,8.8
2025-05-23,P0488,E00463,8.8
2025-05-23,P0490,E00506,8.8
2025-05-23,P0502,E00479,8.8
2025-05-23,P0525,E00484,8.8
2025-05-23,P0527,E00452,8.8
2025-05-23,P0542,E00491,8.8
2025-05-23,P0586,E00445,8.8
2025-05-23,P0610,E00507,8.8
2025-05-23,P0623,E00498,8.8
2025-05-23,P0628,E00315,8.8
2025-05-23,P0636,E00216,4.4
2025-05-23,P0641,E00317,8.8
2025-05-23,P0653,E00280,8.8
2025-05-23,P0660,E00492,8.8
2025-05-26,P0001,E00493,8.8
2025-05-26,P0011,E00480,8.8
2025-05-26,P0026,E00499,8.8
2025-05-26,P0028,E00459,8.8
2025-05-26,P0036,E00380,8.8
2025-05-26,P0053,E00486,8.8
2025-05-26,P0054,E00422,8.8
2025-05-26,P0060,E00500,8.8
2025-05-26,P0065,E00476,8.8
2025-05-26,P0091,E00453,8.8
2025-05-26,P0101,E00454,8.8
2025-05-26,P0112,E00470,8.8
2025-05-26,P0127,E00501,8.8
2025-05-26,P0133,E00369,8.8
2025-05-26,P0139,E00487,8.8
2025-05-26,P0154,E00502,8.8
2025-05-26,P0162,E00443,8.8
2025-05-26,P0169,E00503,8.8
2025-05-26,P0174,E00423,8.8
2025-05-26,P0201,E00477,8.8
2025-05-26,P0212,E00020,8.8
2025-05-26,P0223,E00338,8.8
2025-05-26,P0227,E00488,8.8
2025-05-26,P0251,E00482,8.8
2025-05-26,P0317,E00357,8.8
2025-05-26,P0338,E00489,8.8
2025-05-26,P0352,E00496,8.8
2025-05-26,P0365,E00508,8.8
2025-05-26,P0376,E00438,8.8
2025-05-26,P0377,E00478,8.8
2025-05-26,P0384,E00378,8.8
2025-05-26,P0396,E00504,8.8
2025-05-26,P0410,E00428,8.8
2025-05-26,P0412,E00383,8.8
2025-05-26,P0415,E00505,8.8
2025-05-26,P0425,E00497,8.8
2025-05-26,P0445,E00330,8.8
2025-05-26,P0448,E00325,8.8
2025-05-26,P0451,E00509,8.8
2025-05-26,P0476,E00462,8.8
2025-05-26,P0480,E00069,8.8
2025-05-26,P0488,E00463,8.8
2025-05-26,P0490,E00506,8.8
2025-05-26,P0502,E00479,8.8
2025-05-26,P0525,E00484,8.8
2025-05-26,P0527,E00452,8.8
2025-05-26,P0542,E00491,8.8
2025-05-26,P0586,E00445,8.8
2025-05-26,P0610,E00507,8.8
2025-05-26,P0623,E00498,8.8
2025-05-26,P0628,E00315,8.8
2025-05-26,P0636,E00216,4.4
2025-05-26,P0641,E00317,8.8
2025-05-26,P0648,E00510,8.8
2025-05-26,P0653,E00280,8.8
2025-05-27,P0011,E00480,8.8
2025-05-27,P0026,E00499,8.8
2025-05-27,P0028,E00459,8.8
2025-05-27,P0036,E00380,8.8
2025-05-27,P0054,E00422,8.8
2025-05-27,P0060,E00500,8.8
2025-05-27,P0065,E00476,8.8
2025-05-27,P0085,E00511,8.8
2025-05-27,P0091,E00453,8.8
2025-05-27,P0101,E00454,8.8
2025-05-27,P0112,E00470,8.8
2025-05-27,P0133,E00369,8.8
2025-05-27,P0139,E00487,8.8
2025-05-27,P0154,E00502,8.8
2025-05-27,P0162,E00443,8.8
2025-05-27,P0169,E00503,8.8
2025-05-27,P0174,E00423,8.8
2025-05-27,P0201,E00477,8.8
2025-05-27,P0212,E00020,8.8
2025-05-27,P0223,E00338,8.8
2025-05-27,P0311,E00512,8.8
2025-05-27,P0317,E00357,8.8
2025-05-27,P0338,E00489,8.8
2025-05-27,P0339,E00513,8.8
2025-05-27,P0352,E00496,8.8
2025-05-27,P0365,E00508,8.8
2025-05-27,P0376,E00438,8.8
2025-05-27,P0377,E00478,8.8
2025-05-27,P0384,E00378,8.8
2025-05-27,P0396,E00504,8.8
2025-05-27,P0410,E00428,8.8
2025-05-27,P0412,E00383,8.8
2025-05-27,P0415,E00505,8.8
2025-05-27,P0425,E00497,8.8
2025-05-27,P0428,E00514,8.8
2025-05-27,P0445,E00330,8.8
2025-05-27,P0448,E00325,8.8
2025-05-27,P0451,E00509,8.8
2025-05-27,P0476,E00462,8.8
2025-05-27,P0480,E00069,8.8
2025-05-27,P0488,E00463,8.8
2025-05-27,P0490,E00506,8.8
2025-05-27,P0491,E00515,8.8
2025-05-27,P0502,E00479,8.8
2025-05-27,P0525,E00484,8.8
2025-05-27,P0527,E00452,8.8
2025-05-27,P0542,E00491,8.8
2025-05-27,P0581,E00516,8.8
2025-05-27,P0586,E00445,8.8
2025-05-27,P0591,E00517,8.8
2025-05-27,P0610,E00507,8.8
2025-05-27,P0623,E00498,8.8
2025-05-27,P0628,E00315,8.8
2025-05-27,P0636,E00216,4.4
2025-05-27,P0641,E00317,8.8
2025-05-27,P0648,E00510,8.8
2025-05-27,P0653,E00280,8.8
2025-05-28,P0011,E00480,8.8
2025-05-28,P0021,E00518,8.8
2025-05-28,P0026,E00499,8.8
2025-05-28,P0028,E00459,8.8
2025-05-28,P0036,E00380,8.8
2025-05-28,P0054,E00422,8.8
2025-05-28,P0060,E00500,8.8
2025-05-28,P0065,E00476,8.8
2025-05-28,P0085,E00511,8.8
2025-05-28,P0091,E00453,8.8
2025-05-28,P0101,E00454,8.8
2025-05-28,P0112,E00470,8.8
2025-05-28,P0133,E00369,8.8
2025-05-28,P0139,E00487,8.8
2025-05-28,P0154,E00502,8.8
2025-05-28,P0162,E00443,8.8
2025-05-28,P0169,E00503,8.8
2025-05-28,P0174,E00423,8.8
2025-05-28,P0201,E00477,8.8
2025-05-28,P0212,E00020,8.8
2025-05-28,P0223,E00338,8.8
2025-05-28,P0264,E00519,8.8
2025-05-28,P0311,E00520,8.8
2025-05-28,P0317,E00357,8.8
2025-05-28,P0338,E00489,8.8
2025-05-28,P0339,E00521,8.8
2025-05-28,P0352,E00496,8.8
2025-05-28,P0376,E00438,8.8
2025-05-28,P0377,E00478,8.8
2025-05-28,P0384,E00378,8.8
2025-05-28,P0386,E00522,8.8
2025-05-28,P0395,E00523,8.8
2025-05-28,P0396,E00504,8.8
2025-05-28,P0412,E00383,8.8
2025-05-28,P0415,E00505,8.8
2025-05-28,P0425,E00497,8.8
2025-05-28,P0428,E00514,8.8
2025-05-28,P0445,E00330,8.8
2025-05-28,P0448,E00325,8.8
2025-05-28,P0451,E00509,8.8
2025-05-28,P0476,E00462,8.8
2025-05-28,P0480,E00069,8.8
2025-05-28,P0488,E00463,8.8
2025-05-28,P0490,E00506,8.8
2025-05-28,P0491,E00515,8.8
2025-05-28,P0502,E00479,8.8
2025-05-28,P0515,E00524,8.8
2025-05-28,P0527,E00452,8.8
2025-05-28,P0542,E00491,8.8
2025-05-28,P0581,E00516,8.8
2025-05-28,P0586,E00445,8.8
2025-05-28,P0591,E00517,8.8
2025-05-28,P0610,E00507,8.8
2025-05-28,P0623,E00498,8.8
2025-05-28,P0628,E00315,8.8
2025-05-28,P0636,E00216,4.4
2025-05-28,P0641,E00317,8.8
2025-05-28,P0648,E00510,8.8
2025-05-28,P0653,E00280,8.8
2025-05-28,P0659,E00525,8.8
2025-05-29,P0011,E00480,8.8
2025-05-29,P0021,E00518,8.8
2025-05-29,P0026,E00499,8.8
2025-05-29,P0028,E00459,8.8
2025-05-29,P0036,E00380,8.8
2025-05-29,P0054,E00422,8.8
2025-05-29,P0060,E00500,8.8
2025-05-29,P0085,E00511,8.8
2025-05-29,P0091,E00453,8.8
2025-05-29,P0101,E00454,8.8
2025-05-29,P0112,E00470,8.8
2025-05-29,P0118,E00526,8.8
2025-05-29,P0133,E00369,8.8
2025-05-29,P0139,E00487,8.8
2025-05-29,P0154,E00502,8.8
2025-05-29,P0162,E00443,8.8
2025-05-29,P0169,E00503,8.8
2025-05-29,P0174,E00423,8.8
2025-05-29,P0201,E00477,8.8
2025-05-29,P0212,E00020,8.8
2025-05-29,P0223,E00338,8.8
2025-05-29,P0238,E00527,8.8
2025-05-29,P0264,E00519,8.8
2025-05-29,P0299,E00528,8.8
2025-05-29,P0311,E00520,8.8
2025-05-29,P0317,E00357,8.8
2025-05-29,P0338,E00489,8.8
2025-05-29,P0352,E00496,8.8
2025-05-29,P0361,E00529,8.8
2025-05-29,P0376,E00438,8.8
2025-05-29,P0377,E00478,8.8
2025-05-29,P0384,E00378,8.8
2025-05-29,P0395,E00523,8.8
2025-05-29,P0412,E00383,8.8
2025-05-29,P0413,E00530,8.8
2025-05-29,P0415,E00505,8.8
2025-05-29,P0425,E00497,8.8
2025-05-29,P0428,E00514,8.8
2025-05-29,P0445,E00330,8.8
2025-05-29,P0448,E00325,8.8
2025-05-29,P0451,E00509,8.8
2025-05-29,P0476,E00462,8.8
2025-05-29,P0480,E00069,8.8
2025-05-29,P0488,E00463,8.8
2025-05-29,P0490,E00506,8.8
2025-05-29,P0491,E00515,8.8
2025-05-29,P0502,E00479,8.8
2025-05-29,P0515,E00524,8.8
2025-05-29,P0527,E00452,8.8
2025-05-29,P0542,E00491,8.8
2025-05-29,P0581,E00516,8.8
2025-05-29,P0586,E00445,8.8
2025-05-29,P0591,E00517,8.8
2025-05-29,P0610,E00507,8.8
2025-05-29,P0623,E00498,8.8
2025-05-29,P0636,E00216,4.4
2025-05-29,P0641,E00317,8.8
2025-05-29,P0648,E00510,8.8
2025-05-29,P0653,E00280,8.8
2025-05-29,P0659,E00525,8.8
2025-05-30,P0011,E00480,8.8
2025-05-30,P0026,E00499,8.8
2025-05-30,P0028,E00459,8.8
2025-05-30,P0036,E00380,8.8
2025-05-30,P0054,E00422,8.8
2025-05-30,P0060,E00500,8.8
2025-05-30,P0085,E00511,8.8
2025-05-30,P0091,E00453,8.8
2025-05-30,P0101,E00454,8.8
2025-05-30,P0112,E00470,8.8
2025-05-30,P0133,E00369,8.8
2025-05-30,P0162,E00443,8.8
2025-05-30,P0169,E00503,8.8
2025-05-30,P0174,E00423,8.8
2025-05-30,P0201,E00477,8.8
2025-05-30,P0212,E00020,8.8
2025-05-30,P0223,E00338,8.8
2025-05-30,P0238,E00527,8.8
2025-05-30,P0264,E00519,8.8
2025-05-30,P0317,E00357,8.8
2025-05-30,P0338,E00489,8.8
2025-05-30,P0352,E00496,8.8
2025-05-30,P0361,E00529,8.8
2025-05-30,P0376,E00438,8.8
2025-05-30,P0377,E00478,8.8
2025-05-30,P0384,E00378,8.8
2025-05-30,P0395,E00523,8.8
2025-05-30,P0412,E00383,8.8
2025-05-30,P0413,E00530,8.8
2025-05-30,P0415,E00505,8.8
2025-05-30,P0428,E00514,8.8
2025-05-30,P0445,E00330,8.8
2025-05-30,P0448,E00325,8.8
2025-05-30,P0451,E00509,8.8
2025-05-30,P0476,E00462,8.8
2025-05-30,P0480,E00069,8.8
2025-05-30,P0488,E00463,8.8
2025-05-30,P0490,E00506,8.8
2025-05-30,P0491,E00515,8.8
2025-05-30,P0502,E00479,8.8
2025-05-30,P0515,E00524,8.8
2025-05-30,P0527,E00452,8.8
2025-05-30,P0542,E00491,8.8
2025-05-30,P0581,E00516,8.8
2025-05-30,P0586,E00445,8.8
2025-05-30,P0591,E00517,8.8
2025-05-30,P0610,E00507,8.8
2025-05-30,P0619,E00531,8.8
2025-05-30,P0623,E00498,8.8
2025-05-30,P0636,E00216,4.4
2025-05-30,P0641,E00317,8.8
2025-05-30,P0648,E00510,8.8
2025-05-30,P0653,E00280,8.8
2025-05-30,P0659,E00525,8.8
2025-05-30,P0675,E00532,8.8
2025-06-02,P0011,E00480,8.8
2025-06-02,P0026,E00499,8.8
2025-06-02,P0028,E00459,8.8
2025-06-02,P0036,E00380,8.8
2025-06-02,P0054,E00422,8.8
2025-06-02,P0060,E00500,8.8
2025-06-02,P0101,E00454,8.8
2025-06-02,P0112,E00470,8.8
2025-06-02,P0133,E00369,8.8
2025-06-02,P0162,E00443,8.8
2025-06-02,P0169,E00503,8.8
2025-06-02,P0174,E00423,8.8
2025-06-02,P0201,E00477,8.8
2025-06-02,P0212,E00020,8.8
2025-06-02,P0223,E00338,8.8
2025-06-02,P0238,E00533,8.8
2025-06-02,P0264,E00519,8.8
2025-06-02,P0317,E00357,8.8
2025-06-02,P0338,E00489,8.8
2025-06-02,P0339,E00534,8.8
2025-06-02,P0352,E00496,8.8
2025-06-02,P0361,E00529,8.8
2025-06-02,P0372,E00535,8.8
2025-06-02,P0377,E00478,8.8
2025-06-02,P0384,E00378,8.8
2025-06-02,P0395,E00523,8.8
2025-06-02,P0412,E00383,8.8
2025-06-02,P0413,E00530,8.8
2025-06-02,P0415,E00505,8.8
2025-06-02,P0428,E00514,8.8
2025-06-02,P0445,E00330,8.8
2025-06-02,P0448,E00325,8.8
2025-06-02,P0451,E00509,8.8
2025-06-02,P0476,E00462,8.8
2025-06-02,P0480,E00069,8.8
2025-06-02,P0488,E00463,8.8
2025-06-02,P0490,E00506,8.8
2025-06-02,P0491,E00515,8.8
2025-06-02,P0492,E00536,8.8
2025-06-02,P0502,E00479,8.8
2025-06-02,P0515,E00524,8.8
2025-06-02,P0527,E00452,8.8
2025-06-02,P0542,E00491,8.8
2025-06-02,P0581,E00516,8.8
2025-06-02,P0586,E00445,8.8
2025-06-02,P0591,E00517,8.8
2025-06-02,P0610,E00507,8.8
2025-06-02,P0619,E00531,8.8
2025-06-02,P0623,E00498,8.8
2025-06-02,P0636,E00216,4.4
2025-06-02,P0641,E00317,8.8
2025-06-02,P0648,E00510,8.8
2025-06-02,P0653,E00280,8.8
2025-06-02,P0659,E00525,8.8
2025-06-03,P0011,E00480,8.8
2025-06-03,P0026,E00499,8.8
2025-06-03,P0028,E00459,8.8
2025-06-03,P0036,E00380,8.8
2025-06-03,P0060,E00500,8.8
2025-06-03,P0112,E00470,8.8
2025-06-03,P0127,E00537,8.8
2025-06-03,P0162,E00443,8.8
2025-06-03,P0169,E00503,8.8
2025-06-03,P0174,E00423,8.8
2025-06-03,P0201,E00477,8.8
2025-06-03,P0212,E00020,8.8
2025-06-03,P0223,E00338,8.8
2025-06-03,P0225,E00538,8.8
2025-06-03,P0238,E00533,8.8
2025-06-03,P0264,E00519,8.8
2025-06-03,P0317,E00357,8.8
2025-06-03,P0338,E00489,8.8
2025-06-03,P0339,E00534,8.8
2025-06-03,P0352,E00496,8.8
2025-06-03,P0372,E00535,8.8
2025-06-03,P0384,E00378,8.8
2025-06-03,P0386,E00539,8.8
2025-06-03,P0395,E00523,8.8
2025-06-03,P0412,E00383,8.8
2025-06-03,P0413,E00530,8.8
2025-06-03,P0415,E00505,8.8
2025-06-03,P0428,E00514,8.8
2025-06-03,P0445,E00330,8.8
2025-06-03,P0448,E00325,8.8
2025-06-03,P0451,E00509,8.8
2025-06-03,P0476,E00462,8.8
2025-06-03,P0480,E00069,8.8
2025-06-03,P0488,E00463,8.8
2025-06-03,P0492,E00536,8.8
2025-06-03,P0502,E00479,8.8
2025-06-03,P0515,E00524,8.8
2025-06-03,P0527,E00452,8.8
2025-06-03,P0536,E00540,8.8
2025-06-03,P0542,E00491,8.8
2025-06-03,P0573,E00541,8.8
2025-06-03,P0581,E00516,8.8
2025-06-03,P0586,E00445,8.8
2025-06-03,P0591,E00517,8.8
2025-06-03,P0610,E00507,8.8
2025-06-03,P0619,E00531,8.8
2025-06-03,P0621,E00542,8.8
2025-06-03,P0623,E00498,8.8
2025-06-03,P0636,E00216,4.4
2025-06-03,P0641,E00317,8.8
2025-06-03,P0648,E00510,8.8
2025-06-03,P0653,E00280,8.8
2025-06-03,P0659,E00525,8.8
2025-06-04,P0011,E00480,8.8
2025-06-04,P0028,E00459,8.8
2025-06-04,P0036,E00380,8.8
2025-06-04,P0060,E00500,8.8
2025-06-04,P0112,E00470,8.8
2025-06-04,P0127,E00537,8.8
2025-06-04,P0162,E00443,8.8
2025-06-04,P0169,E00503,8.8
2025-06-04,P0174,E00423,8.8
2025-06-04,P0201,E00477,8.8
2025-06-04,P0212,E00020,8.8
2025-06-04,P0223,E00338,8.8
2025-06-04,P0238,E00533,8.8
2025-06-04,P0264,E00519,8.8
2025-06-04,P0317,E00357,8.8
2025-06-04,P0338,E00489,8.8
2025-06-04,P0339,E00534,8.8
2025-06-04,P0352,E00496,8.8
2025-06-04,P0384,E00378,8.8
2025-06-04,P0386,E00539,8.8
2025-06-04,P0395,E00523,8.8
2025-06-04,P0412,E00383,8.8
2025-06-04,P0413,E00530,8.8
2025-06-04,P0415,E00505,8.8
2025-06-04,P0428,E00514,8.8
2025-06-04,P0445,E00330,8.8
2025-06-04,P0448,E00325,8.8
2025-06-04,P0451,E00509,8.8
2025-06-04,P0476,E00462,8.8
2025-06-04,P0480,E00069,8.8
2025-06-04,P0488,E00463,8.8
2025-06-04,P0490,E00543,8.8
2025-06-04,P0502,E00479,8.8
2025-06-04,P0515,E00524,8.8
2025-06-04,P0527,E00452,8.8
2025-06-04,P0536,E00540,8.8
2025-06-04,P0542,E00491,8.8
2025-06-04,P0573,E00544,8.8
2025-06-04,P0581,E00516,8.8
2025-06-04,P0586,E00445,8.8
2025-06-04,P0591,E00517,8.8
2025-06-04,P0610,E00507,8.8
2025-06-04,P0619,E00531,8.8
2025-06-04,P0623,E00498,8.8
2025-06-04,P0636,E00216,4.4
2025-06-04,P0641,E00317,8.8
2025-06-04,P0648,E00510,8.8
2025-06-04,P0653,E00280,8.8
2025-06-05,P0011,E00480,8.8
2025-06-05,P0028,E00459,8.8
2025-06-05,P0036,E00380,8.8
2025-06-05,P0060,E00500,8.8
2025-06-05,P0063,E00545,8.8
2025-06-05,P0096,E00546,8.8
2025-06-05,P0112,E00470,8.8
2025-06-05,P0127,E00537,8.8
2025-06-05,P0132,E00547,8.8
2025-06-05,P0162,E00443,8.8
2025-06-05,P0169,E00503,8.8
2025-06-05,P0174,E00423,8.8
2025-06-05,P0201,E00477,8.8
2025-06-05,P0212,E00020,8.8
2025-06-05,P0218,E00548,8.8
2025-06-05,P0223,E00338,8.8
2025-06-05,P0238,E00533,8.8
2025-06-05,P0264,E00519,8.8
2025-06-05,P0317,E00357,8.8
2025-06-05,P0323,E00549,4.4
2025-06-05,P0339,E00534,8.8
2025-06-05,P0352,E00496,8.8
2025-06-05,P0384,E00378,8.8
2025-06-05,P0386,E00539,8.8
2025-06-05,P0395,E00523,8.8
2025-06-05,P0412,E00383,8.8
2025-06-05,P0413,E00530,8.8
2025-06-05,P0415,E00505,8.8
2025-06-05,P0428,E00514,8.8
2025-06-05,P0437,E00550,8.8
2025-06-05,P0445,E00330,8.8
2025-06-05,P0448,E00325,8.8
2025-06-05,P0451,E00509,8.8
2025-06-05,P0468,E00551,8.8
2025-06-05,P0476,E00462,8.8
2025-06-05,P0480,E00069,8.8
2025-06-05,P0488,E00463,8.8
2025-06-05,P0502,E00479,8.8
2025-06-05,P0515,E00524,8.8
2025-06-05,P0527,E00452,8.8
2025-06-05,P0536,E00540,8.8
2025-06-05,P0542,E00491,8.8
2025-06-05,P0573,E00544,8.8
2025-06-05,P0581,E00516,8.8
2025-06-05,P0586,E00445,8.8
2025-06-05,P0591,E00517,8.8
2025-06-05,P0610,E00507,8.8
2025-06-05,P0619,E00531,8.8
2025-06-05,P0623,E00498,8.8
2025-06-05,P0628,E00552,8.8
2025-06-05,P0636,E00216,4.4
2025-06-05,P0641,E00317,8.8
2025-06-05,P0648,E00510,8.8
2025-06-05,P0653,E00280,8.8
2025-06-05,P0678,E00553,4.4
2025-06-06,P0011,E00480,8.8
2025-06-06,P0028,E00459,8.8
2025-06-06,P0036,E00380,8.8
2025-06-06,P0040,E00554,8.8
2025-06-06,P0060,E00500,8.8
2025-06-06,P0063,E00545,8.8
2025-06-06,P0107,E00555,8.8
2025-06-06,P0118,E00556,8.8
2025-06-06,P0127,E00537,8.8
2025-06-06,P0132,E00547,8.8
2025-06-06,P0162,E00443,8.8
2025-06-06,P0169,E00503,8.8
2025-06-06,P0174,E00423,8.8
2025-06-06,P0175,E00557,8.8
2025-06-06,P0201,E00477,8.8
2025-06-06,P0212,E00020,8.8
2025-06-06,P0223,E00338,8.8
2025-06-06,P0238,E00533,8.8
2025-06-06,P0264,E00519,8.8
2025-06-06,P0317,E00357,8.8
2025-06-06,P0323,E00549,4.4
2025-06-06,P0339,E00534,8.8
2025-06-06,P0352,E00496,8.8
2025-06-06,P0384,E00378,8.8
2025-06-06,P0386,E00539,8.8
2025-06-06,P0395,E00523,8.8
2025-06-06,P0412,E00383,8.8
2025-06-06,P0413,E00530,8.8
2025-06-06,P0415,E00505,8.8
2025-06-06,P0428,E00514,8.8
2025-06-06,P0437,E00550,8.8
2025-06-06,P0448,E00325,8.8
2025-06-06,P0451,E00509,8.8
2025-06-06,P0476,E00462,8.8
2025-06-06,P0480,E00069,8.8
2025-06-06,P0488,E00463,8.8
2025-06-06,P0502,E00479,8.8
2025-06-06,P0515,E00524,8.8
2025-06-06,P0527,E00452,8.8
2025-06-06,P0536,E00540,8.8
2025-06-06,P0542,E00491,8.8
2025-06-06,P0573,E00544,8.8
2025-06-06,P0581,E00516,8.8
2025-06-06,P0586,E00445,8.8
2025-06-06,P0591,E00517,8.8
2025-06-06,P0602,E00558,8.8
2025-06-06,P0610,E00507,8.8
2025-06-06,P0619,E00531,8.8
2025-06-06,P0623,E00498,8.8
2025-06-06,P0628,E00552,8.8
2025-06-06,P0636,E00216,4.4
2025-06-06,P0641,E00317,8.8
2025-06-06,P0648,E00510,8.8
2025-06-06,P0653,E00280,8.8
2025-06-06,P0678,E00553,4.4
2025-06-09,P0011,E00480,8.8
2025-06-09,P0028,E00459,8.8
2025-06-09,P0060,E00500,8.8
2025-06-09,P0098,E00559,8.8
2025-06-09,P0118,E00556,8.8
2025-06-09,P0128,E00560,8.8
2025-06-09,P0132,E00547,8.8
2025-06-09,P0162,E00443,8.8
2025-06-09,P0169,E00503,8.8
2025-06-09,P0174,E00423,8.8
2025-06-09,P0175,E00557,8.8
2025-06-09,P0201,E00477,8.8
2025-06-09,P0212,E00020,8.8
2025-06-09,P0223,E00338,8.8
2025-06-09,P0238,E00533,8.8
2025-06-09,P0264,E00519,8.8
2025-06-09,P0287,E00561,8.8
2025-06-09,P0317,E00357,8.8
2025-06-09,P0323,E00562,4.4
2025-06-09,P0339,E00534,8.8
2025-06-09,P0384,E00378,8.8
2025-06-09,P0386,E00539,8.8
2025-06-09,P0395,E00523,8.8
2025-06-09,P0412,E00383,8.8
2025-06-09,P0413,E00530,8.8
2025-06-09,P0415,E00505,8.8
2025-06-09,P0428,E00514,8.8
2025-06-09,P0437,E00550,8.8
2025-06-09,P0448,E00325,8.8
2025-06-09,P0451,E00509,8.8
2025-06-09,P0476,E00462,8.8
2025-06-09,P0480,E00069,8.8
2025-06-09,P0488,E00463,8.8
2025-06-09,P0515,E00524,8.8
2025-06-09,P0522,E00563,8.8
2025-06-09,P0527,E00452,8.8
2025-06-09,P0536,E00540,8.8
2025-06-09,P0542,E00491,8.8
2025-06-09,P0573,E00544,8.8
2025-06-09,P0581,E00516,8.8
2025-06-09,P0586,E00445,8.8
2025-06-09,P0591,E00517,8.8
2025-06-09,P0602,E00558,8.8
2025-06-09,P0610,E00507,8.8
2025-06-09,P0619,E00531,8.8
2025-06-09,P0623,E00498,8.8
2025-06-09,P0630,E00564,8.8
2025-06-09,P0636,E00216,4.4
2025-06-09,P0641,E00317,8.8
2025-06-09,P0648,E00510,8.8
2025-06-09,P0653,E00280,8.8
2025-06-09,P0678,E00553,4.4
2025-06-10,P0011,E00480,8.8
2025-06-10,P0028,E00459,8.8
2025-06-10,P0060,E00500,8.8
2025-06-10,P0098,E00559,8.8
2025-06-10,P0116,E00565,8.8
2025-06-10,P0118,E00556,8.8
2025-06-10,P0121,E00566,8.8
2025-06-10,P0128,E00560,8.8
2025-06-10,P0132,E00547,8.8
2025-06-10,P0162,E00443,8.8
2025-06-10,P0169,E00503,8.8
2025-06-10,P0174,E00423,8.8
2025-06-10,P0175,E00557,8.8
2025-06-10,P0201,E00477,8.8
2025-06-10,P0212,E00020,8.8
2025-06-10,P0223,E00338,8.8
2025-06-10,P0238,E00533,8.8
2025-06-10,P0264,E00519,8.8
2025-06-10,P0287,E00561,8.8
2025-06-10,P0317,E00357,8.8
2025-06-10,P0323,E00562,4.4
2025-06-10,P0339,E00534,8.8
2025-06-10,P0347,E00567,8.8
2025-06-10,P0384,E00378,8.8
2025-06-10,P0386,E00539,8.8
2025-06-10,P0394,E00568,8.8
2025-06-10,P0395,E00523,8.8
2025-06-10,P0396,E00569,8.8
2025-06-10,P0412,E00383,8.8
2025-06-10,P0413,E00530,8.8
2025-06-10,P0415,E00505,8.8
2025-06-10,P0428,E00514,8.8
2025-06-10,P0437,E00550,8.8
2025-06-10,P0448,E00325,8.8
2025-06-10,P0451,E00509,8.8
2025-06-10,P0476,E00462,8.8
2025-06-10,P0480,E00069,8.8
2025-06-10,P0488,E00463,8.8
2025-06-10,P0490,E00570,8.8
2025-06-10,P0515,E00524,8.8
2025-06-10,P0522,E00563,8.8
2025-06-10,P0536,E00540,8.8
2025-06-10,P0573,E00544,8.8
2025-06-10,P0581,E00516,8.8
2025-06-10,P0586,E00445,8.8
2025-06-10,P0591,E00517,8.8
2025-06-10,P0595,E00571,8.8
2025-06-10,P0602,E00558,8.8
2025-06-10,P0610,E00507,8.8
2025-06-10,P0619,E00531,8.8
2025-06-10,P0623,E00498,8.8
2025-06-10,P0627,E00572,4.4
2025-06-10,P0630,E00564,8.8
2025-06-10,P0636,E00216,4.4
2025-06-10,P0638,E00573,8.8
2025-06-10,P0641,E00317,8.8
2025-06-10,P0648,E00510,8.8
2025-06-10,P0653,E00280,8.8
2025-06-10,P0678,E00553,4.4
2025-06-11,P0011,E00480,8.8
2025-06-11,P0025,E00574,8.8
2025-06-11,P0060,E00500,8.8
2025-06-11,P0098,E00559,8.8
2025-06-11,P0116,E00565,8.8
2025-06-11,P0118,E00556,8.8
2025-06-11,P0128,E00560,8.8
2025-06-11,P0132,E00547,8.8
2025-06-11,P0154,E00575,8.8
2025-06-11,P0162,E00443,8.8
2025-06-11,P0175,E00557,8.8
2025-06-11,P0201,E00477,8.8
2025-06-11,P0211,E00576,8.8
2025-06-11,P0212,E00020,8.8
2025-06-11,P0223,E00338,8.8
2025-06-11,P0238,E00533,8.8
2025-06-11,P0264,E00519,8.8
2025-06-11,P0317,E00357,8.8
2025-06-11,P0339,E00534,8.8
2025-06-11,P0384,E00378,8.8
2025-06-11,P0386,E00539,8.8
2025-06-11,P0394,E00568,8.8
2025-06-11,P0396,E00569,8.8
2025-06-11,P0412,E00383,8.8
2025-06-11,P0413,E00530,8.8
2025-06-11,P0415,E00505,8.8
2025-06-11,P0428,E00514,8.8
2025-06-11,P0437,E00550,8.8
2025-06-11,P0448,E00325,8.8
2025-06-11,P0451,E00509,8.8
2025-06-11,P0476,E00462,8.8
2025-06-11,P0480,E00069,8.8
2025-06-11,P0488,E00463,8.8
2025-06-11,P0490,E00570,8.8
2025-06-11,P0515,E00524,8.8
2025-06-11,P0522,E00563,8.8
2025-06-11,P0536,E00540,8.8
2025-06-11,P0573,E00544,8.8
2025-06-11,P0581,E00516,8.8
2025-06-11,P0586,E00445,8.8
2025-06-11,P0591,E00517,8.8
2025-06-11,P0595,E00571,8.8
2025-06-11,P0602,E00558,8.8
2025-06-11,P0610,E00507,8.8
2025-06-11,P0619,E00531,8.8
2025-06-11,P0623,E00498,8.8
2025-06-11,P0627,E00572,4.4
2025-06-11,P0630,E00564,8.8
2025-06-11,P0636,E00216,4.4
2025-06-11,P0638,E00573,8.8
2025-06-11,P0641,E00317,8.8
2025-06-11,P0648,E00510,8.8
2025-06-11,P0653,E00280,8.8
2025-06-11,P0678,E00553,4.4
2025-06-12,P0011,E00480,8.8
2025-06-12,P0025,E00574,8.8
2025-06-12,P0060,E00500,8.8
2025-06-12,P0098,E00559,8.8
2025-06-12,P0112,E00577,8.8
2025-06-12,P0116,E00565,8.8
2025-06-12,P0118,E00556,8.8
2025-06-12,P0128,E00560,8.8
2025-06-12,P0132,E00547,8.8
2025-06-12,P0154,E00575,8.8
2025-06-12,P0162,E00443,8.8
2025-06-12,P0175,E00557,8.8
2025-06-12,P0211,E00576,8.8
2025-06-12,P0212,E00020,8.8
2025-06-12,P0223,E00338,8.8
2025-06-12,P0227,E00578,8.8
2025-06-12,P0238,E00533,8.8
2025-06-12,P0317,E00357,8.8
2025-06-12,P0339,E00534,8.8
2025-06-12,P0386,E00539,8.8
2025-06-12,P0394,E00568,8.8
2025-06-12,P0396,E00569,8.8
2025-06-12,P0412,E00383,8.8
2025-06-12,P0413,E00530,8.8
2025-06-12,P0415,E00505,8.8
2025-06-12,P0424,E00579,8.8
2025-06-12,P0428,E00514,8.8
2025-06-12,P0448,E00325,8.8
2025-06-12,P0451,E00509,8.8
2025-06-12,P0454,E00580,8.8
2025-06-12,P0463,E00581,8.8
2025-06-12,P0468,E00582,8.8
2025-06-12,P0476,E00462,8.8
2025-06-12,P0480,E00069,8.8
2025-06-12,P0488,E00463,8.8
2025-06-12,P0490,E00570,8.8
2025-06-12,P0502,E00583,8.8
2025-06-12,P0522,E00563,8.8
2025-06-12,P0536,E00540,8.8
2025-06-12,P0561,E00584,8.8
2025-06-12,P0573,E00544,8.8
2025-06-12,P0581,E00516,8.8
2025-06-12,P0586,E00445,8.8
2025-06-12,P0591,E00517,8.8
2025-06-12,P0595,E00571,8.8
2025-06-12,P0602,E00558,8.8
2025-06-12,P0610,E00507,8.8
2025-06-12,P0619,E00531,8.8
2025-06-12,P0623,E00498,8.8
2025-06-12,P0627,E00572,4.4
2025-06-12,P0630,E00564,8.8
2025-06-12,P0636,E00216,4.4
2025-06-12,P0638,E00573,8.8
2025-06-12,P0641,E00317,8.8
2025-06-12,P0648,E00510,8.8
2025-06-12,P0653,E00280,8.8
2025-06-12,P0678,E00553,4.4
2025-06-13,P0011,E00480,8.8
2025-06-13,P0025,E00574,8.8
2025-06-13,P0060,E00500,8.8
2025-06-13,P0086,E00585,8.8
2025-06-13,P0098,E00559,8.8
2025-06-13,P0112,E00577,8.8
2025-06-13,P0116,E00565,8.8
2025-06-13,P0118,E00556,8.8
2025-06-13,P0132,E00547,8.8
2025-06-13,P0154,E00575,8.8
2025-06-13,P0162,E00443,8.8
2025-06-13,P0175,E00586,8.8
2025-06-13,P0211,E00576,8.8
2025-06-13,P0223,E00338,8.8
2025-06-13,P0225,E00587,8.8
2025-06-13,P0227,E00578,8.8
2025-06-13,P0238,E00533,8.8
2025-06-13,P0289,E00588,8.8
2025-06-13,P0317,E00357,8.8
2025-06-13,P0319,E00589,8.8
2025-06-13,P0339,E00534,8.8
2025-06-13,P0386,E00539,8.8
2025-06-13,P0388,E00590,8.8
2025-06-13,P0395,E00591,8.8
2025-06-13,P0396,E00569,8.8
2025-06-13,P0412,E00383,8.8
2025-06-13,P0413,E00530,8.8
2025-06-13,P0415,E00505,8.8
2025-06-13,P0424,E00579,8.8
2025-06-13,P0428,E00514,8.8
2025-06-13,P0448,E00325,8.8
2025-06-13,P0451,E00509,8.8
2025-06-13,P0463,E00581,8.8
2025-06-13,P0464,E00592,8.8
2025-06-13,P0468,E00582,8.8
2025-06-13,P0476,E00462,8.8
2025-06-13,P0480,E00069,8.8
2025-06-13,P0488,E00463,8.8
2025-06-13,P0490,E00570,8.8
2025-06-13,P0502,E00583,8.8
2025-06-13,P0522,E00563,8.8
2025-06-13,P0527,E00593,8.8
2025-06-13,P0536,E00540,8.8
2025-06-13,P0561,E00584,8.8
2025-06-13,P0573,E00544,8.8
2025-06-13,P0581,E00516,8.8
2025-06-13,P0584,E00594,8.8
2025-06-13,P0591,E00517,8.8
2025-06-13,P0595,E00571,8.8
2025-06-13,P0602,E00558,8.8
2025-06-13,P0610,E00507,8.8
2025-06-13,P0619,E00531,8.8
2025-06-13,P0623,E00498,8.8
2025-06-13,P0627,E00572,4.4
2025-06-13,P0630,E00564,8.8
2025-06-13,P0636,E00216,4.4
2025-06-13,P0638,E00573,8.8
2025-06-13,P0641,E00317,8.8
2025-06-13,P0647,E00595,8.8
2025-06-13,P0648,E00510,8.8
2025-06-13,P0653,E00280,8.8
2025-06-13,P0678,E00553,4.4
2025-06-16,P0011,E00480,8.8
2025-06-16,P0066,E00596,8.8
2025-06-16,P0075,E00597,8.8
2025-06-16,P0086,E00585,8.8
2025-06-16,P0098,E00559,8.8
2025-06-16,P0112,E00577,8.8
2025-06-16,P0116,E00565,8.8
2025-06-16,P0118,E00556,8.8
2025-06-16,P0162,E00443,8.8
2025-06-16,P0175,E00586,8.8
2025-06-16,P0211,E00576,8.8
2025-06-16,P0223,E00338,8.8
2025-06-16,P0227,E00578,8.8
2025-06-16,P0238,E00533,8.8
2025-06-16,P0251,E00598,8.8
2025-06-16,P0282,E00599,8.8
2025-06-16,P0289,E00588,8.8
2025-06-16,P0299,E00600,8.8
2025-06-16,P0317,E00357,8.8
2025-06-16,P0319,E00589,8.8
2025-06-16,P0339,E00534,8.8
2025-06-16,P0386,E00539,8.8
2025-06-16,P0388,E00590,8.8
2025-06-16,P0396,E00569,8.8
2025-06-16,P0412,E00383,8.8
2025-06-16,P0413,E00530,8.8
2025-06-16,P0415,E00505,8.8
2025-06-16,P0424,E00579,8.8
2025-06-16,P0428,E00514,8.8
2025-06-16,P0448,E00325,8.8
2025-06-16,P0451,E00509,8.8
2025-06-16,P0463,E00581,8.8
2025-06-16,P0468,E00582,8.8
2025-06-16,P0471,E00601,8.8
2025-06-16,P0476,E00462,8.8
2025-06-16,P0480,E00069,8.8
2025-06-16,P0488,E00463,8.8
2025-06-16,P0490,E00570,8.8
2025-06-16,P0502,E00583,8.8
2025-06-16,P0522,E00563,8.8
2025-06-16,P0527,E00593,8.8
2025-06-16,P0536,E00540,8.8
2025-06-16,P0561,E00584,8.8
2025-06-16,P0573,E00544,8.8
2025-06-16,P0581,E00516,8.8
2025-06-16,P0584,E00594,8.8
2025-06-16,P0591,E00517,8.8
2025-06-16,P0595,E00571,8.8
2025-06-16,P0610,E00507,8.8
2025-06-16,P0619,E00531,8.8
2025-06-16,P0623,E00498,8.8
2025-06-16,P0627,E00572,4.4
2025-06-16,P0636,E00216,4.4
2025-06-16,P0638,E00573,8.8
2025-06-16,P0641,E00317,8.8
2025-06-16,P0647,E00595,8.8
2025-06-16,P0648,E00510,8.8
2025-06-16,P0653,E00280,8.8
2025-06-16,P0678,E00553,4.4
2025-06-17,P0011,E00480,8.8
2025-06-17,P0066,E00596,8.8
2025-06-17,P0075,E00597,8.8
2025-06-17,P0086,E00585,8.8
2025-06-17,P0098,E00559,8.8
2025-06-17,P0112,E00577,8.8
2025-06-17,P0116,E00565,8.8
2025-06-17,P0118,E00556,8.8
2025-06-17,P0162,E00443,8.8
2025-06-17,P0175,E00586,8.8
2025-06-17,P0186,E00602,8.8
2025-06-17,P0211,E00576,8.8
2025-06-17,P0223,E00338,8.8
2025-06-17,P0227,E00578,8.8
2025-06-17,P0238,E00533,8.8
2025-06-17,P0251,E00598,8.8
2025-06-17,P0289,E00588,8.8
2025-06-17,P0317,E00357,8.8
2025-06-17,P0319,E00589,8.8
2025-06-17,P0339,E00534,8.8
2025-06-17,P0386,E00539,8.8
2025-06-17,P0388,E00590,8.8
2025-06-17,P0399,E00603,8.8
2025-06-17,P0412,E00383,8.8
2025-06-17,P0413,E00530,8.8
2025-06-17,P0415,E00505,8.8
2025-06-17,P0428,E00514,8.8
2025-06-17,P0448,E00325,8.8
2025-06-17,P0451,E00509,8.8
2025-06-17,P0463,E00581,8.8
2025-06-17,P0468,E00582,8.8
2025-06-17,P0471,E00601,8.8
2025-06-17,P0480,E00069,8.8
2025-06-17,P0488,E00463,8.8
2025-06-17,P0489,E00604,8.8
2025-06-17,P0490,E00570,8.8
2025-06-17,P0502,E00583,8.8
2025-06-17,P0522,E00563,8.8
2025-06-17,P0527,E00593,8.8
2025-06-17,P0536,E00540,8.8
2025-06-17,P0561,E00584,8.8
2025-06-17,P0568,E00605,8.8
2025-06-17,P0581,E00516,8.8
2025-06-17,P0584,E00594,8.8
2025-06-17,P0591,E00517,8.8
2025-06-17,P0595,E00571,8.8
2025-06-17,P0610,E00507,8.8
2025-06-17,P0619,E00531,8.8
2025-06-17,P0623,E00498,8.8
2025-06-17,P0627,E00572,4.4
2025-06-17,P0636,E00216,4.4
2025-06-17,P0638,E00573,8.8
2025-06-17,P0641,E00317,8.8
2025-06-17,P0644,E00606,8.8
2025-06-17,P0647,E00595,8.8
2025-06-17,P0648,E00510,8.8
2025-06-17,P0653,E00280,8.8
2025-06-17,P0657,E00607,8.8
2025-06-17,P0678,E00553,4.4
2025-06-18,P0011,E00480,8.8
2025-06-18,P0066,E00596,8.8
2025-06-18,P0075,E00597,8.8
2025-06-18,P0077,E00608,8.8
2025-06-18,P0086,E00585,8.8
2025-06-18,P0098,E00559,8.8
2025-06-18,P0116,E00565,8.8
2025-06-18,P0162,E00443,8.8
2025-06-18,P0223,E00338,8.8
2025-06-18,P0227,E00578,8.8
2025-06-18,P0238,E00533,8.8
2025-06-18,P0251,E00598,8.8
2025-06-18,P0257,E00609,8.8
2025-06-18,P0317,E00357,8.8
2025-06-18,P0319,E00589,8.8
2025-06-18,P0339,E00534,8.8
2025-06-18,P0377,E00610,8.8
2025-06-18,P0386,E00539,8.8
2025-06-18,P0388,E00590,8.8
2025-06-18,P0399,E00603,8.8
2025-06-18,P0412,E00383,8.8
2025-06-18,P0413,E00530,8.8
2025-06-18,P0415,E00505,8.8
2025-06-18,P0425,E00611,8.8
2025-06-18,P0428,E00514,8.8
2025-06-18,P0448,E00325,8.8
2025-06-18,P0451,E00509,8.8
2025-06-18,P0463,E00581,8.8
2025-06-18,P0480,E00069,8.8
2025-06-18,P0488,E00463,8.8
2025-06-18,P0489,E00604,8.8
2025-06-18,P0490,E00570,8.8
2025-06-18,P0502,E00583,8.8
2025-06-18,P0522,E00563,8.8
2025-06-18,P0527,E00593,8.8
2025-06-18,P0536,E00540,8.8
2025-06-18,P0561,E00584,8.8
2025-06-18,P0568,E00605,8.8
2025-06-18,P0581,E00516,8.8
2025-06-18,P0584,E00594,8.8
2025-06-18,P0591,E00517,8.8
2025-06-18,P0595,E00571,8.8
2025-06-18,P0596,E00612,8.8
2025-06-18,P0610,E00507,8.8
2025-06-18,P0617,E00613,8.8
2025-06-18,P0619,E00531,8.8
2025-06-18,P0623,E00498,8.8
2025-06-18,P0627,E00572,4.4
2025-06-18,P0636,E00216,4.4
2025-06-18,P0638,E00573,8.8
2025-06-18,P0641,E00317,8.8
2025-06-18,P0644,E00606,8.8
2025-06-18,P0647,E00595,8.8
2025-06-18,P0648,E00510,8.8
2025-06-18,P0653,E00280,8.8
2025-06-18,P0657,E00607,8.8
2025-06-18,P0678,E00553,4.4
2025-06-19,P0011,E00480,8.8
2025-06-19,P0028,E00614,8.8
2025-06-19,P0041,E00615,4.4
2025-06-19,P0066,E00596,8.8
2025-06-19,P0075,E00597,8.8
2025-06-19,P0077,E00608,8.8
2025-06-19,P0086,E00585,8.8
2025-06-19,P0098,E00559,8.8
2025-06-19,P0116,E00565,8.8
2025-06-19,P0118,E00616,8.8
2025-06-19,P0162,E00443,8.8
2025-06-19,P0223,E00338,8.8
2025-06-19,P0238,E00533,8.8
2025-06-19,P0251,E00598,8.8
2025-06-19,P0317,E00357,8.8
2025-06-19,P0319,E00589,8.8
2025-06-19,P0339,E00534,8.8
2025-06-19,P0350,E00617,8.8
2025-06-19,P0386,E00539,8.8
2025-06-19,P0388,E00590,8.8
2025-06-19,P0399,E00603,8.8
2025-06-19,P0412,E00383,8.8
2025-06-19,P0415,E00505,8.8
2025-06-19,P0424,E00618,8.8
2025-06-19,P0425,E00611,8.8
2025-06-19,P0428,E00514,8.8
2025-06-19,P0448,E00325,8.8
2025-06-19,P0451,E00509,8.8
2025-06-19,P0480,E00069,8.8
2025-06-19,P0488,E00463,8.8
2025-06-19,P0489,E00604,8.8
2025-06-19,P0490,E00570,8.8
2025-06-19,P0502,E00583,8.8
2025-06-19,P0527,E00593,8.8
2025-06-19,P0536,E00540,8.8
2025-06-19,P0561,E00584,8.8
2025-06-19,P0584,E00594,8.8
2025-06-19,P0591,E00517,8.8
2025-06-19,P0595,E00571,8.8
2025-06-19,P0610,E00507,8.8
2025-06-19,P0617,E00613,8.8
2025-06-19,P0619,E00531,8.8
2025-06-19,P0623,E00498,8.8
2025-06-19,P0627,E00572,4.4
2025-06-19,P0636,E00216,4.4
2025-06-19,P0638,E00573,8.8
2025-06-19,P0641,E00317,8.8
2025-06-19,P0644,E00606,8.8
2025-06-19,P0647,E00595,8.8
2025-06-19,P0648,E00510,8.8
2025-06-19,P0653,E00280,8.8
2025-06-19,P0657,E00607,8.8
2025-06-19,P0678,E00553,4.4
2025-06-20,P0011,E00480,8.8
2025-06-20,P0028,E00614,8.8
2025-06-20,P0041,E00615,4.4
2025-06-20,P0066,E00596,8.8
2025-06-20,P0075,E00597,8.8
2025-06-20,P0077,E00608,8.8
2025-06-20,P0086,E00585,8.8
2025-06-20,P0092,E00619,8.8
2025-06-20,P0098,E00559,8.8
2025-06-20,P0116,E00565,8.8
2025-06-20,P0162,E00443,8.8
2025-06-20,P0189,E00620,8.8
2025-06-20,P0223,E00338,8.8
2025-06-20,P0228,E00621,8.8
2025-06-20,P0238,E00533,8.8
2025-06-20,P0251,E00598,8.8
2025-06-20,P0311,E00622,8.8
2025-06-20,P0317,E00357,8.8
2025-06-20,P0319,E00589,8.8
2025-06-20,P0339,E00534,8.8
2025-06-20,P0386,E00539,8.8
2025-06-20,P0388,E00590,8.8
2025-06-20,P0399,E00603,8.8
2025-06-20,P0412,E00383,8.8
2025-06-20,P0415,E00505,8.8
2025-06-20,P0424,E00618,8.8
2025-06-20,P0425,E00611,8.8
2025-06-20,P0428,E00514,8.8
2025-06-20,P0448,E00325,8.8
2025-06-20,P0451,E00509,8.8
2025-06-20,P0456,E00623,8.8
2025-06-20,P0461,E00624,8.8
2025-06-20,P0480,E00069,8.8
2025-06-20,P0488,E00463,8.8
2025-06-20,P0490,E00570,8.8
2025-06-20,P0502,E00583,8.8
2025-06-20,P0536,E00540,8.8
2025-06-20,P0561,E00584,8.8
2025-06-20,P0584,E00594,8.8
2025-06-20,P0591,E00517,8.8
2025-06-20,P0595,E00571,8.8
2025-06-20,P0610,E00507,8.8
2025-06-20,P0617,E00613,8.8
2025-06-20,P0619,E00531,8.8
2025-06-20,P0623,E00498,8.8
2025-06-20,P0627,E00572,4.4
2025-06-20,P0636,E00216,4.4
2025-06-20,P0638,E00573,8.8
2025-06-20,P0641,E00317,8.8
2025-06-20,P0644,E00606,8.8
2025-06-20,P0647,E00595,8.8
2025-06-20,P0648,E00510,8.8
2025-06-20,P0653,E00280,8.8
2025-06-20,P0657,E00607,8.8
2025-06-20,P0678,E00553,4.4
2025-06-23,P0011,E00480,8.8
2025-06-23,P0023,E00625,4.4
2025-06-23,P0041,E00615,4.4
2025-06-23,P0075,E00597,8.8
2025-06-23,P0077,E00608,8.8
2025-06-23,P0086,E00585,8.8
2025-06-23,P0092,E00619,8.8
2025-06-23,P0098,E00559,8.8
2025-06-23,P0112,E00626,8.8
2025-06-23,P0116,E00565,8.8
2025-06-23,P0162,E00443,8.8
2025-06-23,P0228,E00621,8.8
2025-06-23,P0238,E00533,8.8
2025-06-23,P0251,E00598,8.8
2025-06-23,P0294,E00627,8.8
2025-06-23,P0311,E00622,8.8
2025-06-23,P0317,E00357,8.8
2025-06-23,P0319,E00589,8.8
2025-06-23,P0338,E00628,8.8
2025-06-23,P0339,E00534,8.8
2025-06-23,P0386,E00539,8.8
2025-06-23,P0388,E00590,8.8
2025-06-23,P0399,E00603,8.8
2025-06-23,P0412,E00383,8.8
2025-06-23,P0415,E00505,8.8
2025-06-23,P0424,E00618,8.8
2025-06-23,P0425,E00611,8.8
2025-06-23,P0428,E00514,8.8
2025-06-23,P0448,E00325,8.8
2025-06-23,P0451,E00509,8.8
2025-06-23,P0456,E00623,8.8
2025-06-23,P0480,E00069,8.8
2025-06-23,P0488,E00463,8.8
2025-06-23,P0490,E00570,8.8
2025-06-23,P0502,E00583,8.8
2025-06-23,P0536,E00540,8.8
2025-06-23,P0561,E00584,8.8
2025-06-23,P0584,E00594,8.8
2025-06-23,P0595,E00571,8.8
2025-06-23,P0610,E00507,8.8
2025-06-23,P0617,E00613,8.8
2025-06-23,P0619,E00531,8.8
2025-06-23,P0623,E00498,8.8
2025-06-23,P0627,E00572,4.4
2025-06-23,P0636,E00216,4.4
2025-06-23,P0638,E00573,8.8
2025-06-23,P0639,E00629,8.8
2025-06-23,P0641,E00317,8.8
2025-06-23,P0644,E00606,8.8
2025-06-23,P0648,E00510,8.8
2025-06-23,P0653,E00280,8.8
2025-06-23,P0657,E00607,8.8
2025-06-23,P0678,E00553,4.4
2025-06-24,P0011,E00480,8.8
2025-06-24,P0036,E00630,8.8
2025-06-24,P0041,E00615,4.4
2025-06-24,P0075,E00597,8.8
2025-06-24,P0077,E00608,8.8
2025-06-24,P0086,E00585,8.8
2025-06-24,P0092,E00619,8.8
2025-06-24,P0098,E00559,8.8
2025-06-24,P0116,E00565,8.8
2025-06-24,P0162,E00443,8.8
2025-06-24,P0228,E00621,8.8
2025-06-24,P0238,E00533,8.8
2025-06-24,P0257,E00631,8.8
2025-06-24,P0294,E00627,8.8
2025-06-24,P0311,E00622,8.8
2025-06-24,P0314,E00632,8.8
2025-06-24,P0317,E00357,8.8
2025-06-24,P0319,E00589,8.8
2025-06-24,P0338,E00628,8.8
2025-06-24,P0339,E00534,8.8
2025-06-24,P0386,E00539,8.8
2025-06-24,P0399,E00603,8.8
2025-06-24,P0412,E00383,8.8
2025-06-24,P0415,E00505,8.8
2025-06-24,P0424,E00618,8.8
2025-06-24,P0425,E00611,8.8
2025-06-24,P0428,E00514,8.8
2025-06-24,P0448,E00325,8.8
2025-06-24,P0451,E00509,8.8
2025-06-24,P0456,E00623,8.8
2025-06-24,P0480,E00069,8.8
2025-06-24,P0488,E00463,8.8
2025-06-24,P0490,E00570,8.8
2025-06-24,P0502,E00583,8.8
2025-06-24,P0536,E00540,8.8
2025-06-24,P0561,E00584,8.8
2025-06-24,P0584,E00594,8.8
2025-06-24,P0591,E00633,8.8
2025-06-24,P0595,E00571,8.8
2025-06-24,P0610,E00507,8.8
2025-06-24,P0617,E00613,8.8
2025-06-24,P0623,E00498,8.8
2025-06-24,P0627,E00572,4.4
2025-06-24,P0636,E00216,4.4
2025-06-24,P0638,E00573,8.8
2025-06-24,P0641,E00317,8.8
2025-06-24,P0648,E00510,8.8
2025-06-24,P0653,E00280,8.8
2025-06-24,P0657,E00607,8.8
2025-06-24,P0678,E00553,4.4
2025-06-25,P0011,E00480,8.8
2025-06-25,P0036,E00630,8.8
2025-06-25,P0041,E00615,4.4
2025-06-25,P0075,E00597,8.8
2025-06-25,P0077,E00608,8.8
2025-06-25,P0086,E00585,8.8
2025-06-25,P0092,E00619,8.8
2025-06-25,P0098,E00559,8.8
2025-06-25,P0116,E00565,8.8
2025-06-25,P0162,E00443,8.8
2025-06-25,P0228,E00621,8.8
2025-06-25,P0238,E00533,8.8
2025-06-25,P0257,E00631,8.8
2025-06-25,P0294,E00627,8.8
2025-06-25,P0311,E00622,8.8
2025-06-25,P0314,E00632,8.8
2025-06-25,P0317,E00357,8.8
2025-06-25,P0319,E00589,8.8
2025-06-25,P0323,E00634,4.4
2025-06-25,P0338,E00628,8.8
2025-06-25,P0339,E00534,8.8
2025-06-25,P0384,E00635,8.8
2025-06-25,P0386,E00539,8.8
2025-06-25,P0412,E00383,8.8
2025-06-25,P0415,E00505,8.8
2025-06-25,P0419,E00636,8.8
2025-06-25,P0424,E00618,8.8
2025-06-25,P0425,E00611,8.8
2025-06-25,P0428,E00514,8.8
2025-06-25,P0448,E00325,8.8
2025-06-25,P0451,E00509,8.8
2025-06-25,P0456,E00623,8.8
2025-06-25,P0461,E00637,8.8
2025-06-25,P0480,E00069,8.8
2025-06-25,P0488,E00463,8.8
2025-06-25,P0490,E00570,8.8
2025-06-25,P0502,E00583,8.8
2025-06-25,P0532,E00638,8.8
2025-06-25,P0536,E00540,8.8
2025-06-25,P0561,E00584,8.8
2025-06-25,P0584,E00594,8.8
2025-06-25,P0591,E00633,8.8
2025-06-25,P0595,E00571,8.8
2025-06-25,P0602,E00639,8.8
2025-06-25,P0610,E00507,8.8
2025-06-25,P0617,E00613,8.8
2025-06-25,P0623,E00498,8.8
2025-06-25,P0627,E00572,4.4
2025-06-25,P0636,E00216,4.4
2025-06-25,P0638,E00573,8.8
2025-06-25,P0641,E00317,8.8
2025-06-25,P0648,E00510,8.8
2025-06-25,P0653,E00280,8.8
2025-06-25,P0657,E00607,8.8
2025-06-25,P0678,E00553,4.4
2025-06-26,P0011,E00480,8.8
2025-06-26,P0036,E00630,8.8
2025-06-26,P0041,E00615,4.4
2025-06-26,P0075,E00597,8.8
2025-06-26,P0077,E00608,8.8
2025-06-26,P0086,E00585,8.8
2025-06-26,P0092,E00619,8.8
2025-06-26,P0098,E00559,8.8
2025-06-26,P0116,E00565,8.8
2025-06-26,P0162,E00443,8.8
2025-06-26,P0228,E00621,8.8
2025-06-26,P0238,E00533,8.8
2025-06-26,P0294,E00627,8.8
2025-06-26,P0311,E00622,8.8
2025-06-26,P0314,E00632,8.8
2025-06-26,P0317,E00357,8.8
2025-06-26,P0323,E00634,4.4
2025-06-26,P0339,E00534,8.8
2025-06-26,P0384,E00635,8.8
2025-06-26,P0386,E00539,8.8
2025-06-26,P0412,E00383,8.8
2025-06-26,P0415,E00505,8.8
2025-06-26,P0419,E00636,8.8
2025-06-26,P0424,E00618,8.8
2025-06-26,P0425,E00611,8.8
2025-06-26,P0428,E00514,8.8
2025-06-26,P0448,E00325,8.8
2025-06-26,P0456,E00623,8.8
2025-06-26,P0461,E00637,8.8
2025-06-26,P0480,E00069,8.8
2025-06-26,P0488,E00463,8.8
2025-06-26,P0490,E00570,8.8
2025-06-26,P0502,E00583,8.8
2025-06-26,P0532,E00638,8.8
2025-06-26,P0536,E00540,8.8
2025-06-26,P0561,E00584,8.8
2025-06-26,P0584,E00594,8.8
2025-06-26,P0591,E00633,8.8
2025-06-26,P0595,E00571,8.8
2025-06-26,P0602,E00639,8.8
2025-06-26,P0610,E00507,8.8
2025-06-26,P0617,E00613,8.8
2025-06-26,P0623,E00498,8.8
2025-06-26,P0627,E00572,4.4
2025-06-26,P0628,E00640,8.8
2025-06-26,P0636,E00216,4.4
2025-06-26,P0638,E00573,8.8
2025-06-26,P0641,E00317,8.8
2025-06-26,P0648,E00510,8.8
2025-06-26,P0653,E00280,8.8
2025-06-26,P0657,E00607,8.8
2025-06-27,P0011,E00480,8.8
2025-06-27,P0036,E00630,8.8
2025-06-27,P0041,E00615,4.4
2025-06-27,P0075,E00597,8.8
2025-06-27,P0077,E00608,8.8
2025-06-27,P0086,E00585,8.8
2025-06-27,P0092,E00619,8.8
2025-06-27,P0098,E00559,8.8
2025-06-27,P0116,E00565,8.8
2025-06-27,P0162,E00443,8.8
2025-06-27,P0186,E00641,8.8
2025-06-27,P0228,E00621,8.8
2025-06-27,P0238,E00533,8.8
2025-06-27,P0294,E00627,8.8
2025-06-27,P0311,E00622,8.8
2025-06-27,P0314,E00632,8.8
2025-06-27,P0317,E00357,8.8
2025-06-27,P0323,E00634,4.4
2025-06-27,P0339,E00534,8.8
2025-06-27,P0345,E00642,8.8
2025-06-27,P0371,E00643,8.8
2025-06-27,P0386,E00539,8.8
2025-06-27,P0412,E00383,8.8
2025-06-27,P0415,E00505,8.8
2025-06-27,P0419,E00636,8.8
2025-06-27,P0424,E00618,8.8
2025-06-27,P0425,E00611,8.8
2025-06-27,P0428,E00514,8.8
2025-06-27,P0448,E00325,8.8
2025-06-27,P0451,E00644,8.8
2025-06-27,P0456,E00623,8.8
2025-06-27,P0461,E00637,8.8
2025-06-27,P0488,E00463,8.8
2025-06-27,P0490,E00570,8.8
2025-06-27,P0502,E00583,8.8
2025-06-27,P0513,E00645,8.8
2025-06-27,P0532,E00638,8.8
2025-06-27,P0536,E00540,8.8
2025-06-27,P0561,E00584,8.8
2025-06-27,P0584,E00594,8.8
2025-06-27,P0591,E00633,8.8
2025-06-27,P0595,E00571,8.8
2025-06-27,P0602,E00639,8.8
2025-06-27,P0610,E00507,8.8
2025-06-27,P0617,E00613,8.8
2025-06-27,P0623,E00498,8.8
2025-06-27,P0627,E00572,4.4
2025-06-27,P0628,E00640,8.8
2025-06-27,P0636,E00216,4.4
2025-06-27,P0638,E00573,8.8
2025-06-27,P0641,E00317,8.8
2025-06-27,P0646,E00646,8.8
2025-06-27,P0648,E00510,8.8
2025-06-27,P0653,E00280,8.8
2025-06-27,P0657,E00607,8.8
2025-06-30,P0011,E00480,8.8
2025-06-30,P0027,E00647,8.8
2025-06-30,P0036,E00630,8.8
2025-06-30,P0041,E00615,4.4
2025-06-30,P0075,E00597,8.8
2025-06-30,P0077,E00608,8.8
2025-06-30,P0085,E00648,8.8
2025-06-30,P0086,E00585,8.8
2025-06-30,P0092,E00619,8.8
2025-06-30,P0116,E00565,8.8
2025-06-30,P0157,E00649,8.8
2025-06-30,P0162,E00443,8.8
2025-06-30,P0186,E00641,8.8
2025-06-30,P0228,E00621,8.8
2025-06-30,P0238,E00533,8.8
2025-06-30,P0311,E00622,8.8
2025-06-30,P0314,E00632,8.8
2025-06-30,P0317,E00357,8.8
2025-06-30,P0323,E00634,4.4
2025-06-30,P0339,E00534,8.8
2025-06-30,P0345,E00642,8.8
2025-06-30,P0382,E00650,8.8
2025-06-30,P0386,E00539,8.8
2025-06-30,P0412,E00383,8.8
2025-06-30,P0415,E00505,8.8
2025-06-30,P0419,E00636,8.8
2025-06-30,P0424,E00618,8.8
2025-06-30,P0425,E00611,8.8
2025-06-30,P0428,E00514,8.8
2025-06-30,P0448,E00325,8.8
2025-06-30,P0451,E00644,8.8
2025-06-30,P0456,E00623,8.8
2025-06-30,P0461,E00637,8.8
2025-06-30,P0488,E00463,8.8
2025-06-30,P0490,E00570,8.8
2025-06-30,P0493,E00651,4.4
2025-06-30,P0502,E00583,8.8
2025-06-30,P0532,E00638,8.8
2025-06-30,P0536,E00540,8.8
2025-06-30,P0561,E00584,8.8
2025-06-30,P0584,E00594,8.8
2025-06-30,P0591,E00633,8.8
2025-06-30,P0595,E00571,8.8
2025-06-30,P0602,E00639,8.8
2025-06-30,P0610,E00507,8.8
2025-06-30,P0617,E00613,8.8
2025-06-30,P0627,E00572,4.4
2025-06-30,P0628,E00640,8.8
2025-06-30,P0630,E00652,8.8
2025-06-30,P0636,E00216,4.4
2025-06-30,P0638,E00573,8.8
2025-06-30,P0641,E00317,8.8
2025-06-30,P0646,E00646,8.8
2025-06-30,P0648,E00510,8.8
2025-06-30,P0653,E00280,8.8
2025-06-30,P0657,E00607,8.8
2025-07-01,P0011,E00480,8.8
2025-07-01,P0036,E00630,8.8
2025-07-01,P0041,E00615,4.4
2025-07-01,P0077,E00608,8.8
2025-07-01,P0086,E00585,8.8
2025-07-01,P0092,E00619,8.8
2025-07-01,P0116,E00565,8.8
2025-07-01,P0157,E00649,8.8
2025-07-01,P0162,E00443,8.8
2025-07-01,P0186,E00641,8.8
2025-07-01,P0228,E00621,8.8
2025-07-01,P0238,E00533,8.8
2025-07-01,P0311,E00622,8.8
2025-07-01,P0314,E00632,8.8
2025-07-01,P0317,E00357,8.8
2025-07-01,P0323,E00634,4.4
2025-07-01,P0339,E00534,8.8
2025-07-01,P0345,E00642,8.8
2025-07-01,P0386,E00539,8.8
2025-07-01,P0412,E00383,8.8
2025-07-01,P0415,E00505,8.8
2025-07-01,P0419,E00636,8.8
2025-07-01,P0424,E00618,8.8
2025-07-01,P0425,E00611,8.8
2025-07-01,P0428,E00514,8.8
2025-07-01,P0448,E00325,8.8
2025-07-01,P0451,E00644,8.8
2025-07-01,P0456,E00623,8.8
2025-07-01,P0461,E00637,8.8
2025-07-01,P0488,E00463,8.8
2025-07-01,P0490,E00570,8.8
2025-07-01,P0493,E00651,4.4
2025-07-01,P0502,E00583,8.8
2025-07-01,P0532,E00638,8.8
2025-07-01,P0536,E00540,8.8
2025-07-01,P0584,E00594,8.8
2025-07-01,P0591,E00633,8.8
2025-07-01,P0595,E00571,8.8
2025-07-01,P0602,E00639,8.8
2025-07-01,P0610,E00507,8.8
2025-07-01,P0617,E00613,8.8
2025-07-01,P0627,E00572,4.4
2025-07-01,P0628,E00640,8.8
2025-07-01,P0630,E00652,8.8
2025-07-01,P0636,E00216,4.4
2025-07-01,P0638,E00573,8.8
2025-07-01,P0641,E00317,8.8
2025-07-01,P0646,E00646,8.8
2025-07-01,P0648,E00510,8.8
2025-07-01,P0653,E00280,8.8
2025-07-01,P0657,E00607,8.8
2025-07-02,P0011,E00480,8.8
2025-07-02,P0036,E00630,8.8
2025-07-02,P0041,E00615,4.4
2025-07-02,P0077,E00608,8.8
2025-07-02,P0092,E00619,8.8
2025-07-02,P0116,E00565,8.8
2025-07-02,P0157,E00649,8.8
2025-07-02,P0162,E00443,8.8
2025-07-02,P0174,E00653,8.8
2025-07-02,P0186,E00641,8.8
2025-07-02,P0228,E00621,8.8
2025-07-02,P0238,E00533,8.8
2025-07-02,P0311,E00622,8.8
2025-07-02,P0314,E00632,8.8
2025-07-02,P0317,E00357,8.8
2025-07-02,P0323,E00634,4.4
2025-07-02,P0339,E00534,8.8
2025-07-02,P0345,E00642,8.8
2025-07-02,P0399,E00654,8.8
2025-07-02,P0412,E00383,8.8
2025-07-02,P0415,E00505,8.8
2025-07-02,P0419,E00636,8.8
2025-07-02,P0422,E00655,8.8
2025-07-02,P0424,E00618,8.8
2025-07-02,P0425,E00611,8.8
2025-07-02,P0448,E00325,8.8
2025-07-02,P0451,E00644,8.8
2025-07-02,P0456,E00623,8.8
2025-07-02,P0488,E00463,8.8
2025-07-02,P0493,E00651,4.4
2025-07-02,P0502,E00583,8.8
2025-07-02,P0536,E00540,8.8
2025-07-02,P0584,E00594,8.8
2025-07-02,P0591,E00633,8.8
2025-07-02,P0599,E00656,8.8
2025-07-02,P0602,E00639,8.8
2025-07-02,P0610,E00507,8.8
2025-07-02,P0627,E00572,4.4
2025-07-02,P0628,E00640,8.8
2025-07-02,P0636,E00216,4.4
2025-07-02,P0638,E00573,8.8
2025-07-02,P0641,E00317,8.8
2025-07-02,P0646,E00646,8.8
2025-07-02,P0648,E00510,8.8
2025-07-02,P0653,E00280,8.8
2025-07-02,P0657,E00607,8.8
2025-07-03,P0011,E00480,8.8
2025-07-03,P0036,E00630,8.8
2025-07-03,P0041,E00615,4.4
2025-07-03,P0075,E00657,8.8
2025-07-03,P0092,E00619,8.8
2025-07-03,P0116,E00565,8.8
2025-07-03,P0157,E00649,8.8
2025-07-03,P0162,E00443,8.8
2025-07-03,P0174,E00653,8.8
2025-07-03,P0175,E00658,8.8
2025-07-03,P0186,E00641,8.8
2025-07-03,P0238,E00533,8.8
2025-07-03,P0263,E00659,8.8
2025-07-03,P0311,E00622,8.8
2025-07-03,P0314,E00632,8.8
2025-07-03,P0317,E00357,8.8
2025-07-03,P0323,E00634,4.4
2025-07-03,P0339,E00534,8.8
2025-07-03,P0345,E00642,8.8
2025-07-03,P0365,E00660,8.8
2025-07-03,P0384,E00661,8.8
2025-07-03,P0399,E00654,8.8
2025-07-03,P0410,E00662,8.8
2025-07-03,P0412,E00383,8.8
2025-07-03,P0415,E00505,8.8
2025-07-03,P0419,E00636,8.8
2025-07-03,P0424,E00618,8.8
2025-07-03,P0448,E00325,8.8
2025-07-03,P0451,E00644,8.8
2025-07-03,P0456,E00623,8.8
2025-07-03,P0488,E00463,8.8
2025-07-03,P0493,E00651,4.4
2025-07-03,P0502,E00583,8.8
2025-07-03,P0536,E00540,8.8
2025-07-03,P0564,E00663,8.8
2025-07-03,P0584,E00594,8.8
2025-07-03,P0591,E00633,8.8
2025-07-03,P0599,E00656,8.8
2025-07-03,P0602,E00639,8.8
2025-07-03,P0610,E00507,8.8
2025-07-03,P0627,E00572,4.4
2025-07-03,P0628,E00640,8.8
2025-07-03,P0636,E00216,4.4
2025-07-03,P0638,E00573,8.8
2025-07-03,P0641,E00317,8.8
2025-07-03,P0646,E00646,8.8
2025-07-03,P0648,E00510,8.8
2025-07-03,P0653,E00280,8.8
2025-07-03,P0657,E00607,8.8
2025-07-04,P0011,E00480,8.8
2025-07-04,P0036,E00630,8.8
2025-07-04,P0041,E00615,4.4
2025-07-04,P0092,E00619,8.8
2025-07-04,P0116,E00565,8.8
2025-07-04,P0157,E00649,8.8
2025-07-04,P0162,E00443,8.8
2025-07-04,P0174,E00653,8.8
2025-07-04,P0175,E00658,8.8
2025-07-04,P0186,E00641,8.8
2025-07-04,P0238,E00533,8.8
2025-07-04,P0263,E00659,8.8
2025-07-04,P0311,E00622,8.8
2025-07-04,P0317,E00357,8.8
2025-07-04,P0323,E00634,4.4
2025-07-04,P0339,E00534,8.8
2025-07-04,P0358,E00664,8.8
2025-07-04,P0365,E00660,8.8
2025-07-04,P0384,E00661,8.8
2025-07-04,P0399,E00654,8.8
2025-07-04,P0412,E00383,8.8
2025-07-04,P0415,E00505,8.8
2025-07-04,P0419,E00636,8.8
2025-07-04,P0424,E00618,8.8
2025-07-04,P0448,E00325,8.8
2025-07-04,P0451,E00644,8.8
2025-07-04,P0456,E00623,8.8
2025-07-04,P0463,E00665,8.8
2025-07-04,P0488,E00463,8.8
2025-07-04,P0502,E00583,8.8
2025-07-04,P0536,E00540,8.8
2025-07-04,P0564,E00663,8.8
2025-07-04,P0584,E00594,8.8
2025-07-04,P0599,E00656,8.8
2025-07-04,P0602,E00639,8.8
2025-07-04,P0610,E00507,8.8
2025-07-04,P0627,E00572,4.4
2025-07-04,P0628,E00640,8.8
2025-07-04,P0636,E00216,4.4
2025-07-04,P0638,E00573,8.8
2025-07-04,P0641,E00317,8.8
2025-07-04,P0646,E00646,8.8
2025-07-04,P0648,E00510,8.8
2025-07-04,P0653,E00280,8.8
2025-07-04,P0657,E00607,8.8
2025-07-04,P0677,E00666,8.8
2025-07-07,P0011,E00480,8.8
2025-07-07,P0041,E00615,4.4
2025-07-07,P0116,E00565,8.8
2025-07-07,P0157,E00649,8.8
2025-07-07,P0162,E00443,8.8
2025-07-07,P0174,E00653,8.8
2025-07-07,P0175,E00658,8.8
2025-07-07,P0186,E00641,8.8
2025-07-07,P0238,E00533,8.8
2025-07-07,P0263,E00659,8.8
2025-07-07,P0311,E00622,8.8
2025-07-07,P0317,E00357,8.8
2025-07-07,P0323,E00634,4.4
2025-07-07,P0339,E00534,8.8
2025-07-07,P0358,E00664,8.8
2025-07-07,P0365,E00660,8.8
2025-07-07,P0384,E00661,8.8
2025-07-07,P0399,E00654,8.8
2025-07-07,P0412,E00383,8.8
2025-07-07,P0415,E00505,8.8
2025-07-07,P0424,E00618,8.8
2025-07-07,P0448,E00325,8.8
2025-07-07,P0451,E00644,8.8
2025-07-07,P0456,E00623,8.8
2025-07-07,P0460,E00667,8.8
2025-07-07,P0463,E00665,8.8
2025-07-07,P0488,E00463,8.8
2025-07-07,P0515,E00668,8.8
2025-07-07,P0536,E00540,8.8
2025-07-07,P0584,E00594,8.8
2025-07-07,P0599,E00656,8.8
2025-07-07,P0602,E00639,8.8
2025-07-07,P0610,E00507,8.8
2025-07-07,P0627,E00572,4.4
2025-07-07,P0628,E00640,8.8
2025-07-07,P0636,E00216,4.4
2025-07-07,P0638,E00573,8.8
2025-07-07,P0641,E00317,8.8
2025-07-07,P0646,E00646,8.8
2025-07-07,P0648,E00510,8.8
2025-07-07,P0653,E00280,8.8
2025-07-07,P0657,E00607,8.8
2025-07-07,P0678,E00669,4.4
2025-07-08,P0011,E00480,8.8
2025-07-08,P0021,E00670,8.8
2025-07-08,P0041,E00615,4.4
2025-07-08,P0044,E00671,8.8
2025-07-08,P0157,E00649,8.8
2025-07-08,P0162,E00443,8.8
2025-07-08,P0174,E00653,8.8
2025-07-08,P0175,E00658,8.8
2025-07-08,P0238,E00533,8.8
2025-07-08,P0263,E00659,8.8
2025-07-08,P0287,E00672,8.8
2025-07-08,P0311,E00622,8.8
2025-07-08,P0314,E00673,8.8
2025-07-08,P0317,E00357,8.8
2025-07-08,P0323,E00634,4.4
2025-07-08,P0338,E00674,8.8
2025-07-08,P0339,E00534,8.8
2025-07-08,P0358,E00664,8.8
2025-07-08,P0365,E00660,8.8
2025-07-08,P0399,E00654,8.8
2025-07-08,P0412,E00383,8.8
2025-07-08,P0415,E00505,8.8
2025-07-08,P0424,E00618,8.8
2025-07-08,P0448,E00325,8.8
2025-07-08,P0451,E00644,8.8
2025-07-08,P0456,E00623,8.8
2025-07-08,P0460,E00667,8.8
2025-07-08,P0463,E00665,8.8
2025-07-08,P0488,E00463,8.8
2025-07-08,P0515,E00668,8.8
2025-07-08,P0536,E00540,8.8
2025-07-08,P0584,E00594,8.8
2025-07-08,P0591,E00675,8.8
2025-07-08,P0599,E00656,8.8
2025-07-08,P0602,E00639,8.8
2025-07-08,P0610,E00507,8.8
2025-07-08,P0627,E00572,4.4
2025-07-08,P0636,E00216,4.4
2025-07-08,P0638,E00573,8.8
2025-07-08,P0641,E00317,8.8
2025-07-08,P0646,E00646,8.8
2025-07-08,P0648,E00510,8.8
2025-07-08,P0653,E00280,8.8
2025-07-08,P0657,E00607,8.8
2025-07-09,P0011,E00480,8.8
2025-07-09,P0041,E00615,4.4
2025-07-09,P0044,E00671,8.8
2025-07-09,P0157,E00649,8.8
2025-07-09,P0162,E00443,8.8
2025-07-09,P0175,E00658,8.8
2025-07-09,P0238,E00533,8.8
2025-07-09,P0263,E00659,8.8
2025-07-09,P0311,E00622,8.8
2025-07-09,P0314,E00673,8.8
2025-07-09,P0317,E00357,8.8
2025-07-09,P0323,E00634,4.4
2025-07-09,P0330,E00676,8.8
2025-07-09,P0338,E00674,8.8
2025-07-09,P0339,E00534,8.8
2025-07-09,P0358,E00664,8.8
2025-07-09,P0365,E00660,8.8
2025-07-09,P0399,E00654,8.8
2025-07-09,P0412,E00383,8.8
2025-07-09,P0415,E00505,8.8
2025-07-09,P0448,E00325,8.8
2025-07-09,P0451,E00644,8.8
2025-07-09,P0456,E00623,8.8
2025-07-09,P0460,E00667,8.8
2025-07-09,P0461,E00677,8.8
2025-07-09,P0463,E00665,8.8
2025-07-09,P0488,E00463,8.8
2025-07-09,P0515,E00668,8.8
2025-07-09,P0536,E00540,8.8
2025-07-09,P0584,E00594,8.8
2025-07-09,P0591,E00675,8.8
2025-07-09,P0602,E00639,8.8
2025-07-09,P0610,E00507,8.8
2025-07-09,P0627,E00572,4.4
2025-07-09,P0636,E00216,4.4
2025-07-09,P0641,E00317,8.8
2025-07-09,P0646,E00646,8.8
2025-07-09,P0653,E00280,8.8
2025-07-09,P0657,E00607,8.8
2025-07-10,P0011,E00480,8.8
2025-07-10,P0039,E00678,8.8
2025-07-10,P0041,E00615,4.4
2025-07-10,P0044,E00671,8.8
2025-07-10,P0052,E00679,8.8
2025-07-10,P0081,E00680,4.4
2025-07-10,P0157,E00649,8.8
2025-07-10,P0162,E00443,8.8
2025-07-10,P0175,E00658,8.8
2025-07-10,P0226,E00681,8.8
2025-07-10,P0238,E00533,8.8
2025-07-10,P0263,E00659,8.8
2025-07-10,P0311,E00622,8.8
2025-07-10,P0314,E00673,8.8
2025-07-10,P0317,E00357,8.8
2025-07-10,P0323,E00634,4.4
2025-07-10,P0330,E00676,8.8
2025-07-10,P0338,E00674,8.8
2025-07-10,P0339,E00534,8.8
2025-07-10,P0358,E00664,8.8
2025-07-10,P0365,E00660,8.8
2025-07-10,P0375,E00682,4.4
2025-07-10,P0392,E00683,8.8
2025-07-10,P0399,E00654,8.8
2025-07-10,P0410,E00684,8.8
2025-07-10,P0412,E00383,8.8
2025-07-10,P0415,E00505,8.8
2025-07-10,P0448,E00325,8.8
2025-07-10,P0451,E00644,8.8
2025-07-10,P0456,E00623,8.8
2025-07-10,P0460,E00667,8.8
2025-07-10,P0461,E00677,8.8
2025-07-10,P0463,E00665,8.8
2025-07-10,P0488,E00463,8.8
2025-07-10,P0490,E00685,8.8
2025-07-10,P0515,E00668,8.8
2025-07-10,P0536,E00540,8.8
2025-07-10,P0568,E00686,8.8
2025-07-10,P0584,E00594,8.8
2025-07-10,P0591,E00675,8.8
2025-07-10,P0602,E00639,8.8
2025-07-10,P0610,E00507,8.8
2025-07-10,P0627,E00572,4.4
2025-07-10,P0636,E00216,4.4
2025-07-10,P0641,E00317,8.8
2025-07-10,P0646,E00646,8.8
2025-07-10,P0653,E00280,8.8
2025-07-10,P0657,E00607,8.8
2025-07-11,P0011,E00480,8.8
2025-07-11,P0039,E00678,8.8
2025-07-11,P0041,E00615,4.4
2025-07-11,P0044,E00671,8.8
2025-07-11,P0052,E00679,8.8
2025-07-11,P0081,E00680,4.4
2025-07-11,P0107,E00687,8.8
2025-07-11,P0157,E00649,8.8
2025-07-11,P0162,E00443,8.8
2025-07-11,P0175,E00658,8.8
2025-07-11,P0186,E00688,8.8
2025-07-11,P0226,E00681,8.8
2025-07-11,P0238,E00533,8.8
2025-07-11,P0311,E00622,8.8
2025-07-11,P0314,E00673,8.8
2025-07-11,P0317,E00357,8.8
2025-07-11,P0338,E00674,8.8
2025-07-11,P0339,E00534,8.8
2025-07-11,P0352,E00689,8.8
2025-07-11,P0358,E00664,8.8
2025-07-11,P0365,E00660,8.8
2025-07-11,P0375,E00682,4.4
2025-07-11,P0399,E00654,8.8
2025-07-11,P0410,E00684,8.8
2025-07-11,P0412,E00383,8.8
2025-07-11,P0448,E00325,8.8
2025-07-11,P0451,E00644,8.8
2025-07-11,P0456,E00623,8.8
2025-07-11,P0460,E00667,8.8
2025-07-11,P0463,E00665,8.8
2025-07-11,P0488,E00463,8.8
2025-07-11,P0490,E00685,8.8
2025-07-11,P0502,E00690,8.8
2025-07-11,P0515,E00668,8.8
2025-07-11,P0568,E00686,8.8
2025-07-11,P0584,E00594,8.8
2025-07-11,P0591,E00675,8.8
2025-07-11,P0602,E00639,8.8
2025-07-11,P0610,E00507,8.8
2025-07-11,P0627,E00572,4.4
2025-07-11,P0636,E00216,4.4
2025-07-11,P0641,E00317,8.8
2025-07-11,P0646,E00646,8.8
2025-07-11,P0653,E00280,8.8
2025-07-11,P0657,E00607,8.8
2025-07-14,P0011,E00480,8.8
2025-07-14,P0028,E00691,8.8
2025-07-14,P0039,E00678,8.8
2025-07-14,P0041,E00615,4.4
2025-07-14,P0044,E00671,8.8
2025-07-14,P0052,E00679,8.8
2025-07-14,P0080,E00692,8.8
2025-07-14,P0081,E00680,4.4
2025-07-14,P0107,E00687,8.8
2025-07-14,P0157,E00649,8.8
2025-07-14,P0162,E00443,8.8
2025-07-14,P0175,E00658,8.8
2025-07-14,P0186,E00688,8.8
2025-07-14,P0226,E00681,8.8
2025-07-14,P0238,E00533,8.8
2025-07-14,P0311,E00622,8.8
2025-07-14,P0317,E00357,8.8
2025-07-14,P0338,E00674,8.8
2025-07-14,P0339,E00534,8.8
2025-07-14,P0352,E00689,8.8
2025-07-14,P0365,E00660,8.8
2025-07-14,P0375,E00682,4.4
2025-07-14,P0399,E00654,8.8
2025-07-14,P0410,E00684,8.8
2025-07-14,P0412,E00383,8.8
2025-07-14,P0448,E00325,8.8
2025-07-14,P0451,E00644,8.8
2025-07-14,P0456,E00623,8.8
2025-07-14,P0460,E00667,8.8
2025-07-14,P0463,E00665,8.8
2025-07-14,P0488,E00463,8.8
2025-07-14,P0490,E00685,8.8
2025-07-14,P0515,E00668,8.8
2025-07-14,P0522,E00693,8.8
2025-07-14,P0568,E00686,8.8
2025-07-14,P0584,E00594,8.8
2025-07-14,P0591,E00675,8.8
2025-07-14,P0602,E00639,8.8
2025-07-14,P0610,E00507,8.8
2025-07-14,P0621,E00694,8.8
2025-07-14,P0627,E00572,4.4
2025-07-14,P0636,E00216,4.4
2025-07-14,P0641,E00317,8.8
2025-07-14,P0646,E00646,8.8
2025-07-14,P0653,E00280,8.8
2025-07-14,P0657,E00607,8.8
2025-07-15,P0011,E00480,8.8
2025-07-15,P0028,E00691,8.8
2025-07-15,P0039,E00678,8.8
2025-07-15,P0041,E00615,4.4
2025-07-15,P0044,E00671,8.8
2025-07-15,P0052,E00679,8.8
2025-07-15,P0077,E00695,8.8
2025-07-15,P0081,E00680,4.4
2025-07-15,P0107,E00687,8.8
2025-07-15,P0157,E00649,8.8
2025-07-15,P0160,E00696,8.8
2025-07-15,P0162,E00443,8.8
2025-07-15,P0175,E00658,8.8
2025-07-15,P0186,E00688,8.8
2025-07-15,P0203,E00697,8.8
2025-07-15,P0226,E00681,8.8
2025-07-15,P0238,E00533,8.8
2025-07-15,P0311,E00622,8.8
2025-07-15,P0317,E00357,8.8
2025-07-15,P0325,E00698,8.8
2025-07-15,P0338,E00674,8.8
2025-07-15,P0339,E00534,8.8
2025-07-15,P0352,E00689,8.8
2025-07-15,P0375,E00682,4.4
2025-07-15,P0399,E00654,8.8
2025-07-15,P0403,E00699,8.8
2025-07-15,P0410,E00684,8.8
2025-07-15,P0412,E00383,8.8
2025-07-15,P0448,E00325,8.8
2025-07-15,P0451,E00644,8.8
2025-07-15,P0456,E00623,8.8
2025-07-15,P0460,E00667,8.8
2025-07-15,P0463,E00665,8.8
2025-07-15,P0488,E00463,8.8
2025-07-15,P0490,E00685,8.8
2025-07-15,P0506,E00700,8.8
2025-07-15,P0515,E00668,8.8
2025-07-15,P0522,E00693,8.8
2025-07-15,P0524,E00701,8.8
2025-07-15,P0568,E00686,8.8
2025-07-15,P0575,E00702,8.8
2025-07-15,P0584,E00594,8.8
2025-07-15,P0591,E00675,8.8
2025-07-15,P0610,E00507,8.8
2025-07-15,P0627,E00572,4.4
2025-07-15,P0630,E00703,8.8
2025-07-15,P0636,E00216,4.4
2025-07-15,P0641,E00317,8.8
2025-07-15,P0646,E00646,8.8
2025-07-15,P0653,E00280,8.8
2025-07-15,P0657,E00607,8.8
2025-07-15,P0678,E00704,4.4
2025-07-16,P0011,E00480,8.8
2025-07-16,P0041,E00615,4.4
2025-07-16,P0044,E00671,8.8
2025-07-16,P0077,E00695,8.8
2025-07-16,P0081,E00680,4.4
2025-07-16,P0107,E00687,8.8
2025-07-16,P0118,E00705,8.8
2025-07-16,P0157,E00649,8.8
2025-07-16,P0162,E00443,8.8
2025-07-16,P0175,E00658,8.8
2025-07-16,P0186,E00688,8.8
2025-07-16,P0203,E00697,8.8
2025-07-16,P0238,E00533,8.8
2025-07-16,P0291,E00706,4.4
2025-07-16,P0311,E00622,8.8
2025-07-16,P0317,E00357,8.8
2025-07-16,P0325,E00698,8.8
2025-07-16,P0338,E00674,8.8
2025-07-16,P0339,E00534,8.8
2025-07-16,P0352,E00689,8.8
2025-07-16,P0375,E00682,4.4
2025-07-16,P0399,E00654,8.8
2025-07-16,P0403,E00699,8.8
2025-07-16,P0410,E00684,8.8
2025-07-16,P0412,E00383,8.8
2025-07-16,P0448,E00325,8.8
2025-07-16,P0451,E00644,8.8
2025-07-16,P0460,E00667,8.8
2025-07-16,P0463,E00665,8.8
2025-07-16,P0488,E00463,8.8
2025-07-16,P0515,E00668,8.8
2025-07-16,P0519,E00707,4.4
2025-07-16,P0522,E00693,8.8
2025-07-16,P0524,E00701,8.8
2025-07-16,P0563,E00708,8.8
2025-07-16,P0568,E00686,8.8
2025-07-16,P0575,E00702,8.8
2025-07-16,P0584,E00594,8.8
2025-07-16,P0591,E00675,8.8
2025-07-16,P0610,E00507,8.8
2025-07-16,P0627,E00572,4.4
2025-07-16,P0630,E00703,8.8
2025-07-16,P0636,E00216,4.4
2025-07-16,P0641,E00317,8.8
2025-07-16,P0646,E00646,8.8
2025-07-16,P0653,E00280,8.8
2025-07-16,P0678,E00704,4.4
2025-07-17,P0011,E00480,8.8
2025-07-17,P0041,E00615,4.4
2025-07-17,P0044,E00671,8.8
2025-07-17,P0077,E00695,8.8
2025-07-17,P0081,E00680,4.4
2025-07-17,P0107,E00687,8.8
2025-07-17,P0157,E00649,8.8
2025-07-17,P0162,E00443,8.8
2025-07-17,P0175,E00658,8.8
2025-07-17,P0186,E00688,8.8
2025-07-17,P0203,E00697,8.8
2025-07-17,P0238,E00533,8.8
2025-07-17,P0291,E00706,4.4
2025-07-17,P0311,E00622,8.8
2025-07-17,P0317,E00357,8.8
2025-07-17,P0325,E00698,8.8
2025-07-17,P0338,E00674,8.8
2025-07-17,P0339,E00534,8.8
2025-07-17,P0352,E00689,8.8
2025-07-17,P0375,E00682,4.4
2025-07-17,P0399,E00654,8.8
2025-07-17,P0410,E00684,8.8
2025-07-17,P0412,E00383,8.8
2025-07-17,P0448,E00325,8.8
2025-07-17,P0451,E00644,8.8
2025-07-17,P0456,E00709,8.8
2025-07-17,P0463,E00665,8.8
2025-07-17,P0488,E00463,8.8
2025-07-17,P0515,E00668,8.8
2025-07-17,P0519,E00707,4.4
2025-07-17,P0524,E00701,8.8
2025-07-17,P0563,E00708,8.8
2025-07-17,P0575,E00702,8.8
2025-07-17,P0584,E00594,8.8
2025-07-17,P0591,E00675,8.8
2025-07-17,P0610,E00507,8.8
2025-07-17,P0627,E00572,4.4
2025-07-17,P0630,E00703,8.8
2025-07-17,P0636,E00216,4.4
2025-07-17,P0641,E00317,8.8
2025-07-17,P0653,E00280,8.8
2025-07-17,P0678,E00704,4.4
2025-07-18,P0011,E00480,8.8
2025-07-18,P0041,E00615,4.4
2025-07-18,P0044,E00671,8.8
2025-07-18,P0077,E00695,8.8
2025-07-18,P0081,E00680,4.4
2025-07-18,P0107,E00687,8.8
2025-07-18,P0116,E00710,8.8
2025-07-18,P0157,E00649,8.8
2025-07-18,P0162,E00443,8.8
2025-07-18,P0173,E00711,8.8
2025-07-18,P0175,E00658,8.8
2025-07-18,P0186,E00688,8.8
2025-07-18,P0203,E00697,8.8
2025-07-18,P0238,E00533,8.8
2025-07-18,P0291,E00706,4.4
2025-07-18,P0298,E00712,8.8
2025-07-18,P0311,E00622,8.8
2025-07-18,P0317,E00357,8.8
2025-07-18,P0323,E00713,4.4
2025-07-18,P0325,E00698,8.8
2025-07-18,P0338,E00674,8.8
2025-07-18,P0339,E00534,8.8
2025-07-18,P0348,E00714,8.8
2025-07-18,P0352,E00689,8.8
2025-07-18,P0375,E00682,4.4
2025-07-18,P0399,E00654,8.8
2025-07-18,P0410,E00684,8.8
2025-07-18,P0412,E00383,8.8
2025-07-18,P0413,E00715,8.8
2025-07-18,P0448,E00325,8.8
2025-07-18,P0451,E00644,8.8
2025-07-18,P0456,E00709,8.8
2025-07-18,P0488,E00463,8.8
2025-07-18,P0490,E00716,8.8
2025-07-18,P0515,E00668,8.8
2025-07-18,P0524,E00701,8.8
2025-07-18,P0575,E00702,8.8
2025-07-18,P0584,E00594,8.8
2025-07-18,P0591,E00675,8.8
2025-07-18,P0610,E00507,8.8
2025-07-18,P0627,E00572,4.4
2025-07-18,P0630,E00703,8.8
2025-07-18,P0636,E00216,4.4
2025-07-18,P0653,E00280,8.8
2025-07-18,P0678,E00704,4.4
2025-07-21,P0011,E00480,8.8
2025-07-21,P0013,E00717,8.8
2025-07-21,P0036,E00718,8.8
2025-07-21,P0041,E00615,4.4
2025-07-21,P0044,E00671,8.8
2025-07-21,P0077,E00695,8.8
2025-07-21,P0081,E00680,4.4
2025-07-21,P0086,E00719,8.8
2025-07-21,P0107,E00687,8.8
2025-07-21,P0116,E00710,8.8
2025-07-21,P0157,E00649,8.8
2025-07-21,P0162,E00443,8.8
2025-07-21,P0173,E00711,8.8
2025-07-21,P0186,E00688,8.8
2025-07-21,P0203,E00697,8.8
2025-07-21,P0218,E00720,8.8
2025-07-21,P0238,E00533,8.8
2025-07-21,P0291,E00706,4.4
2025-07-21,P0298,E00712,8.8
2025-07-21,P0311,E00622,8.8
2025-07-21,P0317,E00357,8.8
2025-07-21,P0323,E00713,4.4
2025-07-21,P0324,E00721,8.8
2025-07-21,P0325,E00698,8.8
2025-07-21,P0338,E00674,8.8
2025-07-21,P0339,E00534,8.8
2025-07-21,P0348,E00714,8.8
2025-07-21,P0375,E00682,4.4
2025-07-21,P0378,E00722,8.8
2025-07-21,P0399,E00654,8.8
2025-07-21,P0410,E00684,8.8
2025-07-21,P0412,E00383,8.8
2025-07-21,P0413,E00715,8.8
2025-07-21,P0448,E00325,8.8
2025-07-21,P0451,E00644,8.8
2025-07-21,P0456,E00709,8.8
2025-07-21,P0488,E00463,8.8
2025-07-21,P0490,E00716,8.8
2025-07-21,P0515,E00668,8.8
2025-07-21,P0575,E00702,8.8
2025-07-21,P0584,E00594,8.8
2025-07-21,P0591,E00675,8.8
2025-07-21,P0610,E00507,8.8
2025-07-21,P0627,E00572,4.4
2025-07-21,P0630,E00703,8.8
2025-07-21,P0636,E00216,4.4
2025-07-21,P0653,E00280,8.8
2025-07-21,P0678,E00704,4.4
2025-07-22,P0011,E00480,8.8
2025-07-22,P0013,E00717,8.8
2025-07-22,P0036,E00718,8.8
2025-07-22,P0041,E00615,4.4
2025-07-22,P0044,E00671,8.8
2025-07-22,P0077,E00695,8.8
2025-07-22,P0081,E00680,4.4
2025-07-22,P0086,E00719,8.8
2025-07-22,P0101,E00723,8.8
2025-07-22,P0107,E00687,8.8
2025-07-22,P0157,E00649,8.8
2025-07-22,P0162,E00443,8.8
2025-07-22,P0203,E00697,8.8
2025-07-22,P0238,E00533,8.8
2025-07-22,P0291,E00706,4.4
2025-07-22,P0298,E00712,8.8
2025-07-22,P0299,E00724,8.8
2025-07-22,P0302,E00725,8.8
2025-07-22,P0311,E00622,8.8
2025-07-22,P0317,E00357,8.8
2025-07-22,P0325,E00698,8.8
2025-07-22,P0338,E00674,8.8
2025-07-22,P0339,E00534,8.8
2025-07-22,P0348,E00714,8.8
2025-07-22,P0352,E00726,8.8
2025-07-22,P0375,E00682,4.4
2025-07-22,P0378,E00722,8.8
2025-07-22,P0399,E00654,8.8
2025-07-22,P0412,E00383,8.8
2025-07-22,P0448,E00325,8.8
2025-07-22,P0451,E00644,8.8
2025-07-22,P0456,E00709,8.8
2025-07-22,P0488,E00463,8.8
2025-07-22,P0490,E00716,8.8
2025-07-22,P0515,E00668,8.8
2025-07-22,P0575,E00702,8.8
2025-07-22,P0584,E00594,8.8
2025-07-22,P0591,E00675,8.8
2025-07-22,P0610,E00507,8.8
2025-07-22,P0627,E00572,4.4
2025-07-22,P0636,E00216,4.4
2025-07-22,P0653,E00280,8.8
2025-07-22,P0676,E00727,8.8
2025-07-22,P0678,E00704,4.4
2025-07-23,P0011,E00480,8.8
2025-07-23,P0013,E00717,8.8
2025-07-23,P0041,E00615,4.4
2025-07-23,P0044,E00671,8.8
2025-07-23,P0077,E00695,8.8
2025-07-23,P0081,E00680,4.4
2025-07-23,P0086,E00719,8.8
2025-07-23,P0107,E00687,8.8
2025-07-23,P0157,E00649,8.8
2025-07-23,P0162,E00443,8.8
2025-07-23,P0203,E00697,8.8
2025-07-23,P0246,E00728,8.8
2025-07-23,P0291,E00706,4.4
2025-07-23,P0298,E00712,8.8
2025-07-23,P0299,E00724,8.8
2025-07-23,P0311,E00622,8.8
2025-07-23,P0317,E00357,8.8
2025-07-23,P0325,E00698,8.8
2025-07-23,P0338,E00674,8.8
2025-07-23,P0339,E00534,8.8
2025-07-23,P0347,E00729,8.8
2025-07-23,P0348,E00714,8.8
2025-07-23,P0357,E00730,8.8
2025-07-23,P0375,E00682,4.4
2025-07-23,P0378,E00722,8.8
2025-07-23,P0399,E00654,8.8
2025-07-23,P0412,E00383,8.8
2025-07-23,P0448,E00325,8.8
2025-07-23,P0451,E00644,8.8
2025-07-23,P0456,E00709,8.8
2025-07-23,P0488,E00463,8.8
2025-07-23,P0490,E00716,8.8
2025-07-23,P0515,E00668,8.8
2025-07-23,P0519,E00731,4.4
2025-07-23,P0575,E00702,8.8
2025-07-23,P0577,E00732,8.8
2025-07-23,P0591,E00675,8.8
2025-07-23,P0607,E00733,8.8
2025-07-23,P0610,E00507,8.8
2025-07-23,P0627,E00572,4.4
2025-07-23,P0636,E00216,4.4
2025-07-23,P0653,E00280,8.8
2025-07-23,P0671,E00734,8.8
2025-07-24,P0011,E00480,8.8
2025-07-24,P0041,E00615,4.4
2025-07-24,P0044,E00671,8.8
2025-07-24,P0077,E00695,8.8
2025-07-24,P0081,E00680,4.4
2025-07-24,P0086,E00719,8.8
2025-07-24,P0107,E00687,8.8
2025-07-24,P0157,E00649,8.8
2025-07-24,P0162,E00443,8.8
2025-07-24,P0203,E00697,8.8
2025-07-24,P0246,E00728,8.8
2025-07-24,P0252,E00735,8.8
2025-07-24,P0291,E00706,4.4
2025-07-24,P0298,E00712,8.8
2025-07-24,P0299,E00724,8.8
2025-07-24,P0311,E00622,8.8
2025-07-24,P0317,E00357,8.8
2025-07-24,P0325,E00698,8.8
2025-07-24,P0338,E00674,8.8
2025-07-24,P0339,E00534,8.8
2025-07-24,P0348,E00714,8.8
2025-07-24,P0357,E00730,8.8
2025-07-24,P0375,E00682,4.4
2025-07-24,P0378,E00722,8.8
2025-07-24,P0399,E00654,8.8
2025-07-24,P0412,E00383,8.8
2025-07-24,P0448,E00325,8.8
2025-07-24,P0451,E00644,8.8
2025-07-24,P0481,E00736,8.8
2025-07-24,P0488,E00463,8.8
2025-07-24,P0490,E00716,8.8
2025-07-24,P0515,E00668,8.8
2025-07-24,P0524,E00737,8.8
2025-07-24,P0577,E00732,8.8
2025-07-24,P0591,E00675,8.8
2025-07-24,P0607,E00733,8.8
2025-07-24,P0610,E00507,8.8
2025-07-24,P0636,E00216,4.4
2025-07-24,P0653,E00280,8.8
2025-07-24,P0671,E00734,8.8
2025-07-25,P0011,E00480,8.8
2025-07-25,P0041,E00615,4.4
2025-07-25,P0044,E00671,8.8
2025-07-25,P0077,E00695,8.8
2025-07-25,P0081,E00680,4.4
2025-07-25,P0107,E00687,8.8
2025-07-25,P0162,E00443,8.8
2025-07-25,P0186,E00738,8.8
2025-07-25,P0203,E00697,8.8
2025-07-25,P0246,E00728,8.8
2025-07-25,P0291,E00706,4.4
2025-07-25,P0298,E00712,8.8
2025-07-25,P0299,E00724,8.8
2025-07-25,P0311,E00622,8.8
2025-07-25,P0317,E00357,8.8
2025-07-25,P0325,E00698,8.8
2025-07-25,P0338,E00674,8.8
2025-07-25,P0339,E00534,8.8
2025-07-25,P0348,E00714,8.8
2025-07-25,P0357,E00730,8.8
2025-07-25,P0370,E00739,8.8
2025-07-25,P0378,E00722,8.8
2025-07-25,P0399,E00654,8.8
2025-07-25,P0411,E00740,8.8
2025-07-25,P0412,E00383,8.8
2025-07-25,P0448,E00325,8.8
2025-07-25,P0451,E00644,8.8
2025-07-25,P0481,E00736,8.8
2025-07-25,P0488,E00463,8.8
2025-07-25,P0490,E00716,8.8
2025-07-25,P0515,E00668,8.8
2025-07-25,P0540,E00741,8.8
2025-07-25,P0561,E00742,8.8
2025-07-25,P0577,E00732,8.8
2025-07-25,P0591,E00675,8.8
2025-07-25,P0607,E00733,8.8
2025-07-25,P0610,E00507,8.8
2025-07-25,P0617,E00743,8.8
2025-07-25,P0636,E00216,4.4
2025-07-25,P0643,E00744,8.8
2025-07-25,P0653,E00280,8.8
2025-07-25,P0671,E00734,8.8
2025-07-28,P0011,E00480,8.8
2025-07-28,P0016,E00745,8.8
2025-07-28,P0026,E00746,8.8
2025-07-28,P0036,E00747,8.8
2025-07-28,P0041,E00615,4.4
2025-07-28,P0044,E00671,8.8
2025-07-28,P0077,E00695,8.8
2025-07-28,P0081,E00680,4.4
2025-07-28,P0107,E00687,8.8
2025-07-28,P0162,E00443,8.8
2025-07-28,P0203,E00697,8.8
2025-07-28,P0246,E00728,8.8
2025-07-28,P0291,E00706,4.4
2025-07-28,P0298,E00712,8.8
2025-07-28,P0299,E00724,8.8
2025-07-28,P0311,E00622,8.8
2025-07-28,P0317,E00357,8.8
2025-07-28,P0325,E00698,8.8
2025-07-28,P0345,E00748,8.8
2025-07-28,P0348,E00714,8.8
2025-07-28,P0357,E00730,8.8
2025-07-28,P0370,E00739,8.8
2025-07-28,P0378,E00722,8.8
2025-07-28,P0399,E00654,8.8
2025-07-28,P0411,E00740,8.8
2025-07-28,P0412,E00383,8.8
2025-07-28,P0448,E00325,8.8
2025-07-28,P0451,E00644,8.8
2025-07-28,P0454,E00749,8.8
2025-07-28,P0488,E00463,8.8
2025-07-28,P0490,E00716,8.8
2025-07-28,P0515,E00668,8.8
2025-07-28,P0561,E00742,8.8
2025-07-28,P0604,E00750,8.8
2025-07-28,P0607,E00733,8.8
2025-07-28,P0610,E00507,8.8
2025-07-28,P0617,E00743,8.8
2025-07-28,P0636,E00216,4.4
2025-07-28,P0643,E00744,8.8
2025-07-28,P0653,E00280,8.8
2025-07-29,P0011,E00480,8.8
2025-07-29,P0044,E00671,8.8
2025-07-29,P0081,E00680,4.4
2025-07-29,P0107,E00687,8.8
2025-07-29,P0162,E00443,8.8
2025-07-29,P0203,E00697,8.8
2025-07-29,P0246,E00728,8.8
2025-07-29,P0291,E00706,4.4
2025-07-29,P0298,E00712,8.8
2025-07-29,P0299,E00724,8.8
2025-07-29,P0311,E00622,8.8
2025-07-29,P0317,E00357,8.8
2025-07-29,P0325,E00698,8.8
2025-07-29,P0345,E00748,8.8
2025-07-29,P0348,E00714,8.8
2025-07-29,P0357,E00730,8.8
2025-07-29,P0370,E00739,8.8
2025-07-29,P0378,E00722,8.8
2025-07-29,P0399,E00654,8.8
2025-07-29,P0412,E00383,8.8
2025-07-29,P0448,E00325,8.8
2025-07-29,P0451,E00644,8.8
2025-07-29,P0488,E00463,8.8
2025-07-29,P0490,E00716,8.8
2025-07-29,P0515,E00668,8.8
2025-07-29,P0561,E00742,8.8
2025-07-29,P0607,E00733,8.8
2025-07-29,P0610,E00507,8.8
2025-07-29,P0617,E00743,8.8
2025-07-29,P0636,E00216,4.4
2025-07-29,P0643,E00744,8.8
2025-07-29,P0653,E00280,8.8
2025-07-29,P0656,E00751,8.8
2025-07-30,P0011,E00480,8.8
2025-07-30,P0044,E00671,8.8
2025-07-30,P0081,E00680,4.4
2025-07-30,P0107,E00687,8.8
2025-07-30,P0118,E00752,8.8
2025-07-30,P0162,E00443,8.8
2025-07-30,P0186,E00753,8.8
2025-07-30,P0203,E00697,8.8
2025-07-30,P0251,E00754,8.8
2025-07-30,P0291,E00706,4.4
2025-07-30,P0298,E00712,8.8
2025-07-30,P0299,E00724,8.8
2025-07-30,P0303,E00755,8.8
2025-07-30,P0311,E00622,8.8
2025-07-30,P0317,E00357,8.8
2025-07-30,P0337,E00756,8.8
2025-07-30,P0345,E00748,8.8
2025-07-30,P0357,E00730,8.8
2025-07-30,P0370,E00739,8.8
2025-07-30,P0378,E00722,8.8
2025-07-30,P0399,E00654,8.8
2025-07-30,P0412,E00383,8.8
2025-07-30,P0439,E00757,8.8
2025-07-30,P0448,E00325,8.8
2025-07-30,P0454,E00758,8.8
2025-07-30,P0461,E00759,8.8
2025-07-30,P0488,E00463,8.8
2025-07-30,P0490,E00716,8.8
2025-07-30,P0515,E00668,8.8
2025-07-30,P0607,E00733,8.8
2025-07-30,P0610,E00507,8.8
2025-07-30,P0617,E00743,8.8
2025-07-30,P0621,E00760,8.8
2025-07-30,P0636,E00216,4.4
2025-07-30,P0643,E00744,8.8
2025-07-30,P0653,E00280,8.8
2025-07-30,P0656,E00751,8.8
2025-07-31,P0011,E00480,8.8
2025-07-31,P0044,E00671,8.8
2025-07-31,P0081,E00680,4.4
2025-07-31,P0086,E00761,8.8
2025-07-31,P0092,E00762,8.8
2025-07-31,P0107,E00687,8.8
2025-07-31,P0118,E00752,8.8
2025-07-31,P0162,E00443,8.8
2025-07-31,P0203,E00697,8.8
2025-07-31,P0251,E00754,8.8
2025-07-31,P0263,E00763,8.8
2025-07-31,P0291,E00706,4.4
2025-07-31,P0298,E00712,8.8
2025-07-31,P0299,E00724,8.8
2025-07-31,P0303,E00755,8.8
2025-07-31,P0311,E00622,8.8
2025-07-31,P0317,E00357,8.8
2025-07-31,P0345,E00748,8.8
2025-07-31,P0352,E00764,8.8
2025-07-31,P0357,E00730,8.8
2025-07-31,P0370,E00739,8.8
2025-07-31,P0378,E00722,8.8
2025-07-31,P0394,E00765,8.8
2025-07-31,P0399,E00654,8.8
2025-07-31,P0412,E00383,8.8
2025-07-31,P0448,E00325,8.8
2025-07-31,P0461,E00759,8.8
2025-07-31,P0488,E00463,8.8
2025-07-31,P0490,E00716,8.8
2025-07-31,P0515,E00668,8.8
2025-07-31,P0529,E00766,8.8
2025-07-31,P0607,E00733,8.8
2025-07-31,P0610,E00507,8.8
2025-07-31,P0617,E00743,8.8
2025-07-31,P0621,E00760,8.8
2025-07-31,P0636,E00216,4.4
2025-07-31,P0643,E00744,8.8
2025-07-31,P0653,E00280,8.8
2025-07-31,P0656,E00751,8.8
2025-08-01,P0011,E00480,8.8
2025-08-01,P0044,E00671,8.8
2025-08-01,P0081,E00680,4.4
2025-08-01,P0086,E00761,8.8
2025-08-01,P0092,E00762,8.8
2025-08-01,P0107,E00687,8.8
2025-08-01,P0118,E00752,8.8
2025-08-01,P0162,E00443,8.8
2025-08-01,P0203,E00697,8.8
2025-08-01,P0263,E00763,8.8
2025-08-01,P0291,E00706,4.4
2025-08-01,P0298,E00712,8.8
2025-08-01,P0299,E00724,8.8
2025-08-01,P0303,E00755,8.8
2025-08-01,P0311,E00622,8.8
2025-08-01,P0317,E00357,8.8
2025-08-01,P0345,E00748,8.8
2025-08-01,P0352,E00764,8.8
2025-08-01,P0357,E00730,8.8
2025-08-01,P0370,E00739,8.8
2025-08-01,P0378,E00722,8.8
2025-08-01,P0399,E00654,8.8
2025-08-01,P0412,E00383,8.8
2025-08-01,P0448,E00325,8.8
2025-08-01,P0461,E00759,8.8
2025-08-01,P0469,E00767,8.8
2025-08-01,P0476,E00768,8.8
2025-08-01,P0488,E00463,8.8
2025-08-01,P0490,E00716,8.8
2025-08-01,P0515,E00668,8.8
2025-08-01,P0529,E00766,8.8
2025-08-01,P0607,E00733,8.8
2025-08-01,P0610,E00507,8.8
2025-08-01,P0617,E00743,8.8
2025-08-01,P0621,E00760,8.8
2025-08-01,P0636,E00216,4.4
2025-08-01,P0639,E00769,8.8
2025-08-01,P0643,E00744,8.8
2025-08-01,P0653,E00280,8.8
2025-08-01,P0656,E00751,8.8
2025-08-04,P0044,E00671,8.8
2025-08-04,P0086,E00761,8.8
2025-08-04,P0092,E00762,8.8
2025-08-04,P0098,E00770,8.8
2025-08-04,P0107,E00687,8.8
2025-08-04,P0162,E00443,8.8
2025-08-04,P0203,E00697,8.8
2025-08-04,P0263,E00763,8.8
2025-08-04,P0291,E00706,4.4
2025-08-04,P0298,E00712,8.8
2025-08-04,P0299,E00724,8.8
2025-08-04,P0303,E00755,8.8
2025-08-04,P0311,E00622,8.8
2025-08-04,P0317,E00357,8.8
2025-08-04,P0345,E00748,8.8
2025-08-04,P0352,E00764,8.8
2025-08-04,P0357,E00730,8.8
2025-08-04,P0378,E00722,8.8
2025-08-04,P0399,E00654,8.8
2025-08-04,P0412,E00383,8.8
2025-08-04,P0448,E00325,8.8
2025-08-04,P0461,E00759,8.8
2025-08-04,P0488,E00463,8.8
2025-08-04,P0490,E00716,8.8
2025-08-04,P0496,E00771,8.8
2025-08-04,P0506,E00772,8.8
2025-08-04,P0515,E00668,8.8
2025-08-04,P0529,E00766,8.8
2025-08-04,P0607,E00733,8.8
2025-08-04,P0610,E00507,8.8
2025-08-04,P0617,E00743,8.8
2025-08-04,P0621,E00760,8.8
2025-08-04,P0636,E00216,4.4
2025-08-04,P0639,E00769,8.8
2025-08-04,P0643,E00744,8.8
2025-08-04,P0650,E00773,4.4
2025-08-04,P0653,E00280,8.8
2025-08-04,P0672,E00774,8.8
2025-08-04,P0682,E00775,8.8
2025-08-05,P0086,E00761,8.8
2025-08-05,P0092,E00762,8.8
2025-08-05,P0098,E00770,8.8
2025-08-05,P0107,E00687,8.8
2025-08-05,P0162,E00443,8.8
2025-08-05,P0203,E00697,8.8
2025-08-05,P0263,E00763,8.8
2025-08-05,P0291,E00706,4.4
2025-08-05,P0298,E00712,8.8
2025-08-05,P0299,E00724,8.8
2025-08-05,P0303,E00755,8.8
2025-08-05,P0311,E00622,8.8
2025-08-05,P0317,E00357,8.8
2025-08-05,P0325,E00776,8.8
2025-08-05,P0345,E00748,8.8
2025-08-05,P0352,E00764,8.8
2025-08-05,P0357,E00730,8.8
2025-08-05,P0448,E00325,8.8
2025-08-05,P0461,E00759,8.8
2025-08-05,P0488,E00463,8.8
2025-08-05,P0490,E00716,8.8
2025-08-05,P0496,E00771,8.8
2025-08-05,P0515,E00668,8.8
2025-08-05,P0529,E00766,8.8
2025-08-05,P0607,E00733,8.8
2025-08-05,P0610,E00507,8.8
2025-08-05,P0617,E00743,8.8
2025-08-05,P0636,E00216,4.4
2025-08-05,P0639,E00769,8.8
2025-08-05,P0643,E00744,8.8
2025-08-05,P0650,E00773,4.4
2025-08-05,P0653,E00280,8.8
2025-08-05,P0672,E00774,8.8
2025-08-05,P0682,E00775,8.8
2025-08-06,P0086,E00761,8.8
2025-08-06,P0092,E00762,8.8
2025-08-06,P0098,E00770,8.8
2025-08-06,P0107,E00687,8.8
2025-08-06,P0162,E00443,8.8
2025-08-06,P0203,E00697,8.8
2025-08-06,P0207,E00777,8.8
2025-08-06,P0263,E00763,8.8
2025-08-06,P0291,E00706,4.4
2025-08-06,P0298,E00712,8.8
2025-08-06,P0299,E00724,8.8
2025-08-06,P0303,E00755,8.8
2025-08-06,P0311,E00622,8.8
2025-08-06,P0317,E00357,8.8
2025-08-06,P0325,E00776,8.8
2025-08-06,P0340,E00778,8.8
2025-08-06,P0345,E00748,8.8
2025-08-06,P0352,E00764,8.8
2025-08-06,P0405,E00779,8.8
2025-08-06,P0448,E00325,8.8
2025-08-06,P0461,E00759,8.8
2025-08-06,P0488,E00463,8.8
2025-08-06,P0490,E00716,8.8
2025-08-06,P0496,E00771,8.8
2025-08-06,P0515,E00668,8.8
2025-08-06,P0529,E00766,8.8
2025-08-06,P0607,E00733,8.8
2025-08-06,P0610,E00507,8.8
2025-08-06,P0617,E00743,8.8
2025-08-06,P0636,E00216,4.4
2025-08-06,P0639,E00769,8.8
2025-08-06,P0640,E00780,4.4
2025-08-06,P0643,E00744,8.8
2025-08-06,P0650,E00773,4.4
2025-08-06,P0653,E00280,8.8
2025-08-06,P0672,E00774,8.8
2025-08-06,P0682,E00775,8.8
2025-08-07,P0086,E00761,8.8
2025-08-07,P0092,E00762,8.8
2025-08-07,P0098,E00770,8.8
2025-08-07,P0107,E00687,8.8
2025-08-07,P0157,E00781,8.8
2025-08-07,P0162,E00443,8.8
2025-08-07,P0192,E00782,4.4
2025-08-07,P0203,E00697,8.8
2025-08-07,P0207,E00777,8.8
2025-08-07,P0263,E00763,8.8
2025-08-07,P0291,E00706,4.4
2025-08-07,P0298,E00712,8.8
2025-08-07,P0299,E00724,8.8
2025-08-07,P0311,E00622,8.8
2025-08-07,P0317,E00357,8.8
2025-08-07,P0325,E00776,8.8
2025-08-07,P0340,E00778,8.8
2025-08-07,P0345,E00748,8.8
2025-08-07,P0352,E00764,8.8
2025-08-07,P0405,E00779,8.8
2025-08-07,P0415,E00783,8.8
2025-08-07,P0448,E00325,8.8
2025-08-07,P0461,E00759,8.8
2025-08-07,P0488,E00463,8.8
2025-08-07,P0490,E00716,8.8
2025-08-07,P0496,E00771,8.8
2025-08-07,P0515,E00668,8.8
2025-08-07,P0529,E00766,8.8
2025-08-07,P0607,E00733,8.8
2025-08-07,P0610,E00507,8.8
2025-08-07,P0617,E00743,8.8
2025-08-07,P0619,E00784,8.8
2025-08-07,P0636,E00216,4.4
2025-08-07,P0639,E00769,8.8
2025-08-07,P0640,E00780,4.4
2025-08-07,P0643,E00744,8.8
2025-08-07,P0650,E00773,4.4
2025-08-07,P0653,E00280,8.8
2025-08-07,P0672,E00774,8.8
2025-08-07,P0682,E00775,8.8
2025-08-07,P0693,E00785,8.8
2025-08-08,P0086,E00761,8.8
2025-08-08,P0092,E00762,8.8
2025-08-08,P0098,E00770,8.8
2025-08-08,P0100,E00786,8.8
2025-08-08,P0107,E00687,8.8
2025-08-08,P0162,E00443,8.8
2025-08-08,P0166,E00787,8.8
2025-08-08,P0174,E00788,8.8
2025-08-08,P0192,E00782,4.4
2025-08-08,P0203,E00697,8.8
2025-08-08,P0207,E00777,8.8
2025-08-08,P0263,E00763,8.8
2025-08-08,P0299,E00724,8.8
2025-08-08,P0303,E00789,8.8
2025-08-08,P0311,E00622,8.8
2025-08-08,P0317,E00357,8.8
2025-08-08,P0325,E00776,8.8
2025-08-08,P0340,E00778,8.8
2025-08-08,P0352,E00764,8.8
2025-08-08,P0405,E00779,8.8
2025-08-08,P0415,E00783,8.8
2025-08-08,P0448,E00325,8.8
2025-08-08,P0461,E00759,8.8
2025-08-08,P0490,E00716,8.8
2025-08-08,P0496,E00771,8.8
2025-08-08,P0515,E00668,8.8
2025-08-08,P0527,E00790,8.8
2025-08-08,P0529,E00766,8.8
2025-08-08,P0607,E00733,8.8
2025-08-08,P0610,E00507,8.8
2025-08-08,P0617,E00743,8.8
2025-08-08,P0619,E00784,8.8
2025-08-08,P0630,E00791,8.8
2025-08-08,P0636,E00216,4.4
2025-08-08,P0639,E00769,8.8
2025-08-08,P0640,E00780,4.4
2025-08-08,P0643,E00744,8.8
2025-08-08,P0650,E00773,4.4
2025-08-08,P0653,E00280,8.8
2025-08-08,P0682,E00775,8.8
2025-08-08,P0693,E00785,8.8
2025-08-11,P0086,E00761,8.8
2025-08-11,P0092,E00762,8.8
2025-08-11,P0098,E00770,8.8
2025-08-11,P0100,E00786,8.8
2025-08-11,P0107,E00687,8.8
2025-08-11,P0162,E00443,8.8
2025-08-11,P0166,E00787,8.8
2025-08-11,P0174,E00788,8.8
2025-08-11,P0192,E00782,4.4
2025-08-11,P0203,E00697,8.8
2025-08-11,P0207,E00777,8.8
2025-08-11,P0211,E00792,8.8
2025-08-11,P0263,E00763,8.8
2025-08-11,P0303,E00789,8.8
2025-08-11,P0311,E00622,8.8
2025-08-11,P0317,E00357,8.8
2025-08-11,P0325,E00776,8.8
2025-08-11,P0352,E00764,8.8
2025-08-11,P0403,E00793,8.8
2025-08-11,P0405,E00779,8.8
2025-08-11,P0415,E00783,8.8
2025-08-11,P0437,E00794,8.8
2025-08-11,P0448,E00325,8.8
2025-08-11,P0454,E00795,8.8
2025-08-11,P0461,E00759,8.8
2025-08-11,P0490,E00716,8.8
2025-08-11,P0496,E00771,8.8
2025-08-11,P0515,E00668,8.8
2025-08-11,P0527,E00790,8.8
2025-08-11,P0529,E00766,8.8
2025-08-11,P0607,E00733,8.8
2025-08-11,P0610,E00507,8.8
2025-08-11,P0617,E00743,8.8
2025-08-11,P0619,E00784,8.8
2025-08-11,P0630,E00796,8.8
2025-08-11,P0636,E00216,4.4
2025-08-11,P0639,E00769,8.8
2025-08-11,P0640,E00780,4.4
2025-08-11,P0643,E00744,8.8
2025-08-11,P0650,E00773,4.4
2025-08-11,P0653,E00280,8.8
2025-08-11,P0682,E00775,8.8
2025-08-11,P0693,E00785,8.8
2025-08-12,P0086,E00761,8.8
2025-08-12,P0092,E00762,8.8
2025-08-12,P0098,E00770,8.8
2025-08-12,P0100,E00786,8.8
2025-08-12,P0107,E00687,8.8
2025-08-12,P0162,E00443,8.8
2025-08-12,P0166,E00787,8.8
2025-08-12,P0174,E00788,8.8
2025-08-12,P0192,E00782,4.4
2025-08-12,P0201,E00797,8.8
2025-08-12,P0203,E00697,8.8
2025-08-12,P0207,E00777,8.8
2025-08-12,P0211,E00792,8.8
2025-08-12,P0260,E00798,8.8
2025-08-12,P0263,E00763,8.8
2025-08-12,P0311,E00622,8.8
2025-08-12,P0317,E00357,8.8
2025-08-12,P0325,E00776,8.8
2025-08-12,P0352,E00764,8.8
2025-08-12,P0403,E00793,8.8
2025-08-12,P0405,E00779,8.8
2025-08-12,P0413,E00799,8.8
2025-08-12,P0415,E00783,8.8
2025-08-12,P0448,E00325,8.8
2025-08-12,P0454,E00795,8.8
2025-08-12,P0461,E00759,8.8
2025-08-12,P0490,E00716,8.8
2025-08-12,P0496,E00771,8.8
2025-08-12,P0527,E00790,8.8
2025-08-12,P0529,E00766,8.8
2025-08-12,P0607,E00733,8.8
2025-08-12,P0610,E00507,8.8
2025-08-12,P0617,E00743,8.8
2025-08-12,P0619,E00784,8.8
2025-08-12,P0630,E00796,8.8
2025-08-12,P0636,E00216,4.4
2025-08-12,P0639,E00769,8.8
2025-08-12,P0643,E00744,8.8
2025-08-12,P0650,E00773,4.4
2025-08-12,P0653,E00280,8.8
2025-08-12,P0682,E00775,8.8
2025-08-12,P0687,E00800,8.8
2025-08-12,P0693,E00785,8.8
2025-08-13,P0086,E00761,8.8
2025-08-13,P0092,E00762,8.8
2025-08-13,P0098,E00770,8.8
2025-08-13,P0100,E00786,8.8
2025-08-13,P0107,E00687,8.8
2025-08-13,P0162,E00443,8.8
2025-08-13,P0166,E00787,8.8
2025-08-13,P0174,E00788,8.8
2025-08-13,P0192,E00782,4.4
2025-08-13,P0201,E00797,8.8
2025-08-13,P0203,E00697,8.8
2025-08-13,P0207,E00777,8.8
2025-08-13,P0211,E00792,8.8
2025-08-13,P0260,E00798,8.8
2025-08-13,P0263,E00763,8.8
2025-08-13,P0311,E00622,8.8
2025-08-13,P0317,E00357,8.8
2025-08-13,P0352,E00764,8.8
2025-08-13,P0403,E00793,8.8
2025-08-13,P0405,E00779,8.8
2025-08-13,P0415,E00783,8.8
2025-08-13,P0448,E00325,8.8
2025-08-13,P0454,E00795,8.8
2025-08-13,P0461,E00759,8.8
2025-08-13,P0490,E00716,8.8
2025-08-13,P0496,E00771,8.8
2025-08-13,P0527,E00790,8.8
2025-08-13,P0529,E00766,8.8
2025-08-13,P0591,E00801,8.8
2025-08-13,P0607,E00733,8.8
2025-08-13,P0610,E00507,8.8
2025-08-13,P0617,E00743,8.8
2025-08-13,P0619,E00784,8.8
2025-08-13,P0630,E00796,8.8
2025-08-13,P0636,E00216,4.4
2025-08-13,P0639,E00769,8.8
2025-08-13,P0650,E00773,4.4
2025-08-13,P0653,E00280,8.8
2025-08-13,P0655,E00802,8.8
2025-08-13,P0682,E00775,8.8
2025-08-13,P0687,E00800,8.8
2025-08-13,P0693,E00785,8.8
2025-08-14,P0037,E00803,8.8
2025-08-14,P0086,E00761,8.8
2025-08-14,P0092,E00762,8.8
2025-08-14,P0098,E00770,8.8
2025-08-14,P0100,E00786,8.8
2025-08-14,P0107,E00687,8.8
2025-08-14,P0124,E00804,4.4
2025-08-14,P0162,E00443,8.8
2025-08-14,P0166,E00787,8.8
2025-08-14,P0174,E00788,8.8
2025-08-14,P0192,E00782,4.4
2025-08-14,P0201,E00797,8.8
2025-08-14,P0203,E00697,8.8
2025-08-14,P0207,E00777,8.8
2025-08-14,P0211,E00792,8.8
2025-08-14,P0260,E00798,8.8
2025-08-14,P0263,E00763,8.8
2025-08-14,P0311,E00622,8.8
2025-08-14,P0317,E00357,8.8
2025-08-14,P0319,E00805,8.8
2025-08-14,P0323,E00806,4.4
2025-08-14,P0403,E00793,8.8
2025-08-14,P0405,E00779,8.8
2025-08-14,P0415,E00783,8.8
2025-08-14,P0448,E00325,8.8
2025-08-14,P0454,E00795,8.8
2025-08-14,P0461,E00759,8.8
2025-08-14,P0465,E00807,8.8
2025-08-14,P0496,E00771,8.8
2025-08-14,P0527,E00790,8.8
2025-08-14,P0529,E00766,8.8
2025-08-14,P0610,E00507,8.8
2025-08-14,P0617,E00743,8.8
2025-08-14,P0619,E00784,8.8
2025-08-14,P0630,E00796,8.8
2025-08-14,P0636,E00216,4.4
2025-08-14,P0639,E00769,8.8
2025-08-14,P0641,E00808,8.8
2025-08-14,P0650,E00773,4.4
2025-08-14,P0653,E00280,8.8
2025-08-14,P0655,E00802,8.8
2025-08-14,P0682,E00775,8.8
2025-08-14,P0693,E00785,8.8
2025-08-15,P0086,E00761,8.8
2025-08-15,P0092,E00762,8.8
2025-08-15,P0098,E00770,8.8
2025-08-15,P0100,E00786,8.8
2025-08-15,P0107,E00687,8.8
2025-08-15,P0112,E00809,8.8
2025-08-15,P0162,E00443,8.8
2025-08-15,P0166,E00787,8.8
2025-08-15,P0174,E00788,8.8
2025-08-15,P0188,E00810,8.8
2025-08-15,P0192,E00782,4.4
2025-08-15,P0201,E00797,8.8
2025-08-15,P0203,E00697,8.8
2025-08-15,P0207,E00777,8.8
2025-08-15,P0209,E00811,8.8
2025-08-15,P0211,E00792,8.8
2025-08-15,P0260,E00798,8.8
2025-08-15,P0263,E00763,8.8
2025-08-15,P0311,E00622,8.8
2025-08-15,P0317,E00357,8.8
2025-08-15,P0319,E00805,8.8
2025-08-15,P0323,E00806,4.4
2025-08-15,P0403,E00793,8.8
2025-08-15,P0405,E00779,8.8
2025-08-15,P0415,E00783,8.8
2025-08-15,P0418,E00812,8.8
2025-08-15,P0425,E00813,8.8
2025-08-15,P0448,E00325,8.8
2025-08-15,P0454,E00795,8.8
2025-08-15,P0461,E00759,8.8
2025-08-15,P0465,E00807,8.8
2025-08-15,P0496,E00771,8.8
2025-08-15,P0527,E00790,8.8
2025-08-15,P0529,E00766,8.8
2025-08-15,P0610,E00507,8.8
2025-08-15,P0617,E00743,8.8
2025-08-15,P0619,E00784,8.8
2025-08-15,P0628,E00814,8.8
2025-08-15,P0630,E00796,8.8
2025-08-15,P0636,E00216,4.4
2025-08-15,P0639,E00769,8.8
2025-08-15,P0650,E00773,4.4
2025-08-15,P0653,E00280,8.8
2025-08-15,P0655,E00802,8.8
2025-08-15,P0682,E00775,8.8
2025-08-15,P0693,E00785,8.8
2025-08-18,P0092,E00762,8.8
2025-08-18,P0098,E00770,8.8
2025-08-18,P0112,E00809,8.8
2025-08-18,P0162,E00443,8.8
2025-08-18,P0166,E00787,8.8
2025-08-18,P0188,E00810,8.8
2025-08-18,P0192,E00782,4.4
2025-08-18,P0201,E00797,8.8
2025-08-18,P0203,E00697,8.8
2025-08-18,P0207,E00777,8.8
2025-08-18,P0209,E00811,8.8
2025-08-18,P0211,E00792,8.8
2025-08-18,P0260,E00798,8.8
2025-08-18,P0311,E00622,8.8
2025-08-18,P0317,E00357,8.8
2025-08-18,P0319,E00805,8.8
2025-08-18,P0323,E00806,4.4
2025-08-18,P0339,E00815,8.8
2025-08-18,P0366,E00816,8.8
2025-08-18,P0403,E00793,8.8
2025-08-18,P0405,E00779,8.8
2025-08-18,P0415,E00783,8.8
2025-08-18,P0425,E00813,8.8
2025-08-18,P0428,E00817,8.8
2025-08-18,P0448,E00325,8.8
2025-08-18,P0454,E00795,8.8
2025-08-18,P0460,E00818,8.8
2025-08-18,P0461,E00759,8.8
2025-08-18,P0465,E00807,8.8
2025-08-18,P0496,E00771,8.8
2025-08-18,P0527,E00790,8.8
2025-08-18,P0529,E00766,8.8
2025-08-18,P0610,E00507,8.8
2025-08-18,P0617,E00743,8.8
2025-08-18,P0619,E00784,8.8
2025-08-18,P0636,E00216,4.4
2025-08-18,P0639,E00769,8.8
2025-08-18,P0653,E00280,8.8
2025-08-18,P0655,E00802,8.8
2025-08-18,P0657,E00819,8.8
2025-08-18,P0682,E00775,8.8
2025-08-18,P0693,E00785,8.8
2025-08-19,P0092,E00762,8.8
2025-08-19,P0098,E00770,8.8
2025-08-19,P0112,E00809,8.8
2025-08-19,P0162,E00443,8.8
2025-08-19,P0188,E00810,8.8
2025-08-19,P0192,E00782,4.4
2025-08-19,P0203,E00697,8.8
2025-08-19,P0207,E00777,8.8
2025-08-19,P0209,E00811,8.8
2025-08-19,P0211,E00792,8.8
2025-08-19,P0260,E00798,8.8
2025-08-19,P0311,E00622,8.8
2025-08-19,P0317,E00357,8.8
2025-08-19,P0319,E00805,8.8
2025-08-19,P0323,E00806,4.4
2025-08-19,P0324,E00820,8.8
2025-08-19,P0343,E00821,4.4
2025-08-19,P0366,E00816,8.8
2025-08-19,P0384,E00822,8.8
2025-08-19,P0403,E00793,8.8
2025-08-19,P0405,E00779,8.8
2025-08-19,P0415,E00783,8.8
2025-08-19,P0425,E00813,8.8
2025-08-19,P0428,E00817,8.8
2025-08-19,P0448,E00325,8.8
2025-08-19,P0454,E00795,8.8
2025-08-19,P0460,E00818,8.8
2025-08-19,P0461,E00759,8.8
2025-08-19,P0464,E00823,8.8
2025-08-19,P0465,E00807,8.8
2025-08-19,P0476,E00824,8.8
2025-08-19,P0496,E00771,8.8
2025-08-19,P0527,E00790,8.8
2025-08-19,P0529,E00766,8.8
2025-08-19,P0574,E00825,8.8
2025-08-19,P0610,E00507,8.8
2025-08-19,P0617,E00743,8.8
2025-08-19,P0636,E00216,4.4
2025-08-19,P0639,E00769,8.8
2025-08-19,P0653,E00280,8.8
2025-08-19,P0657,E00819,8.8
2025-08-19,P0680,E00826,8.8
2025-08-19,P0682,E00775,8.8
2025-08-19,P0683,E00827,8.8
2025-08-19,P0693,E00785,8.8
2025-08-20,P0092,E00762,8.8
2025-08-20,P0098,E00770,8.8
2025-08-20,P0162,E00443,8.8
2025-08-20,P0170,E00828,8.8
2025-08-20,P0188,E00810,8.8
2025-08-20,P0192,E00782,4.4
2025-08-20,P0203,E00697,8.8
2025-08-20,P0207,E00777,8.8
2025-08-20,P0209,E00829,8.8
2025-08-20,P0211,E00792,8.8
2025-08-20,P0260,E00798,8.8
2025-08-20,P0311,E00622,8.8
2025-08-20,P0317,E00357,8.8
2025-08-20,P0319,E00805,8.8
2025-08-20,P0324,E00820,8.8
2025-08-20,P0366,E00816,8.8
2025-08-20,P0378,E00830,8.8
2025-08-20,P0394,E00831,8.8
2025-08-20,P0403,E00793,8.8
2025-08-20,P0405,E00779,8.8
2025-08-20,P0415,E00783,8.8
2025-08-20,P0425,E00813,8.8
2025-08-20,P0428,E00817,8.8
2025-08-20,P0448,E00325,8.8
2025-08-20,P0454,E00795,8.8
2025-08-20,P0461,E00759,8.8
2025-08-20,P0464,E00823,8.8
2025-08-20,P0465,E00807,8.8
2025-08-20,P0476,E00824,8.8
2025-08-20,P0527,E00790,8.8
2025-08-20,P0570,E00832,8.8
2025-08-20,P0581,E00833,8.8
2025-08-20,P0610,E00507,8.8
2025-08-20,P0617,E00743,8.8
2025-08-20,P0636,E00216,4.4
2025-08-20,P0639,E00769,8.8
2025-08-20,P0641,E00834,8.8
2025-08-20,P0653,E00280,8.8
2025-08-20,P0657,E00819,8.8
2025-08-20,P0680,E00826,8.8
2025-08-20,P0682,E00775,8.8
2025-08-21,P0092,E00762,8.8
2025-08-21,P0098,E00770,8.8
2025-08-21,P0109,E00835,8.8
2025-08-21,P0139,E00836,8.8
2025-08-21,P0162,E00443,8.8
2025-08-21,P0170,E00828,8.8
2025-08-21,P0188,E00810,8.8
2025-08-21,P0192,E00782,4.4
2025-08-21,P0203,E00697,8.8
2025-08-21,P0207,E00777,8.8
2025-08-21,P0211,E00792,8.8
2025-08-21,P0260,E00798,8.8
2025-08-21,P0311,E00622,8.8
2025-08-21,P0317,E00357,8.8
2025-08-21,P0319,E00805,8.8
2025-08-21,P0324,E00820,8.8
2025-08-21,P0366,E00816,8.8
2025-08-21,P0394,E00831,8.8
2025-08-21,P0403,E00793,8.8
2025-08-21,P0405,E00779,8.8
2025-08-21,P0425,E00813,8.8
2025-08-21,P0426,E00837,8.8
2025-08-21,P0428,E00817,8.8
2025-08-21,P0448,E00325,8.8
2025-08-21,P0454,E00795,8.8
2025-08-21,P0461,E00759,8.8
2025-08-21,P0464,E00823,8.8
2025-08-21,P0465,E00807,8.8
2025-08-21,P0476,E00824,8.8
2025-08-21,P0527,E00790,8.8
2025-08-21,P0570,E00832,8.8
2025-08-21,P0573,E00838,8.8
2025-08-21,P0581,E00833,8.8
2025-08-21,P0610,E00507,8.8
2025-08-21,P0617,E00743,8.8
2025-08-21,P0639,E00769,8.8
2025-08-21,P0653,E00280,8.8
2025-08-21,P0657,E00819,8.8
2025-08-21,P0680,E00826,8.8
2025-08-21,P0682,E00775,8.8
2025-08-22,P0092,E00762,8.8
2025-08-22,P0098,E00770,8.8
2025-08-22,P0109,E00835,8.8
2025-08-22,P0139,E00836,8.8
2025-08-22,P0162,E00443,8.8
2025-08-22,P0192,E00782,4.4
2025-08-22,P0203,E00697,8.8
2025-08-22,P0207,E00777,8.8
2025-08-22,P0211,E00792,8.8
2025-08-22,P0260,E00798,8.8
2025-08-22,P0311,E00622,8.8
2025-08-22,P0317,E00357,8.8
2025-08-22,P0319,E00805,8.8
2025-08-22,P0324,E00820,8.8
2025-08-22,P0366,E00816,8.8
2025-08-22,P0384,E00839,8.8
2025-08-22,P0394,E00831,8.8
2025-08-22,P0403,E00793,8.8
2025-08-22,P0405,E00779,8.8
2025-08-22,P0425,E00813,8.8
2025-08-22,P0426,E00837,8.8
2025-08-22,P0428,E00817,8.8
2025-08-22,P0448,E00325,8.8
2025-08-22,P0454,E00795,8.8
2025-08-22,P0461,E00840,8.8
2025-08-22,P0465,E00807,8.8
2025-08-22,P0476,E00824,8.8
2025-08-22,P0527,E00790,8.8
2025-08-22,P0575,E00841,8.8
2025-08-22,P0580,E00842,8.8
2025-08-22,P0581,E00833,8.8
2025-08-22,P0610,E00507,8.8
2025-08-22,P0617,E00743,8.8
2025-08-22,P0639,E00769,8.8
2025-08-22,P0653,E00280,8.8
2025-08-22,P0657,E00819,8.8
2025-08-22,P0682,E00775,8.8
2025-08-25,P0048,E00843,8.8
2025-08-25,P0092,E00762,8.8
2025-08-25,P0098,E00770,8.8
2025-08-25,P0109,E00835,8.8
2025-08-25,P0112,E00844,8.8
2025-08-25,P0139,E00836,8.8
2025-08-25,P0140,E00845,8.8
2025-08-25,P0162,E00443,8.8
2025-08-25,P0182,E00846,8.8
2025-08-25,P0190,E00847,4.4
2025-08-25,P0192,E00782,4.4
2025-08-25,P0203,E00697,8.8
2025-08-25,P0207,E00777,8.8
2025-08-25,P0211,E00792,8.8
2025-08-25,P0246,E00848,8.8
2025-08-25,P0260,E00798,8.8
2025-08-25,P0311,E00622,8.8
2025-08-25,P0317,E00357,8.8
2025-08-25,P0366,E00816,8.8
2025-08-25,P0403,E00793,8.8
2025-08-25,P0405,E00779,8.8
2025-08-25,P0428,E00817,8.8
2025-08-25,P0448,E00325,8.8
2025-08-25,P0454,E00795,8.8
2025-08-25,P0461,E00840,8.8
2025-08-25,P0465,E00807,8.8
2025-08-25,P0476,E00824,8.8
2025-08-25,P0527,E00790,8.8
2025-08-25,P0581,E00833,8.8
2025-08-25,P0617,E00743,8.8
2025-08-25,P0639,E00769,8.8
2025-08-25,P0653,E00280,8.8
2025-08-25,P0657,E00819,8.8
2025-08-25,P0682,E00775,8.8
2025-08-26,P0012,E00849,8.8
2025-08-26,P0023,E00850,4.4
2025-08-26,P0028,E00851,8.8
2025-08-26,P0036,E00852,8.8
2025-08-26,P0048,E00843,8.8
2025-08-26,P0060,E00853,8.8
2025-08-26,P0098,E00770,8.8
2025-08-26,P0109,E00835,8.8
2025-08-26,P0112,E00844,8.8
2025-08-26,P0139,E00836,8.8
2025-08-26,P0140,E00845,8.8
2025-08-26,P0162,E00443,8.8
2025-08-26,P0190,E00847,4.4
2025-08-26,P0192,E00782,4.4
2025-08-26,P0194,E00854,8.8
2025-08-26,P0203,E00697,8.8
2025-08-26,P0211,E00792,8.8
2025-08-26,P0260,E00798,8.8
2025-08-26,P0311,E00622,8.8
2025-08-26,P0317,E00357,8.8
2025-08-26,P0319,E00855,8.8
2025-08-26,P0366,E00816,8.8
2025-08-26,P0399,E00856,8.8
2025-08-26,P0403,E00793,8.8
2025-08-26,P0405,E00779,8.8
2025-08-26,P0428,E00817,8.8
2025-08-26,P0448,E00325,8.8
2025-08-26,P0451,E00857,8.8
2025-08-26,P0454,E00795,8.8
2025-08-26,P0461,E00840,8.8
2025-08-26,P0465,E00807,8.8
2025-08-26,P0476,E00824,8.8
2025-08-26,P0581,E00833,8.8
2025-08-26,P0607,E00858,8.8
2025-08-26,P0617,E00743,8.8
2025-08-26,P0639,E00769,8.8
2025-08-26,P0653,E00280,8.8
2025-08-26,P0657,E00819,8.8
2025-08-26,P0682,E00775,8.8
2025-08-26,P0693,E00859,8.8
2025-08-27,P0012,E00849,8.8
2025-08-27,P0028,E00851,8.8
2025-08-27,P0036,E00852,8.8
2025-08-27,P0048,E00843,8.8
2025-08-27,P0098,E00770,8.8
2025-08-27,P0109,E00835,8.8
2025-08-27,P0139,E00836,8.8
2025-08-27,P0140,E00845,8.8
2025-08-27,P0162,E00443,8.8
2025-08-27,P0194,E00854,8.8
2025-08-27,P0203,E00697,8.8
2025-08-27,P0211,E00792,8.8
2025-08-27,P0311,E00622,8.8
2025-08-27,P0317,E00357,8.8
2025-08-27,P0319,E00855,8.8
2025-08-27,P0366,E00816,8.8
2025-08-27,P0399,E00856,8.8
2025-08-27,P0403,E00793,8.8
2025-08-27,P0405,E00779,8.8
2025-08-27,P0428,E00817,8.8
2025-08-27,P0448,E00325,8.8
2025-08-27,P0451,E00857,8.8
2025-08-27,P0454,E00795,8.8
2025-08-27,P0465,E00807,8.8
2025-08-27,P0480,E00860,8.8
2025-08-27,P0581,E00833,8.8
2025-08-27,P0600,E00861,8.8
2025-08-27,P0607,E00858,8.8
2025-08-27,P0625,E00862,8.8
2025-08-27,P0639,E00769,8.8
2025-08-27,P0647,E00863,8.8
2025-08-27,P0653,E00280,8.8
2025-08-27,P0657,E00819,8.8
2025-08-27,P0682,E00775,8.8
2025-08-27,P0687,E00864,8.8
2025-08-27,P0693,E00859,8.8
2025-08-28,P0012,E00849,8.8
2025-08-28,P0028,E00851,8.8
2025-08-28,P0036,E00852,8.8
2025-08-28,P0048,E00843,8.8
2025-08-28,P0098,E00770,8.8
2025-08-28,P0109,E00835,8.8
2025-08-28,P0139,E00836,8.8
2025-08-28,P0140,E00845,8.8
2025-08-28,P0154,E00865,8.8
2025-08-28,P0162,E00443,8.8
2025-08-28,P0194,E00854,8.8
2025-08-28,P0203,E00697,8.8
2025-08-28,P0211,E00792,8.8
2025-08-28,P0311,E00622,8.8
2025-08-28,P0317,E00357,8.8
2025-08-28,P0319,E00855,8.8
2025-08-28,P0323,E00866,4.4
2025-08-28,P0366,E00816,8.8
2025-08-28,P0371,E00867,8.8
2025-08-28,P0403,E00793,8.8
2025-08-28,P0405,E00779,8.8
2025-08-28,P0428,E00817,8.8
2025-08-28,P0448,E00325,8.8
2025-08-28,P0451,E00868,8.8
2025-08-28,P0454,E00795,8.8
2025-08-28,P0465,E00807,8.8
2025-08-28,P0480,E00860,8.8
2025-08-28,P0591,E00869,8.8
2025-08-28,P0607,E00858,8.8
2025-08-28,P0625,E00862,8.8
2025-08-28,P0639,E00769,8.8
2025-08-28,P0647,E00863,8.8
2025-08-28,P0653,E00280,8.8
2025-08-28,P0657,E00819,8.8
2025-08-28,P0687,E00864,8.8
2025-08-28,P0693,E00859,8.8
2025-08-29,P0012,E00849,8.8
2025-08-29,P0028,E00851,8.8
2025-08-29,P0036,E00852,8.8
2025-08-29,P0048,E00843,8.8
2025-08-29,P0092,E00870,8.8
2025-08-29,P0098,E00770,8.8
2025-08-29,P0108,E00871,8.8
2025-08-29,P0109,E00835,8.8
2025-08-29,P0139,E00836,8.8
2025-08-29,P0140,E00845,8.8
2025-08-29,P0154,E00865,8.8
2025-08-29,P0194,E00854,8.8
2025-08-29,P0211,E00792,8.8
2025-08-29,P0311,E00622,8.8
2025-08-29,P0317,E00357,8.8
2025-08-29,P0319,E00855,8.8
2025-08-29,P0323,E00866,4.4
2025-08-29,P0366,E00816,8.8
2025-08-29,P0371,E00867,8.8
2025-08-29,P0405,E00779,8.8
2025-08-29,P0428,E00817,8.8
2025-08-29,P0448,E00325,8.8
2025-08-29,P0451,E00868,8.8
2025-08-29,P0454,E00795,8.8
2025-08-29,P0465,E00807,8.8
2025-08-29,P0480,E00860,8.8
2025-08-29,P0607,E00858,8.8
2025-08-29,P0639,E00769,8.8
2025-08-29,P0647,E00863,8.8
2025-08-29,P0653,E00280,8.8
2025-08-29,P0657,E00819,8.8
2025-08-29,P0659,E00872,8.8
2025-08-29,P0693,E00859,8.8
2025-09-01,P0012,E00849,8.8
2025-09-01,P0028,E00851,8.8
2025-09-01,P0036,E00852,8.8
2025-09-01,P0048,E00843,8.8
2025-09-01,P0092,E00870,8.8
2025-09-01,P0098,E00770,8.8
2025-09-01,P0108,E00871,8.8
2025-09-01,P0109,E00835,8.8
2025-09-01,P0118,E00873,8.8
2025-09-01,P0139,E00836,8.8
2025-09-01,P0140,E00845,8.8
2025-09-01,P0154,E00865,8.8
2025-09-01,P0194,E00874,8.8
2025-09-01,P0211,E00792,8.8
2025-09-01,P0311,E00622,8.8
2025-09-01,P0317,E00357,8.8
2025-09-01,P0319,E00855,8.8
2025-09-01,P0366,E00816,8.8
2025-09-01,P0371,E00867,8.8
2025-09-01,P0399,E00875,8.8
2025-09-01,P0405,E00779,8.8
2025-09-01,P0414,E00876,8.8
2025-09-01,P0422,E00877,8.8
2025-09-01,P0428,E00817,8.8
2025-09-01,P0448,E00325,8.8
2025-09-01,P0451,E00868,8.8
2025-09-01,P0454,E00795,8.8
2025-09-01,P0480,E00860,8.8
2025-09-01,P0607,E00858,8.8
2025-09-01,P0639,E00769,8.8
2025-09-01,P0647,E00863,8.8
2025-09-01,P0653,E00280,8.8
2025-09-01,P0693,E00859,8.8
2025-09-02,P0012,E00849,8.8
2025-09-02,P0023,E00878,4.4
2025-09-02,P0028,E00851,8.8
2025-09-02,P0036,E00852,8.8
2025-09-02,P0048,E00843,8.8
2025-09-02,P0049,E00879,8.8
2025-09-02,P0060,E00880,8.8
2025-09-02,P0092,E00870,8.8
2025-09-02,P0098,E00770,8.8
2025-09-02,P0108,E00871,8.8
2025-09-02,P0109,E00835,8.8
2025-09-02,P0118,E00873,8.8
2025-09-02,P0139,E00836,8.8
2025-09-02,P0140,E00845,8.8
2025-09-02,P0154,E00865,8.8
2025-09-02,P0194,E00874,8.8
2025-09-02,P0211,E00792,8.8
2025-09-02,P0251,E00881,8.8
2025-09-02,P0287,E00882,8.8
2025-09-02,P0311,E00622,8.8
2025-09-02,P0317,E00357,8.8
2025-09-02,P0319,E00855,8.8
2025-09-02,P0366,E00816,8.8
2025-09-02,P0371,E00867,8.8
2025-09-02,P0378,E00883,8.8
2025-09-02,P0399,E00875,8.8
2025-09-02,P0405,E00779,8.8
2025-09-02,P0414,E00876,8.8
2025-09-02,P0422,E00877,8.8
2025-09-02,P0428,E00817,8.8
2025-09-02,P0437,E00884,8.8
2025-09-02,P0448,E00325,8.8
2025-09-02,P0451,E00868,8.8
2025-09-02,P0454,E00795,8.8
2025-09-02,P0460,E00885,8.8
2025-09-02,P0480,E00860,8.8
2025-09-02,P0490,E00886,8.8
2025-09-02,P0595,E00887,8.8
2025-09-02,P0602,E00888,8.8
2025-09-02,P0607,E00858,8.8
2025-09-02,P0628,E00889,8.8
2025-09-02,P0639,E00769,8.8
2025-09-02,P0647,E00863,8.8
2025-09-02,P0653,E00280,8.8
2025-09-02,P0693,E00859,8.8
2025-09-03,P0012,E00849,8.8
2025-09-03,P0023,E00878,4.4
2025-09-03,P0028,E00851,8.8
2025-09-03,P0036,E00852,8.8
2025-09-03,P0048,E00843,8.8
2025-09-03,P0060,E00880,8.8
2025-09-03,P0098,E00770,8.8
2025-09-03,P0108,E00871,8.8
2025-09-03,P0109,E00835,8.8
2025-09-03,P0118,E00873,8.8
2025-09-03,P0139,E00836,8.8
2025-09-03,P0140,E00845,8.8
2025-09-03,P0194,E00874,8.8
2025-09-03,P0211,E00792,8.8
2025-09-03,P0251,E00881,8.8
2025-09-03,P0311,E00622,8.8
2025-09-03,P0317,E00357,8.8
2025-09-03,P0319,E00855,8.8
2025-09-03,P0366,E00816,8.8
2025-09-03,P0371,E00867,8.8
2025-09-03,P0378,E00883,8.8
2025-09-03,P0399,E00875,8.8
2025-09-03,P0405,E00779,8.8
2025-09-03,P0414,E00876,8.8
2025-09-03,P0422,E00877,8.8
2025-09-03,P0428,E00817,8.8
2025-09-03,P0437,E00884,8.8
2025-09-03,P0448,E00325,8.8
2025-09-03,P0451,E00868,8.8
2025-09-03,P0454,E00795,8.8
2025-09-03,P0460,E00885,8.8
2025-09-03,P0480,E00860,8.8
2025-09-03,P0490,E00886,8.8
2025-09-03,P0542,E00890,8.8
2025-09-03,P0602,E00888,8.8
2025-09-03,P0607,E00858,8.8
2025-09-03,P0628,E00889,8.8
2025-09-03,P0639,E00769,8.8
2025-09-03,P0647,E00863,8.8
2025-09-03,P0653,E00280,8.8
2025-09-03,P0693,E00859,8.8
2025-09-04,P0023,E00878,4.4
2025-09-04,P0028,E00851,8.8
2025-09-04,P0036,E00852,8.8
2025-09-04,P0048,E00843,8.8
2025-09-04,P0060,E00880,8.8
2025-09-04,P0098,E00770,8.8
2025-09-04,P0108,E00871,8.8
2025-09-04,P0109,E00835,8.8
2025-09-04,P0112,E00891,8.8
2025-09-04,P0118,E00873,8.8
2025-09-04,P0139,E00836,8.8
2025-09-04,P0194,E00874,8.8
2025-09-04,P0211,E00792,8.8
2025-09-04,P0251,E00881,8.8
2025-09-04,P0311,E00622,8.8
2025-09-04,P0317,E00357,8.8
2025-09-04,P0319,E00892,8.8
2025-09-04,P0325,E00893,8.8
2025-09-04,P0371,E00867,8.8
2025-09-04,P0378,E00883,8.8
2025-09-04,P0399,E00875,8.8
2025-09-04,P0405,E00779,8.8
2025-09-04,P0428,E00817,8.8
2025-09-04,P0437,E00884,8.8
2025-09-04,P0448,E00325,8.8
2025-09-04,P0454,E00795,8.8
2025-09-04,P0460,E00885,8.8
2025-09-04,P0490,E00886,8.8
2025-09-04,P0542,E00890,8.8
2025-09-04,P0602,E00888,8.8
2025-09-04,P0628,E00889,8.8
2025-09-04,P0639,E00769,8.8
2025-09-04,P0647,E00863,8.8
2025-09-04,P0653,E00280,8.8
2025-09-04,P0693,E00859,8.8
2025-09-05,P0023,E00878,4.4
2025-09-05,P0028,E00851,8.8
2025-09-05,P0036,E00852,8.8
2025-09-05,P0060,E00880,8.8
2025-09-05,P0108,E00871,8.8
2025-09-05,P0109,E00835,8.8
2025-09-05,P0112,E00891,8.8
2025-09-05,P0118,E00873,8.8
2025-09-05,P0139,E00836,8.8
2025-09-05,P0194,E00874,8.8
2025-09-05,P0211,E00792,8.8
2025-09-05,P0251,E00881,8.8
2025-09-05,P0311,E00622,8.8
2025-09-05,P0317,E00357,8.8
2025-09-05,P0319,E00892,8.8
2025-09-05,P0325,E00893,8.8
2025-09-05,P0371,E00867,8.8
2025-09-05,P0378,E00883,8.8
2025-09-05,P0399,E00875,8.8
2025-09-05,P0405,E00779,8.8
2025-09-05,P0411,E00894,8.8
2025-09-05,P0428,E00817,8.8
2025-09-05,P0448,E00325,8.8
2025-09-05,P0454,E00795,8.8
2025-09-05,P0460,E00885,8.8
2025-09-05,P0490,E00886,8.8
2025-09-05,P0542,E00890,8.8
2025-09-05,P0602,E00888,8.8
2025-09-05,P0628,E00889,8.8
2025-09-05,P0639,E00769,8.8
2025-09-05,P0647,E00863,8.8
2025-09-05,P0653,E00280,8.8
2025-09-05,P0693,E00859,8.8
2025-09-08,P0023,E00878,4.4
2025-09-08,P0028,E00851,8.8
2025-09-08,P0036,E00852,8.8
2025-09-08,P0060,E00880,8.8
2025-09-08,P0108,E00871,8.8
2025-09-08,P0109,E00835,8.8
2025-09-08,P0112,E00891,8.8
2025-09-08,P0118,E00873,8.8
2025-09-08,P0139,E00836,8.8
2025-09-08,P0194,E00874,8.8
2025-09-08,P0211,E00792,8.8
2025-09-08,P0311,E00622,8.8
2025-09-08,P0317,E00357,8.8
2025-09-08,P0319,E00892,8.8
2025-09-08,P0325,E00893,8.8
2025-09-08,P0371,E00867,8.8
2025-09-08,P0378,E00883,8.8
2025-09-08,P0399,E00875,8.8
2025-09-08,P0411,E00894,8.8
2025-09-08,P0428,E00817,8.8
2025-09-08,P0448,E00325,8.8
2025-09-08,P0454,E00795,8.8
2025-09-08,P0460,E00885,8.8
2025-09-08,P0490,E00886,8.8
2025-09-08,P0542,E00890,8.8
2025-09-08,P0586,E00895,8.8
2025-09-08,P0591,E00896,8.8
2025-09-08,P0628,E00889,8.8
2025-09-08,P0639,E00769,8.8
2025-09-08,P0647,E00863,8.8
2025-09-08,P0653,E00280,8.8
2025-09-08,P0693,E00859,8.8
2025-09-08,P0700,E00897,8.8
2025-09-09,P0023,E00878,4.4
2025-09-09,P0028,E00851,8.8
2025-09-09,P0036,E00852,8.8
2025-09-09,P0060,E00880,8.8
2025-09-09,P0108,E00871,8.8
2025-09-09,P0109,E00835,8.8
2025-09-09,P0118,E00873,8.8
2025-09-09,P0139,E00836,8.8
2025-09-09,P0186,E00898,8.8
2025-09-09,P0194,E00874,8.8
2025-09-09,P0211,E00899,8.8
2025-09-09,P0311,E00622,8.8
2025-09-09,P0317,E00357,8.8
2025-09-09,P0319,E00892,8.8
2025-09-09,P0371,E00867,8.8
2025-09-09,P0378,E00883,8.8
2025-09-09,P0399,E00875,8.8
2025-09-09,P0413,E00900,8.8
2025-09-09,P0448,E00325,8.8
2025-09-09,P0454,E00795,8.8
2025-09-09,P0460,E00885,8.8
2025-09-09,P0490,E00886,8.8
2025-09-09,P0527,E00901,8.8
2025-09-09,P0542,E00890,8.8
2025-09-09,P0586,E00895,8.8
2025-09-09,P0591,E00896,8.8
2025-09-09,P0628,E00889,8.8
2025-09-09,P0639,E00769,8.8
2025-09-09,P0647,E00863,8.8
2025-09-09,P0685,E00902,4.4
2025-09-09,P0693,E00859,8.8
2025-09-09,P0700,E00897,8.8
2025-09-10,P0019,E00903,8.8
2025-09-10,P0028,E00851,8.8
2025-09-10,P0036,E00852,8.8
2025-09-10,P0060,E00880,8.8
2025-09-10,P0101,E00904,8.8
2025-09-10,P0108,E00871,8.8
2025-09-10,P0109,E00835,8.8
2025-09-10,P0112,E00905,8.8
2025-09-10,P0118,E00873,8.8
2025-09-10,P0139,E00836,8.8
2025-09-10,P0186,E00898,8.8
2025-09-10,P0194,E00874,8.8
2025-09-10,P0211,E00899,8.8
2025-09-10,P0311,E00622,8.8
2025-09-10,P0317,E00357,8.8
2025-09-10,P0319,E00892,8.8
2025-09-10,P0371,E00867,8.8
2025-09-10,P0378,E00883,8.8
2025-09-10,P0399,E00875,8.8
2025-09-10,P0413,E00900,8.8
2025-09-10,P0448,E00325,8.8
2025-09-10,P0454,E00795,8.8
2025-09-10,P0490,E00886,8.8
2025-09-10,P0542,E00890,8.8
2025-09-10,P0628,E00889,8.8
2025-09-10,P0639,E00769,8.8
2025-09-10,P0647,E00863,8.8
2025-09-10,P0685,E00902,4.4
2025-09-10,P0693,E00859,8.8
2025-09-10,P0700,E00897,8.8
2025-09-10,P0702,E00906,8.8
2025-09-11,P0019,E00903,8.8
2025-09-11,P0028,E00851,8.8
2025-09-11,P0036,E00852,8.8
2025-09-11,P0060,E00880,8.8
2025-09-11,P0101,E00904,8.8
2025-09-11,P0108,E00871,8.8
2025-09-11,P0109,E00835,8.8
2025-09-11,P0112,E00905,8.8
2025-09-11,P0118,E00873,8.8
2025-09-11,P0126,E00907,8.8
2025-09-11,P0139,E00836,8.8
2025-09-11,P0186,E00898,8.8
2025-09-11,P0194,E00874,8.8
2025-09-11,P0211,E00899,8.8
2025-09-11,P0311,E00622,8.8
2025-09-11,P0317,E00357,8.8
2025-09-11,P0319,E00892,8.8
2025-09-11,P0371,E00867,8.8
2025-09-11,P0378,E00883,8.8
2025-09-11,P0399,E00875,8.8
2025-09-11,P0413,E00900,8.8
2025-09-11,P0448,E00325,8.8
2025-09-11,P0454,E00795,8.8
2025-09-11,P0490,E00886,8.8
2025-09-11,P0542,E00890,8.8
2025-09-11,P0628,E00889,8.8
2025-09-11,P0639,E00769,8.8
2025-09-11,P0647,E00863,8.8
2025-09-11,P0693,E00859,8.8
2025-09-11,P0700,E00897,8.8
2025-09-11,P0702,E00906,8.8
2025-09-12,P0019,E00903,8.8
2025-09-12,P0028,E00851,8.8
2025-09-12,P0036,E00852,8.8
2025-09-12,P0060,E00880,8.8
2025-09-12,P0101,E00904,8.8
2025-09-12,P0108,E00871,8.8
2025-09-12,P0109,E00835,8.8
2025-09-12,P0112,E00905,8.8
2025-09-12,P0118,E00873,8.8
2025-09-12,P0126,E00907,8.8
2025-09-12,P0139,E00836,8.8
2025-09-12,P0186,E00898,8.8
2025-09-12,P0194,E00874,8.8
2025-09-12,P0211,E00899,8.8
2025-09-12,P0305,E00908,8.8
2025-09-12,P0311,E00622,8.8
2025-09-12,P0317,E00357,8.8
2025-09-12,P0319,E00892,8.8
2025-09-12,P0326,E00909,8.8
2025-09-12,P0371,E00867,8.8
2025-09-12,P0377,E00910,8.8
2025-09-12,P0378,E00883,8.8
2025-09-12,P0391,E00911,8.8
2025-09-12,P0399,E00875,8.8
2025-09-12,P0413,E00900,8.8
2025-09-12,P0448,E00325,8.8
2025-09-12,P0454,E00795,8.8
2025-09-12,P0490,E00886,8.8
2025-09-12,P0542,E00890,8.8
2025-09-12,P0628,E00889,8.8
2025-09-12,P0639,E00769,8.8
2025-09-12,P0647,E00863,8.8
2025-09-12,P0700,E00897,8.8
2025-09-12,P0702,E00906,8.8
2025-09-15,P0019,E00903,8.8
2025-09-15,P0036,E00852,8.8
2025-09-15,P0060,E00880,8.8
2025-09-15,P0101,E00904,8.8
2025-09-15,P0108,E00871,8.8
2025-09-15,P0109,E00835,8.8
2025-09-15,P0118,E00873,8.8
2025-09-15,P0128,E00912,8.8
2025-09-15,P0139,E00836,8.8
2025-09-15,P0162,E00913,8.8
2025-09-15,P0194,E00874,8.8
2025-09-15,P0211,E00899,8.8
2025-09-15,P0311,E00622,8.8
2025-09-15,P0317,E00357,8.8
2025-09-15,P0319,E00892,8.8
2025-09-15,P0365,E00914,8.8
2025-09-15,P0371,E00867,8.8
2025-09-15,P0399,E00875,8.8
2025-09-15,P0413,E00900,8.8
2025-09-15,P0448,E00325,8.8
2025-09-15,P0454,E00795,8.8
2025-09-15,P0542,E00890,8.8
2025-09-15,P0628,E00889,8.8
2025-09-15,P0639,E00769,8.8
2025-09-15,P0700,E00897,8.8
2025-09-15,P0702,E00906,8.8
2025-09-16,P0019,E00903,8.8
2025-09-16,P0036,E00852,8.8
2025-09-16,P0060,E00880,8.8
2025-09-16,P0075,E00915,8.8
2025-09-16,P0101,E00904,8.8
2025-09-16,P0108,E00871,8.8
2025-09-16,P0118,E00873,8.8
2025-09-16,P0128,E00912,8.8
2025-09-16,P0139,E00836,8.8
2025-09-16,P0162,E00913,8.8
2025-09-16,P0194,E00874,8.8
2025-09-16,P0211,E00899,8.8
2025-09-16,P0311,E00622,8.8
2025-09-16,P0317,E00357,8.8
2025-09-16,P0319,E00892,8.8
2025-09-16,P0365,E00914,8.8
2025-09-16,P0371,E00867,8.8
2025-09-16,P0399,E00875,8.8
2025-09-16,P0407,E00916,8.8
2025-09-16,P0413,E00900,8.8
2025-09-16,P0448,E00325,8.8
2025-09-16,P0454,E00795,8.8
2025-09-16,P0461,E00917,8.8
2025-09-16,P0476,E00918,8.8
2025-09-16,P0542,E00890,8.8
2025-09-16,P0628,E00889,8.8
2025-09-16,P0639,E00769,8.8
2025-09-16,P0700,E00897,8.8
2025-09-16,P0702,E00906,8.8
2025-09-17,P0019,E00903,8.8
2025-09-17,P0026,E00919,8.8
2025-09-17,P0036,E00852,8.8
2025-09-17,P0060,E00880,8.8
2025-09-17,P0075,E00915,8.8
2025-09-17,P0101,E00904,8.8
2025-09-17,P0118,E00873,8.8
2025-09-17,P0128,E00912,8.8
2025-09-17,P0139,E00836,8.8
2025-09-17,P0162,E00913,8.8
2025-09-17,P0194,E00874,8.8
2025-09-17,P0311,E00622,8.8
2025-09-17,P0317,E00357,8.8
2025-09-17,P0319,E00892,8.8
2025-09-17,P0365,E00914,8.8
2025-09-17,P0371,E00867,8.8
2025-09-17,P0384,E00920,8.8
2025-09-17,P0399,E00875,8.8
2025-09-17,P0407,E00916,8.8
2025-09-17,P0413,E00900,8.8
2025-09-17,P0448,E00325,8.8
2025-09-17,P0454,E00795,8.8
2025-09-17,P0461,E00917,8.8
2025-09-17,P0468,E00921,8.8
2025-09-17,P0476,E00918,8.8
2025-09-17,P0542,E00890,8.8
2025-09-17,P0628,E00889,8.8
2025-09-17,P0639,E00769,8.8
2025-09-17,P0641,E00922,8.8
2025-09-17,P0678,E00923,4.4
2025-09-17,P0700,E00897,8.8
2025-09-17,P0702,E00906,8.8
2025-09-18,P0019,E00903,8.8
2025-09-18,P0026,E00919,8.8
2025-09-18,P0036,E00852,8.8
2025-09-18,P0060,E00880,8.8
2025-09-18,P0101,E00904,8.8
2025-09-18,P0118,E00873,8.8
2025-09-18,P0119,E00924,8.8
2025-09-18,P0128,E00912,8.8
2025-09-18,P0139,E00836,8.8
2025-09-18,P0162,E00913,8.8
2025-09-18,P0194,E00874,8.8
2025-09-18,P0205,E00925,8.8
2025-09-18,P0311,E00622,8.8
2025-09-18,P0317,E00357,8.8
2025-09-18,P0319,E00892,8.8
2025-09-18,P0365,E00914,8.8
2025-09-18,P0371,E00867,8.8
2025-09-18,P0384,E00920,8.8
2025-09-18,P0399,E00875,8.8
2025-09-18,P0407,E00916,8.8
2025-09-18,P0413,E00900,8.8
2025-09-18,P0448,E00325,8.8
2025-09-18,P0454,E00795,8.8
2025-09-18,P0461,E00917,8.8
2025-09-18,P0476,E00918,8.8
2025-09-18,P0500,E00926,4.4
2025-09-18,P0542,E00890,8.8
2025-09-18,P0628,E00889,8.8
2025-09-18,P0639,E00769,8.8
2025-09-18,P0641,E00922,8.8
2025-09-18,P0678,E00923,4.4
2025-09-18,P0700,E00897,8.8
2025-09-19,P0019,E00903,8.8
2025-09-19,P0021,E00927,8.8
2025-09-19,P0026,E00919,8.8
2025-09-19,P0036,E00852,8.8
2025-09-19,P0060,E00880,8.8
2025-09-19,P0101,E00904,8.8
2025-09-19,P0118,E00873,8.8
2025-09-19,P0119,E00924,8.8
2025-09-19,P0127,E00928,8.8
2025-09-19,P0128,E00912,8.8
2025-09-19,P0139,E00836,8.8
2025-09-19,P0162,E00913,8.8
2025-09-19,P0194,E00874,8.8
2025-09-19,P0205,E00925,8.8
2025-09-19,P0311,E00622,8.8
2025-09-19,P0317,E00357,8.8
2025-09-19,P0319,E00892,8.8
2025-09-19,P0323,E00929,4.4
2025-09-19,P0365,E00914,8.8
2025-09-19,P0371,E00867,8.8
2025-09-19,P0384,E00920,8.8
2025-09-19,P0399,E00875,8.8
2025-09-19,P0407,E00916,8.8
2025-09-19,P0413,E00900,8.8
2025-09-19,P0421,E00930,8.8
2025-09-19,P0448,E00325,8.8
2025-09-19,P0454,E00795,8.8
2025-09-19,P0461,E00917,8.8
2025-09-19,P0476,E00918,8.8
2025-09-19,P0542,E00890,8.8
2025-09-19,P0628,E00889,8.8
2025-09-19,P0639,E00769,8.8
2025-09-19,P0641,E00922,8.8
2025-09-19,P0678,E00923,4.4
2025-09-19,P0700,E00897,8.8
2025-09-22,P0019,E00903,8.8
2025-09-22,P0021,E00927,8.8
2025-09-22,P0026,E00919,8.8
2025-09-22,P0036,E00852,8.8
2025-09-22,P0060,E00880,8.8
2025-09-22,P0092,E00931,8.8
2025-09-22,P0101,E00904,8.8
2025-09-22,P0118,E00873,8.8
2025-09-22,P0119,E00924,8.8
2025-09-22,P0128,E00912,8.8
2025-09-22,P0139,E00836,8.8
2025-09-22,P0162,E00913,8.8
2025-09-22,P0194,E00874,8.8
2025-09-22,P0205,E00925,8.8
2025-09-22,P0311,E00622,8.8
2025-09-22,P0317,E00357,8.8
2025-09-22,P0319,E00892,8.8
2025-09-22,P0323,E00929,4.4
2025-09-22,P0365,E00914,8.8
2025-09-22,P0371,E00867,8.8
2025-09-22,P0384,E00920,8.8
2025-09-22,P0399,E00875,8.8
2025-09-22,P0407,E00916,8.8
2025-09-22,P0413,E00900,8.8
2025-09-22,P0421,E00930,8.8
2025-09-22,P0448,E00325,8.8
2025-09-22,P0454,E00795,8.8
2025-09-22,P0461,E00917,8.8
2025-09-22,P0476,E00918,8.8
2025-09-22,P0490,E00932,8.8
2025-09-22,P0628,E00889,8.8
2025-09-22,P0639,E00769,8.8
2025-09-22,P0641,E00922,8.8
2025-09-22,P0678,E00923,4.4
2025-09-22,P0700,E00897,8.8
2025-09-23,P0001,E00933,8.8
2025-09-23,P0019,E00903,8.8
2025-09-23,P0021,E00927,8.8
2025-09-23,P0026,E00919,8.8
2025-09-23,P0036,E00852,8.8
2025-09-23,P0060,E00880,8.8
2025-09-23,P0082,E00934,8.8
2025-09-23,P0101,E00904,8.8
2025-09-23,P0118,E00873,8.8
2025-09-23,P0119,E00924,8.8
2025-09-23,P0128,E00912,8.8
2025-09-23,P0139,E00836,8.8
2025-09-23,P0162,E00913,8.8
2025-09-23,P0194,E00874,8.8
2025-09-23,P0205,E00925,8.8
2025-09-23,P0311,E00622,8.8
2025-09-23,P0317,E00357,8.8
2025-09-23,P0319,E00892,8.8
2025-09-23,P0323,E00929,4.4
2025-09-23,P0365,E00914,8.8
2025-09-23,P0371,E00867,8.8
2025-09-23,P0384,E00920,8.8
2025-09-23,P0399,E00875,8.8
2025-09-23,P0401,E00935,8.8
2025-09-23,P0407,E00916,8.8
2025-09-23,P0411,E00936,8.8
2025-09-23,P0413,E00900,8.8
2025-09-23,P0421,E00930,8.8
2025-09-23,P0448,E00325,8.8
2025-09-23,P0454,E00795,8.8
2025-09-23,P0476,E00918,8.8
2025-09-23,P0490,E00932,8.8
2025-09-23,P0628,E00889,8.8
2025-09-23,P0639,E00769,8.8
2025-09-23,P0641,E00922,8.8
2025-09-23,P0657,E00937,8.8
2025-09-23,P0700,E00897,8.8
2025-09-23,P0702,E00938,8.8
2025-09-24,P0001,E00933,8.8
2025-09-24,P0019,E00903,8.8
2025-09-24,P0021,E00927,8.8
2025-09-24,P0026,E00919,8.8
2025-09-24,P0036,E00852,8.8
2025-09-24,P0060,E00880,8.8
2025-09-24,P0082,E00934,8.8
2025-09-24,P0086,E00939,8.8
2025-09-24,P0101,E00904,8.8
2025-09-24,P0118,E00873,8.8
2025-09-24,P0119,E00924,8.8
2025-09-24,P0128,E00912,8.8
2025-09-24,P0139,E00836,8.8
2025-09-24,P0162,E00913,8.8
2025-09-24,P0175,E00940,8.8
2025-09-24,P0188,E00941,8.8
2025-09-24,P0194,E00874,8.8
2025-09-24,P0205,E00925,8.8
2025-09-24,P0311,E00622,8.8
2025-09-24,P0317,E00357,8.8
2025-09-24,P0319,E00892,8.8
2025-09-24,P0323,E00929,4.4
2025-09-24,P0365,E00914,8.8
2025-09-24,P0371,E00867,8.8
2025-09-24,P0384,E00920,8.8
2025-09-24,P0399,E00875,8.8
2025-09-24,P0401,E00935,8.8
2025-09-24,P0413,E00900,8.8
2025-09-24,P0421,E00930,8.8
2025-09-24,P0448,E00325,8.8
2025-09-24,P0454,E00795,8.8
2025-09-24,P0476,E00918,8.8
2025-09-24,P0490,E00932,8.8
2025-09-24,P0500,E00942,4.4
2025-09-24,P0515,E00943,8.8
2025-09-24,P0617,E00944,8.8
2025-09-24,P0628,E00889,8.8
2025-09-24,P0639,E00769,8.8
2025-09-24,P0700,E00897,8.8
2025-09-24,P0702,E00938,8.8
2025-09-25,P0019,E00903,8.8
2025-09-25,P0021,E00927,8.8
2025-09-25,P0026,E00919,8.8
2025-09-25,P0036,E00852,8.8
2025-09-25,P0060,E00880,8.8
2025-09-25,P0082,E00934,8.8
2025-09-25,P0086,E00939,8.8
2025-09-25,P0101,E00904,8.8
2025-09-25,P0118,E00873,8.8
2025-09-25,P0119,E00924,8.8
2025-09-25,P0139,E00836,8.8
2025-09-25,P0162,E00913,8.8
2025-09-25,P0174,E00945,8.8
2025-09-25,P0175,E00940,8.8
2025-09-25,P0188,E00941,8.8
2025-09-25,P0205,E00925,8.8
2025-09-25,P0311,E00622,8.8
2025-09-25,P0317,E00357,8.8
2025-09-25,P0319,E00892,8.8
2025-09-25,P0323,E00929,4.4
2025-09-25,P0365,E00914,8.8
2025-09-25,P0371,E00867,8.8
2025-09-25,P0399,E00875,8.8
2025-09-25,P0401,E00935,8.8
2025-09-25,P0413,E00900,8.8
2025-09-25,P0421,E00930,8.8
2025-09-25,P0448,E00325,8.8
2025-09-25,P0454,E00795,8.8
2025-09-25,P0617,E00944,8.8
2025-09-25,P0628,E00889,8.8
2025-09-25,P0639,E00769,8.8
2025-09-25,P0648,E00946,8.8
2025-09-25,P0700,E00897,8.8
2025-09-25,P0702,E00938,8.8
2025-09-26,P0007,E00947,8.8
2025-09-26,P0019,E00903,8.8
2025-09-26,P0021,E00927,8.8
2025-09-26,P0026,E00919,8.8
2025-09-26,P0036,E00852,8.8
2025-09-26,P0060,E00880,8.8
2025-09-26,P0082,E00934,8.8
2025-09-26,P0086,E00939,8.8
2025-09-26,P0101,E00904,8.8
2025-09-26,P0118,E00873,8.8
2025-09-26,P0119,E00924,8.8
2025-09-26,P0139,E00836,8.8
2025-09-26,P0162,E00913,8.8
2025-09-26,P0174,E00945,8.8
2025-09-26,P0175,E00940,8.8
2025-09-26,P0188,E00941,8.8
2025-09-26,P0205,E00925,8.8
2025-09-26,P0239,E00948,8.8
2025-09-26,P0251,E00949,8.8
2025-09-26,P0311,E00622,8.8
2025-09-26,P0317,E00357,8.8
2025-09-26,P0319,E00892,8.8
2025-09-26,P0323,E00929,4.4
2025-09-26,P0365,E00914,8.8
2025-09-26,P0371,E00867,8.8
2025-09-26,P0399,E00875,8.8
2025-09-26,P0401,E00935,8.8
2025-09-26,P0421,E00930,8.8
2025-09-26,P0454,E00795,8.8
2025-09-26,P0526,E00950,4.4
2025-09-26,P0617,E00944,8.8
2025-09-26,P0628,E00889,8.8
2025-09-26,P0639,E00769,8.8
2025-09-26,P0700,E00897,8.8
2025-09-26,P0702,E00938,8.8
2025-09-29,P0019,E00903,8.8
2025-09-29,P0021,E00927,8.8
2025-09-29,P0026,E00919,8.8
2025-09-29,P0036,E00852,8.8
2025-09-29,P0060,E00880,8.8
2025-09-29,P0086,E00939,8.8
2025-09-29,P0101,E00904,8.8
2025-09-29,P0118,E00873,8.8
2025-09-29,P0119,E00924,8.8
2025-09-29,P0139,E00836,8.8
2025-09-29,P0140,E00951,8.8
2025-09-29,P0162,E00913,8.8
2025-09-29,P0174,E00945,8.8
2025-09-29,P0175,E00940,8.8
2025-09-29,P0188,E00941,8.8
2025-09-29,P0194,E00952,8.8
2025-09-29,P0205,E00925,8.8
2025-09-29,P0239,E00948,8.8
2025-09-29,P0311,E00622,8.8
2025-09-29,P0317,E00357,8.8
2025-09-29,P0319,E00892,8.8
2025-09-29,P0365,E00914,8.8
2025-09-29,P0371,E00867,8.8
2025-09-29,P0399,E00875,8.8
2025-09-29,P0401,E00935,8.8
2025-09-29,P0421,E00930,8.8
2025-09-29,P0454,E00795,8.8
2025-09-29,P0526,E00950,4.4
2025-09-29,P0577,E00953,8.8
2025-09-29,P0617,E00944,8.8
2025-09-29,P0628,E00889,8.8
2025-09-29,P0639,E00769,8.8
2025-09-29,P0678,E00954,4.4
2025-09-29,P0700,E00897,8.8
2025-09-29,P0702,E00938,8.8
2025-09-29,P0704,E00955,8.8
2025-09-30,P0019,E00903,8.8
2025-09-30,P0021,E00927,8.8
2025-09-30,P0026,E00919,8.8
2025-09-30,P0036,E00852,8.8
2025-09-30,P0060,E00880,8.8
2025-09-30,P0086,E00939,8.8
2025-09-30,P0092,E00956,8.8
2025-09-30,P0101,E00904,8.8
2025-09-30,P0112,E00957,8.8
2025-09-30,P0118,E00873,8.8
2025-09-30,P0119,E00924,8.8
2025-09-30,P0127,E00958,8.8
2025-09-30,P0139,E00836,8.8
2025-09-30,P0140,E00951,8.8
2025-09-30,P0162,E00913,8.8
2025-09-30,P0174,E00945,8.8
2025-09-30,P0175,E00940,8.8
2025-09-30,P0188,E00941,8.8
2025-09-30,P0194,E00952,8.8
2025-09-30,P0205,E00925,8.8
2025-09-30,P0223,E00959,8.8
2025-09-30,P0239,E00948,8.8
2025-09-30,P0264,E00960,8.8
2025-09-30,P0298,E00961,8.8
2025-09-30,P0311,E00622,8.8
2025-09-30,P0317,E00357,8.8
2025-09-30,P0319,E00892,8.8
2025-09-30,P0365,E00914,8.8
2025-09-30,P0371,E00867,8.8
2025-09-30,P0399,E00875,8.8
2025-09-30,P0401,E00935,8.8
2025-09-30,P0421,E00930,8.8
2025-09-30,P0426,E00962,8.8
2025-09-30,P0454,E00795,8.8
2025-09-30,P0527,E00963,8.8
2025-09-30,P0628,E00889,8.8
2025-09-30,P0639,E00769,8.8
2025-09-30,P0678,E00954,4.4
2025-09-30,P0700,E00897,8.8
2025-09-30,P0702,E00938,8.8
2025-09-30,P0704,E00955,8.8
2025-10-01,P0019,E00903,8.8
2025-10-01,P0021,E00927,8.8
2025-10-01,P0026,E00919,8.8
2025-10-01,P0036,E00852,8.8
2025-10-01,P0060,E00880,8.8
2025-10-01,P0086,E00939,8.8
2025-10-01,P0092,E00956,8.8
2025-10-01,P0101,E00904,8.8
2025-10-01,P0112,E00957,8.8
2025-10-01,P0118,E00873,8.8
2025-10-01,P0119,E00924,8.8
2025-10-01,P0127,E00958,8.8
2025-10-01,P0139,E00836,8.8
2025-10-01,P0140,E00951,8.8
2025-10-01,P0162,E00913,8.8
2025-10-01,P0174,E00964,8.8
2025-10-01,P0175,E00940,8.8
2025-10-01,P0188,E00941,8.8
2025-10-01,P0194,E00952,8.8
2025-10-01,P0205,E00925,8.8
2025-10-01,P0223,E00959,8.8
2025-10-01,P0239,E00948,8.8
2025-10-01,P0264,E00960,8.8
2025-10-01,P0311,E00622,8.8
2025-10-01,P0317,E00357,8.8
2025-10-01,P0319,E00892,8.8
2025-10-01,P0365,E00914,8.8
2025-10-01,P0371,E00867,8.8
2025-10-01,P0399,E00875,8.8
2025-10-01,P0401,E00935,8.8
2025-10-01,P0421,E00930,8.8
2025-10-01,P0454,E00795,8.8
2025-10-01,P0527,E00963,8.8
2025-10-01,P0628,E00889,8.8
2025-10-01,P0639,E00769,8.8
2025-10-01,P0678,E00954,4.4
2025-10-01,P0700,E00897,8.8
2025-10-01,P0702,E00938,8.8
2025-10-01,P0704,E00955,8.8
2025-10-02,P0019,E00903,8.8
2025-10-02,P0021,E00927,8.8
2025-10-02,P0026,E00919,8.8
2025-10-02,P0036,E00852,8.8
2025-10-02,P0051,E00965,8.8
2025-10-02,P0060,E00880,8.8
2025-10-02,P0086,E00939,8.8
2025-10-02,P0101,E00904,8.8
2025-10-02,P0112,E00957,8.8
2025-10-02,P0118,E00873,8.8
2025-10-02,P0119,E00924,8.8
2025-10-02,P0127,E00958,8.8
2025-10-02,P0139,E00836,8.8
2025-10-02,P0140,E00951,8.8
2025-10-02,P0162,E00913,8.8
2025-10-02,P0174,E00964,8.8
2025-10-02,P0175,E00940,8.8
2025-10-02,P0188,E00941,8.8
2025-10-02,P0194,E00952,8.8
2025-10-02,P0198,E00966,8.8
2025-10-02,P0205,E00925,8.8
2025-10-02,P0223,E00959,8.8
2025-10-02,P0239,E00948,8.8
2025-10-02,P0264,E00960,8.8
2025-10-02,P0285,E00967,8.8
2025-10-02,P0311,E00622,8.8
2025-10-02,P0317,E00357,8.8
2025-10-02,P0319,E00892,8.8
2025-10-02,P0365,E00914,8.8
2025-10-02,P0371,E00867,8.8
2025-10-02,P0399,E00875,8.8
2025-10-02,P0401,E00935,8.8
2025-10-02,P0421,E00930,8.8
2025-10-02,P0454,E00795,8.8
2025-10-02,P0527,E00963,8.8
2025-10-02,P0555,E00968,8.8
2025-10-02,P0628,E00889,8.8
2025-10-02,P0639,E00769,8.8
2025-10-02,P0678,E00954,4.4
2025-10-02,P0700,E00897,8.8
2025-10-02,P0702,E00938,8.8
2025-10-02,P0704,E00955,8.8
2025-10-03,P0019,E00903,8.8
2025-10-03,P0021,E00927,8.8
2025-10-03,P0026,E00919,8.8
2025-10-03,P0036,E00852,8.8
2025-10-03,P0051,E00965,8.8
2025-10-03,P0060,E00880,8.8
2025-10-03,P0086,E00939,8.8
2025-10-03,P0101,E00904,8.8
2025-10-03,P0118,E00873,8.8
2025-10-03,P0119,E00924,8.8
2025-10-03,P0127,E00958,8.8
2025-10-03,P0139,E00836,8.8
2025-10-03,P0140,E00951,8.8
2025-10-03,P0162,E00913,8.8
2025-10-03,P0174,E00964,8.8
2025-10-03,P0175,E00940,8.8
2025-10-03,P0188,E00941,8.8
2025-10-03,P0205,E00925,8.8
2025-10-03,P0223,E00959,8.8
2025-10-03,P0239,E00948,8.8
2025-10-03,P0264,E00960,8.8
2025-10-03,P0285,E00967,8.8
2025-10-03,P0311,E00622,8.8
2025-10-03,P0317,E00357,8.8
2025-10-03,P0319,E00892,8.8
2025-10-03,P0339,E00969,8.8
2025-10-03,P0365,E00914,8.8
2025-10-03,P0371,E00867,8.8
2025-10-03,P0399,E00875,8.8
2025-10-03,P0401,E00935,8.8
2025-10-03,P0421,E00930,8.8
2025-10-03,P0454,E00795,8.8
2025-10-03,P0468,E00970,8.8
2025-10-03,P0555,E00968,8.8
2025-10-03,P0628,E00889,8.8
2025-10-03,P0639,E00769,8.8
2025-10-03,P0678,E00954,4.4
2025-10-03,P0700,E00897,8.8
2025-10-03,P0702,E00938,8.8
2025-10-03,P0704,E00955,8.8
2025-10-06,P0019,E00903,8.8
2025-10-06,P0021,E00927,8.8
2025-10-06,P0026,E00919,8.8
2025-10-06,P0036,E00852,8.8
2025-10-06,P0051,E00965,8.8
2025-10-06,P0054,E00971,8.8
2025-10-06,P0060,E00880,8.8
2025-10-06,P0101,E00904,8.8
2025-10-06,P0118,E00873,8.8
2025-10-06,P0119,E00924,8.8
2025-10-06,P0127,E00958,8.8
2025-10-06,P0139,E00836,8.8
2025-10-06,P0140,E00951,8.8
2025-10-06,P0162,E00913,8.8
2025-10-06,P0174,E00964,8.8
2025-10-06,P0175,E00940,8.8
2025-10-06,P0188,E00941,8.8
2025-10-06,P0205,E00925,8.8
2025-10-06,P0223,E00959,8.8
2025-10-06,P0239,E00948,8.8
2025-10-06,P0264,E00960,8.8
2025-10-06,P0285,E00967,8.8
2025-10-06,P0291,E00972,4.4
2025-10-06,P0311,E00622,8.8
2025-10-06,P0319,E00892,8.8
2025-10-06,P0339,E00969,8.8
2025-10-06,P0365,E00914,8.8
2025-10-06,P0371,E00867,8.8
2025-10-06,P0394,E00973,8.8
2025-10-06,P0399,E00875,8.8
2025-10-06,P0401,E00935,8.8
2025-10-06,P0439,E00974,8.8
2025-10-06,P0454,E00795,8.8
2025-10-06,P0468,E00970,8.8
2025-10-06,P0555,E00968,8.8
2025-10-06,P0591,E00975,8.8
2025-10-06,P0628,E00889,8.8
2025-10-06,P0639,E00769,8.8
2025-10-06,P0678,E00954,4.4
2025-10-06,P0679,E00976,8.8
2025-10-06,P0680,E00977,8.8
2025-10-06,P0700,E00897,8.8
2025-10-06,P0702,E00938,8.8
2025-10-07,P0021,E00927,8.8
2025-10-07,P0026,E00919,8.8
2025-10-07,P0036,E00852,8.8
2025-10-07,P0051,E00965,8.8
2025-10-07,P0054,E00971,8.8
2025-10-07,P0060,E00880,8.8
2025-10-07,P0101,E00904,8.8
2025-10-07,P0118,E00873,8.8
2025-10-07,P0119,E00924,8.8
2025-10-07,P0127,E00958,8.8
2025-10-07,P0139,E00836,8.8
2025-10-07,P0140,E00951,8.8
2025-10-07,P0154,E00978,8.8
2025-10-07,P0162,E00913,8.8
2025-10-07,P0174,E00964,8.8
2025-10-07,P0175,E00940,8.8
2025-10-07,P0188,E00941,8.8
2025-10-07,P0205,E00925,8.8
2025-10-07,P0218,E00979,8.8
2025-10-07,P0223,E00959,8.8
2025-10-07,P0239,E00948,8.8
2025-10-07,P0259,E00980,8.8
2025-10-07,P0264,E00960,8.8
2025-10-07,P0285,E00967,8.8
2025-10-07,P0291,E00972,4.4
2025-10-07,P0311,E00622,8.8
2025-10-07,P0319,E00892,8.8
2025-10-07,P0365,E00914,8.8
2025-10-07,P0371,E00867,8.8
2025-10-07,P0394,E00973,8.8
2025-10-07,P0399,E00875,8.8
2025-10-07,P0451,E00981,8.8
2025-10-07,P0454,E00795,8.8
2025-10-07,P0468,E00970,8.8
2025-10-07,P0555,E00968,8.8
2025-10-07,P0570,E00982,8.8
2025-10-07,P0628,E00889,8.8
2025-10-07,P0646,E00983,8.8
2025-10-07,P0678,E00954,4.4
2025-10-07,P0679,E00976,8.8
2025-10-07,P0700,E00897,8.8
2025-10-07,P0702,E00938,8.8
2025-10-08,P0001,E00984,8.8
2025-10-08,P0021,E00927,8.8
2025-10-08,P0026,E00919,8.8
2025-10-08,P0036,E00852,8.8
2025-10-08,P0051,E00965,8.8
2025-10-08,P0060,E00880,8.8
2025-10-08,P0101,E00904,8.8
2025-10-08,P0118,E00873,8.8
2025-10-08,P0119,E00924,8.8
2025-10-08,P0127,E00958,8.8
2025-10-08,P0139,E00836,8.8
2025-10-08,P0140,E00951,8.8
2025-10-08,P0162,E00913,8.8
2025-10-08,P0174,E00964,8.8
2025-10-08,P0175,E00940,8.8
2025-10-08,P0188,E00941,8.8
2025-10-08,P0205,E00925,8.8
2025-10-08,P0223,E00959,8.8
2025-10-08,P0239,E00948,8.8
2025-10-08,P0259,E00980,8.8
2025-10-08,P0262,E00985,4.4
2025-10-08,P0264,E00960,8.8
2025-10-08,P0285,E00967,8.8
2025-10-08,P0291,E00972,4.4
2025-10-08,P0311,E00622,8.8
2025-10-08,P0319,E00892,8.8
2025-10-08,P0365,E00914,8.8
2025-10-08,P0371,E00867,8.8
2025-10-08,P0394,E00973,8.8
2025-10-08,P0399,E00875,8.8
2025-10-08,P0451,E00981,8.8
2025-10-08,P0454,E00795,8.8
2025-10-08,P0468,E00970,8.8
2025-10-08,P0496,E00986,8.8
2025-10-08,P0524,E00987,8.8
2025-10-08,P0555,E00968,8.8
2025-10-08,P0570,E00982,8.8
2025-10-08,P0628,E00889,8.8
2025-10-08,P0646,E00983,8.8
2025-10-08,P0678,E00954,4.4
2025-10-08,P0679,E00976,8.8
2025-10-08,P0702,E00938,8.8
2025-10-09,P0001,E00984,8.8
2025-10-09,P0021,E00927,8.8
2025-10-09,P0026,E00919,8.8
2025-10-09,P0036,E00852,8.8
2025-10-09,P0051,E00965,8.8
2025-10-09,P0060,E00880,8.8
2025-10-09,P0080,E00988,8.8
2025-10-09,P0101,E00904,8.8
2025-10-09,P0107,E00989,8.8
2025-10-09,P0118,E00873,8.8
2025-10-09,P0119,E00924,8.8
2025-10-09,P0127,E00958,8.8
2025-10-09,P0139,E00836,8.8
2025-10-09,P0140,E00951,8.8
2025-10-09,P0155,E00990,8.8
2025-10-09,P0174,E00964,8.8
2025-10-09,P0175,E00940,8.8
2025-10-09,P0188,E00941,8.8
2025-10-09,P0205,E00925,8.8
2025-10-09,P0223,E00959,8.8
2025-10-09,P0239,E00948,8.8
2025-10-09,P0259,E00980,8.8
2025-10-09,P0262,E00985,4.4
2025-10-09,P0264,E00960,8.8
2025-10-09,P0285,E00967,8.8
2025-10-09,P0291,E00972,4.4
2025-10-09,P0311,E00622,8.8
2025-10-09,P0317,E00991,8.8
2025-10-09,P0319,E00892,8.8
2025-10-09,P0365,E00914,8.8
2025-10-09,P0371,E00867,8.8
2025-10-09,P0384,E00992,8.8
2025-10-09,P0399,E00875,8.8
2025-10-09,P0419,E00993,8.8
2025-10-09,P0451,E00981,8.8
2025-10-09,P0454,E00795,8.8
2025-10-09,P0468,E00970,8.8
2025-10-09,P0496,E00986,8.8
2025-10-09,P0524,E00987,8.8
2025-10-09,P0555,E00968,8.8
2025-10-09,P0570,E00982,8.8
2025-10-09,P0591,E00994,8.8
2025-10-09,P0628,E00889,8.8
2025-10-09,P0646,E00983,8.8
2025-10-09,P0678,E00954,4.4
2025-10-09,P0679,E00976,8.8
2025-10-09,P0702,E00938,8.8
2025-10-10,P0001,E00984,8.8
2025-10-10,P0021,E00927,8.8
2025-10-10,P0026,E00919,8.8
2025-10-10,P0036,E00852,8.8
2025-10-10,P0050,E00995,8.8
2025-10-10,P0051,E00965,8.8
2025-10-10,P0060,E00880,8.8
2025-10-10,P0080,E00988,8.8
2025-10-10,P0101,E00904,8.8
2025-10-10,P0118,E00873,8.8
2025-10-10,P0119,E00924,8.8
2025-10-10,P0127,E00958,8.8
2025-10-10,P0139,E00836,8.8
2025-10-10,P0140,E00951,8.8
2025-10-10,P0174,E00964,8.8
2025-10-10,P0175,E00940,8.8
2025-10-10,P0188,E00941,8.8
2025-10-10,P0205,E00925,8.8
2025-10-10,P0239,E00948,8.8
2025-10-10,P0259,E00980,8.8
2025-10-10,P0262,E00985,4.4
2025-10-10,P0264,E00960,8.8
2025-10-10,P0285,E00967,8.8
2025-10-10,P0291,E00972,4.4
2025-10-10,P0298,E00996,8.8
2025-10-10,P0311,E00622,8.8
2025-10-10,P0319,E00997,8.8
2025-10-10,P0365,E00914,8.8
2025-10-10,P0371,E00867,8.8
2025-10-10,P0384,E00992,8.8
2025-10-10,P0399,E00875,8.8
2025-10-10,P0419,E00993,8.8
2025-10-10,P0451,E00981,8.8
2025-10-10,P0454,E00795,8.8
2025-10-10,P0468,E00970,8.8
2025-10-10,P0496,E00986,8.8
2025-10-10,P0524,E00987,8.8
2025-10-10,P0555,E00968,8.8
2025-10-10,P0570,E00982,8.8
2025-10-10,P0591,E00998,8.8
2025-10-10,P0628,E00889,8.8
2025-10-10,P0646,E00983,8.8
2025-10-10,P0678,E00954,4.4
2025-10-10,P0679,E00976,8.8
2025-10-10,P0702,E00938,8.8
2025-10-13,P0001,E00984,8.8
2025-10-13,P0021,E00927,8.8
2025-10-13,P0050,E00995,8.8
2025-10-13,P0051,E00965,8.8
2025-10-13,P0080,E00988,8.8
2025-10-13,P0101,E00904,8.8
2025-10-13,P0118,E00873,8.8
2025-10-13,P0119,E00924,8.8
2025-10-13,P0127,E00958,8.8
2025-10-13,P0139,E00836,8.8
2025-10-13,P0140,E00951,8.8
2025-10-13,P0175,E00940,8.8
2025-10-13,P0186,E00999,8.8
2025-10-13,P0189,E01000,8.8
2025-10-13,P0205,E00925,8.8
2025-10-13,P0214,E01001,8.8
2025-10-13,P0259,E00980,8.8
2025-10-13,P0262,E00985,4.4
2025-10-13,P0264,E00960,8.8
2025-10-13,P0285,E00967,8.8
2025-10-13,P0291,E00972,4.4
2025-10-13,P0298,E00996,8.8
2025-10-13,P0311,E00622,8.8
2025-10-13,P0343,E01002,4.4
2025-10-13,P0365,E00914,8.8
2025-10-13,P0371,E00867,8.8
2025-10-13,P0384,E00992,8.8
2025-10-13,P0399,E00875,8.8
2025-10-13,P0419,E00993,8.8
2025-10-13,P0448,E01003,8.8
2025-10-13,P0451,E00981,8.8
2025-10-13,P0454,E00795,8.8
2025-10-13,P0468,E00970,8.8
2025-10-13,P0469,E01004,8.8
2025-10-13,P0496,E00986,8.8
2025-10-13,P0524,E00987,8.8
2025-10-13,P0555,E00968,8.8
2025-10-13,P0570,E00982,8.8
2025-10-13,P0591,E00998,8.8
2025-10-13,P0628,E00889,8.8
2025-10-13,P0646,E00983,8.8
2025-10-13,P0678,E00954,4.4
2025-10-13,P0679,E00976,8.8
2025-10-13,P0702,E00938,8.8
2025-10-14,P0001,E00984,8.8
2025-10-14,P0021,E00927,8.8
2025-10-14,P0050,E00995,8.8
2025-10-14,P0051,E00965,8.8
2025-10-14,P0080,E00988,8.8
2025-10-14,P0092,E01005,8.8
2025-10-14,P0099,E01006,8.8
2025-10-14,P0101,E00904,8.8
2025-10-14,P0118,E00873,8.8
2025-10-14,P0127,E00958,8.8
2025-10-14,P0139,E00836,8.8
2025-10-14,P0140,E00951,8.8
2025-10-14,P0175,E00940,8.8
2025-10-14,P0186,E00999,8.8
2025-10-14,P0189,E01000,8.8
2025-10-14,P0194,E01007,8.8
2025-10-14,P0206,E01008,8.8
2025-10-14,P0214,E01001,8.8
2025-10-14,P0242,E01009,8.8
2025-10-14,P0259,E00980,8.8
2025-10-14,P0262,E00985,4.4
2025-10-14,P0264,E00960,8.8
2025-10-14,P0285,E00967,8.8
2025-10-14,P0291,E00972,4.4
2025-10-14,P0298,E00996,8.8
2025-10-14,P0311,E00622,8.8
2025-10-14,P0343,E01002,4.4
2025-10-14,P0365,E00914,8.8
2025-10-14,P0371,E00867,8.8
2025-10-14,P0399,E00875,8.8
2025-10-14,P0404,E01010,4.4
2025-10-14,P0419,E00993,8.8
2025-10-14,P0448,E01003,8.8
2025-10-14,P0451,E00981,8.8
2025-10-14,P0468,E00970,8.8
2025-10-14,P0469,E01004,8.8
2025-10-14,P0470,E01011,8.8
2025-10-14,P0524,E00987,8.8
2025-10-14,P0555,E00968,8.8
2025-10-14,P0568,E01012,8.8
2025-10-14,P0591,E00998,8.8
2025-10-14,P0596,E01013,8.8
2025-10-14,P0628,E00889,8.8
2025-10-14,P0646,E00983,8.8
2025-10-14,P0678,E00954,4.4
2025-10-14,P0679,E00976,8.8
2025-10-14,P0702,E00938,8.8
2025-10-15,P0021,E00927,8.8
2025-10-15,P0050,E00995,8.8
2025-10-15,P0051,E00965,8.8
2025-10-15,P0080,E00988,8.8
2025-10-15,P0101,E00904,8.8
2025-10-15,P0118,E00873,8.8
2025-10-15,P0127,E00958,8.8
2025-10-15,P0175,E00940,8.8
2025-10-15,P0186,E00999,8.8
2025-10-15,P0189,E01000,8.8
2025-10-15,P0194,E01007,8.8
2025-10-15,P0202,E01014,8.8
2025-10-15,P0206,E01008,8.8
2025-10-15,P0214,E01001,8.8
2025-10-15,P0242,E01009,8.8
2025-10-15,P0259,E00980,8.8
2025-10-15,P0262,E00985,4.4
2025-10-15,P0264,E00960,8.8
2025-10-15,P0285,E00967,8.8
2025-10-15,P0291,E00972,4.4
2025-10-15,P0298,E00996,8.8
2025-10-15,P0311,E00622,8.8
2025-10-15,P0317,E01015,8.8
2025-10-15,P0365,E00914,8.8
2025-10-15,P0371,E00867,8.8
2025-10-15,P0399,E00875,8.8
2025-10-15,P0404,E01010,4.4
2025-10-15,P0419,E00993,8.8
2025-10-15,P0451,E00981,8.8
2025-10-15,P0468,E00970,8.8
2025-10-15,P0493,E01016,4.4
2025-10-15,P0555,E00968,8.8
2025-10-15,P0568,E01012,8.8
2025-10-15,P0591,E00998,8.8
2025-10-15,P0596,E01013,8.8
2025-10-15,P0601,E01017,4.4
2025-10-15,P0628,E00889,8.8
2025-10-15,P0646,E00983,8.8
2025-10-15,P0678,E00954,4.4
2025-10-15,P0679,E00976,8.8
2025-10-15,P0693,E01018,8.8
2025-10-15,P0702,E01019,8.8
2025-10-16,P0021,E00927,8.8
2025-10-16,P0024,E01020,8.8
2025-10-16,P0050,E00995,8.8
2025-10-16,P0051,E00965,8.8
2025-10-16,P0080,E00988,8.8
2025-10-16,P0092,E01021,8.8
2025-10-16,P0101,E00904,8.8
2025-10-16,P0118,E00873,8.8
2025-10-16,P0127,E00958,8.8
2025-10-16,P0175,E00940,8.8
2025-10-16,P0186,E00999,8.8
2025-10-16,P0189,E01000,8.8
2025-10-16,P0194,E01007,8.8
2025-10-16,P0206,E01008,8.8
2025-10-16,P0214,E01001,8.8
2025-10-16,P0242,E01009,8.8
2025-10-16,P0259,E00980,8.8
2025-10-16,P0262,E00985,4.4
2025-10-16,P0264,E00960,8.8
2025-10-16,P0285,E00967,8.8
2025-10-16,P0291,E00972,4.4
2025-10-16,P0298,E00996,8.8
2025-10-16,P0311,E00622,8.8
2025-10-16,P0317,E01015,8.8
2025-10-16,P0365,E00914,8.8
2025-10-16,P0371,E00867,8.8
2025-10-16,P0399,E00875,8.8
2025-10-16,P0419,E00993,8.8
2025-10-16,P0451,E00981,8.8
2025-10-16,P0468,E00970,8.8
2025-10-16,P0493,E01016,4.4
2025-10-16,P0524,E01022,8.8
2025-10-16,P0555,E00968,8.8
2025-10-16,P0568,E01012,8.8
2025-10-16,P0591,E00998,8.8
2025-10-16,P0596,E01013,8.8
2025-10-16,P0601,E01017,4.4
2025-10-16,P0628,E00889,8.8
2025-10-16,P0646,E00983,8.8
2025-10-16,P0678,E00954,4.4
2025-10-16,P0679,E00976,8.8
2025-10-16,P0693,E01018,8.8
2025-10-16,P0702,E01019,8.8
2025-10-17,P0021,E00927,8.8
2025-10-17,P0050,E00995,8.8
2025-10-17,P0051,E00965,8.8
2025-10-17,P0080,E00988,8.8
2025-10-17,P0092,E01023,8.8
2025-10-17,P0101,E00904,8.8
2025-10-17,P0118,E00873,8.8
2025-10-17,P0120,E01024,4.4
2025-10-17,P0127,E00958,8.8
2025-10-17,P0175,E00940,8.8
2025-10-17,P0186,E00999,8.8
2025-10-17,P0189,E01000,8.8
2025-10-17,P0194,E01007,8.8
2025-10-17,P0206,E01008,8.8
2025-10-17,P0214,E01001,8.8
2025-10-17,P0242,E01009,8.8
2025-10-17,P0259,E00980,8.8
2025-10-17,P0262,E00985,4.4
2025-10-17,P0264,E00960,8.8
2025-10-17,P0285,E00967,8.8
2025-10-17,P0291,E00972,4.4
2025-10-17,P0298,E00996,8.8
2025-10-17,P0311,E00622,8.8
2025-10-17,P0317,E01015,8.8
2025-10-17,P0345,E01025,8.8
2025-10-17,P0365,E00914,8.8
2025-10-17,P0371,E00867,8.8
2025-10-17,P0399,E00875,8.8
2025-10-17,P0451,E00981,8.8
2025-10-17,P0493,E01016,4.4
2025-10-17,P0524,E01022,8.8
2025-10-17,P0555,E00968,8.8
2025-10-17,P0568,E01012,8.8
2025-10-17,P0591,E00998,8.8
2025-10-17,P0596,E01013,8.8
2025-10-17,P0601,E01017,4.4
2025-10-17,P0628,E00889,8.8
2025-10-17,P0646,E00983,8.8
2025-10-17,P0678,E00954,4.4
2025-10-17,P0679,E00976,8.8
2025-10-17,P0693,E01018,8.8
2025-10-20,P0021,E00927,8.8
2025-10-20,P0050,E00995,8.8
2025-10-20,P0051,E00965,8.8
2025-10-20,P0075,E01026,8.8
2025-10-20,P0080,E00988,8.8
2025-10-20,P0092,E01023,8.8
2025-10-20,P0101,E00904,8.8
2025-10-20,P0118,E00873,8.8
2025-10-20,P0120,E01024,4.4
2025-10-20,P0127,E00958,8.8
2025-10-20,P0175,E00940,8.8
2025-10-20,P0189,E01000,8.8
2025-10-20,P0194,E01007,8.8
2025-10-20,P0206,E01008,8.8
2025-10-20,P0214,E01001,8.8
2025-10-20,P0242,E01009,8.8
2025-10-20,P0259,E00980,8.8
2025-10-20,P0262,E00985,4.4
2025-10-20,P0264,E00960,8.8
2025-10-20,P0285,E00967,8.8
2025-10-20,P0298,E00996,8.8
2025-10-20,P0311,E00622,8.8
2025-10-20,P0317,E01015,8.8
2025-10-20,P0345,E01025,8.8
2025-10-20,P0365,E00914,8.8
2025-10-20,P0371,E00867,8.8
2025-10-20,P0399,E00875,8.8
2025-10-20,P0451,E00981,8.8
2025-10-20,P0524,E01022,8.8
2025-10-20,P0555,E00968,8.8
2025-10-20,P0568,E01012,8.8
2025-10-20,P0591,E00998,8.8
2025-10-20,P0596,E01013,8.8
2025-10-20,P0628,E00889,8.8
2025-10-20,P0646,E00983,8.8
2025-10-20,P0678,E00954,4.4
2025-10-20,P0679,E00976,8.8
2025-10-20,P0693,E01018,8.8
2025-10-20,P0704,E01027,8.8
2025-10-21,P0050,E00995,8.8
2025-10-21,P0075,E01026,8.8
2025-10-21,P0080,E00988,8.8
2025-10-21,P0092,E01023,8.8
2025-10-21,P0101,E00904,8.8
2025-10-21,P0118,E00873,8.8
2025-10-21,P0120,E01024,4.4
2025-10-21,P0175,E00940,8.8
2025-10-21,P0189,E01000,8.8
2025-10-21,P0194,E01007,8.8
2025-10-21,P0206,E01008,8.8
2025-10-21,P0211,E01028,8.8
2025-10-21,P0218,E01029,8.8
2025-10-21,P0221,E01030,8.8
2025-10-21,P0242,E01009,8.8
2025-10-21,P0259,E00980,8.8
2025-10-21,P0262,E00985,4.4
2025-10-21,P0264,E00960,8.8
2025-10-21,P0285,E00967,8.8
2025-10-21,P0298,E00996,8.8
2025-10-21,P0311,E00622,8.8
2025-10-21,P0317,E01015,8.8
2025-10-21,P0345,E01025,8.8
2025-10-21,P0365,E00914,8.8
2025-10-21,P0371,E00867,8.8
2025-10-21,P0399,E00875,8.8
2025-10-21,P0451,E00981,8.8
2025-10-21,P0524,E01022,8.8
2025-10-21,P0527,E01031,8.8
2025-10-21,P0553,E01032,8.8
2025-10-21,P0555,E00968,8.8
2025-10-21,P0568,E01012,8.8
2025-10-21,P0591,E00998,8.8
2025-10-21,P0596,E01013,8.8
2025-10-21,P0628,E00889,8.8
2025-10-21,P0641,E01033,8.8
2025-10-21,P0678,E00954,4.4
2025-10-21,P0679,E00976,8.8
2025-10-21,P0704,E01027,8.8
2025-10-22,P0050,E00995,8.8
2025-10-22,P0075,E01026,8.8
2025-10-22,P0080,E00988,8.8
2025-10-22,P0092,E01023,8.8
2025-10-22,P0101,E00904,8.8
2025-10-22,P0118,E00873,8.8
2025-10-22,P0120,E01024,4.4
2025-10-22,P0160,E01034,8.8
2025-10-22,P0175,E00940,8.8
2025-10-22,P0194,E01007,8.8
2025-10-22,P0206,E01008,8.8
2025-10-22,P0218,E01029,8.8
2025-10-22,P0221,E01030,8.8
2025-10-22,P0242,E01009,8.8
2025-10-22,P0259,E00980,8.8
2025-10-22,P0262,E00985,4.4
2025-10-22,P0264,E00960,8.8
2025-10-22,P0285,E00967,8.8
2025-10-22,P0298,E00996,8.8
2025-10-22,P0311,E00622,8.8
2025-10-22,P0317,E01015,8.8
2025-10-22,P0323,E01035,4.4
2025-10-22,P0345,E01025,8.8
2025-10-22,P0348,E01036,8.8
2025-10-22,P0365,E00914,8.8
2025-10-22,P0371,E00867,8.8
2025-10-22,P0399,E00875,8.8
2025-10-22,P0405,E01037,8.8
2025-10-22,P0428,E01038,8.8
2025-10-22,P0451,E00981,8.8
2025-10-22,P0476,E01039,8.8
2025-10-22,P0524,E01022,8.8
2025-10-22,P0527,E01031,8.8
2025-10-22,P0553,E01032,8.8
2025-10-22,P0555,E00968,8.8
2025-10-22,P0568,E01012,8.8
2025-10-22,P0591,E00998,8.8
2025-10-22,P0595,E01040,8.8
2025-10-22,P0596,E01013,8.8
2025-10-22,P0628,E00889,8.8
2025-10-22,P0678,E00954,4.4
2025-10-22,P0704,E01027,8.8
2025-10-23,P0075,E01026,8.8
2025-10-23,P0080,E00988,8.8
2025-10-23,P0092,E01023,8.8
2025-10-23,P0101,E00904,8.8
2025-10-23,P0107,E01041,8.8
2025-10-23,P0118,E00873,8.8
2025-10-23,P0120,E01024,4.4
2025-10-23,P0160,E01034,8.8
2025-10-23,P0175,E00940,8.8
2025-10-23,P0194,E01007,8.8
2025-10-23,P0206,E01008,8.8
2025-10-23,P0218,E01029,8.8
2025-10-23,P0221,E01030,8.8
2025-10-23,P0242,E01009,8.8
2025-10-23,P0259,E00980,8.8
2025-10-23,P0262,E00985,4.4
2025-10-23,P0264,E00960,8.8
2025-10-23,P0285,E00967,8.8
2025-10-23,P0298,E00996,8.8
2025-10-23,P0311,E00622,8.8
2025-10-23,P0317,E01015,8.8
2025-10-23,P0323,E01035,4.4
2025-10-23,P0339,E01042,8.8
2025-10-23,P0345,E01025,8.8
2025-10-23,P0365,E00914,8.8
2025-10-23,P0371,E00867,8.8
2025-10-23,P0399,E00875,8.8
2025-10-23,P0405,E01037,8.8
2025-10-23,P0428,E01038,8.8
2025-10-23,P0451,E00981,8.8
2025-10-23,P0476,E01039,8.8
2025-10-23,P0527,E01031,8.8
2025-10-23,P0530,E01043,8.8
2025-10-23,P0553,E01032,8.8
2025-10-23,P0555,E00968,8.8
2025-10-23,P0568,E01012,8.8
2025-10-23,P0591,E00998,8.8
2025-10-23,P0595,E01040,8.8
2025-10-23,P0596,E01013,8.8
2025-10-23,P0610,E01044,8.8
2025-10-23,P0628,E00889,8.8
2025-10-23,P0700,E01045,8.8
2025-10-23,P0701,E01046,8.8
2025-10-23,P0704,E01027,8.8
2025-10-24,P0075,E01026,8.8
2025-10-24,P0080,E00988,8.8
2025-10-24,P0092,E01023,8.8
2025-10-24,P0101,E00904,8.8
2025-10-24,P0107,E01041,8.8
2025-10-24,P0118,E00873,8.8
2025-10-24,P0120,E01024,4.4
2025-10-24,P0174,E01047,8.8
2025-10-24,P0175,E00940,8.8
2025-10-24,P0194,E01007,8.8
2025-10-24,P0218,E01029,8.8
2025-10-24,P0221,E01030,8.8
2025-10-24,P0259,E00980,8.8
2025-10-24,P0262,E00985,4.4
2025-10-24,P0264,E00960,8.8
2025-10-24,P0285,E00967,8.8
2025-10-24,P0298,E00996,8.8
2025-10-24,P0311,E00622,8.8
2025-10-24,P0317,E01015,8.8
2025-10-24,P0345,E01025,8.8
2025-10-24,P0365,E00914,8.8
2025-10-24,P0371,E00867,8.8
2025-10-24,P0399,E00875,8.8
2025-10-24,P0405,E01037,8.8
2025-10-24,P0428,E01038,8.8
2025-10-24,P0451,E00981,8.8
2025-10-24,P0476,E01039,8.8
2025-10-24,P0527,E01031,8.8
2025-10-24,P0530,E01043,8.8
2025-10-24,P0553,E01032,8.8
2025-10-24,P0555,E00968,8.8
2025-10-24,P0568,E01012,8.8
2025-10-24,P0591,E00998,8.8
2025-10-24,P0595,E01040,8.8
2025-10-24,P0610,E01044,8.8
2025-10-24,P0628,E00889,8.8
2025-10-24,P0704,E01027,8.8
2025-10-27,P0075,E01026,8.8
2025-10-27,P0080,E00988,8.8
2025-10-27,P0092,E01023,8.8
2025-10-27,P0098,E01048,8.8
2025-10-27,P0101,E00904,8.8
2025-10-27,P0107,E01041,8.8
2025-10-27,P0118,E00873,8.8
2025-10-27,P0120,E01024,4.4
2025-10-27,P0175,E00940,8.8
2025-10-27,P0194,E01007,8.8
2025-10-27,P0218,E01029,8.8
2025-10-27,P0221,E01030,8.8
2025-10-27,P0259,E00980,8.8
2025-10-27,P0262,E00985,4.4
2025-10-27,P0264,E00960,8.8
2025-10-27,P0285,E00967,8.8
2025-10-27,P0298,E00996,8.8
2025-10-27,P0317,E01015,8.8
2025-10-27,P0365,E00914,8.8
2025-10-27,P0371,E00867,8.8
2025-10-27,P0399,E00875,8.8
2025-10-27,P0405,E01037,8.8
2025-10-27,P0428,E01038,8.8
2025-10-27,P0451,E00981,8.8
2025-10-27,P0476,E01039,8.8
2025-10-27,P0527,E01031,8.8
2025-10-27,P0530,E01043,8.8
2025-10-27,P0553,E01032,8.8
2025-10-27,P0555,E00968,8.8
2025-10-27,P0568,E01012,8.8
2025-10-27,P0591,E00998,8.8
2025-10-27,P0595,E01040,8.8
2025-10-27,P0610,E01044,8.8
2025-10-27,P0628,E00889,8.8
2025-10-27,P0704,E01027,8.8
2025-10-28,P0024,E01049,8.8
2025-10-28,P0075,E01026,8.8
2025-10-28,P0080,E00988,8.8
2025-10-28,P0092,E01023,8.8
2025-10-28,P0101,E00904,8.8
2025-10-28,P0107,E01041,8.8
2025-10-28,P0118,E00873,8.8
2025-10-28,P0120,E01024,4.4
2025-10-28,P0174,E01050,8.8
2025-10-28,P0175,E00940,8.8
2025-10-28,P0194,E01007,8.8
2025-10-28,P0218,E01029,8.8
2025-10-28,P0221,E01030,8.8
2025-10-28,P0259,E00980,8.8
2025-10-28,P0262,E00985,4.4
2025-10-28,P0264,E00960,8.8
2025-10-28,P0285,E00967,8.8
2025-10-28,P0325,E01051,8.8
2025-10-28,P0365,E00914,8.8
2025-10-28,P0371,E00867,8.8
2025-10-28,P0382,E01052,8.8
2025-10-28,P0399,E00875,8.8
2025-10-28,P0405,E01037,8.8
2025-10-28,P0425,E01053,8.8
2025-10-28,P0428,E01038,8.8
2025-10-28,P0476,E01039,8.8
2025-10-28,P0485,E01054,8.8
2025-10-28,P0527,E01031,8.8
2025-10-28,P0530,E01043,8.8
2025-10-28,P0553,E01032,8.8
2025-10-28,P0555,E00968,8.8
2025-10-28,P0568,E01012,8.8
2025-10-28,P0591,E00998,8.8
2025-10-28,P0595,E01040,8.8
2025-10-28,P0610,E01044,8.8
2025-10-28,P0628,E00889,8.8
2025-10-28,P0704,E01027,8.8
2025-10-29,P0024,E01049,8.8
2025-10-29,P0075,E01026,8.8
2025-10-29,P0080,E00988,8.8
2025-10-29,P0092,E01023,8.8
2025-10-29,P0101,E00904,8.8
2025-10-29,P0118,E00873,8.8
2025-10-29,P0120,E01024,4.4
2025-10-29,P0174,E01050,8.8
2025-10-29,P0175,E00940,8.8
2025-10-29,P0194,E01007,8.8
2025-10-29,P0218,E01029,8.8
2025-10-29,P0259,E00980,8.8
2025-10-29,P0262,E00985,4.4
2025-10-29,P0264,E00960,8.8
2025-10-29,P0268,E01055,8.8
2025-10-29,P0285,E00967,8.8
2025-10-29,P0287,E01056,8.8
2025-10-29,P0298,E01057,8.8
2025-10-29,P0325,E01051,8.8
2025-10-29,P0365,E00914,8.8
2025-10-29,P0371,E00867,8.8
2025-10-29,P0382,E01052,8.8
2025-10-29,P0399,E00875,8.8
2025-10-29,P0405,E01037,8.8
2025-10-29,P0418,E01058,8.8
2025-10-29,P0425,E01053,8.8
2025-10-29,P0428,E01038,8.8
2025-10-29,P0476,E01039,8.8
2025-10-29,P0488,E01059,8.8
2025-10-29,P0527,E01031,8.8
2025-10-29,P0530,E01043,8.8
2025-10-29,P0553,E01032,8.8
2025-10-29,P0555,E00968,8.8
2025-10-29,P0568,E01012,8.8
2025-10-29,P0591,E00998,8.8
2025-10-29,P0610,E01044,8.8
2025-10-29,P0628,E00889,8.8
2025-10-29,P0704,E01027,8.8
2025-10-30,P0024,E01049,8.8
2025-10-30,P0075,E01026,8.8
2025-10-30,P0080,E00988,8.8
2025-10-30,P0092,E01023,8.8
2025-10-30,P0101,E00904,8.8
2025-10-30,P0118,E00873,8.8
2025-10-30,P0120,E01024,4.4
2025-10-30,P0174,E01050,8.8
2025-10-30,P0175,E00940,8.8
2025-10-30,P0194,E01007,8.8
2025-10-30,P0230,E01060,8.8
2025-10-30,P0259,E00980,8.8
2025-10-30,P0262,E00985,4.4
2025-10-30,P0264,E00960,8.8
2025-10-30,P0285,E00967,8.8
2025-10-30,P0287,E01056,8.8
2025-10-30,P0298,E01057,8.8
2025-10-30,P0314,E01061,8.8
2025-10-30,P0325,E01051,8.8
2025-10-30,P0365,E00914,8.8
2025-10-30,P0371,E00867,8.8
2025-10-30,P0382,E01052,8.8
2025-10-30,P0399,E00875,8.8
2025-10-30,P0405,E01037,8.8
2025-10-30,P0418,E01058,8.8
2025-10-30,P0425,E01053,8.8
2025-10-30,P0439,E01062,8.8
2025-10-30,P0476,E01039,8.8
2025-10-30,P0527,E01031,8.8
2025-10-30,P0530,E01043,8.8
2025-10-30,P0553,E01032,8.8
2025-10-30,P0555,E00968,8.8
2025-10-30,P0568,E01012,8.8
2025-10-30,P0591,E00998,8.8
2025-10-30,P0610,E01044,8.8
2025-10-30,P0628,E00889,8.8
2025-10-30,P0630,E01063,8.8
2025-10-30,P0706,E01064,8.8
2025-10-31,P0024,E01049,8.8
2025-10-31,P0039,E01065,8.8
2025-10-31,P0075,E01026,8.8
2025-10-31,P0080,E00988,8.8
2025-10-31,P0092,E01023,8.8
2025-10-31,P0101,E00904,8.8
2025-10-31,P0118,E00873,8.8
2025-10-31,P0120,E01024,4.4
2025-10-31,P0174,E01050,8.8
2025-10-31,P0175,E00940,8.8
2025-10-31,P0194,E01007,8.8
2025-10-31,P0230,E01060,8.8
2025-10-31,P0259,E00980,8.8
2025-10-31,P0262,E00985,4.4
2025-10-31,P0264,E00960,8.8
2025-10-31,P0285,E00967,8.8
2025-10-31,P0287,E01056,8.8
2025-10-31,P0298,E01057,8.8
2025-10-31,P0314,E01061,8.8
2025-10-31,P0325,E01051,8.8
2025-10-31,P0365,E00914,8.8
2025-10-31,P0371,E00867,8.8
2025-10-31,P0382,E01052,8.8
2025-10-31,P0399,E00875,8.8
2025-10-31,P0405,E01037,8.8
2025-10-31,P0413,E01066,8.8
2025-10-31,P0418,E01058,8.8
2025-10-31,P0425,E01053,8.8
2025-10-31,P0439,E01062,8.8
2025-10-31,P0476,E01039,8.8
2025-10-31,P0515,E01067,8.8
2025-10-31,P0527,E01031,8.8
2025-10-31,P0530,E01043,8.8
2025-10-31,P0555,E00968,8.8
2025-10-31,P0568,E01012,8.8
2025-10-31,P0570,E01068,8.8
2025-10-31,P0591,E00998,8.8
2025-10-31,P0610,E01044,8.8
2025-10-31,P0628,E00889,8.8
2025-10-31,P0705,E01069,8.8
2025-10-31,P0706,E01064,8.8
2025-11-03,P0039,E01065,8.8
2025-11-03,P0075,E01026,8.8
2025-11-03,P0092,E01023,8.8
2025-11-03,P0101,E00904,8.8
2025-11-03,P0118,E00873,8.8
2025-11-03,P0120,E01024,4.4
2025-11-03,P0174,E01050,8.8
2025-11-03,P0175,E00940,8.8
2025-11-03,P0194,E01007,8.8
2025-11-03,P0230,E01060,8.8
2025-11-03,P0257,E01070,8.8
2025-11-03,P0259,E00980,8.8
2025-11-03,P0262,E00985,4.4
2025-11-03,P0264,E00960,8.8
2025-11-03,P0285,E00967,8.8
2025-11-03,P0287,E01056,8.8
2025-11-03,P0298,E01057,8.8
2025-11-03,P0314,E01061,8.8
2025-11-03,P0323,E01071,4.4
2025-11-03,P0325,E01051,8.8
2025-11-03,P0365,E00914,8.8
2025-11-03,P0371,E00867,8.8
2025-11-03,P0382,E01052,8.8
2025-11-03,P0399,E00875,8.8
2025-11-03,P0425,E01053,8.8
2025-11-03,P0439,E01062,8.8
2025-11-03,P0490,E01072,8.8
2025-11-03,P0515,E01067,8.8
2025-11-03,P0527,E01031,8.8
2025-11-03,P0530,E01043,8.8
2025-11-03,P0555,E00968,8.8
2025-11-03,P0591,E00998,8.8
2025-11-03,P0610,E01044,8.8
2025-11-03,P0621,E01073,8.8
2025-11-03,P0623,E01074,8.8
2025-11-03,P0628,E00889,8.8
2025-11-03,P0705,E01069,8.8
2025-11-03,P0706,E01064,8.8
2025-11-04,P0039,E01065,8.8
2025-11-04,P0075,E01026,8.8
2025-11-04,P0092,E01023,8.8
2025-11-04,P0118,E00873,8.8
2025-11-04,P0120,E01024,4.4
2025-11-04,P0174,E01050,8.8
2025-11-04,P0175,E00940,8.8
2025-11-04,P0194,E01007,8.8
2025-11-04,P0251,E01075,8.8
2025-11-04,P0257,E01070,8.8
2025-11-04,P0259,E00980,8.8
2025-11-04,P0262,E00985,4.4
2025-11-04,P0264,E00960,8.8
2025-11-04,P0285,E00967,8.8
2025-11-04,P0287,E01056,8.8
2025-11-04,P0298,E01057,8.8
2025-11-04,P0314,E01061,8.8
2025-11-04,P0325,E01051,8.8
2025-11-04,P0365,E00914,8.8
2025-11-04,P0371,E00867,8.8
2025-11-04,P0382,E01052,8.8
2025-11-04,P0399,E00875,8.8
2025-11-04,P0425,E01053,8.8
2025-11-04,P0439,E01062,8.8
2025-11-04,P0456,E01076,8.8
2025-11-04,P0468,E01077,8.8
2025-11-04,P0515,E01067,8.8
2025-11-04,P0527,E01031,8.8
2025-11-04,P0530,E01043,8.8
2025-11-04,P0555,E00968,8.8
2025-11-04,P0576,E01078,8.8
2025-11-04,P0591,E00998,8.8
2025-11-04,P0610,E01044,8.8
2025-11-04,P0621,E01073,8.8
2025-11-04,P0623,E01074,8.8
2025-11-04,P0628,E00889,8.8
2025-11-04,P0705,E01069,8.8
2025-11-04,P0706,E01064,8.8
2025-11-05,P0075,E01026,8.8
2025-11-05,P0091,E01079,8.8
2025-11-05,P0092,E01023,8.8
2025-11-05,P0118,E00873,8.8
2025-11-05,P0120,E01024,4.4
2025-11-05,P0174,E01050,8.8
2025-11-05,P0175,E00940,8.8
2025-11-05,P0194,E01007,8.8
2025-11-05,P0251,E01075,8.8
2025-11-05,P0257,E01070,8.8
2025-11-05,P0259,E00980,8.8
2025-11-05,P0262,E00985,4.4
2025-11-05,P0264,E00960,8.8
2025-11-05,P0285,E00967,8.8
2025-11-05,P0287,E01056,8.8
2025-11-05,P0298,E01057,8.8
2025-11-05,P0325,E01051,8.8
2025-11-05,P0365,E00914,8.8
2025-11-05,P0371,E00867,8.8
2025-11-05,P0382,E01052,8.8
2025-11-05,P0399,E00875,8.8
2025-11-05,P0425,E01053,8.8
2025-11-05,P0439,E01062,8.8
2025-11-05,P0456,E01076,8.8
2025-11-05,P0468,E01077,8.8
2025-11-05,P0515,E01067,8.8
2025-11-05,P0527,E01031,8.8
2025-11-05,P0530,E01043,8.8
2025-11-05,P0555,E00968,8.8
2025-11-05,P0576,E01078,8.8
2025-11-05,P0591,E00998,8.8
2025-11-05,P0610,E01044,8.8
2025-11-05,P0621,E01073,8.8
2025-11-05,P0623,E01074,8.8
2025-11-05,P0628,E00889,8.8
2025-11-05,P0678,E01080,4.4
2025-11-05,P0705,E01069,8.8
2025-11-05,P0706,E01064,8.8
2025-11-06,P0075,E01026,8.8
2025-11-06,P0091,E01079,8.8
2025-11-06,P0092,E01023,8.8
2025-11-06,P0118,E00873,8.8
2025-11-06,P0120,E01024,4.4
2025-11-06,P0174,E01050,8.8
2025-11-06,P0194,E01007,8.8
2025-11-06,P0211,E01081,8.8
2025-11-06,P0251,E01075,8.8
2025-11-06,P0257,E01070,8.8
2025-11-06,P0259,E00980,8.8
2025-11-06,P0260,E01082,8.8
2025-11-06,P0262,E00985,4.4
2025-11-06,P0264,E00960,8.8
2025-11-06,P0285,E00967,8.8
2025-11-06,P0287,E01056,8.8
2025-11-06,P0298,E01057,8.8
2025-11-06,P0325,E01051,8.8
2025-11-06,P0365,E00914,8.8
2025-11-06,P0371,E00867,8.8
2025-11-06,P0382,E01052,8.8
2025-11-06,P0399,E00875,8.8
2025-11-06,P0425,E01053,8.8
2025-11-06,P0439,E01062,8.8
2025-11-06,P0456,E01076,8.8
2025-11-06,P0468,E01077,8.8
2025-11-06,P0488,E01083,8.8
2025-11-06,P0515,E01067,8.8
2025-11-06,P0527,E01031,8.8
2025-11-06,P0530,E01043,8.8
2025-11-06,P0555,E00968,8.8
2025-11-06,P0576,E01078,8.8
2025-11-06,P0591,E00998,8.8
2025-11-06,P0610,E01044,8.8
2025-11-06,P0621,E01073,8.8
2025-11-06,P0623,E01074,8.8
2025-11-06,P0628,E00889,8.8
2025-11-06,P0678,E01080,4.4
2025-11-06,P0705,E01069,8.8
2025-11-07,P0022,E01084,8.8
2025-11-07,P0092,E01023,8.8
2025-11-07,P0118,E00873,8.8
2025-11-07,P0120,E01024,4.4
2025-11-07,P0161,E01085,8.8
2025-11-07,P0174,E01050,8.8
2025-11-07,P0194,E01007,8.8
2025-11-07,P0211,E01081,8.8
2025-11-07,P0248,E01086,8.8
2025-11-07,P0251,E01075,8.8
2025-11-07,P0257,E01070,8.8
2025-11-07,P0260,E01082,8.8
2025-11-07,P0262,E00985,4.4
2025-11-07,P0264,E00960,8.8
2025-11-07,P0285,E00967,8.8
2025-11-07,P0287,E01056,8.8
2025-11-07,P0325,E01051,8.8
2025-11-07,P0365,E00914,8.8
2025-11-07,P0371,E00867,8.8
2025-11-07,P0382,E01052,8.8
2025-11-07,P0399,E00875,8.8
2025-11-07,P0425,E01053,8.8
2025-11-07,P0437,E01087,8.8
2025-11-07,P0439,E01062,8.8
2025-11-07,P0456,E01076,8.8
2025-11-07,P0468,E01077,8.8
2025-11-07,P0488,E01083,8.8
2025-11-07,P0515,E01067,8.8
2025-11-07,P0527,E01031,8.8
2025-11-07,P0530,E01043,8.8
2025-11-07,P0555,E00968,8.8
2025-11-07,P0576,E01078,8.8
2025-11-07,P0591,E00998,8.8
2025-11-07,P0610,E01044,8.8
2025-11-07,P0621,E01073,8.8
2025-11-07,P0623,E01074,8.8
2025-11-07,P0628,E00889,8.8
2025-11-07,P0705,E01069,8.8
2025-11-10,P0022,E01084,8.8
2025-11-10,P0082,E01088,8.8
2025-11-10,P0092,E01023,8.8
2025-11-10,P0098,E01089,8.8
2025-11-10,P0118,E00873,8.8
2025-11-10,P0120,E01024,4.4
2025-11-10,P0157,E01090,8.8
2025-11-10,P0174,E01050,8.8
2025-11-10,P0194,E01007,8.8
2025-11-10,P0211,E01081,8.8
2025-11-10,P0248,E01086,8.8
2025-11-10,P0251,E01075,8.8
2025-11-10,P0257,E01070,8.8
2025-11-10,P0260,E01082,8.8
2025-11-10,P0262,E00985,4.4
2025-11-10,P0264,E00960,8.8
2025-11-10,P0285,E00967,8.8
2025-11-10,P0365,E00914,8.8
2025-11-10,P0371,E00867,8.8
2025-11-10,P0382,E01052,8.8
2025-11-10,P0399,E00875,8.8
2025-11-10,P0439,E01062,8.8
2025-11-10,P0456,E01076,8.8
2025-11-10,P0468,E01077,8.8
2025-11-10,P0488,E01083,8.8
2025-11-10,P0515,E01067,8.8
2025-11-10,P0527,E01031,8.8
2025-11-10,P0530,E01043,8.8
2025-11-10,P0555,E00968,8.8
2025-11-10,P0576,E01078,8.8
2025-11-10,P0591,E00998,8.8
2025-11-10,P0610,E01044,8.8
2025-11-10,P0621,E01073,8.8
2025-11-10,P0628,E00889,8.8
2025-11-10,P0705,E01069,8.8
2025-11-11,P0075,E01091,8.8
2025-11-11,P0082,E01088,8.8
2025-11-11,P0092,E01023,8.8
2025-11-11,P0098,E01089,8.8
2025-11-11,P0118,E00873,8.8
2025-11-11,P0120,E01024,4.4
2025-11-11,P0157,E01090,8.8
2025-11-11,P0174,E01050,8.8
2025-11-11,P0194,E01007,8.8
2025-11-11,P0211,E01081,8.8
2025-11-11,P0248,E01086,8.8
2025-11-11,P0251,E01075,8.8
2025-11-11,P0257,E01070,8.8
2025-11-11,P0260,E01082,8.8
2025-11-11,P0262,E00985,4.4
2025-11-11,P0264,E00960,8.8
2025-11-11,P0285,E00967,8.8
2025-11-11,P0365,E00914,8.8
2025-11-11,P0371,E00867,8.8
2025-11-11,P0399,E00875,8.8
2025-11-11,P0437,E01092,8.8
2025-11-11,P0439,E01062,8.8
2025-11-11,P0456,E01076,8.8
2025-11-11,P0468,E01077,8.8
2025-11-11,P0476,E01093,8.8
2025-11-11,P0488,E01083,8.8
2025-11-11,P0515,E01067,8.8
2025-11-11,P0530,E01043,8.8
2025-11-11,P0555,E00968,8.8
2025-11-11,P0576,E01078,8.8
2025-11-11,P0591,E00998,8.8
2025-11-11,P0610,E01044,8.8
2025-11-11,P0621,E01073,8.8
2025-11-11,P0628,E00889,8.8
2025-11-11,P0705,E01069,8.8
2025-11-12,P0001,E01094,8.8
2025-11-12,P0075,E01091,8.8
2025-11-12,P0092,E01023,8.8
2025-11-12,P0118,E00873,8.8
2025-11-12,P0120,E01024,4.4
2025-11-12,P0157,E01090,8.8
2025-11-12,P0174,E01050,8.8
2025-11-12,P0180,E01095,8.8
2025-11-12,P0194,E01007,8.8
2025-11-12,P0211,E01081,8.8
2025-11-12,P0248,E01086,8.8
2025-11-12,P0251,E01075,8.8
2025-11-12,P0257,E01070,8.8
2025-11-12,P0262,E00985,4.4
2025-11-12,P0264,E00960,8.8
2025-11-12,P0285,E00967,8.8
2025-11-12,P0365,E00914,8.8
2025-11-12,P0371,E00867,8.8
2025-11-12,P0399,E00875,8.8
2025-11-12,P0419,E01096,8.8
2025-11-12,P0437,E01092,8.8
2025-11-12,P0456,E01076,8.8
2025-11-12,P0468,E01077,8.8
2025-11-12,P0488,E01083,8.8
2025-11-12,P0490,E01097,8.8
2025-11-12,P0515,E01067,8.8
2025-11-12,P0516,E01098,8.8
2025-11-12,P0527,E01099,8.8
2025-11-12,P0530,E01043,8.8
2025-11-12,P0555,E00968,8.8
2025-11-12,P0591,E00998,8.8
2025-11-12,P0610,E01044,8.8
2025-11-12,P0621,E01073,8.8
2025-11-12,P0627,E01100,4.4
2025-11-12,P0628,E00889,8.8
2025-11-12,P0678,E01101,4.4
2025-11-12,P0700,E01102,8.8
2025-11-12,P0702,E01103,8.8
2025-11-12,P0705,E01069,8.8
2025-11-13,P0001,E01094,8.8
2025-11-13,P0075,E01091,8.8
2025-11-13,P0092,E01023,8.8
2025-11-13,P0118,E00873,8.8
2025-11-13,P0120,E01024,4.4
2025-11-13,P0157,E01090,8.8
2025-11-13,P0174,E01050,8.8
2025-11-13,P0180,E01095,8.8
2025-11-13,P0194,E01007,8.8
2025-11-13,P0211,E01081,8.8
2025-11-13,P0251,E01075,8.8
2025-11-13,P0257,E01070,8.8
2025-11-13,P0262,E00985,4.4
2025-11-13,P0264,E00960,8.8
2025-11-13,P0285,E00967,8.8
2025-11-13,P0311,E01104,8.8
2025-11-13,P0365,E00914,8.8
2025-11-13,P0371,E00867,8.8
2025-11-13,P0377,E01105,8.8
2025-11-13,P0399,E00875,8.8
2025-11-13,P0419,E01096,8.8
2025-11-13,P0429,E01106,8.8
2025-11-13,P0437,E01092,8.8
2025-11-13,P0451,E01107,8.8
2025-11-13,P0456,E01076,8.8
2025-11-13,P0468,E01077,8.8
2025-11-13,P0488,E01083,8.8
2025-11-13,P0490,E01097,8.8
2025-11-13,P0515,E01067,8.8
2025-11-13,P0516,E01098,8.8
2025-11-13,P0527,E01099,8.8
2025-11-13,P0530,E01043,8.8
2025-11-13,P0546,E01108,8.8
2025-11-13,P0555,E00968,8.8
2025-11-13,P0591,E00998,8.8
2025-11-13,P0610,E01044,8.8
2025-11-13,P0621,E01073,8.8
2025-11-13,P0627,E01100,4.4
2025-11-13,P0628,E00889,8.8
2025-11-13,P0678,E01101,4.4
2025-11-13,P0700,E01102,8.8
2025-11-13,P0702,E01103,8.8
2025-11-13,P0705,E01069,8.8
2025-11-14,P0075,E01091,8.8
2025-11-14,P0092,E01023,8.8
2025-11-14,P0118,E00873,8.8
2025-11-14,P0120,E01024,4.4
2025-11-14,P0157,E01090,8.8
2025-11-14,P0174,E01050,8.8
2025-11-14,P0180,E01095,8.8
2025-11-14,P0194,E01007,8.8
2025-11-14,P0211,E01081,8.8
2025-11-14,P0251,E01075,8.8
2025-11-14,P0257,E01070,8.8
2025-11-14,P0262,E00985,4.4
2025-11-14,P0264,E00960,8.8
2025-11-14,P0285,E00967,8.8
2025-11-14,P0311,E01104,8.8
2025-11-14,P0357,E01109,8.8
2025-11-14,P0365,E00914,8.8
2025-11-14,P0370,E01110,8.8
2025-11-14,P0371,E00867,8.8
2025-11-14,P0377,E01105,8.8
2025-11-14,P0399,E00875,8.8
2025-11-14,P0419,E01096,8.8
2025-11-14,P0429,E01106,8.8
2025-11-14,P0437,E01092,8.8
2025-11-14,P0451,E01107,8.8
2025-11-14,P0456,E01076,8.8
2025-11-14,P0468,E01077,8.8
2025-11-14,P0488,E01083,8.8
2025-11-14,P0515,E01067,8.8
2025-11-14,P0527,E01099,8.8
2025-11-14,P0530,E01043,8.8
2025-11-14,P0546,E01108,8.8
2025-11-14,P0555,E00968,8.8
2025-11-14,P0569,E01111,8.8
2025-11-14,P0591,E00998,8.8
2025-11-14,P0610,E01044,8.8
2025-11-14,P0621,E01073,8.8
2025-11-14,P0627,E01100,4.4
2025-11-14,P0628,E00889,8.8
2025-11-14,P0678,E01101,4.4
2025-11-14,P0700,E01102,8.8
2025-11-14,P0702,E01103,8.8
2025-11-14,P0705,E01069,8.8
2025-11-17,P0026,E01112,8.8
2025-11-17,P0036,E01113,8.8
2025-11-17,P0075,E01091,8.8
2025-11-17,P0092,E01023,8.8
2025-11-17,P0118,E00873,8.8
2025-11-17,P0120,E01024,4.4
2025-11-17,P0157,E01090,8.8
2025-11-17,P0174,E01050,8.8
2025-11-17,P0194,E01007,8.8
2025-11-17,P0211,E01081,8.8
2025-11-17,P0251,E01075,8.8
2025-11-17,P0257,E01070,8.8
2025-11-17,P0262,E00985,4.4
2025-11-17,P0264,E00960,8.8
2025-11-17,P0281,E01114,8.8
2025-11-17,P0285,E00967,8.8
2025-11-17,P0311,E01104,8.8
2025-11-17,P0314,E01115,8.8
2025-11-17,P0357,E01109,8.8
2025-11-17,P0365,E00914,8.8
2025-11-17,P0371,E00867,8.8
2025-11-17,P0377,E01105,8.8
2025-11-17,P0399,E00875,8.8
2025-11-17,P0415,E01116,8.8
2025-11-17,P0419,E01096,8.8
2025-11-17,P0429,E01106,8.8
2025-11-17,P0437,E01092,8.8
2025-11-17,P0451,E01107,8.8
2025-11-17,P0456,E01076,8.8
2025-11-17,P0464,E01117,8.8
2025-11-17,P0488,E01083,8.8
2025-11-17,P0515,E01067,8.8
2025-11-17,P0520,E01118,8.8
2025-11-17,P0522,E01119,8.8
2025-11-17,P0527,E01099,8.8
2025-11-17,P0530,E01043,8.8
2025-11-17,P0546,E01108,8.8
2025-11-17,P0555,E00968,8.8
2025-11-17,P0569,E01111,8.8
2025-11-17,P0591,E00998,8.8
2025-11-17,P0600,E01120,8.8
2025-11-17,P0610,E01044,8.8
2025-11-17,P0621,E01073,8.8
2025-11-17,P0627,E01100,4.4
2025-11-17,P0628,E00889,8.8
2025-11-17,P0678,E01101,4.4
2025-11-17,P0702,E01103,8.8
2025-11-17,P0705,E01069,8.8
2025-11-18,P0026,E01112,8.8
2025-11-18,P0036,E01113,8.8
2025-11-18,P0075,E01091,8.8
2025-11-18,P0092,E01023,8.8
2025-11-18,P0118,E00873,8.8
2025-11-18,P0120,E01024,4.4
2025-11-18,P0157,E01090,8.8
2025-11-18,P0194,E01007,8.8
2025-11-18,P0211,E01081,8.8
2025-11-18,P0251,E01075,8.8
2025-11-18,P0257,E01070,8.8
2025-11-18,P0264,E00960,8.8
2025-11-18,P0281,E01114,8.8
2025-11-18,P0285,E00967,8.8
2025-11-18,P0311,E01104,8.8
2025-11-18,P0314,E01115,8.8
2025-11-18,P0319,E01121,8.8
2025-11-18,P0357,E01109,8.8
2025-11-18,P0365,E00914,8.8
2025-11-18,P0371,E00867,8.8
2025-11-18,P0377,E01105,8.8
2025-11-18,P0384,E01122,8.8
2025-11-18,P0399,E00875,8.8
2025-11-18,P0415,E01116,8.8
2025-11-18,P0419,E01096,8.8
2025-11-18,P0437,E01092,8.8
2025-11-18,P0451,E01107,8.8
2025-11-18,P0456,E01076,8.8
2025-11-18,P0464,E01117,8.8
2025-11-18,P0488,E01083,8.8
2025-11-18,P0502,E01123,8.8
2025-11-18,P0515,E01067,8.8
2025-11-18,P0520,E01118,8.8
2025-11-18,P0522,E01119,8.8
2025-11-18,P0527,E01099,8.8
2025-11-18,P0530,E01043,8.8
2025-11-18,P0546,E01108,8.8
2025-11-18,P0555,E00968,8.8
2025-11-18,P0569,E01111,8.8
2025-11-18,P0591,E00998,8.8
2025-11-18,P0600,E01120,8.8
2025-11-18,P0610,E01044,8.8
2025-11-18,P0621,E01073,8.8
2025-11-18,P0628,E00889,8.8
2025-11-18,P0678,E01101,4.4
2025-11-18,P0693,E01124,8.8
2025-11-18,P0702,E01103,8.8
2025-11-18,P0705,E01069,8.8
2025-11-18,P0714,E01125,8.8
2025-11-19,P0026,E01112,8.8
2025-11-19,P0036,E01113,8.8
2025-11-19,P0075,E01091,8.8
2025-11-19,P0092,E01023,8.8
2025-11-19,P0118,E00873,8.8
2025-11-19,P0120,E01024,4.4
2025-11-19,P0157,E01090,8.8
2025-11-19,P0194,E01007,8.8
2025-11-19,P0211,E01081,8.8
2025-11-19,P0251,E01075,8.8
2025-11-19,P0257,E01070,8.8
2025-11-19,P0264,E00960,8.8
2025-11-19,P0281,E01114,8.8
2025-11-19,P0285,E00967,8.8
2025-11-19,P0311,E01104,8.8
2025-11-19,P0314,E01115,8.8
2025-11-19,P0319,E01121,8.8
2025-11-19,P0357,E01109,8.8
2025-11-19,P0365,E00914,8.8
2025-11-19,P0371,E00867,8.8
2025-11-19,P0377,E01105,8.8
2025-11-19,P0384,E01122,8.8
2025-11-19,P0399,E00875,8.8
2025-11-19,P0415,E01116,8.8
2025-11-19,P0419,E01096,8.8
2025-11-19,P0451,E01107,8.8
2025-11-19,P0456,E01076,8.8
2025-11-19,P0464,E01117,8.8
2025-11-19,P0488,E01083,8.8
2025-11-19,P0496,E01126,8.8
2025-11-19,P0502,E01123,8.8
2025-11-19,P0515,E01067,8.8
2025-11-19,P0520,E01118,8.8
2025-11-19,P0522,E01119,8.8
2025-11-19,P0527,E01099,8.8
2025-11-19,P0530,E01043,8.8
2025-11-19,P0546,E01108,8.8
2025-11-19,P0555,E00968,8.8
2025-11-19,P0569,E01111,8.8
2025-11-19,P0580,E01127,8.8
2025-11-19,P0591,E00998,8.8
2025-11-19,P0600,E01120,8.8
2025-11-19,P0602,E01128,8.8
2025-11-19,P0610,E01044,8.8
2025-11-19,P0621,E01073,8.8
2025-11-19,P0628,E00889,8.8
2025-11-19,P0642,E01129,8.8
2025-11-19,P0678,E01101,4.4
2025-11-19,P0693,E01124,8.8
2025-11-19,P0702,E01103,8.8
2025-11-19,P0705,E01069,8.8
2025-11-20,P0026,E01112,8.8
2025-11-20,P0028,E01130,8.8
2025-11-20,P0086,E01131,8.8
2025-11-20,P0092,E01023,8.8
2025-11-20,P0118,E00873,8.8
2025-11-20,P0120,E01024,4.4
2025-11-20,P0157,E01090,8.8
2025-11-20,P0186,E01132,8.8
2025-11-20,P0194,E01007,8.8
2025-11-20,P0211,E01081,8.8
2025-11-20,P0251,E01075,8.8
2025-11-20,P0257,E01070,8.8
2025-11-20,P0264,E00960,8.8
2025-11-20,P0311,E01104,8.8
2025-11-20,P0314,E01115,8.8
2025-11-20,P0319,E01121,8.8
2025-11-20,P0357,E01109,8.8
2025-11-20,P0365,E00914,8.8
2025-11-20,P0371,E00867,8.8
2025-11-20,P0377,E01105,8.8
2025-11-20,P0384,E01122,8.8
2025-11-20,P0399,E00875,8.8
2025-11-20,P0415,E01116,8.8
2025-11-20,P0419,E01096,8.8
2025-11-20,P0451,E01107,8.8
2025-11-20,P0456,E01076,8.8
2025-11-20,P0488,E01083,8.8
2025-11-20,P0496,E01126,8.8
2025-11-20,P0520,E01118,8.8
2025-11-20,P0522,E01119,8.8
2025-11-20,P0527,E01099,8.8
2025-11-20,P0530,E01043,8.8
2025-11-20,P0546,E01108,8.8
2025-11-20,P0555,E00968,8.8
2025-11-20,P0569,E01111,8.8
2025-11-20,P0580,E01127,8.8
2025-11-20,P0591,E00998,8.8
2025-11-20,P0600,E01120,8.8
2025-11-20,P0602,E01128,8.8
2025-11-20,P0604,E01133,8.8
2025-11-20,P0610,E01044,8.8
2025-11-20,P0621,E01073,8.8
2025-11-20,P0628,E00889,8.8
2025-11-20,P0656,E01134,8.8
2025-11-20,P0678,E01101,4.4
2025-11-20,P0693,E01124,8.8
2025-11-20,P0704,E01135,8.8
2025-11-20,P0705,E01069,8.8
2025-11-21,P0026,E01112,8.8
2025-11-21,P0086,E01131,8.8
2025-11-21,P0092,E01023,8.8
2025-11-21,P0118,E00873,8.8
2025-11-21,P0120,E01024,4.4
2025-11-21,P0128,E01136,8.8
2025-11-21,P0186,E01132,8.8
2025-11-21,P0194,E01007,8.8
2025-11-21,P0211,E01081,8.8
2025-11-21,P0251,E01075,8.8
2025-11-21,P0257,E01070,8.8
2025-11-21,P0264,E00960,8.8
2025-11-21,P0311,E01104,8.8
2025-11-21,P0314,E01115,8.8
2025-11-21,P0319,E01121,8.8
2025-11-21,P0357,E01109,8.8
2025-11-21,P0365,E00914,8.8
2025-11-21,P0371,E00867,8.8
2025-11-21,P0377,E01105,8.8
2025-11-21,P0384,E01122,8.8
2025-11-21,P0399,E00875,8.8
2025-11-21,P0415,E01116,8.8
2025-11-21,P0419,E01096,8.8
2025-11-21,P0451,E01107,8.8
2025-11-21,P0456,E01076,8.8
2025-11-21,P0488,E01083,8.8
2025-11-21,P0496,E01126,8.8
2025-11-21,P0520,E01118,8.8
2025-11-21,P0522,E01119,8.8
2025-11-21,P0527,E01099,8.8
2025-11-21,P0530,E01043,8.8
2025-11-21,P0555,E00968,8.8
2025-11-21,P0561,E01137,8.8
2025-11-21,P0569,E01111,8.8
2025-11-21,P0591,E00998,8.8
2025-11-21,P0598,E01138,8.8
2025-11-21,P0600,E01120,8.8
2025-11-21,P0602,E01128,8.8
2025-11-21,P0610,E01044,8.8
2025-11-21,P0621,E01073,8.8
2025-11-21,P0628,E00889,8.8
2025-11-21,P0639,E01139,8.8
2025-11-21,P0656,E01134,8.8
2025-11-21,P0678,E01101,4.4
2025-11-21,P0693,E01124,8.8
2025-11-21,P0705,E01069,8.8
2025-11-24,P0086,E01131,8.8
2025-11-24,P0092,E01023,8.8
2025-11-24,P0098,E01140,8.8
2025-11-24,P0118,E00873,8.8
2025-11-24,P0120,E01024,4.4
2025-11-24,P0162,E01141,8.8
2025-11-24,P0186,E01132,8.8
2025-11-24,P0194,E01007,8.8
2025-11-24,P0211,E01081,8.8
2025-11-24,P0251,E01075,8.8
2025-11-24,P0257,E01070,8.8
2025-11-24,P0264,E00960,8.8
2025-11-24,P0311,E01104,8.8
2025-11-24,P0314,E01115,8.8
2025-11-24,P0319,E01121,8.8
2025-11-24,P0323,E01142,4.4
2025-11-24,P0357,E01109,8.8
2025-11-24,P0358,E01143,8.8
2025-11-24,P0365,E00914,8.8
2025-11-24,P0371,E00867,8.8
2025-11-24,P0377,E01105,8.8
2025-11-24,P0384,E01122,8.8
2025-11-24,P0399,E00875,8.8
2025-11-24,P0415,E01116,8.8
2025-11-24,P0419,E01096,8.8
2025-11-24,P0451,E01107,8.8
2025-11-24,P0468,E01144,8.8
2025-11-24,P0488,E01083,8.8
2025-11-24,P0496,E01126,8.8
2025-11-24,P0520,E01118,8.8
2025-11-24,P0527,E01099,8.8
2025-11-24,P0530,E01043,8.8
2025-11-24,P0555,E00968,8.8
2025-11-24,P0561,E01137,8.8
2025-11-24,P0569,E01111,8.8
2025-11-24,P0591,E00998,8.8
2025-11-24,P0600,E01120,8.8
2025-11-24,P0602,E01128,8.8
2025-11-24,P0610,E01044,8.8
2025-11-24,P0621,E01073,8.8
2025-11-24,P0628,E00889,8.8
2025-11-24,P0639,E01139,8.8
2025-11-24,P0656,E01134,8.8
2025-11-24,P0678,E01101,4.4
2025-11-24,P0693,E01124,8.8
2025-11-24,P0705,E01069,8.8
2025-11-25,P0086,E01131,8.8
2025-11-25,P0092,E01023,8.8
2025-11-25,P0118,E00873,8.8
2025-11-25,P0120,E01024,4.4
2025-11-25,P0162,E01141,8.8
2025-11-25,P0186,E01132,8.8
2025-11-25,P0194,E01007,8.8
2025-11-25,P0211,E01081,8.8
2025-11-25,P0251,E01075,8.8
2025-11-25,P0257,E01070,8.8
2025-11-25,P0264,E00960,8.8
2025-11-25,P0311,E01104,8.8
2025-11-25,P0314,E01115,8.8
2025-11-25,P0319,E01121,8.8
2025-11-25,P0323,E01142,4.4
2025-11-25,P0324,E01145,8.8
2025-11-25,P0330,E01146,8.8
2025-11-25,P0357,E01109,8.8
2025-11-25,P0358,E01143,8.8
2025-11-25,P0365,E00914,8.8
2025-11-25,P0371,E00867,8.8
2025-11-25,P0377,E01105,8.8
2025-11-25,P0399,E00875,8.8
2025-11-25,P0419,E01096,8.8
2025-11-25,P0426,E01147,8.8
2025-11-25,P0451,E01107,8.8
2025-11-25,P0488,E01083,8.8
2025-11-25,P0496,E01126,8.8
2025-11-25,P0520,E01118,8.8
2025-11-25,P0527,E01099,8.8
2025-11-25,P0555,E00968,8.8
2025-11-25,P0569,E01111,8.8
2025-11-25,P0591,E00998,8.8
2025-11-25,P0602,E01128,8.8
2025-11-25,P0610,E01044,8.8
2025-11-25,P0621,E01073,8.8
2025-11-25,P0628,E00889,8.8
2025-11-25,P0639,E01139,8.8
2025-11-25,P0656,E01134,8.8
2025-11-25,P0678,E01101,4.4
2025-11-25,P0693,E01124,8.8
2025-11-25,P0705,E01069,8.8
2025-11-26,P0023,E01148,4.4
2025-11-26,P0086,E01131,8.8
2025-11-26,P0092,E01023,8.8
2025-11-26,P0116,E01149,8.8
2025-11-26,P0118,E00873,8.8
2025-11-26,P0120,E01024,4.4
2025-11-26,P0162,E01141,8.8
2025-11-26,P0186,E01132,8.8
2025-11-26,P0211,E01081,8.8
2025-11-26,P0251,E01075,8.8
2025-11-26,P0257,E01070,8.8
2025-11-26,P0264,E00960,8.8
2025-11-26,P0311,E01104,8.8
2025-11-26,P0314,E01115,8.8
2025-11-26,P0324,E01145,8.8
2025-11-26,P0330,E01146,8.8
2025-11-26,P0357,E01109,8.8
2025-11-26,P0358,E01143,8.8
2025-11-26,P0365,E00914,8.8
2025-11-26,P0371,E00867,8.8
2025-11-26,P0377,E01105,8.8
2025-11-26,P0399,E00875,8.8
2025-11-26,P0413,E01150,8.8
2025-11-26,P0419,E01096,8.8
2025-11-26,P0451,E01107,8.8
2025-11-26,P0456,E01151,8.8
2025-11-26,P0488,E01083,8.8
2025-11-26,P0496,E01126,8.8
2025-11-26,P0519,E01152,4.4
2025-11-26,P0520,E01118,8.8
2025-11-26,P0527,E01099,8.8
2025-11-26,P0555,E00968,8.8
2025-11-26,P0569,E01111,8.8
2025-11-26,P0591,E00998,8.8
2025-11-26,P0610,E01044,8.8
2025-11-26,P0621,E01073,8.8
2025-11-26,P0628,E00889,8.8
2025-11-26,P0639,E01139,8.8
2025-11-26,P0656,E01134,8.8
2025-11-26,P0678,E01101,4.4
2025-11-26,P0693,E01124,8.8
2025-11-26,P0705,E01069,8.8
2025-11-27,P0011,E01153,8.8
2025-11-27,P0086,E01131,8.8
2025-11-27,P0092,E01023,8.8
2025-11-27,P0116,E01149,8.8
2025-11-27,P0118,E00873,8.8
2025-11-27,P0120,E01024,4.4
2025-11-27,P0155,E01154,8.8
2025-11-27,P0186,E01132,8.8
2025-11-27,P0251,E01075,8.8
2025-11-27,P0257,E01070,8.8
2025-11-27,P0264,E00960,8.8
2025-11-27,P0311,E01104,8.8
2025-11-27,P0314,E01115,8.8
2025-11-27,P0319,E01155,8.8
2025-11-27,P0330,E01146,8.8
2025-11-27,P0357,E01109,8.8
2025-11-27,P0365,E00914,8.8
2025-11-27,P0371,E00867,8.8
2025-11-27,P0377,E01105,8.8
2025-11-27,P0399,E00875,8.8
2025-11-27,P0413,E01150,8.8
2025-11-27,P0451,E01107,8.8
2025-11-27,P0456,E01151,8.8
2025-11-27,P0488,E01083,8.8
2025-11-27,P0496,E01126,8.8
2025-11-27,P0519,E01152,4.4
2025-11-27,P0520,E01118,8.8
2025-11-27,P0524,E01156,8.8
2025-11-27,P0527,E01099,8.8
2025-11-27,P0555,E00968,8.8
2025-11-27,P0591,E00998,8.8
2025-11-27,P0621,E01073,8.8
2025-11-27,P0628,E00889,8.8
2025-11-27,P0639,E01139,8.8
2025-11-27,P0655,E01157,8.8
2025-11-27,P0656,E01134,8.8
2025-11-27,P0678,E01101,4.4
2025-11-27,P0693,E01124,8.8
2025-11-27,P0702,E01158,8.8
2025-11-27,P0705,E01069,8.8
2025-11-28,P0011,E01153,8.8
2025-11-28,P0086,E01131,8.8
2025-11-28,P0092,E01023,8.8
2025-11-28,P0116,E01149,8.8
2025-11-28,P0118,E00873,8.8
2025-11-28,P0120,E01024,4.4
2025-11-28,P0155,E01154,8.8
2025-11-28,P0170,E01159,8.8
2025-11-28,P0174,E01160,8.8
2025-11-28,P0186,E01132,8.8
2025-11-28,P0251,E01075,8.8
2025-11-28,P0257,E01070,8.8
2025-11-28,P0264,E00960,8.8
2025-11-28,P0311,E01104,8.8
2025-11-28,P0314,E01115,8.8
2025-11-28,P0319,E01155,8.8
2025-11-28,P0357,E01109,8.8
2025-11-28,P0365,E00914,8.8
2025-11-28,P0371,E00867,8.8
2025-11-28,P0377,E01105,8.8
2025-11-28,P0399,E00875,8.8
2025-11-28,P0413,E01150,8.8
2025-11-28,P0451,E01107,8.8
2025-11-28,P0456,E01151,8.8
2025-11-28,P0488,E01083,8.8
2025-11-28,P0496,E01126,8.8
2025-11-28,P0519,E01152,4.4
2025-11-28,P0520,E01118,8.8
2025-11-28,P0524,E01156,8.8
2025-11-28,P0527,E01099,8.8
2025-11-28,P0555,E00968,8.8
2025-11-28,P0591,E00998,8.8
2025-11-28,P0621,E01073,8.8
2025-11-28,P0628,E00889,8.8
2025-11-28,P0630,E01161,8.8
2025-11-28,P0639,E01139,8.8
2025-11-28,P0641,E01162,8.8
2025-11-28,P0655,E01157,8.8
2025-11-28,P0656,E01134,8.8
2025-11-28,P0678,E01101,4.4
2025-11-28,P0693,E01124,8.8
2025-11-28,P0702,E01158,8.8
2025-11-28,P0705,E01069,8.8
2025-12-01,P0011,E01153,8.8
2025-12-01,P0086,E01131,8.8
2025-12-01,P0092,E01023,8.8
2025-12-01,P0116,E01149,8.8
2025-12-01,P0118,E00873,8.8
2025-12-01,P0120,E01024,4.4
2025-12-01,P0127,E01163,8.8
2025-12-01,P0155,E01154,8.8
2025-12-01,P0170,E01159,8.8
2025-12-01,P0186,E01132,8.8
2025-12-01,P0208,E01164,8.8
2025-12-01,P0251,E01075,8.8
2025-12-01,P0257,E01070,8.8
2025-12-01,P0264,E00960,8.8
2025-12-01,P0311,E01104,8.8
2025-12-01,P0314,E01115,8.8
2025-12-01,P0319,E01155,8.8
2025-12-01,P0339,E01165,8.8
2025-12-01,P0357,E01109,8.8
2025-12-01,P0365,E00914,8.8
2025-12-01,P0371,E00867,8.8
2025-12-01,P0377,E01105,8.8
2025-12-01,P0399,E00875,8.8
2025-12-01,P0413,E01150,8.8
2025-12-01,P0451,E01107,8.8
2025-12-01,P0488,E01083,8.8
2025-12-01,P0496,E01126,8.8
2025-12-01,P0519,E01152,4.4
2025-12-01,P0520,E01118,8.8
2025-12-01,P0524,E01156,8.8
2025-12-01,P0527,E01099,8.8
2025-12-01,P0555,E00968,8.8
2025-12-01,P0591,E00998,8.8
2025-12-01,P0602,E01166,8.8
2025-12-01,P0621,E01073,8.8
2025-12-01,P0628,E00889,8.8
2025-12-01,P0639,E01139,8.8
2025-12-01,P0641,E01162,8.8
2025-12-01,P0655,E01157,8.8
2025-12-01,P0656,E01134,8.8
2025-12-01,P0678,E01101,4.4
2025-12-01,P0693,E01124,8.8
2025-12-01,P0702,E01158,8.8
2025-12-01,P0705,E01069,8.8
2025-12-02,P0060,E01167,8.8
2025-12-02,P0086,E01131,8.8
2025-12-02,P0092,E01023,8.8
2025-12-02,P0118,E00873,8.8
2025-12-02,P0120,E01024,4.4
2025-12-02,P0127,E01163,8.8
2025-12-02,P0155,E01154,8.8
2025-12-02,P0170,E01159,8.8
2025-12-02,P0186,E01132,8.8
2025-12-02,P0192,E01168,4.4
2025-12-02,P0208,E01164,8.8
2025-12-02,P0214,E01169,8.8
2025-12-02,P0251,E01075,8.8
2025-12-02,P0257,E01070,8.8
2025-12-02,P0264,E00960,8.8
2025-12-02,P0311,E01104,8.8
2025-12-02,P0314,E01115,8.8
2025-12-02,P0319,E01155,8.8
2025-12-02,P0339,E01165,8.8
2025-12-02,P0342,E01170,4.4
2025-12-02,P0357,E01109,8.8
2025-12-02,P0365,E00914,8.8
2025-12-02,P0371,E00867,8.8
2025-12-02,P0377,E01105,8.8
2025-12-02,P0399,E00875,8.8
2025-12-02,P0413,E01150,8.8
2025-12-02,P0451,E01107,8.8
2025-12-02,P0488,E01083,8.8
2025-12-02,P0490,E01171,8.8
2025-12-02,P0496,E01126,8.8
2025-12-02,P0519,E01152,4.4
2025-12-02,P0520,E01118,8.8
2025-12-02,P0524,E01156,8.8
2025-12-02,P0527,E01099,8.8
2025-12-02,P0555,E00968,8.8
2025-12-02,P0591,E00998,8.8
2025-12-02,P0621,E01073,8.8
2025-12-02,P0628,E00889,8.8
2025-12-02,P0639,E01139,8.8
2025-12-02,P0646,E01172,8.8
2025-12-02,P0655,E01157,8.8
2025-12-02,P0656,E01134,8.8
2025-12-02,P0678,E01101,4.4
2025-12-02,P0693,E01124,8.8
2025-12-02,P0702,E01158,8.8
2025-12-02,P0705,E01069,8.8
2025-12-03,P0086,E01131,8.8
2025-12-03,P0092,E01023,8.8
2025-12-03,P0118,E00873,8.8
2025-12-03,P0120,E01024,4.4
2025-12-03,P0127,E01163,8.8
2025-12-03,P0155,E01154,8.8
2025-12-03,P0170,E01159,8.8
2025-12-03,P0186,E01132,8.8
2025-12-03,P0208,E01164,8.8
2025-12-03,P0218,E01173,8.8
2025-12-03,P0227,E01174,8.8
2025-12-03,P0251,E01075,8.8
2025-12-03,P0257,E01070,8.8
2025-12-03,P0264,E00960,8.8
2025-12-03,P0311,E01104,8.8
2025-12-03,P0314,E01115,8.8
2025-12-03,P0319,E01155,8.8
2025-12-03,P0339,E01165,8.8
2025-12-03,P0342,E01170,4.4
2025-12-03,P0357,E01109,8.8
2025-12-03,P0365,E00914,8.8
2025-12-03,P0371,E00867,8.8
2025-12-03,P0377,E01105,8.8
2025-12-03,P0399,E00875,8.8
2025-12-03,P0413,E01150,8.8
2025-12-03,P0451,E01107,8.8
2025-12-03,P0496,E01126,8.8
2025-12-03,P0519,E01152,4.4
2025-12-03,P0520,E01118,8.8
2025-12-03,P0522,E01175,8.8
2025-12-03,P0524,E01156,8.8
2025-12-03,P0527,E01099,8.8
2025-12-03,P0555,E00968,8.8
2025-12-03,P0591,E00998,8.8
2025-12-03,P0621,E01073,8.8
2025-12-03,P0628,E00889,8.8
2025-12-03,P0639,E01139,8.8
2025-12-03,P0646,E01172,8.8
2025-12-03,P0655,E01157,8.8
2025-12-03,P0656,E01134,8.8
2025-12-03,P0678,E01101,4.4
2025-12-03,P0693,E01124,8.8
2025-12-03,P0702,E01158,8.8
2025-12-03,P0705,E01069,8.8
2025-12-04,P0092,E01023,8.8
2025-12-04,P0118,E00873,8.8
2025-12-04,P0120,E01024,4.4
2025-12-04,P0127,E01163,8.8
2025-12-04,P0155,E01154,8.8
2025-12-04,P0157,E01176,8.8
2025-12-04,P0170,E01159,8.8
2025-12-04,P0186,E01132,8.8
2025-12-04,P0208,E01164,8.8
2025-12-04,P0227,E01174,8.8
2025-12-04,P0251,E01075,8.8
2025-12-04,P0257,E01070,8.8
2025-12-04,P0264,E00960,8.8
2025-12-04,P0311,E01104,8.8
2025-12-04,P0314,E01115,8.8
2025-12-04,P0317,E01177,8.8
2025-12-04,P0319,E01155,8.8
2025-12-04,P0339,E01165,8.8
2025-12-04,P0342,E01170,4.4
2025-12-04,P0357,E01109,8.8
2025-12-04,P0365,E00914,8.8
2025-12-04,P0371,E00867,8.8
2025-12-04,P0377,E01105,8.8
2025-12-04,P0399,E00875,8.8
2025-12-04,P0413,E01150,8.8
2025-12-04,P0451,E01107,8.8
2025-12-04,P0496,E01126,8.8
2025-12-04,P0502,E01178,8.8
2025-12-04,P0520,E01118,8.8
2025-12-04,P0522,E01175,8.8
2025-12-04,P0524,E01156,8.8
2025-12-04,P0527,E01099,8.8
2025-12-04,P0555,E00968,8.8
2025-12-04,P0591,E00998,8.8
2025-12-04,P0615,E01179,8.8
2025-12-04,P0621,E01073,8.8
2025-12-04,P0628,E00889,8.8
2025-12-04,P0639,E01139,8.8
2025-12-04,P0646,E01172,8.8
2025-12-04,P0655,E01157,8.8
2025-12-04,P0656,E01134,8.8
2025-12-04,P0678,E01101,4.4
2025-12-04,P0693,E01124,8.8
2025-12-04,P0701,E01180,8.8
2025-12-04,P0705,E01069,8.8
2025-12-05,P0092,E01023,8.8
2025-12-05,P0108,E01181,8.8
2025-12-05,P0118,E00873,8.8
2025-12-05,P0120,E01024,4.4
2025-12-05,P0122,E01182,8.8
2025-12-05,P0127,E01163,8.8
2025-12-05,P0155,E01154,8.8
2025-12-05,P0157,E01176,8.8
2025-12-05,P0170,E01159,8.8
2025-12-05,P0186,E01132,8.8
2025-12-05,P0208,E01164,8.8
2025-12-05,P0227,E01174,8.8
2025-12-05,P0251,E01075,8.8
2025-12-05,P0257,E01070,8.8
2025-12-05,P0264,E00960,8.8
2025-12-05,P0302,E01183,8.8
2025-12-05,P0311,E01104,8.8
2025-12-05,P0314,E01115,8.8
2025-12-05,P0319,E01155,8.8
2025-12-05,P0339,E01165,8.8
2025-12-05,P0342,E01170,4.4
2025-12-05,P0365,E00914,8.8
2025-12-05,P0371,E00867,8.8
2025-12-05,P0377,E01105,8.8
2025-12-05,P0399,E00875,8.8
2025-12-05,P0413,E01150,8.8
2025-12-05,P0451,E01107,8.8
2025-12-05,P0490,E01184,8.8
2025-12-05,P0496,E01126,8.8
2025-12-05,P0502,E01178,8.8
2025-12-05,P0520,E01118,8.8
2025-12-05,P0524,E01156,8.8
2025-12-05,P0527,E01099,8.8
2025-12-05,P0555,E00968,8.8
2025-12-05,P0591,E00998,8.8
2025-12-05,P0615,E01179,8.8
2025-12-05,P0621,E01073,8.8
2025-12-05,P0628,E00889,8.8
2025-12-05,P0639,E01139,8.8
2025-12-05,P0641,E01185,8.8
2025-12-05,P0646,E01172,8.8
2025-12-05,P0655,E01157,8.8
2025-12-05,P0656,E01134,8.8
2025-12-05,P0678,E01101,4.4
2025-12-05,P0700,E01186,8.8
2025-12-05,P0705,E01069,8.8
2025-12-08,P0092,E01023,8.8
2025-12-08,P0108,E01181,8.8
2025-12-08,P0118,E00873,8.8
2025-12-08,P0120,E01024,4.4
2025-12-08,P0122,E01182,8.8
2025-12-08,P0127,E01163,8.8
2025-12-08,P0155,E01154,8.8
2025-12-08,P0157,E01176,8.8
2025-12-08,P0174,E01187,8.8
2025-12-08,P0186,E01132,8.8
2025-12-08,P0208,E01164,8.8
2025-12-08,P0227,E01174,8.8
2025-12-08,P0251,E01075,8.8
2025-12-08,P0257,E01070,8.8
2025-12-08,P0264,E00960,8.8
2025-12-08,P0291,E01188,4.4
2025-12-08,P0302,E01183,8.8
2025-12-08,P0311,E01104,8.8
2025-12-08,P0314,E01115,8.8
2025-12-08,P0319,E01155,8.8
2025-12-08,P0337,E01189,8.8
2025-12-08,P0342,E01170,4.4
2025-12-08,P0371,E00867,8.8
2025-12-08,P0377,E01105,8.8
2025-12-08,P0399,E00875,8.8
2025-12-08,P0413,E01150,8.8
2025-12-08,P0423,E01190,8.8
2025-12-08,P0490,E01184,8.8
2025-12-08,P0496,E01126,8.8
2025-12-08,P0502,E01178,8.8
2025-12-08,P0520,E01118,8.8
2025-12-08,P0524,E01156,8.8
2025-12-08,P0527,E01099,8.8
2025-12-08,P0555,E00968,8.8
2025-12-08,P0591,E00998,8.8
2025-12-08,P0621,E01073,8.8
2025-12-08,P0641,E01185,8.8
2025-12-08,P0646,E01172,8.8
2025-12-08,P0655,E01157,8.8
2025-12-08,P0656,E01134,8.8
2025-12-08,P0678,E01101,4.4
2025-12-08,P0700,E01186,8.8
2025-12-08,P0701,E01191,8.8
2025-12-08,P0705,E01069,8.8
2025-12-09,P0077,E01192,8.8
2025-12-09,P0081,E01193,4.4
2025-12-09,P0092,E01023,8.8
2025-12-09,P0108,E01181,8.8
2025-12-09,P0118,E00873,8.8
2025-12-09,P0120,E01024,4.4
2025-12-09,P0122,E01182,8.8
2025-12-09,P0127,E01163,8.8
2025-12-09,P0155,E01154,8.8
2025-12-09,P0157,E01176,8.8
2025-12-09,P0174,E01187,8.8
2025-12-09,P0186,E01132,8.8
2025-12-09,P0208,E01164,8.8
2025-12-09,P0221,E01194,8.8
2025-12-09,P0227,E01174,8.8
2025-12-09,P0251,E01075,8.8
2025-12-09,P0257,E01070,8.8
2025-12-09,P0264,E00960,8.8
2025-12-09,P0302,E01183,8.8
2025-12-09,P0311,E01104,8.8
2025-12-09,P0314,E01115,8.8
2025-12-09,P0319,E01195,8.8
2025-12-09,P0342,E01170,4.4
2025-12-09,P0371,E00867,8.8
2025-12-09,P0377,E01105,8.8
2025-12-09,P0399,E00875,8.8
2025-12-09,P0413,E01150,8.8
2025-12-09,P0425,E01196,8.8
2025-12-09,P0490,E01184,8.8
2025-12-09,P0496,E01126,8.8
2025-12-09,P0502,E01178,8.8
2025-12-09,P0506,E01197,8.8
2025-12-09,P0520,E01118,8.8
2025-12-09,P0524,E01156,8.8
2025-12-09,P0527,E01099,8.8
2025-12-09,P0555,E00968,8.8
2025-12-09,P0591,E00998,8.8
2025-12-09,P0596,E01198,8.8
2025-12-09,P0621,E01073,8.8
2025-12-09,P0641,E01185,8.8
2025-12-09,P0646,E01172,8.8
2025-12-09,P0656,E01134,8.8
2025-12-09,P0678,E01101,4.4
2025-12-09,P0700,E01186,8.8
2025-12-09,P0701,E01191,8.8
2025-12-09,P0705,E01069,8.8
2025-12-10,P0023,E01199,4.4
2025-12-10,P0077,E01192,8.8
2025-12-10,P0081,E01193,4.4
2025-12-10,P0092,E01023,8.8
2025-12-10,P0108,E01181,8.8
2025-12-10,P0118,E00873,8.8
2025-12-10,P0120,E01024,4.4
2025-12-10,P0122,E01182,8.8
2025-12-10,P0127,E01163,8.8
2025-12-10,P0128,E01200,8.8
2025-12-10,P0155,E01154,8.8
2025-12-10,P0157,E01176,8.8
2025-12-10,P0174,E01187,8.8
2025-12-10,P0186,E01132,8.8
2025-12-10,P0208,E01164,8.8
2025-12-10,P0221,E01194,8.8
2025-12-10,P0227,E01174,8.8
2025-12-10,P0251,E01075,8.8
2025-12-10,P0257,E01070,8.8
2025-12-10,P0264,E00960,8.8
2025-12-10,P0302,E01183,8.8
2025-12-10,P0311,E01104,8.8
2025-12-10,P0314,E01115,8.8
2025-12-10,P0319,E01195,8.8
2025-12-10,P0342,E01170,4.4
2025-12-10,P0371,E00867,8.8
2025-12-10,P0377,E01105,8.8
2025-12-10,P0399,E00875,8.8
2025-12-10,P0413,E01150,8.8
2025-12-10,P0490,E01184,8.8
2025-12-10,P0496,E01126,8.8
2025-12-10,P0502,E01178,8.8
2025-12-10,P0506,E01197,8.8
2025-12-10,P0515,E01201,8.8
2025-12-10,P0520,E01118,8.8
2025-12-10,P0524,E01156,8.8
2025-12-10,P0527,E01099,8.8
2025-12-10,P0555,E00968,8.8
2025-12-10,P0591,E00998,8.8
2025-12-10,P0641,E01185,8.8
2025-12-10,P0646,E01172,8.8
2025-12-10,P0656,E01134,8.8
2025-12-10,P0657,E01202,8.8
2025-12-10,P0678,E01101,4.4
2025-12-10,P0700,E01203,8.8
2025-12-10,P0701,E01191,8.8
2025-12-10,P0705,E01069,8.8
2025-12-11,P0023,E01199,4.4
2025-12-11,P0077,E01192,8.8
2025-12-11,P0081,E01193,4.4
2025-12-11,P0092,E01023,8.8
2025-12-11,P0108,E01181,8.8
2025-12-11,P0118,E00873,8.8
2025-12-11,P0120,E01024,4.4
2025-12-11,P0122,E01182,8.8
2025-12-11,P0127,E01163,8.8
2025-12-11,P0128,E01200,8.8
2025-12-11,P0155,E01154,8.8
2025-12-11,P0157,E01176,8.8
2025-12-11,P0174,E01187,8.8
2025-12-11,P0186,E01132,8.8
2025-12-11,P0208,E01164,8.8
2025-12-11,P0221,E01194,8.8
2025-12-11,P0227,E01174,8.8
2025-12-11,P0251,E01075,8.8
2025-12-11,P0257,E01070,8.8
2025-12-11,P0264,E00960,8.8
2025-12-11,P0302,E01183,8.8
2025-12-11,P0311,E01104,8.8
2025-12-11,P0314,E01115,8.8
2025-12-11,P0319,E01195,8.8
2025-12-11,P0326,E01204,8.8
2025-12-11,P0342,E01170,4.4
2025-12-11,P0348,E01205,8.8
2025-12-11,P0371,E00867,8.8
2025-12-11,P0377,E01105,8.8
2025-12-11,P0384,E01206,8.8
2025-12-11,P0399,E00875,8.8
2025-12-11,P0413,E01150,8.8
2025-12-11,P0490,E01184,8.8
2025-12-11,P0496,E01126,8.8
2025-12-11,P0502,E01178,8.8
2025-12-11,P0506,E01197,8.8
2025-12-11,P0515,E01201,8.8
2025-12-11,P0520,E01118,8.8
2025-12-11,P0524,E01156,8.8
2025-12-11,P0527,E01099,8.8
2025-12-11,P0555,E00968,8.8
2025-12-11,P0583,E01207,8.8
2025-12-11,P0591,E00998,8.8
2025-12-11,P0641,E01185,8.8
2025-12-11,P0646,E01172,8.8
2025-12-11,P0656,E01134,8.8
2025-12-11,P0657,E01202,8.8
2025-12-11,P0678,E01101,4.4
2025-12-11,P0704,E01208,8.8
2025-12-11,P0705,E01069,8.8
2025-12-12,P0023,E01199,4.4
2025-12-12,P0077,E01192,8.8
2025-12-12,P0081,E01193,4.4
2025-12-12,P0092,E01023,8.8
2025-12-12,P0108,E01181,8.8
2025-12-12,P0118,E00873,8.8
2025-12-12,P0122,E01182,8.8
2025-12-12,P0127,E01163,8.8
2025-12-12,P0128,E01200,8.8
2025-12-12,P0155,E01154,8.8
2025-12-12,P0157,E01176,8.8
2025-12-12,P0174,E01187,8.8
2025-12-12,P0186,E01132,8.8
2025-12-12,P0205,E01209,8.8
2025-12-12,P0208,E01164,8.8
2025-12-12,P0221,E01194,8.8
2025-12-12,P0227,E01174,8.8
2025-12-12,P0251,E01075,8.8
2025-12-12,P0257,E01070,8.8
2025-12-12,P0264,E00960,8.8
2025-12-12,P0302,E01183,8.8
2025-12-12,P0311,E01104,8.8
2025-12-12,P0314,E01115,8.8
2025-12-12,P0319,E01195,8.8
2025-12-12,P0342,E01170,4.4
2025-12-12,P0348,E01205,8.8
2025-12-12,P0371,E00867,8.8
2025-12-12,P0377,E01105,8.8
2025-12-12,P0399,E00875,8.8
2025-12-12,P0413,E01150,8.8
2025-12-12,P0490,E01184,8.8
2025-12-12,P0496,E01126,8.8
2025-12-12,P0502,E01178,8.8
2025-12-12,P0506,E01197,8.8
2025-12-12,P0515,E01201,8.8
2025-12-12,P0518,E01210,8.8
2025-12-12,P0520,E01118,8.8
2025-12-12,P0524,E01156,8.8
2025-12-12,P0527,E01099,8.8
2025-12-12,P0555,E00968,8.8
2025-12-12,P0583,E01207,8.8
2025-12-12,P0591,E00998,8.8
2025-12-12,P0641,E01185,8.8
2025-12-12,P0646,E01172,8.8
2025-12-12,P0656,E01134,8.8
2025-12-12,P0678,E01101,4.4
2025-12-12,P0705,E01069,8.8
2025-12-15,P0023,E01199,4.4
2025-12-15,P0077,E01192,8.8
2025-12-15,P0092,E01023,8.8
2025-12-15,P0108,E01181,8.8
2025-12-15,P0118,E00873,8.8
2025-12-15,P0122,E01182,8.8
2025-12-15,P0127,E01163,8.8
2025-12-15,P0155,E01154,8.8
2025-12-15,P0157,E01176,8.8
2025-12-15,P0186,E01132,8.8
2025-12-15,P0208,E01164,8.8
2025-12-15,P0221,E01194,8.8
2025-12-15,P0227,E01174,8.8
2025-12-15,P0248,E01211,8.8
2025-12-15,P0251,E01075,8.8
2025-12-15,P0257,E01070,8.8
2025-12-15,P0302,E01183,8.8
2025-12-15,P0311,E01104,8.8
2025-12-15,P0314,E01115,8.8
2025-12-15,P0319,E01195,8.8
2025-12-15,P0342,E01170,4.4
2025-12-15,P0371,E00867,8.8
2025-12-15,P0377,E01105,8.8
2025-12-15,P0399,E00875,8.8
2025-12-15,P0413,E01150,8.8
2025-12-15,P0454,E01212,8.8
2025-12-15,P0490,E01184,8.8
2025-12-15,P0496,E01126,8.8
2025-12-15,P0502,E01178,8.8
2025-12-15,P0506,E01197,8.8
2025-12-15,P0515,E01201,8.8
2025-12-15,P0520,E01118,8.8
2025-12-15,P0524,E01156,8.8
2025-12-15,P0527,E01099,8.8
2025-12-15,P0555,E00968,8.8
2025-12-15,P0561,E01213,8.8
2025-12-15,P0583,E01207,8.8
2025-12-15,P0591,E00998,8.8
2025-12-15,P0641,E01185,8.8
2025-12-15,P0646,E01172,8.8
2025-12-15,P0656,E01134,8.8
2025-12-15,P0678,E01101,4.4
2025-12-15,P0705,E01069,8.8
2025-12-16,P0023,E01199,4.4
2025-12-16,P0077,E01192,8.8
2025-12-16,P0092,E01023,8.8
2025-12-16,P0108,E01181,8.8
2025-12-16,P0118,E00873,8.8
2025-12-16,P0122,E01182,8.8
2025-12-16,P0127,E01163,8.8
2025-12-16,P0155,E01154,8.8
2025-12-16,P0157,E01176,8.8
2025-12-16,P0186,E01132,8.8
2025-12-16,P0208,E01164,8.8
2025-12-16,P0221,E01194,8.8
2025-12-16,P0227,E01174,8.8
2025-12-16,P0248,E01211,8.8
2025-12-16,P0251,E01075,8.8
2025-12-16,P0257,E01070,8.8
2025-12-16,P0311,E01104,8.8
2025-12-16,P0314,E01115,8.8
2025-12-16,P0319,E01195,8.8
2025-12-16,P0342,E01170,4.4
2025-12-16,P0371,E00867,8.8
2025-12-16,P0377,E01105,8.8
2025-12-16,P0399,E00875,8.8
2025-12-16,P0413,E01150,8.8
2025-12-16,P0454,E01212,8.8
2025-12-16,P0490,E01184,8.8
2025-12-16,P0496,E01126,8.8
2025-12-16,P0502,E01178,8.8
2025-12-16,P0506,E01197,8.8
2025-12-16,P0520,E01118,8.8
2025-12-16,P0524,E01156,8.8
2025-12-16,P0527,E01099,8.8
2025-12-16,P0555,E00968,8.8
2025-12-16,P0561,E01213,8.8
2025-12-16,P0583,E01207,8.8
2025-12-16,P0591,E00998,8.8
2025-12-16,P0641,E01185,8.8
2025-12-16,P0646,E01172,8.8
2025-12-16,P0656,E01134,8.8
2025-12-16,P0678,E01101,4.4
2025-12-16,P0716,E01214,8.8
2025-12-17,P0023,E01199,4.4
2025-12-17,P0060,E01215,8.8
2025-12-17,P0077,E01192,8.8
2025-12-17,P0092,E01023,8.8
2025-12-17,P0108,E01181,8.8
2025-12-17,P0118,E00873,8.8
2025-12-17,P0122,E01182,8.8
2025-12-17,P0127,E01163,8.8
2025-12-17,P0155,E01154,8.8
2025-12-17,P0157,E01176,8.8
2025-12-17,P0186,E01132,8.8
2025-12-17,P0208,E01164,8.8
2025-12-17,P0221,E01194,8.8
2025-12-17,P0248,E01211,8.8
2025-12-17,P0251,E01075,8.8
2025-12-17,P0257,E01070,8.8
2025-12-17,P0311,E01104,8.8
2025-12-17,P0314,E01115,8.8
2025-12-17,P0319,E01195,8.8
2025-12-17,P0342,E01170,4.4
2025-12-17,P0371,E00867,8.8
2025-12-17,P0377,E01105,8.8
2025-12-17,P0399,E00875,8.8
2025-12-17,P0413,E01150,8.8
2025-12-17,P0451,E01216,8.8
2025-12-17,P0490,E01184,8.8
2025-12-17,P0496,E01126,8.8
2025-12-17,P0502,E01178,8.8
2025-12-17,P0506,E01197,8.8
2025-12-17,P0520,E01118,8.8
2025-12-17,P0524,E01156,8.8
2025-12-17,P0527,E01099,8.8
2025-12-17,P0555,E00968,8.8
2025-12-17,P0561,E01213,8.8
2025-12-17,P0583,E01207,8.8
2025-12-17,P0591,E00998,8.8
2025-12-17,P0641,E01185,8.8
2025-12-17,P0646,E01172,8.8
2025-12-17,P0656,E01134,8.8
2025-12-17,P0716,E01214,8.8
2025-12-18,P0023,E01199,4.4
2025-12-18,P0060,E01215,8.8
2025-12-18,P0077,E01192,8.8
2025-12-18,P0092,E01023,8.8
2025-12-18,P0108,E01181,8.8
2025-12-18,P0118,E00873,8.8
2025-12-18,P0122,E01182,8.8
2025-12-18,P0127,E01163,8.8
2025-12-18,P0155,E01154,8.8
2025-12-18,P0157,E01176,8.8
2025-12-18,P0186,E01132,8.8
2025-12-18,P0208,E01164,8.8
2025-12-18,P0221,E01194,8.8
2025-12-18,P0248,E01211,8.8
2025-12-18,P0251,E01075,8.8
2025-12-18,P0257,E01070,8.8
2025-12-18,P0314,E01115,8.8
2025-12-18,P0319,E01195,8.8
2025-12-18,P0342,E01170,4.4
2025-12-18,P0371,E00867,8.8
2025-12-18,P0377,E01105,8.8
2025-12-18,P0386,E01217,8.8
2025-12-18,P0413,E01150,8.8
2025-12-18,P0422,E01218,8.8
2025-12-18,P0451,E01216,8.8
2025-12-18,P0490,E01184,8.8
2025-12-18,P0496,E01126,8.8
2025-12-18,P0502,E01178,8.8
2025-12-18,P0506,E01197,8.8
2025-12-18,P0520,E01118,8.8
2025-12-18,P0524,E01156,8.8
2025-12-18,P0527,E01099,8.8
2025-12-18,P0532,E01219,8.8
2025-12-18,P0555,E00968,8.8
2025-12-18,P0561,E01213,8.8
2025-12-18,P0583,E01207,8.8
2025-12-18,P0591,E00998,8.8
2025-12-18,P0628,E01220,8.8
2025-12-18,P0641,E01185,8.8
2025-12-18,P0646,E01172,8.8
2025-12-18,P0656,E01134,8.8
2025-12-18,P0716,E01214,8.8
2025-12-19,P0029,E01221,8.8
2025-12-19,P0060,E01215,8.8
2025-12-19,P0077,E01192,8.8
2025-12-19,P0092,E01023,8.8
2025-12-19,P0108,E01181,8.8
2025-12-19,P0118,E00873,8.8
2025-12-19,P0122,E01182,8.8
2025-12-19,P0127,E01163,8.8
2025-12-19,P0155,E01154,8.8
2025-12-19,P0157,E01176,8.8
2025-12-19,P0186,E01132,8.8
2025-12-19,P0221,E01194,8.8
2025-12-19,P0257,E01070,8.8
2025-12-19,P0314,E01115,8.8
2025-12-19,P0319,E01195,8.8
2025-12-19,P0342,E01170,4.4
2025-12-19,P0352,E01222,8.8
2025-12-19,P0371,E00867,8.8
2025-12-19,P0377,E01105,8.8
2025-12-19,P0386,E01217,8.8
2025-12-19,P0413,E01150,8.8
2025-12-19,P0422,E01218,8.8
2025-12-19,P0451,E01216,8.8
2025-12-19,P0490,E01184,8.8
2025-12-19,P0496,E01126,8.8
2025-12-19,P0502,E01178,8.8
2025-12-19,P0506,E01197,8.8
2025-12-19,P0520,E01118,8.8
2025-12-19,P0524,E01156,8.8
2025-12-19,P0527,E01099,8.8
2025-12-19,P0532,E01219,8.8
2025-12-19,P0555,E00968,8.8
2025-12-19,P0561,E01213,8.8
2025-12-19,P0583,E01207,8.8
2025-12-19,P0591,E00998,8.8
2025-12-19,P0628,E01220,8.8
2025-12-19,P0641,E01185,8.8
2025-12-19,P0646,E01172,8.8
2025-12-19,P0656,E01134,8.8
2025-12-19,P0716,E01214,8.8
2025-12-22,P0029,E01221,8.8
2025-12-22,P0060,E01215,8.8
2025-12-22,P0077,E01192,8.8
2025-12-22,P0092,E01023,8.8
2025-12-22,P0108,E01181,8.8
2025-12-22,P0118,E00873,8.8
2025-12-22,P0122,E01182,8.8
2025-12-22,P0127,E01163,8.8
2025-12-22,P0155,E01154,8.8
2025-12-22,P0157,E01176,8.8
2025-12-22,P0186,E01132,8.8
2025-12-22,P0314,E01115,8.8
2025-12-22,P0319,E01195,8.8
2025-12-22,P0342,E01170,4.4
2025-12-22,P0371,E00867,8.8
2025-12-22,P0377,E01105,8.8
2025-12-22,P0384,E01223,8.8
2025-12-22,P0386,E01217,8.8
2025-12-22,P0388,E01224,8.8
2025-12-22,P0422,E01218,8.8
2025-12-22,P0451,E01216,8.8
2025-12-22,P0490,E01184,8.8
2025-12-22,P0496,E01126,8.8
2025-12-22,P0502,E01178,8.8
2025-12-22,P0506,E01197,8.8
2025-12-22,P0520,E01118,8.8
2025-12-22,P0524,E01156,8.8
2025-12-22,P0527,E01099,8.8
2025-12-22,P0532,E01219,8.8
2025-12-22,P0555,E00968,8.8
2025-12-22,P0561,E01213,8.8
2025-12-22,P0564,E01225,8.8
2025-12-22,P0583,E01207,8.8
2025-12-22,P0591,E00998,8.8
2025-12-22,P0628,E01226,8.8
2025-12-22,P0641,E01185,8.8
2025-12-22,P0656,E01134,8.8
2025-12-22,P0685,E01227,4.4
2025-12-22,P0716,E01214,8.8
2025-12-23,P0060,E01215,8.8
2025-12-23,P0077,E01192,8.8
2025-12-23,P0092,E01023,8.8
2025-12-23,P0108,E01181,8.8
2025-12-23,P0118,E00873,8.8
2025-12-23,P0120,E01228,4.4
2025-12-23,P0122,E01182,8.8
2025-12-23,P0127,E01163,8.8
2025-12-23,P0155,E01154,8.8
2025-12-23,P0157,E01176,8.8
2025-12-23,P0186,E01132,8.8
2025-12-23,P0238,E01229,8.8
2025-12-23,P0314,E01115,8.8
2025-12-23,P0319,E01195,8.8
2025-12-23,P0371,E00867,8.8
2025-12-23,P0377,E01105,8.8
2025-12-23,P0384,E01223,8.8
2025-12-23,P0386,E01217,8.8
2025-12-23,P0418,E01230,8.8
2025-12-23,P0422,E01218,8.8
2025-12-23,P0451,E01216,8.8
2025-12-23,P0460,E01231,8.8
2025-12-23,P0476,E01232,8.8
2025-12-23,P0490,E01184,8.8
2025-12-23,P0496,E01126,8.8
2025-12-23,P0502,E01178,8.8
2025-12-23,P0506,E01233,8.8
2025-12-23,P0520,E01118,8.8
2025-12-23,P0527,E01099,8.8
2025-12-23,P0532,E01219,8.8
2025-12-23,P0555,E00968,8.8
2025-12-23,P0561,E01213,8.8
2025-12-23,P0591,E00998,8.8
2025-12-23,P0641,E01185,8.8
2025-12-23,P0656,E01134,8.8
2025-12-23,P0685,E01227,4.4
2025-12-23,P0716,E01214,8.8
2025-12-24,P0026,E01234,8.8
2025-12-24,P0060,E01215,8.8
2025-12-24,P0092,E01023,8.8
2025-12-24,P0108,E01181,8.8
2025-12-24,P0118,E00873,8.8
2025-12-24,P0120,E01228,4.4
2025-12-24,P0122,E01182,8.8
2025-12-24,P0127,E01163,8.8
2025-12-24,P0155,E01154,8.8
2025-12-24,P0157,E01176,8.8
2025-12-24,P0186,E01132,8.8
2025-12-24,P0238,E01229,8.8
2025-12-24,P0314,E01115,8.8
2025-12-24,P0319,E01195,8.8
2025-12-24,P0371,E00867,8.8
2025-12-24,P0377,E01105,8.8
2025-12-24,P0382,E01235,8.8
2025-12-24,P0384,E01223,8.8
2025-12-24,P0386,E01217,8.8
2025-12-24,P0418,E01230,8.8
2025-12-24,P0451,E01216,8.8
2025-12-24,P0460,E01231,8.8
2025-12-24,P0476,E01232,8.8
2025-12-24,P0496,E01126,8.8
2025-12-24,P0502,E01178,8.8
2025-12-24,P0520,E01118,8.8
2025-12-24,P0527,E01099,8.8
2025-12-24,P0532,E01219,8.8
2025-12-24,P0555,E00968,8.8
2025-12-24,P0561,E01213,8.8
2025-12-24,P0591,E00998,8.8
2025-12-24,P0641,E01185,8.8
2025-12-24,P0656,E01134,8.8
2025-12-24,P0685,E01227,4.4
2025-12-24,P0716,E01214,8.8
2025-12-25,P0026,E01234,8.8
2025-12-25,P0042,E01236,8.8
2025-12-25,P0060,E01215,8.8
2025-12-25,P0092,E01023,8.8
2025-12-25,P0094,E01237,8.8
2025-12-25,P0108,E01181,8.8
2025-12-25,P0118,E00873,8.8
2025-12-25,P0120,E01228,4.4
2025-12-25,P0122,E01182,8.8
2025-12-25,P0127,E01163,8.8
2025-12-25,P0155,E01154,8.8
2025-12-25,P0157,E01176,8.8
2025-12-25,P0186,E01132,8.8
2025-12-25,P0238,E01229,8.8
2025-12-25,P0314,E01115,8.8
2025-12-25,P0319,E01195,8.8
2025-12-25,P0326,E01238,8.8
2025-12-25,P0330,E01239,8.8
2025-12-25,P0371,E00867,8.8
2025-12-25,P0377,E01105,8.8
2025-12-25,P0382,E01235,8.8
2025-12-25,P0384,E01223,8.8
2025-12-25,P0386,E01217,8.8
2025-12-25,P0440,E01240,8.8
2025-12-25,P0460,E01231,8.8
2025-12-25,P0476,E01232,8.8
2025-12-25,P0496,E01126,8.8
2025-12-25,P0502,E01178,8.8
2025-12-25,P0520,E01118,8.8
2025-12-25,P0527,E01099,8.8
2025-12-25,P0555,E00968,8.8
2025-12-25,P0561,E01213,8.8
2025-12-25,P0591,E00998,8.8
2025-12-25,P0650,E01241,4.4
2025-12-25,P0656,E01134,8.8
2025-12-25,P0680,E01242,8.8
2025-12-25,P0685,E01227,4.4
2025-12-25,P0716,E01214,8.8
2025-12-26,P0026,E01234,8.8
2025-12-26,P0042,E01236,8.8
2025-12-26,P0060,E01215,8.8
2025-12-26,P0092,E01023,8.8
2025-12-26,P0094,E01237,8.8
2025-12-26,P0107,E01243,8.8
2025-12-26,P0108,E01181,8.8
2025-12-26,P0118,E00873,8.8
2025-12-26,P0120,E01228,4.4
2025-12-26,P0127,E01163,8.8
2025-12-26,P0157,E01176,8.8
2025-12-26,P0186,E01132,8.8
2025-12-26,P0226,E01244,8.8
2025-12-26,P0238,E01229,8.8
2025-12-26,P0314,E01115,8.8
2025-12-26,P0319,E01195,8.8
2025-12-26,P0330,E01239,8.8
2025-12-26,P0371,E00867,8.8
2025-12-26,P0377,E01105,8.8
2025-12-26,P0384,E01223,8.8
2025-12-26,P0386,E01217,8.8
2025-12-26,P0422,E01245,8.8
2025-12-26,P0440,E01240,8.8
2025-12-26,P0460,E01231,8.8
2025-12-26,P0496,E01126,8.8
2025-12-26,P0502,E01178,8.8
2025-12-26,P0520,E01118,8.8
2025-12-26,P0527,E01099,8.8
2025-12-26,P0555,E00968,8.8
2025-12-26,P0561,E01213,8.8
2025-12-26,P0591,E00998,8.8
2025-12-26,P0650,E01241,4.4
2025-12-26,P0656,E01134,8.8
2025-12-26,P0661,E01246,8.8
2025-12-26,P0685,E01227,4.4
2025-12-26,P0716,E01214,8.8
2025-12-29,P0026,E01234,8.8
2025-12-29,P0042,E01236,8.8
2025-12-29,P0060,E01215,8.8
2025-12-29,P0092,E01023,8.8
2025-12-29,P0107,E01243,8.8
2025-12-29,P0108,E01181,8.8
2025-12-29,P0118,E00873,8.8
2025-12-29,P0120,E01228,4.4
2025-12-29,P0124,E01247,4.4
2025-12-29,P0127,E01163,8.8
2025-12-29,P0140,E01248,8.8
2025-12-29,P0175,E01249,8.8
2025-12-29,P0186,E01132,8.8
2025-12-29,P0238,E01229,8.8
2025-12-29,P0314,E01115,8.8
2025-12-29,P0319,E01195,8.8
2025-12-29,P0324,E01250,8.8
2025-12-29,P0371,E00867,8.8
2025-12-29,P0382,E01251,8.8
2025-12-29,P0384,E01223,8.8
2025-12-29,P0386,E01217,8.8
2025-12-29,P0422,E01245,8.8
2025-12-29,P0440,E01240,8.8
2025-12-29,P0460,E01231,8.8
2025-12-29,P0496,E01126,8.8
2025-12-29,P0502,E01178,8.8
2025-12-29,P0520,E01118,8.8
2025-12-29,P0527,E01099,8.8
2025-12-29,P0555,E00968,8.8
2025-12-29,P0591,E00998,8.8
2025-12-29,P0650,E01241,4.4
2025-12-29,P0656,E01134,8.8
2025-12-29,P0661,E01246,8.8
2025-12-29,P0685,E01227,4.4
2025-12-29,P0708,E01252,8.8
2025-12-30,P0021,E01253,8.8
2025-12-30,P0026,E01234,8.8
2025-12-30,P0042,E01236,8.8
2025-12-30,P0060,E01215,8.8
2025-12-30,P0092,E01023,8.8
2025-12-30,P0107,E01243,8.8
2025-12-30,P0108,E01181,8.8
2025-12-30,P0118,E00873,8.8
2025-12-30,P0120,E01228,4.4
2025-12-30,P0124,E01247,4.4
2025-12-30,P0127,E01163,8.8
2025-12-30,P0174,E01254,8.8
2025-12-30,P0175,E01249,8.8
2025-12-30,P0186,E01132,8.8
2025-12-30,P0238,E01229,8.8
2025-12-30,P0314,E01115,8.8
2025-12-30,P0319,E01195,8.8
2025-12-30,P0371,E00867,8.8
2025-12-30,P0382,E01251,8.8
2025-12-30,P0384,E01223,8.8
2025-12-30,P0386,E01217,8.8
2025-12-30,P0422,E01245,8.8
2025-12-30,P0440,E01240,8.8
2025-12-30,P0460,E01231,8.8
2025-12-30,P0496,E01126,8.8
2025-12-30,P0502,E01178,8.8
2025-12-30,P0511,E01255,8.8
2025-12-30,P0520,E01118,8.8
2025-12-30,P0527,E01099,8.8
2025-12-30,P0555,E00968,8.8
2025-12-30,P0591,E00998,8.8
2025-12-30,P0628,E01256,8.8
2025-12-30,P0656,E01134,8.8
2025-12-30,P0661,E01246,8.8
2025-12-30,P0685,E01227,4.4
2025-12-30,P0708,E01252,8.8
2025-12-31,P0021,E01253,8.8
2025-12-31,P0026,E01234,8.8
2025-12-31,P0036,E01257,8.8
2025-12-31,P0042,E01236,8.8
2025-12-31,P0060,E01215,8.8
2025-12-31,P0092,E01023,8.8
2025-12-31,P0098,E01258,8.8
2025-12-31,P0107,E01243,8.8
2025-12-31,P0108,E01181,8.8
2025-12-31,P0118,E00873,8.8
2025-12-31,P0120,E01228,4.4
2025-12-31,P0124,E01247,4.4
2025-12-31,P0127,E01163,8.8
2025-12-31,P0174,E01254,8.8
2025-12-31,P0175,E01249,8.8
2025-12-31,P0186,E01132,8.8
2025-12-31,P0238,E01229,8.8
2025-12-31,P0314,E01115,8.8
2025-12-31,P0319,E01195,8.8
2025-12-31,P0326,E01259,8.8
2025-12-31,P0371,E00867,8.8
2025-12-31,P0382,E01251,8.8
2025-12-31,P0384,E01223,8.8
2025-12-31,P0386,E01217,8.8
2025-12-31,P0422,E01245,8.8
2025-12-31,P0440,E01240,8.8
2025-12-31,P0460,E01231,8.8
2025-12-31,P0496,E01126,8.8
2025-12-31,P0502,E01178,8.8
2025-12-31,P0520,E01118,8.8
2025-12-31,P0527,E01099,8.8
2025-12-31,P0555,E00968,8.8
2025-12-31,P0591,E00998,8.8
2025-12-31,P0628,E01256,8.8
2025-12-31,P0656,E01134,8.8
2025-12-31,P0661,E01246,8.8
2025-12-31,P0685,E01227,4.4
2025-12-31,P0708,E01252,8.8
2026-01-01,P0021,E01253,8.8
2026-01-01,P0026,E01234,8.8
2026-01-01,P0042,E01236,8.8
2026-01-01,P0060,E01215,8.8
2026-01-01,P0092,E01023,8.8
2026-01-01,P0098,E01258,8.8
2026-01-01,P0107,E01243,8.8
2026-01-01,P0108,E01181,8.8
2026-01-01,P0118,E00873,8.8
2026-01-01,P0120,E01228,4.4
2026-01-01,P0127,E01163,8.8
2026-01-01,P0174,E01254,8.8
2026-01-01,P0186,E01132,8.8
2026-01-01,P0238,E01229,8.8
2026-01-01,P0314,E01115,8.8
2026-01-01,P0319,E01260,8.8
2026-01-01,P0326,E01259,8.8
2026-01-01,P0371,E00867,8.8
2026-01-01,P0382,E01251,8.8
2026-01-01,P0384,E01223,8.8
2026-01-01,P0386,E01217,8.8
2026-01-01,P0422,E01245,8.8
2026-01-01,P0440,E01240,8.8
2026-01-01,P0460,E01231,8.8
2026-01-01,P0496,E01126,8.8
2026-01-01,P0502,E01178,8.8
2026-01-01,P0520,E01118,8.8
2026-01-01,P0527,E01099,8.8
2026-01-01,P0555,E00968,8.8
2026-01-01,P0561,E01261,8.8
2026-01-01,P0591,E00998,8.8
2026-01-01,P0628,E01256,8.8
2026-01-01,P0656,E01134,8.8
2026-01-01,P0661,E01246,8.8
2026-01-01,P0708,E01252,8.8
2026-01-02,P0021,E01253,8.8
2026-01-02,P0026,E01234,8.8
2026-01-02,P0042,E01236,8.8
2026-01-02,P0060,E01215,8.8
2026-01-02,P0092,E01023,8.8
2026-01-02,P0098,E01258,8.8
2026-01-02,P0107,E01243,8.8
2026-01-02,P0108,E01181,8.8
2026-01-02,P0118,E00873,8.8
2026-01-02,P0120,E01228,4.4
2026-01-02,P0127,E01163,8.8
2026-01-02,P0155,E01262,8.8
2026-01-02,P0174,E01254,8.8
2026-01-02,P0186,E01132,8.8
2026-01-02,P0238,E01229,8.8
2026-01-02,P0314,E01115,8.8
2026-01-02,P0371,E00867,8.8
2026-01-02,P0382,E01251,8.8
2026-01-02,P0384,E01223,8.8
2026-01-02,P0386,E01217,8.8
2026-01-02,P0422,E01245,8.8
2026-01-02,P0440,E01240,8.8
2026-01-02,P0460,E01231,8.8
2026-01-02,P0496,E01126,8.8
2026-01-02,P0502,E01178,8.8
2026-01-02,P0520,E01118,8.8
2026-01-02,P0527,E01099,8.8
2026-01-02,P0550,E01263,8.8
2026-01-02,P0555,E00968,8.8
2026-01-02,P0561,E01261,8.8
2026-01-02,P0570,E01264,8.8
2026-01-02,P0591,E00998,8.8
2026-01-02,P0628,E01256,8.8
2026-01-02,P0656,E01134,8.8
2026-01-02,P0661,E01246,8.8
2026-01-02,P0708,E01252,8.8
2026-01-05,P0011,E01265,8.8
2026-01-05,P0021,E01253,8.8
2026-01-05,P0026,E01234,8.8
2026-01-05,P0042,E01236,8.8
2026-01-05,P0060,E01215,8.8
2026-01-05,P0092,E01023,8.8
2026-01-05,P0098,E01258,8.8
2026-01-05,P0107,E01243,8.8
2026-01-05,P0108,E01181,8.8
2026-01-05,P0118,E00873,8.8
2026-01-05,P0120,E01228,4.4
2026-01-05,P0127,E01163,8.8
2026-01-05,P0154,E01266,8.8
2026-01-05,P0155,E01262,8.8
2026-01-05,P0174,E01254,8.8
2026-01-05,P0186,E01132,8.8
2026-01-05,P0238,E01229,8.8
2026-01-05,P0314,E01115,8.8
2026-01-05,P0371,E00867,8.8
2026-01-05,P0382,E01251,8.8
2026-01-05,P0384,E01223,8.8
2026-01-05,P0386,E01217,8.8
2026-01-05,P0422,E01245,8.8
2026-01-05,P0440,E01240,8.8
2026-01-05,P0460,E01231,8.8
2026-01-05,P0468,E01267,8.8
2026-01-05,P0496,E01126,8.8
2026-01-05,P0502,E01178,8.8
2026-01-05,P0520,E01118,8.8
2026-01-05,P0524,E01268,8.8
2026-01-05,P0527,E01099,8.8
2026-01-05,P0550,E01263,8.8
2026-01-05,P0555,E00968,8.8
2026-01-05,P0561,E01261,8.8
2026-01-05,P0570,E01264,8.8
2026-01-05,P0591,E00998,8.8
2026-01-05,P0607,E01269,8.8
2026-01-05,P0628,E01256,8.8
2026-01-05,P0641,E01270,8.8
2026-01-05,P0644,E01271,8.8
2026-01-05,P0656,E01134,8.8
2026-01-05,P0661,E01246,8.8
2026-01-05,P0662,E01272,8.8
2026-01-05,P0708,E01252,8.8
2026-01-06,P0021,E01253,8.8
2026-01-06,P0026,E01234,8.8
2026-01-06,P0042,E01236,8.8
2026-01-06,P0060,E01215,8.8
2026-01-06,P0092,E01023,8.8
2026-01-06,P0098,E01258,8.8
2026-01-06,P0107,E01243,8.8
2026-01-06,P0108,E01181,8.8
2026-01-06,P0118,E00873,8.8
2026-01-06,P0120,E01228,4.4
2026-01-06,P0127,E01163,8.8
2026-01-06,P0155,E01262,8.8
2026-01-06,P0174,E01254,8.8
2026-01-06,P0238,E01229,8.8
2026-01-06,P0299,E01273,8.8
2026-01-06,P0314,E01115,8.8
2026-01-06,P0371,E00867,8.8
2026-01-06,P0384,E01223,8.8
2026-01-06,P0386,E01217,8.8
2026-01-06,P0415,E01274,8.8
2026-01-06,P0422,E01245,8.8
2026-01-06,P0440,E01240,8.8
2026-01-06,P0460,E01231,8.8
2026-01-06,P0468,E01267,8.8
2026-01-06,P0496,E01126,8.8
2026-01-06,P0502,E01178,8.8
2026-01-06,P0520,E01118,8.8
2026-01-06,P0527,E01099,8.8
2026-01-06,P0555,E00968,8.8
2026-01-06,P0561,E01261,8.8
2026-01-06,P0570,E01264,8.8
2026-01-06,P0591,E00998,8.8
2026-01-06,P0607,E01269,8.8
2026-01-06,P0628,E01256,8.8
2026-01-06,P0641,E01270,8.8
2026-01-06,P0644,E01271,8.8
2026-01-06,P0656,E01134,8.8
2026-01-06,P0657,E01275,8.8
2026-01-06,P0661,E01246,8.8
2026-01-06,P0662,E01272,8.8
2026-01-06,P0708,E01252,8.8
2026-01-07,P0021,E01253,8.8
2026-01-07,P0042,E01236,8.8
2026-01-07,P0060,E01215,8.8
2026-01-07,P0092,E01023,8.8
2026-01-07,P0094,E01276,8.8
2026-01-07,P0098,E01258,8.8
2026-01-07,P0107,E01243,8.8
2026-01-07,P0108,E01181,8.8
2026-01-07,P0118,E00873,8.8
2026-01-07,P0120,E01228,4.4
2026-01-07,P0127,E01163,8.8
2026-01-07,P0155,E01262,8.8
2026-01-07,P0174,E01254,8.8
2026-01-07,P0238,E01229,8.8
2026-01-07,P0299,E01273,8.8
2026-01-07,P0314,E01115,8.8
2026-01-07,P0345,E01277,8.8
2026-01-07,P0371,E00867,8.8
2026-01-07,P0384,E01223,8.8
2026-01-07,P0386,E01217,8.8
2026-01-07,P0415,E01274,8.8
2026-01-07,P0422,E01245,8.8
2026-01-07,P0425,E01278,8.8
2026-01-07,P0426,E01279,8.8
2026-01-07,P0440,E01240,8.8
2026-01-07,P0460,E01231,8.8
2026-01-07,P0468,E01267,8.8
2026-01-07,P0490,E01280,8.8
2026-01-07,P0496,E01126,8.8
2026-01-07,P0502,E01178,8.8
2026-01-07,P0520,E01118,8.8
2026-01-07,P0527,E01099,8.8
2026-01-07,P0542,E01281,8.8
2026-01-07,P0555,E00968,8.8
2026-01-07,P0570,E01264,8.8
2026-01-07,P0607,E01269,8.8
2026-01-07,P0630,E01282,8.8
2026-01-07,P0641,E01270,8.8
2026-01-07,P0644,E01271,8.8
2026-01-07,P0656,E01134,8.8
2026-01-07,P0657,E01275,8.8
2026-01-07,P0661,E01246,8.8
2026-01-07,P0662,E01272,8.8
2026-01-07,P0708,E01252,8.8
2026-01-07,P0710,E01283,4.4
2026-01-08,P0021,E01253,8.8
2026-01-08,P0042,E01236,8.8
2026-01-08,P0060,E01215,8.8
2026-01-08,P0092,E01023,8.8
2026-01-08,P0098,E01258,8.8
2026-01-08,P0108,E01181,8.8
2026-01-08,P0118,E00873,8.8
2026-01-08,P0120,E01228,4.4
2026-01-08,P0127,E01163,8.8
2026-01-08,P0155,E01262,8.8
2026-01-08,P0174,E01254,8.8
2026-01-08,P0186,E01284,8.8
2026-01-08,P0238,E01229,8.8
2026-01-08,P0271,E01285,8.8
2026-01-08,P0314,E01115,8.8
2026-01-08,P0345,E01277,8.8
2026-01-08,P0371,E00867,8.8
2026-01-08,P0384,E01223,8.8
2026-01-08,P0386,E01217,8.8
2026-01-08,P0404,E01286,4.4
2026-01-08,P0415,E01274,8.8
2026-01-08,P0422,E01245,8.8
2026-01-08,P0426,E01279,8.8
2026-01-08,P0440,E01240,8.8
2026-01-08,P0460,E01231,8.8
2026-01-08,P0468,E01267,8.8
2026-01-08,P0490,E01280,8.8
2026-01-08,P0495,E01287,8.8
2026-01-08,P0496,E01126,8.8
2026-01-08,P0502,E01178,8.8
2026-01-08,P0527,E01099,8.8
2026-01-08,P0555,E00968,8.8
2026-01-08,P0570,E01264,8.8
2026-01-08,P0630,E01282,8.8
2026-01-08,P0641,E01270,8.8
2026-01-08,P0644,E01271,8.8
2026-01-08,P0656,E01134,8.8
2026-01-08,P0657,E01275,8.8
2026-01-08,P0661,E01246,8.8
2026-01-08,P0662,E01272,8.8
2026-01-08,P0708,E01252,8.8
2026-01-08,P0710,E01283,4.4
2026-01-08,P0719,E01288,8.8
2026-01-09,P0021,E01253,8.8
2026-01-09,P0028,E01289,8.8
2026-01-09,P0042,E01236,8.8
2026-01-09,P0060,E01215,8.8
2026-01-09,P0061,E01290,8.8
2026-01-09,P0092,E01023,8.8
2026-01-09,P0098,E01258,8.8
2026-01-09,P0108,E01181,8.8
2026-01-09,P0118,E00873,8.8
2026-01-09,P0120,E01228,4.4
2026-01-09,P0127,E01163,8.8
2026-01-09,P0155,E01262,8.8
2026-01-09,P0174,E01254,8.8
2026-01-09,P0186,E01284,8.8
2026-01-09,P0189,E01291,8.8
2026-01-09,P0263,E01292,8.8
2026-01-09,P0271,E01285,8.8
2026-01-09,P0314,E01115,8.8
2026-01-09,P0345,E01277,8.8
2026-01-09,P0371,E00867,8.8
2026-01-09,P0386,E01217,8.8
2026-01-09,P0415,E01274,8.8
2026-01-09,P0422,E01245,8.8
2026-01-09,P0426,E01279,8.8
2026-01-09,P0440,E01240,8.8
2026-01-09,P0460,E01231,8.8
2026-01-09,P0468,E01267,8.8
2026-01-09,P0476,E01293,8.8
2026-01-09,P0490,E01280,8.8
2026-01-09,P0495,E01287,8.8
2026-01-09,P0496,E01126,8.8
2026-01-09,P0502,E01178,8.8
2026-01-09,P0527,E01099,8.8
2026-01-09,P0555,E00968,8.8
2026-01-09,P0570,E01264,8.8
2026-01-09,P0641,E01270,8.8
2026-01-09,P0656,E01134,8.8
2026-01-09,P0657,E01275,8.8
2026-01-09,P0662,E01272,8.8
2026-01-09,P0704,E01294,8.8
2026-01-09,P0708,E01252,8.8
2026-01-09,P0710,E01283,4.4
2026-01-12,P0021,E01253,8.8
2026-01-12,P0028,E01289,8.8
2026-01-12,P0042,E01236,8.8
2026-01-12,P0060,E01215,8.8
2026-01-12,P0061,E01290,8.8
2026-01-12,P0080,E01295,8.8
2026-01-12,P0092,E01023,8.8
2026-01-12,P0098,E01258,8.8
2026-01-12,P0108,E01181,8.8
2026-01-12,P0118,E00873,8.8
2026-01-12,P0120,E01228,4.4
2026-01-12,P0155,E01262,8.8
2026-01-12,P0174,E01254,8.8
2026-01-12,P0186,E01284,8.8
2026-01-12,P0251,E01296,8.8
2026-01-12,P0263,E01292,8.8
2026-01-12,P0271,E01285,8.8
2026-01-12,P0287,E01297,8.8
2026-01-12,P0314,E01115,8.8
2026-01-12,P0345,E01277,8.8
2026-01-12,P0371,E00867,8.8
2026-01-12,P0386,E01217,8.8
2026-01-12,P0399,E01298,8.8
2026-01-12,P0415,E01274,8.8
2026-01-12,P0422,E01245,8.8
2026-01-12,P0426,E01279,8.8
2026-01-12,P0440,E01240,8.8
2026-01-12,P0460,E01231,8.8
2026-01-12,P0468,E01267,8.8
2026-01-12,P0476,E01293,8.8
2026-01-12,P0490,E01280,8.8
2026-01-12,P0495,E01287,8.8
2026-01-12,P0496,E01126,8.8
2026-01-12,P0502,E01178,8.8
2026-01-12,P0527,E01099,8.8
2026-01-12,P0555,E00968,8.8
2026-01-12,P0570,E01264,8.8
2026-01-12,P0630,E01299,8.8
2026-01-12,P0634,E01300,8.8
2026-01-12,P0641,E01270,8.8
2026-01-12,P0656,E01134,8.8
2026-01-12,P0657,E01275,8.8
2026-01-12,P0662,E01272,8.8
2026-01-12,P0708,E01252,8.8
2026-01-12,P0710,E01283,4.4
2026-01-13,P0021,E01253,8.8
2026-01-13,P0028,E01289,8.8
2026-01-13,P0042,E01236,8.8
2026-01-13,P0060,E01215,8.8
2026-01-13,P0061,E01290,8.8
2026-01-13,P0080,E01295,8.8
2026-01-13,P0086,E01301,8.8
2026-01-13,P0092,E01023,8.8
2026-01-13,P0098,E01258,8.8
2026-01-13,P0108,E01181,8.8
2026-01-13,P0118,E00873,8.8
2026-01-13,P0120,E01228,4.4
2026-01-13,P0155,E01262,8.8
2026-01-13,P0174,E01254,8.8
2026-01-13,P0186,E01284,8.8
2026-01-13,P0251,E01296,8.8
2026-01-13,P0263,E01292,8.8
2026-01-13,P0271,E01285,8.8
2026-01-13,P0287,E01297,8.8
2026-01-13,P0314,E01115,8.8
2026-01-13,P0345,E01277,8.8
2026-01-13,P0371,E00867,8.8
2026-01-13,P0386,E01217,8.8
2026-01-13,P0399,E01298,8.8
2026-01-13,P0415,E01274,8.8
2026-01-13,P0422,E01245,8.8
2026-01-13,P0426,E01279,8.8
2026-01-13,P0440,E01240,8.8
2026-01-13,P0460,E01231,8.8
2026-01-13,P0468,E01267,8.8
2026-01-13,P0475,E01302,8.8
2026-01-13,P0490,E01280,8.8
2026-01-13,P0495,E01287,8.8
2026-01-13,P0496,E01126,8.8
2026-01-13,P0502,E01178,8.8
2026-01-13,P0527,E01099,8.8
2026-01-13,P0555,E00968,8.8
2026-01-13,P0570,E01264,8.8
2026-01-13,P0630,E01299,8.8
2026-01-13,P0634,E01300,8.8
2026-01-13,P0641,E01270,8.8
2026-01-13,P0656,E01134,8.8
2026-01-13,P0657,E01275,8.8
2026-01-13,P0662,E01272,8.8
2026-01-13,P0708,E01252,8.8
2026-01-13,P0710,E01283,4.4
2026-01-14,P0021,E01253,8.8
2026-01-14,P0028,E01289,8.8
2026-01-14,P0042,E01236,8.8
2026-01-14,P0061,E01290,8.8
2026-01-14,P0080,E01295,8.8
2026-01-14,P0092,E01023,8.8
2026-01-14,P0098,E01258,8.8
2026-01-14,P0108,E01181,8.8
2026-01-14,P0118,E00873,8.8
2026-01-14,P0120,E01228,4.4
2026-01-14,P0155,E01262,8.8
2026-01-14,P0174,E01254,8.8
2026-01-14,P0186,E01284,8.8
2026-01-14,P0263,E01292,8.8
2026-01-14,P0271,E01285,8.8
2026-01-14,P0287,E01297,8.8
2026-01-14,P0345,E01277,8.8
2026-01-14,P0371,E00867,8.8
2026-01-14,P0386,E01217,8.8
2026-01-14,P0399,E01298,8.8
2026-01-14,P0415,E01274,8.8
2026-01-14,P0422,E01245,8.8
2026-01-14,P0426,E01279,8.8
2026-01-14,P0440,E01240,8.8
2026-01-14,P0460,E01231,8.8
2026-01-14,P0461,E01303,8.8
2026-01-14,P0468,E01267,8.8
2026-01-14,P0476,E01304,8.8
2026-01-14,P0495,E01287,8.8
2026-01-14,P0496,E01126,8.8
2026-01-14,P0502,E01178,8.8
2026-01-14,P0527,E01099,8.8
2026-01-14,P0542,E01305,8.8
2026-01-14,P0555,E00968,8.8
2026-01-14,P0570,E01264,8.8
2026-01-14,P0630,E01299,8.8
2026-01-14,P0634,E01300,8.8
2026-01-14,P0641,E01270,8.8
2026-01-14,P0656,E01134,8.8
2026-01-14,P0657,E01275,8.8
2026-01-14,P0662,E01272,8.8
2026-01-14,P0708,E01252,8.8
2026-01-14,P0710,E01283,4.4
2026-01-15,P0021,E01253,8.8
2026-01-15,P0028,E01289,8.8
2026-01-15,P0042,E01236,8.8
2026-01-15,P0061,E01290,8.8
2026-01-15,P0080,E01295,8.8
2026-01-15,P0092,E01023,8.8
2026-01-15,P0098,E01258,8.8
2026-01-15,P0108,E01181,8.8
2026-01-15,P0118,E00873,8.8
2026-01-15,P0120,E01228,4.4
2026-01-15,P0155,E01262,8.8
2026-01-15,P0174,E01254,8.8
2026-01-15,P0186,E01284,8.8
2026-01-15,P0238,E01306,8.8
2026-01-15,P0271,E01285,8.8
2026-01-15,P0287,E01297,8.8
2026-01-15,P0299,E01307,8.8
2026-01-15,P0345,E01277,8.8
2026-01-15,P0371,E00867,8.8
2026-01-15,P0386,E01217,8.8
2026-01-15,P0399,E01298,8.8
2026-01-15,P0415,E01274,8.8
2026-01-15,P0422,E01245,8.8
2026-01-15,P0427,E01308,8.8
2026-01-15,P0436,E01309,8.8
2026-01-15,P0440,E01240,8.8
2026-01-15,P0460,E01231,8.8
2026-01-15,P0461,E01303,8.8
2026-01-15,P0468,E01267,8.8
2026-01-15,P0476,E01304,8.8
2026-01-15,P0495,E01287,8.8
2026-01-15,P0496,E01126,8.8
2026-01-15,P0502,E01178,8.8
2026-01-15,P0527,E01099,8.8
2026-01-15,P0542,E01305,8.8
2026-01-15,P0555,E00968,8.8
2026-01-15,P0570,E01264,8.8
2026-01-15,P0591,E01310,8.8
2026-01-15,P0634,E01300,8.8
2026-01-15,P0656,E01134,8.8
2026-01-15,P0657,E01275,8.8
2026-01-15,P0662,E01272,8.8
2026-01-15,P0680,E01311,8.8
2026-01-15,P0705,E01312,8.8
2026-01-15,P0708,E01252,8.8
2026-01-15,P0710,E01283,4.4
2026-01-16,P0021,E01253,8.8
2026-01-16,P0028,E01289,8.8
2026-01-16,P0036,E01313,8.8
2026-01-16,P0042,E01236,8.8
2026-01-16,P0061,E01290,8.8
2026-01-16,P0080,E01295,8.8
2026-01-16,P0092,E01023,8.8
2026-01-16,P0098,E01258,8.8
2026-01-16,P0101,E01314,8.8
2026-01-16,P0108,E01181,8.8
2026-01-16,P0118,E00873,8.8
2026-01-16,P0120,E01228,4.4
2026-01-16,P0155,E01262,8.8
2026-01-16,P0174,E01254,8.8
2026-01-16,P0186,E01284,8.8
2026-01-16,P0238,E01306,8.8
2026-01-16,P0271,E01285,8.8
2026-01-16,P0287,E01297,8.8
2026-01-16,P0299,E01307,8.8
2026-01-16,P0345,E01277,8.8
2026-01-16,P0371,E00867,8.8
2026-01-16,P0386,E01217,8.8
2026-01-16,P0399,E01298,8.8
2026-01-16,P0415,E01274,8.8
2026-01-16,P0427,E01308,8.8
2026-01-16,P0440,E01240,8.8
2026-01-16,P0460,E01231,8.8
2026-01-16,P0461,E01303,8.8
2026-01-16,P0468,E01267,8.8
2026-01-16,P0495,E01287,8.8
2026-01-16,P0496,E01126,8.8
2026-01-16,P0502,E01178,8.8
2026-01-16,P0524,E01315,8.8
2026-01-16,P0527,E01099,8.8
2026-01-16,P0542,E01305,8.8
2026-01-16,P0555,E00968,8.8
2026-01-16,P0570,E01264,8.8
2026-01-16,P0591,E01310,8.8
2026-01-16,P0634,E01300,8.8
2026-01-16,P0656,E01134,8.8
2026-01-16,P0657,E01275,8.8
2026-01-16,P0662,E01272,8.8
2026-01-16,P0680,E01311,8.8
2026-01-16,P0702,E01316,8.8
2026-01-16,P0708,E01252,8.8
2026-01-16,P0710,E01283,4.4
2026-01-19,P0021,E01253,8.8
2026-01-19,P0028,E01289,8.8
2026-01-19,P0036,E01313,8.8
2026-01-19,P0042,E01236,8.8
2026-01-19,P0059,E01317,8.8
2026-01-19,P0061,E01290,8.8
2026-01-19,P0080,E01295,8.8
2026-01-19,P0092,E01023,8.8
2026-01-19,P0098,E01258,8.8
2026-01-19,P0108,E01181,8.8
2026-01-19,P0118,E00873,8.8
2026-01-19,P0120,E01228,4.4
2026-01-19,P0155,E01262,8.8
2026-01-19,P0174,E01254,8.8
2026-01-19,P0186,E01284,8.8
2026-01-19,P0211,E01318,8.8
2026-01-19,P0238,E01306,8.8
2026-01-19,P0287,E01297,8.8
2026-01-19,P0299,E01307,8.8
2026-01-19,P0345,E01277,8.8
2026-01-19,P0371,E00867,8.8
2026-01-19,P0386,E01217,8.8
2026-01-19,P0415,E01274,8.8
2026-01-19,P0427,E01308,8.8
2026-01-19,P0440,E01240,8.8
2026-01-19,P0445,E01319,8.8
2026-01-19,P0460,E01231,8.8
2026-01-19,P0461,E01303,8.8
2026-01-19,P0495,E01287,8.8
2026-01-19,P0496,E01126,8.8
2026-01-19,P0502,E01178,8.8
2026-01-19,P0524,E01315,8.8
2026-01-19,P0527,E01099,8.8
2026-01-19,P0542,E01305,8.8
2026-01-19,P0555,E00968,8.8
2026-01-19,P0570,E01264,8.8
2026-01-19,P0634,E01300,8.8
2026-01-19,P0656,E01134,8.8
2026-01-19,P0657,E01275,8.8
2026-01-19,P0662,E01272,8.8
2026-01-19,P0702,E01316,8.8
2026-01-19,P0708,E01252,8.8
2026-01-20,P0021,E01253,8.8
2026-01-20,P0028,E01289,8.8
2026-01-20,P0036,E01313,8.8
2026-01-20,P0042,E01236,8.8
2026-01-20,P0059,E01317,8.8
2026-01-20,P0061,E01290,8.8
2026-01-20,P0080,E01295,8.8
2026-01-20,P0092,E01023,8.8
2026-01-20,P0098,E01258,8.8
2026-01-20,P0108,E01181,8.8
2026-01-20,P0118,E00873,8.8
2026-01-20,P0155,E01262,8.8
2026-01-20,P0174,E01254,8.8
2026-01-20,P0186,E01284,8.8
2026-01-20,P0238,E01306,8.8
2026-01-20,P0287,E01297,8.8
2026-01-20,P0299,E01307,8.8
2026-01-20,P0339,E01320,8.8
2026-01-20,P0371,E00867,8.8
2026-01-20,P0386,E01217,8.8
2026-01-20,P0415,E01274,8.8
2026-01-20,P0427,E01308,8.8
2026-01-20,P0440,E01240,8.8
2026-01-20,P0445,E01319,8.8
2026-01-20,P0460,E01231,8.8
2026-01-20,P0461,E01303,8.8
2026-01-20,P0495,E01287,8.8
2026-01-20,P0496,E01126,8.8
2026-01-20,P0502,E01178,8.8
2026-01-20,P0524,E01315,8.8
2026-01-20,P0527,E01099,8.8
2026-01-20,P0542,E01305,8.8
2026-01-20,P0555,E00968,8.8
2026-01-20,P0570,E01264,8.8
2026-01-20,P0602,E01321,8.8
2026-01-20,P0634,E01300,8.8
2026-01-20,P0656,E01134,8.8
2026-01-20,P0657,E01275,8.8
2026-01-20,P0662,E01272,8.8
2026-01-20,P0702,E01316,8.8
2026-01-20,P0703,E01322,8.8
2026-01-20,P0708,E01252,8.8
2026-01-20,P0728,E01323,8.8
2026-01-21,P0011,E01324,8.8
2026-01-21,P0021,E01253,8.8
2026-01-21,P0028,E01289,8.8
2026-01-21,P0042,E01236,8.8
2026-01-21,P0059,E01317,8.8
2026-01-21,P0060,E01325,8.8
2026-01-21,P0080,E01295,8.8
2026-01-21,P0086,E01326,8.8
2026-01-21,P0092,E01023,8.8
2026-01-21,P0098,E01258,8.8
2026-01-21,P0108,E01181,8.8
2026-01-21,P0118,E00873,8.8
2026-01-21,P0155,E01262,8.8
2026-01-21,P0174,E01254,8.8
2026-01-21,P0186,E01284,8.8
2026-01-21,P0238,E01306,8.8
2026-01-21,P0287,E01297,8.8
2026-01-21,P0299,E01307,8.8
2026-01-21,P0371,E00867,8.8
2026-01-21,P0386,E01217,8.8
2026-01-21,P0415,E01274,8.8
2026-01-21,P0440,E01240,8.8
2026-01-21,P0460,E01231,8.8
2026-01-21,P0461,E01303,8.8
2026-01-21,P0495,E01287,8.8
2026-01-21,P0496,E01126,8.8
2026-01-21,P0502,E01178,8.8
2026-01-21,P0524,E01315,8.8
2026-01-21,P0527,E01099,8.8
2026-01-21,P0542,E01305,8.8
2026-01-21,P0555,E00968,8.8
2026-01-21,P0602,E01321,8.8
2026-01-21,P0656,E01134,8.8
2026-01-21,P0657,E01275,8.8
2026-01-21,P0662,E01272,8.8
2026-01-21,P0702,E01316,8.8
2026-01-21,P0703,E01322,8.8
2026-01-21,P0704,E01327,8.8
2026-01-21,P0708,E01252,8.8
2026-01-22,P0011,E01324,8.8
2026-01-22,P0021,E01253,8.8
2026-01-22,P0028,E01289,8.8
2026-01-22,P0042,E01236,8.8
2026-01-22,P0059,E01317,8.8
2026-01-22,P0060,E01325,8.8
2026-01-22,P0080,E01295,8.8
2026-01-22,P0086,E01326,8.8
2026-01-22,P0098,E01258,8.8
2026-01-22,P0108,E01181,8.8
2026-01-22,P0118,E00873,8.8
2026-01-22,P0122,E01328,8.8
2026-01-22,P0155,E01262,8.8
2026-01-22,P0174,E01254,8.8
2026-01-22,P0186,E01284,8.8
2026-01-22,P0238,E01306,8.8
2026-01-22,P0287,E01297,8.8
2026-01-22,P0299,E01307,8.8
2026-01-22,P0319,E01329,8.8
2026-01-22,P0371,E00867,8.8
2026-01-22,P0386,E01217,8.8
2026-01-22,P0415,E01274,8.8
2026-01-22,P0440,E01240,8.8
2026-01-22,P0460,E01231,8.8
2026-01-22,P0461,E01303,8.8
2026-01-22,P0490,E01330,8.8
2026-01-22,P0495,E01287,8.8
2026-01-22,P0496,E01126,8.8
2026-01-22,P0502,E01178,8.8
2026-01-22,P0527,E01099,8.8
2026-01-22,P0542,E01305,8.8
2026-01-22,P0555,E00968,8.8
2026-01-22,P0602,E01321,8.8
2026-01-22,P0656,E01134,8.8
2026-01-22,P0657,E01275,8.8
2026-01-22,P0662,E01272,8.8
2026-01-22,P0702,E01316,8.8
2026-01-22,P0703,E01322,8.8
2026-01-22,P0704,E01327,8.8
2026-01-22,P0708,E01252,8.8
2026-01-22,P0727,E01331,8.8
2026-01-23,P0011,E01324,8.8
2026-01-23,P0021,E01253,8.8
2026-01-23,P0059,E01317,8.8
2026-01-23,P0060,E01325,8.8
2026-01-23,P0080,E01295,8.8
2026-01-23,P0098,E01258,8.8
2026-01-23,P0108,E01181,8.8
2026-01-23,P0118,E00873,8.8
2026-01-23,P0122,E01328,8.8
2026-01-23,P0155,E01262,8.8
2026-01-23,P0174,E01254,8.8
2026-01-23,P0186,E01284,8.8
2026-01-23,P0238,E01306,8.8
2026-01-23,P0287,E01297,8.8
2026-01-23,P0299,E01307,8.8
2026-01-23,P0371,E00867,8.8
2026-01-23,P0386,E01217,8.8
2026-01-23,P0415,E01274,8.8
2026-01-23,P0440,E01240,8.8
2026-01-23,P0460,E01231,8.8
2026-01-23,P0461,E01303,8.8
2026-01-23,P0490,E01332,8.8
2026-01-23,P0495,E01287,8.8
2026-01-23,P0496,E01126,8.8
2026-01-23,P0502,E01178,8.8
2026-01-23,P0527,E01099,8.8
2026-01-23,P0542,E01305,8.8
2026-01-23,P0555,E00968,8.8
2026-01-23,P0602,E01321,8.8
2026-01-23,P0656,E01134,8.8
2026-01-23,P0657,E01275,8.8
2026-01-23,P0662,E01272,8.8
2026-01-23,P0702,E01316,8.8
2026-01-23,P0703,E01322,8.8
2026-01-23,P0704,E01327,8.8
2026-01-23,P0708,E01252,8.8
2026-01-23,P0727,E01331,8.8
2026-01-26,P0011,E01324,8.8
2026-01-26,P0021,E01253,8.8
2026-01-26,P0059,E01317,8.8
2026-01-26,P0060,E01325,8.8
2026-01-26,P0072,E01333,8.8
2026-01-26,P0080,E01295,8.8
2026-01-26,P0098,E01258,8.8
2026-01-26,P0108,E01181,8.8
2026-01-26,P0118,E00873,8.8
2026-01-26,P0122,E01328,8.8
2026-01-26,P0155,E01262,8.8
2026-01-26,P0174,E01254,8.8
2026-01-26,P0186,E01284,8.8
2026-01-26,P0238,E01306,8.8
2026-01-26,P0299,E01307,8.8
2026-01-26,P0323,E01334,4.4
2026-01-26,P0363,E01335,4.4
2026-01-26,P0371,E00867,8.8
2026-01-26,P0386,E01217,8.8
2026-01-26,P0415,E01274,8.8
2026-01-26,P0440,E01240,8.8
2026-01-26,P0460,E01231,8.8
2026-01-26,P0461,E01303,8.8
2026-01-26,P0495,E01287,8.8
2026-01-26,P0496,E01126,8.8
2026-01-26,P0527,E01099,8.8
2026-01-26,P0555,E00968,8.8
2026-01-26,P0602,E01321,8.8
2026-01-26,P0656,E01134,8.8
2026-01-26,P0657,E01275,8.8
2026-01-26,P0662,E01272,8.8
2026-01-26,P0702,E01316,8.8
2026-01-26,P0703,E01322,8.8
2026-01-26,P0704,E01327,8.8
2026-01-26,P0708,E01252,8.8
2026-01-26,P0727,E01336,8.8
2026-01-27,P0011,E01324,8.8
2026-01-27,P0021,E01253,8.8
2026-01-27,P0059,E01317,8.8
2026-01-27,P0060,E01325,8.8
2026-01-27,P0072,E01333,8.8
2026-01-27,P0080,E01295,8.8
2026-01-27,P0098,E01258,8.8
2026-01-27,P0108,E01181,8.8
2026-01-27,P0118,E00873,8.8
2026-01-27,P0122,E01328,8.8
2026-01-27,P0155,E01262,8.8
2026-01-27,P0174,E01254,8.8
2026-01-27,P0186,E01284,8.8
2026-01-27,P0238,E01306,8.8
2026-01-27,P0289,E01337,8.8
2026-01-27,P0299,E01307,8.8
2026-01-27,P0323,E01334,4.4
2026-01-27,P0363,E01335,4.4
2026-01-27,P0371,E00867,8.8
2026-01-27,P0386,E01217,8.8
2026-01-27,P0414,E01338,8.8
2026-01-27,P0415,E01274,8.8
2026-01-27,P0440,E01240,8.8
2026-01-27,P0460,E01231,8.8
2026-01-27,P0461,E01303,8.8
2026-01-27,P0468,E01339,8.8
2026-01-27,P0473,E01340,8.8
2026-01-27,P0495,E01287,8.8
2026-01-27,P0496,E01126,8.8
2026-01-27,P0527,E01099,8.8
2026-01-27,P0555,E00968,8.8
2026-01-27,P0602,E01321,8.8
2026-01-27,P0656,E01134,8.8
2026-01-27,P0657,E01275,8.8
2026-01-27,P0687,E01341,8.8
2026-01-27,P0702,E01316,8.8
2026-01-27,P0704,E01327,8.8
2026-01-27,P0708,E01252,8.8
2026-01-27,P0727,E01336,8.8
2026-01-28,P0011,E01324,8.8
2026-01-28,P0021,E01253,8.8
2026-01-28,P0059,E01317,8.8
2026-01-28,P0060,E01325,8.8
2026-01-28,P0072,E01333,8.8
2026-01-28,P0080,E01295,8.8
2026-01-28,P0098,E01258,8.8
2026-01-28,P0101,E01342,8.8
2026-01-28,P0108,E01181,8.8
2026-01-28,P0118,E00873,8.8
2026-01-28,P0155,E01262,8.8
2026-01-28,P0174,E01254,8.8
2026-01-28,P0186,E01284,8.8
2026-01-28,P0238,E01306,8.8
2026-01-28,P0289,E01337,8.8
2026-01-28,P0299,E01307,8.8
2026-01-28,P0323,E01334,4.4
2026-01-28,P0327,E01343,4.4
2026-01-28,P0339,E01344,8.8
2026-01-28,P0363,E01335,4.4
2026-01-28,P0371,E00867,8.8
2026-01-28,P0386,E01217,8.8
2026-01-28,P0414,E01338,8.8
2026-01-28,P0415,E01274,8.8
2026-01-28,P0440,E01240,8.8
2026-01-28,P0460,E01231,8.8
2026-01-28,P0461,E01303,8.8
2026-01-28,P0468,E01339,8.8
2026-01-28,P0473,E01340,8.8
2026-01-28,P0496,E01126,8.8
2026-01-28,P0527,E01099,8.8
2026-01-28,P0555,E00968,8.8
2026-01-28,P0602,E01321,8.8
2026-01-28,P0627,E01345,4.4
2026-01-28,P0656,E01134,8.8
2026-01-28,P0657,E01275,8.8
2026-01-28,P0687,E01341,8.8
2026-01-28,P0704,E01327,8.8
2026-01-28,P0708,E01252,8.8
2026-01-28,P0727,E01336,8.8
2026-01-29,P0011,E01324,8.8
2026-01-29,P0021,E01253,8.8
2026-01-29,P0059,E01317,8.8
2026-01-29,P0060,E01325,8.8
2026-01-29,P0072,E01333,8.8
2026-01-29,P0080,E01295,8.8
2026-01-29,P0098,E01258,8.8
2026-01-29,P0101,E01342,8.8
2026-01-29,P0108,E01181,8.8
2026-01-29,P0118,E00873,8.8
2026-01-29,P0155,E01262,8.8
2026-01-29,P0171,E01346,8.8
2026-01-29,P0174,E01254,8.8
2026-01-29,P0186,E01284,8.8
2026-01-29,P0238,E01306,8.8
2026-01-29,P0289,E01337,8.8
2026-01-29,P0299,E01307,8.8
2026-01-29,P0323,E01334,4.4
2026-01-29,P0327,E01343,4.4
2026-01-29,P0339,E01344,8.8
2026-01-29,P0352,E01347,8.8
2026-01-29,P0363,E01335,4.4
2026-01-29,P0371,E00867,8.8
2026-01-29,P0386,E01217,8.8
2026-01-29,P0414,E01338,8.8
2026-01-29,P0415,E01274,8.8
2026-01-29,P0440,E01240,8.8
2026-01-29,P0460,E01231,8.8
2026-01-29,P0461,E01303,8.8
2026-01-29,P0468,E01339,8.8
2026-01-29,P0496,E01126,8.8
2026-01-29,P0527,E01099,8.8
2026-01-29,P0555,E00968,8.8
2026-01-29,P0602,E01321,8.8
2026-01-29,P0630,E01348,8.8
2026-01-29,P0656,E01134,8.8
2026-01-29,P0657,E01275,8.8
2026-01-29,P0704,E01327,8.8
2026-01-29,P0708,E01252,8.8
2026-01-30,P0011,E01324,8.8
2026-01-30,P0021,E01253,8.8
2026-01-30,P0049,E01349,8.8
2026-01-30,P0060,E01325,8.8
2026-01-30,P0072,E01333,8.8
2026-01-30,P0080,E01295,8.8
2026-01-30,P0098,E01258,8.8
2026-01-30,P0101,E01342,8.8
2026-01-30,P0108,E01181,8.8
2026-01-30,P0118,E00873,8.8
2026-01-30,P0155,E01262,8.8
2026-01-30,P0174,E01254,8.8
2026-01-30,P0186,E01284,8.8
2026-01-30,P0238,E01306,8.8
2026-01-30,P0299,E01307,8.8
2026-01-30,P0303,E01350,8.8
2026-01-30,P0323,E01334,4.4
2026-01-30,P0327,E01343,4.4
2026-01-30,P0339,E01344,8.8
2026-01-30,P0352,E01347,8.8
2026-01-30,P0363,E01335,4.4
2026-01-30,P0371,E00867,8.8
2026-01-30,P0386,E01217,8.8
2026-01-30,P0390,E01351,4.4
2026-01-30,P0415,E01274,8.8
2026-01-30,P0440,E01240,8.8
2026-01-30,P0444,E01352,8.8
2026-01-30,P0460,E01231,8.8
2026-01-30,P0461,E01303,8.8
2026-01-30,P0464,E01353,8.8
2026-01-30,P0468,E01339,8.8
2026-01-30,P0496,E01126,8.8
2026-01-30,P0555,E00968,8.8
2026-01-30,P0602,E01321,8.8
2026-01-30,P0630,E01348,8.8
2026-01-30,P0656,E01134,8.8
2026-01-30,P0657,E01275,8.8
2026-01-30,P0700,E01354,8.8
2026-01-30,P0704,E01327,8.8
2026-01-30,P0708,E01252,8.8
2026-02-02,P0011,E01324,8.8
2026-02-02,P0021,E01253,8.8
2026-02-02,P0049,E01349,8.8
2026-02-02,P0060,E01325,8.8
2026-02-02,P0072,E01333,8.8
2026-02-02,P0080,E01295,8.8
2026-02-02,P0098,E01258,8.8
2026-02-02,P0101,E01342,8.8
2026-02-02,P0108,E01181,8.8
2026-02-02,P0118,E00873,8.8
2026-02-02,P0155,E01262,8.8
2026-02-02,P0174,E01254,8.8
2026-02-02,P0186,E01284,8.8
2026-02-02,P0238,E01306,8.8
2026-02-02,P0270,E01355,8.8
2026-02-02,P0299,E01307,8.8
2026-02-02,P0303,E01350,8.8
2026-02-02,P0323,E01334,4.4
2026-02-02,P0327,E01343,4.4
2026-02-02,P0352,E01347,8.8
2026-02-02,P0357,E01356,8.8
2026-02-02,P0358,E01357,8.8
2026-02-02,P0363,E01335,4.4
2026-02-02,P0371,E00867,8.8
2026-02-02,P0386,E01217,8.8
2026-02-02,P0390,E01351,4.4
2026-02-02,P0415,E01274,8.8
2026-02-02,P0440,E01240,8.8
2026-02-02,P0444,E01352,8.8
2026-02-02,P0460,E01231,8.8
2026-02-02,P0461,E01303,8.8
2026-02-02,P0464,E01353,8.8
2026-02-02,P0468,E01339,8.8
2026-02-02,P0496,E01126,8.8
2026-02-02,P0522,E01358,8.8
2026-02-02,P0555,E00968,8.8
2026-02-02,P0601,E01359,4.4
2026-02-02,P0602,E01321,8.8
2026-02-02,P0630,E01348,8.8
2026-02-02,P0656,E01134,8.8
2026-02-02,P0657,E01275,8.8
2026-02-02,P0708,E01252,8.8
2026-02-03,P0011,E01324,8.8
2026-02-03,P0021,E01253,8.8
2026-02-03,P0060,E01325,8.8
2026-02-03,P0072,E01333,8.8
2026-02-03,P0080,E01295,8.8
2026-02-03,P0098,E01258,8.8
2026-02-03,P0101,E01342,8.8
2026-02-03,P0118,E00873,8.8
2026-02-03,P0155,E01262,8.8
2026-02-03,P0174,E01254,8.8
2026-02-03,P0186,E01284,8.8
2026-02-03,P0238,E01306,8.8
2026-02-03,P0270,E01355,8.8
2026-02-03,P0299,E01307,8.8
2026-02-03,P0303,E01350,8.8
2026-02-03,P0323,E01334,4.4
2026-02-03,P0327,E01343,4.4
2026-02-03,P0357,E01356,8.8
2026-02-03,P0358,E01357,8.8
2026-02-03,P0363,E01335,4.4
2026-02-03,P0371,E00867,8.8
2026-02-03,P0386,E01217,8.8
2026-02-03,P0390,E01351,4.4
2026-02-03,P0415,E01274,8.8
2026-02-03,P0440,E01240,8.8
2026-02-03,P0444,E01352,8.8
2026-02-03,P0460,E01231,8.8
2026-02-03,P0461,E01303,8.8
2026-02-03,P0468,E01339,8.8
2026-02-03,P0496,E01126,8.8
2026-02-03,P0555,E00968,8.8
2026-02-03,P0561,E01360,8.8
2026-02-03,P0601,E01359,4.4
2026-02-03,P0602,E01321,8.8
2026-02-03,P0630,E01348,8.8
2026-02-03,P0656,E01134,8.8
2026-02-03,P0657,E01275,8.8
2026-02-03,P0708,E01252,8.8
2026-02-04,P0011,E01324,8.8
2026-02-04,P0039,E01361,8.8
2026-02-04,P0060,E01325,8.8
2026-02-04,P0072,E01333,8.8
2026-02-04,P0080,E01295,8.8
2026-02-04,P0098,E01258,8.8
2026-02-04,P0101,E01342,8.8
2026-02-04,P0130,E01362,8.8
2026-02-04,P0155,E01262,8.8
2026-02-04,P0174,E01254,8.8
2026-02-04,P0186,E01284,8.8
2026-02-04,P0238,E01306,8.8
2026-02-04,P0299,E01307,8.8
2026-02-04,P0303,E01350,8.8
2026-02-04,P0323,E01334,4.4
2026-02-04,P0327,E01343,4.4
2026-02-04,P0357,E01356,8.8
2026-02-04,P0363,E01335,4.4
2026-02-04,P0371,E00867,8.8
2026-02-04,P0386,E01217,8.8
2026-02-04,P0390,E01351,4.4
2026-02-04,P0415,E01274,8.8
2026-02-04,P0440,E01240,8.8
2026-02-04,P0444,E01352,8.8
2026-02-04,P0460,E01231,8.8
2026-02-04,P0461,E01303,8.8
2026-02-04,P0468,E01339,8.8
2026-02-04,P0496,E01126,8.8
2026-02-04,P0555,E00968,8.8
2026-02-04,P0561,E01360,8.8
2026-02-04,P0601,E01359,4.4
2026-02-04,P0602,E01321,8.8
2026-02-04,P0630,E01348,8.8
2026-02-04,P0656,E01134,8.8
2026-02-04,P0657,E01275,8.8
2026-02-04,P0698,E01363,8.8
2026-02-04,P0708,E01252,8.8
2026-02-05,P0011,E01324,8.8
2026-02-05,P0021,E01364,8.8
2026-02-05,P0039,E01361,8.8
2026-02-05,P0060,E01325,8.8
2026-02-05,P0072,E01333,8.8
2026-02-05,P0080,E01295,8.8
2026-02-05,P0098,E01258,8.8
2026-02-05,P0101,E01342,8.8
2026-02-05,P0130,E01362,8.8
2026-02-05,P0155,E01262,8.8
2026-02-05,P0174,E01254,8.8
2026-02-05,P0186,E01284,8.8
2026-02-05,P0238,E01306,8.8
2026-02-05,P0251,E01365,8.8
2026-02-05,P0272,E01366,8.8
2026-02-05,P0299,E01307,8.8
2026-02-05,P0303,E01350,8.8
2026-02-05,P0323,E01334,4.4
2026-02-05,P0327,E01343,4.4
2026-02-05,P0357,E01356,8.8
2026-02-05,P0363,E01335,4.4
2026-02-05,P0371,E00867,8.8
2026-02-05,P0386,E01217,8.8
2026-02-05,P0390,E01351,4.4
2026-02-05,P0415,E01274,8.8
2026-02-05,P0440,E01240,8.8
2026-02-05,P0444,E01352,8.8
2026-02-05,P0460,E01231,8.8
2026-02-05,P0461,E01303,8.8
2026-02-05,P0476,E01367,8.8
2026-02-05,P0496,E01126,8.8
2026-02-05,P0555,E00968,8.8
2026-02-05,P0561,E01360,8.8
2026-02-05,P0601,E01359,4.4
2026-02-05,P0630,E01348,8.8
2026-02-05,P0656,E01134,8.8
2026-02-05,P0657,E01275,8.8
2026-02-05,P0698,E01363,8.8
2026-02-05,P0708,E01252,8.8
2026-02-06,P0011,E01324,8.8
2026-02-06,P0021,E01364,8.8
2026-02-06,P0039,E01361,8.8
2026-02-06,P0072,E01333,8.8
2026-02-06,P0073,E01368,8.8
2026-02-06,P0080,E01295,8.8
2026-02-06,P0101,E01342,8.8
2026-02-06,P0155,E01262,8.8
2026-02-06,P0174,E01254,8.8
2026-02-06,P0186,E01284,8.8
2026-02-06,P0238,E01306,8.8
2026-02-06,P0272,E01366,8.8
2026-02-06,P0299,E01307,8.8
2026-02-06,P0303,E01350,8.8
2026-02-06,P0323,E01334,4.4
2026-02-06,P0327,E01343,4.4
2026-02-06,P0357,E01356,8.8
2026-02-06,P0363,E01335,4.4
2026-02-06,P0371,E00867,8.8
2026-02-06,P0386,E01217,8.8
2026-02-06,P0390,E01351,4.4
2026-02-06,P0415,E01274,8.8
2026-02-06,P0440,E01240,8.8
2026-02-06,P0444,E01352,8.8
2026-02-06,P0460,E01231,8.8
2026-02-06,P0461,E01303,8.8
2026-02-06,P0496,E01126,8.8
2026-02-06,P0555,E00968,8.8
2026-02-06,P0601,E01359,4.4
2026-02-06,P0630,E01348,8.8
2026-02-06,P0656,E01134,8.8
2026-02-06,P0657,E01275,8.8
2026-02-06,P0683,E01369,8.8
2026-02-06,P0698,E01363,8.8
2026-02-06,P0708,E01252,8.8
2026-02-09,P0011,E01324,8.8
2026-02-09,P0021,E01364,8.8
2026-02-09,P0039,E01361,8.8
2026-02-09,P0072,E01333,8.8
2026-02-09,P0073,E01368,8.8
2026-02-09,P0080,E01295,8.8
2026-02-09,P0101,E01342,8.8
2026-02-09,P0154,E01370,8.8
2026-02-09,P0155,E01262,8.8
2026-02-09,P0158,E01371,8.8
2026-02-09,P0174,E01254,8.8
2026-02-09,P0186,E01284,8.8
2026-02-09,P0299,E01307,8.8
2026-02-09,P0303,E01350,8.8
2026-02-09,P0323,E01334,4.4
2026-02-09,P0327,E01343,4.4
2026-02-09,P0357,E01356,8.8
2026-02-09,P0363,E01335,4.4
2026-02-09,P0371,E00867,8.8
2026-02-09,P0386,E01217,8.8
2026-02-09,P0390,E01351,4.4
2026-02-09,P0415,E01274,8.8
2026-02-09,P0440,E01240,8.8
2026-02-09,P0444,E01352,8.8
2026-02-09,P0460,E01231,8.8
2026-02-09,P0461,E01303,8.8
2026-02-09,P0496,E01126,8.8
2026-02-09,P0555,E00968,8.8
2026-02-09,P0601,E01359,4.4
2026-02-09,P0630,E01348,8.8
2026-02-09,P0656,E01134,8.8
2026-02-09,P0657,E01275,8.8
2026-02-09,P0708,E01252,8.8
2026-02-10,P0011,E01324,8.8
2026-02-10,P0021,E01364,8.8
2026-02-10,P0039,E01361,8.8
2026-02-10,P0072,E01333,8.8
2026-02-10,P0073,E01368,8.8
2026-02-10,P0080,E01295,8.8
2026-02-10,P0101,E01342,8.8
2026-02-10,P0128,E01372,8.8
2026-02-10,P0155,E01262,8.8
2026-02-10,P0174,E01254,8.8
2026-02-10,P0186,E01284,8.8
2026-02-10,P0299,E01307,8.8
2026-02-10,P0303,E01350,8.8
2026-02-10,P0323,E01334,4.4
2026-02-10,P0339,E01373,8.8
2026-02-10,P0363,E01335,4.4
2026-02-10,P0371,E00867,8.8
2026-02-10,P0386,E01217,8.8
2026-02-10,P0390,E01351,4.4
2026-02-10,P0404,E01374,4.4
2026-02-10,P0412,E01375,8.8
2026-02-10,P0415,E01274,8.8
2026-02-10,P0440,E01240,8.8
2026-02-10,P0444,E01352,8.8
2026-02-10,P0460,E01231,8.8
2026-02-10,P0461,E01303,8.8
2026-02-10,P0496,E01126,8.8
2026-02-10,P0555,E00968,8.8
2026-02-10,P0601,E01359,4.4
2026-02-10,P0630,E01348,8.8
2026-02-10,P0656,E01134,8.8
2026-02-10,P0657,E01275,8.8
2026-02-10,P0708,E01252,8.8
2026-02-11,P0011,E01324,8.8
2026-02-11,P0021,E01364,8.8
2026-02-11,P0039,E01361,8.8
2026-02-11,P0072,E01333,8.8
2026-02-11,P0073,E01368,8.8
2026-02-11,P0080,E01295,8.8
2026-02-11,P0101,E01342,8.8
2026-02-11,P0128,E01372,8.8
2026-02-11,P0174,E01254,8.8
2026-02-11,P0299,E01307,8.8
2026-02-11,P0323,E01334,4.4
2026-02-11,P0339,E01373,8.8
2026-02-11,P0363,E01335,4.4
2026-02-11,P0371,E00867,8.8
2026-02-11,P0386,E01217,8.8
2026-02-11,P0390,E01351,4.4
2026-02-11,P0404,E01374,4.4
2026-02-11,P0412,E01375,8.8
2026-02-11,P0415,E01274,8.8
2026-02-11,P0440,E01240,8.8
2026-02-11,P0444,E01352,8.8
2026-02-11,P0460,E01231,8.8
2026-02-11,P0461,E01303,8.8
2026-02-11,P0496,E01126,8.8
2026-02-11,P0555,E00968,8.8
2026-02-11,P0601,E01359,4.4
2026-02-11,P0630,E01348,8.8
2026-02-11,P0656,E01134,8.8
2026-02-11,P0657,E01275,8.8
2026-02-11,P0690,E01376,8.8
2026-02-11,P0708,E01252,8.8
2026-02-12,P0011,E01324,8.8
2026-02-12,P0021,E01364,8.8
2026-02-12,P0039,E01361,8.8
2026-02-12,P0072,E01333,8.8
2026-02-12,P0073,E01368,8.8
2026-02-12,P0080,E01295,8.8
2026-02-12,P0101,E01342,8.8
2026-02-12,P0128,E01372,8.8
2026-02-12,P0174,E01254,8.8
2026-02-12,P0299,E01307,8.8
2026-02-12,P0323,E01334,4.4
2026-02-12,P0339,E01373,8.8
2026-02-12,P0363,E01335,4.4
2026-02-12,P0386,E01217,8.8
2026-02-12,P0390,E01351,4.4
2026-02-12,P0404,E01374,4.4
2026-02-12,P0412,E01375,8.8
2026-02-12,P0415,E01274,8.8
2026-02-12,P0440,E01240,8.8
2026-02-12,P0444,E01352,8.8
2026-02-12,P0460,E01231,8.8
2026-02-12,P0461,E01303,8.8
2026-02-12,P0496,E01126,8.8
2026-02-12,P0527,E01377,8.8
2026-02-12,P0555,E00968,8.8
2026-02-12,P0601,E01359,4.4
2026-02-12,P0630,E01348,8.8
2026-02-12,P0656,E01134,8.8
2026-02-12,P0657,E01275,8.8
2026-02-12,P0690,E01376,8.8
2026-02-12,P0708,E01252,8.8
2026-02-12,P0716,E01378,8.8
2026-02-13,P0011,E01324,8.8
2026-02-13,P0039,E01361,8.8
2026-02-13,P0080,E01295,8.8
2026-02-13,P0101,E01342,8.8
2026-02-13,P0125,E01379,8.8
2026-02-13,P0128,E01372,8.8
2026-02-13,P0174,E01254,8.8
2026-02-13,P0271,E01380,8.8
2026-02-13,P0295,E01381,8.8
2026-02-13,P0299,E01307,8.8
2026-02-13,P0323,E01334,4.4
2026-02-13,P0339,E01373,8.8
2026-02-13,P0363,E01335,4.4
2026-02-13,P0386,E01217,8.8
2026-02-13,P0390,E01351,4.4
2026-02-13,P0404,E01374,4.4
2026-02-13,P0412,E01375,8.8
2026-02-13,P0415,E01274,8.8
2026-02-13,P0440,E01240,8.8
2026-02-13,P0444,E01352,8.8
2026-02-13,P0461,E01303,8.8
2026-02-13,P0496,E01126,8.8
2026-02-13,P0527,E01377,8.8
2026-02-13,P0555,E00968,8.8
2026-02-13,P0601,E01359,4.4
2026-02-13,P0630,E01348,8.8
2026-02-13,P0648,E01382,8.8
2026-02-13,P0656,E01134,8.8
2026-02-13,P0657,E01275,8.8
2026-02-13,P0690,E01376,8.8
2026-02-13,P0708,E01252,8.8
2026-02-16,P0011,E01324,8.8
2026-02-16,P0039,E01361,8.8
2026-02-16,P0080,E01295,8.8
2026-02-16,P0101,E01342,8.8
2026-02-16,P0118,E01383,8.8
2026-02-16,P0125,E01379,8.8
2026-02-16,P0174,E01254,8.8
2026-02-16,P0271,E01380,8.8
2026-02-16,P0295,E01381,8.8
2026-02-16,P0299,E01307,8.8
2026-02-16,P0317,E01384,8.8
2026-02-16,P0323,E01334,4.4
2026-02-16,P0363,E01335,4.4
2026-02-16,P0386,E01217,8.8
2026-02-16,P0390,E01351,4.4
2026-02-16,P0404,E01374,4.4
2026-02-16,P0412,E01375,8.8
2026-02-16,P0415,E01274,8.8
2026-02-16,P0440,E01240,8.8
2026-02-16,P0444,E01352,8.8
2026-02-16,P0461,E01303,8.8
2026-02-16,P0496,E01126,8.8
2026-02-16,P0527,E01377,8.8
2026-02-16,P0555,E00968,8.8
2026-02-16,P0601,E01359,4.4
2026-02-16,P0630,E01348,8.8
2026-02-16,P0631,E01385,8.8
2026-02-16,P0648,E01382,8.8
2026-02-16,P0656,E01134,8.8
2026-02-16,P0657,E01275,8.8
2026-02-16,P0690,E01376,8.8
2026-02-16,P0708,E01252,8.8
2026-02-17,P0011,E01324,8.8
2026-02-17,P0039,E01361,8.8
2026-02-17,P0080,E01295,8.8
2026-02-17,P0119,E01386,8.8
2026-02-17,P0125,E01379,8.8
2026-02-17,P0174,E01254,8.8
2026-02-17,P0271,E01380,8.8
2026-02-17,P0295,E01381,8.8
2026-02-17,P0299,E01307,8.8
2026-02-17,P0317,E01384,8.8
2026-02-17,P0323,E01334,4.4
2026-02-17,P0363,E01335,4.4
2026-02-17,P0386,E01217,8.8
2026-02-17,P0390,E01351,4.4
2026-02-17,P0404,E01374,4.4
2026-02-17,P0412,E01375,8.8
2026-02-17,P0415,E01274,8.8
2026-02-17,P0440,E01240,8.8
2026-02-17,P0444,E01352,8.8
2026-02-17,P0461,E01303,8.8
2026-02-17,P0496,E01126,8.8
2026-02-17,P0527,E01377,8.8
2026-02-17,P0555,E00968,8.8
2026-02-17,P0601,E01359,4.4
2026-02-17,P0627,E01387,4.4
2026-02-17,P0630,E01348,8.8
2026-02-17,P0648,E01382,8.8
2026-02-17,P0656,E01134,8.8
2026-02-17,P0657,E01275,8.8
2026-02-17,P0708,E01252,8.8
2026-02-18,P0011,E01324,8.8
2026-02-18,P0039,E01361,8.8
2026-02-18,P0080,E01295,8.8
2026-02-18,P0119,E01386,8.8
2026-02-18,P0125,E01379,8.8
2026-02-18,P0174,E01254,8.8
2026-02-18,P0271,E01380,8.8
2026-02-18,P0299,E01307,8.8
2026-02-18,P0317,E01384,8.8
2026-02-18,P0323,E01334,4.4
2026-02-18,P0330,E01388,8.8
2026-02-18,P0363,E01335,4.4
2026-02-18,P0386,E01217,8.8
2026-02-18,P0390,E01351,4.4
2026-02-18,P0404,E01374,4.4
2026-02-18,P0412,E01375,8.8
2026-02-18,P0415,E01274,8.8
2026-02-18,P0440,E01240,8.8
2026-02-18,P0444,E01352,8.8
2026-02-18,P0461,E01303,8.8
2026-02-18,P0490,E01389,8.8
2026-02-18,P0496,E01126,8.8
2026-02-18,P0555,E00968,8.8
2026-02-18,P0630,E01348,8.8
2026-02-18,P0648,E01382,8.8
2026-02-18,P0656,E01134,8.8
2026-02-18,P0657,E01275,8.8
2026-02-18,P0708,E01252,8.8
2026-02-19,P0011,E01324,8.8
2026-02-19,P0039,E01361,8.8
2026-02-19,P0125,E01379,8.8
2026-02-19,P0174,E01254,8.8
2026-02-19,P0245,E01390,8.8
2026-02-19,P0271,E01380,8.8
2026-02-19,P0299,E01307,8.8
2026-02-19,P0317,E01384,8.8
2026-02-19,P0323,E01334,4.4
2026-02-19,P0330,E01388,8.8
2026-02-19,P0357,E01391,8.8
2026-02-19,P0386,E01217,8.8
2026-02-19,P0390,E01351,4.4
2026-02-19,P0404,E01374,4.4
2026-02-19,P0412,E01375,8.8
2026-02-19,P0415,E01274,8.8
2026-02-19,P0440,E01240,8.8
2026-02-19,P0444,E01352,8.8
2026-02-19,P0461,E01303,8.8
2026-02-19,P0490,E01389,8.8
2026-02-19,P0496,E01126,8.8
2026-02-19,P0555,E00968,8.8
2026-02-19,P0630,E01348,8.8
2026-02-19,P0648,E01382,8.8
2026-02-19,P0657,E01275,8.8
2026-02-19,P0708,E01252,8.8
2026-02-19,P0719,E01392,8.8
2026-02-20,P0011,E01324,8.8
2026-02-20,P0039,E01361,8.8
2026-02-20,P0125,E01379,8.8
2026-02-20,P0174,E01254,8.8
2026-02-20,P0245,E01390,8.8
2026-02-20,P0271,E01380,8.8
2026-02-20,P0299,E01307,8.8
2026-02-20,P0317,E01384,8.8
2026-02-20,P0323,E01334,4.4
2026-02-20,P0330,E01388,8.8
2026-02-20,P0386,E01217,8.8
2026-02-20,P0390,E01351,4.4
2026-02-20,P0404,E01374,4.4
2026-02-20,P0412,E01375,8.8
2026-02-20,P0415,E01274,8.8
2026-02-20,P0436,E01393,8.8
2026-02-20,P0440,E01240,8.8
2026-02-20,P0444,E01352,8.8
2026-02-20,P0461,E01303,8.8
2026-02-20,P0490,E01389,8.8
2026-02-20,P0496,E01126,8.8
2026-02-20,P0555,E00968,8.8
2026-02-20,P0630,E01348,8.8
2026-02-20,P0648,E01382,8.8
2026-02-20,P0657,E01275,8.8
2026-02-20,P0680,E01394,8.8
2026-02-20,P0708,E01252,8.8
2026-02-23,P0011,E01324,8.8
2026-02-23,P0039,E01361,8.8
2026-02-23,P0066,E01395,8.8
2026-02-23,P0125,E01379,8.8
2026-02-23,P0174,E01254,8.8
2026-02-23,P0245,E01390,8.8
2026-02-23,P0271,E01380,8.8
2026-02-23,P0299,E01307,8.8
2026-02-23,P0317,E01384,8.8
2026-02-23,P0323,E01334,4.4
2026-02-23,P0330,E01388,8.8
2026-02-23,P0386,E01217,8.8
2026-02-23,P0390,E01351,4.4
2026-02-23,P0404,E01396,4.4
2026-02-23,P0412,E01375,8.8
2026-02-23,P0415,E01274,8.8
2026-02-23,P0436,E01393,8.8
2026-02-23,P0440,E01240,8.8
2026-02-23,P0444,E01352,8.8
2026-02-23,P0461,E01303,8.8
2026-02-23,P0468,E01397,8.8
2026-02-23,P0490,E01389,8.8
2026-02-23,P0496,E01126,8.8
2026-02-23,P0555,E00968,8.8
2026-02-23,P0580,E01398,8.8
2026-02-23,P0602,E01399,8.8
2026-02-23,P0630,E01348,8.8
2026-02-23,P0648,E01382,8.8
2026-02-23,P0657,E01275,8.8
2026-02-23,P0680,E01394,8.8
2026-02-23,P0708,E01252,8.8
2026-02-24,P0039,E01361,8.8
2026-02-24,P0066,E01395,8.8
2026-02-24,P0125,E01379,8.8
2026-02-24,P0174,E01254,8.8
2026-02-24,P0245,E01390,8.8
2026-02-24,P0257,E01400,8.8
2026-02-24,P0271,E01380,8.8
2026-02-24,P0275,E01401,8.8
2026-02-24,P0299,E01307,8.8
2026-02-24,P0317,E01384,8.8
2026-02-24,P0323,E01334,4.4
2026-02-24,P0330,E01388,8.8
2026-02-24,P0386,E01217,8.8
2026-02-24,P0390,E01351,4.4
2026-02-24,P0412,E01375,8.8
2026-02-24,P0415,E01274,8.8
2026-02-24,P0440,E01240,8.8
2026-02-24,P0444,E01352,8.8
2026-02-24,P0461,E01303,8.8
2026-02-24,P0490,E01389,8.8
2026-02-24,P0496,E01126,8.8
2026-02-24,P0555,E00968,8.8
2026-02-24,P0580,E01398,8.8
2026-02-24,P0602,E01399,8.8
2026-02-24,P0648,E01382,8.8
2026-02-24,P0657,E01275,8.8
2026-02-24,P0680,E01394,8.8
2026-02-24,P0705,E01402,8.8
2026-02-24,P0708,E01252,8.8
2026-02-25,P0039,E01361,8.8
2026-02-25,P0125,E01379,8.8
2026-02-25,P0174,E01254,8.8
2026-02-25,P0245,E01390,8.8
2026-02-25,P0257,E01400,8.8
2026-02-25,P0271,E01380,8.8
2026-02-25,P0275,E01401,8.8
2026-02-25,P0299,E01307,8.8
2026-02-25,P0317,E01384,8.8
2026-02-25,P0323,E01334,4.4
2026-02-25,P0330,E01388,8.8
2026-02-25,P0386,E01217,8.8
2026-02-25,P0390,E01351,4.4
2026-02-25,P0412,E01375,8.8
2026-02-25,P0415,E01274,8.8
2026-02-25,P0440,E01240,8.8
2026-02-25,P0444,E01352,8.8
2026-02-25,P0461,E01303,8.8
2026-02-25,P0490,E01389,8.8
2026-02-25,P0496,E01126,8.8
2026-02-25,P0540,E01403,8.8
2026-02-25,P0553,E01404,8.8
2026-02-25,P0555,E00968,8.8
2026-02-25,P0580,E01398,8.8
2026-02-25,P0602,E01399,8.8
2026-02-25,P0648,E01382,8.8
2026-02-25,P0657,E01275,8.8
2026-02-25,P0680,E01394,8.8
2026-02-25,P0708,E01252,8.8
2026-02-26,P0039,E01361,8.8
2026-02-26,P0092,E01405,8.8
2026-02-26,P0125,E01379,8.8
2026-02-26,P0174,E01254,8.8
2026-02-26,P0245,E01390,8.8
2026-02-26,P0257,E01400,8.8
2026-02-26,P0271,E01380,8.8
2026-02-26,P0299,E01307,8.8
2026-02-26,P0317,E01384,8.8
2026-02-26,P0323,E01334,4.4
2026-02-26,P0330,E01388,8.8
2026-02-26,P0386,E01217,8.8
2026-02-26,P0390,E01351,4.4
2026-02-26,P0412,E01375,8.8
2026-02-26,P0415,E01274,8.8
2026-02-26,P0440,E01240,8.8
2026-02-26,P0444,E01352,8.8
2026-02-26,P0461,E01303,8.8
2026-02-26,P0490,E01389,8.8
2026-02-26,P0496,E01126,8.8
2026-02-26,P0540,E01403,8.8
2026-02-26,P0553,E01404,8.8
2026-02-26,P0555,E00968,8.8
2026-02-26,P0580,E01398,8.8
2026-02-26,P0602,E01399,8.8
2026-02-26,P0648,E01382,8.8
2026-02-26,P0657,E01275,8.8
2026-02-26,P0701,E01406,8.8
2026-02-26,P0708,E01252,8.8
2026-02-27,P0039,E01361,8.8
2026-02-27,P0118,E01407,8.8
2026-02-27,P0125,E01379,8.8
2026-02-27,P0174,E01254,8.8
2026-02-27,P0257,E01400,8.8
2026-02-27,P0271,E01380,8.8
2026-02-27,P0299,E01307,8.8
2026-02-27,P0311,E01408,8.8
2026-02-27,P0317,E01384,8.8
2026-02-27,P0323,E01334,4.4
2026-02-27,P0330,E01388,8.8
2026-02-27,P0386,E01217,8.8
2026-02-27,P0390,E01351,4.4
2026-02-27,P0412,E01375,8.8
2026-02-27,P0415,E01274,8.8
2026-02-27,P0440,E01240,8.8
2026-02-27,P0444,E01352,8.8
2026-02-27,P0461,E01303,8.8
2026-02-27,P0488,E01409,8.8
2026-02-27,P0490,E01389,8.8
2026-02-27,P0496,E01126,8.8
2026-02-27,P0540,E01403,8.8
2026-02-27,P0553,E01404,8.8
2026-02-27,P0555,E00968,8.8
2026-02-27,P0580,E01398,8.8
2026-02-27,P0591,E01410,8.8
2026-02-27,P0602,E01399,8.8
2026-02-27,P0648,E01382,8.8
2026-02-27,P0657,E01275,8.8
2026-02-27,P0701,E01406,8.8
2026-02-27,P0708,E01252,8.8
2026-03-02,P0039,E01361,8.8
2026-03-02,P0098,E01411,8.8
2026-03-02,P0118,E01407,8.8
2026-03-02,P0125,E01379,8.8
2026-03-02,P0174,E01254,8.8
2026-03-02,P0257,E01400,8.8
2026-03-02,P0271,E01380,8.8
2026-03-02,P0299,E01307,8.8
2026-03-02,P0311,E01408,8.8
2026-03-02,P0317,E01384,8.8
2026-03-02,P0323,E01334,4.4
2026-03-02,P0330,E01388,8.8
2026-03-02,P0384,E01412,8.8
2026-03-02,P0386,E01217,8.8
2026-03-02,P0390,E01351,4.4
2026-03-02,P0412,E01375,8.8
2026-03-02,P0415,E01274,8.8
2026-03-02,P0440,E01240,8.8
2026-03-02,P0444,E01352,8.8
2026-03-02,P0488,E01409,8.8
2026-03-02,P0490,E01389,8.8
2026-03-02,P0496,E01126,8.8
2026-03-02,P0540,E01403,8.8
2026-03-02,P0555,E00968,8.8
2026-03-02,P0580,E01398,8.8
2026-03-02,P0591,E01410,8.8
2026-03-02,P0639,E01413,8.8
2026-03-02,P0648,E01382,8.8
2026-03-02,P0657,E01275,8.8
2026-03-03,P0039,E01361,8.8
2026-03-03,P0098,E01411,8.8
2026-03-03,P0118,E01414,8.8
2026-03-03,P0125,E01379,8.8
2026-03-03,P0174,E01254,8.8
2026-03-03,P0192,E01415,4.4
2026-03-03,P0271,E01380,8.8
2026-03-03,P0299,E01307,8.8
2026-03-03,P0311,E01408,8.8
2026-03-03,P0317,E01384,8.8
2026-03-03,P0323,E01334,4.4
2026-03-03,P0330,E01388,8.8
2026-03-03,P0339,E01416,8.8
2026-03-03,P0384,E01412,8.8
2026-03-03,P0386,E01217,8.8
2026-03-03,P0390,E01351,4.4
2026-03-03,P0415,E01274,8.8
2026-03-03,P0440,E01240,8.8
2026-03-03,P0444,E01352,8.8
2026-03-03,P0488,E01409,8.8
2026-03-03,P0490,E01389,8.8
2026-03-03,P0496,E01126,8.8
2026-03-03,P0555,E00968,8.8
2026-03-03,P0580,E01398,8.8
2026-03-03,P0591,E01410,8.8
2026-03-03,P0639,E01413,8.8
2026-03-03,P0648,E01382,8.8
2026-03-03,P0657,E01275,8.8
2026-03-04,P0039,E01361,8.8
2026-03-04,P0098,E01411,8.8
2026-03-04,P0118,E01414,8.8
2026-03-04,P0125,E01379,8.8
2026-03-04,P0174,E01254,8.8
2026-03-04,P0257,E01417,8.8
2026-03-04,P0271,E01380,8.8
2026-03-04,P0299,E01307,8.8
2026-03-04,P0311,E01408,8.8
2026-03-04,P0317,E01384,8.8
2026-03-04,P0323,E01334,4.4
2026-03-04,P0330,E01388,8.8
2026-03-04,P0339,E01416,8.8
2026-03-04,P0384,E01412,8.8
2026-03-04,P0386,E01217,8.8
2026-03-04,P0390,E01351,4.4
2026-03-04,P0399,E01418,8.8
2026-03-04,P0415,E01274,8.8
2026-03-04,P0440,E01240,8.8
2026-03-04,P0488,E01409,8.8
2026-03-04,P0490,E01389,8.8
2026-03-04,P0496,E01126,8.8
2026-03-04,P0555,E00968,8.8
2026-03-04,P0580,E01398,8.8
2026-03-04,P0591,E01410,8.8
2026-03-04,P0639,E01413,8.8
2026-03-04,P0648,E01382,8.8
2026-03-04,P0657,E01275,8.8
2026-03-05,P0039,E01361,8.8
2026-03-05,P0082,E01419,8.8
2026-03-05,P0098,E01411,8.8
2026-03-05,P0118,E01414,8.8
2026-03-05,P0125,E01379,8.8
2026-03-05,P0157,E01420,8.8
2026-03-05,P0174,E01254,8.8
2026-03-05,P0223,E01421,8.8
2026-03-05,P0229,E01422,8.8
2026-03-05,P0271,E01380,8.8
2026-03-05,P0299,E01307,8.8
2026-03-05,P0311,E01408,8.8
2026-03-05,P0317,E01384,8.8
2026-03-05,P0323,E01334,4.4
2026-03-05,P0330,E01388,8.8
2026-03-05,P0339,E01416,8.8
2026-03-05,P0384,E01412,8.8
2026-03-05,P0386,E01217,8.8
2026-03-05,P0390,E01351,4.4
2026-03-05,P0399,E01418,8.8
2026-03-05,P0415,E01274,8.8
2026-03-05,P0440,E01240,8.8
2026-03-05,P0443,E01423,8.8
2026-03-05,P0488,E01409,8.8
2026-03-05,P0490,E01389,8.8
2026-03-05,P0496,E01126,8.8
2026-03-05,P0555,E00968,8.8
2026-03-05,P0580,E01398,8.8
2026-03-05,P0591,E01410,8.8
2026-03-05,P0639,E01413,8.8
2026-03-05,P0648,E01382,8.8
2026-03-05,P0657,E01275,8.8
2026-03-05,P0704,E01424,8.8
2026-03-06,P0039,E01361,8.8
2026-03-06,P0082,E01419,8.8
2026-03-06,P0092,E01425,8.8
2026-03-06,P0098,E01411,8.8
2026-03-06,P0118,E01414,8.8
2026-03-06,P0125,E01379,8.8
2026-03-06,P0127,E01426,8.8
2026-03-06,P0157,E01420,8.8
2026-03-06,P0174,E01254,8.8
2026-03-06,P0196,E01427,8.8
2026-03-06,P0229,E01422,8.8
2026-03-06,P0271,E01380,8.8
2026-03-06,P0278,E01428,8.8
2026-03-06,P0299,E01307,8.8
2026-03-06,P0311,E01408,8.8
2026-03-06,P0317,E01384,8.8
2026-03-06,P0323,E01334,4.4
2026-03-06,P0330,E01388,8.8
2026-03-06,P0384,E01412,8.8
2026-03-06,P0386,E01217,8.8
2026-03-06,P0390,E01351,4.4
2026-03-06,P0399,E01418,8.8
2026-03-06,P0415,E01274,8.8
2026-03-06,P0440,E01240,8.8
2026-03-06,P0443,E01423,8.8
2026-03-06,P0488,E01409,8.8
2026-03-06,P0496,E01126,8.8
2026-03-06,P0555,E00968,8.8
2026-03-06,P0591,E01410,8.8
2026-03-06,P0639,E01413,8.8
2026-03-06,P0641,E01429,8.8
2026-03-06,P0648,E01382,8.8
2026-03-06,P0657,E01275,8.8
2026-03-06,P0698,E01430,8.8
2026-03-06,P0704,E01424,8.8
2026-03-09,P0039,E01361,8.8
2026-03-09,P0082,E01419,8.8
2026-03-09,P0098,E01411,8.8
2026-03-09,P0125,E01379,8.8
2026-03-09,P0127,E01426,8.8
2026-03-09,P0157,E01420,8.8
2026-03-09,P0174,E01254,8.8
2026-03-09,P0229,E01422,8.8
2026-03-09,P0271,E01380,8.8
2026-03-09,P0299,E01307,8.8
2026-03-09,P0317,E01384,8.8
2026-03-09,P0323,E01334,4.4
2026-03-09,P0330,E01388,8.8
2026-03-09,P0386,E01217,8.8
2026-03-09,P0399,E01418,8.8
2026-03-09,P0415,E01274,8.8
2026-03-09,P0440,E01240,8.8
2026-03-09,P0443,E01423,8.8
2026-03-09,P0488,E01409,8.8
2026-03-09,P0495,E01431,8.8
2026-03-09,P0496,E01126,8.8
2026-03-09,P0555,E00968,8.8
2026-03-09,P0648,E01382,8.8
2026-03-09,P0657,E01275,8.8
2026-03-09,P0693,E01432,8.8
2026-03-09,P0698,E01430,8.8
2026-03-09,P0703,E01433,8.8
2026-03-09,P0704,E01424,8.8
2026-03-10,P0039,E01361,8.8
2026-03-10,P0098,E01411,8.8
2026-03-10,P0125,E01379,8.8
2026-03-10,P0127,E01426,8.8
2026-03-10,P0157,E01420,8.8
2026-03-10,P0174,E01254,8.8
2026-03-10,P0229,E01422,8.8
2026-03-10,P0238,E01434,8.8
2026-03-10,P0271,E01380,8.8
2026-03-10,P0299,E01307,8.8
2026-03-10,P0317,E01384,8.8
2026-03-10,P0323,E01334,4.4
2026-03-10,P0330,E01388,8.8
2026-03-10,P0371,E01435,8.8
2026-03-10,P0386,E01217,8.8
2026-03-10,P0399,E01418,8.8
2026-03-10,P0415,E01274,8.8
2026-03-10,P0440,E01240,8.8
2026-03-10,P0443,E01423,8.8
2026-03-10,P0488,E01409,8.8
2026-03-10,P0495,E01431,8.8
2026-03-10,P0496,E01126,8.8
2026-03-10,P0515,E01436,8.8
2026-03-10,P0555,E00968,8.8
2026-03-10,P0598,E01437,8.8
2026-03-10,P0617,E01438,8.8
2026-03-10,P0641,E01439,8.8
2026-03-10,P0657,E01275,8.8
2026-03-10,P0698,E01430,8.8
2026-03-10,P0703,E01433,8.8
2026-03-11,P0028,E01440,8.8
2026-03-11,P0039,E01361,8.8
2026-03-11,P0098,E01411,8.8
2026-03-11,P0125,E01379,8.8
2026-03-11,P0157,E01420,8.8
2026-03-11,P0174,E01254,8.8
2026-03-11,P0229,E01422,8.8
2026-03-11,P0238,E01434,8.8
2026-03-11,P0246,E01441,8.8
2026-03-11,P0271,E01380,8.8
2026-03-11,P0299,E01307,8.8
2026-03-11,P0300,E01442,8.8
2026-03-11,P0317,E01384,8.8
2026-03-11,P0319,E01443,8.8
2026-03-11,P0323,E01334,4.4
2026-03-11,P0330,E01388,8.8
2026-03-11,P0371,E01435,8.8
2026-03-11,P0386,E01217,8.8
2026-03-11,P0399,E01418,8.8
2026-03-11,P0415,E01274,8.8
2026-03-11,P0440,E01240,8.8
2026-03-11,P0443,E01423,8.8
2026-03-11,P0488,E01409,8.8
2026-03-11,P0495,E01431,8.8
2026-03-11,P0496,E01126,8.8
2026-03-11,P0539,E01444,8.8
2026-03-11,P0555,E00968,8.8
2026-03-11,P0602,E01445,8.8
2026-03-11,P0617,E01438,8.8
2026-03-11,P0641,E01439,8.8
2026-03-11,P0657,E01275,8.8
2026-03-11,P0698,E01430,8.8
2026-03-11,P0703,E01433,8.8
2026-03-12,P0039,E01361,8.8
2026-03-12,P0098,E01411,8.8
2026-03-12,P0125,E01379,8.8
2026-03-12,P0157,E01420,8.8
2026-03-12,P0174,E01254,8.8
2026-03-12,P0229,E01422,8.8
2026-03-12,P0238,E01434,8.8
2026-03-12,P0246,E01441,8.8
2026-03-12,P0299,E01307,8.8
2026-03-12,P0300,E01442,8.8
2026-03-12,P0317,E01384,8.8
2026-03-12,P0319,E01443,8.8
2026-03-12,P0323,E01334,4.4
2026-03-12,P0330,E01388,8.8
2026-03-12,P0371,E01435,8.8
2026-03-12,P0382,E01446,8.8
2026-03-12,P0386,E01217,8.8
2026-03-12,P0415,E01274,8.8
2026-03-12,P0440,E01240,8.8
2026-03-12,P0443,E01423,8.8
2026-03-12,P0495,E01431,8.8
2026-03-12,P0496,E01126,8.8
2026-03-12,P0524,E01447,8.8
2026-03-12,P0555,E00968,8.8
2026-03-12,P0575,E01448,8.8
2026-03-12,P0628,E01449,8.8
2026-03-12,P0641,E01439,8.8
2026-03-12,P0657,E01275,8.8
2026-03-12,P0698,E01430,8.8
2026-03-12,P0703,E01433,8.8
2026-03-13,P0039,E01361,8.8
2026-03-13,P0077,E01450,8.8
2026-03-13,P0098,E01411,8.8
2026-03-13,P0125,E01379,8.8
2026-03-13,P0157,E01420,8.8
2026-03-13,P0174,E01254,8.8
2026-03-13,P0229,E01422,8.8
2026-03-13,P0238,E01434,8.8
2026-03-13,P0299,E01307,8.8
2026-03-13,P0300,E01442,8.8
2026-03-13,P0317,E01384,8.8
2026-03-13,P0319,E01443,8.8
2026-03-13,P0323,E01334,4.4
2026-03-13,P0330,E01388,8.8
2026-03-13,P0361,E01451,8.8
2026-03-13,P0371,E01435,8.8
2026-03-13,P0386,E01217,8.8
2026-03-13,P0415,E01274,8.8
2026-03-13,P0440,E01240,8.8
2026-03-13,P0443,E01423,8.8
2026-03-13,P0495,E01431,8.8
2026-03-13,P0496,E01126,8.8
2026-03-13,P0524,E01447,8.8
2026-03-13,P0555,E00968,8.8
2026-03-13,P0575,E01448,8.8
2026-03-13,P0641,E01439,8.8
2026-03-13,P0657,E01275,8.8
2026-03-13,P0698,E01430,8.8
2026-03-16,P0039,E01361,8.8
2026-03-16,P0085,E01452,8.8
2026-03-16,P0098,E01411,8.8
2026-03-16,P0125,E01379,8.8
2026-03-16,P0229,E01422,8.8
2026-03-16,P0238,E01434,8.8
2026-03-16,P0299,E01307,8.8
2026-03-16,P0300,E01442,8.8
2026-03-16,P0309,E01453,8.8
2026-03-16,P0317,E01384,8.8
2026-03-16,P0319,E01443,8.8
2026-03-16,P0323,E01334,4.4
2026-03-16,P0330,E01388,8.8
2026-03-16,P0361,E01451,8.8
2026-03-16,P0371,E01435,8.8
2026-03-16,P0386,E01217,8.8
2026-03-16,P0415,E01274,8.8
2026-03-16,P0443,E01423,8.8
2026-03-16,P0463,E01454,8.8
2026-03-16,P0495,E01431,8.8
2026-03-16,P0496,E01126,8.8
2026-03-16,P0524,E01447,8.8
2026-03-16,P0555,E00968,8.8
2026-03-16,P0575,E01448,8.8
2026-03-16,P0591,E01455,8.8
2026-03-16,P0634,E01456,8.8
2026-03-16,P0641,E01439,8.8
2026-03-16,P0671,E01457,8.8
2026-03-16,P0698,E01430,8.8
2026-03-16,P0700,E01458,8.8
2026-03-17,P0039,E01361,8.8
2026-03-17,P0098,E01411,8.8
2026-03-17,P0125,E01379,8.8
2026-03-17,P0229,E01422,8.8
2026-03-17,P0238,E01434,8.8
2026-03-17,P0299,E01307,8.8
2026-03-17,P0300,E01442,8.8
2026-03-17,P0309,E01453,8.8
2026-03-17,P0317,E01384,8.8
2026-03-17,P0319,E01443,8.8
2026-03-17,P0323,E01334,4.4
2026-03-17,P0330,E01388,8.8
2026-03-17,P0371,E01435,8.8
2026-03-17,P0382,E01459,8.8
2026-03-17,P0386,E01217,8.8
2026-03-17,P0391,E01460,8.8
2026-03-17,P0415,E01274,8.8
2026-03-17,P0443,E01423,8.8
2026-03-17,P0463,E01454,8.8
2026-03-17,P0464,E01461,8.8
2026-03-17,P0495,E01431,8.8
2026-03-17,P0555,E00968,8.8
2026-03-17,P0575,E01448,8.8
2026-03-17,P0591,E01455,8.8
2026-03-17,P0634,E01456,8.8
2026-03-17,P0641,E01439,8.8
2026-03-17,P0657,E01462,8.8
2026-03-17,P0671,E01457,8.8
2026-03-17,P0698,E01430,8.8
2026-03-17,P0700,E01458,8.8
2026-03-17,P0728,E01463,8.8
2026-03-17,P0737,E01464,8.8
2026-03-18,P0039,E01361,8.8
2026-03-18,P0082,E01465,8.8
2026-03-18,P0098,E01411,8.8
2026-03-18,P0108,E01466,8.8
2026-03-18,P0125,E01379,8.8
2026-03-18,P0229,E01422,8.8
2026-03-18,P0238,E01434,8.8
2026-03-18,P0246,E01467,8.8
2026-03-18,P0299,E01307,8.8
2026-03-18,P0300,E01442,8.8
2026-03-18,P0309,E01453,8.8
2026-03-18,P0317,E01384,8.8
2026-03-18,P0319,E01443,8.8
2026-03-18,P0323,E01334,4.4
2026-03-18,P0330,E01388,8.8
2026-03-18,P0371,E01435,8.8
2026-03-18,P0382,E01459,8.8
2026-03-18,P0386,E01217,8.8
2026-03-18,P0391,E01460,8.8
2026-03-18,P0415,E01274,8.8
2026-03-18,P0443,E01423,8.8
2026-03-18,P0464,E01461,8.8
2026-03-18,P0495,E01431,8.8
2026-03-18,P0502,E01468,8.8
2026-03-18,P0555,E00968,8.8
2026-03-18,P0575,E01448,8.8
2026-03-18,P0581,E01469,8.8
2026-03-18,P0598,E01470,8.8
2026-03-18,P0628,E01471,8.8
2026-03-18,P0634,E01456,8.8
2026-03-18,P0641,E01439,8.8
2026-03-18,P0657,E01462,8.8
2026-03-18,P0671,E01457,8.8
2026-03-18,P0698,E01430,8.8
2026-03-18,P0700,E01458,8.8
2026-03-18,P0718,E01472,8.8
2026-03-18,P0737,E01464,8.8
2026-03-19,P0023,E01473,4.4
2026-03-19,P0039,E01361,8.8
2026-03-19,P0080,E01474,8.8
2026-03-19,P0098,E01411,8.8
2026-03-19,P0125,E01379,8.8
2026-03-19,P0229,E01422,8.8
2026-03-19,P0238,E01434,8.8
2026-03-19,P0299,E01307,8.8
2026-03-19,P0300,E01442,8.8
2026-03-19,P0309,E01453,8.8
2026-03-19,P0317,E01384,8.8
2026-03-19,P0319,E01443,8.8
2026-03-19,P0323,E01334,4.4
2026-03-19,P0371,E01435,8.8
2026-03-19,P0382,E01459,8.8
2026-03-19,P0384,E01475,8.8
2026-03-19,P0386,E01217,8.8
2026-03-19,P0391,E01460,8.8
2026-03-19,P0415,E01274,8.8
2026-03-19,P0443,E01423,8.8
2026-03-19,P0464,E01461,8.8
2026-03-19,P0495,E01431,8.8
2026-03-19,P0502,E01468,8.8
2026-03-19,P0581,E01469,8.8
2026-03-19,P0598,E01470,8.8
2026-03-19,P0628,E01471,8.8
2026-03-19,P0641,E01439,8.8
2026-03-19,P0657,E01462,8.8
2026-03-19,P0685,E01476,4.4
2026-03-19,P0700,E01458,8.8
2026-03-19,P0718,E01472,8.8
2026-03-19,P0737,E01464,8.8
2026-03-20,P0023,E01473,4.4
2026-03-20,P0039,E01361,8.8
2026-03-20,P0051,E01477,8.8
2026-03-20,P0080,E01474,8.8
2026-03-20,P0098,E01411,8.8
2026-03-20,P0125,E01379,8.8
2026-03-20,P0229,E01422,8.8
2026-03-20,P0238,E01434,8.8
2026-03-20,P0299,E01307,8.8
2026-03-20,P0309,E01453,8.8
2026-03-20,P0317,E01384,8.8
2026-03-20,P0319,E01443,8.8
2026-03-20,P0321,E01478,8.8
2026-03-20,P0323,E01334,4.4
2026-03-20,P0371,E01435,8.8
2026-03-20,P0382,E01459,8.8
2026-03-20,P0386,E01217,8.8
2026-03-20,P0391,E01460,8.8
2026-03-20,P0415,E01274,8.8
2026-03-20,P0443,E01423,8.8
2026-03-20,P0461,E01479,8.8
2026-03-20,P0464,E01461,8.8
2026-03-20,P0495,E01431,8.8
2026-03-20,P0502,E01468,8.8
2026-03-20,P0581,E01469,8.8
2026-03-20,P0598,E01470,8.8
2026-03-20,P0628,E01471,8.8
2026-03-20,P0641,E01439,8.8
2026-03-20,P0651,E01480,8.8
2026-03-20,P0657,E01462,8.8
2026-03-20,P0700,E01458,8.8
2026-03-20,P0718,E01472,8.8
2026-03-20,P0737,E01464,8.8
2026-03-23,P0023,E01473,4.4
2026-03-23,P0039,E01361,8.8
2026-03-23,P0051,E01477,8.8
2026-03-23,P0080,E01474,8.8
2026-03-23,P0098,E01411,8.8
2026-03-23,P0125,E01379,8.8
2026-03-23,P0229,E01422,8.8
2026-03-23,P0238,E01434,8.8
2026-03-23,P0299,E01307,8.8
2026-03-23,P0309,E01453,8.8
2026-03-23,P0317,E01384,8.8
2026-03-23,P0319,E01443,8.8
2026-03-23,P0321,E01478,8.8
2026-03-23,P0323,E01334,4.4
2026-03-23,P0371,E01435,8.8
2026-03-23,P0382,E01459,8.8
2026-03-23,P0386,E01217,8.8
2026-03-23,P0391,E01460,8.8
2026-03-23,P0415,E01274,8.8
2026-03-23,P0443,E01423,8.8
2026-03-23,P0461,E01479,8.8
2026-03-23,P0464,E01461,8.8
2026-03-23,P0470,E01481,8.8
2026-03-23,P0495,E01431,8.8
2026-03-23,P0502,E01468,8.8
2026-03-23,P0568,E01482,8.8
2026-03-23,P0581,E01469,8.8
2026-03-23,P0598,E01470,8.8
2026-03-23,P0628,E01471,8.8
2026-03-23,P0641,E01439,8.8
2026-03-23,P0651,E01480,8.8
2026-03-23,P0657,E01462,8.8
2026-03-23,P0700,E01458,8.8
2026-03-23,P0737,E01464,8.8
2026-03-24,P0023,E01473,4.4
2026-03-24,P0037,E01483,8.8
2026-03-24,P0039,E01361,8.8
2026-03-24,P0049,E01484,8.8
2026-03-24,P0051,E01477,8.8
2026-03-24,P0080,E01474,8.8
2026-03-24,P0098,E01411,8.8
2026-03-24,P0101,E01485,8.8
2026-03-24,P0118,E01486,8.8
2026-03-24,P0125,E01379,8.8
2026-03-24,P0229,E01422,8.8
2026-03-24,P0238,E01434,8.8
2026-03-24,P0256,E01487,8.8
2026-03-24,P0299,E01307,8.8
2026-03-24,P0309,E01453,8.8
2026-03-24,P0317,E01384,8.8
2026-03-24,P0319,E01443,8.8
2026-03-24,P0321,E01478,8.8
2026-03-24,P0323,E01334,4.4
2026-03-24,P0371,E01435,8.8
2026-03-24,P0382,E01459,8.8
2026-03-24,P0386,E01217,8.8
2026-03-24,P0391,E01460,8.8
2026-03-24,P0415,E01274,8.8
2026-03-24,P0443,E01423,8.8
2026-03-24,P0461,E01479,8.8
2026-03-24,P0464,E01461,8.8
2026-03-24,P0470,E01481,8.8
2026-03-24,P0495,E01431,8.8
2026-03-24,P0502,E01468,8.8
2026-03-24,P0568,E01482,8.8
2026-03-24,P0581,E01469,8.8
2026-03-24,P0598,E01470,8.8
2026-03-24,P0628,E01471,8.8
2026-03-24,P0641,E01439,8.8
2026-03-24,P0648,E01488,8.8
2026-03-24,P0651,E01480,8.8
2026-03-24,P0657,E01462,8.8
2026-03-24,P0700,E01458,8.8
2026-03-24,P0727,E01489,8.8
2026-03-24,P0737,E01464,8.8
2026-03-25,P0023,E01473,4.4
2026-03-25,P0037,E01483,8.8
2026-03-25,P0039,E01361,8.8
2026-03-25,P0051,E01477,8.8
2026-03-25,P0053,E01490,8.8
2026-03-25,P0080,E01474,8.8
2026-03-25,P0098,E01411,8.8
2026-03-25,P0101,E01485,8.8
2026-03-25,P0118,E01486,8.8
2026-03-25,P0125,E01379,8.8
2026-03-25,P0229,E01422,8.8
2026-03-25,P0238,E01434,8.8
2026-03-25,P0256,E01487,8.8
2026-03-25,P0299,E01307,8.8
2026-03-25,P0309,E01453,8.8
2026-03-25,P0317,E01384,8.8
2026-03-25,P0319,E01443,8.8
2026-03-25,P0321,E01478,8.8
2026-03-25,P0323,E01334,4.4
2026-03-25,P0371,E01435,8.8
2026-03-25,P0382,E01459,8.8
2026-03-25,P0386,E01217,8.8
2026-03-25,P0391,E01460,8.8
2026-03-25,P0415,E01274,8.8
2026-03-25,P0440,E01491,8.8
2026-03-25,P0443,E01423,8.8
2026-03-25,P0461,E01479,8.8
2026-03-25,P0470,E01481,8.8
2026-03-25,P0490,E01492,8.8
2026-03-25,P0495,E01431,8.8
2026-03-25,P0502,E01468,8.8
2026-03-25,P0568,E01482,8.8
2026-03-25,P0581,E01469,8.8
2026-03-25,P0598,E01470,8.8
2026-03-25,P0627,E01493,4.4
2026-03-25,P0628,E01471,8.8
2026-03-25,P0641,E01439,8.8
2026-03-25,P0651,E01480,8.8
2026-03-25,P0657,E01462,8.8
2026-03-25,P0700,E01458,8.8
2026-03-25,P0727,E01489,8.8
2026-03-26,P0023,E01473,4.4
2026-03-26,P0037,E01483,8.8
2026-03-26,P0039,E01361,8.8
2026-03-26,P0051,E01477,8.8
2026-03-26,P0053,E01490,8.8
2026-03-26,P0080,E01474,8.8
2026-03-26,P0098,E01411,8.8
2026-03-26,P0101,E01485,8.8
2026-03-26,P0118,E01486,8.8
2026-03-26,P0125,E01379,8.8
2026-03-26,P0229,E01422,8.8
2026-03-26,P0256,E01487,8.8
2026-03-26,P0299,E01307,8.8
2026-03-26,P0309,E01453,8.8
2026-03-26,P0317,E01384,8.8
2026-03-26,P0319,E01443,8.8
2026-03-26,P0321,E01478,8.8
2026-03-26,P0323,E01334,4.4
2026-03-26,P0324,E01494,8.8
2026-03-26,P0371,E01435,8.8
2026-03-26,P0382,E01459,8.8
2026-03-26,P0386,E01217,8.8
2026-03-26,P0391,E01460,8.8
2026-03-26,P0415,E01274,8.8
2026-03-26,P0440,E01491,8.8
2026-03-26,P0443,E01423,8.8
2026-03-26,P0461,E01479,8.8
2026-03-26,P0470,E01481,8.8
2026-03-26,P0490,E01492,8.8
2026-03-26,P0495,E01431,8.8
2026-03-26,P0502,E01468,8.8
2026-03-26,P0513,E01495,8.8
2026-03-26,P0568,E01482,8.8
2026-03-26,P0581,E01469,8.8
2026-03-26,P0598,E01470,8.8
2026-03-26,P0627,E01493,4.4
2026-03-26,P0628,E01471,8.8
2026-03-26,P0641,E01439,8.8
2026-03-26,P0651,E01480,8.8
2026-03-26,P0657,E01462,8.8
2026-03-26,P0701,E01496,8.8
2026-03-26,P0727,E01489,8.8
2026-03-27,P0023,E01473,4.4
2026-03-27,P0037,E01483,8.8
2026-03-27,P0039,E01361,8.8
2026-03-27,P0051,E01477,8.8
2026-03-27,P0053,E01490,8.8
2026-03-27,P0080,E01474,8.8
2026-03-27,P0098,E01411,8.8
2026-03-27,P0101,E01485,8.8
2026-03-27,P0118,E01486,8.8
2026-03-27,P0125,E01379,8.8
2026-03-27,P0229,E01422,8.8
2026-03-27,P0256,E01487,8.8
2026-03-27,P0299,E01307,8.8
2026-03-27,P0309,E01453,8.8
2026-03-27,P0317,E01384,8.8
2026-03-27,P0319,E01443,8.8
2026-03-27,P0321,E01478,8.8
2026-03-27,P0323,E01334,4.4
2026-03-27,P0371,E01435,8.8
2026-03-27,P0386,E01217,8.8
2026-03-27,P0391,E01460,8.8
2026-03-27,P0415,E01274,8.8
2026-03-27,P0440,E01491,8.8
2026-03-27,P0443,E01423,8.8
2026-03-27,P0461,E01479,8.8
2026-03-27,P0470,E01481,8.8
2026-03-27,P0490,E01492,8.8
2026-03-27,P0495,E01431,8.8
2026-03-27,P0502,E01468,8.8
2026-03-27,P0513,E01495,8.8
2026-03-27,P0568,E01482,8.8
2026-03-27,P0581,E01469,8.8
2026-03-27,P0598,E01470,8.8
2026-03-27,P0628,E01471,8.8
2026-03-27,P0641,E01439,8.8
2026-03-27,P0651,E01480,8.8
2026-03-27,P0657,E01462,8.8
2026-03-27,P0682,E01497,8.8
2026-03-27,P0701,E01496,8.8
2026-03-27,P0727,E01489,8.8
2026-03-30,P0011,E01498,8.8
2026-03-30,P0023,E01473,4.4
2026-03-30,P0037,E01483,8.8
2026-03-30,P0039,E01361,8.8
2026-03-30,P0051,E01477,8.8
2026-03-30,P0053,E01490,8.8
2026-03-30,P0080,E01474,8.8
2026-03-30,P0098,E01411,8.8
2026-03-30,P0101,E01485,8.8
2026-03-30,P0125,E01379,8.8
2026-03-30,P0166,E01499,8.8
2026-03-30,P0210,E01500,8.8
2026-03-30,P0229,E01422,8.8
2026-03-30,P0238,E01501,8.8
2026-03-30,P0256,E01487,8.8
2026-03-30,P0298,E01502,8.8
2026-03-30,P0299,E01307,8.8
2026-03-30,P0303,E01503,8.8
2026-03-30,P0308,E01504,4.4
2026-03-30,P0309,E01453,8.8
2026-03-30,P0317,E01384,8.8
2026-03-30,P0319,E01443,8.8
2026-03-30,P0323,E01334,4.4
2026-03-30,P0371,E01435,8.8
2026-03-30,P0386,E01217,8.8
2026-03-30,P0391,E01460,8.8
2026-03-30,P0415,E01274,8.8
2026-03-30,P0440,E01491,8.8
2026-03-30,P0443,E01423,8.8
2026-03-30,P0461,E01479,8.8
2026-03-30,P0470,E01481,8.8
2026-03-30,P0490,E01492,8.8
2026-03-30,P0502,E01468,8.8
2026-03-30,P0513,E01495,8.8
2026-03-30,P0530,E01505,8.8
2026-03-30,P0581,E01469,8.8
2026-03-30,P0598,E01470,8.8
2026-03-30,P0628,E01471,8.8
2026-03-30,P0641,E01439,8.8
2026-03-30,P0646,E01506,8.8
2026-03-30,P0651,E01480,8.8
2026-03-30,P0657,E01462,8.8
2026-03-30,P0682,E01497,8.8
2026-03-30,P0701,E01496,8.8
2026-03-30,P0727,E01489,8.8
2026-03-31,P0011,E01498,8.8
2026-03-31,P0023,E01473,4.4
2026-03-31,P0039,E01361,8.8
2026-03-31,P0051,E01477,8.8
2026-03-31,P0053,E01490,8.8
2026-03-31,P0080,E01474,8.8
2026-03-31,P0101,E01485,8.8
2026-03-31,P0125,E01379,8.8
2026-03-31,P0189,E01507,8.8
2026-03-31,P0210,E01500,8.8
2026-03-31,P0238,E01501,8.8
2026-03-31,P0256,E01487,8.8
2026-03-31,P0260,E01508,8.8
2026-03-31,P0298,E01502,8.8
2026-03-31,P0299,E01307,8.8
2026-03-31,P0303,E01503,8.8
2026-03-31,P0308,E01504,4.4
2026-03-31,P0309,E01453,8.8
2026-03-31,P0317,E01384,8.8
2026-03-31,P0319,E01443,8.8
2026-03-31,P0323,E01334,4.4
2026-03-31,P0371,E01435,8.8
2026-03-31,P0386,E01217,8.8
2026-03-31,P0391,E01460,8.8
2026-03-31,P0413,E01509,8.8
2026-03-31,P0415,E01274,8.8
2026-03-31,P0440,E01491,8.8
2026-03-31,P0461,E01479,8.8
2026-03-31,P0470,E01481,8.8
2026-03-31,P0490,E01492,8.8
2026-03-31,P0513,E01495,8.8
2026-03-31,P0530,E01505,8.8
2026-03-31,P0581,E01469,8.8
2026-03-31,P0598,E01470,8.8
2026-03-31,P0628,E01471,8.8
2026-03-31,P0641,E01439,8.8
2026-03-31,P0646,E01506,8.8
2026-03-31,P0651,E01480,8.8
2026-03-31,P0657,E01462,8.8
2026-03-31,P0682,E01497,8.8
2026-03-31,P0701,E01496,8.8
2026-03-31,P0702,E01510,8.8
2026-03-31,P0727,E01489,8.8
2026-04-01,P0011,E01498,8.8
2026-04-01,P0023,E01473,4.4
2026-04-01,P0039,E01361,8.8
2026-04-01,P0051,E01477,8.8
2026-04-01,P0053,E01490,8.8
2026-04-01,P0080,E01474,8.8
2026-04-01,P0101,E01485,8.8
2026-04-01,P0125,E01379,8.8
2026-04-01,P0174,E01511,8.8
2026-04-01,P0210,E01500,8.8
2026-04-01,P0238,E01501,8.8
2026-04-01,P0256,E01487,8.8
2026-04-01,P0298,E01502,8.8
2026-04-01,P0299,E01307,8.8
2026-04-01,P0308,E01504,4.4
2026-04-01,P0309,E01453,8.8
2026-04-01,P0317,E01384,8.8
2026-04-01,P0319,E01443,8.8
2026-04-01,P0323,E01334,4.4
2026-04-01,P0343,E01512,4.4
2026-04-01,P0371,E01435,8.8
2026-04-01,P0386,E01217,8.8
2026-04-01,P0413,E01509,8.8
2026-04-01,P0415,E01274,8.8
2026-04-01,P0440,E01491,8.8
2026-04-01,P0461,E01479,8.8
2026-04-01,P0470,E01481,8.8
2026-04-01,P0490,E01492,8.8
2026-04-01,P0513,E01495,8.8
2026-04-01,P0530,E01505,8.8
2026-04-01,P0581,E01469,8.8
2026-04-01,P0598,E01470,8.8
2026-04-01,P0626,E01513,8.8
2026-04-01,P0628,E01471,8.8
2026-04-01,P0641,E01439,8.8
2026-04-01,P0651,E01480,8.8
2026-04-01,P0657,E01462,8.8
2026-04-01,P0682,E01497,8.8
2026-04-01,P0701,E01496,8.8
2026-04-01,P0702,E01510,8.8
2026-04-01,P0727,E01489,8.8
2026-04-01,P0730,E01514,4.4
2026-04-02,P0011,E01498,8.8
2026-04-02,P0023,E01473,4.4
2026-04-02,P0036,E01515,8.8
2026-04-02,P0039,E01361,8.8
2026-04-02,P0051,E01477,8.8
2026-04-02,P0053,E01490,8.8
2026-04-02,P0080,E01474,8.8
2026-04-02,P0101,E01485,8.8
2026-04-02,P0125,E01379,8.8
2026-04-02,P0140,E01516,8.8
2026-04-02,P0174,E01511,8.8
2026-04-02,P0238,E01501,8.8
2026-04-02,P0256,E01487,8.8
2026-04-02,P0298,E01502,8.8
2026-04-02,P0299,E01307,8.8
2026-04-02,P0308,E01504,4.4
2026-04-02,P0309,E01453,8.8
2026-04-02,P0317,E01384,8.8
2026-04-02,P0319,E01443,8.8
2026-04-02,P0323,E01334,4.4
2026-04-02,P0343,E01512,4.4
2026-04-02,P0371,E01435,8.8
2026-04-02,P0384,E01517,8.8
2026-04-02,P0386,E01217,8.8
2026-04-02,P0415,E01274,8.8
2026-04-02,P0421,E01518,8.8
2026-04-02,P0440,E01491,8.8
2026-04-02,P0461,E01479,8.8
2026-04-02,P0468,E01519,8.8
2026-04-02,P0470,E01481,8.8
2026-04-02,P0476,E01520,8.8
2026-04-02,P0490,E01492,8.8
2026-04-02,P0513,E01495,8.8
2026-04-02,P0530,E01505,8.8
2026-04-02,P0540,E01521,8.8
2026-04-02,P0581,E01469,8.8
2026-04-02,P0598,E01470,8.8
2026-04-02,P0628,E01471,8.8
2026-04-02,P0641,E01439,8.8
2026-04-02,P0651,E01480,8.8
2026-04-02,P0657,E01462,8.8
2026-04-02,P0665,E01522,8.8
2026-04-02,P0701,E01496,8.8
2026-04-02,P0702,E01510,8.8
2026-04-02,P0727,E01489,8.8
2026-04-02,P0730,E01514,4.4
2026-04-03,P0011,E01498,8.8
2026-04-03,P0023,E01473,4.4
2026-04-03,P0039,E01361,8.8
2026-04-03,P0050,E01523,8.8
2026-04-03,P0051,E01477,8.8
2026-04-03,P0053,E01490,8.8
2026-04-03,P0080,E01474,8.8
2026-04-03,P0101,E01485,8.8
2026-04-03,P0125,E01379,8.8
2026-04-03,P0140,E01516,8.8
2026-04-03,P0174,E01511,8.8
2026-04-03,P0217,E01524,8.8
2026-04-03,P0238,E01501,8.8
2026-04-03,P0256,E01487,8.8
2026-04-03,P0298,E01502,8.8
2026-04-03,P0299,E01307,8.8
2026-04-03,P0308,E01504,4.4
2026-04-03,P0309,E01453,8.8
2026-04-03,P0317,E01384,8.8
2026-04-03,P0319,E01443,8.8
2026-04-03,P0323,E01334,4.4
2026-04-03,P0371,E01435,8.8
2026-04-03,P0384,E01517,8.8
2026-04-03,P0386,E01217,8.8
2026-04-03,P0415,E01274,8.8
2026-04-03,P0421,E01518,8.8
2026-04-03,P0440,E01491,8.8
2026-04-03,P0461,E01479,8.8
2026-04-03,P0468,E01519,8.8
2026-04-03,P0470,E01481,8.8
2026-04-03,P0476,E01520,8.8
2026-04-03,P0490,E01492,8.8
2026-04-03,P0513,E01495,8.8
2026-04-03,P0520,E01525,8.8
2026-04-03,P0530,E01505,8.8
2026-04-03,P0598,E01470,8.8
2026-04-03,P0628,E01471,8.8
2026-04-03,P0641,E01439,8.8
2026-04-03,P0651,E01480,8.8
2026-04-03,P0657,E01462,8.8
2026-04-03,P0665,E01522,8.8
2026-04-03,P0701,E01496,8.8
2026-04-03,P0702,E01510,8.8
2026-04-03,P0724,E01526,8.8
2026-04-03,P0727,E01489,8.8
2026-04-03,P0730,E01514,4.4
2026-04-06,P0011,E01498,8.8
2026-04-06,P0023,E01473,4.4
2026-04-06,P0039,E01361,8.8
2026-04-06,P0050,E01523,8.8
2026-04-06,P0051,E01477,8.8
2026-04-06,P0053,E01490,8.8
2026-04-06,P0080,E01474,8.8
2026-04-06,P0101,E01485,8.8
2026-04-06,P0125,E01379,8.8
2026-04-06,P0174,E01511,8.8
2026-04-06,P0217,E01524,8.8
2026-04-06,P0238,E01501,8.8
2026-04-06,P0246,E01527,8.8
2026-04-06,P0256,E01487,8.8
2026-04-06,P0298,E01502,8.8
2026-04-06,P0299,E01307,8.8
2026-04-06,P0308,E01504,4.4
2026-04-06,P0309,E01453,8.8
2026-04-06,P0317,E01384,8.8
2026-04-06,P0319,E01443,8.8
2026-04-06,P0323,E01334,4.4
2026-04-06,P0361,E01528,8.8
2026-04-06,P0371,E01435,8.8
2026-04-06,P0384,E01517,8.8
2026-04-06,P0386,E01217,8.8
2026-04-06,P0415,E01274,8.8
2026-04-06,P0440,E01491,8.8
2026-04-06,P0468,E01519,8.8
2026-04-06,P0470,E01481,8.8
2026-04-06,P0476,E01520,8.8
2026-04-06,P0490,E01492,8.8
2026-04-06,P0513,E01495,8.8
2026-04-06,P0598,E01470,8.8
2026-04-06,P0628,E01471,8.8
2026-04-06,P0641,E01439,8.8
2026-04-06,P0651,E01480,8.8
2026-04-06,P0657,E01462,8.8
2026-04-06,P0665,E01522,8.8
2026-04-06,P0683,E01529,8.8
2026-04-06,P0702,E01510,8.8
2026-04-06,P0704,E01530,8.8
2026-04-06,P0724,E01526,8.8
2026-04-06,P0727,E01489,8.8
2026-04-06,P0730,E01514,4.4
2026-04-07,P0007,E01531,8.8
2026-04-07,P0011,E01498,8.8
2026-04-07,P0039,E01361,8.8
2026-04-07,P0050,E01523,8.8
2026-04-07,P0051,E01477,8.8
2026-04-07,P0053,E01490,8.8
2026-04-07,P0101,E01485,8.8
2026-04-07,P0125,E01379,8.8
2026-04-07,P0182,E01532,8.8
2026-04-07,P0217,E01524,8.8
2026-04-07,P0238,E01501,8.8
2026-04-07,P0246,E01527,8.8
2026-04-07,P0256,E01487,8.8
2026-04-07,P0298,E01502,8.8
2026-04-07,P0299,E01307,8.8
2026-04-07,P0308,E01504,4.4
2026-04-07,P0309,E01453,8.8
2026-04-07,P0317,E01384,8.8
2026-04-07,P0319,E01443,8.8
2026-04-07,P0323,E01334,4.4
2026-04-07,P0361,E01528,8.8
2026-04-07,P0371,E01435,8.8
2026-04-07,P0384,E01517,8.8
2026-04-07,P0386,E01217,8.8
2026-04-07,P0415,E01274,8.8
2026-04-07,P0440,E01491,8.8
2026-04-07,P0468,E01519,8.8
2026-04-07,P0470,E01481,8.8
2026-04-07,P0476,E01520,8.8
2026-04-07,P0490,E01492,8.8
2026-04-07,P0513,E01495,8.8
2026-04-07,P0598,E01470,8.8
2026-04-07,P0641,E01439,8.8
2026-04-07,P0651,E01480,8.8
2026-04-07,P0657,E01462,8.8
2026-04-07,P0665,E01522,8.8
2026-04-07,P0680,E01533,8.8
2026-04-07,P0683,E01529,8.8
2026-04-07,P0702,E01510,8.8
2026-04-07,P0704,E01530,8.8
2026-04-07,P0718,E01534,8.8
2026-04-07,P0724,E01526,8.8
2026-04-07,P0727,E01489,8.8
2026-04-07,P0730,E01514,4.4
2026-04-08,P0007,E01531,8.8
2026-04-08,P0011,E01498,8.8
2026-04-08,P0039,E01361,8.8
2026-04-08,P0050,E01523,8.8
2026-04-08,P0051,E01477,8.8
2026-04-08,P0053,E01490,8.8
2026-04-08,P0101,E01485,8.8
2026-04-08,P0125,E01379,8.8
2026-04-08,P0182,E01532,8.8
2026-04-08,P0217,E01524,8.8
2026-04-08,P0238,E01501,8.8
2026-04-08,P0246,E01527,8.8
2026-04-08,P0256,E01487,8.8
2026-04-08,P0298,E01502,8.8
2026-04-08,P0299,E01307,8.8
2026-04-08,P0309,E01453,8.8
2026-04-08,P0317,E01384,8.8
2026-04-08,P0319,E01443,8.8
2026-04-08,P0323,E01334,4.4
2026-04-08,P0361,E01528,8.8
2026-04-08,P0371,E01435,8.8
2026-04-08,P0384,E01517,8.8
2026-04-08,P0386,E01217,8.8
2026-04-08,P0415,E01274,8.8
2026-04-08,P0440,E01491,8.8
2026-04-08,P0468,E01519,8.8
2026-04-08,P0476,E01520,8.8
2026-04-08,P0490,E01492,8.8
2026-04-08,P0513,E01495,8.8
2026-04-08,P0598,E01470,8.8
2026-04-08,P0626,E01535,8.8
2026-04-08,P0641,E01439,8.8
2026-04-08,P0651,E01480,8.8
2026-04-08,P0657,E01462,8.8
2026-04-08,P0665,E01522,8.8
2026-04-08,P0676,E01536,8.8
2026-04-08,P0680,E01533,8.8
2026-04-08,P0683,E01529,8.8
2026-04-08,P0702,E01510,8.8
2026-04-08,P0704,E01530,8.8
2026-04-08,P0724,E01526,8.8
2026-04-08,P0727,E01489,8.8
2026-04-08,P0730,E01514,4.4
2026-04-09,P0007,E01531,8.8
2026-04-09,P0011,E01498,8.8
2026-04-09,P0036,E01537,8.8
2026-04-09,P0039,E01361,8.8
2026-04-09,P0050,E01523,8.8
2026-04-09,P0051,E01477,8.8
2026-04-09,P0053,E01490,8.8
2026-04-09,P0094,E01538,8.8
2026-04-09,P0101,E01485,8.8
2026-04-09,P0125,E01379,8.8
2026-04-09,P0182,E01532,8.8
2026-04-09,P0217,E01524,8.8
2026-04-09,P0238,E01501,8.8
2026-04-09,P0246,E01527,8.8
2026-04-09,P0256,E01487,8.8
2026-04-09,P0285,E01539,8.8
2026-04-09,P0298,E01502,8.8
2026-04-09,P0309,E01453,8.8
2026-04-09,P0317,E01384,8.8
2026-04-09,P0319,E01443,8.8
2026-04-09,P0323,E01334,4.4
2026-04-09,P0326,E01540,8.8
2026-04-09,P0358,E01541,8.8
2026-04-09,P0361,E01528,8.8
2026-04-09,P0371,E01435,8.8
2026-04-09,P0384,E01517,8.8
2026-04-09,P0386,E01217,8.8
2026-04-09,P0415,E01274,8.8
2026-04-09,P0440,E01491,8.8
2026-04-09,P0468,E01519,8.8
2026-04-09,P0476,E01520,8.8
2026-04-09,P0490,E01492,8.8
2026-04-09,P0513,E01495,8.8
2026-04-09,P0598,E01470,8.8
2026-04-09,P0641,E01439,8.8
2026-04-09,P0651,E01480,8.8
2026-04-09,P0657,E01462,8.8
2026-04-09,P0665,E01522,8.8
2026-04-09,P0676,E01536,8.8
2026-04-09,P0680,E01533,8.8
2026-04-09,P0683,E01529,8.8
2026-04-09,P0702,E01510,8.8
2026-04-09,P0704,E01530,8.8
2026-04-09,P0724,E01526,8.8
2026-04-09,P0727,E01489,8.8
2026-04-09,P0730,E01514,4.4
2026-04-09,P0741,E01542,8.8
2026-04-10,P0007,E01531,8.8
2026-04-10,P0036,E01537,8.8
2026-04-10,P0039,E01361,8.8
2026-04-10,P0050,E01523,8.8
2026-04-10,P0051,E01477,8.8
2026-04-10,P0053,E01490,8.8
2026-04-10,P0094,E01538,8.8
2026-04-10,P0101,E01485,8.8
2026-04-10,P0125,E01379,8.8
2026-04-10,P0182,E01532,8.8
2026-04-10,P0217,E01524,8.8
2026-04-10,P0238,E01501,8.8
2026-04-10,P0246,E01527,8.8
2026-04-10,P0256,E01487,8.8
2026-04-10,P0285,E01539,8.8
2026-04-10,P0309,E01453,8.8
2026-04-10,P0317,E01384,8.8
2026-04-10,P0323,E01334,4.4
2026-04-10,P0326,E01540,8.8
2026-04-10,P0358,E01541,8.8
2026-04-10,P0371,E01435,8.8
2026-04-10,P0384,E01517,8.8
2026-04-10,P0386,E01217,8.8
2026-04-10,P0415,E01274,8.8
2026-04-10,P0440,E01491,8.8
2026-04-10,P0468,E01519,8.8
2026-04-10,P0470,E01543,8.8
2026-04-10,P0476,E01520,8.8
2026-04-10,P0490,E01492,8.8
2026-04-10,P0513,E01495,8.8
2026-04-10,P0641,E01439,8.8
2026-04-10,P0651,E01480,8.8
2026-04-10,P0657,E01462,8.8
2026-04-10,P0665,E01522,8.8
2026-04-10,P0676,E01536,8.8
2026-04-10,P0680,E01533,8.8
2026-04-10,P0683,E01529,8.8
2026-04-10,P0700,E01544,8.8
2026-04-10,P0702,E01510,8.8
2026-04-10,P0704,E01530,8.8
2026-04-10,P0724,E01526,8.8
2026-04-10,P0727,E01489,8.8
2026-04-10,P0730,E01514,4.4
2026-04-10,P0741,E01542,8.8
2026-04-13,P0007,E01531,8.8
2026-04-13,P0024,E01545,8.8
2026-04-13,P0036,E01537,8.8
2026-04-13,P0039,E01361,8.8
2026-04-13,P0050,E01523,8.8
2026-04-13,P0051,E01477,8.8
2026-04-13,P0053,E01490,8.8
2026-04-13,P0094,E01538,8.8
2026-04-13,P0101,E01485,8.8
2026-04-13,P0125,E01379,8.8
2026-04-13,P0173,E01546,8.8
2026-04-13,P0182,E01532,8.8
2026-04-13,P0214,E01547,8.8
2026-04-13,P0217,E01524,8.8
2026-04-13,P0238,E01501,8.8
2026-04-13,P0256,E01487,8.8
2026-04-13,P0285,E01539,8.8
2026-04-13,P0309,E01453,8.8
2026-04-13,P0317,E01384,8.8
2026-04-13,P0323,E01334,4.4
2026-04-13,P0326,E01540,8.8
2026-04-13,P0358,E01541,8.8
2026-04-13,P0371,E01435,8.8
2026-04-13,P0384,E01517,8.8
2026-04-13,P0386,E01217,8.8
2026-04-13,P0415,E01274,8.8
2026-04-13,P0440,E01491,8.8
2026-04-13,P0456,E01548,8.8
2026-04-13,P0468,E01519,8.8
2026-04-13,P0470,E01543,8.8
2026-04-13,P0490,E01492,8.8
2026-04-13,P0513,E01495,8.8
2026-04-13,P0591,E01549,8.8
2026-04-13,P0607,E01550,8.8
2026-04-13,P0641,E01439,8.8
2026-04-13,P0651,E01480,8.8
2026-04-13,P0657,E01462,8.8
2026-04-13,P0665,E01522,8.8
2026-04-13,P0676,E01536,8.8
2026-04-13,P0680,E01533,8.8
2026-04-13,P0683,E01529,8.8
2026-04-13,P0700,E01544,8.8
2026-04-13,P0702,E01510,8.8
2026-04-13,P0704,E01530,8.8
2026-04-13,P0724,E01526,8.8
2026-04-13,P0727,E01489,8.8
2026-04-13,P0741,E01542,8.8
2026-04-14,P0007,E01531,8.8
2026-04-14,P0024,E01545,8.8
2026-04-14,P0036,E01537,8.8
2026-04-14,P0039,E01361,8.8
2026-04-14,P0050,E01523,8.8
2026-04-14,P0051,E01477,8.8
2026-04-14,P0053,E01490,8.8
2026-04-14,P0094,E01538,8.8
2026-04-14,P0101,E01485,8.8
2026-04-14,P0125,E01379,8.8
2026-04-14,P0173,E01546,8.8
2026-04-14,P0182,E01532,8.8
2026-04-14,P0214,E01547,8.8
2026-04-14,P0217,E01524,8.8
2026-04-14,P0238,E01501,8.8
2026-04-14,P0256,E01487,8.8
2026-04-14,P0285,E01539,8.8
2026-04-14,P0309,E01453,8.8
2026-04-14,P0317,E01384,8.8
2026-04-14,P0323,E01334,4.4
2026-04-14,P0326,E01540,8.8
2026-04-14,P0358,E01541,8.8
2026-04-14,P0371,E01435,8.8
2026-04-14,P0384,E01517,8.8
2026-04-14,P0386,E01217,8.8
2026-04-14,P0415,E01274,8.8
2026-04-14,P0440,E01491,8.8
2026-04-14,P0456,E01548,8.8
2026-04-14,P0468,E01519,8.8
2026-04-14,P0470,E01543,8.8
2026-04-14,P0490,E01492,8.8
2026-04-14,P0513,E01495,8.8
2026-04-14,P0591,E01549,8.8
2026-04-14,P0607,E01550,8.8
2026-04-14,P0651,E01480,8.8
2026-04-14,P0665,E01522,8.8
2026-04-14,P0676,E01536,8.8
2026-04-14,P0683,E01529,8.8
2026-04-14,P0702,E01510,8.8
2026-04-14,P0704,E01530,8.8
2026-04-14,P0724,E01526,8.8
2026-04-14,P0727,E01489,8.8
2026-04-14,P0741,E01542,8.8
2026-04-15,P0024,E01545,8.8
2026-04-15,P0036,E01537,8.8
2026-04-15,P0039,E01361,8.8
2026-04-15,P0050,E01523,8.8
2026-04-15,P0051,E01477,8.8
2026-04-15,P0053,E01490,8.8
2026-04-15,P0094,E01538,8.8
2026-04-15,P0101,E01485,8.8
2026-04-15,P0125,E01379,8.8
2026-04-15,P0173,E01546,8.8
2026-04-15,P0174,E01551,8.8
2026-04-15,P0214,E01547,8.8
2026-04-15,P0217,E01524,8.8
2026-04-15,P0238,E01501,8.8
2026-04-15,P0256,E01487,8.8
2026-04-15,P0285,E01539,8.8
2026-04-15,P0291,E01552,4.4
2026-04-15,P0309,E01453,8.8
2026-04-15,P0311,E01553,8.8
2026-04-15,P0317,E01384,8.8
2026-04-15,P0323,E01334,4.4
2026-04-15,P0326,E01540,8.8
2026-04-15,P0358,E01541,8.8
2026-04-15,P0371,E01435,8.8
2026-04-15,P0384,E01517,8.8
2026-04-15,P0386,E01217,8.8
2026-04-15,P0415,E01274,8.8
2026-04-15,P0440,E01491,8.8
2026-04-15,P0468,E01519,8.8
2026-04-15,P0470,E01543,8.8
2026-04-15,P0490,E01492,8.8
2026-04-15,P0591,E01549,8.8
2026-04-15,P0607,E01550,8.8
2026-04-15,P0651,E01480,8.8
2026-04-15,P0665,E01522,8.8
2026-04-15,P0676,E01536,8.8
2026-04-15,P0683,E01529,8.8
2026-04-15,P0702,E01510,8.8
2026-04-15,P0724,E01526,8.8
2026-04-15,P0727,E01489,8.8
2026-04-15,P0741,E01542,8.8
2026-04-16,P0024,E01545,8.8
2026-04-16,P0036,E01537,8.8
2026-04-16,P0039,E01361,8.8
2026-04-16,P0050,E01523,8.8
2026-04-16,P0051,E01477,8.8
2026-04-16,P0053,E01490,8.8
2026-04-16,P0101,E01485,8.8
2026-04-16,P0125,E01379,8.8
2026-04-16,P0173,E01546,8.8
2026-04-16,P0174,E01551,8.8
2026-04-16,P0214,E01547,8.8
2026-04-16,P0238,E01501,8.8
2026-04-16,P0256,E01487,8.8
2026-04-16,P0285,E01539,8.8
2026-04-16,P0291,E01552,4.4
2026-04-16,P0309,E01453,8.8
2026-04-16,P0311,E01553,8.8
2026-04-16,P0317,E01384,8.8
2026-04-16,P0323,E01334,4.4
2026-04-16,P0326,E01540,8.8
2026-04-16,P0358,E01541,8.8
2026-04-16,P0371,E01435,8.8
2026-04-16,P0384,E01517,8.8
2026-04-16,P0386,E01217,8.8
2026-04-16,P0415,E01274,8.8
2026-04-16,P0440,E01491,8.8
2026-04-16,P0468,E01519,8.8
2026-04-16,P0470,E01543,8.8
2026-04-16,P0490,E01492,8.8
2026-04-16,P0591,E01549,8.8
2026-04-16,P0651,E01480,8.8
2026-04-16,P0665,E01522,8.8
2026-04-16,P0676,E01536,8.8
2026-04-16,P0702,E01510,8.8
2026-04-16,P0724,E01526,8.8
2026-04-16,P0727,E01489,8.8
2026-04-16,P0732,E01554,8.8
2026-04-16,P0741,E01542,8.8
2026-04-16,P0743,E01555,8.8
2026-04-17,P0024,E01545,8.8
2026-04-17,P0036,E01537,8.8
2026-04-17,P0039,E01361,8.8
2026-04-17,P0050,E01523,8.8
2026-04-17,P0051,E01477,8.8
2026-04-17,P0053,E01490,8.8
2026-04-17,P0086,E01556,8.8
2026-04-17,P0101,E01485,8.8
2026-04-17,P0125,E01379,8.8
2026-04-17,P0173,E01546,8.8
2026-04-17,P0174,E01551,8.8
2026-04-17,P0214,E01547,8.8
2026-04-17,P0238,E01501,8.8
2026-04-17,P0256,E01487,8.8
2026-04-17,P0265,E01557,8.8
2026-04-17,P0285,E01539,8.8
2026-04-17,P0309,E01453,8.8
2026-04-17,P0311,E01553,8.8
2026-04-17,P0317,E01384,8.8
2026-04-17,P0323,E01334,4.4
2026-04-17,P0326,E01540,8.8
2026-04-17,P0339,E01558,8.8
2026-04-17,P0358,E01541,8.8
2026-04-17,P0371,E01435,8.8
2026-04-17,P0384,E01517,8.8
2026-04-17,P0386,E01217,8.8
2026-04-17,P0415,E01274,8.8
2026-04-17,P0440,E01491,8.8
2026-04-17,P0468,E01519,8.8
2026-04-17,P0470,E01543,8.8
2026-04-17,P0490,E01492,8.8
2026-04-17,P0610,E01559,8.8
2026-04-17,P0651,E01480,8.8
2026-04-17,P0665,E01522,8.8
2026-04-17,P0676,E01536,8.8
2026-04-17,P0702,E01510,8.8
2026-04-17,P0716,E01560,8.8
2026-04-17,P0727,E01489,8.8
2026-04-17,P0732,E01554,8.8
2026-04-17,P0741,E01542,8.8
2026-04-20,P0024,E01545,8.8
2026-04-20,P0029,E01561,8.8
2026-04-20,P0036,E01537,8.8
2026-04-20,P0039,E01361,8.8
2026-04-20,P0051,E01477,8.8
2026-04-20,P0053,E01490,8.8
2026-04-20,P0086,E01556,8.8
2026-04-20,P0125,E01379,8.8
2026-04-20,P0173,E01546,8.8
2026-04-20,P0174,E01551,8.8
2026-04-20,P0214,E01547,8.8
2026-04-20,P0238,E01501,8.8
2026-04-20,P0256,E01487,8.8
2026-04-20,P0309,E01453,8.8
2026-04-20,P0311,E01553,8.8
2026-04-20,P0317,E01384,8.8
2026-04-20,P0319,E01562,8.8
2026-04-20,P0323,E01334,4.4
2026-04-20,P0326,E01540,8.8
2026-04-20,P0339,E01558,8.8
2026-04-20,P0358,E01541,8.8
2026-04-20,P0368,E01563,8.8
2026-04-20,P0371,E01435,8.8
2026-04-20,P0384,E01517,8.8
2026-04-20,P0386,E01217,8.8
2026-04-20,P0415,E01274,8.8
2026-04-20,P0440,E01491,8.8
2026-04-20,P0468,E01519,8.8
2026-04-20,P0470,E01543,8.8
2026-04-20,P0490,E01492,8.8
2026-04-20,P0610,E01559,8.8
2026-04-20,P0651,E01480,8.8
2026-04-20,P0665,E01522,8.8
2026-04-20,P0676,E01536,8.8
2026-04-20,P0702,E01510,8.8
2026-04-20,P0716,E01560,8.8
2026-04-20,P0727,E01489,8.8
2026-04-20,P0732,E01554,8.8
2026-04-20,P0741,E01542,8.8
2026-04-21,P0024,E01545,8.8
2026-04-21,P0029,E01561,8.8
2026-04-21,P0036,E01537,8.8
2026-04-21,P0039,E01361,8.8
2026-04-21,P0051,E01477,8.8
2026-04-21,P0053,E01490,8.8
2026-04-21,P0125,E01379,8.8
2026-04-21,P0173,E01546,8.8
2026-04-21,P0174,E01551,8.8
2026-04-21,P0214,E01547,8.8
2026-04-21,P0238,E01501,8.8
2026-04-21,P0256,E01487,8.8
2026-04-21,P0300,E01564,8.8
2026-04-21,P0309,E01453,8.8
2026-04-21,P0311,E01553,8.8
2026-04-21,P0317,E01384,8.8
2026-04-21,P0319,E01562,8.8
2026-04-21,P0323,E01334,4.4
2026-04-21,P0326,E01540,8.8
2026-04-21,P0339,E01558,8.8
2026-04-21,P0368,E01563,8.8
2026-04-21,P0371,E01435,8.8
2026-04-21,P0378,E01565,8.8
2026-04-21,P0384,E01517,8.8
2026-04-21,P0386,E01217,8.8
2026-04-21,P0415,E01274,8.8
2026-04-21,P0440,E01491,8.8
2026-04-21,P0468,E01519,8.8
2026-04-21,P0470,E01543,8.8
2026-04-21,P0490,E01492,8.8
2026-04-21,P0502,E01566,8.8
2026-04-21,P0591,E01567,8.8
2026-04-21,P0610,E01559,8.8
2026-04-21,P0620,E01568,8.8
2026-04-21,P0651,E01480,8.8
2026-04-21,P0665,E01522,8.8
2026-04-21,P0676,E01536,8.8
2026-04-21,P0693,E01569,8.8
2026-04-21,P0702,E01510,8.8
2026-04-21,P0716,E01560,8.8
2026-04-21,P0732,E01554,8.8
2026-04-21,P0741,E01542,8.8
2026-04-22,P0024,E01545,8.8
2026-04-22,P0029,E01561,8.8
2026-04-22,P0036,E01537,8.8
2026-04-22,P0039,E01361,8.8
2026-04-22,P0051,E01477,8.8
2026-04-22,P0053,E01490,8.8
2026-04-22,P0125,E01379,8.8
2026-04-22,P0173,E01546,8.8
2026-04-22,P0174,E01551,8.8
2026-04-22,P0214,E01547,8.8
2026-04-22,P0238,E01501,8.8
2026-04-22,P0256,E01487,8.8
2026-04-22,P0300,E01564,8.8
2026-04-22,P0309,E01453,8.8
2026-04-22,P0311,E01553,8.8
2026-04-22,P0317,E01384,8.8
2026-04-22,P0319,E01562,8.8
2026-04-22,P0323,E01334,4.4
2026-04-22,P0326,E01540,8.8
2026-04-22,P0339,E01558,8.8
2026-04-22,P0371,E01435,8.8
2026-04-22,P0378,E01565,8.8
2026-04-22,P0384,E01517,8.8
2026-04-22,P0386,E01217,8.8
2026-04-22,P0415,E01274,8.8
2026-04-22,P0440,E01491,8.8
2026-04-22,P0468,E01519,8.8
2026-04-22,P0470,E01543,8.8
2026-04-22,P0490,E01492,8.8
2026-04-22,P0495,E01570,8.8
2026-04-22,P0502,E01566,8.8
2026-04-22,P0569,E01571,8.8
2026-04-22,P0591,E01567,8.8
2026-04-22,P0602,E01572,8.8
2026-04-22,P0610,E01559,8.8
2026-04-22,P0620,E01568,8.8
2026-04-22,P0651,E01480,8.8
2026-04-22,P0665,E01522,8.8
2026-04-22,P0676,E01536,8.8
2026-04-22,P0693,E01569,8.8
2026-04-22,P0702,E01510,8.8
2026-04-22,P0716,E01560,8.8
2026-04-22,P0732,E01554,8.8
2026-04-22,P0741,E01542,8.8
2026-04-23,P0029,E01561,8.8
2026-04-23,P0036,E01537,8.8
2026-04-23,P0051,E01477,8.8
2026-04-23,P0125,E01379,8.8
2026-04-23,P0174,E01551,8.8
2026-04-23,P0192,E01573,4.4
2026-04-23,P0214,E01547,8.8
2026-04-23,P0238,E01501,8.8
2026-04-23,P0256,E01487,8.8
2026-04-23,P0300,E01564,8.8
2026-04-23,P0309,E01453,8.8
2026-04-23,P0311,E01553,8.8
2026-04-23,P0317,E01384,8.8
2026-04-23,P0319,E01562,8.8
2026-04-23,P0323,E01334,4.4
2026-04-23,P0339,E01558,8.8
2026-04-23,P0371,E01435,8.8
2026-04-23,P0378,E01565,8.8
2026-04-23,P0384,E01517,8.8
2026-04-23,P0386,E01217,8.8
2026-04-23,P0415,E01274,8.8
2026-04-23,P0440,E01491,8.8
2026-04-23,P0468,E01519,8.8
2026-04-23,P0470,E01543,8.8
2026-04-23,P0490,E01492,8.8
2026-04-23,P0495,E01570,8.8
2026-04-23,P0502,E01566,8.8
2026-04-23,P0569,E01571,8.8
2026-04-23,P0591,E01567,8.8
2026-04-23,P0602,E01572,8.8
2026-04-23,P0610,E01559,8.8
2026-04-23,P0620,E01568,8.8
2026-04-23,P0625,E01574,8.8
2026-04-23,P0646,E01575,8.8
2026-04-23,P0651,E01480,8.8
2026-04-23,P0665,E01522,8.8
2026-04-23,P0676,E01536,8.8
2026-04-23,P0693,E01569,8.8
2026-04-23,P0702,E01510,8.8
2026-04-23,P0716,E01560,8.8
2026-04-23,P0732,E01554,8.8
2026-04-23,P0741,E01542,8.8
2026-04-24,P0024,E01576,8.8
2026-04-24,P0026,E01577,8.8
2026-04-24,P0029,E01561,8.8
2026-04-24,P0036,E01537,8.8
2026-04-24,P0051,E01477,8.8
2026-04-24,P0125,E01379,8.8
2026-04-24,P0174,E01551,8.8
2026-04-24,P0192,E01573,4.4
2026-04-24,P0211,E01578,8.8
2026-04-24,P0238,E01501,8.8
2026-04-24,P0256,E01487,8.8
2026-04-24,P0300,E01564,8.8
2026-04-24,P0309,E01453,8.8
2026-04-24,P0311,E01553,8.8
2026-04-24,P0317,E01384,8.8
2026-04-24,P0319,E01562,8.8
2026-04-24,P0323,E01334,4.4
2026-04-24,P0378,E01565,8.8
2026-04-24,P0384,E01517,8.8
2026-04-24,P0386,E01217,8.8
2026-04-24,P0415,E01274,8.8
2026-04-24,P0440,E01491,8.8
2026-04-24,P0468,E01519,8.8
2026-04-24,P0470,E01543,8.8
2026-04-24,P0490,E01492,8.8
2026-04-24,P0495,E01570,8.8
2026-04-24,P0502,E01566,8.8
2026-04-24,P0569,E01571,8.8
2026-04-24,P0591,E01567,8.8
2026-04-24,P0602,E01572,8.8
2026-04-24,P0610,E01559,8.8
2026-04-24,P0620,E01568,8.8
2026-04-24,P0625,E01574,8.8
2026-04-24,P0651,E01480,8.8
2026-04-24,P0665,E01522,8.8
2026-04-24,P0669,E01579,8.8
2026-04-24,P0676,E01536,8.8
2026-04-24,P0693,E01569,8.8
2026-04-24,P0702,E01510,8.8
2026-04-24,P0716,E01560,8.8
2026-04-24,P0732,E01554,8.8
2026-04-24,P0741,E01542,8.8
2026-04-24,P0742,E01580,8.8
2026-04-27,P0024,E01576,8.8
2026-04-27,P0026,E01577,8.8
2026-04-27,P0029,E01561,8.8
2026-04-27,P0036,E01537,8.8
2026-04-27,P0051,E01477,8.8
2026-04-27,P0118,E01581,8.8
2026-04-27,P0125,E01379,8.8
2026-04-27,P0174,E01551,8.8
2026-04-27,P0194,E01582,8.8
2026-04-27,P0238,E01501,8.8
2026-04-27,P0256,E01487,8.8
2026-04-27,P0300,E01564,8.8
2026-04-27,P0309,E01453,8.8
2026-04-27,P0311,E01553,8.8
2026-04-27,P0317,E01384,8.8
2026-04-27,P0323,E01334,4.4
2026-04-27,P0330,E01583,8.8
2026-04-27,P0343,E01584,4.4
2026-04-27,P0378,E01565,8.8
2026-04-27,P0384,E01517,8.8
2026-04-27,P0386,E01217,8.8
2026-04-27,P0415,E01274,8.8
2026-04-27,P0440,E01491,8.8
2026-04-27,P0468,E01519,8.8
2026-04-27,P0470,E01543,8.8
2026-04-27,P0490,E01492,8.8
2026-04-27,P0502,E01566,8.8
2026-04-27,P0515,E01585,8.8
2026-04-27,P0527,E01586,8.8
2026-04-27,P0569,E01571,8.8
2026-04-27,P0591,E01567,8.8
2026-04-27,P0602,E01572,8.8
2026-04-27,P0610,E01559,8.8
2026-04-27,P0620,E01568,8.8
2026-04-27,P0625,E01574,8.8
2026-04-27,P0651,E01480,8.8
2026-04-27,P0665,E01522,8.8
2026-04-27,P0669,E01579,8.8
2026-04-27,P0676,E01536,8.8
2026-04-27,P0693,E01569,8.8
2026-04-27,P0702,E01510,8.8
2026-04-27,P0716,E01560,8.8
2026-04-27,P0732,E01554,8.8
2026-04-27,P0741,E01542,8.8
2026-04-27,P0742,E01580,8.8
2026-04-28,P0024,E01576,8.8
2026-04-28,P0026,E01577,8.8
2026-04-28,P0029,E01561,8.8
2026-04-28,P0036,E01537,8.8
2026-04-28,P0051,E01477,8.8
2026-04-28,P0118,E01581,8.8
2026-04-28,P0125,E01379,8.8
2026-04-28,P0162,E01587,8.8
2026-04-28,P0174,E01551,8.8
2026-04-28,P0194,E01582,8.8
2026-04-28,P0238,E01501,8.8
2026-04-28,P0256,E01487,8.8
2026-04-28,P0299,E01588,8.8
2026-04-28,P0300,E01564,8.8
2026-04-28,P0309,E01453,8.8
2026-04-28,P0311,E01553,8.8
2026-04-28,P0317,E01384,8.8
2026-04-28,P0330,E01583,8.8
2026-04-28,P0343,E01584,4.4
2026-04-28,P0378,E01565,8.8
2026-04-28,P0384,E01517,8.8
2026-04-28,P0386,E01217,8.8
2026-04-28,P0414,E01589,8.8
2026-04-28,P0415,E01274,8.8
2026-04-28,P0440,E01491,8.8
2026-04-28,P0468,E01519,8.8
2026-04-28,P0470,E01543,8.8
2026-04-28,P0490,E01492,8.8
2026-04-28,P0502,E01566,8.8
2026-04-28,P0515,E01585,8.8
2026-04-28,P0527,E01586,8.8
2026-04-28,P0569,E01571,8.8
2026-04-28,P0602,E01572,8.8
2026-04-28,P0610,E01559,8.8
2026-04-28,P0620,E01568,8.8
2026-04-28,P0625,E01574,8.8
2026-04-28,P0651,E01480,8.8
2026-04-28,P0665,E01522,8.8
2026-04-28,P0669,E01579,8.8
2026-04-28,P0676,E01536,8.8
2026-04-28,P0693,E01569,8.8
2026-04-28,P0702,E01510,8.8
2026-04-28,P0716,E01560,8.8
2026-04-28,P0741,E01542,8.8
2026-04-28,P0742,E01580,8.8
2026-04-29,P0026,E01577,8.8
2026-04-29,P0029,E01561,8.8
2026-04-29,P0036,E01537,8.8
2026-04-29,P0040,E01590,8.8
2026-04-29,P0051,E01477,8.8
2026-04-29,P0118,E01581,8.8
2026-04-29,P0125,E01379,8.8
2026-04-29,P0162,E01587,8.8
2026-04-29,P0174,E01551,8.8
2026-04-29,P0194,E01582,8.8
2026-04-29,P0238,E01501,8.8
2026-04-29,P0256,E01487,8.8
2026-04-29,P0262,E01591,4.4
2026-04-29,P0299,E01588,8.8
2026-04-29,P0300,E01564,8.8
2026-04-29,P0309,E01453,8.8
2026-04-29,P0311,E01553,8.8
2026-04-29,P0317,E01384,8.8
2026-04-29,P0330,E01583,8.8
2026-04-29,P0343,E01584,4.4
2026-04-29,P0378,E01565,8.8
2026-04-29,P0384,E01517,8.8
2026-04-29,P0386,E01217,8.8
2026-04-29,P0414,E01589,8.8
2026-04-29,P0415,E01274,8.8
2026-04-29,P0440,E01491,8.8
2026-04-29,P0468,E01519,8.8
2026-04-29,P0470,E01543,8.8
2026-04-29,P0490,E01492,8.8
2026-04-29,P0502,E01566,8.8
2026-04-29,P0527,E01586,8.8
2026-04-29,P0569,E01571,8.8
2026-04-29,P0602,E01572,8.8
2026-04-29,P0610,E01559,8.8
2026-04-29,P0619,E01592,8.8
2026-04-29,P0625,E01574,8.8
2026-04-29,P0651,E01480,8.8
2026-04-29,P0665,E01522,8.8
2026-04-29,P0669,E01579,8.8
2026-04-29,P0676,E01536,8.8
2026-04-29,P0680,E01593,8.8
2026-04-29,P0693,E01569,8.8
2026-04-29,P0702,E01510,8.8
2026-04-29,P0741,E01542,8.8
2026-04-29,P0742,E01580,8.8
2026-04-30,P0026,E01577,8.8
2026-04-30,P0029,E01561,8.8
2026-04-30,P0036,E01537,8.8
2026-04-30,P0040,E01590,8.8
2026-04-30,P0051,E01477,8.8
2026-04-30,P0060,E01594,8.8
2026-04-30,P0125,E01379,8.8
2026-04-30,P0162,E01587,8.8
2026-04-30,P0174,E01551,8.8
2026-04-30,P0194,E01582,8.8
2026-04-30,P0238,E01501,8.8
2026-04-30,P0256,E01487,8.8
2026-04-30,P0260,E01595,8.8
2026-04-30,P0262,E01591,4.4
2026-04-30,P0299,E01588,8.8
2026-04-30,P0300,E01564,8.8
2026-04-30,P0309,E01453,8.8
2026-04-30,P0311,E01553,8.8
2026-04-30,P0319,E01596,8.8
2026-04-30,P0330,E01583,8.8
2026-04-30,P0343,E01584,4.4
2026-04-30,P0378,E01565,8.8
2026-04-30,P0384,E01517,8.8
2026-04-30,P0386,E01217,8.8
2026-04-30,P0414,E01589,8.8
2026-04-30,P0415,E01274,8.8
2026-04-30,P0440,E01491,8.8
2026-04-30,P0468,E01519,8.8
2026-04-30,P0470,E01543,8.8
2026-04-30,P0479,E01597,8.8
2026-04-30,P0490,E01492,8.8
2026-04-30,P0502,E01566,8.8
2026-04-30,P0527,E01586,8.8
2026-04-30,P0543,E01598,8.8
2026-04-30,P0569,E01571,8.8
2026-04-30,P0575,E01599,8.8
2026-04-30,P0602,E01572,8.8
2026-04-30,P0610,E01559,8.8
2026-04-30,P0619,E01592,8.8
2026-04-30,P0625,E01574,8.8
2026-04-30,P0639,E01600,8.8
2026-04-30,P0651,E01480,8.8
2026-04-30,P0662,E01601,8.8
2026-04-30,P0665,E01522,8.8
2026-04-30,P0669,E01579,8.8
2026-04-30,P0676,E01536,8.8
2026-04-30,P0680,E01593,8.8
2026-04-30,P0690,E01602,8.8
2026-04-30,P0693,E01569,8.8
2026-04-30,P0702,E01510,8.8
2026-04-30,P0741,E01542,8.8
2026-04-30,P0742,E01580,8.8
2026-05-01,P0026,E01577,8.8
2026-05-01,P0029,E01561,8.8
2026-05-01,P0036,E01537,8.8
2026-05-01,P0040,E01590,8.8
2026-05-01,P0050,E01603,8.8
2026-05-01,P0051,E01477,8.8
2026-05-01,P0125,E01379,8.8
2026-05-01,P0162,E01587,8.8
2026-05-01,P0174,E01551,8.8
2026-05-01,P0194,E01582,8.8
2026-05-01,P0238,E01501,8.8
2026-05-01,P0256,E01487,8.8
2026-05-01,P0260,E01595,8.8
2026-05-01,P0262,E01591,4.4
2026-05-01,P0299,E01588,8.8
2026-05-01,P0309,E01453,8.8
2026-05-01,P0311,E01553,8.8
2026-05-01,P0319,E01596,8.8
2026-05-01,P0330,E01583,8.8
2026-05-01,P0343,E01584,4.4
2026-05-01,P0357,E01604,8.8
2026-05-01,P0378,E01565,8.8
2026-05-01,P0384,E01517,8.8
2026-05-01,P0386,E01217,8.8
2026-05-01,P0414,E01589,8.8
2026-05-01,P0415,E01274,8.8
2026-05-01,P0440,E01491,8.8
2026-05-01,P0468,E01519,8.8
2026-05-01,P0470,E01543,8.8
2026-05-01,P0476,E01605,8.8
2026-05-01,P0479,E01597,8.8
2026-05-01,P0490,E01492,8.8
2026-05-01,P0502,E01566,8.8
2026-05-01,P0527,E01586,8.8
2026-05-01,P0543,E01598,8.8
2026-05-01,P0569,E01571,8.8
2026-05-01,P0575,E01599,8.8
2026-05-01,P0602,E01572,8.8
2026-05-01,P0610,E01559,8.8
2026-05-01,P0625,E01574,8.8
2026-05-01,P0638,E01606,8.8
2026-05-01,P0639,E01600,8.8
2026-05-01,P0648,E01607,8.8
2026-05-01,P0651,E01480,8.8
2026-05-01,P0662,E01601,8.8
2026-05-01,P0665,E01522,8.8
2026-05-01,P0669,E01579,8.8
2026-05-01,P0676,E01536,8.8
2026-05-01,P0680,E01593,8.8
2026-05-01,P0690,E01602,8.8
2026-05-01,P0693,E01569,8.8
2026-05-01,P0699,E01608,8.8
2026-05-01,P0702,E01510,8.8
2026-05-01,P0736,E01609,8.8
2026-05-01,P0741,E01542,8.8
2026-05-01,P0742,E01580,8.8
2026-05-04,P0026,E01577,8.8
2026-05-04,P0029,E01561,8.8
2026-05-04,P0036,E01537,8.8
2026-05-04,P0040,E01590,8.8
2026-05-04,P0092,E01610,8.8
2026-05-04,P0125,E01379,8.8
2026-05-04,P0162,E01587,8.8
2026-05-04,P0174,E01551,8.8
2026-05-04,P0194,E01582,8.8
2026-05-04,P0227,E01611,8.8
2026-05-04,P0238,E01501,8.8
2026-05-04,P0256,E01487,8.8
2026-05-04,P0260,E01595,8.8
2026-05-04,P0262,E01591,4.4
2026-05-04,P0299,E01588,8.8
2026-05-04,P0309,E01453,8.8
2026-05-04,P0311,E01553,8.8
2026-05-04,P0319,E01596,8.8
2026-05-04,P0330,E01583,8.8
2026-05-04,P0343,E01584,4.4
2026-05-04,P0352,E01612,8.8
2026-05-04,P0378,E01565,8.8
2026-05-04,P0384,E01517,8.8
2026-05-04,P0386,E01217,8.8
2026-05-04,P0414,E01589,8.8
2026-05-04,P0415,E01274,8.8
2026-05-04,P0440,E01491,8.8
2026-05-04,P0468,E01519,8.8
2026-05-04,P0470,E01543,8.8
2026-05-04,P0476,E01605,8.8
2026-05-04,P0479,E01597,8.8
2026-05-04,P0502,E01566,8.8
2026-05-04,P0515,E01613,8.8
2026-05-04,P0527,E01586,8.8
2026-05-04,P0543,E01598,8.8
2026-05-04,P0569,E01571,8.8
2026-05-04,P0575,E01599,8.8
2026-05-04,P0602,E01572,8.8
2026-05-04,P0610,E01559,8.8
2026-05-04,P0625,E01574,8.8
2026-05-04,P0639,E01600,8.8
2026-05-04,P0648,E01607,8.8
2026-05-04,P0651,E01480,8.8
2026-05-04,P0662,E01601,8.8
2026-05-04,P0665,E01522,8.8
2026-05-04,P0669,E01579,8.8
2026-05-04,P0676,E01536,8.8
2026-05-04,P0680,E01593,8.8
2026-05-04,P0690,E01602,8.8
2026-05-04,P0693,E01569,8.8
2026-05-04,P0699,E01608,8.8
2026-05-04,P0702,E01510,8.8
2026-05-04,P0741,E01542,8.8
2026-05-04,P0742,E01580,8.8
2026-05-05,P0026,E01577,8.8
2026-05-05,P0029,E01561,8.8
2026-05-05,P0036,E01537,8.8
2026-05-05,P0092,E01610,8.8
2026-05-05,P0125,E01379,8.8
2026-05-05,P0162,E01587,8.8
2026-05-05,P0174,E01551,8.8
2026-05-05,P0194,E01582,8.8
2026-05-05,P0238,E01501,8.8
2026-05-05,P0256,E01487,8.8
2026-05-05,P0260,E01595,8.8
2026-05-05,P0262,E01591,4.4
2026-05-05,P0299,E01588,8.8
2026-05-05,P0309,E01453,8.8
2026-05-05,P0311,E01553,8.8
2026-05-05,P0319,E01596,8.8
2026-05-05,P0330,E01583,8.8
2026-05-05,P0343,E01584,4.4
2026-05-05,P0352,E01612,8.8
2026-05-05,P0378,E01565,8.8
2026-05-05,P0384,E01517,8.8
2026-05-05,P0386,E01217,8.8
2026-05-05,P0415,E01274,8.8
2026-05-05,P0439,E01614,8.8
2026-05-05,P0440,E01491,8.8
2026-05-05,P0468,E01519,8.8
2026-05-05,P0470,E01543,8.8
2026-05-05,P0476,E01605,8.8
2026-05-05,P0502,E01566,8.8
2026-05-05,P0515,E01613,8.8
2026-05-05,P0520,E01615,8.8
2026-05-05,P0522,E01616,8.8
2026-05-05,P0527,E01586,8.8
2026-05-05,P0543,E01598,8.8
2026-05-05,P0569,E01571,8.8
2026-05-05,P0575,E01599,8.8
2026-05-05,P0602,E01572,8.8
2026-05-05,P0610,E01559,8.8
2026-05-05,P0625,E01574,8.8
2026-05-05,P0639,E01600,8.8
2026-05-05,P0648,E01607,8.8
2026-05-05,P0651,E01480,8.8
2026-05-05,P0662,E01601,8.8
2026-05-05,P0665,E01522,8.8
2026-05-05,P0669,E01579,8.8
2026-05-05,P0676,E01536,8.8
2026-05-05,P0680,E01593,8.8
2026-05-05,P0690,E01602,8.8
2026-05-05,P0693,E01569,8.8
2026-05-05,P0699,E01608,8.8
2026-05-05,P0702,E01510,8.8
2026-05-05,P0741,E01542,8.8
2026-05-06,P0024,E01617,8.8
2026-05-06,P0026,E01577,8.8
2026-05-06,P0029,E01561,8.8
2026-05-06,P0036,E01537,8.8
2026-05-06,P0092,E01610,8.8
2026-05-06,P0125,E01379,8.8
2026-05-06,P0162,E01587,8.8
2026-05-06,P0174,E01551,8.8
2026-05-06,P0194,E01582,8.8
2026-05-06,P0238,E01501,8.8
2026-05-06,P0256,E01487,8.8
2026-05-06,P0260,E01595,8.8
2026-05-06,P0262,E01591,4.4
2026-05-06,P0299,E01588,8.8
2026-05-06,P0309,E01453,8.8
2026-05-06,P0311,E01553,8.8
2026-05-06,P0319,E01596,8.8
2026-05-06,P0330,E01583,8.8
2026-05-06,P0343,E01584,4.4
2026-05-06,P0352,E01612,8.8
2026-05-06,P0378,E01565,8.8
2026-05-06,P0384,E01517,8.8
2026-05-06,P0386,E01217,8.8
2026-05-06,P0415,E01274,8.8
2026-05-06,P0439,E01614,8.8
2026-05-06,P0440,E01491,8.8
2026-05-06,P0468,E01519,8.8
2026-05-06,P0470,E01543,8.8
2026-05-06,P0502,E01566,8.8
2026-05-06,P0515,E01613,8.8
2026-05-06,P0520,E01615,8.8
2026-05-06,P0527,E01586,8.8
2026-05-06,P0543,E01598,8.8
2026-05-06,P0569,E01571,8.8
2026-05-06,P0575,E01599,8.8
2026-05-06,P0602,E01572,8.8
2026-05-06,P0610,E01559,8.8
2026-05-06,P0625,E01574,8.8
2026-05-06,P0639,E01600,8.8
2026-05-06,P0651,E01480,8.8
2026-05-06,P0665,E01522,8.8
2026-05-06,P0669,E01579,8.8
2026-05-06,P0676,E01536,8.8
2026-05-06,P0680,E01593,8.8
2026-05-06,P0690,E01602,8.8
2026-05-06,P0693,E01569,8.8
2026-05-06,P0699,E01608,8.8
2026-05-06,P0702,E01510,8.8
2026-05-06,P0741,E01542,8.8
2026-05-07,P0026,E01618,8.8
2026-05-07,P0029,E01561,8.8
2026-05-07,P0092,E01610,8.8
2026-05-07,P0125,E01379,8.8
2026-05-07,P0162,E01587,8.8
2026-05-07,P0174,E01551,8.8
2026-05-07,P0175,E01619,8.8
2026-05-07,P0194,E01582,8.8
2026-05-07,P0229,E01620,8.8
2026-05-07,P0238,E01501,8.8
2026-05-07,P0256,E01487,8.8
2026-05-07,P0260,E01595,8.8
2026-05-07,P0262,E01591,4.4
2026-05-07,P0299,E01588,8.8
2026-05-07,P0309,E01453,8.8
2026-05-07,P0311,E01553,8.8
2026-05-07,P0330,E01583,8.8
2026-05-07,P0343,E01584,4.4
2026-05-07,P0378,E01565,8.8
2026-05-07,P0384,E01517,8.8
2026-05-07,P0386,E01217,8.8
2026-05-07,P0390,E01621,4.4
2026-05-07,P0404,E01622,4.4
2026-05-07,P0415,E01274,8.8
2026-05-07,P0439,E01614,8.8
2026-05-07,P0440,E01491,8.8
2026-05-07,P0468,E01519,8.8
2026-05-07,P0470,E01543,8.8
2026-05-07,P0502,E01566,8.8
2026-05-07,P0515,E01613,8.8
2026-05-07,P0527,E01586,8.8
2026-05-07,P0543,E01598,8.8
2026-05-07,P0575,E01599,8.8
2026-05-07,P0602,E01572,8.8
2026-05-07,P0610,E01559,8.8
2026-05-07,P0625,E01574,8.8
2026-05-07,P0639,E01600,8.8
2026-05-07,P0651,E01480,8.8
2026-05-07,P0665,E01522,8.8
2026-05-07,P0669,E01579,8.8
2026-05-07,P0676,E01536,8.8
2026-05-07,P0680,E01593,8.8
2026-05-07,P0690,E01602,8.8
2026-05-07,P0693,E01569,8.8
2026-05-07,P0699,E01608,8.8
2026-05-07,P0702,E01510,8.8
2026-05-07,P0741,E01542,8.8
2026-05-08,P0029,E01561,8.8
2026-05-08,P0081,E01623,4.4
2026-05-08,P0101,E01624,8.8
2026-05-08,P0125,E01379,8.8
2026-05-08,P0162,E01587,8.8
2026-05-08,P0174,E01551,8.8
2026-05-08,P0175,E01619,8.8
2026-05-08,P0194,E01582,8.8
2026-05-08,P0229,E01620,8.8
2026-05-08,P0238,E01501,8.8
2026-05-08,P0260,E01595,8.8
2026-05-08,P0262,E01591,4.4
2026-05-08,P0299,E01588,8.8
2026-05-08,P0309,E01453,8.8
2026-05-08,P0311,E01553,8.8
2026-05-08,P0330,E01583,8.8
2026-05-08,P0378,E01565,8.8
2026-05-08,P0384,E01517,8.8
2026-05-08,P0386,E01217,8.8
2026-05-08,P0390,E01621,4.4
2026-05-08,P0404,E01622,4.4
2026-05-08,P0415,E01274,8.8
2026-05-08,P0439,E01614,8.8
2026-05-08,P0440,E01491,8.8
2026-05-08,P0468,E01519,8.8
2026-05-08,P0502,E01566,8.8
2026-05-08,P0515,E01613,8.8
2026-05-08,P0527,E01586,8.8
2026-05-08,P0543,E01598,8.8
2026-05-08,P0575,E01599,8.8
2026-05-08,P0602,E01572,8.8
2026-05-08,P0610,E01559,8.8
2026-05-08,P0625,E01574,8.8
2026-05-08,P0639,E01600,8.8
2026-05-08,P0651,E01480,8.8
2026-05-08,P0665,E01522,8.8
2026-05-08,P0669,E01579,8.8
2026-05-08,P0676,E01536,8.8
2026-05-08,P0690,E01602,8.8
2026-05-08,P0693,E01569,8.8
2026-05-08,P0699,E01608,8.8
2026-05-08,P0700,E01625,8.8
2026-05-08,P0702,E01510,8.8
2026-05-08,P0741,E01542,8.8
2026-05-11,P0029,E01561,8.8
2026-05-11,P0081,E01623,4.4
2026-05-11,P0101,E01624,8.8
2026-05-11,P0125,E01379,8.8
2026-05-11,P0162,E01587,8.8
2026-05-11,P0174,E01551,8.8
2026-05-11,P0175,E01619,8.8
2026-05-11,P0194,E01582,8.8
2026-05-11,P0229,E01620,8.8
2026-05-11,P0238,E01501,8.8
2026-05-11,P0260,E01595,8.8
2026-05-11,P0262,E01591,4.4
2026-05-11,P0299,E01588,8.8
2026-05-11,P0309,E01453,8.8
2026-05-11,P0311,E01553,8.8
2026-05-11,P0378,E01565,8.8
2026-05-11,P0384,E01517,8.8
2026-05-11,P0386,E01217,8.8
2026-05-11,P0390,E01621,4.4
2026-05-11,P0404,E01622,4.4
2026-05-11,P0415,E01274,8.8
2026-05-11,P0439,E01614,8.8
2026-05-11,P0440,E01491,8.8
2026-05-11,P0454,E01626,8.8
2026-05-11,P0468,E01519,8.8
2026-05-11,P0502,E01566,8.8
2026-05-11,P0515,E01613,8.8
2026-05-11,P0527,E01586,8.8
2026-05-11,P0543,E01598,8.8
2026-05-11,P0575,E01599,8.8
2026-05-11,P0602,E01572,8.8
2026-05-11,P0610,E01559,8.8
2026-05-11,P0625,E01574,8.8
2026-05-11,P0639,E01600,8.8
2026-05-11,P0651,E01480,8.8
2026-05-11,P0665,E01522,8.8
2026-05-11,P0669,E01579,8.8
2026-05-11,P0690,E01602,8.8
2026-05-11,P0693,E01569,8.8
2026-05-11,P0699,E01608,8.8
2026-05-11,P0702,E01510,8.8
2026-05-11,P0728,E01627,8.8
2026-05-11,P0741,E01542,8.8
2026-05-11,P0761,E01628,8.8
2026-05-12,P0007,E01629,8.8
2026-05-12,P0029,E01561,8.8
2026-05-12,P0081,E01623,4.4
2026-05-12,P0101,E01624,8.8
2026-05-12,P0125,E01379,8.8
2026-05-12,P0162,E01587,8.8
2026-05-12,P0174,E01551,8.8
2026-05-12,P0175,E01619,8.8
2026-05-12,P0194,E01582,8.8
2026-05-12,P0229,E01620,8.8
2026-05-12,P0238,E01501,8.8
2026-05-12,P0260,E01595,8.8
2026-05-12,P0262,E01591,4.4
2026-05-12,P0299,E01588,8.8
2026-05-12,P0309,E01453,8.8
2026-05-12,P0311,E01553,8.8
2026-05-12,P0384,E01517,8.8
2026-05-12,P0386,E01217,8.8
2026-05-12,P0390,E01621,4.4
2026-05-12,P0404,E01622,4.4
2026-05-12,P0415,E01274,8.8
2026-05-12,P0428,E01630,8.8
2026-05-12,P0439,E01614,8.8
2026-05-12,P0440,E01491,8.8
2026-05-12,P0468,E01519,8.8
2026-05-12,P0515,E01613,8.8
2026-05-12,P0524,E01631,8.8
2026-05-12,P0527,E01586,8.8
2026-05-12,P0543,E01598,8.8
2026-05-12,P0575,E01599,8.8
2026-05-12,P0602,E01572,8.8
2026-05-12,P0610,E01559,8.8
2026-05-12,P0625,E01574,8.8
2026-05-12,P0639,E01600,8.8
2026-05-12,P0643,E01632,8.8
2026-05-12,P0650,E01633,4.4
2026-05-12,P0651,E01480,8.8
2026-05-12,P0665,E01522,8.8
2026-05-12,P0669,E01579,8.8
2026-05-12,P0690,E01602,8.8
2026-05-12,P0693,E01569,8.8
2026-05-12,P0699,E01608,8.8
2026-05-12,P0702,E01510,8.8
2026-05-12,P0741,E01542,8.8
2026-05-12,P0761,E01628,8.8
2026-05-13,P0007,E01629,8.8
2026-05-13,P0023,E01634,4.4
2026-05-13,P0029,E01561,8.8
2026-05-13,P0036,E01635,8.8
2026-05-13,P0081,E01623,4.4
2026-05-13,P0085,E01636,8.8
2026-05-13,P0101,E01624,8.8
2026-05-13,P0125,E01379,8.8
2026-05-13,P0162,E01587,8.8
2026-05-13,P0171,E01637,8.8
2026-05-13,P0174,E01551,8.8
2026-05-13,P0175,E01619,8.8
2026-05-13,P0194,E01582,8.8
2026-05-13,P0214,E01638,8.8
2026-05-13,P0229,E01620,8.8
2026-05-13,P0238,E01501,8.8
2026-05-13,P0246,E01639,8.8
2026-05-13,P0260,E01595,8.8
2026-05-13,P0262,E01591,4.4
2026-05-13,P0299,E01640,8.8
2026-05-13,P0309,E01453,8.8
2026-05-13,P0311,E01553,8.8
2026-05-13,P0384,E01517,8.8
2026-05-13,P0386,E01217,8.8
2026-05-13,P0390,E01621,4.4
2026-05-13,P0404,E01622,4.4
2026-05-13,P0415,E01274,8.8
2026-05-13,P0439,E01614,8.8
2026-05-13,P0440,E01491,8.8
2026-05-13,P0444,E01641,8.8
2026-05-13,P0468,E01519,8.8
2026-05-13,P0515,E01613,8.8
2026-05-13,P0526,E01642,4.4
2026-05-13,P0527,E01586,8.8
2026-05-13,P0543,E01598,8.8
2026-05-13,P0553,E01643,8.8
2026-05-13,P0575,E01599,8.8
2026-05-13,P0610,E01559,8.8
2026-05-13,P0625,E01574,8.8
2026-05-13,P0639,E01600,8.8
2026-05-13,P0643,E01632,8.8
2026-05-13,P0650,E01633,4.4
2026-05-13,P0651,E01480,8.8
2026-05-13,P0665,E01522,8.8
2026-05-13,P0669,E01579,8.8
2026-05-13,P0690,E01602,8.8
2026-05-13,P0693,E01569,8.8
2026-05-13,P0699,E01608,8.8
2026-05-13,P0702,E01510,8.8
2026-05-13,P0741,E01542,8.8
2026-05-14,P0007,E01629,8.8
2026-05-14,P0023,E01634,4.4
2026-05-14,P0029,E01561,8.8
2026-05-14,P0036,E01635,8.8
2026-05-14,P0081,E01623,4.4
2026-05-14,P0085,E01636,8.8
2026-05-14,P0101,E01624,8.8
2026-05-14,P0125,E01379,8.8
2026-05-14,P0162,E01587,8.8
2026-05-14,P0171,E01637,8.8
2026-05-14,P0174,E01551,8.8
2026-05-14,P0175,E01619,8.8
2026-05-14,P0194,E01582,8.8
2026-05-14,P0214,E01638,8.8
2026-05-14,P0229,E01620,8.8
2026-05-14,P0238,E01501,8.8
2026-05-14,P0246,E01639,8.8
2026-05-14,P0260,E01595,8.8
2026-05-14,P0262,E01591,4.4
2026-05-14,P0299,E01640,8.8
2026-05-14,P0309,E01453,8.8
2026-05-14,P0311,E01553,8.8
2026-05-14,P0384,E01517,8.8
2026-05-14,P0386,E01217,8.8
2026-05-14,P0390,E01621,4.4
2026-05-14,P0401,E01644,8.8
2026-05-14,P0404,E01622,4.4
2026-05-14,P0415,E01274,8.8
2026-05-14,P0439,E01614,8.8
2026-05-14,P0440,E01491,8.8
2026-05-14,P0444,E01641,8.8
2026-05-14,P0468,E01519,8.8
2026-05-14,P0526,E01642,4.4
2026-05-14,P0527,E01586,8.8
2026-05-14,P0543,E01598,8.8
2026-05-14,P0553,E01643,8.8
2026-05-14,P0561,E01645,8.8
2026-05-14,P0575,E01599,8.8
2026-05-14,P0610,E01559,8.8
2026-05-14,P0625,E01574,8.8
2026-05-14,P0639,E01600,8.8
2026-05-14,P0641,E01646,8.8
2026-05-14,P0643,E01632,8.8
2026-05-14,P0651,E01480,8.8
2026-05-14,P0665,E01522,8.8
2026-05-14,P0669,E01579,8.8
2026-05-14,P0690,E01602,8.8
2026-05-14,P0693,E01569,8.8
2026-05-14,P0699,E01608,8.8
2026-05-14,P0702,E01510,8.8
2026-05-14,P0741,E01542,8.8
2026-05-15,P0007,E01629,8.8
2026-05-15,P0023,E01634,4.4
2026-05-15,P0029,E01561,8.8
2026-05-15,P0036,E01635,8.8
2026-05-15,P0053,E01647,8.8
2026-05-15,P0081,E01623,4.4
2026-05-15,P0098,E01648,8.8
2026-05-15,P0108,E01649,8.8
2026-05-15,P0125,E01379,8.8
2026-05-15,P0162,E01587,8.8
2026-05-15,P0171,E01637,8.8
2026-05-15,P0174,E01551,8.8
2026-05-15,P0175,E01619,8.8
2026-05-15,P0194,E01582,8.8
2026-05-15,P0214,E01638,8.8
2026-05-15,P0229,E01620,8.8
2026-05-15,P0238,E01501,8.8
2026-05-15,P0246,E01639,8.8
2026-05-15,P0260,E01595,8.8
2026-05-15,P0262,E01591,4.4
2026-05-15,P0298,E01650,8.8
2026-05-15,P0299,E01640,8.8
2026-05-15,P0309,E01453,8.8
2026-05-15,P0311,E01553,8.8
2026-05-15,P0317,E01651,8.8
2026-05-15,P0335,E01652,8.8
2026-05-15,P0384,E01517,8.8
2026-05-15,P0386,E01217,8.8
2026-05-15,P0390,E01621,4.4
2026-05-15,P0404,E01622,4.4
2026-05-15,P0415,E01274,8.8
2026-05-15,P0439,E01614,8.8
2026-05-15,P0440,E01491,8.8
2026-05-15,P0468,E01519,8.8
2026-05-15,P0526,E01642,4.4
2026-05-15,P0527,E01586,8.8
2026-05-15,P0543,E01598,8.8
2026-05-15,P0561,E01645,8.8
2026-05-15,P0575,E01599,8.8
2026-05-15,P0610,E01559,8.8
2026-05-15,P0625,E01574,8.8
2026-05-15,P0639,E01600,8.8
2026-05-15,P0641,E01646,8.8
2026-05-15,P0643,E01632,8.8
2026-05-15,P0651,E01480,8.8
2026-05-15,P0665,E01522,8.8
2026-05-15,P0669,E01579,8.8
2026-05-15,P0690,E01602,8.8
2026-05-15,P0693,E01569,8.8
2026-05-15,P0699,E01608,8.8
2026-05-15,P0702,E01510,8.8
2026-05-15,P0705,E01653,8.8
2026-05-15,P0741,E01654,8.8
2026-05-18,P0023,E01634,4.4
2026-05-18,P0026,E01655,8.8
2026-05-18,P0029,E01561,8.8
2026-05-18,P0036,E01635,8.8
2026-05-18,P0053,E01647,8.8
2026-05-18,P0081,E01623,4.4
2026-05-18,P0094,E01656,8.8
2026-05-18,P0098,E01648,8.8
2026-05-18,P0101,E01657,8.8
2026-05-18,P0125,E01379,8.8
2026-05-18,P0162,E01587,8.8
2026-05-18,P0171,E01637,8.8
2026-05-18,P0174,E01551,8.8
2026-05-18,P0175,E01619,8.8
2026-05-18,P0194,E01582,8.8
2026-05-18,P0214,E01638,8.8
2026-05-18,P0229,E01620,8.8
2026-05-18,P0238,E01501,8.8
2026-05-18,P0246,E01639,8.8
2026-05-18,P0260,E01595,8.8
2026-05-18,P0309,E01453,8.8
2026-05-18,P0311,E01553,8.8
2026-05-18,P0384,E01517,8.8
2026-05-18,P0386,E01217,8.8
2026-05-18,P0390,E01621,4.4
2026-05-18,P0404,E01622,4.4
2026-05-18,P0425,E01658,8.8
2026-05-18,P0439,E01614,8.8
2026-05-18,P0440,E01491,8.8
2026-05-18,P0468,E01519,8.8
2026-05-18,P0476,E01659,8.8
2026-05-18,P0526,E01642,4.4
2026-05-18,P0527,E01586,8.8
2026-05-18,P0543,E01598,8.8
2026-05-18,P0561,E01645,8.8
2026-05-18,P0575,E01599,8.8
2026-05-18,P0610,E01559,8.8
2026-05-18,P0625,E01574,8.8
2026-05-18,P0639,E01600,8.8
2026-05-18,P0641,E01646,8.8
2026-05-18,P0643,E01632,8.8
2026-05-18,P0651,E01480,8.8
2026-05-18,P0665,E01522,8.8
2026-05-18,P0669,E01579,8.8
2026-05-18,P0690,E01602,8.8
2026-05-18,P0693,E01660,8.8
2026-05-18,P0699,E01608,8.8
2026-05-18,P0702,E01510,8.8
2026-05-18,P0741,E01654,8.8
2026-05-19,P0023,E01634,4.4
2026-05-19,P0026,E01655,8.8
2026-05-19,P0029,E01561,8.8
2026-05-19,P0036,E01635,8.8
2026-05-19,P0053,E01647,8.8
2026-05-19,P0081,E01623,4.4
2026-05-19,P0098,E01648,8.8
2026-05-19,P0125,E01379,8.8
2026-05-19,P0162,E01587,8.8
2026-05-19,P0171,E01637,8.8
2026-05-19,P0174,E01551,8.8
2026-05-19,P0194,E01582,8.8
2026-05-19,P0214,E01638,8.8
2026-05-19,P0229,E01620,8.8
2026-05-19,P0238,E01501,8.8
2026-05-19,P0246,E01639,8.8
2026-05-19,P0260,E01595,8.8
2026-05-19,P0309,E01453,8.8
2026-05-19,P0311,E01553,8.8
2026-05-19,P0324,E01661,8.8
2026-05-19,P0384,E01517,8.8
2026-05-19,P0386,E01217,8.8
2026-05-19,P0390,E01621,4.4
2026-05-19,P0404,E01622,4.4
2026-05-19,P0425,E01658,8.8
2026-05-19,P0439,E01614,8.8
2026-05-19,P0440,E01491,8.8
2026-05-19,P0468,E01519,8.8
2026-05-19,P0526,E01642,4.4
2026-05-19,P0527,E01586,8.8
2026-05-19,P0543,E01598,8.8
2026-05-19,P0561,E01645,8.8
2026-05-19,P0575,E01599,8.8
2026-05-19,P0610,E01559,8.8
2026-05-19,P0625,E01574,8.8
2026-05-19,P0639,E01600,8.8
2026-05-19,P0641,E01646,8.8
2026-05-19,P0643,E01632,8.8
2026-05-19,P0651,E01480,8.8
2026-05-19,P0665,E01522,8.8
2026-05-19,P0669,E01579,8.8
2026-05-19,P0690,E01602,8.8
2026-05-19,P0693,E01660,8.8
2026-05-19,P0699,E01608,8.8
2026-05-19,P0702,E01510,8.8
2026-05-19,P0741,E01654,8.8
2026-05-20,P0023,E01634,4.4
2026-05-20,P0026,E01655,8.8
2026-05-20,P0036,E01635,8.8
2026-05-20,P0053,E01647,8.8
2026-05-20,P0081,E01623,4.4
2026-05-20,P0098,E01648,8.8
2026-05-20,P0125,E01379,8.8
2026-05-20,P0162,E01587,8.8
2026-05-20,P0171,E01637,8.8
2026-05-20,P0174,E01551,8.8
2026-05-20,P0194,E01582,8.8
2026-05-20,P0229,E01620,8.8
2026-05-20,P0238,E01501,8.8
2026-05-20,P0246,E01639,8.8
2026-05-20,P0251,E01662,8.8
2026-05-20,P0309,E01453,8.8
2026-05-20,P0324,E01661,8.8
2026-05-20,P0384,E01517,8.8
2026-05-20,P0386,E01217,8.8
2026-05-20,P0390,E01621,4.4
2026-05-20,P0391,E01663,8.8
2026-05-20,P0404,E01622,4.4
2026-05-20,P0407,E01664,8.8
2026-05-20,P0425,E01658,8.8
2026-05-20,P0439,E01614,8.8
2026-05-20,P0440,E01491,8.8
2026-05-20,P0468,E01519,8.8
2026-05-20,P0526,E01642,4.4
2026-05-20,P0527,E01586,8.8
2026-05-20,P0543,E01598,8.8
2026-05-20,P0575,E01599,8.8
2026-05-20,P0610,E01559,8.8
2026-05-20,P0625,E01574,8.8
2026-05-20,P0639,E01600,8.8
2026-05-20,P0641,E01646,8.8
2026-05-20,P0643,E01632,8.8
2026-05-20,P0651,E01480,8.8
2026-05-20,P0665,E01522,8.8
2026-05-20,P0669,E01579,8.8
2026-05-20,P0673,E01665,8.8
2026-05-20,P0690,E01602,8.8
2026-05-20,P0693,E01660,8.8
2026-05-20,P0699,E01608,8.8
2026-05-20,P0702,E01510,8.8
2026-05-20,P0741,E01654,8.8
2026-05-21,P0023,E01634,4.4
2026-05-21,P0026,E01655,8.8
2026-05-21,P0036,E01635,8.8
2026-05-21,P0053,E01647,8.8
2026-05-21,P0081,E01623,4.4
2026-05-21,P0086,E01666,8.8
2026-05-21,P0098,E01648,8.8
2026-05-21,P0125,E01379,8.8
2026-05-21,P0162,E01587,8.8
2026-05-21,P0171,E01637,8.8
2026-05-21,P0174,E01551,8.8
2026-05-21,P0175,E01667,8.8
2026-05-21,P0194,E01582,8.8
2026-05-21,P0218,E01668,8.8
2026-05-21,P0229,E01620,8.8
2026-05-21,P0238,E01501,8.8
2026-05-21,P0251,E01662,8.8
2026-05-21,P0257,E01669,8.8
2026-05-21,P0309,E01453,8.8
2026-05-21,P0319,E01670,8.8
2026-05-21,P0324,E01661,8.8
2026-05-21,P0384,E01517,8.8
2026-05-21,P0386,E01217,8.8
2026-05-21,P0391,E01663,8.8
2026-05-21,P0407,E01664,8.8
2026-05-21,P0425,E01658,8.8
2026-05-21,P0439,E01614,8.8
2026-05-21,P0440,E01491,8.8
2026-05-21,P0468,E01519,8.8
2026-05-21,P0524,E01671,8.8
2026-05-21,P0526,E01642,4.4
2026-05-21,P0527,E01586,8.8
2026-05-21,P0543,E01598,8.8
2026-05-21,P0575,E01599,8.8
2026-05-21,P0591,E01672,8.8
2026-05-21,P0625,E01574,8.8
2026-05-21,P0639,E01600,8.8
2026-05-21,P0641,E01646,8.8
2026-05-21,P0643,E01632,8.8
2026-05-21,P0651,E01480,8.8
2026-05-21,P0656,E01673,8.8
2026-05-21,P0665,E01522,8.8
2026-05-21,P0669,E01579,8.8
2026-05-21,P0673,E01665,8.8
2026-05-21,P0680,E01674,8.8
2026-05-21,P0690,E01602,8.8
2026-05-21,P0693,E01660,8.8
2026-05-21,P0698,E01675,8.8
2026-05-21,P0699,E01608,8.8
2026-05-21,P0702,E01510,8.8
2026-05-21,P0741,E01654,8.8
2026-05-21,P0761,E01676,8.8
2026-05-22,P0023,E01634,4.4
2026-05-22,P0036,E01635,8.8
2026-05-22,P0053,E01647,8.8
2026-05-22,P0081,E01623,4.4
2026-05-22,P0086,E01666,8.8
2026-05-22,P0092,E01677,8.8
2026-05-22,P0098,E01648,8.8
2026-05-22,P0125,E01379,8.8
2026-05-22,P0162,E01587,8.8
2026-05-22,P0171,E01637,8.8
2026-05-22,P0175,E01667,8.8
2026-05-22,P0194,E01582,8.8
2026-05-22,P0229,E01620,8.8
2026-05-22,P0238,E01501,8.8
2026-05-22,P0251,E01662,8.8
2026-05-22,P0257,E01669,8.8
2026-05-22,P0309,E01453,8.8
2026-05-22,P0319,E01670,8.8
2026-05-22,P0324,E01661,8.8
2026-05-22,P0384,E01517,8.8
2026-05-22,P0386,E01217,8.8
2026-05-22,P0391,E01663,8.8
2026-05-22,P0396,E01678,8.8
2026-05-22,P0407,E01664,8.8
2026-05-22,P0425,E01658,8.8
2026-05-22,P0439,E01614,8.8
2026-05-22,P0440,E01491,8.8
2026-05-22,P0468,E01519,8.8
2026-05-22,P0488,E01679,8.8
2026-05-22,P0496,E01680,8.8
2026-05-22,P0515,E01681,8.8
2026-05-22,P0526,E01642,4.4
2026-05-22,P0543,E01598,8.8
2026-05-22,P0575,E01599,8.8
2026-05-22,P0591,E01672,8.8
2026-05-22,P0625,E01574,8.8
2026-05-22,P0641,E01646,8.8
2026-05-22,P0643,E01632,8.8
2026-05-22,P0651,E01480,8.8
2026-05-22,P0656,E01673,8.8
2026-05-22,P0665,E01522,8.8
2026-05-22,P0669,E01579,8.8
2026-05-22,P0673,E01665,8.8
2026-05-22,P0680,E01674,8.8
2026-05-22,P0690,E01602,8.8
2026-05-22,P0691,E01682,8.8
2026-05-22,P0693,E01660,8.8
2026-05-22,P0699,E01608,8.8
2026-05-22,P0702,E01510,8.8
2026-05-22,P0705,E01683,8.8
2026-05-22,P0741,E01654,8.8
2026-05-22,P0761,E01676,8.8
2026-05-25,P0023,E01634,4.4
2026-05-25,P0036,E01635,8.8
2026-05-25,P0041,E01684,4.4
2026-05-25,P0053,E01647,8.8
2026-05-25,P0081,E01623,4.4
2026-05-25,P0086,E01666,8.8
2026-05-25,P0092,E01677,8.8
2026-05-25,P0098,E01648,8.8
2026-05-25,P0125,E01379,8.8
2026-05-25,P0162,E01587,8.8
2026-05-25,P0175,E01667,8.8
2026-05-25,P0194,E01582,8.8
2026-05-25,P0205,E01685,8.8
2026-05-25,P0229,E01620,8.8
2026-05-25,P0238,E01501,8.8
2026-05-25,P0251,E01662,8.8
2026-05-25,P0257,E01669,8.8
2026-05-25,P0309,E01453,8.8
2026-05-25,P0319,E01670,8.8
2026-05-25,P0324,E01661,8.8
2026-05-25,P0352,E01686,8.8
2026-05-25,P0356,E01687,8.8
2026-05-25,P0386,E01217,8.8
2026-05-25,P0391,E01663,8.8
2026-05-25,P0396,E01678,8.8
2026-05-25,P0407,E01664,8.8
2026-05-25,P0425,E01658,8.8
2026-05-25,P0439,E01614,8.8
2026-05-25,P0440,E01491,8.8
2026-05-25,P0468,E01519,8.8
2026-05-25,P0488,E01679,8.8
2026-05-25,P0515,E01681,8.8
2026-05-25,P0526,E01642,4.4
2026-05-25,P0543,E01598,8.8
2026-05-25,P0575,E01599,8.8
2026-05-25,P0591,E01672,8.8
2026-05-25,P0625,E01574,8.8
2026-05-25,P0641,E01646,8.8
2026-05-25,P0643,E01632,8.8
2026-05-25,P0651,E01480,8.8
2026-05-25,P0665,E01522,8.8
2026-05-25,P0669,E01579,8.8
2026-05-25,P0673,E01665,8.8
2026-05-25,P0680,E01674,8.8
2026-05-25,P0690,E01602,8.8
2026-05-25,P0691,E01682,8.8
2026-05-25,P0693,E01660,8.8
2026-05-25,P0699,E01608,8.8
2026-05-25,P0702,E01510,8.8
2026-05-25,P0705,E01683,8.8
2026-05-25,P0741,E01654,8.8
2026-05-25,P0761,E01676,8.8
2026-05-26,P0023,E01634,4.4
2026-05-26,P0036,E01635,8.8
2026-05-26,P0053,E01647,8.8
2026-05-26,P0081,E01623,4.4
2026-05-26,P0092,E01677,8.8
2026-05-26,P0098,E01648,8.8
2026-05-26,P0125,E01379,8.8
2026-05-26,P0127,E01688,8.8
2026-05-26,P0162,E01587,8.8
2026-05-26,P0175,E01667,8.8
2026-05-26,P0194,E01582,8.8
2026-05-26,P0205,E01685,8.8
2026-05-26,P0226,E01689,8.8
2026-05-26,P0229,E01620,8.8
2026-05-26,P0238,E01501,8.8
2026-05-26,P0251,E01662,8.8
2026-05-26,P0257,E01669,8.8
2026-05-26,P0309,E01453,8.8
2026-05-26,P0319,E01670,8.8
2026-05-26,P0323,E01690,4.4
2026-05-26,P0324,E01661,8.8
2026-05-26,P0352,E01686,8.8
2026-05-26,P0356,E01687,8.8
2026-05-26,P0386,E01217,8.8
2026-05-26,P0391,E01663,8.8
2026-05-26,P0396,E01678,8.8
2026-05-26,P0407,E01664,8.8
2026-05-26,P0425,E01658,8.8
2026-05-26,P0439,E01614,8.8
2026-05-26,P0440,E01491,8.8
2026-05-26,P0468,E01519,8.8
2026-05-26,P0488,E01679,8.8
2026-05-26,P0515,E01681,8.8
2026-05-26,P0526,E01642,4.4
2026-05-26,P0543,E01598,8.8
2026-05-26,P0575,E01599,8.8
2026-05-26,P0591,E01672,8.8
2026-05-26,P0607,E01691,8.8
2026-05-26,P0625,E01574,8.8
2026-05-26,P0641,E01646,8.8
2026-05-26,P0643,E01632,8.8
2026-05-26,P0646,E01692,8.8
2026-05-26,P0651,E01480,8.8
2026-05-26,P0665,E01522,8.8
2026-05-26,P0669,E01579,8.8
2026-05-26,P0673,E01665,8.8
2026-05-26,P0680,E01674,8.8
2026-05-26,P0690,E01602,8.8
2026-05-26,P0691,E01682,8.8
2026-05-26,P0693,E01660,8.8
2026-05-26,P0699,E01608,8.8
2026-05-26,P0702,E01510,8.8
2026-05-26,P0704,E01693,8.8
2026-05-26,P0705,E01683,8.8
2026-05-26,P0741,E01654,8.8
2026-05-26,P0761,E01676,8.8
2026-05-27,P0023,E01634,4.4
2026-05-27,P0036,E01635,8.8
2026-05-27,P0053,E01647,8.8
2026-05-27,P0081,E01623,4.4
2026-05-27,P0092,E01677,8.8
2026-05-27,P0098,E01648,8.8
2026-05-27,P0125,E01379,8.8
2026-05-27,P0162,E01587,8.8
2026-05-27,P0175,E01667,8.8
2026-05-27,P0205,E01685,8.8
2026-05-27,P0226,E01689,8.8
2026-05-27,P0229,E01620,8.8
2026-05-27,P0238,E01501,8.8
2026-05-27,P0251,E01662,8.8
2026-05-27,P0257,E01669,8.8
2026-05-27,P0309,E01453,8.8
2026-05-27,P0319,E01670,8.8
2026-05-27,P0324,E01661,8.8
2026-05-27,P0356,E01687,8.8
2026-05-27,P0386,E01217,8.8
2026-05-27,P0391,E01663,8.8
2026-05-27,P0396,E01678,8.8
2026-05-27,P0399,E01694,8.8
2026-05-27,P0407,E01664,8.8
2026-05-27,P0425,E01658,8.8
2026-05-27,P0437,E01695,8.8
2026-05-27,P0439,E01614,8.8
2026-05-27,P0440,E01491,8.8
2026-05-27,P0468,E01519,8.8
2026-05-27,P0515,E01681,8.8
2026-05-27,P0526,E01642,4.4
2026-05-27,P0543,E01598,8.8
2026-05-27,P0575,E01599,8.8
2026-05-27,P0607,E01691,8.8
2026-05-27,P0625,E01574,8.8
2026-05-27,P0641,E01646,8.8
2026-05-27,P0643,E01632,8.8
2026-05-27,P0646,E01692,8.8
2026-05-27,P0651,E01480,8.8
2026-05-27,P0665,E01522,8.8
2026-05-27,P0669,E01579,8.8
2026-05-27,P0673,E01665,8.8
2026-05-27,P0680,E01674,8.8
2026-05-27,P0690,E01602,8.8
2026-05-27,P0691,E01682,8.8
2026-05-27,P0693,E01660,8.8
2026-05-27,P0699,E01608,8.8
2026-05-27,P0702,E01510,8.8
2026-05-27,P0705,E01683,8.8
2026-05-27,P0718,E01696,8.8
2026-05-27,P0741,E01654,8.8
2026-05-27,P0761,E01676,8.8
2026-05-28,P0023,E01634,4.4
2026-05-28,P0036,E01635,8.8
2026-05-28,P0053,E01647,8.8
2026-05-28,P0086,E01697,8.8
2026-05-28,P0092,E01677,8.8
2026-05-28,P0098,E01648,8.8
2026-05-28,P0100,E01698,8.8
2026-05-28,P0122,E01699,8.8
2026-05-28,P0125,E01379,8.8
2026-05-28,P0162,E01587,8.8
2026-05-28,P0175,E01667,8.8
2026-05-28,P0205,E01685,8.8
2026-05-28,P0226,E01689,8.8
2026-05-28,P0238,E01501,8.8
2026-05-28,P0251,E01662,8.8
2026-05-28,P0257,E01669,8.8
2026-05-28,P0309,E01453,8.8
2026-05-28,P0319,E01670,8.8
2026-05-28,P0321,E01700,8.8
2026-05-28,P0324,E01661,8.8
2026-05-28,P0356,E01687,8.8
2026-05-28,P0386,E01217,8.8
2026-05-28,P0391,E01663,8.8
2026-05-28,P0399,E01694,8.8
2026-05-28,P0407,E01664,8.8
2026-05-28,P0425,E01658,8.8
2026-05-28,P0437,E01695,8.8
2026-05-28,P0440,E01491,8.8
2026-05-28,P0468,E01519,8.8
2026-05-28,P0515,E01681,8.8
2026-05-28,P0526,E01642,4.4
2026-05-28,P0543,E01598,8.8
2026-05-28,P0575,E01599,8.8
2026-05-28,P0602,E01701,8.8
2026-05-28,P0607,E01691,8.8
2026-05-28,P0625,E01574,8.8
2026-05-28,P0630,E01702,8.8
2026-05-28,P0641,E01646,8.8
2026-05-28,P0643,E01632,8.8
2026-05-28,P0646,E01692,8.8
2026-05-28,P0648,E01703,8.8
2026-05-28,P0651,E01480,8.8
2026-05-28,P0659,E01704,8.8
2026-05-28,P0665,E01522,8.8
2026-05-28,P0669,E01579,8.8
2026-05-28,P0673,E01665,8.8
2026-05-28,P0680,E01674,8.8
2026-05-28,P0690,E01602,8.8
2026-05-28,P0691,E01682,8.8
2026-05-28,P0693,E01660,8.8
2026-05-28,P0699,E01608,8.8
2026-05-28,P0702,E01510,8.8
2026-05-28,P0705,E01683,8.8
2026-05-28,P0741,E01654,8.8
2026-05-28,P0761,E01676,8.8
2026-05-29,P0023,E01634,4.4
2026-05-29,P0028,E01705,8.8
2026-05-29,P0036,E01635,8.8
2026-05-29,P0053,E01647,8.8
2026-05-29,P0092,E01677,8.8
2026-05-29,P0098,E01648,8.8
2026-05-29,P0100,E01698,8.8
2026-05-29,P0122,E01699,8.8
2026-05-29,P0125,E01379,8.8
2026-05-29,P0167,E01706,8.8
2026-05-29,P0175,E01667,8.8
2026-05-29,P0205,E01685,8.8
2026-05-29,P0226,E01689,8.8
2026-05-29,P0238,E01501,8.8
2026-05-29,P0251,E01662,8.8
2026-05-29,P0257,E01669,8.8
2026-05-29,P0291,E01707,4.4
2026-05-29,P0300,E01708,8.8
2026-05-29,P0309,E01453,8.8
2026-05-29,P0319,E01670,8.8
2026-05-29,P0324,E01661,8.8
2026-05-29,P0386,E01217,8.8
2026-05-29,P0391,E01663,8.8
2026-05-29,P0399,E01694,8.8
2026-05-29,P0407,E01664,8.8
2026-05-29,P0425,E01658,8.8
2026-05-29,P0440,E01491,8.8
2026-05-29,P0461,E01709,8.8
2026-05-29,P0468,E01519,8.8
2026-05-29,P0515,E01681,8.8
2026-05-29,P0526,E01642,4.4
2026-05-29,P0543,E01598,8.8
2026-05-29,P0575,E01599,8.8
2026-05-29,P0607,E01691,8.8
2026-05-29,P0617,E01710,8.8
2026-05-29,P0625,E01574,8.8
2026-05-29,P0641,E01646,8.8
2026-05-29,P0643,E01632,8.8
2026-05-29,P0646,E01692,8.8
2026-05-29,P0648,E01703,8.8
2026-05-29,P0651,E01480,8.8
2026-05-29,P0659,E01704,8.8
2026-05-29,P0665,E01522,8.8
2026-05-29,P0669,E01579,8.8
2026-05-29,P0690,E01602,8.8
2026-05-29,P0691,E01682,8.8
2026-05-29,P0693,E01660,8.8
2026-05-29,P0699,E01608,8.8
2026-05-29,P0702,E01510,8.8
2026-05-29,P0741,E01654,8.8
2026-05-29,P0761,E01676,8.8
2026-06-01,P0023,E01634,4.4
2026-06-01,P0036,E01635,8.8
2026-06-01,P0053,E01647,8.8
2026-06-01,P0092,E01677,8.8
2026-06-01,P0098,E01648,8.8
2026-06-01,P0100,E01698,8.8
2026-06-01,P0122,E01711,8.8
2026-06-01,P0125,E01379,8.8
2026-06-01,P0175,E01667,8.8
2026-06-01,P0211,E01712,8.8
2026-06-01,P0226,E01689,8.8
2026-06-01,P0238,E01501,8.8
2026-06-01,P0251,E01662,8.8
2026-06-01,P0291,E01707,4.4
2026-06-01,P0300,E01713,8.8
2026-06-01,P0309,E01453,8.8
2026-06-01,P0319,E01670,8.8
2026-06-01,P0324,E01661,8.8
2026-06-01,P0370,E01714,8.8
2026-06-01,P0386,E01217,8.8
2026-06-01,P0399,E01694,8.8
2026-06-01,P0407,E01664,8.8
2026-06-01,P0425,E01658,8.8
2026-06-01,P0440,E01491,8.8
2026-06-01,P0468,E01519,8.8
2026-06-01,P0490,E01715,8.8
2026-06-01,P0515,E01681,8.8
2026-06-01,P0526,E01642,4.4
2026-06-01,P0543,E01598,8.8
2026-06-01,P0575,E01599,8.8
2026-06-01,P0625,E01574,8.8
2026-06-01,P0643,E01632,8.8
2026-06-01,P0646,E01692,8.8
2026-06-01,P0648,E01703,8.8
2026-06-01,P0651,E01480,8.8
2026-06-01,P0659,E01704,8.8
2026-06-01,P0665,E01522,8.8
2026-06-01,P0669,E01579,8.8
2026-06-01,P0690,E01602,8.8
2026-06-01,P0691,E01682,8.8
2026-06-01,P0693,E01660,8.8
2026-06-01,P0699,E01608,8.8
2026-06-01,P0702,E01510,8.8
2026-06-01,P0728,E01716,8.8
2026-06-01,P0741,E01654,8.8
2026-06-02,P0023,E01634,4.4
2026-06-02,P0036,E01635,8.8
2026-06-02,P0053,E01647,8.8
2026-06-02,P0092,E01677,8.8
2026-06-02,P0098,E01648,8.8
2026-06-02,P0100,E01698,8.8
2026-06-02,P0122,E01711,8.8
2026-06-02,P0125,E01379,8.8
2026-06-02,P0175,E01667,8.8
2026-06-02,P0211,E01712,8.8
2026-06-02,P0226,E01689,8.8
2026-06-02,P0238,E01501,8.8
2026-06-02,P0291,E01707,4.4
2026-06-02,P0300,E01713,8.8
2026-06-02,P0309,E01453,8.8
2026-06-02,P0319,E01670,8.8
2026-06-02,P0324,E01661,8.8
2026-06-02,P0330,E01717,8.8
2026-06-02,P0348,E01718,8.8
2026-06-02,P0386,E01217,8.8
2026-06-02,P0399,E01694,8.8
2026-06-02,P0407,E01664,8.8
2026-06-02,P0410,E01719,8.8
2026-06-02,P0419,E01720,8.8
2026-06-02,P0425,E01658,8.8
2026-06-02,P0440,E01491,8.8
2026-06-02,P0445,E01721,8.8
2026-06-02,P0468,E01519,8.8
2026-06-02,P0490,E01715,8.8
2026-06-02,P0515,E01681,8.8
2026-06-02,P0526,E01642,4.4
2026-06-02,P0543,E01598,8.8
2026-06-02,P0625,E01574,8.8
2026-06-02,P0643,E01632,8.8
2026-06-02,P0646,E01692,8.8
2026-06-02,P0648,E01703,8.8
2026-06-02,P0651,E01480,8.8
2026-06-02,P0659,E01704,8.8
2026-06-02,P0665,E01522,8.8
2026-06-02,P0690,E01602,8.8
2026-06-02,P0691,E01682,8.8
2026-06-02,P0693,E01660,8.8
2026-06-02,P0699,E01608,8.8
2026-06-02,P0702,E01510,8.8
2026-06-02,P0705,E01722,8.8
2026-06-02,P0728,E01716,8.8
2026-06-02,P0741,E01654,8.8
2026-06-03,P0023,E01634,4.4
2026-06-03,P0036,E01635,8.8
2026-06-03,P0053,E01647,8.8
2026-06-03,P0092,E01677,8.8
2026-06-03,P0098,E01648,8.8
2026-06-03,P0100,E01698,8.8
2026-06-03,P0122,E01711,8.8
2026-06-03,P0125,E01379,8.8
2026-06-03,P0175,E01667,8.8
2026-06-03,P0194,E01723,8.8
2026-06-03,P0211,E01712,8.8
2026-06-03,P0238,E01501,8.8
2026-06-03,P0291,E01707,4.4
2026-06-03,P0300,E01713,8.8
2026-06-03,P0309,E01453,8.8
2026-06-03,P0319,E01670,8.8
2026-06-03,P0324,E01661,8.8
2026-06-03,P0326,E01724,8.8
2026-06-03,P0348,E01718,8.8
2026-06-03,P0386,E01217,8.8
2026-06-03,P0407,E01664,8.8
2026-06-03,P0410,E01719,8.8
2026-06-03,P0414,E01725,8.8
2026-06-03,P0419,E01720,8.8
2026-06-03,P0420,E01726,8.8
2026-06-03,P0425,E01658,8.8
2026-06-03,P0440,E01491,8.8
2026-06-03,P0445,E01721,8.8
2026-06-03,P0468,E01519,8.8
2026-06-03,P0490,E01715,8.8
2026-06-03,P0524,E01727,8.8
2026-06-03,P0526,E01642,4.4
2026-06-03,P0543,E01598,8.8
2026-06-03,P0643,E01632,8.8
2026-06-03,P0646,E01692,8.8
2026-06-03,P0648,E01703,8.8
2026-06-03,P0651,E01480,8.8
2026-06-03,P0659,E01704,8.8
2026-06-03,P0665,E01522,8.8
2026-06-03,P0690,E01602,8.8
2026-06-03,P0691,E01682,8.8
2026-06-03,P0693,E01660,8.8
2026-06-03,P0699,E01608,8.8
2026-06-03,P0702,E01510,8.8
2026-06-03,P0705,E01722,8.8
2026-06-03,P0728,E01716,8.8
2026-06-03,P0741,E01654,8.8
2026-06-04,P0023,E01634,4.4
2026-06-04,P0029,E01728,8.8
2026-06-04,P0036,E01635,8.8
2026-06-04,P0053,E01647,8.8
2026-06-04,P0092,E01677,8.8
2026-06-04,P0098,E01648,8.8
2026-06-04,P0100,E01698,8.8
2026-06-04,P0122,E01711,8.8
2026-06-04,P0125,E01379,8.8
2026-06-04,P0159,E01729,8.8
2026-06-04,P0175,E01667,8.8
2026-06-04,P0194,E01723,8.8
2026-06-04,P0211,E01712,8.8
2026-06-04,P0238,E01501,8.8
2026-06-04,P0300,E01713,8.8
2026-06-04,P0309,E01453,8.8
2026-06-04,P0319,E01670,8.8
2026-06-04,P0324,E01661,8.8
2026-06-04,P0348,E01718,8.8
2026-06-04,P0372,E01730,8.8
2026-06-04,P0407,E01664,8.8
2026-06-04,P0410,E01719,8.8
2026-06-04,P0414,E01725,8.8
2026-06-04,P0425,E01658,8.8
2026-06-04,P0440,E01491,8.8
2026-06-04,P0445,E01721,8.8
2026-06-04,P0468,E01519,8.8
2026-06-04,P0490,E01715,8.8
2026-06-04,P0524,E01727,8.8
2026-06-04,P0526,E01642,4.4
2026-06-04,P0527,E01731,8.8
2026-06-04,P0543,E01598,8.8
2026-06-04,P0641,E01732,8.8
2026-06-04,P0643,E01632,8.8
2026-06-04,P0646,E01692,8.8
2026-06-04,P0648,E01703,8.8
2026-06-04,P0651,E01480,8.8
2026-06-04,P0659,E01704,8.8
2026-06-04,P0665,E01522,8.8
2026-06-04,P0678,E01733,4.4
2026-06-04,P0690,E01602,8.8
2026-06-04,P0691,E01682,8.8
2026-06-04,P0693,E01660,8.8
2026-06-04,P0699,E01608,8.8
2026-06-04,P0702,E01510,8.8
2026-06-04,P0705,E01722,8.8
2026-06-04,P0728,E01716,8.8
2026-06-04,P0741,E01654,8.8
2026-06-04,P0756,E01734,8.8
2026-06-05,P0023,E01634,4.4
2026-06-05,P0029,E01728,8.8
2026-06-05,P0036,E01635,8.8
2026-06-05,P0053,E01647,8.8
2026-06-05,P0092,E01677,8.8
2026-06-05,P0098,E01648,8.8
2026-06-05,P0100,E01698,8.8
2026-06-05,P0122,E01711,8.8
2026-06-05,P0125,E01379,8.8
2026-06-05,P0174,E01735,8.8
2026-06-05,P0175,E01667,8.8
2026-06-05,P0194,E01723,8.8
2026-06-05,P0211,E01712,8.8
2026-06-05,P0238,E01501,8.8
2026-06-05,P0300,E01713,8.8
2026-06-05,P0319,E01670,8.8
2026-06-05,P0324,E01661,8.8
2026-06-05,P0348,E01718,8.8
2026-06-05,P0407,E01664,8.8
2026-06-05,P0414,E01725,8.8
2026-06-05,P0422,E01736,8.8
2026-06-05,P0425,E01658,8.8
2026-06-05,P0440,E01491,8.8
2026-06-05,P0445,E01721,8.8
2026-06-05,P0490,E01715,8.8
2026-06-05,P0524,E01727,8.8
2026-06-05,P0526,E01642,4.4
2026-06-05,P0543,E01598,8.8
2026-06-05,P0643,E01632,8.8
2026-06-05,P0646,E01692,8.8
2026-06-05,P0648,E01703,8.8
2026-06-05,P0651,E01480,8.8
2026-06-05,P0659,E01704,8.8
2026-06-05,P0665,E01522,8.8
2026-06-05,P0678,E01733,4.4
2026-06-05,P0690,E01602,8.8
2026-06-05,P0691,E01682,8.8
2026-06-05,P0699,E01608,8.8
2026-06-05,P0702,E01510,8.8
2026-06-05,P0728,E01716,8.8
2026-06-05,P0741,E01654,8.8
2026-06-05,P0756,E01734,8.8
2026-06-08,P0036,E01635,8.8
2026-06-08,P0053,E01647,8.8
2026-06-08,P0092,E01677,8.8
2026-06-08,P0098,E01648,8.8
2026-06-08,P0100,E01698,8.8
2026-06-08,P0122,E01711,8.8
2026-06-08,P0125,E01379,8.8
2026-06-08,P0175,E01667,8.8
2026-06-08,P0211,E01712,8.8
2026-06-08,P0238,E01501,8.8
2026-06-08,P0300,E01713,8.8
2026-06-08,P0319,E01670,8.8
2026-06-08,P0324,E01661,8.8
2026-06-08,P0348,E01718,8.8
2026-06-08,P0407,E01664,8.8
2026-06-08,P0414,E01725,8.8
2026-06-08,P0425,E01658,8.8
2026-06-08,P0440,E01491,8.8
2026-06-08,P0445,E01721,8.8
2026-06-08,P0490,E01715,8.8
2026-06-08,P0515,E01737,8.8
2026-06-08,P0524,E01727,8.8
2026-06-08,P0543,E01598,8.8
2026-06-08,P0643,E01632,8.8
2026-06-08,P0646,E01692,8.8
2026-06-08,P0648,E01703,8.8
2026-06-08,P0651,E01480,8.8
2026-06-08,P0659,E01704,8.8
2026-06-08,P0665,E01522,8.8
2026-06-08,P0678,E01733,4.4
2026-06-08,P0691,E01682,8.8
2026-06-08,P0699,E01608,8.8
2026-06-08,P0702,E01510,8.8
2026-06-08,P0756,E01734,8.8
2026-06-09,P0024,E01738,8.8
2026-06-09,P0026,E01739,8.8
2026-06-09,P0036,E01635,8.8
2026-06-09,P0053,E01647,8.8
2026-06-09,P0092,E01677,8.8
2026-06-09,P0098,E01648,8.8
2026-06-09,P0100,E01698,8.8
2026-06-09,P0122,E01711,8.8
2026-06-09,P0125,E01379,8.8
2026-06-09,P0174,E01740,8.8
2026-06-09,P0175,E01667,8.8
2026-06-09,P0211,E01712,8.8
2026-06-09,P0238,E01501,8.8
2026-06-09,P0300,E01713,8.8
2026-06-09,P0319,E01741,8.8
2026-06-09,P0348,E01718,8.8
2026-06-09,P0407,E01664,8.8
2026-06-09,P0413,E01742,8.8
2026-06-09,P0414,E01725,8.8
2026-06-09,P0425,E01658,8.8
2026-06-09,P0440,E01491,8.8
2026-06-09,P0445,E01721,8.8
2026-06-09,P0490,E01715,8.8
2026-06-09,P0543,E01598,8.8
2026-06-09,P0630,E01743,8.8
2026-06-09,P0643,E01632,8.8
2026-06-09,P0646,E01692,8.8
2026-06-09,P0648,E01703,8.8
2026-06-09,P0651,E01480,8.8
2026-06-09,P0659,E01704,8.8
2026-06-09,P0665,E01522,8.8
2026-06-09,P0678,E01733,4.4
2026-06-09,P0691,E01682,8.8
2026-06-09,P0699,E01608,8.8
2026-06-09,P0702,E01510,8.8
2026-06-09,P0704,E01744,8.8
2026-06-10,P0024,E01738,8.8
2026-06-10,P0036,E01635,8.8
2026-06-10,P0053,E01647,8.8
2026-06-10,P0060,E01745,8.8
2026-06-10,P0082,E01746,8.8
2026-06-10,P0092,E01677,8.8
2026-06-10,P0098,E01648,8.8
2026-06-10,P0100,E01698,8.8
2026-06-10,P0118,E01747,8.8
2026-06-10,P0125,E01379,8.8
2026-06-10,P0174,E01740,8.8
2026-06-10,P0175,E01667,8.8
2026-06-10,P0211,E01712,8.8
2026-06-10,P0223,E01748,8.8
2026-06-10,P0238,E01501,8.8
2026-06-10,P0299,E01749,8.8
2026-06-10,P0300,E01713,8.8
2026-06-10,P0319,E01741,8.8
2026-06-10,P0348,E01718,8.8
2026-06-10,P0413,E01742,8.8
2026-06-10,P0414,E01725,8.8
2026-06-10,P0418,E01750,8.8
2026-06-10,P0425,E01658,8.8
2026-06-10,P0440,E01491,8.8
2026-06-10,P0445,E01721,8.8
2026-06-10,P0455,E01751,8.8
2026-06-10,P0527,E01752,8.8
2026-06-10,P0543,E01598,8.8
2026-06-10,P0630,E01743,8.8
2026-06-10,P0643,E01632,8.8
2026-06-10,P0646,E01692,8.8
2026-06-10,P0648,E01703,8.8
2026-06-10,P0659,E01704,8.8
2026-06-10,P0665,E01522,8.8
2026-06-10,P0678,E01733,4.4
2026-06-10,P0691,E01682,8.8
2026-06-10,P0699,E01608,8.8
2026-06-10,P0702,E01510,8.8
2026-06-10,P0718,E01753,8.8
2026-06-11,P0024,E01738,8.8
2026-06-11,P0036,E01635,8.8
2026-06-11,P0053,E01647,8.8
2026-06-11,P0060,E01745,8.8
2026-06-11,P0081,E01754,4.4
2026-06-11,P0092,E01677,8.8
2026-06-11,P0098,E01648,8.8
2026-06-11,P0100,E01698,8.8
2026-06-11,P0118,E01755,8.8
2026-06-11,P0125,E01379,8.8
2026-06-11,P0174,E01740,8.8
2026-06-11,P0175,E01667,8.8
2026-06-11,P0299,E01749,8.8
2026-06-11,P0300,E01713,8.8
2026-06-11,P0319,E01741,8.8
2026-06-11,P0339,E01756,8.8
2026-06-11,P0347,E01757,8.8
2026-06-11,P0348,E01718,8.8
2026-06-11,P0413,E01742,8.8
2026-06-11,P0414,E01725,8.8
2026-06-11,P0425,E01658,8.8
2026-06-11,P0440,E01491,8.8
2026-06-11,P0445,E01721,8.8
2026-06-11,P0455,E01751,8.8
2026-06-11,P0543,E01598,8.8
2026-06-11,P0607,E01758,8.8
2026-06-11,P0620,E01759,8.8
2026-06-11,P0643,E01632,8.8
2026-06-11,P0646,E01692,8.8
2026-06-11,P0648,E01703,8.8
2026-06-11,P0659,E01704,8.8
2026-06-11,P0665,E01522,8.8
2026-06-11,P0678,E01733,4.4
2026-06-11,P0691,E01682,8.8
2026-06-11,P0699,E01608,8.8
2026-06-11,P0718,E01753,8.8
2026-06-12,P0024,E01738,8.8
2026-06-12,P0036,E01635,8.8
2026-06-12,P0037,E01760,8.8
2026-06-12,P0053,E01647,8.8
2026-06-12,P0060,E01745,8.8
2026-06-12,P0081,E01754,4.4
2026-06-12,P0092,E01677,8.8
2026-06-12,P0098,E01648,8.8
2026-06-12,P0100,E01698,8.8
2026-06-12,P0118,E01755,8.8
2026-06-12,P0125,E01379,8.8
2026-06-12,P0166,E01761,8.8
2026-06-12,P0174,E01740,8.8
2026-06-12,P0175,E01667,8.8
2026-06-12,P0218,E01762,8.8
2026-06-12,P0299,E01749,8.8
2026-06-12,P0300,E01713,8.8
2026-06-12,P0314,E01763,8.8
2026-06-12,P0339,E01756,8.8
2026-06-12,P0347,E01757,8.8
2026-06-12,P0413,E01742,8.8
2026-06-12,P0414,E01725,8.8
2026-06-12,P0425,E01658,8.8
2026-06-12,P0440,E01491,8.8
2026-06-12,P0620,E01759,8.8
2026-06-12,P0630,E01764,8.8
2026-06-12,P0643,E01632,8.8
2026-06-12,P0646,E01692,8.8
2026-06-12,P0648,E01703,8.8
2026-06-12,P0659,E01704,8.8
2026-06-12,P0665,E01522,8.8
2026-06-12,P0678,E01733,4.4
2026-06-12,P0691,E01682,8.8
2026-06-12,P0699,E01608,8.8
2026-06-12,P0700,E01765,8.8
2026-06-12,P0702,E01766,8.8
2026-06-12,P0718,E01753,8.8
2026-06-15,P0036,E01635,8.8
2026-06-15,P0053,E01647,8.8
2026-06-15,P0060,E01745,8.8
2026-06-15,P0081,E01754,4.4
2026-06-15,P0092,E01677,8.8
2026-06-15,P0098,E01648,8.8
2026-06-15,P0100,E01698,8.8
2026-06-15,P0118,E01755,8.8
2026-06-15,P0125,E01379,8.8
2026-06-15,P0148,E01767,8.8
2026-06-15,P0174,E01740,8.8
2026-06-15,P0175,E01667,8.8
2026-06-15,P0218,E01762,8.8
2026-06-15,P0299,E01749,8.8
2026-06-15,P0300,E01713,8.8
2026-06-15,P0339,E01756,8.8
2026-06-15,P0347,E01757,8.8
2026-06-15,P0413,E01742,8.8
2026-06-15,P0414,E01725,8.8
2026-06-15,P0425,E01658,8.8
2026-06-15,P0440,E01491,8.8
2026-06-15,P0454,E01768,8.8
2026-06-15,P0620,E01759,8.8
2026-06-15,P0630,E01764,8.8
2026-06-15,P0643,E01632,8.8
2026-06-15,P0646,E01692,8.8
2026-06-15,P0648,E01703,8.8
2026-06-15,P0659,E01704,8.8
2026-06-15,P0665,E01522,8.8
2026-06-15,P0678,E01733,4.4
2026-06-15,P0691,E01682,8.8
2026-06-15,P0700,E01765,8.8
2026-06-15,P0702,E01766,8.8
2026-06-15,P0718,E01753,8.8
2026-06-16,P0036,E01635,8.8
2026-06-16,P0053,E01647,8.8
2026-06-16,P0060,E01745,8.8
2026-06-16,P0081,E01754,4.4
2026-06-16,P0092,E01677,8.8
2026-06-16,P0098,E01648,8.8
2026-06-16,P0100,E01698,8.8
2026-06-16,P0118,E01755,8.8
2026-06-16,P0125,E01379,8.8
2026-06-16,P0148,E01767,8.8
2026-06-16,P0175,E01667,8.8
2026-06-16,P0218,E01762,8.8
2026-06-16,P0299,E01749,8.8
2026-06-16,P0300,E01713,8.8
2026-06-16,P0339,E01756,8.8
2026-06-16,P0347,E01757,8.8
2026-06-16,P0414,E01725,8.8
2026-06-16,P0421,E01769,8.8
2026-06-16,P0440,E01491,8.8
2026-06-16,P0454,E01768,8.8
2026-06-16,P0461,E01770,8.8
2026-06-16,P0476,E01771,8.8
2026-06-16,P0575,E01772,8.8
2026-06-16,P0620,E01759,8.8
2026-06-16,P0641,E01773,8.8
2026-06-16,P0643,E01632,8.8
2026-06-16,P0646,E01692,8.8
2026-06-16,P0648,E01703,8.8
2026-06-16,P0650,E01774,4.4
2026-06-16,P0659,E01704,8.8
2026-06-16,P0665,E01522,8.8
2026-06-16,P0678,E01733,4.4
2026-06-16,P0691,E01682,8.8
2026-06-16,P0702,E01766,8.8
2026-06-16,P0718,E01753,8.8
2026-06-17,P0036,E01635,8.8
2026-06-17,P0053,E01647,8.8
2026-06-17,P0060,E01745,8.8
2026-06-17,P0092,E01677,8.8
2026-06-17,P0098,E01648,8.8
2026-06-17,P0100,E01698,8.8
2026-06-17,P0118,E01755,8.8
2026-06-17,P0125,E01379,8.8
2026-06-17,P0148,E01767,8.8
2026-06-17,P0175,E01667,8.8
2026-06-17,P0218,E01762,8.8
2026-06-17,P0294,E01775,8.8
2026-06-17,P0299,E01749,8.8
2026-06-17,P0300,E01713,8.8
2026-06-17,P0319,E01776,8.8
2026-06-17,P0339,E01756,8.8
2026-06-17,P0347,E01757,8.8
2026-06-17,P0414,E01725,8.8
2026-06-17,P0415,E01777,8.8
2026-06-17,P0421,E01769,8.8
2026-06-17,P0440,E01491,8.8
2026-06-17,P0461,E01778,8.8
2026-06-17,P0490,E01779,8.8
2026-06-17,P0522,E01780,8.8
2026-06-17,P0575,E01772,8.8
2026-06-17,P0620,E01759,8.8
2026-06-17,P0643,E01632,8.8
2026-06-17,P0646,E01692,8.8
2026-06-17,P0648,E01703,8.8
2026-06-17,P0659,E01704,8.8
2026-06-17,P0665,E01522,8.8
2026-06-17,P0678,E01733,4.4
2026-06-17,P0691,E01682,8.8
2026-06-17,P0702,E01766,8.8
2026-06-17,P0718,E01753,8.8
2026-06-17,P0761,E01781,8.8
2026-06-18,P0036,E01635,8.8
2026-06-18,P0053,E01647,8.8
2026-06-18,P0060,E01745,8.8
2026-06-18,P0080,E01782,8.8
2026-06-18,P0092,E01677,8.8
2026-06-18,P0098,E01648,8.8
2026-06-18,P0118,E01755,8.8
2026-06-18,P0125,E01379,8.8
2026-06-18,P0148,E01767,8.8
2026-06-18,P0152,E01783,4.4
2026-06-18,P0175,E01667,8.8
2026-06-18,P0218,E01762,8.8
2026-06-18,P0294,E01775,8.8
2026-06-18,P0299,E01749,8.8
2026-06-18,P0300,E01713,8.8
2026-06-18,P0319,E01776,8.8
2026-06-18,P0339,E01756,8.8
2026-06-18,P0347,E01757,8.8
2026-06-18,P0414,E01725,8.8
2026-06-18,P0415,E01777,8.8
2026-06-18,P0421,E01769,8.8
2026-06-18,P0440,E01491,8.8
2026-06-18,P0461,E01778,8.8
2026-06-18,P0490,E01779,8.8
2026-06-18,P0515,E01784,8.8
2026-06-18,P0575,E01772,8.8
2026-06-18,P0591,E01785,8.8
2026-06-18,P0595,E01786,8.8
2026-06-18,P0620,E01759,8.8
2026-06-18,P0643,E01632,8.8
2026-06-18,P0646,E01692,8.8
2026-06-18,P0648,E01703,8.8
2026-06-18,P0659,E01704,8.8
2026-06-18,P0665,E01522,8.8
2026-06-18,P0702,E01766,8.8
2026-06-19,P0036,E01635,8.8
2026-06-19,P0053,E01647,8.8
2026-06-19,P0060,E01745,8.8
2026-06-19,P0080,E01782,8.8
2026-06-19,P0098,E01648,8.8
2026-06-19,P0118,E01755,8.8
2026-06-19,P0125,E01379,8.8
2026-06-19,P0152,E01783,4.4
2026-06-19,P0175,E01667,8.8
2026-06-19,P0218,E01762,8.8
2026-06-19,P0238,E01787,8.8
2026-06-19,P0299,E01749,8.8
2026-06-19,P0300,E01713,8.8
2026-06-19,P0319,E01776,8.8
2026-06-19,P0339,E01756,8.8
2026-06-19,P0347,E01757,8.8
2026-06-19,P0414,E01725,8.8
2026-06-19,P0421,E01769,8.8
2026-06-19,P0440,E01491,8.8
2026-06-19,P0460,E01788,8.8
2026-06-19,P0461,E01778,8.8
2026-06-19,P0490,E01779,8.8
2026-06-19,P0515,E01784,8.8
2026-06-19,P0575,E01772,8.8
2026-06-19,P0595,E01786,8.8
2026-06-19,P0620,E01759,8.8
2026-06-19,P0628,E01789,8.8
2026-06-19,P0643,E01632,8.8
2026-06-19,P0646,E01692,8.8
2026-06-19,P0648,E01703,8.8
2026-06-19,P0659,E01704,8.8
2026-06-19,P0665,E01522,8.8
2026-06-19,P0702,E01766,8.8
2026-06-22,P0036,E01635,8.8
2026-06-22,P0053,E01647,8.8
2026-06-22,P0060,E01745,8.8
2026-06-22,P0075,E01790,8.8
2026-06-22,P0080,E01782,8.8
2026-06-22,P0098,E01648,8.8
2026-06-22,P0118,E01755,8.8
2026-06-22,P0125,E01379,8.8
2026-06-22,P0152,E01783,4.4
2026-06-22,P0174,E01791,8.8
2026-06-22,P0175,E01667,8.8
2026-06-22,P0218,E01762,8.8
2026-06-22,P0238,E01787,8.8
2026-06-22,P0299,E01749,8.8
2026-06-22,P0300,E01713,8.8
2026-06-22,P0319,E01776,8.8
2026-06-22,P0339,E01756,8.8
2026-06-22,P0347,E01757,8.8
2026-06-22,P0378,E01792,8.8
2026-06-22,P0393,E01793,8.8
2026-06-22,P0414,E01725,8.8
2026-06-22,P0421,E01769,8.8
2026-06-22,P0440,E01491,8.8
2026-06-22,P0460,E01788,8.8
2026-06-22,P0461,E01778,8.8
2026-06-22,P0490,E01779,8.8
2026-06-22,P0515,E01784,8.8
2026-06-22,P0575,E01772,8.8
2026-06-22,P0595,E01786,8.8
2026-06-22,P0620,E01759,8.8
2026-06-22,P0628,E01789,8.8
2026-06-22,P0643,E01632,8.8
2026-06-22,P0646,E01692,8.8
2026-06-22,P0648,E01703,8.8
2026-06-22,P0659,E01704,8.8
2026-06-22,P0665,E01522,8.8
2026-06-22,P0702,E01766,8.8
2026-06-23,P0036,E01635,8.8
2026-06-23,P0053,E01647,8.8
2026-06-23,P0060,E01745,8.8
2026-06-23,P0075,E01790,8.8
2026-06-23,P0098,E01648,8.8
2026-06-23,P0117,E01794,8.8
2026-06-23,P0118,E01795,8.8
2026-06-23,P0125,E01379,8.8
2026-06-23,P0152,E01783,4.4
2026-06-23,P0174,E01791,8.8
2026-06-23,P0175,E01667,8.8
2026-06-23,P0218,E01762,8.8
2026-06-23,P0238,E01787,8.8
2026-06-23,P0299,E01749,8.8
2026-06-23,P0300,E01713,8.8
2026-06-23,P0319,E01776,8.8
2026-06-23,P0339,E01756,8.8
2026-06-23,P0347,E01757,8.8
2026-06-23,P0352,E01796,8.8
2026-06-23,P0378,E01792,8.8
2026-06-23,P0393,E01793,8.8
2026-06-23,P0414,E01725,8.8
2026-06-23,P0421,E01769,8.8
2026-06-23,P0440,E01491,8.8
2026-06-23,P0460,E01788,8.8
2026-06-23,P0461,E01778,8.8
2026-06-23,P0490,E01779,8.8
2026-06-23,P0515,E01784,8.8
2026-06-23,P0595,E01786,8.8
2026-06-23,P0620,E01759,8.8
2026-06-23,P0628,E01789,8.8
2026-06-23,P0634,E01797,8.8
2026-06-23,P0646,E01692,8.8
2026-06-23,P0648,E01703,8.8
2026-06-23,P0665,E01522,8.8
2026-06-23,P0702,E01766,8.8
2026-06-24,P0036,E01635,8.8
2026-06-24,P0050,E01798,8.8
2026-06-24,P0053,E01647,8.8
2026-06-24,P0060,E01745,8.8
2026-06-24,P0075,E01790,8.8
2026-06-24,P0098,E01648,8.8
2026-06-24,P0118,E01795,8.8
2026-06-24,P0125,E01379,8.8
2026-06-24,P0149,E01799,8.8
2026-06-24,P0152,E01783,4.4
2026-06-24,P0166,E01800,8.8
2026-06-24,P0174,E01791,8.8
2026-06-24,P0175,E01667,8.8
2026-06-24,P0209,E01801,8.8
2026-06-24,P0218,E01762,8.8
2026-06-24,P0238,E01787,8.8
2026-06-24,P0299,E01749,8.8
2026-06-24,P0300,E01713,8.8
2026-06-24,P0339,E01756,8.8
2026-06-24,P0347,E01757,8.8
2026-06-24,P0352,E01796,8.8
2026-06-24,P0378,E01792,8.8
2026-06-24,P0393,E01793,8.8
2026-06-24,P0414,E01725,8.8
2026-06-24,P0421,E01769,8.8
2026-06-24,P0440,E01491,8.8
2026-06-24,P0460,E01788,8.8
2026-06-24,P0461,E01778,8.8
2026-06-24,P0490,E01779,8.8
2026-06-24,P0515,E01784,8.8
2026-06-24,P0526,E01802,4.4
2026-06-24,P0540,E01803,8.8
2026-06-24,P0595,E01786,8.8
2026-06-24,P0620,E01759,8.8
2026-06-24,P0628,E01789,8.8
2026-06-24,P0634,E01797,8.8
2026-06-24,P0646,E01692,8.8
2026-06-24,P0648,E01703,8.8
2026-06-24,P0665,E01522,8.8
2026-06-24,P0675,E01804,8.8
2026-06-24,P0702,E01766,8.8
2026-06-24,P0736,E01805,8.8
2026-06-24,P0753,E01806,8.8
2026-06-25,P0028,E01807,8.8
2026-06-25,P0036,E01635,8.8
2026-06-25,P0050,E01798,8.8
2026-06-25,P0053,E01647,8.8
2026-06-25,P0060,E01745,8.8
2026-06-25,P0075,E01790,8.8
2026-06-25,P0085,E01808,8.8
2026-06-25,P0098,E01648,8.8
2026-06-25,P0118,E01795,8.8
2026-06-25,P0125,E01379,8.8
2026-06-25,P0128,E01809,8.8
2026-06-25,P0152,E01783,4.4
2026-06-25,P0174,E01791,8.8
2026-06-25,P0175,E01667,8.8
2026-06-25,P0209,E01801,8.8
2026-06-25,P0218,E01762,8.8
2026-06-25,P0238,E01787,8.8
2026-06-25,P0299,E01749,8.8
2026-06-25,P0300,E01713,8.8
2026-06-25,P0339,E01756,8.8
2026-06-25,P0347,E01757,8.8
2026-06-25,P0352,E01796,8.8
2026-06-25,P0393,E01793,8.8
2026-06-25,P0414,E01725,8.8
2026-06-25,P0421,E01769,8.8
2026-06-25,P0440,E01491,8.8
2026-06-25,P0460,E01788,8.8
2026-06-25,P0461,E01778,8.8
2026-06-25,P0490,E01779,8.8
2026-06-25,P0526,E01802,4.4
2026-06-25,P0540,E01803,8.8
2026-06-25,P0616,E01810,8.8
2026-06-25,P0620,E01759,8.8
2026-06-25,P0628,E01789,8.8
2026-06-25,P0634,E01797,8.8
2026-06-25,P0646,E01692,8.8
2026-06-25,P0648,E01703,8.8
2026-06-25,P0665,E01522,8.8
2026-06-25,P0702,E01766,8.8
2026-06-25,P0704,E01811,8.8
2026-06-25,P0736,E01805,8.8
2026-06-25,P0753,E01806,8.8
2026-06-26,P0026,E01812,8.8
2026-06-26,P0028,E01807,8.8
2026-06-26,P0036,E01635,8.8
2026-06-26,P0050,E01798,8.8
2026-06-26,P0053,E01647,8.8
2026-06-26,P0060,E01745,8.8
2026-06-26,P0098,E01648,8.8
2026-06-26,P0118,E01795,8.8
2026-06-26,P0125,E01379,8.8
2026-06-26,P0128,E01809,8.8
2026-06-26,P0152,E01783,4.4
2026-06-26,P0174,E01791,8.8
2026-06-26,P0175,E01667,8.8
2026-06-26,P0209,E01801,8.8
2026-06-26,P0218,E01762,8.8
2026-06-26,P0238,E01787,8.8
2026-06-26,P0299,E01749,8.8
2026-06-26,P0300,E01713,8.8
2026-06-26,P0311,E01813,8.8
2026-06-26,P0324,E01814,8.8
2026-06-26,P0339,E01756,8.8
2026-06-26,P0347,E01757,8.8
2026-06-26,P0352,E01796,8.8
2026-06-26,P0391,E01815,8.8
2026-06-26,P0393,E01793,8.8
2026-06-26,P0413,E01816,8.8
2026-06-26,P0414,E01725,8.8
2026-06-26,P0421,E01769,8.8
2026-06-26,P0440,E01491,8.8
2026-06-26,P0460,E01788,8.8
2026-06-26,P0461,E01778,8.8
2026-06-26,P0490,E01779,8.8
2026-06-26,P0496,E01817,8.8
2026-06-26,P0524,E01818,8.8
2026-06-26,P0526,E01802,4.4
2026-06-26,P0540,E01803,8.8
2026-06-26,P0616,E01810,8.8
2026-06-26,P0620,E01759,8.8
2026-06-26,P0628,E01789,8.8
2026-06-26,P0634,E01797,8.8
2026-06-26,P0646,E01692,8.8
2026-06-26,P0648,E01703,8.8
2026-06-26,P0665,E01522,8.8
2026-06-26,P0671,E01819,8.8
2026-06-26,P0702,E01766,8.8
2026-06-26,P0704,E01811,8.8
2026-06-26,P0707,E01820,8.8
2026-06-26,P0736,E01805,8.8
2026-06-26,P0738,E01821,8.8
2026-06-26,P0753,E01806,8.8
2026-06-26,P0759,E01822,8.8
2026-06-29,P0023,E01823,4.4
2026-06-29,P0026,E01824,8.8
2026-06-29,P0028,E01807,8.8
2026-06-29,P0036,E01635,8.8
2026-06-29,P0053,E01647,8.8
2026-06-29,P0060,E01745,8.8
2026-06-29,P0098,E01648,8.8
2026-06-29,P0118,E01795,8.8
2026-06-29,P0125,E01379,8.8
2026-06-29,P0128,E01809,8.8
2026-06-29,P0152,E01783,4.4
2026-06-29,P0174,E01791,8.8
2026-06-29,P0175,E01667,8.8
2026-06-29,P0209,E01801,8.8
2026-06-29,P0218,E01762,8.8
2026-06-29,P0238,E01787,8.8
2026-06-29,P0299,E01749,8.8
2026-06-29,P0300,E01713,8.8
2026-06-29,P0311,E01813,8.8
2026-06-29,P0339,E01756,8.8
2026-06-29,P0347,E01757,8.8
2026-06-29,P0352,E01796,8.8
2026-06-29,P0390,E01825,4.4
2026-06-29,P0391,E01815,8.8
2026-06-29,P0393,E01793,8.8
2026-06-29,P0414,E01725,8.8
2026-06-29,P0421,E01769,8.8
2026-06-29,P0425,E01826,8.8
2026-06-29,P0440,E01491,8.8
2026-06-29,P0460,E01788,8.8
2026-06-29,P0461,E01778,8.8
2026-06-29,P0476,E01827,8.8
2026-06-29,P0490,E01779,8.8
2026-06-29,P0496,E01817,8.8
2026-06-29,P0524,E01818,8.8
2026-06-29,P0532,E01828,8.8
2026-06-29,P0540,E01803,8.8
2026-06-29,P0616,E01810,8.8
2026-06-29,P0620,E01759,8.8
2026-06-29,P0628,E01789,8.8
2026-06-29,P0634,E01797,8.8
2026-06-29,P0646,E01692,8.8
2026-06-29,P0648,E01703,8.8
2026-06-29,P0665,E01522,8.8
2026-06-29,P0671,E01819,8.8
2026-06-29,P0702,E01766,8.8
2026-06-29,P0704,E01811,8.8
2026-06-29,P0707,E01820,8.8
2026-06-29,P0736,E01805,8.8
2026-06-29,P0738,E01821,8.8
2026-06-29,P0753,E01806,8.8
2026-06-29,P0759,E01822,8.8
2026-06-30,P0023,E01823,4.4
2026-06-30,P0026,E01824,8.8
2026-06-30,P0028,E01807,8.8
2026-06-30,P0036,E01635,8.8
2026-06-30,P0053,E01647,8.8
2026-06-30,P0098,E01648,8.8
2026-06-30,P0125,E01379,8.8
2026-06-30,P0128,E01809,8.8
2026-06-30,P0152,E01783,4.4
2026-06-30,P0170,E01829,8.8
2026-06-30,P0174,E01791,8.8
2026-06-30,P0175,E01667,8.8
2026-06-30,P0209,E01801,8.8
2026-06-30,P0246,E01830,8.8
2026-06-30,P0300,E01713,8.8
2026-06-30,P0311,E01813,8.8
2026-06-30,P0339,E01756,8.8
2026-06-30,P0347,E01757,8.8
2026-06-30,P0365,E01831,8.8
2026-06-30,P0390,E01825,4.4
2026-06-30,P0391,E01815,8.8
2026-06-30,P0393,E01793,8.8
2026-06-30,P0414,E01725,8.8
2026-06-30,P0425,E01826,8.8
2026-06-30,P0440,E01491,8.8
2026-06-30,P0460,E01788,8.8
2026-06-30,P0461,E01778,8.8
2026-06-30,P0476,E01827,8.8
2026-06-30,P0490,E01779,8.8
2026-06-30,P0496,E01817,8.8
2026-06-30,P0522,E01832,8.8
2026-06-30,P0524,E01818,8.8
2026-06-30,P0532,E01828,8.8
2026-06-30,P0540,E01803,8.8
2026-06-30,P0613,E01833,4.4
2026-06-30,P0616,E01810,8.8
2026-06-30,P0617,E01834,8.8
2026-06-30,P0620,E01759,8.8
2026-06-30,P0628,E01789,8.8
2026-06-30,P0634,E01797,8.8
2026-06-30,P0646,E01692,8.8
2026-06-30,P0648,E01703,8.8
2026-06-30,P0665,E01522,8.8
2026-06-30,P0671,E01819,8.8
2026-06-30,P0702,E01766,8.8
2026-06-30,P0704,E01811,8.8
2026-06-30,P0707,E01820,8.8
2026-06-30,P0736,E01805,8.8
2026-06-30,P0753,E01806,8.8
2026-06-30,P0759,E01822,8.8
2026-07-01,P0023,E01823,4.4
2026-07-01,P0026,E01824,8.8
2026-07-01,P0028,E01807,8.8
2026-07-01,P0036,E01635,8.8
2026-07-01,P0042,E01835,8.8
2026-07-01,P0053,E01647,8.8
2026-07-01,P0098,E01648,8.8
2026-07-01,P0125,E01379,8.8
2026-07-01,P0128,E01809,8.8
2026-07-01,P0152,E01783,4.4
2026-07-01,P0170,E01829,8.8
2026-07-01,P0175,E01667,8.8
2026-07-01,P0209,E01801,8.8
2026-07-01,P0246,E01830,8.8
2026-07-01,P0262,E01836,4.4
2026-07-01,P0300,E01713,8.8
2026-07-01,P0311,E01813,8.8
2026-07-01,P0317,E01837,8.8
2026-07-01,P0319,E01838,8.8
2026-07-01,P0326,E01839,8.8
2026-07-01,P0347,E01757,8.8
2026-07-01,P0365,E01831,8.8
2026-07-01,P0390,E01825,4.4
2026-07-01,P0391,E01815,8.8
2026-07-01,P0393,E01793,8.8
2026-07-01,P0425,E01826,8.8
2026-07-01,P0440,E01491,8.8
2026-07-01,P0460,E01788,8.8
2026-07-01,P0461,E01778,8.8
2026-07-01,P0476,E01827,8.8
2026-07-01,P0490,E01779,8.8
2026-07-01,P0496,E01817,8.8
2026-07-01,P0524,E01818,8.8
2026-07-01,P0532,E01828,8.8
2026-07-01,P0540,E01803,8.8
2026-07-01,P0613,E01833,4.4
2026-07-01,P0616,E01810,8.8
2026-07-01,P0617,E01834,8.8
2026-07-01,P0620,E01759,8.8
2026-07-01,P0628,E01789,8.8
2026-07-01,P0634,E01797,8.8
2026-07-01,P0646,E01692,8.8
2026-07-01,P0648,E01703,8.8
2026-07-01,P0665,E01522,8.8
2026-07-01,P0671,E01819,8.8
2026-07-01,P0704,E01811,8.8
2026-07-01,P0728,E01840,8.8
2026-07-01,P0736,E01805,8.8
2026-07-01,P0744,E01841,8.8
2026-07-01,P0753,E01806,8.8
2026-07-01,P0759,E01822,8.8
2026-07-01,P0761,E01842,8.8
2026-07-02,P0023,E01823,4.4
2026-07-02,P0026,E01824,8.8
2026-07-02,P0028,E01807,8.8
2026-07-02,P0036,E01635,8.8
2026-07-02,P0042,E01835,8.8
2026-07-02,P0053,E01647,8.8
2026-07-02,P0098,E01648,8.8
2026-07-02,P0125,E01379,8.8
2026-07-02,P0128,E01809,8.8
2026-07-02,P0152,E01783,4.4
2026-07-02,P0170,E01829,8.8
2026-07-02,P0175,E01667,8.8
2026-07-02,P0194,E01843,8.8
2026-07-02,P0209,E01801,8.8
2026-07-02,P0239,E01844,8.8
2026-07-02,P0246,E01830,8.8
2026-07-02,P0262,E01836,4.4
2026-07-02,P0299,E01845,8.8
2026-07-02,P0300,E01713,8.8
2026-07-02,P0311,E01813,8.8
2026-07-02,P0317,E01837,8.8
2026-07-02,P0326,E01839,8.8
2026-07-02,P0347,E01757,8.8
2026-07-02,P0365,E01831,8.8
2026-07-02,P0390,E01825,4.4
2026-07-02,P0391,E01815,8.8
2026-07-02,P0425,E01826,8.8
2026-07-02,P0440,E01491,8.8
2026-07-02,P0460,E01788,8.8
2026-07-02,P0461,E01778,8.8
2026-07-02,P0476,E01827,8.8
2026-07-02,P0490,E01846,8.8
2026-07-02,P0496,E01817,8.8
2026-07-02,P0524,E01818,8.8
2026-07-02,P0532,E01828,8.8
2026-07-02,P0540,E01803,8.8
2026-07-02,P0602,E01847,8.8
2026-07-02,P0613,E01833,4.4
2026-07-02,P0616,E01810,8.8
2026-07-02,P0617,E01834,8.8
2026-07-02,P0620,E01759,8.8
2026-07-02,P0628,E01789,8.8
2026-07-02,P0634,E01797,8.8
2026-07-02,P0646,E01692,8.8
2026-07-02,P0648,E01703,8.8
2026-07-02,P0665,E01522,8.8
2026-07-02,P0671,E01819,8.8
2026-07-02,P0704,E01811,8.8
2026-07-02,P0718,E01848,8.8
2026-07-02,P0736,E01805,8.8
2026-07-02,P0753,E01806,8.8
2026-07-02,P0759,E01822,8.8
2026-07-03,P0023,E01823,4.4
2026-07-03,P0026,E01824,8.8
2026-07-03,P0028,E01807,8.8
2026-07-03,P0036,E01635,8.8
2026-07-03,P0042,E01835,8.8
2026-07-03,P0053,E01647,8.8
2026-07-03,P0098,E01648,8.8
2026-07-03,P0125,E01379,8.8
2026-07-03,P0162,E01849,8.8
2026-07-03,P0170,E01829,8.8
2026-07-03,P0175,E01667,8.8
2026-07-03,P0209,E01801,8.8
2026-07-03,P0246,E01830,8.8
2026-07-03,P0262,E01836,4.4
2026-07-03,P0300,E01713,8.8
2026-07-03,P0311,E01813,8.8
2026-07-03,P0317,E01837,8.8
2026-07-03,P0347,E01757,8.8
2026-07-03,P0365,E01831,8.8
2026-07-03,P0390,E01825,4.4
2026-07-03,P0391,E01815,8.8
2026-07-03,P0425,E01826,8.8
2026-07-03,P0440,E01491,8.8
2026-07-03,P0460,E01788,8.8
2026-07-03,P0476,E01827,8.8
2026-07-03,P0490,E01846,8.8
2026-07-03,P0496,E01817,8.8
2026-07-03,P0524,E01818,8.8
2026-07-03,P0532,E01828,8.8
2026-07-03,P0540,E01803,8.8
2026-07-03,P0616,E01810,8.8
2026-07-03,P0617,E01834,8.8
2026-07-03,P0620,E01759,8.8
2026-07-03,P0628,E01789,8.8
2026-07-03,P0646,E01692,8.8
2026-07-03,P0648,E01703,8.8
2026-07-03,P0655,E01850,8.8
2026-07-03,P0665,E01522,8.8
2026-07-03,P0671,E01819,8.8
2026-07-03,P0700,E01851,8.8
2026-07-03,P0704,E01811,8.8
2026-07-03,P0736,E01805,8.8
2026-07-03,P0753,E01806,8.8
2026-07-03,P0759,E01822,8.8
2026-07-06,P0023,E01852,4.4
2026-07-06,P0024,E01853,8.8
2026-07-06,P0026,E01824,8.8
2026-07-06,P0028,E01807,8.8
2026-07-06,P0036,E01635,8.8
2026-07-06,P0042,E01835,8.8
2026-07-06,P0043,E01854,8.8
2026-07-06,P0053,E01647,8.8
2026-07-06,P0098,E01648,8.8
2026-07-06,P0118,E01855,8.8
2026-07-06,P0125,E01379,8.8
2026-07-06,P0162,E01849,8.8
2026-07-06,P0170,E01829,8.8
2026-07-06,P0175,E01667,8.8
2026-07-06,P0209,E01801,8.8
2026-07-06,P0246,E01830,8.8
2026-07-06,P0262,E01836,4.4
2026-07-06,P0287,E01856,8.8
2026-07-06,P0300,E01713,8.8
2026-07-06,P0311,E01813,8.8
2026-07-06,P0317,E01837,8.8
2026-07-06,P0347,E01757,8.8
2026-07-06,P0365,E01831,8.8
2026-07-06,P0376,E01857,8.8
2026-07-06,P0390,E01825,4.4
2026-07-06,P0391,E01815,8.8
2026-07-06,P0425,E01826,8.8
2026-07-06,P0440,E01491,8.8
2026-07-06,P0460,E01788,8.8
2026-07-06,P0476,E01827,8.8
2026-07-06,P0490,E01846,8.8
2026-07-06,P0496,E01817,8.8
2026-07-06,P0524,E01818,8.8
2026-07-06,P0532,E01828,8.8
2026-07-06,P0540,E01803,8.8
2026-07-06,P0616,E01810,8.8
2026-07-06,P0617,E01834,8.8
2026-07-06,P0620,E01759,8.8
2026-07-06,P0646,E01692,8.8
2026-07-06,P0648,E01703,8.8
2026-07-06,P0650,E01858,4.4
2026-07-06,P0655,E01850,8.8
2026-07-06,P0665,E01522,8.8
2026-07-06,P0671,E01819,8.8
2026-07-06,P0700,E01851,8.8
2026-07-06,P0704,E01811,8.8
2026-07-06,P0713,E01859,8.8
2026-07-06,P0728,E01860,8.8
2026-07-06,P0736,E01805,8.8
2026-07-06,P0753,E01806,8.8
2026-07-06,P0759,E01822,8.8
2026-07-07,P0023,E01852,4.4
2026-07-07,P0024,E01853,8.8
2026-07-07,P0026,E01824,8.8
2026-07-07,P0028,E01807,8.8
2026-07-07,P0036,E01635,8.8
2026-07-07,P0042,E01835,8.8
2026-07-07,P0053,E01647,8.8
2026-07-07,P0098,E01648,8.8
2026-07-07,P0118,E01855,8.8
2026-07-07,P0125,E01379,8.8
2026-07-07,P0162,E01849,8.8
2026-07-07,P0170,E01829,8.8
2026-07-07,P0175,E01667,8.8
2026-07-07,P0209,E01801,8.8
2026-07-07,P0246,E01830,8.8
2026-07-07,P0262,E01836,4.4
2026-07-07,P0287,E01856,8.8
2026-07-07,P0311,E01813,8.8
2026-07-07,P0317,E01837,8.8
2026-07-07,P0345,E01861,8.8
2026-07-07,P0365,E01831,8.8
2026-07-07,P0376,E01857,8.8
2026-07-07,P0390,E01825,4.4
2026-07-07,P0391,E01815,8.8
2026-07-07,P0425,E01826,8.8
2026-07-07,P0440,E01491,8.8
2026-07-07,P0460,E01788,8.8
2026-07-07,P0476,E01827,8.8
2026-07-07,P0490,E01846,8.8
2026-07-07,P0496,E01817,8.8
2026-07-07,P0524,E01818,8.8
2026-07-07,P0532,E01828,8.8
2026-07-07,P0540,E01803,8.8
2026-07-07,P0553,E01862,8.8
2026-07-07,P0616,E01810,8.8
2026-07-07,P0617,E01834,8.8
2026-07-07,P0620,E01759,8.8
2026-07-07,P0631,E01863,8.8
2026-07-07,P0646,E01692,8.8
2026-07-07,P0648,E01703,8.8
2026-07-07,P0655,E01850,8.8
2026-07-07,P0665,E01522,8.8
2026-07-07,P0671,E01819,8.8
2026-07-07,P0704,E01811,8.8
2026-07-07,P0713,E01859,8.8
2026-07-07,P0736,E01805,8.8
2026-07-07,P0753,E01806,8.8
2026-07-07,P0759,E01822,8.8
2026-07-08,P0023,E01852,4.4
2026-07-08,P0024,E01853,8.8
2026-07-08,P0026,E01824,8.8
2026-07-08,P0028,E01807,8.8
2026-07-08,P0036,E01635,8.8
2026-07-08,P0042,E01835,8.8
2026-07-08,P0053,E01647,8.8
2026-07-08,P0098,E01648,8.8
2026-07-08,P0118,E01855,8.8
2026-07-08,P0119,E01864,8.8
2026-07-08,P0125,E01379,8.8
2026-07-08,P0170,E01829,8.8
2026-07-08,P0175,E01667,8.8
2026-07-08,P0182,E01865,8.8
2026-07-08,P0209,E01801,8.8
2026-07-08,P0246,E01830,8.8
2026-07-08,P0262,E01836,4.4
2026-07-08,P0287,E01856,8.8
2026-07-08,P0311,E01813,8.8
2026-07-08,P0317,E01837,8.8
2026-07-08,P0325,E01866,8.8
2026-07-08,P0376,E01857,8.8
2026-07-08,P0382,E01867,8.8
2026-07-08,P0390,E01825,4.4
2026-07-08,P0391,E01815,8.8
2026-07-08,P0414,E01868,8.8
2026-07-08,P0419,E01869,8.8
2026-07-08,P0440,E01491,8.8
2026-07-08,P0460,E01788,8.8
2026-07-08,P0476,E01827,8.8
2026-07-08,P0490,E01846,8.8
2026-07-08,P0496,E01817,8.8
2026-07-08,P0524,E01818,8.8
2026-07-08,P0532,E01828,8.8
2026-07-08,P0553,E01862,8.8
2026-07-08,P0581,E01870,8.8
2026-07-08,P0616,E01810,8.8
2026-07-08,P0617,E01834,8.8
2026-07-08,P0620,E01759,8.8
2026-07-08,P0631,E01863,8.8
2026-07-08,P0646,E01692,8.8
2026-07-08,P0648,E01703,8.8
2026-07-08,P0655,E01850,8.8
2026-07-08,P0665,E01522,8.8
2026-07-08,P0671,E01819,8.8
2026-07-08,P0700,E01871,8.8
2026-07-08,P0704,E01811,8.8
2026-07-08,P0713,E01859,8.8
2026-07-08,P0736,E01805,8.8
2026-07-09,P0023,E01852,4.4
2026-07-09,P0024,E01853,8.8
2026-07-09,P0028,E01807,8.8
2026-07-09,P0036,E01635,8.8
2026-07-09,P0042,E01835,8.8
2026-07-09,P0053,E01647,8.8
2026-07-09,P0092,E01872,8.8
2026-07-09,P0098,E01648,8.8
2026-07-09,P0118,E01855,8.8
2026-07-09,P0119,E01864,8.8
2026-07-09,P0125,E01379,8.8
2026-07-09,P0170,E01829,8.8
2026-07-09,P0175,E01667,8.8
2026-07-09,P0182,E01865,8.8
2026-07-09,P0209,E01801,8.8
2026-07-09,P0246,E01830,8.8
2026-07-09,P0287,E01856,8.8
2026-07-09,P0311,E01813,8.8
2026-07-09,P0317,E01837,8.8
2026-07-09,P0325,E01866,8.8
2026-07-09,P0376,E01857,8.8
2026-07-09,P0390,E01825,4.4
2026-07-09,P0391,E01815,8.8
2026-07-09,P0414,E01868,8.8
2026-07-09,P0419,E01869,8.8
2026-07-09,P0440,E01491,8.8
2026-07-09,P0460,E01788,8.8
2026-07-09,P0490,E01846,8.8
2026-07-09,P0496,E01817,8.8
2026-07-09,P0524,E01818,8.8
2026-07-09,P0532,E01828,8.8
2026-07-09,P0616,E01810,8.8
2026-07-09,P0617,E01834,8.8
2026-07-09,P0620,E01759,8.8
2026-07-09,P0631,E01863,8.8
2026-07-09,P0646,E01692,8.8
2026-07-09,P0648,E01703,8.8
2026-07-09,P0655,E01850,8.8
2026-07-09,P0665,E01522,8.8
2026-07-09,P0671,E01819,8.8
2026-07-09,P0700,E01871,8.8
2026-07-09,P0704,E01811,8.8
2026-07-09,P0713,E01859,8.8
2026-07-09,P0736,E01805,8.8
2026-07-10,P0023,E01852,4.4
2026-07-10,P0024,E01853,8.8
2026-07-10,P0028,E01807,8.8
2026-07-10,P0036,E01635,8.8
2026-07-10,P0042,E01835,8.8
2026-07-10,P0053,E01647,8.8
2026-07-10,P0092,E01872,8.8
2026-07-10,P0098,E01648,8.8
2026-07-10,P0119,E01864,8.8
2026-07-10,P0125,E01379,8.8
2026-07-10,P0170,E01829,8.8
2026-07-10,P0175,E01667,8.8
2026-07-10,P0182,E01865,8.8
2026-07-10,P0209,E01801,8.8
2026-07-10,P0287,E01856,8.8
2026-07-10,P0311,E01813,8.8
2026-07-10,P0317,E01837,8.8
2026-07-10,P0376,E01857,8.8
2026-07-10,P0390,E01825,4.4
2026-07-10,P0391,E01815,8.8
2026-07-10,P0414,E01868,8.8
2026-07-10,P0419,E01869,8.8
2026-07-10,P0440,E01491,8.8
2026-07-10,P0460,E01788,8.8
2026-07-10,P0490,E01846,8.8
2026-07-10,P0496,E01817,8.8
2026-07-10,P0524,E01818,8.8
2026-07-10,P0532,E01828,8.8
2026-07-10,P0591,E01873,8.8
2026-07-10,P0616,E01810,8.8
2026-07-10,P0617,E01834,8.8
2026-07-10,P0620,E01759,8.8
2026-07-10,P0631,E01863,8.8
2026-07-10,P0646,E01692,8.8
2026-07-10,P0648,E01703,8.8
2026-07-10,P0655,E01850,8.8
2026-07-10,P0656,E01874,8.8
2026-07-10,P0665,E01522,8.8
2026-07-10,P0671,E01819,8.8
2026-07-10,P0700,E01871,8.8
2026-07-10,P0704,E01811,8.8
2026-07-10,P0713,E01859,8.8
2026-07-10,P0736,E01805,8.8
2026-07-13,P0023,E01852,4.4
2026-07-13,P0024,E01853,8.8
2026-07-13,P0028,E01807,8.8
2026-07-13,P0036,E01635,8.8
2026-07-13,P0042,E01835,8.8
2026-07-13,P0053,E01647,8.8
2026-07-13,P0098,E01648,8.8
2026-07-13,P0119,E01864,8.8
2026-07-13,P0125,E01379,8.8
2026-07-13,P0170,E01829,8.8
2026-07-13,P0175,E01667,8.8
2026-07-13,P0182,E01865,8.8
2026-07-13,P0208,E01875,8.8
2026-07-13,P0287,E01856,8.8
2026-07-13,P0311,E01813,8.8
2026-07-13,P0317,E01837,8.8
2026-07-13,P0376,E01857,8.8
2026-07-13,P0390,E01825,4.4
2026-07-13,P0391,E01815,8.8
2026-07-13,P0414,E01868,8.8
2026-07-13,P0419,E01869,8.8
2026-07-13,P0451,E01876,8.8
2026-07-13,P0460,E01788,8.8
2026-07-13,P0468,E01877,8.8
2026-07-13,P0490,E01846,8.8
2026-07-13,P0496,E01817,8.8
2026-07-13,P0511,E01878,8.8
2026-07-13,P0524,E01818,8.8
2026-07-13,P0532,E01828,8.8
2026-07-13,P0602,E01879,8.8
2026-07-13,P0616,E01810,8.8
2026-07-13,P0617,E01834,8.8
2026-07-13,P0620,E01759,8.8
2026-07-13,P0631,E01863,8.8
2026-07-13,P0646,E01692,8.8
2026-07-13,P0655,E01850,8.8
2026-07-13,P0656,E01874,8.8
2026-07-13,P0665,E01522,8.8
2026-07-13,P0671,E01819,8.8
2026-07-13,P0678,E01880,4.4
2026-07-13,P0700,E01871,8.8
2026-07-13,P0704,E01811,8.8
2026-07-13,P0708,E01881,8.8
2026-07-13,P0713,E01859,8.8
2026-07-14,P0023,E01852,4.4
2026-07-14,P0024,E01853,8.8
2026-07-14,P0028,E01807,8.8
2026-07-14,P0036,E01635,8.8
2026-07-14,P0042,E01835,8.8
2026-07-14,P0053,E01647,8.8
2026-07-14,P0098,E01648,8.8
2026-07-14,P0119,E01864,8.8
2026-07-14,P0125,E01379,8.8
2026-07-14,P0170,E01829,8.8
2026-07-14,P0175,E01667,8.8
2026-07-14,P0182,E01865,8.8
2026-07-14,P0208,E01875,8.8
2026-07-14,P0218,E01882,8.8
2026-07-14,P0287,E01856,8.8
2026-07-14,P0317,E01837,8.8
2026-07-14,P0376,E01857,8.8
2026-07-14,P0390,E01825,4.4
2026-07-14,P0391,E01815,8.8
2026-07-14,P0419,E01869,8.8
2026-07-14,P0451,E01876,8.8
2026-07-14,P0460,E01788,8.8
2026-07-14,P0461,E01883,8.8
2026-07-14,P0468,E01877,8.8
2026-07-14,P0490,E01846,8.8
2026-07-14,P0496,E01817,8.8
2026-07-14,P0511,E01878,8.8
2026-07-14,P0524,E01818,8.8
2026-07-14,P0532,E01828,8.8
2026-07-14,P0616,E01810,8.8
2026-07-14,P0617,E01834,8.8
2026-07-14,P0620,E01759,8.8
2026-07-14,P0631,E01863,8.8
2026-07-14,P0646,E01692,8.8
2026-07-14,P0655,E01850,8.8
2026-07-14,P0656,E01874,8.8
2026-07-14,P0665,E01522,8.8
2026-07-14,P0671,E01819,8.8
2026-07-14,P0678,E01880,4.4
2026-07-14,P0700,E01871,8.8
2026-07-14,P0702,E01884,8.8
2026-07-14,P0704,E01811,8.8
2026-07-14,P0713,E01859,8.8
2026-07-14,P0721,E01885,8.8
2026-07-14,P0768,E01886,8.8
2026-07-15,P0023,E01852,4.4
2026-07-15,P0024,E01853,8.8
2026-07-15,P0028,E01807,8.8
2026-07-15,P0036,E01635,8.8
2026-07-15,P0042,E01835,8.8
2026-07-15,P0053,E01647,8.8
2026-07-15,P0060,E01887,8.8
2026-07-15,P0098,E01648,8.8
2026-07-15,P0118,E01888,8.8
2026-07-15,P0119,E01864,8.8
2026-07-15,P0125,E01379,8.8
2026-07-15,P0170,E01829,8.8
2026-07-15,P0175,E01667,8.8
2026-07-15,P0182,E01865,8.8
2026-07-15,P0208,E01875,8.8
2026-07-15,P0218,E01882,8.8
2026-07-15,P0287,E01856,8.8
2026-07-15,P0317,E01837,8.8
2026-07-15,P0390,E01825,4.4
2026-07-15,P0391,E01815,8.8
2026-07-15,P0419,E01869,8.8
2026-07-15,P0451,E01876,8.8
2026-07-15,P0460,E01788,8.8
2026-07-15,P0461,E01883,8.8
2026-07-15,P0468,E01877,8.8
2026-07-15,P0490,E01846,8.8
2026-07-15,P0496,E01817,8.8
2026-07-15,P0511,E01878,8.8
2026-07-15,P0524,E01818,8.8
2026-07-15,P0532,E01828,8.8
2026-07-15,P0616,E01810,8.8
2026-07-15,P0617,E01834,8.8
2026-07-15,P0620,E01759,8.8
2026-07-15,P0631,E01863,8.8
2026-07-15,P0646,E01692,8.8
2026-07-15,P0655,E01850,8.8
2026-07-15,P0656,E01874,8.8
2026-07-15,P0665,E01522,8.8
2026-07-15,P0671,E01819,8.8
2026-07-15,P0700,E01871,8.8
2026-07-15,P0704,E01811,8.8
2026-07-15,P0713,E01859,8.8
2026-07-15,P0721,E01885,8.8
2026-07-15,P0768,E01886,8.8
2026-07-15,P0779,E01889,8.8
2026-07-16,P0023,E01852,4.4
2026-07-16,P0024,E01853,8.8
2026-07-16,P0028,E01807,8.8
2026-07-16,P0036,E01635,8.8
2026-07-16,P0042,E01835,8.8
2026-07-16,P0053,E01647,8.8
2026-07-16,P0060,E01887,8.8
2026-07-16,P0098,E01648,8.8
2026-07-16,P0118,E01888,8.8
2026-07-16,P0119,E01864,8.8
2026-07-16,P0125,E01379,8.8
2026-07-16,P0170,E01829,8.8
2026-07-16,P0173,E01890,8.8
2026-07-16,P0175,E01667,8.8
2026-07-16,P0182,E01865,8.8
2026-07-16,P0208,E01875,8.8
2026-07-16,P0218,E01882,8.8
2026-07-16,P0226,E01891,8.8
2026-07-16,P0269,E01892,8.8
2026-07-16,P0287,E01856,8.8
2026-07-16,P0317,E01837,8.8
2026-07-16,P0391,E01815,8.8
2026-07-16,P0419,E01869,8.8
2026-07-16,P0440,E01893,8.8
2026-07-16,P0451,E01876,8.8
2026-07-16,P0460,E01788,8.8
2026-07-16,P0461,E01883,8.8
2026-07-16,P0468,E01877,8.8
2026-07-16,P0490,E01846,8.8
2026-07-16,P0496,E01817,8.8
2026-07-16,P0511,E01878,8.8
2026-07-16,P0524,E01818,8.8
2026-07-16,P0532,E01828,8.8
2026-07-16,P0613,E01894,4.4
2026-07-16,P0616,E01810,8.8
2026-07-16,P0617,E01834,8.8
2026-07-16,P0620,E01759,8.8
2026-07-16,P0631,E01863,8.8
2026-07-16,P0646,E01692,8.8
2026-07-16,P0655,E01850,8.8
2026-07-16,P0656,E01874,8.8
2026-07-16,P0665,E01522,8.8
2026-07-16,P0671,E01819,8.8
2026-07-16,P0700,E01871,8.8
2026-07-16,P0704,E01811,8.8
2026-07-16,P0768,E01886,8.8
2026-07-16,P0779,E01889,8.8
2026-07-17,P0023,E01852,4.4
2026-07-17,P0024,E01853,8.8
2026-07-17,P0036,E01635,8.8
2026-07-17,P0042,E01835,8.8
2026-07-17,P0053,E01647,8.8
2026-07-17,P0060,E01887,8.8
2026-07-17,P0098,E01648,8.8
2026-07-17,P0118,E01888,8.8
2026-07-17,P0119,E01864,8.8
2026-07-17,P0125,E01379,8.8
2026-07-17,P0170,E01829,8.8
2026-07-17,P0175,E01667,8.8
2026-07-17,P0182,E01865,8.8
2026-07-17,P0208,E01875,8.8
2026-07-17,P0226,E01891,8.8
2026-07-17,P0269,E01892,8.8
2026-07-17,P0287,E01856,8.8
2026-07-17,P0317,E01837,8.8
2026-07-17,P0319,E01895,8.8
2026-07-17,P0391,E01815,8.8
2026-07-17,P0392,E01896,8.8
2026-07-17,P0422,E01897,8.8
2026-07-17,P0440,E01893,8.8
2026-07-17,P0460,E01788,8.8
2026-07-17,P0461,E01883,8.8
2026-07-17,P0468,E01877,8.8
2026-07-17,P0490,E01846,8.8
2026-07-17,P0495,E01898,8.8
2026-07-17,P0496,E01817,8.8
2026-07-17,P0511,E01878,8.8
2026-07-17,P0524,E01818,8.8
2026-07-17,P0532,E01828,8.8
2026-07-17,P0575,E01899,8.8
2026-07-17,P0613,E01894,4.4
2026-07-17,P0616,E01810,8.8
2026-07-17,P0617,E01834,8.8
2026-07-17,P0620,E01759,8.8
2026-07-17,P0646,E01692,8.8
2026-07-17,P0647,E01900,8.8
2026-07-17,P0655,E01850,8.8
2026-07-17,P0665,E01522,8.8
2026-07-17,P0671,E01819,8.8
2026-07-17,P0700,E01871,8.8
2026-07-17,P0704,E01811,8.8
2026-07-17,P0779,E01889,8.8
2026-07-20,P0024,E01853,8.8
2026-07-20,P0036,E01635,8.8
2026-07-20,P0042,E01835,8.8
2026-07-20,P0053,E01647,8.8
2026-07-20,P0060,E01887,8.8
2026-07-20,P0098,E01648,8.8
2026-07-20,P0118,E01888,8.8
2026-07-20,P0119,E01864,8.8
2026-07-20,P0125,E01379,8.8
2026-07-20,P0170,E01829,8.8
2026-07-20,P0175,E01667,8.8
2026-07-20,P0208,E01875,8.8
2026-07-20,P0226,E01891,8.8
2026-07-20,P0269,E01892,8.8
2026-07-20,P0287,E01856,8.8
2026-07-20,P0309,E01901,8.8
2026-07-20,P0317,E01837,8.8
2026-07-20,P0319,E01895,8.8
2026-07-20,P0391,E01815,8.8
2026-07-20,P0422,E01897,8.8
2026-07-20,P0440,E01893,8.8
2026-07-20,P0460,E01788,8.8
2026-07-20,P0461,E01883,8.8
2026-07-20,P0468,E01877,8.8
2026-07-20,P0490,E01846,8.8
2026-07-20,P0495,E01898,8.8
2026-07-20,P0496,E01817,8.8
2026-07-20,P0511,E01878,8.8
2026-07-20,P0524,E01818,8.8
2026-07-20,P0532,E01828,8.8
2026-07-20,P0540,E01902,8.8
2026-07-20,P0616,E01810,8.8
2026-07-20,P0617,E01834,8.8
2026-07-20,P0620,E01759,8.8
2026-07-20,P0641,E01903,8.8
2026-07-20,P0646,E01692,8.8
2026-07-20,P0647,E01900,8.8
2026-07-20,P0655,E01850,8.8
2026-07-20,P0665,E01522,8.8
2026-07-20,P0671,E01819,8.8
2026-07-20,P0700,E01871,8.8
2026-07-20,P0704,E01811,8.8
2026-07-20,P0708,E01904,8.8
2026-07-20,P0728,E01905,8.8
2026-07-20,P0779,E01889,8.8
2026-07-21,P0024,E01853,8.8
2026-07-21,P0036,E01635,8.8
2026-07-21,P0042,E01835,8.8
2026-07-21,P0053,E01647,8.8
2026-07-21,P0060,E01887,8.8
2026-07-21,P0098,E01648,8.8
2026-07-21,P0118,E01888,8.8
2026-07-21,P0119,E01864,8.8
2026-07-21,P0125,E01379,8.8
2026-07-21,P0170,E01829,8.8
2026-07-21,P0175,E01667,8.8
2026-07-21,P0192,E01906,4.4
2026-07-21,P0208,E01875,8.8
2026-07-21,P0269,E01892,8.8
2026-07-21,P0287,E01856,8.8
2026-07-21,P0299,E01907,8.8
2026-07-21,P0317,E01837,8.8
2026-07-21,P0391,E01815,8.8
2026-07-21,P0422,E01897,8.8
2026-07-21,P0425,E01908,8.8
2026-07-21,P0440,E01893,8.8
2026-07-21,P0460,E01788,8.8
2026-07-21,P0461,E01883,8.8
2026-07-21,P0468,E01877,8.8
2026-07-21,P0495,E01898,8.8
2026-07-21,P0496,E01817,8.8
2026-07-21,P0511,E01878,8.8
2026-07-21,P0524,E01818,8.8
2026-07-21,P0532,E01828,8.8
2026-07-21,P0540,E01902,8.8
2026-07-21,P0616,E01810,8.8
2026-07-21,P0617,E01834,8.8
2026-07-21,P0620,E01759,8.8
2026-07-21,P0641,E01903,8.8
2026-07-21,P0646,E01692,8.8
2026-07-21,P0647,E01900,8.8
2026-07-21,P0655,E01850,8.8
2026-07-21,P0665,E01522,8.8
2026-07-21,P0671,E01819,8.8
2026-07-21,P0700,E01871,8.8
2026-07-21,P0704,E01811,8.8
2026-07-21,P0708,E01904,8.8
2026-07-21,P0728,E01905,8.8
2026-07-21,P0779,E01889,8.8
2026-07-22,P0036,E01635,8.8
2026-07-22,P0042,E01835,8.8
2026-07-22,P0053,E01647,8.8
2026-07-22,P0060,E01887,8.8
2026-07-22,P0098,E01648,8.8
2026-07-22,P0118,E01888,8.8
2026-07-22,P0119,E01864,8.8
2026-07-22,P0125,E01379,8.8
2026-07-22,P0170,E01829,8.8
2026-07-22,P0175,E01667,8.8
2026-07-22,P0192,E01906,4.4
2026-07-22,P0208,E01875,8.8
2026-07-22,P0211,E01909,8.8
2026-07-22,P0269,E01892,8.8
2026-07-22,P0278,E01910,8.8
2026-07-22,P0287,E01856,8.8
2026-07-22,P0299,E01907,8.8
2026-07-22,P0317,E01837,8.8
2026-07-22,P0371,E01911,8.8
2026-07-22,P0391,E01815,8.8
2026-07-22,P0422,E01912,8.8
2026-07-22,P0425,E01908,8.8
2026-07-22,P0440,E01893,8.8
2026-07-22,P0460,E01788,8.8
2026-07-22,P0468,E01877,8.8
2026-07-22,P0495,E01898,8.8
2026-07-22,P0496,E01817,8.8
2026-07-22,P0511,E01878,8.8
2026-07-22,P0524,E01818,8.8
2026-07-22,P0532,E01828,8.8
2026-07-22,P0540,E01902,8.8
2026-07-22,P0616,E01810,8.8
2026-07-22,P0617,E01834,8.8
2026-07-22,P0620,E01759,8.8
2026-07-22,P0646,E01692,8.8
2026-07-22,P0647,E01900,8.8
2026-07-22,P0655,E01850,8.8
2026-07-22,P0665,E01522,8.8
2026-07-22,P0671,E01819,8.8
2026-07-22,P0700,E01871,8.8
2026-07-22,P0704,E01811,8.8
2026-07-22,P0708,E01904,8.8
2026-07-22,P0728,E01905,8.8
2026-07-22,P0779,E01889,8.8
2026-07-23,P0036,E01635,8.8
2026-07-23,P0042,E01835,8.8
2026-07-23,P0053,E01647,8.8
2026-07-23,P0060,E01887,8.8
2026-07-23,P0098,E01648,8.8
2026-07-23,P0118,E01888,8.8
2026-07-23,P0119,E01864,8.8
2026-07-23,P0125,E01379,8.8
2026-07-23,P0128,E01913,8.8
2026-07-23,P0170,E01829,8.8
2026-07-23,P0175,E01667,8.8
2026-07-23,P0186,E01914,8.8
2026-07-23,P0192,E01906,4.4
2026-07-23,P0208,E01875,8.8
2026-07-23,P0269,E01892,8.8
2026-07-23,P0278,E01910,8.8
2026-07-23,P0287,E01856,8.8
2026-07-23,P0299,E01907,8.8
2026-07-23,P0371,E01911,8.8
2026-07-23,P0391,E01815,8.8
2026-07-23,P0413,E01915,8.8
2026-07-23,P0422,E01912,8.8
2026-07-23,P0440,E01893,8.8
2026-07-23,P0460,E01788,8.8
2026-07-23,P0468,E01877,8.8
2026-07-23,P0495,E01898,8.8
2026-07-23,P0496,E01817,8.8
2026-07-23,P0511,E01878,8.8
2026-07-23,P0524,E01818,8.8
2026-07-23,P0532,E01828,8.8
2026-07-23,P0540,E01902,8.8
2026-07-23,P0610,E01916,8.8
2026-07-23,P0616,E01810,8.8
2026-07-23,P0617,E01834,8.8
2026-07-23,P0620,E01759,8.8
2026-07-23,P0646,E01692,8.8
2026-07-23,P0647,E01900,8.8
2026-07-23,P0655,E01850,8.8
2026-07-23,P0659,E01917,8.8
2026-07-23,P0665,E01522,8.8
2026-07-23,P0671,E01819,8.8
2026-07-23,P0700,E01871,8.8
2026-07-23,P0704,E01811,8.8
2026-07-23,P0708,E01904,8.8
2026-07-23,P0710,E01918,4.4
2026-07-23,P0728,E01905,8.8
2026-07-23,P0750,E01919,8.8
2026-07-23,P0779,E01889,8.8
2026-07-24,P0036,E01635,8.8
2026-07-24,P0042,E01835,8.8
2026-07-24,P0053,E01647,8.8
2026-07-24,P0060,E01887,8.8
2026-07-24,P0098,E01648,8.8
2026-07-24,P0125,E01379,8.8
2026-07-24,P0173,E01920,8.8
2026-07-24,P0175,E01667,8.8
2026-07-24,P0186,E01914,8.8
2026-07-24,P0192,E01906,4.4
2026-07-24,P0208,E01875,8.8
2026-07-24,P0257,E01921,8.8
2026-07-24,P0269,E01892,8.8
2026-07-24,P0278,E01910,8.8
2026-07-24,P0287,E01856,8.8
2026-07-24,P0299,E01907,8.8
2026-07-24,P0371,E01911,8.8
2026-07-24,P0391,E01815,8.8
2026-07-24,P0413,E01915,8.8
2026-07-24,P0440,E01893,8.8
2026-07-24,P0460,E01788,8.8
2026-07-24,P0495,E01898,8.8
2026-07-24,P0496,E01817,8.8
2026-07-24,P0511,E01878,8.8
2026-07-24,P0524,E01818,8.8
2026-07-24,P0532,E01828,8.8
2026-07-24,P0540,E01902,8.8
2026-07-24,P0610,E01916,8.8
2026-07-24,P0616,E01810,8.8
2026-07-24,P0617,E01834,8.8
2026-07-24,P0620,E01759,8.8
2026-07-24,P0646,E01692,8.8
2026-07-24,P0647,E01900,8.8
2026-07-24,P0655,E01850,8.8
2026-07-24,P0659,E01917,8.8
2026-07-24,P0665,E01522,8.8
2026-07-24,P0671,E01819,8.8
2026-07-24,P0680,E01922,8.8
2026-07-24,P0700,E01871,8.8
2026-07-24,P0704,E01811,8.8
2026-07-24,P0708,E01904,8.8
2026-07-24,P0728,E01905,8.8
2026-07-24,P0750,E01919,8.8
2026-07-24,P0779,E01889,8.8
2026-07-27,P0036,E01635,8.8
2026-07-27,P0048,E01923,8.8
2026-07-27,P0053,E01647,8.8
2026-07-27,P0060,E01887,8.8
2026-07-27,P0098,E01648,8.8
2026-07-27,P0125,E01379,8.8
2026-07-27,P0173,E01920,8.8
2026-07-27,P0175,E01667,8.8
2026-07-27,P0186,E01914,8.8
2026-07-27,P0192,E01906,4.4
2026-07-27,P0208,E01875,8.8
2026-07-27,P0257,E01921,8.8
2026-07-27,P0269,E01892,8.8
2026-07-27,P0278,E01910,8.8
2026-07-27,P0287,E01856,8.8
2026-07-27,P0299,E01907,8.8
2026-07-27,P0324,E01924,8.8
2026-07-27,P0371,E01911,8.8
2026-07-27,P0391,E01815,8.8
2026-07-27,P0413,E01915,8.8
2026-07-27,P0440,E01893,8.8
2026-07-27,P0460,E01788,8.8
2026-07-27,P0495,E01898,8.8
2026-07-27,P0511,E01878,8.8
2026-07-27,P0524,E01818,8.8
2026-07-27,P0532,E01828,8.8
2026-07-27,P0540,E01902,8.8
2026-07-27,P0602,E01925,8.8
2026-07-27,P0610,E01916,8.8
2026-07-27,P0616,E01810,8.8
2026-07-27,P0617,E01834,8.8
2026-07-27,P0620,E01759,8.8
2026-07-27,P0646,E01692,8.8
2026-07-27,P0647,E01900,8.8
2026-07-27,P0655,E01850,8.8
2026-07-27,P0659,E01917,8.8
2026-07-27,P0665,E01522,8.8
2026-07-27,P0671,E01819,8.8
2026-07-27,P0680,E01922,8.8
2026-07-27,P0700,E01871,8.8
2026-07-27,P0704,E01811,8.8
2026-07-27,P0708,E01904,8.8
2026-07-27,P0728,E01905,8.8
2026-07-27,P0750,E01919,8.8
2026-07-27,P0779,E01889,8.8
2026-07-27,P0780,E01926,8.8
2026-07-28,P0036,E01635,8.8
2026-07-28,P0048,E01923,8.8
2026-07-28,P0053,E01647,8.8
2026-07-28,P0060,E01887,8.8
2026-07-28,P0098,E01648,8.8
2026-07-28,P0118,E01927,8.8
2026-07-28,P0125,E01379,8.8
2026-07-28,P0175,E01667,8.8
2026-07-28,P0186,E01914,8.8
2026-07-28,P0192,E01906,4.4
2026-07-28,P0208,E01875,8.8
2026-07-28,P0257,E01921,8.8
2026-07-28,P0269,E01892,8.8
2026-07-28,P0278,E01910,8.8
2026-07-28,P0287,E01856,8.8
2026-07-28,P0298,E01928,8.8
2026-07-28,P0299,E01907,8.8
2026-07-28,P0371,E01911,8.8
2026-07-28,P0391,E01815,8.8
2026-07-28,P0413,E01915,8.8
2026-07-28,P0440,E01893,8.8
2026-07-28,P0460,E01788,8.8
2026-07-28,P0495,E01898,8.8
2026-07-28,P0511,E01878,8.8
2026-07-28,P0524,E01818,8.8
2026-07-28,P0532,E01828,8.8
2026-07-28,P0540,E01902,8.8
2026-07-28,P0602,E01925,8.8
2026-07-28,P0610,E01916,8.8
2026-07-28,P0616,E01810,8.8
2026-07-28,P0617,E01834,8.8
2026-07-28,P0620,E01759,8.8
2026-07-28,P0646,E01692,8.8
2026-07-28,P0647,E01900,8.8
2026-07-28,P0655,E01850,8.8
2026-07-28,P0659,E01917,8.8
2026-07-28,P0665,E01522,8.8
2026-07-28,P0680,E01922,8.8
2026-07-28,P0700,E01871,8.8
2026-07-28,P0704,E01811,8.8
2026-07-28,P0708,E01904,8.8
2026-07-28,P0728,E01905,8.8
2026-07-28,P0750,E01919,8.8
2026-07-28,P0779,E01889,8.8
2026-07-28,P0780,E01926,8.8
2026-07-29,P0036,E01635,8.8
2026-07-29,P0048,E01923,8.8
2026-07-29,P0053,E01647,8.8
2026-07-29,P0060,E01887,8.8
2026-07-29,P0071,E01929,8.8
2026-07-29,P0075,E01930,8.8
2026-07-29,P0098,E01648,8.8
2026-07-29,P0118,E01927,8.8
2026-07-29,P0125,E01379,8.8
2026-07-29,P0186,E01914,8.8
2026-07-29,P0192,E01906,4.4
2026-07-29,P0208,E01875,8.8
2026-07-29,P0257,E01921,8.8
2026-07-29,P0269,E01892,8.8
2026-07-29,P0278,E01910,8.8
2026-07-29,P0287,E01856,8.8
2026-07-29,P0298,E01928,8.8
2026-07-29,P0299,E01907,8.8
2026-07-29,P0311,E01931,8.8
2026-07-29,P0324,E01932,8.8
2026-07-29,P0371,E01911,8.8
2026-07-29,P0391,E01815,8.8
2026-07-29,P0440,E01893,8.8
2026-07-29,P0460,E01788,8.8
2026-07-29,P0495,E01898,8.8
2026-07-29,P0511,E01878,8.8
2026-07-29,P0532,E01828,8.8
2026-07-29,P0540,E01902,8.8
2026-07-29,P0602,E01925,8.8
2026-07-29,P0610,E01916,8.8
2026-07-29,P0616,E01810,8.8
2026-07-29,P0617,E01834,8.8
2026-07-29,P0620,E01759,8.8
2026-07-29,P0646,E01692,8.8
2026-07-29,P0647,E01900,8.8
2026-07-29,P0659,E01917,8.8
2026-07-29,P0665,E01522,8.8
2026-07-29,P0680,E01922,8.8
2026-07-29,P0700,E01871,8.8
2026-07-29,P0704,E01811,8.8
2026-07-29,P0708,E01904,8.8
2026-07-29,P0728,E01905,8.8
2026-07-29,P0738,E01933,8.8
2026-07-29,P0779,E01889,8.8
2026-07-29,P0780,E01926,8.8
2026-07-30,P0036,E01635,8.8
2026-07-30,P0046,E01934,8.8
2026-07-30,P0048,E01923,8.8
2026-07-30,P0053,E01647,8.8
2026-07-30,P0060,E01887,8.8
2026-07-30,P0071,E01929,8.8
2026-07-30,P0075,E01930,8.8
2026-07-30,P0098,E01648,8.8
2026-07-30,P0118,E01927,8.8
2026-07-30,P0125,E01379,8.8
2026-07-30,P0186,E01914,8.8
2026-07-30,P0192,E01906,4.4
2026-07-30,P0208,E01875,8.8
2026-07-30,P0257,E01921,8.8
2026-07-30,P0269,E01892,8.8
2026-07-30,P0272,E01935,8.8
2026-07-30,P0278,E01910,8.8
2026-07-30,P0287,E01856,8.8
2026-07-30,P0298,E01928,8.8
2026-07-30,P0299,E01907,8.8
2026-07-30,P0324,E01932,8.8
2026-07-30,P0371,E01911,8.8
2026-07-30,P0391,E01815,8.8
2026-07-30,P0410,E01936,8.8
2026-07-30,P0440,E01893,8.8
2026-07-30,P0460,E01788,8.8
2026-07-30,P0495,E01898,8.8
2026-07-30,P0511,E01878,8.8
2026-07-30,P0522,E01937,8.8
2026-07-30,P0532,E01828,8.8
2026-07-30,P0540,E01902,8.8
2026-07-30,P0602,E01925,8.8
2026-07-30,P0610,E01916,8.8
2026-07-30,P0616,E01810,8.8
2026-07-30,P0617,E01834,8.8
2026-07-30,P0620,E01759,8.8
2026-07-30,P0625,E01938,8.8
2026-07-30,P0646,E01692,8.8
2026-07-30,P0659,E01917,8.8
2026-07-30,P0665,E01522,8.8
2026-07-30,P0680,E01922,8.8
2026-07-30,P0700,E01871,8.8
2026-07-30,P0708,E01904,8.8
2026-07-30,P0718,E01939,8.8
2026-07-30,P0728,E01905,8.8
2026-07-30,P0779,E01889,8.8
2026-07-30,P0780,E01926,8.8
2026-07-31,P0036,E01635,8.8
2026-07-31,P0048,E01923,8.8
2026-07-31,P0053,E01647,8.8
2026-07-31,P0060,E01887,8.8
2026-07-31,P0071,E01929,8.8
2026-07-31,P0075,E01930,8.8
2026-07-31,P0098,E01648,8.8
2026-07-31,P0101,E01940,8.8
2026-07-31,P0118,E01927,8.8
2026-07-31,P0186,E01914,8.8
2026-07-31,P0192,E01906,4.4
2026-07-31,P0208,E01875,8.8
2026-07-31,P0257,E01921,8.8
2026-07-31,P0269,E01892,8.8
2026-07-31,P0272,E01935,8.8
2026-07-31,P0278,E01910,8.8
2026-07-31,P0287,E01856,8.8
2026-07-31,P0298,E01928,8.8
2026-07-31,P0299,E01907,8.8
2026-07-31,P0324,E01932,8.8
2026-07-31,P0348,E01941,8.8
2026-07-31,P0349,E01942,8.8
2026-07-31,P0371,E01911,8.8
2026-07-31,P0391,E01815,8.8
2026-07-31,P0410,E01936,8.8
2026-07-31,P0413,E01943,8.8
2026-07-31,P0415,E01944,8.8
2026-07-31,P0440,E01893,8.8
2026-07-31,P0445,E01945,8.8
2026-07-31,P0460,E01788,8.8
2026-07-31,P0490,E01946,8.8
2026-07-31,P0495,E01898,8.8
2026-07-31,P0500,E01947,4.4
2026-07-31,P0515,E01948,8.8
2026-07-31,P0522,E01937,8.8
2026-07-31,P0532,E01828,8.8
2026-07-31,P0540,E01902,8.8
2026-07-31,P0581,E01949,8.8
2026-07-31,P0602,E01925,8.8
2026-07-31,P0616,E01810,8.8
2026-07-31,P0617,E01834,8.8
2026-07-31,P0620,E01759,8.8
2026-07-31,P0625,E01938,8.8
2026-07-31,P0646,E01692,8.8
2026-07-31,P0659,E01917,8.8
2026-07-31,P0665,E01522,8.8
2026-07-31,P0680,E01922,8.8
2026-07-31,P0700,E01871,8.8
2026-07-31,P0708,E01904,8.8
2026-07-31,P0718,E01939,8.8
2026-07-31,P0728,E01905,8.8
2026-07-31,P0779,E01889,8.8
2026-07-31,P0780,E01926,8.8
2026-08-03,P0036,E01635,8.8
2026-08-03,P0048,E01923,8.8
2026-08-03,P0053,E01647,8.8
2026-08-03,P0060,E01887,8.8
2026-08-03,P0075,E01930,8.8
2026-08-03,P0118,E01927,8.8
2026-08-03,P0186,E01914,8.8
2026-08-03,P0208,E01875,8.8
2026-08-03,P0272,E01935,8.8
2026-08-03,P0278,E01910,8.8
2026-08-03,P0287,E01856,8.8
2026-08-03,P0298,E01928,8.8
2026-08-03,P0299,E01907,8.8
2026-08-03,P0324,E01932,8.8
2026-08-03,P0349,E01942,8.8
2026-08-03,P0371,E01911,8.8
2026-08-03,P0391,E01815,8.8
2026-08-03,P0413,E01943,8.8
2026-08-03,P0415,E01944,8.8
2026-08-03,P0440,E01893,8.8
2026-08-03,P0445,E01945,8.8
2026-08-03,P0460,E01788,8.8
2026-08-03,P0490,E01946,8.8
2026-08-03,P0495,E01898,8.8
2026-08-03,P0500,E01947,4.4
2026-08-03,P0515,E01948,8.8
2026-08-03,P0522,E01937,8.8
2026-08-03,P0532,E01828,8.8
2026-08-03,P0540,E01902,8.8
2026-08-03,P0581,E01949,8.8
2026-08-03,P0602,E01925,8.8
2026-08-03,P0616,E01810,8.8
2026-08-03,P0617,E01834,8.8
2026-08-03,P0620,E01759,8.8
2026-08-03,P0625,E01938,8.8
2026-08-03,P0646,E01692,8.8
2026-08-03,P0659,E01917,8.8
2026-08-03,P0665,E01522,8.8
2026-08-03,P0680,E01922,8.8
2026-08-03,P0700,E01871,8.8
2026-08-03,P0718,E01939,8.8
2026-08-03,P0728,E01905,8.8
2026-08-03,P0779,E01889,8.8
2026-08-03,P0780,E01926,8.8
2026-08-04,P0036,E01635,8.8
2026-08-04,P0048,E01923,8.8
2026-08-04,P0053,E01647,8.8
2026-08-04,P0060,E01887,8.8
2026-08-04,P0075,E01930,8.8
2026-08-04,P0118,E01927,8.8
2026-08-04,P0186,E01914,8.8
2026-08-04,P0208,E01875,8.8
2026-08-04,P0272,E01935,8.8
2026-08-04,P0278,E01910,8.8
2026-08-04,P0287,E01856,8.8
2026-08-04,P0298,E01928,8.8
2026-08-04,P0349,E01942,8.8
2026-08-04,P0371,E01911,8.8
2026-08-04,P0391,E01815,8.8
2026-08-04,P0415,E01944,8.8
2026-08-04,P0440,E01893,8.8
2026-08-04,P0445,E01945,8.8
2026-08-04,P0451,E01950,8.8
2026-08-04,P0460,E01788,8.8
2026-08-04,P0461,E01951,8.8
2026-08-04,P0490,E01946,8.8
2026-08-04,P0495,E01898,8.8
2026-08-04,P0500,E01947,4.4
2026-08-04,P0515,E01948,8.8
2026-08-04,P0522,E01937,8.8
2026-08-04,P0532,E01828,8.8
2026-08-04,P0540,E01902,8.8
2026-08-04,P0581,E01949,8.8
2026-08-04,P0591,E01952,8.8
2026-08-04,P0602,E01925,8.8
2026-08-04,P0616,E01810,8.8
2026-08-04,P0617,E01834,8.8
2026-08-04,P0625,E01938,8.8
2026-08-04,P0646,E01692,8.8
2026-08-04,P0665,E01522,8.8
2026-08-04,P0680,E01922,8.8
2026-08-04,P0700,E01871,8.8
2026-08-04,P0718,E01939,8.8
2026-08-04,P0728,E01905,8.8
2026-08-04,P0772,E01953,8.8
2026-08-04,P0779,E01889,8.8
2026-08-04,P0780,E01926,8.8
2026-08-05,P0036,E01635,8.8
2026-08-05,P0053,E01647,8.8
2026-08-05,P0060,E01887,8.8
2026-08-05,P0075,E01930,8.8
2026-08-05,P0085,E01954,8.8
2026-08-05,P0186,E01914,8.8
2026-08-05,P0208,E01875,8.8
2026-08-05,P0272,E01935,8.8
2026-08-05,P0278,E01910,8.8
2026-08-05,P0287,E01856,8.8
2026-08-05,P0298,E01928,8.8
2026-08-05,P0319,E01955,8.8
2026-08-05,P0349,E01942,8.8
2026-08-05,P0371,E01911,8.8
2026-08-05,P0391,E01815,8.8
2026-08-05,P0413,E01956,8.8
2026-08-05,P0415,E01944,8.8
2026-08-05,P0440,E01893,8.8
2026-08-05,P0445,E01945,8.8
2026-08-05,P0460,E01788,8.8
2026-08-05,P0461,E01951,8.8
2026-08-05,P0495,E01898,8.8
2026-08-05,P0500,E01947,4.4
2026-08-05,P0515,E01948,8.8
2026-08-05,P0522,E01937,8.8
2026-08-05,P0540,E01902,8.8
2026-08-05,P0581,E01949,8.8
2026-08-05,P0602,E01925,8.8
2026-08-05,P0616,E01810,8.8
2026-08-05,P0625,E01938,8.8
2026-08-05,P0646,E01692,8.8
2026-08-05,P0665,E01522,8.8
2026-08-05,P0680,E01922,8.8
2026-08-05,P0700,E01871,8.8
2026-08-05,P0718,E01939,8.8
2026-08-05,P0728,E01905,8.8
2026-08-05,P0731,E01957,8.8
2026-08-05,P0779,E01889,8.8
2026-08-05,P0780,E01926,8.8
2026-08-06,P0023,E01958,4.4
2026-08-06,P0053,E01647,8.8
2026-08-06,P0060,E01887,8.8
2026-08-06,P0075,E01930,8.8
2026-08-06,P0096,E01959,8.8
2026-08-06,P0186,E01914,8.8
2026-08-06,P0208,E01875,8.8
2026-08-06,P0272,E01935,8.8
2026-08-06,P0278,E01910,8.8
2026-08-06,P0287,E01856,8.8
2026-08-06,P0298,E01928,8.8
2026-08-06,P0319,E01955,8.8
2026-08-06,P0326,E01960,8.8
2026-08-06,P0371,E01911,8.8
2026-08-06,P0391,E01815,8.8
2026-08-06,P0413,E01956,8.8
2026-08-06,P0415,E01944,8.8
2026-08-06,P0440,E01893,8.8
2026-08-06,P0445,E01945,8.8
2026-08-06,P0460,E01788,8.8
2026-08-06,P0465,E01961,8.8
2026-08-06,P0468,E01962,8.8
2026-08-06,P0495,E01898,8.8
2026-08-06,P0500,E01947,4.4
2026-08-06,P0515,E01948,8.8
2026-08-06,P0522,E01937,8.8
2026-08-06,P0540,E01902,8.8
2026-08-06,P0575,E01963,8.8
2026-08-06,P0581,E01949,8.8
2026-08-06,P0602,E01925,8.8
2026-08-06,P0616,E01810,8.8
2026-08-06,P0625,E01938,8.8
2026-08-06,P0646,E01692,8.8
2026-08-06,P0665,E01522,8.8
2026-08-06,P0700,E01871,8.8
2026-08-06,P0718,E01939,8.8
2026-08-06,P0728,E01905,8.8
2026-08-06,P0731,E01957,8.8
2026-08-06,P0779,E01889,8.8
2026-08-07,P0023,E01958,4.4
2026-08-07,P0026,E01964,8.8
2026-08-07,P0053,E01647,8.8
2026-08-07,P0060,E01887,8.8
2026-08-07,P0075,E01930,8.8
2026-08-07,P0096,E01959,8.8
2026-08-07,P0208,E01875,8.8
2026-08-07,P0251,E01965,8.8
2026-08-07,P0272,E01935,8.8
2026-08-07,P0278,E01910,8.8
2026-08-07,P0287,E01856,8.8
2026-08-07,P0298,E01928,8.8
2026-08-07,P0319,E01955,8.8
2026-08-07,P0326,E01960,8.8
2026-08-07,P0371,E01911,8.8
2026-08-07,P0391,E01815,8.8
2026-08-07,P0413,E01956,8.8
2026-08-07,P0415,E01944,8.8
2026-08-07,P0440,E01893,8.8
2026-08-07,P0445,E01945,8.8
2026-08-07,P0451,E01966,8.8
2026-08-07,P0460,E01788,8.8
2026-08-07,P0468,E01962,8.8
2026-08-07,P0495,E01898,8.8
2026-08-07,P0500,E01947,4.4
2026-08-07,P0515,E01948,8.8
2026-08-07,P0532,E01967,8.8
2026-08-07,P0581,E01949,8.8
2026-08-07,P0602,E01925,8.8
2026-08-07,P0616,E01810,8.8
2026-08-07,P0625,E01938,8.8
2026-08-07,P0646,E01692,8.8
2026-08-07,P0665,E01522,8.8
2026-08-07,P0700,E01871,8.8
2026-08-07,P0718,E01939,8.8
2026-08-07,P0728,E01905,8.8
2026-08-07,P0731,E01957,8.8
2026-08-07,P0779,E01889,8.8
2026-08-07,P0780,E01968,8.8
2026-08-10,P0023,E01958,4.4
2026-08-10,P0026,E01964,8.8
2026-08-10,P0036,E01969,8.8
2026-08-10,P0053,E01647,8.8
2026-08-10,P0060,E01887,8.8
2026-08-10,P0075,E01930,8.8
2026-08-10,P0174,E01970,8.8
2026-08-10,P0208,E01875,8.8
2026-08-10,P0272,E01935,8.8
2026-08-10,P0278,E01910,8.8
2026-08-10,P0287,E01856,8.8
2026-08-10,P0319,E01955,8.8
2026-08-10,P0371,E01911,8.8
2026-08-10,P0391,E01815,8.8
2026-08-10,P0413,E01956,8.8
2026-08-10,P0415,E01944,8.8
2026-08-10,P0440,E01893,8.8
2026-08-10,P0445,E01945,8.8
2026-08-10,P0468,E01962,8.8
2026-08-10,P0495,E01898,8.8
2026-08-10,P0515,E01948,8.8
2026-08-10,P0527,E01971,8.8
2026-08-10,P0532,E01967,8.8
2026-08-10,P0581,E01949,8.8
2026-08-10,P0602,E01925,8.8
2026-08-10,P0616,E01810,8.8
2026-08-10,P0625,E01938,8.8
2026-08-10,P0646,E01692,8.8
2026-08-10,P0665,E01522,8.8
2026-08-10,P0718,E01939,8.8
2026-08-10,P0728,E01905,8.8
2026-08-10,P0731,E01957,8.8
2026-08-10,P0779,E01889,8.8
2026-08-10,P0780,E01968,8.8
2026-08-11,P0023,E01958,4.4
2026-08-11,P0026,E01964,8.8
2026-08-11,P0036,E01969,8.8
2026-08-11,P0053,E01647,8.8
2026-08-11,P0060,E01887,8.8
2026-08-11,P0075,E01930,8.8
2026-08-11,P0119,E01972,8.8
2026-08-11,P0208,E01875,8.8
2026-08-11,P0272,E01935,8.8
2026-08-11,P0278,E01910,8.8
2026-08-11,P0287,E01856,8.8
2026-08-11,P0319,E01955,8.8
2026-08-11,P0371,E01911,8.8
2026-08-11,P0391,E01815,8.8
2026-08-11,P0413,E01956,8.8
2026-08-11,P0415,E01944,8.8
2026-08-11,P0440,E01893,8.8
2026-08-11,P0445,E01945,8.8
2026-08-11,P0451,E01973,8.8
2026-08-11,P0456,E01974,8.8
2026-08-11,P0468,E01962,8.8
2026-08-11,P0490,E01975,8.8
2026-08-11,P0515,E01948,8.8
2026-08-11,P0524,E01976,8.8
2026-08-11,P0527,E01971,8.8
2026-08-11,P0581,E01949,8.8
2026-08-11,P0602,E01925,8.8
2026-08-11,P0616,E01810,8.8
2026-08-11,P0625,E01938,8.8
2026-08-11,P0646,E01692,8.8
2026-08-11,P0650,E01977,4.4
2026-08-11,P0665,E01522,8.8
2026-08-11,P0718,E01939,8.8
2026-08-11,P0728,E01905,8.8
2026-08-11,P0731,E01957,8.8
2026-08-11,P0743,E01978,8.8
2026-08-11,P0779,E01889,8.8
2026-08-12,P0026,E01964,8.8
2026-08-12,P0053,E01647,8.8
2026-08-12,P0119,E01972,8.8
2026-08-12,P0174,E01979,8.8
2026-08-12,P0208,E01875,8.8
2026-08-12,P0272,E01935,8.8
2026-08-12,P0278,E01910,8.8
2026-08-12,P0287,E01856,8.8
2026-08-12,P0319,E01955,8.8
2026-08-12,P0339,E01980,8.8
2026-08-12,P0352,E01981,8.8
2026-08-12,P0371,E01911,8.8
2026-08-12,P0391,E01815,8.8
2026-08-12,P0413,E01956,8.8
2026-08-12,P0415,E01944,8.8
2026-08-12,P0440,E01893,8.8
2026-08-12,P0445,E01945,8.8
2026-08-12,P0451,E01973,8.8
2026-08-12,P0456,E01974,8.8
2026-08-12,P0468,E01962,8.8
2026-08-12,P0490,E01975,8.8
2026-08-12,P0515,E01948,8.8
2026-08-12,P0527,E01971,8.8
2026-08-12,P0574,E01982,8.8
2026-08-12,P0581,E01949,8.8
2026-08-12,P0591,E01983,8.8
2026-08-12,P0602,E01925,8.8
2026-08-12,P0616,E01810,8.8
2026-08-12,P0625,E01938,8.8
2026-08-12,P0646,E01692,8.8
2026-08-12,P0650,E01977,4.4
2026-08-12,P0665,E01522,8.8
2026-08-12,P0700,E01984,8.8
2026-08-12,P0718,E01939,8.8
2026-08-12,P0731,E01957,8.8
2026-08-12,P0743,E01978,8.8
2026-08-12,P0779,E01889,8.8
2026-08-13,P0053,E01647,8.8
2026-08-13,P0119,E01972,8.8
2026-08-13,P0174,E01979,8.8
2026-08-13,P0208,E01875,8.8
2026-08-13,P0278,E01910,8.8
2026-08-13,P0287,E01856,8.8
2026-08-13,P0314,E01985,8.8
2026-08-13,P0319,E01955,8.8
2026-08-13,P0339,E01980,8.8
2026-08-13,P0352,E01981,8.8
2026-08-13,P0371,E01911,8.8
2026-08-13,P0391,E01815,8.8
2026-08-13,P0413,E01956,8.8
2026-08-13,P0415,E01944,8.8
2026-08-13,P0440,E01893,8.8
2026-08-13,P0445,E01945,8.8
2026-08-13,P0451,E01973,8.8
2026-08-13,P0468,E01962,8.8
2026-08-13,P0488,E01986,8.8
2026-08-13,P0490,E01975,8.8
2026-08-13,P0515,E01948,8.8
2026-08-13,P0527,E01971,8.8
2026-08-13,P0591,E01983,8.8
2026-08-13,P0602,E01925,8.8
2026-08-13,P0616,E01810,8.8
2026-08-13,P0625,E01938,8.8
2026-08-13,P0642,E01987,8.8
2026-08-13,P0646,E01692,8.8
2026-08-13,P0650,E01977,4.4
2026-08-13,P0665,E01522,8.8
2026-08-13,P0700,E01984,8.8
2026-08-13,P0718,E01939,8.8
2026-08-13,P0728,E01988,8.8
2026-08-13,P0731,E01957,8.8
2026-08-13,P0743,E01978,8.8
2026-08-13,P0779,E01889,8.8
2026-08-14,P0053,E01647,8.8
2026-08-14,P0119,E01972,8.8
2026-08-14,P0174,E01979,8.8
2026-08-14,P0192,E01989,4.4
2026-08-14,P0208,E01875,8.8
2026-08-14,P0278,E01910,8.8
2026-08-14,P0287,E01856,8.8
2026-08-14,P0314,E01985,8.8
2026-08-14,P0319,E01955,8.8
2026-08-14,P0339,E01980,8.8
2026-08-14,P0352,E01981,8.8
2026-08-14,P0391,E01815,8.8
2026-08-14,P0413,E01990,8.8
2026-08-14,P0415,E01944,8.8
2026-08-14,P0440,E01893,8.8
2026-08-14,P0445,E01945,8.8
2026-08-14,P0451,E01973,8.8
2026-08-14,P0461,E01991,8.8
2026-08-14,P0468,E01962,8.8
2026-08-14,P0490,E01975,8.8
2026-08-14,P0515,E01948,8.8
2026-08-14,P0527,E01971,8.8
2026-08-14,P0591,E01983,8.8
2026-08-14,P0602,E01925,8.8
2026-08-14,P0616,E01810,8.8
2026-08-14,P0625,E01938,8.8
2026-08-14,P0646,E01692,8.8
2026-08-14,P0650,E01977,4.4
2026-08-14,P0665,E01522,8.8
2026-08-14,P0700,E01984,8.8
2026-08-14,P0704,E01992,8.8
2026-08-14,P0718,E01939,8.8
2026-08-14,P0728,E01988,8.8
2026-08-14,P0743,E01978,8.8
2026-08-14,P0779,E01889,8.8
2026-08-17,P0053,E01647,8.8
2026-08-17,P0119,E01972,8.8
2026-08-17,P0120,E01993,4.4
2026-08-17,P0174,E01979,8.8
2026-08-17,P0208,E01875,8.8
2026-08-17,P0278,E01910,8.8
2026-08-17,P0287,E01856,8.8
2026-08-17,P0314,E01985,8.8
2026-08-17,P0319,E01955,8.8
2026-08-17,P0345,E01994,8.8
2026-08-17,P0352,E01981,8.8
2026-08-17,P0382,E01995,8.8
2026-08-17,P0391,E01815,8.8
2026-08-17,P0413,E01990,8.8
2026-08-17,P0415,E01944,8.8
2026-08-17,P0451,E01973,8.8
2026-08-17,P0461,E01991,8.8
2026-08-17,P0468,E01962,8.8
2026-08-17,P0490,E01975,8.8
2026-08-17,P0515,E01948,8.8
2026-08-17,P0527,E01971,8.8
2026-08-17,P0602,E01925,8.8
2026-08-17,P0616,E01810,8.8
2026-08-17,P0617,E01996,8.8
2026-08-17,P0625,E01938,8.8
2026-08-17,P0641,E01997,8.8
2026-08-17,P0646,E01692,8.8
2026-08-17,P0665,E01522,8.8
2026-08-17,P0700,E01984,8.8
2026-08-17,P0728,E01988,8.8
2026-08-17,P0743,E01978,8.8
2026-08-17,P0779,E01889,8.8
2026-08-17,P0780,E01998,8.8
2026-08-18,P0027,E01999,8.8
2026-08-18,P0053,E01647,8.8
2026-08-18,P0081,E02000,4.4
2026-08-18,P0119,E01972,8.8
2026-08-18,P0120,E01993,4.4
2026-08-18,P0174,E01979,8.8
2026-08-18,P0208,E01875,8.8
2026-08-18,P0278,E01910,8.8
2026-08-18,P0287,E01856,8.8
2026-08-18,P0314,E01985,8.8
2026-08-18,P0319,E01955,8.8
2026-08-18,P0345,E01994,8.8
2026-08-18,P0352,E01981,8.8
2026-08-18,P0382,E01995,8.8
2026-08-18,P0391,E01815,8.8
2026-08-18,P0396,E02001,8.8
2026-08-18,P0413,E01990,8.8
2026-08-18,P0415,E01944,8.8
2026-08-18,P0451,E01973,8.8
2026-08-18,P0461,E01991,8.8
2026-08-18,P0468,E01962,8.8
2026-08-18,P0490,E01975,8.8
2026-08-18,P0504,E02002,4.4
2026-08-18,P0515,E01948,8.8
2026-08-18,P0527,E01971,8.8
2026-08-18,P0602,E01925,8.8
2026-08-18,P0616,E01810,8.8
2026-08-18,P0625,E01938,8.8
2026-08-18,P0641,E01997,8.8
2026-08-18,P0646,E01692,8.8
2026-08-18,P0665,E01522,8.8
2026-08-18,P0700,E01984,8.8
2026-08-18,P0728,E01988,8.8
2026-08-18,P0743,E01978,8.8
2026-08-18,P0779,E01889,8.8
2026-08-18,P0780,E01998,8.8
2026-08-19,P0027,E01999,8.8
2026-08-19,P0053,E01647,8.8
2026-08-19,P0101,E02003,8.8
2026-08-19,P0119,E01972,8.8
2026-08-19,P0120,E01993,4.4
2026-08-19,P0127,E02004,8.8
2026-08-19,P0174,E01979,8.8
2026-08-19,P0208,E01875,8.8
2026-08-19,P0278,E01910,8.8
2026-08-19,P0287,E01856,8.8
2026-08-19,P0314,E01985,8.8
2026-08-19,P0319,E01955,8.8
2026-08-19,P0345,E01994,8.8
2026-08-19,P0352,E01981,8.8
2026-08-19,P0365,E02005,8.8
2026-08-19,P0382,E01995,8.8
2026-08-19,P0391,E01815,8.8
2026-08-19,P0413,E01990,8.8
2026-08-19,P0415,E01944,8.8
2026-08-19,P0451,E01973,8.8
2026-08-19,P0461,E02006,8.8
2026-08-19,P0468,E01962,8.8
2026-08-19,P0490,E01975,8.8
2026-08-19,P0515,E01948,8.8
2026-08-19,P0516,E02007,8.8
2026-08-19,P0527,E01971,8.8
2026-08-19,P0576,E02008,8.8
2026-08-19,P0602,E02009,8.8
2026-08-19,P0616,E01810,8.8
2026-08-19,P0625,E01938,8.8
2026-08-19,P0641,E01997,8.8
2026-08-19,P0646,E01692,8.8
2026-08-19,P0665,E01522,8.8
2026-08-19,P0700,E01984,8.8
2026-08-19,P0728,E01988,8.8
2026-08-19,P0743,E01978,8.8
2026-08-19,P0779,E01889,8.8
2026-08-20,P0027,E01999,8.8
2026-08-20,P0053,E01647,8.8
2026-08-20,P0086,E02010,8.8
2026-08-20,P0119,E01972,8.8
2026-08-20,P0120,E01993,4.4
2026-08-20,P0127,E02004,8.8
2026-08-20,P0174,E01979,8.8
2026-08-20,P0208,E01875,8.8
2026-08-20,P0278,E01910,8.8
2026-08-20,P0287,E01856,8.8
2026-08-20,P0319,E01955,8.8
2026-08-20,P0345,E01994,8.8
2026-08-20,P0365,E02005,8.8
2026-08-20,P0411,E02011,8.8
2026-08-20,P0413,E01990,8.8
2026-08-20,P0415,E01944,8.8
2026-08-20,P0451,E01973,8.8
2026-08-20,P0461,E02006,8.8
2026-08-20,P0468,E01962,8.8
2026-08-20,P0490,E01975,8.8
2026-08-20,P0515,E01948,8.8
2026-08-20,P0516,E02007,8.8
2026-08-20,P0522,E02012,8.8
2026-08-20,P0527,E01971,8.8
2026-08-20,P0576,E02008,8.8
2026-08-20,P0602,E02009,8.8
2026-08-20,P0616,E01810,8.8
2026-08-20,P0625,E01938,8.8
2026-08-20,P0641,E01997,8.8
2026-08-20,P0646,E01692,8.8
2026-08-20,P0665,E01522,8.8
2026-08-20,P0700,E01984,8.8
2026-08-20,P0728,E01988,8.8
2026-08-20,P0743,E01978,8.8
2026-08-20,P0779,E01889,8.8
2026-08-21,P0027,E01999,8.8
2026-08-21,P0053,E01647,8.8
2026-08-21,P0086,E02010,8.8
2026-08-21,P0119,E01972,8.8
2026-08-21,P0120,E01993,4.4
2026-08-21,P0127,E02004,8.8
2026-08-21,P0174,E01979,8.8
2026-08-21,P0208,E01875,8.8
2026-08-21,P0287,E01856,8.8
2026-08-21,P0319,E01955,8.8
2026-08-21,P0345,E01994,8.8
2026-08-21,P0365,E02005,8.8
2026-08-21,P0382,E02013,8.8
2026-08-21,P0411,E02014,8.8
2026-08-21,P0413,E01990,8.8
2026-08-21,P0415,E01944,8.8
2026-08-21,P0422,E02015,8.8
2026-08-21,P0461,E02006,8.8
2026-08-21,P0468,E01962,8.8
2026-08-21,P0484,E02016,8.8
2026-08-21,P0490,E01975,8.8
2026-08-21,P0515,E01948,8.8
2026-08-21,P0516,E02007,8.8
2026-08-21,P0522,E02012,8.8
2026-08-21,P0527,E01971,8.8
2026-08-21,P0576,E02008,8.8
2026-08-21,P0602,E02009,8.8
2026-08-21,P0615,E02017,8.8
2026-08-21,P0616,E01810,8.8
2026-08-21,P0625,E01938,8.8
2026-08-21,P0634,E02018,8.8
2026-08-21,P0641,E01997,8.8
2026-08-21,P0646,E01692,8.8
2026-08-21,P0665,E01522,8.8
2026-08-21,P0728,E01988,8.8
2026-08-21,P0743,E01978,8.8
2026-08-21,P0779,E02019,8.8
2026-08-24,P0027,E01999,8.8
2026-08-24,P0053,E01647,8.8
2026-08-24,P0086,E02010,8.8
2026-08-24,P0119,E01972,8.8
2026-08-24,P0120,E01993,4.4
2026-08-24,P0127,E02004,8.8
2026-08-24,P0174,E01979,8.8
2026-08-24,P0208,E01875,8.8
2026-08-24,P0287,E01856,8.8
2026-08-24,P0317,E02020,8.8
2026-08-24,P0319,E01955,8.8
2026-08-24,P0345,E01994,8.8
2026-08-24,P0365,E02005,8.8
2026-08-24,P0382,E02013,8.8
2026-08-24,P0391,E02021,8.8
2026-08-24,P0411,E02014,8.8
2026-08-24,P0413,E01990,8.8
2026-08-24,P0414,E02022,8.8
2026-08-24,P0415,E01944,8.8
2026-08-24,P0422,E02015,8.8
2026-08-24,P0461,E02006,8.8
2026-08-24,P0468,E01962,8.8
2026-08-24,P0484,E02016,8.8
2026-08-24,P0490,E01975,8.8
2026-08-24,P0515,E01948,8.8
2026-08-24,P0516,E02007,8.8
2026-08-24,P0522,E02012,8.8
2026-08-24,P0527,E01971,8.8
2026-08-24,P0602,E02009,8.8
2026-08-24,P0616,E01810,8.8
2026-08-24,P0622,E02023,4.4
2026-08-24,P0625,E01938,8.8
2026-08-24,P0641,E01997,8.8
2026-08-24,P0646,E01692,8.8
2026-08-24,P0665,E01522,8.8
2026-08-24,P0708,E02024,8.8
2026-08-24,P0728,E01988,8.8
2026-08-24,P0743,E01978,8.8
2026-08-24,P0779,E02019,8.8
2026-08-25,P0026,E02025,8.8
2026-08-25,P0027,E01999,8.8
2026-08-25,P0086,E02010,8.8
2026-08-25,P0119,E01972,8.8
2026-08-25,P0127,E02004,8.8
2026-08-25,P0174,E01979,8.8
2026-08-25,P0208,E01875,8.8
2026-08-25,P0287,E01856,8.8
2026-08-25,P0319,E01955,8.8
2026-08-25,P0345,E01994,8.8
2026-08-25,P0365,E02005,8.8
2026-08-25,P0382,E02013,8.8
2026-08-25,P0411,E02014,8.8
2026-08-25,P0413,E01990,8.8
2026-08-25,P0414,E02022,8.8
2026-08-25,P0415,E01944,8.8
2026-08-25,P0422,E02015,8.8
2026-08-25,P0461,E02006,8.8
2026-08-25,P0468,E01962,8.8
2026-08-25,P0484,E02016,8.8
2026-08-25,P0490,E01975,8.8
2026-08-25,P0515,E01948,8.8
2026-08-25,P0516,E02007,8.8
2026-08-25,P0522,E02012,8.8
2026-08-25,P0524,E02026,8.8
2026-08-25,P0527,E01971,8.8
2026-08-25,P0541,E02027,8.8
2026-08-25,P0602,E02009,8.8
2026-08-25,P0616,E01810,8.8
2026-08-25,P0622,E02023,4.4
2026-08-25,P0625,E01938,8.8
2026-08-25,P0641,E01997,8.8
2026-08-25,P0646,E01692,8.8
2026-08-25,P0665,E01522,8.8
2026-08-25,P0728,E01988,8.8
2026-08-25,P0743,E01978,8.8
2026-08-25,P0779,E02019,8.8
2026-08-25,P0783,E02028,8.8
2026-08-26,P0026,E02025,8.8
2026-08-26,P0027,E01999,8.8
2026-08-26,P0086,E02029,8.8
2026-08-26,P0119,E01972,8.8
2026-08-26,P0127,E02004,8.8
2026-08-26,P0208,E01875,8.8
2026-08-26,P0257,E02030,8.8
2026-08-26,P0265,E02031,8.8
2026-08-26,P0285,E02032,8.8
2026-08-26,P0287,E01856,8.8
2026-08-26,P0319,E01955,8.8
2026-08-26,P0345,E01994,8.8
2026-08-26,P0382,E02013,8.8
2026-08-26,P0399,E02033,8.8
2026-08-26,P0411,E02014,8.8
2026-08-26,P0413,E01990,8.8
2026-08-26,P0414,E02022,8.8
2026-08-26,P0415,E01944,8.8
2026-08-26,P0422,E02015,8.8
2026-08-26,P0461,E02006,8.8
2026-08-26,P0484,E02016,8.8
2026-08-26,P0490,E01975,8.8
2026-08-26,P0516,E02007,8.8
2026-08-26,P0522,E02012,8.8
2026-08-26,P0524,E02026,8.8
2026-08-26,P0527,E01971,8.8
2026-08-26,P0602,E02009,8.8
2026-08-26,P0616,E01810,8.8
2026-08-26,P0622,E02023,4.4
2026-08-26,P0625,E01938,8.8
2026-08-26,P0641,E01997,8.8
2026-08-26,P0646,E01692,8.8
2026-08-26,P0665,E01522,8.8
2026-08-26,P0728,E01988,8.8
2026-08-26,P0743,E01978,8.8
2026-08-26,P0760,E02034,8.8
2026-08-26,P0779,E02019,8.8
2026-08-27,P0026,E02025,8.8
2026-08-27,P0027,E01999,8.8
2026-08-27,P0036,E02035,8.8
2026-08-27,P0086,E02029,8.8
2026-08-27,P0127,E02004,8.8
2026-08-27,P0208,E01875,8.8
2026-08-27,P0257,E02030,8.8
2026-08-27,P0265,E02031,8.8
2026-08-27,P0285,E02032,8.8
2026-08-27,P0287,E01856,8.8
2026-08-27,P0319,E01955,8.8
2026-08-27,P0343,E02036,4.4
2026-08-27,P0345,E01994,8.8
2026-08-27,P0347,E02037,8.8
2026-08-27,P0382,E02013,8.8
2026-08-27,P0399,E02033,8.8
2026-08-27,P0411,E02014,8.8
2026-08-27,P0413,E01990,8.8
2026-08-27,P0414,E02022,8.8
2026-08-27,P0415,E01944,8.8
2026-08-27,P0422,E02015,8.8
2026-08-27,P0484,E02016,8.8
2026-08-27,P0486,E02038,8.8
2026-08-27,P0490,E01975,8.8
2026-08-27,P0516,E02007,8.8
2026-08-27,P0522,E02012,8.8
2026-08-27,P0524,E02026,8.8
2026-08-27,P0527,E01971,8.8
2026-08-27,P0576,E02039,8.8
2026-08-27,P0597,E02040,8.8
2026-08-27,P0602,E02009,8.8
2026-08-27,P0616,E01810,8.8
2026-08-27,P0622,E02023,4.4
2026-08-27,P0625,E01938,8.8
2026-08-27,P0641,E01997,8.8
2026-08-27,P0646,E01692,8.8
2026-08-27,P0665,E01522,8.8
2026-08-27,P0728,E01988,8.8
2026-08-27,P0743,E01978,8.8
2026-08-27,P0760,E02034,8.8
2026-08-28,P0023,E02041,4.4
2026-08-28,P0026,E02025,8.8
2026-08-28,P0027,E01999,8.8
2026-08-28,P0036,E02035,8.8
2026-08-28,P0086,E02029,8.8
2026-08-28,P0127,E02004,8.8
2026-08-28,P0174,E02042,8.8
2026-08-28,P0208,E01875,8.8
2026-08-28,P0257,E02030,8.8
2026-08-28,P0265,E02031,8.8
2026-08-28,P0285,E02032,8.8
2026-08-28,P0287,E01856,8.8
2026-08-28,P0319,E02043,8.8
2026-08-28,P0345,E01994,8.8
2026-08-28,P0347,E02037,8.8
2026-08-28,P0352,E02044,8.8
2026-08-28,P0399,E02033,8.8
2026-08-28,P0411,E02014,8.8
2026-08-28,P0413,E01990,8.8
2026-08-28,P0414,E02022,8.8
2026-08-28,P0461,E02045,8.8
2026-08-28,P0484,E02016,8.8
2026-08-28,P0486,E02038,8.8
2026-08-28,P0490,E01975,8.8
2026-08-28,P0516,E02007,8.8
2026-08-28,P0524,E02026,8.8
2026-08-28,P0527,E01971,8.8
2026-08-28,P0576,E02039,8.8
2026-08-28,P0597,E02040,8.8
2026-08-28,P0602,E02009,8.8
2026-08-28,P0616,E01810,8.8
2026-08-28,P0622,E02023,4.4
2026-08-28,P0625,E01938,8.8
2026-08-28,P0641,E01997,8.8
2026-08-28,P0646,E01692,8.8
2026-08-28,P0665,E01522,8.8
2026-08-28,P0693,E02046,8.8
2026-08-28,P0728,E01988,8.8
2026-08-28,P0743,E01978,8.8
2026-08-28,P0760,E02034,8.8
2026-08-31,P0027,E01999,8.8
2026-08-31,P0036,E02035,8.8
2026-08-31,P0086,E02029,8.8
2026-08-31,P0104,E02047,8.8
2026-08-31,P0118,E02048,8.8
2026-08-31,P0127,E02004,8.8
2026-08-31,P0208,E01875,8.8
2026-08-31,P0246,E02049,8.8
2026-08-31,P0257,E02030,8.8
2026-08-31,P0265,E02031,8.8
2026-08-31,P0287,E01856,8.8
2026-08-31,P0319,E02043,8.8
2026-08-31,P0347,E02037,8.8
2026-08-31,P0352,E02044,8.8
2026-08-31,P0368,E02050,8.8
2026-08-31,P0394,E02051,8.8
2026-08-31,P0399,E02033,8.8
2026-08-31,P0411,E02014,8.8
2026-08-31,P0413,E01990,8.8
2026-08-31,P0414,E02022,8.8
2026-08-31,P0437,E02052,8.8
2026-08-31,P0451,E02053,8.8
2026-08-31,P0461,E02045,8.8
2026-08-31,P0484,E02016,8.8
2026-08-31,P0486,E02038,8.8
2026-08-31,P0490,E01975,8.8
2026-08-31,P0516,E02007,8.8
2026-08-31,P0524,E02026,8.8
2026-08-31,P0527,E01971,8.8
2026-08-31,P0597,E02040,8.8
2026-08-31,P0602,E02009,8.8
2026-08-31,P0616,E01810,8.8
2026-08-31,P0622,E02023,4.4
2026-08-31,P0625,E01938,8.8
2026-08-31,P0641,E01997,8.8
2026-08-31,P0646,E01692,8.8
2026-08-31,P0665,E01522,8.8
2026-08-31,P0693,E02046,8.8
2026-08-31,P0704,E02054,8.8
2026-08-31,P0743,E01978,8.8
2026-08-31,P0760,E02034,8.8
2026-09-01,P0020,E02055,8.8
2026-09-01,P0027,E01999,8.8
2026-09-01,P0036,E02035,8.8
2026-09-01,P0086,E02029,8.8
2026-09-01,P0104,E02047,8.8
2026-09-01,P0118,E02048,8.8
2026-09-01,P0127,E02004,8.8
2026-09-01,P0208,E01875,8.8
2026-09-01,P0246,E02049,8.8
2026-09-01,P0265,E02031,8.8
2026-09-01,P0287,E01856,8.8
2026-09-01,P0319,E02043,8.8
2026-09-01,P0347,E02037,8.8
2026-09-01,P0352,E02044,8.8
2026-09-01,P0394,E02051,8.8
2026-09-01,P0399,E02033,8.8
2026-09-01,P0413,E01990,8.8
2026-09-01,P0437,E02052,8.8
2026-09-01,P0451,E02053,8.8
2026-09-01,P0461,E02045,8.8
2026-09-01,P0484,E02016,8.8
2026-09-01,P0486,E02038,8.8
2026-09-01,P0490,E01975,8.8
2026-09-01,P0516,E02007,8.8
2026-09-01,P0524,E02026,8.8
2026-09-01,P0527,E01971,8.8
2026-09-01,P0597,E02040,8.8
2026-09-01,P0602,E02009,8.8
2026-09-01,P0616,E01810,8.8
2026-09-01,P0622,E02023,4.4
2026-09-01,P0625,E01938,8.8
2026-09-01,P0665,E01522,8.8
2026-09-01,P0693,E02046,8.8
2026-09-01,P0743,E01978,8.8
2026-09-01,P0761,E02056,8.8
2026-09-02,P0020,E02055,8.8
2026-09-02,P0027,E01999,8.8
2026-09-02,P0036,E02057,8.8
2026-09-02,P0086,E02029,8.8
2026-09-02,P0104,E02047,8.8
2026-09-02,P0118,E02048,8.8
2026-09-02,P0127,E02004,8.8
2026-09-02,P0155,E02058,8.8
2026-09-02,P0208,E01875,8.8
2026-09-02,P0211,E02059,8.8
2026-09-02,P0246,E02049,8.8
2026-09-02,P0265,E02031,8.8
2026-09-02,P0287,E01856,8.8
2026-09-02,P0352,E02044,8.8
2026-09-02,P0394,E02051,8.8
2026-09-02,P0399,E02033,8.8
2026-09-02,P0413,E01990,8.8
2026-09-02,P0437,E02052,8.8
2026-09-02,P0451,E02053,8.8
2026-09-02,P0461,E02045,8.8
2026-09-02,P0484,E02016,8.8
2026-09-02,P0486,E02038,8.8
2026-09-02,P0490,E01975,8.8
2026-09-02,P0516,E02007,8.8
2026-09-02,P0524,E02026,8.8
2026-09-02,P0527,E01971,8.8
2026-09-02,P0597,E02040,8.8
2026-09-02,P0598,E02060,8.8
2026-09-02,P0602,E02009,8.8
2026-09-02,P0616,E01810,8.8
2026-09-02,P0622,E02023,4.4
2026-09-02,P0625,E01938,8.8
2026-09-02,P0665,E01522,8.8
2026-09-02,P0693,E02046,8.8
2026-09-02,P0702,E02061,8.8
2026-09-02,P0743,E01978,8.8
2026-09-02,P0761,E02056,8.8
2026-09-03,P0020,E02055,8.8
2026-09-03,P0027,E01999,8.8
2026-09-03,P0036,E02057,8.8
2026-09-03,P0086,E02029,8.8
2026-09-03,P0104,E02047,8.8
2026-09-03,P0118,E02048,8.8
2026-09-03,P0127,E02004,8.8
2026-09-03,P0151,E02062,8.8
2026-09-03,P0155,E02058,8.8
2026-09-03,P0208,E01875,8.8
2026-09-03,P0211,E02059,8.8
2026-09-03,P0246,E02049,8.8
2026-09-03,P0265,E02031,8.8
2026-09-03,P0287,E01856,8.8
2026-09-03,P0352,E02044,8.8
2026-09-03,P0394,E02051,8.8
2026-09-03,P0413,E01990,8.8
2026-09-03,P0437,E02052,8.8
2026-09-03,P0451,E02053,8.8
2026-09-03,P0484,E02016,8.8
2026-09-03,P0486,E02038,8.8
2026-09-03,P0490,E01975,8.8
2026-09-03,P0497,E02063,8.8
2026-09-03,P0516,E02007,8.8
2026-09-03,P0524,E02026,8.8
2026-09-03,P0527,E01971,8.8
2026-09-03,P0597,E02040,8.8
2026-09-03,P0602,E02009,8.8
2026-09-03,P0616,E01810,8.8
2026-09-03,P0625,E01938,8.8
2026-09-03,P0656,E02064,8.8
2026-09-03,P0665,E01522,8.8
2026-09-03,P0693,E02046,8.8
2026-09-03,P0702,E02061,8.8
2026-09-03,P0743,E01978,8.8
2026-09-03,P0761,E02056,8.8
2026-09-04,P0020,E02055,8.8
2026-09-04,P0027,E01999,8.8
2026-09-04,P0036,E02057,8.8
2026-09-04,P0086,E02029,8.8
2026-09-04,P0099,E02065,8.8
2026-09-04,P0104,E02047,8.8
2026-09-04,P0118,E02048,8.8
2026-09-04,P0127,E02004,8.8
2026-09-04,P0151,E02062,8.8
2026-09-04,P0155,E02058,8.8
2026-09-04,P0157,E02066,8.8
2026-09-04,P0208,E01875,8.8
2026-09-04,P0211,E02059,8.8
2026-09-04,P0246,E02049,8.8
2026-09-04,P0265,E02031,8.8
2026-09-04,P0287,E01856,8.8
2026-09-04,P0311,E02067,8.8
2026-09-04,P0352,E02044,8.8
2026-09-04,P0394,E02051,8.8
2026-09-04,P0413,E01990,8.8
2026-09-04,P0422,E02068,8.8
2026-09-04,P0437,E02052,8.8
2026-09-04,P0451,E02053,8.8
2026-09-04,P0484,E02016,8.8
2026-09-04,P0486,E02038,8.8
2026-09-04,P0490,E01975,8.8
2026-09-04,P0497,E02063,8.8
2026-09-04,P0516,E02007,8.8
2026-09-04,P0524,E02026,8.8
2026-09-04,P0527,E01971,8.8
2026-09-04,P0597,E02040,8.8
2026-09-04,P0602,E02009,8.8
2026-09-04,P0616,E01810,8.8
2026-09-04,P0625,E01938,8.8
2026-09-04,P0656,E02064,8.8
2026-09-04,P0665,E01522,8.8
2026-09-04,P0693,E02046,8.8
2026-09-04,P0702,E02061,8.8
2026-09-04,P0780,E02069,8.8
2026-09-07,P0027,E01999,8.8
2026-09-07,P0036,E02057,8.8
2026-09-07,P0086,E02029,8.8
2026-09-07,P0099,E02065,8.8
2026-09-07,P0104,E02047,8.8
2026-09-07,P0118,E02048,8.8
2026-09-07,P0151,E02062,8.8
2026-09-07,P0155,E02058,8.8
2026-09-07,P0157,E02066,8.8
2026-09-07,P0174,E02070,8.8
2026-09-07,P0208,E01875,8.8
2026-09-07,P0211,E02059,8.8
2026-09-07,P0230,E02071,8.8
2026-09-07,P0246,E02049,8.8
2026-09-07,P0265,E02031,8.8
2026-09-07,P0287,E01856,8.8
2026-09-07,P0352,E02044,8.8
2026-09-07,P0394,E02051,8.8
2026-09-07,P0413,E01990,8.8
2026-09-07,P0422,E02068,8.8
2026-09-07,P0437,E02052,8.8
2026-09-07,P0451,E02053,8.8
2026-09-07,P0484,E02016,8.8
2026-09-07,P0486,E02038,8.8
2026-09-07,P0490,E01975,8.8
2026-09-07,P0497,E02063,8.8
2026-09-07,P0515,E02072,8.8
2026-09-07,P0516,E02007,8.8
2026-09-07,P0524,E02026,8.8
2026-09-07,P0527,E01971,8.8
2026-09-07,P0597,E02040,8.8
2026-09-07,P0602,E02009,8.8
2026-09-07,P0616,E01810,8.8
2026-09-07,P0625,E01938,8.8
2026-09-07,P0656,E02064,8.8
2026-09-07,P0665,E01522,8.8
2026-09-07,P0680,E02073,8.8
2026-09-07,P0693,E02046,8.8
2026-09-07,P0702,E02061,8.8
2026-09-07,P0708,E02074,8.8
2026-09-07,P0718,E02075,8.8
2026-09-07,P0780,E02069,8.8
2026-09-08,P0027,E01999,8.8
2026-09-08,P0036,E02057,8.8
2026-09-08,P0086,E02029,8.8
2026-09-08,P0099,E02065,8.8
2026-09-08,P0118,E02048,8.8
2026-09-08,P0151,E02062,8.8
2026-09-08,P0155,E02058,8.8
2026-09-08,P0174,E02070,8.8
2026-09-08,P0208,E01875,8.8
2026-09-08,P0211,E02059,8.8
2026-09-08,P0229,E02076,8.8
2026-09-08,P0230,E02071,8.8
2026-09-08,P0246,E02049,8.8
2026-09-08,P0265,E02031,8.8
2026-09-08,P0287,E01856,8.8
2026-09-08,P0289,E02077,8.8
2026-09-08,P0352,E02044,8.8
2026-09-08,P0359,E02078,8.8
2026-09-08,P0394,E02051,8.8
2026-09-08,P0399,E02079,8.8
2026-09-08,P0422,E02068,8.8
2026-09-08,P0451,E02053,8.8
2026-09-08,P0484,E02016,8.8
2026-09-08,P0486,E02038,8.8
2026-09-08,P0490,E01975,8.8
2026-09-08,P0497,E02063,8.8
2026-09-08,P0515,E02072,8.8
2026-09-08,P0516,E02007,8.8
2026-09-08,P0524,E02026,8.8
2026-09-08,P0527,E01971,8.8
2026-09-08,P0591,E02080,8.8
2026-09-08,P0597,E02040,8.8
2026-09-08,P0602,E02009,8.8
2026-09-08,P0616,E01810,8.8
2026-09-08,P0625,E01938,8.8
2026-09-08,P0656,E02064,8.8
2026-09-08,P0665,E01522,8.8
2026-09-08,P0680,E02073,8.8
2026-09-08,P0693,E02046,8.8
2026-09-08,P0702,E02061,8.8
2026-09-08,P0708,E02074,8.8
2026-09-08,P0718,E02075,8.8
2026-09-08,P0780,E02069,8.8
2026-09-09,P0027,E01999,8.8
2026-09-09,P0036,E02057,8.8
2026-09-09,P0086,E02029,8.8
2026-09-09,P0099,E02065,8.8
2026-09-09,P0118,E02048,8.8
2026-09-09,P0151,E02062,8.8
2026-09-09,P0155,E02058,8.8
2026-09-09,P0174,E02070,8.8
2026-09-09,P0208,E01875,8.8
2026-09-09,P0211,E02059,8.8
2026-09-09,P0230,E02071,8.8
2026-09-09,P0246,E02049,8.8
2026-09-09,P0265,E02031,8.8
2026-09-09,P0287,E01856,8.8
2026-09-09,P0289,E02077,8.8
2026-09-09,P0339,E02081,8.8
2026-09-09,P0352,E02044,8.8
2026-09-09,P0359,E02078,8.8
2026-09-09,P0394,E02051,8.8
2026-09-09,P0422,E02068,8.8
2026-09-09,P0451,E02053,8.8
2026-09-09,P0484,E02016,8.8
2026-09-09,P0486,E02038,8.8
2026-09-09,P0490,E01975,8.8
2026-09-09,P0515,E02072,8.8
2026-09-09,P0524,E02026,8.8
2026-09-09,P0527,E01971,8.8
2026-09-09,P0532,E02082,8.8
2026-09-09,P0597,E02040,8.8
2026-09-09,P0602,E02009,8.8
2026-09-09,P0616,E01810,8.8
2026-09-09,P0625,E01938,8.8
2026-09-09,P0656,E02064,8.8
2026-09-09,P0665,E01522,8.8
2026-09-09,P0680,E02073,8.8
2026-09-09,P0693,E02046,8.8
2026-09-09,P0702,E02061,8.8
2026-09-09,P0718,E02075,8.8
2026-09-09,P0728,E02083,8.8
2026-09-10,P0027,E01999,8.8
2026-09-10,P0036,E02057,8.8
2026-09-10,P0060,E02084,8.8
2026-09-10,P0077,E02085,8.8
2026-09-10,P0086,E02029,8.8
2026-09-10,P0092,E02086,8.8
2026-09-10,P0118,E02048,8.8
2026-09-10,P0122,E02087,8.8
2026-09-10,P0151,E02062,8.8
2026-09-10,P0155,E02058,8.8
2026-09-10,P0174,E02070,8.8
2026-09-10,P0208,E01875,8.8
2026-09-10,P0211,E02059,8.8
2026-09-10,P0230,E02071,8.8
2026-09-10,P0246,E02049,8.8
2026-09-10,P0265,E02031,8.8
2026-09-10,P0285,E02088,8.8
2026-09-10,P0287,E01856,8.8
2026-09-10,P0289,E02077,8.8
2026-09-10,P0352,E02044,8.8
2026-09-10,P0359,E02078,8.8
2026-09-10,P0394,E02051,8.8
2026-09-10,P0422,E02068,8.8
2026-09-10,P0451,E02053,8.8
2026-09-10,P0484,E02016,8.8
2026-09-10,P0486,E02038,8.8
2026-09-10,P0490,E01975,8.8
2026-09-10,P0515,E02072,8.8
2026-09-10,P0524,E02026,8.8
2026-09-10,P0527,E01971,8.8
2026-09-10,P0559,E02089,4.4
2026-09-10,P0597,E02040,8.8
2026-09-10,P0602,E02009,8.8
2026-09-10,P0604,E02090,8.8
2026-09-10,P0616,E01810,8.8
2026-09-10,P0625,E01938,8.8
2026-09-10,P0656,E02064,8.8
2026-09-10,P0665,E01522,8.8
2026-09-10,P0680,E02073,8.8
2026-09-10,P0693,E02046,8.8
2026-09-10,P0702,E02061,8.8
2026-09-10,P0718,E02075,8.8
2026-09-11,P0027,E01999,8.8
2026-09-11,P0036,E02057,8.8
2026-09-11,P0060,E02084,8.8
2026-09-11,P0077,E02085,8.8
2026-09-11,P0122,E02087,8.8
2026-09-11,P0151,E02062,8.8
2026-09-11,P0155,E02058,8.8
2026-09-11,P0174,E02070,8.8
2026-09-11,P0208,E01875,8.8
2026-09-11,P0230,E02071,8.8
2026-09-11,P0246,E02049,8.8
2026-09-11,P0265,E02031,8.8
2026-09-11,P0285,E02088,8.8
2026-09-11,P0287,E01856,8.8
2026-09-11,P0289,E02077,8.8
2026-09-11,P0352,E02044,8.8
2026-09-11,P0359,E02078,8.8
2026-09-11,P0394,E02051,8.8
2026-09-11,P0422,E02068,8.8
2026-09-11,P0451,E02053,8.8
2026-09-11,P0484,E02016,8.8
2026-09-11,P0486,E02038,8.8
2026-09-11,P0490,E01975,8.8
2026-09-11,P0515,E02072,8.8
2026-09-11,P0524,E02026,8.8
2026-09-11,P0527,E01971,8.8
2026-09-11,P0559,E02089,4.4
2026-09-11,P0597,E02040,8.8
2026-09-11,P0602,E02009,8.8
2026-09-11,P0604,E02090,8.8
2026-09-11,P0616,E01810,8.8
2026-09-11,P0625,E01938,8.8
2026-09-11,P0656,E02064,8.8
2026-09-11,P0665,E01522,8.8
2026-09-11,P0693,E02046,8.8
2026-09-11,P0702,E02061,8.8
2026-09-14,P0027,E01999,8.8
2026-09-14,P0036,E02057,8.8
2026-09-14,P0060,E02084,8.8
2026-09-14,P0077,E02085,8.8
2026-09-14,P0085,E02091,8.8
2026-09-14,P0097,E02092,4.4
2026-09-14,P0122,E02087,8.8
2026-09-14,P0151,E02062,8.8
2026-09-14,P0154,E02093,8.8
2026-09-14,P0155,E02058,8.8
2026-09-14,P0174,E02070,8.8
2026-09-14,P0193,E02094,8.8
2026-09-14,P0208,E01875,8.8
2026-09-14,P0230,E02071,8.8
2026-09-14,P0265,E02031,8.8
2026-09-14,P0285,E02088,8.8
2026-09-14,P0287,E01856,8.8
2026-09-14,P0289,E02077,8.8
2026-09-14,P0352,E02044,8.8
2026-09-14,P0359,E02078,8.8
2026-09-14,P0394,E02051,8.8
2026-09-14,P0422,E02068,8.8
2026-09-14,P0451,E02053,8.8
2026-09-14,P0486,E02038,8.8
2026-09-14,P0490,E01975,8.8
2026-09-14,P0515,E02072,8.8
2026-09-14,P0524,E02026,8.8
2026-09-14,P0527,E01971,8.8
2026-09-14,P0559,E02089,4.4
2026-09-14,P0590,E02095,4.4
2026-09-14,P0597,E02040,8.8
2026-09-14,P0602,E02009,8.8
2026-09-14,P0604,E02090,8.8
2026-09-14,P0616,E01810,8.8
2026-09-14,P0625,E01938,8.8
2026-09-14,P0665,E01522,8.8
2026-09-14,P0680,E02096,8.8
2026-09-14,P0693,E02046,8.8
2026-09-14,P0702,E02061,8.8
2026-09-14,P0718,E02097,8.8
2026-09-14,P0783,E02098,8.8
2026-09-15,P0027,E01999,8.8
2026-09-15,P0036,E02057,8.8
2026-09-15,P0060,E02084,8.8
2026-09-15,P0085,E02091,8.8
2026-09-15,P0097,E02092,4.4
2026-09-15,P0098,E02099,8.8
2026-09-15,P0122,E02087,8.8
2026-09-15,P0151,E02062,8.8
2026-09-15,P0154,E02093,8.8
2026-09-15,P0155,E02058,8.8
2026-09-15,P0174,E02070,8.8
2026-09-15,P0193,E02094,8.8
2026-09-15,P0208,E01875,8.8
2026-09-15,P0230,E02071,8.8
2026-09-15,P0251,E02100,8.8
2026-09-15,P0265,E02031,8.8
2026-09-15,P0285,E02088,8.8
2026-09-15,P0287,E01856,8.8
2026-09-15,P0289,E02077,8.8
2026-09-15,P0342,E02101,4.4
2026-09-15,P0352,E02044,8.8
2026-09-15,P0359,E02078,8.8
2026-09-15,P0394,E02051,8.8
2026-09-15,P0422,E02068,8.8
2026-09-15,P0486,E02038,8.8
2026-09-15,P0490,E01975,8.8
2026-09-15,P0515,E02072,8.8
2026-09-15,P0524,E02026,8.8
2026-09-15,P0597,E02040,8.8
2026-09-15,P0602,E02009,8.8
2026-09-15,P0604,E02090,8.8
2026-09-15,P0616,E01810,8.8
2026-09-15,P0617,E02102,8.8
2026-09-15,P0625,E01938,8.8
2026-09-15,P0665,E01522,8.8
2026-09-15,P0693,E02046,8.8
2026-09-15,P0702,E02061,8.8
2026-09-15,P0783,E02098,8.8
2026-09-16,P0036,E02057,8.8
2026-09-16,P0060,E02084,8.8
2026-09-16,P0086,E02103,8.8
2026-09-16,P0097,E02092,4.4
2026-09-16,P0098,E02099,8.8
2026-09-16,P0122,E02087,8.8
2026-09-16,P0151,E02062,8.8
2026-09-16,P0154,E02093,8.8
2026-09-16,P0174,E02070,8.8
2026-09-16,P0193,E02094,8.8
2026-09-16,P0208,E01875,8.8
2026-09-16,P0230,E02071,8.8
2026-09-16,P0285,E02088,8.8
2026-09-16,P0287,E01856,8.8
2026-09-16,P0289,E02077,8.8
2026-09-16,P0326,E02104,8.8
2026-09-16,P0352,E02044,8.8
2026-09-16,P0359,E02078,8.8
2026-09-16,P0394,E02051,8.8
2026-09-16,P0422,E02068,8.8
2026-09-16,P0468,E02105,8.8
2026-09-16,P0490,E01975,8.8
2026-09-16,P0515,E02072,8.8
2026-09-16,P0524,E02026,8.8
2026-09-16,P0597,E02040,8.8
2026-09-16,P0602,E02009,8.8
2026-09-16,P0604,E02090,8.8
2026-09-16,P0616,E01810,8.8
2026-09-16,P0625,E01938,8.8
2026-09-16,P0665,E01522,8.8
2026-09-16,P0680,E02106,8.8
2026-09-16,P0693,E02046,8.8
2026-09-16,P0702,E02061,8.8
2026-09-16,P0780,E02107,8.8
2026-09-16,P0783,E02108,8.8
2026-09-17,P0036,E02057,8.8
2026-09-17,P0060,E02084,8.8
2026-09-17,P0086,E02103,8.8
2026-09-17,P0097,E02092,4.4
2026-09-17,P0098,E02099,8.8
2026-09-17,P0122,E02087,8.8
2026-09-17,P0151,E02062,8.8
2026-09-17,P0154,E02093,8.8
2026-09-17,P0166,E02109,8.8
2026-09-17,P0174,E02070,8.8
2026-09-17,P0193,E02094,8.8
2026-09-17,P0208,E01875,8.8
2026-09-17,P0230,E02071,8.8
2026-09-17,P0285,E02088,8.8
2026-09-17,P0287,E01856,8.8
2026-09-17,P0289,E02077,8.8
2026-09-17,P0326,E02104,8.8
2026-09-17,P0352,E02044,8.8
2026-09-17,P0359,E02078,8.8
2026-09-17,P0394,E02051,8.8
2026-09-17,P0419,E02110,8.8
2026-09-17,P0422,E02068,8.8
2026-09-17,P0468,E02105,8.8
2026-09-17,P0490,E01975,8.8
2026-09-17,P0493,E02111,4.4
2026-09-17,P0515,E02072,8.8
2026-09-17,P0524,E02026,8.8
2026-09-17,P0597,E02040,8.8
2026-09-17,P0602,E02009,8.8
2026-09-17,P0604,E02090,8.8
2026-09-17,P0616,E01810,8.8
2026-09-17,P0625,E01938,8.8
2026-09-17,P0680,E02106,8.8
2026-09-17,P0693,E02046,8.8
2026-09-17,P0702,E02061,8.8
2026-09-17,P0780,E02107,8.8
2026-09-17,P0783,E02108,8.8
2026-09-18,P0036,E02057,8.8
2026-09-18,P0060,E02084,8.8
2026-09-18,P0086,E02103,8.8
2026-09-18,P0097,E02092,4.4
2026-09-18,P0098,E02099,8.8
2026-09-18,P0118,E02112,8.8
2026-09-18,P0122,E02087,8.8
2026-09-18,P0151,E02062,8.8
2026-09-18,P0154,E02093,8.8
2026-09-18,P0166,E02109,8.8
2026-09-18,P0174,E02070,8.8
2026-09-18,P0193,E02094,8.8
2026-09-18,P0230,E02071,8.8
2026-09-18,P0278,E02113,8.8
2026-09-18,P0285,E02088,8.8
2026-09-18,P0287,E01856,8.8
2026-09-18,P0289,E02077,8.8
2026-09-18,P0326,E02104,8.8
2026-09-18,P0339,E02114,8.8
2026-09-18,P0352,E02044,8.8
2026-09-18,P0359,E02078,8.8
2026-09-18,P0394,E02051,8.8
2026-09-18,P0399,E02115,8.8
2026-09-18,P0419,E02110,8.8
2026-09-18,P0422,E02068,8.8
2026-09-18,P0454,E02116,8.8
2026-09-18,P0490,E01975,8.8
2026-09-18,P0515,E02072,8.8
2026-09-18,P0524,E02026,8.8
2026-09-18,P0602,E02009,8.8
2026-09-18,P0604,E02090,8.8
2026-09-18,P0616,E01810,8.8
2026-09-18,P0625,E01938,8.8
2026-09-18,P0693,E02046,8.8
2026-09-18,P0702,E02061,8.8
2026-09-18,P0728,E02117,8.8
2026-09-18,P0780,E02107,8.8
2026-09-18,P0783,E02108,8.8
2026-09-21,P0036,E02057,8.8
2026-09-21,P0060,E02084,8.8
2026-09-21,P0086,E02103,8.8
2026-09-21,P0098,E02099,8.8
2026-09-21,P0122,E02087,8.8
2026-09-21,P0154,E02093,8.8
2026-09-21,P0166,E02109,8.8
2026-09-21,P0193,E02094,8.8
2026-09-21,P0230,E02071,8.8
2026-09-21,P0278,E02113,8.8
2026-09-21,P0285,E02088,8.8
2026-09-21,P0287,E01856,8.8
2026-09-21,P0289,E02077,8.8
2026-09-21,P0326,E02104,8.8
2026-09-21,P0339,E02114,8.8
2026-09-21,P0352,E02044,8.8
2026-09-21,P0359,E02078,8.8
2026-09-21,P0394,E02051,8.8
2026-09-21,P0399,E02115,8.8
2026-09-21,P0419,E02110,8.8
2026-09-21,P0422,E02068,8.8
2026-09-21,P0454,E02116,8.8
2026-09-21,P0490,E01975,8.8
2026-09-21,P0515,E02072,8.8
2026-09-21,P0524,E02026,8.8
2026-09-21,P0602,E02009,8.8
2026-09-21,P0604,E02090,8.8
2026-09-21,P0616,E01810,8.8
2026-09-21,P0625,E01938,8.8
2026-09-21,P0682,E02118,8.8
2026-09-21,P0687,E02119,8.8
2026-09-21,P0693,E02046,8.8
2026-09-21,P0702,E02061,8.8
2026-09-21,P0780,E02107,8.8
2026-09-21,P0783,E02108,8.8
2026-09-22,P0060,E02084,8.8
2026-09-22,P0086,E02103,8.8
2026-09-22,P0092,E02120,8.8
2026-09-22,P0098,E02099,8.8
2026-09-22,P0122,E02087,8.8
2026-09-22,P0154,E02093,8.8
2026-09-22,P0166,E02109,8.8
2026-09-22,P0174,E02121,8.8
2026-09-22,P0193,E02094,8.8
2026-09-22,P0230,E02071,8.8
2026-09-22,P0278,E02113,8.8
2026-09-22,P0285,E02088,8.8
2026-09-22,P0287,E01856,8.8
2026-09-22,P0289,E02077,8.8
2026-09-22,P0303,E02122,8.8
2026-09-22,P0319,E02123,8.8
2026-09-22,P0326,E02104,8.8
2026-09-22,P0339,E02114,8.8
2026-09-22,P0340,E02124,8.8
2026-09-22,P0352,E02044,8.8
2026-09-22,P0359,E02078,8.8
2026-09-22,P0383,E02125,8.8
2026-09-22,P0394,E02051,8.8
2026-09-22,P0399,E02115,8.8
2026-09-22,P0419,E02110,8.8
2026-09-22,P0422,E02068,8.8
2026-09-22,P0454,E02116,8.8
2026-09-22,P0490,E01975,8.8
2026-09-22,P0524,E02026,8.8
2026-09-22,P0583,E02126,8.8
2026-09-22,P0591,E02127,8.8
2026-09-22,P0602,E02009,8.8
2026-09-22,P0604,E02090,8.8
2026-09-22,P0616,E01810,8.8
2026-09-22,P0625,E01938,8.8
2026-09-22,P0693,E02046,8.8
2026-09-22,P0702,E02061,8.8
2026-09-22,P0748,E02128,8.8
2026-09-22,P0780,E02107,8.8
2026-09-22,P0783,E02108,8.8
2026-09-23,P0050,E02129,8.8
2026-09-23,P0060,E02084,8.8
2026-09-23,P0092,E02120,8.8
2026-09-23,P0098,E02099,8.8
2026-09-23,P0118,E02130,8.8
2026-09-23,P0122,E02087,8.8
2026-09-23,P0154,E02093,8.8
2026-09-23,P0166,E02109,8.8
2026-09-23,P0174,E02121,8.8
2026-09-23,P0193,E02094,8.8
2026-09-23,P0218,E02131,8.8
2026-09-23,P0230,E02071,8.8
2026-09-23,P0285,E02088,8.8
2026-09-23,P0287,E01856,8.8
2026-09-23,P0289,E02077,8.8
2026-09-23,P0303,E02122,8.8
2026-09-23,P0319,E02132,8.8
2026-09-23,P0326,E02104,8.8
2026-09-23,P0339,E02114,8.8
2026-09-23,P0340,E02124,8.8
2026-09-23,P0352,E02044,8.8
2026-09-23,P0359,E02078,8.8
2026-09-23,P0383,E02125,8.8
2026-09-23,P0394,E02051,8.8
2026-09-23,P0399,E02115,8.8
2026-09-23,P0419,E02110,8.8
2026-09-23,P0422,E02068,8.8
2026-09-23,P0451,E02133,8.8
2026-09-23,P0454,E02116,8.8
2026-09-23,P0490,E01975,8.8
2026-09-23,P0524,E02026,8.8
2026-09-23,P0583,E02126,8.8
2026-09-23,P0591,E02127,8.8
2026-09-23,P0602,E02009,8.8
2026-09-23,P0604,E02090,8.8
2026-09-23,P0616,E01810,8.8
2026-09-23,P0625,E01938,8.8
2026-09-23,P0693,E02046,8.8
2026-09-23,P0702,E02061,8.8
2026-09-23,P0748,E02128,8.8
2026-09-23,P0780,E02107,8.8
2026-09-23,P0783,E02108,8.8
2026-09-24,P0024,E02134,8.8
2026-09-24,P0050,E02129,8.8
2026-09-24,P0060,E02084,8.8
2026-09-24,P0092,E02120,8.8
2026-09-24,P0118,E02130,8.8
2026-09-24,P0122,E02087,8.8
2026-09-24,P0154,E02093,8.8
2026-09-24,P0166,E02109,8.8
2026-09-24,P0193,E02094,8.8
2026-09-24,P0218,E02131,8.8
2026-09-24,P0230,E02071,8.8
2026-09-24,P0257,E02135,8.8
2026-09-24,P0287,E01856,8.8
2026-09-24,P0289,E02077,8.8
2026-09-24,P0300,E02136,8.8
2026-09-24,P0314,E02137,8.8
2026-09-24,P0319,E02132,8.8
2026-09-24,P0326,E02104,8.8
2026-09-24,P0340,E02124,8.8
2026-09-24,P0352,E02044,8.8
2026-09-24,P0359,E02078,8.8
2026-09-24,P0383,E02125,8.8
2026-09-24,P0394,E02051,8.8
2026-09-24,P0399,E02115,8.8
2026-09-24,P0419,E02110,8.8
2026-09-24,P0422,E02068,8.8
2026-09-24,P0451,E02133,8.8
2026-09-24,P0454,E02116,8.8
2026-09-24,P0490,E01975,8.8
2026-09-24,P0524,E02026,8.8
2026-09-24,P0583,E02126,8.8
2026-09-24,P0591,E02127,8.8
2026-09-24,P0602,E02009,8.8
2026-09-24,P0604,E02090,8.8
2026-09-24,P0616,E01810,8.8
2026-09-24,P0625,E01938,8.8
2026-09-24,P0646,E02138,8.8
2026-09-24,P0693,E02046,8.8
2026-09-24,P0702,E02061,8.8
2026-09-24,P0748,E02128,8.8
2026-09-24,P0780,E02107,8.8
2026-09-25,P0024,E02134,8.8
2026-09-25,P0050,E02129,8.8
2026-09-25,P0060,E02084,8.8
2026-09-25,P0092,E02120,8.8
2026-09-25,P0118,E02130,8.8
2026-09-25,P0122,E02087,8.8
2026-09-25,P0161,E02139,8.8
2026-09-25,P0166,E02109,8.8
2026-09-25,P0193,E02094,8.8
2026-09-25,P0218,E02131,8.8
2026-09-25,P0230,E02071,8.8
2026-09-25,P0257,E02135,8.8
2026-09-25,P0287,E01856,8.8
2026-09-25,P0289,E02077,8.8
2026-09-25,P0300,E02136,8.8
2026-09-25,P0314,E02137,8.8
2026-09-25,P0317,E02140,8.8
2026-09-25,P0326,E02104,8.8
2026-09-25,P0352,E02044,8.8
2026-09-25,P0359,E02078,8.8
2026-09-25,P0383,E02125,8.8
2026-09-25,P0394,E02051,8.8
2026-09-25,P0399,E02115,8.8
2026-09-25,P0419,E02110,8.8
2026-09-25,P0454,E02116,8.8
2026-09-25,P0490,E01975,8.8
2026-09-25,P0524,E02026,8.8
2026-09-25,P0583,E02126,8.8
2026-09-25,P0591,E02127,8.8
2026-09-25,P0602,E02009,8.8
2026-09-25,P0604,E02090,8.8
2026-09-25,P0616,E01810,8.8
2026-09-25,P0625,E01938,8.8
2026-09-25,P0646,E02138,8.8
2026-09-25,P0693,E02046,8.8
2026-09-25,P0702,E02061,8.8
2026-09-25,P0780,E02107,8.8
2026-09-28,P0024,E02134,8.8
2026-09-28,P0060,E02084,8.8
2026-09-28,P0092,E02120,8.8
2026-09-28,P0118,E02130,8.8
2026-09-28,P0122,E02087,8.8
2026-09-28,P0161,E02139,8.8
2026-09-28,P0162,E02141,8.8
2026-09-28,P0166,E02109,8.8
2026-09-28,P0193,E02094,8.8
2026-09-28,P0218,E02131,8.8
2026-09-28,P0229,E02142,8.8
2026-09-28,P0230,E02071,8.8
2026-09-28,P0257,E02135,8.8
2026-09-28,P0287,E01856,8.8
2026-09-28,P0289,E02077,8.8
2026-09-28,P0300,E02136,8.8
2026-09-28,P0314,E02137,8.8
2026-09-28,P0317,E02140,8.8
2026-09-28,P0326,E02104,8.8
2026-09-28,P0352,E02044,8.8
2026-09-28,P0359,E02078,8.8
2026-09-28,P0383,E02125,8.8
2026-09-28,P0394,E02051,8.8
2026-09-28,P0399,E02115,8.8
2026-09-28,P0419,E02110,8.8
2026-09-28,P0454,E02116,8.8
2026-09-28,P0490,E01975,8.8
2026-09-28,P0524,E02026,8.8
2026-09-28,P0583,E02126,8.8
2026-09-28,P0591,E02127,8.8
2026-09-28,P0602,E02009,8.8
2026-09-28,P0604,E02090,8.8
2026-09-28,P0616,E01810,8.8
2026-09-28,P0617,E02143,8.8
2026-09-28,P0625,E01938,8.8
2026-09-28,P0693,E02046,8.8
2026-09-28,P0702,E02061,8.8
2026-09-28,P0777,E02144,8.8
2026-09-28,P0780,E02107,8.8
2026-09-29,P0005,E02145,8.8
2026-09-29,P0024,E02134,8.8
2026-09-29,P0060,E02084,8.8
2026-09-29,P0092,E02120,8.8
2026-09-29,P0098,E02146,8.8
2026-09-29,P0118,E02130,8.8
2026-09-29,P0122,E02087,8.8
2026-09-29,P0162,E02141,8.8
2026-09-29,P0166,E02109,8.8
2026-09-29,P0174,E02147,8.8
2026-09-29,P0193,E02094,8.8
2026-09-29,P0218,E02131,8.8
2026-09-29,P0223,E02148,8.8
2026-09-29,P0229,E02142,8.8
2026-09-29,P0230,E02071,8.8
2026-09-29,P0257,E02135,8.8
2026-09-29,P0287,E01856,8.8
2026-09-29,P0289,E02077,8.8
2026-09-29,P0300,E02136,8.8
2026-09-29,P0314,E02137,8.8
2026-09-29,P0317,E02140,8.8
2026-09-29,P0319,E02149,8.8
2026-09-29,P0326,E02104,8.8
2026-09-29,P0352,E02044,8.8
2026-09-29,P0359,E02078,8.8
2026-09-29,P0383,E02125,8.8
2026-09-29,P0394,E02051,8.8
2026-09-29,P0419,E02110,8.8
2026-09-29,P0454,E02116,8.8
2026-09-29,P0490,E01975,8.8
2026-09-29,P0524,E02026,8.8
2026-09-29,P0583,E02126,8.8
2026-09-29,P0591,E02127,8.8
2026-09-29,P0602,E02009,8.8
2026-09-29,P0616,E01810,8.8
2026-09-29,P0617,E02143,8.8
2026-09-29,P0625,E01938,8.8
2026-09-29,P0639,E02150,8.8
2026-09-29,P0693,E02046,8.8
2026-09-29,P0777,E02144,8.8
2026-09-29,P0780,E02107,8.8
2026-09-30,P0005,E02145,8.8
2026-09-30,P0023,E02151,4.4
2026-09-30,P0024,E02134,8.8
2026-09-30,P0048,E02152,8.8
2026-09-30,P0092,E02120,8.8
2026-09-30,P0098,E02146,8.8
2026-09-30,P0118,E02130,8.8
2026-09-30,P0122,E02087,8.8
2026-09-30,P0128,E02153,8.8
2026-09-30,P0162,E02141,8.8
2026-09-30,P0166,E02109,8.8
2026-09-30,P0193,E02094,8.8
2026-09-30,P0218,E02131,8.8
2026-09-30,P0223,E02148,8.8
2026-09-30,P0229,E02142,8.8
2026-09-30,P0230,E02071,8.8
2026-09-30,P0257,E02135,8.8
2026-09-30,P0287,E01856,8.8
2026-09-30,P0289,E02077,8.8
2026-09-30,P0300,E02136,8.8
2026-09-30,P0314,E02137,8.8
2026-09-30,P0317,E02140,8.8
2026-09-30,P0319,E02149,8.8
2026-09-30,P0326,E02104,8.8
2026-09-30,P0348,E02154,8.8
2026-09-30,P0352,E02044,8.8
2026-09-30,P0359,E02078,8.8
2026-09-30,P0383,E02125,8.8
2026-09-30,P0394,E02051,8.8
2026-09-30,P0419,E02110,8.8
2026-09-30,P0454,E02116,8.8
2026-09-30,P0464,E02155,8.8
2026-09-30,P0490,E01975,8.8
2026-09-30,P0524,E02026,8.8
2026-09-30,P0583,E02126,8.8
2026-09-30,P0591,E02127,8.8
2026-09-30,P0602,E02009,8.8
2026-09-30,P0616,E01810,8.8
2026-09-30,P0617,E02143,8.8
2026-09-30,P0693,E02046,8.8
2026-09-30,P0704,E02156,8.8
2026-09-30,P0718,E02157,8.8
2026-09-30,P0777,E02144,8.8
2026-09-30,P0780,E02107,8.8
2026-09-30,P0795,E02158,8.8
2026-10-01,P0005,E02145,8.8
2026-10-01,P0023,E02151,4.4
2026-10-01,P0024,E02134,8.8
2026-10-01,P0048,E02152,8.8
2026-10-01,P0086,E02159,8.8
2026-10-01,P0092,E02120,8.8
2026-10-01,P0098,E02146,8.8
2026-10-01,P0118,E02130,8.8
2026-10-01,P0122,E02087,8.8
2026-10-01,P0128,E02153,8.8
2026-10-01,P0162,E02141,8.8
2026-10-01,P0166,E02109,8.8
2026-10-01,P0193,E02094,8.8
2026-10-01,P0218,E02131,8.8
2026-10-01,P0229,E02142,8.8
2026-10-01,P0230,E02071,8.8
2026-10-01,P0257,E02135,8.8
2026-10-01,P0287,E01856,8.8
2026-10-01,P0289,E02077,8.8
2026-10-01,P0300,E02136,8.8
2026-10-01,P0314,E02137,8.8
2026-10-01,P0317,E02140,8.8
2026-10-01,P0319,E02149,8.8
2026-10-01,P0326,E02104,8.8
2026-10-01,P0348,E02154,8.8
2026-10-01,P0352,E02044,8.8
2026-10-01,P0378,E02160,8.8
2026-10-01,P0383,E02125,8.8
2026-10-01,P0394,E02051,8.8
2026-10-01,P0454,E02116,8.8
2026-10-01,P0490,E01975,8.8
2026-10-01,P0524,E02026,8.8
2026-10-01,P0527,E02161,8.8
2026-10-01,P0583,E02126,8.8
2026-10-01,P0591,E02127,8.8
2026-10-01,P0602,E02009,8.8
2026-10-01,P0616,E01810,8.8
2026-10-01,P0617,E02143,8.8
2026-10-01,P0659,E02162,8.8
2026-10-01,P0693,E02046,8.8
2026-10-01,P0698,E02163,8.8
2026-10-01,P0704,E02156,8.8
2026-10-01,P0713,E02164,8.8
2026-10-01,P0777,E02144,8.8
2026-10-01,P0779,E02165,8.8
2026-10-01,P0780,E02107,8.8
2026-10-01,P0795,E02158,8.8
2026-10-02,P0005,E02145,8.8
2026-10-02,P0023,E02151,4.4
2026-10-02,P0024,E02134,8.8
2026-10-02,P0048,E02152,8.8
2026-10-02,P0086,E02159,8.8
2026-10-02,P0092,E02120,8.8
2026-10-02,P0118,E02130,8.8
2026-10-02,P0122,E02087,8.8
2026-10-02,P0128,E02153,8.8
2026-10-02,P0162,E02141,8.8
2026-10-02,P0166,E02109,8.8
2026-10-02,P0193,E02094,8.8
2026-10-02,P0229,E02142,8.8
2026-10-02,P0230,E02071,8.8
2026-10-02,P0257,E02135,8.8
2026-10-02,P0287,E01856,8.8
2026-10-02,P0289,E02077,8.8
2026-10-02,P0299,E02166,8.8
2026-10-02,P0314,E02137,8.8
2026-10-02,P0319,E02149,8.8
2026-10-02,P0352,E02044,8.8
2026-10-02,P0378,E02160,8.8
2026-10-02,P0383,E02125,8.8
2026-10-02,P0454,E02116,8.8
2026-10-02,P0490,E01975,8.8
2026-10-02,P0520,E02167,8.8
2026-10-02,P0524,E02026,8.8
2026-10-02,P0527,E02161,8.8
2026-10-02,P0583,E02126,8.8
2026-10-02,P0591,E02127,8.8
2026-10-02,P0602,E02009,8.8
2026-10-02,P0616,E01810,8.8
2026-10-02,P0617,E02143,8.8
2026-10-02,P0659,E02162,8.8
2026-10-02,P0693,E02046,8.8
2026-10-02,P0698,E02163,8.8
2026-10-02,P0704,E02156,8.8
2026-10-02,P0777,E02144,8.8
2026-10-02,P0779,E02165,8.8
2026-10-02,P0780,E02107,8.8
2026-10-02,P0795,E02158,8.8
2026-10-05,P0005,E02145,8.8
2026-10-05,P0048,E02152,8.8
2026-10-05,P0086,E02159,8.8
2026-10-05,P0092,E02120,8.8
2026-10-05,P0118,E02130,8.8
2026-10-05,P0122,E02087,8.8
2026-10-05,P0128,E02153,8.8
2026-10-05,P0162,E02141,8.8
2026-10-05,P0166,E02109,8.8
2026-10-05,P0186,E02168,8.8
2026-10-05,P0229,E02142,8.8
2026-10-05,P0230,E02071,8.8
2026-10-05,P0257,E02135,8.8
2026-10-05,P0262,E02169,4.4
2026-10-05,P0287,E01856,8.8
2026-10-05,P0289,E02077,8.8
2026-10-05,P0299,E02166,8.8
2026-10-05,P0314,E02137,8.8
2026-10-05,P0319,E02149,8.8
2026-10-05,P0352,E02044,8.8
2026-10-05,P0378,E02160,8.8
2026-10-05,P0383,E02125,8.8
2026-10-05,P0454,E02116,8.8
2026-10-05,P0490,E01975,8.8
2026-10-05,P0515,E02170,8.8
2026-10-05,P0520,E02167,8.8
2026-10-05,P0524,E02026,8.8
2026-10-05,P0527,E02161,8.8
2026-10-05,P0583,E02126,8.8
2026-10-05,P0591,E02127,8.8
2026-10-05,P0602,E02009,8.8
2026-10-05,P0616,E01810,8.8
2026-10-05,P0617,E02143,8.8
2026-10-05,P0659,E02162,8.8
2026-10-05,P0693,E02046,8.8
2026-10-05,P0698,E02163,8.8
2026-10-05,P0704,E02156,8.8
2026-10-05,P0777,E02144,8.8
2026-10-05,P0779,E02165,8.8
2026-10-05,P0795,E02158,8.8
2026-10-06,P0005,E02145,8.8
2026-10-06,P0048,E02152,8.8
2026-10-06,P0086,E02159,8.8
2026-10-06,P0092,E02120,8.8
2026-10-06,P0118,E02130,8.8
2026-10-06,P0122,E02087,8.8
2026-10-06,P0128,E02153,8.8
2026-10-06,P0162,E02141,8.8
2026-10-06,P0166,E02109,8.8
2026-10-06,P0229,E02142,8.8
2026-10-06,P0230,E02071,8.8
2026-10-06,P0257,E02135,8.8
2026-10-06,P0262,E02169,4.4
2026-10-06,P0287,E01856,8.8
2026-10-06,P0289,E02077,8.8
2026-10-06,P0299,E02166,8.8
2026-10-06,P0311,E02171,8.8
2026-10-06,P0314,E02137,8.8
2026-10-06,P0319,E02149,8.8
2026-10-06,P0352,E02044,8.8
2026-10-06,P0378,E02160,8.8
2026-10-06,P0383,E02125,8.8
2026-10-06,P0490,E01975,8.8
2026-10-06,P0515,E02170,8.8
2026-10-06,P0520,E02167,8.8
2026-10-06,P0524,E02026,8.8
2026-10-06,P0527,E02161,8.8
2026-10-06,P0583,E02126,8.8
2026-10-06,P0591,E02127,8.8
2026-10-06,P0602,E02009,8.8
2026-10-06,P0616,E01810,8.8
2026-10-06,P0617,E02143,8.8
2026-10-06,P0656,E02172,8.8
2026-10-06,P0693,E02046,8.8
2026-10-06,P0698,E02163,8.8
2026-10-06,P0704,E02156,8.8
2026-10-06,P0777,E02144,8.8
2026-10-06,P0795,E02158,8.8
2026-10-07,P0005,E02145,8.8
2026-10-07,P0011,E02173,8.8
2026-10-07,P0048,E02152,8.8
2026-10-07,P0086,E02159,8.8
2026-10-07,P0092,E02120,8.8
2026-10-07,P0110,E02174,8.8
2026-10-07,P0118,E02130,8.8
2026-10-07,P0122,E02087,8.8
2026-10-07,P0128,E02153,8.8
2026-10-07,P0162,E02141,8.8
2026-10-07,P0166,E02109,8.8
2026-10-07,P0223,E02175,8.8
2026-10-07,P0229,E02142,8.8
2026-10-07,P0230,E02071,8.8
2026-10-07,P0257,E02135,8.8
2026-10-07,P0262,E02169,4.4
2026-10-07,P0287,E01856,8.8
2026-10-07,P0289,E02077,8.8
2026-10-07,P0299,E02166,8.8
2026-10-07,P0311,E02171,8.8
2026-10-07,P0314,E02137,8.8
2026-10-07,P0319,E02149,8.8
2026-10-07,P0339,E02176,8.8
2026-10-07,P0352,E02044,8.8
2026-10-07,P0378,E02160,8.8
2026-10-07,P0383,E02125,8.8
2026-10-07,P0470,E02177,8.8
2026-10-07,P0490,E01975,8.8
2026-10-07,P0515,E02170,8.8
2026-10-07,P0520,E02167,8.8
2026-10-07,P0524,E02026,8.8
2026-10-07,P0527,E02161,8.8
2026-10-07,P0583,E02126,8.8
2026-10-07,P0591,E02127,8.8
2026-10-07,P0602,E02009,8.8
2026-10-07,P0616,E01810,8.8
2026-10-07,P0641,E02178,8.8
2026-10-07,P0673,E02179,8.8
2026-10-07,P0675,E02180,8.8
2026-10-07,P0685,E02181,4.4
2026-10-07,P0693,E02046,8.8
2026-10-07,P0698,E02163,8.8
2026-10-07,P0777,E02144,8.8
2026-10-07,P0795,E02158,8.8
2026-10-08,P0005,E02145,8.8
2026-10-08,P0011,E02173,8.8
2026-10-08,P0037,E02182,8.8
2026-10-08,P0048,E02152,8.8
2026-10-08,P0086,E02159,8.8
2026-10-08,P0110,E02174,8.8
2026-10-08,P0118,E02130,8.8
2026-10-08,P0125,E02183,8.8
2026-10-08,P0128,E02153,8.8
2026-10-08,P0166,E02109,8.8
2026-10-08,P0229,E02142,8.8
2026-10-08,P0230,E02071,8.8
2026-10-08,P0257,E02135,8.8
2026-10-08,P0262,E02169,4.4
2026-10-08,P0287,E01856,8.8
2026-10-08,P0289,E02077,8.8
2026-10-08,P0302,E02184,8.8
2026-10-08,P0311,E02171,8.8
2026-10-08,P0314,E02137,8.8
2026-10-08,P0319,E02149,8.8
2026-10-08,P0339,E02176,8.8
2026-10-08,P0352,E02044,8.8
2026-10-08,P0378,E02160,8.8
2026-10-08,P0383,E02125,8.8
2026-10-08,P0460,E02185,8.8
2026-10-08,P0470,E02177,8.8
2026-10-08,P0490,E01975,8.8
2026-10-08,P0515,E02170,8.8
2026-10-08,P0520,E02167,8.8
2026-10-08,P0524,E02026,8.8
2026-10-08,P0527,E02161,8.8
2026-10-08,P0583,E02126,8.8
2026-10-08,P0584,E02186,8.8
2026-10-08,P0591,E02127,8.8
2026-10-08,P0602,E02009,8.8
2026-10-08,P0616,E01810,8.8
2026-10-08,P0641,E02178,8.8
2026-10-08,P0650,E02187,4.4
2026-10-08,P0673,E02179,8.8
2026-10-08,P0675,E02180,8.8
2026-10-08,P0685,E02181,4.4
2026-10-08,P0693,E02046,8.8
2026-10-08,P0698,E02163,8.8
2026-10-08,P0777,E02144,8.8
2026-10-08,P0795,E02158,8.8
2026-10-09,P0005,E02145,8.8
2026-10-09,P0011,E02173,8.8
2026-10-09,P0037,E02182,8.8
2026-10-09,P0048,E02152,8.8
2026-10-09,P0086,E02159,8.8
2026-10-09,P0110,E02174,8.8
2026-10-09,P0118,E02130,8.8
2026-10-09,P0125,E02183,8.8
2026-10-09,P0128,E02153,8.8
2026-10-09,P0166,E02109,8.8
2026-10-09,P0229,E02142,8.8
2026-10-09,P0230,E02071,8.8
2026-10-09,P0257,E02135,8.8
2026-10-09,P0262,E02169,4.4
2026-10-09,P0287,E01856,8.8
2026-10-09,P0289,E02077,8.8
2026-10-09,P0302,E02184,8.8
2026-10-09,P0314,E02137,8.8
2026-10-09,P0319,E02149,8.8
2026-10-09,P0378,E02160,8.8
2026-10-09,P0383,E02125,8.8
2026-10-09,P0399,E02188,8.8
2026-10-09,P0460,E02185,8.8
2026-10-09,P0470,E02177,8.8
2026-10-09,P0490,E01975,8.8
2026-10-09,P0515,E02170,8.8
2026-10-09,P0520,E02167,8.8
2026-10-09,P0524,E02026,8.8
2026-10-09,P0527,E02161,8.8
2026-10-09,P0583,E02126,8.8
2026-10-09,P0591,E02127,8.8
2026-10-09,P0602,E02009,8.8
2026-10-09,P0616,E01810,8.8
2026-10-09,P0650,E02187,4.4
2026-10-09,P0673,E02179,8.8
2026-10-09,P0675,E02180,8.8
2026-10-09,P0685,E02181,4.4
2026-10-09,P0693,E02046,8.8
2026-10-09,P0698,E02163,8.8
2026-10-09,P0777,E02144,8.8
2026-10-09,P0783,E02189,8.8
2026-10-09,P0795,E02158,8.8
2026-10-12,P0005,E02145,8.8
2026-10-12,P0011,E02173,8.8
2026-10-12,P0037,E02182,8.8
2026-10-12,P0048,E02152,8.8
2026-10-12,P0086,E02159,8.8
2026-10-12,P0092,E02190,8.8
2026-10-12,P0094,E02191,8.8
2026-10-12,P0110,E02174,8.8
2026-10-12,P0117,E02192,8.8
2026-10-12,P0118,E02130,8.8
2026-10-12,P0125,E02183,8.8
2026-10-12,P0128,E02153,8.8
2026-10-12,P0166,E02109,8.8
2026-10-12,P0229,E02142,8.8
2026-10-12,P0230,E02071,8.8
2026-10-12,P0257,E02135,8.8
2026-10-12,P0287,E01856,8.8
2026-10-12,P0289,E02077,8.8
2026-10-12,P0302,E02184,8.8
2026-10-12,P0314,E02137,8.8
2026-10-12,P0319,E02149,8.8
2026-10-12,P0345,E02193,8.8
2026-10-12,P0378,E02160,8.8
2026-10-12,P0383,E02125,8.8
2026-10-12,P0456,E02194,8.8
2026-10-12,P0460,E02185,8.8
2026-10-12,P0470,E02177,8.8
2026-10-12,P0476,E02195,8.8
2026-10-12,P0490,E01975,8.8
2026-10-12,P0491,E02196,8.8
2026-10-12,P0495,E02197,8.8
2026-10-12,P0507,E02198,8.8
2026-10-12,P0515,E02170,8.8
2026-10-12,P0524,E02026,8.8
2026-10-12,P0527,E02199,8.8
2026-10-12,P0591,E02127,8.8
2026-10-12,P0602,E02009,8.8
2026-10-12,P0616,E01810,8.8
2026-10-12,P0650,E02187,4.4
2026-10-12,P0673,E02179,8.8
2026-10-12,P0685,E02181,4.4
2026-10-12,P0693,E02046,8.8
2026-10-12,P0698,E02163,8.8
2026-10-12,P0702,E02200,8.8
2026-10-12,P0728,E02201,8.8
2026-10-12,P0777,E02144,8.8
2026-10-12,P0795,E02158,8.8
2026-10-13,P0011,E02173,8.8
2026-10-13,P0028,E02202,8.8
2026-10-13,P0037,E02182,8.8
2026-10-13,P0048,E02152,8.8
2026-10-13,P0086,E02159,8.8
2026-10-13,P0092,E02190,8.8
2026-10-13,P0110,E02174,8.8
2026-10-13,P0118,E02130,8.8
2026-10-13,P0125,E02183,8.8
2026-10-13,P0128,E02153,8.8
2026-10-13,P0166,E02109,8.8
2026-10-13,P0186,E02203,8.8
2026-10-13,P0229,E02142,8.8
2026-10-13,P0230,E02071,8.8
2026-10-13,P0257,E02135,8.8
2026-10-13,P0287,E01856,8.8
2026-10-13,P0289,E02077,8.8
2026-10-13,P0302,E02184,8.8
2026-10-13,P0314,E02137,8.8
2026-10-13,P0319,E02149,8.8
2026-10-13,P0345,E02193,8.8
2026-10-13,P0352,E02204,8.8
2026-10-13,P0378,E02160,8.8
2026-10-13,P0382,E02205,8.8
2026-10-13,P0383,E02125,8.8
2026-10-13,P0456,E02194,8.8
2026-10-13,P0460,E02185,8.8
2026-10-13,P0470,E02177,8.8
2026-10-13,P0476,E02195,8.8
2026-10-13,P0490,E01975,8.8
2026-10-13,P0491,E02196,8.8
2026-10-13,P0495,E02197,8.8
2026-10-13,P0507,E02198,8.8
2026-10-13,P0515,E02170,8.8
2026-10-13,P0524,E02026,8.8
2026-10-13,P0527,E02199,8.8
2026-10-13,P0591,E02127,8.8
2026-10-13,P0602,E02009,8.8
2026-10-13,P0616,E01810,8.8
2026-10-13,P0650,E02187,4.4
2026-10-13,P0673,E02179,8.8
2026-10-13,P0685,E02181,4.4
2026-10-13,P0693,E02046,8.8
2026-10-13,P0698,E02163,8.8
2026-10-13,P0777,E02144,8.8
2026-10-13,P0795,E02158,8.8
2026-10-14,P0011,E02173,8.8
2026-10-14,P0028,E02202,8.8
2026-10-14,P0037,E02182,8.8
2026-10-14,P0048,E02152,8.8
2026-10-14,P0092,E02190,8.8
2026-10-14,P0110,E02174,8.8
2026-10-14,P0118,E02130,8.8
2026-10-14,P0125,E02183,8.8
2026-10-14,P0127,E02206,8.8
2026-10-14,P0128,E02153,8.8
2026-10-14,P0166,E02109,8.8
2026-10-14,P0186,E02203,8.8
2026-10-14,P0229,E02142,8.8
2026-10-14,P0230,E02071,8.8
2026-10-14,P0257,E02135,8.8
2026-10-14,P0287,E01856,8.8
2026-10-14,P0289,E02077,8.8
2026-10-14,P0302,E02184,8.8
2026-10-14,P0314,E02137,8.8
2026-10-14,P0319,E02149,8.8
2026-10-14,P0345,E02193,8.8
2026-10-14,P0352,E02204,8.8
2026-10-14,P0378,E02160,8.8
2026-10-14,P0382,E02205,8.8
2026-10-14,P0383,E02125,8.8
2026-10-14,P0456,E02194,8.8
2026-10-14,P0470,E02177,8.8
2026-10-14,P0476,E02195,8.8
2026-10-14,P0491,E02196,8.8
2026-10-14,P0495,E02197,8.8
2026-10-14,P0507,E02198,8.8
2026-10-14,P0515,E02170,8.8
2026-10-14,P0522,E02207,8.8
2026-10-14,P0524,E02026,8.8
2026-10-14,P0527,E02199,8.8
2026-10-14,P0591,E02127,8.8
2026-10-14,P0602,E02009,8.8
2026-10-14,P0616,E01810,8.8
2026-10-14,P0627,E02208,4.4
2026-10-14,P0630,E02209,8.8
2026-10-14,P0650,E02187,4.4
2026-10-14,P0673,E02179,8.8
2026-10-14,P0693,E02046,8.8
2026-10-14,P0698,E02163,8.8
2026-10-14,P0777,E02144,8.8
2026-10-15,P0011,E02173,8.8
2026-10-15,P0028,E02202,8.8
2026-10-15,P0037,E02182,8.8
2026-10-15,P0092,E02190,8.8
2026-10-15,P0110,E02174,8.8
2026-10-15,P0118,E02130,8.8
2026-10-15,P0125,E02183,8.8
2026-10-15,P0127,E02206,8.8
2026-10-15,P0128,E02153,8.8
2026-10-15,P0166,E02109,8.8
2026-10-15,P0186,E02203,8.8
2026-10-15,P0194,E02210,8.8
2026-10-15,P0208,E02211,8.8
2026-10-15,P0229,E02142,8.8
2026-10-15,P0230,E02071,8.8
2026-10-15,P0257,E02135,8.8
2026-10-15,P0287,E01856,8.8
2026-10-15,P0289,E02077,8.8
2026-10-15,P0302,E02184,8.8
2026-10-15,P0314,E02137,8.8
2026-10-15,P0319,E02149,8.8
2026-10-15,P0345,E02193,8.8
2026-10-15,P0378,E02160,8.8
2026-10-15,P0383,E02125,8.8
2026-10-15,P0404,E02212,4.4
2026-10-15,P0456,E02194,8.8
2026-10-15,P0468,E02213,8.8
2026-10-15,P0470,E02177,8.8
2026-10-15,P0476,E02195,8.8
2026-10-15,P0491,E02196,8.8
2026-10-15,P0495,E02197,8.8
2026-10-15,P0507,E02198,8.8
2026-10-15,P0515,E02170,8.8
2026-10-15,P0520,E02214,8.8
2026-10-15,P0522,E02207,8.8
2026-10-15,P0524,E02026,8.8
2026-10-15,P0527,E02199,8.8
2026-10-15,P0568,E02215,8.8
2026-10-15,P0591,E02127,8.8
2026-10-15,P0602,E02009,8.8
2026-10-15,P0616,E01810,8.8
2026-10-15,P0627,E02208,4.4
2026-10-15,P0630,E02209,8.8
2026-10-15,P0650,E02187,4.4
2026-10-15,P0673,E02179,8.8
2026-10-15,P0693,E02046,8.8
2026-10-15,P0698,E02163,8.8
2026-10-15,P0732,E02216,8.8
2026-10-15,P0777,E02144,8.8
2026-10-15,P0800,E02217,4.4
2026-10-16,P0011,E02173,8.8
2026-10-16,P0028,E02202,8.8
2026-10-16,P0037,E02182,8.8
2026-10-16,P0081,E02218,4.4
2026-10-16,P0092,E02190,8.8
2026-10-16,P0110,E02174,8.8
2026-10-16,P0118,E02130,8.8
2026-10-16,P0125,E02183,8.8
2026-10-16,P0127,E02206,8.8
2026-10-16,P0128,E02153,8.8
2026-10-16,P0166,E02109,8.8
2026-10-16,P0186,E02203,8.8
2026-10-16,P0229,E02142,8.8
2026-10-16,P0230,E02071,8.8
2026-10-16,P0257,E02135,8.8
2026-10-16,P0268,E02219,8.8
2026-10-16,P0287,E01856,8.8
2026-10-16,P0289,E02077,8.8
2026-10-16,P0302,E02184,8.8
2026-10-16,P0314,E02137,8.8
2026-10-16,P0319,E02149,8.8
2026-10-16,P0345,E02193,8.8
2026-10-16,P0347,E02220,8.8
2026-10-16,P0378,E02160,8.8
2026-10-16,P0383,E02125,8.8
2026-10-16,P0404,E02212,4.4
2026-10-16,P0456,E02194,8.8
2026-10-16,P0470,E02177,8.8
2026-10-16,P0476,E02195,8.8
2026-10-16,P0491,E02196,8.8
2026-10-16,P0495,E02197,8.8
2026-10-16,P0507,E02198,8.8
2026-10-16,P0520,E02214,8.8
2026-10-16,P0522,E02207,8.8
2026-10-16,P0524,E02026,8.8
2026-10-16,P0527,E02199,8.8
2026-10-16,P0542,E02221,8.8
2026-10-16,P0568,E02215,8.8
2026-10-16,P0591,E02127,8.8
2026-10-16,P0616,E01810,8.8
2026-10-16,P0627,E02208,4.4
2026-10-16,P0630,E02209,8.8
2026-10-16,P0650,E02187,4.4
2026-10-16,P0673,E02179,8.8
2026-10-16,P0693,E02046,8.8
2026-10-16,P0698,E02163,8.8
2026-10-16,P0732,E02216,8.8
2026-10-16,P0777,E02144,8.8
2026-10-19,P0011,E02173,8.8
2026-10-19,P0028,E02202,8.8
2026-10-19,P0037,E02182,8.8
2026-10-19,P0081,E02218,4.4
2026-10-19,P0092,E02190,8.8
2026-10-19,P0110,E02174,8.8
2026-10-19,P0118,E02130,8.8
2026-10-19,P0125,E02183,8.8
2026-10-19,P0127,E02206,8.8
2026-10-19,P0128,E02153,8.8
2026-10-19,P0166,E02109,8.8
2026-10-19,P0186,E02203,8.8
2026-10-19,P0229,E02142,8.8
2026-10-19,P0230,E02071,8.8
2026-10-19,P0257,E02135,8.8
2026-10-19,P0268,E02219,8.8
2026-10-19,P0287,E01856,8.8
2026-10-19,P0289,E02077,8.8
2026-10-19,P0302,E02184,8.8
2026-10-19,P0314,E02137,8.8
2026-10-19,P0319,E02149,8.8
2026-10-19,P0345,E02193,8.8
2026-10-19,P0347,E02220,8.8
2026-10-19,P0378,E02160,8.8
2026-10-19,P0383,E02125,8.8
2026-10-19,P0404,E02212,4.4
2026-10-19,P0456,E02194,8.8
2026-10-19,P0461,E02222,8.8
2026-10-19,P0470,E02177,8.8
2026-10-19,P0476,E02195,8.8
2026-10-19,P0491,E02196,8.8
2026-10-19,P0495,E02197,8.8
2026-10-19,P0507,E02198,8.8
2026-10-19,P0520,E02214,8.8
2026-10-19,P0522,E02207,8.8
2026-10-19,P0524,E02026,8.8
2026-10-19,P0527,E02199,8.8
2026-10-19,P0568,E02215,8.8
2026-10-19,P0591,E02127,8.8
2026-10-19,P0616,E01810,8.8
2026-10-19,P0627,E02208,4.4
2026-10-19,P0630,E02209,8.8
2026-10-19,P0641,E02223,8.8
2026-10-19,P0673,E02179,8.8
2026-10-19,P0693,E02046,8.8
2026-10-19,P0697,E02224,8.8
2026-10-19,P0698,E02163,8.8
2026-10-19,P0732,E02216,8.8
2026-10-19,P0777,E02144,8.8
2026-10-19,P0780,E02225,8.8
2026-10-19,P0795,E02226,8.8
2026-10-20,P0011,E02173,8.8
2026-10-20,P0028,E02202,8.8
2026-10-20,P0037,E02182,8.8
2026-10-20,P0081,E02218,4.4
2026-10-20,P0092,E02190,8.8
2026-10-20,P0110,E02174,8.8
2026-10-20,P0118,E02130,8.8
2026-10-20,P0127,E02206,8.8
2026-10-20,P0128,E02153,8.8
2026-10-20,P0166,E02109,8.8
2026-10-20,P0186,E02203,8.8
2026-10-20,P0229,E02142,8.8
2026-10-20,P0230,E02071,8.8
2026-10-20,P0257,E02135,8.8
2026-10-20,P0268,E02219,8.8
2026-10-20,P0287,E01856,8.8
2026-10-20,P0302,E02184,8.8
2026-10-20,P0314,E02137,8.8
2026-10-20,P0319,E02149,8.8
2026-10-20,P0345,E02193,8.8
2026-10-20,P0347,E02220,8.8
2026-10-20,P0378,E02160,8.8
2026-10-20,P0383,E02125,8.8
2026-10-20,P0456,E02194,8.8
2026-10-20,P0470,E02177,8.8
2026-10-20,P0476,E02195,8.8
2026-10-20,P0491,E02196,8.8
2026-10-20,P0495,E02197,8.8
2026-10-20,P0507,E02198,8.8
2026-10-20,P0524,E02026,8.8
2026-10-20,P0527,E02199,8.8
2026-10-20,P0568,E02215,8.8
2026-10-20,P0591,E02127,8.8
2026-10-20,P0616,E01810,8.8
2026-10-20,P0627,E02208,4.4
2026-10-20,P0630,E02209,8.8
2026-10-20,P0641,E02223,8.8
2026-10-20,P0673,E02179,8.8
2026-10-20,P0693,E02046,8.8
2026-10-20,P0697,E02224,8.8
2026-10-20,P0698,E02163,8.8
2026-10-20,P0732,E02216,8.8
2026-10-20,P0777,E02144,8.8
2026-10-20,P0787,E02227,8.8
2026-10-20,P0795,E02226,8.8
2026-10-21,P0028,E02202,8.8
2026-10-21,P0037,E02182,8.8
2026-10-21,P0081,E02218,4.4
2026-10-21,P0086,E02228,8.8
2026-10-21,P0092,E02190,8.8
2026-10-21,P0101,E02229,8.8
2026-10-21,P0110,E02174,8.8
2026-10-21,P0118,E02130,8.8
2026-10-21,P0127,E02206,8.8
2026-10-21,P0128,E02153,8.8
2026-10-21,P0166,E02109,8.8
2026-10-21,P0186,E02203,8.8
2026-10-21,P0229,E02142,8.8
2026-10-21,P0230,E02071,8.8
2026-10-21,P0257,E02135,8.8
2026-10-21,P0268,E02219,8.8
2026-10-21,P0287,E01856,8.8
2026-10-21,P0302,E02184,8.8
2026-10-21,P0314,E02137,8.8
2026-10-21,P0319,E02149,8.8
2026-10-21,P0345,E02193,8.8
2026-10-21,P0347,E02220,8.8
2026-10-21,P0378,E02160,8.8
2026-10-21,P0456,E02194,8.8
2026-10-21,P0461,E02230,8.8
2026-10-21,P0470,E02177,8.8
2026-10-21,P0476,E02195,8.8
2026-10-21,P0491,E02196,8.8
2026-10-21,P0495,E02197,8.8
2026-10-21,P0507,E02198,8.8
2026-10-21,P0524,E02026,8.8
2026-10-21,P0527,E02199,8.8
2026-10-21,P0568,E02215,8.8
2026-10-21,P0591,E02127,8.8
2026-10-21,P0616,E01810,8.8
2026-10-21,P0627,E02208,4.4
2026-10-21,P0630,E02209,8.8
2026-10-21,P0641,E02223,8.8
2026-10-21,P0673,E02179,8.8
2026-10-21,P0693,E02046,8.8
2026-10-21,P0697,E02224,8.8
2026-10-21,P0698,E02163,8.8
2026-10-21,P0704,E02231,8.8
2026-10-21,P0732,E02216,8.8
2026-10-21,P0777,E02144,8.8
2026-10-21,P0787,E02227,8.8
2026-10-21,P0795,E02226,8.8
2026-10-22,P0037,E02182,8.8
2026-10-22,P0048,E02232,8.8
2026-10-22,P0081,E02218,4.4
2026-10-22,P0086,E02228,8.8
2026-10-22,P0092,E02190,8.8
2026-10-22,P0097,E02233,4.4
2026-10-22,P0110,E02174,8.8
2026-10-22,P0118,E02130,8.8
2026-10-22,P0127,E02206,8.8
2026-10-22,P0128,E02153,8.8
2026-10-22,P0166,E02109,8.8
2026-10-22,P0186,E02203,8.8
2026-10-22,P0229,E02142,8.8
2026-10-22,P0230,E02071,8.8
2026-10-22,P0257,E02135,8.8
2026-10-22,P0268,E02219,8.8
2026-10-22,P0287,E01856,8.8
2026-10-22,P0319,E02149,8.8
2026-10-22,P0345,E02193,8.8
2026-10-22,P0347,E02220,8.8
2026-10-22,P0378,E02160,8.8
2026-10-22,P0399,E02234,8.8
2026-10-22,P0456,E02194,8.8
2026-10-22,P0461,E02230,8.8
2026-10-22,P0470,E02177,8.8
2026-10-22,P0476,E02195,8.8
2026-10-22,P0490,E02235,8.8
2026-10-22,P0491,E02196,8.8
2026-10-22,P0495,E02197,8.8
2026-10-22,P0507,E02198,8.8
2026-10-22,P0524,E02026,8.8
2026-10-22,P0568,E02215,8.8
2026-10-22,P0591,E02127,8.8
2026-10-22,P0595,E02236,8.8
2026-10-22,P0616,E01810,8.8
2026-10-22,P0617,E02237,8.8
2026-10-22,P0620,E02238,8.8
2026-10-22,P0627,E02208,4.4
2026-10-22,P0630,E02209,8.8
2026-10-22,P0641,E02223,8.8
2026-10-22,P0673,E02179,8.8
2026-10-22,P0693,E02046,8.8
2026-10-22,P0697,E02224,8.8
2026-10-22,P0698,E02163,8.8
2026-10-22,P0704,E02231,8.8
2026-10-22,P0732,E02216,8.8
2026-10-22,P0777,E02144,8.8
2026-10-22,P0783,E02239,8.8
2026-10-22,P0787,E02227,8.8
2026-10-22,P0795,E02226,8.8
2026-10-23,P0037,E02182,8.8
2026-10-23,P0068,E02240,8.8
2026-10-23,P0081,E02218,4.4
2026-10-23,P0086,E02228,8.8
2026-10-23,P0092,E02190,8.8
2026-10-23,P0097,E02233,4.4
2026-10-23,P0118,E02130,8.8
2026-10-23,P0127,E02206,8.8
2026-10-23,P0128,E02153,8.8
2026-10-23,P0166,E02109,8.8
2026-10-23,P0186,E02203,8.8
2026-10-23,P0229,E02142,8.8
2026-10-23,P0230,E02071,8.8
2026-10-23,P0257,E02135,8.8
2026-10-23,P0268,E02219,8.8
2026-10-23,P0287,E01856,8.8
2026-10-23,P0319,E02149,8.8
2026-10-23,P0345,E02193,8.8
2026-10-23,P0347,E02220,8.8
2026-10-23,P0456,E02194,8.8
2026-10-23,P0461,E02230,8.8
2026-10-23,P0468,E02241,8.8
2026-10-23,P0470,E02177,8.8
2026-10-23,P0476,E02195,8.8
2026-10-23,P0490,E02235,8.8
2026-10-23,P0491,E02196,8.8
2026-10-23,P0495,E02197,8.8
2026-10-23,P0507,E02198,8.8
2026-10-23,P0524,E02026,8.8
2026-10-23,P0568,E02215,8.8
2026-10-23,P0591,E02127,8.8
2026-10-23,P0595,E02236,8.8
2026-10-23,P0616,E01810,8.8
2026-10-23,P0617,E02237,8.8
2026-10-23,P0627,E02208,4.4
2026-10-23,P0630,E02209,8.8
2026-10-23,P0641,E02223,8.8
2026-10-23,P0673,E02179,8.8
2026-10-23,P0693,E02046,8.8
2026-10-23,P0697,E02224,8.8
2026-10-23,P0698,E02163,8.8
2026-10-23,P0704,E02231,8.8
2026-10-23,P0777,E02144,8.8
2026-10-23,P0795,E02226,8.8
2026-10-23,P0802,E02242,8.8
2026-10-26,P0037,E02182,8.8
2026-10-26,P0068,E02240,8.8
2026-10-26,P0081,E02218,4.4
2026-10-26,P0086,E02228,8.8
2026-10-26,P0092,E02190,8.8
2026-10-26,P0118,E02130,8.8
2026-10-26,P0127,E02206,8.8
2026-10-26,P0128,E02153,8.8
2026-10-26,P0166,E02109,8.8
2026-10-26,P0174,E02243,8.8
2026-10-26,P0186,E02203,8.8
2026-10-26,P0229,E02142,8.8
2026-10-26,P0230,E02071,8.8
2026-10-26,P0257,E02135,8.8
2026-10-26,P0281,E02244,8.8
2026-10-26,P0287,E01856,8.8
2026-10-26,P0319,E02149,8.8
2026-10-26,P0345,E02193,8.8
2026-10-26,P0456,E02194,8.8
2026-10-26,P0461,E02230,8.8
2026-10-26,P0470,E02177,8.8
2026-10-26,P0476,E02195,8.8
2026-10-26,P0490,E02235,8.8
2026-10-26,P0491,E02196,8.8
2026-10-26,P0495,E02197,8.8
2026-10-26,P0507,E02198,8.8
2026-10-26,P0524,E02026,8.8
2026-10-26,P0541,E02245,8.8
2026-10-26,P0568,E02215,8.8
2026-10-26,P0591,E02127,8.8
2026-10-26,P0595,E02236,8.8
2026-10-26,P0602,E02246,8.8
2026-10-26,P0616,E01810,8.8
2026-10-26,P0617,E02237,8.8
2026-10-26,P0627,E02208,4.4
2026-10-26,P0630,E02209,8.8
2026-10-26,P0641,E02223,8.8
2026-10-26,P0673,E02179,8.8
2026-10-26,P0693,E02046,8.8
2026-10-26,P0697,E02224,8.8
2026-10-26,P0698,E02163,8.8
2026-10-26,P0704,E02231,8.8
2026-10-26,P0777,E02144,8.8
2026-10-26,P0780,E02247,8.8
2026-10-26,P0785,E02248,8.8
2026-10-26,P0789,E02249,8.8
2026-10-26,P0795,E02226,8.8
2026-10-26,P0802,E02242,8.8
2026-10-27,P0037,E02182,8.8
2026-10-27,P0068,E02240,8.8
2026-10-27,P0081,E02218,4.4
2026-10-27,P0086,E02228,8.8
2026-10-27,P0092,E02190,8.8
2026-10-27,P0118,E02130,8.8
2026-10-27,P0127,E02206,8.8
2026-10-27,P0128,E02153,8.8
2026-10-27,P0166,E02109,8.8
2026-10-27,P0186,E02203,8.8
2026-10-27,P0229,E02142,8.8
2026-10-27,P0230,E02071,8.8
2026-10-27,P0257,E02135,8.8
2026-10-27,P0281,E02244,8.8
2026-10-27,P0287,E01856,8.8
2026-10-27,P0319,E02149,8.8
2026-10-27,P0345,E02193,8.8
2026-10-27,P0386,E02250,8.8
2026-10-27,P0428,E02251,8.8
2026-10-27,P0456,E02194,8.8
2026-10-27,P0461,E02230,8.8
2026-10-27,P0470,E02177,8.8
2026-10-27,P0476,E02195,8.8
2026-10-27,P0495,E02197,8.8
2026-10-27,P0507,E02198,8.8
2026-10-27,P0524,E02026,8.8
2026-10-27,P0568,E02215,8.8
2026-10-27,P0591,E02127,8.8
2026-10-27,P0595,E02236,8.8
2026-10-27,P0602,E02246,8.8
2026-10-27,P0616,E01810,8.8
2026-10-27,P0617,E02237,8.8
2026-10-27,P0625,E02252,8.8
2026-10-27,P0627,E02208,4.4
2026-10-27,P0630,E02209,8.8
2026-10-27,P0641,E02223,8.8
2026-10-27,P0673,E02179,8.8
2026-10-27,P0685,E02253,4.4
2026-10-27,P0693,E02046,8.8
2026-10-27,P0697,E02224,8.8
2026-10-27,P0698,E02163,8.8
2026-10-27,P0704,E02231,8.8
2026-10-27,P0728,E02254,8.8
2026-10-27,P0777,E02144,8.8
2026-10-27,P0785,E02248,8.8
2026-10-27,P0789,E02249,8.8
2026-10-27,P0795,E02226,8.8
2026-10-27,P0802,E02242,8.8
2026-10-28,P0037,E02182,8.8
2026-10-28,P0068,E02240,8.8
2026-10-28,P0081,E02218,4.4
2026-10-28,P0092,E02190,8.8
2026-10-28,P0118,E02130,8.8
2026-10-28,P0127,E02206,8.8
2026-10-28,P0128,E02153,8.8
2026-10-28,P0155,E02255,8.8
2026-10-28,P0166,E02109,8.8
2026-10-28,P0186,E02203,8.8
2026-10-28,P0230,E02071,8.8
2026-10-28,P0257,E02135,8.8
2026-10-28,P0281,E02244,8.8
2026-10-28,P0287,E01856,8.8
2026-10-28,P0319,E02149,8.8
2026-10-28,P0345,E02193,8.8
2026-10-28,P0386,E02250,8.8
2026-10-28,P0390,E02256,4.4
2026-10-28,P0428,E02251,8.8
2026-10-28,P0456,E02194,8.8
2026-10-28,P0461,E02230,8.8
2026-10-28,P0470,E02177,8.8
2026-10-28,P0476,E02195,8.8
2026-10-28,P0495,E02197,8.8
2026-10-28,P0524,E02026,8.8
2026-10-28,P0542,E02257,8.8
2026-10-28,P0568,E02215,8.8
2026-10-28,P0591,E02127,8.8
2026-10-28,P0595,E02236,8.8
2026-10-28,P0602,E02246,8.8
2026-10-28,P0616,E01810,8.8
2026-10-28,P0617,E02237,8.8
2026-10-28,P0625,E02252,8.8
2026-10-28,P0627,E02208,4.4
2026-10-28,P0630,E02209,8.8
2026-10-28,P0641,E02223,8.8
2026-10-28,P0673,E02179,8.8
2026-10-28,P0685,E02253,4.4
2026-10-28,P0693,E02046,8.8
2026-10-28,P0697,E02224,8.8
2026-10-28,P0698,E02163,8.8
2026-10-28,P0704,E02231,8.8
2026-10-28,P0718,E02258,8.8
2026-10-28,P0728,E02254,8.8
2026-10-28,P0777,E02144,8.8
2026-10-28,P0785,E02248,8.8
2026-10-28,P0789,E02249,8.8
2026-10-28,P0795,E02226,8.8
2026-10-28,P0802,E02259,8.8
2026-10-29,P0037,E02182,8.8
2026-10-29,P0068,E02240,8.8
2026-10-29,P0081,E02218,4.4
2026-10-29,P0092,E02190,8.8
2026-10-29,P0118,E02130,8.8
2026-10-29,P0127,E02206,8.8
2026-10-29,P0128,E02153,8.8
2026-10-29,P0166,E02109,8.8
2026-10-29,P0186,E02203,8.8
2026-10-29,P0230,E02071,8.8
2026-10-29,P0257,E02135,8.8
2026-10-29,P0275,E02260,8.8
2026-10-29,P0287,E01856,8.8
2026-10-29,P0319,E02149,8.8
2026-10-29,P0345,E02193,8.8
2026-10-29,P0428,E02251,8.8
2026-10-29,P0456,E02194,8.8
2026-10-29,P0461,E02230,8.8
2026-10-29,P0470,E02177,8.8
2026-10-29,P0476,E02195,8.8
2026-10-29,P0495,E02197,8.8
2026-10-29,P0524,E02026,8.8
2026-10-29,P0542,E02257,8.8
2026-10-29,P0568,E02215,8.8
2026-10-29,P0591,E02127,8.8
2026-10-29,P0595,E02236,8.8
2026-10-29,P0602,E02246,8.8
2026-10-29,P0616,E01810,8.8
2026-10-29,P0617,E02237,8.8
2026-10-29,P0625,E02252,8.8
2026-10-29,P0627,E02208,4.4
2026-10-29,P0630,E02209,8.8
2026-10-29,P0641,E02223,8.8
2026-10-29,P0673,E02179,8.8
2026-10-29,P0685,E02253,4.4
2026-10-29,P0693,E02046,8.8
2026-10-29,P0697,E02224,8.8
2026-10-29,P0704,E02231,8.8
2026-10-29,P0718,E02258,8.8
2026-10-29,P0728,E02254,8.8
2026-10-29,P0777,E02144,8.8
2026-10-29,P0785,E02248,8.8
2026-10-29,P0789,E02249,8.8
2026-10-29,P0795,E02226,8.8
2026-10-30,P0037,E02182,8.8
2026-10-30,P0081,E02218,4.4
2026-10-30,P0092,E02190,8.8
2026-10-30,P0118,E02130,8.8
2026-10-30,P0128,E02153,8.8
2026-10-30,P0166,E02109,8.8
2026-10-30,P0186,E02203,8.8
2026-10-30,P0230,E02071,8.8
2026-10-30,P0257,E02135,8.8
2026-10-30,P0275,E02260,8.8
2026-10-30,P0287,E01856,8.8
2026-10-30,P0300,E02261,8.8
2026-10-30,P0319,E02149,8.8
2026-10-30,P0345,E02193,8.8
2026-10-30,P0428,E02251,8.8
2026-10-30,P0456,E02194,8.8
2026-10-30,P0461,E02230,8.8
2026-10-30,P0470,E02177,8.8
2026-10-30,P0476,E02195,8.8
2026-10-30,P0495,E02197,8.8
2026-10-30,P0524,E02026,8.8
2026-10-30,P0568,E02215,8.8
2026-10-30,P0591,E02127,8.8
2026-10-30,P0595,E02236,8.8
2026-10-30,P0602,E02246,8.8
2026-10-30,P0616,E01810,8.8
2026-10-30,P0617,E02237,8.8
2026-10-30,P0625,E02252,8.8
2026-10-30,P0627,E02208,4.4
2026-10-30,P0630,E02209,8.8
2026-10-30,P0641,E02223,8.8
2026-10-30,P0673,E02179,8.8
2026-10-30,P0685,E02253,4.4
2026-10-30,P0693,E02046,8.8
2026-10-30,P0697,E02224,8.8
2026-10-30,P0704,E02231,8.8
2026-10-30,P0728,E02254,8.8
2026-10-30,P0777,E02144,8.8
2026-10-30,P0785,E02248,8.8
2026-10-30,P0789,E02249,8.8
2026-10-30,P0795,E02226,8.8
2026-11-02,P0011,E02262,8.8
2026-11-02,P0037,E02182,8.8
2026-11-02,P0079,E02263,8.8
2026-11-02,P0081,E02218,4.4
2026-11-02,P0092,E02190,8.8
2026-11-02,P0118,E02130,8.8
2026-11-02,P0128,E02153,8.8
2026-11-02,P0166,E02109,8.8
2026-11-02,P0186,E02203,8.8
2026-11-02,P0230,E02071,8.8
2026-11-02,P0257,E02135,8.8
2026-11-02,P0275,E02260,8.8
2026-11-02,P0287,E01856,8.8
2026-11-02,P0300,E02261,8.8
2026-11-02,P0319,E02149,8.8
2026-11-02,P0345,E02193,8.8
2026-11-02,P0396,E02264,8.8
2026-11-02,P0428,E02251,8.8
2026-11-02,P0456,E02194,8.8
2026-11-02,P0470,E02177,8.8
2026-11-02,P0476,E02195,8.8
2026-11-02,P0495,E02197,8.8
2026-11-02,P0524,E02026,8.8
2026-11-02,P0568,E02215,8.8
2026-11-02,P0591,E02127,8.8
2026-11-02,P0595,E02236,8.8
2026-11-02,P0602,E02246,8.8
2026-11-02,P0607,E02265,8.8
2026-11-02,P0616,E01810,8.8
2026-11-02,P0617,E02237,8.8
2026-11-02,P0627,E02208,4.4
2026-11-02,P0630,E02209,8.8
2026-11-02,P0641,E02223,8.8
2026-11-02,P0685,E02253,4.4
2026-11-02,P0693,E02046,8.8
2026-11-02,P0697,E02224,8.8
2026-11-02,P0702,E02266,8.8
2026-11-02,P0704,E02231,8.8
2026-11-02,P0728,E02254,8.8
2026-11-02,P0777,E02144,8.8
2026-11-02,P0780,E02267,8.8
2026-11-02,P0785,E02248,8.8
2026-11-02,P0789,E02249,8.8
2026-11-02,P0795,E02226,8.8
2026-11-03,P0011,E02262,8.8
2026-11-03,P0037,E02182,8.8
2026-11-03,P0081,E02218,4.4
2026-11-03,P0092,E02190,8.8
2026-11-03,P0118,E02130,8.8
2026-11-03,P0128,E02153,8.8
2026-11-03,P0166,E02109,8.8
2026-11-03,P0186,E02203,8.8
2026-11-03,P0230,E02071,8.8
2026-11-03,P0257,E02135,8.8
2026-11-03,P0275,E02260,8.8
2026-11-03,P0287,E01856,8.8
2026-11-03,P0300,E02261,8.8
2026-11-03,P0319,E02149,8.8
2026-11-03,P0345,E02193,8.8
2026-11-03,P0396,E02264,8.8
2026-11-03,P0428,E02251,8.8
2026-11-03,P0456,E02194,8.8
2026-11-03,P0470,E02177,8.8
2026-11-03,P0476,E02195,8.8
2026-11-03,P0490,E02268,8.8
2026-11-03,P0495,E02197,8.8
2026-11-03,P0524,E02026,8.8
2026-11-03,P0568,E02215,8.8
2026-11-03,P0591,E02127,8.8
2026-11-03,P0595,E02236,8.8
2026-11-03,P0602,E02246,8.8
2026-11-03,P0607,E02265,8.8
2026-11-03,P0616,E01810,8.8
2026-11-03,P0617,E02237,8.8
2026-11-03,P0627,E02208,4.4
2026-11-03,P0641,E02223,8.8
2026-11-03,P0685,E02253,4.4
2026-11-03,P0693,E02046,8.8
2026-11-03,P0697,E02224,8.8
2026-11-03,P0702,E02266,8.8
2026-11-03,P0704,E02231,8.8
2026-11-03,P0716,E02269,8.8
2026-11-03,P0728,E02254,8.8
2026-11-03,P0777,E02144,8.8
2026-11-03,P0780,E02267,8.8
2026-11-03,P0785,E02248,8.8
2026-11-03,P0789,E02249,8.8
2026-11-03,P0795,E02226,8.8
2026-11-04,P0011,E02262,8.8
2026-11-04,P0037,E02182,8.8
2026-11-04,P0081,E02218,4.4
2026-11-04,P0092,E02190,8.8
2026-11-04,P0118,E02130,8.8
2026-11-04,P0128,E02153,8.8
2026-11-04,P0186,E02203,8.8
2026-11-04,P0230,E02071,8.8
2026-11-04,P0257,E02135,8.8
2026-11-04,P0275,E02260,8.8
2026-11-04,P0287,E01856,8.8
2026-11-04,P0300,E02261,8.8
2026-11-04,P0319,E02149,8.8
2026-11-04,P0345,E02193,8.8
2026-11-04,P0396,E02264,8.8
2026-11-04,P0428,E02251,8.8
2026-11-04,P0456,E02194,8.8
2026-11-04,P0470,E02177,8.8
2026-11-04,P0476,E02195,8.8
2026-11-04,P0490,E02268,8.8
2026-11-04,P0495,E02197,8.8
2026-11-04,P0524,E02026,8.8
2026-11-04,P0542,E02270,8.8
2026-11-04,P0568,E02215,8.8
2026-11-04,P0591,E02127,8.8
2026-11-04,P0595,E02236,8.8
2026-11-04,P0602,E02246,8.8
2026-11-04,P0607,E02265,8.8
2026-11-04,P0616,E01810,8.8
2026-11-04,P0617,E02237,8.8
2026-11-04,P0627,E02208,4.4
2026-11-04,P0630,E02271,8.8
2026-11-04,P0641,E02223,8.8
2026-11-04,P0685,E02253,4.4
2026-11-04,P0693,E02046,8.8
2026-11-04,P0697,E02224,8.8
2026-11-04,P0698,E02272,8.8
2026-11-04,P0700,E02273,8.8
2026-11-04,P0702,E02266,8.8
2026-11-04,P0704,E02231,8.8
2026-11-04,P0716,E02269,8.8
2026-11-04,P0728,E02254,8.8
2026-11-04,P0777,E02144,8.8
2026-11-04,P0780,E02267,8.8
2026-11-04,P0785,E02248,8.8
2026-11-04,P0795,E02226,8.8
2026-11-05,P0011,E02262,8.8
2026-11-05,P0092,E02190,8.8
2026-11-05,P0118,E02130,8.8
2026-11-05,P0128,E02153,8.8
2026-11-05,P0186,E02203,8.8
2026-11-05,P0218,E02274,8.8
2026-11-05,P0230,E02071,8.8
2026-11-05,P0257,E02135,8.8
2026-11-05,P0275,E02260,8.8
2026-11-05,P0287,E01856,8.8
2026-11-05,P0300,E02261,8.8
2026-11-05,P0319,E02149,8.8
2026-11-05,P0345,E02193,8.8
2026-11-05,P0396,E02264,8.8
2026-11-05,P0428,E02251,8.8
2026-11-05,P0456,E02194,8.8
2026-11-05,P0468,E02275,8.8
2026-11-05,P0470,E02177,8.8
2026-11-05,P0476,E02195,8.8
2026-11-05,P0490,E02268,8.8
2026-11-05,P0524,E02026,8.8
2026-11-05,P0542,E02270,8.8
2026-11-05,P0568,E02215,8.8
2026-11-05,P0591,E02127,8.8
2026-11-05,P0595,E02236,8.8
2026-11-05,P0607,E02265,8.8
2026-11-05,P0616,E01810,8.8
2026-11-05,P0617,E02237,8.8
2026-11-05,P0627,E02208,4.4
2026-11-05,P0641,E02223,8.8
2026-11-05,P0678,E02276,4.4
2026-11-05,P0685,E02253,4.4
2026-11-05,P0693,E02046,8.8
2026-11-05,P0697,E02224,8.8
2026-11-05,P0698,E02272,8.8
2026-11-05,P0700,E02273,8.8
2026-11-05,P0702,E02266,8.8
2026-11-05,P0704,E02231,8.8
2026-11-05,P0716,E02269,8.8
2026-11-05,P0728,E02254,8.8
2026-11-05,P0777,E02144,8.8
2026-11-05,P0780,E02267,8.8
2026-11-05,P0785,E02248,8.8
2026-11-05,P0789,E02277,8.8
2026-11-05,P0795,E02226,8.8
2026-11-05,P0800,E02278,4.4
2026-11-06,P0092,E02190,8.8
2026-11-06,P0118,E02130,8.8
2026-11-06,P0128,E02153,8.8
2026-11-06,P0186,E02203,8.8
2026-11-06,P0218,E02274,8.8
2026-11-06,P0230,E02071,8.8
2026-11-06,P0257,E02135,8.8
2026-11-06,P0275,E02260,8.8
2026-11-06,P0287,E01856,8.8
2026-11-06,P0298,E02279,8.8
2026-11-06,P0300,E02261,8.8
2026-11-06,P0319,E02149,8.8
2026-11-06,P0345,E02193,8.8
2026-11-06,P0396,E02264,8.8
2026-11-06,P0428,E02251,8.8
2026-11-06,P0456,E02194,8.8
2026-11-06,P0468,E02275,8.8
2026-11-06,P0470,E02177,8.8
2026-11-06,P0476,E02195,8.8
2026-11-06,P0524,E02026,8.8
2026-11-06,P0526,E02280,4.4
2026-11-06,P0542,E02270,8.8
2026-11-06,P0568,E02215,8.8
2026-11-06,P0591,E02127,8.8
2026-11-06,P0595,E02236,8.8
2026-11-06,P0607,E02265,8.8
2026-11-06,P0616,E01810,8.8
2026-11-06,P0617,E02237,8.8
2026-11-06,P0627,E02208,4.4
2026-11-06,P0641,E02223,8.8
2026-11-06,P0678,E02276,4.4
2026-11-06,P0685,E02253,4.4
2026-11-06,P0693,E02046,8.8
2026-11-06,P0697,E02224,8.8
2026-11-06,P0698,E02272,8.8
2026-11-06,P0700,E02273,8.8
2026-11-06,P0702,E02266,8.8
2026-11-06,P0704,E02231,8.8
2026-11-06,P0716,E02269,8.8
2026-11-06,P0728,E02254,8.8
2026-11-06,P0761,E02281,8.8
2026-11-06,P0777,E02144,8.8
2026-11-06,P0780,E02267,8.8
2026-11-06,P0785,E02248,8.8
2026-11-06,P0795,E02226,8.8
2026-11-06,P0800,E02278,4.4
2026-11-09,P0092,E02190,8.8
2026-11-09,P0118,E02130,8.8
2026-11-09,P0128,E02153,8.8
2026-11-09,P0186,E02203,8.8
2026-11-09,P0218,E02274,8.8
2026-11-09,P0230,E02071,8.8
2026-11-09,P0257,E02135,8.8
2026-11-09,P0275,E02260,8.8
2026-11-09,P0287,E01856,8.8
2026-11-09,P0298,E02279,8.8
2026-11-09,P0300,E02261,8.8
2026-11-09,P0319,E02149,8.8
2026-11-09,P0326,E02282,8.8
2026-11-09,P0345,E02193,8.8
2026-11-09,P0396,E02264,8.8
2026-11-09,P0428,E02251,8.8
2026-11-09,P0451,E02283,8.8
2026-11-09,P0456,E02194,8.8
2026-11-09,P0468,E02275,8.8
2026-11-09,P0470,E02177,8.8
2026-11-09,P0476,E02195,8.8
2026-11-09,P0496,E02284,8.8
2026-11-09,P0526,E02280,4.4
2026-11-09,P0568,E02215,8.8
2026-11-09,P0591,E02127,8.8
2026-11-09,P0595,E02236,8.8
2026-11-09,P0607,E02265,8.8
2026-11-09,P0616,E01810,8.8
2026-11-09,P0617,E02237,8.8
2026-11-09,P0627,E02208,4.4
2026-11-09,P0641,E02223,8.8
2026-11-09,P0678,E02276,4.4
2026-11-09,P0685,E02253,4.4
2026-11-09,P0693,E02046,8.8
2026-11-09,P0697,E02224,8.8
2026-11-09,P0698,E02272,8.8
2026-11-09,P0700,E02273,8.8
2026-11-09,P0702,E02266,8.8
2026-11-09,P0704,E02231,8.8
2026-11-09,P0716,E02269,8.8
2026-11-09,P0728,E02254,8.8
2026-11-09,P0739,E02285,8.8
2026-11-09,P0761,E02286,8.8
2026-11-09,P0780,E02267,8.8
2026-11-09,P0785,E02248,8.8
2026-11-09,P0789,E02287,8.8
2026-11-09,P0795,E02226,8.8
2026-11-09,P0800,E02278,4.4
2026-11-10,P0036,E02288,8.8
2026-11-10,P0092,E02190,8.8
2026-11-10,P0118,E02130,8.8
2026-11-10,P0128,E02153,8.8
2026-11-10,P0186,E02203,8.8
2026-11-10,P0218,E02274,8.8
2026-11-10,P0230,E02071,8.8
2026-11-10,P0257,E02135,8.8
2026-11-10,P0275,E02260,8.8
2026-11-10,P0287,E01856,8.8
2026-11-10,P0300,E02261,8.8
2026-11-10,P0319,E02149,8.8
2026-11-10,P0326,E02282,8.8
2026-11-10,P0345,E02193,8.8
2026-11-10,P0396,E02264,8.8
2026-11-10,P0428,E02251,8.8
2026-11-10,P0451,E02283,8.8
2026-11-10,P0456,E02194,8.8
2026-11-10,P0468,E02275,8.8
2026-11-10,P0470,E02177,8.8
2026-11-10,P0476,E02195,8.8
2026-11-10,P0496,E02284,8.8
2026-11-10,P0526,E02280,4.4
2026-11-10,P0568,E02215,8.8
2026-11-10,P0595,E02236,8.8
2026-11-10,P0607,E02265,8.8
2026-11-10,P0616,E01810,8.8
2026-11-10,P0617,E02237,8.8
2026-11-10,P0641,E02223,8.8
2026-11-10,P0678,E02276,4.4
2026-11-10,P0685,E02253,4.4
2026-11-10,P0693,E02046,8.8
2026-11-10,P0697,E02224,8.8
2026-11-10,P0698,E02272,8.8
2026-11-10,P0700,E02273,8.8
2026-11-10,P0702,E02266,8.8
2026-11-10,P0704,E02231,8.8
2026-11-10,P0716,E02269,8.8
2026-11-10,P0728,E02254,8.8
2026-11-10,P0739,E02285,8.8
2026-11-10,P0780,E02267,8.8
2026-11-10,P0785,E02248,8.8
2026-11-10,P0789,E02287,8.8
2026-11-10,P0795,E02226,8.8
2026-11-10,P0800,E02278,4.4
2026-11-11,P0092,E02190,8.8
2026-11-11,P0101,E02289,8.8
2026-11-11,P0128,E02153,8.8
2026-11-11,P0186,E02203,8.8
2026-11-11,P0218,E02274,8.8
2026-11-11,P0230,E02071,8.8
2026-11-11,P0257,E02135,8.8
2026-11-11,P0275,E02260,8.8
2026-11-11,P0287,E01856,8.8
2026-11-11,P0300,E02261,8.8
2026-11-11,P0319,E02149,8.8
2026-11-11,P0326,E02282,8.8
2026-11-11,P0337,E02290,8.8
2026-11-11,P0345,E02193,8.8
2026-11-11,P0396,E02264,8.8
2026-11-11,P0428,E02251,8.8
2026-11-11,P0451,E02283,8.8
2026-11-11,P0456,E02194,8.8
2026-11-11,P0468,E02275,8.8
2026-11-11,P0470,E02177,8.8
2026-11-11,P0476,E02195,8.8
2026-11-11,P0496,E02284,8.8
2026-11-11,P0526,E02280,4.4
2026-11-11,P0568,E02215,8.8
2026-11-11,P0607,E02265,8.8
2026-11-11,P0616,E01810,8.8
2026-11-11,P0617,E02237,8.8
2026-11-11,P0625,E02291,8.8
2026-11-11,P0641,E02223,8.8
2026-11-11,P0678,E02276,4.4
2026-11-11,P0693,E02046,8.8
2026-11-11,P0697,E02224,8.8
2026-11-11,P0698,E02272,8.8
2026-11-11,P0700,E02273,8.8
2026-11-11,P0702,E02266,8.8
2026-11-11,P0704,E02231,8.8
2026-11-11,P0716,E02269,8.8
2026-11-11,P0728,E02254,8.8
2026-11-11,P0739,E02285,8.8
2026-11-11,P0780,E02267,8.8
2026-11-11,P0785,E02248,8.8
2026-11-11,P0789,E02287,8.8
2026-11-11,P0795,E02226,8.8
2026-11-12,P0092,E02190,8.8
2026-11-12,P0101,E02289,8.8
2026-11-12,P0128,E02292,8.8
2026-11-12,P0186,E02203,8.8
2026-11-12,P0218,E02274,8.8
2026-11-12,P0230,E02071,8.8
2026-11-12,P0257,E02135,8.8
2026-11-12,P0275,E02260,8.8
2026-11-12,P0287,E01856,8.8
2026-11-12,P0300,E02261,8.8
2026-11-12,P0319,E02149,8.8
2026-11-12,P0326,E02282,8.8
2026-11-12,P0337,E02290,8.8
2026-11-12,P0345,E02193,8.8
2026-11-12,P0366,E02293,8.8
2026-11-12,P0393,E02294,8.8
2026-11-12,P0396,E02264,8.8
2026-11-12,P0451,E02283,8.8
2026-11-12,P0456,E02194,8.8
2026-11-12,P0461,E02295,8.8
2026-11-12,P0468,E02275,8.8
2026-11-12,P0470,E02177,8.8
2026-11-12,P0476,E02195,8.8
2026-11-12,P0496,E02284,8.8
2026-11-12,P0526,E02280,4.4
2026-11-12,P0568,E02215,8.8
2026-11-12,P0607,E02265,8.8
2026-11-12,P0616,E01810,8.8
2026-11-12,P0617,E02237,8.8
2026-11-12,P0625,E02291,8.8
2026-11-12,P0641,E02223,8.8
2026-11-12,P0678,E02276,4.4
2026-11-12,P0693,E02046,8.8
2026-11-12,P0697,E02224,8.8
2026-11-12,P0698,E02272,8.8
2026-11-12,P0700,E02273,8.8
2026-11-12,P0702,E02266,8.8
2026-11-12,P0704,E02231,8.8
2026-11-12,P0716,E02269,8.8
2026-11-12,P0728,E02254,8.8
2026-11-12,P0739,E02285,8.8
2026-11-12,P0780,E02267,8.8
2026-11-12,P0785,E02248,8.8
2026-11-12,P0795,E02226,8.8
2026-11-13,P0050,E02296,8.8
2026-11-13,P0092,E02190,8.8
2026-11-13,P0101,E02289,8.8
2026-11-13,P0128,E02292,8.8
2026-11-13,P0186,E02203,8.8
2026-11-13,P0190,E02297,4.4
2026-11-13,P0218,E02274,8.8
2026-11-13,P0230,E02071,8.8
2026-11-13,P0257,E02135,8.8
2026-11-13,P0275,E02260,8.8
2026-11-13,P0287,E01856,8.8
2026-11-13,P0300,E02261,8.8
2026-11-13,P0319,E02149,8.8
2026-11-13,P0326,E02282,8.8
2026-11-13,P0337,E02290,8.8
2026-11-13,P0345,E02193,8.8
2026-11-13,P0352,E02298,8.8
2026-11-13,P0393,E02294,8.8
2026-11-13,P0396,E02264,8.8
2026-11-13,P0451,E02283,8.8
2026-11-13,P0456,E02194,8.8
2026-11-13,P0468,E02275,8.8
2026-11-13,P0476,E02195,8.8
2026-11-13,P0496,E02284,8.8
2026-11-13,P0527,E02299,8.8
2026-11-13,P0568,E02215,8.8
2026-11-13,P0607,E02265,8.8
2026-11-13,P0616,E01810,8.8
2026-11-13,P0617,E02237,8.8
2026-11-13,P0641,E02223,8.8
2026-11-13,P0678,E02276,4.4
2026-11-13,P0693,E02046,8.8
2026-11-13,P0697,E02224,8.8
2026-11-13,P0698,E02272,8.8
2026-11-13,P0700,E02273,8.8
2026-11-13,P0702,E02266,8.8
2026-11-13,P0704,E02231,8.8
2026-11-13,P0721,E02300,8.8
2026-11-13,P0728,E02254,8.8
2026-11-13,P0739,E02285,8.8
2026-11-13,P0780,E02267,8.8
2026-11-13,P0785,E02248,8.8
2026-11-16,P0050,E02296,8.8
2026-11-16,P0081,E02301,4.4
2026-11-16,P0092,E02190,8.8
2026-11-16,P0101,E02289,8.8
2026-11-16,P0128,E02292,8.8
2026-11-16,P0190,E02297,4.4
2026-11-16,P0218,E02274,8.8
2026-11-16,P0230,E02071,8.8
2026-11-16,P0257,E02135,8.8
2026-11-16,P0275,E02260,8.8
2026-11-16,P0287,E01856,8.8
2026-11-16,P0300,E02261,8.8
2026-11-16,P0316,E02302,8.8
2026-11-16,P0319,E02149,8.8
2026-11-16,P0335,E02303,8.8
2026-11-16,P0337,E02290,8.8
2026-11-16,P0345,E02193,8.8
2026-11-16,P0352,E02298,8.8
2026-11-16,P0390,E02304,4.4
2026-11-16,P0393,E02294,8.8
2026-11-16,P0396,E02264,8.8
2026-11-16,P0451,E02283,8.8
2026-11-16,P0456,E02194,8.8
2026-11-16,P0468,E02275,8.8
2026-11-16,P0476,E02195,8.8
2026-11-16,P0496,E02284,8.8
2026-11-16,P0527,E02299,8.8
2026-11-16,P0568,E02215,8.8
2026-11-16,P0591,E02305,8.8
2026-11-16,P0607,E02265,8.8
2026-11-16,P0616,E01810,8.8
2026-11-16,P0617,E02237,8.8
2026-11-16,P0641,E02223,8.8
2026-11-16,P0642,E02306,8.8
2026-11-16,P0678,E02276,4.4
2026-11-16,P0693,E02046,8.8
2026-11-16,P0697,E02307,8.8
2026-11-16,P0700,E02273,8.8
2026-11-16,P0702,E02266,8.8
2026-11-16,P0704,E02231,8.8
2026-11-16,P0728,E02254,8.8
2026-11-16,P0739,E02285,8.8
2026-11-16,P0748,E02308,8.8
2026-11-16,P0780,E02267,8.8
2026-11-16,P0785,E02248,8.8
2026-11-16,P0796,E02309,8.8
2026-11-17,P0050,E02296,8.8
2026-11-17,P0081,E02301,4.4
2026-11-17,P0092,E02190,8.8
2026-11-17,P0101,E02289,8.8
2026-11-17,P0128,E02292,8.8
2026-11-17,P0190,E02297,4.4
2026-11-17,P0230,E02071,8.8
2026-11-17,P0257,E02135,8.8
2026-11-17,P0275,E02260,8.8
2026-11-17,P0287,E01856,8.8
2026-11-17,P0300,E02261,8.8
2026-11-17,P0311,E02310,8.8
2026-11-17,P0316,E02302,8.8
2026-11-17,P0319,E02149,8.8
2026-11-17,P0335,E02303,8.8
2026-11-17,P0337,E02290,8.8
2026-11-17,P0345,E02193,8.8
2026-11-17,P0352,E02298,8.8
2026-11-17,P0390,E02304,4.4
2026-11-17,P0393,E02294,8.8
2026-11-17,P0396,E02264,8.8
2026-11-17,P0451,E02283,8.8
2026-11-17,P0456,E02194,8.8
2026-11-17,P0468,E02275,8.8
2026-11-17,P0476,E02195,8.8
2026-11-17,P0527,E02299,8.8
2026-11-17,P0568,E02215,8.8
2026-11-17,P0591,E02305,8.8
2026-11-17,P0604,E02311,8.8
2026-11-17,P0607,E02265,8.8
2026-11-17,P0616,E01810,8.8
2026-11-17,P0617,E02237,8.8
2026-11-17,P0641,E02223,8.8
2026-11-17,P0642,E02306,8.8
2026-11-17,P0657,E02312,8.8
2026-11-17,P0678,E02276,4.4
2026-11-17,P0693,E02046,8.8
2026-11-17,P0697,E02307,8.8
2026-11-17,P0700,E02273,8.8
2026-11-17,P0702,E02266,8.8
2026-11-17,P0728,E02254,8.8
2026-11-17,P0739,E02285,8.8
2026-11-17,P0748,E02308,8.8
2026-11-17,P0761,E02313,8.8
2026-11-17,P0780,E02267,8.8
2026-11-17,P0785,E02248,8.8
2026-11-17,P0796,E02309,8.8
2026-11-18,P0050,E02296,8.8
2026-11-18,P0081,E02301,4.4
2026-11-18,P0092,E02190,8.8
2026-11-18,P0128,E02292,8.8
2026-11-18,P0230,E02071,8.8
2026-11-18,P0257,E02135,8.8
2026-11-18,P0275,E02260,8.8
2026-11-18,P0287,E01856,8.8
2026-11-18,P0311,E02310,8.8
2026-11-18,P0316,E02302,8.8
2026-11-18,P0319,E02149,8.8
2026-11-18,P0326,E02314,8.8
2026-11-18,P0335,E02303,8.8
2026-11-18,P0337,E02290,8.8
2026-11-18,P0345,E02193,8.8
2026-11-18,P0352,E02298,8.8
2026-11-18,P0390,E02304,4.4
2026-11-18,P0393,E02294,8.8
2026-11-18,P0396,E02264,8.8
2026-11-18,P0451,E02315,8.8
2026-11-18,P0456,E02194,8.8
2026-11-18,P0468,E02275,8.8
2026-11-18,P0473,E02316,8.8
2026-11-18,P0476,E02195,8.8
2026-11-18,P0527,E02299,8.8
2026-11-18,P0546,E02317,8.8
2026-11-18,P0568,E02215,8.8
2026-11-18,P0591,E02305,8.8
2026-11-18,P0604,E02311,8.8
2026-11-18,P0607,E02265,8.8
2026-11-18,P0616,E01810,8.8
2026-11-18,P0641,E02223,8.8
2026-11-18,P0642,E02306,8.8
2026-11-18,P0657,E02312,8.8
2026-11-18,P0678,E02276,4.4
2026-11-18,P0697,E02307,8.8
2026-11-18,P0702,E02266,8.8
2026-11-18,P0728,E02254,8.8
2026-11-18,P0739,E02285,8.8
2026-11-18,P0748,E02308,8.8
2026-11-18,P0761,E02313,8.8
2026-11-18,P0780,E02267,8.8
2026-11-18,P0789,E02318,8.8
2026-11-18,P0796,E02309,8.8
2026-11-19,P0050,E02296,8.8
2026-11-19,P0092,E02190,8.8
2026-11-19,P0128,E02292,8.8
2026-11-19,P0209,E02319,8.8
2026-11-19,P0230,E02071,8.8
2026-11-19,P0257,E02135,8.8
2026-11-19,P0275,E02260,8.8
2026-11-19,P0287,E01856,8.8
2026-11-19,P0316,E02302,8.8
2026-11-19,P0319,E02149,8.8
2026-11-19,P0326,E02314,8.8
2026-11-19,P0335,E02303,8.8
2026-11-19,P0337,E02290,8.8
2026-11-19,P0352,E02298,8.8
2026-11-19,P0376,E02320,8.8
2026-11-19,P0390,E02304,4.4
2026-11-19,P0393,E02294,8.8
2026-11-19,P0396,E02264,8.8
2026-11-19,P0456,E02194,8.8
2026-11-19,P0468,E02275,8.8
2026-11-19,P0473,E02316,8.8
2026-11-19,P0476,E02195,8.8
2026-11-19,P0527,E02299,8.8
2026-11-19,P0546,E02317,8.8
2026-11-19,P0568,E02215,8.8
2026-11-19,P0591,E02305,8.8
2026-11-19,P0604,E02311,8.8
2026-11-19,P0607,E02265,8.8
2026-11-19,P0616,E01810,8.8
2026-11-19,P0641,E02223,8.8
2026-11-19,P0642,E02306,8.8
2026-11-19,P0657,E02312,8.8
2026-11-19,P0678,E02276,4.4
2026-11-19,P0702,E02266,8.8
2026-11-19,P0728,E02254,8.8
2026-11-19,P0739,E02285,8.8
2026-11-19,P0748,E02308,8.8
2026-11-19,P0761,E02313,8.8
2026-11-19,P0780,E02267,8.8
2026-11-19,P0796,E02309,8.8
2026-11-20,P0025,E02321,8.8
2026-11-20,P0050,E02296,8.8
2026-11-20,P0092,E02190,8.8
2026-11-20,P0209,E02319,8.8
2026-11-20,P0230,E02071,8.8
2026-11-20,P0257,E02135,8.8
2026-11-20,P0275,E02260,8.8
2026-11-20,P0287,E01856,8.8
2026-11-20,P0316,E02302,8.8
2026-11-20,P0319,E02149,8.8
2026-11-20,P0326,E02314,8.8
2026-11-20,P0335,E02303,8.8
2026-11-20,P0337,E02290,8.8
2026-11-20,P0352,E02298,8.8
2026-11-20,P0376,E02320,8.8
2026-11-20,P0377,E02322,8.8
2026-11-20,P0390,E02304,4.4
2026-11-20,P0393,E02294,8.8
2026-11-20,P0396,E02264,8.8
2026-11-20,P0456,E02194,8.8
2026-11-20,P0468,E02275,8.8
2026-11-20,P0473,E02316,8.8
2026-11-20,P0476,E02195,8.8
2026-11-20,P0527,E02299,8.8
2026-11-20,P0546,E02317,8.8
2026-11-20,P0568,E02215,8.8
2026-11-20,P0582,E02323,8.8
2026-11-20,P0591,E02305,8.8
2026-11-20,P0604,E02311,8.8
2026-11-20,P0607,E02265,8.8
2026-11-20,P0616,E01810,8.8
2026-11-20,P0641,E02223,8.8
2026-11-20,P0678,E02276,4.4
2026-11-20,P0700,E02324,8.8
2026-11-20,P0702,E02266,8.8
2026-11-20,P0739,E02285,8.8
2026-11-20,P0748,E02308,8.8
2026-11-20,P0780,E02267,8.8
2026-11-20,P0796,E02309,8.8
2026-11-23,P0024,E02325,8.8
2026-11-23,P0025,E02321,8.8
2026-11-23,P0050,E02296,8.8
2026-11-23,P0092,E02190,8.8
2026-11-23,P0209,E02319,8.8
2026-11-23,P0230,E02071,8.8
2026-11-23,P0257,E02135,8.8
2026-11-23,P0275,E02260,8.8
2026-11-23,P0287,E01856,8.8
2026-11-23,P0316,E02302,8.8
2026-11-23,P0319,E02149,8.8
2026-11-23,P0326,E02314,8.8
2026-11-23,P0335,E02303,8.8
2026-11-23,P0337,E02290,8.8
2026-11-23,P0352,E02298,8.8
2026-11-23,P0377,E02322,8.8
2026-11-23,P0390,E02304,4.4
2026-11-23,P0393,E02294,8.8
2026-11-23,P0396,E02264,8.8
2026-11-23,P0456,E02194,8.8
2026-11-23,P0461,E02326,8.8
2026-11-23,P0468,E02275,8.8
2026-11-23,P0473,E02316,8.8
2026-11-23,P0476,E02195,8.8
2026-11-23,P0527,E02299,8.8
2026-11-23,P0546,E02317,8.8
2026-11-23,P0568,E02215,8.8
2026-11-23,P0582,E02323,8.8
2026-11-23,P0591,E02305,8.8
2026-11-23,P0604,E02311,8.8
2026-11-23,P0607,E02265,8.8
2026-11-23,P0616,E01810,8.8
2026-11-23,P0641,E02223,8.8
2026-11-23,P0678,E02276,4.4
2026-11-23,P0700,E02324,8.8
2026-11-23,P0702,E02266,8.8
2026-11-23,P0739,E02285,8.8
2026-11-23,P0748,E02308,8.8
2026-11-23,P0780,E02267,8.8
2026-11-23,P0796,E02309,8.8
2026-11-24,P0025,E02321,8.8
2026-11-24,P0050,E02296,8.8
2026-11-24,P0092,E02190,8.8
2026-11-24,P0170,E02327,8.8
2026-11-24,P0230,E02071,8.8
2026-11-24,P0257,E02135,8.8
2026-11-24,P0275,E02260,8.8
2026-11-24,P0287,E01856,8.8
2026-11-24,P0316,E02302,8.8
2026-11-24,P0319,E02149,8.8
2026-11-24,P0326,E02314,8.8
2026-11-24,P0335,E02303,8.8
2026-11-24,P0352,E02298,8.8
2026-11-24,P0377,E02322,8.8
2026-11-24,P0393,E02294,8.8
2026-11-24,P0396,E02264,8.8
2026-11-24,P0456,E02194,8.8
2026-11-24,P0461,E02326,8.8
2026-11-24,P0468,E02275,8.8
2026-11-24,P0473,E02316,8.8
2026-11-24,P0476,E02195,8.8
2026-11-24,P0527,E02299,8.8
2026-11-24,P0546,E02317,8.8
2026-11-24,P0568,E02215,8.8
2026-11-24,P0582,E02323,8.8
2026-11-24,P0604,E02311,8.8
2026-11-24,P0607,E02265,8.8
2026-11-24,P0616,E01810,8.8
2026-11-24,P0641,E02223,8.8
2026-11-24,P0678,E02276,4.4
2026-11-24,P0700,E02324,8.8
2026-11-24,P0739,E02285,8.8
2026-11-24,P0748,E02308,8.8
2026-11-24,P0780,E02267,8.8
2026-11-24,P0796,E02309,8.8
2026-11-24,P0802,E02328,8.8
2026-11-25,P0050,E02296,8.8
2026-11-25,P0092,E02190,8.8
2026-11-25,P0230,E02071,8.8
2026-11-25,P0257,E02135,8.8
2026-11-25,P0275,E02260,8.8
2026-11-25,P0287,E01856,8.8
2026-11-25,P0316,E02302,8.8
2026-11-25,P0319,E02149,8.8
2026-11-25,P0326,E02314,8.8
2026-11-25,P0335,E02303,8.8
2026-11-25,P0339,E02329,8.8
2026-11-25,P0348,E02330,8.8
2026-11-25,P0352,E02298,8.8
2026-11-25,P0377,E02322,8.8
2026-11-25,P0393,E02294,8.8
2026-11-25,P0396,E02264,8.8
2026-11-25,P0456,E02194,8.8
2026-11-25,P0461,E02326,8.8
2026-11-25,P0476,E02195,8.8
2026-11-25,P0490,E02331,8.8
2026-11-25,P0522,E02332,8.8
2026-11-25,P0527,E02299,8.8
2026-11-25,P0568,E02215,8.8
2026-11-25,P0582,E02323,8.8
2026-11-25,P0604,E02311,8.8
2026-11-25,P0607,E02265,8.8
2026-11-25,P0616,E01810,8.8
2026-11-25,P0641,E02333,8.8
2026-11-25,P0678,E02276,4.4
2026-11-25,P0700,E02324,8.8
2026-11-25,P0704,E02334,8.8
2026-11-25,P0719,E02335,8.8
2026-11-25,P0739,E02285,8.8
2026-11-25,P0746,E02336,8.8
2026-11-25,P0748,E02308,8.8
2026-11-25,P0780,E02267,8.8
2026-11-25,P0796,E02309,8.8
2026-11-25,P0799,E02337,8.8
2026-11-25,P0802,E02328,8.8
2026-11-26,P0050,E02296,8.8
2026-11-26,P0092,E02190,8.8
2026-11-26,P0230,E02071,8.8
2026-11-26,P0257,E02135,8.8
2026-11-26,P0275,E02260,8.8
2026-11-26,P0287,E01856,8.8
2026-11-26,P0316,E02302,8.8
2026-11-26,P0319,E02149,8.8
2026-11-26,P0326,E02314,8.8
2026-11-26,P0335,E02303,8.8
2026-11-26,P0339,E02329,8.8
2026-11-26,P0348,E02330,8.8
2026-11-26,P0352,E02298,8.8
2026-11-26,P0377,E02322,8.8
2026-11-26,P0393,E02294,8.8
2026-11-26,P0396,E02264,8.8
2026-11-26,P0416,E02338,8.8
2026-11-26,P0451,E02339,8.8
2026-11-26,P0456,E02194,8.8
2026-11-26,P0461,E02326,8.8
2026-11-26,P0476,E02195,8.8
2026-11-26,P0490,E02331,8.8
2026-11-26,P0522,E02332,8.8
2026-11-26,P0527,E02299,8.8
2026-11-26,P0542,E02340,8.8
2026-11-26,P0568,E02215,8.8
2026-11-26,P0582,E02323,8.8
2026-11-26,P0604,E02311,8.8
2026-11-26,P0607,E02265,8.8
2026-11-26,P0616,E01810,8.8
2026-11-26,P0617,E02341,8.8
2026-11-26,P0641,E02333,8.8
2026-11-26,P0647,E02342,8.8
2026-11-26,P0678,E02276,4.4
2026-11-26,P0700,E02324,8.8
2026-11-26,P0704,E02334,8.8
2026-11-26,P0719,E02335,8.8
2026-11-26,P0739,E02285,8.8
2026-11-26,P0746,E02336,8.8
2026-11-26,P0780,E02267,8.8
2026-11-26,P0783,E02343,8.8
2026-11-26,P0796,E02309,8.8
2026-11-26,P0799,E02337,8.8
2026-11-26,P0802,E02328,8.8
2026-11-27,P0050,E02296,8.8
2026-11-27,P0092,E02190,8.8
2026-11-27,P0230,E02071,8.8
2026-11-27,P0257,E02135,8.8
2026-11-27,P0275,E02260,8.8
2026-11-27,P0287,E01856,8.8
2026-11-27,P0316,E02302,8.8
2026-11-27,P0319,E02149,8.8
2026-11-27,P0326,E02314,8.8
2026-11-27,P0335,E02303,8.8
2026-11-27,P0339,E02329,8.8
2026-11-27,P0348,E02330,8.8
2026-11-27,P0352,E02298,8.8
2026-11-27,P0377,E02322,8.8
2026-11-27,P0396,E02264,8.8
2026-11-27,P0451,E02339,8.8
2026-11-27,P0456,E02194,8.8
2026-11-27,P0461,E02326,8.8
2026-11-27,P0476,E02195,8.8
2026-11-27,P0490,E02331,8.8
2026-11-27,P0527,E02299,8.8
2026-11-27,P0542,E02340,8.8
2026-11-27,P0561,E02344,8.8
2026-11-27,P0568,E02215,8.8
2026-11-27,P0582,E02323,8.8
2026-11-27,P0591,E02345,8.8
2026-11-27,P0604,E02311,8.8
2026-11-27,P0607,E02265,8.8
2026-11-27,P0616,E01810,8.8
2026-11-27,P0617,E02341,8.8
2026-11-27,P0641,E02333,8.8
2026-11-27,P0678,E02276,4.4
2026-11-27,P0700,E02324,8.8
2026-11-27,P0704,E02334,8.8
2026-11-27,P0719,E02335,8.8
2026-11-27,P0739,E02285,8.8
2026-11-27,P0746,E02336,8.8
2026-11-27,P0759,E02346,8.8
2026-11-27,P0780,E02267,8.8
2026-11-27,P0783,E02343,8.8
2026-11-27,P0796,E02309,8.8
2026-11-27,P0799,E02337,8.8
2026-11-27,P0802,E02328,8.8
2026-11-30,P0023,E02347,4.4
2026-11-30,P0050,E02296,8.8
2026-11-30,P0092,E02190,8.8
2026-11-30,P0230,E02071,8.8
2026-11-30,P0257,E02135,8.8
2026-11-30,P0275,E02260,8.8
2026-11-30,P0287,E01856,8.8
2026-11-30,P0316,E02302,8.8
2026-11-30,P0319,E02149,8.8
2026-11-30,P0326,E02314,8.8
2026-11-30,P0330,E02348,8.8
2026-11-30,P0335,E02303,8.8
2026-11-30,P0339,E02329,8.8
2026-11-30,P0348,E02330,8.8
2026-11-30,P0352,E02298,8.8
2026-11-30,P0377,E02322,8.8
2026-11-30,P0396,E02264,8.8
2026-11-30,P0451,E02339,8.8
2026-11-30,P0456,E02194,8.8
2026-11-30,P0461,E02326,8.8
2026-11-30,P0476,E02195,8.8
2026-11-30,P0490,E02331,8.8
2026-11-30,P0527,E02299,8.8
2026-11-30,P0542,E02340,8.8
2026-11-30,P0559,E02349,4.4
2026-11-30,P0561,E02344,8.8
2026-11-30,P0568,E02215,8.8
2026-11-30,P0582,E02323,8.8
2026-11-30,P0604,E02311,8.8
2026-11-30,P0616,E01810,8.8
2026-11-30,P0617,E02341,8.8
2026-11-30,P0630,E02350,8.8
2026-11-30,P0641,E02333,8.8
2026-11-30,P0678,E02276,4.4
2026-11-30,P0700,E02324,8.8
2026-11-30,P0702,E02351,8.8
2026-11-30,P0704,E02334,8.8
2026-11-30,P0719,E02335,8.8
2026-11-30,P0721,E02352,8.8
2026-11-30,P0739,E02285,8.8
2026-11-30,P0746,E02336,8.8
2026-11-30,P0780,E02267,8.8
2026-11-30,P0783,E02343,8.8
2026-11-30,P0796,E02309,8.8
2026-11-30,P0802,E02328,8.8
2026-12-01,P0023,E02347,4.4
2026-12-01,P0050,E02296,8.8
2026-12-01,P0068,E02353,8.8
2026-12-01,P0092,E02190,8.8
2026-12-01,P0230,E02071,8.8
2026-12-01,P0257,E02135,8.8
2026-12-01,P0275,E02260,8.8
2026-12-01,P0287,E01856,8.8
2026-12-01,P0316,E02302,8.8
2026-12-01,P0319,E02149,8.8
2026-12-01,P0326,E02314,8.8
2026-12-01,P0330,E02348,8.8
2026-12-01,P0335,E02303,8.8
2026-12-01,P0339,E02329,8.8
2026-12-01,P0348,E02330,8.8
2026-12-01,P0352,E02298,8.8
2026-12-01,P0377,E02322,8.8
2026-12-01,P0396,E02264,8.8
2026-12-01,P0418,E02354,8.8
2026-12-01,P0456,E02194,8.8
2026-12-01,P0476,E02195,8.8
2026-12-01,P0490,E02331,8.8
2026-12-01,P0527,E02299,8.8
2026-12-01,P0542,E02340,8.8
2026-12-01,P0559,E02349,4.4
2026-12-01,P0561,E02344,8.8
2026-12-01,P0568,E02215,8.8
2026-12-01,P0582,E02323,8.8
2026-12-01,P0604,E02311,8.8
2026-12-01,P0616,E01810,8.8
2026-12-01,P0617,E02341,8.8
2026-12-01,P0678,E02276,4.4
2026-12-01,P0700,E02324,8.8
2026-12-01,P0702,E02351,8.8
2026-12-01,P0704,E02334,8.8
2026-12-01,P0719,E02335,8.8
2026-12-01,P0739,E02285,8.8
2026-12-01,P0746,E02336,8.8
2026-12-01,P0780,E02267,8.8
2026-12-01,P0783,E02343,8.8
2026-12-01,P0796,E02309,8.8
2026-12-02,P0023,E02347,4.4
2026-12-02,P0050,E02296,8.8
2026-12-02,P0068,E02353,8.8
2026-12-02,P0092,E02190,8.8
2026-12-02,P0230,E02071,8.8
2026-12-02,P0257,E02135,8.8
2026-12-02,P0275,E02260,8.8
2026-12-02,P0287,E01856,8.8
2026-12-02,P0316,E02302,8.8
2026-12-02,P0326,E02314,8.8
2026-12-02,P0330,E02348,8.8
2026-12-02,P0335,E02303,8.8
2026-12-02,P0339,E02329,8.8
2026-12-02,P0348,E02330,8.8
2026-12-02,P0352,E02298,8.8
2026-12-02,P0377,E02322,8.8
2026-12-02,P0382,E02355,8.8
2026-12-02,P0396,E02264,8.8
2026-12-02,P0456,E02194,8.8
2026-12-02,P0464,E02356,8.8
2026-12-02,P0476,E02195,8.8
2026-12-02,P0490,E02331,8.8
2026-12-02,P0559,E02349,4.4
2026-12-02,P0561,E02344,8.8
2026-12-02,P0568,E02215,8.8
2026-12-02,P0616,E01810,8.8
2026-12-02,P0617,E02341,8.8
2026-12-02,P0678,E02276,4.4
2026-12-02,P0700,E02324,8.8
2026-12-02,P0702,E02351,8.8
2026-12-02,P0704,E02334,8.8
2026-12-02,P0719,E02335,8.8
2026-12-02,P0739,E02285,8.8
2026-12-02,P0746,E02336,8.8
2026-12-02,P0776,E02357,8.8
2026-12-02,P0780,E02267,8.8
2026-12-02,P0783,E02343,8.8
2026-12-02,P0796,E02309,8.8
2026-12-03,P0050,E02296,8.8
2026-12-03,P0068,E02353,8.8
2026-12-03,P0082,E02358,8.8
2026-12-03,P0092,E02190,8.8
2026-12-03,P0230,E02071,8.8
2026-12-03,P0257,E02135,8.8
2026-12-03,P0275,E02260,8.8
2026-12-03,P0287,E01856,8.8
2026-12-03,P0316,E02302,8.8
2026-12-03,P0326,E02314,8.8
2026-12-03,P0330,E02348,8.8
2026-12-03,P0335,E02303,8.8
2026-12-03,P0339,E02329,8.8
2026-12-03,P0348,E02330,8.8
2026-12-03,P0369,E02359,8.8
2026-12-03,P0377,E02322,8.8
2026-12-03,P0382,E02355,8.8
2026-12-03,P0396,E02264,8.8
2026-12-03,P0422,E02360,8.8
2026-12-03,P0464,E02356,8.8
2026-12-03,P0468,E02361,8.8
2026-12-03,P0476,E02195,8.8
2026-12-03,P0490,E02331,8.8
2026-12-03,P0559,E02349,4.4
2026-12-03,P0561,E02344,8.8
2026-12-03,P0568,E02215,8.8
2026-12-03,P0616,E01810,8.8
2026-12-03,P0617,E02341,8.8
2026-12-03,P0678,E02276,4.4
2026-12-03,P0700,E02324,8.8
2026-12-03,P0702,E02351,8.8
2026-12-03,P0704,E02334,8.8
2026-12-03,P0719,E02335,8.8
2026-12-03,P0739,E02285,8.8
2026-12-03,P0746,E02336,8.8
2026-12-03,P0776,E02357,8.8
2026-12-03,P0780,E02267,8.8
2026-12-03,P0783,E02362,8.8
2026-12-03,P0796,E02309,8.8
2026-12-03,P0802,E02363,8.8
2026-12-04,P0050,E02296,8.8
2026-12-04,P0068,E02353,8.8
2026-12-04,P0092,E02190,8.8
2026-12-04,P0122,E02364,8.8
2026-12-04,P0154,E02365,8.8
2026-12-04,P0174,E02366,8.8
2026-12-04,P0230,E02071,8.8
2026-12-04,P0275,E02260,8.8
2026-12-04,P0287,E01856,8.8
2026-12-04,P0316,E02302,8.8
2026-12-04,P0326,E02314,8.8
2026-12-04,P0330,E02348,8.8
2026-12-04,P0335,E02303,8.8
2026-12-04,P0339,E02329,8.8
2026-12-04,P0348,E02330,8.8
2026-12-04,P0369,E02359,8.8
2026-12-04,P0377,E02322,8.8
2026-12-04,P0382,E02355,8.8
2026-12-04,P0396,E02264,8.8
2026-12-04,P0422,E02360,8.8
2026-12-04,P0464,E02356,8.8
2026-12-04,P0476,E02195,8.8
2026-12-04,P0490,E02331,8.8
2026-12-04,P0559,E02349,4.4
2026-12-04,P0561,E02344,8.8
2026-12-04,P0568,E02215,8.8
2026-12-04,P0616,E01810,8.8
2026-12-04,P0617,E02341,8.8
2026-12-04,P0678,E02276,4.4
2026-12-04,P0700,E02324,8.8
2026-12-04,P0702,E02351,8.8
2026-12-04,P0704,E02334,8.8
2026-12-04,P0719,E02335,8.8
2026-12-04,P0728,E02367,8.8
2026-12-04,P0739,E02285,8.8
2026-12-04,P0746,E02336,8.8
2026-12-04,P0770,E02368,8.8
2026-12-04,P0776,E02357,8.8
2026-12-04,P0780,E02267,8.8
2026-12-04,P0783,E02362,8.8
2026-12-04,P0796,E02309,8.8
2026-12-04,P0802,E02363,8.8
2026-12-07,P0050,E02296,8.8
2026-12-07,P0068,E02353,8.8
2026-12-07,P0085,E02369,8.8
2026-12-07,P0092,E02190,8.8
2026-12-07,P0154,E02365,8.8
2026-12-07,P0230,E02071,8.8
2026-12-07,P0275,E02260,8.8
2026-12-07,P0287,E01856,8.8
2026-12-07,P0316,E02302,8.8
2026-12-07,P0326,E02314,8.8
2026-12-07,P0330,E02348,8.8
2026-12-07,P0335,E02303,8.8
2026-12-07,P0339,E02329,8.8
2026-12-07,P0348,E02330,8.8
2026-12-07,P0369,E02359,8.8
2026-12-07,P0382,E02355,8.8
2026-12-07,P0396,E02264,8.8
2026-12-07,P0422,E02360,8.8
2026-12-07,P0464,E02356,8.8
2026-12-07,P0476,E02195,8.8
2026-12-07,P0490,E02331,8.8
2026-12-07,P0559,E02349,4.4
2026-12-07,P0561,E02344,8.8
2026-12-07,P0568,E02215,8.8
2026-12-07,P0616,E01810,8.8
2026-12-07,P0678,E02276,4.4
2026-12-07,P0693,E02370,8.8
2026-12-07,P0700,E02324,8.8
2026-12-07,P0702,E02351,8.8
2026-12-07,P0704,E02334,8.8
2026-12-07,P0719,E02335,8.8
2026-12-07,P0728,E02367,8.8
2026-12-07,P0739,E02285,8.8
2026-12-07,P0746,E02336,8.8
2026-12-07,P0776,E02357,8.8
2026-12-07,P0780,E02267,8.8
2026-12-07,P0796,E02309,8.8
2026-12-07,P0802,E02363,8.8
2026-12-08,P0025,E02371,8.8
2026-12-08,P0050,E02296,8.8
2026-12-08,P0068,E02353,8.8
2026-12-08,P0085,E02369,8.8
2026-12-08,P0092,E02190,8.8
2026-12-08,P0118,E02372,8.8
2026-12-08,P0154,E02365,8.8
2026-12-08,P0230,E02071,8.8
2026-12-08,P0275,E02260,8.8
2026-12-08,P0287,E01856,8.8
2026-12-08,P0326,E02314,8.8
2026-12-08,P0330,E02348,8.8
2026-12-08,P0335,E02303,8.8
2026-12-08,P0339,E02329,8.8
2026-12-08,P0348,E02330,8.8
2026-12-08,P0369,E02359,8.8
2026-12-08,P0382,E02355,8.8
2026-12-08,P0396,E02264,8.8
2026-12-08,P0399,E02373,8.8
2026-12-08,P0422,E02360,8.8
2026-12-08,P0464,E02356,8.8
2026-12-08,P0476,E02195,8.8
2026-12-08,P0490,E02331,8.8
2026-12-08,P0547,E02374,4.4
2026-12-08,P0561,E02344,8.8
2026-12-08,P0568,E02215,8.8
2026-12-08,P0616,E01810,8.8
2026-12-08,P0630,E02375,8.8
2026-12-08,P0678,E02276,4.4
2026-12-08,P0693,E02370,8.8
2026-12-08,P0700,E02324,8.8
2026-12-08,P0704,E02334,8.8
2026-12-08,P0719,E02335,8.8
2026-12-08,P0728,E02367,8.8
2026-12-08,P0739,E02285,8.8
2026-12-08,P0746,E02336,8.8
2026-12-08,P0776,E02357,8.8
2026-12-08,P0780,E02267,8.8
2026-12-08,P0796,E02309,8.8
2026-12-08,P0802,E02363,8.8
2026-12-09,P0025,E02371,8.8
2026-12-09,P0050,E02296,8.8
2026-12-09,P0068,E02353,8.8
2026-12-09,P0080,E02376,8.8
2026-12-09,P0085,E02369,8.8
2026-12-09,P0092,E02190,8.8
2026-12-09,P0118,E02372,8.8
2026-12-09,P0154,E02365,8.8
2026-12-09,P0230,E02071,8.8
2026-12-09,P0275,E02260,8.8
2026-12-09,P0287,E01856,8.8
2026-12-09,P0326,E02314,8.8
2026-12-09,P0330,E02348,8.8
2026-12-09,P0335,E02303,8.8
2026-12-09,P0339,E02329,8.8
2026-12-09,P0348,E02330,8.8
2026-12-09,P0369,E02359,8.8
2026-12-09,P0382,E02355,8.8
2026-12-09,P0396,E02264,8.8
2026-12-09,P0399,E02373,8.8
2026-12-09,P0422,E02360,8.8
2026-12-09,P0464,E02356,8.8
2026-12-09,P0490,E02331,8.8
2026-12-09,P0547,E02374,4.4
2026-12-09,P0568,E02215,8.8
2026-12-09,P0616,E01810,8.8
2026-12-09,P0630,E02375,8.8
2026-12-09,P0636,E02377,4.4
2026-12-09,P0678,E02276,4.4
2026-12-09,P0700,E02324,8.8
2026-12-09,P0704,E02334,8.8
2026-12-09,P0719,E02335,8.8
2026-12-09,P0728,E02367,8.8
2026-12-09,P0739,E02285,8.8
2026-12-09,P0746,E02336,8.8
2026-12-09,P0780,E02267,8.8
2026-12-10,P0025,E02371,8.8
2026-12-10,P0050,E02296,8.8
2026-12-10,P0068,E02353,8.8
2026-12-10,P0080,E02376,8.8
2026-12-10,P0085,E02369,8.8
2026-12-10,P0092,E02190,8.8
2026-12-10,P0154,E02365,8.8
2026-12-10,P0229,E02378,8.8
2026-12-10,P0230,E02071,8.8
2026-12-10,P0275,E02260,8.8
2026-12-10,P0287,E01856,8.8
2026-12-10,P0326,E02314,8.8
2026-12-10,P0330,E02348,8.8
2026-12-10,P0335,E02303,8.8
2026-12-10,P0339,E02329,8.8
2026-12-10,P0345,E02379,8.8
2026-12-10,P0348,E02330,8.8
2026-12-10,P0369,E02359,8.8
2026-12-10,P0396,E02264,8.8
2026-12-10,P0399,E02373,8.8
2026-12-10,P0422,E02360,8.8
2026-12-10,P0468,E02380,8.8
2026-12-10,P0490,E02331,8.8
2026-12-10,P0547,E02374,4.4
2026-12-10,P0568,E02215,8.8
2026-12-10,P0630,E02375,8.8
2026-12-10,P0636,E02377,4.4
2026-12-10,P0678,E02276,4.4
2026-12-10,P0698,E02381,8.8
2026-12-10,P0700,E02324,8.8
2026-12-10,P0704,E02334,8.8
2026-12-10,P0713,E02382,8.8
2026-12-10,P0719,E02335,8.8
2026-12-10,P0728,E02367,8.8
2026-12-10,P0739,E02285,8.8
2026-12-10,P0746,E02336,8.8
2026-12-10,P0780,E02267,8.8
2026-12-11,P0025,E02371,8.8
2026-12-11,P0050,E02296,8.8
2026-12-11,P0068,E02353,8.8
2026-12-11,P0085,E02369,8.8
2026-12-11,P0092,E02190,8.8
2026-12-11,P0154,E02365,8.8
2026-12-11,P0229,E02378,8.8
2026-12-11,P0230,E02071,8.8
2026-12-11,P0275,E02260,8.8
2026-12-11,P0287,E01856,8.8
2026-12-11,P0326,E02314,8.8
2026-12-11,P0330,E02348,8.8
2026-12-11,P0335,E02303,8.8
2026-12-11,P0339,E02383,8.8
2026-12-11,P0348,E02330,8.8
2026-12-11,P0369,E02359,8.8
2026-12-11,P0382,E02384,8.8
2026-12-11,P0399,E02373,8.8
2026-12-11,P0422,E02360,8.8
2026-12-11,P0461,E02385,8.8
2026-12-11,P0468,E02380,8.8
2026-12-11,P0490,E02331,8.8
2026-12-11,P0547,E02374,4.4
2026-12-11,P0568,E02215,8.8
2026-12-11,P0630,E02375,8.8
2026-12-11,P0636,E02377,4.4
2026-12-11,P0678,E02276,4.4
2026-12-11,P0698,E02381,8.8
2026-12-11,P0700,E02324,8.8
2026-12-11,P0704,E02334,8.8
2026-12-11,P0713,E02382,8.8
2026-12-11,P0719,E02335,8.8
2026-12-11,P0728,E02367,8.8
2026-12-11,P0739,E02285,8.8
2026-12-11,P0746,E02336,8.8
2026-12-11,P0780,E02267,8.8
2026-12-14,P0020,E02386,8.8
2026-12-14,P0025,E02371,8.8
2026-12-14,P0050,E02296,8.8
2026-12-14,P0068,E02353,8.8
2026-12-14,P0077,E02387,8.8
2026-12-14,P0085,E02369,8.8
2026-12-14,P0092,E02190,8.8
2026-12-14,P0154,E02365,8.8
2026-12-14,P0194,E02388,8.8
2026-12-14,P0230,E02071,8.8
2026-12-14,P0275,E02260,8.8
2026-12-14,P0287,E01856,8.8
2026-12-14,P0326,E02314,8.8
2026-12-14,P0330,E02348,8.8
2026-12-14,P0335,E02303,8.8
2026-12-14,P0339,E02383,8.8
2026-12-14,P0348,E02330,8.8
2026-12-14,P0369,E02359,8.8
2026-12-14,P0399,E02373,8.8
2026-12-14,P0422,E02360,8.8
2026-12-14,P0425,E02389,8.8
2026-12-14,P0461,E02385,8.8
2026-12-14,P0468,E02380,8.8
2026-12-14,P0490,E02331,8.8
2026-12-14,P0547,E02374,4.4
2026-12-14,P0568,E02215,8.8
2026-12-14,P0630,E02375,8.8
2026-12-14,P0678,E02276,4.4
2026-12-14,P0680,E02390,8.8
2026-12-14,P0698,E02381,8.8
2026-12-14,P0700,E02324,8.8
2026-12-14,P0704,E02334,8.8
2026-12-14,P0713,E02382,8.8
2026-12-14,P0728,E02367,8.8
2026-12-14,P0739,E02285,8.8
2026-12-14,P0746,E02336,8.8
2026-12-14,P0780,E02267,8.8
2026-12-15,P0020,E02386,8.8
2026-12-15,P0025,E02371,8.8
2026-12-15,P0050,E02296,8.8
2026-12-15,P0060,E02391,8.8
2026-12-15,P0068,E02353,8.8
2026-12-15,P0085,E02369,8.8
2026-12-15,P0092,E02190,8.8
2026-12-15,P0154,E02365,8.8
2026-12-15,P0194,E02388,8.8
2026-12-15,P0230,E02071,8.8
2026-12-15,P0269,E02392,8.8
2026-12-15,P0275,E02260,8.8
2026-12-15,P0287,E01856,8.8
2026-12-15,P0289,E02393,8.8
2026-12-15,P0326,E02314,8.8
2026-12-15,P0335,E02303,8.8
2026-12-15,P0339,E02383,8.8
2026-12-15,P0340,E02394,8.8
2026-12-15,P0348,E02330,8.8
2026-12-15,P0366,E02395,8.8
2026-12-15,P0369,E02359,8.8
2026-12-15,P0399,E02373,8.8
2026-12-15,P0422,E02360,8.8
2026-12-15,P0425,E02389,8.8
2026-12-15,P0468,E02380,8.8
2026-12-15,P0547,E02374,4.4
2026-12-15,P0568,E02215,8.8
2026-12-15,P0591,E02396,8.8
2026-12-15,P0630,E02375,8.8
2026-12-15,P0678,E02276,4.4
2026-12-15,P0728,E02367,8.8
2026-12-15,P0780,E02267,8.8
2026-12-16,P0020,E02386,8.8
2026-12-16,P0025,E02371,8.8
2026-12-16,P0050,E02296,8.8
2026-12-16,P0060,E02391,8.8
2026-12-16,P0085,E02369,8.8
2026-12-16,P0086,E02397,8.8
2026-12-16,P0092,E02190,8.8
2026-12-16,P0154,E02365,8.8
2026-12-16,P0194,E02388,8.8
2026-12-16,P0230,E02071,8.8
2026-12-16,P0269,E02392,8.8
2026-12-16,P0275,E02260,8.8
2026-12-16,P0287,E01856,8.8
2026-12-16,P0289,E02393,8.8
2026-12-16,P0326,E02314,8.8
2026-12-16,P0335,E02303,8.8
2026-12-16,P0340,E02394,8.8
2026-12-16,P0348,E02330,8.8
2026-12-16,P0366,E02395,8.8
2026-12-16,P0369,E02359,8.8
2026-12-16,P0422,E02360,8.8
2026-12-16,P0425,E02389,8.8
2026-12-16,P0461,E02398,8.8
2026-12-16,P0468,E02380,8.8
2026-12-16,P0547,E02374,4.4
2026-12-16,P0568,E02215,8.8
2026-12-16,P0591,E02396,8.8
2026-12-16,P0630,E02375,8.8
2026-12-16,P0678,E02276,4.4
2026-12-16,P0728,E02367,8.8
2026-12-16,P0780,E02267,8.8
2026-12-16,P0811,E02399,8.8
2026-12-17,P0020,E02386,8.8
2026-12-17,P0025,E02371,8.8
2026-12-17,P0050,E02296,8.8
2026-12-17,P0060,E02391,8.8
2026-12-17,P0085,E02369,8.8
2026-12-17,P0086,E02397,8.8
2026-12-17,P0092,E02190,8.8
2026-12-17,P0194,E02388,8.8
2026-12-17,P0230,E02071,8.8
2026-12-17,P0269,E02392,8.8
2026-12-17,P0275,E02260,8.8
2026-12-17,P0287,E01856,8.8
2026-12-17,P0289,E02393,8.8
2026-12-17,P0326,E02314,8.8
2026-12-17,P0335,E02303,8.8
2026-12-17,P0340,E02394,8.8
2026-12-17,P0348,E02330,8.8
2026-12-17,P0366,E02395,8.8
2026-12-17,P0369,E02359,8.8
2026-12-17,P0422,E02360,8.8
2026-12-17,P0425,E02389,8.8
2026-12-17,P0461,E02398,8.8
2026-12-17,P0547,E02374,4.4
2026-12-17,P0568,E02215,8.8
2026-12-17,P0591,E02396,8.8
2026-12-17,P0630,E02375,8.8
2026-12-17,P0678,E02276,4.4
2026-12-17,P0780,E02267,8.8
2026-12-17,P0807,E02400,4.4
2026-12-17,P0811,E02399,8.8
2026-12-18,P0019,E02401,8.8
2026-12-18,P0020,E02386,8.8
2026-12-18,P0025,E02371,8.8
2026-12-18,P0050,E02296,8.8
2026-12-18,P0060,E02391,8.8
2026-12-18,P0085,E02369,8.8
2026-12-18,P0086,E02397,8.8
2026-12-18,P0092,E02190,8.8
2026-12-18,P0230,E02071,8.8
2026-12-18,P0269,E02392,8.8
2026-12-18,P0275,E02260,8.8
2026-12-18,P0287,E01856,8.8
2026-12-18,P0289,E02393,8.8
2026-12-18,P0326,E02314,8.8
2026-12-18,P0335,E02303,8.8
2026-12-18,P0340,E02394,8.8
2026-12-18,P0348,E02330,8.8
2026-12-18,P0366,E02395,8.8
2026-12-18,P0369,E02359,8.8
2026-12-18,P0406,E02402,8.8
2026-12-18,P0422,E02360,8.8
2026-12-18,P0425,E02389,8.8
2026-12-18,P0461,E02398,8.8
2026-12-18,P0547,E02374,4.4
2026-12-18,P0568,E02215,8.8
2026-12-18,P0630,E02375,8.8
2026-12-18,P0678,E02276,4.4
2026-12-18,P0780,E02267,8.8
2026-12-18,P0807,E02400,4.4
2026-12-18,P0811,E02399,8.8
2026-12-21,P0019,E02401,8.8
2026-12-21,P0020,E02386,8.8
2026-12-21,P0025,E02371,8.8
2026-12-21,P0050,E02296,8.8
2026-12-21,P0060,E02391,8.8
2026-12-21,P0086,E02397,8.8
2026-12-21,P0092,E02190,8.8
2026-12-21,P0211,E02403,8.8
2026-12-21,P0230,E02071,8.8
2026-12-21,P0269,E02392,8.8
2026-12-21,P0275,E02260,8.8
2026-12-21,P0326,E02314,8.8
2026-12-21,P0335,E02303,8.8
2026-12-21,P0340,E02394,8.8
2026-12-21,P0348,E02330,8.8
2026-12-21,P0366,E02395,8.8
2026-12-21,P0368,E02404,8.8
2026-12-21,P0369,E02359,8.8
2026-12-21,P0406,E02402,8.8
2026-12-21,P0410,E02405,8.8
2026-12-21,P0422,E02360,8.8
2026-12-21,P0425,E02389,8.8
2026-12-21,P0547,E02374,4.4
2026-12-21,P0568,E02215,8.8
2026-12-21,P0590,E02406,4.4
2026-12-21,P0678,E02276,4.4
2026-12-21,P0702,E02407,8.8
2026-12-21,P0780,E02267,8.8
2026-12-21,P0807,E02400,4.4
2026-12-21,P0811,E02399,8.8
2026-12-22,P0016,E02408,8.8
2026-12-22,P0019,E02401,8.8
2026-12-22,P0020,E02386,8.8
2026-12-22,P0025,E02371,8.8
2026-12-22,P0050,E02296,8.8
2026-12-22,P0060,E02391,8.8
2026-12-22,P0086,E02397,8.8
2026-12-22,P0092,E02190,8.8
2026-12-22,P0116,E02409,8.8
2026-12-22,P0211,E02403,8.8
2026-12-22,P0230,E02071,8.8
2026-12-22,P0269,E02392,8.8
2026-12-22,P0275,E02260,8.8
2026-12-22,P0326,E02314,8.8
2026-12-22,P0335,E02303,8.8
2026-12-22,P0340,E02394,8.8
2026-12-22,P0345,E02410,8.8
2026-12-22,P0348,E02330,8.8
2026-12-22,P0366,E02395,8.8
2026-12-22,P0368,E02404,8.8
2026-12-22,P0369,E02359,8.8
2026-12-22,P0410,E02405,8.8
2026-12-22,P0422,E02360,8.8
2026-12-22,P0425,E02411,8.8
2026-12-22,P0547,E02374,4.4
2026-12-22,P0568,E02215,8.8
2026-12-22,P0678,E02276,4.4
2026-12-22,P0693,E02412,8.8
2026-12-22,P0702,E02407,8.8
2026-12-22,P0780,E02267,8.8
2026-12-22,P0807,E02400,4.4
2026-12-22,P0811,E02399,8.8
2026-12-23,P0016,E02408,8.8
2026-12-23,P0019,E02401,8.8
2026-12-23,P0020,E02386,8.8
2026-12-23,P0021,E02413,8.8
2026-12-23,P0025,E02371,8.8
2026-12-23,P0047,E02414,8.8
2026-12-23,P0050,E02296,8.8
2026-12-23,P0060,E02391,8.8
2026-12-23,P0092,E02190,8.8
2026-12-23,P0116,E02409,8.8
2026-12-23,P0192,E02415,4.4
2026-12-23,P0211,E02403,8.8
2026-12-23,P0269,E02392,8.8
2026-12-23,P0275,E02260,8.8
2026-12-23,P0326,E02314,8.8
2026-12-23,P0335,E02303,8.8
2026-12-23,P0340,E02394,8.8
2026-12-23,P0345,E02410,8.8
2026-12-23,P0348,E02330,8.8
2026-12-23,P0366,E02395,8.8
2026-12-23,P0368,E02404,8.8
2026-12-23,P0369,E02359,8.8
2026-12-23,P0422,E02360,8.8
2026-12-23,P0425,E02411,8.8
2026-12-23,P0547,E02374,4.4
2026-12-23,P0568,E02215,8.8
2026-12-23,P0581,E02416,8.8
2026-12-23,P0622,E02417,4.4
2026-12-23,P0678,E02276,4.4
2026-12-23,P0693,E02412,8.8
2026-12-23,P0702,E02407,8.8
2026-12-23,P0803,E02418,8.8
2026-12-23,P0807,E02400,4.4
2026-12-23,P0811,E02399,8.8
2026-12-24,P0016,E02408,8.8
2026-12-24,P0019,E02401,8.8
2026-12-24,P0020,E02386,8.8
2026-12-24,P0025,E02371,8.8
2026-12-24,P0047,E02414,8.8
2026-12-24,P0050,E02296,8.8
2026-12-24,P0060,E02391,8.8
2026-12-24,P0092,E02190,8.8
2026-12-24,P0192,E02415,4.4
2026-12-24,P0211,E02403,8.8
2026-12-24,P0269,E02392,8.8
2026-12-24,P0275,E02260,8.8
2026-12-24,P0317,E02419,8.8
2026-12-24,P0326,E02314,8.8
2026-12-24,P0335,E02303,8.8
2026-12-24,P0340,E02394,8.8
2026-12-24,P0345,E02410,8.8
2026-12-24,P0348,E02330,8.8
2026-12-24,P0366,E02395,8.8
2026-12-24,P0368,E02404,8.8
2026-12-24,P0369,E02359,8.8
2026-12-24,P0422,E02360,8.8
2026-12-24,P0425,E02411,8.8
2026-12-24,P0547,E02374,4.4
2026-12-24,P0568,E02215,8.8
2026-12-24,P0600,E02420,8.8
2026-12-24,P0622,E02417,4.4
2026-12-24,P0678,E02276,4.4
2026-12-24,P0702,E02407,8.8
2026-12-24,P0783,E02421,8.8
2026-12-24,P0794,E02422,8.8
2026-12-24,P0803,E02418,8.8
2026-12-24,P0807,E02400,4.4
2026-12-24,P0811,E02399,8.8
2026-12-25,P0016,E02408,8.8
2026-12-25,P0019,E02401,8.8
2026-12-25,P0020,E02386,8.8
2026-12-25,P0025,E02371,8.8
2026-12-25,P0047,E02414,8.8
2026-12-25,P0050,E02296,8.8
2026-12-25,P0060,E02391,8.8
2026-12-25,P0092,E02190,8.8
2026-12-25,P0192,E02415,4.4
2026-12-25,P0211,E02403,8.8
2026-12-25,P0229,E02423,8.8
2026-12-25,P0269,E02392,8.8
2026-12-25,P0275,E02260,8.8
2026-12-25,P0317,E02419,8.8
2026-12-25,P0326,E02314,8.8
2026-12-25,P0335,E02303,8.8
2026-12-25,P0340,E02394,8.8
2026-12-25,P0345,E02410,8.8
2026-12-25,P0348,E02330,8.8
2026-12-25,P0366,E02395,8.8
2026-12-25,P0368,E02404,8.8
2026-12-25,P0369,E02359,8.8
2026-12-25,P0568,E02215,8.8
2026-12-25,P0622,E02417,4.4
2026-12-25,P0630,E02424,8.8
2026-12-25,P0678,E02276,4.4
2026-12-25,P0680,E02425,8.8
2026-12-25,P0702,E02407,8.8
2026-12-25,P0761,E02426,8.8
2026-12-25,P0783,E02421,8.8
2026-12-25,P0794,E02422,8.8
2026-12-25,P0803,E02418,8.8
2026-12-25,P0807,E02400,4.4
2026-12-25,P0811,E02399,8.8
2026-12-28,P0016,E02408,8.8
2026-12-28,P0019,E02401,8.8
2026-12-28,P0020,E02386,8.8
2026-12-28,P0025,E02371,8.8
2026-12-28,P0047,E02414,8.8
2026-12-28,P0050,E02296,8.8
2026-12-28,P0060,E02391,8.8
2026-12-28,P0092,E02190,8.8
2026-12-28,P0122,E02427,8.8
2026-12-28,P0174,E02428,8.8
2026-12-28,P0192,E02415,4.4
2026-12-28,P0229,E02423,8.8
2026-12-28,P0269,E02392,8.8
2026-12-28,P0275,E02260,8.8
2026-12-28,P0317,E02419,8.8
2026-12-28,P0326,E02314,8.8
2026-12-28,P0335,E02303,8.8
2026-12-28,P0337,E02429,8.8
2026-12-28,P0340,E02394,8.8
2026-12-28,P0345,E02410,8.8
2026-12-28,P0348,E02330,8.8
2026-12-28,P0366,E02395,8.8
2026-12-28,P0368,E02404,8.8
2026-12-28,P0369,E02359,8.8
2026-12-28,P0410,E02430,8.8
2026-12-28,P0568,E02215,8.8
2026-12-28,P0622,E02417,4.4
2026-12-28,P0630,E02424,8.8
2026-12-28,P0678,E02276,4.4
2026-12-28,P0680,E02425,8.8
2026-12-28,P0702,E02407,8.8
2026-12-28,P0741,E02431,8.8
2026-12-28,P0761,E02426,8.8
2026-12-28,P0783,E02421,8.8
2026-12-28,P0794,E02422,8.8
2026-12-28,P0803,E02418,8.8
2026-12-28,P0807,E02400,4.4
2026-12-29,P0016,E02408,8.8
2026-12-29,P0019,E02401,8.8
2026-12-29,P0020,E02386,8.8
2026-12-29,P0025,E02371,8.8
2026-12-29,P0047,E02414,8.8
2026-12-29,P0050,E02296,8.8
2026-12-29,P0060,E02391,8.8
2026-12-29,P0092,E02190,8.8
2026-12-29,P0122,E02427,8.8
2026-12-29,P0174,E02428,8.8
2026-12-29,P0229,E02423,8.8
2026-12-29,P0269,E02392,8.8
2026-12-29,P0275,E02260,8.8
2026-12-29,P0317,E02419,8.8
2026-12-29,P0335,E02303,8.8
2026-12-29,P0340,E02394,8.8
2026-12-29,P0345,E02410,8.8
2026-12-29,P0348,E02330,8.8
2026-12-29,P0365,E02432,8.8
2026-12-29,P0366,E02395,8.8
2026-12-29,P0368,E02404,8.8
2026-12-29,P0369,E02359,8.8
2026-12-29,P0410,E02430,8.8
2026-12-29,P0561,E02433,8.8
2026-12-29,P0568,E02215,8.8
2026-12-29,P0622,E02417,4.4
2026-12-29,P0678,E02276,4.4
2026-12-29,P0702,E02407,8.8
2026-12-29,P0741,E02431,8.8
2026-12-29,P0761,E02426,8.8
2026-12-29,P0783,E02421,8.8
2026-12-29,P0794,E02422,8.8
2026-12-29,P0803,E02418,8.8
2026-12-29,P0807,E02400,4.4
2026-12-30,P0016,E02408,8.8
2026-12-30,P0020,E02386,8.8
2026-12-30,P0021,E02434,8.8
2026-12-30,P0025,E02371,8.8
2026-12-30,P0026,E02435,8.8
2026-12-30,P0036,E02436,8.8
2026-12-30,P0047,E02414,8.8
2026-12-30,P0050,E02296,8.8
2026-12-30,P0060,E02391,8.8
2026-12-30,P0092,E02190,8.8
2026-12-30,P0122,E02427,8.8
2026-12-30,P0174,E02428,8.8
2026-12-30,P0229,E02423,8.8
2026-12-30,P0269,E02392,8.8
2026-12-30,P0275,E02260,8.8
2026-12-30,P0317,E02419,8.8
2026-12-30,P0335,E02303,8.8
2026-12-30,P0340,E02394,8.8
2026-12-30,P0345,E02410,8.8
2026-12-30,P0348,E02330,8.8
2026-12-30,P0365,E02432,8.8
2026-12-30,P0366,E02395,8.8
2026-12-30,P0368,E02404,8.8
2026-12-30,P0410,E02430,8.8
2026-12-30,P0490,E02437,8.8
2026-12-30,P0520,E02438,8.8
2026-12-30,P0568,E02215,8.8
2026-12-30,P0591,E02439,8.8
2026-12-30,P0597,E02440,8.8
2026-12-30,P0622,E02417,4.4
2026-12-30,P0648,E02441,8.8
2026-12-30,P0678,E02276,4.4
2026-12-30,P0702,E02407,8.8
2026-12-30,P0741,E02431,8.8
2026-12-30,P0783,E02421,8.8
2026-12-30,P0794,E02422,8.8
2026-12-30,P0803,E02418,8.8
2026-12-30,P0807,E02400,4.4
2026-12-31,P0016,E02408,8.8
2026-12-31,P0021,E02434,8.8
2026-12-31,P0023,E02442,4.4
2026-12-31,P0025,E02371,8.8
2026-12-31,P0026,E02435,8.8
2026-12-31,P0036,E02436,8.8
2026-12-31,P0047,E02414,8.8
2026-12-31,P0050,E02296,8.8
2026-12-31,P0060,E02391,8.8
2026-12-31,P0075,E02443,8.8
2026-12-31,P0092,E02190,8.8
2026-12-31,P0122,E02427,8.8
2026-12-31,P0174,E02428,8.8
2026-12-31,P0229,E02423,8.8
2026-12-31,P0275,E02260,8.8
2026-12-31,P0278,E02444,8.8
2026-12-31,P0317,E02419,8.8
2026-12-31,P0335,E02303,8.8
2026-12-31,P0340,E02394,8.8
2026-12-31,P0345,E02410,8.8
2026-12-31,P0348,E02330,8.8
2026-12-31,P0365,E02432,8.8
2026-12-31,P0366,E02395,8.8
2026-12-31,P0410,E02430,8.8
2026-12-31,P0412,E02445,8.8
2026-12-31,P0413,E02446,8.8
2026-12-31,P0490,E02437,8.8
2026-12-31,P0520,E02438,8.8
2026-12-31,P0568,E02215,8.8
2026-12-31,P0591,E02439,8.8
2026-12-31,P0597,E02440,8.8
2026-12-31,P0622,E02417,4.4
2026-12-31,P0648,E02441,8.8
2026-12-31,P0655,E02447,8.8
2026-12-31,P0678,E02276,4.4
2026-12-31,P0702,E02407,8.8
2026-12-31,P0741,E02431,8.8
2026-12-31,P0780,E02448,8.8
2026-12-31,P0783,E02421,8.8
2026-12-31,P0803,E02418,8.8
2026-12-31,P0807,E02400,4.4
