fecha,id_persona,dias_habiles,horas
2025-01-01,P0001,23,202.4
2025-01-01,P0002,23,202.4
2025-01-01,P0003,23,202.4
2025-01-01,P0004,23,202.4
2025-01-01,P0005,23,202.4
2025-01-01,P0006,23,202.4
2025-01-01,P0007,23,202.4
2025-01-01,P0008,23,101.2
2025-01-01,P0009,23,202.4
2025-01-01,P0011,23,202.4
2025-01-01,P0012,23,202.4
2025-01-01,P0013,23,202.4
2025-01-01,P0014,23,202.4
2025-01-01,P0015,23,202.4
2025-01-01,P0016,23,202.4
2025-01-01,P0018,23,202.4
2025-01-01,P0019,23,202.4
2025-01-01,P0020,23,202.4
2025-01-01,P0021,23,202.4
2025-01-01,P0022,23,202.4
2025-01-01,P0023,23,101.2
2025-01-01,P0024,23,202.4
2025-01-01,P0025,23,202.4
2025-01-01,P0026,23,202.4
2025-01-01,P0027,23,202.4
2025-01-01,P0028,23,202.4
2025-01-01,P0029,23,202.4
2025-01-01,P0030,23,202.4
2025-01-01,P0032,2,17.6
2025-01-01,P0033,23,202.4
2025-01-01,P0034,23,202.4
2025-01-01,P0035,23,202.4
2025-01-01,P0036,23,202.4
2025-01-01,P0037,23,202.4
2025-01-01,P0038,23,202.4
2025-01-01,P0039,23,202.4
2025-01-01,P0040,23,202.4
2025-01-01,P0041,23,101.2
2025-01-01,P0042,23,202.4
2025-01-01,P0043,23,202.4
2025-01-01,P0044,23,202.4
2025-01-01,P0045,23,202.4
2025-01-01,P0046,23,202.4
2025-01-01,P0047,23,202.4
2025-01-01,P0048,23,202.4
2025-01-01,P0049,23,202.4
2025-01-01,P0050,23,202.4
2025-01-01,P0051,23,202.4
2025-01-01,P0052,23,202.4
2025-01-01,P0053,23,202.4
2025-01-01,P0054,23,202.4
2025-01-01,P0056,23,202.4
2025-01-01,P0059,23,202.4
2025-01-01,P0060,23,202.4
2025-01-01,P0061,23,202.4
2025-01-01,P0062,23,202.4
2025-01-01,P0063,23,202.4
2025-01-01,P0064,23,202.4
2025-01-01,P0065,23,202.4
2025-01-01,P0066,23,202.4
2025-01-01,P0067,23,202.4
2025-01-01,P0068,23,202.4
2025-01-01,P0069,23,202.4
2025-01-01,P0070,23,202.4
2025-01-01,P0071,23,202.4
2025-01-01,P0072,23,202.4
2025-01-01,P0073,23,202.4
2025-01-01,P0074,23,202.4
2025-01-01,P0075,23,202.4
2025-01-01,P0076,23,202.4
2025-01-01,P0077,23,202.4
2025-01-01,P0078,23,202.4
2025-01-01,P0079,23,202.4
2025-01-01,P0080,23,202.4
2025-01-01,P0081,23,101.2
2025-01-01,P0082,23,202.4
2025-01-01,P0083,23,202.4
2025-01-01,P0084,23,202.4
2025-01-01,P0085,23,202.4
2025-01-01,P0086,23,202.4
2025-01-01,P0087,23,202.4
2025-01-01,P0088,23,202.4
2025-01-01,P0089,23,202.4
2025-01-01,P0090,23,202.4
2025-01-01,P0091,23,202.4
2025-01-01,P0092,23,202.4
2025-01-01,P0093,23,202.4
2025-01-01,P0094,23,202.4
2025-01-01,P0095,23,202.4
2025-01-01,P0096,23,202.4
2025-01-01,P0097,23,101.2
2025-01-01,P0098,23,202.4
2025-01-01,P0099,23,202.4
2025-01-01,P0100,23,202.4
2025-01-01,P0101,23,202.4
2025-01-01,P0102,23,202.4
2025-01-01,P0103,23,202.4
2025-01-01,P0104,23,202.4
2025-01-01,P0105,23,202.4
2025-01-01,P0106,23,202.4
2025-01-01,P0107,23,202.4
2025-01-01,P0108,23,202.4
2025-01-01,P0109,23,202.4
2025-01-01,P0110,23,202.4
2025-01-01,P0111,23,202.4
2025-01-01,P0112,23,202.4
2025-01-01,P0113,23,202.4
2025-01-01,P0114,23,202.4
2025-01-01,P0116,23,202.4
2025-01-01,P0117,23,202.4
2025-01-01,P0118,23,202.4
2025-01-01,P0119,23,202.4
2025-01-01,P0120,23,101.2
2025-01-01,P0121,23,202.4
2025-01-01,P0122,23,202.4
2025-01-01,P0123,23,202.4
2025-01-01,P0124,23,101.2
2025-01-01,P0125,23,202.4
2025-01-01,P0126,23,202.4
2025-01-01,P0127,23,202.4
2025-01-01,P0128,23,202.4
2025-01-01,P0129,23,202.4
2025-01-01,P0130,23,202.4
2025-01-01,P0131,23,202.4
2025-01-01,P0132,23,202.4
2025-01-01,P0133,23,202.4
2025-01-01,P0134,23,202.4
2025-01-01,P0136,23,202.4
2025-01-01,P0137,23,202.4
2025-01-01,P0138,23,202.4
2025-01-01,P0139,23,202.4
2025-01-01,P0140,23,202.4
2025-01-01,P0141,23,202.4
2025-01-01,P0142,23,202.4
2025-01-01,P0143,23,202.4
2025-01-01,P0144,23,202.4
2025-01-01,P0145,23,202.4
2025-01-01,P0146,23,202.4
2025-01-01,P0147,23,202.4
2025-01-01,P0148,23,202.4
2025-01-01,P0149,23,202.4
2025-01-01,P0151,23,202.4
2025-01-01,P0152,23,101.2
2025-01-01,P0153,23,202.4
2025-01-01,P0154,23,202.4
2025-01-01,P0155,23,202.4
2025-01-01,P0156,23,202.4
2025-01-01,P0157,23,202.4
2025-01-01,P0158,23,202.4
2025-01-01,P0159,23,202.4
2025-01-01,P0160,23,202.4
2025-01-01,P0161,23,202.4
2025-01-01,P0162,23,202.4
2025-01-01,P0164,17,149.6
2025-01-01,P0165,23,202.4
2025-01-01,P0166,23,202.4
2025-01-01,P0167,23,202.4
2025-01-01,P0168,23,202.4
2025-01-01,P0169,23,202.4
2025-01-01,P0170,23,202.4
2025-01-01,P0171,23,202.4
2025-01-01,P0172,23,202.4
2025-01-01,P0173,23,202.4
2025-01-01,P0174,23,202.4
2025-01-01,P0175,23,202.4
2025-01-01,P0176,23,202.4
2025-01-01,P0177,23,202.4
2025-01-01,P0178,23,202.4
2025-01-01,P0179,23,202.4
2025-01-01,P0180,23,202.4
2025-01-01,P0181,23,202.4
2025-01-01,P0182,23,202.4
2025-01-01,P0183,23,101.2
2025-01-01,P0184,23,202.4
2025-01-01,P0185,23,202.4
2025-01-01,P0186,23,202.4
2025-01-01,P0187,23,202.4
2025-01-01,P0188,23,202.4
2025-01-01,P0189,23,202.4
2025-01-01,P0190,23,101.2
2025-01-01,P0191,23,202.4
2025-01-01,P0192,23,101.2
2025-01-01,P0193,23,202.4
2025-01-01,P0194,23,202.4
2025-01-01,P0195,23,202.4
2025-01-01,P0196,23,202.4
2025-01-01,P0197,23,202.4
2025-01-01,P0198,23,202.4
2025-01-01,P0199,23,202.4
2025-01-01,P0201,23,202.4
2025-01-01,P0202,23,202.4
2025-01-01,P0203,23,202.4
2025-01-01,P0204,23,202.4
2025-01-01,P0205,23,202.4
2025-01-01,P0206,23,202.4
2025-01-01,P0207,23,202.4
2025-01-01,P0208,23,202.4
2025-01-01,P0209,23,202.4
2025-01-01,P0210,23,202.4
2025-01-01,P0211,23,202.4
2025-01-01,P0212,23,202.4
2025-01-01,P0213,23,202.4
2025-01-01,P0214,23,202.4
2025-01-01,P0215,23,202.4
2025-01-01,P0216,23,202.4
2025-01-01,P0217,23,202.4
2025-01-01,P0218,23,202.4
2025-01-01,P0219,23,202.4
2025-01-01,P0220,23,202.4
2025-01-01,P0221,23,202.4
2025-01-01,P0222,23,202.4
2025-01-01,P0223,23,202.4
2025-01-01,P0224,23,202.4
2025-01-01,P0225,23,202.4
2025-01-01,P0226,23,202.4
2025-01-01,P0227,23,202.4
2025-01-01,P0228,23,202.4
2025-01-01,P0229,23,202.4
2025-01-01,P0230,23,202.4
2025-01-01,P0231,23,202.4
2025-01-01,P0232,23,202.4
2025-01-01,P0234,23,202.4
2025-01-01,P0235,23,202.4
2025-01-01,P0236,23,202.4
2025-01-01,P0237,23,202.4
2025-01-01,P0238,23,202.4
2025-01-01,P0239,23,202.4
2025-01-01,P0240,23,202.4
2025-01-01,P0241,23,202.4
2025-01-01,P0242,23,202.4
2025-01-01,P0245,23,202.4
2025-01-01,P0246,23,202.4
2025-01-01,P0248,23,202.4
2025-01-01,P0251,23,202.4
2025-01-01,P0252,23,202.4
2025-01-01,P0253,23,202.4
2025-01-01,P0254,23,202.4
2025-01-01,P0255,23,202.4
2025-01-01,P0256,23,202.4
2025-01-01,P0257,23,202.4
2025-01-01,P0258,23,101.2
2025-01-01,P0259,23,202.4
2025-01-01,P0260,23,202.4
2025-01-01,P0261,23,202.4
2025-01-01,P0262,23,101.2
2025-01-01,P0263,23,202.4
2025-01-01,P0264,23,202.4
2025-01-01,P0265,23,202.4
2025-01-01,P0266,23,202.4
2025-01-01,P0267,23,202.4
2025-01-01,P0268,23,202.4
2025-01-01,P0269,23,202.4
2025-01-01,P0270,23,202.4
2025-01-01,P0271,23,202.4
2025-01-01,P0272,23,202.4
2025-01-01,P0273,23,202.4
2025-01-01,P0274,23,202.4
2025-01-01,P0275,23,202.4
2025-01-01,P0276,23,101.2
2025-01-01,P0277,23,202.4
2025-01-01,P0278,23,202.4
2025-01-01,P0279,23,202.4
2025-01-01,P0281,23,202.4
2025-01-01,P0282,23,202.4
2025-01-01,P0283,23,101.2
2025-01-01,P0285,23,202.4
2025-01-01,P0287,23,202.4
2025-01-01,P0288,23,202.4
2025-01-01,P0289,23,202.4
2025-01-01,P0290,23,101.2
2025-01-01,P0291,23,101.2
2025-01-01,P0292,23,202.4
2025-01-01,P0293,23,202.4
2025-01-01,P0294,23,202.4
2025-01-01,P0295,23,202.4
2025-01-01,P0296,23,202.4
2025-01-01,P0297,23,202.4
2025-01-01,P0298,23,202.4
2025-01-01,P0299,23,202.4
2025-01-01,P0300,23,202.4
2025-01-01,P0301,23,202.4
2025-01-01,P0302,23,202.4
2025-01-01,P0303,23,202.4
2025-01-01,P0304,23,202.4
2025-01-01,P0305,23,202.4
2025-01-01,P0306,23,202.4
2025-01-01,P0307,23,202.4
2025-01-01,P0308,23,101.2
2025-01-01,P0309,23,202.4
2025-01-01,P0311,23,202.4
2025-01-01,P0313,23,202.4
2025-01-01,P0314,23,202.4
2025-01-01,P0315,23,202.4
2025-01-01,P0316,23,202.4
2025-01-01,P0317,23,202.4
2025-01-01,P0318,23,202.4
2025-01-01,P0319,23,202.4
2025-01-01,P0320,23,202.4
2025-01-01,P0321,23,202.4
2025-01-01,P0322,23,101.2
2025-01-01,P0323,23,101.2
2025-01-01,P0324,23,202.4
2025-01-01,P0325,23,202.4
2025-01-01,P0326,23,202.4
2025-01-01,P0327,23,101.2
2025-01-01,P0328,23,202.4
2025-01-01,P0329,23,202.4
2025-01-01,P0330,23,202.4
2025-01-01,P0331,23,202.4
2025-01-01,P0333,23,202.4
2025-01-01,P0334,23,202.4
2025-01-01,P0335,23,202.4
2025-01-01,P0336,23,202.4
2025-01-01,P0337,23,202.4
2025-01-01,P0338,23,202.4
2025-01-01,P0339,23,202.4
2025-01-01,P0340,23,202.4
2025-01-01,P0342,23,101.2
2025-01-01,P0343,23,101.2
2025-01-01,P0344,23,202.4
2025-01-01,P0345,23,202.4
2025-01-01,P0346,23,202.4
2025-01-01,P0347,23,202.4
2025-01-01,P0348,23,202.4
2025-01-01,P0349,23,202.4
2025-01-01,P0350,23,202.4
2025-01-01,P0352,23,202.4
2025-01-01,P0353,23,202.4
2025-01-01,P0354,23,202.4
2025-01-01,P0355,23,202.4
2025-01-01,P0356,23,202.4
2025-01-01,P0357,23,202.4
2025-01-01,P0358,23,202.4
2025-01-01,P0359,23,202.4
2025-01-01,P0360,23,202.4
2025-01-01,P0361,23,202.4
2025-01-01,P0362,23,202.4
2025-01-01,P0363,23,101.2
2025-01-01,P0364,23,101.2
2025-01-01,P0365,23,202.4
2025-01-01,P0366,23,202.4
2025-01-01,P0367,23,202.4
2025-01-01,P0368,23,202.4
2025-01-01,P0369,23,202.4
2025-01-01,P0370,23,202.4
2025-01-01,P0371,23,202.4
2025-01-01,P0372,23,202.4
2025-01-01,P0373,23,202.4
2025-01-01,P0374,23,101.2
2025-01-01,P0375,23,101.2
2025-01-01,P0376,23,202.4
2025-01-01,P0377,23,202.4
2025-01-01,P0378,23,202.4
2025-01-01,P0379,23,202.4
2025-01-01,P0380,23,202.4
2025-01-01,P0382,23,202.4
2025-01-01,P0383,23,202.4
2025-01-01,P0384,23,202.4
2025-01-01,P0385,23,202.4
2025-01-01,P0386,23,202.4
2025-01-01,P0388,23,202.4
2025-01-01,P0389,23,202.4
2025-01-01,P0390,23,101.2
2025-01-01,P0391,23,202.4
2025-01-01,P0392,23,202.4
2025-01-01,P0393,23,202.4
2025-01-01,P0394,23,202.4
2025-01-01,P0395,23,202.4
2025-01-01,P0396,23,202.4
2025-01-01,P0398,23,202.4
2025-01-01,P0399,23,202.4
2025-01-01,P0400,23,202.4
2025-01-01,P0401,23,202.4
2025-01-01,P0402,23,202.4
2025-01-01,P0403,23,202.4
2025-01-01,P0404,23,101.2
2025-01-01,P0405,23,202.4
2025-01-01,P0406,23,202.4
2025-01-01,P0407,23,202.4
2025-01-01,P0409,23,202.4
2025-01-01,P0410,23,202.4
2025-01-01,P0411,23,202.4
2025-01-01,P0412,23,202.4
2025-01-01,P0413,23,202.4
2025-01-01,P0414,23,202.4
2025-01-01,P0415,23,202.4
2025-01-01,P0416,23,202.4
2025-01-01,P0417,23,202.4
2025-01-01,P0418,23,202.4
2025-01-01,P0419,23,202.4
2025-01-01,P0420,23,202.4
2025-01-01,P0421,23,202.4
2025-01-01,P0422,23,202.4
2025-01-01,P0423,23,202.4
2025-01-01,P0424,23,202.4
2025-01-01,P0425,23,202.4
2025-01-01,P0426,23,202.4
2025-01-01,P0427,23,202.4
2025-01-01,P0428,23,202.4
2025-01-01,P0429,23,202.4
2025-01-01,P0430,23,202.4
2025-01-01,P0431,23,202.4
2025-01-01,P0432,23,202.4
2025-01-01,P0433,23,101.2
2025-01-01,P0434,23,202.4
2025-01-01,P0435,23,202.4
2025-01-01,P0436,23,202.4
2025-01-01,P0437,23,202.4
2025-01-01,P0439,23,202.4
2025-01-01,P0440,23,202.4
2025-01-01,P0441,23,101.2
2025-01-01,P0442,23,202.4
2025-01-01,P0443,23,202.4
2025-01-01,P0444,23,202.4
2025-01-01,P0445,23,202.4
2025-01-01,P0446,23,202.4
2025-01-01,P0448,23,202.4
2025-01-01,P0449,23,202.4
2025-01-01,P0450,23,202.4
2025-01-01,P0451,23,202.4
2025-01-01,P0454,23,202.4
2025-01-01,P0455,23,202.4
2025-01-01,P0456,23,202.4
2025-01-01,P0457,23,202.4
2025-01-01,P0458,23,202.4
2025-01-01,P0459,23,202.4
2025-01-01,P0460,23,202.4
2025-01-01,P0461,23,202.4
2025-01-01,P0463,23,202.4
2025-01-01,P0464,23,202.4
2025-01-01,P0465,23,202.4
2025-01-01,P0466,23,202.4
2025-01-01,P0467,23,202.4
2025-01-01,P0468,23,202.4
2025-01-01,P0469,23,202.4
2025-01-01,P0470,23,202.4
2025-01-01,P0471,23,202.4
2025-01-01,P0473,23,202.4
2025-01-01,P0474,23,202.4
2025-01-01,P0475,23,202.4
2025-01-01,P0476,23,202.4
2025-01-01,P0478,23,202.4
2025-01-01,P0479,23,202.4
2025-01-01,P0480,23,202.4
2025-01-01,P0481,23,202.4
2025-01-01,P0482,23,202.4
2025-01-01,P0483,23,202.4
2025-01-01,P0484,23,202.4
2025-01-01,P0485,23,202.4
2025-01-01,P0486,23,202.4
2025-01-01,P0487,23,101.2
2025-01-01,P0488,23,202.4
2025-01-01,P0489,23,202.4
2025-01-01,P0490,23,202.4
2025-01-01,P0491,23,202.4
2025-01-01,P0492,23,202.4
2025-01-01,P0493,23,101.2
2025-01-01,P0495,23,202.4
2025-01-01,P0496,23,202.4
2025-01-01,P0497,23,202.4
2025-01-01,P0499,23,202.4
2025-01-01,P0500,23,101.2
2025-01-01,P0501,23,202.4
2025-01-01,P0502,23,202.4
2025-01-01,P0503,23,202.4
2025-01-01,P0504,23,101.2
2025-01-01,P0505,23,202.4
2025-01-01,P0506,23,202.4
2025-01-01,P0507,23,202.4
2025-01-01,P0509,23,202.4
2025-01-01,P0510,23,202.4
2025-01-01,P0511,23,202.4
2025-01-01,P0512,23,202.4
2025-01-01,P0513,23,202.4
2025-01-01,P0514,23,202.4
2025-01-01,P0515,23,202.4
2025-01-01,P0516,23,202.4
2025-01-01,P0517,23,202.4
2025-01-01,P0518,23,202.4
2025-01-01,P0519,23,101.2
2025-01-01,P0520,23,202.4
2025-01-01,P0521,23,202.4
2025-01-01,P0522,23,202.4
2025-01-01,P0523,23,202.4
2025-01-01,P0524,23,202.4
2025-01-01,P0525,23,202.4
2025-01-01,P0526,23,101.2
2025-01-01,P0527,23,202.4
2025-01-01,P0528,23,202.4
2025-01-01,P0529,23,202.4
2025-01-01,P0530,23,202.4
2025-01-01,P0532,23,202.4
2025-01-01,P0534,23,202.4
2025-01-01,P0535,23,202.4
2025-01-01,P0536,23,202.4
2025-01-01,P0537,23,202.4
2025-01-01,P0538,23,202.4
2025-01-01,P0539,23,202.4
2025-01-01,P0540,23,202.4
2025-01-01,P0541,23,202.4
2025-01-01,P0542,23,202.4
2025-01-01,P0543,23,202.4
2025-01-01,P0544,23,202.4
2025-01-01,P0545,23,202.4
2025-01-01,P0546,23,202.4
2025-01-01,P0547,23,101.2
2025-01-01,P0548,23,202.4
2025-01-01,P0549,23,202.4
2025-01-01,P0550,23,202.4
2025-01-01,P0551,23,202.4
2025-01-01,P0552,23,101.2
2025-01-01,P0553,23,202.4
2025-01-01,P0555,23,202.4
2025-01-01,P0556,23,202.4
2025-01-01,P0557,23,202.4
2025-01-01,P0558,23,202.4
2025-01-01,P0559,23,101.2
2025-01-01,P0560,23,202.4
2025-01-01,P0561,23,202.4
2025-01-01,P0562,23,202.4
2025-01-01,P0563,23,202.4
2025-01-01,P0564,23,202.4
2025-01-01,P0565,4,35.2
2025-01-01,P0566,23,202.4
2025-01-01,P0567,23,202.4
2025-01-01,P0568,23,202.4
2025-01-01,P0569,23,202.4
2025-01-01,P0570,23,202.4
2025-01-01,P0571,23,202.4
2025-01-01,P0572,23,202.4
2025-01-01,P0573,23,202.4
2025-01-01,P0574,23,202.4
2025-01-01,P0575,23,202.4
2025-01-01,P0576,23,202.4
2025-01-01,P0577,23,202.4
2025-01-01,P0579,23,202.4
2025-01-01,P0580,23,202.4
2025-01-01,P0581,23,202.4
2025-01-01,P0582,23,202.4
2025-01-01,P0583,23,202.4
2025-01-01,P0584,23,202.4
2025-01-01,P0585,23,202.4
2025-01-01,P0586,23,202.4
2025-01-01,P0587,23,202.4
2025-01-01,P0588,23,202.4
2025-01-01,P0589,23,202.4
2025-01-01,P0590,23,101.2
2025-01-01,P0591,23,202.4
2025-01-01,P0592,23,202.4
2025-01-01,P0593,23,202.4
2025-01-01,P0595,23,202.4
2025-01-01,P0596,23,202.4
2025-01-01,P0597,23,202.4
2025-01-01,P0598,23,202.4
2025-01-01,P0599,23,202.4
2025-01-01,P0600,23,202.4
2025-01-01,P0601,23,101.2
2025-01-01,P0602,23,202.4
2025-01-01,P0603,23,202.4
2025-01-01,P0604,23,202.4
2025-01-01,P0605,23,202.4
2025-01-01,P0606,23,202.4
2025-01-01,P0607,23,202.4
2025-01-01,P0608,23,202.4
2025-01-01,P0609,23,202.4
2025-01-01,P0610,23,202.4
2025-01-01,P0612,23,202.4
2025-01-01,P0613,23,101.2
2025-01-01,P0615,23,202.4
2025-01-01,P0616,23,202.4
2025-01-01,P0617,23,202.4
2025-01-01,P0618,23,202.4
2025-01-01,P0619,23,202.4
2025-01-01,P0620,23,202.4
2025-01-01,P0621,23,202.4
2025-01-01,P0622,23,101.2
2025-01-01,P0623,23,202.4
2025-01-01,P0624,23,202.4
2025-01-01,P0625,23,202.4
2025-01-01,P0626,23,202.4
2025-01-01,P0627,23,101.2
2025-01-01,P0628,23,202.4
2025-01-01,P0629,11,96.8
2025-01-01,P0630,23,202.4
2025-01-01,P0631,23,202.4
2025-01-01,P0632,23,202.4
2025-01-01,P0634,23,202.4
2025-01-01,P0635,23,202.4
2025-01-01,P0636,23,101.2
2025-01-01,P0637,23,202.4
2025-01-01,P0638,23,202.4
2025-01-01,P0639,23,202.4
2025-01-01,P0640,23,101.2
2025-01-01,P0641,23,202.4
2025-01-01,P0642,23,202.4
2025-01-01,P0643,23,202.4
2025-01-01,P0644,20,176.0
2025-01-01,P0645,7,61.6
2025-01-01,P0646,14,123.2
2025-01-01,P0647,13,114.4
2025-01-01,P0648,13,114.4
2025-01-01,P0649,13,114.4
2025-01-01,P0650,13,57.2
2025-01-01,P0651,5,44.0
2025-01-01,P0652,2,17.6
2025-02-01,P0001,20,176.0
2025-02-01,P0002,20,176.0
2025-02-01,P0003,20,176.0
2025-02-01,P0004,20,176.0
2025-02-01,P0005,20,176.0
2025-02-01,P0006,20,176.0
2025-02-01,P0007,20,176.0
2025-02-01,P0008,20,88.0
2025-02-01,P0009,20,176.0
2025-02-01,P0011,20,176.0
2025-02-01,P0012,20,176.0
2025-02-01,P0013,20,176.0
2025-02-01,P0014,20,176.0
2025-02-01,P0015,20,176.0
2025-02-01,P0016,20,176.0
2025-02-01,P0018,20,176.0
2025-02-01,P0019,20,176.0
2025-02-01,P0020,20,176.0
2025-02-01,P0021,20,176.0
2025-02-01,P0022,20,176.0
2025-02-01,P0023,20,88.0
2025-02-01,P0024,20,176.0
2025-02-01,P0025,20,176.0
2025-02-01,P0026,20,176.0
2025-02-01,P0027,20,176.0
2025-02-01,P0028,20,176.0
2025-02-01,P0029,20,176.0
2025-02-01,P0030,20,176.0
2025-02-01,P0033,18,158.4
2025-02-01,P0034,20,176.0
2025-02-01,P0035,20,176.0
2025-02-01,P0036,20,176.0
2025-02-01,P0037,20,176.0
2025-02-01,P0038,20,176.0
2025-02-01,P0039,20,176.0
2025-02-01,P0040,20,176.0
2025-02-01,P0041,20,88.0
2025-02-01,P0042,20,176.0
2025-02-01,P0043,20,176.0
2025-02-01,P0044,20,176.0
2025-02-01,P0045,20,176.0
2025-02-01,P0046,20,176.0
2025-02-01,P0047,20,176.0
2025-02-01,P0048,20,176.0
2025-02-01,P0049,20,176.0
2025-02-01,P0050,20,176.0
2025-02-01,P0051,20,176.0
2025-02-01,P0052,20,176.0
2025-02-01,P0053,20,176.0
2025-02-01,P0054,20,176.0
2025-02-01,P0056,20,176.0
2025-02-01,P0059,20,176.0
2025-02-01,P0060,20,176.0
2025-02-01,P0061,20,176.0
2025-02-01,P0062,20,176.0
2025-02-01,P0063,20,176.0
2025-02-01,P0064,20,176.0
2025-02-01,P0065,20,176.0
2025-02-01,P0066,20,176.0
2025-02-01,P0067,20,176.0
2025-02-01,P0068,20,176.0
2025-02-01,P0069,20,176.0
2025-02-01,P0070,20,176.0
2025-02-01,P0071,20,176.0
2025-02-01,P0072,20,176.0
2025-02-01,P0073,20,176.0
2025-02-01,P0074,20,176.0
2025-02-01,P0075,20,176.0
2025-02-01,P0076,20,176.0
2025-02-01,P0077,20,176.0
2025-02-01,P0078,20,176.0
2025-02-01,P0079,20,176.0
2025-02-01,P0080,20,176.0
2025-02-01,P0081,20,88.0
2025-02-01,P0082,20,176.0
2025-02-01,P0083,20,176.0
2025-02-01,P0084,20,176.0
2025-02-01,P0085,20,176.0
2025-02-01,P0086,20,176.0
2025-02-01,P0087,20,176.0
2025-02-01,P0088,20,176.0
2025-02-01,P0089,20,176.0
2025-02-01,P0090,20,176.0
2025-02-01,P0091,20,176.0
2025-02-01,P0092,20,176.0
2025-02-01,P0093,20,176.0
2025-02-01,P0094,20,176.0
2025-02-01,P0095,20,176.0
2025-02-01,P0096,20,176.0
2025-02-01,P0097,20,88.0
2025-02-01,P0098,20,176.0
2025-02-01,P0099,20,176.0
2025-02-01,P0100,20,176.0
2025-02-01,P0101,20,176.0
2025-02-01,P0102,20,176.0
2025-02-01,P0103,20,176.0
2025-02-01,P0104,20,176.0
2025-02-01,P0105,20,176.0
2025-02-01,P0106,20,176.0
2025-02-01,P0107,20,176.0
2025-02-01,P0108,20,176.0
2025-02-01,P0109,20,176.0
2025-02-01,P0110,20,176.0
2025-02-01,P0111,20,176.0
2025-02-01,P0112,20,176.0
2025-02-01,P0113,20,176.0
2025-02-01,P0114,20,176.0
2025-02-01,P0116,20,176.0
2025-02-01,P0117,20,176.0
2025-02-01,P0118,20,176.0
2025-02-01,P0119,20,176.0
2025-02-01,P0120,20,88.0
2025-02-01,P0121,20,176.0
2025-02-01,P0122,20,176.0
2025-02-01,P0123,20,176.0
2025-02-01,P0124,20,88.0
2025-02-01,P0125,20,176.0
2025-02-01,P0126,20,176.0
2025-02-01,P0127,20,176.0
2025-02-01,P0128,20,176.0
2025-02-01,P0129,20,176.0
2025-02-01,P0130,20,176.0
2025-02-01,P0131,20,176.0
2025-02-01,P0132,20,176.0
2025-02-01,P0133,20,176.0
2025-02-01,P0134,20,176.0
2025-02-01,P0136,20,176.0
2025-02-01,P0137,20,176.0
2025-02-01,P0138,20,176.0
2025-02-01,P0139,20,176.0
2025-02-01,P0140,20,176.0
2025-02-01,P0141,20,176.0
2025-02-01,P0142,20,176.0
2025-02-01,P0143,20,176.0
2025-02-01,P0144,20,176.0
2025-02-01,P0145,20,176.0
2025-02-01,P0146,20,176.0
2025-02-01,P0147,20,176.0
2025-02-01,P0148,20,176.0
2025-02-01,P0149,20,176.0
2025-02-01,P0151,20,176.0
2025-02-01,P0152,20,88.0
2025-02-01,P0153,20,176.0
2025-02-01,P0154,20,176.0
2025-02-01,P0155,20,176.0
2025-02-01,P0156,20,176.0
2025-02-01,P0157,20,176.0
2025-02-01,P0158,20,176.0
2025-02-01,P0159,20,176.0
2025-02-01,P0160,20,176.0
2025-02-01,P0161,20,176.0
2025-02-01,P0162,20,176.0
2025-02-01,P0165,20,176.0
2025-02-01,P0166,20,176.0
2025-02-01,P0167,20,176.0
2025-02-01,P0168,20,176.0
2025-02-01,P0169,20,176.0
2025-02-01,P0170,20,176.0
2025-02-01,P0171,20,176.0
2025-02-01,P0172,20,176.0
2025-02-01,P0173,20,176.0
2025-02-01,P0174,20,176.0
2025-02-01,P0175,20,176.0
2025-02-01,P0176,20,176.0
2025-02-01,P0177,20,176.0
2025-02-01,P0178,20,176.0
2025-02-01,P0179,20,176.0
2025-02-01,P0180,20,176.0
2025-02-01,P0181,20,176.0
2025-02-01,P0182,20,176.0
2025-02-01,P0183,20,88.0
2025-02-01,P0184,20,176.0
2025-02-01,P0185,20,176.0
2025-02-01,P0186,20,176.0
2025-02-01,P0187,20,176.0
2025-02-01,P0188,20,176.0
2025-02-01,P0189,20,176.0
2025-02-01,P0190,20,88.0
2025-02-01,P0191,20,176.0
2025-02-01,P0192,20,88.0
2025-02-01,P0193,20,176.0
2025-02-01,P0194,20,176.0
2025-02-01,P0195,20,176.0
2025-02-01,P0196,20,176.0
2025-02-01,P0197,20,176.0
2025-02-01,P0198,20,176.0
2025-02-01,P0199,20,176.0
2025-02-01,P0201,20,176.0
2025-02-01,P0202,20,176.0
2025-02-01,P0203,20,176.0
2025-02-01,P0204,20,176.0
2025-02-01,P0205,20,176.0
2025-02-01,P0206,20,176.0
2025-02-01,P0207,20,176.0
2025-02-01,P0208,20,176.0
2025-02-01,P0209,20,176.0
2025-02-01,P0210,20,176.0
2025-02-01,P0211,20,176.0
2025-02-01,P0212,20,176.0
2025-02-01,P0213,20,176.0
2025-02-01,P0214,20,176.0
2025-02-01,P0215,20,176.0
2025-02-01,P0216,20,176.0
2025-02-01,P0217,20,176.0
2025-02-01,P0218,20,176.0
2025-02-01,P0219,20,176.0
2025-02-01,P0220,20,176.0
2025-02-01,P0221,20,176.0
2025-02-01,P0222,20,176.0
2025-02-01,P0223,20,176.0
2025-02-01,P0224,20,176.0
2025-02-01,P0225,20,176.0
2025-02-01,P0226,20,176.0
2025-02-01,P0227,20,176.0
2025-02-01,P0228,20,176.0
2025-02-01,P0229,20,176.0
2025-02-01,P0230,20,176.0
2025-02-01,P0231,18,158.4
2025-02-01,P0232,20,176.0
2025-02-01,P0234,20,176.0
2025-02-01,P0235,20,176.0
2025-02-01,P0236,20,176.0
2025-02-01,P0237,20,176.0
2025-02-01,P0238,20,176.0
2025-02-01,P0239,20,176.0
2025-02-01,P0240,20,176.0
2025-02-01,P0241,20,176.0
2025-02-01,P0242,20,176.0
2025-02-01,P0245,20,176.0
2025-02-01,P0246,20,176.0
2025-02-01,P0248,20,176.0
2025-02-01,P0251,20,176.0
2025-02-01,P0252,20,176.0
2025-02-01,P0253,20,176.0
2025-02-01,P0254,20,176.0
2025-02-01,P0255,20,176.0
2025-02-01,P0256,20,176.0
2025-02-01,P0257,20,176.0
2025-02-01,P0258,20,88.0
2025-02-01,P0259,20,176.0
2025-02-01,P0260,20,176.0
2025-02-01,P0261,20,176.0
2025-02-01,P0262,20,88.0
2025-02-01,P0263,20,176.0
2025-02-01,P0264,20,176.0
2025-02-01,P0265,20,176.0
2025-02-01,P0266,20,176.0
2025-02-01,P0267,20,176.0
2025-02-01,P0268,20,176.0
2025-02-01,P0269,20,176.0
2025-02-01,P0270,20,176.0
2025-02-01,P0271,20,176.0
2025-02-01,P0272,20,176.0
2025-02-01,P0273,20,176.0
2025-02-01,P0274,20,176.0
2025-02-01,P0275,20,176.0
2025-02-01,P0276,20,88.0
2025-02-01,P0277,20,176.0
2025-02-01,P0278,20,176.0
2025-02-01,P0279,20,176.0
2025-02-01,P0281,20,176.0
2025-02-01,P0282,20,176.0
2025-02-01,P0283,20,88.0
2025-02-01,P0285,20,176.0
2025-02-01,P0287,20,176.0
2025-02-01,P0288,20,176.0
2025-02-01,P0289,20,176.0
2025-02-01,P0290,20,88.0
2025-02-01,P0291,20,88.0
2025-02-01,P0292,20,176.0
2025-02-01,P0293,20,176.0
2025-02-01,P0294,20,176.0
2025-02-01,P0295,20,176.0
2025-02-01,P0296,20,176.0
2025-02-01,P0297,20,176.0
2025-02-01,P0298,20,176.0
2025-02-01,P0299,20,176.0
2025-02-01,P0300,20,176.0
2025-02-01,P0301,20,176.0
2025-02-01,P0302,20,176.0
2025-02-01,P0303,20,176.0
2025-02-01,P0304,20,176.0
2025-02-01,P0305,20,176.0
2025-02-01,P0306,20,176.0
2025-02-01,P0307,20,176.0
2025-02-01,P0308,20,88.0
2025-02-01,P0309,20,176.0
2025-02-01,P0311,20,176.0
2025-02-01,P0313,20,176.0
2025-02-01,P0314,20,176.0
2025-02-01,P0315,20,176.0
2025-02-01,P0316,20,176.0
2025-02-01,P0317,20,176.0
2025-02-01,P0318,20,176.0
2025-02-01,P0319,20,176.0
2025-02-01,P0320,20,176.0
2025-02-01,P0321,20,176.0
2025-02-01,P0322,20,88.0
2025-02-01,P0323,20,88.0
2025-02-01,P0324,20,176.0
2025-02-01,P0325,20,176.0
2025-02-01,P0326,20,176.0
2025-02-01,P0327,20,88.0
2025-02-01,P0328,20,176.0
2025-02-01,P0329,20,176.0
2025-02-01,P0330,20,176.0
2025-02-01,P0331,20,176.0
2025-02-01,P0333,20,176.0
2025-02-01,P0334,20,176.0
2025-02-01,P0335,20,176.0
2025-02-01,P0336,20,176.0
2025-02-01,P0337,20,176.0
2025-02-01,P0338,20,176.0
2025-02-01,P0339,20,176.0
2025-02-01,P0340,20,176.0
2025-02-01,P0342,20,88.0
2025-02-01,P0343,20,88.0
2025-02-01,P0344,20,176.0
2025-02-01,P0345,20,176.0
2025-02-01,P0346,20,176.0
2025-02-01,P0347,20,176.0
2025-02-01,P0348,20,176.0
2025-02-01,P0349,20,176.0
2025-02-01,P0350,20,176.0
2025-02-01,P0352,20,176.0
2025-02-01,P0353,20,176.0
2025-02-01,P0354,20,176.0
2025-02-01,P0355,20,176.0
2025-02-01,P0356,20,176.0
2025-02-01,P0357,20,176.0
2025-02-01,P0358,20,176.0
2025-02-01,P0359,20,176.0
2025-02-01,P0360,20,176.0
2025-02-01,P0361,20,176.0
2025-02-01,P0362,20,176.0
2025-02-01,P0363,20,88.0
2025-02-01,P0364,20,88.0
2025-02-01,P0365,20,176.0
2025-02-01,P0366,20,176.0
2025-02-01,P0367,20,176.0
2025-02-01,P0368,20,176.0
2025-02-01,P0369,20,176.0
2025-02-01,P0370,20,176.0
2025-02-01,P0371,20,176.0
2025-02-01,P0372,20,176.0
2025-02-01,P0373,20,176.0
2025-02-01,P0374,20,88.0
2025-02-01,P0375,20,88.0
2025-02-01,P0376,20,176.0
2025-02-01,P0377,20,176.0
2025-02-01,P0378,20,176.0
2025-02-01,P0379,20,176.0
2025-02-01,P0380,20,176.0
2025-02-01,P0382,20,176.0
2025-02-01,P0383,20,176.0
2025-02-01,P0384,20,176.0
2025-02-01,P0385,20,176.0
2025-02-01,P0386,20,176.0
2025-02-01,P0388,20,176.0
2025-02-01,P0389,20,176.0
2025-02-01,P0390,20,88.0
2025-02-01,P0391,20,176.0
2025-02-01,P0392,20,176.0
2025-02-01,P0393,20,176.0
2025-02-01,P0394,20,176.0
2025-02-01,P0395,20,176.0
2025-02-01,P0396,20,176.0
2025-02-01,P0398,20,176.0
2025-02-01,P0399,20,176.0
2025-02-01,P0400,20,176.0
2025-02-01,P0401,20,176.0
2025-02-01,P0402,20,176.0
2025-02-01,P0403,20,176.0
2025-02-01,P0404,20,88.0
2025-02-01,P0405,20,176.0
2025-02-01,P0406,20,176.0
2025-02-01,P0407,20,176.0
2025-02-01,P0409,20,176.0
2025-02-01,P0410,20,176.0
2025-02-01,P0411,20,176.0
2025-02-01,P0412,20,176.0
2025-02-01,P0413,20,176.0
2025-02-01,P0414,20,176.0
2025-02-01,P0415,20,176.0
2025-02-01,P0416,20,176.0
2025-02-01,P0417,20,176.0
2025-02-01,P0418,20,176.0
2025-02-01,P0419,20,176.0
2025-02-01,P0420,20,176.0
2025-02-01,P0421,20,176.0
2025-02-01,P0422,20,176.0
2025-02-01,P0423,20,176.0
2025-02-01,P0424,20,176.0
2025-02-01,P0425,20,176.0
2025-02-01,P0426,20,176.0
2025-02-01,P0427,20,176.0
2025-02-01,P0428,20,176.0
2025-02-01,P0429,20,176.0
2025-02-01,P0430,20,176.0
2025-02-01,P0431,20,176.0
2025-02-01,P0432,20,176.0
2025-02-01,P0433,20,88.0
2025-02-01,P0434,20,176.0
2025-02-01,P0435,20,176.0
2025-02-01,P0436,20,176.0
2025-02-01,P0437,20,176.0
2025-02-01,P0439,20,176.0
2025-02-01,P0440,20,176.0
2025-02-01,P0441,20,88.0
2025-02-01,P0442,20,176.0
2025-02-01,P0443,20,176.0
2025-02-01,P0444,20,176.0
2025-02-01,P0445,20,176.0
2025-02-01,P0446,16,140.8
2025-02-01,P0448,20,176.0
2025-02-01,P0449,20,176.0
2025-02-01,P0450,20,176.0
2025-02-01,P0451,20,176.0
2025-02-01,P0454,20,176.0
2025-02-01,P0455,20,176.0
2025-02-01,P0456,20,176.0
2025-02-01,P0457,20,176.0
2025-02-01,P0458,20,176.0
2025-02-01,P0459,20,176.0
2025-02-01,P0460,20,176.0
2025-02-01,P0461,20,176.0
2025-02-01,P0463,20,176.0
2025-02-01,P0464,20,176.0
2025-02-01,P0465,20,176.0
2025-02-01,P0466,20,176.0
2025-02-01,P0467,20,176.0
2025-02-01,P0468,20,176.0
2025-02-01,P0469,20,176.0
2025-02-01,P0470,20,176.0
2025-02-01,P0471,20,176.0
2025-02-01,P0473,20,176.0
2025-02-01,P0474,20,176.0
2025-02-01,P0475,20,176.0
2025-02-01,P0476,20,176.0
2025-02-01,P0478,20,176.0
2025-02-01,P0479,20,176.0
2025-02-01,P0480,20,176.0
2025-02-01,P0481,20,176.0
2025-02-01,P0482,20,176.0
2025-02-01,P0483,20,176.0
2025-02-01,P0484,20,176.0
2025-02-01,P0485,20,176.0
2025-02-01,P0486,20,176.0
2025-02-01,P0487,20,88.0
2025-02-01,P0488,20,176.0
2025-02-01,P0489,20,176.0
2025-02-01,P0490,20,176.0
2025-02-01,P0491,20,176.0
2025-02-01,P0492,20,176.0
2025-02-01,P0493,20,88.0
2025-02-01,P0495,20,176.0
2025-02-01,P0496,20,176.0
2025-02-01,P0497,20,176.0
2025-02-01,P0499,20,176.0
2025-02-01,P0500,20,88.0
2025-02-01,P0501,20,176.0
2025-02-01,P0502,20,176.0
2025-02-01,P0503,20,176.0
2025-02-01,P0504,20,88.0
2025-02-01,P0505,20,176.0
2025-02-01,P0506,20,176.0
2025-02-01,P0507,20,176.0
2025-02-01,P0509,20,176.0
2025-02-01,P0510,20,176.0
2025-02-01,P0511,20,176.0
2025-02-01,P0512,20,176.0
2025-02-01,P0513,20,176.0
2025-02-01,P0514,20,176.0
2025-02-01,P0515,20,176.0
2025-02-01,P0516,20,176.0
2025-02-01,P0517,20,176.0
2025-02-01,P0518,20,176.0
2025-02-01,P0519,20,88.0
2025-02-01,P0520,20,176.0
2025-02-01,P0521,20,176.0
2025-02-01,P0522,20,176.0
2025-02-01,P0523,20,176.0
2025-02-01,P0524,20,176.0
2025-02-01,P0525,20,176.0
2025-02-01,P0526,20,88.0
2025-02-01,P0527,20,176.0
2025-02-01,P0528,20,176.0
2025-02-01,P0529,20,176.0
2025-02-01,P0530,20,176.0
2025-02-01,P0532,20,176.0
2025-02-01,P0534,20,176.0
2025-02-01,P0535,20,176.0
2025-02-01,P0536,20,176.0
2025-02-01,P0537,20,176.0
2025-02-01,P0538,20,176.0
2025-02-01,P0539,20,176.0
2025-02-01,P0540,20,176.0
2025-02-01,P0541,20,176.0
2025-02-01,P0542,20,176.0
2025-02-01,P0543,20,176.0
2025-02-01,P0544,20,176.0
2025-02-01,P0545,20,176.0
2025-02-01,P0546,20,176.0
2025-02-01,P0547,20,88.0
2025-02-01,P0548,20,176.0
2025-02-01,P0549,20,176.0
2025-02-01,P0550,20,176.0
2025-02-01,P0551,20,176.0
2025-02-01,P0552,20,88.0
2025-02-01,P0553,20,176.0
2025-02-01,P0555,20,176.0
2025-02-01,P0556,20,176.0
2025-02-01,P0557,20,176.0
2025-02-01,P0558,20,176.0
2025-02-01,P0559,20,88.0
2025-02-01,P0560,20,176.0
2025-02-01,P0561,20,176.0
2025-02-01,P0562,20,176.0
2025-02-01,P0563,20,176.0
2025-02-01,P0564,20,176.0
2025-02-01,P0566,20,176.0
2025-02-01,P0567,20,176.0
2025-02-01,P0568,20,176.0
2025-02-01,P0569,20,176.0
2025-02-01,P0570,20,176.0
2025-02-01,P0571,20,176.0
2025-02-01,P0572,20,176.0
2025-02-01,P0573,20,176.0
2025-02-01,P0574,20,176.0
2025-02-01,P0575,20,176.0
2025-02-01,P0576,20,176.0
2025-02-01,P0577,20,176.0
2025-02-01,P0579,20,176.0
2025-02-01,P0580,20,176.0
2025-02-01,P0581,20,176.0
2025-02-01,P0582,20,176.0
2025-02-01,P0583,20,176.0
2025-02-01,P0584,20,176.0
2025-02-01,P0585,20,176.0
2025-02-01,P0586,20,176.0
2025-02-01,P0587,20,176.0
2025-02-01,P0588,20,176.0
2025-02-01,P0589,20,176.0
2025-02-01,P0590,20,88.0
2025-02-01,P0591,20,176.0
2025-02-01,P0592,10,88.0
2025-02-01,P0593,20,176.0
2025-02-01,P0595,20,176.0
2025-02-01,P0596,20,176.0
2025-02-01,P0597,20,176.0
2025-02-01,P0598,20,176.0
2025-02-01,P0599,20,176.0
2025-02-01,P0600,20,176.0
2025-02-01,P0601,20,88.0
2025-02-01,P0602,20,176.0
2025-02-01,P0603,20,176.0
2025-02-01,P0604,20,176.0
2025-02-01,P0605,20,176.0
2025-02-01,P0606,20,176.0
2025-02-01,P0607,20,176.0
2025-02-01,P0608,20,176.0
2025-02-01,P0609,20,176.0
2025-02-01,P0610,20,176.0
2025-02-01,P0612,20,176.0
2025-02-01,P0613,20,88.0
2025-02-01,P0615,20,176.0
2025-02-01,P0616,20,176.0
2025-02-01,P0617,20,176.0
2025-02-01,P0618,20,176.0
2025-02-01,P0619,20,176.0
2025-02-01,P0620,20,176.0
2025-02-01,P0621,20,176.0
2025-02-01,P0622,20,88.0
2025-02-01,P0623,20,176.0
2025-02-01,P0624,20,176.0
2025-02-01,P0625,20,176.0
2025-02-01,P0626,20,176.0
2025-02-01,P0627,20,88.0
2025-02-01,P0628,20,176.0
2025-02-01,P0630,20,176.0
2025-02-01,P0631,20,176.0
2025-02-01,P0632,20,176.0
2025-02-01,P0634,20,176.0
2025-02-01,P0635,20,176.0
2025-02-01,P0636,20,88.0
2025-02-01,P0637,20,176.0
2025-02-01,P0638,20,176.0
2025-02-01,P0639,20,176.0
2025-02-01,P0640,20,88.0
2025-02-01,P0641,20,176.0
2025-02-01,P0642,20,176.0
2025-02-01,P0643,20,176.0
2025-02-01,P0644,20,176.0
2025-02-01,P0646,20,176.0
2025-02-01,P0647,20,176.0
2025-02-01,P0648,20,176.0
2025-02-01,P0649,20,176.0
2025-02-01,P0650,20,88.0
2025-02-01,P0651,20,176.0
2025-02-01,P0652,20,176.0
2025-02-01,P0653,20,176.0
2025-02-01,P0654,1,8.8
2025-02-01,P0655,15,132.0
2025-02-01,P0656,15,132.0
2025-02-01,P0657,13,114.4
2025-02-01,P0658,5,44.0
2025-03-01,P0001,21,184.8
2025-03-01,P0002,18,158.4
2025-03-01,P0003,21,184.8
2025-03-01,P0004,21,184.8
2025-03-01,P0005,21,184.8
2025-03-01,P0006,21,184.8
2025-03-01,P0007,21,184.8
2025-03-01,P0008,21,92.4
2025-03-01,P0009,21,184.8
2025-03-01,P0011,21,184.8
2025-03-01,P0012,21,184.8
2025-03-01,P0013,21,184.8
2025-03-01,P0014,21,184.8
2025-03-01,P0015,21,184.8
2025-03-01,P0016,21,184.8
2025-03-01,P0018,21,184.8
2025-03-01,P0019,21,184.8
2025-03-01,P0020,21,184.8
2025-03-01,P0021,21,184.8
2025-03-01,P0022,21,184.8
2025-03-01,P0023,21,92.4
2025-03-01,P0024,21,184.8
2025-03-01,P0025,21,184.8
2025-03-01,P0026,21,184.8
2025-03-01,P0027,21,184.8
2025-03-01,P0028,21,184.8
2025-03-01,P0029,21,184.8
2025-03-01,P0030,21,184.8
2025-03-01,P0034,21,184.8
2025-03-01,P0035,21,184.8
2025-03-01,P0036,21,184.8
2025-03-01,P0037,21,184.8
2025-03-01,P0038,21,184.8
2025-03-01,P0039,21,184.8
2025-03-01,P0040,21,184.8
2025-03-01,P0041,21,92.4
2025-03-01,P0042,21,184.8
2025-03-01,P0043,21,184.8
2025-03-01,P0044,21,184.8
2025-03-01,P0045,21,184.8
2025-03-01,P0046,21,184.8
2025-03-01,P0047,21,184.8
2025-03-01,P0048,21,184.8
2025-03-01,P0049,21,184.8
2025-03-01,P0050,21,184.8
2025-03-01,P0051,21,184.8
2025-03-01,P0052,21,184.8
2025-03-01,P0053,21,184.8
2025-03-01,P0054,21,184.8
2025-03-01,P0056,21,184.8
2025-03-01,P0059,21,184.8
2025-03-01,P0060,21,184.8
2025-03-01,P0061,21,184.8
2025-03-01,P0062,21,184.8
2025-03-01,P0063,21,184.8
2025-03-01,P0064,21,184.8
2025-03-01,P0065,21,184.8
2025-03-01,P0066,21,184.8
2025-03-01,P0067,21,184.8
2025-03-01,P0068,21,184.8
2025-03-01,P0069,21,184.8
2025-03-01,P0070,15,132.0
2025-03-01,P0071,21,184.8
2025-03-01,P0072,21,184.8
2025-03-01,P0073,21,184.8
2025-03-01,P0074,21,184.8
2025-03-01,P0075,21,184.8
2025-03-01,P0076,21,184.8
2025-03-01,P0077,21,184.8
2025-03-01,P0078,18,158.4
2025-03-01,P0079,21,184.8
2025-03-01,P0080,21,184.8
2025-03-01,P0081,21,92.4
2025-03-01,P0082,21,184.8
2025-03-01,P0083,21,184.8
2025-03-01,P0084,21,184.8
2025-03-01,P0085,21,184.8
2025-03-01,P0086,21,184.8
2025-03-01,P0087,21,184.8
2025-03-01,P0088,21,184.8
2025-03-01,P0089,21,184.8
2025-03-01,P0090,21,184.8
2025-03-01,P0091,21,184.8
2025-03-01,P0092,21,184.8
2025-03-01,P0093,21,184.8
2025-03-01,P0094,21,184.8
2025-03-01,P0095,21,184.8
2025-03-01,P0096,21,184.8
2025-03-01,P0097,21,92.4
2025-03-01,P0098,21,184.8
2025-03-01,P0099,21,184.8
2025-03-01,P0100,21,184.8
2025-03-01,P0101,21,184.8
2025-03-01,P0102,21,184.8
2025-03-01,P0103,21,184.8
2025-03-01,P0104,21,184.8
2025-03-01,P0105,21,184.8
2025-03-01,P0106,21,184.8
2025-03-01,P0107,21,184.8
2025-03-01,P0108,21,184.8
2025-03-01,P0109,21,184.8
2025-03-01,P0110,21,184.8
2025-03-01,P0111,21,184.8
2025-03-01,P0112,21,184.8
2025-03-01,P0113,21,184.8
2025-03-01,P0114,21,184.8
2025-03-01,P0116,21,184.8
2025-03-01,P0117,21,184.8
2025-03-01,P0118,21,184.8
2025-03-01,P0119,21,184.8
2025-03-01,P0120,21,92.4
2025-03-01,P0121,21,184.8
2025-03-01,P0122,21,184.8
2025-03-01,P0123,21,184.8
2025-03-01,P0124,21,92.4
2025-03-01,P0125,21,184.8
2025-03-01,P0126,21,184.8
2025-03-01,P0127,21,184.8
2025-03-01,P0128,21,184.8
2025-03-01,P0129,21,184.8
2025-03-01,P0130,21,184.8
2025-03-01,P0131,21,184.8
2025-03-01,P0132,21,184.8
2025-03-01,P0133,21,184.8
2025-03-01,P0134,21,184.8
2025-03-01,P0136,21,184.8
2025-03-01,P0137,21,184.8
2025-03-01,P0138,21,184.8
2025-03-01,P0139,21,184.8
2025-03-01,P0140,21,184.8
2025-03-01,P0141,21,184.8
2025-03-01,P0142,21,184.8
2025-03-01,P0143,21,184.8
2025-03-01,P0144,21,184.8
2025-03-01,P0145,21,184.8
2025-03-01,P0146,21,184.8
2025-03-01,P0147,21,184.8
2025-03-01,P0148,21,184.8
2025-03-01,P0149,21,184.8
2025-03-01,P0151,21,184.8
2025-03-01,P0152,21,92.4
2025-03-01,P0153,17,149.6
2025-03-01,P0154,21,184.8
2025-03-01,P0155,21,184.8
2025-03-01,P0156,21,184.8
2025-03-01,P0157,21,184.8
2025-03-01,P0158,21,184.8
2025-03-01,P0159,21,184.8
2025-03-01,P0160,21,184.8
2025-03-01,P0161,21,184.8
2025-03-01,P0162,21,184.8
2025-03-01,P0165,21,184.8
2025-03-01,P0166,21,184.8
2025-03-01,P0167,21,184.8
2025-03-01,P0168,21,184.8
2025-03-01,P0169,21,184.8
2025-03-01,P0170,21,184.8
2025-03-01,P0171,21,184.8
2025-03-01,P0172,21,184.8
2025-03-01,P0173,21,184.8
2025-03-01,P0174,21,184.8
2025-03-01,P0175,21,184.8
2025-03-01,P0176,21,184.8
2025-03-01,P0177,21,184.8
2025-03-01,P0178,21,184.8
2025-03-01,P0179,21,184.8
2025-03-01,P0180,21,184.8
2025-03-01,P0181,21,184.8
2025-03-01,P0182,21,184.8
2025-03-01,P0183,21,92.4
2025-03-01,P0184,21,184.8
2025-03-01,P0185,21,184.8
2025-03-01,P0186,21,184.8
2025-03-01,P0187,21,184.8
2025-03-01,P0188,21,184.8
2025-03-01,P0189,21,184.8
2025-03-01,P0190,21,92.4
2025-03-01,P0191,11,96.8
2025-03-01,P0192,21,92.4
2025-03-01,P0193,21,184.8
2025-03-01,P0194,21,184.8
2025-03-01,P0195,21,184.8
2025-03-01,P0196,21,184.8
2025-03-01,P0197,21,184.8
2025-03-01,P0198,21,184.8
2025-03-01,P0199,21,184.8
2025-03-01,P0201,21,184.8
2025-03-01,P0202,21,184.8
2025-03-01,P0203,21,184.8
2025-03-01,P0204,21,184.8
2025-03-01,P0205,21,184.8
2025-03-01,P0206,21,184.8
2025-03-01,P0207,21,184.8
2025-03-01,P0208,21,184.8
2025-03-01,P0209,21,184.8
2025-03-01,P0210,21,184.8
2025-03-01,P0211,21,184.8
2025-03-01,P0212,21,184.8
2025-03-01,P0213,21,184.8
2025-03-01,P0214,21,184.8
2025-03-01,P0215,21,184.8
2025-03-01,P0216,21,184.8
2025-03-01,P0217,21,184.8
2025-03-01,P0218,21,184.8
2025-03-01,P0219,21,184.8
2025-03-01,P0220,5,44.0
2025-03-01,P0221,21,184.8
2025-03-01,P0222,21,184.8
2025-03-01,P0223,21,184.8
2025-03-01,P0224,21,184.8
2025-03-01,P0225,21,184.8
2025-03-01,P0226,21,184.8
2025-03-01,P0227,21,184.8
2025-03-01,P0228,21,184.8
2025-03-01,P0229,21,184.8
2025-03-01,P0230,21,184.8
2025-03-01,P0232,21,184.8
2025-03-01,P0234,21,184.8
2025-03-01,P0235,21,184.8
2025-03-01,P0236,21,184.8
2025-03-01,P0237,21,184.8
2025-03-01,P0238,21,184.8
2025-03-01,P0239,21,184.8
2025-03-01,P0240,21,184.8
2025-03-01,P0241,21,184.8
2025-03-01,P0242,21,184.8
2025-03-01,P0245,21,184.8
2025-03-01,P0246,21,184.8
2025-03-01,P0248,21,184.8
2025-03-01,P0251,21,184.8
2025-03-01,P0252,21,184.8
2025-03-01,P0253,21,184.8
2025-03-01,P0254,21,184.8
2025-03-01,P0255,21,184.8
2025-03-01,P0256,21,184.8
2025-03-01,P0257,21,184.8
2025-03-01,P0258,21,92.4
2025-03-01,P0259,21,184.8
2025-03-01,P0260,21,184.8
2025-03-01,P0261,21,184.8
2025-03-01,P0262,21,92.4
2025-03-01,P0263,21,184.8
2025-03-01,P0264,21,184.8
2025-03-01,P0265,21,184.8
2025-03-01,P0266,21,184.8
2025-03-01,P0267,21,184.8
2025-03-01,P0268,21,184.8
2025-03-01,P0269,21,184.8
2025-03-01,P0270,21,184.8
2025-03-01,P0271,21,184.8
2025-03-01,P0272,21,184.8
2025-03-01,P0273,21,184.8
2025-03-01,P0274,21,184.8
2025-03-01,P0275,21,184.8
2025-03-01,P0276,21,92.4
2025-03-01,P0277,21,184.8
2025-03-01,P0278,21,184.8
2025-03-01,P0279,21,184.8
2025-03-01,P0281,21,184.8
2025-03-01,P0282,21,184.8
2025-03-01,P0283,21,92.4
2025-03-01,P0285,21,184.8
2025-03-01,P0287,21,184.8
2025-03-01,P0288,21,184.8
2025-03-01,P0289,21,184.8
2025-03-01,P0290,21,92.4
2025-03-01,P0291,21,92.4
2025-03-01,P0292,21,184.8
2025-03-01,P0293,21,184.8
2025-03-01,P0294,21,184.8
2025-03-01,P0295,21,184.8
2025-03-01,P0296,21,184.8
2025-03-01,P0297,21,184.8
2025-03-01,P0298,21,184.8
2025-03-01,P0299,21,184.8
2025-03-01,P0300,21,184.8
2025-03-01,P0301,21,184.8
2025-03-01,P0302,21,184.8
2025-03-01,P0303,21,184.8
2025-03-01,P0304,21,184.8
2025-03-01,P0305,21,184.8
2025-03-01,P0306,21,184.8
2025-03-01,P0307,21,184.8
2025-03-01,P0308,21,92.4
2025-03-01,P0309,21,184.8
2025-03-01,P0311,21,184.8
2025-03-01,P0313,21,184.8
2025-03-01,P0314,21,184.8
2025-03-01,P0315,21,184.8
2025-03-01,P0316,21,184.8
2025-03-01,P0317,21,184.8
2025-03-01,P0318,21,184.8
2025-03-01,P0319,21,184.8
2025-03-01,P0320,21,184.8
2025-03-01,P0321,21,184.8
2025-03-01,P0322,21,92.4
2025-03-01,P0323,21,92.4
2025-03-01,P0324,21,184.8
2025-03-01,P0325,21,184.8
2025-03-01,P0326,21,184.8
2025-03-01,P0327,21,92.4
2025-03-01,P0328,21,184.8
2025-03-01,P0329,21,184.8
2025-03-01,P0330,21,184.8
2025-03-01,P0331,21,184.8
2025-03-01,P0333,21,184.8
2025-03-01,P0334,21,184.8
2025-03-01,P0335,21,184.8
2025-03-01,P0336,21,184.8
2025-03-01,P0337,21,184.8
2025-03-01,P0338,21,184.8
2025-03-01,P0339,21,184.8
2025-03-01,P0340,21,184.8
2025-03-01,P0342,21,92.4
2025-03-01,P0343,21,92.4
2025-03-01,P0344,21,184.8
2025-03-01,P0345,21,184.8
2025-03-01,P0346,21,184.8
2025-03-01,P0347,21,184.8
2025-03-01,P0348,21,184.8
2025-03-01,P0349,21,184.8
2025-03-01,P0350,21,184.8
2025-03-01,P0352,21,184.8
2025-03-01,P0353,21,184.8
2025-03-01,P0354,21,184.8
2025-03-01,P0355,21,184.8
2025-03-01,P0356,21,184.8
2025-03-01,P0357,21,184.8
2025-03-01,P0358,21,184.8
2025-03-01,P0359,21,184.8
2025-03-01,P0360,21,184.8
2025-03-01,P0361,21,184.8
2025-03-01,P0362,21,184.8
2025-03-01,P0363,21,92.4
2025-03-01,P0364,21,92.4
2025-03-01,P0365,21,184.8
2025-03-01,P0366,21,184.8
2025-03-01,P0367,21,184.8
2025-03-01,P0368,21,184.8
2025-03-01,P0369,21,184.8
2025-03-01,P0370,21,184.8
2025-03-01,P0371,21,184.8
2025-03-01,P0372,21,184.8
2025-03-01,P0373,21,184.8
2025-03-01,P0374,21,92.4
2025-03-01,P0375,21,92.4
2025-03-01,P0376,21,184.8
2025-03-01,P0377,21,184.8
2025-03-01,P0378,21,184.8
2025-03-01,P0379,21,184.8
2025-03-01,P0380,21,184.8
2025-03-01,P0382,21,184.8
2025-03-01,P0383,21,184.8
2025-03-01,P0384,21,184.8
2025-03-01,P0385,21,184.8
2025-03-01,P0386,21,184.8
2025-03-01,P0388,21,184.8
2025-03-01,P0389,21,184.8
2025-03-01,P0390,21,92.4
2025-03-01,P0391,21,184.8
2025-03-01,P0392,21,184.8
2025-03-01,P0393,21,184.8
2025-03-01,P0394,21,184.8
2025-03-01,P0395,21,184.8
2025-03-01,P0396,21,184.8
2025-03-01,P0398,21,184.8
2025-03-01,P0399,21,184.8
2025-03-01,P0400,21,184.8
2025-03-01,P0401,21,184.8
2025-03-01,P0402,21,184.8
2025-03-01,P0403,21,184.8
2025-03-01,P0404,21,92.4
2025-03-01,P0405,21,184.8
2025-03-01,P0406,21,184.8
2025-03-01,P0407,21,184.8
2025-03-01,P0409,21,184.8
2025-03-01,P0410,21,184.8
2025-03-01,P0411,21,184.8
2025-03-01,P0412,21,184.8
2025-03-01,P0413,21,184.8
2025-03-01,P0414,21,184.8
2025-03-01,P0415,21,184.8
2025-03-01,P0416,21,184.8
2025-03-01,P0417,21,184.8
2025-03-01,P0418,21,184.8
2025-03-01,P0419,21,184.8
2025-03-01,P0420,21,184.8
2025-03-01,P0421,21,184.8
2025-03-01,P0422,21,184.8
2025-03-01,P0423,21,184.8
2025-03-01,P0424,21,184.8
2025-03-01,P0425,21,184.8
2025-03-01,P0426,21,184.8
2025-03-01,P0427,21,184.8
2025-03-01,P0428,21,184.8
2025-03-01,P0429,21,184.8
2025-03-01,P0430,21,184.8
2025-03-01,P0431,21,184.8
2025-03-01,P0432,21,184.8
2025-03-01,P0433,21,92.4
2025-03-01,P0434,21,184.8
2025-03-01,P0435,21,184.8
2025-03-01,P0436,21,184.8
2025-03-01,P0437,21,184.8
2025-03-01,P0439,21,184.8
2025-03-01,P0440,21,184.8
2025-03-01,P0441,21,92.4
2025-03-01,P0442,21,184.8
2025-03-01,P0443,21,184.8
2025-03-01,P0444,21,184.8
2025-03-01,P0445,21,184.8
2025-03-01,P0448,21,184.8
2025-03-01,P0449,21,184.8
2025-03-01,P0450,7,61.6
2025-03-01,P0451,21,184.8
2025-03-01,P0454,21,184.8
2025-03-01,P0455,21,184.8
2025-03-01,P0456,21,184.8
2025-03-01,P0457,21,184.8
2025-03-01,P0458,21,184.8
2025-03-01,P0459,21,184.8
2025-03-01,P0460,21,184.8
2025-03-01,P0461,21,184.8
2025-03-01,P0463,21,184.8
2025-03-01,P0464,21,184.8
2025-03-01,P0465,21,184.8
2025-03-01,P0466,21,184.8
2025-03-01,P0467,21,184.8
2025-03-01,P0468,21,184.8
2025-03-01,P0469,21,184.8
2025-03-01,P0470,21,184.8
2025-03-01,P0471,21,184.8
2025-03-01,P0473,21,184.8
2025-03-01,P0474,21,184.8
2025-03-01,P0475,21,184.8
2025-03-01,P0476,21,184.8
2025-03-01,P0478,21,184.8
2025-03-01,P0479,21,184.8
2025-03-01,P0480,21,184.8
2025-03-01,P0481,21,184.8
2025-03-01,P0482,21,184.8
2025-03-01,P0483,21,184.8
2025-03-01,P0484,21,184.8
2025-03-01,P0485,21,184.8
2025-03-01,P0486,21,184.8
2025-03-01,P0487,21,92.4
2025-03-01,P0488,21,184.8
2025-03-01,P0489,21,184.8
2025-03-01,P0490,21,184.8
2025-03-01,P0491,21,184.8
2025-03-01,P0492,21,184.8
2025-03-01,P0493,21,92.4
2025-03-01,P0495,21,184.8
2025-03-01,P0496,21,184.8
2025-03-01,P0497,21,184.8
2025-03-01,P0499,21,184.8
2025-03-01,P0500,21,92.4
2025-03-01,P0501,21,184.8
2025-03-01,P0502,21,184.8
2025-03-01,P0503,21,184.8
2025-03-01,P0504,21,92.4
2025-03-01,P0505,21,184.8
2025-03-01,P0506,21,184.8
2025-03-01,P0507,21,184.8
2025-03-01,P0509,21,184.8
2025-03-01,P0510,21,184.8
2025-03-01,P0511,21,184.8
2025-03-01,P0512,21,184.8
2025-03-01,P0513,21,184.8
2025-03-01,P0514,21,184.8
2025-03-01,P0515,21,184.8
2025-03-01,P0516,21,184.8
2025-03-01,P0517,21,184.8
2025-03-01,P0518,21,184.8
2025-03-01,P0519,21,92.4
2025-03-01,P0520,21,184.8
2025-03-01,P0521,21,184.8
2025-03-01,P0522,21,184.8
2025-03-01,P0523,21,184.8
2025-03-01,P0524,21,184.8
2025-03-01,P0525,21,184.8
2025-03-01,P0526,21,92.4
2025-03-01,P0527,21,184.8
2025-03-01,P0528,6,52.8
2025-03-01,P0529,21,184.8
2025-03-01,P0530,21,184.8
2025-03-01,P0532,21,184.8
2025-03-01,P0534,21,184.8
2025-03-01,P0535,21,184.8
2025-03-01,P0536,21,184.8
2025-03-01,P0537,21,184.8
2025-03-01,P0538,8,70.4
2025-03-01,P0539,21,184.8
2025-03-01,P0540,21,184.8
2025-03-01,P0541,21,184.8
2025-03-01,P0542,21,184.8
2025-03-01,P0543,21,184.8
2025-03-01,P0544,21,184.8
2025-03-01,P0545,21,184.8
2025-03-01,P0546,21,184.8
2025-03-01,P0547,21,92.4
2025-03-01,P0548,21,184.8
2025-03-01,P0549,21,184.8
2025-03-01,P0550,21,184.8
2025-03-01,P0551,21,184.8
2025-03-01,P0552,21,92.4
2025-03-01,P0553,21,184.8
2025-03-01,P0555,21,184.8
2025-03-01,P0556,21,184.8
2025-03-01,P0557,21,184.8
2025-03-01,P0558,21,184.8
2025-03-01,P0559,21,92.4
2025-03-01,P0560,21,184.8
2025-03-01,P0561,21,184.8
2025-03-01,P0562,21,184.8
2025-03-01,P0563,21,184.8
2025-03-01,P0564,21,184.8
2025-03-01,P0566,21,184.8
2025-03-01,P0567,21,184.8
2025-03-01,P0568,21,184.8
2025-03-01,P0569,21,184.8
2025-03-01,P0570,21,184.8
2025-03-01,P0571,21,184.8
2025-03-01,P0572,5,44.0
2025-03-01,P0573,21,184.8
2025-03-01,P0574,21,184.8
2025-03-01,P0575,21,184.8
2025-03-01,P0576,21,184.8
2025-03-01,P0577,21,184.8
2025-03-01,P0579,21,184.8
2025-03-01,P0580,21,184.8
2025-03-01,P0581,21,184.8
2025-03-01,P0582,21,184.8
2025-03-01,P0583,21,184.8
2025-03-01,P0584,21,184.8
2025-03-01,P0585,21,184.8
2025-03-01,P0586,21,184.8
2025-03-01,P0587,21,184.8
2025-03-01,P0588,21,184.8
2025-03-01,P0589,21,184.8
2025-03-01,P0590,21,92.4
2025-03-01,P0591,21,184.8
2025-03-01,P0593,21,184.8
2025-03-01,P0595,21,184.8
2025-03-01,P0596,21,184.8
2025-03-01,P0597,21,184.8
2025-03-01,P0598,21,184.8
2025-03-01,P0599,21,184.8
2025-03-01,P0600,21,184.8
2025-03-01,P0601,21,92.4
2025-03-01,P0602,21,184.8
2025-03-01,P0603,21,184.8
2025-03-01,P0604,21,184.8
2025-03-01,P0605,21,184.8
2025-03-01,P0606,21,184.8
2025-03-01,P0607,21,184.8
2025-03-01,P0608,21,184.8
2025-03-01,P0609,21,184.8
2025-03-01,P0610,21,184.8
2025-03-01,P0612,21,184.8
2025-03-01,P0613,21,92.4
2025-03-01,P0615,21,184.8
2025-03-01,P0616,21,184.8
2025-03-01,P0617,21,184.8
2025-03-01,P0618,21,184.8
2025-03-01,P0619,21,184.8
2025-03-01,P0620,21,184.8
2025-03-01,P0621,21,184.8
2025-03-01,P0622,21,92.4
2025-03-01,P0623,21,184.8
2025-03-01,P0624,21,184.8
2025-03-01,P0625,21,184.8
2025-03-01,P0626,21,184.8
2025-03-01,P0627,21,92.4
2025-03-01,P0628,21,184.8
2025-03-01,P0630,21,184.8
2025-03-01,P0631,21,184.8
2025-03-01,P0632,21,184.8
2025-03-01,P0634,21,184.8
2025-03-01,P0635,21,184.8
2025-03-01,P0636,21,92.4
2025-03-01,P0637,21,184.8
2025-03-01,P0638,21,184.8
2025-03-01,P0639,21,184.8
2025-03-01,P0640,21,92.4
2025-03-01,P0641,21,184.8
2025-03-01,P0642,21,184.8
2025-03-01,P0643,21,184.8
2025-03-01,P0644,21,184.8
2025-03-01,P0646,21,184.8
2025-03-01,P0647,21,184.8
2025-03-01,P0648,21,184.8
2025-03-01,P0649,21,184.8
2025-03-01,P0650,21,92.4
2025-03-01,P0651,21,184.8
2025-03-01,P0652,21,184.8
2025-03-01,P0653,21,184.8
2025-03-01,P0655,21,184.8
2025-03-01,P0656,21,184.8
2025-03-01,P0657,21,184.8
2025-03-01,P0658,21,184.8
2025-03-01,P0659,21,184.8
2025-03-01,P0660,16,140.8
2025-03-01,P0661,8,70.4
2025-03-01,P0662,7,61.6
2025-03-01,P0663,6,26.4
2025-03-01,P0664,1,8.8
2025-04-01,P0001,22,193.6
2025-04-01,P0003,22,193.6
2025-04-01,P0004,22,193.6
2025-04-01,P0005,22,193.6
2025-04-01,P0006,22,193.6
2025-04-01,P0007,22,193.6
2025-04-01,P0008,22,96.8
2025-04-01,P0009,11,96.8
2025-04-01,P0011,22,193.6
2025-04-01,P0012,22,193.6
2025-04-01,P0013,22,193.6
2025-04-01,P0014,22,193.6
2025-04-01,P0015,22,193.6
2025-04-01,P0016,22,193.6
2025-04-01,P0018,22,193.6
2025-04-01,P0019,22,193.6
2025-04-01,P0020,22,193.6
2025-04-01,P0021,22,193.6
2025-04-01,P0022,22,193.6
2025-04-01,P0023,22,96.8
2025-04-01,P0024,22,193.6
2025-04-01,P0025,22,193.6
2025-04-01,P0026,22,193.6
2025-04-01,P0027,22,193.6
2025-04-01,P0028,22,193.6
2025-04-01,P0029,22,193.6
2025-04-01,P0030,22,193.6
2025-04-01,P0034,22,193.6
2025-04-01,P0035,22,193.6
2025-04-01,P0036,22,193.6
2025-04-01,P0037,22,193.6
2025-04-01,P0038,22,193.6
2025-04-01,P0039,22,193.6
2025-04-01,P0040,22,193.6
2025-04-01,P0041,22,96.8
2025-04-01,P0042,22,193.6
2025-04-01,P0043,22,193.6
2025-04-01,P0044,22,193.6
2025-04-01,P0045,22,193.6
2025-04-01,P0046,22,193.6
2025-04-01,P0047,22,193.6
2025-04-01,P0048,22,193.6
2025-04-01,P0049,22,193.6
2025-04-01,P0050,22,193.6
2025-04-01,P0051,22,193.6
2025-04-01,P0052,22,193.6
2025-04-01,P0053,22,193.6
2025-04-01,P0054,22,193.6
2025-04-01,P0056,22,193.6
2025-04-01,P0059,22,193.6
2025-04-01,P0060,22,193.6
2025-04-01,P0061,22,193.6
2025-04-01,P0062,22,193.6
2025-04-01,P0063,22,193.6
2025-04-01,P0064,22,193.6
2025-04-01,P0065,22,193.6
2025-04-01,P0066,22,193.6
2025-04-01,P0067,22,193.6
2025-04-01,P0068,22,193.6
2025-04-01,P0069,22,193.6
2025-04-01,P0071,22,193.6
2025-04-01,P0072,22,193.6
2025-04-01,P0073,22,193.6
2025-04-01,P0074,22,193.6
2025-04-01,P0075,22,193.6
2025-04-01,P0076,22,193.6
2025-04-01,P0077,22,193.6
2025-04-01,P0079,22,193.6
2025-04-01,P0080,22,193.6
2025-04-01,P0081,22,96.8
2025-04-01,P0082,22,193.6
2025-04-01,P0083,22,193.6
2025-04-01,P0084,22,193.6
2025-04-01,P0085,22,193.6
2025-04-01,P0086,22,193.6
2025-04-01,P0087,22,193.6
2025-04-01,P0088,22,193.6
2025-04-01,P0089,22,193.6
2025-04-01,P0090,22,193.6
2025-04-01,P0091,22,193.6
2025-04-01,P0092,22,193.6
2025-04-01,P0093,22,193.6
2025-04-01,P0094,22,193.6
2025-04-01,P0095,22,193.6
2025-04-01,P0096,22,193.6
2025-04-01,P0097,22,96.8
2025-04-01,P0098,22,193.6
2025-04-01,P0099,22,193.6
2025-04-01,P0100,22,193.6
2025-04-01,P0101,22,193.6
2025-04-01,P0102,22,193.6
2025-04-01,P0103,22,193.6
2025-04-01,P0104,22,193.6
2025-04-01,P0105,22,193.6
2025-04-01,P0106,22,193.6
2025-04-01,P0107,22,193.6
2025-04-01,P0108,22,193.6
2025-04-01,P0109,22,193.6
2025-04-01,P0110,22,193.6
2025-04-01,P0111,22,193.6
2025-04-01,P0112,22,193.6
2025-04-01,P0113,22,193.6
2025-04-01,P0114,22,193.6
2025-04-01,P0116,22,193.6
2025-04-01,P0117,22,193.6
2025-04-01,P0118,22,193.6
2025-04-01,P0119,22,193.6
2025-04-01,P0120,22,96.8
2025-04-01,P0121,22,193.6
2025-04-01,P0122,22,193.6
2025-04-01,P0123,22,193.6
2025-04-01,P0124,22,96.8
2025-04-01,P0125,22,193.6
2025-04-01,P0126,22,193.6
2025-04-01,P0127,22,193.6
2025-04-01,P0128,22,193.6
2025-04-01,P0129,22,193.6
2025-04-01,P0130,22,193.6
2025-04-01,P0131,22,193.6
2025-04-01,P0132,22,193.6
2025-04-01,P0133,22,193.6
2025-04-01,P0134,22,193.6
2025-04-01,P0136,22,193.6
2025-04-01,P0137,22,193.6
2025-04-01,P0138,22,193.6
2025-04-01,P0139,22,193.6
2025-04-01,P0140,22,193.6
2025-04-01,P0141,22,193.6
2025-04-01,P0142,11,96.8
2025-04-01,P0143,22,193.6
2025-04-01,P0144,22,193.6
2025-04-01,P0145,22,193.6
2025-04-01,P0146,22,193.6
2025-04-01,P0147,22,193.6
2025-04-01,P0148,22,193.6
2025-04-01,P0149,22,193.6
2025-04-01,P0151,22,193.6
2025-04-01,P0152,22,96.8
2025-04-01,P0154,22,193.6
2025-04-01,P0155,22,193.6
2025-04-01,P0156,22,193.6
2025-04-01,P0157,22,193.6
2025-04-01,P0158,22,193.6
2025-04-01,P0159,22,193.6
2025-04-01,P0160,22,193.6
2025-04-01,P0161,22,193.6
2025-04-01,P0162,22,193.6
2025-04-01,P0165,22,193.6
2025-04-01,P0166,22,193.6
2025-04-01,P0167,22,193.6
2025-04-01,P0168,22,193.6
2025-04-01,P0169,22,193.6
2025-04-01,P0170,22,193.6
2025-04-01,P0171,22,193.6
2025-04-01,P0172,22,193.6
2025-04-01,P0173,22,193.6
2025-04-01,P0174,22,193.6
2025-04-01,P0175,22,193.6
2025-04-01,P0176,22,193.6
2025-04-01,P0177,22,193.6
2025-04-01,P0178,22,193.6
2025-04-01,P0179,22,193.6
2025-04-01,P0180,22,193.6
2025-04-01,P0181,22,193.6
2025-04-01,P0182,22,193.6
2025-04-01,P0183,22,96.8
2025-04-01,P0184,22,193.6
2025-04-01,P0185,22,193.6
2025-04-01,P0186,22,193.6
2025-04-01,P0187,22,193.6
2025-04-01,P0188,22,193.6
2025-04-01,P0189,22,193.6
2025-04-01,P0190,22,96.8
2025-04-01,P0192,22,96.8
2025-04-01,P0193,22,193.6
2025-04-01,P0194,22,193.6
2025-04-01,P0195,22,193.6
2025-04-01,P0196,22,193.6
2025-04-01,P0197,11,96.8
2025-04-01,P0198,22,193.6
2025-04-01,P0199,22,193.6
2025-04-01,P0201,22,193.6
2025-04-01,P0202,22,193.6
2025-04-01,P0203,22,193.6
2025-04-01,P0204,22,193.6
2025-04-01,P0205,22,193.6
2025-04-01,P0206,22,193.6
2025-04-01,P0207,22,193.6
2025-04-01,P0208,22,193.6
2025-04-01,P0209,22,193.6
2025-04-01,P0210,22,193.6
2025-04-01,P0211,22,193.6
2025-04-01,P0212,22,193.6
2025-04-01,P0213,22,193.6
2025-04-01,P0214,22,193.6
2025-04-01,P0215,22,193.6
2025-04-01,P0216,22,193.6
2025-04-01,P0217,22,193.6
2025-04-01,P0218,22,193.6
2025-04-01,P0219,22,193.6
2025-04-01,P0221,22,193.6
2025-04-01,P0222,22,193.6
2025-04-01,P0223,22,193.6
2025-04-01,P0224,22,193.6
2025-04-01,P0225,22,193.6
2025-04-01,P0226,22,193.6
2025-04-01,P0227,22,193.6
2025-04-01,P0228,22,193.6
2025-04-01,P0229,22,193.6
2025-04-01,P0230,22,193.6
2025-04-01,P0232,22,193.6
2025-04-01,P0234,22,193.6
2025-04-01,P0235,22,193.6
2025-04-01,P0236,22,193.6
2025-04-01,P0237,22,193.6
2025-04-01,P0238,22,193.6
2025-04-01,P0239,22,193.6
2025-04-01,P0240,22,193.6
2025-04-01,P0241,22,193.6
2025-04-01,P0242,22,193.6
2025-04-01,P0245,22,193.6
2025-04-01,P0246,22,193.6
2025-04-01,P0248,22,193.6
2025-04-01,P0251,22,193.6
2025-04-01,P0252,22,193.6
2025-04-01,P0253,22,193.6
2025-04-01,P0254,22,193.6
2025-04-01,P0255,22,193.6
2025-04-01,P0256,22,193.6
2025-04-01,P0257,22,193.6
2025-04-01,P0258,22,96.8
2025-04-01,P0259,22,193.6
2025-04-01,P0260,22,193.6
2025-04-01,P0261,22,193.6
2025-04-01,P0262,22,96.8
2025-04-01,P0263,22,193.6
2025-04-01,P0264,22,193.6
2025-04-01,P0265,22,193.6
2025-04-01,P0266,22,193.6
2025-04-01,P0267,22,193.6
2025-04-01,P0268,22,193.6
2025-04-01,P0269,22,193.6
2025-04-01,P0270,22,193.6
2025-04-01,P0271,22,193.6
2025-04-01,P0272,22,193.6
2025-04-01,P0273,22,193.6
2025-04-01,P0274,22,193.6
2025-04-01,P0275,22,193.6
2025-04-01,P0276,22,96.8
2025-04-01,P0277,22,193.6
2025-04-01,P0278,22,193.6
2025-04-01,P0279,22,193.6
2025-04-01,P0281,22,193.6
2025-04-01,P0282,22,193.6
2025-04-01,P0283,22,96.8
2025-04-01,P0285,22,193.6
2025-04-01,P0287,22,193.6
2025-04-01,P0288,22,193.6
2025-04-01,P0289,22,193.6
2025-04-01,P0290,22,96.8
2025-04-01,P0291,22,96.8
2025-04-01,P0292,22,193.6
2025-04-01,P0293,22,193.6
2025-04-01,P0294,22,193.6
2025-04-01,P0295,22,193.6
2025-04-01,P0296,22,193.6
2025-04-01,P0297,22,193.6
2025-04-01,P0298,22,193.6
2025-04-01,P0299,22,193.6
2025-04-01,P0300,22,193.6
2025-04-01,P0301,22,193.6
2025-04-01,P0302,22,193.6
2025-04-01,P0303,22,193.6
2025-04-01,P0304,22,193.6
2025-04-01,P0305,22,193.6
2025-04-01,P0306,22,193.6
2025-04-01,P0307,22,193.6
2025-04-01,P0308,22,96.8
2025-04-01,P0309,22,193.6
2025-04-01,P0311,22,193.6
2025-04-01,P0313,22,193.6
2025-04-01,P0314,22,193.6
2025-04-01,P0315,22,193.6
2025-04-01,P0316,22,193.6
2025-04-01,P0317,22,193.6
2025-04-01,P0318,22,193.6
2025-04-01,P0319,22,193.6
2025-04-01,P0320,22,193.6
2025-04-01,P0321,22,193.6
2025-04-01,P0322,22,96.8
2025-04-01,P0323,22,96.8
2025-04-01,P0324,22,193.6
2025-04-01,P0325,22,193.6
2025-04-01,P0326,22,193.6
2025-04-01,P0327,22,96.8
2025-04-01,P0328,22,193.6
2025-04-01,P0329,22,193.6
2025-04-01,P0330,22,193.6
2025-04-01,P0331,22,193.6
2025-04-01,P0333,22,193.6
2025-04-01,P0334,10,88.0
2025-04-01,P0335,22,193.6
2025-04-01,P0336,22,193.6
2025-04-01,P0337,22,193.6
2025-04-01,P0338,22,193.6
2025-04-01,P0339,22,193.6
2025-04-01,P0340,22,193.6
2025-04-01,P0342,22,96.8
2025-04-01,P0343,22,96.8
2025-04-01,P0344,22,193.6
2025-04-01,P0345,22,193.6
2025-04-01,P0346,22,193.6
2025-04-01,P0347,22,193.6
2025-04-01,P0348,22,193.6
2025-04-01,P0349,22,193.6
2025-04-01,P0350,22,193.6
2025-04-01,P0352,22,193.6
2025-04-01,P0353,22,193.6
2025-04-01,P0354,22,193.6
2025-04-01,P0355,15,132.0
2025-04-01,P0356,22,193.6
2025-04-01,P0357,22,193.6
2025-04-01,P0358,22,193.6
2025-04-01,P0359,22,193.6
2025-04-01,P0360,22,193.6
2025-04-01,P0361,22,193.6
2025-04-01,P0362,22,193.6
2025-04-01,P0363,22,96.8
2025-04-01,P0364,22,96.8
2025-04-01,P0365,22,193.6
2025-04-01,P0366,22,193.6
2025-04-01,P0367,22,193.6
2025-04-01,P0368,22,193.6
2025-04-01,P0369,22,193.6
2025-04-01,P0370,22,193.6
2025-04-01,P0371,22,193.6
2025-04-01,P0372,22,193.6
2025-04-01,P0373,22,193.6
2025-04-01,P0374,22,96.8
2025-04-01,P0375,22,96.8
2025-04-01,P0376,22,193.6
2025-04-01,P0377,22,193.6
2025-04-01,P0378,22,193.6
2025-04-01,P0379,22,193.6
2025-04-01,P0380,22,193.6
2025-04-01,P0382,22,193.6
2025-04-01,P0383,22,193.6
2025-04-01,P0384,22,193.6
2025-04-01,P0385,20,176.0
2025-04-01,P0386,22,193.6
2025-04-01,P0388,22,193.6
2025-04-01,P0389,22,193.6
2025-04-01,P0390,22,96.8
2025-04-01,P0391,22,193.6
2025-04-01,P0392,22,193.6
2025-04-01,P0393,22,193.6
2025-04-01,P0394,22,193.6
2025-04-01,P0395,22,193.6
2025-04-01,P0396,22,193.6
2025-04-01,P0398,22,193.6
2025-04-01,P0399,22,193.6
2025-04-01,P0400,22,193.6
2025-04-01,P0401,22,193.6
2025-04-01,P0402,22,193.6
2025-04-01,P0403,22,193.6
2025-04-01,P0404,22,96.8
2025-04-01,P0405,22,193.6
2025-04-01,P0406,22,193.6
2025-04-01,P0407,22,193.6
2025-04-01,P0409,22,193.6
2025-04-01,P0410,22,193.6
2025-04-01,P0411,22,193.6
2025-04-01,P0412,22,193.6
2025-04-01,P0413,22,193.6
2025-04-01,P0414,22,193.6
2025-04-01,P0415,22,193.6
2025-04-01,P0416,22,193.6
2025-04-01,P0417,22,193.6
2025-04-01,P0418,22,193.6
2025-04-01,P0419,22,193.6
2025-04-01,P0420,22,193.6
2025-04-01,P0421,22,193.6
2025-04-01,P0422,22,193.6
2025-04-01,P0423,22,193.6
2025-04-01,P0424,22,193.6
2025-04-01,P0425,22,193.6
2025-04-01,P0426,22,193.6
2025-04-01,P0427,22,193.6
2025-04-01,P0428,22,193.6
2025-04-01,P0429,22,193.6
2025-04-01,P0430,22,193.6
2025-04-01,P0431,22,193.6
2025-04-01,P0432,22,193.6
2025-04-01,P0433,22,96.8
2025-04-01,P0434,22,193.6
2025-04-01,P0435,22,193.6
2025-04-01,P0436,22,193.6
2025-04-01,P0437,22,193.6
2025-04-01,P0439,22,193.6
2025-04-01,P0440,22,193.6
2025-04-01,P0441,22,96.8
2025-04-01,P0442,22,193.6
2025-04-01,P0443,22,193.6
2025-04-01,P0444,22,193.6
2025-04-01,P0445,22,193.6
2025-04-01,P0448,22,193.6
2025-04-01,P0449,22,193.6
2025-04-01,P0451,22,193.6
2025-04-01,P0454,22,193.6
2025-04-01,P0455,22,193.6
2025-04-01,P0456,22,193.6
2025-04-01,P0457,22,193.6
2025-04-01,P0458,22,193.6
2025-04-01,P0459,22,193.6
2025-04-01,P0460,22,193.6
2025-04-01,P0461,22,193.6
2025-04-01,P0463,22,193.6
2025-04-01,P0464,22,193.6
2025-04-01,P0465,22,193.6
2025-04-01,P0466,22,193.6
2025-04-01,P0467,22,193.6
2025-04-01,P0468,22,193.6
2025-04-01,P0469,22,193.6
2025-04-01,P0470,22,193.6
2025-04-01,P0471,22,193.6
2025-04-01,P0473,22,193.6
2025-04-01,P0474,22,193.6
2025-04-01,P0475,22,193.6
2025-04-01,P0476,22,193.6
2025-04-01,P0478,22,193.6
2025-04-01,P0479,22,193.6
2025-04-01,P0480,22,193.6
2025-04-01,P0481,22,193.6
2025-04-01,P0482,22,193.6
2025-04-01,P0483,22,193.6
2025-04-01,P0484,22,193.6
2025-04-01,P0485,22,193.6
2025-04-01,P0486,22,193.6
2025-04-01,P0487,22,96.8
2025-04-01,P0488,22,193.6
2025-04-01,P0489,22,193.6
2025-04-01,P0490,22,193.6
2025-04-01,P0491,22,193.6
2025-04-01,P0492,22,193.6
2025-04-01,P0493,22,96.8
2025-04-01,P0495,22,193.6
2025-04-01,P0496,22,193.6
2025-04-01,P0497,22,193.6
2025-04-01,P0499,22,193.6
2025-04-01,P0500,22,96.8
2025-04-01,P0501,22,193.6
2025-04-01,P0502,22,193.6
2025-04-01,P0503,22,193.6
2025-04-01,P0504,22,96.8
2025-04-01,P0505,22,193.6
2025-04-01,P0506,22,193.6
2025-04-01,P0507,22,193.6
2025-04-01,P0509,22,193.6
2025-04-01,P0510,22,193.6
2025-04-01,P0511,22,193.6
2025-04-01,P0512,22,193.6
2025-04-01,P0513,22,193.6
2025-04-01,P0514,22,193.6
2025-04-01,P0515,22,193.6
2025-04-01,P0516,22,193.6
2025-04-01,P0517,22,193.6
2025-04-01,P0518,22,193.6
2025-04-01,P0519,22,96.8
2025-04-01,P0520,22,193.6
2025-04-01,P0521,22,193.6
2025-04-01,P0522,22,193.6
2025-04-01,P0523,22,193.6
2025-04-01,P0524,22,193.6
2025-04-01,P0525,22,193.6
2025-04-01,P0526,22,96.8
2025-04-01,P0527,22,193.6
2025-04-01,P0529,22,193.6
2025-04-01,P0530,22,193.6
2025-04-01,P0532,22,193.6
2025-04-01,P0534,22,193.6
2025-04-01,P0535,22,193.6
2025-04-01,P0536,22,193.6
2025-04-01,P0537,22,193.6
2025-04-01,P0539,22,193.6
2025-04-01,P0540,22,193.6
2025-04-01,P0541,22,193.6
2025-04-01,P0542,22,193.6
2025-04-01,P0543,22,193.6
2025-04-01,P0544,22,193.6
2025-04-01,P0545,22,193.6
2025-04-01,P0546,22,193.6
2025-04-01,P0547,22,96.8
2025-04-01,P0548,22,193.6
2025-04-01,P0549,22,193.6
2025-04-01,P0550,22,193.6
2025-04-01,P0551,22,193.6
2025-04-01,P0552,22,96.8
2025-04-01,P0553,22,193.6
2025-04-01,P0555,22,193.6
2025-04-01,P0556,22,193.6
2025-04-01,P0557,22,193.6
2025-04-01,P0558,22,193.6
2025-04-01,P0559,22,96.8
2025-04-01,P0560,22,193.6
2025-04-01,P0561,22,193.6
2025-04-01,P0562,22,193.6
2025-04-01,P0563,22,193.6
2025-04-01,P0564,22,193.6
2025-04-01,P0566,22,193.6
2025-04-01,P0567,22,193.6
2025-04-01,P0568,22,193.6
2025-04-01,P0569,22,193.6
2025-04-01,P0570,22,193.6
2025-04-01,P0571,22,193.6
2025-04-01,P0573,22,193.6
2025-04-01,P0574,22,193.6
2025-04-01,P0575,22,193.6
2025-04-01,P0576,22,193.6
2025-04-01,P0577,22,193.6
2025-04-01,P0579,22,193.6
2025-04-01,P0580,22,193.6
2025-04-01,P0581,22,193.6
2025-04-01,P0582,22,193.6
2025-04-01,P0583,22,193.6
2025-04-01,P0584,22,193.6
2025-04-01,P0585,22,193.6
2025-04-01,P0586,22,193.6
2025-04-01,P0587,22,193.6
2025-04-01,P0588,22,193.6
2025-04-01,P0589,22,193.6
2025-04-01,P0590,22,96.8
2025-04-01,P0591,22,193.6
2025-04-01,P0593,22,193.6
2025-04-01,P0595,22,193.6
2025-04-01,P0596,22,193.6
2025-04-01,P0597,22,193.6
2025-04-01,P0598,22,193.6
2025-04-01,P0599,22,193.6
2025-04-01,P0600,22,193.6
2025-04-01,P0601,22,96.8
2025-04-01,P0602,22,193.6
2025-04-01,P0603,22,193.6
2025-04-01,P0604,22,193.6
2025-04-01,P0605,22,193.6
2025-04-01,P0606,22,193.6
2025-04-01,P0607,22,193.6
2025-04-01,P0608,22,193.6
2025-04-01,P0609,22,193.6
2025-04-01,P0610,22,193.6
2025-04-01,P0612,22,193.6
2025-04-01,P0613,22,96.8
2025-04-01,P0615,22,193.6
2025-04-01,P0616,22,193.6
2025-04-01,P0617,22,193.6
2025-04-01,P0618,22,193.6
2025-04-01,P0619,22,193.6
2025-04-01,P0620,22,193.6
2025-04-01,P0621,22,193.6
2025-04-01,P0622,22,96.8
2025-04-01,P0623,22,193.6
2025-04-01,P0624,22,193.6
2025-04-01,P0625,22,193.6
2025-04-01,P0626,22,193.6
2025-04-01,P0627,22,96.8
2025-04-01,P0628,22,193.6
2025-04-01,P0630,22,193.6
2025-04-01,P0631,22,193.6
2025-04-01,P0632,22,193.6
2025-04-01,P0634,22,193.6
2025-04-01,P0635,22,193.6
2025-04-01,P0636,22,96.8
2025-04-01,P0637,22,193.6
2025-04-01,P0638,22,193.6
2025-04-01,P0639,22,193.6
2025-04-01,P0640,22,96.8
2025-04-01,P0641,22,193.6
2025-04-01,P0642,22,193.6
2025-04-01,P0643,22,193.6
2025-04-01,P0644,22,193.6
2025-04-01,P0646,22,193.6
2025-04-01,P0647,22,193.6
2025-04-01,P0648,22,193.6
2025-04-01,P0649,22,193.6
2025-04-01,P0650,22,96.8
2025-04-01,P0651,22,193.6
2025-04-01,P0652,22,193.6
2025-04-01,P0653,22,193.6
2025-04-01,P0655,22,193.6
2025-04-01,P0656,22,193.6
2025-04-01,P0657,22,193.6
2025-04-01,P0658,22,193.6
2025-04-01,P0659,22,193.6
2025-04-01,P0660,22,193.6
2025-04-01,P0661,22,193.6
2025-04-01,P0662,22,193.6
2025-04-01,P0663,10,44.0
2025-04-01,P0664,22,193.6
2025-04-01,P0665,16,140.8
2025-04-01,P0666,13,114.4
2025-04-01,P0667,5,44.0
2025-04-01,P0668,4,35.2
2025-04-01,P0669,3,26.4
2025-04-01,P0670,3,26.4
2025-04-01,P0671,3,26.4
2025-05-01,P0001,22,193.6
2025-05-01,P0003,22,193.6
2025-05-01,P0004,22,193.6
2025-05-01,P0005,22,193.6
2025-05-01,P0006,22,193.6
2025-05-01,P0007,22,193.6
2025-05-01,P0008,22,96.8
2025-05-01,P0011,22,193.6
2025-05-01,P0012,22,193.6
2025-05-01,P0013,22,193.6
2025-05-01,P0014,22,193.6
2025-05-01,P0015,22,193.6
2025-05-01,P0016,22,193.6
2025-05-01,P0018,22,193.6
2025-05-01,P0019,22,193.6
2025-05-01,P0020,22,193.6
2025-05-01,P0021,22,193.6
2025-05-01,P0022,22,193.6
2025-05-01,P0023,22,96.8
2025-05-01,P0024,22,193.6
2025-05-01,P0025,22,193.6
2025-05-01,P0026,22,193.6
2025-05-01,P0027,22,193.6
2025-05-01,P0028,22,193.6
2025-05-01,P0029,22,193.6
2025-05-01,P0030,22,193.6
2025-05-01,P0034,22,193.6
2025-05-01,P0035,22,193.6
2025-05-01,P0036,22,193.6
2025-05-01,P0037,22,193.6
2025-05-01,P0038,22,193.6
2025-05-01,P0039,22,193.6
2025-05-01,P0040,22,193.6
2025-05-01,P0041,22,96.8
2025-05-01,P0042,22,193.6
2025-05-01,P0043,22,193.6
2025-05-01,P0044,22,193.6
2025-05-01,P0045,22,193.6
2025-05-01,P0046,22,193.6
2025-05-01,P0047,22,193.6
2025-05-01,P0048,22,193.6
2025-05-01,P0049,22,193.6
2025-05-01,P0050,22,193.6
2025-05-01,P0051,22,193.6
2025-05-01,P0052,22,193.6
2025-05-01,P0053,22,193.6
2025-05-01,P0054,22,193.6
2025-05-01,P0056,22,193.6
2025-05-01,P0059,22,193.6
2025-05-01,P0060,22,193.6
2025-05-01,P0061,22,193.6
2025-05-01,P0062,22,193.6
2025-05-01,P0063,22,193.6
2025-05-01,P0064,22,193.6
2025-05-01,P0065,22,193.6
2025-05-01,P0066,22,193.6
2025-05-01,P0067,22,193.6
2025-05-01,P0068,22,193.6
2025-05-01,P0069,22,193.6
2025-05-01,P0071,22,193.6
2025-05-01,P0072,22,193.6
2025-05-01,P0073,22,193.6
2025-05-01,P0074,22,193.6
2025-05-01,P0075,22,193.6
2025-05-01,P0076,22,193.6
2025-05-01,P0077,22,193.6
2025-05-01,P0079,22,193.6
2025-05-01,P0080,22,193.6
2025-05-01,P0081,22,96.8
2025-05-01,P0082,22,193.6
2025-05-01,P0083,22,193.6
2025-05-01,P0084,22,193.6
2025-05-01,P0085,22,193.6
2025-05-01,P0086,22,193.6
2025-05-01,P0087,22,193.6
2025-05-01,P0088,22,193.6
2025-05-01,P0089,22,193.6
2025-05-01,P0090,22,193.6
2025-05-01,P0091,22,193.6
2025-05-01,P0092,22,193.6
2025-05-01,P0093,22,193.6
2025-05-01,P0094,22,193.6
2025-05-01,P0095,22,193.6
2025-05-01,P0096,22,193.6
2025-05-01,P0097,22,96.8
2025-05-01,P0098,22,193.6
2025-05-01,P0099,22,193.6
2025-05-01,P0100,22,193.6
2025-05-01,P0101,22,193.6
2025-05-01,P0102,22,193.6
2025-05-01,P0103,22,193.6
2025-05-01,P0104,22,193.6
2025-05-01,P0105,22,193.6
2025-05-01,P0106,22,193.6
2025-05-01,P0107,22,193.6
2025-05-01,P0108,22,193.6
2025-05-01,P0109,22,193.6
2025-05-01,P0110,22,193.6
2025-05-01,P0111,22,193.6
2025-05-01,P0112,22,193.6
2025-05-01,P0113,22,193.6
2025-05-01,P0114,22,193.6
2025-05-01,P0116,22,193.6
2025-05-01,P0117,22,193.6
2025-05-01,P0118,22,193.6
2025-05-01,P0119,22,193.6
2025-05-01,P0120,22,96.8
2025-05-01,P0121,22,193.6
2025-05-01,P0122,22,193.6
2025-05-01,P0123,22,193.6
2025-05-01,P0124,22,96.8
2025-05-01,P0125,22,193.6
2025-05-01,P0126,22,193.6
2025-05-01,P0127,22,193.6
2025-05-01,P0128,22,193.6
2025-05-01,P0129,22,193.6
2025-05-01,P0130,22,193.6
2025-05-01,P0131,22,193.6
2025-05-01,P0132,22,193.6
2025-05-01,P0133,22,193.6
2025-05-01,P0134,7,61.6
2025-05-01,P0136,22,193.6
2025-05-01,P0137,22,193.6
2025-05-01,P0138,22,193.6
2025-05-01,P0139,22,193.6
2025-05-01,P0140,22,193.6
2025-05-01,P0141,22,193.6
2025-05-01,P0143,22,193.6
2025-05-01,P0144,22,193.6
2025-05-01,P0145,22,193.6
2025-05-01,P0146,22,193.6
2025-05-01,P0147,22,193.6
2025-05-01,P0148,22,193.6
2025-05-01,P0149,22,193.6
2025-05-01,P0151,22,193.6
2025-05-01,P0152,22,96.8
2025-05-01,P0154,22,193.6
2025-05-01,P0155,22,193.6
2025-05-01,P0156,22,193.6
2025-05-01,P0157,22,193.6
2025-05-01,P0158,22,193.6
2025-05-01,P0159,22,193.6
2025-05-01,P0160,22,193.6
2025-05-01,P0161,22,193.6
2025-05-01,P0162,22,193.6
2025-05-01,P0165,22,193.6
2025-05-01,P0166,22,193.6
2025-05-01,P0167,22,193.6
2025-05-01,P0168,22,193.6
2025-05-01,P0169,22,193.6
2025-05-01,P0170,22,193.6
2025-05-01,P0171,22,193.6
2025-05-01,P0172,22,193.6
2025-05-01,P0173,22,193.6
2025-05-01,P0174,22,193.6
2025-05-01,P0175,22,193.6
2025-05-01,P0176,22,193.6
2025-05-01,P0177,22,193.6
2025-05-01,P0178,22,193.6
2025-05-01,P0179,22,193.6
2025-05-01,P0180,22,193.6
2025-05-01,P0181,22,193.6
2025-05-01,P0182,22,193.6
2025-05-01,P0183,22,96.8
2025-05-01,P0184,22,193.6
2025-05-01,P0185,22,193.6
2025-05-01,P0186,22,193.6
2025-05-01,P0187,17,149.6
2025-05-01,P0188,22,193.6
2025-05-01,P0189,22,193.6
2025-05-01,P0190,22,96.8
2025-05-01,P0192,22,96.8
2025-05-01,P0193,22,193.6
2025-05-01,P0194,22,193.6
2025-05-01,P0195,22,193.6
2025-05-01,P0196,22,193.6
2025-05-01,P0198,22,193.6
2025-05-01,P0199,22,193.6
2025-05-01,P0201,22,193.6
2025-05-01,P0202,22,193.6
2025-05-01,P0203,22,193.6
2025-05-01,P0204,22,193.6
2025-05-01,P0205,22,193.6
2025-05-01,P0206,22,193.6
2025-05-01,P0207,22,193.6
2025-05-01,P0208,22,193.6
2025-05-01,P0209,22,193.6
2025-05-01,P0210,22,193.6
2025-05-01,P0211,22,193.6
2025-05-01,P0212,22,193.6
2025-05-01,P0213,22,193.6
2025-05-01,P0214,22,193.6
2025-05-01,P0215,20,176.0
2025-05-01,P0216,22,193.6
2025-05-01,P0217,22,193.6
2025-05-01,P0218,22,193.6
2025-05-01,P0219,22,193.6
2025-05-01,P0221,22,193.6
2025-05-01,P0222,22,193.6
2025-05-01,P0223,22,193.6
2025-05-01,P0224,22,193.6
2025-05-01,P0225,22,193.6
2025-05-01,P0226,22,193.6
2025-05-01,P0227,22,193.6
2025-05-01,P0228,22,193.6
2025-05-01,P0229,22,193.6
2025-05-01,P0230,22,193.6
2025-05-01,P0232,22,193.6
2025-05-01,P0234,22,193.6
2025-05-01,P0235,22,193.6
2025-05-01,P0236,22,193.6
2025-05-01,P0237,22,193.6
2025-05-01,P0238,22,193.6
2025-05-01,P0239,22,193.6
2025-05-01,P0240,22,193.6
2025-05-01,P0241,22,193.6
2025-05-01,P0242,22,193.6
2025-05-01,P0245,22,193.6
2025-05-01,P0246,22,193.6
2025-05-01,P0248,22,193.6
2025-05-01,P0251,22,193.6
2025-05-01,P0252,22,193.6
2025-05-01,P0253,22,193.6
2025-05-01,P0254,22,193.6
2025-05-01,P0255,22,193.6
2025-05-01,P0256,22,193.6
2025-05-01,P0257,22,193.6
2025-05-01,P0258,22,96.8
2025-05-01,P0259,22,193.6
2025-05-01,P0260,22,193.6
2025-05-01,P0261,22,193.6
2025-05-01,P0262,22,96.8
2025-05-01,P0263,22,193.6
2025-05-01,P0264,22,193.6
2025-05-01,P0265,22,193.6
2025-05-01,P0266,22,193.6
2025-05-01,P0267,22,193.6
2025-05-01,P0268,22,193.6
2025-05-01,P0269,22,193.6
2025-05-01,P0270,22,193.6
2025-05-01,P0271,22,193.6
2025-05-01,P0272,22,193.6
2025-05-01,P0273,22,193.6
2025-05-01,P0274,22,193.6
2025-05-01,P0275,22,193.6
2025-05-01,P0276,22,96.8
2025-05-01,P0277,22,193.6
2025-05-01,P0278,22,193.6
2025-05-01,P0279,22,193.6
2025-05-01,P0281,22,193.6
2025-05-01,P0282,22,193.6
2025-05-01,P0283,22,96.8
2025-05-01,P0285,22,193.6
2025-05-01,P0287,22,193.6
2025-05-01,P0288,22,193.6
2025-05-01,P0289,22,193.6
2025-05-01,P0290,22,96.8
2025-05-01,P0291,22,96.8
2025-05-01,P0292,22,193.6
2025-05-01,P0293,22,193.6
2025-05-01,P0294,22,193.6
2025-05-01,P0295,22,193.6
2025-05-01,P0296,22,193.6
2025-05-01,P0297,22,193.6
2025-05-01,P0298,22,193.6
2025-05-01,P0299,22,193.6
2025-05-01,P0300,22,193.6
2025-05-01,P0301,22,193.6
2025-05-01,P0302,22,193.6
2025-05-01,P0303,22,193.6
2025-05-01,P0304,22,193.6
2025-05-01,P0305,22,193.6
2025-05-01,P0306,22,193.6
2025-05-01,P0307,22,193.6
2025-05-01,P0308,22,96.8
2025-05-01,P0309,22,193.6
2025-05-01,P0311,22,193.6
2025-05-01,P0313,22,193.6
2025-05-01,P0314,22,193.6
2025-05-01,P0315,22,193.6
2025-05-01,P0316,22,193.6
2025-05-01,P0317,22,193.6
2025-05-01,P0318,22,193.6
2025-05-01,P0319,22,193.6
2025-05-01,P0320,22,193.6
2025-05-01,P0321,22,193.6
2025-05-01,P0322,22,96.8
2025-05-01,P0323,22,96.8
2025-05-01,P0324,22,193.6
2025-05-01,P0325,22,193.6
2025-05-01,P0326,22,193.6
2025-05-01,P0327,22,96.8
2025-05-01,P0328,22,193.6
2025-05-01,P0329,22,193.6
2025-05-01,P0330,22,193.6
2025-05-01,P0331,22,193.6
2025-05-01,P0333,22,193.6
2025-05-01,P0335,22,193.6
2025-05-01,P0336,22,193.6
2025-05-01,P0337,22,193.6
2025-05-01,P0338,22,193.6
2025-05-01,P0339,22,193.6
2025-05-01,P0340,22,193.6
2025-05-01,P0342,22,96.8
2025-05-01,P0343,22,96.8
2025-05-01,P0344,22,193.6
2025-05-01,P0345,22,193.6
2025-05-01,P0346,22,193.6
2025-05-01,P0347,22,193.6
2025-05-01,P0348,22,193.6
2025-05-01,P0349,22,193.6
2025-05-01,P0350,22,193.6
2025-05-01,P0352,22,193.6
2025-05-01,P0353,22,193.6
2025-05-01,P0354,22,193.6
2025-05-01,P0356,22,193.6
2025-05-01,P0357,22,193.6
2025-05-01,P0358,22,193.6
2025-05-01,P0359,22,193.6
2025-05-01,P0360,22,193.6
2025-05-01,P0361,22,193.6
2025-05-01,P0362,3,26.4
2025-05-01,P0363,22,96.8
2025-05-01,P0364,22,96.8
2025-05-01,P0365,22,193.6
2025-05-01,P0366,22,193.6
2025-05-01,P0367,22,193.6
2025-05-01,P0368,22,193.6
2025-05-01,P0369,22,193.6
2025-05-01,P0370,22,193.6
2025-05-01,P0371,22,193.6
2025-05-01,P0372,22,193.6
2025-05-01,P0373,22,193.6
2025-05-01,P0374,22,96.8
2025-05-01,P0375,22,96.8
2025-05-01,P0376,22,193.6
2025-05-01,P0377,22,193.6
2025-05-01,P0378,22,193.6
2025-05-01,P0379,22,193.6
2025-05-01,P0380,22,193.6
2025-05-01,P0382,22,193.6
2025-05-01,P0383,22,193.6
2025-05-01,P0384,22,193.6
2025-05-01,P0386,22,193.6
2025-05-01,P0388,22,193.6
2025-05-01,P0389,22,193.6
2025-05-01,P0390,22,96.8
2025-05-01,P0391,22,193.6
2025-05-01,P0392,22,193.6
2025-05-01,P0393,22,193.6
2025-05-01,P0394,22,193.6
2025-05-01,P0395,22,193.6
2025-05-01,P0396,22,193.6
2025-05-01,P0398,22,193.6
2025-05-01,P0399,22,193.6
2025-05-01,P0400,22,193.6
2025-05-01,P0401,22,193.6
2025-05-01,P0402,22,193.6
2025-05-01,P0403,22,193.6
2025-05-01,P0404,22,96.8
2025-05-01,P0405,22,193.6
2025-05-01,P0406,22,193.6
2025-05-01,P0407,22,193.6
2025-05-01,P0409,22,193.6
2025-05-01,P0410,22,193.6
2025-05-01,P0411,22,193.6
2025-05-01,P0412,22,193.6
2025-05-01,P0413,22,193.6
2025-05-01,P0414,22,193.6
2025-05-01,P0415,22,193.6
2025-05-01,P0416,22,193.6
2025-05-01,P0417,22,193.6
2025-05-01,P0418,22,193.6
2025-05-01,P0419,22,193.6
2025-05-01,P0420,22,193.6
2025-05-01,P0421,22,193.6
2025-05-01,P0422,22,193.6
2025-05-01,P0423,22,193.6
2025-05-01,P0424,22,193.6
2025-05-01,P0425,22,193.6
2025-05-01,P0426,22,193.6
2025-05-01,P0427,22,193.6
2025-05-01,P0428,22,193.6
2025-05-01,P0429,22,193.6
2025-05-01,P0430,22,193.6
2025-05-01,P0431,22,193.6
2025-05-01,P0432,22,193.6
2025-05-01,P0433,22,96.8
2025-05-01,P0434,22,193.6
2025-05-01,P0435,22,193.6
2025-05-01,P0436,22,193.6
2025-05-01,P0437,22,193.6
2025-05-01,P0439,22,193.6
2025-05-01,P0440,22,193.6
2025-05-01,P0441,22,96.8
2025-05-01,P0442,22,193.6
2025-05-01,P0443,22,193.6
2025-05-01,P0444,22,193.6
2025-05-01,P0445,22,193.6
2025-05-01,P0448,22,193.6
2025-05-01,P0449,4,35.2
2025-05-01,P0451,22,193.6
2025-05-01,P0454,22,193.6
2025-05-01,P0455,22,193.6
2025-05-01,P0456,22,193.6
2025-05-01,P0457,22,193.6
2025-05-01,P0458,22,193.6
2025-05-01,P0459,22,193.6
2025-05-01,P0460,22,193.6
2025-05-01,P0461,22,193.6
2025-05-01,P0463,22,193.6
2025-05-01,P0464,22,193.6
2025-05-01,P0465,22,193.6
2025-05-01,P0466,22,193.6
2025-05-01,P0467,22,193.6
2025-05-01,P0468,22,193.6
2025-05-01,P0469,22,193.6
2025-05-01,P0470,22,193.6
2025-05-01,P0471,22,193.6
2025-05-01,P0473,22,193.6
2025-05-01,P0474,22,193.6
2025-05-01,P0475,22,193.6
2025-05-01,P0476,22,193.6
2025-05-01,P0478,22,193.6
2025-05-01,P0479,22,193.6
2025-05-01,P0480,22,193.6
2025-05-01,P0481,22,193.6
2025-05-01,P0482,22,193.6
2025-05-01,P0483,22,193.6
2025-05-01,P0484,22,193.6
2025-05-01,P0485,22,193.6
2025-05-01,P0486,22,193.6
2025-05-01,P0487,22,96.8
2025-05-01,P0488,22,193.6
2025-05-01,P0489,22,193.6
2025-05-01,P0490,22,193.6
2025-05-01,P0491,22,193.6
2025-05-01,P0492,22,193.6
2025-05-01,P0493,22,96.8
2025-05-01,P0495,22,193.6
2025-05-01,P0496,22,193.6
2025-05-01,P0497,22,193.6
2025-05-01,P0499,22,193.6
2025-05-01,P0500,22,96.8
2025-05-01,P0501,22,193.6
2025-05-01,P0502,22,193.6
2025-05-01,P0503,22,193.6
2025-05-01,P0504,22,96.8
2025-05-01,P0505,22,193.6
2025-05-01,P0506,22,193.6
2025-05-01,P0507,22,193.6
2025-05-01,P0509,22,193.6
2025-05-01,P0510,22,193.6
2025-05-01,P0511,22,193.6
2025-05-01,P0512,22,193.6
2025-05-01,P0513,22,193.6
2025-05-01,P0514,22,193.6
2025-05-01,P0515,22,193.6
2025-05-01,P0516,22,193.6
2025-05-01,P0517,22,193.6
2025-05-01,P0518,22,193.6
2025-05-01,P0519,22,96.8
2025-05-01,P0520,22,193.6
2025-05-01,P0521,22,193.6
2025-05-01,P0522,22,193.6
2025-05-01,P0523,22,193.6
2025-05-01,P0524,22,193.6
2025-05-01,P0525,22,193.6
2025-05-01,P0526,22,96.8
2025-05-01,P0527,22,193.6
2025-05-01,P0529,22,193.6
2025-05-01,P0530,22,193.6
2025-05-01,P0532,22,193.6
2025-05-01,P0534,22,193.6
2025-05-01,P0535,22,193.6
2025-05-01,P0536,22,193.6
2025-05-01,P0537,22,193.6
2025-05-01,P0539,22,193.6
2025-05-01,P0540,22,193.6
2025-05-01,P0541,22,193.6
2025-05-01,P0542,22,193.6
2025-05-01,P0543,22,193.6
2025-05-01,P0544,22,193.6
2025-05-01,P0545,22,193.6
2025-05-01,P0546,22,193.6
2025-05-01,P0547,22,96.8
2025-05-01,P0548,22,193.6
2025-05-01,P0549,22,193.6
2025-05-01,P0550,22,193.6
2025-05-01,P0551,22,193.6
2025-05-01,P0552,22,96.8
2025-05-01,P0553,22,193.6
2025-05-01,P0555,22,193.6
2025-05-01,P0556,22,193.6
2025-05-01,P0557,22,193.6
2025-05-01,P0558,22,193.6
2025-05-01,P0559,22,96.8
2025-05-01,P0560,22,193.6
2025-05-01,P0561,22,193.6
2025-05-01,P0562,22,193.6
2025-05-01,P0563,22,193.6
2025-05-01,P0564,22,193.6
2025-05-01,P0566,22,193.6
2025-05-01,P0567,22,193.6
2025-05-01,P0568,22,193.6
2025-05-01,P0569,22,193.6
2025-05-01,P0570,22,193.6
2025-05-01,P0571,22,193.6
2025-05-01,P0573,22,193.6
2025-05-01,P0574,22,193.6
2025-05-01,P0575,22,193.6
2025-05-01,P0576,22,193.6
2025-05-01,P0577,22,193.6
2025-05-01,P0579,22,193.6
2025-05-01,P0580,22,193.6
2025-05-01,P0581,22,193.6
2025-05-01,P0582,22,193.6
2025-05-01,P0583,22,193.6
2025-05-01,P0584,22,193.6
2025-05-01,P0585,22,193.6
2025-05-01,P0586,22,193.6
2025-05-01,P0587,22,193.6
2025-05-01,P0588,22,193.6
2025-05-01,P0589,22,193.6
2025-05-01,P0590,22,96.8
2025-05-01,P0591,22,193.6
2025-05-01,P0593,22,193.6
2025-05-01,P0595,22,193.6
2025-05-01,P0596,22,193.6
2025-05-01,P0597,22,193.6
2025-05-01,P0598,22,193.6
2025-05-01,P0599,22,193.6
2025-05-01,P0600,22,193.6
2025-05-01,P0601,22,96.8
2025-05-01,P0602,22,193.6
2025-05-01,P0603,22,193.6
2025-05-01,P0604,22,193.6
2025-05-01,P0605,22,193.6
2025-05-01,P0606,22,193.6
2025-05-01,P0607,22,193.6
2025-05-01,P0608,22,193.6
2025-05-01,P0609,22,193.6
2025-05-01,P0610,22,193.6
2025-05-01,P0612,22,193.6
2025-05-01,P0613,22,96.8
2025-05-01,P0615,22,193.6
2025-05-01,P0616,22,193.6
2025-05-01,P0617,22,193.6
2025-05-01,P0618,22,193.6
2025-05-01,P0619,22,193.6
2025-05-01,P0620,22,193.6
2025-05-01,P0621,22,193.6
2025-05-01,P0622,22,96.8
2025-05-01,P0623,22,193.6
2025-05-01,P0624,22,193.6
2025-05-01,P0625,22,193.6
2025-05-01,P0626,22,193.6
2025-05-01,P0627,22,96.8
2025-05-01,P0628,22,193.6
2025-05-01,P0630,22,193.6
2025-05-01,P0631,22,193.6
2025-05-01,P0632,22,193.6
2025-05-01,P0634,22,193.6
2025-05-01,P0635,22,193.6
2025-05-01,P0636,22,96.8
2025-05-01,P0637,22,193.6
2025-05-01,P0638,22,193.6
2025-05-01,P0639,22,193.6
2025-05-01,P0640,22,96.8
2025-05-01,P0641,22,193.6
2025-05-01,P0642,22,193.6
2025-05-01,P0643,22,193.6
2025-05-01,P0644,22,193.6
2025-05-01,P0646,22,193.6
2025-05-01,P0647,22,193.6
2025-05-01,P0648,22,193.6
2025-05-01,P0649,22,193.6
2025-05-01,P0650,22,96.8
2025-05-01,P0651,22,193.6
2025-05-01,P0652,22,193.6
2025-05-01,P0653,22,193.6
2025-05-01,P0655,22,193.6
2025-05-01,P0656,22,193.6
2025-05-01,P0657,22,193.6
2025-05-01,P0658,22,193.6
2025-05-01,P0659,22,193.6
2025-05-01,P0660,22,193.6
2025-05-01,P0661,22,193.6
2025-05-01,P0662,22,193.6
2025-05-01,P0664,22,193.6
2025-05-01,P0665,22,193.6
2025-05-01,P0666,22,193.6
2025-05-01,P0667,22,193.6
2025-05-01,P0669,22,193.6
2025-05-01,P0670,22,193.6
2025-05-01,P0671,22,193.6
2025-05-01,P0672,20,176.0
2025-05-01,P0673,19,167.2
2025-05-01,P0674,19,167.2
2025-05-01,P0675,19,167.2
2025-05-01,P0676,10,88.0
2025-05-01,P0677,9,79.2
2025-05-01,P0678,1,4.4
2025-06-01,P0001,21,184.8
2025-06-01,P0003,21,184.8
2025-06-01,P0004,21,184.8
2025-06-01,P0005,21,184.8
2025-06-01,P0006,21,184.8
2025-06-01,P0007,21,184.8
2025-06-01,P0008,21,92.4
2025-06-01,P0011,21,184.8
2025-06-01,P0012,21,184.8
2025-06-01,P0013,21,184.8
2025-06-01,P0014,21,184.8
2025-06-01,P0015,21,184.8
2025-06-01,P0016,21,184.8
2025-06-01,P0018,21,184.8
2025-06-01,P0019,21,184.8
2025-06-01,P0020,21,184.8
2025-06-01,P0021,21,184.8
2025-06-01,P0022,21,184.8
2025-06-01,P0023,21,92.4
2025-06-01,P0024,21,184.8
2025-06-01,P0025,21,184.8
2025-06-01,P0026,21,184.8
2025-06-01,P0027,21,184.8
2025-06-01,P0028,21,184.8
2025-06-01,P0029,21,184.8
2025-06-01,P0030,21,184.8
2025-06-01,P0034,21,184.8
2025-06-01,P0035,21,184.8
2025-06-01,P0036,21,184.8
2025-06-01,P0037,21,184.8
2025-06-01,P0038,21,184.8
2025-06-01,P0039,21,184.8
2025-06-01,P0040,21,184.8
2025-06-01,P0041,21,92.4
2025-06-01,P0042,21,184.8
2025-06-01,P0043,21,184.8
2025-06-01,P0044,21,184.8
2025-06-01,P0045,21,184.8
2025-06-01,P0046,21,184.8
2025-06-01,P0047,21,184.8
2025-06-01,P0048,21,184.8
2025-06-01,P0049,21,184.8
2025-06-01,P0050,21,184.8
2025-06-01,P0051,21,184.8
2025-06-01,P0052,21,184.8
2025-06-01,P0053,21,184.8
2025-06-01,P0054,21,184.8
2025-06-01,P0056,21,184.8
2025-06-01,P0059,21,184.8
2025-06-01,P0060,21,184.8
2025-06-01,P0061,21,184.8
2025-06-01,P0062,21,184.8
2025-06-01,P0063,21,184.8
2025-06-01,P0064,21,184.8
2025-06-01,P0065,21,184.8
2025-06-01,P0066,21,184.8
2025-06-01,P0067,21,184.8
2025-06-01,P0068,21,184.8
2025-06-01,P0069,21,184.8
2025-06-01,P0071,21,184.8
2025-06-01,P0072,21,184.8
2025-06-01,P0073,21,184.8
2025-06-01,P0074,21,184.8
2025-06-01,P0075,21,184.8
2025-06-01,P0076,21,184.8
2025-06-01,P0077,21,184.8
2025-06-01,P0079,21,184.8
2025-06-01,P0080,21,184.8
2025-06-01,P0081,21,92.4
2025-06-01,P0082,21,184.8
2025-06-01,P0083,7,61.6
2025-06-01,P0084,21,184.8
2025-06-01,P0085,21,184.8
2025-06-01,P0086,21,184.8
2025-06-01,P0087,21,184.8
2025-06-01,P0088,21,184.8
2025-06-01,P0089,21,184.8
2025-06-01,P0090,21,184.8
2025-06-01,P0091,21,184.8
2025-06-01,P0092,21,184.8
2025-06-01,P0093,21,184.8
2025-06-01,P0094,21,184.8
2025-06-01,P0095,21,184.8
2025-06-01,P0096,21,184.8
2025-06-01,P0097,21,92.4
2025-06-01,P0098,21,184.8
2025-06-01,P0099,21,184.8
2025-06-01,P0100,21,184.8
2025-06-01,P0101,21,184.8
2025-06-01,P0102,21,184.8
2025-06-01,P0103,21,184.8
2025-06-01,P0104,21,184.8
2025-06-01,P0105,21,184.8
2025-06-01,P0106,21,184.8
2025-06-01,P0107,21,184.8
2025-06-01,P0108,21,184.8
2025-06-01,P0109,21,184.8
2025-06-01,P0110,21,184.8
2025-06-01,P0111,21,184.8
2025-06-01,P0112,21,184.8
2025-06-01,P0113,21,184.8
2025-06-01,P0114,21,184.8
2025-06-01,P0116,21,184.8
2025-06-01,P0117,21,184.8
2025-06-01,P0118,21,184.8
2025-06-01,P0119,21,184.8
2025-06-01,P0120,21,92.4
2025-06-01,P0121,21,184.8
2025-06-01,P0122,21,184.8
2025-06-01,P0123,21,184.8
2025-06-01,P0124,21,92.4
2025-06-01,P0125,21,184.8
2025-06-01,P0126,21,184.8
2025-06-01,P0127,21,184.8
2025-06-01,P0128,21,184.8
2025-06-01,P0129,21,184.8
2025-06-01,P0130,21,184.8
2025-06-01,P0131,21,184.8
2025-06-01,P0132,21,184.8
2025-06-01,P0133,21,184.8
2025-06-01,P0136,21,184.8
2025-06-01,P0137,21,184.8
2025-06-01,P0138,21,184.8
2025-06-01,P0139,21,184.8
2025-06-01,P0140,21,184.8
2025-06-01,P0141,21,184.8
2025-06-01,P0143,21,184.8
2025-06-01,P0144,21,184.8
2025-06-01,P0145,21,184.8
2025-06-01,P0146,21,184.8
2025-06-01,P0147,21,184.8
2025-06-01,P0148,21,184.8
2025-06-01,P0149,21,184.8
2025-06-01,P0151,21,184.8
2025-06-01,P0152,21,92.4
2025-06-01,P0154,21,184.8
2025-06-01,P0155,21,184.8
2025-06-01,P0156,21,184.8
2025-06-01,P0157,21,184.8
2025-06-01,P0158,21,184.8
2025-06-01,P0159,21,184.8
2025-06-01,P0160,21,184.8
2025-06-01,P0161,21,184.8
2025-06-01,P0162,21,184.8
2025-06-01,P0165,21,184.8
2025-06-01,P0166,21,184.8
2025-06-01,P0167,21,184.8
2025-06-01,P0168,21,184.8
2025-06-01,P0169,21,184.8
2025-06-01,P0170,21,184.8
2025-06-01,P0171,21,184.8
2025-06-01,P0172,21,184.8
2025-06-01,P0173,21,184.8
2025-06-01,P0174,21,184.8
2025-06-01,P0175,21,184.8
2025-06-01,P0176,21,184.8
2025-06-01,P0177,21,184.8
2025-06-01,P0178,21,184.8
2025-06-01,P0179,21,184.8
2025-06-01,P0180,21,184.8
2025-06-01,P0181,21,184.8
2025-06-01,P0182,21,184.8
2025-06-01,P0183,21,92.4
2025-06-01,P0184,21,184.8
2025-06-01,P0185,21,184.8
2025-06-01,P0186,21,184.8
2025-06-01,P0188,21,184.8
2025-06-01,P0189,21,184.8
2025-06-01,P0190,21,92.4
2025-06-01,P0192,21,92.4
2025-06-01,P0193,21,184.8
2025-06-01,P0194,21,184.8
2025-06-01,P0195,21,184.8
2025-06-01,P0196,21,184.8
2025-06-01,P0198,21,184.8
2025-06-01,P0199,21,184.8
2025-06-01,P0201,21,184.8
2025-06-01,P0202,21,184.8
2025-06-01,P0203,21,184.8
2025-06-01,P0204,21,184.8
2025-06-01,P0205,21,184.8
2025-06-01,P0206,21,184.8
2025-06-01,P0207,21,184.8
2025-06-01,P0208,21,184.8
2025-06-01,P0209,21,184.8
2025-06-01,P0210,21,184.8
2025-06-01,P0211,21,184.8
2025-06-01,P0212,21,184.8
2025-06-01,P0213,21,184.8
2025-06-01,P0214,21,184.8
2025-06-01,P0216,21,184.8
2025-06-01,P0217,21,184.8
2025-06-01,P0218,21,184.8
2025-06-01,P0219,21,184.8
2025-06-01,P0221,21,184.8
2025-06-01,P0222,21,184.8
2025-06-01,P0223,21,184.8
2025-06-01,P0224,21,184.8
2025-06-01,P0225,21,184.8
2025-06-01,P0226,21,184.8
2025-06-01,P0227,21,184.8
2025-06-01,P0228,21,184.8
2025-06-01,P0229,21,184.8
2025-06-01,P0230,21,184.8
2025-06-01,P0232,21,184.8
2025-06-01,P0234,13,114.4
2025-06-01,P0235,21,184.8
2025-06-01,P0236,11,96.8
2025-06-01,P0237,21,184.8
2025-06-01,P0238,21,184.8
2025-06-01,P0239,21,184.8
2025-06-01,P0240,21,184.8
2025-06-01,P0241,21,184.8
2025-06-01,P0242,21,184.8
2025-06-01,P0245,21,184.8
2025-06-01,P0246,21,184.8
2025-06-01,P0248,21,184.8
2025-06-01,P0251,21,184.8
2025-06-01,P0252,21,184.8
2025-06-01,P0253,21,184.8
2025-06-01,P0254,21,184.8
2025-06-01,P0255,21,184.8
2025-06-01,P0256,21,184.8
2025-06-01,P0257,21,184.8
2025-06-01,P0258,21,92.4
2025-06-01,P0259,21,184.8
2025-06-01,P0260,21,184.8
2025-06-01,P0261,21,184.8
2025-06-01,P0262,21,92.4
2025-06-01,P0263,21,184.8
2025-06-01,P0264,21,184.8
2025-06-01,P0265,21,184.8
2025-06-01,P0266,21,184.8
2025-06-01,P0267,21,184.8
2025-06-01,P0268,21,184.8
2025-06-01,P0269,21,184.8
2025-06-01,P0270,21,184.8
2025-06-01,P0271,21,184.8
2025-06-01,P0272,21,184.8
2025-06-01,P0273,21,184.8
2025-06-01,P0274,5,44.0
2025-06-01,P0275,21,184.8
2025-06-01,P0276,21,92.4
2025-06-01,P0277,21,184.8
2025-06-01,P0278,21,184.8
2025-06-01,P0279,21,184.8
2025-06-01,P0281,21,184.8
2025-06-01,P0282,21,184.8
2025-06-01,P0283,21,92.4
2025-06-01,P0285,21,184.8
2025-06-01,P0287,21,184.8
2025-06-01,P0288,21,184.8
2025-06-01,P0289,21,184.8
2025-06-01,P0290,21,92.4
2025-06-01,P0291,21,92.4
2025-06-01,P0292,21,184.8
2025-06-01,P0293,21,184.8
2025-06-01,P0294,21,184.8
2025-06-01,P0295,21,184.8
2025-06-01,P0296,21,184.8
2025-06-01,P0297,21,184.8
2025-06-01,P0298,21,184.8
2025-06-01,P0299,21,184.8
2025-06-01,P0300,21,184.8
2025-06-01,P0301,21,184.8
2025-06-01,P0302,21,184.8
2025-06-01,P0303,21,184.8
2025-06-01,P0304,21,184.8
2025-06-01,P0305,21,184.8
2025-06-01,P0306,21,184.8
2025-06-01,P0307,21,184.8
2025-06-01,P0308,21,92.4
2025-06-01,P0309,21,184.8
2025-06-01,P0311,21,184.8
2025-06-01,P0313,21,184.8
2025-06-01,P0314,21,184.8
2025-06-01,P0315,21,184.8
2025-06-01,P0316,21,184.8
2025-06-01,P0317,21,184.8
2025-06-01,P0318,21,184.8
2025-06-01,P0319,21,184.8
2025-06-01,P0320,21,184.8
2025-06-01,P0321,21,184.8
2025-06-01,P0322,21,92.4
2025-06-01,P0323,21,92.4
2025-06-01,P0324,21,184.8
2025-06-01,P0325,21,184.8
2025-06-01,P0326,21,184.8
2025-06-01,P0327,21,92.4
2025-06-01,P0328,21,184.8
2025-06-01,P0329,21,184.8
2025-06-01,P0330,21,184.8
2025-06-01,P0331,21,184.8
2025-06-01,P0333,21,184.8
2025-06-01,P0335,21,184.8
2025-06-01,P0336,21,184.8
2025-06-01,P0337,21,184.8
2025-06-01,P0338,21,184.8
2025-06-01,P0339,21,184.8
2025-06-01,P0340,21,184.8
2025-06-01,P0342,21,92.4
2025-06-01,P0343,21,92.4
2025-06-01,P0344,21,184.8
2025-06-01,P0345,21,184.8
2025-06-01,P0346,21,184.8
2025-06-01,P0347,21,184.8
2025-06-01,P0348,21,184.8
2025-06-01,P0349,21,184.8
2025-06-01,P0350,16,140.8
2025-06-01,P0352,21,184.8
2025-06-01,P0353,21,184.8
2025-06-01,P0354,21,184.8
2025-06-01,P0356,21,184.8
2025-06-01,P0357,21,184.8
2025-06-01,P0358,21,184.8
2025-06-01,P0359,21,184.8
2025-06-01,P0360,21,184.8
2025-06-01,P0361,21,184.8
2025-06-01,P0363,21,92.4
2025-06-01,P0364,21,92.4
2025-06-01,P0365,21,184.8
2025-06-01,P0366,21,184.8
2025-06-01,P0367,21,184.8
2025-06-01,P0368,21,184.8
2025-06-01,P0369,21,184.8
2025-06-01,P0370,21,184.8
2025-06-01,P0371,21,184.8
2025-06-01,P0372,21,184.8
2025-06-01,P0373,21,184.8
2025-06-01,P0374,21,92.4
2025-06-01,P0375,21,92.4
2025-06-01,P0376,21,184.8
2025-06-01,P0377,21,184.8
2025-06-01,P0378,21,184.8
2025-06-01,P0379,21,184.8
2025-06-01,P0380,21,184.8
2025-06-01,P0382,21,184.8
2025-06-01,P0383,21,184.8
2025-06-01,P0384,21,184.8
2025-06-01,P0386,21,184.8
2025-06-01,P0388,21,184.8
2025-06-01,P0389,21,184.8
2025-06-01,P0390,21,92.4
2025-06-01,P0391,21,184.8
2025-06-01,P0392,21,184.8
2025-06-01,P0393,21,184.8
2025-06-01,P0394,21,184.8
2025-06-01,P0395,21,184.8
2025-06-01,P0396,21,184.8
2025-06-01,P0398,21,184.8
2025-06-01,P0399,21,184.8
2025-06-01,P0400,21,184.8
2025-06-01,P0401,21,184.8
2025-06-01,P0402,21,184.8
2025-06-01,P0403,21,184.8
2025-06-01,P0404,21,92.4
2025-06-01,P0405,21,184.8
2025-06-01,P0406,21,184.8
2025-06-01,P0407,21,184.8
2025-06-01,P0409,21,184.8
2025-06-01,P0410,21,184.8
2025-06-01,P0411,21,184.8
2025-06-01,P0412,21,184.8
2025-06-01,P0413,21,184.8
2025-06-01,P0414,21,184.8
2025-06-01,P0415,21,184.8
2025-06-01,P0416,21,184.8
2025-06-01,P0417,21,184.8
2025-06-01,P0418,21,184.8
2025-06-01,P0419,21,184.8
2025-06-01,P0420,21,184.8
2025-06-01,P0421,21,184.8
2025-06-01,P0422,21,184.8
2025-06-01,P0423,21,184.8
2025-06-01,P0424,21,184.8
2025-06-01,P0425,21,184.8
2025-06-01,P0426,21,184.8
2025-06-01,P0427,21,184.8
2025-06-01,P0428,21,184.8
2025-06-01,P0429,21,184.8
2025-06-01,P0430,21,184.8
2025-06-01,P0431,21,184.8
2025-06-01,P0432,21,184.8
2025-06-01,P0433,21,92.4
2025-06-01,P0434,21,184.8
2025-06-01,P0435,21,184.8
2025-06-01,P0436,21,184.8
2025-06-01,P0437,21,184.8
2025-06-01,P0439,21,184.8
2025-06-01,P0440,21,184.8
2025-06-01,P0441,21,92.4
2025-06-01,P0442,21,184.8
2025-06-01,P0443,21,184.8
2025-06-01,P0444,21,184.8
2025-06-01,P0445,21,184.8
2025-06-01,P0448,21,184.8
2025-06-01,P0451,21,184.8
2025-06-01,P0454,21,184.8
2025-06-01,P0455,21,184.8
2025-06-01,P0456,21,184.8
2025-06-01,P0457,21,184.8
2025-06-01,P0458,21,184.8
2025-06-01,P0459,21,184.8
2025-06-01,P0460,21,184.8
2025-06-01,P0461,21,184.8
2025-06-01,P0463,21,184.8
2025-06-01,P0464,21,184.8
2025-06-01,P0465,21,184.8
2025-06-01,P0466,21,184.8
2025-06-01,P0467,21,184.8
2025-06-01,P0468,21,184.8
2025-06-01,P0469,21,184.8
2025-06-01,P0470,21,184.8
2025-06-01,P0471,21,184.8
2025-06-01,P0473,21,184.8
2025-06-01,P0474,21,184.8
2025-06-01,P0475,21,184.8
2025-06-01,P0476,21,184.8
2025-06-01,P0478,21,184.8
2025-06-01,P0479,21,184.8
2025-06-01,P0480,21,184.8
2025-06-01,P0481,21,184.8
2025-06-01,P0482,21,184.8
2025-06-01,P0483,21,184.8
2025-06-01,P0484,21,184.8
2025-06-01,P0485,21,184.8
2025-06-01,P0486,21,184.8
2025-06-01,P0487,21,92.4
2025-06-01,P0488,21,184.8
2025-06-01,P0489,21,184.8
2025-06-01,P0490,21,184.8
2025-06-01,P0491,21,184.8
2025-06-01,P0492,21,184.8
2025-06-01,P0493,21,92.4
2025-06-01,P0495,21,184.8
2025-06-01,P0496,21,184.8
2025-06-01,P0497,21,184.8
2025-06-01,P0499,21,184.8
2025-06-01,P0500,21,92.4
2025-06-01,P0501,21,184.8
2025-06-01,P0502,21,184.8
2025-06-01,P0503,21,184.8
2025-06-01,P0504,21,92.4
2025-06-01,P0505,21,184.8
2025-06-01,P0506,21,184.8
2025-06-01,P0507,21,184.8
2025-06-01,P0509,21,184.8
2025-06-01,P0510,21,184.8
2025-06-01,P0511,21,184.8
2025-06-01,P0512,17,149.6
2025-06-01,P0513,21,184.8
2025-06-01,P0514,21,184.8
2025-06-01,P0515,21,184.8
2025-06-01,P0516,21,184.8
2025-06-01,P0517,21,184.8
2025-06-01,P0518,21,184.8
2025-06-01,P0519,21,92.4
2025-06-01,P0520,21,184.8
2025-06-01,P0521,21,184.8
2025-06-01,P0522,21,184.8
2025-06-01,P0523,21,184.8
2025-06-01,P0524,21,184.8
2025-06-01,P0525,21,184.8
2025-06-01,P0526,21,92.4
2025-06-01,P0527,21,184.8
2025-06-01,P0529,21,184.8
2025-06-01,P0530,21,184.8
2025-06-01,P0532,21,184.8
2025-06-01,P0534,21,184.8
2025-06-01,P0535,21,184.8
2025-06-01,P0536,21,184.8
2025-06-01,P0537,21,184.8
2025-06-01,P0539,21,184.8
2025-06-01,P0540,21,184.8
2025-06-01,P0541,21,184.8
2025-06-01,P0542,21,184.8
2025-06-01,P0543,21,184.8
2025-06-01,P0544,21,184.8
2025-06-01,P0545,21,184.8
2025-06-01,P0546,21,184.8
2025-06-01,P0547,21,92.4
2025-06-01,P0548,21,184.8
2025-06-01,P0549,21,184.8
2025-06-01,P0550,21,184.8
2025-06-01,P0551,21,184.8
2025-06-01,P0552,21,92.4
2025-06-01,P0553,21,184.8
2025-06-01,P0555,21,184.8
2025-06-01,P0556,21,184.8
2025-06-01,P0557,21,184.8
2025-06-01,P0558,21,184.8
2025-06-01,P0559,21,92.4
2025-06-01,P0560,21,184.8
2025-06-01,P0561,21,184.8
2025-06-01,P0562,21,184.8
2025-06-01,P0563,21,184.8
2025-06-01,P0564,21,184.8
2025-06-01,P0566,21,184.8
2025-06-01,P0567,21,184.8
2025-06-01,P0568,21,184.8
2025-06-01,P0569,21,184.8
2025-06-01,P0570,21,184.8
2025-06-01,P0571,21,184.8
2025-06-01,P0573,21,184.8
2025-06-01,P0574,21,184.8
2025-06-01,P0575,21,184.8
2025-06-01,P0576,21,184.8
2025-06-01,P0577,21,184.8
2025-06-01,P0579,21,184.8
2025-06-01,P0580,21,184.8
2025-06-01,P0581,21,184.8
2025-06-01,P0582,21,184.8
2025-06-01,P0583,21,184.8
2025-06-01,P0584,21,184.8
2025-06-01,P0585,21,184.8
2025-06-01,P0586,21,184.8
2025-06-01,P0587,21,184.8
2025-06-01,P0588,21,184.8
2025-06-01,P0589,21,184.8
2025-06-01,P0590,21,92.4
2025-06-01,P0591,21,184.8
2025-06-01,P0593,21,184.8
2025-06-01,P0595,21,184.8
2025-06-01,P0596,21,184.8
2025-06-01,P0597,21,184.8
2025-06-01,P0598,21,184.8
2025-06-01,P0599,21,184.8
2025-06-01,P0600,21,184.8
2025-06-01,P0601,21,92.4
2025-06-01,P0602,21,184.8
2025-06-01,P0603,21,184.8
2025-06-01,P0604,21,184.8
2025-06-01,P0605,21,184.8
2025-06-01,P0606,21,184.8
2025-06-01,P0607,21,184.8
2025-06-01,P0608,21,184.8
2025-06-01,P0609,21,184.8
2025-06-01,P0610,21,184.8
2025-06-01,P0612,21,184.8
2025-06-01,P0613,21,92.4
2025-06-01,P0615,21,184.8
2025-06-01,P0616,21,184.8
2025-06-01,P0617,21,184.8
2025-06-01,P0618,21,184.8
2025-06-01,P0619,21,184.8
2025-06-01,P0620,21,184.8
2025-06-01,P0621,21,184.8
2025-06-01,P0622,21,92.4
2025-06-01,P0623,21,184.8
2025-06-01,P0624,21,184.8
2025-06-01,P0625,21,184.8
2025-06-01,P0626,21,184.8
2025-06-01,P0627,21,92.4
2025-06-01,P0628,21,184.8
2025-06-01,P0630,21,184.8
2025-06-01,P0631,21,184.8
2025-06-01,P0632,21,184.8
2025-06-01,P0634,21,184.8
2025-06-01,P0635,21,184.8
2025-06-01,P0636,21,92.4
2025-06-01,P0637,21,184.8
2025-06-01,P0638,21,184.8
2025-06-01,P0639,21,184.8
2025-06-01,P0640,21,92.4
2025-06-01,P0641,21,184.8
2025-06-01,P0642,21,184.8
2025-06-01,P0643,21,184.8
2025-06-01,P0644,21,184.8
2025-06-01,P0646,21,184.8
2025-06-01,P0647,21,184.8
2025-06-01,P0648,21,184.8
2025-06-01,P0649,21,184.8
2025-06-01,P0650,21,92.4
2025-06-01,P0651,21,184.8
2025-06-01,P0652,21,184.8
2025-06-01,P0653,21,184.8
2025-06-01,P0655,21,184.8
2025-06-01,P0656,21,184.8
2025-06-01,P0657,21,184.8
2025-06-01,P0658,21,184.8
2025-06-01,P0659,21,184.8
2025-06-01,P0660,10,88.0
2025-06-01,P0661,21,184.8
2025-06-01,P0662,21,184.8
2025-06-01,P0664,21,184.8
2025-06-01,P0665,21,184.8
2025-06-01,P0666,21,184.8
2025-06-01,P0667,21,184.8
2025-06-01,P0669,21,184.8
2025-06-01,P0670,1,8.8
2025-06-01,P0671,21,184.8
2025-06-01,P0672,21,184.8
2025-06-01,P0673,21,184.8
2025-06-01,P0674,21,184.8
2025-06-01,P0675,21,184.8
2025-06-01,P0676,21,184.8
2025-06-01,P0677,21,184.8
2025-06-01,P0678,21,92.4
2025-06-01,P0679,21,184.8
2025-06-01,P0680,12,105.6
2025-06-01,P0681,12,105.6
2025-06-01,P0682,11,96.8
2025-06-01,P0683,6,52.8
2025-07-01,P0001,23,202.4
2025-07-01,P0003,23,202.4
2025-07-01,P0004,23,202.4
2025-07-01,P0005,23,202.4
2025-07-01,P0006,23,202.4
2025-07-01,P0007,23,202.4
2025-07-01,P0008,23,101.2
2025-07-01,P0011,23,202.4
2025-07-01,P0012,23,202.4
2025-07-01,P0013,23,202.4
2025-07-01,P0014,23,202.4
2025-07-01,P0015,23,202.4
2025-07-01,P0016,23,202.4
2025-07-01,P0018,23,202.4
2025-07-01,P0019,23,202.4
2025-07-01,P0020,23,202.4
2025-07-01,P0021,23,202.4
2025-07-01,P0022,23,202.4
2025-07-01,P0023,23,101.2
2025-07-01,P0024,23,202.4
2025-07-01,P0025,23,202.4
2025-07-01,P0026,23,202.4
2025-07-01,P0027,23,202.4
2025-07-01,P0028,23,202.4
2025-07-01,P0029,23,202.4
2025-07-01,P0030,23,202.4
2025-07-01,P0034,23,202.4
2025-07-01,P0035,23,202.4
2025-07-01,P0036,23,202.4
2025-07-01,P0037,23,202.4
2025-07-01,P0038,23,202.4
2025-07-01,P0039,23,202.4
2025-07-01,P0040,23,202.4
2025-07-01,P0041,23,101.2
2025-07-01,P0042,23,202.4
2025-07-01,P0043,23,202.4
2025-07-01,P0044,23,202.4
2025-07-01,P0045,23,202.4
2025-07-01,P0046,23,202.4
2025-07-01,P0047,23,202.4
2025-07-01,P0048,23,202.4
2025-07-01,P0049,23,202.4
2025-07-01,P0050,23,202.4
2025-07-01,P0051,23,202.4
2025-07-01,P0052,23,202.4
2025-07-01,P0053,23,202.4
2025-07-01,P0054,23,202.4
2025-07-01,P0056,23,202.4
2025-07-01,P0059,23,202.4
2025-07-01,P0060,23,202.4
2025-07-01,P0061,23,202.4
2025-07-01,P0062,23,202.4
2025-07-01,P0063,23,202.4
2025-07-01,P0064,23,202.4
2025-07-01,P0065,23,202.4
2025-07-01,P0066,23,202.4
2025-07-01,P0067,23,202.4
2025-07-01,P0068,23,202.4
2025-07-01,P0069,23,202.4
2025-07-01,P0071,23,202.4
2025-07-01,P0072,23,202.4
2025-07-01,P0073,23,202.4
2025-07-01,P0074,23,202.4
2025-07-01,P0075,23,202.4
2025-07-01,P0076,23,202.4
2025-07-01,P0077,23,202.4
2025-07-01,P0079,23,202.4
2025-07-01,P0080,23,202.4
2025-07-01,P0081,23,101.2
2025-07-01,P0082,23,202.4
2025-07-01,P0084,14,123.2
2025-07-01,P0085,23,202.4
2025-07-01,P0086,23,202.4
2025-07-01,P0087,23,202.4
2025-07-01,P0088,23,202.4
2025-07-01,P0089,23,202.4
2025-07-01,P0090,23,202.4
2025-07-01,P0091,23,202.4
2025-07-01,P0092,23,202.4
2025-07-01,P0093,23,202.4
2025-07-01,P0094,23,202.4
2025-07-01,P0095,23,202.4
2025-07-01,P0096,23,202.4
2025-07-01,P0097,23,101.2
2025-07-01,P0098,23,202.4
2025-07-01,P0099,23,202.4
2025-07-01,P0100,23,202.4
2025-07-01,P0101,23,202.4
2025-07-01,P0102,23,202.4
2025-07-01,P0103,23,202.4
2025-07-01,P0104,23,202.4
2025-07-01,P0105,23,202.4
2025-07-01,P0106,23,202.4
2025-07-01,P0107,23,202.4
2025-07-01,P0108,23,202.4
2025-07-01,P0109,23,202.4
2025-07-01,P0110,23,202.4
2025-07-01,P0111,23,202.4
2025-07-01,P0112,23,202.4
2025-07-01,P0113,23,202.4
2025-07-01,P0114,23,202.4
2025-07-01,P0116,23,202.4
2025-07-01,P0117,23,202.4
2025-07-01,P0118,23,202.4
2025-07-01,P0119,23,202.4
2025-07-01,P0120,23,101.2
2025-07-01,P0121,22,193.6
2025-07-01,P0122,23,202.4
2025-07-01,P0123,23,202.4
2025-07-01,P0124,23,101.2
2025-07-01,P0125,23,202.4
2025-07-01,P0126,23,202.4
2025-07-01,P0127,23,202.4
2025-07-01,P0128,23,202.4
2025-07-01,P0129,23,202.4
2025-07-01,P0130,23,202.4
2025-07-01,P0131,23,202.4
2025-07-01,P0132,23,202.4
2025-07-01,P0133,23,202.4
2025-07-01,P0136,23,202.4
2025-07-01,P0137,23,202.4
2025-07-01,P0138,23,202.4
2025-07-01,P0139,23,202.4
2025-07-01,P0140,23,202.4
2025-07-01,P0141,23,202.4
2025-07-01,P0143,23,202.4
2025-07-01,P0144,23,202.4
2025-07-01,P0145,23,202.4
2025-07-01,P0146,23,202.4
2025-07-01,P0147,23,202.4
2025-07-01,P0148,23,202.4
2025-07-01,P0149,23,202.4
2025-07-01,P0151,23,202.4
2025-07-01,P0152,23,101.2
2025-07-01,P0154,23,202.4
2025-07-01,P0155,23,202.4
2025-07-01,P0156,23,202.4
2025-07-01,P0157,23,202.4
2025-07-01,P0158,23,202.4
2025-07-01,P0159,23,202.4
2025-07-01,P0160,23,202.4
2025-07-01,P0161,23,202.4
2025-07-01,P0162,23,202.4
2025-07-01,P0165,23,202.4
2025-07-01,P0166,23,202.4
2025-07-01,P0167,23,202.4
2025-07-01,P0168,23,202.4
2025-07-01,P0169,23,202.4
2025-07-01,P0170,23,202.4
2025-07-01,P0171,23,202.4
2025-07-01,P0172,23,202.4
2025-07-01,P0173,23,202.4
2025-07-01,P0174,23,202.4
2025-07-01,P0175,23,202.4
2025-07-01,P0176,23,202.4
2025-07-01,P0177,23,202.4
2025-07-01,P0178,23,202.4
2025-07-01,P0179,23,202.4
2025-07-01,P0180,23,202.4
2025-07-01,P0181,23,202.4
2025-07-01,P0182,23,202.4
2025-07-01,P0183,23,101.2
2025-07-01,P0184,23,202.4
2025-07-01,P0185,23,202.4
2025-07-01,P0186,23,202.4
2025-07-01,P0188,23,202.4
2025-07-01,P0189,23,202.4
2025-07-01,P0190,23,101.2
2025-07-01,P0192,23,101.2
2025-07-01,P0193,23,202.4
2025-07-01,P0194,23,202.4
2025-07-01,P0195,23,202.4
2025-07-01,P0196,23,202.4
2025-07-01,P0198,23,202.4
2025-07-01,P0199,23,202.4
2025-07-01,P0201,23,202.4
2025-07-01,P0202,23,202.4
2025-07-01,P0203,23,202.4
2025-07-01,P0204,23,202.4
2025-07-01,P0205,23,202.4
2025-07-01,P0206,23,202.4
2025-07-01,P0207,23,202.4
2025-07-01,P0208,23,202.4
2025-07-01,P0209,23,202.4
2025-07-01,P0210,23,202.4
2025-07-01,P0211,23,202.4
2025-07-01,P0212,23,202.4
2025-07-01,P0213,23,202.4
2025-07-01,P0214,23,202.4
2025-07-01,P0216,23,202.4
2025-07-01,P0217,23,202.4
2025-07-01,P0218,23,202.4
2025-07-01,P0219,23,202.4
2025-07-01,P0221,23,202.4
2025-07-01,P0222,23,202.4
2025-07-01,P0223,23,202.4
2025-07-01,P0224,23,202.4
2025-07-01,P0225,20,176.0
2025-07-01,P0226,23,202.4
2025-07-01,P0227,23,202.4
2025-07-01,P0228,23,202.4
2025-07-01,P0229,23,202.4
2025-07-01,P0230,23,202.4
2025-07-01,P0232,23,202.4
2025-07-01,P0235,23,202.4
2025-07-01,P0237,23,202.4
2025-07-01,P0238,23,202.4
2025-07-01,P0239,23,202.4
2025-07-01,P0240,23,202.4
2025-07-01,P0241,23,202.4
2025-07-01,P0242,23,202.4
2025-07-01,P0245,23,202.4
2025-07-01,P0246,23,202.4
2025-07-01,P0248,23,202.4
2025-07-01,P0251,23,202.4
2025-07-01,P0252,23,202.4
2025-07-01,P0253,23,202.4
2025-07-01,P0254,23,202.4
2025-07-01,P0255,23,202.4
2025-07-01,P0256,23,202.4
2025-07-01,P0257,23,202.4
2025-07-01,P0258,23,101.2
2025-07-01,P0259,23,202.4
2025-07-01,P0260,23,202.4
2025-07-01,P0261,23,202.4
2025-07-01,P0262,23,101.2
2025-07-01,P0263,23,202.4
2025-07-01,P0264,23,202.4
2025-07-01,P0265,23,202.4
2025-07-01,P0266,23,202.4
2025-07-01,P0267,23,202.4
2025-07-01,P0268,23,202.4
2025-07-01,P0269,23,202.4
2025-07-01,P0270,23,202.4
2025-07-01,P0271,23,202.4
2025-07-01,P0272,23,202.4
2025-07-01,P0273,23,202.4
2025-07-01,P0275,23,202.4
2025-07-01,P0276,23,101.2
2025-07-01,P0277,23,202.4
2025-07-01,P0278,23,202.4
2025-07-01,P0279,23,202.4
2025-07-01,P0281,23,202.4
2025-07-01,P0282,23,202.4
2025-07-01,P0283,23,101.2
2025-07-01,P0285,23,202.4
2025-07-01,P0287,23,202.4
2025-07-01,P0288,23,202.4
2025-07-01,P0289,23,202.4
2025-07-01,P0290,23,101.2
2025-07-01,P0291,23,101.2
2025-07-01,P0292,23,202.4
2025-07-01,P0293,23,202.4
2025-07-01,P0294,23,202.4
2025-07-01,P0295,23,202.4
2025-07-01,P0296,23,202.4
2025-07-01,P0297,23,202.4
2025-07-01,P0298,23,202.4
2025-07-01,P0299,23,202.4
2025-07-01,P0300,23,202.4
2025-07-01,P0301,23,202.4
2025-07-01,P0302,23,202.4
2025-07-01,P0303,23,202.4
2025-07-01,P0304,23,202.4
2025-07-01,P0305,23,202.4
2025-07-01,P0306,23,202.4
2025-07-01,P0307,2,17.6
2025-07-01,P0308,23,101.2
2025-07-01,P0309,23,202.4
2025-07-01,P0311,23,202.4
2025-07-01,P0313,23,202.4
2025-07-01,P0314,23,202.4
2025-07-01,P0315,23,202.4
2025-07-01,P0316,23,202.4
2025-07-01,P0317,23,202.4
2025-07-01,P0318,23,202.4
2025-07-01,P0319,23,202.4
2025-07-01,P0320,23,202.4
2025-07-01,P0321,23,202.4
2025-07-01,P0322,23,101.2
2025-07-01,P0323,23,101.2
2025-07-01,P0324,23,202.4
2025-07-01,P0325,23,202.4
2025-07-01,P0326,23,202.4
2025-07-01,P0327,23,101.2
2025-07-01,P0328,23,202.4
2025-07-01,P0329,23,202.4
2025-07-01,P0330,23,202.4
2025-07-01,P0331,23,202.4
2025-07-01,P0333,23,202.4
2025-07-01,P0335,23,202.4
2025-07-01,P0336,4,35.2
2025-07-01,P0337,23,202.4
2025-07-01,P0338,23,202.4
2025-07-01,P0339,23,202.4
2025-07-01,P0340,23,202.4
2025-07-01,P0342,23,101.2
2025-07-01,P0343,23,101.2
2025-07-01,P0344,23,202.4
2025-07-01,P0345,23,202.4
2025-07-01,P0346,23,202.4
2025-07-01,P0347,23,202.4
2025-07-01,P0348,23,202.4
2025-07-01,P0349,23,202.4
2025-07-01,P0352,23,202.4
2025-07-01,P0353,23,202.4
2025-07-01,P0354,23,202.4
2025-07-01,P0356,23,202.4
2025-07-01,P0357,23,202.4
2025-07-01,P0358,23,202.4
2025-07-01,P0359,23,202.4
2025-07-01,P0360,23,202.4
2025-07-01,P0361,23,202.4
2025-07-01,P0363,23,101.2
2025-07-01,P0364,23,101.2
2025-07-01,P0365,23,202.4
2025-07-01,P0366,23,202.4
2025-07-01,P0367,23,202.4
2025-07-01,P0368,23,202.4
2025-07-01,P0369,23,202.4
2025-07-01,P0370,23,202.4
2025-07-01,P0371,23,202.4
2025-07-01,P0372,23,202.4
2025-07-01,P0373,23,202.4
2025-07-01,P0374,23,101.2
2025-07-01,P0375,23,101.2
2025-07-01,P0376,23,202.4
2025-07-01,P0377,23,202.4
2025-07-01,P0378,23,202.4
2025-07-01,P0379,23,202.4
2025-07-01,P0380,23,202.4
2025-07-01,P0382,23,202.4
2025-07-01,P0383,23,202.4
2025-07-01,P0384,23,202.4
2025-07-01,P0386,23,202.4
2025-07-01,P0388,23,202.4
2025-07-01,P0389,23,202.4
2025-07-01,P0390,23,101.2
2025-07-01,P0391,23,202.4
2025-07-01,P0392,23,202.4
2025-07-01,P0393,23,202.4
2025-07-01,P0394,23,202.4
2025-07-01,P0395,23,202.4
2025-07-01,P0396,23,202.4
2025-07-01,P0398,23,202.4
2025-07-01,P0399,23,202.4
2025-07-01,P0400,23,202.4
2025-07-01,P0401,23,202.4
2025-07-01,P0402,23,202.4
2025-07-01,P0403,23,202.4
2025-07-01,P0404,23,101.2
2025-07-01,P0405,23,202.4
2025-07-01,P0406,23,202.4
2025-07-01,P0407,23,202.4
2025-07-01,P0409,23,202.4
2025-07-01,P0410,23,202.4
2025-07-01,P0411,23,202.4
2025-07-01,P0412,23,202.4
2025-07-01,P0413,23,202.4
2025-07-01,P0414,23,202.4
2025-07-01,P0415,23,202.4
2025-07-01,P0416,23,202.4
2025-07-01,P0417,23,202.4
2025-07-01,P0418,23,202.4
2025-07-01,P0419,23,202.4
2025-07-01,P0420,23,202.4
2025-07-01,P0421,23,202.4
2025-07-01,P0422,23,202.4
2025-07-01,P0423,23,202.4
2025-07-01,P0424,6,52.8
2025-07-01,P0425,23,202.4
2025-07-01,P0426,23,202.4
2025-07-01,P0427,23,202.4
2025-07-01,P0428,23,202.4
2025-07-01,P0429,23,202.4
2025-07-01,P0430,23,202.4
2025-07-01,P0431,23,202.4
2025-07-01,P0432,23,202.4
2025-07-01,P0433,23,101.2
2025-07-01,P0434,23,202.4
2025-07-01,P0435,23,202.4
2025-07-01,P0436,23,202.4
2025-07-01,P0437,23,202.4
2025-07-01,P0439,23,202.4
2025-07-01,P0440,23,202.4
2025-07-01,P0441,23,101.2
2025-07-01,P0442,23,202.4
2025-07-01,P0443,23,202.4
2025-07-01,P0444,23,202.4
2025-07-01,P0445,23,202.4
2025-07-01,P0448,23,202.4
2025-07-01,P0451,23,202.4
2025-07-01,P0454,23,202.4
2025-07-01,P0455,23,202.4
2025-07-01,P0456,23,202.4
2025-07-01,P0457,23,202.4
2025-07-01,P0458,23,202.4
2025-07-01,P0459,23,202.4
2025-07-01,P0460,23,202.4
2025-07-01,P0461,23,202.4
2025-07-01,P0463,23,202.4
2025-07-01,P0464,23,202.4
2025-07-01,P0465,23,202.4
2025-07-01,P0466,23,202.4
2025-07-01,P0467,23,202.4
2025-07-01,P0468,23,202.4
2025-07-01,P0469,23,202.4
2025-07-01,P0470,23,202.4
2025-07-01,P0471,23,202.4
2025-07-01,P0473,23,202.4
2025-07-01,P0474,23,202.4
2025-07-01,P0475,23,202.4
2025-07-01,P0476,23,202.4
2025-07-01,P0478,23,202.4
2025-07-01,P0479,23,202.4
2025-07-01,P0480,23,202.4
2025-07-01,P0481,23,202.4
2025-07-01,P0482,23,202.4
2025-07-01,P0483,23,202.4
2025-07-01,P0484,23,202.4
2025-07-01,P0485,23,202.4
2025-07-01,P0486,23,202.4
2025-07-01,P0487,23,101.2
2025-07-01,P0488,23,202.4
2025-07-01,P0489,23,202.4
2025-07-01,P0490,23,202.4
2025-07-01,P0491,23,202.4
2025-07-01,P0492,23,202.4
2025-07-01,P0493,23,101.2
2025-07-01,P0495,23,202.4
2025-07-01,P0496,23,202.4
2025-07-01,P0497,23,202.4
2025-07-01,P0499,23,202.4
2025-07-01,P0500,23,101.2
2025-07-01,P0501,23,202.4
2025-07-01,P0502,23,202.4
2025-07-01,P0503,23,202.4
2025-07-01,P0504,23,101.2
2025-07-01,P0505,23,202.4
2025-07-01,P0506,23,202.4
2025-07-01,P0507,23,202.4
2025-07-01,P0509,23,202.4
2025-07-01,P0510,23,202.4
2025-07-01,P0511,23,202.4
2025-07-01,P0513,23,202.4
2025-07-01,P0514,23,202.4
2025-07-01,P0515,23,202.4
2025-07-01,P0516,23,202.4
2025-07-01,P0517,23,202.4
2025-07-01,P0518,23,202.4
2025-07-01,P0519,23,101.2
2025-07-01,P0520,23,202.4
2025-07-01,P0521,23,202.4
2025-07-01,P0522,23,202.4
2025-07-01,P0523,23,202.4
2025-07-01,P0524,23,202.4
2025-07-01,P0525,23,202.4
2025-07-01,P0526,23,101.2
2025-07-01,P0527,23,202.4
2025-07-01,P0529,23,202.4
2025-07-01,P0530,23,202.4
2025-07-01,P0532,23,202.4
2025-07-01,P0534,23,202.4
2025-07-01,P0535,23,202.4
2025-07-01,P0536,23,202.4
2025-07-01,P0537,23,202.4
2025-07-01,P0539,23,202.4
2025-07-01,P0540,23,202.4
2025-07-01,P0541,23,202.4
2025-07-01,P0542,23,202.4
2025-07-01,P0543,23,202.4
2025-07-01,P0544,23,202.4
2025-07-01,P0545,23,202.4
2025-07-01,P0546,23,202.4
2025-07-01,P0547,23,101.2
2025-07-01,P0548,23,202.4
2025-07-01,P0549,23,202.4
2025-07-01,P0550,23,202.4
2025-07-01,P0551,23,202.4
2025-07-01,P0552,23,101.2
2025-07-01,P0553,23,202.4
2025-07-01,P0555,23,202.4
2025-07-01,P0556,23,202.4
2025-07-01,P0557,23,202.4
2025-07-01,P0558,23,202.4
2025-07-01,P0559,23,101.2
2025-07-01,P0560,23,202.4
2025-07-01,P0561,23,202.4
2025-07-01,P0562,23,202.4
2025-07-01,P0563,23,202.4
2025-07-01,P0564,23,202.4
2025-07-01,P0566,23,202.4
2025-07-01,P0567,23,202.4
2025-07-01,P0568,23,202.4
2025-07-01,P0569,23,202.4
2025-07-01,P0570,23,202.4
2025-07-01,P0571,23,202.4
2025-07-01,P0573,23,202.4
2025-07-01,P0574,23,202.4
2025-07-01,P0575,23,202.4
2025-07-01,P0576,23,202.4
2025-07-01,P0577,23,202.4
2025-07-01,P0579,23,202.4
2025-07-01,P0580,23,202.4
2025-07-01,P0581,23,202.4
2025-07-01,P0582,23,202.4
2025-07-01,P0583,23,202.4
2025-07-01,P0584,23,202.4
2025-07-01,P0585,23,202.4
2025-07-01,P0586,23,202.4
2025-07-01,P0587,23,202.4
2025-07-01,P0588,23,202.4
2025-07-01,P0589,23,202.4
2025-07-01,P0590,23,101.2
2025-07-01,P0591,23,202.4
2025-07-01,P0593,23,202.4
2025-07-01,P0595,23,202.4
2025-07-01,P0596,23,202.4
2025-07-01,P0597,23,202.4
2025-07-01,P0598,23,202.4
2025-07-01,P0599,23,202.4
2025-07-01,P0600,23,202.4
2025-07-01,P0601,23,101.2
2025-07-01,P0602,23,202.4
2025-07-01,P0603,23,202.4
2025-07-01,P0604,23,202.4
2025-07-01,P0605,23,202.4
2025-07-01,P0606,23,202.4
2025-07-01,P0607,23,202.4
2025-07-01,P0608,23,202.4
2025-07-01,P0609,23,202.4
2025-07-01,P0610,23,202.4
2025-07-01,P0612,23,202.4
2025-07-01,P0613,23,101.2
2025-07-01,P0615,23,202.4
2025-07-01,P0616,23,202.4
2025-07-01,P0617,23,202.4
2025-07-01,P0618,23,202.4
2025-07-01,P0619,23,202.4
2025-07-01,P0620,23,202.4
2025-07-01,P0621,23,202.4
2025-07-01,P0622,23,101.2
2025-07-01,P0623,23,202.4
2025-07-01,P0624,23,202.4
2025-07-01,P0625,23,202.4
2025-07-01,P0626,23,202.4
2025-07-01,P0627,23,101.2
2025-07-01,P0628,23,202.4
2025-07-01,P0630,23,202.4
2025-07-01,P0631,23,202.4
2025-07-01,P0632,23,202.4
2025-07-01,P0634,23,202.4
2025-07-01,P0635,23,202.4
2025-07-01,P0636,23,101.2
2025-07-01,P0637,23,202.4
2025-07-01,P0638,23,202.4
2025-07-01,P0639,23,202.4
2025-07-01,P0640,23,101.2
2025-07-01,P0641,23,202.4
2025-07-01,P0642,23,202.4
2025-07-01,P0643,23,202.4
2025-07-01,P0644,23,202.4
2025-07-01,P0646,23,202.4
2025-07-01,P0647,23,202.4
2025-07-01,P0648,23,202.4
2025-07-01,P0649,23,202.4
2025-07-01,P0650,23,101.2
2025-07-01,P0651,23,202.4
2025-07-01,P0652,23,202.4
2025-07-01,P0653,23,202.4
2025-07-01,P0655,23,202.4
2025-07-01,P0656,23,202.4
2025-07-01,P0657,23,202.4
2025-07-01,P0658,23,202.4
2025-07-01,P0659,23,202.4
2025-07-01,P0661,23,202.4
2025-07-01,P0662,23,202.4
2025-07-01,P0664,23,202.4
2025-07-01,P0665,23,202.4
2025-07-01,P0666,23,202.4
2025-07-01,P0667,23,202.4
2025-07-01,P0669,23,202.4
2025-07-01,P0671,23,202.4
2025-07-01,P0672,23,202.4
2025-07-01,P0673,23,202.4
2025-07-01,P0674,23,202.4
2025-07-01,P0675,23,202.4
2025-07-01,P0676,23,202.4
2025-07-01,P0677,23,202.4
2025-07-01,P0678,23,101.2
2025-07-01,P0679,23,202.4
2025-07-01,P0680,23,202.4
2025-07-01,P0681,23,202.4
2025-07-01,P0682,23,202.4
2025-07-01,P0683,23,202.4
2025-07-01,P0684,21,184.8
2025-07-01,P0685,14,61.6
2025-07-01,P0686,14,123.2
2025-07-01,P0687,14,123.2
2025-07-01,P0688,14,123.2
2025-07-01,P0689,11,96.8
2025-07-01,P0690,10,88.0
2025-07-01,P0691,9,79.2
2025-07-01,P0692,9,79.2
2025-07-01,P0693,6,52.8
2025-08-01,P0001,21,184.8
2025-08-01,P0003,21,184.8
2025-08-01,P0004,21,184.8
2025-08-01,P0005,21,184.8
2025-08-01,P0006,21,184.8
2025-08-01,P0007,21,184.8
2025-08-01,P0008,21,92.4
2025-08-01,P0011,21,184.8
2025-08-01,P0012,21,184.8
2025-08-01,P0013,21,184.8
2025-08-01,P0014,21,184.8
2025-08-01,P0015,21,184.8
2025-08-01,P0016,21,184.8
2025-08-01,P0018,21,184.8
2025-08-01,P0019,21,184.8
2025-08-01,P0020,21,184.8
2025-08-01,P0021,21,184.8
2025-08-01,P0022,21,184.8
2025-08-01,P0023,21,92.4
2025-08-01,P0024,21,184.8
2025-08-01,P0025,21,184.8
2025-08-01,P0026,21,184.8
2025-08-01,P0027,21,184.8
2025-08-01,P0028,21,184.8
2025-08-01,P0029,21,184.8
2025-08-01,P0030,21,184.8
2025-08-01,P0034,21,184.8
2025-08-01,P0035,21,184.8
2025-08-01,P0036,21,184.8
2025-08-01,P0037,21,184.8
2025-08-01,P0038,21,184.8
2025-08-01,P0039,21,184.8
2025-08-01,P0040,21,184.8
2025-08-01,P0041,21,92.4
2025-08-01,P0042,21,184.8
2025-08-01,P0043,21,184.8
2025-08-01,P0044,21,184.8
2025-08-01,P0045,21,184.8
2025-08-01,P0046,21,184.8
2025-08-01,P0047,21,184.8
2025-08-01,P0048,21,184.8
2025-08-01,P0049,21,184.8
2025-08-01,P0050,21,184.8
2025-08-01,P0051,21,184.8
2025-08-01,P0052,21,184.8
2025-08-01,P0053,21,184.8
2025-08-01,P0054,21,184.8
2025-08-01,P0056,21,184.8
2025-08-01,P0059,21,184.8
2025-08-01,P0060,21,184.8
2025-08-01,P0061,21,184.8
2025-08-01,P0062,21,184.8
2025-08-01,P0063,21,184.8
2025-08-01,P0064,21,184.8
2025-08-01,P0065,21,184.8
2025-08-01,P0066,21,184.8
2025-08-01,P0067,21,184.8
2025-08-01,P0068,21,184.8
2025-08-01,P0069,21,184.8
2025-08-01,P0071,21,184.8
2025-08-01,P0072,21,184.8
2025-08-01,P0073,21,184.8
2025-08-01,P0074,21,184.8
2025-08-01,P0075,21,184.8
2025-08-01,P0076,21,184.8
2025-08-01,P0077,21,184.8
2025-08-01,P0079,21,184.8
2025-08-01,P0080,21,184.8
2025-08-01,P0081,21,92.4
2025-08-01,P0082,21,184.8
2025-08-01,P0085,21,184.8
2025-08-01,P0086,21,184.8
2025-08-01,P0087,21,184.8
2025-08-01,P0088,21,184.8
2025-08-01,P0089,21,184.8
2025-08-01,P0090,21,184.8
2025-08-01,P0091,21,184.8
2025-08-01,P0092,21,184.8
2025-08-01,P0093,21,184.8
2025-08-01,P0094,21,184.8
2025-08-01,P0095,21,184.8
2025-08-01,P0096,21,184.8
2025-08-01,P0097,21,92.4
2025-08-01,P0098,21,184.8
2025-08-01,P0099,21,184.8
2025-08-01,P0100,21,184.8
2025-08-01,P0101,21,184.8
2025-08-01,P0102,21,184.8
2025-08-01,P0103,21,184.8
2025-08-01,P0104,21,184.8
2025-08-01,P0105,21,184.8
2025-08-01,P0106,21,184.8
2025-08-01,P0107,21,184.8
2025-08-01,P0108,21,184.8
2025-08-01,P0109,21,184.8
2025-08-01,P0110,21,184.8
2025-08-01,P0111,21,184.8
2025-08-01,P0112,21,184.8
2025-08-01,P0113,21,184.8
2025-08-01,P0114,21,184.8
2025-08-01,P0116,21,184.8
2025-08-01,P0117,21,184.8
2025-08-01,P0118,21,184.8
2025-08-01,P0119,21,184.8
2025-08-01,P0120,21,92.4
2025-08-01,P0122,21,184.8
2025-08-01,P0123,21,184.8
2025-08-01,P0124,21,92.4
2025-08-01,P0125,21,184.8
2025-08-01,P0126,21,184.8
2025-08-01,P0127,21,184.8
2025-08-01,P0128,21,184.8
2025-08-01,P0129,21,184.8
2025-08-01,P0130,21,184.8
2025-08-01,P0131,21,184.8
2025-08-01,P0132,21,184.8
2025-08-01,P0133,21,184.8
2025-08-01,P0136,21,184.8
2025-08-01,P0137,21,184.8
2025-08-01,P0138,21,184.8
2025-08-01,P0139,21,184.8
2025-08-01,P0140,21,184.8
2025-08-01,P0141,21,184.8
2025-08-01,P0143,21,184.8
2025-08-01,P0144,21,184.8
2025-08-01,P0145,21,184.8
2025-08-01,P0146,21,184.8
2025-08-01,P0147,21,184.8
2025-08-01,P0148,21,184.8
2025-08-01,P0149,21,184.8
2025-08-01,P0151,21,184.8
2025-08-01,P0152,21,92.4
2025-08-01,P0154,21,184.8
2025-08-01,P0155,21,184.8
2025-08-01,P0156,21,184.8
2025-08-01,P0157,21,184.8
2025-08-01,P0158,21,184.8
2025-08-01,P0159,21,184.8
2025-08-01,P0160,21,184.8
2025-08-01,P0161,21,184.8
2025-08-01,P0162,21,184.8
2025-08-01,P0165,21,184.8
2025-08-01,P0166,21,184.8
2025-08-01,P0167,21,184.8
2025-08-01,P0168,21,184.8
2025-08-01,P0169,21,184.8
2025-08-01,P0170,21,184.8
2025-08-01,P0171,21,184.8
2025-08-01,P0172,21,184.8
2025-08-01,P0173,21,184.8
2025-08-01,P0174,21,184.8
2025-08-01,P0175,21,184.8
2025-08-01,P0176,21,184.8
2025-08-01,P0177,21,184.8
2025-08-01,P0178,21,184.8
2025-08-01,P0179,21,184.8
2025-08-01,P0180,21,184.8
2025-08-01,P0181,21,184.8
2025-08-01,P0182,21,184.8
2025-08-01,P0183,21,92.4
2025-08-01,P0184,21,184.8
2025-08-01,P0185,21,184.8
2025-08-01,P0186,21,184.8
2025-08-01,P0188,21,184.8
2025-08-01,P0189,21,184.8
2025-08-01,P0190,21,92.4
2025-08-01,P0192,21,92.4
2025-08-01,P0193,21,184.8
2025-08-01,P0194,21,184.8
2025-08-01,P0195,21,184.8
2025-08-01,P0196,21,184.8
2025-08-01,P0198,21,184.8
2025-08-01,P0199,21,184.8
2025-08-01,P0201,21,184.8
2025-08-01,P0202,21,184.8
2025-08-01,P0203,21,184.8
2025-08-01,P0204,21,184.8
2025-08-01,P0205,21,184.8
2025-08-01,P0206,21,184.8
2025-08-01,P0207,21,184.8
2025-08-01,P0208,21,184.8
2025-08-01,P0209,21,184.8
2025-08-01,P0210,21,184.8
2025-08-01,P0211,21,184.8
2025-08-01,P0212,21,184.8
2025-08-01,P0213,21,184.8
2025-08-01,P0214,21,184.8
2025-08-01,P0216,21,184.8
2025-08-01,P0217,21,184.8
2025-08-01,P0218,21,184.8
2025-08-01,P0219,21,184.8
2025-08-01,P0221,21,184.8
2025-08-01,P0222,21,184.8
2025-08-01,P0223,21,184.8
2025-08-01,P0224,21,184.8
2025-08-01,P0226,21,184.8
2025-08-01,P0227,21,184.8
2025-08-01,P0228,21,184.8
2025-08-01,P0229,21,184.8
2025-08-01,P0230,21,184.8
2025-08-01,P0232,2,17.6
2025-08-01,P0235,21,184.8
2025-08-01,P0237,21,184.8
2025-08-01,P0238,21,184.8
2025-08-01,P0239,21,184.8
2025-08-01,P0240,21,184.8
2025-08-01,P0241,21,184.8
2025-08-01,P0242,21,184.8
2025-08-01,P0245,21,184.8
2025-08-01,P0246,21,184.8
2025-08-01,P0248,21,184.8
2025-08-01,P0251,21,184.8
2025-08-01,P0252,21,184.8
2025-08-01,P0253,21,184.8
2025-08-01,P0254,21,184.8
2025-08-01,P0255,21,184.8
2025-08-01,P0256,21,184.8
2025-08-01,P0257,21,184.8
2025-08-01,P0258,21,92.4
2025-08-01,P0259,21,184.8
2025-08-01,P0260,21,184.8
2025-08-01,P0261,21,184.8
2025-08-01,P0262,21,92.4
2025-08-01,P0263,21,184.8
2025-08-01,P0264,21,184.8
2025-08-01,P0265,21,184.8
2025-08-01,P0266,21,184.8
2025-08-01,P0267,21,184.8
2025-08-01,P0268,21,184.8
2025-08-01,P0269,21,184.8
2025-08-01,P0270,21,184.8
2025-08-01,P0271,21,184.8
2025-08-01,P0272,21,184.8
2025-08-01,P0273,21,184.8
2025-08-01,P0275,21,184.8
2025-08-01,P0276,21,92.4
2025-08-01,P0277,21,184.8
2025-08-01,P0278,21,184.8
2025-08-01,P0279,21,184.8
2025-08-01,P0281,21,184.8
2025-08-01,P0282,21,184.8
2025-08-01,P0283,21,92.4
2025-08-01,P0285,21,184.8
2025-08-01,P0287,21,184.8
2025-08-01,P0288,21,184.8
2025-08-01,P0289,21,184.8
2025-08-01,P0290,6,26.4
2025-08-01,P0291,21,92.4
2025-08-01,P0292,21,184.8
2025-08-01,P0293,21,184.8
2025-08-01,P0294,21,184.8
2025-08-01,P0295,21,184.8
2025-08-01,P0296,21,184.8
2025-08-01,P0297,21,184.8
2025-08-01,P0298,21,184.8
2025-08-01,P0299,21,184.8
2025-08-01,P0300,21,184.8
2025-08-01,P0301,21,184.8
2025-08-01,P0302,21,184.8
2025-08-01,P0303,21,184.8
2025-08-01,P0304,21,184.8
2025-08-01,P0305,21,184.8
2025-08-01,P0306,21,184.8
2025-08-01,P0308,21,92.4
2025-08-01,P0309,21,184.8
2025-08-01,P0311,21,184.8
2025-08-01,P0313,21,184.8
2025-08-01,P0314,21,184.8
2025-08-01,P0315,21,184.8
2025-08-01,P0316,21,184.8
2025-08-01,P0317,21,184.8
2025-08-01,P0318,21,184.8
2025-08-01,P0319,21,184.8
2025-08-01,P0320,21,184.8
2025-08-01,P0321,21,184.8
2025-08-01,P0322,21,92.4
2025-08-01,P0323,21,92.4
2025-08-01,P0324,21,184.8
2025-08-01,P0325,21,184.8
2025-08-01,P0326,21,184.8
2025-08-01,P0327,21,92.4
2025-08-01,P0328,21,184.8
2025-08-01,P0329,21,184.8
2025-08-01,P0330,21,184.8
2025-08-01,P0331,21,184.8
2025-08-01,P0333,21,184.8
2025-08-01,P0335,21,184.8
2025-08-01,P0337,21,184.8
2025-08-01,P0338,2,17.6
2025-08-01,P0339,21,184.8
2025-08-01,P0340,21,184.8
2025-08-01,P0342,21,92.4
2025-08-01,P0343,21,92.4
2025-08-01,P0344,21,184.8
2025-08-01,P0345,21,184.8
2025-08-01,P0346,21,184.8
2025-08-01,P0347,21,184.8
2025-08-01,P0348,21,184.8
2025-08-01,P0349,21,184.8
2025-08-01,P0352,21,184.8
2025-08-01,P0353,21,184.8
2025-08-01,P0354,21,184.8
2025-08-01,P0356,21,184.8
2025-08-01,P0357,21,184.8
2025-08-01,P0358,21,184.8
2025-08-01,P0359,21,184.8
2025-08-01,P0360,21,184.8
2025-08-01,P0361,21,184.8
2025-08-01,P0363,21,92.4
2025-08-01,P0364,21,92.4
2025-08-01,P0365,21,184.8
2025-08-01,P0366,21,184.8
2025-08-01,P0367,21,184.8
2025-08-01,P0368,21,184.8
2025-08-01,P0369,21,184.8
2025-08-01,P0370,21,184.8
2025-08-01,P0371,21,184.8
2025-08-01,P0372,21,184.8
2025-08-01,P0373,21,184.8
2025-08-01,P0374,21,92.4
2025-08-01,P0375,21,92.4
2025-08-01,P0376,21,184.8
2025-08-01,P0377,21,184.8
2025-08-01,P0378,21,184.8
2025-08-01,P0379,21,184.8
2025-08-01,P0380,21,184.8
2025-08-01,P0382,21,184.8
2025-08-01,P0383,21,184.8
2025-08-01,P0384,21,184.8
2025-08-01,P0386,21,184.8
2025-08-01,P0388,21,184.8
2025-08-01,P0389,21,184.8
2025-08-01,P0390,21,92.4
2025-08-01,P0391,21,184.8
2025-08-01,P0392,21,184.8
2025-08-01,P0393,21,184.8
2025-08-01,P0394,21,184.8
2025-08-01,P0395,21,184.8
2025-08-01,P0396,21,184.8
2025-08-01,P0398,21,184.8
2025-08-01,P0399,21,184.8
2025-08-01,P0400,21,184.8
2025-08-01,P0401,21,184.8
2025-08-01,P0402,21,184.8
2025-08-01,P0403,21,184.8
2025-08-01,P0404,21,92.4
2025-08-01,P0405,21,184.8
2025-08-01,P0406,21,184.8
2025-08-01,P0407,21,184.8
2025-08-01,P0409,21,184.8
2025-08-01,P0410,21,184.8
2025-08-01,P0411,21,184.8
2025-08-01,P0412,21,184.8
2025-08-01,P0413,21,184.8
2025-08-01,P0414,21,184.8
2025-08-01,P0415,21,184.8
2025-08-01,P0416,21,184.8
2025-08-01,P0417,21,184.8
2025-08-01,P0418,21,184.8
2025-08-01,P0419,21,184.8
2025-08-01,P0420,21,184.8
2025-08-01,P0421,21,184.8
2025-08-01,P0422,21,184.8
2025-08-01,P0423,21,184.8
2025-08-01,P0425,21,184.8
2025-08-01,P0426,21,184.8
2025-08-01,P0427,21,184.8
2025-08-01,P0428,21,184.8
2025-08-01,P0429,21,184.8
2025-08-01,P0430,21,184.8
2025-08-01,P0431,21,184.8
2025-08-01,P0432,21,184.8
2025-08-01,P0433,21,92.4
2025-08-01,P0434,21,184.8
2025-08-01,P0435,21,184.8
2025-08-01,P0436,21,184.8
2025-08-01,P0437,21,184.8
2025-08-01,P0439,21,184.8
2025-08-01,P0440,21,184.8
2025-08-01,P0441,21,92.4
2025-08-01,P0442,21,184.8
2025-08-01,P0443,21,184.8
2025-08-01,P0444,21,184.8
2025-08-01,P0445,21,184.8
2025-08-01,P0448,21,184.8
2025-08-01,P0451,21,184.8
2025-08-01,P0454,21,184.8
2025-08-01,P0455,21,184.8
2025-08-01,P0456,21,184.8
2025-08-01,P0457,21,184.8
2025-08-01,P0458,21,184.8
2025-08-01,P0459,21,184.8
2025-08-01,P0460,21,184.8
2025-08-01,P0461,21,184.8
2025-08-01,P0463,21,184.8
2025-08-01,P0464,21,184.8
2025-08-01,P0465,21,184.8
2025-08-01,P0466,21,184.8
2025-08-01,P0467,21,184.8
2025-08-01,P0468,21,184.8
2025-08-01,P0469,21,184.8
2025-08-01,P0470,21,184.8
2025-08-01,P0471,21,184.8
2025-08-01,P0473,21,184.8
2025-08-01,P0474,21,184.8
2025-08-01,P0475,21,184.8
2025-08-01,P0476,21,184.8
2025-08-01,P0478,21,184.8
2025-08-01,P0479,21,184.8
2025-08-01,P0480,21,184.8
2025-08-01,P0481,21,184.8
2025-08-01,P0482,21,184.8
2025-08-01,P0483,21,184.8
2025-08-01,P0484,21,184.8
2025-08-01,P0485,21,184.8
2025-08-01,P0486,21,184.8
2025-08-01,P0487,21,92.4
2025-08-01,P0488,21,184.8
2025-08-01,P0489,21,184.8
2025-08-01,P0490,21,184.8
2025-08-01,P0491,21,184.8
2025-08-01,P0492,21,184.8
2025-08-01,P0493,21,92.4
2025-08-01,P0495,21,184.8
2025-08-01,P0496,21,184.8
2025-08-01,P0497,21,184.8
2025-08-01,P0499,21,184.8
2025-08-01,P0500,21,92.4
2025-08-01,P0501,21,184.8
2025-08-01,P0502,21,184.8
2025-08-01,P0503,21,184.8
2025-08-01,P0504,21,92.4
2025-08-01,P0505,21,184.8
2025-08-01,P0506,21,184.8
2025-08-01,P0507,21,184.8
2025-08-01,P0509,21,184.8
2025-08-01,P0510,21,184.8
2025-08-01,P0511,21,184.8
2025-08-01,P0513,21,184.8
2025-08-01,P0514,21,184.8
2025-08-01,P0515,21,184.8
2025-08-01,P0516,21,184.8
2025-08-01,P0517,21,184.8
2025-08-01,P0518,21,184.8
2025-08-01,P0519,21,92.4
2025-08-01,P0520,21,184.8
2025-08-01,P0521,18,158.4
2025-08-01,P0522,21,184.8
2025-08-01,P0523,21,184.8
2025-08-01,P0524,21,184.8
2025-08-01,P0525,21,184.8
2025-08-01,P0526,21,92.4
2025-08-01,P0527,21,184.8
2025-08-01,P0529,21,184.8
2025-08-01,P0530,21,184.8
2025-08-01,P0532,21,184.8
2025-08-01,P0534,21,184.8
2025-08-01,P0535,21,184.8
2025-08-01,P0536,21,184.8
2025-08-01,P0537,21,184.8
2025-08-01,P0539,21,184.8
2025-08-01,P0540,21,184.8
2025-08-01,P0541,21,184.8
2025-08-01,P0542,21,184.8
2025-08-01,P0543,21,184.8
2025-08-01,P0544,21,184.8
2025-08-01,P0545,21,184.8
2025-08-01,P0546,21,184.8
2025-08-01,P0547,21,92.4
2025-08-01,P0548,15,132.0
2025-08-01,P0549,21,184.8
2025-08-01,P0550,21,184.8
2025-08-01,P0551,21,184.8
2025-08-01,P0552,21,92.4
2025-08-01,P0553,21,184.8
2025-08-01,P0555,21,184.8
2025-08-01,P0556,21,184.8
2025-08-01,P0557,21,184.8
2025-08-01,P0558,21,184.8
2025-08-01,P0559,21,92.4
2025-08-01,P0560,21,184.8
2025-08-01,P0561,21,184.8
2025-08-01,P0562,21,184.8
2025-08-01,P0563,21,184.8
2025-08-01,P0564,21,184.8
2025-08-01,P0566,21,184.8
2025-08-01,P0567,21,184.8
2025-08-01,P0568,21,184.8
2025-08-01,P0569,21,184.8
2025-08-01,P0570,21,184.8
2025-08-01,P0571,21,184.8
2025-08-01,P0573,21,184.8
2025-08-01,P0574,21,184.8
2025-08-01,P0575,21,184.8
2025-08-01,P0576,21,184.8
2025-08-01,P0577,21,184.8
2025-08-01,P0579,21,184.8
2025-08-01,P0580,21,184.8
2025-08-01,P0581,21,184.8
2025-08-01,P0582,21,184.8
2025-08-01,P0583,21,184.8
2025-08-01,P0584,21,184.8
2025-08-01,P0585,21,184.8
2025-08-01,P0586,21,184.8
2025-08-01,P0587,21,184.8
2025-08-01,P0588,21,184.8
2025-08-01,P0589,21,184.8
2025-08-01,P0590,21,92.4
2025-08-01,P0591,21,184.8
2025-08-01,P0593,21,184.8
2025-08-01,P0595,21,184.8
2025-08-01,P0596,21,184.8
2025-08-01,P0597,21,184.8
2025-08-01,P0598,21,184.8
2025-08-01,P0599,21,184.8
2025-08-01,P0600,21,184.8
2025-08-01,P0601,21,92.4
2025-08-01,P0602,21,184.8
2025-08-01,P0603,21,184.8
2025-08-01,P0604,21,184.8
2025-08-01,P0605,21,184.8
2025-08-01,P0606,21,184.8
2025-08-01,P0607,21,184.8
2025-08-01,P0608,21,184.8
2025-08-01,P0609,21,184.8
2025-08-01,P0610,21,184.8
2025-08-01,P0612,21,184.8
2025-08-01,P0613,21,92.4
2025-08-01,P0615,21,184.8
2025-08-01,P0616,21,184.8
2025-08-01,P0617,21,184.8
2025-08-01,P0618,3,26.4
2025-08-01,P0619,21,184.8
2025-08-01,P0620,21,184.8
2025-08-01,P0621,21,184.8
2025-08-01,P0622,21,92.4
2025-08-01,P0623,21,184.8
2025-08-01,P0624,21,184.8
2025-08-01,P0625,21,184.8
2025-08-01,P0626,21,184.8
2025-08-01,P0627,21,92.4
2025-08-01,P0628,21,184.8
2025-08-01,P0630,21,184.8
2025-08-01,P0631,21,184.8
2025-08-01,P0632,21,184.8
2025-08-01,P0634,21,184.8
2025-08-01,P0635,21,184.8
2025-08-01,P0636,21,92.4
2025-08-01,P0637,21,184.8
2025-08-01,P0638,21,184.8
2025-08-01,P0639,21,184.8
2025-08-01,P0640,21,92.4
2025-08-01,P0641,21,184.8
2025-08-01,P0642,21,184.8
2025-08-01,P0643,21,184.8
2025-08-01,P0644,21,184.8
2025-08-01,P0646,21,184.8
2025-08-01,P0647,21,184.8
2025-08-01,P0648,21,184.8
2025-08-01,P0649,21,184.8
2025-08-01,P0650,21,92.4
2025-08-01,P0651,21,184.8
2025-08-01,P0652,21,184.8
2025-08-01,P0653,21,184.8
2025-08-01,P0655,21,184.8
2025-08-01,P0656,21,184.8
2025-08-01,P0657,21,184.8
2025-08-01,P0658,21,184.8
2025-08-01,P0659,21,184.8
2025-08-01,P0661,21,184.8
2025-08-01,P0662,21,184.8
2025-08-01,P0664,21,184.8
2025-08-01,P0665,21,184.8
2025-08-01,P0666,21,184.8
2025-08-01,P0667,21,184.8
2025-08-01,P0669,21,184.8
2025-08-01,P0671,21,184.8
2025-08-01,P0672,9,79.2
2025-08-01,P0673,21,184.8
2025-08-01,P0674,21,184.8
2025-08-01,P0675,21,184.8
2025-08-01,P0676,21,184.8
2025-08-01,P0677,13,114.4
2025-08-01,P0678,21,92.4
2025-08-01,P0679,21,184.8
2025-08-01,P0680,21,184.8
2025-08-01,P0681,21,184.8
2025-08-01,P0682,21,184.8
2025-08-01,P0683,21,184.8
2025-08-01,P0684,21,184.8
2025-08-01,P0685,21,92.4
2025-08-01,P0686,21,184.8
2025-08-01,P0687,21,184.8
2025-08-01,P0688,21,184.8
2025-08-01,P0689,21,184.8
2025-08-01,P0690,21,184.8
2025-08-01,P0691,21,184.8
2025-08-01,P0692,21,184.8
2025-08-01,P0693,21,184.8
2025-08-01,P0694,20,176.0
2025-08-01,P0695,19,167.2
2025-08-01,P0696,16,140.8
2025-08-01,P0697,10,88.0
2025-08-01,P0698,10,88.0
2025-08-01,P0699,10,88.0
2025-08-01,P0700,4,35.2
2025-09-01,P0001,22,193.6
2025-09-01,P0003,22,193.6
2025-09-01,P0004,22,193.6
2025-09-01,P0005,22,193.6
2025-09-01,P0006,22,193.6
2025-09-01,P0007,22,193.6
2025-09-01,P0008,22,96.8
2025-09-01,P0011,22,193.6
2025-09-01,P0012,22,193.6
2025-09-01,P0013,22,193.6
2025-09-01,P0014,22,193.6
2025-09-01,P0015,22,193.6
2025-09-01,P0016,22,193.6
2025-09-01,P0018,22,193.6
2025-09-01,P0019,22,193.6
2025-09-01,P0020,22,193.6
2025-09-01,P0021,22,193.6
2025-09-01,P0022,22,193.6
2025-09-01,P0023,22,96.8
2025-09-01,P0024,22,193.6
2025-09-01,P0025,22,193.6
2025-09-01,P0026,22,193.6
2025-09-01,P0027,22,193.6
2025-09-01,P0028,22,193.6
2025-09-01,P0029,22,193.6
2025-09-01,P0030,22,193.6
2025-09-01,P0034,22,193.6
2025-09-01,P0035,22,193.6
2025-09-01,P0036,22,193.6
2025-09-01,P0037,22,193.6
2025-09-01,P0038,22,193.6
2025-09-01,P0039,22,193.6
2025-09-01,P0040,22,193.6
2025-09-01,P0041,22,96.8
2025-09-01,P0042,22,193.6
2025-09-01,P0043,22,193.6
2025-09-01,P0044,22,193.6
2025-09-01,P0045,22,193.6
2025-09-01,P0046,22,193.6
2025-09-01,P0047,22,193.6
2025-09-01,P0048,22,193.6
2025-09-01,P0049,22,193.6
2025-09-01,P0050,22,193.6
2025-09-01,P0051,22,193.6
2025-09-01,P0052,1,8.8
2025-09-01,P0053,22,193.6
2025-09-01,P0054,22,193.6
2025-09-01,P0056,22,193.6
2025-09-01,P0059,22,193.6
2025-09-01,P0060,22,193.6
2025-09-01,P0061,22,193.6
2025-09-01,P0062,4,35.2
2025-09-01,P0063,22,193.6
2025-09-01,P0064,22,193.6
2025-09-01,P0065,22,193.6
2025-09-01,P0066,22,193.6
2025-09-01,P0067,22,193.6
2025-09-01,P0068,22,193.6
2025-09-01,P0069,22,193.6
2025-09-01,P0071,22,193.6
2025-09-01,P0072,22,193.6
2025-09-01,P0073,22,193.6
2025-09-01,P0074,22,193.6
2025-09-01,P0075,22,193.6
2025-09-01,P0076,22,193.6
2025-09-01,P0077,22,193.6
2025-09-01,P0079,22,193.6
2025-09-01,P0080,22,193.6
2025-09-01,P0081,22,96.8
2025-09-01,P0082,22,193.6
2025-09-01,P0085,22,193.6
2025-09-01,P0086,22,193.6
2025-09-01,P0087,22,193.6
2025-09-01,P0088,22,193.6
2025-09-01,P0089,22,193.6
2025-09-01,P0090,22,193.6
2025-09-01,P0091,22,193.6
2025-09-01,P0092,22,193.6
2025-09-01,P0093,22,193.6
2025-09-01,P0094,22,193.6
2025-09-01,P0095,22,193.6
2025-09-01,P0096,22,193.6
2025-09-01,P0097,22,96.8
2025-09-01,P0098,22,193.6
2025-09-01,P0099,22,193.6
2025-09-01,P0100,22,193.6
2025-09-01,P0101,22,193.6
2025-09-01,P0102,22,193.6
2025-09-01,P0103,22,193.6
2025-09-01,P0104,22,193.6
2025-09-01,P0105,22,193.6
2025-09-01,P0106,22,193.6
2025-09-01,P0107,22,193.6
2025-09-01,P0108,22,193.6
2025-09-01,P0109,22,193.6
2025-09-01,P0110,22,193.6
2025-09-01,P0111,22,193.6
2025-09-01,P0112,22,193.6
2025-09-01,P0113,22,193.6
2025-09-01,P0114,22,193.6
2025-09-01,P0116,22,193.6
2025-09-01,P0117,22,193.6
2025-09-01,P0118,22,193.6
2025-09-01,P0119,22,193.6
2025-09-01,P0120,22,96.8
2025-09-01,P0122,22,193.6
2025-09-01,P0123,22,193.6
2025-09-01,P0124,22,96.8
2025-09-01,P0125,22,193.6
2025-09-01,P0126,22,193.6
2025-09-01,P0127,22,193.6
2025-09-01,P0128,22,193.6
2025-09-01,P0129,22,193.6
2025-09-01,P0130,22,193.6
2025-09-01,P0131,22,193.6
2025-09-01,P0132,22,193.6
2025-09-01,P0133,22,193.6
2025-09-01,P0136,22,193.6
2025-09-01,P0137,22,193.6
2025-09-01,P0138,22,193.6
2025-09-01,P0139,22,193.6
2025-09-01,P0140,22,193.6
2025-09-01,P0141,22,193.6
2025-09-01,P0143,22,193.6
2025-09-01,P0144,22,193.6
2025-09-01,P0145,22,193.6
2025-09-01,P0146,22,193.6
2025-09-01,P0147,22,193.6
2025-09-01,P0148,22,193.6
2025-09-01,P0149,22,193.6
2025-09-01,P0151,22,193.6
2025-09-01,P0152,22,96.8
2025-09-01,P0154,22,193.6
2025-09-01,P0155,22,193.6
2025-09-01,P0156,22,193.6
2025-09-01,P0157,22,193.6
2025-09-01,P0158,22,193.6
2025-09-01,P0159,22,193.6
2025-09-01,P0160,22,193.6
2025-09-01,P0161,22,193.6
2025-09-01,P0162,22,193.6
2025-09-01,P0165,22,193.6
2025-09-01,P0166,22,193.6
2025-09-01,P0167,22,193.6
2025-09-01,P0168,22,193.6
2025-09-01,P0169,22,193.6
2025-09-01,P0170,22,193.6
2025-09-01,P0171,22,193.6
2025-09-01,P0172,22,193.6
2025-09-01,P0173,22,193.6
2025-09-01,P0174,22,193.6
2025-09-01,P0175,22,193.6
2025-09-01,P0176,22,193.6
2025-09-01,P0177,22,193.6
2025-09-01,P0178,22,193.6
2025-09-01,P0179,22,193.6
2025-09-01,P0180,22,193.6
2025-09-01,P0181,22,193.6
2025-09-01,P0182,22,193.6
2025-09-01,P0183,22,96.8
2025-09-01,P0184,22,193.6
2025-09-01,P0185,22,193.6
2025-09-01,P0186,22,193.6
2025-09-01,P0188,22,193.6
2025-09-01,P0189,22,193.6
2025-09-01,P0190,22,96.8
2025-09-01,P0192,22,96.8
2025-09-01,P0193,22,193.6
2025-09-01,P0194,22,193.6
2025-09-01,P0195,22,193.6
2025-09-01,P0196,22,193.6
2025-09-01,P0198,22,193.6
2025-09-01,P0199,22,193.6
2025-09-01,P0201,22,193.6
2025-09-01,P0202,22,193.6
2025-09-01,P0203,22,193.6
2025-09-01,P0204,22,193.6
2025-09-01,P0205,22,193.6
2025-09-01,P0206,22,193.6
2025-09-01,P0207,22,193.6
2025-09-01,P0208,22,193.6
2025-09-01,P0209,22,193.6
2025-09-01,P0210,22,193.6
2025-09-01,P0211,22,193.6
2025-09-01,P0212,22,193.6
2025-09-01,P0213,22,193.6
2025-09-01,P0214,22,193.6
2025-09-01,P0216,22,193.6
2025-09-01,P0217,22,193.6
2025-09-01,P0218,22,193.6
2025-09-01,P0219,22,193.6
2025-09-01,P0221,22,193.6
2025-09-01,P0222,22,193.6
2025-09-01,P0223,22,193.6
2025-09-01,P0224,22,193.6
2025-09-01,P0226,22,193.6
2025-09-01,P0227,22,193.6
2025-09-01,P0228,22,193.6
2025-09-01,P0229,22,193.6
2025-09-01,P0230,22,193.6
2025-09-01,P0235,22,193.6
2025-09-01,P0237,22,193.6
2025-09-01,P0238,22,193.6
2025-09-01,P0239,22,193.6
2025-09-01,P0240,22,193.6
2025-09-01,P0241,22,193.6
2025-09-01,P0242,22,193.6
2025-09-01,P0245,22,193.6
2025-09-01,P0246,22,193.6
2025-09-01,P0248,22,193.6
2025-09-01,P0251,22,193.6
2025-09-01,P0252,22,193.6
2025-09-01,P0253,22,193.6
2025-09-01,P0254,22,193.6
2025-09-01,P0255,22,193.6
2025-09-01,P0256,22,193.6
2025-09-01,P0257,22,193.6
2025-09-01,P0258,22,96.8
2025-09-01,P0259,22,193.6
2025-09-01,P0260,22,193.6
2025-09-01,P0261,22,193.6
2025-09-01,P0262,22,96.8
2025-09-01,P0263,22,193.6
2025-09-01,P0264,22,193.6
2025-09-01,P0265,22,193.6
2025-09-01,P0266,22,193.6
2025-09-01,P0267,22,193.6
2025-09-01,P0268,22,193.6
2025-09-01,P0269,22,193.6
2025-09-01,P0270,22,193.6
2025-09-01,P0271,22,193.6
2025-09-01,P0272,22,193.6
2025-09-01,P0273,22,193.6
2025-09-01,P0275,22,193.6
2025-09-01,P0276,22,96.8
2025-09-01,P0277,22,193.6
2025-09-01,P0278,22,193.6
2025-09-01,P0279,22,193.6
2025-09-01,P0281,22,193.6
2025-09-01,P0282,22,193.6
2025-09-01,P0283,22,96.8
2025-09-01,P0285,22,193.6
2025-09-01,P0287,22,193.6
2025-09-01,P0288,22,193.6
2025-09-01,P0289,22,193.6
2025-09-01,P0291,22,96.8
2025-09-01,P0292,22,193.6
2025-09-01,P0293,22,193.6
2025-09-01,P0294,22,193.6
2025-09-01,P0295,22,193.6
2025-09-01,P0296,22,193.6
2025-09-01,P0297,22,193.6
2025-09-01,P0298,22,193.6
2025-09-01,P0299,22,193.6
2025-09-01,P0300,22,193.6
2025-09-01,P0301,22,193.6
2025-09-01,P0302,22,193.6
2025-09-01,P0303,22,193.6
2025-09-01,P0304,22,193.6
2025-09-01,P0305,22,193.6
2025-09-01,P0306,22,193.6
2025-09-01,P0308,22,96.8
2025-09-01,P0309,22,193.6
2025-09-01,P0311,22,193.6
2025-09-01,P0313,22,193.6
2025-09-01,P0314,22,193.6
2025-09-01,P0315,22,193.6
2025-09-01,P0316,22,193.6
2025-09-01,P0317,22,193.6
2025-09-01,P0318,22,193.6
2025-09-01,P0319,22,193.6
2025-09-01,P0320,22,193.6
2025-09-01,P0321,22,193.6
2025-09-01,P0322,22,96.8
2025-09-01,P0323,22,96.8
2025-09-01,P0324,22,193.6
2025-09-01,P0325,22,193.6
2025-09-01,P0326,22,193.6
2025-09-01,P0327,22,96.8
2025-09-01,P0328,22,193.6
2025-09-01,P0329,22,193.6
2025-09-01,P0330,22,193.6
2025-09-01,P0331,22,193.6
2025-09-01,P0333,22,193.6
2025-09-01,P0335,22,193.6
2025-09-01,P0337,22,193.6
2025-09-01,P0339,22,193.6
2025-09-01,P0340,22,193.6
2025-09-01,P0342,22,96.8
2025-09-01,P0343,22,96.8
2025-09-01,P0344,22,193.6
2025-09-01,P0345,22,193.6
2025-09-01,P0346,12,105.6
2025-09-01,P0347,22,193.6
2025-09-01,P0348,22,193.6
2025-09-01,P0349,22,193.6
2025-09-01,P0352,22,193.6
2025-09-01,P0353,22,193.6
2025-09-01,P0354,22,193.6
2025-09-01,P0356,22,193.6
2025-09-01,P0357,22,193.6
2025-09-01,P0358,22,193.6
2025-09-01,P0359,22,193.6
2025-09-01,P0360,22,193.6
2025-09-01,P0361,22,193.6
2025-09-01,P0363,22,96.8
2025-09-01,P0364,22,96.8
2025-09-01,P0365,22,193.6
2025-09-01,P0366,22,193.6
2025-09-01,P0367,22,193.6
2025-09-01,P0368,22,193.6
2025-09-01,P0369,22,193.6
2025-09-01,P0370,22,193.6
2025-09-01,P0371,22,193.6
2025-09-01,P0372,22,193.6
2025-09-01,P0373,22,193.6
2025-09-01,P0374,22,96.8
2025-09-01,P0375,22,96.8
2025-09-01,P0376,22,193.6
2025-09-01,P0377,22,193.6
2025-09-01,P0378,22,193.6
2025-09-01,P0379,22,193.6
2025-09-01,P0380,22,193.6
2025-09-01,P0382,22,193.6
2025-09-01,P0383,22,193.6
2025-09-01,P0384,22,193.6
2025-09-01,P0386,22,193.6
2025-09-01,P0388,22,193.6
2025-09-01,P0389,22,193.6
2025-09-01,P0390,22,96.8
2025-09-01,P0391,22,193.6
2025-09-01,P0392,22,193.6
2025-09-01,P0393,22,193.6
2025-09-01,P0394,22,193.6
2025-09-01,P0395,22,193.6
2025-09-01,P0396,22,193.6
2025-09-01,P0398,22,193.6
2025-09-01,P0399,22,193.6
2025-09-01,P0400,22,193.6
2025-09-01,P0401,22,193.6
2025-09-01,P0402,22,193.6
2025-09-01,P0403,22,193.6
2025-09-01,P0404,22,96.8
2025-09-01,P0405,22,193.6
2025-09-01,P0406,22,193.6
2025-09-01,P0407,22,193.6
2025-09-01,P0409,22,193.6
2025-09-01,P0410,22,193.6
2025-09-01,P0411,22,193.6
2025-09-01,P0412,22,193.6
2025-09-01,P0413,22,193.6
2025-09-01,P0414,22,193.6
2025-09-01,P0415,22,193.6
2025-09-01,P0416,22,193.6
2025-09-01,P0417,22,193.6
2025-09-01,P0418,22,193.6
2025-09-01,P0419,22,193.6
2025-09-01,P0420,22,193.6
2025-09-01,P0421,22,193.6
2025-09-01,P0422,22,193.6
2025-09-01,P0423,22,193.6
2025-09-01,P0425,22,193.6
2025-09-01,P0426,22,193.6
2025-09-01,P0427,22,193.6
2025-09-01,P0428,22,193.6
2025-09-01,P0429,22,193.6
2025-09-01,P0430,22,193.6
2025-09-01,P0431,22,193.6
2025-09-01,P0432,22,193.6
2025-09-01,P0433,22,96.8
2025-09-01,P0434,22,193.6
2025-09-01,P0435,22,193.6
2025-09-01,P0436,22,193.6
2025-09-01,P0437,22,193.6
2025-09-01,P0439,22,193.6
2025-09-01,P0440,22,193.6
2025-09-01,P0441,22,96.8
2025-09-01,P0442,22,193.6
2025-09-01,P0443,22,193.6
2025-09-01,P0444,22,193.6
2025-09-01,P0445,22,193.6
2025-09-01,P0448,22,193.6
2025-09-01,P0451,22,193.6
2025-09-01,P0454,22,193.6
2025-09-01,P0455,22,193.6
2025-09-01,P0456,22,193.6
2025-09-01,P0457,22,193.6
2025-09-01,P0458,22,193.6
2025-09-01,P0459,22,193.6
2025-09-01,P0460,22,193.6
2025-09-01,P0461,22,193.6
2025-09-01,P0463,22,193.6
2025-09-01,P0464,22,193.6
2025-09-01,P0465,22,193.6
2025-09-01,P0466,22,193.6
2025-09-01,P0467,22,193.6
2025-09-01,P0468,22,193.6
2025-09-01,P0469,22,193.6
2025-09-01,P0470,22,193.6
2025-09-01,P0471,22,193.6
2025-09-01,P0473,22,193.6
2025-09-01,P0474,22,193.6
2025-09-01,P0475,22,193.6
2025-09-01,P0476,22,193.6
2025-09-01,P0478,22,193.6
2025-09-01,P0479,22,193.6
2025-09-01,P0480,22,193.6
2025-09-01,P0481,22,193.6
2025-09-01,P0482,22,193.6
2025-09-01,P0483,22,193.6
2025-09-01,P0484,22,193.6
2025-09-01,P0485,22,193.6
2025-09-01,P0486,22,193.6
2025-09-01,P0487,22,96.8
2025-09-01,P0488,22,193.6
2025-09-01,P0489,22,193.6
2025-09-01,P0490,22,193.6
2025-09-01,P0491,22,193.6
2025-09-01,P0492,22,193.6
2025-09-01,P0493,22,96.8
2025-09-01,P0495,22,193.6
2025-09-01,P0496,22,193.6
2025-09-01,P0497,22,193.6
2025-09-01,P0499,22,193.6
2025-09-01,P0500,22,96.8
2025-09-01,P0501,22,193.6
2025-09-01,P0502,22,193.6
2025-09-01,P0503,22,193.6
2025-09-01,P0504,22,96.8
2025-09-01,P0505,22,193.6
2025-09-01,P0506,22,193.6
2025-09-01,P0507,22,193.6
2025-09-01,P0509,22,193.6
2025-09-01,P0510,22,193.6
2025-09-01,P0511,22,193.6
2025-09-01,P0513,22,193.6
2025-09-01,P0514,22,193.6
2025-09-01,P0515,22,193.6
2025-09-01,P0516,22,193.6
2025-09-01,P0517,22,193.6
2025-09-01,P0518,22,193.6
2025-09-01,P0519,22,96.8
2025-09-01,P0520,22,193.6
2025-09-01,P0522,22,193.6
2025-09-01,P0523,22,193.6
2025-09-01,P0524,22,193.6
2025-09-01,P0525,22,193.6
2025-09-01,P0526,22,96.8
2025-09-01,P0527,22,193.6
2025-09-01,P0529,22,193.6
2025-09-01,P0530,22,193.6
2025-09-01,P0532,22,193.6
2025-09-01,P0534,22,193.6
2025-09-01,P0535,22,193.6
2025-09-01,P0536,22,193.6
2025-09-01,P0537,22,193.6
2025-09-01,P0539,22,193.6
2025-09-01,P0540,22,193.6
2025-09-01,P0541,22,193.6
2025-09-01,P0542,22,193.6
2025-09-01,P0543,22,193.6
2025-09-01,P0544,22,193.6
2025-09-01,P0545,22,193.6
2025-09-01,P0546,22,193.6
2025-09-01,P0547,22,96.8
2025-09-01,P0549,22,193.6
2025-09-01,P0550,22,193.6
2025-09-01,P0551,22,193.6
2025-09-01,P0552,22,96.8
2025-09-01,P0553,22,193.6
2025-09-01,P0555,22,193.6
2025-09-01,P0556,22,193.6
2025-09-01,P0557,22,193.6
2025-09-01,P0558,22,193.6
2025-09-01,P0559,22,96.8
2025-09-01,P0560,22,193.6
2025-09-01,P0561,22,193.6
2025-09-01,P0562,22,193.6
2025-09-01,P0563,22,193.6
2025-09-01,P0564,22,193.6
2025-09-01,P0566,22,193.6
2025-09-01,P0567,22,193.6
2025-09-01,P0568,22,193.6
2025-09-01,P0569,22,193.6
2025-09-01,P0570,22,193.6
2025-09-01,P0571,22,193.6
2025-09-01,P0573,22,193.6
2025-09-01,P0574,22,193.6
2025-09-01,P0575,22,193.6
2025-09-01,P0576,22,193.6
2025-09-01,P0577,22,193.6
2025-09-01,P0579,22,193.6
2025-09-01,P0580,22,193.6
2025-09-01,P0581,22,193.6
2025-09-01,P0582,22,193.6
2025-09-01,P0583,22,193.6
2025-09-01,P0584,22,193.6
2025-09-01,P0585,22,193.6
2025-09-01,P0586,17,149.6
2025-09-01,P0587,22,193.6
2025-09-01,P0588,22,193.6
2025-09-01,P0589,22,193.6
2025-09-01,P0590,22,96.8
2025-09-01,P0591,22,193.6
2025-09-01,P0593,22,193.6
2025-09-01,P0595,22,193.6
2025-09-01,P0596,22,193.6
2025-09-01,P0597,22,193.6
2025-09-01,P0598,22,193.6
2025-09-01,P0599,22,193.6
2025-09-01,P0600,22,193.6
2025-09-01,P0601,22,96.8
2025-09-01,P0602,22,193.6
2025-09-01,P0603,22,193.6
2025-09-01,P0604,22,193.6
2025-09-01,P0605,7,61.6
2025-09-01,P0606,22,193.6
2025-09-01,P0607,22,193.6
2025-09-01,P0608,22,193.6
2025-09-01,P0609,22,193.6
2025-09-01,P0610,22,193.6
2025-09-01,P0612,22,193.6
2025-09-01,P0613,22,96.8
2025-09-01,P0615,22,193.6
2025-09-01,P0616,22,193.6
2025-09-01,P0617,22,193.6
2025-09-01,P0619,22,193.6
2025-09-01,P0620,22,193.6
2025-09-01,P0621,22,193.6
2025-09-01,P0622,22,96.8
2025-09-01,P0623,22,193.6
2025-09-01,P0624,22,193.6
2025-09-01,P0625,22,193.6
2025-09-01,P0626,22,193.6
2025-09-01,P0627,22,96.8
2025-09-01,P0628,22,193.6
2025-09-01,P0630,22,193.6
2025-09-01,P0631,22,193.6
2025-09-01,P0632,22,193.6
2025-09-01,P0634,22,193.6
2025-09-01,P0635,22,193.6
2025-09-01,P0636,22,96.8
2025-09-01,P0637,22,193.6
2025-09-01,P0638,22,193.6
2025-09-01,P0639,22,193.6
2025-09-01,P0640,22,96.8
2025-09-01,P0641,22,193.6
2025-09-01,P0642,22,193.6
2025-09-01,P0643,22,193.6
2025-09-01,P0644,22,193.6
2025-09-01,P0646,22,193.6
2025-09-01,P0647,22,193.6
2025-09-01,P0648,22,193.6
2025-09-01,P0649,22,193.6
2025-09-01,P0650,22,96.8
2025-09-01,P0651,22,193.6
2025-09-01,P0652,22,193.6
2025-09-01,P0653,22,193.6
2025-09-01,P0655,22,193.6
2025-09-01,P0656,22,193.6
2025-09-01,P0657,22,193.6
2025-09-01,P0658,22,193.6
2025-09-01,P0659,22,193.6
2025-09-01,P0661,22,193.6
2025-09-01,P0662,22,193.6
2025-09-01,P0664,22,193.6
2025-09-01,P0665,22,193.6
2025-09-01,P0666,22,193.6
2025-09-01,P0667,22,193.6
2025-09-01,P0669,22,193.6
2025-09-01,P0671,22,193.6
2025-09-01,P0673,22,193.6
2025-09-01,P0674,22,193.6
2025-09-01,P0675,22,193.6
2025-09-01,P0676,22,193.6
2025-09-01,P0678,22,96.8
2025-09-01,P0679,22,193.6
2025-09-01,P0680,22,193.6
2025-09-01,P0681,22,193.6
2025-09-01,P0682,22,193.6
2025-09-01,P0683,22,193.6
2025-09-01,P0684,22,193.6
2025-09-01,P0685,22,96.8
2025-09-01,P0686,22,193.6
2025-09-01,P0687,22,193.6
2025-09-01,P0688,22,193.6
2025-09-01,P0689,22,193.6
2025-09-01,P0690,22,193.6
2025-09-01,P0691,22,193.6
2025-09-01,P0692,22,193.6
2025-09-01,P0693,22,193.6
2025-09-01,P0694,22,193.6
2025-09-01,P0695,22,193.6
2025-09-01,P0696,22,193.6
2025-09-01,P0697,22,193.6
2025-09-01,P0698,22,193.6
2025-09-01,P0699,22,193.6
2025-09-01,P0700,22,193.6
2025-09-01,P0701,20,176.0
2025-09-01,P0702,17,149.6
2025-09-01,P0703,12,105.6
2025-09-01,P0704,7,61.6
2025-09-01,P0705,4,35.2
2025-09-01,P0706,3,26.4
2025-10-01,P0001,23,202.4
2025-10-01,P0003,23,202.4
2025-10-01,P0004,23,202.4
2025-10-01,P0005,23,202.4
2025-10-01,P0006,23,202.4
2025-10-01,P0007,23,202.4
2025-10-01,P0008,23,101.2
2025-10-01,P0011,23,202.4
2025-10-01,P0012,23,202.4
2025-10-01,P0013,23,202.4
2025-10-01,P0014,23,202.4
2025-10-01,P0015,23,202.4
2025-10-01,P0016,23,202.4
2025-10-01,P0018,23,202.4
2025-10-01,P0019,23,202.4
2025-10-01,P0020,23,202.4
2025-10-01,P0021,23,202.4
2025-10-01,P0022,23,202.4
2025-10-01,P0023,23,101.2
2025-10-01,P0024,23,202.4
2025-10-01,P0025,23,202.4
2025-10-01,P0026,23,202.4
2025-10-01,P0027,23,202.4
2025-10-01,P0028,23,202.4
2025-10-01,P0029,23,202.4
2025-10-01,P0030,23,202.4
2025-10-01,P0034,23,202.4
2025-10-01,P0035,23,202.4
2025-10-01,P0036,23,202.4
2025-10-01,P0037,23,202.4
2025-10-01,P0038,23,202.4
2025-10-01,P0039,23,202.4
2025-10-01,P0040,23,202.4
2025-10-01,P0041,23,101.2
2025-10-01,P0042,23,202.4
2025-10-01,P0043,23,202.4
2025-10-01,P0044,23,202.4
2025-10-01,P0045,23,202.4
2025-10-01,P0046,23,202.4
2025-10-01,P0047,23,202.4
2025-10-01,P0048,23,202.4
2025-10-01,P0049,23,202.4
2025-10-01,P0050,23,202.4
2025-10-01,P0051,23,202.4
2025-10-01,P0053,23,202.4
2025-10-01,P0054,23,202.4
2025-10-01,P0056,23,202.4
2025-10-01,P0059,23,202.4
2025-10-01,P0060,23,202.4
2025-10-01,P0061,23,202.4
2025-10-01,P0063,23,202.4
2025-10-01,P0064,23,202.4
2025-10-01,P0065,23,202.4
2025-10-01,P0066,23,202.4
2025-10-01,P0067,23,202.4
2025-10-01,P0068,23,202.4
2025-10-01,P0069,23,202.4
2025-10-01,P0071,23,202.4
2025-10-01,P0072,23,202.4
2025-10-01,P0073,23,202.4
2025-10-01,P0074,23,202.4
2025-10-01,P0075,23,202.4
2025-10-01,P0076,23,202.4
2025-10-01,P0077,23,202.4
2025-10-01,P0079,23,202.4
2025-10-01,P0080,23,202.4
2025-10-01,P0081,23,101.2
2025-10-01,P0082,23,202.4
2025-10-01,P0085,23,202.4
2025-10-01,P0086,23,202.4
2025-10-01,P0087,23,202.4
2025-10-01,P0088,23,202.4
2025-10-01,P0089,23,202.4
2025-10-01,P0090,23,202.4
2025-10-01,P0091,23,202.4
2025-10-01,P0092,23,202.4
2025-10-01,P0093,23,202.4
2025-10-01,P0094,23,202.4
2025-10-01,P0095,23,202.4
2025-10-01,P0096,23,202.4
2025-10-01,P0097,23,101.2
2025-10-01,P0098,23,202.4
2025-10-01,P0099,23,202.4
2025-10-01,P0100,23,202.4
2025-10-01,P0101,23,202.4
2025-10-01,P0102,23,202.4
2025-10-01,P0103,23,202.4
2025-10-01,P0104,23,202.4
2025-10-01,P0105,23,202.4
2025-10-01,P0106,23,202.4
2025-10-01,P0107,23,202.4
2025-10-01,P0108,23,202.4
2025-10-01,P0109,23,202.4
2025-10-01,P0110,23,202.4
2025-10-01,P0111,23,202.4
2025-10-01,P0112,8,70.4
2025-10-01,P0113,23,202.4
2025-10-01,P0114,23,202.4
2025-10-01,P0116,23,202.4
2025-10-01,P0117,23,202.4
2025-10-01,P0118,23,202.4
2025-10-01,P0119,23,202.4
2025-10-01,P0120,23,101.2
2025-10-01,P0122,23,202.4
2025-10-01,P0123,23,202.4
2025-10-01,P0124,23,101.2
2025-10-01,P0125,23,202.4
2025-10-01,P0126,21,184.8
2025-10-01,P0127,23,202.4
2025-10-01,P0128,23,202.4
2025-10-01,P0129,23,202.4
2025-10-01,P0130,23,202.4
2025-10-01,P0131,23,202.4
2025-10-01,P0132,23,202.4
2025-10-01,P0133,23,202.4
2025-10-01,P0136,23,202.4
2025-10-01,P0137,23,202.4
2025-10-01,P0138,23,202.4
2025-10-01,P0139,23,202.4
2025-10-01,P0140,23,202.4
2025-10-01,P0141,23,202.4
2025-10-01,P0143,23,202.4
2025-10-01,P0144,23,202.4
2025-10-01,P0145,23,202.4
2025-10-01,P0146,23,202.4
2025-10-01,P0147,23,202.4
2025-10-01,P0148,23,202.4
2025-10-01,P0149,23,202.4
2025-10-01,P0151,23,202.4
2025-10-01,P0152,23,101.2
2025-10-01,P0154,23,202.4
2025-10-01,P0155,23,202.4
2025-10-01,P0156,23,202.4
2025-10-01,P0157,23,202.4
2025-10-01,P0158,23,202.4
2025-10-01,P0159,23,202.4
2025-10-01,P0160,23,202.4
2025-10-01,P0161,23,202.4
2025-10-01,P0162,23,202.4
2025-10-01,P0165,23,202.4
2025-10-01,P0166,23,202.4
2025-10-01,P0167,23,202.4
2025-10-01,P0168,23,202.4
2025-10-01,P0169,23,202.4
2025-10-01,P0170,23,202.4
2025-10-01,P0171,23,202.4
2025-10-01,P0172,23,202.4
2025-10-01,P0173,23,202.4
2025-10-01,P0174,23,202.4
2025-10-01,P0175,23,202.4
2025-10-01,P0176,23,202.4
2025-10-01,P0177,23,202.4
2025-10-01,P0178,23,202.4
2025-10-01,P0179,23,202.4
2025-10-01,P0180,23,202.4
2025-10-01,P0181,23,202.4
2025-10-01,P0182,23,202.4
2025-10-01,P0183,23,101.2
2025-10-01,P0184,23,202.4
2025-10-01,P0185,23,202.4
2025-10-01,P0186,23,202.4
2025-10-01,P0188,23,202.4
2025-10-01,P0189,23,202.4
2025-10-01,P0190,23,101.2
2025-10-01,P0192,23,101.2
2025-10-01,P0193,23,202.4
2025-10-01,P0194,23,202.4
2025-10-01,P0195,23,202.4
2025-10-01,P0196,23,202.4
2025-10-01,P0198,23,202.4
2025-10-01,P0199,23,202.4
2025-10-01,P0201,23,202.4
2025-10-01,P0202,23,202.4
2025-10-01,P0203,23,202.4
2025-10-01,P0204,23,202.4
2025-10-01,P0205,23,202.4
2025-10-01,P0206,23,202.4
2025-10-01,P0207,23,202.4
2025-10-01,P0208,23,202.4
2025-10-01,P0209,23,202.4
2025-10-01,P0210,23,202.4
2025-10-01,P0211,23,202.4
2025-10-01,P0212,23,202.4
2025-10-01,P0213,23,202.4
2025-10-01,P0214,23,202.4
2025-10-01,P0216,23,202.4
2025-10-01,P0217,23,202.4
2025-10-01,P0218,23,202.4
2025-10-01,P0219,23,202.4
2025-10-01,P0221,23,202.4
2025-10-01,P0222,23,202.4
2025-10-01,P0223,23,202.4
2025-10-01,P0224,23,202.4
2025-10-01,P0226,23,202.4
2025-10-01,P0227,23,202.4
2025-10-01,P0228,23,202.4
2025-10-01,P0229,23,202.4
2025-10-01,P0230,23,202.4
2025-10-01,P0235,23,202.4
2025-10-01,P0237,23,202.4
2025-10-01,P0238,23,202.4
2025-10-01,P0239,23,202.4
2025-10-01,P0240,23,202.4
2025-10-01,P0241,23,202.4
2025-10-01,P0242,23,202.4
2025-10-01,P0245,23,202.4
2025-10-01,P0246,23,202.4
2025-10-01,P0248,23,202.4
2025-10-01,P0251,23,202.4
2025-10-01,P0252,23,202.4
2025-10-01,P0253,23,202.4
2025-10-01,P0254,23,202.4
2025-10-01,P0255,23,202.4
2025-10-01,P0256,23,202.4
2025-10-01,P0257,23,202.4
2025-10-01,P0258,23,101.2
2025-10-01,P0259,23,202.4
2025-10-01,P0260,23,202.4
2025-10-01,P0261,23,202.4
2025-10-01,P0262,23,101.2
2025-10-01,P0263,23,202.4
2025-10-01,P0264,23,202.4
2025-10-01,P0265,23,202.4
2025-10-01,P0266,23,202.4
2025-10-01,P0267,23,202.4
2025-10-01,P0268,23,202.4
2025-10-01,P0269,23,202.4
2025-10-01,P0270,23,202.4
2025-10-01,P0271,23,202.4
2025-10-01,P0272,23,202.4
2025-10-01,P0273,23,202.4
2025-10-01,P0275,23,202.4
2025-10-01,P0276,23,101.2
2025-10-01,P0277,23,202.4
2025-10-01,P0278,23,202.4
2025-10-01,P0279,23,202.4
2025-10-01,P0281,23,202.4
2025-10-01,P0282,23,202.4
2025-10-01,P0283,23,101.2
2025-10-01,P0285,23,202.4
2025-10-01,P0287,23,202.4
2025-10-01,P0288,23,202.4
2025-10-01,P0289,23,202.4
2025-10-01,P0291,23,101.2
2025-10-01,P0292,10,88.0
2025-10-01,P0293,23,202.4
2025-10-01,P0294,23,202.4
2025-10-01,P0295,23,202.4
2025-10-01,P0296,23,202.4
2025-10-01,P0297,23,202.4
2025-10-01,P0298,23,202.4
2025-10-01,P0299,23,202.4
2025-10-01,P0300,23,202.4
2025-10-01,P0301,23,202.4
2025-10-01,P0302,23,202.4
2025-10-01,P0303,23,202.4
2025-10-01,P0304,23,202.4
2025-10-01,P0305,23,202.4
2025-10-01,P0306,23,202.4
2025-10-01,P0308,23,101.2
2025-10-01,P0309,23,202.4
2025-10-01,P0311,23,202.4
2025-10-01,P0313,23,202.4
2025-10-01,P0314,23,202.4
2025-10-01,P0315,23,202.4
2025-10-01,P0316,23,202.4
2025-10-01,P0317,23,202.4
2025-10-01,P0318,23,202.4
2025-10-01,P0319,23,202.4
2025-10-01,P0320,23,202.4
2025-10-01,P0321,23,202.4
2025-10-01,P0322,23,101.2
2025-10-01,P0323,23,101.2
2025-10-01,P0324,23,202.4
2025-10-01,P0325,23,202.4
2025-10-01,P0326,23,202.4
2025-10-01,P0327,23,101.2
2025-10-01,P0328,23,202.4
2025-10-01,P0329,23,202.4
2025-10-01,P0330,23,202.4
2025-10-01,P0331,23,202.4
2025-10-01,P0333,23,202.4
2025-10-01,P0335,23,202.4
2025-10-01,P0337,23,202.4
2025-10-01,P0339,23,202.4
2025-10-01,P0340,23,202.4
2025-10-01,P0342,23,101.2
2025-10-01,P0343,23,101.2
2025-10-01,P0344,23,202.4
2025-10-01,P0345,23,202.4
2025-10-01,P0347,23,202.4
2025-10-01,P0348,23,202.4
2025-10-01,P0349,23,202.4
2025-10-01,P0352,23,202.4
2025-10-01,P0353,23,202.4
2025-10-01,P0354,23,202.4
2025-10-01,P0356,23,202.4
2025-10-01,P0357,23,202.4
2025-10-01,P0358,23,202.4
2025-10-01,P0359,23,202.4
2025-10-01,P0360,23,202.4
2025-10-01,P0361,23,202.4
2025-10-01,P0363,23,101.2
2025-10-01,P0364,23,101.2
2025-10-01,P0365,23,202.4
2025-10-01,P0366,23,202.4
2025-10-01,P0367,23,202.4
2025-10-01,P0368,23,202.4
2025-10-01,P0369,23,202.4
2025-10-01,P0370,23,202.4
2025-10-01,P0371,23,202.4
2025-10-01,P0372,23,202.4
2025-10-01,P0373,23,202.4
2025-10-01,P0374,23,101.2
2025-10-01,P0375,23,101.2
2025-10-01,P0376,23,202.4
2025-10-01,P0377,23,202.4
2025-10-01,P0378,23,202.4
2025-10-01,P0379,23,202.4
2025-10-01,P0380,23,202.4
2025-10-01,P0382,23,202.4
2025-10-01,P0383,23,202.4
2025-10-01,P0384,23,202.4
2025-10-01,P0386,23,202.4
2025-10-01,P0388,23,202.4
2025-10-01,P0389,23,202.4
2025-10-01,P0390,23,101.2
2025-10-01,P0391,23,202.4
2025-10-01,P0392,23,202.4
2025-10-01,P0393,23,202.4
2025-10-01,P0394,23,202.4
2025-10-01,P0395,23,202.4
2025-10-01,P0396,23,202.4
2025-10-01,P0398,23,202.4
2025-10-01,P0399,23,202.4
2025-10-01,P0400,23,202.4
2025-10-01,P0401,23,202.4
2025-10-01,P0402,23,202.4
2025-10-01,P0403,23,202.4
2025-10-01,P0404,23,101.2
2025-10-01,P0405,23,202.4
2025-10-01,P0406,23,202.4
2025-10-01,P0407,23,202.4
2025-10-01,P0409,23,202.4
2025-10-01,P0410,23,202.4
2025-10-01,P0411,23,202.4
2025-10-01,P0412,23,202.4
2025-10-01,P0413,23,202.4
2025-10-01,P0414,23,202.4
2025-10-01,P0415,23,202.4
2025-10-01,P0416,23,202.4
2025-10-01,P0417,23,202.4
2025-10-01,P0418,23,202.4
2025-10-01,P0419,23,202.4
2025-10-01,P0420,23,202.4
2025-10-01,P0421,23,202.4
2025-10-01,P0422,23,202.4
2025-10-01,P0423,23,202.4
2025-10-01,P0425,23,202.4
2025-10-01,P0426,23,202.4
2025-10-01,P0427,23,202.4
2025-10-01,P0428,23,202.4
2025-10-01,P0429,23,202.4
2025-10-01,P0430,23,202.4
2025-10-01,P0431,23,202.4
2025-10-01,P0432,23,202.4
2025-10-01,P0433,23,101.2
2025-10-01,P0434,23,202.4
2025-10-01,P0435,23,202.4
2025-10-01,P0436,23,202.4
2025-10-01,P0437,23,202.4
2025-10-01,P0439,23,202.4
2025-10-01,P0440,23,202.4
2025-10-01,P0441,23,101.2
2025-10-01,P0442,23,202.4
2025-10-01,P0443,23,202.4
2025-10-01,P0444,23,202.4
2025-10-01,P0445,23,202.4
2025-10-01,P0448,23,202.4
2025-10-01,P0451,23,202.4
2025-10-01,P0454,23,202.4
2025-10-01,P0455,23,202.4
2025-10-01,P0456,23,202.4
2025-10-01,P0457,22,193.6
2025-10-01,P0458,18,158.4
2025-10-01,P0459,23,202.4
2025-10-01,P0460,23,202.4
2025-10-01,P0461,23,202.4
2025-10-01,P0463,23,202.4
2025-10-01,P0464,23,202.4
2025-10-01,P0465,23,202.4
2025-10-01,P0466,23,202.4
2025-10-01,P0467,23,202.4
2025-10-01,P0468,23,202.4
2025-10-01,P0469,23,202.4
2025-10-01,P0470,23,202.4
2025-10-01,P0471,23,202.4
2025-10-01,P0473,23,202.4
2025-10-01,P0474,23,202.4
2025-10-01,P0475,23,202.4
2025-10-01,P0476,23,202.4
2025-10-01,P0478,23,202.4
2025-10-01,P0479,23,202.4
2025-10-01,P0480,23,202.4
2025-10-01,P0481,23,202.4
2025-10-01,P0482,23,202.4
2025-10-01,P0483,23,202.4
2025-10-01,P0484,23,202.4
2025-10-01,P0485,23,202.4
2025-10-01,P0486,23,202.4
2025-10-01,P0487,23,101.2
2025-10-01,P0488,23,202.4
2025-10-01,P0489,23,202.4
2025-10-01,P0490,23,202.4
2025-10-01,P0491,23,202.4
2025-10-01,P0492,23,202.4
2025-10-01,P0493,23,101.2
2025-10-01,P0495,23,202.4
2025-10-01,P0496,23,202.4
2025-10-01,P0497,23,202.4
2025-10-01,P0499,23,202.4
2025-10-01,P0500,23,101.2
2025-10-01,P0501,23,202.4
2025-10-01,P0502,23,202.4
2025-10-01,P0503,23,202.4
2025-10-01,P0504,23,101.2
2025-10-01,P0505,23,202.4
2025-10-01,P0506,23,202.4
2025-10-01,P0507,23,202.4
2025-10-01,P0509,23,202.4
2025-10-01,P0510,23,202.4
2025-10-01,P0511,23,202.4
2025-10-01,P0513,23,202.4
2025-10-01,P0514,23,202.4
2025-10-01,P0515,23,202.4
2025-10-01,P0516,23,202.4
2025-10-01,P0517,23,202.4
2025-10-01,P0518,23,202.4
2025-10-01,P0519,23,101.2
2025-10-01,P0520,23,202.4
2025-10-01,P0522,23,202.4
2025-10-01,P0523,23,202.4
2025-10-01,P0524,23,202.4
2025-10-01,P0525,23,202.4
2025-10-01,P0526,23,101.2
2025-10-01,P0527,23,202.4
2025-10-01,P0529,23,202.4
2025-10-01,P0530,23,202.4
2025-10-01,P0532,23,202.4
2025-10-01,P0534,23,202.4
2025-10-01,P0535,23,202.4
2025-10-01,P0536,23,202.4
2025-10-01,P0537,23,202.4
2025-10-01,P0539,23,202.4
2025-10-01,P0540,23,202.4
2025-10-01,P0541,23,202.4
2025-10-01,P0542,23,202.4
2025-10-01,P0543,23,202.4
2025-10-01,P0544,23,202.4
2025-10-01,P0545,23,202.4
2025-10-01,P0546,23,202.4
2025-10-01,P0547,23,101.2
2025-10-01,P0549,23,202.4
2025-10-01,P0550,23,202.4
2025-10-01,P0551,23,202.4
2025-10-01,P0552,23,101.2
2025-10-01,P0553,23,202.4
2025-10-01,P0555,23,202.4
2025-10-01,P0556,23,202.4
2025-10-01,P0557,23,202.4
2025-10-01,P0558,23,202.4
2025-10-01,P0559,23,101.2
2025-10-01,P0560,23,202.4
2025-10-01,P0561,23,202.4
2025-10-01,P0562,23,202.4
2025-10-01,P0563,23,202.4
2025-10-01,P0564,23,202.4
2025-10-01,P0566,23,202.4
2025-10-01,P0567,23,202.4
2025-10-01,P0568,23,202.4
2025-10-01,P0569,23,202.4
2025-10-01,P0570,23,202.4
2025-10-01,P0571,23,202.4
2025-10-01,P0573,22,193.6
2025-10-01,P0574,23,202.4
2025-10-01,P0575,23,202.4
2025-10-01,P0576,23,202.4
2025-10-01,P0577,23,202.4
2025-10-01,P0579,23,202.4
2025-10-01,P0580,23,202.4
2025-10-01,P0581,23,202.4
2025-10-01,P0582,23,202.4
2025-10-01,P0583,23,202.4
2025-10-01,P0584,23,202.4
2025-10-01,P0585,23,202.4
2025-10-01,P0587,23,202.4
2025-10-01,P0588,23,202.4
2025-10-01,P0589,23,202.4
2025-10-01,P0590,23,101.2
2025-10-01,P0591,23,202.4
2025-10-01,P0593,23,202.4
2025-10-01,P0595,23,202.4
2025-10-01,P0596,23,202.4
2025-10-01,P0597,23,202.4
2025-10-01,P0598,23,202.4
2025-10-01,P0599,23,202.4
2025-10-01,P0600,23,202.4
2025-10-01,P0601,23,101.2
2025-10-01,P0602,23,202.4
2025-10-01,P0603,23,202.4
2025-10-01,P0604,23,202.4
2025-10-01,P0606,23,202.4
2025-10-01,P0607,23,202.4
2025-10-01,P0608,23,202.4
2025-10-01,P0609,23,202.4
2025-10-01,P0610,23,202.4
2025-10-01,P0612,23,202.4
2025-10-01,P0613,23,101.2
2025-10-01,P0615,23,202.4
2025-10-01,P0616,23,202.4
2025-10-01,P0617,23,202.4
2025-10-01,P0619,23,202.4
2025-10-01,P0620,23,202.4
2025-10-01,P0621,23,202.4
2025-10-01,P0622,23,101.2
2025-10-01,P0623,23,202.4
2025-10-01,P0624,23,202.4
2025-10-01,P0625,23,202.4
2025-10-01,P0626,23,202.4
2025-10-01,P0627,23,101.2
2025-10-01,P0628,23,202.4
2025-10-01,P0630,23,202.4
2025-10-01,P0631,23,202.4
2025-10-01,P0632,23,202.4
2025-10-01,P0634,23,202.4
2025-10-01,P0635,23,202.4
2025-10-01,P0636,23,101.2
2025-10-01,P0637,23,202.4
2025-10-01,P0638,23,202.4
2025-10-01,P0639,23,202.4
2025-10-01,P0640,23,101.2
2025-10-01,P0641,23,202.4
2025-10-01,P0642,23,202.4
2025-10-01,P0643,23,202.4
2025-10-01,P0644,23,202.4
2025-10-01,P0646,23,202.4
2025-10-01,P0647,23,202.4
2025-10-01,P0648,23,202.4
2025-10-01,P0649,23,202.4
2025-10-01,P0650,23,101.2
2025-10-01,P0651,23,202.4
2025-10-01,P0652,23,202.4
2025-10-01,P0653,23,202.4
2025-10-01,P0655,23,202.4
2025-10-01,P0656,23,202.4
2025-10-01,P0657,23,202.4
2025-10-01,P0658,23,202.4
2025-10-01,P0659,23,202.4
2025-10-01,P0661,23,202.4
2025-10-01,P0662,23,202.4
2025-10-01,P0664,23,202.4
2025-10-01,P0665,23,202.4
2025-10-01,P0666,23,202.4
2025-10-01,P0667,23,202.4
2025-10-01,P0669,23,202.4
2025-10-01,P0671,23,202.4
2025-10-01,P0673,23,202.4
2025-10-01,P0674,23,202.4
2025-10-01,P0675,23,202.4
2025-10-01,P0676,23,202.4
2025-10-01,P0678,23,101.2
2025-10-01,P0679,23,202.4
2025-10-01,P0680,23,202.4
2025-10-01,P0681,23,202.4
2025-10-01,P0682,23,202.4
2025-10-01,P0683,23,202.4
2025-10-01,P0684,23,202.4
2025-10-01,P0685,23,101.2
2025-10-01,P0686,23,202.4
2025-10-01,P0687,23,202.4
2025-10-01,P0688,23,202.4
2025-10-01,P0689,23,202.4
2025-10-01,P0690,23,202.4
2025-10-01,P0691,23,202.4
2025-10-01,P0692,23,202.4
2025-10-01,P0693,23,202.4
2025-10-01,P0694,23,202.4
2025-10-01,P0695,23,202.4
2025-10-01,P0696,23,202.4
2025-10-01,P0697,23,202.4
2025-10-01,P0698,23,202.4
2025-10-01,P0699,23,202.4
2025-10-01,P0700,23,202.4
2025-10-01,P0701,23,202.4
2025-10-01,P0702,23,202.4
2025-10-01,P0703,23,202.4
2025-10-01,P0704,23,202.4
2025-10-01,P0705,23,202.4
2025-10-01,P0706,23,202.4
2025-10-01,P0707,21,184.8
2025-10-01,P0708,20,176.0
2025-10-01,P0709,17,149.6
2025-10-01,P0710,16,70.4
2025-10-01,P0711,15,132.0
2025-10-01,P0712,9,79.2
2025-10-01,P0713,7,61.6
2025-11-01,P0001,20,176.0
2025-11-01,P0003,20,176.0
2025-11-01,P0004,20,176.0
2025-11-01,P0005,20,176.0
2025-11-01,P0006,20,176.0
2025-11-01,P0007,20,176.0
2025-11-01,P0008,20,88.0
2025-11-01,P0011,20,176.0
2025-11-01,P0012,20,176.0
2025-11-01,P0013,20,176.0
2025-11-01,P0014,20,176.0
2025-11-01,P0015,20,176.0
2025-11-01,P0016,20,176.0
2025-11-01,P0018,20,176.0
2025-11-01,P0019,20,176.0
2025-11-01,P0020,20,176.0
2025-11-01,P0021,20,176.0
2025-11-01,P0022,20,176.0
2025-11-01,P0023,20,88.0
2025-11-01,P0024,20,176.0
2025-11-01,P0025,20,176.0
2025-11-01,P0026,20,176.0
2025-11-01,P0027,20,176.0
2025-11-01,P0028,20,176.0
2025-11-01,P0029,20,176.0
2025-11-01,P0030,20,176.0
2025-11-01,P0034,20,176.0
2025-11-01,P0035,20,176.0
2025-11-01,P0036,20,176.0
2025-11-01,P0037,20,176.0
2025-11-01,P0038,20,176.0
2025-11-01,P0039,20,176.0
2025-11-01,P0040,20,176.0
2025-11-01,P0041,20,88.0
2025-11-01,P0042,20,176.0
2025-11-01,P0043,20,176.0
2025-11-01,P0044,20,176.0
2025-11-01,P0045,20,176.0
2025-11-01,P0046,20,176.0
2025-11-01,P0047,20,176.0
2025-11-01,P0048,20,176.0
2025-11-01,P0049,20,176.0
2025-11-01,P0050,20,176.0
2025-11-01,P0051,20,176.0
2025-11-01,P0053,20,176.0
2025-11-01,P0054,20,176.0
2025-11-01,P0056,20,176.0
2025-11-01,P0059,20,176.0
2025-11-01,P0060,20,176.0
2025-11-01,P0061,20,176.0
2025-11-01,P0063,20,176.0
2025-11-01,P0064,20,176.0
2025-11-01,P0065,20,176.0
2025-11-01,P0066,20,176.0
2025-11-01,P0067,20,176.0
2025-11-01,P0068,20,176.0
2025-11-01,P0069,20,176.0
2025-11-01,P0071,20,176.0
2025-11-01,P0072,20,176.0
2025-11-01,P0073,20,176.0
2025-11-01,P0074,20,176.0
2025-11-01,P0075,20,176.0
2025-11-01,P0076,20,176.0
2025-11-01,P0077,20,176.0
2025-11-01,P0079,20,176.0
2025-11-01,P0080,20,176.0
2025-11-01,P0081,20,88.0
2025-11-01,P0082,20,176.0
2025-11-01,P0085,20,176.0
2025-11-01,P0086,20,176.0
2025-11-01,P0087,20,176.0
2025-11-01,P0088,20,176.0
2025-11-01,P0089,20,176.0
2025-11-01,P0090,20,176.0
2025-11-01,P0091,20,176.0
2025-11-01,P0092,20,176.0
2025-11-01,P0093,20,176.0
2025-11-01,P0094,20,176.0
2025-11-01,P0095,20,176.0
2025-11-01,P0096,20,176.0
2025-11-01,P0097,20,88.0
2025-11-01,P0098,20,176.0
2025-11-01,P0099,20,176.0
2025-11-01,P0100,20,176.0
2025-11-01,P0101,20,176.0
2025-11-01,P0102,20,176.0
2025-11-01,P0103,20,176.0
2025-11-01,P0104,20,176.0
2025-11-01,P0105,20,176.0
2025-11-01,P0106,20,176.0
2025-11-01,P0107,20,176.0
2025-11-01,P0108,20,176.0
2025-11-01,P0109,20,176.0
2025-11-01,P0110,20,176.0
2025-11-01,P0111,20,176.0
2025-11-01,P0113,20,176.0
2025-11-01,P0114,20,176.0
2025-11-01,P0116,20,176.0
2025-11-01,P0117,20,176.0
2025-11-01,P0118,20,176.0
2025-11-01,P0119,20,176.0
2025-11-01,P0120,20,88.0
2025-11-01,P0122,20,176.0
2025-11-01,P0123,20,176.0
2025-11-01,P0124,20,88.0
2025-11-01,P0125,20,176.0
2025-11-01,P0127,20,176.0
2025-11-01,P0128,20,176.0
2025-11-01,P0129,20,176.0
2025-11-01,P0130,20,176.0
2025-11-01,P0131,20,176.0
2025-11-01,P0132,20,176.0
2025-11-01,P0133,20,176.0
2025-11-01,P0136,20,176.0
2025-11-01,P0137,20,176.0
2025-11-01,P0138,20,176.0
2025-11-01,P0139,20,176.0
2025-11-01,P0140,20,176.0
2025-11-01,P0141,20,176.0
2025-11-01,P0143,20,176.0
2025-11-01,P0144,20,176.0
2025-11-01,P0145,20,176.0
2025-11-01,P0146,20,176.0
2025-11-01,P0147,20,176.0
2025-11-01,P0148,20,176.0
2025-11-01,P0149,20,176.0
2025-11-01,P0151,20,176.0
2025-11-01,P0152,20,88.0
2025-11-01,P0154,20,176.0
2025-11-01,P0155,20,176.0
2025-11-01,P0156,20,176.0
2025-11-01,P0157,20,176.0
2025-11-01,P0158,20,176.0
2025-11-01,P0159,20,176.0
2025-11-01,P0160,20,176.0
2025-11-01,P0161,20,176.0
2025-11-01,P0162,20,176.0
2025-11-01,P0165,20,176.0
2025-11-01,P0166,20,176.0
2025-11-01,P0167,20,176.0
2025-11-01,P0168,20,176.0
2025-11-01,P0169,20,176.0
2025-11-01,P0170,20,176.0
2025-11-01,P0171,20,176.0
2025-11-01,P0172,20,176.0
2025-11-01,P0173,20,176.0
2025-11-01,P0174,20,176.0
2025-11-01,P0175,20,176.0
2025-11-01,P0176,20,176.0
2025-11-01,P0177,20,176.0
2025-11-01,P0178,20,176.0
2025-11-01,P0179,20,176.0
2025-11-01,P0180,20,176.0
2025-11-01,P0181,20,176.0
2025-11-01,P0182,20,176.0
2025-11-01,P0183,20,88.0
2025-11-01,P0184,20,176.0
2025-11-01,P0185,20,176.0
2025-11-01,P0186,20,176.0
2025-11-01,P0188,20,176.0
2025-11-01,P0189,20,176.0
2025-11-01,P0190,20,88.0
2025-11-01,P0192,20,88.0
2025-11-01,P0193,20,176.0
2025-11-01,P0194,20,176.0
2025-11-01,P0195,20,176.0
2025-11-01,P0196,20,176.0
2025-11-01,P0198,20,176.0
2025-11-01,P0199,20,176.0
2025-11-01,P0201,20,176.0
2025-11-01,P0202,20,176.0
2025-11-01,P0203,20,176.0
2025-11-01,P0204,20,176.0
2025-11-01,P0205,20,176.0
2025-11-01,P0206,20,176.0
2025-11-01,P0207,5,44.0
2025-11-01,P0208,20,176.0
2025-11-01,P0209,20,176.0
2025-11-01,P0210,20,176.0
2025-11-01,P0211,20,176.0
2025-11-01,P0212,20,176.0
2025-11-01,P0213,20,176.0
2025-11-01,P0214,20,176.0
2025-11-01,P0216,20,176.0
2025-11-01,P0217,20,176.0
2025-11-01,P0218,20,176.0
2025-11-01,P0219,20,176.0
2025-11-01,P0221,20,176.0
2025-11-01,P0222,20,176.0
2025-11-01,P0223,20,176.0
2025-11-01,P0224,20,176.0
2025-11-01,P0226,20,176.0
2025-11-01,P0227,20,176.0
2025-11-01,P0228,1,8.8
2025-11-01,P0229,20,176.0
2025-11-01,P0230,20,176.0
2025-11-01,P0235,20,176.0
2025-11-01,P0237,20,176.0
2025-11-01,P0238,20,176.0
2025-11-01,P0239,20,176.0
2025-11-01,P0240,20,176.0
2025-11-01,P0241,20,176.0
2025-11-01,P0242,20,176.0
2025-11-01,P0245,20,176.0
2025-11-01,P0246,20,176.0
2025-11-01,P0248,20,176.0
2025-11-01,P0251,20,176.0
2025-11-01,P0252,20,176.0
2025-11-01,P0253,20,176.0
2025-11-01,P0254,20,176.0
2025-11-01,P0255,20,176.0
2025-11-01,P0256,20,176.0
2025-11-01,P0257,20,176.0
2025-11-01,P0258,20,88.0
2025-11-01,P0259,16,140.8
2025-11-01,P0260,20,176.0
2025-11-01,P0261,20,176.0
2025-11-01,P0262,20,88.0
2025-11-01,P0263,20,176.0
2025-11-01,P0264,20,176.0
2025-11-01,P0265,20,176.0
2025-11-01,P0266,20,176.0
2025-11-01,P0267,20,176.0
2025-11-01,P0268,20,176.0
2025-11-01,P0269,20,176.0
2025-11-01,P0270,20,176.0
2025-11-01,P0271,20,176.0
2025-11-01,P0272,20,176.0
2025-11-01,P0273,20,176.0
2025-11-01,P0275,20,176.0
2025-11-01,P0276,20,88.0
2025-11-01,P0277,20,176.0
2025-11-01,P0278,20,176.0
2025-11-01,P0279,20,176.0
2025-11-01,P0281,20,176.0
2025-11-01,P0282,20,176.0
2025-11-01,P0283,20,88.0
2025-11-01,P0285,20,176.0
2025-11-01,P0287,20,176.0
2025-11-01,P0288,20,176.0
2025-11-01,P0289,20,176.0
2025-11-01,P0291,20,88.0
2025-11-01,P0293,7,61.6
2025-11-01,P0294,20,176.0
2025-11-01,P0295,20,176.0
2025-11-01,P0296,20,176.0
2025-11-01,P0297,20,176.0
2025-11-01,P0298,20,176.0
2025-11-01,P0299,20,176.0
2025-11-01,P0300,20,176.0
2025-11-01,P0301,20,176.0
2025-11-01,P0302,20,176.0
2025-11-01,P0303,20,176.0
2025-11-01,P0304,20,176.0
2025-11-01,P0305,20,176.0
2025-11-01,P0306,20,176.0
2025-11-01,P0308,20,88.0
2025-11-01,P0309,20,176.0
2025-11-01,P0311,20,176.0
2025-11-01,P0313,20,176.0
2025-11-01,P0314,20,176.0
2025-11-01,P0315,20,176.0
2025-11-01,P0316,20,176.0
2025-11-01,P0317,20,176.0
2025-11-01,P0318,20,176.0
2025-11-01,P0319,20,176.0
2025-11-01,P0320,20,176.0
2025-11-01,P0321,20,176.0
2025-11-01,P0322,20,88.0
2025-11-01,P0323,20,88.0
2025-11-01,P0324,20,176.0
2025-11-01,P0325,20,176.0
2025-11-01,P0326,20,176.0
2025-11-01,P0327,20,88.0
2025-11-01,P0328,6,52.8
2025-11-01,P0329,20,176.0
2025-11-01,P0330,20,176.0
2025-11-01,P0331,20,176.0
2025-11-01,P0333,20,176.0
2025-11-01,P0335,20,176.0
2025-11-01,P0337,20,176.0
2025-11-01,P0339,20,176.0
2025-11-01,P0340,20,176.0
2025-11-01,P0342,20,88.0
2025-11-01,P0343,20,88.0
2025-11-01,P0344,20,176.0
2025-11-01,P0345,20,176.0
2025-11-01,P0347,20,176.0
2025-11-01,P0348,20,176.0
2025-11-01,P0349,20,176.0
2025-11-01,P0352,20,176.0
2025-11-01,P0353,20,176.0
2025-11-01,P0354,20,176.0
2025-11-01,P0356,20,176.0
2025-11-01,P0357,20,176.0
2025-11-01,P0358,20,176.0
2025-11-01,P0359,20,176.0
2025-11-01,P0360,20,176.0
2025-11-01,P0361,20,176.0
2025-11-01,P0363,20,88.0
2025-11-01,P0364,20,88.0
2025-11-01,P0365,20,176.0
2025-11-01,P0366,20,176.0
2025-11-01,P0367,20,176.0
2025-11-01,P0368,20,176.0
2025-11-01,P0369,20,176.0
2025-11-01,P0370,20,176.0
2025-11-01,P0371,20,176.0
2025-11-01,P0372,20,176.0
2025-11-01,P0373,20,176.0
2025-11-01,P0374,20,88.0
2025-11-01,P0375,20,88.0
2025-11-01,P0376,20,176.0
2025-11-01,P0377,20,176.0
2025-11-01,P0378,20,176.0
2025-11-01,P0379,20,176.0
2025-11-01,P0380,20,176.0
2025-11-01,P0382,20,176.0
2025-11-01,P0383,20,176.0
2025-11-01,P0384,20,176.0
2025-11-01,P0386,20,176.0
2025-11-01,P0388,20,176.0
2025-11-01,P0389,20,176.0
2025-11-01,P0390,20,88.0
2025-11-01,P0391,20,176.0
2025-11-01,P0392,20,176.0
2025-11-01,P0393,20,176.0
2025-11-01,P0394,20,176.0
2025-11-01,P0395,20,176.0
2025-11-01,P0396,20,176.0
2025-11-01,P0398,20,176.0
2025-11-01,P0399,20,176.0
2025-11-01,P0400,20,176.0
2025-11-01,P0401,20,176.0
2025-11-01,P0402,20,176.0
2025-11-01,P0403,20,176.0
2025-11-01,P0404,20,88.0
2025-11-01,P0405,20,176.0
2025-11-01,P0406,20,176.0
2025-11-01,P0407,20,176.0
2025-11-01,P0409,20,176.0
2025-11-01,P0410,20,176.0
2025-11-01,P0411,20,176.0
2025-11-01,P0412,20,176.0
2025-11-01,P0413,20,176.0
2025-11-01,P0414,20,176.0
2025-11-01,P0415,20,176.0
2025-11-01,P0416,20,176.0
2025-11-01,P0417,20,176.0
2025-11-01,P0418,20,176.0
2025-11-01,P0419,20,176.0
2025-11-01,P0420,20,176.0
2025-11-01,P0421,20,176.0
2025-11-01,P0422,20,176.0
2025-11-01,P0423,20,176.0
2025-11-01,P0425,20,176.0
2025-11-01,P0426,20,176.0
2025-11-01,P0427,20,176.0
2025-11-01,P0428,20,176.0
2025-11-01,P0429,20,176.0
2025-11-01,P0430,20,176.0
2025-11-01,P0431,20,176.0
2025-11-01,P0432,20,176.0
2025-11-01,P0433,20,88.0
2025-11-01,P0434,20,176.0
2025-11-01,P0435,20,176.0
2025-11-01,P0436,20,176.0
2025-11-01,P0437,20,176.0
2025-11-01,P0439,20,176.0
2025-11-01,P0440,20,176.0
2025-11-01,P0441,20,88.0
2025-11-01,P0442,20,176.0
2025-11-01,P0443,20,176.0
2025-11-01,P0444,20,176.0
2025-11-01,P0445,20,176.0
2025-11-01,P0448,20,176.0
2025-11-01,P0451,20,176.0
2025-11-01,P0454,20,176.0
2025-11-01,P0455,20,176.0
2025-11-01,P0456,20,176.0
2025-11-01,P0459,20,176.0
2025-11-01,P0460,20,176.0
2025-11-01,P0461,20,176.0
2025-11-01,P0463,20,176.0
2025-11-01,P0464,20,176.0
2025-11-01,P0465,20,176.0
2025-11-01,P0466,20,176.0
2025-11-01,P0467,20,176.0
2025-11-01,P0468,20,176.0
2025-11-01,P0470,20,176.0
2025-11-01,P0471,20,176.0
2025-11-01,P0473,20,176.0
2025-11-01,P0474,20,176.0
2025-11-01,P0475,20,176.0
2025-11-01,P0476,20,176.0
2025-11-01,P0478,20,176.0
2025-11-01,P0479,20,176.0
2025-11-01,P0480,20,176.0
2025-11-01,P0481,20,176.0
2025-11-01,P0482,20,176.0
2025-11-01,P0483,20,176.0
2025-11-01,P0484,20,176.0
2025-11-01,P0485,20,176.0
2025-11-01,P0486,20,176.0
2025-11-01,P0487,20,88.0
2025-11-01,P0488,20,176.0
2025-11-01,P0489,20,176.0
2025-11-01,P0490,20,176.0
2025-11-01,P0491,20,176.0
2025-11-01,P0492,20,176.0
2025-11-01,P0493,20,88.0
2025-11-01,P0495,20,176.0
2025-11-01,P0496,20,176.0
2025-11-01,P0497,20,176.0
2025-11-01,P0499,20,176.0
2025-11-01,P0500,20,88.0
2025-11-01,P0501,20,176.0
2025-11-01,P0502,20,176.0
2025-11-01,P0503,20,176.0
2025-11-01,P0504,20,88.0
2025-11-01,P0505,20,176.0
2025-11-01,P0506,20,176.0
2025-11-01,P0507,20,176.0
2025-11-01,P0509,20,176.0
2025-11-01,P0510,20,176.0
2025-11-01,P0511,20,176.0
2025-11-01,P0513,20,176.0
2025-11-01,P0514,20,176.0
2025-11-01,P0515,20,176.0
2025-11-01,P0516,20,176.0
2025-11-01,P0517,20,176.0
2025-11-01,P0518,20,176.0
2025-11-01,P0519,20,88.0
2025-11-01,P0520,20,176.0
2025-11-01,P0522,20,176.0
2025-11-01,P0523,20,176.0
2025-11-01,P0524,20,176.0
2025-11-01,P0525,10,88.0
2025-11-01,P0526,20,88.0
2025-11-01,P0527,20,176.0
2025-11-01,P0529,20,176.0
2025-11-01,P0530,20,176.0
2025-11-01,P0532,20,176.0
2025-11-01,P0534,20,176.0
2025-11-01,P0535,20,176.0
2025-11-01,P0536,19,167.2
2025-11-01,P0537,20,176.0
2025-11-01,P0539,20,176.0
2025-11-01,P0540,20,176.0
2025-11-01,P0541,20,176.0
2025-11-01,P0542,20,176.0
2025-11-01,P0543,20,176.0
2025-11-01,P0544,20,176.0
2025-11-01,P0545,20,176.0
2025-11-01,P0546,20,176.0
2025-11-01,P0547,20,88.0
2025-11-01,P0549,20,176.0
2025-11-01,P0550,20,176.0
2025-11-01,P0551,20,176.0
2025-11-01,P0552,20,88.0
2025-11-01,P0553,20,176.0
2025-11-01,P0555,20,176.0
2025-11-01,P0556,20,176.0
2025-11-01,P0557,20,176.0
2025-11-01,P0558,20,176.0
2025-11-01,P0559,20,88.0
2025-11-01,P0560,20,176.0
2025-11-01,P0561,20,176.0
2025-11-01,P0562,20,176.0
2025-11-01,P0563,20,176.0
2025-11-01,P0564,20,176.0
2025-11-01,P0566,20,176.0
2025-11-01,P0567,20,176.0
2025-11-01,P0568,20,176.0
2025-11-01,P0569,20,176.0
2025-11-01,P0570,20,176.0
2025-11-01,P0571,20,176.0
2025-11-01,P0574,20,176.0
2025-11-01,P0575,20,176.0
2025-11-01,P0576,20,176.0
2025-11-01,P0577,5,44.0
2025-11-01,P0579,20,176.0
2025-11-01,P0580,20,176.0
2025-11-01,P0581,20,176.0
2025-11-01,P0582,20,176.0
2025-11-01,P0583,20,176.0
2025-11-01,P0584,20,176.0
2025-11-01,P0585,20,176.0
2025-11-01,P0587,20,176.0
2025-11-01,P0588,20,176.0
2025-11-01,P0589,20,176.0
2025-11-01,P0590,20,88.0
2025-11-01,P0591,20,176.0
2025-11-01,P0593,20,176.0
2025-11-01,P0595,20,176.0
2025-11-01,P0596,20,176.0
2025-11-01,P0597,20,176.0
2025-11-01,P0598,20,176.0
2025-11-01,P0599,20,176.0
2025-11-01,P0600,20,176.0
2025-11-01,P0601,20,88.0
2025-11-01,P0602,20,176.0
2025-11-01,P0603,20,176.0
2025-11-01,P0604,20,176.0
2025-11-01,P0606,20,176.0
2025-11-01,P0607,20,176.0
2025-11-01,P0608,20,176.0
2025-11-01,P0609,20,176.0
2025-11-01,P0610,20,176.0
2025-11-01,P0612,20,176.0
2025-11-01,P0613,20,88.0
2025-11-01,P0615,20,176.0
2025-11-01,P0616,20,176.0
2025-11-01,P0617,20,176.0
2025-11-01,P0619,20,176.0
2025-11-01,P0620,20,176.0
2025-11-01,P0621,20,176.0
2025-11-01,P0622,20,88.0
2025-11-01,P0623,20,176.0
2025-11-01,P0624,20,176.0
2025-11-01,P0625,20,176.0
2025-11-01,P0626,20,176.0
2025-11-01,P0627,20,88.0
2025-11-01,P0628,20,176.0
2025-11-01,P0630,20,176.0
2025-11-01,P0631,20,176.0
2025-11-01,P0632,20,176.0
2025-11-01,P0634,20,176.0
2025-11-01,P0635,20,176.0
2025-11-01,P0636,20,88.0
2025-11-01,P0637,20,176.0
2025-11-01,P0638,20,176.0
2025-11-01,P0639,20,176.0
2025-11-01,P0640,20,88.0
2025-11-01,P0641,20,176.0
2025-11-01,P0642,20,176.0
2025-11-01,P0643,20,176.0
2025-11-01,P0644,20,176.0
2025-11-01,P0646,20,176.0
2025-11-01,P0647,20,176.0
2025-11-01,P0648,20,176.0
2025-11-01,P0649,20,176.0
2025-11-01,P0650,20,88.0
2025-11-01,P0651,20,176.0
2025-11-01,P0652,20,176.0
2025-11-01,P0653,20,176.0
2025-11-01,P0655,20,176.0
2025-11-01,P0656,20,176.0
2025-11-01,P0657,20,176.0
2025-11-01,P0658,20,176.0
2025-11-01,P0659,20,176.0
2025-11-01,P0661,20,176.0
2025-11-01,P0662,20,176.0
2025-11-01,P0664,20,176.0
2025-11-01,P0665,20,176.0
2025-11-01,P0666,20,176.0
2025-11-01,P0667,20,176.0
2025-11-01,P0669,20,176.0
2025-11-01,P0671,20,176.0
2025-11-01,P0673,20,176.0
2025-11-01,P0674,20,176.0
2025-11-01,P0675,20,176.0
2025-11-01,P0676,20,176.0
2025-11-01,P0678,20,88.0
2025-11-01,P0679,20,176.0
2025-11-01,P0680,20,176.0
2025-11-01,P0681,20,176.0
2025-11-01,P0682,20,176.0
2025-11-01,P0683,20,176.0
2025-11-01,P0684,20,176.0
2025-11-01,P0685,20,88.0
2025-11-01,P0686,20,176.0
2025-11-01,P0687,20,176.0
2025-11-01,P0688,20,176.0
2025-11-01,P0689,20,176.0
2025-11-01,P0690,20,176.0
2025-11-01,P0691,20,176.0
2025-11-01,P0692,20,176.0
2025-11-01,P0693,20,176.0
2025-11-01,P0694,20,176.0
2025-11-01,P0695,20,176.0
2025-11-01,P0696,20,176.0
2025-11-01,P0697,20,176.0
2025-11-01,P0698,20,176.0
2025-11-01,P0699,20,176.0
2025-11-01,P0700,20,176.0
2025-11-01,P0701,20,176.0
2025-11-01,P0702,20,176.0
2025-11-01,P0703,20,176.0
2025-11-01,P0704,20,176.0
2025-11-01,P0705,20,176.0
2025-11-01,P0706,20,176.0
2025-11-01,P0707,20,176.0
2025-11-01,P0708,20,176.0
2025-11-01,P0709,20,176.0
2025-11-01,P0710,20,88.0
2025-11-01,P0711,7,61.6
2025-11-01,P0712,20,176.0
2025-11-01,P0713,20,176.0
2025-11-01,P0714,20,176.0
2025-11-01,P0715,14,123.2
2025-11-01,P0716,13,114.4
2025-11-01,P0717,10,88.0
2025-11-01,P0718,5,44.0
2025-11-01,P0719,1,8.8
2025-12-01,P0001,18,158.4
2025-12-01,P0003,23,202.4
2025-12-01,P0004,23,202.4
2025-12-01,P0005,23,202.4
2025-12-01,P0006,23,202.4
2025-12-01,P0007,23,202.4
2025-12-01,P0008,23,101.2
2025-12-01,P0011,23,202.4
2025-12-01,P0012,23,202.4
2025-12-01,P0013,23,202.4
2025-12-01,P0014,23,202.4
2025-12-01,P0015,23,202.4
2025-12-01,P0016,23,202.4
2025-12-01,P0018,23,202.4
2025-12-01,P0019,23,202.4
2025-12-01,P0020,23,202.4
2025-12-01,P0021,23,202.4
2025-12-01,P0022,23,202.4
2025-12-01,P0023,23,101.2
2025-12-01,P0024,23,202.4
2025-12-01,P0025,23,202.4
2025-12-01,P0026,23,202.4
2025-12-01,P0027,23,202.4
2025-12-01,P0028,23,202.4
2025-12-01,P0029,23,202.4
2025-12-01,P0030,23,202.4
2025-12-01,P0034,23,202.4
2025-12-01,P0035,23,202.4
2025-12-01,P0036,23,202.4
2025-12-01,P0037,23,202.4
2025-12-01,P0038,23,202.4
2025-12-01,P0039,23,202.4
2025-12-01,P0040,23,202.4
2025-12-01,P0041,23,101.2
2025-12-01,P0042,23,202.4
2025-12-01,P0043,23,202.4
2025-12-01,P0044,23,202.4
2025-12-01,P0045,23,202.4
2025-12-01,P0046,23,202.4
2025-12-01,P0047,23,202.4
2025-12-01,P0048,23,202.4
2025-12-01,P0049,23,202.4
2025-12-01,P0050,23,202.4
2025-12-01,P0051,23,202.4
2025-12-01,P0053,23,202.4
2025-12-01,P0054,23,202.4
2025-12-01,P0056,23,202.4
2025-12-01,P0059,23,202.4
2025-12-01,P0060,23,202.4
2025-12-01,P0061,23,202.4
2025-12-01,P0063,23,202.4
2025-12-01,P0064,23,202.4
2025-12-01,P0065,23,202.4
2025-12-01,P0066,23,202.4
2025-12-01,P0067,23,202.4
2025-12-01,P0068,23,202.4
2025-12-01,P0069,23,202.4
2025-12-01,P0071,23,202.4
2025-12-01,P0072,23,202.4
2025-12-01,P0073,23,202.4
2025-12-01,P0074,23,202.4
2025-12-01,P0075,23,202.4
2025-12-01,P0076,23,202.4
2025-12-01,P0077,23,202.4
2025-12-01,P0079,23,202.4
2025-12-01,P0080,23,202.4
2025-12-01,P0081,23,101.2
2025-12-01,P0082,23,202.4
2025-12-01,P0085,23,202.4
2025-12-01,P0086,23,202.4
2025-12-01,P0087,23,202.4
2025-12-01,P0088,6,52.8
2025-12-01,P0089,23,202.4
2025-12-01,P0090,23,202.4
2025-12-01,P0091,23,202.4
2025-12-01,P0092,23,202.4
2025-12-01,P0093,23,202.4
2025-12-01,P0094,23,202.4
2025-12-01,P0095,23,202.4
2025-12-01,P0096,23,202.4
2025-12-01,P0097,23,101.2
2025-12-01,P0098,23,202.4
2025-12-01,P0099,23,202.4
2025-12-01,P0100,23,202.4
2025-12-01,P0101,23,202.4
2025-12-01,P0102,23,202.4
2025-12-01,P0103,23,202.4
2025-12-01,P0104,23,202.4
2025-12-01,P0105,23,202.4
2025-12-01,P0106,23,202.4
2025-12-01,P0107,23,202.4
2025-12-01,P0108,23,202.4
2025-12-01,P0109,23,202.4
2025-12-01,P0110,23,202.4
2025-12-01,P0111,23,202.4
2025-12-01,P0113,23,202.4
2025-12-01,P0114,23,202.4
2025-12-01,P0116,23,202.4
2025-12-01,P0117,23,202.4
2025-12-01,P0118,23,202.4
2025-12-01,P0119,23,202.4
2025-12-01,P0120,23,101.2
2025-12-01,P0122,23,202.4
2025-12-01,P0123,23,202.4
2025-12-01,P0124,23,101.2
2025-12-01,P0125,23,202.4
2025-12-01,P0127,23,202.4
2025-12-01,P0128,23,202.4
2025-12-01,P0129,23,202.4
2025-12-01,P0130,23,202.4
2025-12-01,P0131,23,202.4
2025-12-01,P0132,23,202.4
2025-12-01,P0133,23,202.4
2025-12-01,P0136,23,202.4
2025-12-01,P0137,23,202.4
2025-12-01,P0138,23,202.4
2025-12-01,P0139,23,202.4
2025-12-01,P0140,23,202.4
2025-12-01,P0141,23,202.4
2025-12-01,P0143,23,202.4
2025-12-01,P0144,2,17.6
2025-12-01,P0145,23,202.4
2025-12-01,P0146,23,202.4
2025-12-01,P0147,23,202.4
2025-12-01,P0148,23,202.4
2025-12-01,P0149,23,202.4
2025-12-01,P0151,23,202.4
2025-12-01,P0152,23,101.2
2025-12-01,P0154,23,202.4
2025-12-01,P0155,23,202.4
2025-12-01,P0156,23,202.4
2025-12-01,P0157,23,202.4
2025-12-01,P0158,23,202.4
2025-12-01,P0159,23,202.4
2025-12-01,P0160,23,202.4
2025-12-01,P0161,23,202.4
2025-12-01,P0162,23,202.4
2025-12-01,P0165,23,202.4
2025-12-01,P0166,23,202.4
2025-12-01,P0167,23,202.4
2025-12-01,P0168,23,202.4
2025-12-01,P0169,23,202.4
2025-12-01,P0170,23,202.4
2025-12-01,P0171,23,202.4
2025-12-01,P0172,23,202.4
2025-12-01,P0173,23,202.4
2025-12-01,P0174,23,202.4
2025-12-01,P0175,23,202.4
2025-12-01,P0176,23,202.4
2025-12-01,P0177,23,202.4
2025-12-01,P0178,23,202.4
2025-12-01,P0179,23,202.4
2025-12-01,P0180,23,202.4
2025-12-01,P0181,23,202.4
2025-12-01,P0182,23,202.4
2025-12-01,P0183,23,101.2
2025-12-01,P0184,23,202.4
2025-12-01,P0185,23,202.4
2025-12-01,P0186,23,202.4
2025-12-01,P0188,12,105.6
2025-12-01,P0189,23,202.4
2025-12-01,P0190,23,101.2
2025-12-01,P0192,23,101.2
2025-12-01,P0193,23,202.4
2025-12-01,P0194,23,202.4
2025-12-01,P0195,23,202.4
2025-12-01,P0196,23,202.4
2025-12-01,P0198,23,202.4
2025-12-01,P0199,23,202.4
2025-12-01,P0201,23,202.4
2025-12-01,P0202,23,202.4
2025-12-01,P0203,23,202.4
2025-12-01,P0204,23,202.4
2025-12-01,P0205,23,202.4
2025-12-01,P0206,23,202.4
2025-12-01,P0208,23,202.4
2025-12-01,P0209,23,202.4
2025-12-01,P0210,23,202.4
2025-12-01,P0211,23,202.4
2025-12-01,P0212,23,202.4
2025-12-01,P0213,23,202.4
2025-12-01,P0214,23,202.4
2025-12-01,P0216,23,202.4
2025-12-01,P0217,23,202.4
2025-12-01,P0218,23,202.4
2025-12-01,P0219,19,167.2
2025-12-01,P0221,23,202.4
2025-12-01,P0222,23,202.4
2025-12-01,P0223,23,202.4
2025-12-01,P0224,23,202.4
2025-12-01,P0226,23,202.4
2025-12-01,P0227,23,202.4
2025-12-01,P0229,23,202.4
2025-12-01,P0230,23,202.4
2025-12-01,P0235,23,202.4
2025-12-01,P0237,23,202.4
2025-12-01,P0238,23,202.4
2025-12-01,P0239,23,202.4
2025-12-01,P0240,23,202.4
2025-12-01,P0241,23,202.4
2025-12-01,P0242,23,202.4
2025-12-01,P0245,23,202.4
2025-12-01,P0246,23,202.4
2025-12-01,P0248,23,202.4
2025-12-01,P0251,23,202.4
2025-12-01,P0252,23,202.4
2025-12-01,P0253,23,202.4
2025-12-01,P0254,23,202.4
2025-12-01,P0255,23,202.4
2025-12-01,P0256,23,202.4
2025-12-01,P0257,23,202.4
2025-12-01,P0258,23,101.2
2025-12-01,P0260,23,202.4
2025-12-01,P0261,23,202.4
2025-12-01,P0262,23,101.2
2025-12-01,P0263,23,202.4
2025-12-01,P0264,23,202.4
2025-12-01,P0265,23,202.4
2025-12-01,P0266,23,202.4
2025-12-01,P0267,23,202.4
2025-12-01,P0268,23,202.4
2025-12-01,P0269,23,202.4
2025-12-01,P0270,23,202.4
2025-12-01,P0271,23,202.4
2025-12-01,P0272,23,202.4
2025-12-01,P0273,23,202.4
2025-12-01,P0275,23,202.4
2025-12-01,P0276,23,101.2
2025-12-01,P0277,23,202.4
2025-12-01,P0278,23,202.4
2025-12-01,P0279,23,202.4
2025-12-01,P0281,23,202.4
2025-12-01,P0282,23,202.4
2025-12-01,P0283,23,101.2
2025-12-01,P0285,23,202.4
2025-12-01,P0287,23,202.4
2025-12-01,P0288,23,202.4
2025-12-01,P0289,23,202.4
2025-12-01,P0291,23,101.2
2025-12-01,P0294,23,202.4
2025-12-01,P0295,23,202.4
2025-12-01,P0296,23,202.4
2025-12-01,P0297,23,202.4
2025-12-01,P0298,23,202.4
2025-12-01,P0299,23,202.4
2025-12-01,P0300,23,202.4
2025-12-01,P0301,23,202.4
2025-12-01,P0302,23,202.4
2025-12-01,P0303,23,202.4
2025-12-01,P0304,23,202.4
2025-12-01,P0305,23,202.4
2025-12-01,P0306,23,202.4
2025-12-01,P0308,23,101.2
2025-12-01,P0309,23,202.4
2025-12-01,P0311,23,202.4
2025-12-01,P0313,23,202.4
2025-12-01,P0314,23,202.4
2025-12-01,P0315,23,202.4
2025-12-01,P0316,23,202.4
2025-12-01,P0317,23,202.4
2025-12-01,P0318,23,202.4
2025-12-01,P0319,23,202.4
2025-12-01,P0320,23,202.4
2025-12-01,P0321,23,202.4
2025-12-01,P0322,23,101.2
2025-12-01,P0323,23,101.2
2025-12-01,P0324,23,202.4
2025-12-01,P0325,23,202.4
2025-12-01,P0326,23,202.4
2025-12-01,P0327,23,101.2
2025-12-01,P0329,23,202.4
2025-12-01,P0330,23,202.4
2025-12-01,P0331,23,202.4
2025-12-01,P0333,23,202.4
2025-12-01,P0335,23,202.4
2025-12-01,P0337,23,202.4
2025-12-01,P0339,23,202.4
2025-12-01,P0340,23,202.4
2025-12-01,P0342,23,101.2
2025-12-01,P0343,23,101.2
2025-12-01,P0344,23,202.4
2025-12-01,P0345,23,202.4
2025-12-01,P0347,23,202.4
2025-12-01,P0348,23,202.4
2025-12-01,P0349,23,202.4
2025-12-01,P0352,23,202.4
2025-12-01,P0353,23,202.4
2025-12-01,P0354,23,202.4
2025-12-01,P0356,23,202.4
2025-12-01,P0357,23,202.4
2025-12-01,P0358,23,202.4
2025-12-01,P0359,23,202.4
2025-12-01,P0360,23,202.4
2025-12-01,P0361,23,202.4
2025-12-01,P0363,23,101.2
2025-12-01,P0364,23,101.2
2025-12-01,P0365,23,202.4
2025-12-01,P0366,23,202.4
2025-12-01,P0367,23,202.4
2025-12-01,P0368,23,202.4
2025-12-01,P0369,23,202.4
2025-12-01,P0370,23,202.4
2025-12-01,P0371,23,202.4
2025-12-01,P0372,23,202.4
2025-12-01,P0373,23,202.4
2025-12-01,P0374,23,101.2
2025-12-01,P0375,23,101.2
2025-12-01,P0376,23,202.4
2025-12-01,P0377,23,202.4
2025-12-01,P0378,23,202.4
2025-12-01,P0379,23,202.4
2025-12-01,P0380,23,202.4
2025-12-01,P0382,23,202.4
2025-12-01,P0383,23,202.4
2025-12-01,P0384,23,202.4
2025-12-01,P0386,23,202.4
2025-12-01,P0388,23,202.4
2025-12-01,P0389,23,202.4
2025-12-01,P0390,23,101.2
2025-12-01,P0391,23,202.4
2025-12-01,P0392,23,202.4
2025-12-01,P0393,23,202.4
2025-12-01,P0394,23,202.4
2025-12-01,P0395,23,202.4
2025-12-01,P0396,23,202.4
2025-12-01,P0398,23,202.4
2025-12-01,P0399,23,202.4
2025-12-01,P0400,23,202.4
2025-12-01,P0401,23,202.4
2025-12-01,P0402,23,202.4
2025-12-01,P0403,23,202.4
2025-12-01,P0404,23,101.2
2025-12-01,P0405,23,202.4
2025-12-01,P0406,23,202.4
2025-12-01,P0407,23,202.4
2025-12-01,P0409,23,202.4
2025-12-01,P0410,23,202.4
2025-12-01,P0411,23,202.4
2025-12-01,P0412,23,202.4
2025-12-01,P0413,23,202.4
2025-12-01,P0414,23,202.4
2025-12-01,P0415,23,202.4
2025-12-01,P0416,23,202.4
2025-12-01,P0417,23,202.4
2025-12-01,P0418,23,202.4
2025-12-01,P0419,23,202.4
2025-12-01,P0420,23,202.4
2025-12-01,P0421,23,202.4
2025-12-01,P0422,23,202.4
2025-12-01,P0423,23,202.4
2025-12-01,P0425,23,202.4
2025-12-01,P0426,23,202.4
2025-12-01,P0427,23,202.4
2025-12-01,P0428,23,202.4
2025-12-01,P0429,23,202.4
2025-12-01,P0430,23,202.4
2025-12-01,P0431,23,202.4
2025-12-01,P0432,23,202.4
2025-12-01,P0433,23,101.2
2025-12-01,P0434,23,202.4
2025-12-01,P0435,23,202.4
2025-12-01,P0436,23,202.4
2025-12-01,P0437,23,202.4
2025-12-01,P0439,23,202.4
2025-12-01,P0440,23,202.4
2025-12-01,P0441,23,101.2
2025-12-01,P0442,23,202.4
2025-12-01,P0443,23,202.4
2025-12-01,P0444,23,202.4
2025-12-01,P0445,23,202.4
2025-12-01,P0448,23,202.4
2025-12-01,P0451,23,202.4
2025-12-01,P0454,23,202.4
2025-12-01,P0455,23,202.4
2025-12-01,P0456,23,202.4
2025-12-01,P0459,23,202.4
2025-12-01,P0460,23,202.4
2025-12-01,P0461,23,202.4
2025-12-01,P0463,23,202.4
2025-12-01,P0464,23,202.4
2025-12-01,P0465,23,202.4
2025-12-01,P0466,23,202.4
2025-12-01,P0467,23,202.4
2025-12-01,P0468,23,202.4
2025-12-01,P0470,23,202.4
2025-12-01,P0471,23,202.4
2025-12-01,P0473,23,202.4
2025-12-01,P0474,23,202.4
2025-12-01,P0475,23,202.4
2025-12-01,P0476,23,202.4
2025-12-01,P0478,23,202.4
2025-12-01,P0479,23,202.4
2025-12-01,P0480,23,202.4
2025-12-01,P0481,23,202.4
2025-12-01,P0482,23,202.4
2025-12-01,P0483,23,202.4
2025-12-01,P0484,23,202.4
2025-12-01,P0485,23,202.4
2025-12-01,P0486,23,202.4
2025-12-01,P0487,23,101.2
2025-12-01,P0488,23,202.4
2025-12-01,P0489,23,202.4
2025-12-01,P0490,23,202.4
2025-12-01,P0491,23,202.4
2025-12-01,P0492,23,202.4
2025-12-01,P0493,23,101.2
2025-12-01,P0495,23,202.4
2025-12-01,P0496,23,202.4
2025-12-01,P0497,23,202.4
2025-12-01,P0499,23,202.4
2025-12-01,P0500,23,101.2
2025-12-01,P0501,23,202.4
2025-12-01,P0502,23,202.4
2025-12-01,P0503,23,202.4
2025-12-01,P0504,23,101.2
2025-12-01,P0505,23,202.4
2025-12-01,P0506,23,202.4
2025-12-01,P0507,23,202.4
2025-12-01,P0509,23,202.4
2025-12-01,P0510,23,202.4
2025-12-01,P0511,23,202.4
2025-12-01,P0513,23,202.4
2025-12-01,P0514,23,202.4
2025-12-01,P0515,23,202.4
2025-12-01,P0516,23,202.4
2025-12-01,P0517,23,202.4
2025-12-01,P0518,23,202.4
2025-12-01,P0519,23,101.2
2025-12-01,P0520,23,202.4
2025-12-01,P0522,23,202.4
2025-12-01,P0523,23,202.4
2025-12-01,P0524,23,202.4
2025-12-01,P0526,23,101.2
2025-12-01,P0527,23,202.4
2025-12-01,P0529,23,202.4
2025-12-01,P0530,23,202.4
2025-12-01,P0532,23,202.4
2025-12-01,P0534,23,202.4
2025-12-01,P0535,23,202.4
2025-12-01,P0537,23,202.4
2025-12-01,P0539,23,202.4
2025-12-01,P0540,23,202.4
2025-12-01,P0541,23,202.4
2025-12-01,P0542,23,202.4
2025-12-01,P0543,23,202.4
2025-12-01,P0544,23,202.4
2025-12-01,P0545,23,202.4
2025-12-01,P0546,23,202.4
2025-12-01,P0547,23,101.2
2025-12-01,P0549,23,202.4
2025-12-01,P0550,23,202.4
2025-12-01,P0551,23,202.4
2025-12-01,P0552,23,101.2
2025-12-01,P0553,23,202.4
2025-12-01,P0555,23,202.4
2025-12-01,P0556,23,202.4
2025-12-01,P0557,23,202.4
2025-12-01,P0558,23,202.4
2025-12-01,P0559,23,101.2
2025-12-01,P0560,23,202.4
2025-12-01,P0561,23,202.4
2025-12-01,P0562,23,202.4
2025-12-01,P0563,23,202.4
2025-12-01,P0564,23,202.4
2025-12-01,P0566,23,202.4
2025-12-01,P0567,23,202.4
2025-12-01,P0568,23,202.4
2025-12-01,P0569,23,202.4
2025-12-01,P0570,23,202.4
2025-12-01,P0571,23,202.4
2025-12-01,P0574,23,202.4
2025-12-01,P0575,23,202.4
2025-12-01,P0576,23,202.4
2025-12-01,P0579,23,202.4
2025-12-01,P0580,23,202.4
2025-12-01,P0581,23,202.4
2025-12-01,P0582,23,202.4
2025-12-01,P0583,23,202.4
2025-12-01,P0584,23,202.4
2025-12-01,P0585,23,202.4
2025-12-01,P0587,23,202.4
2025-12-01,P0588,23,202.4
2025-12-01,P0589,23,202.4
2025-12-01,P0590,23,101.2
2025-12-01,P0591,23,202.4
2025-12-01,P0593,23,202.4
2025-12-01,P0595,23,202.4
2025-12-01,P0596,23,202.4
2025-12-01,P0597,23,202.4
2025-12-01,P0598,23,202.4
2025-12-01,P0599,23,202.4
2025-12-01,P0600,23,202.4
2025-12-01,P0601,23,101.2
2025-12-01,P0602,23,202.4
2025-12-01,P0603,23,202.4
2025-12-01,P0604,23,202.4
2025-12-01,P0606,23,202.4
2025-12-01,P0607,23,202.4
2025-12-01,P0608,23,202.4
2025-12-01,P0609,23,202.4
2025-12-01,P0610,23,202.4
2025-12-01,P0612,23,202.4
2025-12-01,P0613,23,101.2
2025-12-01,P0615,23,202.4
2025-12-01,P0616,23,202.4
2025-12-01,P0617,23,202.4
2025-12-01,P0619,23,202.4
2025-12-01,P0620,23,202.4
2025-12-01,P0621,23,202.4
2025-12-01,P0622,23,101.2
2025-12-01,P0623,23,202.4
2025-12-01,P0624,23,202.4
2025-12-01,P0625,23,202.4
2025-12-01,P0626,23,202.4
2025-12-01,P0627,23,101.2
2025-12-01,P0628,23,202.4
2025-12-01,P0630,23,202.4
2025-12-01,P0631,23,202.4
2025-12-01,P0632,23,202.4
2025-12-01,P0634,23,202.4
2025-12-01,P0635,23,202.4
2025-12-01,P0636,23,101.2
2025-12-01,P0637,23,202.4
2025-12-01,P0638,23,202.4
2025-12-01,P0639,23,202.4
2025-12-01,P0640,23,101.2
2025-12-01,P0641,23,202.4
2025-12-01,P0642,23,202.4
2025-12-01,P0643,23,202.4
2025-12-01,P0644,23,202.4
2025-12-01,P0646,23,202.4
2025-12-01,P0647,23,202.4
2025-12-01,P0648,23,202.4
2025-12-01,P0649,23,202.4
2025-12-01,P0650,23,101.2
2025-12-01,P0651,23,202.4
2025-12-01,P0652,23,202.4
2025-12-01,P0653,23,202.4
2025-12-01,P0655,23,202.4
2025-12-01,P0656,23,202.4
2025-12-01,P0657,23,202.4
2025-12-01,P0658,23,202.4
2025-12-01,P0659,23,202.4
2025-12-01,P0661,23,202.4
2025-12-01,P0662,23,202.4
2025-12-01,P0664,23,202.4
2025-12-01,P0665,23,202.4
2025-12-01,P0666,23,202.4
2025-12-01,P0667,23,202.4
2025-12-01,P0669,23,202.4
2025-12-01,P0671,23,202.4
2025-12-01,P0673,23,202.4
2025-12-01,P0674,15,132.0
2025-12-01,P0675,23,202.4
2025-12-01,P0676,23,202.4
2025-12-01,P0678,23,101.2
2025-12-01,P0679,23,202.4
2025-12-01,P0680,23,202.4
2025-12-01,P0681,23,202.4
2025-12-01,P0682,23,202.4
2025-12-01,P0683,23,202.4
2025-12-01,P0684,23,202.4
2025-12-01,P0685,23,101.2
2025-12-01,P0686,23,202.4
2025-12-01,P0687,23,202.4
2025-12-01,P0688,23,202.4
2025-12-01,P0689,23,202.4
2025-12-01,P0690,23,202.4
2025-12-01,P0691,23,202.4
2025-12-01,P0692,23,202.4
2025-12-01,P0693,23,202.4
2025-12-01,P0694,23,202.4
2025-12-01,P0695,23,202.4
2025-12-01,P0696,23,202.4
2025-12-01,P0697,23,202.4
2025-12-01,P0698,23,202.4
2025-12-01,P0699,23,202.4
2025-12-01,P0700,23,202.4
2025-12-01,P0701,23,202.4
2025-12-01,P0702,23,202.4
2025-12-01,P0703,23,202.4
2025-12-01,P0704,23,202.4
2025-12-01,P0705,23,202.4
2025-12-01,P0706,23,202.4
2025-12-01,P0707,23,202.4
2025-12-01,P0708,23,202.4
2025-12-01,P0709,23,202.4
2025-12-01,P0710,23,101.2
2025-12-01,P0712,23,202.4
2025-12-01,P0713,23,202.4
2025-12-01,P0714,23,202.4
2025-12-01,P0715,23,202.4
2025-12-01,P0716,23,202.4
2025-12-01,P0717,23,202.4
2025-12-01,P0718,23,202.4
2025-12-01,P0719,23,202.4
2025-12-01,P0720,22,193.6
2025-12-01,P0721,22,193.6
2025-12-01,P0722,21,184.8
2025-12-01,P0723,13,114.4
2025-12-01,P0724,12,105.6
2025-12-01,P0725,10,88.0
2025-12-01,P0726,8,70.4
2025-12-01,P0727,6,52.8
2025-12-01,P0728,5,44.0
2025-12-01,P0729,3,26.4
2026-01-01,P0003,22,193.6
2026-01-01,P0004,22,193.6
2026-01-01,P0005,22,193.6
2026-01-01,P0006,22,193.6
2026-01-01,P0007,22,193.6
2026-01-01,P0008,22,96.8
2026-01-01,P0011,22,193.6
2026-01-01,P0012,22,193.6
2026-01-01,P0013,22,193.6
2026-01-01,P0014,22,193.6
2026-01-01,P0015,22,193.6
2026-01-01,P0016,22,193.6
2026-01-01,P0018,22,193.6
2026-01-01,P0019,22,193.6
2026-01-01,P0020,22,193.6
2026-01-01,P0021,22,193.6
2026-01-01,P0022,22,193.6
2026-01-01,P0023,22,96.8
2026-01-01,P0024,22,193.6
2026-01-01,P0025,22,193.6
2026-01-01,P0026,22,193.6
2026-01-01,P0027,22,193.6
2026-01-01,P0028,22,193.6
2026-01-01,P0029,22,193.6
2026-01-01,P0030,22,193.6
2026-01-01,P0034,22,193.6
2026-01-01,P0035,22,193.6
2026-01-01,P0036,22,193.6
2026-01-01,P0037,22,193.6
2026-01-01,P0038,22,193.6
2026-01-01,P0039,22,193.6
2026-01-01,P0040,22,193.6
2026-01-01,P0041,22,96.8
2026-01-01,P0042,22,193.6
2026-01-01,P0043,22,193.6
2026-01-01,P0044,22,193.6
2026-01-01,P0045,22,193.6
2026-01-01,P0046,22,193.6
2026-01-01,P0047,22,193.6
2026-01-01,P0048,22,193.6
2026-01-01,P0049,22,193.6
2026-01-01,P0050,22,193.6
2026-01-01,P0051,22,193.6
2026-01-01,P0053,22,193.6
2026-01-01,P0054,22,193.6
2026-01-01,P0056,22,193.6
2026-01-01,P0059,22,193.6
2026-01-01,P0060,22,193.6
2026-01-01,P0061,22,193.6
2026-01-01,P0063,22,193.6
2026-01-01,P0064,12,105.6
2026-01-01,P0065,22,193.6
2026-01-01,P0066,22,193.6
2026-01-01,P0067,22,193.6
2026-01-01,P0068,22,193.6
2026-01-01,P0069,22,193.6
2026-01-01,P0071,22,193.6
2026-01-01,P0072,22,193.6
2026-01-01,P0073,22,193.6
2026-01-01,P0074,22,193.6
2026-01-01,P0075,22,193.6
2026-01-01,P0076,22,193.6
2026-01-01,P0077,22,193.6
2026-01-01,P0079,22,193.6
2026-01-01,P0080,22,193.6
2026-01-01,P0081,22,96.8
2026-01-01,P0082,22,193.6
2026-01-01,P0085,22,193.6
2026-01-01,P0086,22,193.6
2026-01-01,P0087,22,193.6
2026-01-01,P0089,22,193.6
2026-01-01,P0090,22,193.6
2026-01-01,P0091,22,193.6
2026-01-01,P0092,22,193.6
2026-01-01,P0093,22,193.6
2026-01-01,P0094,22,193.6
2026-01-01,P0095,22,193.6
2026-01-01,P0096,22,193.6
2026-01-01,P0097,22,96.8
2026-01-01,P0098,22,193.6
2026-01-01,P0099,22,193.6
2026-01-01,P0100,22,193.6
2026-01-01,P0101,22,193.6
2026-01-01,P0102,22,193.6
2026-01-01,P0103,22,193.6
2026-01-01,P0104,22,193.6
2026-01-01,P0105,22,193.6
2026-01-01,P0106,22,193.6
2026-01-01,P0107,22,193.6
2026-01-01,P0108,22,193.6
2026-01-01,P0109,22,193.6
2026-01-01,P0110,22,193.6
2026-01-01,P0111,22,193.6
2026-01-01,P0113,22,193.6
2026-01-01,P0114,3,26.4
2026-01-01,P0116,22,193.6
2026-01-01,P0117,22,193.6
2026-01-01,P0118,22,193.6
2026-01-01,P0119,22,193.6
2026-01-01,P0120,22,96.8
2026-01-01,P0122,22,193.6
2026-01-01,P0123,22,193.6
2026-01-01,P0125,22,193.6
2026-01-01,P0127,22,193.6
2026-01-01,P0128,22,193.6
2026-01-01,P0129,22,193.6
2026-01-01,P0130,22,193.6
2026-01-01,P0131,22,193.6
2026-01-01,P0132,22,193.6
2026-01-01,P0133,22,193.6
2026-01-01,P0136,22,193.6
2026-01-01,P0137,22,193.6
2026-01-01,P0138,22,193.6
2026-01-01,P0139,22,193.6
2026-01-01,P0140,22,193.6
2026-01-01,P0141,22,193.6
2026-01-01,P0143,22,193.6
2026-01-01,P0145,21,184.8
2026-01-01,P0146,22,193.6
2026-01-01,P0147,22,193.6
2026-01-01,P0148,22,193.6
2026-01-01,P0149,22,193.6
2026-01-01,P0151,22,193.6
2026-01-01,P0152,22,96.8
2026-01-01,P0154,22,193.6
2026-01-01,P0155,22,193.6
2026-01-01,P0156,22,193.6
2026-01-01,P0157,22,193.6
2026-01-01,P0158,22,193.6
2026-01-01,P0159,22,193.6
2026-01-01,P0160,22,193.6
2026-01-01,P0161,22,193.6
2026-01-01,P0162,22,193.6
2026-01-01,P0165,22,193.6
2026-01-01,P0166,22,193.6
2026-01-01,P0167,22,193.6
2026-01-01,P0168,22,193.6
2026-01-01,P0169,22,193.6
2026-01-01,P0170,22,193.6
2026-01-01,P0171,22,193.6
2026-01-01,P0172,22,193.6
2026-01-01,P0173,22,193.6
2026-01-01,P0174,22,193.6
2026-01-01,P0175,22,193.6
2026-01-01,P0176,22,193.6
2026-01-01,P0177,22,193.6
2026-01-01,P0178,22,193.6
2026-01-01,P0179,22,193.6
2026-01-01,P0180,22,193.6
2026-01-01,P0181,22,193.6
2026-01-01,P0182,22,193.6
2026-01-01,P0183,22,96.8
2026-01-01,P0184,22,193.6
2026-01-01,P0185,22,193.6
2026-01-01,P0186,22,193.6
2026-01-01,P0189,22,193.6
2026-01-01,P0190,22,96.8
2026-01-01,P0192,22,96.8
2026-01-01,P0193,22,193.6
2026-01-01,P0194,22,193.6
2026-01-01,P0195,22,193.6
2026-01-01,P0196,22,193.6
2026-01-01,P0198,22,193.6
2026-01-01,P0199,22,193.6
2026-01-01,P0201,22,193.6
2026-01-01,P0202,22,193.6
2026-01-01,P0203,22,193.6
2026-01-01,P0204,22,193.6
2026-01-01,P0205,22,193.6
2026-01-01,P0206,22,193.6
2026-01-01,P0208,22,193.6
2026-01-01,P0209,22,193.6
2026-01-01,P0210,22,193.6
2026-01-01,P0211,22,193.6
2026-01-01,P0212,22,193.6
2026-01-01,P0213,22,193.6
2026-01-01,P0214,22,193.6
2026-01-01,P0216,22,193.6
2026-01-01,P0217,22,193.6
2026-01-01,P0218,22,193.6
2026-01-01,P0221,22,193.6
2026-01-01,P0222,22,193.6
2026-01-01,P0223,22,193.6
2026-01-01,P0224,22,193.6
2026-01-01,P0226,22,193.6
2026-01-01,P0227,22,193.6
2026-01-01,P0229,22,193.6
2026-01-01,P0230,22,193.6
2026-01-01,P0235,22,193.6
2026-01-01,P0237,22,193.6
2026-01-01,P0238,22,193.6
2026-01-01,P0239,22,193.6
2026-01-01,P0240,22,193.6
2026-01-01,P0241,22,193.6
2026-01-01,P0242,22,193.6
2026-01-01,P0245,22,193.6
2026-01-01,P0246,22,193.6
2026-01-01,P0248,22,193.6
2026-01-01,P0251,22,193.6
2026-01-01,P0252,22,193.6
2026-01-01,P0253,22,193.6
2026-01-01,P0254,22,193.6
2026-01-01,P0255,22,193.6
2026-01-01,P0256,22,193.6
2026-01-01,P0257,22,193.6
2026-01-01,P0258,22,96.8
2026-01-01,P0260,22,193.6
2026-01-01,P0261,22,193.6
2026-01-01,P0262,22,96.8
2026-01-01,P0263,22,193.6
2026-01-01,P0264,22,193.6
2026-01-01,P0265,22,193.6
2026-01-01,P0266,22,193.6
2026-01-01,P0267,22,193.6
2026-01-01,P0268,22,193.6
2026-01-01,P0269,22,193.6
2026-01-01,P0270,22,193.6
2026-01-01,P0271,22,193.6
2026-01-01,P0272,22,193.6
2026-01-01,P0273,22,193.6
2026-01-01,P0275,22,193.6
2026-01-01,P0276,22,96.8
2026-01-01,P0277,22,193.6
2026-01-01,P0278,22,193.6
2026-01-01,P0279,22,193.6
2026-01-01,P0281,22,193.6
2026-01-01,P0282,22,193.6
2026-01-01,P0283,22,96.8
2026-01-01,P0285,22,193.6
2026-01-01,P0287,22,193.6
2026-01-01,P0288,22,193.6
2026-01-01,P0289,22,193.6
2026-01-01,P0291,22,96.8
2026-01-01,P0294,22,193.6
2026-01-01,P0295,22,193.6
2026-01-01,P0296,22,193.6
2026-01-01,P0297,22,193.6
2026-01-01,P0298,22,193.6
2026-01-01,P0299,22,193.6
2026-01-01,P0300,22,193.6
2026-01-01,P0301,22,193.6
2026-01-01,P0302,22,193.6
2026-01-01,P0303,22,193.6
2026-01-01,P0304,22,193.6
2026-01-01,P0305,22,193.6
2026-01-01,P0306,22,193.6
2026-01-01,P0308,22,96.8
2026-01-01,P0309,22,193.6
2026-01-01,P0311,22,193.6
2026-01-01,P0313,22,193.6
2026-01-01,P0314,22,193.6
2026-01-01,P0315,22,193.6
2026-01-01,P0316,22,193.6
2026-01-01,P0317,22,193.6
2026-01-01,P0318,22,193.6
2026-01-01,P0319,22,193.6
2026-01-01,P0320,22,193.6
2026-01-01,P0321,22,193.6
2026-01-01,P0322,22,96.8
2026-01-01,P0323,22,96.8
2026-01-01,P0324,22,193.6
2026-01-01,P0325,22,193.6
2026-01-01,P0326,22,193.6
2026-01-01,P0327,22,96.8
2026-01-01,P0329,8,70.4
2026-01-01,P0330,22,193.6
2026-01-01,P0331,22,193.6
2026-01-01,P0333,22,193.6
2026-01-01,P0335,22,193.6
2026-01-01,P0337,22,193.6
2026-01-01,P0339,22,193.6
2026-01-01,P0340,22,193.6
2026-01-01,P0342,22,96.8
2026-01-01,P0343,22,96.8
2026-01-01,P0344,22,193.6
2026-01-01,P0345,22,193.6
2026-01-01,P0347,22,193.6
2026-01-01,P0348,22,193.6
2026-01-01,P0349,22,193.6
2026-01-01,P0352,22,193.6
2026-01-01,P0353,22,193.6
2026-01-01,P0354,22,193.6
2026-01-01,P0356,22,193.6
2026-01-01,P0357,22,193.6
2026-01-01,P0358,22,193.6
2026-01-01,P0359,22,193.6
2026-01-01,P0360,22,193.6
2026-01-01,P0361,22,193.6
2026-01-01,P0363,22,96.8
2026-01-01,P0364,22,96.8
2026-01-01,P0365,22,193.6
2026-01-01,P0366,22,193.6
2026-01-01,P0367,22,193.6
2026-01-01,P0368,22,193.6
2026-01-01,P0369,22,193.6
2026-01-01,P0370,22,193.6
2026-01-01,P0371,22,193.6
2026-01-01,P0372,22,193.6
2026-01-01,P0373,22,193.6
2026-01-01,P0374,22,96.8
2026-01-01,P0375,22,96.8
2026-01-01,P0376,22,193.6
2026-01-01,P0377,22,193.6
2026-01-01,P0378,22,193.6
2026-01-01,P0379,22,193.6
2026-01-01,P0380,22,193.6
2026-01-01,P0382,22,193.6
2026-01-01,P0383,22,193.6
2026-01-01,P0384,22,193.6
2026-01-01,P0386,22,193.6
2026-01-01,P0388,22,193.6
2026-01-01,P0389,22,193.6
2026-01-01,P0390,22,96.8
2026-01-01,P0391,22,193.6
2026-01-01,P0392,22,193.6
2026-01-01,P0393,22,193.6
2026-01-01,P0394,22,193.6
2026-01-01,P0395,22,193.6
2026-01-01,P0396,22,193.6
2026-01-01,P0398,22,193.6
2026-01-01,P0399,22,193.6
2026-01-01,P0400,22,193.6
2026-01-01,P0401,22,193.6
2026-01-01,P0402,22,193.6
2026-01-01,P0403,22,193.6
2026-01-01,P0404,22,96.8
2026-01-01,P0405,22,193.6
2026-01-01,P0406,22,193.6
2026-01-01,P0407,22,193.6
2026-01-01,P0409,22,193.6
2026-01-01,P0410,22,193.6
2026-01-01,P0411,22,193.6
2026-01-01,P0412,22,193.6
2026-01-01,P0413,22,193.6
2026-01-01,P0414,22,193.6
2026-01-01,P0415,22,193.6
2026-01-01,P0416,22,193.6
2026-01-01,P0417,22,193.6
2026-01-01,P0418,22,193.6
2026-01-01,P0419,22,193.6
2026-01-01,P0420,22,193.6
2026-01-01,P0421,22,193.6
2026-01-01,P0422,22,193.6
2026-01-01,P0423,22,193.6
2026-01-01,P0425,22,193.6
2026-01-01,P0426,22,193.6
2026-01-01,P0427,22,193.6
2026-01-01,P0428,22,193.6
2026-01-01,P0429,22,193.6
2026-01-01,P0430,22,193.6
2026-01-01,P0431,22,193.6
2026-01-01,P0432,22,193.6
2026-01-01,P0433,12,52.8
2026-01-01,P0434,22,193.6
2026-01-01,P0435,22,193.6
2026-01-01,P0436,22,193.6
2026-01-01,P0437,22,193.6
2026-01-01,P0439,22,193.6
2026-01-01,P0440,22,193.6
2026-01-01,P0441,22,96.8
2026-01-01,P0442,22,193.6
2026-01-01,P0443,22,193.6
2026-01-01,P0444,22,193.6
2026-01-01,P0445,22,193.6
2026-01-01,P0448,22,193.6
2026-01-01,P0451,22,193.6
2026-01-01,P0454,22,193.6
2026-01-01,P0455,22,193.6
2026-01-01,P0456,22,193.6
2026-01-01,P0459,22,193.6
2026-01-01,P0460,22,193.6
2026-01-01,P0461,22,193.6
2026-01-01,P0463,22,193.6
2026-01-01,P0464,22,193.6
2026-01-01,P0465,22,193.6
2026-01-01,P0466,22,193.6
2026-01-01,P0467,22,193.6
2026-01-01,P0468,22,193.6
2026-01-01,P0470,22,193.6
2026-01-01,P0471,22,193.6
2026-01-01,P0473,22,193.6
2026-01-01,P0474,22,193.6
2026-01-01,P0475,22,193.6
2026-01-01,P0476,22,193.6
2026-01-01,P0478,22,193.6
2026-01-01,P0479,22,193.6
2026-01-01,P0480,22,193.6
2026-01-01,P0481,8,70.4
2026-01-01,P0482,22,193.6
2026-01-01,P0483,22,193.6
2026-01-01,P0484,22,193.6
2026-01-01,P0485,22,193.6
2026-01-01,P0486,22,193.6
2026-01-01,P0487,22,96.8
2026-01-01,P0488,22,193.6
2026-01-01,P0489,22,193.6
2026-01-01,P0490,22,193.6
2026-01-01,P0491,22,193.6
2026-01-01,P0492,22,193.6
2026-01-01,P0493,22,96.8
2026-01-01,P0495,22,193.6
2026-01-01,P0496,22,193.6
2026-01-01,P0497,22,193.6
2026-01-01,P0499,22,193.6
2026-01-01,P0500,22,96.8
2026-01-01,P0501,22,193.6
2026-01-01,P0502,22,193.6
2026-01-01,P0503,22,193.6
2026-01-01,P0504,22,96.8
2026-01-01,P0505,22,193.6
2026-01-01,P0506,22,193.6
2026-01-01,P0507,22,193.6
2026-01-01,P0509,22,193.6
2026-01-01,P0510,22,193.6
2026-01-01,P0511,22,193.6
2026-01-01,P0513,22,193.6
2026-01-01,P0514,22,193.6
2026-01-01,P0515,22,193.6
2026-01-01,P0516,22,193.6
2026-01-01,P0517,22,193.6
2026-01-01,P0518,22,193.6
2026-01-01,P0519,22,96.8
2026-01-01,P0520,22,193.6
2026-01-01,P0522,22,193.6
2026-01-01,P0523,22,193.6
2026-01-01,P0524,22,193.6
2026-01-01,P0526,22,96.8
2026-01-01,P0527,22,193.6
2026-01-01,P0529,22,193.6
2026-01-01,P0530,22,193.6
2026-01-01,P0532,22,193.6
2026-01-01,P0534,22,193.6
2026-01-01,P0535,22,193.6
2026-01-01,P0537,22,193.6
2026-01-01,P0539,22,193.6
2026-01-01,P0540,22,193.6
2026-01-01,P0541,22,193.6
2026-01-01,P0542,22,193.6
2026-01-01,P0543,22,193.6
2026-01-01,P0544,22,193.6
2026-01-01,P0545,22,193.6
2026-01-01,P0546,22,193.6
2026-01-01,P0547,22,96.8
2026-01-01,P0549,22,193.6
2026-01-01,P0550,22,193.6
2026-01-01,P0551,22,193.6
2026-01-01,P0552,21,92.4
2026-01-01,P0553,22,193.6
2026-01-01,P0555,22,193.6
2026-01-01,P0556,22,193.6
2026-01-01,P0557,22,193.6
2026-01-01,P0558,22,193.6
2026-01-01,P0559,22,96.8
2026-01-01,P0560,22,193.6
2026-01-01,P0561,22,193.6
2026-01-01,P0562,3,26.4
2026-01-01,P0563,22,193.6
2026-01-01,P0564,22,193.6
2026-01-01,P0566,22,193.6
2026-01-01,P0567,22,193.6
2026-01-01,P0568,22,193.6
2026-01-01,P0569,22,193.6
2026-01-01,P0570,14,123.2
2026-01-01,P0571,22,193.6
2026-01-01,P0574,22,193.6
2026-01-01,P0575,22,193.6
2026-01-01,P0576,22,193.6
2026-01-01,P0579,22,193.6
2026-01-01,P0580,22,193.6
2026-01-01,P0581,22,193.6
2026-01-01,P0582,22,193.6
2026-01-01,P0583,22,193.6
2026-01-01,P0584,22,193.6
2026-01-01,P0585,22,193.6
2026-01-01,P0587,22,193.6
2026-01-01,P0588,22,193.6
2026-01-01,P0589,22,193.6
2026-01-01,P0590,22,96.8
2026-01-01,P0591,22,193.6
2026-01-01,P0593,22,193.6
2026-01-01,P0595,22,193.6
2026-01-01,P0596,22,193.6
2026-01-01,P0597,22,193.6
2026-01-01,P0598,22,193.6
2026-01-01,P0599,22,193.6
2026-01-01,P0600,22,193.6
2026-01-01,P0601,22,96.8
2026-01-01,P0602,22,193.6
2026-01-01,P0603,22,193.6
2026-01-01,P0604,22,193.6
2026-01-01,P0606,22,193.6
2026-01-01,P0607,22,193.6
2026-01-01,P0608,22,193.6
2026-01-01,P0609,22,193.6
2026-01-01,P0610,22,193.6
2026-01-01,P0612,22,193.6
2026-01-01,P0613,22,96.8
2026-01-01,P0615,22,193.6
2026-01-01,P0616,22,193.6
2026-01-01,P0617,22,193.6
2026-01-01,P0619,22,193.6
2026-01-01,P0620,22,193.6
2026-01-01,P0621,19,167.2
2026-01-01,P0622,22,96.8
2026-01-01,P0623,22,193.6
2026-01-01,P0624,22,193.6
2026-01-01,P0625,22,193.6
2026-01-01,P0626,22,193.6
2026-01-01,P0627,22,96.8
2026-01-01,P0628,22,193.6
2026-01-01,P0630,22,193.6
2026-01-01,P0631,22,193.6
2026-01-01,P0632,22,193.6
2026-01-01,P0634,22,193.6
2026-01-01,P0635,22,193.6
2026-01-01,P0636,22,96.8
2026-01-01,P0637,22,193.6
2026-01-01,P0638,22,193.6
2026-01-01,P0639,22,193.6
2026-01-01,P0640,22,96.8
2026-01-01,P0641,22,193.6
2026-01-01,P0642,22,193.6
2026-01-01,P0643,22,193.6
2026-01-01,P0644,22,193.6
2026-01-01,P0646,22,193.6
2026-01-01,P0647,22,193.6
2026-01-01,P0648,22,193.6
2026-01-01,P0649,22,193.6
2026-01-01,P0650,22,96.8
2026-01-01,P0651,22,193.6
2026-01-01,P0652,22,193.6
2026-01-01,P0653,22,193.6
2026-01-01,P0655,22,193.6
2026-01-01,P0656,22,193.6
2026-01-01,P0657,22,193.6
2026-01-01,P0658,22,193.6
2026-01-01,P0659,22,193.6
2026-01-01,P0661,22,193.6
2026-01-01,P0662,22,193.6
2026-01-01,P0664,22,193.6
2026-01-01,P0665,22,193.6
2026-01-01,P0666,22,193.6
2026-01-01,P0667,22,193.6
2026-01-01,P0669,22,193.6
2026-01-01,P0671,22,193.6
2026-01-01,P0673,22,193.6
2026-01-01,P0675,22,193.6
2026-01-01,P0676,22,193.6
2026-01-01,P0678,22,96.8
2026-01-01,P0679,22,193.6
2026-01-01,P0680,22,193.6
2026-01-01,P0681,22,193.6
2026-01-01,P0682,22,193.6
2026-01-01,P0683,22,193.6
2026-01-01,P0684,22,193.6
2026-01-01,P0685,22,96.8
2026-01-01,P0686,22,193.6
2026-01-01,P0687,22,193.6
2026-01-01,P0688,22,193.6
2026-01-01,P0689,22,193.6
2026-01-01,P0690,22,193.6
2026-01-01,P0691,22,193.6
2026-01-01,P0692,22,193.6
2026-01-01,P0693,22,193.6
2026-01-01,P0694,22,193.6
2026-01-01,P0695,22,193.6
2026-01-01,P0696,22,193.6
2026-01-01,P0697,22,193.6
2026-01-01,P0698,22,193.6
2026-01-01,P0699,22,193.6
2026-01-01,P0700,22,193.6
2026-01-01,P0701,22,193.6
2026-01-01,P0702,22,193.6
2026-01-01,P0703,22,193.6
2026-01-01,P0704,22,193.6
2026-01-01,P0705,22,193.6
2026-01-01,P0706,22,193.6
2026-01-01,P0707,22,193.6
2026-01-01,P0708,22,193.6
2026-01-01,P0709,22,193.6
2026-01-01,P0710,22,96.8
2026-01-01,P0712,22,193.6
2026-01-01,P0713,22,193.6
2026-01-01,P0714,22,193.6
2026-01-01,P0715,22,193.6
2026-01-01,P0716,22,193.6
2026-01-01,P0717,22,193.6
2026-01-01,P0718,22,193.6
2026-01-01,P0719,22,193.6
2026-01-01,P0720,22,193.6
2026-01-01,P0721,22,193.6
2026-01-01,P0722,22,193.6
2026-01-01,P0723,22,193.6
2026-01-01,P0724,22,193.6
2026-01-01,P0725,22,193.6
2026-01-01,P0726,22,193.6
2026-01-01,P0727,22,193.6
2026-01-01,P0728,22,193.6
2026-01-01,P0729,22,193.6
2026-01-01,P0730,20,88.0
2026-01-01,P0731,18,158.4
2026-01-01,P0732,16,140.8
2026-01-01,P0733,10,88.0
2026-01-01,P0734,9,79.2
2026-01-01,P0735,4,35.2
2026-02-01,P0003,20,176.0
2026-02-01,P0004,20,176.0
2026-02-01,P0005,20,176.0
2026-02-01,P0006,20,176.0
2026-02-01,P0007,20,176.0
2026-02-01,P0008,20,88.0
2026-02-01,P0011,20,176.0
2026-02-01,P0012,20,176.0
2026-02-01,P0013,20,176.0
2026-02-01,P0014,20,176.0
2026-02-01,P0015,20,176.0
2026-02-01,P0016,20,176.0
2026-02-01,P0018,20,176.0
2026-02-01,P0019,20,176.0
2026-02-01,P0020,20,176.0
2026-02-01,P0021,20,176.0
2026-02-01,P0022,20,176.0
2026-02-01,P0023,20,88.0
2026-02-01,P0024,20,176.0
2026-02-01,P0025,20,176.0
2026-02-01,P0026,20,176.0
2026-02-01,P0027,20,176.0
2026-02-01,P0028,20,176.0
2026-02-01,P0029,20,176.0
2026-02-01,P0030,20,176.0
2026-02-01,P0034,20,176.0
2026-02-01,P0035,20,176.0
2026-02-01,P0036,20,176.0
2026-02-01,P0037,20,176.0
2026-02-01,P0038,20,176.0
2026-02-01,P0039,20,176.0
2026-02-01,P0040,20,176.0
2026-02-01,P0041,20,88.0
2026-02-01,P0042,20,176.0
2026-02-01,P0043,20,176.0
2026-02-01,P0044,20,176.0
2026-02-01,P0045,20,176.0
2026-02-01,P0046,20,176.0
2026-02-01,P0047,20,176.0
2026-02-01,P0048,20,176.0
2026-02-01,P0049,20,176.0
2026-02-01,P0050,20,176.0
2026-02-01,P0051,20,176.0
2026-02-01,P0053,20,176.0
2026-02-01,P0054,20,176.0
2026-02-01,P0056,20,176.0
2026-02-01,P0059,10,88.0
2026-02-01,P0060,20,176.0
2026-02-01,P0061,20,176.0
2026-02-01,P0063,20,176.0
2026-02-01,P0065,20,176.0
2026-02-01,P0066,20,176.0
2026-02-01,P0067,20,176.0
2026-02-01,P0068,20,176.0
2026-02-01,P0069,20,176.0
2026-02-01,P0071,20,176.0
2026-02-01,P0072,20,176.0
2026-02-01,P0073,20,176.0
2026-02-01,P0074,20,176.0
2026-02-01,P0075,20,176.0
2026-02-01,P0076,20,176.0
2026-02-01,P0077,20,176.0
2026-02-01,P0079,20,176.0
2026-02-01,P0080,20,176.0
2026-02-01,P0081,20,88.0
2026-02-01,P0082,20,176.0
2026-02-01,P0085,20,176.0
2026-02-01,P0086,20,176.0
2026-02-01,P0087,20,176.0
2026-02-01,P0089,20,176.0
2026-02-01,P0090,20,176.0
2026-02-01,P0091,20,176.0
2026-02-01,P0092,20,176.0
2026-02-01,P0093,20,176.0
2026-02-01,P0094,20,176.0
2026-02-01,P0095,20,176.0
2026-02-01,P0096,20,176.0
2026-02-01,P0097,20,88.0
2026-02-01,P0098,20,176.0
2026-02-01,P0099,20,176.0
2026-02-01,P0100,20,176.0
2026-02-01,P0101,20,176.0
2026-02-01,P0102,20,176.0
2026-02-01,P0103,20,176.0
2026-02-01,P0104,20,176.0
2026-02-01,P0105,20,176.0
2026-02-01,P0106,20,176.0
2026-02-01,P0107,1,8.8
2026-02-01,P0108,20,176.0
2026-02-01,P0109,20,176.0
2026-02-01,P0110,20,176.0
2026-02-01,P0111,20,176.0
2026-02-01,P0113,20,176.0
2026-02-01,P0116,20,176.0
2026-02-01,P0117,20,176.0
2026-02-01,P0118,20,176.0
2026-02-01,P0119,20,176.0
2026-02-01,P0120,20,88.0
2026-02-01,P0122,20,176.0
2026-02-01,P0123,20,176.0
2026-02-01,P0125,20,176.0
2026-02-01,P0127,20,176.0
2026-02-01,P0128,20,176.0
2026-02-01,P0129,20,176.0
2026-02-01,P0130,20,176.0
2026-02-01,P0131,20,176.0
2026-02-01,P0132,20,176.0
2026-02-01,P0133,20,176.0
2026-02-01,P0136,20,176.0
2026-02-01,P0137,20,176.0
2026-02-01,P0138,20,176.0
2026-02-01,P0139,20,176.0
2026-02-01,P0140,20,176.0
2026-02-01,P0141,20,176.0
2026-02-01,P0143,20,176.0
2026-02-01,P0146,20,176.0
2026-02-01,P0147,20,176.0
2026-02-01,P0148,20,176.0
2026-02-01,P0149,20,176.0
2026-02-01,P0151,20,176.0
2026-02-01,P0152,20,88.0
2026-02-01,P0154,20,176.0
2026-02-01,P0155,20,176.0
2026-02-01,P0156,20,176.0
2026-02-01,P0157,20,176.0
2026-02-01,P0158,20,176.0
2026-02-01,P0159,20,176.0
2026-02-01,P0160,20,176.0
2026-02-01,P0161,20,176.0
2026-02-01,P0162,20,176.0
2026-02-01,P0165,20,176.0
2026-02-01,P0166,20,176.0
2026-02-01,P0167,20,176.0
2026-02-01,P0168,20,176.0
2026-02-01,P0169,20,176.0
2026-02-01,P0170,20,176.0
2026-02-01,P0171,20,176.0
2026-02-01,P0172,20,176.0
2026-02-01,P0173,20,176.0
2026-02-01,P0174,20,176.0
2026-02-01,P0175,20,176.0
2026-02-01,P0176,20,176.0
2026-02-01,P0177,20,176.0
2026-02-01,P0178,20,176.0
2026-02-01,P0179,20,176.0
2026-02-01,P0180,20,176.0
2026-02-01,P0181,20,176.0
2026-02-01,P0182,20,176.0
2026-02-01,P0183,20,88.0
2026-02-01,P0184,20,176.0
2026-02-01,P0185,20,176.0
2026-02-01,P0186,20,176.0
2026-02-01,P0189,20,176.0
2026-02-01,P0190,20,88.0
2026-02-01,P0192,20,88.0
2026-02-01,P0193,20,176.0
2026-02-01,P0194,20,176.0
2026-02-01,P0195,20,176.0
2026-02-01,P0196,20,176.0
2026-02-01,P0198,20,176.0
2026-02-01,P0199,20,176.0
2026-02-01,P0201,20,176.0
2026-02-01,P0202,20,176.0
2026-02-01,P0203,20,176.0
2026-02-01,P0204,20,176.0
2026-02-01,P0205,20,176.0
2026-02-01,P0206,20,176.0
2026-02-01,P0208,20,176.0
2026-02-01,P0209,20,176.0
2026-02-01,P0210,20,176.0
2026-02-01,P0211,20,176.0
2026-02-01,P0212,20,176.0
2026-02-01,P0213,20,176.0
2026-02-01,P0214,20,176.0
2026-02-01,P0216,20,176.0
2026-02-01,P0217,20,176.0
2026-02-01,P0218,20,176.0
2026-02-01,P0221,20,176.0
2026-02-01,P0222,20,176.0
2026-02-01,P0223,20,176.0
2026-02-01,P0224,20,176.0
2026-02-01,P0226,20,176.0
2026-02-01,P0227,20,176.0
2026-02-01,P0229,20,176.0
2026-02-01,P0230,20,176.0
2026-02-01,P0235,20,176.0
2026-02-01,P0237,20,176.0
2026-02-01,P0238,20,176.0
2026-02-01,P0239,20,176.0
2026-02-01,P0241,20,176.0
2026-02-01,P0242,20,176.0
2026-02-01,P0245,20,176.0
2026-02-01,P0246,20,176.0
2026-02-01,P0248,20,176.0
2026-02-01,P0251,20,176.0
2026-02-01,P0252,20,176.0
2026-02-01,P0253,20,176.0
2026-02-01,P0254,20,176.0
2026-02-01,P0255,20,176.0
2026-02-01,P0256,20,176.0
2026-02-01,P0257,20,176.0
2026-02-01,P0258,20,88.0
2026-02-01,P0260,20,176.0
2026-02-01,P0261,20,176.0
2026-02-01,P0262,20,88.0
2026-02-01,P0263,20,176.0
2026-02-01,P0264,20,176.0
2026-02-01,P0265,20,176.0
2026-02-01,P0266,20,176.0
2026-02-01,P0267,20,176.0
2026-02-01,P0268,20,176.0
2026-02-01,P0269,20,176.0
2026-02-01,P0270,2,17.6
2026-02-01,P0271,20,176.0
2026-02-01,P0272,20,176.0
2026-02-01,P0273,20,176.0
2026-02-01,P0275,20,176.0
2026-02-01,P0276,20,88.0
2026-02-01,P0277,20,176.0
2026-02-01,P0278,20,176.0
2026-02-01,P0279,20,176.0
2026-02-01,P0281,20,176.0
2026-02-01,P0282,20,176.0
2026-02-01,P0283,20,88.0
2026-02-01,P0285,20,176.0
2026-02-01,P0287,20,176.0
2026-02-01,P0288,20,176.0
2026-02-01,P0289,20,176.0
2026-02-01,P0291,20,88.0
2026-02-01,P0294,20,176.0
2026-02-01,P0295,20,176.0
2026-02-01,P0296,20,176.0
2026-02-01,P0297,20,176.0
2026-02-01,P0298,20,176.0
2026-02-01,P0299,20,176.0
2026-02-01,P0300,20,176.0
2026-02-01,P0301,20,176.0
2026-02-01,P0302,20,176.0
2026-02-01,P0303,20,176.0
2026-02-01,P0304,20,176.0
2026-02-01,P0305,20,176.0
2026-02-01,P0306,20,176.0
2026-02-01,P0308,20,88.0
2026-02-01,P0309,20,176.0
2026-02-01,P0311,20,176.0
2026-02-01,P0313,20,176.0
2026-02-01,P0314,20,176.0
2026-02-01,P0315,20,176.0
2026-02-01,P0316,20,176.0
2026-02-01,P0317,20,176.0
2026-02-01,P0318,20,176.0
2026-02-01,P0319,20,176.0
2026-02-01,P0320,20,176.0
2026-02-01,P0321,20,176.0
2026-02-01,P0322,3,13.2
2026-02-01,P0323,20,88.0
2026-02-01,P0324,20,176.0
2026-02-01,P0325,20,176.0
2026-02-01,P0326,20,176.0
2026-02-01,P0327,20,88.0
2026-02-01,P0330,20,176.0
2026-02-01,P0331,20,176.0
2026-02-01,P0333,20,176.0
2026-02-01,P0335,20,176.0
2026-02-01,P0337,20,176.0
2026-02-01,P0339,20,176.0
2026-02-01,P0340,20,176.0
2026-02-01,P0342,20,88.0
2026-02-01,P0343,20,88.0
2026-02-01,P0344,20,176.0
2026-02-01,P0345,20,176.0
2026-02-01,P0347,20,176.0
2026-02-01,P0348,20,176.0
2026-02-01,P0349,20,176.0
2026-02-01,P0352,20,176.0
2026-02-01,P0353,20,176.0
2026-02-01,P0354,20,176.0
2026-02-01,P0356,20,176.0
2026-02-01,P0357,20,176.0
2026-02-01,P0358,20,176.0
2026-02-01,P0359,20,176.0
2026-02-01,P0360,20,176.0
2026-02-01,P0361,20,176.0
2026-02-01,P0363,20,88.0
2026-02-01,P0364,20,88.0
2026-02-01,P0365,20,176.0
2026-02-01,P0366,20,176.0
2026-02-01,P0367,20,176.0
2026-02-01,P0368,20,176.0
2026-02-01,P0369,20,176.0
2026-02-01,P0370,20,176.0
2026-02-01,P0371,20,176.0
2026-02-01,P0372,20,176.0
2026-02-01,P0373,20,176.0
2026-02-01,P0374,20,88.0
2026-02-01,P0375,20,88.0
2026-02-01,P0376,20,176.0
2026-02-01,P0377,20,176.0
2026-02-01,P0378,20,176.0
2026-02-01,P0379,20,176.0
2026-02-01,P0380,20,176.0
2026-02-01,P0382,20,176.0
2026-02-01,P0383,20,176.0
2026-02-01,P0384,20,176.0
2026-02-01,P0386,20,176.0
2026-02-01,P0388,20,176.0
2026-02-01,P0389,20,176.0
2026-02-01,P0390,20,88.0
2026-02-01,P0391,20,176.0
2026-02-01,P0392,20,176.0
2026-02-01,P0393,20,176.0
2026-02-01,P0394,20,176.0
2026-02-01,P0395,20,176.0
2026-02-01,P0396,20,176.0
2026-02-01,P0398,20,176.0
2026-02-01,P0399,20,176.0
2026-02-01,P0400,20,176.0
2026-02-01,P0401,20,176.0
2026-02-01,P0402,20,176.0
2026-02-01,P0403,20,176.0
2026-02-01,P0404,20,88.0
2026-02-01,P0405,20,176.0
2026-02-01,P0406,20,176.0
2026-02-01,P0407,20,176.0
2026-02-01,P0409,20,176.0
2026-02-01,P0410,20,176.0
2026-02-01,P0411,20,176.0
2026-02-01,P0412,20,176.0
2026-02-01,P0413,20,176.0
2026-02-01,P0414,20,176.0
2026-02-01,P0415,20,176.0
2026-02-01,P0416,20,176.0
2026-02-01,P0417,20,176.0
2026-02-01,P0418,20,176.0
2026-02-01,P0419,20,176.0
2026-02-01,P0420,20,176.0
2026-02-01,P0421,20,176.0
2026-02-01,P0422,20,176.0
2026-02-01,P0423,20,176.0
2026-02-01,P0425,20,176.0
2026-02-01,P0426,20,176.0
2026-02-01,P0427,20,176.0
2026-02-01,P0428,20,176.0
2026-02-01,P0429,20,176.0
2026-02-01,P0430,16,140.8
2026-02-01,P0431,20,176.0
2026-02-01,P0432,20,176.0
2026-02-01,P0434,11,96.8
2026-02-01,P0435,20,176.0
2026-02-01,P0436,20,176.0
2026-02-01,P0437,20,176.0
2026-02-01,P0439,20,176.0
2026-02-01,P0440,20,176.0
2026-02-01,P0441,20,88.0
2026-02-01,P0442,20,176.0
2026-02-01,P0443,20,176.0
2026-02-01,P0444,20,176.0
2026-02-01,P0445,20,176.0
2026-02-01,P0448,20,176.0
2026-02-01,P0451,20,176.0
2026-02-01,P0454,20,176.0
2026-02-01,P0455,20,176.0
2026-02-01,P0456,20,176.0
2026-02-01,P0459,20,176.0
2026-02-01,P0460,20,176.0
2026-02-01,P0461,20,176.0
2026-02-01,P0463,20,176.0
2026-02-01,P0464,20,176.0
2026-02-01,P0465,20,176.0
2026-02-01,P0466,20,176.0
2026-02-01,P0467,20,176.0
2026-02-01,P0468,20,176.0
2026-02-01,P0470,20,176.0
2026-02-01,P0471,20,176.0
2026-02-01,P0473,20,176.0
2026-02-01,P0474,20,176.0
2026-02-01,P0475,20,176.0
2026-02-01,P0476,20,176.0
2026-02-01,P0478,20,176.0
2026-02-01,P0479,20,176.0
2026-02-01,P0480,20,176.0
2026-02-01,P0482,20,176.0
2026-02-01,P0483,20,176.0
2026-02-01,P0484,20,176.0
2026-02-01,P0485,20,176.0
2026-02-01,P0486,20,176.0
2026-02-01,P0487,20,88.0
2026-02-01,P0488,20,176.0
2026-02-01,P0489,20,176.0
2026-02-01,P0490,20,176.0
2026-02-01,P0491,20,176.0
2026-02-01,P0492,20,176.0
2026-02-01,P0493,20,88.0
2026-02-01,P0495,20,176.0
2026-02-01,P0496,20,176.0
2026-02-01,P0497,20,176.0
2026-02-01,P0499,20,176.0
2026-02-01,P0500,20,88.0
2026-02-01,P0501,20,176.0
2026-02-01,P0502,20,176.0
2026-02-01,P0503,20,176.0
2026-02-01,P0504,20,88.0
2026-02-01,P0505,20,176.0
2026-02-01,P0506,20,176.0
2026-02-01,P0507,20,176.0
2026-02-01,P0509,20,176.0
2026-02-01,P0510,20,176.0
2026-02-01,P0511,20,176.0
2026-02-01,P0513,20,176.0
2026-02-01,P0514,20,176.0
2026-02-01,P0515,20,176.0
2026-02-01,P0516,20,176.0
2026-02-01,P0517,20,176.0
2026-02-01,P0518,20,176.0
2026-02-01,P0519,20,88.0
2026-02-01,P0520,20,176.0
2026-02-01,P0522,20,176.0
2026-02-01,P0523,20,176.0
2026-02-01,P0524,20,176.0
2026-02-01,P0526,20,88.0
2026-02-01,P0527,20,176.0
2026-02-01,P0529,20,176.0
2026-02-01,P0530,20,176.0
2026-02-01,P0532,20,176.0
2026-02-01,P0534,20,176.0
2026-02-01,P0535,20,176.0
2026-02-01,P0537,20,176.0
2026-02-01,P0539,20,176.0
2026-02-01,P0540,20,176.0
2026-02-01,P0541,20,176.0
2026-02-01,P0542,20,176.0
2026-02-01,P0543,20,176.0
2026-02-01,P0544,14,123.2
2026-02-01,P0545,20,176.0
2026-02-01,P0546,20,176.0
2026-02-01,P0547,20,88.0
2026-02-01,P0549,20,176.0
2026-02-01,P0550,20,176.0
2026-02-01,P0551,20,176.0
2026-02-01,P0553,20,176.0
2026-02-01,P0555,20,176.0
2026-02-01,P0556,20,176.0
2026-02-01,P0557,20,176.0
2026-02-01,P0558,20,176.0
2026-02-01,P0559,20,88.0
2026-02-01,P0560,20,176.0
2026-02-01,P0561,20,176.0
2026-02-01,P0563,20,176.0
2026-02-01,P0564,20,176.0
2026-02-01,P0566,11,96.8
2026-02-01,P0567,20,176.0
2026-02-01,P0568,20,176.0
2026-02-01,P0569,20,176.0
2026-02-01,P0571,20,176.0
2026-02-01,P0574,20,176.0
2026-02-01,P0575,20,176.0
2026-02-01,P0576,20,176.0
2026-02-01,P0579,20,176.0
2026-02-01,P0580,20,176.0
2026-02-01,P0581,20,176.0
2026-02-01,P0582,20,176.0
2026-02-01,P0583,20,176.0
2026-02-01,P0584,20,176.0
2026-02-01,P0585,20,176.0
2026-02-01,P0587,20,176.0
2026-02-01,P0588,20,176.0
2026-02-01,P0589,20,176.0
2026-02-01,P0590,20,88.0
2026-02-01,P0591,20,176.0
2026-02-01,P0593,20,176.0
2026-02-01,P0595,20,176.0
2026-02-01,P0596,20,176.0
2026-02-01,P0597,20,176.0
2026-02-01,P0598,20,176.0
2026-02-01,P0599,20,176.0
2026-02-01,P0600,20,176.0
2026-02-01,P0601,20,88.0
2026-02-01,P0602,20,176.0
2026-02-01,P0603,20,176.0
2026-02-01,P0604,20,176.0
2026-02-01,P0606,20,176.0
2026-02-01,P0607,20,176.0
2026-02-01,P0608,20,176.0
2026-02-01,P0609,20,176.0
2026-02-01,P0610,20,176.0
2026-02-01,P0612,20,176.0
2026-02-01,P0613,20,88.0
2026-02-01,P0615,20,176.0
2026-02-01,P0616,20,176.0
2026-02-01,P0617,20,176.0
2026-02-01,P0619,20,176.0
2026-02-01,P0620,20,176.0
2026-02-01,P0622,20,88.0
2026-02-01,P0623,20,176.0
2026-02-01,P0624,20,176.0
2026-02-01,P0625,20,176.0
2026-02-01,P0626,20,176.0
2026-02-01,P0627,20,88.0
2026-02-01,P0628,20,176.0
2026-02-01,P0630,20,176.0
2026-02-01,P0631,20,176.0
2026-02-01,P0632,20,176.0
2026-02-01,P0634,20,176.0
2026-02-01,P0635,20,176.0
2026-02-01,P0636,20,88.0
2026-02-01,P0637,20,176.0
2026-02-01,P0638,20,176.0
2026-02-01,P0639,20,176.0
2026-02-01,P0640,20,88.0
2026-02-01,P0641,20,176.0
2026-02-01,P0642,20,176.0
2026-02-01,P0643,20,176.0
2026-02-01,P0644,20,176.0
2026-02-01,P0646,20,176.0
2026-02-01,P0647,20,176.0
2026-02-01,P0648,20,176.0
2026-02-01,P0649,20,176.0
2026-02-01,P0650,20,88.0
2026-02-01,P0651,20,176.0
2026-02-01,P0652,20,176.0
2026-02-01,P0653,20,176.0
2026-02-01,P0655,20,176.0
2026-02-01,P0656,20,176.0
2026-02-01,P0657,20,176.0
2026-02-01,P0658,20,176.0
2026-02-01,P0659,20,176.0
2026-02-01,P0661,20,176.0
2026-02-01,P0662,20,176.0
2026-02-01,P0664,20,176.0
2026-02-01,P0665,20,176.0
2026-02-01,P0666,20,176.0
2026-02-01,P0667,20,176.0
2026-02-01,P0669,20,176.0
2026-02-01,P0671,20,176.0
2026-02-01,P0673,20,176.0
2026-02-01,P0675,20,176.0
2026-02-01,P0676,20,176.0
2026-02-01,P0678,20,88.0
2026-02-01,P0679,20,176.0
2026-02-01,P0680,20,176.0
2026-02-01,P0681,20,176.0
2026-02-01,P0682,20,176.0
2026-02-01,P0683,20,176.0
2026-02-01,P0684,20,176.0
2026-02-01,P0685,20,88.0
2026-02-01,P0686,20,176.0
2026-02-01,P0687,20,176.0
2026-02-01,P0688,20,176.0
2026-02-01,P0689,20,176.0
2026-02-01,P0690,20,176.0
2026-02-01,P0691,20,176.0
2026-02-01,P0692,20,176.0
2026-02-01,P0693,20,176.0
2026-02-01,P0694,20,176.0
2026-02-01,P0695,20,176.0
2026-02-01,P0696,20,176.0
2026-02-01,P0697,20,176.0
2026-02-01,P0698,20,176.0
2026-02-01,P0699,20,176.0
2026-02-01,P0700,20,176.0
2026-02-01,P0701,20,176.0
2026-02-01,P0702,20,176.0
2026-02-01,P0703,20,176.0
2026-02-01,P0704,20,176.0
2026-02-01,P0705,20,176.0
2026-02-01,P0706,20,176.0
2026-02-01,P0707,20,176.0
2026-02-01,P0708,20,176.0
2026-02-01,P0709,20,176.0
2026-02-01,P0710,20,88.0
2026-02-01,P0712,20,176.0
2026-02-01,P0713,20,176.0
2026-02-01,P0714,20,176.0
2026-02-01,P0715,20,176.0
2026-02-01,P0716,20,176.0
2026-02-01,P0717,20,176.0
2026-02-01,P0718,20,176.0
2026-02-01,P0719,20,176.0
2026-02-01,P0720,20,176.0
2026-02-01,P0721,20,176.0
2026-02-01,P0722,20,176.0
2026-02-01,P0723,20,176.0
2026-02-01,P0724,20,176.0
2026-02-01,P0725,20,176.0
2026-02-01,P0726,20,176.0
2026-02-01,P0727,20,176.0
2026-02-01,P0728,20,176.0
2026-02-01,P0729,20,176.0
2026-02-01,P0730,20,88.0
2026-02-01,P0731,20,176.0
2026-02-01,P0732,20,176.0
2026-02-01,P0733,20,176.0
2026-02-01,P0734,20,176.0
2026-02-01,P0735,20,176.0
2026-02-01,P0736,10,88.0
2026-02-01,P0737,10,88.0
2026-02-01,P0738,10,88.0
2026-02-01,P0739,5,44.0
2026-02-01,P0740,5,44.0
2026-02-01,P0741,2,17.6
2026-02-01,P0742,1,8.8
2026-03-01,P0003,22,193.6
2026-03-01,P0004,22,193.6
2026-03-01,P0005,22,193.6
2026-03-01,P0006,22,193.6
2026-03-01,P0007,22,193.6
2026-03-01,P0008,22,96.8
2026-03-01,P0011,22,193.6
2026-03-01,P0012,22,193.6
2026-03-01,P0013,22,193.6
2026-03-01,P0014,22,193.6
2026-03-01,P0015,22,193.6
2026-03-01,P0016,22,193.6
2026-03-01,P0018,22,193.6
2026-03-01,P0019,22,193.6
2026-03-01,P0020,22,193.6
2026-03-01,P0021,22,193.6
2026-03-01,P0022,22,193.6
2026-03-01,P0023,22,96.8
2026-03-01,P0024,22,193.6
2026-03-01,P0025,22,193.6
2026-03-01,P0026,22,193.6
2026-03-01,P0027,22,193.6
2026-03-01,P0028,22,193.6
2026-03-01,P0029,22,193.6
2026-03-01,P0030,22,193.6
2026-03-01,P0034,22,193.6
2026-03-01,P0035,22,193.6
2026-03-01,P0036,22,193.6
2026-03-01,P0037,22,193.6
2026-03-01,P0038,22,193.6
2026-03-01,P0039,22,193.6
2026-03-01,P0040,22,193.6
2026-03-01,P0041,22,96.8
2026-03-01,P0042,22,193.6
2026-03-01,P0043,22,193.6
2026-03-01,P0044,22,193.6
2026-03-01,P0045,22,193.6
2026-03-01,P0046,22,193.6
2026-03-01,P0047,22,193.6
2026-03-01,P0048,22,193.6
2026-03-01,P0049,22,193.6
2026-03-01,P0050,22,193.6
2026-03-01,P0051,22,193.6
2026-03-01,P0053,22,193.6
2026-03-01,P0054,22,193.6
2026-03-01,P0056,22,193.6
2026-03-01,P0060,22,193.6
2026-03-01,P0061,22,193.6
2026-03-01,P0063,5,44.0
2026-03-01,P0065,22,193.6
2026-03-01,P0066,22,193.6
2026-03-01,P0067,22,193.6
2026-03-01,P0068,22,193.6
2026-03-01,P0069,22,193.6
2026-03-01,P0071,22,193.6
2026-03-01,P0072,22,193.6
2026-03-01,P0073,22,193.6
2026-03-01,P0074,22,193.6
2026-03-01,P0075,22,193.6
2026-03-01,P0076,22,193.6
2026-03-01,P0077,22,193.6
2026-03-01,P0079,22,193.6
2026-03-01,P0080,22,193.6
2026-03-01,P0081,22,96.8
2026-03-01,P0082,22,193.6
2026-03-01,P0085,22,193.6
2026-03-01,P0086,22,193.6
2026-03-01,P0087,22,193.6
2026-03-01,P0089,22,193.6
2026-03-01,P0090,22,193.6
2026-03-01,P0091,22,193.6
2026-03-01,P0092,22,193.6
2026-03-01,P0093,22,193.6
2026-03-01,P0094,22,193.6
2026-03-01,P0095,22,193.6
2026-03-01,P0096,22,193.6
2026-03-01,P0097,22,96.8
2026-03-01,P0098,22,193.6
2026-03-01,P0099,22,193.6
2026-03-01,P0100,22,193.6
2026-03-01,P0101,22,193.6
2026-03-01,P0102,22,193.6
2026-03-01,P0103,22,193.6
2026-03-01,P0104,22,193.6
2026-03-01,P0105,22,193.6
2026-03-01,P0106,22,193.6
2026-03-01,P0108,22,193.6
2026-03-01,P0109,22,193.6
2026-03-01,P0110,22,193.6
2026-03-01,P0111,22,193.6
2026-03-01,P0113,22,193.6
2026-03-01,P0116,22,193.6
2026-03-01,P0117,22,193.6
2026-03-01,P0118,22,193.6
2026-03-01,P0119,22,193.6
2026-03-01,P0120,22,96.8
2026-03-01,P0122,22,193.6
2026-03-01,P0123,22,193.6
2026-03-01,P0125,22,193.6
2026-03-01,P0127,22,193.6
2026-03-01,P0128,22,193.6
2026-03-01,P0129,22,193.6
2026-03-01,P0130,22,193.6
2026-03-01,P0131,22,193.6
2026-03-01,P0132,22,193.6
2026-03-01,P0133,22,193.6
2026-03-01,P0136,22,193.6
2026-03-01,P0137,22,193.6
2026-03-01,P0138,22,193.6
2026-03-01,P0139,22,193.6
2026-03-01,P0140,22,193.6
2026-03-01,P0141,22,193.6
2026-03-01,P0143,22,193.6
2026-03-01,P0146,22,193.6
2026-03-01,P0147,22,193.6
2026-03-01,P0148,22,193.6
2026-03-01,P0149,22,193.6
2026-03-01,P0151,22,193.6
2026-03-01,P0152,22,96.8
2026-03-01,P0154,22,193.6
2026-03-01,P0155,22,193.6
2026-03-01,P0156,22,193.6
2026-03-01,P0157,22,193.6
2026-03-01,P0158,22,193.6
2026-03-01,P0159,22,193.6
2026-03-01,P0160,22,193.6
2026-03-01,P0161,22,193.6
2026-03-01,P0162,22,193.6
2026-03-01,P0165,22,193.6
2026-03-01,P0166,22,193.6
2026-03-01,P0167,22,193.6
2026-03-01,P0168,22,193.6
2026-03-01,P0169,22,193.6
2026-03-01,P0170,22,193.6
2026-03-01,P0171,22,193.6
2026-03-01,P0172,22,193.6
2026-03-01,P0173,22,193.6
2026-03-01,P0174,22,193.6
2026-03-01,P0175,22,193.6
2026-03-01,P0176,22,193.6
2026-03-01,P0177,22,193.6
2026-03-01,P0178,22,193.6
2026-03-01,P0179,22,193.6
2026-03-01,P0180,22,193.6
2026-03-01,P0181,22,193.6
2026-03-01,P0182,22,193.6
2026-03-01,P0183,22,96.8
2026-03-01,P0184,22,193.6
2026-03-01,P0185,22,193.6
2026-03-01,P0186,22,193.6
2026-03-01,P0189,22,193.6
2026-03-01,P0190,22,96.8
2026-03-01,P0192,22,96.8
2026-03-01,P0193,22,193.6
2026-03-01,P0194,22,193.6
2026-03-01,P0195,22,193.6
2026-03-01,P0196,22,193.6
2026-03-01,P0198,22,193.6
2026-03-01,P0199,22,193.6
2026-03-01,P0201,22,193.6
2026-03-01,P0202,22,193.6
2026-03-01,P0203,22,193.6
2026-03-01,P0204,22,193.6
2026-03-01,P0205,22,193.6
2026-03-01,P0206,22,193.6
2026-03-01,P0208,22,193.6
2026-03-01,P0209,22,193.6
2026-03-01,P0210,22,193.6
2026-03-01,P0211,22,193.6
2026-03-01,P0212,22,193.6
2026-03-01,P0213,22,193.6
2026-03-01,P0214,22,193.6
2026-03-01,P0216,22,193.6
2026-03-01,P0217,22,193.6
2026-03-01,P0218,22,193.6
2026-03-01,P0221,22,193.6
2026-03-01,P0222,22,193.6
2026-03-01,P0223,22,193.6
2026-03-01,P0224,22,193.6
2026-03-01,P0226,22,193.6
2026-03-01,P0227,22,193.6
2026-03-01,P0229,22,193.6
2026-03-01,P0230,22,193.6
2026-03-01,P0235,22,193.6
2026-03-01,P0237,22,193.6
2026-03-01,P0238,22,193.6
2026-03-01,P0239,22,193.6
2026-03-01,P0241,22,193.6
2026-03-01,P0242,22,193.6
2026-03-01,P0245,22,193.6
2026-03-01,P0246,22,193.6
2026-03-01,P0248,22,193.6
2026-03-01,P0251,22,193.6
2026-03-01,P0252,22,193.6
2026-03-01,P0253,22,193.6
2026-03-01,P0254,22,193.6
2026-03-01,P0255,22,193.6
2026-03-01,P0256,22,193.6
2026-03-01,P0257,22,193.6
2026-03-01,P0258,22,96.8
2026-03-01,P0260,22,193.6
2026-03-01,P0261,22,193.6
2026-03-01,P0262,22,96.8
2026-03-01,P0263,22,193.6
2026-03-01,P0264,22,193.6
2026-03-01,P0265,22,193.6
2026-03-01,P0266,22,193.6
2026-03-01,P0267,22,193.6
2026-03-01,P0268,22,193.6
2026-03-01,P0269,22,193.6
2026-03-01,P0271,22,193.6
2026-03-01,P0272,22,193.6
2026-03-01,P0273,22,193.6
2026-03-01,P0275,22,193.6
2026-03-01,P0276,22,96.8
2026-03-01,P0277,22,193.6
2026-03-01,P0278,22,193.6
2026-03-01,P0279,22,193.6
2026-03-01,P0281,22,193.6
2026-03-01,P0282,22,193.6
2026-03-01,P0283,22,96.8
2026-03-01,P0285,22,193.6
2026-03-01,P0287,22,193.6
2026-03-01,P0288,22,193.6
2026-03-01,P0289,22,193.6
2026-03-01,P0291,22,96.8
2026-03-01,P0294,22,193.6
2026-03-01,P0295,22,193.6
2026-03-01,P0296,22,193.6
2026-03-01,P0297,22,193.6
2026-03-01,P0298,22,193.6
2026-03-01,P0299,22,193.6
2026-03-01,P0300,22,193.6
2026-03-01,P0301,22,193.6
2026-03-01,P0302,22,193.6
2026-03-01,P0303,22,193.6
2026-03-01,P0304,22,193.6
2026-03-01,P0305,22,193.6
2026-03-01,P0306,22,193.6
2026-03-01,P0308,22,96.8
2026-03-01,P0309,22,193.6
2026-03-01,P0311,22,193.6
2026-03-01,P0313,22,193.6
2026-03-01,P0314,22,193.6
2026-03-01,P0315,22,193.6
2026-03-01,P0316,22,193.6
2026-03-01,P0317,22,193.6
2026-03-01,P0318,22,193.6
2026-03-01,P0319,22,193.6
2026-03-01,P0320,22,193.6
2026-03-01,P0321,22,193.6
2026-03-01,P0323,22,96.8
2026-03-01,P0324,22,193.6
2026-03-01,P0325,22,193.6
2026-03-01,P0326,22,193.6
2026-03-01,P0327,22,96.8
2026-03-01,P0330,22,193.6
2026-03-01,P0331,22,193.6
2026-03-01,P0333,22,193.6
2026-03-01,P0335,22,193.6
2026-03-01,P0337,22,193.6
2026-03-01,P0339,22,193.6
2026-03-01,P0340,22,193.6
2026-03-01,P0342,22,96.8
2026-03-01,P0343,22,96.8
2026-03-01,P0344,22,193.6
2026-03-01,P0345,22,193.6
2026-03-01,P0347,22,193.6
2026-03-01,P0348,22,193.6
2026-03-01,P0349,22,193.6
2026-03-01,P0352,22,193.6
2026-03-01,P0353,22,193.6
2026-03-01,P0354,22,193.6
2026-03-01,P0356,22,193.6
2026-03-01,P0357,22,193.6
2026-03-01,P0358,22,193.6
2026-03-01,P0359,22,193.6
2026-03-01,P0360,22,193.6
2026-03-01,P0361,22,193.6
2026-03-01,P0363,22,96.8
2026-03-01,P0364,22,96.8
2026-03-01,P0365,22,193.6
2026-03-01,P0366,22,193.6
2026-03-01,P0367,22,193.6
2026-03-01,P0368,22,193.6
2026-03-01,P0369,22,193.6
2026-03-01,P0370,22,193.6
2026-03-01,P0371,22,193.6
2026-03-01,P0372,22,193.6
2026-03-01,P0373,22,193.6
2026-03-01,P0374,22,96.8
2026-03-01,P0375,22,96.8
2026-03-01,P0376,22,193.6
2026-03-01,P0377,22,193.6
2026-03-01,P0378,22,193.6
2026-03-01,P0379,22,193.6
2026-03-01,P0380,22,193.6
2026-03-01,P0382,22,193.6
2026-03-01,P0383,22,193.6
2026-03-01,P0384,22,193.6
2026-03-01,P0386,22,193.6
2026-03-01,P0388,22,193.6
2026-03-01,P0389,22,193.6
2026-03-01,P0390,22,96.8
2026-03-01,P0391,22,193.6
2026-03-01,P0392,22,193.6
2026-03-01,P0393,22,193.6
2026-03-01,P0394,22,193.6
2026-03-01,P0395,22,193.6
2026-03-01,P0396,22,193.6
2026-03-01,P0398,22,193.6
2026-03-01,P0399,22,193.6
2026-03-01,P0400,22,193.6
2026-03-01,P0401,22,193.6
2026-03-01,P0402,22,193.6
2026-03-01,P0403,22,193.6
2026-03-01,P0404,22,96.8
2026-03-01,P0405,22,193.6
2026-03-01,P0406,22,193.6
2026-03-01,P0407,22,193.6
2026-03-01,P0409,22,193.6
2026-03-01,P0410,22,193.6
2026-03-01,P0411,22,193.6
2026-03-01,P0412,22,193.6
2026-03-01,P0413,22,193.6
2026-03-01,P0414,22,193.6
2026-03-01,P0415,22,193.6
2026-03-01,P0416,22,193.6
2026-03-01,P0417,22,193.6
2026-03-01,P0418,22,193.6
2026-03-01,P0419,22,193.6
2026-03-01,P0420,22,193.6
2026-03-01,P0421,22,193.6
2026-03-01,P0422,22,193.6
2026-03-01,P0423,22,193.6
2026-03-01,P0425,22,193.6
2026-03-01,P0426,22,193.6
2026-03-01,P0427,22,193.6
2026-03-01,P0428,22,193.6
2026-03-01,P0429,22,193.6
2026-03-01,P0431,22,193.6
2026-03-01,P0432,22,193.6
2026-03-01,P0435,22,193.6
2026-03-01,P0436,22,193.6
2026-03-01,P0437,22,193.6
2026-03-01,P0439,22,193.6
2026-03-01,P0440,22,193.6
2026-03-01,P0441,22,96.8
2026-03-01,P0442,22,193.6
2026-03-01,P0443,22,193.6
2026-03-01,P0444,22,193.6
2026-03-01,P0445,22,193.6
2026-03-01,P0448,22,193.6
2026-03-01,P0451,22,193.6
2026-03-01,P0454,22,193.6
2026-03-01,P0455,22,193.6
2026-03-01,P0456,22,193.6
2026-03-01,P0459,22,193.6
2026-03-01,P0460,22,193.6
2026-03-01,P0461,22,193.6
2026-03-01,P0463,22,193.6
2026-03-01,P0464,22,193.6
2026-03-01,P0465,22,193.6
2026-03-01,P0466,22,193.6
2026-03-01,P0467,22,193.6
2026-03-01,P0468,22,193.6
2026-03-01,P0470,22,193.6
2026-03-01,P0471,22,193.6
2026-03-01,P0473,22,193.6
2026-03-01,P0474,22,193.6
2026-03-01,P0475,22,193.6
2026-03-01,P0476,22,193.6
2026-03-01,P0478,22,193.6
2026-03-01,P0479,22,193.6
2026-03-01,P0480,22,193.6
2026-03-01,P0482,22,193.6
2026-03-01,P0483,22,193.6
2026-03-01,P0484,22,193.6
2026-03-01,P0485,22,193.6
2026-03-01,P0486,22,193.6
2026-03-01,P0487,22,96.8
2026-03-01,P0488,22,193.6
2026-03-01,P0489,22,193.6
2026-03-01,P0490,22,193.6
2026-03-01,P0491,22,193.6
2026-03-01,P0492,22,193.6
2026-03-01,P0493,22,96.8
2026-03-01,P0495,22,193.6
2026-03-01,P0496,22,193.6
2026-03-01,P0497,22,193.6
2026-03-01,P0499,22,193.6
2026-03-01,P0500,22,96.8
2026-03-01,P0501,22,193.6
2026-03-01,P0502,22,193.6
2026-03-01,P0503,22,193.6
2026-03-01,P0504,22,96.8
2026-03-01,P0505,22,193.6
2026-03-01,P0506,22,193.6
2026-03-01,P0507,22,193.6
2026-03-01,P0509,22,193.6
2026-03-01,P0510,22,193.6
2026-03-01,P0511,22,193.6
2026-03-01,P0513,22,193.6
2026-03-01,P0514,22,193.6
2026-03-01,P0515,22,193.6
2026-03-01,P0516,22,193.6
2026-03-01,P0517,22,193.6
2026-03-01,P0518,22,193.6
2026-03-01,P0519,22,96.8
2026-03-01,P0520,22,193.6
2026-03-01,P0522,22,193.6
2026-03-01,P0523,22,193.6
2026-03-01,P0524,22,193.6
2026-03-01,P0526,22,96.8
2026-03-01,P0527,22,193.6
2026-03-01,P0529,22,193.6
2026-03-01,P0530,22,193.6
2026-03-01,P0532,22,193.6
2026-03-01,P0534,22,193.6
2026-03-01,P0535,22,193.6
2026-03-01,P0537,22,193.6
2026-03-01,P0539,22,193.6
2026-03-01,P0540,22,193.6
2026-03-01,P0541,22,193.6
2026-03-01,P0542,22,193.6
2026-03-01,P0543,22,193.6
2026-03-01,P0545,22,193.6
2026-03-01,P0546,22,193.6
2026-03-01,P0547,22,96.8
2026-03-01,P0549,22,193.6
2026-03-01,P0550,22,193.6
2026-03-01,P0551,22,193.6
2026-03-01,P0553,22,193.6
2026-03-01,P0555,22,193.6
2026-03-01,P0556,22,193.6
2026-03-01,P0557,22,193.6
2026-03-01,P0558,22,193.6
2026-03-01,P0559,22,96.8
2026-03-01,P0560,22,193.6
2026-03-01,P0561,22,193.6
2026-03-01,P0563,22,193.6
2026-03-01,P0564,22,193.6
2026-03-01,P0567,22,193.6
2026-03-01,P0568,22,193.6
2026-03-01,P0569,22,193.6
2026-03-01,P0571,22,193.6
2026-03-01,P0574,22,193.6
2026-03-01,P0575,22,193.6
2026-03-01,P0576,22,193.6
2026-03-01,P0579,22,193.6
2026-03-01,P0580,22,193.6
2026-03-01,P0581,22,193.6
2026-03-01,P0582,22,193.6
2026-03-01,P0583,22,193.6
2026-03-01,P0584,22,193.6
2026-03-01,P0585,22,193.6
2026-03-01,P0587,22,193.6
2026-03-01,P0588,22,193.6
2026-03-01,P0589,22,193.6
2026-03-01,P0590,22,96.8
2026-03-01,P0591,22,193.6
2026-03-01,P0593,22,193.6
2026-03-01,P0595,22,193.6
2026-03-01,P0596,22,193.6
2026-03-01,P0597,22,193.6
2026-03-01,P0598,22,193.6
2026-03-01,P0599,22,193.6
2026-03-01,P0600,22,193.6
2026-03-01,P0601,22,96.8
2026-03-01,P0602,22,193.6
2026-03-01,P0603,22,193.6
2026-03-01,P0604,22,193.6
2026-03-01,P0606,22,193.6
2026-03-01,P0607,22,193.6
2026-03-01,P0608,22,193.6
2026-03-01,P0609,22,193.6
2026-03-01,P0610,22,193.6
2026-03-01,P0612,22,193.6
2026-03-01,P0613,22,96.8
2026-03-01,P0615,22,193.6
2026-03-01,P0616,22,193.6
2026-03-01,P0617,22,193.6
2026-03-01,P0619,22,193.6
2026-03-01,P0620,22,193.6
2026-03-01,P0622,22,96.8
2026-03-01,P0623,22,193.6
2026-03-01,P0624,22,193.6
2026-03-01,P0625,22,193.6
2026-03-01,P0626,22,193.6
2026-03-01,P0627,22,96.8
2026-03-01,P0628,22,193.6
2026-03-01,P0630,22,193.6
2026-03-01,P0631,22,193.6
2026-03-01,P0632,22,193.6
2026-03-01,P0634,22,193.6
2026-03-01,P0635,22,193.6
2026-03-01,P0636,22,96.8
2026-03-01,P0637,22,193.6
2026-03-01,P0638,22,193.6
2026-03-01,P0639,22,193.6
2026-03-01,P0640,22,96.8
2026-03-01,P0641,22,193.6
2026-03-01,P0642,22,193.6
2026-03-01,P0643,22,193.6
2026-03-01,P0644,22,193.6
2026-03-01,P0646,22,193.6
2026-03-01,P0647,22,193.6
2026-03-01,P0648,22,193.6
2026-03-01,P0649,8,70.4
2026-03-01,P0650,22,96.8
2026-03-01,P0651,22,193.6
2026-03-01,P0652,22,193.6
2026-03-01,P0653,22,193.6
2026-03-01,P0655,22,193.6
2026-03-01,P0656,22,193.6
2026-03-01,P0657,22,193.6
2026-03-01,P0658,22,193.6
2026-03-01,P0659,22,193.6
2026-03-01,P0661,22,193.6
2026-03-01,P0662,22,193.6
2026-03-01,P0664,22,193.6
2026-03-01,P0665,22,193.6
2026-03-01,P0666,22,193.6
2026-03-01,P0667,22,193.6
2026-03-01,P0669,22,193.6
2026-03-01,P0671,22,193.6
2026-03-01,P0673,22,193.6
2026-03-01,P0675,22,193.6
2026-03-01,P0676,22,193.6
2026-03-01,P0678,22,96.8
2026-03-01,P0679,22,193.6
2026-03-01,P0680,22,193.6
2026-03-01,P0681,22,193.6
2026-03-01,P0682,22,193.6
2026-03-01,P0683,22,193.6
2026-03-01,P0684,22,193.6
2026-03-01,P0685,22,96.8
2026-03-01,P0686,22,193.6
2026-03-01,P0687,22,193.6
2026-03-01,P0688,22,193.6
2026-03-01,P0689,22,193.6
2026-03-01,P0690,22,193.6
2026-03-01,P0691,22,193.6
2026-03-01,P0692,22,193.6
2026-03-01,P0693,22,193.6
2026-03-01,P0694,22,193.6
2026-03-01,P0695,18,158.4
2026-03-01,P0696,22,193.6
2026-03-01,P0697,22,193.6
2026-03-01,P0698,22,193.6
2026-03-01,P0699,22,193.6
2026-03-01,P0700,22,193.6
2026-03-01,P0701,22,193.6
2026-03-01,P0702,22,193.6
2026-03-01,P0703,9,79.2
2026-03-01,P0704,22,193.6
2026-03-01,P0705,22,193.6
2026-03-01,P0706,22,193.6
2026-03-01,P0707,22,193.6
2026-03-01,P0708,22,193.6
2026-03-01,P0709,22,193.6
2026-03-01,P0710,22,96.8
2026-03-01,P0712,22,193.6
2026-03-01,P0713,22,193.6
2026-03-01,P0714,22,193.6
2026-03-01,P0715,22,193.6
2026-03-01,P0716,22,193.6
2026-03-01,P0717,22,193.6
2026-03-01,P0718,22,193.6
2026-03-01,P0719,22,193.6
2026-03-01,P0720,22,193.6
2026-03-01,P0721,22,193.6
2026-03-01,P0722,22,193.6
2026-03-01,P0723,22,193.6
2026-03-01,P0724,22,193.6
2026-03-01,P0725,22,193.6
2026-03-01,P0726,6,52.8
2026-03-01,P0727,22,193.6
2026-03-01,P0728,22,193.6
2026-03-01,P0729,22,193.6
2026-03-01,P0730,22,96.8
2026-03-01,P0731,22,193.6
2026-03-01,P0732,22,193.6
2026-03-01,P0733,22,193.6
2026-03-01,P0734,22,193.6
2026-03-01,P0735,22,193.6
2026-03-01,P0736,22,193.6
2026-03-01,P0737,22,193.6
2026-03-01,P0738,22,193.6
2026-03-01,P0739,22,193.6
2026-03-01,P0740,22,193.6
2026-03-01,P0741,22,193.6
2026-03-01,P0742,22,193.6
2026-03-01,P0743,22,193.6
2026-03-01,P0744,19,167.2
2026-03-01,P0745,18,158.4
2026-03-01,P0746,17,149.6
2026-03-01,P0747,10,88.0
2026-03-01,P0748,9,79.2
2026-03-01,P0749,5,22.0
2026-03-01,P0750,2,17.6
2026-04-01,P0003,22,193.6
2026-04-01,P0004,22,193.6
2026-04-01,P0005,22,193.6
2026-04-01,P0006,22,193.6
2026-04-01,P0007,22,193.6
2026-04-01,P0008,22,96.8
2026-04-01,P0011,22,193.6
2026-04-01,P0012,22,193.6
2026-04-01,P0013,22,193.6
2026-04-01,P0014,22,193.6
2026-04-01,P0015,22,193.6
2026-04-01,P0016,22,193.6
2026-04-01,P0018,22,193.6
2026-04-01,P0019,22,193.6
2026-04-01,P0020,22,193.6
2026-04-01,P0021,22,193.6
2026-04-01,P0022,22,193.6
2026-04-01,P0023,22,96.8
2026-04-01,P0024,22,193.6
2026-04-01,P0025,22,193.6
2026-04-01,P0026,22,193.6
2026-04-01,P0027,22,193.6
2026-04-01,P0028,22,193.6
2026-04-01,P0029,22,193.6
2026-04-01,P0030,22,193.6
2026-04-01,P0034,22,193.6
2026-04-01,P0035,22,193.6
2026-04-01,P0036,22,193.6
2026-04-01,P0037,22,193.6
2026-04-01,P0038,22,193.6
2026-04-01,P0039,22,193.6
2026-04-01,P0040,22,193.6
2026-04-01,P0041,22,96.8
2026-04-01,P0042,22,193.6
2026-04-01,P0043,22,193.6
2026-04-01,P0044,22,193.6
2026-04-01,P0045,22,193.6
2026-04-01,P0046,22,193.6
2026-04-01,P0047,22,193.6
2026-04-01,P0048,22,193.6
2026-04-01,P0049,22,193.6
2026-04-01,P0050,22,193.6
2026-04-01,P0051,22,193.6
2026-04-01,P0053,22,193.6
2026-04-01,P0054,22,193.6
2026-04-01,P0056,22,193.6
2026-04-01,P0060,22,193.6
2026-04-01,P0061,22,193.6
2026-04-01,P0065,22,193.6
2026-04-01,P0066,22,193.6
2026-04-01,P0067,22,193.6
2026-04-01,P0068,22,193.6
2026-04-01,P0069,22,193.6
2026-04-01,P0071,22,193.6
2026-04-01,P0072,22,193.6
2026-04-01,P0073,22,193.6
2026-04-01,P0074,22,193.6
2026-04-01,P0075,22,193.6
2026-04-01,P0076,22,193.6
2026-04-01,P0077,22,193.6
2026-04-01,P0079,22,193.6
2026-04-01,P0080,22,193.6
2026-04-01,P0081,22,96.8
2026-04-01,P0082,22,193.6
2026-04-01,P0085,22,193.6
2026-04-01,P0086,22,193.6
2026-04-01,P0087,22,193.6
2026-04-01,P0089,22,193.6
2026-04-01,P0090,22,193.6
2026-04-01,P0091,22,193.6
2026-04-01,P0092,22,193.6
2026-04-01,P0093,22,193.6
2026-04-01,P0094,22,193.6
2026-04-01,P0095,22,193.6
2026-04-01,P0096,22,193.6
2026-04-01,P0097,22,96.8
2026-04-01,P0098,22,193.6
2026-04-01,P0099,22,193.6
2026-04-01,P0100,22,193.6
2026-04-01,P0101,22,193.6
2026-04-01,P0102,22,193.6
2026-04-01,P0103,22,193.6
2026-04-01,P0104,22,193.6
2026-04-01,P0105,22,193.6
2026-04-01,P0106,22,193.6
2026-04-01,P0108,22,193.6
2026-04-01,P0109,22,193.6
2026-04-01,P0110,22,193.6
2026-04-01,P0111,22,193.6
2026-04-01,P0113,22,193.6
2026-04-01,P0116,22,193.6
2026-04-01,P0117,22,193.6
2026-04-01,P0118,22,193.6
2026-04-01,P0119,22,193.6
2026-04-01,P0120,22,96.8
2026-04-01,P0122,22,193.6
2026-04-01,P0123,22,193.6
2026-04-01,P0125,22,193.6
2026-04-01,P0127,22,193.6
2026-04-01,P0128,22,193.6
2026-04-01,P0129,22,193.6
2026-04-01,P0130,22,193.6
2026-04-01,P0131,22,193.6
2026-04-01,P0132,22,193.6
2026-04-01,P0133,22,193.6
2026-04-01,P0136,22,193.6
2026-04-01,P0137,22,193.6
2026-04-01,P0138,22,193.6
2026-04-01,P0139,22,193.6
2026-04-01,P0140,22,193.6
2026-04-01,P0141,22,193.6
2026-04-01,P0143,22,193.6
2026-04-01,P0146,8,70.4
2026-04-01,P0147,22,193.6
2026-04-01,P0148,22,193.6
2026-04-01,P0149,22,193.6
2026-04-01,P0151,22,193.6
2026-04-01,P0152,22,96.8
2026-04-01,P0154,22,193.6
2026-04-01,P0155,22,193.6
2026-04-01,P0156,22,193.6
2026-04-01,P0157,22,193.6
2026-04-01,P0158,22,193.6
2026-04-01,P0159,22,193.6
2026-04-01,P0160,22,193.6
2026-04-01,P0161,22,193.6
2026-04-01,P0162,22,193.6
2026-04-01,P0165,22,193.6
2026-04-01,P0166,22,193.6
2026-04-01,P0167,22,193.6
2026-04-01,P0168,22,193.6
2026-04-01,P0169,22,193.6
2026-04-01,P0170,22,193.6
2026-04-01,P0171,22,193.6
2026-04-01,P0172,22,193.6
2026-04-01,P0173,22,193.6
2026-04-01,P0174,22,193.6
2026-04-01,P0175,22,193.6
2026-04-01,P0176,22,193.6
2026-04-01,P0177,22,193.6
2026-04-01,P0178,22,193.6
2026-04-01,P0179,22,193.6
2026-04-01,P0180,22,193.6
2026-04-01,P0181,22,193.6
2026-04-01,P0182,22,193.6
2026-04-01,P0183,22,96.8
2026-04-01,P0184,22,193.6
2026-04-01,P0185,22,193.6
2026-04-01,P0186,22,193.6
2026-04-01,P0189,22,193.6
2026-04-01,P0190,22,96.8
2026-04-01,P0192,22,96.8
2026-04-01,P0193,22,193.6
2026-04-01,P0194,22,193.6
2026-04-01,P0195,22,193.6
2026-04-01,P0196,22,193.6
2026-04-01,P0198,22,193.6
2026-04-01,P0199,22,193.6
2026-04-01,P0201,22,193.6
2026-04-01,P0202,22,193.6
2026-04-01,P0203,22,193.6
2026-04-01,P0204,22,193.6
2026-04-01,P0205,22,193.6
2026-04-01,P0206,22,193.6
2026-04-01,P0208,22,193.6
2026-04-01,P0209,22,193.6
2026-04-01,P0210,22,193.6
2026-04-01,P0211,22,193.6
2026-04-01,P0212,22,193.6
2026-04-01,P0213,22,193.6
2026-04-01,P0214,22,193.6
2026-04-01,P0216,22,193.6
2026-04-01,P0217,22,193.6
2026-04-01,P0218,22,193.6
2026-04-01,P0221,22,193.6
2026-04-01,P0222,22,193.6
2026-04-01,P0223,22,193.6
2026-04-01,P0224,22,193.6
2026-04-01,P0226,22,193.6
2026-04-01,P0227,22,193.6
2026-04-01,P0229,22,193.6
2026-04-01,P0230,22,193.6
2026-04-01,P0235,22,193.6
2026-04-01,P0237,22,193.6
2026-04-01,P0238,22,193.6
2026-04-01,P0239,22,193.6
2026-04-01,P0241,22,193.6
2026-04-01,P0242,22,193.6
2026-04-01,P0245,22,193.6
2026-04-01,P0246,22,193.6
2026-04-01,P0248,22,193.6
2026-04-01,P0251,22,193.6
2026-04-01,P0252,22,193.6
2026-04-01,P0253,22,193.6
2026-04-01,P0254,22,193.6
2026-04-01,P0255,1,8.8
2026-04-01,P0256,22,193.6
2026-04-01,P0257,22,193.6
2026-04-01,P0258,22,96.8
2026-04-01,P0260,22,193.6
2026-04-01,P0261,22,193.6
2026-04-01,P0262,22,96.8
2026-04-01,P0263,22,193.6
2026-04-01,P0264,18,158.4
2026-04-01,P0265,22,193.6
2026-04-01,P0266,22,193.6
2026-04-01,P0267,22,193.6
2026-04-01,P0268,22,193.6
2026-04-01,P0269,22,193.6
2026-04-01,P0271,22,193.6
2026-04-01,P0272,22,193.6
2026-04-01,P0273,22,193.6
2026-04-01,P0275,22,193.6
2026-04-01,P0276,22,96.8
2026-04-01,P0277,22,193.6
2026-04-01,P0278,22,193.6
2026-04-01,P0279,22,193.6
2026-04-01,P0281,22,193.6
2026-04-01,P0282,22,193.6
2026-04-01,P0283,22,96.8
2026-04-01,P0285,22,193.6
2026-04-01,P0287,22,193.6
2026-04-01,P0288,22,193.6
2026-04-01,P0289,22,193.6
2026-04-01,P0291,22,96.8
2026-04-01,P0294,22,193.6
2026-04-01,P0295,22,193.6
2026-04-01,P0296,22,193.6
2026-04-01,P0297,22,193.6
2026-04-01,P0298,22,193.6
2026-04-01,P0299,22,193.6
2026-04-01,P0300,22,193.6
2026-04-01,P0301,22,193.6
2026-04-01,P0302,22,193.6
2026-04-01,P0303,22,193.6
2026-04-01,P0304,22,193.6
2026-04-01,P0305,22,193.6
2026-04-01,P0306,22,193.6
2026-04-01,P0308,22,96.8
2026-04-01,P0309,22,193.6
2026-04-01,P0311,22,193.6
2026-04-01,P0313,22,193.6
2026-04-01,P0314,22,193.6
2026-04-01,P0315,22,193.6
2026-04-01,P0316,22,193.6
2026-04-01,P0317,22,193.6
2026-04-01,P0318,22,193.6
2026-04-01,P0319,22,193.6
2026-04-01,P0320,22,193.6
2026-04-01,P0321,22,193.6
2026-04-01,P0323,22,96.8
2026-04-01,P0324,22,193.6
2026-04-01,P0325,22,193.6
2026-04-01,P0326,22,193.6
2026-04-01,P0327,22,96.8
2026-04-01,P0330,22,193.6
2026-04-01,P0331,22,193.6
2026-04-01,P0333,22,193.6
2026-04-01,P0335,22,193.6
2026-04-01,P0337,22,193.6
2026-04-01,P0339,22,193.6
2026-04-01,P0340,22,193.6
2026-04-01,P0342,22,96.8
2026-04-01,P0343,22,96.8
2026-04-01,P0344,22,193.6
2026-04-01,P0345,22,193.6
2026-04-01,P0347,22,193.6
2026-04-01,P0348,22,193.6
2026-04-01,P0349,22,193.6
2026-04-01,P0352,22,193.6
2026-04-01,P0353,22,193.6
2026-04-01,P0354,22,193.6
2026-04-01,P0356,22,193.6
2026-04-01,P0357,22,193.6
2026-04-01,P0358,16,140.8
2026-04-01,P0359,22,193.6
2026-04-01,P0360,22,193.6
2026-04-01,P0361,22,193.6
2026-04-01,P0363,22,96.8
2026-04-01,P0364,22,96.8
2026-04-01,P0365,22,193.6
2026-04-01,P0366,22,193.6
2026-04-01,P0367,22,193.6
2026-04-01,P0368,22,193.6
2026-04-01,P0369,22,193.6
2026-04-01,P0370,22,193.6
2026-04-01,P0371,22,193.6
2026-04-01,P0372,22,193.6
2026-04-01,P0373,22,193.6
2026-04-01,P0374,22,96.8
2026-04-01,P0375,22,96.8
2026-04-01,P0376,22,193.6
2026-04-01,P0377,22,193.6
2026-04-01,P0378,22,193.6
2026-04-01,P0379,22,193.6
2026-04-01,P0380,22,193.6
2026-04-01,P0382,22,193.6
2026-04-01,P0383,22,193.6
2026-04-01,P0384,22,193.6
2026-04-01,P0386,22,193.6
2026-04-01,P0388,22,193.6
2026-04-01,P0389,22,193.6
2026-04-01,P0390,22,96.8
2026-04-01,P0391,22,193.6
2026-04-01,P0392,22,193.6
2026-04-01,P0393,22,193.6
2026-04-01,P0394,22,193.6
2026-04-01,P0395,22,193.6
2026-04-01,P0396,22,193.6
2026-04-01,P0398,22,193.6
2026-04-01,P0399,22,193.6
2026-04-01,P0400,22,193.6
2026-04-01,P0401,22,193.6
2026-04-01,P0402,22,193.6
2026-04-01,P0403,22,193.6
2026-04-01,P0404,22,96.8
2026-04-01,P0405,22,193.6
2026-04-01,P0406,22,193.6
2026-04-01,P0407,22,193.6
2026-04-01,P0409,22,193.6
2026-04-01,P0410,22,193.6
2026-04-01,P0411,22,193.6
2026-04-01,P0412,22,193.6
2026-04-01,P0413,22,193.6
2026-04-01,P0414,22,193.6
2026-04-01,P0415,22,193.6
2026-04-01,P0416,22,193.6
2026-04-01,P0417,22,193.6
2026-04-01,P0418,22,193.6
2026-04-01,P0419,22,193.6
2026-04-01,P0420,22,193.6
2026-04-01,P0421,22,193.6
2026-04-01,P0422,22,193.6
2026-04-01,P0423,22,193.6
2026-04-01,P0425,22,193.6
2026-04-01,P0426,22,193.6
2026-04-01,P0427,22,193.6
2026-04-01,P0428,22,193.6
2026-04-01,P0429,22,193.6
2026-04-01,P0431,22,193.6
2026-04-01,P0432,22,193.6
2026-04-01,P0435,22,193.6
2026-04-01,P0436,22,193.6
2026-04-01,P0437,22,193.6
2026-04-01,P0439,22,193.6
2026-04-01,P0440,22,193.6
2026-04-01,P0441,22,96.8
2026-04-01,P0442,22,193.6
2026-04-01,P0443,22,193.6
2026-04-01,P0444,22,193.6
2026-04-01,P0445,22,193.6
2026-04-01,P0448,22,193.6
2026-04-01,P0451,22,193.6
2026-04-01,P0454,22,193.6
2026-04-01,P0455,22,193.6
2026-04-01,P0456,22,193.6
2026-04-01,P0459,22,193.6
2026-04-01,P0460,22,193.6
2026-04-01,P0461,22,193.6
2026-04-01,P0463,22,193.6
2026-04-01,P0464,22,193.6
2026-04-01,P0465,22,193.6
2026-04-01,P0466,22,193.6
2026-04-01,P0467,22,193.6
2026-04-01,P0468,22,193.6
2026-04-01,P0470,22,193.6
2026-04-01,P0471,22,193.6
2026-04-01,P0473,22,193.6
2026-04-01,P0474,22,193.6
2026-04-01,P0475,22,193.6
2026-04-01,P0476,22,193.6
2026-04-01,P0478,22,193.6
2026-04-01,P0479,22,193.6
2026-04-01,P0480,22,193.6
2026-04-01,P0482,22,193.6
2026-04-01,P0483,22,193.6
2026-04-01,P0484,22,193.6
2026-04-01,P0485,22,193.6
2026-04-01,P0486,22,193.6
2026-04-01,P0487,22,96.8
2026-04-01,P0488,22,193.6
2026-04-01,P0489,22,193.6
2026-04-01,P0490,22,193.6
2026-04-01,P0491,22,193.6
2026-04-01,P0492,22,193.6
2026-04-01,P0493,22,96.8
2026-04-01,P0495,22,193.6
2026-04-01,P0496,22,193.6
2026-04-01,P0497,22,193.6
2026-04-01,P0499,22,193.6
2026-04-01,P0500,22,96.8
2026-04-01,P0501,22,193.6
2026-04-01,P0502,22,193.6
2026-04-01,P0503,22,193.6
2026-04-01,P0504,22,96.8
2026-04-01,P0505,22,193.6
2026-04-01,P0506,22,193.6
2026-04-01,P0507,22,193.6
2026-04-01,P0509,22,193.6
2026-04-01,P0510,22,193.6
2026-04-01,P0511,22,193.6
2026-04-01,P0513,22,193.6
2026-04-01,P0514,22,193.6
2026-04-01,P0515,22,193.6
2026-04-01,P0516,22,193.6
2026-04-01,P0517,22,193.6
2026-04-01,P0518,22,193.6
2026-04-01,P0519,22,96.8
2026-04-01,P0520,22,193.6
2026-04-01,P0522,22,193.6
2026-04-01,P0523,22,193.6
2026-04-01,P0524,22,193.6
2026-04-01,P0526,22,96.8
2026-04-01,P0527,22,193.6
2026-04-01,P0529,22,193.6
2026-04-01,P0530,22,193.6
2026-04-01,P0532,22,193.6
2026-04-01,P0534,22,193.6
2026-04-01,P0535,22,193.6
2026-04-01,P0537,22,193.6
2026-04-01,P0539,22,193.6
2026-04-01,P0540,22,193.6
2026-04-01,P0541,22,193.6
2026-04-01,P0542,22,193.6
2026-04-01,P0543,22,193.6
2026-04-01,P0545,22,193.6
2026-04-01,P0546,22,193.6
2026-04-01,P0547,22,96.8
2026-04-01,P0549,22,193.6
2026-04-01,P0550,22,193.6
2026-04-01,P0551,22,193.6
2026-04-01,P0553,22,193.6
2026-04-01,P0555,22,193.6
2026-04-01,P0556,22,193.6
2026-04-01,P0557,22,193.6
2026-04-01,P0558,22,193.6
2026-04-01,P0559,22,96.8
2026-04-01,P0560,22,193.6
2026-04-01,P0561,22,193.6
2026-04-01,P0563,22,193.6
2026-04-01,P0564,22,193.6
2026-04-01,P0567,22,193.6
2026-04-01,P0568,22,193.6
2026-04-01,P0569,22,193.6
2026-04-01,P0571,22,193.6
2026-04-01,P0574,22,193.6
2026-04-01,P0575,22,193.6
2026-04-01,P0576,22,193.6
2026-04-01,P0579,22,193.6
2026-04-01,P0580,22,193.6
2026-04-01,P0581,22,193.6
2026-04-01,P0582,22,193.6
2026-04-01,P0583,22,193.6
2026-04-01,P0584,22,193.6
2026-04-01,P0585,22,193.6
2026-04-01,P0587,22,193.6
2026-04-01,P0588,22,193.6
2026-04-01,P0589,22,193.6
2026-04-01,P0590,22,96.8
2026-04-01,P0591,22,193.6
2026-04-01,P0593,22,193.6
2026-04-01,P0595,22,193.6
2026-04-01,P0596,22,193.6
2026-04-01,P0597,22,193.6
2026-04-01,P0598,22,193.6
2026-04-01,P0599,22,193.6
2026-04-01,P0600,22,193.6
2026-04-01,P0601,22,96.8
2026-04-01,P0602,22,193.6
2026-04-01,P0603,22,193.6
2026-04-01,P0604,22,193.6
2026-04-01,P0606,22,193.6
2026-04-01,P0607,22,193.6
2026-04-01,P0608,22,193.6
2026-04-01,P0609,22,193.6
2026-04-01,P0610,22,193.6
2026-04-01,P0612,22,193.6
2026-04-01,P0613,22,96.8
2026-04-01,P0615,22,193.6
2026-04-01,P0616,22,193.6
2026-04-01,P0617,22,193.6
2026-04-01,P0619,22,193.6
2026-04-01,P0620,22,193.6
2026-04-01,P0622,22,96.8
2026-04-01,P0623,22,193.6
2026-04-01,P0624,22,193.6
2026-04-01,P0625,22,193.6
2026-04-01,P0626,22,193.6
2026-04-01,P0627,22,96.8
2026-04-01,P0628,22,193.6
2026-04-01,P0630,22,193.6
2026-04-01,P0631,22,193.6
2026-04-01,P0632,22,193.6
2026-04-01,P0634,22,193.6
2026-04-01,P0635,22,193.6
2026-04-01,P0636,22,96.8
2026-04-01,P0637,22,193.6
2026-04-01,P0638,22,193.6
2026-04-01,P0639,22,193.6
2026-04-01,P0640,22,96.8
2026-04-01,P0641,22,193.6
2026-04-01,P0642,22,193.6
2026-04-01,P0643,22,193.6
2026-04-01,P0644,22,193.6
2026-04-01,P0646,22,193.6
2026-04-01,P0647,22,193.6
2026-04-01,P0648,22,193.6
2026-04-01,P0650,22,96.8
2026-04-01,P0651,22,193.6
2026-04-01,P0652,22,193.6
2026-04-01,P0653,22,193.6
2026-04-01,P0655,22,193.6
2026-04-01,P0656,22,193.6
2026-04-01,P0657,22,193.6
2026-04-01,P0658,22,193.6
2026-04-01,P0659,22,193.6
2026-04-01,P0661,22,193.6
2026-04-01,P0662,22,193.6
2026-04-01,P0664,22,193.6
2026-04-01,P0665,22,193.6
2026-04-01,P0666,22,193.6
2026-04-01,P0667,22,193.6
2026-04-01,P0669,22,193.6
2026-04-01,P0671,22,193.6
2026-04-01,P0673,22,193.6
2026-04-01,P0675,22,193.6
2026-04-01,P0676,22,193.6
2026-04-01,P0678,22,96.8
2026-04-01,P0679,22,193.6
2026-04-01,P0680,22,193.6
2026-04-01,P0681,22,193.6
2026-04-01,P0682,22,193.6
2026-04-01,P0683,22,193.6
2026-04-01,P0684,22,193.6
2026-04-01,P0685,22,96.8
2026-04-01,P0686,22,193.6
2026-04-01,P0687,22,193.6
2026-04-01,P0688,22,193.6
2026-04-01,P0689,22,193.6
2026-04-01,P0690,22,193.6
2026-04-01,P0691,22,193.6
2026-04-01,P0692,22,193.6
2026-04-01,P0693,22,193.6
2026-04-01,P0694,22,193.6
2026-04-01,P0696,22,193.6
2026-04-01,P0697,22,193.6
2026-04-01,P0698,22,193.6
2026-04-01,P0699,22,193.6
2026-04-01,P0700,22,193.6
2026-04-01,P0701,22,193.6
2026-04-01,P0702,22,193.6
2026-04-01,P0704,22,193.6
2026-04-01,P0705,22,193.6
2026-04-01,P0706,22,193.6
2026-04-01,P0707,22,193.6
2026-04-01,P0708,22,193.6
2026-04-01,P0709,22,193.6
2026-04-01,P0710,22,96.8
2026-04-01,P0712,22,193.6
2026-04-01,P0713,22,193.6
2026-04-01,P0714,22,193.6
2026-04-01,P0715,22,193.6
2026-04-01,P0716,22,193.6
2026-04-01,P0717,22,193.6
2026-04-01,P0718,22,193.6
2026-04-01,P0719,22,193.6
2026-04-01,P0720,22,193.6
2026-04-01,P0721,22,193.6
2026-04-01,P0722,22,193.6
2026-04-01,P0723,22,193.6
2026-04-01,P0724,22,193.6
2026-04-01,P0725,19,167.2
2026-04-01,P0727,22,193.6
2026-04-01,P0728,22,193.6
2026-04-01,P0729,22,193.6
2026-04-01,P0730,13,57.2
2026-04-01,P0731,22,193.6
2026-04-01,P0732,22,193.6
2026-04-01,P0733,22,193.6
2026-04-01,P0734,22,193.6
2026-04-01,P0735,22,193.6
2026-04-01,P0736,22,193.6
2026-04-01,P0737,22,193.6
2026-04-01,P0738,22,193.6
2026-04-01,P0739,22,193.6
2026-04-01,P0740,10,88.0
2026-04-01,P0741,22,193.6
2026-04-01,P0742,22,193.6
2026-04-01,P0743,22,193.6
2026-04-01,P0744,22,193.6
2026-04-01,P0745,22,193.6
2026-04-01,P0746,22,193.6
2026-04-01,P0747,22,193.6
2026-04-01,P0748,22,193.6
2026-04-01,P0749,22,96.8
2026-04-01,P0750,22,193.6
2026-04-01,P0751,21,184.8
2026-04-01,P0752,20,176.0
2026-04-01,P0753,16,140.8
2026-04-01,P0754,14,123.2
2026-04-01,P0755,14,123.2
2026-04-01,P0756,14,123.2
2026-04-01,P0757,12,105.6
2026-04-01,P0758,12,105.6
2026-04-01,P0759,11,96.8
2026-04-01,P0760,9,79.2
2026-04-01,P0761,7,61.6
2026-04-01,P0762,4,35.2
2026-05-01,P0003,21,184.8
2026-05-01,P0004,21,184.8
2026-05-01,P0005,21,184.8
2026-05-01,P0006,4,35.2
2026-05-01,P0007,21,184.8
2026-05-01,P0008,21,92.4
2026-05-01,P0011,21,184.8
2026-05-01,P0012,21,184.8
2026-05-01,P0013,21,184.8
2026-05-01,P0014,21,184.8
2026-05-01,P0015,21,184.8
2026-05-01,P0016,21,184.8
2026-05-01,P0018,21,184.8
2026-05-01,P0019,21,184.8
2026-05-01,P0020,21,184.8
2026-05-01,P0021,21,184.8
2026-05-01,P0022,21,184.8
2026-05-01,P0023,21,92.4
2026-05-01,P0024,21,184.8
2026-05-01,P0025,21,184.8
2026-05-01,P0026,21,184.8
2026-05-01,P0027,21,184.8
2026-05-01,P0028,21,184.8
2026-05-01,P0029,21,184.8
2026-05-01,P0030,21,184.8
2026-05-01,P0034,21,184.8
2026-05-01,P0035,21,184.8
2026-05-01,P0036,21,184.8
2026-05-01,P0037,21,184.8
2026-05-01,P0038,21,184.8
2026-05-01,P0039,21,184.8
2026-05-01,P0040,21,184.8
2026-05-01,P0041,21,92.4
2026-05-01,P0042,21,184.8
2026-05-01,P0043,21,184.8
2026-05-01,P0044,21,184.8
2026-05-01,P0045,21,184.8
2026-05-01,P0046,21,184.8
2026-05-01,P0047,21,184.8
2026-05-01,P0048,21,184.8
2026-05-01,P0049,21,184.8
2026-05-01,P0050,21,184.8
2026-05-01,P0051,21,184.8
2026-05-01,P0053,21,184.8
2026-05-01,P0054,21,184.8
2026-05-01,P0056,21,184.8
2026-05-01,P0060,21,184.8
2026-05-01,P0061,13,114.4
2026-05-01,P0065,21,184.8
2026-05-01,P0066,21,184.8
2026-05-01,P0067,21,184.8
2026-05-01,P0068,21,184.8
2026-05-01,P0069,21,184.8
2026-05-01,P0071,21,184.8
2026-05-01,P0072,21,184.8
2026-05-01,P0073,21,184.8
2026-05-01,P0074,21,184.8
2026-05-01,P0075,21,184.8
2026-05-01,P0076,21,184.8
2026-05-01,P0077,21,184.8
2026-05-01,P0079,21,184.8
2026-05-01,P0080,21,184.8
2026-05-01,P0081,21,92.4
2026-05-01,P0082,21,184.8
2026-05-01,P0085,21,184.8
2026-05-01,P0086,21,184.8
2026-05-01,P0087,21,184.8
2026-05-01,P0089,21,184.8
2026-05-01,P0090,21,184.8
2026-05-01,P0091,21,184.8
2026-05-01,P0092,21,184.8
2026-05-01,P0093,21,184.8
2026-05-01,P0094,21,184.8
2026-05-01,P0095,21,184.8
2026-05-01,P0096,21,184.8
2026-05-01,P0097,21,92.4
2026-05-01,P0098,21,184.8
2026-05-01,P0099,21,184.8
2026-05-01,P0100,21,184.8
2026-05-01,P0101,21,184.8
2026-05-01,P0102,21,184.8
2026-05-01,P0103,21,184.8
2026-05-01,P0104,21,184.8
2026-05-01,P0105,21,184.8
2026-05-01,P0106,21,184.8
2026-05-01,P0108,21,184.8
2026-05-01,P0109,21,184.8
2026-05-01,P0110,21,184.8
2026-05-01,P0111,21,184.8
2026-05-01,P0113,21,184.8
2026-05-01,P0116,21,184.8
2026-05-01,P0117,21,184.8
2026-05-01,P0118,21,184.8
2026-05-01,P0119,21,184.8
2026-05-01,P0120,21,92.4
2026-05-01,P0122,21,184.8
2026-05-01,P0123,21,184.8
2026-05-01,P0125,21,184.8
2026-05-01,P0127,21,184.8
2026-05-01,P0128,21,184.8
2026-05-01,P0129,21,184.8
2026-05-01,P0130,21,184.8
2026-05-01,P0131,21,184.8
2026-05-01,P0132,21,184.8
2026-05-01,P0133,21,184.8
2026-05-01,P0136,21,184.8
2026-05-01,P0137,21,184.8
2026-05-01,P0138,21,184.8
2026-05-01,P0139,21,184.8
2026-05-01,P0140,21,184.8
2026-05-01,P0141,21,184.8
2026-05-01,P0143,21,184.8
2026-05-01,P0147,21,184.8
2026-05-01,P0148,21,184.8
2026-05-01,P0149,21,184.8
2026-05-01,P0151,21,184.8
2026-05-01,P0152,21,92.4
2026-05-01,P0154,21,184.8
2026-05-01,P0155,21,184.8
2026-05-01,P0156,21,184.8
2026-05-01,P0157,21,184.8
2026-05-01,P0158,21,184.8
2026-05-01,P0159,21,184.8
2026-05-01,P0160,21,184.8
2026-05-01,P0161,21,184.8
2026-05-01,P0162,21,184.8
2026-05-01,P0165,21,184.8
2026-05-01,P0166,21,184.8
2026-05-01,P0167,21,184.8
2026-05-01,P0168,21,184.8
2026-05-01,P0169,21,184.8
2026-05-01,P0170,21,184.8
2026-05-01,P0171,21,184.8
2026-05-01,P0172,21,184.8
2026-05-01,P0173,21,184.8
2026-05-01,P0174,21,184.8
2026-05-01,P0175,21,184.8
2026-05-01,P0176,21,184.8
2026-05-01,P0177,21,184.8
2026-05-01,P0178,21,184.8
2026-05-01,P0179,21,184.8
2026-05-01,P0180,21,184.8
2026-05-01,P0181,21,184.8
2026-05-01,P0182,21,184.8
2026-05-01,P0183,21,92.4
2026-05-01,P0184,21,184.8
2026-05-01,P0185,21,184.8
2026-05-01,P0186,21,184.8
2026-05-01,P0189,21,184.8
2026-05-01,P0190,21,92.4
2026-05-01,P0192,21,92.4
2026-05-01,P0193,21,184.8
2026-05-01,P0194,21,184.8
2026-05-01,P0195,21,184.8
2026-05-01,P0196,21,184.8
2026-05-01,P0198,21,184.8
2026-05-01,P0199,21,184.8
2026-05-01,P0201,21,184.8
2026-05-01,P0202,21,184.8
2026-05-01,P0203,21,184.8
2026-05-01,P0204,21,184.8
2026-05-01,P0205,21,184.8
2026-05-01,P0206,21,184.8
2026-05-01,P0208,21,184.8
2026-05-01,P0209,21,184.8
2026-05-01,P0210,21,184.8
2026-05-01,P0211,21,184.8
2026-05-01,P0212,21,184.8
2026-05-01,P0213,21,184.8
2026-05-01,P0214,21,184.8
2026-05-01,P0216,21,184.8
2026-05-01,P0217,21,184.8
2026-05-01,P0218,21,184.8
2026-05-01,P0221,21,184.8
2026-05-01,P0222,21,184.8
2026-05-01,P0223,21,184.8
2026-05-01,P0224,21,184.8
2026-05-01,P0226,21,184.8
2026-05-01,P0227,21,184.8
2026-05-01,P0229,21,184.8
2026-05-01,P0230,21,184.8
2026-05-01,P0235,21,184.8
2026-05-01,P0237,21,184.8
2026-05-01,P0238,21,184.8
2026-05-01,P0239,21,184.8
2026-05-01,P0241,21,184.8
2026-05-01,P0242,21,184.8
2026-05-01,P0245,21,184.8
2026-05-01,P0246,21,184.8
2026-05-01,P0248,21,184.8
2026-05-01,P0251,21,184.8
2026-05-01,P0252,21,184.8
2026-05-01,P0253,21,184.8
2026-05-01,P0254,21,184.8
2026-05-01,P0256,21,184.8
2026-05-01,P0257,21,184.8
2026-05-01,P0258,21,92.4
2026-05-01,P0260,21,184.8
2026-05-01,P0261,21,184.8
2026-05-01,P0262,21,92.4
2026-05-01,P0263,21,184.8
2026-05-01,P0265,21,184.8
2026-05-01,P0266,21,184.8
2026-05-01,P0267,21,184.8
2026-05-01,P0268,21,184.8
2026-05-01,P0269,21,184.8
2026-05-01,P0271,21,184.8
2026-05-01,P0272,21,184.8
2026-05-01,P0273,14,123.2
2026-05-01,P0275,21,184.8
2026-05-01,P0276,21,92.4
2026-05-01,P0277,21,184.8
2026-05-01,P0278,21,184.8
2026-05-01,P0279,21,184.8
2026-05-01,P0281,21,184.8
2026-05-01,P0282,21,184.8
2026-05-01,P0283,21,92.4
2026-05-01,P0285,21,184.8
2026-05-01,P0287,21,184.8
2026-05-01,P0288,21,184.8
2026-05-01,P0289,21,184.8
2026-05-01,P0291,21,92.4
2026-05-01,P0294,21,184.8
2026-05-01,P0295,21,184.8
2026-05-01,P0296,21,184.8
2026-05-01,P0297,21,184.8
2026-05-01,P0298,21,184.8
2026-05-01,P0299,21,184.8
2026-05-01,P0300,21,184.8
2026-05-01,P0301,21,184.8
2026-05-01,P0302,21,184.8
2026-05-01,P0303,21,184.8
2026-05-01,P0304,21,184.8
2026-05-01,P0305,21,184.8
2026-05-01,P0306,21,184.8
2026-05-01,P0308,21,92.4
2026-05-01,P0309,21,184.8
2026-05-01,P0311,21,184.8
2026-05-01,P0313,21,184.8
2026-05-01,P0314,21,184.8
2026-05-01,P0315,21,184.8
2026-05-01,P0316,21,184.8
2026-05-01,P0317,21,184.8
2026-05-01,P0318,21,184.8
2026-05-01,P0319,21,184.8
2026-05-01,P0320,21,184.8
2026-05-01,P0321,21,184.8
2026-05-01,P0323,21,92.4
2026-05-01,P0324,21,184.8
2026-05-01,P0325,21,184.8
2026-05-01,P0326,21,184.8
2026-05-01,P0327,21,92.4
2026-05-01,P0330,21,184.8
2026-05-01,P0331,21,184.8
2026-05-01,P0333,21,184.8
2026-05-01,P0335,21,184.8
2026-05-01,P0337,21,184.8
2026-05-01,P0339,21,184.8
2026-05-01,P0340,21,184.8
2026-05-01,P0342,21,92.4
2026-05-01,P0343,21,92.4
2026-05-01,P0344,21,184.8
2026-05-01,P0345,21,184.8
2026-05-01,P0347,21,184.8
2026-05-01,P0348,21,184.8
2026-05-01,P0349,21,184.8
2026-05-01,P0352,21,184.8
2026-05-01,P0353,21,184.8
2026-05-01,P0354,21,184.8
2026-05-01,P0356,21,184.8
2026-05-01,P0357,21,184.8
2026-05-01,P0359,21,184.8
2026-05-01,P0360,21,184.8
2026-05-01,P0361,21,184.8
2026-05-01,P0363,21,92.4
2026-05-01,P0364,21,92.4
2026-05-01,P0365,21,184.8
2026-05-01,P0366,21,184.8
2026-05-01,P0367,21,184.8
2026-05-01,P0368,21,184.8
2026-05-01,P0369,21,184.8
2026-05-01,P0370,21,184.8
2026-05-01,P0371,21,184.8
2026-05-01,P0372,21,184.8
2026-05-01,P0373,21,184.8
2026-05-01,P0374,21,92.4
2026-05-01,P0375,21,92.4
2026-05-01,P0376,21,184.8
2026-05-01,P0377,21,184.8
2026-05-01,P0378,21,184.8
2026-05-01,P0379,21,184.8
2026-05-01,P0380,21,184.8
2026-05-01,P0382,21,184.8
2026-05-01,P0383,21,184.8
2026-05-01,P0384,21,184.8
2026-05-01,P0386,21,184.8
2026-05-01,P0388,21,184.8
2026-05-01,P0389,21,184.8
2026-05-01,P0390,21,92.4
2026-05-01,P0391,21,184.8
2026-05-01,P0392,21,184.8
2026-05-01,P0393,21,184.8
2026-05-01,P0394,21,184.8
2026-05-01,P0395,21,184.8
2026-05-01,P0396,21,184.8
2026-05-01,P0398,21,184.8
2026-05-01,P0399,21,184.8
2026-05-01,P0400,21,184.8
2026-05-01,P0401,21,184.8
2026-05-01,P0402,21,184.8
2026-05-01,P0403,21,184.8
2026-05-01,P0404,21,92.4
2026-05-01,P0405,21,184.8
2026-05-01,P0406,21,184.8
2026-05-01,P0407,21,184.8
2026-05-01,P0409,21,184.8
2026-05-01,P0410,21,184.8
2026-05-01,P0411,21,184.8
2026-05-01,P0412,21,184.8
2026-05-01,P0413,21,184.8
2026-05-01,P0414,21,184.8
2026-05-01,P0415,21,184.8
2026-05-01,P0416,21,184.8
2026-05-01,P0417,21,184.8
2026-05-01,P0418,21,184.8
2026-05-01,P0419,21,184.8
2026-05-01,P0420,21,184.8
2026-05-01,P0421,21,184.8
2026-05-01,P0422,21,184.8
2026-05-01,P0423,21,184.8
2026-05-01,P0425,21,184.8
2026-05-01,P0426,21,184.8
2026-05-01,P0427,21,184.8
2026-05-01,P0428,21,184.8
2026-05-01,P0429,21,184.8
2026-05-01,P0431,21,184.8
2026-05-01,P0432,21,184.8
2026-05-01,P0435,21,184.8
2026-05-01,P0436,21,184.8
2026-05-01,P0437,21,184.8
2026-05-01,P0439,21,184.8
2026-05-01,P0440,21,184.8
2026-05-01,P0441,21,92.4
2026-05-01,P0442,21,184.8
2026-05-01,P0443,21,184.8
2026-05-01,P0444,21,184.8
2026-05-01,P0445,21,184.8
2026-05-01,P0448,21,184.8
2026-05-01,P0451,21,184.8
2026-05-01,P0454,21,184.8
2026-05-01,P0455,21,184.8
2026-05-01,P0456,21,184.8
2026-05-01,P0459,21,184.8
2026-05-01,P0460,21,184.8
2026-05-01,P0461,21,184.8
2026-05-01,P0463,21,184.8
2026-05-01,P0464,21,184.8
2026-05-01,P0465,21,184.8
2026-05-01,P0466,21,184.8
2026-05-01,P0467,21,184.8
2026-05-01,P0468,21,184.8
2026-05-01,P0470,21,184.8
2026-05-01,P0471,21,184.8
2026-05-01,P0473,21,184.8
2026-05-01,P0474,21,184.8
2026-05-01,P0475,21,184.8
2026-05-01,P0476,21,184.8
2026-05-01,P0478,21,184.8
2026-05-01,P0479,21,184.8
2026-05-01,P0480,21,184.8
2026-05-01,P0482,21,184.8
2026-05-01,P0483,21,184.8
2026-05-01,P0484,21,184.8
2026-05-01,P0485,21,184.8
2026-05-01,P0486,21,184.8
2026-05-01,P0487,21,92.4
2026-05-01,P0488,21,184.8
2026-05-01,P0489,21,184.8
2026-05-01,P0490,21,184.8
2026-05-01,P0491,21,184.8
2026-05-01,P0492,21,184.8
2026-05-01,P0493,21,92.4
2026-05-01,P0495,21,184.8
2026-05-01,P0496,21,184.8
2026-05-01,P0497,21,184.8
2026-05-01,P0499,21,184.8
2026-05-01,P0500,21,92.4
2026-05-01,P0501,21,184.8
2026-05-01,P0502,21,184.8
2026-05-01,P0503,21,184.8
2026-05-01,P0504,21,92.4
2026-05-01,P0505,21,184.8
2026-05-01,P0506,21,184.8
2026-05-01,P0507,21,184.8
2026-05-01,P0509,4,35.2
2026-05-01,P0510,21,184.8
2026-05-01,P0511,21,184.8
2026-05-01,P0513,21,184.8
2026-05-01,P0514,21,184.8
2026-05-01,P0515,21,184.8
2026-05-01,P0516,21,184.8
2026-05-01,P0517,21,184.8
2026-05-01,P0518,21,184.8
2026-05-01,P0519,21,92.4
2026-05-01,P0520,21,184.8
2026-05-01,P0522,21,184.8
2026-05-01,P0523,21,184.8
2026-05-01,P0524,21,184.8
2026-05-01,P0526,21,92.4
2026-05-01,P0527,21,184.8
2026-05-01,P0529,21,184.8
2026-05-01,P0530,21,184.8
2026-05-01,P0532,21,184.8
2026-05-01,P0534,21,184.8
2026-05-01,P0535,21,184.8
2026-05-01,P0537,21,184.8
2026-05-01,P0539,21,184.8
2026-05-01,P0540,21,184.8
2026-05-01,P0541,21,184.8
2026-05-01,P0542,21,184.8
2026-05-01,P0543,21,184.8
2026-05-01,P0545,21,184.8
2026-05-01,P0546,21,184.8
2026-05-01,P0547,21,92.4
2026-05-01,P0549,21,184.8
2026-05-01,P0550,21,184.8
2026-05-01,P0551,21,184.8
2026-05-01,P0553,21,184.8
2026-05-01,P0555,21,184.8
2026-05-01,P0556,21,184.8
2026-05-01,P0557,21,184.8
2026-05-01,P0558,21,184.8
2026-05-01,P0559,21,92.4
2026-05-01,P0560,21,184.8
2026-05-01,P0561,21,184.8
2026-05-01,P0563,21,184.8
2026-05-01,P0564,21,184.8
2026-05-01,P0567,21,184.8
2026-05-01,P0568,21,184.8
2026-05-01,P0569,21,184.8
2026-05-01,P0571,21,184.8
2026-05-01,P0574,21,184.8
2026-05-01,P0575,21,184.8
2026-05-01,P0576,21,184.8
2026-05-01,P0579,21,184.8
2026-05-01,P0580,21,184.8
2026-05-01,P0581,21,184.8
2026-05-01,P0582,21,184.8
2026-05-01,P0583,21,184.8
2026-05-01,P0584,21,184.8
2026-05-01,P0585,21,184.8
2026-05-01,P0587,21,184.8
2026-05-01,P0588,21,184.8
2026-05-01,P0589,21,184.8
2026-05-01,P0590,21,92.4
2026-05-01,P0591,21,184.8
2026-05-01,P0593,21,184.8
2026-05-01,P0595,21,184.8
2026-05-01,P0596,21,184.8
2026-05-01,P0597,21,184.8
2026-05-01,P0598,21,184.8
2026-05-01,P0599,21,184.8
2026-05-01,P0600,21,184.8
2026-05-01,P0601,21,92.4
2026-05-01,P0602,21,184.8
2026-05-01,P0603,21,184.8
2026-05-01,P0604,21,184.8
2026-05-01,P0606,21,184.8
2026-05-01,P0607,21,184.8
2026-05-01,P0608,21,184.8
2026-05-01,P0609,21,184.8
2026-05-01,P0610,21,184.8
2026-05-01,P0612,21,184.8
2026-05-01,P0613,21,92.4
2026-05-01,P0615,21,184.8
2026-05-01,P0616,21,184.8
2026-05-01,P0617,21,184.8
2026-05-01,P0619,21,184.8
2026-05-01,P0620,21,184.8
2026-05-01,P0622,21,92.4
2026-05-01,P0623,21,184.8
2026-05-01,P0624,21,184.8
2026-05-01,P0625,21,184.8
2026-05-01,P0626,21,184.8
2026-05-01,P0627,21,92.4
2026-05-01,P0628,21,184.8
2026-05-01,P0630,21,184.8
2026-05-01,P0631,21,184.8
2026-05-01,P0632,21,184.8
2026-05-01,P0634,21,184.8
2026-05-01,P0635,21,184.8
2026-05-01,P0636,21,92.4
2026-05-01,P0637,21,184.8
2026-05-01,P0638,21,184.8
2026-05-01,P0639,21,184.8
2026-05-01,P0640,21,92.4
2026-05-01,P0641,21,184.8
2026-05-01,P0642,21,184.8
2026-05-01,P0643,21,184.8
2026-05-01,P0644,21,184.8
2026-05-01,P0646,21,184.8
2026-05-01,P0647,21,184.8
2026-05-01,P0648,21,184.8
2026-05-01,P0650,21,92.4
2026-05-01,P0651,21,184.8
2026-05-01,P0652,21,184.8
2026-05-01,P0653,21,184.8
2026-05-01,P0655,21,184.8
2026-05-01,P0656,21,184.8
2026-05-01,P0657,21,184.8
2026-05-01,P0658,21,184.8
2026-05-01,P0659,21,184.8
2026-05-01,P0661,21,184.8
2026-05-01,P0662,21,184.8
2026-05-01,P0664,21,184.8
2026-05-01,P0665,21,184.8
2026-05-01,P0666,21,184.8
2026-05-01,P0667,21,184.8
2026-05-01,P0669,21,184.8
2026-05-01,P0671,21,184.8
2026-05-01,P0673,21,184.8
2026-05-01,P0675,21,184.8
2026-05-01,P0676,21,184.8
2026-05-01,P0678,21,92.4
2026-05-01,P0679,21,184.8
2026-05-01,P0680,21,184.8
2026-05-01,P0681,21,184.8
2026-05-01,P0682,21,184.8
2026-05-01,P0683,21,184.8
2026-05-01,P0684,21,184.8
2026-05-01,P0685,21,92.4
2026-05-01,P0686,21,184.8
2026-05-01,P0687,21,184.8
2026-05-01,P0688,21,184.8
2026-05-01,P0689,21,184.8
2026-05-01,P0690,21,184.8
2026-05-01,P0691,21,184.8
2026-05-01,P0692,21,184.8
2026-05-01,P0693,21,184.8
2026-05-01,P0694,21,184.8
2026-05-01,P0696,21,184.8
2026-05-01,P0697,21,184.8
2026-05-01,P0698,21,184.8
2026-05-01,P0699,21,184.8
2026-05-01,P0700,21,184.8
2026-05-01,P0701,21,184.8
2026-05-01,P0702,21,184.8
2026-05-01,P0704,21,184.8
2026-05-01,P0705,21,184.8
2026-05-01,P0706,21,184.8
2026-05-01,P0707,21,184.8
2026-05-01,P0708,21,184.8
2026-05-01,P0709,21,184.8
2026-05-01,P0710,21,92.4
2026-05-01,P0712,21,184.8
2026-05-01,P0713,21,184.8
2026-05-01,P0714,21,184.8
2026-05-01,P0715,2,17.6
2026-05-01,P0716,21,184.8
2026-05-01,P0717,21,184.8
2026-05-01,P0718,21,184.8
2026-05-01,P0719,21,184.8
2026-05-01,P0720,21,184.8
2026-05-01,P0721,21,184.8
2026-05-01,P0722,21,184.8
2026-05-01,P0723,21,184.8
2026-05-01,P0724,21,184.8
2026-05-01,P0727,21,184.8
2026-05-01,P0728,21,184.8
2026-05-01,P0729,21,184.8
2026-05-01,P0731,21,184.8
2026-05-01,P0732,21,184.8
2026-05-01,P0733,21,184.8
2026-05-01,P0734,21,184.8
2026-05-01,P0735,21,184.8
2026-05-01,P0736,21,184.8
2026-05-01,P0737,21,184.8
2026-05-01,P0738,21,184.8
2026-05-01,P0739,21,184.8
2026-05-01,P0741,21,184.8
2026-05-01,P0742,21,184.8
2026-05-01,P0743,21,184.8
2026-05-01,P0744,21,184.8
2026-05-01,P0745,21,184.8
2026-05-01,P0746,21,184.8
2026-05-01,P0747,21,184.8
2026-05-01,P0748,21,184.8
2026-05-01,P0749,21,92.4
2026-05-01,P0750,21,184.8
2026-05-01,P0751,19,167.2
2026-05-01,P0752,21,184.8
2026-05-01,P0753,21,184.8
2026-05-01,P0754,21,184.8
2026-05-01,P0755,21,184.8
2026-05-01,P0756,21,184.8
2026-05-01,P0757,21,184.8
2026-05-01,P0758,21,184.8
2026-05-01,P0759,21,184.8
2026-05-01,P0760,21,184.8
2026-05-01,P0761,21,184.8
2026-05-01,P0762,21,184.8
2026-05-01,P0763,21,184.8
2026-05-01,P0764,15,132.0
2026-05-01,P0765,7,61.6
2026-05-01,P0766,4,17.6
2026-06-01,P0003,22,193.6
2026-06-01,P0004,22,193.6
2026-06-01,P0005,22,193.6
2026-06-01,P0007,22,193.6
2026-06-01,P0008,22,96.8
2026-06-01,P0011,22,193.6
2026-06-01,P0012,22,193.6
2026-06-01,P0013,22,193.6
2026-06-01,P0014,22,193.6
2026-06-01,P0015,22,193.6
2026-06-01,P0016,22,193.6
2026-06-01,P0018,22,193.6
2026-06-01,P0019,22,193.6
2026-06-01,P0020,22,193.6
2026-06-01,P0021,22,193.6
2026-06-01,P0022,22,193.6
2026-06-01,P0023,22,96.8
2026-06-01,P0024,22,193.6
2026-06-01,P0025,22,193.6
2026-06-01,P0026,22,193.6
2026-06-01,P0027,22,193.6
2026-06-01,P0028,22,193.6
2026-06-01,P0029,22,193.6
2026-06-01,P0030,22,193.6
2026-06-01,P0034,22,193.6
2026-06-01,P0035,22,193.6
2026-06-01,P0036,22,193.6
2026-06-01,P0037,22,193.6
2026-06-01,P0038,22,193.6
2026-06-01,P0039,22,193.6
2026-06-01,P0040,22,193.6
2026-06-01,P0041,22,96.8
2026-06-01,P0042,22,193.6
2026-06-01,P0043,22,193.6
2026-06-01,P0044,22,193.6
2026-06-01,P0045,22,193.6
2026-06-01,P0046,22,193.6
2026-06-01,P0047,22,193.6
2026-06-01,P0048,22,193.6
2026-06-01,P0049,22,193.6
2026-06-01,P0050,22,193.6
2026-06-01,P0051,22,193.6
2026-06-01,P0053,22,193.6
2026-06-01,P0054,22,193.6
2026-06-01,P0056,22,193.6
2026-06-01,P0060,22,193.6
2026-06-01,P0065,22,193.6
2026-06-01,P0066,22,193.6
2026-06-01,P0067,22,193.6
2026-06-01,P0068,22,193.6
2026-06-01,P0069,22,193.6
2026-06-01,P0071,22,193.6
2026-06-01,P0072,22,193.6
2026-06-01,P0073,22,193.6
2026-06-01,P0074,22,193.6
2026-06-01,P0075,22,193.6
2026-06-01,P0076,22,193.6
2026-06-01,P0077,22,193.6
2026-06-01,P0079,22,193.6
2026-06-01,P0080,22,193.6
2026-06-01,P0081,22,96.8
2026-06-01,P0082,22,193.6
2026-06-01,P0085,22,193.6
2026-06-01,P0086,22,193.6
2026-06-01,P0087,22,193.6
2026-06-01,P0089,22,193.6
2026-06-01,P0090,22,193.6
2026-06-01,P0091,22,193.6
2026-06-01,P0092,22,193.6
2026-06-01,P0093,22,193.6
2026-06-01,P0094,22,193.6
2026-06-01,P0095,22,193.6
2026-06-01,P0096,22,193.6
2026-06-01,P0097,22,96.8
2026-06-01,P0098,22,193.6
2026-06-01,P0099,22,193.6
2026-06-01,P0100,22,193.6
2026-06-01,P0101,22,193.6
2026-06-01,P0102,22,193.6
2026-06-01,P0103,22,193.6
2026-06-01,P0104,22,193.6
2026-06-01,P0105,22,193.6
2026-06-01,P0106,22,193.6
2026-06-01,P0108,22,193.6
2026-06-01,P0109,22,193.6
2026-06-01,P0110,22,193.6
2026-06-01,P0111,22,193.6
2026-06-01,P0113,22,193.6
2026-06-01,P0116,22,193.6
2026-06-01,P0117,22,193.6
2026-06-01,P0118,22,193.6
2026-06-01,P0119,22,193.6
2026-06-01,P0120,22,96.8
2026-06-01,P0122,22,193.6
2026-06-01,P0123,22,193.6
2026-06-01,P0125,22,193.6
2026-06-01,P0127,22,193.6
2026-06-01,P0128,22,193.6
2026-06-01,P0129,22,193.6
2026-06-01,P0130,22,193.6
2026-06-01,P0131,22,193.6
2026-06-01,P0132,22,193.6
2026-06-01,P0133,22,193.6
2026-06-01,P0136,22,193.6
2026-06-01,P0137,22,193.6
2026-06-01,P0138,22,193.6
2026-06-01,P0139,22,193.6
2026-06-01,P0140,22,193.6
2026-06-01,P0141,22,193.6
2026-06-01,P0143,22,193.6
2026-06-01,P0147,22,193.6
2026-06-01,P0148,22,193.6
2026-06-01,P0149,22,193.6
2026-06-01,P0151,22,193.6
2026-06-01,P0152,22,96.8
2026-06-01,P0154,22,193.6
2026-06-01,P0155,22,193.6
2026-06-01,P0156,22,193.6
2026-06-01,P0157,22,193.6
2026-06-01,P0158,22,193.6
2026-06-01,P0159,22,193.6
2026-06-01,P0160,22,193.6
2026-06-01,P0161,22,193.6
2026-06-01,P0162,22,193.6
2026-06-01,P0165,22,193.6
2026-06-01,P0166,22,193.6
2026-06-01,P0167,22,193.6
2026-06-01,P0168,22,193.6
2026-06-01,P0169,22,193.6
2026-06-01,P0170,22,193.6
2026-06-01,P0171,22,193.6
2026-06-01,P0172,22,193.6
2026-06-01,P0173,22,193.6
2026-06-01,P0174,22,193.6
2026-06-01,P0175,22,193.6
2026-06-01,P0176,22,193.6
2026-06-01,P0177,22,193.6
2026-06-01,P0178,22,193.6
2026-06-01,P0179,22,193.6
2026-06-01,P0180,22,193.6
2026-06-01,P0181,22,193.6
2026-06-01,P0182,22,193.6
2026-06-01,P0183,22,96.8
2026-06-01,P0184,22,193.6
2026-06-01,P0185,22,193.6
2026-06-01,P0186,22,193.6
2026-06-01,P0189,22,193.6
2026-06-01,P0190,22,96.8
2026-06-01,P0192,22,96.8
2026-06-01,P0193,22,193.6
2026-06-01,P0194,22,193.6
2026-06-01,P0195,22,193.6
2026-06-01,P0196,22,193.6
2026-06-01,P0198,22,193.6
2026-06-01,P0199,22,193.6
2026-06-01,P0201,22,193.6
2026-06-01,P0202,22,193.6
2026-06-01,P0203,22,193.6
2026-06-01,P0204,22,193.6
2026-06-01,P0205,22,193.6
2026-06-01,P0206,22,193.6
2026-06-01,P0208,22,193.6
2026-06-01,P0209,22,193.6
2026-06-01,P0210,22,193.6
2026-06-01,P0211,22,193.6
2026-06-01,P0212,22,193.6
2026-06-01,P0213,22,193.6
2026-06-01,P0214,22,193.6
2026-06-01,P0216,22,193.6
2026-06-01,P0217,22,193.6
2026-06-01,P0218,22,193.6
2026-06-01,P0221,22,193.6
2026-06-01,P0222,22,193.6
2026-06-01,P0223,22,193.6
2026-06-01,P0224,22,193.6
2026-06-01,P0226,22,193.6
2026-06-01,P0227,22,193.6
2026-06-01,P0229,22,193.6
2026-06-01,P0230,22,193.6
2026-06-01,P0235,22,193.6
2026-06-01,P0237,22,193.6
2026-06-01,P0238,22,193.6
2026-06-01,P0239,22,193.6
2026-06-01,P0241,22,193.6
2026-06-01,P0242,22,193.6
2026-06-01,P0245,22,193.6
2026-06-01,P0246,22,193.6
2026-06-01,P0248,22,193.6
2026-06-01,P0251,22,193.6
2026-06-01,P0252,22,193.6
2026-06-01,P0253,22,193.6
2026-06-01,P0254,22,193.6
2026-06-01,P0256,22,193.6
2026-06-01,P0257,22,193.6
2026-06-01,P0258,22,96.8
2026-06-01,P0260,22,193.6
2026-06-01,P0261,22,193.6
2026-06-01,P0262,22,96.8
2026-06-01,P0263,22,193.6
2026-06-01,P0265,22,193.6
2026-06-01,P0266,22,193.6
2026-06-01,P0267,22,193.6
2026-06-01,P0268,22,193.6
2026-06-01,P0269,22,193.6
2026-06-01,P0271,22,193.6
2026-06-01,P0272,22,193.6
2026-06-01,P0275,22,193.6
2026-06-01,P0276,22,96.8
2026-06-01,P0277,22,193.6
2026-06-01,P0278,22,193.6
2026-06-01,P0279,22,193.6
2026-06-01,P0281,22,193.6
2026-06-01,P0282,22,193.6
2026-06-01,P0283,22,96.8
2026-06-01,P0285,22,193.6
2026-06-01,P0287,22,193.6
2026-06-01,P0288,22,193.6
2026-06-01,P0289,22,193.6
2026-06-01,P0291,22,96.8
2026-06-01,P0294,22,193.6
2026-06-01,P0295,22,193.6
2026-06-01,P0296,22,193.6
2026-06-01,P0297,22,193.6
2026-06-01,P0298,22,193.6
2026-06-01,P0299,22,193.6
2026-06-01,P0300,22,193.6
2026-06-01,P0301,22,193.6
2026-06-01,P0302,22,193.6
2026-06-01,P0303,22,193.6
2026-06-01,P0304,22,193.6
2026-06-01,P0305,22,193.6
2026-06-01,P0306,22,193.6
2026-06-01,P0308,22,96.8
2026-06-01,P0309,22,193.6
2026-06-01,P0311,22,193.6
2026-06-01,P0313,22,193.6
2026-06-01,P0314,22,193.6
2026-06-01,P0315,22,193.6
2026-06-01,P0316,22,193.6
2026-06-01,P0317,22,193.6
2026-06-01,P0318,22,193.6
2026-06-01,P0319,22,193.6
2026-06-01,P0320,22,193.6
2026-06-01,P0321,22,193.6
2026-06-01,P0323,20,88.0
2026-06-01,P0324,22,193.6
2026-06-01,P0325,22,193.6
2026-06-01,P0326,22,193.6
2026-06-01,P0327,22,96.8
2026-06-01,P0330,22,193.6
2026-06-01,P0331,22,193.6
2026-06-01,P0333,22,193.6
2026-06-01,P0335,22,193.6
2026-06-01,P0337,22,193.6
2026-06-01,P0339,22,193.6
2026-06-01,P0340,22,193.6
2026-06-01,P0342,22,96.8
2026-06-01,P0343,22,96.8
2026-06-01,P0344,22,193.6
2026-06-01,P0345,22,193.6
2026-06-01,P0347,22,193.6
2026-06-01,P0348,22,193.6
2026-06-01,P0349,22,193.6
2026-06-01,P0352,22,193.6
2026-06-01,P0353,22,193.6
2026-06-01,P0354,22,193.6
2026-06-01,P0356,16,140.8
2026-06-01,P0357,22,193.6
2026-06-01,P0359,22,193.6
2026-06-01,P0360,22,193.6
2026-06-01,P0361,22,193.6
2026-06-01,P0363,22,96.8
2026-06-01,P0364,22,96.8
2026-06-01,P0365,22,193.6
2026-06-01,P0366,22,193.6
2026-06-01,P0367,22,193.6
2026-06-01,P0368,22,193.6
2026-06-01,P0369,22,193.6
2026-06-01,P0370,22,193.6
2026-06-01,P0371,22,193.6
2026-06-01,P0372,22,193.6
2026-06-01,P0373,22,193.6
2026-06-01,P0374,22,96.8
2026-06-01,P0375,22,96.8
2026-06-01,P0376,22,193.6
2026-06-01,P0377,22,193.6
2026-06-01,P0378,22,193.6
2026-06-01,P0379,22,193.6
2026-06-01,P0380,22,193.6
2026-06-01,P0382,22,193.6
2026-06-01,P0383,22,193.6
2026-06-01,P0384,22,193.6
2026-06-01,P0386,22,193.6
2026-06-01,P0388,22,193.6
2026-06-01,P0389,22,193.6
2026-06-01,P0390,22,96.8
2026-06-01,P0391,22,193.6
2026-06-01,P0392,22,193.6
2026-06-01,P0393,22,193.6
2026-06-01,P0394,22,193.6
2026-06-01,P0395,22,193.6
2026-06-01,P0396,22,193.6
2026-06-01,P0398,22,193.6
2026-06-01,P0399,22,193.6
2026-06-01,P0400,22,193.6
2026-06-01,P0401,22,193.6
2026-06-01,P0402,22,193.6
2026-06-01,P0403,22,193.6
2026-06-01,P0404,22,96.8
2026-06-01,P0405,22,193.6
2026-06-01,P0406,22,193.6
2026-06-01,P0407,22,193.6
2026-06-01,P0409,22,193.6
2026-06-01,P0410,22,193.6
2026-06-01,P0411,22,193.6
2026-06-01,P0412,22,193.6
2026-06-01,P0413,22,193.6
2026-06-01,P0414,22,193.6
2026-06-01,P0415,22,193.6
2026-06-01,P0416,22,193.6
2026-06-01,P0417,22,193.6
2026-06-01,P0418,22,193.6
2026-06-01,P0419,22,193.6
2026-06-01,P0420,22,193.6
2026-06-01,P0421,22,193.6
2026-06-01,P0422,22,193.6
2026-06-01,P0423,22,193.6
2026-06-01,P0425,22,193.6
2026-06-01,P0426,22,193.6
2026-06-01,P0427,22,193.6
2026-06-01,P0428,22,193.6
2026-06-01,P0429,22,193.6
2026-06-01,P0431,22,193.6
2026-06-01,P0432,22,193.6
2026-06-01,P0435,22,193.6
2026-06-01,P0436,22,193.6
2026-06-01,P0437,22,193.6
2026-06-01,P0439,22,193.6
2026-06-01,P0440,22,193.6
2026-06-01,P0441,22,96.8
2026-06-01,P0442,22,193.6
2026-06-01,P0443,22,193.6
2026-06-01,P0444,22,193.6
2026-06-01,P0445,22,193.6
2026-06-01,P0448,22,193.6
2026-06-01,P0451,22,193.6
2026-06-01,P0454,22,193.6
2026-06-01,P0455,22,193.6
2026-06-01,P0456,22,193.6
2026-06-01,P0459,22,193.6
2026-06-01,P0460,22,193.6
2026-06-01,P0461,22,193.6
2026-06-01,P0463,22,193.6
2026-06-01,P0464,22,193.6
2026-06-01,P0465,22,193.6
2026-06-01,P0466,22,193.6
2026-06-01,P0467,22,193.6
2026-06-01,P0468,22,193.6
2026-06-01,P0470,22,193.6
2026-06-01,P0471,22,193.6
2026-06-01,P0473,22,193.6
2026-06-01,P0474,22,193.6
2026-06-01,P0475,22,193.6
2026-06-01,P0476,22,193.6
2026-06-01,P0478,22,193.6
2026-06-01,P0479,22,193.6
2026-06-01,P0480,22,193.6
2026-06-01,P0482,22,193.6
2026-06-01,P0483,22,193.6
2026-06-01,P0484,22,193.6
2026-06-01,P0485,22,193.6
2026-06-01,P0486,22,193.6
2026-06-01,P0487,22,96.8
2026-06-01,P0488,22,193.6
2026-06-01,P0489,22,193.6
2026-06-01,P0490,22,193.6
2026-06-01,P0491,22,193.6
2026-06-01,P0492,22,193.6
2026-06-01,P0493,22,96.8
2026-06-01,P0495,22,193.6
2026-06-01,P0496,22,193.6
2026-06-01,P0497,22,193.6
2026-06-01,P0499,22,193.6
2026-06-01,P0500,22,96.8
2026-06-01,P0501,22,193.6
2026-06-01,P0502,22,193.6
2026-06-01,P0503,22,193.6
2026-06-01,P0504,22,96.8
2026-06-01,P0505,22,193.6
2026-06-01,P0506,22,193.6
2026-06-01,P0507,22,193.6
2026-06-01,P0510,22,193.6
2026-06-01,P0511,22,193.6
2026-06-01,P0513,22,193.6
2026-06-01,P0514,22,193.6
2026-06-01,P0515,22,193.6
2026-06-01,P0516,22,193.6
2026-06-01,P0517,22,193.6
2026-06-01,P0518,22,193.6
2026-06-01,P0519,22,96.8
2026-06-01,P0520,22,193.6
2026-06-01,P0522,22,193.6
2026-06-01,P0523,11,96.8
2026-06-01,P0524,22,193.6
2026-06-01,P0526,22,96.8
2026-06-01,P0527,22,193.6
2026-06-01,P0529,22,193.6
2026-06-01,P0530,22,193.6
2026-06-01,P0532,22,193.6
2026-06-01,P0534,22,193.6
2026-06-01,P0535,22,193.6
2026-06-01,P0537,22,193.6
2026-06-01,P0539,22,193.6
2026-06-01,P0540,22,193.6
2026-06-01,P0541,22,193.6
2026-06-01,P0542,22,193.6
2026-06-01,P0543,22,193.6
2026-06-01,P0545,22,193.6
2026-06-01,P0546,22,193.6
2026-06-01,P0547,22,96.8
2026-06-01,P0549,22,193.6
2026-06-01,P0550,17,149.6
2026-06-01,P0551,22,193.6
2026-06-01,P0553,22,193.6
2026-06-01,P0555,22,193.6
2026-06-01,P0556,22,193.6
2026-06-01,P0557,22,193.6
2026-06-01,P0558,22,193.6
2026-06-01,P0559,22,96.8
2026-06-01,P0560,22,193.6
2026-06-01,P0561,22,193.6
2026-06-01,P0563,22,193.6
2026-06-01,P0564,22,193.6
2026-06-01,P0567,22,193.6
2026-06-01,P0568,22,193.6
2026-06-01,P0569,22,193.6
2026-06-01,P0571,22,193.6
2026-06-01,P0574,22,193.6
2026-06-01,P0575,22,193.6
2026-06-01,P0576,22,193.6
2026-06-01,P0579,22,193.6
2026-06-01,P0580,22,193.6
2026-06-01,P0581,22,193.6
2026-06-01,P0582,22,193.6
2026-06-01,P0583,22,193.6
2026-06-01,P0584,22,193.6
2026-06-01,P0585,22,193.6
2026-06-01,P0587,22,193.6
2026-06-01,P0588,22,193.6
2026-06-01,P0589,22,193.6
2026-06-01,P0590,22,96.8
2026-06-01,P0591,22,193.6
2026-06-01,P0593,22,193.6
2026-06-01,P0595,22,193.6
2026-06-01,P0596,22,193.6
2026-06-01,P0597,22,193.6
2026-06-01,P0598,22,193.6
2026-06-01,P0599,22,193.6
2026-06-01,P0600,22,193.6
2026-06-01,P0601,22,96.8
2026-06-01,P0602,22,193.6
2026-06-01,P0603,22,193.6
2026-06-01,P0604,22,193.6
2026-06-01,P0606,22,193.6
2026-06-01,P0607,22,193.6
2026-06-01,P0608,22,193.6
2026-06-01,P0609,22,193.6
2026-06-01,P0610,22,193.6
2026-06-01,P0612,22,193.6
2026-06-01,P0613,22,96.8
2026-06-01,P0615,22,193.6
2026-06-01,P0616,22,193.6
2026-06-01,P0617,22,193.6
2026-06-01,P0619,22,193.6
2026-06-01,P0620,22,193.6
2026-06-01,P0622,22,96.8
2026-06-01,P0623,22,193.6
2026-06-01,P0624,22,193.6
2026-06-01,P0625,22,193.6
2026-06-01,P0626,22,193.6
2026-06-01,P0627,22,96.8
2026-06-01,P0628,22,193.6
2026-06-01,P0630,22,193.6
2026-06-01,P0631,22,193.6
2026-06-01,P0632,22,193.6
2026-06-01,P0634,22,193.6
2026-06-01,P0635,22,193.6
2026-06-01,P0636,22,96.8
2026-06-01,P0637,22,193.6
2026-06-01,P0638,22,193.6
2026-06-01,P0639,22,193.6
2026-06-01,P0640,22,96.8
2026-06-01,P0641,22,193.6
2026-06-01,P0642,22,193.6
2026-06-01,P0643,22,193.6
2026-06-01,P0644,22,193.6
2026-06-01,P0646,22,193.6
2026-06-01,P0647,22,193.6
2026-06-01,P0648,22,193.6
2026-06-01,P0650,22,96.8
2026-06-01,P0651,22,193.6
2026-06-01,P0652,22,193.6
2026-06-01,P0653,22,193.6
2026-06-01,P0655,22,193.6
2026-06-01,P0656,22,193.6
2026-06-01,P0657,22,193.6
2026-06-01,P0658,22,193.6
2026-06-01,P0659,22,193.6
2026-06-01,P0661,22,193.6
2026-06-01,P0662,22,193.6
2026-06-01,P0664,22,193.6
2026-06-01,P0665,22,193.6
2026-06-01,P0666,22,193.6
2026-06-01,P0667,22,193.6
2026-06-01,P0669,22,193.6
2026-06-01,P0671,22,193.6
2026-06-01,P0673,22,193.6
2026-06-01,P0675,22,193.6
2026-06-01,P0676,22,193.6
2026-06-01,P0678,22,96.8
2026-06-01,P0679,22,193.6
2026-06-01,P0680,22,193.6
2026-06-01,P0681,9,79.2
2026-06-01,P0682,22,193.6
2026-06-01,P0683,2,17.6
2026-06-01,P0684,22,193.6
2026-06-01,P0685,22,96.8
2026-06-01,P0686,22,193.6
2026-06-01,P0687,22,193.6
2026-06-01,P0688,22,193.6
2026-06-01,P0689,22,193.6
2026-06-01,P0690,22,193.6
2026-06-01,P0691,22,193.6
2026-06-01,P0692,16,140.8
2026-06-01,P0693,22,193.6
2026-06-01,P0694,22,193.6
2026-06-01,P0696,22,193.6
2026-06-01,P0697,22,193.6
2026-06-01,P0698,22,193.6
2026-06-01,P0699,22,193.6
2026-06-01,P0700,22,193.6
2026-06-01,P0701,22,193.6
2026-06-01,P0702,22,193.6
2026-06-01,P0704,22,193.6
2026-06-01,P0705,22,193.6
2026-06-01,P0706,22,193.6
2026-06-01,P0707,22,193.6
2026-06-01,P0708,22,193.6
2026-06-01,P0709,22,193.6
2026-06-01,P0710,22,96.8
2026-06-01,P0712,22,193.6
2026-06-01,P0713,22,193.6
2026-06-01,P0714,22,193.6
2026-06-01,P0716,22,193.6
2026-06-01,P0717,22,193.6
2026-06-01,P0718,22,193.6
2026-06-01,P0719,22,193.6
2026-06-01,P0720,22,193.6
2026-06-01,P0721,22,193.6
2026-06-01,P0722,22,193.6
2026-06-01,P0723,22,193.6
2026-06-01,P0724,22,193.6
2026-06-01,P0728,22,193.6
2026-06-01,P0729,22,193.6
2026-06-01,P0731,22,193.6
2026-06-01,P0732,22,193.6
2026-06-01,P0733,22,193.6
2026-06-01,P0734,22,193.6
2026-06-01,P0735,22,193.6
2026-06-01,P0736,22,193.6
2026-06-01,P0737,22,193.6
2026-06-01,P0738,22,193.6
2026-06-01,P0739,22,193.6
2026-06-01,P0741,22,193.6
2026-06-01,P0742,22,193.6
2026-06-01,P0743,22,193.6
2026-06-01,P0744,22,193.6
2026-06-01,P0745,22,193.6
2026-06-01,P0746,22,193.6
2026-06-01,P0747,22,193.6
2026-06-01,P0748,22,193.6
2026-06-01,P0749,22,96.8
2026-06-01,P0750,22,193.6
2026-06-01,P0752,22,193.6
2026-06-01,P0753,22,193.6
2026-06-01,P0754,22,193.6
2026-06-01,P0755,22,193.6
2026-06-01,P0756,22,193.6
2026-06-01,P0757,22,193.6
2026-06-01,P0758,22,193.6
2026-06-01,P0759,22,193.6
2026-06-01,P0760,22,193.6
2026-06-01,P0761,22,193.6
2026-06-01,P0762,22,193.6
2026-06-01,P0763,22,193.6
2026-06-01,P0764,22,193.6
2026-06-01,P0765,22,193.6
2026-06-01,P0766,22,96.8
2026-06-01,P0767,22,193.6
2026-06-01,P0768,19,167.2
2026-06-01,P0769,17,149.6
2026-06-01,P0770,12,105.6
2026-06-01,P0771,7,61.6
2026-06-01,P0772,4,35.2
2026-06-01,P0773,2,17.6
2026-07-01,P0003,23,202.4
2026-07-01,P0004,23,202.4
2026-07-01,P0005,23,202.4
2026-07-01,P0007,23,202.4
2026-07-01,P0008,23,101.2
2026-07-01,P0011,23,202.4
2026-07-01,P0012,23,202.4
2026-07-01,P0013,23,202.4
2026-07-01,P0014,23,202.4
2026-07-01,P0015,23,202.4
2026-07-01,P0016,23,202.4
2026-07-01,P0018,23,202.4
2026-07-01,P0019,23,202.4
2026-07-01,P0020,23,202.4
2026-07-01,P0021,23,202.4
2026-07-01,P0022,23,202.4
2026-07-01,P0023,23,101.2
2026-07-01,P0024,23,202.4
2026-07-01,P0025,23,202.4
2026-07-01,P0026,23,202.4
2026-07-01,P0027,23,202.4
2026-07-01,P0028,23,202.4
2026-07-01,P0029,23,202.4
2026-07-01,P0030,23,202.4
2026-07-01,P0034,23,202.4
2026-07-01,P0035,23,202.4
2026-07-01,P0036,23,202.4
2026-07-01,P0037,23,202.4
2026-07-01,P0038,23,202.4
2026-07-01,P0039,23,202.4
2026-07-01,P0040,23,202.4
2026-07-01,P0041,23,101.2
2026-07-01,P0042,23,202.4
2026-07-01,P0043,23,202.4
2026-07-01,P0044,23,202.4
2026-07-01,P0045,23,202.4
2026-07-01,P0046,23,202.4
2026-07-01,P0047,23,202.4
2026-07-01,P0048,23,202.4
2026-07-01,P0049,23,202.4
2026-07-01,P0050,23,202.4
2026-07-01,P0051,23,202.4
2026-07-01,P0053,23,202.4
2026-07-01,P0054,23,202.4
2026-07-01,P0056,23,202.4
2026-07-01,P0060,23,202.4
2026-07-01,P0065,23,202.4
2026-07-01,P0066,23,202.4
2026-07-01,P0067,23,202.4
2026-07-01,P0068,23,202.4
2026-07-01,P0069,23,202.4
2026-07-01,P0071,23,202.4
2026-07-01,P0072,23,202.4
2026-07-01,P0073,23,202.4
2026-07-01,P0074,23,202.4
2026-07-01,P0075,23,202.4
2026-07-01,P0076,23,202.4
2026-07-01,P0077,23,202.4
2026-07-01,P0079,23,202.4
2026-07-01,P0080,23,202.4
2026-07-01,P0081,23,101.2
2026-07-01,P0082,23,202.4
2026-07-01,P0085,23,202.4
2026-07-01,P0086,23,202.4
2026-07-01,P0087,23,202.4
2026-07-01,P0089,23,202.4
2026-07-01,P0090,23,202.4
2026-07-01,P0091,23,202.4
2026-07-01,P0092,23,202.4
2026-07-01,P0093,23,202.4
2026-07-01,P0094,23,202.4
2026-07-01,P0095,23,202.4
2026-07-01,P0096,23,202.4
2026-07-01,P0097,23,101.2
2026-07-01,P0098,23,202.4
2026-07-01,P0099,23,202.4
2026-07-01,P0100,23,202.4
2026-07-01,P0101,23,202.4
2026-07-01,P0102,23,202.4
2026-07-01,P0103,23,202.4
2026-07-01,P0104,23,202.4
2026-07-01,P0105,23,202.4
2026-07-01,P0106,23,202.4
2026-07-01,P0108,23,202.4
2026-07-01,P0109,23,202.4
2026-07-01,P0110,23,202.4
2026-07-01,P0111,23,202.4
2026-07-01,P0113,23,202.4
2026-07-01,P0116,23,202.4
2026-07-01,P0117,23,202.4
2026-07-01,P0118,23,202.4
2026-07-01,P0119,23,202.4
2026-07-01,P0120,23,101.2
2026-07-01,P0122,23,202.4
2026-07-01,P0123,23,202.4
2026-07-01,P0125,23,202.4
2026-07-01,P0127,23,202.4
2026-07-01,P0128,23,202.4
2026-07-01,P0129,23,202.4
2026-07-01,P0130,23,202.4
2026-07-01,P0131,23,202.4
2026-07-01,P0132,23,202.4
2026-07-01,P0133,23,202.4
2026-07-01,P0136,23,202.4
2026-07-01,P0137,23,202.4
2026-07-01,P0138,23,202.4
2026-07-01,P0139,23,202.4
2026-07-01,P0140,23,202.4
2026-07-01,P0141,23,202.4
2026-07-01,P0143,16,140.8
2026-07-01,P0147,23,202.4
2026-07-01,P0148,23,202.4
2026-07-01,P0149,23,202.4
2026-07-01,P0151,23,202.4
2026-07-01,P0152,23,101.2
2026-07-01,P0154,23,202.4
2026-07-01,P0155,23,202.4
2026-07-01,P0156,23,202.4
2026-07-01,P0157,23,202.4
2026-07-01,P0158,23,202.4
2026-07-01,P0159,23,202.4
2026-07-01,P0160,23,202.4
2026-07-01,P0161,23,202.4
2026-07-01,P0162,23,202.4
2026-07-01,P0165,23,202.4
2026-07-01,P0166,23,202.4
2026-07-01,P0167,23,202.4
2026-07-01,P0168,23,202.4
2026-07-01,P0169,23,202.4
2026-07-01,P0170,23,202.4
2026-07-01,P0171,23,202.4
2026-07-01,P0172,23,202.4
2026-07-01,P0173,23,202.4
2026-07-01,P0174,23,202.4
2026-07-01,P0175,20,176.0
2026-07-01,P0176,23,202.4
2026-07-01,P0177,23,202.4
2026-07-01,P0178,23,202.4
2026-07-01,P0179,23,202.4
2026-07-01,P0180,23,202.4
2026-07-01,P0181,23,202.4
2026-07-01,P0182,23,202.4
2026-07-01,P0183,23,101.2
2026-07-01,P0184,23,202.4
2026-07-01,P0185,23,202.4
2026-07-01,P0186,23,202.4
2026-07-01,P0189,23,202.4
2026-07-01,P0190,23,101.2
2026-07-01,P0192,23,101.2
2026-07-01,P0193,23,202.4
2026-07-01,P0194,23,202.4
2026-07-01,P0195,23,202.4
2026-07-01,P0196,23,202.4
2026-07-01,P0198,23,202.4
2026-07-01,P0199,11,96.8
2026-07-01,P0201,23,202.4
2026-07-01,P0202,23,202.4
2026-07-01,P0203,23,202.4
2026-07-01,P0204,23,202.4
2026-07-01,P0205,23,202.4
2026-07-01,P0206,23,202.4
2026-07-01,P0208,23,202.4
2026-07-01,P0209,23,202.4
2026-07-01,P0210,23,202.4
2026-07-01,P0211,23,202.4
2026-07-01,P0212,23,202.4
2026-07-01,P0213,23,202.4
2026-07-01,P0214,22,193.6
2026-07-01,P0216,23,202.4
2026-07-01,P0217,23,202.4
2026-07-01,P0218,23,202.4
2026-07-01,P0221,23,202.4
2026-07-01,P0222,23,202.4
2026-07-01,P0223,23,202.4
2026-07-01,P0224,23,202.4
2026-07-01,P0226,23,202.4
2026-07-01,P0227,23,202.4
2026-07-01,P0229,23,202.4
2026-07-01,P0230,23,202.4
2026-07-01,P0235,23,202.4
2026-07-01,P0237,23,202.4
2026-07-01,P0238,23,202.4
2026-07-01,P0239,23,202.4
2026-07-01,P0241,23,202.4
2026-07-01,P0242,23,202.4
2026-07-01,P0245,23,202.4
2026-07-01,P0246,23,202.4
2026-07-01,P0248,23,202.4
2026-07-01,P0251,23,202.4
2026-07-01,P0252,23,202.4
2026-07-01,P0253,23,202.4
2026-07-01,P0254,23,202.4
2026-07-01,P0256,23,202.4
2026-07-01,P0257,23,202.4
2026-07-01,P0258,23,101.2
2026-07-01,P0260,23,202.4
2026-07-01,P0261,23,202.4
2026-07-01,P0262,23,101.2
2026-07-01,P0263,23,202.4
2026-07-01,P0265,23,202.4
2026-07-01,P0266,23,202.4
2026-07-01,P0267,23,202.4
2026-07-01,P0268,23,202.4
2026-07-01,P0269,23,202.4
2026-07-01,P0271,23,202.4
2026-07-01,P0272,23,202.4
2026-07-01,P0275,23,202.4
2026-07-01,P0276,23,101.2
2026-07-01,P0277,23,202.4
2026-07-01,P0278,23,202.4
2026-07-01,P0279,23,202.4
2026-07-01,P0281,23,202.4
2026-07-01,P0282,23,202.4
2026-07-01,P0283,23,101.2
2026-07-01,P0285,23,202.4
2026-07-01,P0287,23,202.4
2026-07-01,P0288,23,202.4
2026-07-01,P0289,23,202.4
2026-07-01,P0291,23,101.2
2026-07-01,P0294,23,202.4
2026-07-01,P0295,23,202.4
2026-07-01,P0296,23,202.4
2026-07-01,P0297,2,17.6
2026-07-01,P0298,23,202.4
2026-07-01,P0299,23,202.4
2026-07-01,P0300,23,202.4
2026-07-01,P0301,23,202.4
2026-07-01,P0302,23,202.4
2026-07-01,P0303,23,202.4
2026-07-01,P0304,23,202.4
2026-07-01,P0305,23,202.4
2026-07-01,P0306,23,202.4
2026-07-01,P0308,23,101.2
2026-07-01,P0309,23,202.4
2026-07-01,P0311,23,202.4
2026-07-01,P0313,23,202.4
2026-07-01,P0314,23,202.4
2026-07-01,P0315,23,202.4
2026-07-01,P0316,23,202.4
2026-07-01,P0317,23,202.4
2026-07-01,P0318,23,202.4
2026-07-01,P0319,23,202.4
2026-07-01,P0320,23,202.4
2026-07-01,P0321,23,202.4
2026-07-01,P0324,23,202.4
2026-07-01,P0325,23,202.4
2026-07-01,P0326,23,202.4
2026-07-01,P0327,23,101.2
2026-07-01,P0330,23,202.4
2026-07-01,P0331,23,202.4
2026-07-01,P0333,23,202.4
2026-07-01,P0335,23,202.4
2026-07-01,P0337,23,202.4
2026-07-01,P0339,23,202.4
2026-07-01,P0340,23,202.4
2026-07-01,P0342,23,101.2
2026-07-01,P0343,23,101.2
2026-07-01,P0344,23,202.4
2026-07-01,P0345,23,202.4
2026-07-01,P0347,23,202.4
2026-07-01,P0348,23,202.4
2026-07-01,P0349,23,202.4
2026-07-01,P0352,23,202.4
2026-07-01,P0353,23,202.4
2026-07-01,P0354,23,202.4
2026-07-01,P0357,23,202.4
2026-07-01,P0359,23,202.4
2026-07-01,P0360,23,202.4
2026-07-01,P0361,23,202.4
2026-07-01,P0363,23,101.2
2026-07-01,P0364,23,101.2
2026-07-01,P0365,23,202.4
2026-07-01,P0366,23,202.4
2026-07-01,P0367,23,202.4
2026-07-01,P0368,23,202.4
2026-07-01,P0369,23,202.4
2026-07-01,P0370,23,202.4
2026-07-01,P0371,23,202.4
2026-07-01,P0372,23,202.4
2026-07-01,P0373,23,202.4
2026-07-01,P0374,23,101.2
2026-07-01,P0375,23,101.2
2026-07-01,P0376,23,202.4
2026-07-01,P0377,23,202.4
2026-07-01,P0378,23,202.4
2026-07-01,P0379,23,202.4
2026-07-01,P0380,23,202.4
2026-07-01,P0382,23,202.4
2026-07-01,P0383,23,202.4
2026-07-01,P0384,23,202.4
2026-07-01,P0386,23,202.4
2026-07-01,P0388,9,79.2
2026-07-01,P0389,23,202.4
2026-07-01,P0390,23,101.2
2026-07-01,P0391,23,202.4
2026-07-01,P0392,23,202.4
2026-07-01,P0393,23,202.4
2026-07-01,P0394,23,202.4
2026-07-01,P0395,23,202.4
2026-07-01,P0396,23,202.4
2026-07-01,P0398,23,202.4
2026-07-01,P0399,23,202.4
2026-07-01,P0400,23,202.4
2026-07-01,P0401,23,202.4
2026-07-01,P0402,23,202.4
2026-07-01,P0403,23,202.4
2026-07-01,P0404,23,101.2
2026-07-01,P0405,23,202.4
2026-07-01,P0406,23,202.4
2026-07-01,P0407,23,202.4
2026-07-01,P0409,23,202.4
2026-07-01,P0410,23,202.4
2026-07-01,P0411,23,202.4
2026-07-01,P0412,23,202.4
2026-07-01,P0413,23,202.4
2026-07-01,P0414,23,202.4
2026-07-01,P0415,23,202.4
2026-07-01,P0416,23,202.4
2026-07-01,P0417,23,202.4
2026-07-01,P0418,23,202.4
2026-07-01,P0419,23,202.4
2026-07-01,P0420,23,202.4
2026-07-01,P0421,23,202.4
2026-07-01,P0422,23,202.4
2026-07-01,P0423,23,202.4
2026-07-01,P0425,23,202.4
2026-07-01,P0426,23,202.4
2026-07-01,P0427,23,202.4
2026-07-01,P0428,23,202.4
2026-07-01,P0429,23,202.4
2026-07-01,P0431,23,202.4
2026-07-01,P0432,23,202.4
2026-07-01,P0435,23,202.4
2026-07-01,P0436,16,140.8
2026-07-01,P0437,23,202.4
2026-07-01,P0439,23,202.4
2026-07-01,P0440,23,202.4
2026-07-01,P0441,23,101.2
2026-07-01,P0442,23,202.4
2026-07-01,P0443,23,202.4
2026-07-01,P0444,23,202.4
2026-07-01,P0445,23,202.4
2026-07-01,P0448,23,202.4
2026-07-01,P0451,23,202.4
2026-07-01,P0454,23,202.4
2026-07-01,P0455,1,8.8
2026-07-01,P0456,23,202.4
2026-07-01,P0459,23,202.4
2026-07-01,P0460,23,202.4
2026-07-01,P0461,23,202.4
2026-07-01,P0463,23,202.4
2026-07-01,P0464,23,202.4
2026-07-01,P0465,23,202.4
2026-07-01,P0466,23,202.4
2026-07-01,P0467,23,202.4
2026-07-01,P0468,23,202.4
2026-07-01,P0470,23,202.4
2026-07-01,P0471,23,202.4
2026-07-01,P0473,23,202.4
2026-07-01,P0474,23,202.4
2026-07-01,P0475,23,202.4
2026-07-01,P0476,23,202.4
2026-07-01,P0478,23,202.4
2026-07-01,P0479,23,202.4
2026-07-01,P0480,23,202.4
2026-07-01,P0482,23,202.4
2026-07-01,P0483,23,202.4
2026-07-01,P0484,23,202.4
2026-07-01,P0485,23,202.4
2026-07-01,P0486,23,202.4
2026-07-01,P0487,23,101.2
2026-07-01,P0488,23,202.4
2026-07-01,P0489,23,202.4
2026-07-01,P0490,23,202.4
2026-07-01,P0491,23,202.4
2026-07-01,P0492,23,202.4
2026-07-01,P0493,23,101.2
2026-07-01,P0495,23,202.4
2026-07-01,P0496,23,202.4
2026-07-01,P0497,23,202.4
2026-07-01,P0499,23,202.4
2026-07-01,P0500,23,101.2
2026-07-01,P0501,23,202.4
2026-07-01,P0502,23,202.4
2026-07-01,P0503,23,202.4
2026-07-01,P0504,23,101.2
2026-07-01,P0505,23,202.4
2026-07-01,P0506,23,202.4
2026-07-01,P0507,23,202.4
2026-07-01,P0510,23,202.4
2026-07-01,P0511,23,202.4
2026-07-01,P0513,23,202.4
2026-07-01,P0514,23,202.4
2026-07-01,P0515,23,202.4
2026-07-01,P0516,23,202.4
2026-07-01,P0517,23,202.4
2026-07-01,P0518,23,202.4
2026-07-01,P0519,23,101.2
2026-07-01,P0520,23,202.4
2026-07-01,P0522,23,202.4
2026-07-01,P0524,23,202.4
2026-07-01,P0526,23,101.2
2026-07-01,P0527,23,202.4
2026-07-01,P0529,23,202.4
2026-07-01,P0530,23,202.4
2026-07-01,P0532,23,202.4
2026-07-01,P0534,23,202.4
2026-07-01,P0535,23,202.4
2026-07-01,P0537,23,202.4
2026-07-01,P0539,23,202.4
2026-07-01,P0540,23,202.4
2026-07-01,P0541,23,202.4
2026-07-01,P0542,23,202.4
2026-07-01,P0543,23,202.4
2026-07-01,P0545,23,202.4
2026-07-01,P0546,23,202.4
2026-07-01,P0547,23,101.2
2026-07-01,P0549,23,202.4
2026-07-01,P0551,23,202.4
2026-07-01,P0553,23,202.4
2026-07-01,P0555,23,202.4
2026-07-01,P0556,23,202.4
2026-07-01,P0557,23,202.4
2026-07-01,P0558,23,202.4
2026-07-01,P0559,23,101.2
2026-07-01,P0560,23,202.4
2026-07-01,P0561,23,202.4
2026-07-01,P0563,23,202.4
2026-07-01,P0564,19,167.2
2026-07-01,P0567,23,202.4
2026-07-01,P0568,23,202.4
2026-07-01,P0569,23,202.4
2026-07-01,P0571,23,202.4
2026-07-01,P0574,23,202.4
2026-07-01,P0575,23,202.4
2026-07-01,P0576,23,202.4
2026-07-01,P0579,23,202.4
2026-07-01,P0580,23,202.4
2026-07-01,P0581,23,202.4
2026-07-01,P0582,23,202.4
2026-07-01,P0583,23,202.4
2026-07-01,P0584,23,202.4
2026-07-01,P0585,23,202.4
2026-07-01,P0587,23,202.4
2026-07-01,P0588,23,202.4
2026-07-01,P0589,23,202.4
2026-07-01,P0590,23,101.2
2026-07-01,P0591,23,202.4
2026-07-01,P0593,23,202.4
2026-07-01,P0595,23,202.4
2026-07-01,P0596,23,202.4
2026-07-01,P0597,23,202.4
2026-07-01,P0598,23,202.4
2026-07-01,P0599,23,202.4
2026-07-01,P0600,23,202.4
2026-07-01,P0601,23,101.2
2026-07-01,P0602,23,202.4
2026-07-01,P0603,23,202.4
2026-07-01,P0604,23,202.4
2026-07-01,P0606,23,202.4
2026-07-01,P0607,23,202.4
2026-07-01,P0608,5,44.0
2026-07-01,P0609,23,202.4
2026-07-01,P0610,23,202.4
2026-07-01,P0612,23,202.4
2026-07-01,P0613,23,101.2
2026-07-01,P0615,23,202.4
2026-07-01,P0616,23,202.4
2026-07-01,P0617,23,202.4
2026-07-01,P0619,23,202.4
2026-07-01,P0620,23,202.4
2026-07-01,P0622,23,101.2
2026-07-01,P0623,23,202.4
2026-07-01,P0624,23,202.4
2026-07-01,P0625,23,202.4
2026-07-01,P0626,23,202.4
2026-07-01,P0627,23,101.2
2026-07-01,P0628,23,202.4
2026-07-01,P0630,23,202.4
2026-07-01,P0631,23,202.4
2026-07-01,P0632,23,202.4
2026-07-01,P0634,23,202.4
2026-07-01,P0635,23,202.4
2026-07-01,P0636,23,101.2
2026-07-01,P0637,23,202.4
2026-07-01,P0638,23,202.4
2026-07-01,P0639,23,202.4
2026-07-01,P0640,23,101.2
2026-07-01,P0641,23,202.4
2026-07-01,P0642,23,202.4
2026-07-01,P0643,23,202.4
2026-07-01,P0644,23,202.4
2026-07-01,P0646,23,202.4
2026-07-01,P0647,23,202.4
2026-07-01,P0648,23,202.4
2026-07-01,P0650,23,101.2
2026-07-01,P0651,23,202.4
2026-07-01,P0652,23,202.4
2026-07-01,P0653,23,202.4
2026-07-01,P0655,23,202.4
2026-07-01,P0656,23,202.4
2026-07-01,P0657,23,202.4
2026-07-01,P0658,23,202.4
2026-07-01,P0659,23,202.4
2026-07-01,P0661,23,202.4
2026-07-01,P0662,23,202.4
2026-07-01,P0664,23,202.4
2026-07-01,P0665,23,202.4
2026-07-01,P0666,23,202.4
2026-07-01,P0667,23,202.4
2026-07-01,P0669,23,202.4
2026-07-01,P0671,23,202.4
2026-07-01,P0673,23,202.4
2026-07-01,P0675,23,202.4
2026-07-01,P0676,23,202.4
2026-07-01,P0678,23,101.2
2026-07-01,P0679,23,202.4
2026-07-01,P0680,23,202.4
2026-07-01,P0682,23,202.4
2026-07-01,P0684,23,202.4
2026-07-01,P0685,23,101.2
2026-07-01,P0686,23,202.4
2026-07-01,P0687,23,202.4
2026-07-01,P0688,23,202.4
2026-07-01,P0689,23,202.4
2026-07-01,P0690,23,202.4
2026-07-01,P0691,23,202.4
2026-07-01,P0693,23,202.4
2026-07-01,P0694,23,202.4
2026-07-01,P0696,23,202.4
2026-07-01,P0697,23,202.4
2026-07-01,P0698,23,202.4
2026-07-01,P0699,23,202.4
2026-07-01,P0700,23,202.4
2026-07-01,P0701,15,132.0
2026-07-01,P0702,23,202.4
2026-07-01,P0704,23,202.4
2026-07-01,P0705,23,202.4
2026-07-01,P0706,23,202.4
2026-07-01,P0707,23,202.4
2026-07-01,P0708,23,202.4
2026-07-01,P0709,23,202.4
2026-07-01,P0710,23,101.2
2026-07-01,P0712,23,202.4
2026-07-01,P0713,23,202.4
2026-07-01,P0714,23,202.4
2026-07-01,P0716,23,202.4
2026-07-01,P0717,23,202.4
2026-07-01,P0718,23,202.4
2026-07-01,P0719,23,202.4
2026-07-01,P0720,23,202.4
2026-07-01,P0721,23,202.4
2026-07-01,P0722,23,202.4
2026-07-01,P0723,23,202.4
2026-07-01,P0724,23,202.4
2026-07-01,P0728,23,202.4
2026-07-01,P0729,23,202.4
2026-07-01,P0731,23,202.4
2026-07-01,P0732,23,202.4
2026-07-01,P0733,23,202.4
2026-07-01,P0734,23,202.4
2026-07-01,P0735,23,202.4
2026-07-01,P0736,23,202.4
2026-07-01,P0737,23,202.4
2026-07-01,P0738,23,202.4
2026-07-01,P0739,23,202.4
2026-07-01,P0741,23,202.4
2026-07-01,P0742,23,202.4
2026-07-01,P0743,23,202.4
2026-07-01,P0744,23,202.4
2026-07-01,P0745,23,202.4
2026-07-01,P0746,23,202.4
2026-07-01,P0747,23,202.4
2026-07-01,P0748,23,202.4
2026-07-01,P0749,23,101.2
2026-07-01,P0750,23,202.4
2026-07-01,P0752,23,202.4
2026-07-01,P0753,23,202.4
2026-07-01,P0754,23,202.4
2026-07-01,P0755,23,202.4
2026-07-01,P0756,23,202.4
2026-07-01,P0757,23,202.4
2026-07-01,P0758,23,202.4
2026-07-01,P0759,23,202.4
2026-07-01,P0760,23,202.4
2026-07-01,P0761,23,202.4
2026-07-01,P0762,23,202.4
2026-07-01,P0763,23,202.4
2026-07-01,P0764,23,202.4
2026-07-01,P0765,23,202.4
2026-07-01,P0766,23,101.2
2026-07-01,P0767,23,202.4
2026-07-01,P0768,23,202.4
2026-07-01,P0769,8,70.4
2026-07-01,P0770,23,202.4
2026-07-01,P0771,23,202.4
2026-07-01,P0772,23,202.4
2026-07-01,P0773,23,202.4
2026-07-01,P0774,22,193.6
2026-07-01,P0775,18,79.2
2026-07-01,P0776,15,132.0
2026-07-01,P0777,15,132.0
2026-07-01,P0778,15,132.0
2026-07-01,P0779,13,114.4
2026-07-01,P0780,5,44.0
2026-07-01,P0781,4,35.2
2026-08-01,P0003,21,184.8
2026-08-01,P0004,21,184.8
2026-08-01,P0005,21,184.8
2026-08-01,P0007,21,184.8
2026-08-01,P0008,21,92.4
2026-08-01,P0011,21,184.8
2026-08-01,P0012,21,184.8
2026-08-01,P0013,21,184.8
2026-08-01,P0014,21,184.8
2026-08-01,P0015,21,184.8
2026-08-01,P0016,21,184.8
2026-08-01,P0018,21,184.8
2026-08-01,P0019,21,184.8
2026-08-01,P0020,21,184.8
2026-08-01,P0021,21,184.8
2026-08-01,P0022,21,184.8
2026-08-01,P0023,21,92.4
2026-08-01,P0024,21,184.8
2026-08-01,P0025,21,184.8
2026-08-01,P0026,21,184.8
2026-08-01,P0027,21,184.8
2026-08-01,P0028,21,184.8
2026-08-01,P0029,21,184.8
2026-08-01,P0030,21,184.8
2026-08-01,P0034,21,184.8
2026-08-01,P0035,21,184.8
2026-08-01,P0036,21,184.8
2026-08-01,P0037,21,184.8
2026-08-01,P0038,21,184.8
2026-08-01,P0039,21,184.8
2026-08-01,P0040,21,184.8
2026-08-01,P0041,21,92.4
2026-08-01,P0042,21,184.8
2026-08-01,P0043,21,184.8
2026-08-01,P0044,21,184.8
2026-08-01,P0045,21,184.8
2026-08-01,P0046,21,184.8
2026-08-01,P0047,21,184.8
2026-08-01,P0048,21,184.8
2026-08-01,P0049,21,184.8
2026-08-01,P0050,21,184.8
2026-08-01,P0051,21,184.8
2026-08-01,P0053,21,184.8
2026-08-01,P0054,21,184.8
2026-08-01,P0056,21,184.8
2026-08-01,P0060,21,184.8
2026-08-01,P0065,21,184.8
2026-08-01,P0066,21,184.8
2026-08-01,P0067,21,184.8
2026-08-01,P0068,21,184.8
2026-08-01,P0069,21,184.8
2026-08-01,P0071,21,184.8
2026-08-01,P0072,21,184.8
2026-08-01,P0073,21,184.8
2026-08-01,P0074,21,184.8
2026-08-01,P0075,21,184.8
2026-08-01,P0076,21,184.8
2026-08-01,P0077,21,184.8
2026-08-01,P0079,21,184.8
2026-08-01,P0080,21,184.8
2026-08-01,P0081,21,92.4
2026-08-01,P0082,21,184.8
2026-08-01,P0085,21,184.8
2026-08-01,P0086,21,184.8
2026-08-01,P0087,21,184.8
2026-08-01,P0089,21,184.8
2026-08-01,P0090,21,184.8
2026-08-01,P0091,21,184.8
2026-08-01,P0092,21,184.8
2026-08-01,P0093,21,184.8
2026-08-01,P0094,21,184.8
2026-08-01,P0095,21,184.8
2026-08-01,P0096,21,184.8
2026-08-01,P0097,21,92.4
2026-08-01,P0098,21,184.8
2026-08-01,P0099,21,184.8
2026-08-01,P0100,21,184.8
2026-08-01,P0101,21,184.8
2026-08-01,P0102,21,184.8
2026-08-01,P0103,21,184.8
2026-08-01,P0104,21,184.8
2026-08-01,P0105,21,184.8
2026-08-01,P0106,21,184.8
2026-08-01,P0108,21,184.8
2026-08-01,P0109,21,184.8
2026-08-01,P0110,21,184.8
2026-08-01,P0111,21,184.8
2026-08-01,P0113,21,184.8
2026-08-01,P0116,21,184.8
2026-08-01,P0117,21,184.8
2026-08-01,P0118,21,184.8
2026-08-01,P0119,21,184.8
2026-08-01,P0120,21,92.4
2026-08-01,P0122,21,184.8
2026-08-01,P0123,21,184.8
2026-08-01,P0125,21,184.8
2026-08-01,P0127,21,184.8
2026-08-01,P0128,21,184.8
2026-08-01,P0129,21,184.8
2026-08-01,P0130,21,184.8
2026-08-01,P0131,21,184.8
2026-08-01,P0132,21,184.8
2026-08-01,P0133,21,184.8
2026-08-01,P0136,21,184.8
2026-08-01,P0137,21,184.8
2026-08-01,P0138,21,184.8
2026-08-01,P0139,21,184.8
2026-08-01,P0140,21,184.8
2026-08-01,P0141,21,184.8
2026-08-01,P0147,21,184.8
2026-08-01,P0148,21,184.8
2026-08-01,P0149,21,184.8
2026-08-01,P0151,21,184.8
2026-08-01,P0152,21,92.4
2026-08-01,P0154,21,184.8
2026-08-01,P0155,21,184.8
2026-08-01,P0156,21,184.8
2026-08-01,P0157,21,184.8
2026-08-01,P0158,21,184.8
2026-08-01,P0159,21,184.8
2026-08-01,P0160,21,184.8
2026-08-01,P0161,21,184.8
2026-08-01,P0162,21,184.8
2026-08-01,P0165,21,184.8
2026-08-01,P0166,21,184.8
2026-08-01,P0167,21,184.8
2026-08-01,P0168,21,184.8
2026-08-01,P0169,21,184.8
2026-08-01,P0170,21,184.8
2026-08-01,P0171,21,184.8
2026-08-01,P0172,1,8.8
2026-08-01,P0173,21,184.8
2026-08-01,P0174,21,184.8
2026-08-01,P0176,21,184.8
2026-08-01,P0177,21,184.8
2026-08-01,P0178,21,184.8
2026-08-01,P0179,21,184.8
2026-08-01,P0180,21,184.8
2026-08-01,P0181,21,184.8
2026-08-01,P0182,21,184.8
2026-08-01,P0183,21,92.4
2026-08-01,P0184,21,184.8
2026-08-01,P0185,21,184.8
2026-08-01,P0186,21,184.8
2026-08-01,P0189,21,184.8
2026-08-01,P0190,21,92.4
2026-08-01,P0192,21,92.4
2026-08-01,P0193,21,184.8
2026-08-01,P0194,21,184.8
2026-08-01,P0195,21,184.8
2026-08-01,P0196,21,184.8
2026-08-01,P0198,21,184.8
2026-08-01,P0201,21,184.8
2026-08-01,P0202,21,184.8
2026-08-01,P0203,21,184.8
2026-08-01,P0204,21,184.8
2026-08-01,P0205,21,184.8
2026-08-01,P0206,21,184.8
2026-08-01,P0208,21,184.8
2026-08-01,P0209,21,184.8
2026-08-01,P0210,21,184.8
2026-08-01,P0211,21,184.8
2026-08-01,P0212,21,184.8
2026-08-01,P0213,21,184.8
2026-08-01,P0216,21,184.8
2026-08-01,P0217,21,184.8
2026-08-01,P0218,21,184.8
2026-08-01,P0221,21,184.8
2026-08-01,P0222,21,184.8
2026-08-01,P0223,21,184.8
2026-08-01,P0224,21,184.8
2026-08-01,P0226,21,184.8
2026-08-01,P0227,21,184.8
2026-08-01,P0229,21,184.8
2026-08-01,P0230,21,184.8
2026-08-01,P0235,21,184.8
2026-08-01,P0237,21,184.8
2026-08-01,P0239,21,184.8
2026-08-01,P0241,21,184.8
2026-08-01,P0242,21,184.8
2026-08-01,P0245,21,184.8
2026-08-01,P0246,21,184.8
2026-08-01,P0248,21,184.8
2026-08-01,P0251,21,184.8
2026-08-01,P0252,21,184.8
2026-08-01,P0253,21,184.8
2026-08-01,P0254,21,184.8
2026-08-01,P0256,21,184.8
2026-08-01,P0257,21,184.8
2026-08-01,P0258,21,92.4
2026-08-01,P0260,21,184.8
2026-08-01,P0261,21,184.8
2026-08-01,P0262,21,92.4
2026-08-01,P0263,21,184.8
2026-08-01,P0265,21,184.8
2026-08-01,P0266,21,184.8
2026-08-01,P0267,21,184.8
2026-08-01,P0268,21,184.8
2026-08-01,P0269,21,184.8
2026-08-01,P0271,21,184.8
2026-08-01,P0272,21,184.8
2026-08-01,P0275,21,184.8
2026-08-01,P0276,21,92.4
2026-08-01,P0277,21,184.8
2026-08-01,P0278,21,184.8
2026-08-01,P0279,21,184.8
2026-08-01,P0281,21,184.8
2026-08-01,P0282,21,184.8
2026-08-01,P0283,21,92.4
2026-08-01,P0285,21,184.8
2026-08-01,P0287,21,184.8
2026-08-01,P0288,21,184.8
2026-08-01,P0289,21,184.8
2026-08-01,P0291,21,92.4
2026-08-01,P0294,21,184.8
2026-08-01,P0295,21,184.8
2026-08-01,P0296,21,184.8
2026-08-01,P0298,21,184.8
2026-08-01,P0299,21,184.8
2026-08-01,P0300,21,184.8
2026-08-01,P0301,21,184.8
2026-08-01,P0302,21,184.8
2026-08-01,P0303,21,184.8
2026-08-01,P0304,21,184.8
2026-08-01,P0305,21,184.8
2026-08-01,P0306,21,184.8
2026-08-01,P0308,21,92.4
2026-08-01,P0309,21,184.8
2026-08-01,P0311,21,184.8
2026-08-01,P0313,21,184.8
2026-08-01,P0314,21,184.8
2026-08-01,P0315,21,184.8
2026-08-01,P0316,21,184.8
2026-08-01,P0317,21,184.8
2026-08-01,P0318,21,184.8
2026-08-01,P0319,21,184.8
2026-08-01,P0320,21,184.8
2026-08-01,P0321,21,184.8
2026-08-01,P0324,21,184.8
2026-08-01,P0325,21,184.8
2026-08-01,P0326,21,184.8
2026-08-01,P0327,21,92.4
2026-08-01,P0330,21,184.8
2026-08-01,P0331,21,184.8
2026-08-01,P0333,21,184.8
2026-08-01,P0335,21,184.8
2026-08-01,P0337,21,184.8
2026-08-01,P0339,21,184.8
2026-08-01,P0340,21,184.8
2026-08-01,P0342,21,92.4
2026-08-01,P0343,21,92.4
2026-08-01,P0344,21,184.8
2026-08-01,P0345,21,184.8
2026-08-01,P0347,21,184.8
2026-08-01,P0348,21,184.8
2026-08-01,P0349,21,184.8
2026-08-01,P0352,21,184.8
2026-08-01,P0353,21,184.8
2026-08-01,P0354,21,184.8
2026-08-01,P0357,21,184.8
2026-08-01,P0359,21,184.8
2026-08-01,P0360,21,184.8
2026-08-01,P0361,21,184.8
2026-08-01,P0363,21,92.4
2026-08-01,P0364,21,92.4
2026-08-01,P0365,21,184.8
2026-08-01,P0366,21,184.8
2026-08-01,P0367,21,184.8
2026-08-01,P0368,21,184.8
2026-08-01,P0369,21,184.8
2026-08-01,P0370,21,184.8
2026-08-01,P0371,21,184.8
2026-08-01,P0372,21,184.8
2026-08-01,P0373,21,184.8
2026-08-01,P0374,21,92.4
2026-08-01,P0375,21,92.4
2026-08-01,P0376,21,184.8
2026-08-01,P0377,21,184.8
2026-08-01,P0378,21,184.8
2026-08-01,P0379,21,184.8
2026-08-01,P0380,21,184.8
2026-08-01,P0382,21,184.8
2026-08-01,P0383,21,184.8
2026-08-01,P0384,21,184.8
2026-08-01,P0386,21,184.8
2026-08-01,P0389,21,184.8
2026-08-01,P0390,21,92.4
2026-08-01,P0391,21,184.8
2026-08-01,P0392,21,184.8
2026-08-01,P0393,21,184.8
2026-08-01,P0394,21,184.8
2026-08-01,P0395,21,184.8
2026-08-01,P0396,21,184.8
2026-08-01,P0398,21,184.8
2026-08-01,P0399,21,184.8
2026-08-01,P0400,21,184.8
2026-08-01,P0401,21,184.8
2026-08-01,P0402,21,184.8
2026-08-01,P0403,21,184.8
2026-08-01,P0404,21,92.4
2026-08-01,P0405,21,184.8
2026-08-01,P0406,21,184.8
2026-08-01,P0407,21,184.8
2026-08-01,P0409,21,184.8
2026-08-01,P0410,21,184.8
2026-08-01,P0411,21,184.8
2026-08-01,P0412,21,184.8
2026-08-01,P0413,21,184.8
2026-08-01,P0414,21,184.8
2026-08-01,P0415,21,184.8
2026-08-01,P0416,21,184.8
2026-08-01,P0417,21,184.8
2026-08-01,P0418,21,184.8
2026-08-01,P0419,21,184.8
2026-08-01,P0420,21,184.8
2026-08-01,P0421,21,184.8
2026-08-01,P0422,21,184.8
2026-08-01,P0423,21,184.8
2026-08-01,P0425,21,184.8
2026-08-01,P0426,21,184.8
2026-08-01,P0427,21,184.8
2026-08-01,P0428,21,184.8
2026-08-01,P0429,21,184.8
2026-08-01,P0431,21,184.8
2026-08-01,P0432,21,184.8
2026-08-01,P0435,21,184.8
2026-08-01,P0437,21,184.8
2026-08-01,P0439,21,184.8
2026-08-01,P0440,21,184.8
2026-08-01,P0441,21,92.4
2026-08-01,P0442,21,184.8
2026-08-01,P0443,21,184.8
2026-08-01,P0444,21,184.8
2026-08-01,P0445,21,184.8
2026-08-01,P0448,21,184.8
2026-08-01,P0451,21,184.8
2026-08-01,P0454,21,184.8
2026-08-01,P0456,21,184.8
2026-08-01,P0459,21,184.8
2026-08-01,P0460,21,184.8
2026-08-01,P0461,21,184.8
2026-08-01,P0463,21,184.8
2026-08-01,P0464,21,184.8
2026-08-01,P0465,21,184.8
2026-08-01,P0466,21,184.8
2026-08-01,P0467,21,184.8
2026-08-01,P0468,21,184.8
2026-08-01,P0470,21,184.8
2026-08-01,P0471,21,184.8
2026-08-01,P0473,21,184.8
2026-08-01,P0474,21,184.8
2026-08-01,P0475,21,184.8
2026-08-01,P0476,21,184.8
2026-08-01,P0478,21,184.8
2026-08-01,P0479,21,184.8
2026-08-01,P0480,21,184.8
2026-08-01,P0482,21,184.8
2026-08-01,P0483,21,184.8
2026-08-01,P0484,21,184.8
2026-08-01,P0485,21,184.8
2026-08-01,P0486,21,184.8
2026-08-01,P0487,21,92.4
2026-08-01,P0488,21,184.8
2026-08-01,P0489,21,184.8
2026-08-01,P0490,21,184.8
2026-08-01,P0491,21,184.8
2026-08-01,P0492,21,184.8
2026-08-01,P0493,21,92.4
2026-08-01,P0495,21,184.8
2026-08-01,P0496,21,184.8
2026-08-01,P0497,21,184.8
2026-08-01,P0499,21,184.8
2026-08-01,P0500,21,92.4
2026-08-01,P0501,21,184.8
2026-08-01,P0502,21,184.8
2026-08-01,P0503,21,184.8
2026-08-01,P0504,21,92.4
2026-08-01,P0505,21,184.8
2026-08-01,P0506,21,184.8
2026-08-01,P0507,21,184.8
2026-08-01,P0510,21,184.8
2026-08-01,P0511,21,184.8
2026-08-01,P0513,21,184.8
2026-08-01,P0514,21,184.8
2026-08-01,P0515,21,184.8
2026-08-01,P0516,21,184.8
2026-08-01,P0517,21,184.8
2026-08-01,P0518,21,184.8
2026-08-01,P0519,21,92.4
2026-08-01,P0520,21,184.8
2026-08-01,P0522,21,184.8
2026-08-01,P0524,21,184.8
2026-08-01,P0526,21,92.4
2026-08-01,P0527,21,184.8
2026-08-01,P0529,21,184.8
2026-08-01,P0530,21,184.8
2026-08-01,P0532,21,184.8
2026-08-01,P0534,21,184.8
2026-08-01,P0535,21,184.8
2026-08-01,P0537,21,184.8
2026-08-01,P0539,21,184.8
2026-08-01,P0540,21,184.8
2026-08-01,P0541,21,184.8
2026-08-01,P0542,21,184.8
2026-08-01,P0543,21,184.8
2026-08-01,P0545,21,184.8
2026-08-01,P0546,21,184.8
2026-08-01,P0547,21,92.4
2026-08-01,P0549,21,184.8
2026-08-01,P0551,21,184.8
2026-08-01,P0553,21,184.8
2026-08-01,P0555,21,184.8
2026-08-01,P0556,21,184.8
2026-08-01,P0557,21,184.8
2026-08-01,P0558,21,184.8
2026-08-01,P0559,21,92.4
2026-08-01,P0560,21,184.8
2026-08-01,P0561,21,184.8
2026-08-01,P0563,21,184.8
2026-08-01,P0567,21,184.8
2026-08-01,P0568,21,184.8
2026-08-01,P0569,21,184.8
2026-08-01,P0571,21,184.8
2026-08-01,P0574,21,184.8
2026-08-01,P0575,21,184.8
2026-08-01,P0576,21,184.8
2026-08-01,P0579,21,184.8
2026-08-01,P0580,21,184.8
2026-08-01,P0581,21,184.8
2026-08-01,P0582,21,184.8
2026-08-01,P0583,21,184.8
2026-08-01,P0584,21,184.8
2026-08-01,P0585,21,184.8
2026-08-01,P0587,21,184.8
2026-08-01,P0588,21,184.8
2026-08-01,P0589,21,184.8
2026-08-01,P0590,21,92.4
2026-08-01,P0591,21,184.8
2026-08-01,P0593,21,184.8
2026-08-01,P0595,21,184.8
2026-08-01,P0596,21,184.8
2026-08-01,P0597,21,184.8
2026-08-01,P0598,21,184.8
2026-08-01,P0599,21,184.8
2026-08-01,P0600,21,184.8
2026-08-01,P0601,21,92.4
2026-08-01,P0602,21,184.8
2026-08-01,P0603,21,184.8
2026-08-01,P0604,21,184.8
2026-08-01,P0606,21,184.8
2026-08-01,P0607,21,184.8
2026-08-01,P0609,21,184.8
2026-08-01,P0610,21,184.8
2026-08-01,P0612,21,184.8
2026-08-01,P0613,21,92.4
2026-08-01,P0615,21,184.8
2026-08-01,P0616,21,184.8
2026-08-01,P0617,21,184.8
2026-08-01,P0619,21,184.8
2026-08-01,P0620,21,184.8
2026-08-01,P0622,21,92.4
2026-08-01,P0623,21,184.8
2026-08-01,P0624,21,184.8
2026-08-01,P0625,21,184.8
2026-08-01,P0626,21,184.8
2026-08-01,P0627,21,92.4
2026-08-01,P0628,21,184.8
2026-08-01,P0630,21,184.8
2026-08-01,P0631,21,184.8
2026-08-01,P0632,21,184.8
2026-08-01,P0634,21,184.8
2026-08-01,P0635,21,184.8
2026-08-01,P0636,21,92.4
2026-08-01,P0637,21,184.8
2026-08-01,P0638,21,184.8
2026-08-01,P0639,21,184.8
2026-08-01,P0640,21,92.4
2026-08-01,P0641,21,184.8
2026-08-01,P0642,21,184.8
2026-08-01,P0643,21,184.8
2026-08-01,P0644,21,184.8
2026-08-01,P0646,21,184.8
2026-08-01,P0647,21,184.8
2026-08-01,P0648,21,184.8
2026-08-01,P0650,21,92.4
2026-08-01,P0651,21,184.8
2026-08-01,P0652,21,184.8
2026-08-01,P0653,21,184.8
2026-08-01,P0655,21,184.8
2026-08-01,P0656,21,184.8
2026-08-01,P0657,21,184.8
2026-08-01,P0658,21,184.8
2026-08-01,P0659,21,184.8
2026-08-01,P0661,21,184.8
2026-08-01,P0662,21,184.8
2026-08-01,P0664,21,184.8
2026-08-01,P0665,21,184.8
2026-08-01,P0666,21,184.8
2026-08-01,P0667,21,184.8
2026-08-01,P0669,21,184.8
2026-08-01,P0671,21,184.8
2026-08-01,P0673,21,184.8
2026-08-01,P0675,21,184.8
2026-08-01,P0676,21,184.8
2026-08-01,P0678,21,92.4
2026-08-01,P0679,21,184.8
2026-08-01,P0680,21,184.8
2026-08-01,P0682,21,184.8
2026-08-01,P0684,21,184.8
2026-08-01,P0685,21,92.4
2026-08-01,P0686,21,184.8
2026-08-01,P0687,21,184.8
2026-08-01,P0688,21,184.8
2026-08-01,P0689,21,184.8
2026-08-01,P0690,21,184.8
2026-08-01,P0691,15,132.0
2026-08-01,P0693,21,184.8
2026-08-01,P0694,21,184.8
2026-08-01,P0696,21,184.8
2026-08-01,P0697,21,184.8
2026-08-01,P0698,21,184.8
2026-08-01,P0699,21,184.8
2026-08-01,P0700,21,184.8
2026-08-01,P0702,21,184.8
2026-08-01,P0704,21,184.8
2026-08-01,P0705,2,17.6
2026-08-01,P0706,21,184.8
2026-08-01,P0707,21,184.8
2026-08-01,P0708,21,184.8
2026-08-01,P0709,21,184.8
2026-08-01,P0710,21,92.4
2026-08-01,P0712,21,184.8
2026-08-01,P0713,21,184.8
2026-08-01,P0714,21,184.8
2026-08-01,P0716,21,184.8
2026-08-01,P0717,21,184.8
2026-08-01,P0718,21,184.8
2026-08-01,P0719,21,184.8
2026-08-01,P0720,8,70.4
2026-08-01,P0721,21,184.8
2026-08-01,P0722,21,184.8
2026-08-01,P0723,21,184.8
2026-08-01,P0724,21,184.8
2026-08-01,P0728,21,184.8
2026-08-01,P0729,21,184.8
2026-08-01,P0731,21,184.8
2026-08-01,P0732,21,184.8
2026-08-01,P0733,21,184.8
2026-08-01,P0734,21,184.8
2026-08-01,P0735,21,184.8
2026-08-01,P0736,21,184.8
2026-08-01,P0737,21,184.8
2026-08-01,P0738,21,184.8
2026-08-01,P0739,21,184.8
2026-08-01,P0741,21,184.8
2026-08-01,P0742,21,184.8
2026-08-01,P0743,21,184.8
2026-08-01,P0744,21,184.8
2026-08-01,P0745,21,184.8
2026-08-01,P0746,21,184.8
2026-08-01,P0747,21,184.8
2026-08-01,P0748,21,184.8
2026-08-01,P0749,21,92.4
2026-08-01,P0750,21,184.8
2026-08-01,P0752,21,184.8
2026-08-01,P0753,21,184.8
2026-08-01,P0754,21,184.8
2026-08-01,P0755,21,184.8
2026-08-01,P0756,21,184.8
2026-08-01,P0757,21,184.8
2026-08-01,P0758,21,184.8
2026-08-01,P0759,21,184.8
2026-08-01,P0760,21,184.8
2026-08-01,P0761,21,184.8
2026-08-01,P0762,21,184.8
2026-08-01,P0763,21,184.8
2026-08-01,P0764,21,184.8
2026-08-01,P0765,21,184.8
2026-08-01,P0766,21,92.4
2026-08-01,P0767,21,184.8
2026-08-01,P0768,21,184.8
2026-08-01,P0770,21,184.8
2026-08-01,P0771,21,184.8
2026-08-01,P0772,21,184.8
2026-08-01,P0773,21,184.8
2026-08-01,P0774,21,184.8
2026-08-01,P0775,21,92.4
2026-08-01,P0776,21,184.8
2026-08-01,P0777,21,184.8
2026-08-01,P0778,21,184.8
2026-08-01,P0779,21,184.8
2026-08-01,P0780,21,184.8
2026-08-01,P0781,21,184.8
2026-08-01,P0782,12,105.6
2026-08-01,P0783,9,79.2
2026-08-01,P0784,6,52.8
2026-08-01,P0785,5,44.0
2026-08-01,P0786,4,35.2
2026-08-01,P0787,4,35.2
2026-09-01,P0003,22,193.6
2026-09-01,P0004,22,193.6
2026-09-01,P0005,22,193.6
2026-09-01,P0007,22,193.6
2026-09-01,P0008,22,96.8
2026-09-01,P0011,22,193.6
2026-09-01,P0012,22,193.6
2026-09-01,P0013,22,193.6
2026-09-01,P0014,22,193.6
2026-09-01,P0015,22,193.6
2026-09-01,P0016,22,193.6
2026-09-01,P0018,22,193.6
2026-09-01,P0019,22,193.6
2026-09-01,P0020,22,193.6
2026-09-01,P0021,22,193.6
2026-09-01,P0022,22,193.6
2026-09-01,P0023,22,96.8
2026-09-01,P0024,22,193.6
2026-09-01,P0025,22,193.6
2026-09-01,P0026,22,193.6
2026-09-01,P0027,22,193.6
2026-09-01,P0028,22,193.6
2026-09-01,P0029,22,193.6
2026-09-01,P0030,22,193.6
2026-09-01,P0034,22,193.6
2026-09-01,P0035,22,193.6
2026-09-01,P0036,22,193.6
2026-09-01,P0037,22,193.6
2026-09-01,P0038,22,193.6
2026-09-01,P0039,22,193.6
2026-09-01,P0040,22,193.6
2026-09-01,P0041,22,96.8
2026-09-01,P0042,22,193.6
2026-09-01,P0043,22,193.6
2026-09-01,P0044,22,193.6
2026-09-01,P0045,22,193.6
2026-09-01,P0046,22,193.6
2026-09-01,P0047,22,193.6
2026-09-01,P0048,22,193.6
2026-09-01,P0049,6,52.8
2026-09-01,P0050,22,193.6
2026-09-01,P0051,22,193.6
2026-09-01,P0053,22,193.6
2026-09-01,P0054,22,193.6
2026-09-01,P0056,22,193.6
2026-09-01,P0060,22,193.6
2026-09-01,P0065,22,193.6
2026-09-01,P0066,22,193.6
2026-09-01,P0067,11,96.8
2026-09-01,P0068,22,193.6
2026-09-01,P0069,22,193.6
2026-09-01,P0071,22,193.6
2026-09-01,P0072,22,193.6
2026-09-01,P0073,22,193.6
2026-09-01,P0074,22,193.6
2026-09-01,P0075,22,193.6
2026-09-01,P0076,22,193.6
2026-09-01,P0077,22,193.6
2026-09-01,P0079,22,193.6
2026-09-01,P0080,22,193.6
2026-09-01,P0081,22,96.8
2026-09-01,P0082,22,193.6
2026-09-01,P0085,22,193.6
2026-09-01,P0086,22,193.6
2026-09-01,P0087,22,193.6
2026-09-01,P0089,22,193.6
2026-09-01,P0090,22,193.6
2026-09-01,P0091,22,193.6
2026-09-01,P0092,22,193.6
2026-09-01,P0093,22,193.6
2026-09-01,P0094,22,193.6
2026-09-01,P0095,22,193.6
2026-09-01,P0096,22,193.6
2026-09-01,P0097,22,96.8
2026-09-01,P0098,22,193.6
2026-09-01,P0099,7,61.6
2026-09-01,P0100,22,193.6
2026-09-01,P0101,22,193.6
2026-09-01,P0102,22,193.6
2026-09-01,P0103,22,193.6
2026-09-01,P0104,22,193.6
2026-09-01,P0105,22,193.6
2026-09-01,P0106,22,193.6
2026-09-01,P0108,22,193.6
2026-09-01,P0109,22,193.6
2026-09-01,P0110,22,193.6
2026-09-01,P0111,22,193.6
2026-09-01,P0113,22,193.6
2026-09-01,P0116,22,193.6
2026-09-01,P0117,22,193.6
2026-09-01,P0118,22,193.6
2026-09-01,P0119,22,193.6
2026-09-01,P0120,22,96.8
2026-09-01,P0122,22,193.6
2026-09-01,P0123,22,193.6
2026-09-01,P0125,22,193.6
2026-09-01,P0127,22,193.6
2026-09-01,P0128,22,193.6
2026-09-01,P0129,22,193.6
2026-09-01,P0130,22,193.6
2026-09-01,P0131,22,193.6
2026-09-01,P0132,22,193.6
2026-09-01,P0133,22,193.6
2026-09-01,P0136,22,193.6
2026-09-01,P0137,22,193.6
2026-09-01,P0138,22,193.6
2026-09-01,P0139,22,193.6
2026-09-01,P0140,22,193.6
2026-09-01,P0141,22,193.6
2026-09-01,P0147,22,193.6
2026-09-01,P0148,22,193.6
2026-09-01,P0149,22,193.6
2026-09-01,P0151,22,193.6
2026-09-01,P0152,22,96.8
2026-09-01,P0154,22,193.6
2026-09-01,P0155,22,193.6
2026-09-01,P0156,22,193.6
2026-09-01,P0157,22,193.6
2026-09-01,P0158,22,193.6
2026-09-01,P0159,22,193.6
2026-09-01,P0160,22,193.6
2026-09-01,P0161,22,193.6
2026-09-01,P0162,22,193.6
2026-09-01,P0165,22,193.6
2026-09-01,P0166,22,193.6
2026-09-01,P0167,22,193.6
2026-09-01,P0168,22,193.6
2026-09-01,P0169,22,193.6
2026-09-01,P0170,22,193.6
2026-09-01,P0171,22,193.6
2026-09-01,P0173,22,193.6
2026-09-01,P0174,22,193.6
2026-09-01,P0176,22,193.6
2026-09-01,P0177,22,193.6
2026-09-01,P0178,22,193.6
2026-09-01,P0179,22,193.6
2026-09-01,P0180,22,193.6
2026-09-01,P0181,22,193.6
2026-09-01,P0182,22,193.6
2026-09-01,P0183,22,96.8
2026-09-01,P0184,22,193.6
2026-09-01,P0185,22,193.6
2026-09-01,P0186,22,193.6
2026-09-01,P0189,22,193.6
2026-09-01,P0190,22,96.8
2026-09-01,P0192,22,96.8
2026-09-01,P0193,22,193.6
2026-09-01,P0194,22,193.6
2026-09-01,P0195,22,193.6
2026-09-01,P0196,22,193.6
2026-09-01,P0198,22,193.6
2026-09-01,P0201,22,193.6
2026-09-01,P0202,22,193.6
2026-09-01,P0203,22,193.6
2026-09-01,P0204,22,193.6
2026-09-01,P0205,22,193.6
2026-09-01,P0206,22,193.6
2026-09-01,P0208,22,193.6
2026-09-01,P0209,22,193.6
2026-09-01,P0210,22,193.6
2026-09-01,P0211,22,193.6
2026-09-01,P0212,22,193.6
2026-09-01,P0213,22,193.6
2026-09-01,P0216,22,193.6
2026-09-01,P0217,22,193.6
2026-09-01,P0218,22,193.6
2026-09-01,P0221,22,193.6
2026-09-01,P0222,22,193.6
2026-09-01,P0223,22,193.6
2026-09-01,P0224,22,193.6
2026-09-01,P0226,22,193.6
2026-09-01,P0227,22,193.6
2026-09-01,P0229,22,193.6
2026-09-01,P0230,22,193.6
2026-09-01,P0235,22,193.6
2026-09-01,P0237,22,193.6
2026-09-01,P0239,22,193.6
2026-09-01,P0241,22,193.6
2026-09-01,P0242,22,193.6
2026-09-01,P0245,22,193.6
2026-09-01,P0246,22,193.6
2026-09-01,P0248,22,193.6
2026-09-01,P0251,22,193.6
2026-09-01,P0252,22,193.6
2026-09-01,P0253,22,193.6
2026-09-01,P0254,22,193.6
2026-09-01,P0256,22,193.6
2026-09-01,P0257,22,193.6
2026-09-01,P0258,22,96.8
2026-09-01,P0260,22,193.6
2026-09-01,P0261,22,193.6
2026-09-01,P0262,22,96.8
2026-09-01,P0263,22,193.6
2026-09-01,P0265,22,193.6
2026-09-01,P0266,22,193.6
2026-09-01,P0267,22,193.6
2026-09-01,P0268,22,193.6
2026-09-01,P0269,22,193.6
2026-09-01,P0271,22,193.6
2026-09-01,P0272,22,193.6
2026-09-01,P0275,22,193.6
2026-09-01,P0276,22,96.8
2026-09-01,P0277,22,193.6
2026-09-01,P0278,22,193.6
2026-09-01,P0279,22,193.6
2026-09-01,P0281,22,193.6
2026-09-01,P0282,22,193.6
2026-09-01,P0283,22,96.8
2026-09-01,P0285,22,193.6
2026-09-01,P0287,22,193.6
2026-09-01,P0288,22,193.6
2026-09-01,P0289,22,193.6
2026-09-01,P0291,22,96.8
2026-09-01,P0294,22,193.6
2026-09-01,P0295,22,193.6
2026-09-01,P0296,22,193.6
2026-09-01,P0298,22,193.6
2026-09-01,P0299,22,193.6
2026-09-01,P0300,22,193.6
2026-09-01,P0301,22,193.6
2026-09-01,P0302,22,193.6
2026-09-01,P0303,22,193.6
2026-09-01,P0304,22,193.6
2026-09-01,P0305,22,193.6
2026-09-01,P0306,22,193.6
2026-09-01,P0308,22,96.8
2026-09-01,P0309,22,193.6
2026-09-01,P0311,22,193.6
2026-09-01,P0313,22,193.6
2026-09-01,P0314,22,193.6
2026-09-01,P0315,22,193.6
2026-09-01,P0316,22,193.6
2026-09-01,P0317,22,193.6
2026-09-01,P0318,22,193.6
2026-09-01,P0319,22,193.6
2026-09-01,P0320,22,193.6
2026-09-01,P0321,22,193.6
2026-09-01,P0324,22,193.6
2026-09-01,P0325,22,193.6
2026-09-01,P0326,22,193.6
2026-09-01,P0327,22,96.8
2026-09-01,P0330,22,193.6
2026-09-01,P0331,22,193.6
2026-09-01,P0333,22,193.6
2026-09-01,P0335,22,193.6
2026-09-01,P0337,22,193.6
2026-09-01,P0339,22,193.6
2026-09-01,P0340,22,193.6
2026-09-01,P0342,22,96.8
2026-09-01,P0343,22,96.8
2026-09-01,P0344,22,193.6
2026-09-01,P0345,22,193.6
2026-09-01,P0347,22,193.6
2026-09-01,P0348,22,193.6
2026-09-01,P0349,22,193.6
2026-09-01,P0352,22,193.6
2026-09-01,P0353,22,193.6
2026-09-01,P0354,22,193.6
2026-09-01,P0357,22,193.6
2026-09-01,P0359,22,193.6
2026-09-01,P0360,22,193.6
2026-09-01,P0361,22,193.6
2026-09-01,P0363,22,96.8
2026-09-01,P0364,22,96.8
2026-09-01,P0365,22,193.6
2026-09-01,P0366,22,193.6
2026-09-01,P0367,22,193.6
2026-09-01,P0368,22,193.6
2026-09-01,P0369,22,193.6
2026-09-01,P0370,22,193.6
2026-09-01,P0371,22,193.6
2026-09-01,P0372,22,193.6
2026-09-01,P0373,22,193.6
2026-09-01,P0374,22,96.8
2026-09-01,P0375,22,96.8
2026-09-01,P0376,22,193.6
2026-09-01,P0377,22,193.6
2026-09-01,P0378,22,193.6
2026-09-01,P0379,22,193.6
2026-09-01,P0380,22,193.6
2026-09-01,P0382,22,193.6
2026-09-01,P0383,22,193.6
2026-09-01,P0384,22,193.6
2026-09-01,P0386,22,193.6
2026-09-01,P0389,22,193.6
2026-09-01,P0390,22,96.8
2026-09-01,P0391,22,193.6
2026-09-01,P0392,22,193.6
2026-09-01,P0393,22,193.6
2026-09-01,P0394,22,193.6
2026-09-01,P0395,22,193.6
2026-09-01,P0396,22,193.6
2026-09-01,P0398,22,193.6
2026-09-01,P0399,22,193.6
2026-09-01,P0400,22,193.6
2026-09-01,P0401,22,193.6
2026-09-01,P0402,22,193.6
2026-09-01,P0403,22,193.6
2026-09-01,P0404,22,96.8
2026-09-01,P0405,22,193.6
2026-09-01,P0406,22,193.6
2026-09-01,P0407,22,193.6
2026-09-01,P0409,22,193.6
2026-09-01,P0410,22,193.6
2026-09-01,P0411,22,193.6
2026-09-01,P0412,22,193.6
2026-09-01,P0413,22,193.6
2026-09-01,P0414,22,193.6
2026-09-01,P0415,22,193.6
2026-09-01,P0416,22,193.6
2026-09-01,P0417,22,193.6
2026-09-01,P0418,22,193.6
2026-09-01,P0419,22,193.6
2026-09-01,P0420,22,193.6
2026-09-01,P0421,22,193.6
2026-09-01,P0422,22,193.6
2026-09-01,P0423,22,193.6
2026-09-01,P0425,22,193.6
2026-09-01,P0426,22,193.6
2026-09-01,P0427,22,193.6
2026-09-01,P0428,22,193.6
2026-09-01,P0429,22,193.6
2026-09-01,P0431,22,193.6
2026-09-01,P0432,22,193.6
2026-09-01,P0435,22,193.6
2026-09-01,P0437,22,193.6
2026-09-01,P0439,22,193.6
2026-09-01,P0440,22,193.6
2026-09-01,P0441,22,96.8
2026-09-01,P0442,22,193.6
2026-09-01,P0443,22,193.6
2026-09-01,P0444,22,193.6
2026-09-01,P0445,22,193.6
2026-09-01,P0448,22,193.6
2026-09-01,P0451,22,193.6
2026-09-01,P0454,22,193.6
2026-09-01,P0456,22,193.6
2026-09-01,P0459,22,193.6
2026-09-01,P0460,22,193.6
2026-09-01,P0461,22,193.6
2026-09-01,P0463,22,193.6
2026-09-01,P0464,22,193.6
2026-09-01,P0465,22,193.6
2026-09-01,P0466,22,193.6
2026-09-01,P0467,22,193.6
2026-09-01,P0468,22,193.6
2026-09-01,P0470,22,193.6
2026-09-01,P0471,22,193.6
2026-09-01,P0473,22,193.6
2026-09-01,P0474,22,193.6
2026-09-01,P0475,22,193.6
2026-09-01,P0476,22,193.6
2026-09-01,P0478,22,193.6
2026-09-01,P0479,22,193.6
2026-09-01,P0480,22,193.6
2026-09-01,P0482,22,193.6
2026-09-01,P0483,22,193.6
2026-09-01,P0484,22,193.6
2026-09-01,P0485,22,193.6
2026-09-01,P0486,22,193.6
2026-09-01,P0487,22,96.8
2026-09-01,P0488,22,193.6
2026-09-01,P0489,22,193.6
2026-09-01,P0490,22,193.6
2026-09-01,P0491,22,193.6
2026-09-01,P0492,22,193.6
2026-09-01,P0493,22,96.8
2026-09-01,P0495,22,193.6
2026-09-01,P0496,22,193.6
2026-09-01,P0497,22,193.6
2026-09-01,P0499,22,193.6
2026-09-01,P0500,22,96.8
2026-09-01,P0501,22,193.6
2026-09-01,P0502,22,193.6
2026-09-01,P0503,22,193.6
2026-09-01,P0504,22,96.8
2026-09-01,P0505,22,193.6
2026-09-01,P0506,22,193.6
2026-09-01,P0507,22,193.6
2026-09-01,P0510,22,193.6
2026-09-01,P0511,22,193.6
2026-09-01,P0513,22,193.6
2026-09-01,P0514,22,193.6
2026-09-01,P0515,22,193.6
2026-09-01,P0516,22,193.6
2026-09-01,P0517,22,193.6
2026-09-01,P0518,22,193.6
2026-09-01,P0519,22,96.8
2026-09-01,P0520,22,193.6
2026-09-01,P0522,22,193.6
2026-09-01,P0524,22,193.6
2026-09-01,P0526,22,96.8
2026-09-01,P0527,22,193.6
2026-09-01,P0529,22,193.6
2026-09-01,P0530,22,193.6
2026-09-01,P0532,22,193.6
2026-09-01,P0534,22,193.6
2026-09-01,P0535,22,193.6
2026-09-01,P0537,22,193.6
2026-09-01,P0539,22,193.6
2026-09-01,P0540,22,193.6
2026-09-01,P0541,22,193.6
2026-09-01,P0542,22,193.6
2026-09-01,P0543,22,193.6
2026-09-01,P0545,22,193.6
2026-09-01,P0546,22,193.6
2026-09-01,P0547,22,96.8
2026-09-01,P0549,22,193.6
2026-09-01,P0551,22,193.6
2026-09-01,P0553,22,193.6
2026-09-01,P0555,1,8.8
2026-09-01,P0556,12,105.6
2026-09-01,P0557,22,193.6
2026-09-01,P0558,22,193.6
2026-09-01,P0559,22,96.8
2026-09-01,P0560,22,193.6
2026-09-01,P0561,22,193.6
2026-09-01,P0563,22,193.6
2026-09-01,P0567,22,193.6
2026-09-01,P0568,22,193.6
2026-09-01,P0569,22,193.6
2026-09-01,P0571,22,193.6
2026-09-01,P0574,22,193.6
2026-09-01,P0575,22,193.6
2026-09-01,P0576,22,193.6
2026-09-01,P0579,22,193.6
2026-09-01,P0580,22,193.6
2026-09-01,P0581,22,193.6
2026-09-01,P0582,22,193.6
2026-09-01,P0583,22,193.6
2026-09-01,P0584,22,193.6
2026-09-01,P0585,22,193.6
2026-09-01,P0587,22,193.6
2026-09-01,P0588,22,193.6
2026-09-01,P0589,22,193.6
2026-09-01,P0590,22,96.8
2026-09-01,P0591,22,193.6
2026-09-01,P0593,22,193.6
2026-09-01,P0595,22,193.6
2026-09-01,P0596,22,193.6
2026-09-01,P0597,22,193.6
2026-09-01,P0598,22,193.6
2026-09-01,P0599,22,193.6
2026-09-01,P0600,22,193.6
2026-09-01,P0601,22,96.8
2026-09-01,P0602,22,193.6
2026-09-01,P0603,22,193.6
2026-09-01,P0604,22,193.6
2026-09-01,P0606,22,193.6
2026-09-01,P0607,22,193.6
2026-09-01,P0609,22,193.6
2026-09-01,P0610,22,193.6
2026-09-01,P0612,22,193.6
2026-09-01,P0613,22,96.8
2026-09-01,P0615,22,193.6
2026-09-01,P0616,22,193.6
2026-09-01,P0617,22,193.6
2026-09-01,P0619,22,193.6
2026-09-01,P0620,22,193.6
2026-09-01,P0622,22,96.8
2026-09-01,P0623,22,193.6
2026-09-01,P0624,22,193.6
2026-09-01,P0625,22,193.6
2026-09-01,P0626,22,193.6
2026-09-01,P0627,22,96.8
2026-09-01,P0628,22,193.6
2026-09-01,P0630,22,193.6
2026-09-01,P0631,22,193.6
2026-09-01,P0632,22,193.6
2026-09-01,P0634,22,193.6
2026-09-01,P0635,22,193.6
2026-09-01,P0636,22,96.8
2026-09-01,P0637,22,193.6
2026-09-01,P0638,22,193.6
2026-09-01,P0639,22,193.6
2026-09-01,P0640,22,96.8
2026-09-01,P0641,22,193.6
2026-09-01,P0642,22,193.6
2026-09-01,P0643,22,193.6
2026-09-01,P0644,22,193.6
2026-09-01,P0646,22,193.6
2026-09-01,P0647,22,193.6
2026-09-01,P0648,22,193.6
2026-09-01,P0650,22,96.8
2026-09-01,P0651,22,193.6
2026-09-01,P0652,22,193.6
2026-09-01,P0653,22,193.6
2026-09-01,P0655,22,193.6
2026-09-01,P0656,22,193.6
2026-09-01,P0657,22,193.6
2026-09-01,P0658,22,193.6
2026-09-01,P0659,22,193.6
2026-09-01,P0661,22,193.6
2026-09-01,P0662,22,193.6
2026-09-01,P0664,22,193.6
2026-09-01,P0665,22,193.6
2026-09-01,P0666,22,193.6
2026-09-01,P0667,22,193.6
2026-09-01,P0669,22,193.6
2026-09-01,P0671,22,193.6
2026-09-01,P0673,22,193.6
2026-09-01,P0675,22,193.6
2026-09-01,P0676,22,193.6
2026-09-01,P0678,22,96.8
2026-09-01,P0679,22,193.6
2026-09-01,P0680,22,193.6
2026-09-01,P0682,22,193.6
2026-09-01,P0684,22,193.6
2026-09-01,P0685,22,96.8
2026-09-01,P0686,22,193.6
2026-09-01,P0687,22,193.6
2026-09-01,P0688,22,193.6
2026-09-01,P0689,22,193.6
2026-09-01,P0690,22,193.6
2026-09-01,P0693,22,193.6
2026-09-01,P0694,22,193.6
2026-09-01,P0696,22,193.6
2026-09-01,P0697,22,193.6
2026-09-01,P0698,22,193.6
2026-09-01,P0699,22,193.6
2026-09-01,P0700,22,193.6
2026-09-01,P0702,22,193.6
2026-09-01,P0704,22,193.6
2026-09-01,P0706,22,193.6
2026-09-01,P0707,22,193.6
2026-09-01,P0708,22,193.6
2026-09-01,P0709,22,193.6
2026-09-01,P0710,22,96.8
2026-09-01,P0712,22,193.6
2026-09-01,P0713,22,193.6
2026-09-01,P0714,22,193.6
2026-09-01,P0716,22,193.6
2026-09-01,P0717,22,193.6
2026-09-01,P0718,22,193.6
2026-09-01,P0719,22,193.6
2026-09-01,P0721,22,193.6
2026-09-01,P0722,22,193.6
2026-09-01,P0723,22,193.6
2026-09-01,P0724,22,193.6
2026-09-01,P0728,22,193.6
2026-09-01,P0729,22,193.6
2026-09-01,P0731,22,193.6
2026-09-01,P0732,22,193.6
2026-09-01,P0733,22,193.6
2026-09-01,P0734,22,193.6
2026-09-01,P0735,22,193.6
2026-09-01,P0736,22,193.6
2026-09-01,P0737,22,193.6
2026-09-01,P0738,22,193.6
2026-09-01,P0739,22,193.6
2026-09-01,P0741,22,193.6
2026-09-01,P0742,22,193.6
2026-09-01,P0743,22,193.6
2026-09-01,P0744,22,193.6
2026-09-01,P0745,22,193.6
2026-09-01,P0746,22,193.6
2026-09-01,P0747,22,193.6
2026-09-01,P0748,22,193.6
2026-09-01,P0749,22,96.8
2026-09-01,P0750,22,193.6
2026-09-01,P0752,22,193.6
2026-09-01,P0753,22,193.6
2026-09-01,P0754,22,193.6
2026-09-01,P0755,22,193.6
2026-09-01,P0756,22,193.6
2026-09-01,P0757,22,193.6
2026-09-01,P0758,22,193.6
2026-09-01,P0759,22,193.6
2026-09-01,P0760,22,193.6
2026-09-01,P0761,22,193.6
2026-09-01,P0762,22,193.6
2026-09-01,P0763,22,193.6
2026-09-01,P0764,22,193.6
2026-09-01,P0765,22,193.6
2026-09-01,P0766,22,96.8
2026-09-01,P0767,22,193.6
2026-09-01,P0768,22,193.6
2026-09-01,P0770,22,193.6
2026-09-01,P0771,22,193.6
2026-09-01,P0772,22,193.6
2026-09-01,P0773,22,193.6
2026-09-01,P0774,22,193.6
2026-09-01,P0775,22,96.8
2026-09-01,P0776,22,193.6
2026-09-01,P0777,22,193.6
2026-09-01,P0778,22,193.6
2026-09-01,P0779,22,193.6
2026-09-01,P0780,22,193.6
2026-09-01,P0781,22,193.6
2026-09-01,P0782,22,193.6
2026-09-01,P0783,22,193.6
2026-09-01,P0784,22,193.6
2026-09-01,P0785,22,193.6
2026-09-01,P0786,22,193.6
2026-09-01,P0787,22,193.6
2026-09-01,P0788,21,184.8
2026-09-01,P0789,16,140.8
2026-09-01,P0790,16,140.8
2026-09-01,P0791,13,114.4
2026-09-01,P0792,12,105.6
2026-09-01,P0793,9,79.2
2026-09-01,P0794,5,44.0
2026-09-01,P0795,5,44.0
2026-09-01,P0796,3,26.4
2026-09-01,P0797,3,13.2
2026-09-01,P0798,3,13.2
2026-10-01,P0003,22,193.6
2026-10-01,P0004,22,193.6
2026-10-01,P0005,22,193.6
2026-10-01,P0007,22,193.6
2026-10-01,P0008,22,96.8
2026-10-01,P0011,22,193.6
2026-10-01,P0012,22,193.6
2026-10-01,P0013,22,193.6
2026-10-01,P0014,22,193.6
2026-10-01,P0015,22,193.6
2026-10-01,P0016,22,193.6
2026-10-01,P0018,22,193.6
2026-10-01,P0019,22,193.6
2026-10-01,P0020,22,193.6
2026-10-01,P0021,22,193.6
2026-10-01,P0022,22,193.6
2026-10-01,P0023,22,96.8
2026-10-01,P0024,22,193.6
2026-10-01,P0025,22,193.6
2026-10-01,P0026,22,193.6
2026-10-01,P0027,22,193.6
2026-10-01,P0028,22,193.6
2026-10-01,P0029,22,193.6
2026-10-01,P0030,22,193.6
2026-10-01,P0034,22,193.6
2026-10-01,P0035,22,193.6
2026-10-01,P0036,22,193.6
2026-10-01,P0037,22,193.6
2026-10-01,P0038,22,193.6
2026-10-01,P0039,22,193.6
2026-10-01,P0040,22,193.6
2026-10-01,P0041,22,96.8
2026-10-01,P0042,22,193.6
2026-10-01,P0043,22,193.6
2026-10-01,P0044,22,193.6
2026-10-01,P0045,22,193.6
2026-10-01,P0046,22,193.6
2026-10-01,P0047,22,193.6
2026-10-01,P0048,22,193.6
2026-10-01,P0050,22,193.6
2026-10-01,P0051,22,193.6
2026-10-01,P0053,22,193.6
2026-10-01,P0054,22,193.6
2026-10-01,P0056,22,193.6
2026-10-01,P0060,22,193.6
2026-10-01,P0065,22,193.6
2026-10-01,P0066,22,193.6
2026-10-01,P0068,22,193.6
2026-10-01,P0069,22,193.6
2026-10-01,P0071,22,193.6
2026-10-01,P0072,22,193.6
2026-10-01,P0073,22,193.6
2026-10-01,P0074,22,193.6
2026-10-01,P0075,22,193.6
2026-10-01,P0076,22,193.6
2026-10-01,P0077,22,193.6
2026-10-01,P0079,22,193.6
2026-10-01,P0080,22,193.6
2026-10-01,P0081,22,96.8
2026-10-01,P0082,22,193.6
2026-10-01,P0085,22,193.6
2026-10-01,P0086,22,193.6
2026-10-01,P0087,22,193.6
2026-10-01,P0089,22,193.6
2026-10-01,P0090,22,193.6
2026-10-01,P0091,22,193.6
2026-10-01,P0092,22,193.6
2026-10-01,P0093,22,193.6
2026-10-01,P0094,22,193.6
2026-10-01,P0095,22,193.6
2026-10-01,P0096,22,193.6
2026-10-01,P0097,22,96.8
2026-10-01,P0098,22,193.6
2026-10-01,P0100,22,193.6
2026-10-01,P0101,22,193.6
2026-10-01,P0102,22,193.6
2026-10-01,P0103,22,193.6
2026-10-01,P0104,22,193.6
2026-10-01,P0105,22,193.6
2026-10-01,P0106,22,193.6
2026-10-01,P0108,22,193.6
2026-10-01,P0109,22,193.6
2026-10-01,P0110,22,193.6
2026-10-01,P0111,22,193.6
2026-10-01,P0113,22,193.6
2026-10-01,P0116,22,193.6
2026-10-01,P0117,22,193.6
2026-10-01,P0118,22,193.6
2026-10-01,P0119,22,193.6
2026-10-01,P0120,22,96.8
2026-10-01,P0122,22,193.6
2026-10-01,P0123,22,193.6
2026-10-01,P0125,22,193.6
2026-10-01,P0127,22,193.6
2026-10-01,P0128,22,193.6
2026-10-01,P0129,22,193.6
2026-10-01,P0130,22,193.6
2026-10-01,P0131,22,193.6
2026-10-01,P0132,22,193.6
2026-10-01,P0133,22,193.6
2026-10-01,P0136,22,193.6
2026-10-01,P0137,22,193.6
2026-10-01,P0138,22,193.6
2026-10-01,P0139,22,193.6
2026-10-01,P0140,22,193.6
2026-10-01,P0141,22,193.6
2026-10-01,P0147,22,193.6
2026-10-01,P0148,22,193.6
2026-10-01,P0149,22,193.6
2026-10-01,P0151,22,193.6
2026-10-01,P0152,22,96.8
2026-10-01,P0154,22,193.6
2026-10-01,P0155,22,193.6
2026-10-01,P0156,22,193.6
2026-10-01,P0157,22,193.6
2026-10-01,P0158,22,193.6
2026-10-01,P0159,22,193.6
2026-10-01,P0160,22,193.6
2026-10-01,P0161,22,193.6
2026-10-01,P0162,22,193.6
2026-10-01,P0165,22,193.6
2026-10-01,P0166,22,193.6
2026-10-01,P0167,22,193.6
2026-10-01,P0168,22,193.6
2026-10-01,P0169,22,193.6
2026-10-01,P0170,22,193.6
2026-10-01,P0171,22,193.6
2026-10-01,P0173,22,193.6
2026-10-01,P0174,22,193.6
2026-10-01,P0176,22,193.6
2026-10-01,P0177,22,193.6
2026-10-01,P0178,22,193.6
2026-10-01,P0179,22,193.6
2026-10-01,P0180,22,193.6
2026-10-01,P0181,22,193.6
2026-10-01,P0182,22,193.6
2026-10-01,P0183,22,96.8
2026-10-01,P0184,22,193.6
2026-10-01,P0185,22,193.6
2026-10-01,P0186,22,193.6
2026-10-01,P0189,22,193.6
2026-10-01,P0190,22,96.8
2026-10-01,P0192,22,96.8
2026-10-01,P0193,22,193.6
2026-10-01,P0194,22,193.6
2026-10-01,P0195,22,193.6
2026-10-01,P0196,22,193.6
2026-10-01,P0198,22,193.6
2026-10-01,P0201,22,193.6
2026-10-01,P0202,22,193.6
2026-10-01,P0203,22,193.6
2026-10-01,P0204,22,193.6
2026-10-01,P0205,22,193.6
2026-10-01,P0206,22,193.6
2026-10-01,P0208,22,193.6
2026-10-01,P0209,22,193.6
2026-10-01,P0210,22,193.6
2026-10-01,P0211,22,193.6
2026-10-01,P0212,22,193.6
2026-10-01,P0213,22,193.6
2026-10-01,P0216,22,193.6
2026-10-01,P0217,22,193.6
2026-10-01,P0218,22,193.6
2026-10-01,P0221,22,193.6
2026-10-01,P0222,22,193.6
2026-10-01,P0223,22,193.6
2026-10-01,P0224,22,193.6
2026-10-01,P0226,22,193.6
2026-10-01,P0227,22,193.6
2026-10-01,P0229,22,193.6
2026-10-01,P0230,22,193.6
2026-10-01,P0235,22,193.6
2026-10-01,P0237,22,193.6
2026-10-01,P0239,22,193.6
2026-10-01,P0241,22,193.6
2026-10-01,P0242,22,193.6
2026-10-01,P0245,22,193.6
2026-10-01,P0246,22,193.6
2026-10-01,P0248,22,193.6
2026-10-01,P0251,22,193.6
2026-10-01,P0252,22,193.6
2026-10-01,P0253,22,193.6
2026-10-01,P0254,22,193.6
2026-10-01,P0256,22,193.6
2026-10-01,P0257,22,193.6
2026-10-01,P0258,22,96.8
2026-10-01,P0260,22,193.6
2026-10-01,P0261,22,193.6
2026-10-01,P0262,22,96.8
2026-10-01,P0263,22,193.6
2026-10-01,P0265,22,193.6
2026-10-01,P0266,22,193.6
2026-10-01,P0267,22,193.6
2026-10-01,P0268,22,193.6
2026-10-01,P0269,22,193.6
2026-10-01,P0271,22,193.6
2026-10-01,P0272,22,193.6
2026-10-01,P0275,22,193.6
2026-10-01,P0276,22,96.8
2026-10-01,P0277,22,193.6
2026-10-01,P0278,22,193.6
2026-10-01,P0279,22,193.6
2026-10-01,P0281,22,193.6
2026-10-01,P0282,22,193.6
2026-10-01,P0283,22,96.8
2026-10-01,P0285,22,193.6
2026-10-01,P0287,22,193.6
2026-10-01,P0288,22,193.6
2026-10-01,P0289,22,193.6
2026-10-01,P0291,22,96.8
2026-10-01,P0294,22,193.6
2026-10-01,P0295,22,193.6
2026-10-01,P0296,22,193.6
2026-10-01,P0298,22,193.6
2026-10-01,P0299,22,193.6
2026-10-01,P0300,22,193.6
2026-10-01,P0301,22,193.6
2026-10-01,P0302,22,193.6
2026-10-01,P0303,22,193.6
2026-10-01,P0304,22,193.6
2026-10-01,P0305,22,193.6
2026-10-01,P0306,22,193.6
2026-10-01,P0308,22,96.8
2026-10-01,P0309,22,193.6
2026-10-01,P0311,22,193.6
2026-10-01,P0313,22,193.6
2026-10-01,P0314,22,193.6
2026-10-01,P0315,22,193.6
2026-10-01,P0316,22,193.6
2026-10-01,P0317,22,193.6
2026-10-01,P0318,22,193.6
2026-10-01,P0319,22,193.6
2026-10-01,P0320,22,193.6
2026-10-01,P0321,22,193.6
2026-10-01,P0324,22,193.6
2026-10-01,P0325,22,193.6
2026-10-01,P0326,22,193.6
2026-10-01,P0327,22,96.8
2026-10-01,P0330,22,193.6
2026-10-01,P0331,22,193.6
2026-10-01,P0333,22,193.6
2026-10-01,P0335,22,193.6
2026-10-01,P0337,22,193.6
2026-10-01,P0339,22,193.6
2026-10-01,P0340,22,193.6
2026-10-01,P0342,22,96.8
2026-10-01,P0343,22,96.8
2026-10-01,P0344,22,193.6
2026-10-01,P0345,22,193.6
2026-10-01,P0347,22,193.6
2026-10-01,P0348,22,193.6
2026-10-01,P0349,22,193.6
2026-10-01,P0352,22,193.6
2026-10-01,P0353,22,193.6
2026-10-01,P0354,22,193.6
2026-10-01,P0357,22,193.6
2026-10-01,P0359,22,193.6
2026-10-01,P0360,22,193.6
2026-10-01,P0361,22,193.6
2026-10-01,P0363,22,96.8
2026-10-01,P0364,22,96.8
2026-10-01,P0365,22,193.6
2026-10-01,P0366,22,193.6
2026-10-01,P0367,22,193.6
2026-10-01,P0368,22,193.6
2026-10-01,P0369,22,193.6
2026-10-01,P0370,22,193.6
2026-10-01,P0371,22,193.6
2026-10-01,P0372,22,193.6
2026-10-01,P0373,22,193.6
2026-10-01,P0374,22,96.8
2026-10-01,P0375,22,96.8
2026-10-01,P0376,22,193.6
2026-10-01,P0377,22,193.6
2026-10-01,P0378,22,193.6
2026-10-01,P0379,22,193.6
2026-10-01,P0380,22,193.6
2026-10-01,P0382,22,193.6
2026-10-01,P0383,22,193.6
2026-10-01,P0384,22,193.6
2026-10-01,P0386,22,193.6
2026-10-01,P0389,22,193.6
2026-10-01,P0390,22,96.8
2026-10-01,P0391,22,193.6
2026-10-01,P0392,22,193.6
2026-10-01,P0393,22,193.6
2026-10-01,P0394,22,193.6
2026-10-01,P0395,22,193.6
2026-10-01,P0396,22,193.6
2026-10-01,P0398,22,193.6
2026-10-01,P0399,22,193.6
2026-10-01,P0400,7,61.6
2026-10-01,P0401,22,193.6
2026-10-01,P0402,22,193.6
2026-10-01,P0403,22,193.6
2026-10-01,P0404,22,96.8
2026-10-01,P0405,22,193.6
2026-10-01,P0406,22,193.6
2026-10-01,P0407,22,193.6
2026-10-01,P0409,22,193.6
2026-10-01,P0410,22,193.6
2026-10-01,P0411,22,193.6
2026-10-01,P0412,22,193.6
2026-10-01,P0413,22,193.6
2026-10-01,P0414,22,193.6
2026-10-01,P0415,22,193.6
2026-10-01,P0416,22,193.6
2026-10-01,P0417,22,193.6
2026-10-01,P0418,22,193.6
2026-10-01,P0419,22,193.6
2026-10-01,P0420,22,193.6
2026-10-01,P0421,22,193.6
2026-10-01,P0422,22,193.6
2026-10-01,P0423,22,193.6
2026-10-01,P0425,22,193.6
2026-10-01,P0426,22,193.6
2026-10-01,P0427,22,193.6
2026-10-01,P0428,22,193.6
2026-10-01,P0429,22,193.6
2026-10-01,P0431,22,193.6
2026-10-01,P0432,22,193.6
2026-10-01,P0435,22,193.6
2026-10-01,P0437,22,193.6
2026-10-01,P0439,22,193.6
2026-10-01,P0440,22,193.6
2026-10-01,P0441,22,96.8
2026-10-01,P0442,22,193.6
2026-10-01,P0443,22,193.6
2026-10-01,P0444,22,193.6
2026-10-01,P0445,22,193.6
2026-10-01,P0448,22,193.6
2026-10-01,P0451,22,193.6
2026-10-01,P0454,22,193.6
2026-10-01,P0456,22,193.6
2026-10-01,P0459,22,193.6
2026-10-01,P0460,22,193.6
2026-10-01,P0461,22,193.6
2026-10-01,P0463,22,193.6
2026-10-01,P0464,22,193.6
2026-10-01,P0465,22,193.6
2026-10-01,P0466,22,193.6
2026-10-01,P0467,22,193.6
2026-10-01,P0468,22,193.6
2026-10-01,P0470,22,193.6
2026-10-01,P0471,22,193.6
2026-10-01,P0473,22,193.6
2026-10-01,P0474,22,193.6
2026-10-01,P0475,22,193.6
2026-10-01,P0476,22,193.6
2026-10-01,P0478,22,193.6
2026-10-01,P0479,22,193.6
2026-10-01,P0480,22,193.6
2026-10-01,P0482,22,193.6
2026-10-01,P0483,22,193.6
2026-10-01,P0484,22,193.6
2026-10-01,P0485,22,193.6
2026-10-01,P0486,22,193.6
2026-10-01,P0487,22,96.8
2026-10-01,P0488,22,193.6
2026-10-01,P0489,17,149.6
2026-10-01,P0490,22,193.6
2026-10-01,P0491,22,193.6
2026-10-01,P0492,22,193.6
2026-10-01,P0493,22,96.8
2026-10-01,P0495,22,193.6
2026-10-01,P0496,22,193.6
2026-10-01,P0497,22,193.6
2026-10-01,P0499,22,193.6
2026-10-01,P0500,22,96.8
2026-10-01,P0501,22,193.6
2026-10-01,P0502,22,193.6
2026-10-01,P0503,22,193.6
2026-10-01,P0504,22,96.8
2026-10-01,P0505,22,193.6
2026-10-01,P0506,22,193.6
2026-10-01,P0507,22,193.6
2026-10-01,P0510,22,193.6
2026-10-01,P0511,22,193.6
2026-10-01,P0513,22,193.6
2026-10-01,P0514,22,193.6
2026-10-01,P0515,22,193.6
2026-10-01,P0516,22,193.6
2026-10-01,P0517,22,193.6
2026-10-01,P0518,22,193.6
2026-10-01,P0519,22,96.8
2026-10-01,P0520,22,193.6
2026-10-01,P0522,22,193.6
2026-10-01,P0524,22,193.6
2026-10-01,P0526,22,96.8
2026-10-01,P0527,22,193.6
2026-10-01,P0529,22,193.6
2026-10-01,P0530,22,193.6
2026-10-01,P0532,22,193.6
2026-10-01,P0534,22,193.6
2026-10-01,P0535,22,193.6
2026-10-01,P0537,22,193.6
2026-10-01,P0539,22,193.6
2026-10-01,P0540,22,193.6
2026-10-01,P0541,22,193.6
2026-10-01,P0542,22,193.6
2026-10-01,P0543,22,193.6
2026-10-01,P0545,22,193.6
2026-10-01,P0546,22,193.6
2026-10-01,P0547,22,96.8
2026-10-01,P0549,22,193.6
2026-10-01,P0551,22,193.6
2026-10-01,P0553,22,193.6
2026-10-01,P0557,22,193.6
2026-10-01,P0558,22,193.6
2026-10-01,P0559,22,96.8
2026-10-01,P0560,22,193.6
2026-10-01,P0561,22,193.6
2026-10-01,P0563,22,193.6
2026-10-01,P0567,22,193.6
2026-10-01,P0568,22,193.6
2026-10-01,P0569,22,193.6
2026-10-01,P0571,22,193.6
2026-10-01,P0574,22,193.6
2026-10-01,P0575,22,193.6
2026-10-01,P0576,22,193.6
2026-10-01,P0579,22,193.6
2026-10-01,P0580,22,193.6
2026-10-01,P0581,22,193.6
2026-10-01,P0582,22,193.6
2026-10-01,P0583,22,193.6
2026-10-01,P0584,22,193.6
2026-10-01,P0585,22,193.6
2026-10-01,P0587,22,193.6
2026-10-01,P0588,22,193.6
2026-10-01,P0589,22,193.6
2026-10-01,P0590,22,96.8
2026-10-01,P0591,22,193.6
2026-10-01,P0593,22,193.6
2026-10-01,P0595,22,193.6
2026-10-01,P0596,22,193.6
2026-10-01,P0597,22,193.6
2026-10-01,P0598,22,193.6
2026-10-01,P0599,22,193.6
2026-10-01,P0600,22,193.6
2026-10-01,P0601,22,96.8
2026-10-01,P0602,22,193.6
2026-10-01,P0603,22,193.6
2026-10-01,P0604,22,193.6
2026-10-01,P0606,22,193.6
2026-10-01,P0607,22,193.6
2026-10-01,P0609,22,193.6
2026-10-01,P0610,22,193.6
2026-10-01,P0612,22,193.6
2026-10-01,P0613,22,96.8
2026-10-01,P0615,22,193.6
2026-10-01,P0616,22,193.6
2026-10-01,P0617,22,193.6
2026-10-01,P0619,22,193.6
2026-10-01,P0620,22,193.6
2026-10-01,P0622,22,96.8
2026-10-01,P0623,22,193.6
2026-10-01,P0624,22,193.6
2026-10-01,P0625,22,193.6
2026-10-01,P0626,22,193.6
2026-10-01,P0627,22,96.8
2026-10-01,P0628,22,193.6
2026-10-01,P0630,22,193.6
2026-10-01,P0631,22,193.6
2026-10-01,P0632,22,193.6
2026-10-01,P0634,22,193.6
2026-10-01,P0635,22,193.6
2026-10-01,P0636,22,96.8
2026-10-01,P0637,22,193.6
2026-10-01,P0638,22,193.6
2026-10-01,P0639,22,193.6
2026-10-01,P0640,22,96.8
2026-10-01,P0641,22,193.6
2026-10-01,P0642,22,193.6
2026-10-01,P0643,22,193.6
2026-10-01,P0644,22,193.6
2026-10-01,P0646,22,193.6
2026-10-01,P0647,22,193.6
2026-10-01,P0648,22,193.6
2026-10-01,P0650,22,96.8
2026-10-01,P0651,22,193.6
2026-10-01,P0652,22,193.6
2026-10-01,P0653,22,193.6
2026-10-01,P0655,22,193.6
2026-10-01,P0656,22,193.6
2026-10-01,P0657,22,193.6
2026-10-01,P0658,22,193.6
2026-10-01,P0659,22,193.6
2026-10-01,P0661,22,193.6
2026-10-01,P0662,22,193.6
2026-10-01,P0664,22,193.6
2026-10-01,P0665,22,193.6
2026-10-01,P0666,22,193.6
2026-10-01,P0667,22,193.6
2026-10-01,P0669,22,193.6
2026-10-01,P0671,22,193.6
2026-10-01,P0673,22,193.6
2026-10-01,P0675,22,193.6
2026-10-01,P0676,22,193.6
2026-10-01,P0678,22,96.8
2026-10-01,P0679,22,193.6
2026-10-01,P0680,22,193.6
2026-10-01,P0682,22,193.6
2026-10-01,P0684,22,193.6
2026-10-01,P0685,22,96.8
2026-10-01,P0686,22,193.6
2026-10-01,P0687,22,193.6
2026-10-01,P0688,22,193.6
2026-10-01,P0689,22,193.6
2026-10-01,P0690,22,193.6
2026-10-01,P0693,22,193.6
2026-10-01,P0694,22,193.6
2026-10-01,P0696,22,193.6
2026-10-01,P0697,22,193.6
2026-10-01,P0698,22,193.6
2026-10-01,P0699,22,193.6
2026-10-01,P0700,22,193.6
2026-10-01,P0702,22,193.6
2026-10-01,P0704,22,193.6
2026-10-01,P0706,4,35.2
2026-10-01,P0707,22,193.6
2026-10-01,P0708,22,193.6
2026-10-01,P0709,22,193.6
2026-10-01,P0710,22,96.8
2026-10-01,P0712,22,193.6
2026-10-01,P0713,22,193.6
2026-10-01,P0714,22,193.6
2026-10-01,P0716,22,193.6
2026-10-01,P0717,22,193.6
2026-10-01,P0718,22,193.6
2026-10-01,P0719,22,193.6
2026-10-01,P0721,22,193.6
2026-10-01,P0722,22,193.6
2026-10-01,P0723,22,193.6
2026-10-01,P0724,20,176.0
2026-10-01,P0728,22,193.6
2026-10-01,P0729,22,193.6
2026-10-01,P0731,22,193.6
2026-10-01,P0732,22,193.6
2026-10-01,P0733,22,193.6
2026-10-01,P0734,22,193.6
2026-10-01,P0735,22,193.6
2026-10-01,P0736,6,52.8
2026-10-01,P0737,22,193.6
2026-10-01,P0738,22,193.6
2026-10-01,P0739,22,193.6
2026-10-01,P0741,22,193.6
2026-10-01,P0742,22,193.6
2026-10-01,P0743,22,193.6
2026-10-01,P0744,22,193.6
2026-10-01,P0745,22,193.6
2026-10-01,P0746,22,193.6
2026-10-01,P0747,22,193.6
2026-10-01,P0748,22,193.6
2026-10-01,P0749,22,96.8
2026-10-01,P0750,22,193.6
2026-10-01,P0752,22,193.6
2026-10-01,P0753,22,193.6
2026-10-01,P0754,22,193.6
2026-10-01,P0755,22,193.6
2026-10-01,P0756,22,193.6
2026-10-01,P0757,22,193.6
2026-10-01,P0758,22,193.6
2026-10-01,P0759,22,193.6
2026-10-01,P0760,22,193.6
2026-10-01,P0761,22,193.6
2026-10-01,P0762,22,193.6
2026-10-01,P0763,22,193.6
2026-10-01,P0764,22,193.6
2026-10-01,P0765,22,193.6
2026-10-01,P0766,22,96.8
2026-10-01,P0767,22,193.6
2026-10-01,P0768,22,193.6
2026-10-01,P0770,22,193.6
2026-10-01,P0771,22,193.6
2026-10-01,P0772,22,193.6
2026-10-01,P0773,22,193.6
2026-10-01,P0774,22,193.6
2026-10-01,P0775,22,96.8
2026-10-01,P0776,22,193.6
2026-10-01,P0777,22,193.6
2026-10-01,P0778,22,193.6
2026-10-01,P0779,22,193.6
2026-10-01,P0780,22,193.6
2026-10-01,P0781,22,193.6
2026-10-01,P0782,22,193.6
2026-10-01,P0783,22,193.6
2026-10-01,P0784,22,193.6
2026-10-01,P0785,22,193.6
2026-10-01,P0786,22,193.6
2026-10-01,P0787,22,193.6
2026-10-01,P0788,22,193.6
2026-10-01,P0789,22,193.6
2026-10-01,P0790,22,193.6
2026-10-01,P0791,22,193.6
2026-10-01,P0792,22,193.6
2026-10-01,P0793,22,193.6
2026-10-01,P0794,22,193.6
2026-10-01,P0795,22,193.6
2026-10-01,P0796,22,193.6
2026-10-01,P0797,22,96.8
2026-10-01,P0798,22,96.8
2026-10-01,P0799,21,184.8
2026-10-01,P0800,19,83.6
2026-10-01,P0801,18,158.4
2026-10-01,P0802,14,123.2
2026-10-01,P0803,11,96.8
2026-11-01,P0003,21,184.8
2026-11-01,P0004,21,184.8
2026-11-01,P0005,21,184.8
2026-11-01,P0007,21,184.8
2026-11-01,P0008,21,92.4
2026-11-01,P0011,21,184.8
2026-11-01,P0012,21,184.8
2026-11-01,P0013,21,184.8
2026-11-01,P0014,21,184.8
2026-11-01,P0015,21,184.8
2026-11-01,P0016,21,184.8
2026-11-01,P0018,21,184.8
2026-11-01,P0019,21,184.8
2026-11-01,P0020,21,184.8
2026-11-01,P0021,21,184.8
2026-11-01,P0022,21,184.8
2026-11-01,P0023,21,92.4
2026-11-01,P0024,21,184.8
2026-11-01,P0025,21,184.8
2026-11-01,P0026,21,184.8
2026-11-01,P0027,21,184.8
2026-11-01,P0028,21,184.8
2026-11-01,P0029,21,184.8
2026-11-01,P0030,21,184.8
2026-11-01,P0034,21,184.8
2026-11-01,P0035,21,184.8
2026-11-01,P0036,21,184.8
2026-11-01,P0037,21,184.8
2026-11-01,P0038,21,184.8
2026-11-01,P0039,21,184.8
2026-11-01,P0040,21,184.8
2026-11-01,P0041,21,92.4
2026-11-01,P0042,21,184.8
2026-11-01,P0043,21,184.8
2026-11-01,P0044,21,184.8
2026-11-01,P0045,21,184.8
2026-11-01,P0046,21,184.8
2026-11-01,P0047,21,184.8
2026-11-01,P0048,21,184.8
2026-11-01,P0050,21,184.8
2026-11-01,P0051,21,184.8
2026-11-01,P0053,21,184.8
2026-11-01,P0054,21,184.8
2026-11-01,P0056,21,184.8
2026-11-01,P0060,21,184.8
2026-11-01,P0065,21,184.8
2026-11-01,P0066,21,184.8
2026-11-01,P0068,21,184.8
2026-11-01,P0069,21,184.8
2026-11-01,P0071,21,184.8
2026-11-01,P0072,21,184.8
2026-11-01,P0073,21,184.8
2026-11-01,P0074,21,184.8
2026-11-01,P0075,21,184.8
2026-11-01,P0076,21,184.8
2026-11-01,P0077,21,184.8
2026-11-01,P0079,21,184.8
2026-11-01,P0080,21,184.8
2026-11-01,P0081,21,92.4
2026-11-01,P0082,21,184.8
2026-11-01,P0085,21,184.8
2026-11-01,P0086,21,184.8
2026-11-01,P0087,21,184.8
2026-11-01,P0089,21,184.8
2026-11-01,P0090,21,184.8
2026-11-01,P0091,21,184.8
2026-11-01,P0092,21,184.8
2026-11-01,P0093,21,184.8
2026-11-01,P0094,21,184.8
2026-11-01,P0095,21,184.8
2026-11-01,P0096,21,184.8
2026-11-01,P0097,21,92.4
2026-11-01,P0098,21,184.8
2026-11-01,P0100,21,184.8
2026-11-01,P0101,21,184.8
2026-11-01,P0102,21,184.8
2026-11-01,P0103,21,184.8
2026-11-01,P0104,21,184.8
2026-11-01,P0105,21,184.8
2026-11-01,P0106,21,184.8
2026-11-01,P0108,21,184.8
2026-11-01,P0109,21,184.8
2026-11-01,P0110,21,184.8
2026-11-01,P0111,21,184.8
2026-11-01,P0113,21,184.8
2026-11-01,P0116,21,184.8
2026-11-01,P0117,21,184.8
2026-11-01,P0118,21,184.8
2026-11-01,P0119,21,184.8
2026-11-01,P0120,21,92.4
2026-11-01,P0122,21,184.8
2026-11-01,P0123,21,184.8
2026-11-01,P0125,21,184.8
2026-11-01,P0127,21,184.8
2026-11-01,P0128,21,184.8
2026-11-01,P0129,21,184.8
2026-11-01,P0130,21,184.8
2026-11-01,P0131,21,184.8
2026-11-01,P0132,21,184.8
2026-11-01,P0133,21,184.8
2026-11-01,P0136,21,184.8
2026-11-01,P0137,21,184.8
2026-11-01,P0138,21,184.8
2026-11-01,P0139,21,184.8
2026-11-01,P0140,21,184.8
2026-11-01,P0141,21,184.8
2026-11-01,P0147,21,184.8
2026-11-01,P0148,21,184.8
2026-11-01,P0149,21,184.8
2026-11-01,P0151,21,184.8
2026-11-01,P0152,21,92.4
2026-11-01,P0154,21,184.8
2026-11-01,P0155,21,184.8
2026-11-01,P0156,21,184.8
2026-11-01,P0157,21,184.8
2026-11-01,P0158,21,184.8
2026-11-01,P0159,21,184.8
2026-11-01,P0160,21,184.8
2026-11-01,P0161,21,184.8
2026-11-01,P0162,21,184.8
2026-11-01,P0165,21,184.8
2026-11-01,P0166,21,184.8
2026-11-01,P0167,21,184.8
2026-11-01,P0168,21,184.8
2026-11-01,P0169,21,184.8
2026-11-01,P0170,21,184.8
2026-11-01,P0171,21,184.8
2026-11-01,P0173,21,184.8
2026-11-01,P0174,21,184.8
2026-11-01,P0176,21,184.8
2026-11-01,P0177,21,184.8
2026-11-01,P0178,21,184.8
2026-11-01,P0179,21,184.8
2026-11-01,P0180,21,184.8
2026-11-01,P0181,21,184.8
2026-11-01,P0182,21,184.8
2026-11-01,P0183,21,92.4
2026-11-01,P0184,21,184.8
2026-11-01,P0185,21,184.8
2026-11-01,P0186,21,184.8
2026-11-01,P0189,21,184.8
2026-11-01,P0190,21,92.4
2026-11-01,P0192,21,92.4
2026-11-01,P0193,21,184.8
2026-11-01,P0194,21,184.8
2026-11-01,P0195,21,184.8
2026-11-01,P0196,21,184.8
2026-11-01,P0198,21,184.8
2026-11-01,P0201,21,184.8
2026-11-01,P0202,21,184.8
2026-11-01,P0203,21,184.8
2026-11-01,P0204,21,184.8
2026-11-01,P0205,21,184.8
2026-11-01,P0206,21,184.8
2026-11-01,P0208,21,184.8
2026-11-01,P0209,21,184.8
2026-11-01,P0210,21,184.8
2026-11-01,P0211,21,184.8
2026-11-01,P0212,21,184.8
2026-11-01,P0213,21,184.8
2026-11-01,P0216,21,184.8
2026-11-01,P0217,21,184.8
2026-11-01,P0218,21,184.8
2026-11-01,P0221,21,184.8
2026-11-01,P0222,21,184.8
2026-11-01,P0223,21,184.8
2026-11-01,P0224,21,184.8
2026-11-01,P0226,21,184.8
2026-11-01,P0227,21,184.8
2026-11-01,P0229,21,184.8
2026-11-01,P0230,21,184.8
2026-11-01,P0235,21,184.8
2026-11-01,P0237,21,184.8
2026-11-01,P0239,21,184.8
2026-11-01,P0241,21,184.8
2026-11-01,P0242,21,184.8
2026-11-01,P0245,21,184.8
2026-11-01,P0246,21,184.8
2026-11-01,P0248,21,184.8
2026-11-01,P0251,21,184.8
2026-11-01,P0252,21,184.8
2026-11-01,P0253,21,184.8
2026-11-01,P0254,21,184.8
2026-11-01,P0256,21,184.8
2026-11-01,P0257,21,184.8
2026-11-01,P0258,21,92.4
2026-11-01,P0260,21,184.8
2026-11-01,P0261,21,184.8
2026-11-01,P0262,21,92.4
2026-11-01,P0263,21,184.8
2026-11-01,P0265,21,184.8
2026-11-01,P0266,21,184.8
2026-11-01,P0267,21,184.8
2026-11-01,P0268,15,132.0
2026-11-01,P0269,21,184.8
2026-11-01,P0271,21,184.8
2026-11-01,P0272,21,184.8
2026-11-01,P0275,21,184.8
2026-11-01,P0276,21,92.4
2026-11-01,P0277,21,184.8
2026-11-01,P0278,21,184.8
2026-11-01,P0279,21,184.8
2026-11-01,P0281,21,184.8
2026-11-01,P0282,21,184.8
2026-11-01,P0283,21,92.4
2026-11-01,P0285,21,184.8
2026-11-01,P0287,21,184.8
2026-11-01,P0288,21,184.8
2026-11-01,P0289,21,184.8
2026-11-01,P0291,21,92.4
2026-11-01,P0294,21,184.8
2026-11-01,P0295,21,184.8
2026-11-01,P0296,21,184.8
2026-11-01,P0298,21,184.8
2026-11-01,P0299,21,184.8
2026-11-01,P0300,21,184.8
2026-11-01,P0301,21,184.8
2026-11-01,P0302,21,184.8
2026-11-01,P0303,21,184.8
2026-11-01,P0304,21,184.8
2026-11-01,P0305,21,184.8
2026-11-01,P0306,21,184.8
2026-11-01,P0308,21,92.4
2026-11-01,P0309,21,184.8
2026-11-01,P0311,21,184.8
2026-11-01,P0313,21,184.8
2026-11-01,P0314,21,184.8
2026-11-01,P0315,21,184.8
2026-11-01,P0316,21,184.8
2026-11-01,P0317,21,184.8
2026-11-01,P0318,21,184.8
2026-11-01,P0319,21,184.8
2026-11-01,P0320,21,184.8
2026-11-01,P0321,21,184.8
2026-11-01,P0324,21,184.8
2026-11-01,P0325,21,184.8
2026-11-01,P0326,21,184.8
2026-11-01,P0327,21,92.4
2026-11-01,P0330,21,184.8
2026-11-01,P0331,21,184.8
2026-11-01,P0333,21,184.8
2026-11-01,P0335,21,184.8
2026-11-01,P0337,21,184.8
2026-11-01,P0339,21,184.8
2026-11-01,P0340,21,184.8
2026-11-01,P0342,21,92.4
2026-11-01,P0343,21,92.4
2026-11-01,P0344,21,184.8
2026-11-01,P0345,21,184.8
2026-11-01,P0347,21,184.8
2026-11-01,P0348,21,184.8
2026-11-01,P0349,21,184.8
2026-11-01,P0352,21,184.8
2026-11-01,P0353,21,184.8
2026-11-01,P0354,21,184.8
2026-11-01,P0357,21,184.8
2026-11-01,P0359,21,184.8
2026-11-01,P0360,21,184.8
2026-11-01,P0361,21,184.8
2026-11-01,P0363,21,92.4
2026-11-01,P0364,21,92.4
2026-11-01,P0365,21,184.8
2026-11-01,P0366,21,184.8
2026-11-01,P0367,21,184.8
2026-11-01,P0368,21,184.8
2026-11-01,P0369,21,184.8
2026-11-01,P0370,21,184.8
2026-11-01,P0371,21,184.8
2026-11-01,P0372,21,184.8
2026-11-01,P0373,21,184.8
2026-11-01,P0374,21,92.4
2026-11-01,P0375,21,92.4
2026-11-01,P0376,21,184.8
2026-11-01,P0377,21,184.8
2026-11-01,P0378,21,184.8
2026-11-01,P0379,21,184.8
2026-11-01,P0380,21,184.8
2026-11-01,P0382,21,184.8
2026-11-01,P0383,21,184.8
2026-11-01,P0384,21,184.8
2026-11-01,P0386,21,184.8
2026-11-01,P0389,21,184.8
2026-11-01,P0390,21,92.4
2026-11-01,P0391,21,184.8
2026-11-01,P0392,21,184.8
2026-11-01,P0393,21,184.8
2026-11-01,P0394,21,184.8
2026-11-01,P0395,21,184.8
2026-11-01,P0396,21,184.8
2026-11-01,P0398,21,184.8
2026-11-01,P0399,21,184.8
2026-11-01,P0401,21,184.8
2026-11-01,P0402,21,184.8
2026-11-01,P0403,21,184.8
2026-11-01,P0404,21,92.4
2026-11-01,P0405,21,184.8
2026-11-01,P0406,21,184.8
2026-11-01,P0407,21,184.8
2026-11-01,P0409,21,184.8
2026-11-01,P0410,21,184.8
2026-11-01,P0411,21,184.8
2026-11-01,P0412,21,184.8
2026-11-01,P0413,21,184.8
2026-11-01,P0414,21,184.8
2026-11-01,P0415,21,184.8
2026-11-01,P0416,21,184.8
2026-11-01,P0417,21,184.8
2026-11-01,P0418,21,184.8
2026-11-01,P0419,21,184.8
2026-11-01,P0420,21,184.8
2026-11-01,P0421,21,184.8
2026-11-01,P0422,21,184.8
2026-11-01,P0423,21,184.8
2026-11-01,P0425,21,184.8
2026-11-01,P0426,21,184.8
2026-11-01,P0427,21,184.8
2026-11-01,P0428,21,184.8
2026-11-01,P0429,21,184.8
2026-11-01,P0431,21,184.8
2026-11-01,P0432,21,184.8
2026-11-01,P0435,21,184.8
2026-11-01,P0437,21,184.8
2026-11-01,P0439,21,184.8
2026-11-01,P0440,21,184.8
2026-11-01,P0441,21,92.4
2026-11-01,P0442,21,184.8
2026-11-01,P0443,21,184.8
2026-11-01,P0444,21,184.8
2026-11-01,P0445,21,184.8
2026-11-01,P0448,21,184.8
2026-11-01,P0451,21,184.8
2026-11-01,P0454,21,184.8
2026-11-01,P0456,21,184.8
2026-11-01,P0459,21,184.8
2026-11-01,P0460,21,184.8
2026-11-01,P0461,21,184.8
2026-11-01,P0463,21,184.8
2026-11-01,P0464,21,184.8
2026-11-01,P0465,21,184.8
2026-11-01,P0466,21,184.8
2026-11-01,P0467,21,184.8
2026-11-01,P0468,21,184.8
2026-11-01,P0470,21,184.8
2026-11-01,P0471,21,184.8
2026-11-01,P0473,21,184.8
2026-11-01,P0474,21,184.8
2026-11-01,P0475,21,184.8
2026-11-01,P0476,21,184.8
2026-11-01,P0478,21,184.8
2026-11-01,P0479,21,184.8
2026-11-01,P0480,21,184.8
2026-11-01,P0482,21,184.8
2026-11-01,P0483,21,184.8
2026-11-01,P0484,21,184.8
2026-11-01,P0485,21,184.8
2026-11-01,P0486,21,184.8
2026-11-01,P0487,21,92.4
2026-11-01,P0488,21,184.8
2026-11-01,P0490,21,184.8
2026-11-01,P0491,21,184.8
2026-11-01,P0492,21,184.8
2026-11-01,P0493,21,92.4
2026-11-01,P0495,21,184.8
2026-11-01,P0496,21,184.8
2026-11-01,P0497,21,184.8
2026-11-01,P0499,21,184.8
2026-11-01,P0500,21,92.4
2026-11-01,P0501,21,184.8
2026-11-01,P0502,21,184.8
2026-11-01,P0503,21,184.8
2026-11-01,P0504,21,92.4
2026-11-01,P0505,21,184.8
2026-11-01,P0506,21,184.8
2026-11-01,P0507,21,184.8
2026-11-01,P0510,21,184.8
2026-11-01,P0511,21,184.8
2026-11-01,P0513,21,184.8
2026-11-01,P0514,21,184.8
2026-11-01,P0515,14,123.2
2026-11-01,P0516,21,184.8
2026-11-01,P0517,21,184.8
2026-11-01,P0518,21,184.8
2026-11-01,P0519,21,92.4
2026-11-01,P0520,21,184.8
2026-11-01,P0522,21,184.8
2026-11-01,P0524,21,184.8
2026-11-01,P0526,21,92.4
2026-11-01,P0527,21,184.8
2026-11-01,P0529,21,184.8
2026-11-01,P0530,21,184.8
2026-11-01,P0532,21,184.8
2026-11-01,P0534,21,184.8
2026-11-01,P0535,21,184.8
2026-11-01,P0537,21,184.8
2026-11-01,P0539,21,184.8
2026-11-01,P0540,21,184.8
2026-11-01,P0541,21,184.8
2026-11-01,P0542,21,184.8
2026-11-01,P0543,21,184.8
2026-11-01,P0545,21,184.8
2026-11-01,P0546,21,184.8
2026-11-01,P0547,21,92.4
2026-11-01,P0549,21,184.8
2026-11-01,P0551,21,184.8
2026-11-01,P0553,21,184.8
2026-11-01,P0557,21,184.8
2026-11-01,P0558,21,184.8
2026-11-01,P0559,21,92.4
2026-11-01,P0560,21,184.8
2026-11-01,P0561,21,184.8
2026-11-01,P0563,21,184.8
2026-11-01,P0567,21,184.8
2026-11-01,P0568,21,184.8
2026-11-01,P0569,21,184.8
2026-11-01,P0571,21,184.8
2026-11-01,P0574,21,184.8
2026-11-01,P0575,21,184.8
2026-11-01,P0576,21,184.8
2026-11-01,P0579,21,184.8
2026-11-01,P0580,21,184.8
2026-11-01,P0581,21,184.8
2026-11-01,P0582,21,184.8
2026-11-01,P0583,21,184.8
2026-11-01,P0584,21,184.8
2026-11-01,P0585,21,184.8
2026-11-01,P0587,21,184.8
2026-11-01,P0588,21,184.8
2026-11-01,P0589,21,184.8
2026-11-01,P0590,21,92.4
2026-11-01,P0591,21,184.8
2026-11-01,P0593,21,184.8
2026-11-01,P0595,21,184.8
2026-11-01,P0596,21,184.8
2026-11-01,P0597,21,184.8
2026-11-01,P0598,21,184.8
2026-11-01,P0599,21,184.8
2026-11-01,P0600,21,184.8
2026-11-01,P0601,21,92.4
2026-11-01,P0602,21,184.8
2026-11-01,P0603,21,184.8
2026-11-01,P0604,21,184.8
2026-11-01,P0606,21,184.8
2026-11-01,P0607,21,184.8
2026-11-01,P0609,21,184.8
2026-11-01,P0610,21,184.8
2026-11-01,P0612,21,184.8
2026-11-01,P0613,21,92.4
2026-11-01,P0615,21,184.8
2026-11-01,P0616,21,184.8
2026-11-01,P0617,21,184.8
2026-11-01,P0619,21,184.8
2026-11-01,P0620,21,184.8
2026-11-01,P0622,21,92.4
2026-11-01,P0623,21,184.8
2026-11-01,P0624,21,184.8
2026-11-01,P0625,21,184.8
2026-11-01,P0626,21,184.8
2026-11-01,P0627,21,92.4
2026-11-01,P0628,21,184.8
2026-11-01,P0630,21,184.8
2026-11-01,P0631,21,184.8
2026-11-01,P0632,21,184.8
2026-11-01,P0634,21,184.8
2026-11-01,P0635,21,184.8
2026-11-01,P0636,21,92.4
2026-11-01,P0637,21,184.8
2026-11-01,P0638,21,184.8
2026-11-01,P0639,21,184.8
2026-11-01,P0640,21,92.4
2026-11-01,P0641,21,184.8
2026-11-01,P0642,21,184.8
2026-11-01,P0643,21,184.8
2026-11-01,P0644,21,184.8
2026-11-01,P0646,21,184.8
2026-11-01,P0647,21,184.8
2026-11-01,P0648,21,184.8
2026-11-01,P0650,21,92.4
2026-11-01,P0651,21,184.8
2026-11-01,P0652,21,184.8
2026-11-01,P0653,21,184.8
2026-11-01,P0655,21,184.8
2026-11-01,P0656,21,184.8
2026-11-01,P0657,21,184.8
2026-11-01,P0658,21,184.8
2026-11-01,P0659,21,184.8
2026-11-01,P0661,21,184.8
2026-11-01,P0662,21,184.8
2026-11-01,P0664,21,184.8
2026-11-01,P0665,21,184.8
2026-11-01,P0666,21,184.8
2026-11-01,P0667,21,184.8
2026-11-01,P0669,21,184.8
2026-11-01,P0671,21,184.8
2026-11-01,P0673,21,184.8
2026-11-01,P0675,21,184.8
2026-11-01,P0676,21,184.8
2026-11-01,P0678,21,92.4
2026-11-01,P0679,21,184.8
2026-11-01,P0680,21,184.8
2026-11-01,P0682,21,184.8
2026-11-01,P0684,21,184.8
2026-11-01,P0685,21,92.4
2026-11-01,P0686,21,184.8
2026-11-01,P0687,21,184.8
2026-11-01,P0688,21,184.8
2026-11-01,P0689,21,184.8
2026-11-01,P0690,21,184.8
2026-11-01,P0693,21,184.8
2026-11-01,P0694,21,184.8
2026-11-01,P0696,21,184.8
2026-11-01,P0697,21,184.8
2026-11-01,P0698,21,184.8
2026-11-01,P0699,21,184.8
2026-11-01,P0700,21,184.8
2026-11-01,P0702,21,184.8
2026-11-01,P0704,21,184.8
2026-11-01,P0707,21,184.8
2026-11-01,P0708,21,184.8
2026-11-01,P0709,21,184.8
2026-11-01,P0710,21,92.4
2026-11-01,P0712,21,184.8
2026-11-01,P0713,21,184.8
2026-11-01,P0714,21,184.8
2026-11-01,P0716,21,184.8
2026-11-01,P0717,21,184.8
2026-11-01,P0718,21,184.8
2026-11-01,P0719,21,184.8
2026-11-01,P0721,21,184.8
2026-11-01,P0722,21,184.8
2026-11-01,P0723,2,17.6
2026-11-01,P0728,21,184.8
2026-11-01,P0729,10,88.0
2026-11-01,P0731,21,184.8
2026-11-01,P0732,21,184.8
2026-11-01,P0733,21,184.8
2026-11-01,P0734,21,184.8
2026-11-01,P0735,21,184.8
2026-11-01,P0737,21,184.8
2026-11-01,P0738,21,184.8
2026-11-01,P0739,21,184.8
2026-11-01,P0741,21,184.8
2026-11-01,P0742,21,184.8
2026-11-01,P0743,21,184.8
2026-11-01,P0744,21,184.8
2026-11-01,P0745,21,184.8
2026-11-01,P0746,21,184.8
2026-11-01,P0747,21,184.8
2026-11-01,P0748,21,184.8
2026-11-01,P0749,21,92.4
2026-11-01,P0750,21,184.8
2026-11-01,P0752,21,184.8
2026-11-01,P0753,21,184.8
2026-11-01,P0754,21,184.8
2026-11-01,P0755,21,184.8
2026-11-01,P0756,21,184.8
2026-11-01,P0757,7,61.6
2026-11-01,P0758,21,184.8
2026-11-01,P0759,21,184.8
2026-11-01,P0760,21,184.8
2026-11-01,P0761,21,184.8
2026-11-01,P0762,21,184.8
2026-11-01,P0763,21,184.8
2026-11-01,P0764,21,184.8
2026-11-01,P0765,21,184.8
2026-11-01,P0766,21,92.4
2026-11-01,P0767,21,184.8
2026-11-01,P0768,21,184.8
2026-11-01,P0770,21,184.8
2026-11-01,P0771,21,184.8
2026-11-01,P0772,21,184.8
2026-11-01,P0773,21,184.8
2026-11-01,P0774,21,184.8
2026-11-01,P0775,21,92.4
2026-11-01,P0776,21,184.8
2026-11-01,P0777,21,184.8
2026-11-01,P0778,21,184.8
2026-11-01,P0779,21,184.8
2026-11-01,P0780,21,184.8
2026-11-01,P0781,21,184.8
2026-11-01,P0782,21,184.8
2026-11-01,P0783,21,184.8
2026-11-01,P0784,21,184.8
2026-11-01,P0785,21,184.8
2026-11-01,P0786,7,61.6
2026-11-01,P0787,21,184.8
2026-11-01,P0788,21,184.8
2026-11-01,P0789,21,184.8
2026-11-01,P0790,21,184.8
2026-11-01,P0791,21,184.8
2026-11-01,P0792,21,184.8
2026-11-01,P0793,21,184.8
2026-11-01,P0794,21,184.8
2026-11-01,P0795,21,184.8
2026-11-01,P0796,21,184.8
2026-11-01,P0797,21,92.4
2026-11-01,P0798,21,92.4
2026-11-01,P0799,21,184.8
2026-11-01,P0800,21,92.4
2026-11-01,P0801,21,184.8
2026-11-01,P0802,21,184.8
2026-11-01,P0803,21,184.8
2026-11-01,P0804,20,176.0
2026-11-01,P0805,16,140.8
2026-11-01,P0806,16,70.4
2026-11-01,P0807,16,70.4
2026-11-01,P0808,1,8.8
2026-12-01,P0003,23,202.4
2026-12-01,P0004,23,202.4
2026-12-01,P0005,23,202.4
2026-12-01,P0007,23,202.4
2026-12-01,P0008,23,101.2
2026-12-01,P0011,23,202.4
2026-12-01,P0012,23,202.4
2026-12-01,P0013,23,202.4
2026-12-01,P0014,23,202.4
2026-12-01,P0015,23,202.4
2026-12-01,P0016,23,202.4
2026-12-01,P0018,23,202.4
2026-12-01,P0019,23,202.4
2026-12-01,P0020,23,202.4
2026-12-01,P0021,23,202.4
2026-12-01,P0022,23,202.4
2026-12-01,P0023,23,101.2
2026-12-01,P0024,1,8.8
2026-12-01,P0025,23,202.4
2026-12-01,P0026,23,202.4
2026-12-01,P0027,23,202.4
2026-12-01,P0028,23,202.4
2026-12-01,P0029,23,202.4
2026-12-01,P0030,23,202.4
2026-12-01,P0034,23,202.4
2026-12-01,P0035,23,202.4
2026-12-01,P0036,23,202.4
2026-12-01,P0037,23,202.4
2026-12-01,P0038,23,202.4
2026-12-01,P0039,23,202.4
2026-12-01,P0040,23,202.4
2026-12-01,P0041,23,101.2
2026-12-01,P0042,23,202.4
2026-12-01,P0043,23,202.4
2026-12-01,P0044,23,202.4
2026-12-01,P0045,23,202.4
2026-12-01,P0046,23,202.4
2026-12-01,P0047,23,202.4
2026-12-01,P0048,23,202.4
2026-12-01,P0050,23,202.4
2026-12-01,P0051,23,202.4
2026-12-01,P0053,23,202.4
2026-12-01,P0054,23,202.4
2026-12-01,P0056,23,202.4
2026-12-01,P0060,23,202.4
2026-12-01,P0065,23,202.4
2026-12-01,P0066,23,202.4
2026-12-01,P0068,23,202.4
2026-12-01,P0069,23,202.4
2026-12-01,P0071,23,202.4
2026-12-01,P0072,23,202.4
2026-12-01,P0073,23,202.4
2026-12-01,P0074,23,202.4
2026-12-01,P0075,23,202.4
2026-12-01,P0076,23,202.4
2026-12-01,P0077,23,202.4
2026-12-01,P0079,23,202.4
2026-12-01,P0080,23,202.4
2026-12-01,P0081,23,101.2
2026-12-01,P0082,23,202.4
2026-12-01,P0085,23,202.4
2026-12-01,P0086,23,202.4
2026-12-01,P0087,23,202.4
2026-12-01,P0089,23,202.4
2026-12-01,P0090,13,114.4
2026-12-01,P0091,23,202.4
2026-12-01,P0092,23,202.4
2026-12-01,P0093,23,202.4
2026-12-01,P0094,23,202.4
2026-12-01,P0095,23,202.4
2026-12-01,P0096,23,202.4
2026-12-01,P0097,23,101.2
2026-12-01,P0098,23,202.4
2026-12-01,P0100,23,202.4
2026-12-01,P0101,23,202.4
2026-12-01,P0102,23,202.4
2026-12-01,P0103,23,202.4
2026-12-01,P0104,23,202.4
2026-12-01,P0105,23,202.4
2026-12-01,P0106,23,202.4
2026-12-01,P0108,23,202.4
2026-12-01,P0109,23,202.4
2026-12-01,P0110,23,202.4
2026-12-01,P0111,23,202.4
2026-12-01,P0113,23,202.4
2026-12-01,P0116,23,202.4
2026-12-01,P0117,23,202.4
2026-12-01,P0118,23,202.4
2026-12-01,P0119,23,202.4
2026-12-01,P0120,23,101.2
2026-12-01,P0122,23,202.4
2026-12-01,P0123,23,202.4
2026-12-01,P0125,23,202.4
2026-12-01,P0127,23,202.4
2026-12-01,P0128,23,202.4
2026-12-01,P0129,23,202.4
2026-12-01,P0130,23,202.4
2026-12-01,P0131,23,202.4
2026-12-01,P0132,23,202.4
2026-12-01,P0133,23,202.4
2026-12-01,P0136,23,202.4
2026-12-01,P0137,23,202.4
2026-12-01,P0138,23,202.4
2026-12-01,P0139,23,202.4
2026-12-01,P0140,23,202.4
2026-12-01,P0141,23,202.4
2026-12-01,P0147,23,202.4
2026-12-01,P0148,23,202.4
2026-12-01,P0149,23,202.4
2026-12-01,P0151,23,202.4
2026-12-01,P0152,23,101.2
2026-12-01,P0154,23,202.4
2026-12-01,P0155,23,202.4
2026-12-01,P0156,23,202.4
2026-12-01,P0157,23,202.4
2026-12-01,P0158,23,202.4
2026-12-01,P0159,23,202.4
2026-12-01,P0160,23,202.4
2026-12-01,P0161,23,202.4
2026-12-01,P0162,23,202.4
2026-12-01,P0165,23,202.4
2026-12-01,P0166,23,202.4
2026-12-01,P0167,23,202.4
2026-12-01,P0168,23,202.4
2026-12-01,P0169,23,202.4
2026-12-01,P0170,23,202.4
2026-12-01,P0171,23,202.4
2026-12-01,P0173,23,202.4
2026-12-01,P0174,23,202.4
2026-12-01,P0176,23,202.4
2026-12-01,P0177,23,202.4
2026-12-01,P0178,23,202.4
2026-12-01,P0179,23,202.4
2026-12-01,P0180,23,202.4
2026-12-01,P0181,23,202.4
2026-12-01,P0182,23,202.4
2026-12-01,P0183,23,101.2
2026-12-01,P0184,23,202.4
2026-12-01,P0185,23,202.4
2026-12-01,P0186,23,202.4
2026-12-01,P0189,23,202.4
2026-12-01,P0190,23,101.2
2026-12-01,P0192,23,101.2
2026-12-01,P0193,23,202.4
2026-12-01,P0194,23,202.4
2026-12-01,P0195,23,202.4
2026-12-01,P0196,23,202.4
2026-12-01,P0198,23,202.4
2026-12-01,P0201,23,202.4
2026-12-01,P0202,23,202.4
2026-12-01,P0203,23,202.4
2026-12-01,P0204,23,202.4
2026-12-01,P0205,23,202.4
2026-12-01,P0206,23,202.4
2026-12-01,P0208,23,202.4
2026-12-01,P0209,23,202.4
2026-12-01,P0210,23,202.4
2026-12-01,P0211,23,202.4
2026-12-01,P0212,23,202.4
2026-12-01,P0213,23,202.4
2026-12-01,P0216,23,202.4
2026-12-01,P0217,23,202.4
2026-12-01,P0218,23,202.4
2026-12-01,P0221,23,202.4
2026-12-01,P0222,23,202.4
2026-12-01,P0223,23,202.4
2026-12-01,P0224,23,202.4
2026-12-01,P0226,23,202.4
2026-12-01,P0227,23,202.4
2026-12-01,P0229,23,202.4
2026-12-01,P0230,23,202.4
2026-12-01,P0235,23,202.4
2026-12-01,P0237,23,202.4
2026-12-01,P0239,23,202.4
2026-12-01,P0241,23,202.4
2026-12-01,P0242,23,202.4
2026-12-01,P0245,23,202.4
2026-12-01,P0246,23,202.4
2026-12-01,P0248,23,202.4
2026-12-01,P0251,23,202.4
2026-12-01,P0252,23,202.4
2026-12-01,P0253,23,202.4
2026-12-01,P0254,23,202.4
2026-12-01,P0256,23,202.4
2026-12-01,P0257,23,202.4
2026-12-01,P0258,23,101.2
2026-12-01,P0260,23,202.4
2026-12-01,P0261,23,202.4
2026-12-01,P0262,23,101.2
2026-12-01,P0263,23,202.4
2026-12-01,P0265,23,202.4
2026-12-01,P0266,23,202.4
2026-12-01,P0267,23,202.4
2026-12-01,P0269,23,202.4
2026-12-01,P0271,23,202.4
2026-12-01,P0272,23,202.4
2026-12-01,P0275,23,202.4
2026-12-01,P0276,23,101.2
2026-12-01,P0277,23,202.4
2026-12-01,P0278,23,202.4
2026-12-01,P0279,23,202.4
2026-12-01,P0281,23,202.4
2026-12-01,P0282,23,202.4
2026-12-01,P0283,23,101.2
2026-12-01,P0285,23,202.4
2026-12-01,P0287,23,202.4
2026-12-01,P0288,23,202.4
2026-12-01,P0289,23,202.4
2026-12-01,P0291,23,101.2
2026-12-01,P0294,23,202.4
2026-12-01,P0295,23,202.4
2026-12-01,P0296,23,202.4
2026-12-01,P0298,23,202.4
2026-12-01,P0299,23,202.4
2026-12-01,P0300,23,202.4
2026-12-01,P0301,23,202.4
2026-12-01,P0302,23,202.4
2026-12-01,P0303,23,202.4
2026-12-01,P0304,23,202.4
2026-12-01,P0305,23,202.4
2026-12-01,P0306,23,202.4
2026-12-01,P0308,23,101.2
2026-12-01,P0309,23,202.4
2026-12-01,P0311,23,202.4
2026-12-01,P0313,23,202.4
2026-12-01,P0314,23,202.4
2026-12-01,P0315,23,202.4
2026-12-01,P0316,23,202.4
2026-12-01,P0317,23,202.4
2026-12-01,P0318,23,202.4
2026-12-01,P0319,23,202.4
2026-12-01,P0320,23,202.4
2026-12-01,P0321,23,202.4
2026-12-01,P0324,23,202.4
2026-12-01,P0325,23,202.4
2026-12-01,P0326,23,202.4
2026-12-01,P0327,23,101.2
2026-12-01,P0330,23,202.4
2026-12-01,P0331,23,202.4
2026-12-01,P0333,23,202.4
2026-12-01,P0335,23,202.4
2026-12-01,P0337,23,202.4
2026-12-01,P0339,23,202.4
2026-12-01,P0340,23,202.4
2026-12-01,P0342,23,101.2
2026-12-01,P0343,23,101.2
2026-12-01,P0344,23,202.4
2026-12-01,P0345,23,202.4
2026-12-01,P0347,23,202.4
2026-12-01,P0348,23,202.4
2026-12-01,P0349,23,202.4
2026-12-01,P0352,23,202.4
2026-12-01,P0353,23,202.4
2026-12-01,P0354,23,202.4
2026-12-01,P0357,23,202.4
2026-12-01,P0359,23,202.4
2026-12-01,P0360,23,202.4
2026-12-01,P0361,23,202.4
2026-12-01,P0363,23,101.2
2026-12-01,P0364,23,101.2
2026-12-01,P0365,23,202.4
2026-12-01,P0366,23,202.4
2026-12-01,P0367,23,202.4
2026-12-01,P0368,23,202.4
2026-12-01,P0369,23,202.4
2026-12-01,P0370,23,202.4
2026-12-01,P0371,23,202.4
2026-12-01,P0372,23,202.4
2026-12-01,P0373,23,202.4
2026-12-01,P0374,23,101.2
2026-12-01,P0375,23,101.2
2026-12-01,P0376,23,202.4
2026-12-01,P0377,23,202.4
2026-12-01,P0378,23,202.4
2026-12-01,P0379,23,202.4
2026-12-01,P0380,23,202.4
2026-12-01,P0382,23,202.4
2026-12-01,P0383,23,202.4
2026-12-01,P0384,23,202.4
2026-12-01,P0389,23,202.4
2026-12-01,P0390,23,101.2
2026-12-01,P0391,23,202.4
2026-12-01,P0392,23,202.4
2026-12-01,P0393,23,202.4
2026-12-01,P0394,23,202.4
2026-12-01,P0395,23,202.4
2026-12-01,P0396,23,202.4
2026-12-01,P0398,23,202.4
2026-12-01,P0399,23,202.4
2026-12-01,P0401,23,202.4
2026-12-01,P0402,23,202.4
2026-12-01,P0403,23,202.4
2026-12-01,P0404,23,101.2
2026-12-01,P0405,23,202.4
2026-12-01,P0406,23,202.4
2026-12-01,P0407,23,202.4
2026-12-01,P0409,23,202.4
2026-12-01,P0410,23,202.4
2026-12-01,P0411,23,202.4
2026-12-01,P0412,23,202.4
2026-12-01,P0413,23,202.4
2026-12-01,P0414,23,202.4
2026-12-01,P0415,23,202.4
2026-12-01,P0416,23,202.4
2026-12-01,P0417,23,202.4
2026-12-01,P0418,23,202.4
2026-12-01,P0419,23,202.4
2026-12-01,P0420,23,202.4
2026-12-01,P0421,23,202.4
2026-12-01,P0422,23,202.4
2026-12-01,P0423,23,202.4
2026-12-01,P0425,23,202.4
2026-12-01,P0426,23,202.4
2026-12-01,P0427,23,202.4
2026-12-01,P0428,23,202.4
2026-12-01,P0429,23,202.4
2026-12-01,P0431,23,202.4
2026-12-01,P0432,23,202.4
2026-12-01,P0435,23,202.4
2026-12-01,P0437,23,202.4
2026-12-01,P0439,23,202.4
2026-12-01,P0440,23,202.4
2026-12-01,P0441,23,101.2
2026-12-01,P0442,23,202.4
2026-12-01,P0443,23,202.4
2026-12-01,P0444,1,8.8
2026-12-01,P0445,23,202.4
2026-12-01,P0448,23,202.4
2026-12-01,P0451,23,202.4
2026-12-01,P0454,23,202.4
2026-12-01,P0456,23,202.4
2026-12-01,P0459,23,202.4
2026-12-01,P0460,23,202.4
2026-12-01,P0461,23,202.4
2026-12-01,P0463,23,202.4
2026-12-01,P0464,23,202.4
2026-12-01,P0465,23,202.4
2026-12-01,P0466,23,202.4
2026-12-01,P0467,23,202.4
2026-12-01,P0468,23,202.4
2026-12-01,P0470,23,202.4
2026-12-01,P0471,23,202.4
2026-12-01,P0473,23,202.4
2026-12-01,P0474,23,202.4
2026-12-01,P0475,23,202.4
2026-12-01,P0476,23,202.4
2026-12-01,P0478,23,202.4
2026-12-01,P0479,23,202.4
2026-12-01,P0480,23,202.4
2026-12-01,P0482,23,202.4
2026-12-01,P0483,23,202.4
2026-12-01,P0484,23,202.4
2026-12-01,P0485,23,202.4
2026-12-01,P0486,23,202.4
2026-12-01,P0487,23,101.2
2026-12-01,P0488,23,202.4
2026-12-01,P0490,23,202.4
2026-12-01,P0491,23,202.4
2026-12-01,P0492,23,202.4
2026-12-01,P0493,23,101.2
2026-12-01,P0495,23,202.4
2026-12-01,P0496,23,202.4
2026-12-01,P0497,23,202.4
2026-12-01,P0499,23,202.4
2026-12-01,P0500,23,101.2
2026-12-01,P0501,23,202.4
2026-12-01,P0502,23,202.4
2026-12-01,P0503,23,202.4
2026-12-01,P0504,23,101.2
2026-12-01,P0505,23,202.4
2026-12-01,P0506,23,202.4
2026-12-01,P0507,23,202.4
2026-12-01,P0510,23,202.4
2026-12-01,P0511,23,202.4
2026-12-01,P0513,23,202.4
2026-12-01,P0514,23,202.4
2026-12-01,P0516,23,202.4
2026-12-01,P0517,23,202.4
2026-12-01,P0518,23,202.4
2026-12-01,P0519,23,101.2
2026-12-01,P0520,23,202.4
2026-12-01,P0522,23,202.4
2026-12-01,P0524,10,88.0
2026-12-01,P0526,23,101.2
2026-12-01,P0527,23,202.4
2026-12-01,P0529,23,202.4
2026-12-01,P0530,23,202.4
2026-12-01,P0532,23,202.4
2026-12-01,P0534,23,202.4
2026-12-01,P0535,23,202.4
2026-12-01,P0537,23,202.4
2026-12-01,P0539,23,202.4
2026-12-01,P0540,23,202.4
2026-12-01,P0541,23,202.4
2026-12-01,P0542,23,202.4
2026-12-01,P0543,23,202.4
2026-12-01,P0545,23,202.4
2026-12-01,P0546,23,202.4
2026-12-01,P0547,23,101.2
2026-12-01,P0549,23,202.4
2026-12-01,P0551,23,202.4
2026-12-01,P0553,23,202.4
2026-12-01,P0557,23,202.4
2026-12-01,P0558,23,202.4
2026-12-01,P0559,23,101.2
2026-12-01,P0560,23,202.4
2026-12-01,P0561,23,202.4
2026-12-01,P0563,23,202.4
2026-12-01,P0567,23,202.4
2026-12-01,P0568,23,202.4
2026-12-01,P0569,23,202.4
2026-12-01,P0571,23,202.4
2026-12-01,P0574,23,202.4
2026-12-01,P0575,23,202.4
2026-12-01,P0576,23,202.4
2026-12-01,P0579,23,202.4
2026-12-01,P0580,23,202.4
2026-12-01,P0581,23,202.4
2026-12-01,P0582,23,202.4
2026-12-01,P0583,23,202.4
2026-12-01,P0584,23,202.4
2026-12-01,P0585,23,202.4
2026-12-01,P0587,23,202.4
2026-12-01,P0588,23,202.4
2026-12-01,P0589,23,202.4
2026-12-01,P0590,23,101.2
2026-12-01,P0591,23,202.4
2026-12-01,P0593,23,202.4
2026-12-01,P0595,23,202.4
2026-12-01,P0596,23,202.4
2026-12-01,P0597,23,202.4
2026-12-01,P0598,23,202.4
2026-12-01,P0599,23,202.4
2026-12-01,P0600,23,202.4
2026-12-01,P0601,23,101.2
2026-12-01,P0602,23,202.4
2026-12-01,P0603,23,202.4
2026-12-01,P0604,23,202.4
2026-12-01,P0606,23,202.4
2026-12-01,P0607,23,202.4
2026-12-01,P0609,23,202.4
2026-12-01,P0610,23,202.4
2026-12-01,P0612,23,202.4
2026-12-01,P0613,23,101.2
2026-12-01,P0615,23,202.4
2026-12-01,P0616,23,202.4
2026-12-01,P0617,23,202.4
2026-12-01,P0619,23,202.4
2026-12-01,P0620,23,202.4
2026-12-01,P0622,23,101.2
2026-12-01,P0623,23,202.4
2026-12-01,P0624,23,202.4
2026-12-01,P0625,23,202.4
2026-12-01,P0626,23,202.4
2026-12-01,P0627,23,101.2
2026-12-01,P0628,23,202.4
2026-12-01,P0630,23,202.4
2026-12-01,P0631,23,202.4
2026-12-01,P0632,23,202.4
2026-12-01,P0634,23,202.4
2026-12-01,P0635,23,202.4
2026-12-01,P0636,23,101.2
2026-12-01,P0637,23,202.4
2026-12-01,P0638,23,202.4
2026-12-01,P0639,23,202.4
2026-12-01,P0640,23,101.2
2026-12-01,P0641,23,202.4
2026-12-01,P0642,23,202.4
2026-12-01,P0643,23,202.4
2026-12-01,P0644,23,202.4
2026-12-01,P0646,23,202.4
2026-12-01,P0647,23,202.4
2026-12-01,P0648,23,202.4
2026-12-01,P0650,23,101.2
2026-12-01,P0651,23,202.4
2026-12-01,P0652,23,202.4
2026-12-01,P0653,23,202.4
2026-12-01,P0655,23,202.4
2026-12-01,P0656,23,202.4
2026-12-01,P0657,23,202.4
2026-12-01,P0658,23,202.4
2026-12-01,P0659,23,202.4
2026-12-01,P0661,23,202.4
2026-12-01,P0662,23,202.4
2026-12-01,P0664,23,202.4
2026-12-01,P0665,23,202.4
2026-12-01,P0666,23,202.4
2026-12-01,P0667,23,202.4
2026-12-01,P0669,23,202.4
2026-12-01,P0671,23,202.4
2026-12-01,P0673,23,202.4
2026-12-01,P0675,23,202.4
2026-12-01,P0676,23,202.4
2026-12-01,P0678,23,101.2
2026-12-01,P0679,23,202.4
2026-12-01,P0680,23,202.4
2026-12-01,P0682,23,202.4
2026-12-01,P0684,23,202.4
2026-12-01,P0685,23,101.2
2026-12-01,P0686,23,202.4
2026-12-01,P0687,23,202.4
2026-12-01,P0688,23,202.4
2026-12-01,P0689,23,202.4
2026-12-01,P0690,23,202.4
2026-12-01,P0693,23,202.4
2026-12-01,P0694,23,202.4
2026-12-01,P0696,23,202.4
2026-12-01,P0697,23,202.4
2026-12-01,P0698,23,202.4
2026-12-01,P0699,23,202.4
2026-12-01,P0700,23,202.4
2026-12-01,P0702,23,202.4
2026-12-01,P0704,23,202.4
2026-12-01,P0707,23,202.4
2026-12-01,P0708,23,202.4
2026-12-01,P0709,23,202.4
2026-12-01,P0710,23,101.2
2026-12-01,P0712,23,202.4
2026-12-01,P0713,23,202.4
2026-12-01,P0714,23,202.4
2026-12-01,P0716,23,202.4
2026-12-01,P0717,23,202.4
2026-12-01,P0718,23,202.4
2026-12-01,P0719,23,202.4
2026-12-01,P0721,23,202.4
2026-12-01,P0722,23,202.4
2026-12-01,P0728,23,202.4
2026-12-01,P0731,23,202.4
2026-12-01,P0732,23,202.4
2026-12-01,P0733,23,202.4
2026-12-01,P0734,23,202.4
2026-12-01,P0735,23,202.4
2026-12-01,P0737,23,202.4
2026-12-01,P0738,23,202.4
2026-12-01,P0739,23,202.4
2026-12-01,P0741,23,202.4
2026-12-01,P0742,23,202.4
2026-12-01,P0743,23,202.4
2026-12-01,P0744,23,202.4
2026-12-01,P0745,23,202.4
2026-12-01,P0746,23,202.4
2026-12-01,P0747,11,96.8
2026-12-01,P0748,23,202.4
2026-12-01,P0749,23,101.2
2026-12-01,P0750,23,202.4
2026-12-01,P0752,23,202.4
2026-12-01,P0753,23,202.4
2026-12-01,P0754,23,202.4
2026-12-01,P0755,23,202.4
2026-12-01,P0756,23,202.4
2026-12-01,P0758,23,202.4
2026-12-01,P0759,23,202.4
2026-12-01,P0760,23,202.4
2026-12-01,P0761,23,202.4
2026-12-01,P0762,15,132.0
2026-12-01,P0763,23,202.4
2026-12-01,P0764,23,202.4
2026-12-01,P0765,23,202.4
2026-12-01,P0766,23,101.2
2026-12-01,P0767,23,202.4
2026-12-01,P0768,23,202.4
2026-12-01,P0770,23,202.4
2026-12-01,P0771,23,202.4
2026-12-01,P0772,23,202.4
2026-12-01,P0773,23,202.4
2026-12-01,P0774,23,202.4
2026-12-01,P0775,23,101.2
2026-12-01,P0776,23,202.4
2026-12-01,P0777,23,202.4
2026-12-01,P0778,23,202.4
2026-12-01,P0779,23,202.4
2026-12-01,P0780,23,202.4
2026-12-01,P0781,23,202.4
2026-12-01,P0782,23,202.4
2026-12-01,P0783,23,202.4
2026-12-01,P0784,23,202.4
2026-12-01,P0785,23,202.4
2026-12-01,P0787,23,202.4
2026-12-01,P0788,23,202.4
2026-12-01,P0789,23,202.4
2026-12-01,P0790,23,202.4
2026-12-01,P0791,23,202.4
2026-12-01,P0792,23,202.4
2026-12-01,P0793,23,202.4
2026-12-01,P0794,23,202.4
2026-12-01,P0795,23,202.4
2026-12-01,P0796,23,202.4
2026-12-01,P0797,23,101.2
2026-12-01,P0798,23,101.2
2026-12-01,P0799,23,202.4
2026-12-01,P0800,23,101.2
2026-12-01,P0801,23,202.4
2026-12-01,P0802,23,202.4
2026-12-01,P0803,23,202.4
2026-12-01,P0804,23,202.4
2026-12-01,P0805,23,202.4
2026-12-01,P0806,23,101.2
2026-12-01,P0807,23,101.2
2026-12-01,P0808,23,202.4
2026-12-01,P0809,18,158.4
2026-12-01,P0810,14,123.2
2026-12-01,P0811,14,123.2
2026-12-01,P0812,10,88.0
2026-12-01,P0813,9,79.2
2026-12-01,P0814,9,79.2
2026-12-01,P0815,4,35.2
