version,fecha,industria,sucursal,cuenta_codigo,monto
Presupuesto,2025-01-01,Energia,Zona Centro,ENE-4101,1733865
Presupuesto,2025-01-01,Energia,Zona Centro,ENE-4102,743085
Presupuesto,2025-01-01,Energia,Zona Centro,ENE-4103,10217340
Presupuesto,2025-01-01,Energia,Zona Centro,ENE-4104,6811560
Presupuesto,2025-01-01,Energia,Zona Centro,ENE-4105,3715250
Presupuesto,2025-01-01,Energia,Zona Centro,ENE-5101,1733900
Presupuesto,2025-01-01,Energia,Zona Centro,ENE-5102,2600850
Presupuesto,2025-01-01,Energia,Zona Centro,ENE-5103,6811700
Presupuesto,2025-01-01,Energia,Zona Centro,ENE-5104,743120
Presupuesto,2025-01-01,Energia,Zona Centro,ENE-5105,1114680
Presupuesto,2025-01-01,Energia,Zona Centro,ENE-6101,278670
Presupuesto,2025-01-01,Energia,Zona Centro,ENE-6102,185780
Presupuesto,2025-01-01,Energia,Zona Centro,ENE-6103,278670
Presupuesto,2025-01-01,Energia,Zona Centro,ENE-6104,1579130
Presupuesto,2025-01-01,Energia,Zona Centro,ENE-6105,619150
Presupuesto,2025-01-01,Energia,Zona Centro,ENE-6106,309680
Presupuesto,2025-01-01,Energia,Zona Centro,ENE-6107,464520
Presupuesto,2025-01-01,Energia,Zona Norte,ENE-4101,1981560
Presupuesto,2025-01-01,Energia,Zona Norte,ENE-4102,849240
Presupuesto,2025-01-01,Energia,Zona Norte,ENE-4103,11676960
Presupuesto,2025-01-01,Energia,Zona Norte,ENE-4104,7784640
Presupuesto,2025-01-01,Energia,Zona Norte,ENE-4105,4246000
Presupuesto,2025-01-01,Energia,Zona Norte,ENE-5101,1981600
Presupuesto,2025-01-01,Energia,Zona Norte,ENE-5102,2972400
Presupuesto,2025-01-01,Energia,Zona Norte,ENE-5103,7784800
Presupuesto,2025-01-01,Energia,Zona Norte,ENE-5104,849280
Presupuesto,2025-01-01,Energia,Zona Norte,ENE-5105,1273920
Presupuesto,2025-01-01,Energia,Zona Norte,ENE-6101,318480
Presupuesto,2025-01-01,Energia,Zona Norte,ENE-6102,212320
Presupuesto,2025-01-01,Energia,Zona Norte,ENE-6103,318480
Presupuesto,2025-01-01,Energia,Zona Norte,ENE-6104,1804720
Presupuesto,2025-01-01,Energia,Zona Norte,ENE-6105,707600
Presupuesto,2025-01-01,Energia,Zona Norte,ENE-6106,353920
Presupuesto,2025-01-01,Energia,Zona Norte,ENE-6107,530880
Presupuesto,2025-01-01,Energia,Zona Sur,ENE-4101,1238475
Presupuesto,2025-01-01,Energia,Zona Sur,ENE-4102,530775
Presupuesto,2025-01-01,Energia,Zona Sur,ENE-4103,7298100
Presupuesto,2025-01-01,Energia,Zona Sur,ENE-4104,4865400
Presupuesto,2025-01-01,Energia,Zona Sur,ENE-4105,2653750
Presupuesto,2025-01-01,Energia,Zona Sur,ENE-5101,1238500
Presupuesto,2025-01-01,Energia,Zona Sur,ENE-5102,1857750
Presupuesto,2025-01-01,Energia,Zona Sur,ENE-5103,4865500
Presupuesto,2025-01-01,Energia,Zona Sur,ENE-5104,530800
Presupuesto,2025-01-01,Energia,Zona Sur,ENE-5105,796200
Presupuesto,2025-01-01,Energia,Zona Sur,ENE-6101,199050
Presupuesto,2025-01-01,Energia,Zona Sur,ENE-6102,132700
Presupuesto,2025-01-01,Energia,Zona Sur,ENE-6103,199050
Presupuesto,2025-01-01,Energia,Zona Sur,ENE-6104,1127950
Presupuesto,2025-01-01,Energia,Zona Sur,ENE-6105,442250
Presupuesto,2025-01-01,Energia,Zona Sur,ENE-6106,221200
Presupuesto,2025-01-01,Energia,Zona Sur,ENE-6107,331800
Presupuesto,2025-02-01,Energia,Zona Centro,ENE-4101,1733865
Presupuesto,2025-02-01,Energia,Zona Centro,ENE-4102,743085
Presupuesto,2025-02-01,Energia,Zona Centro,ENE-4103,10217340
Presupuesto,2025-02-01,Energia,Zona Centro,ENE-4104,6811560
Presupuesto,2025-02-01,Energia,Zona Centro,ENE-4105,3715250
Presupuesto,2025-02-01,Energia,Zona Centro,ENE-5101,1733900
Presupuesto,2025-02-01,Energia,Zona Centro,ENE-5102,2600850
Presupuesto,2025-02-01,Energia,Zona Centro,ENE-5103,6811700
Presupuesto,2025-02-01,Energia,Zona Centro,ENE-5104,743120
Presupuesto,2025-02-01,Energia,Zona Centro,ENE-5105,1114680
Presupuesto,2025-02-01,Energia,Zona Centro,ENE-6101,278670
Presupuesto,2025-02-01,Energia,Zona Centro,ENE-6102,185780
Presupuesto,2025-02-01,Energia,Zona Centro,ENE-6103,278670
Presupuesto,2025-02-01,Energia,Zona Centro,ENE-6104,1579130
Presupuesto,2025-02-01,Energia,Zona Centro,ENE-6105,619150
Presupuesto,2025-02-01,Energia,Zona Centro,ENE-6106,309680
Presupuesto,2025-02-01,Energia,Zona Centro,ENE-6107,464520
Presupuesto,2025-02-01,Energia,Zona Norte,ENE-4101,1981560
Presupuesto,2025-02-01,Energia,Zona Norte,ENE-4102,849240
Presupuesto,2025-02-01,Energia,Zona Norte,ENE-4103,11676960
Presupuesto,2025-02-01,Energia,Zona Norte,ENE-4104,7784640
Presupuesto,2025-02-01,Energia,Zona Norte,ENE-4105,4246000
Presupuesto,2025-02-01,Energia,Zona Norte,ENE-5101,1981600
Presupuesto,2025-02-01,Energia,Zona Norte,ENE-5102,2972400
Presupuesto,2025-02-01,Energia,Zona Norte,ENE-5103,7784800
Presupuesto,2025-02-01,Energia,Zona Norte,ENE-5104,849280
Presupuesto,2025-02-01,Energia,Zona Norte,ENE-5105,1273920
Presupuesto,2025-02-01,Energia,Zona Norte,ENE-6101,318480
Presupuesto,2025-02-01,Energia,Zona Norte,ENE-6102,212320
Presupuesto,2025-02-01,Energia,Zona Norte,ENE-6103,318480
Presupuesto,2025-02-01,Energia,Zona Norte,ENE-6104,1804720
Presupuesto,2025-02-01,Energia,Zona Norte,ENE-6105,707600
Presupuesto,2025-02-01,Energia,Zona Norte,ENE-6106,353920
Presupuesto,2025-02-01,Energia,Zona Norte,ENE-6107,530880
Presupuesto,2025-02-01,Energia,Zona Sur,ENE-4101,1238475
Presupuesto,2025-02-01,Energia,Zona Sur,ENE-4102,530775
Presupuesto,2025-02-01,Energia,Zona Sur,ENE-4103,7298100
Presupuesto,2025-02-01,Energia,Zona Sur,ENE-4104,4865400
Presupuesto,2025-02-01,Energia,Zona Sur,ENE-4105,2653750
Presupuesto,2025-02-01,Energia,Zona Sur,ENE-5101,1238500
Presupuesto,2025-02-01,Energia,Zona Sur,ENE-5102,1857750
Presupuesto,2025-02-01,Energia,Zona Sur,ENE-5103,4865500
Presupuesto,2025-02-01,Energia,Zona Sur,ENE-5104,530800
Presupuesto,2025-02-01,Energia,Zona Sur,ENE-5105,796200
Presupuesto,2025-02-01,Energia,Zona Sur,ENE-6101,199050
Presupuesto,2025-02-01,Energia,Zona Sur,ENE-6102,132700
Presupuesto,2025-02-01,Energia,Zona Sur,ENE-6103,199050
Presupuesto,2025-02-01,Energia,Zona Sur,ENE-6104,1127950
Presupuesto,2025-02-01,Energia,Zona Sur,ENE-6105,442250
Presupuesto,2025-02-01,Energia,Zona Sur,ENE-6106,221200
Presupuesto,2025-02-01,Energia,Zona Sur,ENE-6107,331800
Presupuesto,2025-03-01,Energia,Zona Centro,ENE-4101,1884540
Presupuesto,2025-03-01,Energia,Zona Centro,ENE-4102,807660
Presupuesto,2025-03-01,Energia,Zona Centro,ENE-4103,11105850
Presupuesto,2025-03-01,Energia,Zona Centro,ENE-4104,7403900
Presupuesto,2025-03-01,Energia,Zona Centro,ENE-4105,4038300
Presupuesto,2025-03-01,Energia,Zona Centro,ENE-5101,1884680
Presupuesto,2025-03-01,Energia,Zona Centro,ENE-5102,2827020
Presupuesto,2025-03-01,Energia,Zona Centro,ENE-5103,7403900
Presupuesto,2025-03-01,Energia,Zona Centro,ENE-5104,807660
Presupuesto,2025-03-01,Energia,Zona Centro,ENE-5105,1211490
Presupuesto,2025-03-01,Energia,Zona Centro,ENE-6101,302820
Presupuesto,2025-03-01,Energia,Zona Centro,ENE-6102,201880
Presupuesto,2025-03-01,Energia,Zona Centro,ENE-6103,302873
Presupuesto,2025-03-01,Energia,Zona Centro,ENE-6104,1716278
Presupuesto,2025-03-01,Energia,Zona Centro,ENE-6105,673050
Presupuesto,2025-03-01,Energia,Zona Centro,ENE-6106,336560
Presupuesto,2025-03-01,Energia,Zona Centro,ENE-6107,504840
Presupuesto,2025-03-01,Energia,Zona Norte,ENE-4101,2153760
Presupuesto,2025-03-01,Energia,Zona Norte,ENE-4102,923040
Presupuesto,2025-03-01,Energia,Zona Norte,ENE-4103,12692400
Presupuesto,2025-03-01,Energia,Zona Norte,ENE-4104,8461600
Presupuesto,2025-03-01,Energia,Zona Norte,ENE-4105,4615200
Presupuesto,2025-03-01,Energia,Zona Norte,ENE-5101,2153920
Presupuesto,2025-03-01,Energia,Zona Norte,ENE-5102,3230880
Presupuesto,2025-03-01,Energia,Zona Norte,ENE-5103,8461600
Presupuesto,2025-03-01,Energia,Zona Norte,ENE-5104,923040
Presupuesto,2025-03-01,Energia,Zona Norte,ENE-5105,1384560
Presupuesto,2025-03-01,Energia,Zona Norte,ENE-6101,346080
Presupuesto,2025-03-01,Energia,Zona Norte,ENE-6102,230720
Presupuesto,2025-03-01,Energia,Zona Norte,ENE-6103,346140
Presupuesto,2025-03-01,Energia,Zona Norte,ENE-6104,1961460
Presupuesto,2025-03-01,Energia,Zona Norte,ENE-6105,769200
Presupuesto,2025-03-01,Energia,Zona Norte,ENE-6106,384640
Presupuesto,2025-03-01,Energia,Zona Norte,ENE-6107,576960
Presupuesto,2025-03-01,Energia,Zona Sur,ENE-4101,1346100
Presupuesto,2025-03-01,Energia,Zona Sur,ENE-4102,576900
Presupuesto,2025-03-01,Energia,Zona Sur,ENE-4103,7932750
Presupuesto,2025-03-01,Energia,Zona Sur,ENE-4104,5288500
Presupuesto,2025-03-01,Energia,Zona Sur,ENE-4105,2884500
Presupuesto,2025-03-01,Energia,Zona Sur,ENE-5101,1346200
Presupuesto,2025-03-01,Energia,Zona Sur,ENE-5102,2019300
Presupuesto,2025-03-01,Energia,Zona Sur,ENE-5103,5288500
Presupuesto,2025-03-01,Energia,Zona Sur,ENE-5104,576900
Presupuesto,2025-03-01,Energia,Zona Sur,ENE-5105,865350
Presupuesto,2025-03-01,Energia,Zona Sur,ENE-6101,216300
Presupuesto,2025-03-01,Energia,Zona Sur,ENE-6102,144200
Presupuesto,2025-03-01,Energia,Zona Sur,ENE-6103,216337
Presupuesto,2025-03-01,Energia,Zona Sur,ENE-6104,1225912
Presupuesto,2025-03-01,Energia,Zona Sur,ENE-6105,480750
Presupuesto,2025-03-01,Energia,Zona Sur,ENE-6106,240400
Presupuesto,2025-03-01,Energia,Zona Sur,ENE-6107,360600
Presupuesto,2025-04-01,Energia,Zona Centro,ENE-4101,1884540
Presupuesto,2025-04-01,Energia,Zona Centro,ENE-4102,807660
Presupuesto,2025-04-01,Energia,Zona Centro,ENE-4103,11105850
Presupuesto,2025-04-01,Energia,Zona Centro,ENE-4104,7403900
Presupuesto,2025-04-01,Energia,Zona Centro,ENE-4105,4038300
Presupuesto,2025-04-01,Energia,Zona Centro,ENE-5101,1884680
Presupuesto,2025-04-01,Energia,Zona Centro,ENE-5102,2827020
Presupuesto,2025-04-01,Energia,Zona Centro,ENE-5103,7403900
Presupuesto,2025-04-01,Energia,Zona Centro,ENE-5104,807660
Presupuesto,2025-04-01,Energia,Zona Centro,ENE-5105,1211490
Presupuesto,2025-04-01,Energia,Zona Centro,ENE-6101,302820
Presupuesto,2025-04-01,Energia,Zona Centro,ENE-6102,201880
Presupuesto,2025-04-01,Energia,Zona Centro,ENE-6103,302873
Presupuesto,2025-04-01,Energia,Zona Centro,ENE-6104,1716278
Presupuesto,2025-04-01,Energia,Zona Centro,ENE-6105,673050
Presupuesto,2025-04-01,Energia,Zona Centro,ENE-6106,336560
Presupuesto,2025-04-01,Energia,Zona Centro,ENE-6107,504840
Presupuesto,2025-04-01,Energia,Zona Norte,ENE-4101,2153760
Presupuesto,2025-04-01,Energia,Zona Norte,ENE-4102,923040
Presupuesto,2025-04-01,Energia,Zona Norte,ENE-4103,12692400
Presupuesto,2025-04-01,Energia,Zona Norte,ENE-4104,8461600
Presupuesto,2025-04-01,Energia,Zona Norte,ENE-4105,4615200
Presupuesto,2025-04-01,Energia,Zona Norte,ENE-5101,2153920
Presupuesto,2025-04-01,Energia,Zona Norte,ENE-5102,3230880
Presupuesto,2025-04-01,Energia,Zona Norte,ENE-5103,8461600
Presupuesto,2025-04-01,Energia,Zona Norte,ENE-5104,923040
Presupuesto,2025-04-01,Energia,Zona Norte,ENE-5105,1384560
Presupuesto,2025-04-01,Energia,Zona Norte,ENE-6101,346080
Presupuesto,2025-04-01,Energia,Zona Norte,ENE-6102,230720
Presupuesto,2025-04-01,Energia,Zona Norte,ENE-6103,346140
Presupuesto,2025-04-01,Energia,Zona Norte,ENE-6104,1961460
Presupuesto,2025-04-01,Energia,Zona Norte,ENE-6105,769200
Presupuesto,2025-04-01,Energia,Zona Norte,ENE-6106,384640
Presupuesto,2025-04-01,Energia,Zona Norte,ENE-6107,576960
Presupuesto,2025-04-01,Energia,Zona Sur,ENE-4101,1346100
Presupuesto,2025-04-01,Energia,Zona Sur,ENE-4102,576900
Presupuesto,2025-04-01,Energia,Zona Sur,ENE-4103,7932750
Presupuesto,2025-04-01,Energia,Zona Sur,ENE-4104,5288500
Presupuesto,2025-04-01,Energia,Zona Sur,ENE-4105,2884500
Presupuesto,2025-04-01,Energia,Zona Sur,ENE-5101,1346200
Presupuesto,2025-04-01,Energia,Zona Sur,ENE-5102,2019300
Presupuesto,2025-04-01,Energia,Zona Sur,ENE-5103,5288500
Presupuesto,2025-04-01,Energia,Zona Sur,ENE-5104,576900
Presupuesto,2025-04-01,Energia,Zona Sur,ENE-5105,865350
Presupuesto,2025-04-01,Energia,Zona Sur,ENE-6101,216300
Presupuesto,2025-04-01,Energia,Zona Sur,ENE-6102,144200
Presupuesto,2025-04-01,Energia,Zona Sur,ENE-6103,216337
Presupuesto,2025-04-01,Energia,Zona Sur,ENE-6104,1225912
Presupuesto,2025-04-01,Energia,Zona Sur,ENE-6105,480750
Presupuesto,2025-04-01,Energia,Zona Sur,ENE-6106,240400
Presupuesto,2025-04-01,Energia,Zona Sur,ENE-6107,360600
Presupuesto,2025-05-01,Energia,Zona Centro,ENE-4101,1884540
Presupuesto,2025-05-01,Energia,Zona Centro,ENE-4102,807660
Presupuesto,2025-05-01,Energia,Zona Centro,ENE-4103,11105850
Presupuesto,2025-05-01,Energia,Zona Centro,ENE-4104,7403900
Presupuesto,2025-05-01,Energia,Zona Centro,ENE-4105,4038300
Presupuesto,2025-05-01,Energia,Zona Centro,ENE-5101,1884680
Presupuesto,2025-05-01,Energia,Zona Centro,ENE-5102,2827020
Presupuesto,2025-05-01,Energia,Zona Centro,ENE-5103,7403900
Presupuesto,2025-05-01,Energia,Zona Centro,ENE-5104,807660
Presupuesto,2025-05-01,Energia,Zona Centro,ENE-5105,1211490
Presupuesto,2025-05-01,Energia,Zona Centro,ENE-6101,302820
Presupuesto,2025-05-01,Energia,Zona Centro,ENE-6102,201880
Presupuesto,2025-05-01,Energia,Zona Centro,ENE-6103,302873
Presupuesto,2025-05-01,Energia,Zona Centro,ENE-6104,1716278
Presupuesto,2025-05-01,Energia,Zona Centro,ENE-6105,673050
Presupuesto,2025-05-01,Energia,Zona Centro,ENE-6106,336560
Presupuesto,2025-05-01,Energia,Zona Centro,ENE-6107,504840
Presupuesto,2025-05-01,Energia,Zona Norte,ENE-4101,2153760
Presupuesto,2025-05-01,Energia,Zona Norte,ENE-4102,923040
Presupuesto,2025-05-01,Energia,Zona Norte,ENE-4103,12692400
Presupuesto,2025-05-01,Energia,Zona Norte,ENE-4104,8461600
Presupuesto,2025-05-01,Energia,Zona Norte,ENE-4105,4615200
Presupuesto,2025-05-01,Energia,Zona Norte,ENE-5101,2153920
Presupuesto,2025-05-01,Energia,Zona Norte,ENE-5102,3230880
Presupuesto,2025-05-01,Energia,Zona Norte,ENE-5103,8461600
Presupuesto,2025-05-01,Energia,Zona Norte,ENE-5104,923040
Presupuesto,2025-05-01,Energia,Zona Norte,ENE-5105,1384560
Presupuesto,2025-05-01,Energia,Zona Norte,ENE-6101,346080
Presupuesto,2025-05-01,Energia,Zona Norte,ENE-6102,230720
Presupuesto,2025-05-01,Energia,Zona Norte,ENE-6103,346140
Presupuesto,2025-05-01,Energia,Zona Norte,ENE-6104,1961460
Presupuesto,2025-05-01,Energia,Zona Norte,ENE-6105,769200
Presupuesto,2025-05-01,Energia,Zona Norte,ENE-6106,384640
Presupuesto,2025-05-01,Energia,Zona Norte,ENE-6107,576960
Presupuesto,2025-05-01,Energia,Zona Sur,ENE-4101,1346100
Presupuesto,2025-05-01,Energia,Zona Sur,ENE-4102,576900
Presupuesto,2025-05-01,Energia,Zona Sur,ENE-4103,7932750
Presupuesto,2025-05-01,Energia,Zona Sur,ENE-4104,5288500
Presupuesto,2025-05-01,Energia,Zona Sur,ENE-4105,2884500
Presupuesto,2025-05-01,Energia,Zona Sur,ENE-5101,1346200
Presupuesto,2025-05-01,Energia,Zona Sur,ENE-5102,2019300
Presupuesto,2025-05-01,Energia,Zona Sur,ENE-5103,5288500
Presupuesto,2025-05-01,Energia,Zona Sur,ENE-5104,576900
Presupuesto,2025-05-01,Energia,Zona Sur,ENE-5105,865350
Presupuesto,2025-05-01,Energia,Zona Sur,ENE-6101,216300
Presupuesto,2025-05-01,Energia,Zona Sur,ENE-6102,144200
Presupuesto,2025-05-01,Energia,Zona Sur,ENE-6103,216337
Presupuesto,2025-05-01,Energia,Zona Sur,ENE-6104,1225912
Presupuesto,2025-05-01,Energia,Zona Sur,ENE-6105,480750
Presupuesto,2025-05-01,Energia,Zona Sur,ENE-6106,240400
Presupuesto,2025-05-01,Energia,Zona Sur,ENE-6107,360600
Presupuesto,2025-06-01,Energia,Zona Centro,ENE-4101,2223865
Presupuesto,2025-06-01,Energia,Zona Centro,ENE-4102,953085
Presupuesto,2025-06-01,Energia,Zona Centro,ENE-4103,13104840
Presupuesto,2025-06-01,Energia,Zona Centro,ENE-4104,8736560
Presupuesto,2025-06-01,Energia,Zona Centro,ENE-4105,4765250
Presupuesto,2025-06-01,Energia,Zona Centro,ENE-5101,2223900
Presupuesto,2025-06-01,Energia,Zona Centro,ENE-5102,3335850
Presupuesto,2025-06-01,Energia,Zona Centro,ENE-5103,8736700
Presupuesto,2025-06-01,Energia,Zona Centro,ENE-5104,953120
Presupuesto,2025-06-01,Energia,Zona Centro,ENE-5105,1429680
Presupuesto,2025-06-01,Energia,Zona Centro,ENE-6101,357420
Presupuesto,2025-06-01,Energia,Zona Centro,ENE-6102,238280
Presupuesto,2025-06-01,Energia,Zona Centro,ENE-6103,357420
Presupuesto,2025-06-01,Energia,Zona Centro,ENE-6104,2025380
Presupuesto,2025-06-01,Energia,Zona Centro,ENE-6105,794150
Presupuesto,2025-06-01,Energia,Zona Centro,ENE-6106,397180
Presupuesto,2025-06-01,Energia,Zona Centro,ENE-6107,595770
Presupuesto,2025-06-01,Energia,Zona Norte,ENE-4101,2541560
Presupuesto,2025-06-01,Energia,Zona Norte,ENE-4102,1089240
Presupuesto,2025-06-01,Energia,Zona Norte,ENE-4103,14976960
Presupuesto,2025-06-01,Energia,Zona Norte,ENE-4104,9984640
Presupuesto,2025-06-01,Energia,Zona Norte,ENE-4105,5446000
Presupuesto,2025-06-01,Energia,Zona Norte,ENE-5101,2541600
Presupuesto,2025-06-01,Energia,Zona Norte,ENE-5102,3812400
Presupuesto,2025-06-01,Energia,Zona Norte,ENE-5103,9984800
Presupuesto,2025-06-01,Energia,Zona Norte,ENE-5104,1089280
Presupuesto,2025-06-01,Energia,Zona Norte,ENE-5105,1633920
Presupuesto,2025-06-01,Energia,Zona Norte,ENE-6101,408480
Presupuesto,2025-06-01,Energia,Zona Norte,ENE-6102,272320
Presupuesto,2025-06-01,Energia,Zona Norte,ENE-6103,408480
Presupuesto,2025-06-01,Energia,Zona Norte,ENE-6104,2314720
Presupuesto,2025-06-01,Energia,Zona Norte,ENE-6105,907600
Presupuesto,2025-06-01,Energia,Zona Norte,ENE-6106,453920
Presupuesto,2025-06-01,Energia,Zona Norte,ENE-6107,680880
Presupuesto,2025-06-01,Energia,Zona Sur,ENE-4101,1588475
Presupuesto,2025-06-01,Energia,Zona Sur,ENE-4102,680775
Presupuesto,2025-06-01,Energia,Zona Sur,ENE-4103,9360600
Presupuesto,2025-06-01,Energia,Zona Sur,ENE-4104,6240400
Presupuesto,2025-06-01,Energia,Zona Sur,ENE-4105,3403750
Presupuesto,2025-06-01,Energia,Zona Sur,ENE-5101,1588500
Presupuesto,2025-06-01,Energia,Zona Sur,ENE-5102,2382750
Presupuesto,2025-06-01,Energia,Zona Sur,ENE-5103,6240500
Presupuesto,2025-06-01,Energia,Zona Sur,ENE-5104,680800
Presupuesto,2025-06-01,Energia,Zona Sur,ENE-5105,1021200
Presupuesto,2025-06-01,Energia,Zona Sur,ENE-6101,255300
Presupuesto,2025-06-01,Energia,Zona Sur,ENE-6102,170200
Presupuesto,2025-06-01,Energia,Zona Sur,ENE-6103,255300
Presupuesto,2025-06-01,Energia,Zona Sur,ENE-6104,1446700
Presupuesto,2025-06-01,Energia,Zona Sur,ENE-6105,567250
Presupuesto,2025-06-01,Energia,Zona Sur,ENE-6106,283700
Presupuesto,2025-06-01,Energia,Zona Sur,ENE-6107,425550
Presupuesto,2025-07-01,Energia,Zona Centro,ENE-4101,2223865
Presupuesto,2025-07-01,Energia,Zona Centro,ENE-4102,953085
Presupuesto,2025-07-01,Energia,Zona Centro,ENE-4103,13104840
Presupuesto,2025-07-01,Energia,Zona Centro,ENE-4104,8736560
Presupuesto,2025-07-01,Energia,Zona Centro,ENE-4105,4765250
Presupuesto,2025-07-01,Energia,Zona Centro,ENE-5101,2223900
Presupuesto,2025-07-01,Energia,Zona Centro,ENE-5102,3335850
Presupuesto,2025-07-01,Energia,Zona Centro,ENE-5103,8736700
Presupuesto,2025-07-01,Energia,Zona Centro,ENE-5104,953120
Presupuesto,2025-07-01,Energia,Zona Centro,ENE-5105,1429680
Presupuesto,2025-07-01,Energia,Zona Centro,ENE-6101,357420
Presupuesto,2025-07-01,Energia,Zona Centro,ENE-6102,238280
Presupuesto,2025-07-01,Energia,Zona Centro,ENE-6103,357420
Presupuesto,2025-07-01,Energia,Zona Centro,ENE-6104,2025380
Presupuesto,2025-07-01,Energia,Zona Centro,ENE-6105,794150
Presupuesto,2025-07-01,Energia,Zona Centro,ENE-6106,397180
Presupuesto,2025-07-01,Energia,Zona Centro,ENE-6107,595770
Presupuesto,2025-07-01,Energia,Zona Norte,ENE-4101,2541560
Presupuesto,2025-07-01,Energia,Zona Norte,ENE-4102,1089240
Presupuesto,2025-07-01,Energia,Zona Norte,ENE-4103,14976960
Presupuesto,2025-07-01,Energia,Zona Norte,ENE-4104,9984640
Presupuesto,2025-07-01,Energia,Zona Norte,ENE-4105,5446000
Presupuesto,2025-07-01,Energia,Zona Norte,ENE-5101,2541600
Presupuesto,2025-07-01,Energia,Zona Norte,ENE-5102,3812400
Presupuesto,2025-07-01,Energia,Zona Norte,ENE-5103,9984800
Presupuesto,2025-07-01,Energia,Zona Norte,ENE-5104,1089280
Presupuesto,2025-07-01,Energia,Zona Norte,ENE-5105,1633920
Presupuesto,2025-07-01,Energia,Zona Norte,ENE-6101,408480
Presupuesto,2025-07-01,Energia,Zona Norte,ENE-6102,272320
Presupuesto,2025-07-01,Energia,Zona Norte,ENE-6103,408480
Presupuesto,2025-07-01,Energia,Zona Norte,ENE-6104,2314720
Presupuesto,2025-07-01,Energia,Zona Norte,ENE-6105,907600
Presupuesto,2025-07-01,Energia,Zona Norte,ENE-6106,453920
Presupuesto,2025-07-01,Energia,Zona Norte,ENE-6107,680880
Presupuesto,2025-07-01,Energia,Zona Sur,ENE-4101,1588475
Presupuesto,2025-07-01,Energia,Zona Sur,ENE-4102,680775
Presupuesto,2025-07-01,Energia,Zona Sur,ENE-4103,9360600
Presupuesto,2025-07-01,Energia,Zona Sur,ENE-4104,6240400
Presupuesto,2025-07-01,Energia,Zona Sur,ENE-4105,3403750
Presupuesto,2025-07-01,Energia,Zona Sur,ENE-5101,1588500
Presupuesto,2025-07-01,Energia,Zona Sur,ENE-5102,2382750
Presupuesto,2025-07-01,Energia,Zona Sur,ENE-5103,6240500
Presupuesto,2025-07-01,Energia,Zona Sur,ENE-5104,680800
Presupuesto,2025-07-01,Energia,Zona Sur,ENE-5105,1021200
Presupuesto,2025-07-01,Energia,Zona Sur,ENE-6101,255300
Presupuesto,2025-07-01,Energia,Zona Sur,ENE-6102,170200
Presupuesto,2025-07-01,Energia,Zona Sur,ENE-6103,255300
Presupuesto,2025-07-01,Energia,Zona Sur,ENE-6104,1446700
Presupuesto,2025-07-01,Energia,Zona Sur,ENE-6105,567250
Presupuesto,2025-07-01,Energia,Zona Sur,ENE-6106,283700
Presupuesto,2025-07-01,Energia,Zona Sur,ENE-6107,425550
Presupuesto,2025-08-01,Energia,Zona Centro,ENE-4101,2223865
Presupuesto,2025-08-01,Energia,Zona Centro,ENE-4102,953085
Presupuesto,2025-08-01,Energia,Zona Centro,ENE-4103,13104840
Presupuesto,2025-08-01,Energia,Zona Centro,ENE-4104,8736560
Presupuesto,2025-08-01,Energia,Zona Centro,ENE-4105,4765250
Presupuesto,2025-08-01,Energia,Zona Centro,ENE-5101,2223900
Presupuesto,2025-08-01,Energia,Zona Centro,ENE-5102,3335850
Presupuesto,2025-08-01,Energia,Zona Centro,ENE-5103,8736700
Presupuesto,2025-08-01,Energia,Zona Centro,ENE-5104,953120
Presupuesto,2025-08-01,Energia,Zona Centro,ENE-5105,1429680
Presupuesto,2025-08-01,Energia,Zona Centro,ENE-6101,357420
Presupuesto,2025-08-01,Energia,Zona Centro,ENE-6102,238280
Presupuesto,2025-08-01,Energia,Zona Centro,ENE-6103,357420
Presupuesto,2025-08-01,Energia,Zona Centro,ENE-6104,2025380
Presupuesto,2025-08-01,Energia,Zona Centro,ENE-6105,794150
Presupuesto,2025-08-01,Energia,Zona Centro,ENE-6106,397180
Presupuesto,2025-08-01,Energia,Zona Centro,ENE-6107,595770
Presupuesto,2025-08-01,Energia,Zona Norte,ENE-4101,2541560
Presupuesto,2025-08-01,Energia,Zona Norte,ENE-4102,1089240
Presupuesto,2025-08-01,Energia,Zona Norte,ENE-4103,14976960
Presupuesto,2025-08-01,Energia,Zona Norte,ENE-4104,9984640
Presupuesto,2025-08-01,Energia,Zona Norte,ENE-4105,5446000
Presupuesto,2025-08-01,Energia,Zona Norte,ENE-5101,2541600
Presupuesto,2025-08-01,Energia,Zona Norte,ENE-5102,3812400
Presupuesto,2025-08-01,Energia,Zona Norte,ENE-5103,9984800
Presupuesto,2025-08-01,Energia,Zona Norte,ENE-5104,1089280
Presupuesto,2025-08-01,Energia,Zona Norte,ENE-5105,1633920
Presupuesto,2025-08-01,Energia,Zona Norte,ENE-6101,408480
Presupuesto,2025-08-01,Energia,Zona Norte,ENE-6102,272320
Presupuesto,2025-08-01,Energia,Zona Norte,ENE-6103,408480
Presupuesto,2025-08-01,Energia,Zona Norte,ENE-6104,2314720
Presupuesto,2025-08-01,Energia,Zona Norte,ENE-6105,907600
Presupuesto,2025-08-01,Energia,Zona Norte,ENE-6106,453920
Presupuesto,2025-08-01,Energia,Zona Norte,ENE-6107,680880
Presupuesto,2025-08-01,Energia,Zona Sur,ENE-4101,1588475
Presupuesto,2025-08-01,Energia,Zona Sur,ENE-4102,680775
Presupuesto,2025-08-01,Energia,Zona Sur,ENE-4103,9360600
Presupuesto,2025-08-01,Energia,Zona Sur,ENE-4104,6240400
Presupuesto,2025-08-01,Energia,Zona Sur,ENE-4105,3403750
Presupuesto,2025-08-01,Energia,Zona Sur,ENE-5101,1588500
Presupuesto,2025-08-01,Energia,Zona Sur,ENE-5102,2382750
Presupuesto,2025-08-01,Energia,Zona Sur,ENE-5103,6240500
Presupuesto,2025-08-01,Energia,Zona Sur,ENE-5104,680800
Presupuesto,2025-08-01,Energia,Zona Sur,ENE-5105,1021200
Presupuesto,2025-08-01,Energia,Zona Sur,ENE-6101,255300
Presupuesto,2025-08-01,Energia,Zona Sur,ENE-6102,170200
Presupuesto,2025-08-01,Energia,Zona Sur,ENE-6103,255300
Presupuesto,2025-08-01,Energia,Zona Sur,ENE-6104,1446700
Presupuesto,2025-08-01,Energia,Zona Sur,ENE-6105,567250
Presupuesto,2025-08-01,Energia,Zona Sur,ENE-6106,283700
Presupuesto,2025-08-01,Energia,Zona Sur,ENE-6107,425550
Presupuesto,2025-09-01,Energia,Zona Centro,ENE-4101,1884540
Presupuesto,2025-09-01,Energia,Zona Centro,ENE-4102,807660
Presupuesto,2025-09-01,Energia,Zona Centro,ENE-4103,11105850
Presupuesto,2025-09-01,Energia,Zona Centro,ENE-4104,7403900
Presupuesto,2025-09-01,Energia,Zona Centro,ENE-4105,4038300
Presupuesto,2025-09-01,Energia,Zona Centro,ENE-5101,1884680
Presupuesto,2025-09-01,Energia,Zona Centro,ENE-5102,2827020
Presupuesto,2025-09-01,Energia,Zona Centro,ENE-5103,7403900
Presupuesto,2025-09-01,Energia,Zona Centro,ENE-5104,807660
Presupuesto,2025-09-01,Energia,Zona Centro,ENE-5105,1211490
Presupuesto,2025-09-01,Energia,Zona Centro,ENE-6101,302820
Presupuesto,2025-09-01,Energia,Zona Centro,ENE-6102,201880
Presupuesto,2025-09-01,Energia,Zona Centro,ENE-6103,302873
Presupuesto,2025-09-01,Energia,Zona Centro,ENE-6104,1716278
Presupuesto,2025-09-01,Energia,Zona Centro,ENE-6105,673050
Presupuesto,2025-09-01,Energia,Zona Centro,ENE-6106,336560
Presupuesto,2025-09-01,Energia,Zona Centro,ENE-6107,504840
Presupuesto,2025-09-01,Energia,Zona Norte,ENE-4101,2153760
Presupuesto,2025-09-01,Energia,Zona Norte,ENE-4102,923040
Presupuesto,2025-09-01,Energia,Zona Norte,ENE-4103,12692400
Presupuesto,2025-09-01,Energia,Zona Norte,ENE-4104,8461600
Presupuesto,2025-09-01,Energia,Zona Norte,ENE-4105,4615200
Presupuesto,2025-09-01,Energia,Zona Norte,ENE-5101,2153920
Presupuesto,2025-09-01,Energia,Zona Norte,ENE-5102,3230880
Presupuesto,2025-09-01,Energia,Zona Norte,ENE-5103,8461600
Presupuesto,2025-09-01,Energia,Zona Norte,ENE-5104,923040
Presupuesto,2025-09-01,Energia,Zona Norte,ENE-5105,1384560
Presupuesto,2025-09-01,Energia,Zona Norte,ENE-6101,346080
Presupuesto,2025-09-01,Energia,Zona Norte,ENE-6102,230720
Presupuesto,2025-09-01,Energia,Zona Norte,ENE-6103,346140
Presupuesto,2025-09-01,Energia,Zona Norte,ENE-6104,1961460
Presupuesto,2025-09-01,Energia,Zona Norte,ENE-6105,769200
Presupuesto,2025-09-01,Energia,Zona Norte,ENE-6106,384640
Presupuesto,2025-09-01,Energia,Zona Norte,ENE-6107,576960
Presupuesto,2025-09-01,Energia,Zona Sur,ENE-4101,1346100
Presupuesto,2025-09-01,Energia,Zona Sur,ENE-4102,576900
Presupuesto,2025-09-01,Energia,Zona Sur,ENE-4103,7932750
Presupuesto,2025-09-01,Energia,Zona Sur,ENE-4104,5288500
Presupuesto,2025-09-01,Energia,Zona Sur,ENE-4105,2884500
Presupuesto,2025-09-01,Energia,Zona Sur,ENE-5101,1346200
Presupuesto,2025-09-01,Energia,Zona Sur,ENE-5102,2019300
Presupuesto,2025-09-01,Energia,Zona Sur,ENE-5103,5288500
Presupuesto,2025-09-01,Energia,Zona Sur,ENE-5104,576900
Presupuesto,2025-09-01,Energia,Zona Sur,ENE-5105,865350
Presupuesto,2025-09-01,Energia,Zona Sur,ENE-6101,216300
Presupuesto,2025-09-01,Energia,Zona Sur,ENE-6102,144200
Presupuesto,2025-09-01,Energia,Zona Sur,ENE-6103,216337
Presupuesto,2025-09-01,Energia,Zona Sur,ENE-6104,1225912
Presupuesto,2025-09-01,Energia,Zona Sur,ENE-6105,480750
Presupuesto,2025-09-01,Energia,Zona Sur,ENE-6106,240400
Presupuesto,2025-09-01,Energia,Zona Sur,ENE-6107,360600
Presupuesto,2025-10-01,Energia,Zona Centro,ENE-4101,1884540
Presupuesto,2025-10-01,Energia,Zona Centro,ENE-4102,807660
Presupuesto,2025-10-01,Energia,Zona Centro,ENE-4103,11105850
Presupuesto,2025-10-01,Energia,Zona Centro,ENE-4104,7403900
Presupuesto,2025-10-01,Energia,Zona Centro,ENE-4105,4038300
Presupuesto,2025-10-01,Energia,Zona Centro,ENE-5101,1884680
Presupuesto,2025-10-01,Energia,Zona Centro,ENE-5102,2827020
Presupuesto,2025-10-01,Energia,Zona Centro,ENE-5103,7403900
Presupuesto,2025-10-01,Energia,Zona Centro,ENE-5104,807660
Presupuesto,2025-10-01,Energia,Zona Centro,ENE-5105,1211490
Presupuesto,2025-10-01,Energia,Zona Centro,ENE-6101,302820
Presupuesto,2025-10-01,Energia,Zona Centro,ENE-6102,201880
Presupuesto,2025-10-01,Energia,Zona Centro,ENE-6103,302873
Presupuesto,2025-10-01,Energia,Zona Centro,ENE-6104,1716278
Presupuesto,2025-10-01,Energia,Zona Centro,ENE-6105,673050
Presupuesto,2025-10-01,Energia,Zona Centro,ENE-6106,336560
Presupuesto,2025-10-01,Energia,Zona Centro,ENE-6107,504840
Presupuesto,2025-10-01,Energia,Zona Norte,ENE-4101,2153760
Presupuesto,2025-10-01,Energia,Zona Norte,ENE-4102,923040
Presupuesto,2025-10-01,Energia,Zona Norte,ENE-4103,12692400
Presupuesto,2025-10-01,Energia,Zona Norte,ENE-4104,8461600
Presupuesto,2025-10-01,Energia,Zona Norte,ENE-4105,4615200
Presupuesto,2025-10-01,Energia,Zona Norte,ENE-5101,2153920
Presupuesto,2025-10-01,Energia,Zona Norte,ENE-5102,3230880
Presupuesto,2025-10-01,Energia,Zona Norte,ENE-5103,8461600
Presupuesto,2025-10-01,Energia,Zona Norte,ENE-5104,923040
Presupuesto,2025-10-01,Energia,Zona Norte,ENE-5105,1384560
Presupuesto,2025-10-01,Energia,Zona Norte,ENE-6101,346080
Presupuesto,2025-10-01,Energia,Zona Norte,ENE-6102,230720
Presupuesto,2025-10-01,Energia,Zona Norte,ENE-6103,346140
Presupuesto,2025-10-01,Energia,Zona Norte,ENE-6104,1961460
Presupuesto,2025-10-01,Energia,Zona Norte,ENE-6105,769200
Presupuesto,2025-10-01,Energia,Zona Norte,ENE-6106,384640
Presupuesto,2025-10-01,Energia,Zona Norte,ENE-6107,576960
Presupuesto,2025-10-01,Energia,Zona Sur,ENE-4101,1346100
Presupuesto,2025-10-01,Energia,Zona Sur,ENE-4102,576900
Presupuesto,2025-10-01,Energia,Zona Sur,ENE-4103,7932750
Presupuesto,2025-10-01,Energia,Zona Sur,ENE-4104,5288500
Presupuesto,2025-10-01,Energia,Zona Sur,ENE-4105,2884500
Presupuesto,2025-10-01,Energia,Zona Sur,ENE-5101,1346200
Presupuesto,2025-10-01,Energia,Zona Sur,ENE-5102,2019300
Presupuesto,2025-10-01,Energia,Zona Sur,ENE-5103,5288500
Presupuesto,2025-10-01,Energia,Zona Sur,ENE-5104,576900
Presupuesto,2025-10-01,Energia,Zona Sur,ENE-5105,865350
Presupuesto,2025-10-01,Energia,Zona Sur,ENE-6101,216300
Presupuesto,2025-10-01,Energia,Zona Sur,ENE-6102,144200
Presupuesto,2025-10-01,Energia,Zona Sur,ENE-6103,216337
Presupuesto,2025-10-01,Energia,Zona Sur,ENE-6104,1225912
Presupuesto,2025-10-01,Energia,Zona Sur,ENE-6105,480750
Presupuesto,2025-10-01,Energia,Zona Sur,ENE-6106,240400
Presupuesto,2025-10-01,Energia,Zona Sur,ENE-6107,360600
Presupuesto,2025-11-01,Energia,Zona Centro,ENE-4101,1884540
Presupuesto,2025-11-01,Energia,Zona Centro,ENE-4102,807660
Presupuesto,2025-11-01,Energia,Zona Centro,ENE-4103,11105850
Presupuesto,2025-11-01,Energia,Zona Centro,ENE-4104,7403900
Presupuesto,2025-11-01,Energia,Zona Centro,ENE-4105,4038300
Presupuesto,2025-11-01,Energia,Zona Centro,ENE-5101,1884680
Presupuesto,2025-11-01,Energia,Zona Centro,ENE-5102,2827020
Presupuesto,2025-11-01,Energia,Zona Centro,ENE-5103,7403900
Presupuesto,2025-11-01,Energia,Zona Centro,ENE-5104,807660
Presupuesto,2025-11-01,Energia,Zona Centro,ENE-5105,1211490
Presupuesto,2025-11-01,Energia,Zona Centro,ENE-6101,302820
Presupuesto,2025-11-01,Energia,Zona Centro,ENE-6102,201880
Presupuesto,2025-11-01,Energia,Zona Centro,ENE-6103,302873
Presupuesto,2025-11-01,Energia,Zona Centro,ENE-6104,1716278
Presupuesto,2025-11-01,Energia,Zona Centro,ENE-6105,673050
Presupuesto,2025-11-01,Energia,Zona Centro,ENE-6106,336560
Presupuesto,2025-11-01,Energia,Zona Centro,ENE-6107,504840
Presupuesto,2025-11-01,Energia,Zona Norte,ENE-4101,2153760
Presupuesto,2025-11-01,Energia,Zona Norte,ENE-4102,923040
Presupuesto,2025-11-01,Energia,Zona Norte,ENE-4103,12692400
Presupuesto,2025-11-01,Energia,Zona Norte,ENE-4104,8461600
Presupuesto,2025-11-01,Energia,Zona Norte,ENE-4105,4615200
Presupuesto,2025-11-01,Energia,Zona Norte,ENE-5101,2153920
Presupuesto,2025-11-01,Energia,Zona Norte,ENE-5102,3230880
Presupuesto,2025-11-01,Energia,Zona Norte,ENE-5103,8461600
Presupuesto,2025-11-01,Energia,Zona Norte,ENE-5104,923040
Presupuesto,2025-11-01,Energia,Zona Norte,ENE-5105,1384560
Presupuesto,2025-11-01,Energia,Zona Norte,ENE-6101,346080
Presupuesto,2025-11-01,Energia,Zona Norte,ENE-6102,230720
Presupuesto,2025-11-01,Energia,Zona Norte,ENE-6103,346140
Presupuesto,2025-11-01,Energia,Zona Norte,ENE-6104,1961460
Presupuesto,2025-11-01,Energia,Zona Norte,ENE-6105,769200
Presupuesto,2025-11-01,Energia,Zona Norte,ENE-6106,384640
Presupuesto,2025-11-01,Energia,Zona Norte,ENE-6107,576960
Presupuesto,2025-11-01,Energia,Zona Sur,ENE-4101,1346100
Presupuesto,2025-11-01,Energia,Zona Sur,ENE-4102,576900
Presupuesto,2025-11-01,Energia,Zona Sur,ENE-4103,7932750
Presupuesto,2025-11-01,Energia,Zona Sur,ENE-4104,5288500
Presupuesto,2025-11-01,Energia,Zona Sur,ENE-4105,2884500
Presupuesto,2025-11-01,Energia,Zona Sur,ENE-5101,1346200
Presupuesto,2025-11-01,Energia,Zona Sur,ENE-5102,2019300
Presupuesto,2025-11-01,Energia,Zona Sur,ENE-5103,5288500
Presupuesto,2025-11-01,Energia,Zona Sur,ENE-5104,576900
Presupuesto,2025-11-01,Energia,Zona Sur,ENE-5105,865350
Presupuesto,2025-11-01,Energia,Zona Sur,ENE-6101,216300
Presupuesto,2025-11-01,Energia,Zona Sur,ENE-6102,144200
Presupuesto,2025-11-01,Energia,Zona Sur,ENE-6103,216337
Presupuesto,2025-11-01,Energia,Zona Sur,ENE-6104,1225912
Presupuesto,2025-11-01,Energia,Zona Sur,ENE-6105,480750
Presupuesto,2025-11-01,Energia,Zona Sur,ENE-6106,240400
Presupuesto,2025-11-01,Energia,Zona Sur,ENE-6107,360600
Presupuesto,2025-12-01,Energia,Zona Centro,ENE-4101,1733865
Presupuesto,2025-12-01,Energia,Zona Centro,ENE-4102,743085
Presupuesto,2025-12-01,Energia,Zona Centro,ENE-4103,10217340
Presupuesto,2025-12-01,Energia,Zona Centro,ENE-4104,6811560
Presupuesto,2025-12-01,Energia,Zona Centro,ENE-4105,3715250
Presupuesto,2025-12-01,Energia,Zona Centro,ENE-5101,1733900
Presupuesto,2025-12-01,Energia,Zona Centro,ENE-5102,2600850
Presupuesto,2025-12-01,Energia,Zona Centro,ENE-5103,6811700
Presupuesto,2025-12-01,Energia,Zona Centro,ENE-5104,743120
Presupuesto,2025-12-01,Energia,Zona Centro,ENE-5105,1114680
Presupuesto,2025-12-01,Energia,Zona Centro,ENE-6101,278670
Presupuesto,2025-12-01,Energia,Zona Centro,ENE-6102,185780
Presupuesto,2025-12-01,Energia,Zona Centro,ENE-6103,278670
Presupuesto,2025-12-01,Energia,Zona Centro,ENE-6104,1579130
Presupuesto,2025-12-01,Energia,Zona Centro,ENE-6105,619150
Presupuesto,2025-12-01,Energia,Zona Centro,ENE-6106,309680
Presupuesto,2025-12-01,Energia,Zona Centro,ENE-6107,464520
Presupuesto,2025-12-01,Energia,Zona Norte,ENE-4101,1981560
Presupuesto,2025-12-01,Energia,Zona Norte,ENE-4102,849240
Presupuesto,2025-12-01,Energia,Zona Norte,ENE-4103,11676960
Presupuesto,2025-12-01,Energia,Zona Norte,ENE-4104,7784640
Presupuesto,2025-12-01,Energia,Zona Norte,ENE-4105,4246000
Presupuesto,2025-12-01,Energia,Zona Norte,ENE-5101,1981600
Presupuesto,2025-12-01,Energia,Zona Norte,ENE-5102,2972400
Presupuesto,2025-12-01,Energia,Zona Norte,ENE-5103,7784800
Presupuesto,2025-12-01,Energia,Zona Norte,ENE-5104,849280
Presupuesto,2025-12-01,Energia,Zona Norte,ENE-5105,1273920
Presupuesto,2025-12-01,Energia,Zona Norte,ENE-6101,318480
Presupuesto,2025-12-01,Energia,Zona Norte,ENE-6102,212320
Presupuesto,2025-12-01,Energia,Zona Norte,ENE-6103,318480
Presupuesto,2025-12-01,Energia,Zona Norte,ENE-6104,1804720
Presupuesto,2025-12-01,Energia,Zona Norte,ENE-6105,707600
Presupuesto,2025-12-01,Energia,Zona Norte,ENE-6106,353920
Presupuesto,2025-12-01,Energia,Zona Norte,ENE-6107,530880
Presupuesto,2025-12-01,Energia,Zona Sur,ENE-4101,1238475
Presupuesto,2025-12-01,Energia,Zona Sur,ENE-4102,530775
Presupuesto,2025-12-01,Energia,Zona Sur,ENE-4103,7298100
Presupuesto,2025-12-01,Energia,Zona Sur,ENE-4104,4865400
Presupuesto,2025-12-01,Energia,Zona Sur,ENE-4105,2653750
Presupuesto,2025-12-01,Energia,Zona Sur,ENE-5101,1238500
Presupuesto,2025-12-01,Energia,Zona Sur,ENE-5102,1857750
Presupuesto,2025-12-01,Energia,Zona Sur,ENE-5103,4865500
Presupuesto,2025-12-01,Energia,Zona Sur,ENE-5104,530800
Presupuesto,2025-12-01,Energia,Zona Sur,ENE-5105,796200
Presupuesto,2025-12-01,Energia,Zona Sur,ENE-6101,199050
Presupuesto,2025-12-01,Energia,Zona Sur,ENE-6102,132700
Presupuesto,2025-12-01,Energia,Zona Sur,ENE-6103,199050
Presupuesto,2025-12-01,Energia,Zona Sur,ENE-6104,1127950
Presupuesto,2025-12-01,Energia,Zona Sur,ENE-6105,442250
Presupuesto,2025-12-01,Energia,Zona Sur,ENE-6106,221200
Presupuesto,2025-12-01,Energia,Zona Sur,ENE-6107,331800
Presupuesto,2026-01-01,Energia,Zona Centro,ENE-4101,1803200
Presupuesto,2026-01-01,Energia,Zona Centro,ENE-4102,772800
Presupuesto,2026-01-01,Energia,Zona Centro,ENE-4103,10626000
Presupuesto,2026-01-01,Energia,Zona Centro,ENE-4104,7084000
Presupuesto,2026-01-01,Energia,Zona Centro,ENE-4105,3864000
Presupuesto,2026-01-01,Energia,Zona Centro,ENE-5101,1803200
Presupuesto,2026-01-01,Energia,Zona Centro,ENE-5102,2704800
Presupuesto,2026-01-01,Energia,Zona Centro,ENE-5103,7084000
Presupuesto,2026-01-01,Energia,Zona Centro,ENE-5104,772800
Presupuesto,2026-01-01,Energia,Zona Centro,ENE-5105,1159200
Presupuesto,2026-01-01,Energia,Zona Centro,ENE-6101,289800
Presupuesto,2026-01-01,Energia,Zona Centro,ENE-6102,193200
Presupuesto,2026-01-01,Energia,Zona Centro,ENE-6103,289800
Presupuesto,2026-01-01,Energia,Zona Centro,ENE-6104,1642200
Presupuesto,2026-01-01,Energia,Zona Centro,ENE-6105,644000
Presupuesto,2026-01-01,Energia,Zona Centro,ENE-6106,322000
Presupuesto,2026-01-01,Energia,Zona Centro,ENE-6107,483000
Presupuesto,2026-01-01,Energia,Zona Norte,ENE-4101,2060800
Presupuesto,2026-01-01,Energia,Zona Norte,ENE-4102,883200
Presupuesto,2026-01-01,Energia,Zona Norte,ENE-4103,12144000
Presupuesto,2026-01-01,Energia,Zona Norte,ENE-4104,8096000
Presupuesto,2026-01-01,Energia,Zona Norte,ENE-4105,4416000
Presupuesto,2026-01-01,Energia,Zona Norte,ENE-5101,2060800
Presupuesto,2026-01-01,Energia,Zona Norte,ENE-5102,3091200
Presupuesto,2026-01-01,Energia,Zona Norte,ENE-5103,8096000
Presupuesto,2026-01-01,Energia,Zona Norte,ENE-5104,883200
Presupuesto,2026-01-01,Energia,Zona Norte,ENE-5105,1324800
Presupuesto,2026-01-01,Energia,Zona Norte,ENE-6101,331200
Presupuesto,2026-01-01,Energia,Zona Norte,ENE-6102,220800
Presupuesto,2026-01-01,Energia,Zona Norte,ENE-6103,331200
Presupuesto,2026-01-01,Energia,Zona Norte,ENE-6104,1876800
Presupuesto,2026-01-01,Energia,Zona Norte,ENE-6105,736000
Presupuesto,2026-01-01,Energia,Zona Norte,ENE-6106,368000
Presupuesto,2026-01-01,Energia,Zona Norte,ENE-6107,552000
Presupuesto,2026-01-01,Energia,Zona Sur,ENE-4101,1288000
Presupuesto,2026-01-01,Energia,Zona Sur,ENE-4102,552000
Presupuesto,2026-01-01,Energia,Zona Sur,ENE-4103,7590000
Presupuesto,2026-01-01,Energia,Zona Sur,ENE-4104,5060000
Presupuesto,2026-01-01,Energia,Zona Sur,ENE-4105,2760000
Presupuesto,2026-01-01,Energia,Zona Sur,ENE-5101,1288000
Presupuesto,2026-01-01,Energia,Zona Sur,ENE-5102,1932000
Presupuesto,2026-01-01,Energia,Zona Sur,ENE-5103,5060000
Presupuesto,2026-01-01,Energia,Zona Sur,ENE-5104,552000
Presupuesto,2026-01-01,Energia,Zona Sur,ENE-5105,828000
Presupuesto,2026-01-01,Energia,Zona Sur,ENE-6101,207000
Presupuesto,2026-01-01,Energia,Zona Sur,ENE-6102,138000
Presupuesto,2026-01-01,Energia,Zona Sur,ENE-6103,207000
Presupuesto,2026-01-01,Energia,Zona Sur,ENE-6104,1173000
Presupuesto,2026-01-01,Energia,Zona Sur,ENE-6105,460000
Presupuesto,2026-01-01,Energia,Zona Sur,ENE-6106,230000
Presupuesto,2026-01-01,Energia,Zona Sur,ENE-6107,345000
Presupuesto,2026-02-01,Energia,Zona Centro,ENE-4101,1803200
Presupuesto,2026-02-01,Energia,Zona Centro,ENE-4102,772800
Presupuesto,2026-02-01,Energia,Zona Centro,ENE-4103,10626000
Presupuesto,2026-02-01,Energia,Zona Centro,ENE-4104,7084000
Presupuesto,2026-02-01,Energia,Zona Centro,ENE-4105,3864000
Presupuesto,2026-02-01,Energia,Zona Centro,ENE-5101,1803200
Presupuesto,2026-02-01,Energia,Zona Centro,ENE-5102,2704800
Presupuesto,2026-02-01,Energia,Zona Centro,ENE-5103,7084000
Presupuesto,2026-02-01,Energia,Zona Centro,ENE-5104,772800
Presupuesto,2026-02-01,Energia,Zona Centro,ENE-5105,1159200
Presupuesto,2026-02-01,Energia,Zona Centro,ENE-6101,289800
Presupuesto,2026-02-01,Energia,Zona Centro,ENE-6102,193200
Presupuesto,2026-02-01,Energia,Zona Centro,ENE-6103,289800
Presupuesto,2026-02-01,Energia,Zona Centro,ENE-6104,1642200
Presupuesto,2026-02-01,Energia,Zona Centro,ENE-6105,644000
Presupuesto,2026-02-01,Energia,Zona Centro,ENE-6106,322000
Presupuesto,2026-02-01,Energia,Zona Centro,ENE-6107,483000
Presupuesto,2026-02-01,Energia,Zona Norte,ENE-4101,2060800
Presupuesto,2026-02-01,Energia,Zona Norte,ENE-4102,883200
Presupuesto,2026-02-01,Energia,Zona Norte,ENE-4103,12144000
Presupuesto,2026-02-01,Energia,Zona Norte,ENE-4104,8096000
Presupuesto,2026-02-01,Energia,Zona Norte,ENE-4105,4416000
Presupuesto,2026-02-01,Energia,Zona Norte,ENE-5101,2060800
Presupuesto,2026-02-01,Energia,Zona Norte,ENE-5102,3091200
Presupuesto,2026-02-01,Energia,Zona Norte,ENE-5103,8096000
Presupuesto,2026-02-01,Energia,Zona Norte,ENE-5104,883200
Presupuesto,2026-02-01,Energia,Zona Norte,ENE-5105,1324800
Presupuesto,2026-02-01,Energia,Zona Norte,ENE-6101,331200
Presupuesto,2026-02-01,Energia,Zona Norte,ENE-6102,220800
Presupuesto,2026-02-01,Energia,Zona Norte,ENE-6103,331200
Presupuesto,2026-02-01,Energia,Zona Norte,ENE-6104,1876800
Presupuesto,2026-02-01,Energia,Zona Norte,ENE-6105,736000
Presupuesto,2026-02-01,Energia,Zona Norte,ENE-6106,368000
Presupuesto,2026-02-01,Energia,Zona Norte,ENE-6107,552000
Presupuesto,2026-02-01,Energia,Zona Sur,ENE-4101,1288000
Presupuesto,2026-02-01,Energia,Zona Sur,ENE-4102,552000
Presupuesto,2026-02-01,Energia,Zona Sur,ENE-4103,7590000
Presupuesto,2026-02-01,Energia,Zona Sur,ENE-4104,5060000
Presupuesto,2026-02-01,Energia,Zona Sur,ENE-4105,2760000
Presupuesto,2026-02-01,Energia,Zona Sur,ENE-5101,1288000
Presupuesto,2026-02-01,Energia,Zona Sur,ENE-5102,1932000
Presupuesto,2026-02-01,Energia,Zona Sur,ENE-5103,5060000
Presupuesto,2026-02-01,Energia,Zona Sur,ENE-5104,552000
Presupuesto,2026-02-01,Energia,Zona Sur,ENE-5105,828000
Presupuesto,2026-02-01,Energia,Zona Sur,ENE-6101,207000
Presupuesto,2026-02-01,Energia,Zona Sur,ENE-6102,138000
Presupuesto,2026-02-01,Energia,Zona Sur,ENE-6103,207000
Presupuesto,2026-02-01,Energia,Zona Sur,ENE-6104,1173000
Presupuesto,2026-02-01,Energia,Zona Sur,ENE-6105,460000
Presupuesto,2026-02-01,Energia,Zona Sur,ENE-6106,230000
Presupuesto,2026-02-01,Energia,Zona Sur,ENE-6107,345000
Presupuesto,2026-03-01,Energia,Zona Centro,ENE-4101,1960000
Presupuesto,2026-03-01,Energia,Zona Centro,ENE-4102,840000
Presupuesto,2026-03-01,Energia,Zona Centro,ENE-4103,11550000
Presupuesto,2026-03-01,Energia,Zona Centro,ENE-4104,7700000
Presupuesto,2026-03-01,Energia,Zona Centro,ENE-4105,4200000
Presupuesto,2026-03-01,Energia,Zona Centro,ENE-5101,1960000
Presupuesto,2026-03-01,Energia,Zona Centro,ENE-5102,2940000
Presupuesto,2026-03-01,Energia,Zona Centro,ENE-5103,7700000
Presupuesto,2026-03-01,Energia,Zona Centro,ENE-5104,840000
Presupuesto,2026-03-01,Energia,Zona Centro,ENE-5105,1260000
Presupuesto,2026-03-01,Energia,Zona Centro,ENE-6101,315000
Presupuesto,2026-03-01,Energia,Zona Centro,ENE-6102,210000
Presupuesto,2026-03-01,Energia,Zona Centro,ENE-6103,315000
Presupuesto,2026-03-01,Energia,Zona Centro,ENE-6104,1785000
Presupuesto,2026-03-01,Energia,Zona Centro,ENE-6105,700000
Presupuesto,2026-03-01,Energia,Zona Centro,ENE-6106,350000
Presupuesto,2026-03-01,Energia,Zona Centro,ENE-6107,525000
Presupuesto,2026-03-01,Energia,Zona Norte,ENE-4101,2240000
Presupuesto,2026-03-01,Energia,Zona Norte,ENE-4102,960000
Presupuesto,2026-03-01,Energia,Zona Norte,ENE-4103,13200000
Presupuesto,2026-03-01,Energia,Zona Norte,ENE-4104,8800000
Presupuesto,2026-03-01,Energia,Zona Norte,ENE-4105,4800000
Presupuesto,2026-03-01,Energia,Zona Norte,ENE-5101,2240000
Presupuesto,2026-03-01,Energia,Zona Norte,ENE-5102,3360000
Presupuesto,2026-03-01,Energia,Zona Norte,ENE-5103,8800000
Presupuesto,2026-03-01,Energia,Zona Norte,ENE-5104,960000
Presupuesto,2026-03-01,Energia,Zona Norte,ENE-5105,1440000
Presupuesto,2026-03-01,Energia,Zona Norte,ENE-6101,360000
Presupuesto,2026-03-01,Energia,Zona Norte,ENE-6102,240000
Presupuesto,2026-03-01,Energia,Zona Norte,ENE-6103,360000
Presupuesto,2026-03-01,Energia,Zona Norte,ENE-6104,2040000
Presupuesto,2026-03-01,Energia,Zona Norte,ENE-6105,800000
Presupuesto,2026-03-01,Energia,Zona Norte,ENE-6106,400000
Presupuesto,2026-03-01,Energia,Zona Norte,ENE-6107,600000
Presupuesto,2026-03-01,Energia,Zona Sur,ENE-4101,1400000
Presupuesto,2026-03-01,Energia,Zona Sur,ENE-4102,600000
Presupuesto,2026-03-01,Energia,Zona Sur,ENE-4103,8250000
Presupuesto,2026-03-01,Energia,Zona Sur,ENE-4104,5500000
Presupuesto,2026-03-01,Energia,Zona Sur,ENE-4105,3000000
Presupuesto,2026-03-01,Energia,Zona Sur,ENE-5101,1400000
Presupuesto,2026-03-01,Energia,Zona Sur,ENE-5102,2100000
Presupuesto,2026-03-01,Energia,Zona Sur,ENE-5103,5500000
Presupuesto,2026-03-01,Energia,Zona Sur,ENE-5104,600000
Presupuesto,2026-03-01,Energia,Zona Sur,ENE-5105,900000
Presupuesto,2026-03-01,Energia,Zona Sur,ENE-6101,225000
Presupuesto,2026-03-01,Energia,Zona Sur,ENE-6102,150000
Presupuesto,2026-03-01,Energia,Zona Sur,ENE-6103,225000
Presupuesto,2026-03-01,Energia,Zona Sur,ENE-6104,1275000
Presupuesto,2026-03-01,Energia,Zona Sur,ENE-6105,500000
Presupuesto,2026-03-01,Energia,Zona Sur,ENE-6106,250000
Presupuesto,2026-03-01,Energia,Zona Sur,ENE-6107,375000
Presupuesto,2026-04-01,Energia,Zona Centro,ENE-4101,1960000
Presupuesto,2026-04-01,Energia,Zona Centro,ENE-4102,840000
Presupuesto,2026-04-01,Energia,Zona Centro,ENE-4103,11550000
Presupuesto,2026-04-01,Energia,Zona Centro,ENE-4104,7700000
Presupuesto,2026-04-01,Energia,Zona Centro,ENE-4105,4200000
Presupuesto,2026-04-01,Energia,Zona Centro,ENE-5101,1960000
Presupuesto,2026-04-01,Energia,Zona Centro,ENE-5102,2940000
Presupuesto,2026-04-01,Energia,Zona Centro,ENE-5103,7700000
Presupuesto,2026-04-01,Energia,Zona Centro,ENE-5104,840000
Presupuesto,2026-04-01,Energia,Zona Centro,ENE-5105,1260000
Presupuesto,2026-04-01,Energia,Zona Centro,ENE-6101,315000
Presupuesto,2026-04-01,Energia,Zona Centro,ENE-6102,210000
Presupuesto,2026-04-01,Energia,Zona Centro,ENE-6103,315000
Presupuesto,2026-04-01,Energia,Zona Centro,ENE-6104,1785000
Presupuesto,2026-04-01,Energia,Zona Centro,ENE-6105,700000
Presupuesto,2026-04-01,Energia,Zona Centro,ENE-6106,350000
Presupuesto,2026-04-01,Energia,Zona Centro,ENE-6107,525000
Presupuesto,2026-04-01,Energia,Zona Norte,ENE-4101,2240000
Presupuesto,2026-04-01,Energia,Zona Norte,ENE-4102,960000
Presupuesto,2026-04-01,Energia,Zona Norte,ENE-4103,13200000
Presupuesto,2026-04-01,Energia,Zona Norte,ENE-4104,8800000
Presupuesto,2026-04-01,Energia,Zona Norte,ENE-4105,4800000
Presupuesto,2026-04-01,Energia,Zona Norte,ENE-5101,2240000
Presupuesto,2026-04-01,Energia,Zona Norte,ENE-5102,3360000
Presupuesto,2026-04-01,Energia,Zona Norte,ENE-5103,8800000
Presupuesto,2026-04-01,Energia,Zona Norte,ENE-5104,960000
Presupuesto,2026-04-01,Energia,Zona Norte,ENE-5105,1440000
Presupuesto,2026-04-01,Energia,Zona Norte,ENE-6101,360000
Presupuesto,2026-04-01,Energia,Zona Norte,ENE-6102,240000
Presupuesto,2026-04-01,Energia,Zona Norte,ENE-6103,360000
Presupuesto,2026-04-01,Energia,Zona Norte,ENE-6104,2040000
Presupuesto,2026-04-01,Energia,Zona Norte,ENE-6105,800000
Presupuesto,2026-04-01,Energia,Zona Norte,ENE-6106,400000
Presupuesto,2026-04-01,Energia,Zona Norte,ENE-6107,600000
Presupuesto,2026-04-01,Energia,Zona Sur,ENE-4101,1400000
Presupuesto,2026-04-01,Energia,Zona Sur,ENE-4102,600000
Presupuesto,2026-04-01,Energia,Zona Sur,ENE-4103,8250000
Presupuesto,2026-04-01,Energia,Zona Sur,ENE-4104,5500000
Presupuesto,2026-04-01,Energia,Zona Sur,ENE-4105,3000000
Presupuesto,2026-04-01,Energia,Zona Sur,ENE-5101,1400000
Presupuesto,2026-04-01,Energia,Zona Sur,ENE-5102,2100000
Presupuesto,2026-04-01,Energia,Zona Sur,ENE-5103,5500000
Presupuesto,2026-04-01,Energia,Zona Sur,ENE-5104,600000
Presupuesto,2026-04-01,Energia,Zona Sur,ENE-5105,900000
Presupuesto,2026-04-01,Energia,Zona Sur,ENE-6101,225000
Presupuesto,2026-04-01,Energia,Zona Sur,ENE-6102,150000
Presupuesto,2026-04-01,Energia,Zona Sur,ENE-6103,225000
Presupuesto,2026-04-01,Energia,Zona Sur,ENE-6104,1275000
Presupuesto,2026-04-01,Energia,Zona Sur,ENE-6105,500000
Presupuesto,2026-04-01,Energia,Zona Sur,ENE-6106,250000
Presupuesto,2026-04-01,Energia,Zona Sur,ENE-6107,375000
Presupuesto,2026-05-01,Energia,Zona Centro,ENE-4101,1960000
Presupuesto,2026-05-01,Energia,Zona Centro,ENE-4102,840000
Presupuesto,2026-05-01,Energia,Zona Centro,ENE-4103,11550000
Presupuesto,2026-05-01,Energia,Zona Centro,ENE-4104,7700000
Presupuesto,2026-05-01,Energia,Zona Centro,ENE-4105,4200000
Presupuesto,2026-05-01,Energia,Zona Centro,ENE-5101,1960000
Presupuesto,2026-05-01,Energia,Zona Centro,ENE-5102,2940000
Presupuesto,2026-05-01,Energia,Zona Centro,ENE-5103,7700000
Presupuesto,2026-05-01,Energia,Zona Centro,ENE-5104,840000
Presupuesto,2026-05-01,Energia,Zona Centro,ENE-5105,1260000
Presupuesto,2026-05-01,Energia,Zona Centro,ENE-6101,315000
Presupuesto,2026-05-01,Energia,Zona Centro,ENE-6102,210000
Presupuesto,2026-05-01,Energia,Zona Centro,ENE-6103,315000
Presupuesto,2026-05-01,Energia,Zona Centro,ENE-6104,1785000
Presupuesto,2026-05-01,Energia,Zona Centro,ENE-6105,700000
Presupuesto,2026-05-01,Energia,Zona Centro,ENE-6106,350000
Presupuesto,2026-05-01,Energia,Zona Centro,ENE-6107,525000
Presupuesto,2026-05-01,Energia,Zona Norte,ENE-4101,2240000
Presupuesto,2026-05-01,Energia,Zona Norte,ENE-4102,960000
Presupuesto,2026-05-01,Energia,Zona Norte,ENE-4103,13200000
Presupuesto,2026-05-01,Energia,Zona Norte,ENE-4104,8800000
Presupuesto,2026-05-01,Energia,Zona Norte,ENE-4105,4800000
Presupuesto,2026-05-01,Energia,Zona Norte,ENE-5101,2240000
Presupuesto,2026-05-01,Energia,Zona Norte,ENE-5102,3360000
Presupuesto,2026-05-01,Energia,Zona Norte,ENE-5103,8800000
Presupuesto,2026-05-01,Energia,Zona Norte,ENE-5104,960000
Presupuesto,2026-05-01,Energia,Zona Norte,ENE-5105,1440000
Presupuesto,2026-05-01,Energia,Zona Norte,ENE-6101,360000
Presupuesto,2026-05-01,Energia,Zona Norte,ENE-6102,240000
Presupuesto,2026-05-01,Energia,Zona Norte,ENE-6103,360000
Presupuesto,2026-05-01,Energia,Zona Norte,ENE-6104,2040000
Presupuesto,2026-05-01,Energia,Zona Norte,ENE-6105,800000
Presupuesto,2026-05-01,Energia,Zona Norte,ENE-6106,400000
Presupuesto,2026-05-01,Energia,Zona Norte,ENE-6107,600000
Presupuesto,2026-05-01,Energia,Zona Sur,ENE-4101,1400000
Presupuesto,2026-05-01,Energia,Zona Sur,ENE-4102,600000
Presupuesto,2026-05-01,Energia,Zona Sur,ENE-4103,8250000
Presupuesto,2026-05-01,Energia,Zona Sur,ENE-4104,5500000
Presupuesto,2026-05-01,Energia,Zona Sur,ENE-4105,3000000
Presupuesto,2026-05-01,Energia,Zona Sur,ENE-5101,1400000
Presupuesto,2026-05-01,Energia,Zona Sur,ENE-5102,2100000
Presupuesto,2026-05-01,Energia,Zona Sur,ENE-5103,5500000
Presupuesto,2026-05-01,Energia,Zona Sur,ENE-5104,600000
Presupuesto,2026-05-01,Energia,Zona Sur,ENE-5105,900000
Presupuesto,2026-05-01,Energia,Zona Sur,ENE-6101,225000
Presupuesto,2026-05-01,Energia,Zona Sur,ENE-6102,150000
Presupuesto,2026-05-01,Energia,Zona Sur,ENE-6103,225000
Presupuesto,2026-05-01,Energia,Zona Sur,ENE-6104,1275000
Presupuesto,2026-05-01,Energia,Zona Sur,ENE-6105,500000
Presupuesto,2026-05-01,Energia,Zona Sur,ENE-6106,250000
Presupuesto,2026-05-01,Energia,Zona Sur,ENE-6107,375000
Presupuesto,2026-06-01,Energia,Zona Centro,ENE-4101,2312800
Presupuesto,2026-06-01,Energia,Zona Centro,ENE-4102,991200
Presupuesto,2026-06-01,Energia,Zona Centro,ENE-4103,13629000
Presupuesto,2026-06-01,Energia,Zona Centro,ENE-4104,9086000
Presupuesto,2026-06-01,Energia,Zona Centro,ENE-4105,4956000
Presupuesto,2026-06-01,Energia,Zona Centro,ENE-5101,2312800
Presupuesto,2026-06-01,Energia,Zona Centro,ENE-5102,3469200
Presupuesto,2026-06-01,Energia,Zona Centro,ENE-5103,9086000
Presupuesto,2026-06-01,Energia,Zona Centro,ENE-5104,991200
Presupuesto,2026-06-01,Energia,Zona Centro,ENE-5105,1486800
Presupuesto,2026-06-01,Energia,Zona Centro,ENE-6101,371700
Presupuesto,2026-06-01,Energia,Zona Centro,ENE-6102,247800
Presupuesto,2026-06-01,Energia,Zona Centro,ENE-6103,371700
Presupuesto,2026-06-01,Energia,Zona Centro,ENE-6104,2106300
Presupuesto,2026-06-01,Energia,Zona Centro,ENE-6105,826000
Presupuesto,2026-06-01,Energia,Zona Centro,ENE-6106,413000
Presupuesto,2026-06-01,Energia,Zona Centro,ENE-6107,619500
Presupuesto,2026-06-01,Energia,Zona Norte,ENE-4101,2643200
Presupuesto,2026-06-01,Energia,Zona Norte,ENE-4102,1132800
Presupuesto,2026-06-01,Energia,Zona Norte,ENE-4103,15576000
Presupuesto,2026-06-01,Energia,Zona Norte,ENE-4104,10384000
Presupuesto,2026-06-01,Energia,Zona Norte,ENE-4105,5664000
Presupuesto,2026-06-01,Energia,Zona Norte,ENE-5101,2643200
Presupuesto,2026-06-01,Energia,Zona Norte,ENE-5102,3964800
Presupuesto,2026-06-01,Energia,Zona Norte,ENE-5103,10384000
Presupuesto,2026-06-01,Energia,Zona Norte,ENE-5104,1132800
Presupuesto,2026-06-01,Energia,Zona Norte,ENE-5105,1699200
Presupuesto,2026-06-01,Energia,Zona Norte,ENE-6101,424800
Presupuesto,2026-06-01,Energia,Zona Norte,ENE-6102,283200
Presupuesto,2026-06-01,Energia,Zona Norte,ENE-6103,424800
Presupuesto,2026-06-01,Energia,Zona Norte,ENE-6104,2407200
Presupuesto,2026-06-01,Energia,Zona Norte,ENE-6105,944000
Presupuesto,2026-06-01,Energia,Zona Norte,ENE-6106,472000
Presupuesto,2026-06-01,Energia,Zona Norte,ENE-6107,708000
Presupuesto,2026-06-01,Energia,Zona Sur,ENE-4101,1652000
Presupuesto,2026-06-01,Energia,Zona Sur,ENE-4102,708000
Presupuesto,2026-06-01,Energia,Zona Sur,ENE-4103,9735000
Presupuesto,2026-06-01,Energia,Zona Sur,ENE-4104,6490000
Presupuesto,2026-06-01,Energia,Zona Sur,ENE-4105,3540000
Presupuesto,2026-06-01,Energia,Zona Sur,ENE-5101,1652000
Presupuesto,2026-06-01,Energia,Zona Sur,ENE-5102,2478000
Presupuesto,2026-06-01,Energia,Zona Sur,ENE-5103,6490000
Presupuesto,2026-06-01,Energia,Zona Sur,ENE-5104,708000
Presupuesto,2026-06-01,Energia,Zona Sur,ENE-5105,1062000
Presupuesto,2026-06-01,Energia,Zona Sur,ENE-6101,265500
Presupuesto,2026-06-01,Energia,Zona Sur,ENE-6102,177000
Presupuesto,2026-06-01,Energia,Zona Sur,ENE-6103,265500
Presupuesto,2026-06-01,Energia,Zona Sur,ENE-6104,1504500
Presupuesto,2026-06-01,Energia,Zona Sur,ENE-6105,590000
Presupuesto,2026-06-01,Energia,Zona Sur,ENE-6106,295000
Presupuesto,2026-06-01,Energia,Zona Sur,ENE-6107,442500
Presupuesto,2026-07-01,Energia,Zona Centro,ENE-4101,2312800
Presupuesto,2026-07-01,Energia,Zona Centro,ENE-4102,991200
Presupuesto,2026-07-01,Energia,Zona Centro,ENE-4103,13629000
Presupuesto,2026-07-01,Energia,Zona Centro,ENE-4104,9086000
Presupuesto,2026-07-01,Energia,Zona Centro,ENE-4105,4956000
Presupuesto,2026-07-01,Energia,Zona Centro,ENE-5101,2312800
Presupuesto,2026-07-01,Energia,Zona Centro,ENE-5102,3469200
Presupuesto,2026-07-01,Energia,Zona Centro,ENE-5103,9086000
Presupuesto,2026-07-01,Energia,Zona Centro,ENE-5104,991200
Presupuesto,2026-07-01,Energia,Zona Centro,ENE-5105,1486800
Presupuesto,2026-07-01,Energia,Zona Centro,ENE-6101,371700
Presupuesto,2026-07-01,Energia,Zona Centro,ENE-6102,247800
Presupuesto,2026-07-01,Energia,Zona Centro,ENE-6103,371700
Presupuesto,2026-07-01,Energia,Zona Centro,ENE-6104,2106300
Presupuesto,2026-07-01,Energia,Zona Centro,ENE-6105,826000
Presupuesto,2026-07-01,Energia,Zona Centro,ENE-6106,413000
Presupuesto,2026-07-01,Energia,Zona Centro,ENE-6107,619500
Presupuesto,2026-07-01,Energia,Zona Norte,ENE-4101,2643200
Presupuesto,2026-07-01,Energia,Zona Norte,ENE-4102,1132800
Presupuesto,2026-07-01,Energia,Zona Norte,ENE-4103,15576000
Presupuesto,2026-07-01,Energia,Zona Norte,ENE-4104,10384000
Presupuesto,2026-07-01,Energia,Zona Norte,ENE-4105,5664000
Presupuesto,2026-07-01,Energia,Zona Norte,ENE-5101,2643200
Presupuesto,2026-07-01,Energia,Zona Norte,ENE-5102,3964800
Presupuesto,2026-07-01,Energia,Zona Norte,ENE-5103,10384000
Presupuesto,2026-07-01,Energia,Zona Norte,ENE-5104,1132800
Presupuesto,2026-07-01,Energia,Zona Norte,ENE-5105,1699200
Presupuesto,2026-07-01,Energia,Zona Norte,ENE-6101,424800
Presupuesto,2026-07-01,Energia,Zona Norte,ENE-6102,283200
Presupuesto,2026-07-01,Energia,Zona Norte,ENE-6103,424800
Presupuesto,2026-07-01,Energia,Zona Norte,ENE-6104,2407200
Presupuesto,2026-07-01,Energia,Zona Norte,ENE-6105,944000
Presupuesto,2026-07-01,Energia,Zona Norte,ENE-6106,472000
Presupuesto,2026-07-01,Energia,Zona Norte,ENE-6107,708000
Presupuesto,2026-07-01,Energia,Zona Sur,ENE-4101,1652000
Presupuesto,2026-07-01,Energia,Zona Sur,ENE-4102,708000
Presupuesto,2026-07-01,Energia,Zona Sur,ENE-4103,9735000
Presupuesto,2026-07-01,Energia,Zona Sur,ENE-4104,6490000
Presupuesto,2026-07-01,Energia,Zona Sur,ENE-4105,3540000
Presupuesto,2026-07-01,Energia,Zona Sur,ENE-5101,1652000
Presupuesto,2026-07-01,Energia,Zona Sur,ENE-5102,2478000
Presupuesto,2026-07-01,Energia,Zona Sur,ENE-5103,6490000
Presupuesto,2026-07-01,Energia,Zona Sur,ENE-5104,708000
Presupuesto,2026-07-01,Energia,Zona Sur,ENE-5105,1062000
Presupuesto,2026-07-01,Energia,Zona Sur,ENE-6101,265500
Presupuesto,2026-07-01,Energia,Zona Sur,ENE-6102,177000
Presupuesto,2026-07-01,Energia,Zona Sur,ENE-6103,265500
Presupuesto,2026-07-01,Energia,Zona Sur,ENE-6104,1504500
Presupuesto,2026-07-01,Energia,Zona Sur,ENE-6105,590000
Presupuesto,2026-07-01,Energia,Zona Sur,ENE-6106,295000
Presupuesto,2026-07-01,Energia,Zona Sur,ENE-6107,442500
Presupuesto,2026-08-01,Energia,Zona Centro,ENE-4101,2312800
Presupuesto,2026-08-01,Energia,Zona Centro,ENE-4102,991200
Presupuesto,2026-08-01,Energia,Zona Centro,ENE-4103,13629000
Presupuesto,2026-08-01,Energia,Zona Centro,ENE-4104,9086000
Presupuesto,2026-08-01,Energia,Zona Centro,ENE-4105,4956000
Presupuesto,2026-08-01,Energia,Zona Centro,ENE-5101,2312800
Presupuesto,2026-08-01,Energia,Zona Centro,ENE-5102,3469200
Presupuesto,2026-08-01,Energia,Zona Centro,ENE-5103,9086000
Presupuesto,2026-08-01,Energia,Zona Centro,ENE-5104,991200
Presupuesto,2026-08-01,Energia,Zona Centro,ENE-5105,1486800
Presupuesto,2026-08-01,Energia,Zona Centro,ENE-6101,371700
Presupuesto,2026-08-01,Energia,Zona Centro,ENE-6102,247800
Presupuesto,2026-08-01,Energia,Zona Centro,ENE-6103,371700
Presupuesto,2026-08-01,Energia,Zona Centro,ENE-6104,2106300
Presupuesto,2026-08-01,Energia,Zona Centro,ENE-6105,826000
Presupuesto,2026-08-01,Energia,Zona Centro,ENE-6106,413000
Presupuesto,2026-08-01,Energia,Zona Centro,ENE-6107,619500
Presupuesto,2026-08-01,Energia,Zona Norte,ENE-4101,2643200
Presupuesto,2026-08-01,Energia,Zona Norte,ENE-4102,1132800
Presupuesto,2026-08-01,Energia,Zona Norte,ENE-4103,15576000
Presupuesto,2026-08-01,Energia,Zona Norte,ENE-4104,10384000
Presupuesto,2026-08-01,Energia,Zona Norte,ENE-4105,5664000
Presupuesto,2026-08-01,Energia,Zona Norte,ENE-5101,2643200
Presupuesto,2026-08-01,Energia,Zona Norte,ENE-5102,3964800
Presupuesto,2026-08-01,Energia,Zona Norte,ENE-5103,10384000
Presupuesto,2026-08-01,Energia,Zona Norte,ENE-5104,1132800
Presupuesto,2026-08-01,Energia,Zona Norte,ENE-5105,1699200
Presupuesto,2026-08-01,Energia,Zona Norte,ENE-6101,424800
Presupuesto,2026-08-01,Energia,Zona Norte,ENE-6102,283200
Presupuesto,2026-08-01,Energia,Zona Norte,ENE-6103,424800
Presupuesto,2026-08-01,Energia,Zona Norte,ENE-6104,2407200
Presupuesto,2026-08-01,Energia,Zona Norte,ENE-6105,944000
Presupuesto,2026-08-01,Energia,Zona Norte,ENE-6106,472000
Presupuesto,2026-08-01,Energia,Zona Norte,ENE-6107,708000
Presupuesto,2026-08-01,Energia,Zona Sur,ENE-4101,1652000
Presupuesto,2026-08-01,Energia,Zona Sur,ENE-4102,708000
Presupuesto,2026-08-01,Energia,Zona Sur,ENE-4103,9735000
Presupuesto,2026-08-01,Energia,Zona Sur,ENE-4104,6490000
Presupuesto,2026-08-01,Energia,Zona Sur,ENE-4105,3540000
Presupuesto,2026-08-01,Energia,Zona Sur,ENE-5101,1652000
Presupuesto,2026-08-01,Energia,Zona Sur,ENE-5102,2478000
Presupuesto,2026-08-01,Energia,Zona Sur,ENE-5103,6490000
Presupuesto,2026-08-01,Energia,Zona Sur,ENE-5104,708000
Presupuesto,2026-08-01,Energia,Zona Sur,ENE-5105,1062000
Presupuesto,2026-08-01,Energia,Zona Sur,ENE-6101,265500
Presupuesto,2026-08-01,Energia,Zona Sur,ENE-6102,177000
Presupuesto,2026-08-01,Energia,Zona Sur,ENE-6103,265500
Presupuesto,2026-08-01,Energia,Zona Sur,ENE-6104,1504500
Presupuesto,2026-08-01,Energia,Zona Sur,ENE-6105,590000
Presupuesto,2026-08-01,Energia,Zona Sur,ENE-6106,295000
Presupuesto,2026-08-01,Energia,Zona Sur,ENE-6107,442500
Presupuesto,2026-09-01,Energia,Zona Centro,ENE-4101,1960000
Presupuesto,2026-09-01,Energia,Zona Centro,ENE-4102,840000
Presupuesto,2026-09-01,Energia,Zona Centro,ENE-4103,11550000
Presupuesto,2026-09-01,Energia,Zona Centro,ENE-4104,7700000
Presupuesto,2026-09-01,Energia,Zona Centro,ENE-4105,4200000
Presupuesto,2026-09-01,Energia,Zona Centro,ENE-5101,1960000
Presupuesto,2026-09-01,Energia,Zona Centro,ENE-5102,2940000
Presupuesto,2026-09-01,Energia,Zona Centro,ENE-5103,7700000
Presupuesto,2026-09-01,Energia,Zona Centro,ENE-5104,840000
Presupuesto,2026-09-01,Energia,Zona Centro,ENE-5105,1260000
Presupuesto,2026-09-01,Energia,Zona Centro,ENE-6101,315000
Presupuesto,2026-09-01,Energia,Zona Centro,ENE-6102,210000
Presupuesto,2026-09-01,Energia,Zona Centro,ENE-6103,315000
Presupuesto,2026-09-01,Energia,Zona Centro,ENE-6104,1785000
Presupuesto,2026-09-01,Energia,Zona Centro,ENE-6105,700000
Presupuesto,2026-09-01,Energia,Zona Centro,ENE-6106,350000
Presupuesto,2026-09-01,Energia,Zona Centro,ENE-6107,525000
Presupuesto,2026-09-01,Energia,Zona Norte,ENE-4101,2240000
Presupuesto,2026-09-01,Energia,Zona Norte,ENE-4102,960000
Presupuesto,2026-09-01,Energia,Zona Norte,ENE-4103,13200000
Presupuesto,2026-09-01,Energia,Zona Norte,ENE-4104,8800000
Presupuesto,2026-09-01,Energia,Zona Norte,ENE-4105,4800000
Presupuesto,2026-09-01,Energia,Zona Norte,ENE-5101,2240000
Presupuesto,2026-09-01,Energia,Zona Norte,ENE-5102,3360000
Presupuesto,2026-09-01,Energia,Zona Norte,ENE-5103,8800000
Presupuesto,2026-09-01,Energia,Zona Norte,ENE-5104,960000
Presupuesto,2026-09-01,Energia,Zona Norte,ENE-5105,1440000
Presupuesto,2026-09-01,Energia,Zona Norte,ENE-6101,360000
Presupuesto,2026-09-01,Energia,Zona Norte,ENE-6102,240000
Presupuesto,2026-09-01,Energia,Zona Norte,ENE-6103,360000
Presupuesto,2026-09-01,Energia,Zona Norte,ENE-6104,2040000
Presupuesto,2026-09-01,Energia,Zona Norte,ENE-6105,800000
Presupuesto,2026-09-01,Energia,Zona Norte,ENE-6106,400000
Presupuesto,2026-09-01,Energia,Zona Norte,ENE-6107,600000
Presupuesto,2026-09-01,Energia,Zona Sur,ENE-4101,1400000
Presupuesto,2026-09-01,Energia,Zona Sur,ENE-4102,600000
Presupuesto,2026-09-01,Energia,Zona Sur,ENE-4103,8250000
Presupuesto,2026-09-01,Energia,Zona Sur,ENE-4104,5500000
Presupuesto,2026-09-01,Energia,Zona Sur,ENE-4105,3000000
Presupuesto,2026-09-01,Energia,Zona Sur,ENE-5101,1400000
Presupuesto,2026-09-01,Energia,Zona Sur,ENE-5102,2100000
Presupuesto,2026-09-01,Energia,Zona Sur,ENE-5103,5500000
Presupuesto,2026-09-01,Energia,Zona Sur,ENE-5104,600000
Presupuesto,2026-09-01,Energia,Zona Sur,ENE-5105,900000
Presupuesto,2026-09-01,Energia,Zona Sur,ENE-6101,225000
Presupuesto,2026-09-01,Energia,Zona Sur,ENE-6102,150000
Presupuesto,2026-09-01,Energia,Zona Sur,ENE-6103,225000
Presupuesto,2026-09-01,Energia,Zona Sur,ENE-6104,1275000
Presupuesto,2026-09-01,Energia,Zona Sur,ENE-6105,500000
Presupuesto,2026-09-01,Energia,Zona Sur,ENE-6106,250000
Presupuesto,2026-09-01,Energia,Zona Sur,ENE-6107,375000
Presupuesto,2026-10-01,Energia,Zona Centro,ENE-4101,1960000
Presupuesto,2026-10-01,Energia,Zona Centro,ENE-4102,840000
Presupuesto,2026-10-01,Energia,Zona Centro,ENE-4103,11550000
Presupuesto,2026-10-01,Energia,Zona Centro,ENE-4104,7700000
Presupuesto,2026-10-01,Energia,Zona Centro,ENE-4105,4200000
Presupuesto,2026-10-01,Energia,Zona Centro,ENE-5101,1960000
Presupuesto,2026-10-01,Energia,Zona Centro,ENE-5102,2940000
Presupuesto,2026-10-01,Energia,Zona Centro,ENE-5103,7700000
Presupuesto,2026-10-01,Energia,Zona Centro,ENE-5104,840000
Presupuesto,2026-10-01,Energia,Zona Centro,ENE-5105,1260000
Presupuesto,2026-10-01,Energia,Zona Centro,ENE-6101,315000
Presupuesto,2026-10-01,Energia,Zona Centro,ENE-6102,210000
Presupuesto,2026-10-01,Energia,Zona Centro,ENE-6103,315000
Presupuesto,2026-10-01,Energia,Zona Centro,ENE-6104,1785000
Presupuesto,2026-10-01,Energia,Zona Centro,ENE-6105,700000
Presupuesto,2026-10-01,Energia,Zona Centro,ENE-6106,350000
Presupuesto,2026-10-01,Energia,Zona Centro,ENE-6107,525000
Presupuesto,2026-10-01,Energia,Zona Norte,ENE-4101,2240000
Presupuesto,2026-10-01,Energia,Zona Norte,ENE-4102,960000
Presupuesto,2026-10-01,Energia,Zona Norte,ENE-4103,13200000
Presupuesto,2026-10-01,Energia,Zona Norte,ENE-4104,8800000
Presupuesto,2026-10-01,Energia,Zona Norte,ENE-4105,4800000
Presupuesto,2026-10-01,Energia,Zona Norte,ENE-5101,2240000
Presupuesto,2026-10-01,Energia,Zona Norte,ENE-5102,3360000
Presupuesto,2026-10-01,Energia,Zona Norte,ENE-5103,8800000
Presupuesto,2026-10-01,Energia,Zona Norte,ENE-5104,960000
Presupuesto,2026-10-01,Energia,Zona Norte,ENE-5105,1440000
Presupuesto,2026-10-01,Energia,Zona Norte,ENE-6101,360000
Presupuesto,2026-10-01,Energia,Zona Norte,ENE-6102,240000
Presupuesto,2026-10-01,Energia,Zona Norte,ENE-6103,360000
Presupuesto,2026-10-01,Energia,Zona Norte,ENE-6104,2040000
Presupuesto,2026-10-01,Energia,Zona Norte,ENE-6105,800000
Presupuesto,2026-10-01,Energia,Zona Norte,ENE-6106,400000
Presupuesto,2026-10-01,Energia,Zona Norte,ENE-6107,600000
Presupuesto,2026-10-01,Energia,Zona Sur,ENE-4101,1400000
Presupuesto,2026-10-01,Energia,Zona Sur,ENE-4102,600000
Presupuesto,2026-10-01,Energia,Zona Sur,ENE-4103,8250000
Presupuesto,2026-10-01,Energia,Zona Sur,ENE-4104,5500000
Presupuesto,2026-10-01,Energia,Zona Sur,ENE-4105,3000000
Presupuesto,2026-10-01,Energia,Zona Sur,ENE-5101,1400000
Presupuesto,2026-10-01,Energia,Zona Sur,ENE-5102,2100000
Presupuesto,2026-10-01,Energia,Zona Sur,ENE-5103,5500000
Presupuesto,2026-10-01,Energia,Zona Sur,ENE-5104,600000
Presupuesto,2026-10-01,Energia,Zona Sur,ENE-5105,900000
Presupuesto,2026-10-01,Energia,Zona Sur,ENE-6101,225000
Presupuesto,2026-10-01,Energia,Zona Sur,ENE-6102,150000
Presupuesto,2026-10-01,Energia,Zona Sur,ENE-6103,225000
Presupuesto,2026-10-01,Energia,Zona Sur,ENE-6104,1275000
Presupuesto,2026-10-01,Energia,Zona Sur,ENE-6105,500000
Presupuesto,2026-10-01,Energia,Zona Sur,ENE-6106,250000
Presupuesto,2026-10-01,Energia,Zona Sur,ENE-6107,375000
Presupuesto,2026-11-01,Energia,Zona Centro,ENE-4101,1960000
Presupuesto,2026-11-01,Energia,Zona Centro,ENE-4102,840000
Presupuesto,2026-11-01,Energia,Zona Centro,ENE-4103,11550000
Presupuesto,2026-11-01,Energia,Zona Centro,ENE-4104,7700000
Presupuesto,2026-11-01,Energia,Zona Centro,ENE-4105,4200000
Presupuesto,2026-11-01,Energia,Zona Centro,ENE-5101,1960000
Presupuesto,2026-11-01,Energia,Zona Centro,ENE-5102,2940000
Presupuesto,2026-11-01,Energia,Zona Centro,ENE-5103,7700000
Presupuesto,2026-11-01,Energia,Zona Centro,ENE-5104,840000
Presupuesto,2026-11-01,Energia,Zona Centro,ENE-5105,1260000
Presupuesto,2026-11-01,Energia,Zona Centro,ENE-6101,315000
Presupuesto,2026-11-01,Energia,Zona Centro,ENE-6102,210000
Presupuesto,2026-11-01,Energia,Zona Centro,ENE-6103,315000
Presupuesto,2026-11-01,Energia,Zona Centro,ENE-6104,1785000
Presupuesto,2026-11-01,Energia,Zona Centro,ENE-6105,700000
Presupuesto,2026-11-01,Energia,Zona Centro,ENE-6106,350000
Presupuesto,2026-11-01,Energia,Zona Centro,ENE-6107,525000
Presupuesto,2026-11-01,Energia,Zona Norte,ENE-4101,2240000
Presupuesto,2026-11-01,Energia,Zona Norte,ENE-4102,960000
Presupuesto,2026-11-01,Energia,Zona Norte,ENE-4103,13200000
Presupuesto,2026-11-01,Energia,Zona Norte,ENE-4104,8800000
Presupuesto,2026-11-01,Energia,Zona Norte,ENE-4105,4800000
Presupuesto,2026-11-01,Energia,Zona Norte,ENE-5101,2240000
Presupuesto,2026-11-01,Energia,Zona Norte,ENE-5102,3360000
Presupuesto,2026-11-01,Energia,Zona Norte,ENE-5103,8800000
Presupuesto,2026-11-01,Energia,Zona Norte,ENE-5104,960000
Presupuesto,2026-11-01,Energia,Zona Norte,ENE-5105,1440000
Presupuesto,2026-11-01,Energia,Zona Norte,ENE-6101,360000
Presupuesto,2026-11-01,Energia,Zona Norte,ENE-6102,240000
Presupuesto,2026-11-01,Energia,Zona Norte,ENE-6103,360000
Presupuesto,2026-11-01,Energia,Zona Norte,ENE-6104,2040000
Presupuesto,2026-11-01,Energia,Zona Norte,ENE-6105,800000
Presupuesto,2026-11-01,Energia,Zona Norte,ENE-6106,400000
Presupuesto,2026-11-01,Energia,Zona Norte,ENE-6107,600000
Presupuesto,2026-11-01,Energia,Zona Sur,ENE-4101,1400000
Presupuesto,2026-11-01,Energia,Zona Sur,ENE-4102,600000
Presupuesto,2026-11-01,Energia,Zona Sur,ENE-4103,8250000
Presupuesto,2026-11-01,Energia,Zona Sur,ENE-4104,5500000
Presupuesto,2026-11-01,Energia,Zona Sur,ENE-4105,3000000
Presupuesto,2026-11-01,Energia,Zona Sur,ENE-5101,1400000
Presupuesto,2026-11-01,Energia,Zona Sur,ENE-5102,2100000
Presupuesto,2026-11-01,Energia,Zona Sur,ENE-5103,5500000
Presupuesto,2026-11-01,Energia,Zona Sur,ENE-5104,600000
Presupuesto,2026-11-01,Energia,Zona Sur,ENE-5105,900000
Presupuesto,2026-11-01,Energia,Zona Sur,ENE-6101,225000
Presupuesto,2026-11-01,Energia,Zona Sur,ENE-6102,150000
Presupuesto,2026-11-01,Energia,Zona Sur,ENE-6103,225000
Presupuesto,2026-11-01,Energia,Zona Sur,ENE-6104,1275000
Presupuesto,2026-11-01,Energia,Zona Sur,ENE-6105,500000
Presupuesto,2026-11-01,Energia,Zona Sur,ENE-6106,250000
Presupuesto,2026-11-01,Energia,Zona Sur,ENE-6107,375000
Presupuesto,2026-12-01,Energia,Zona Centro,ENE-4101,1803200
Presupuesto,2026-12-01,Energia,Zona Centro,ENE-4102,772800
Presupuesto,2026-12-01,Energia,Zona Centro,ENE-4103,10626000
Presupuesto,2026-12-01,Energia,Zona Centro,ENE-4104,7084000
Presupuesto,2026-12-01,Energia,Zona Centro,ENE-4105,3864000
Presupuesto,2026-12-01,Energia,Zona Centro,ENE-5101,1803200
Presupuesto,2026-12-01,Energia,Zona Centro,ENE-5102,2704800
Presupuesto,2026-12-01,Energia,Zona Centro,ENE-5103,7084000
Presupuesto,2026-12-01,Energia,Zona Centro,ENE-5104,772800
Presupuesto,2026-12-01,Energia,Zona Centro,ENE-5105,1159200
Presupuesto,2026-12-01,Energia,Zona Centro,ENE-6101,289800
Presupuesto,2026-12-01,Energia,Zona Centro,ENE-6102,193200
Presupuesto,2026-12-01,Energia,Zona Centro,ENE-6103,289800
Presupuesto,2026-12-01,Energia,Zona Centro,ENE-6104,1642200
Presupuesto,2026-12-01,Energia,Zona Centro,ENE-6105,644000
Presupuesto,2026-12-01,Energia,Zona Centro,ENE-6106,322000
Presupuesto,2026-12-01,Energia,Zona Centro,ENE-6107,483000
Presupuesto,2026-12-01,Energia,Zona Norte,ENE-4101,2060800
Presupuesto,2026-12-01,Energia,Zona Norte,ENE-4102,883200
Presupuesto,2026-12-01,Energia,Zona Norte,ENE-4103,12144000
Presupuesto,2026-12-01,Energia,Zona Norte,ENE-4104,8096000
Presupuesto,2026-12-01,Energia,Zona Norte,ENE-4105,4416000
Presupuesto,2026-12-01,Energia,Zona Norte,ENE-5101,2060800
Presupuesto,2026-12-01,Energia,Zona Norte,ENE-5102,3091200
Presupuesto,2026-12-01,Energia,Zona Norte,ENE-5103,8096000
Presupuesto,2026-12-01,Energia,Zona Norte,ENE-5104,883200
Presupuesto,2026-12-01,Energia,Zona Norte,ENE-5105,1324800
Presupuesto,2026-12-01,Energia,Zona Norte,ENE-6101,331200
Presupuesto,2026-12-01,Energia,Zona Norte,ENE-6102,220800
Presupuesto,2026-12-01,Energia,Zona Norte,ENE-6103,331200
Presupuesto,2026-12-01,Energia,Zona Norte,ENE-6104,1876800
Presupuesto,2026-12-01,Energia,Zona Norte,ENE-6105,736000
Presupuesto,2026-12-01,Energia,Zona Norte,ENE-6106,368000
Presupuesto,2026-12-01,Energia,Zona Norte,ENE-6107,552000
Presupuesto,2026-12-01,Energia,Zona Sur,ENE-4101,1288000
Presupuesto,2026-12-01,Energia,Zona Sur,ENE-4102,552000
Presupuesto,2026-12-01,Energia,Zona Sur,ENE-4103,7590000
Presupuesto,2026-12-01,Energia,Zona Sur,ENE-4104,5060000
Presupuesto,2026-12-01,Energia,Zona Sur,ENE-4105,2760000
Presupuesto,2026-12-01,Energia,Zona Sur,ENE-5101,1288000
Presupuesto,2026-12-01,Energia,Zona Sur,ENE-5102,1932000
Presupuesto,2026-12-01,Energia,Zona Sur,ENE-5103,5060000
Presupuesto,2026-12-01,Energia,Zona Sur,ENE-5104,552000
Presupuesto,2026-12-01,Energia,Zona Sur,ENE-5105,828000
Presupuesto,2026-12-01,Energia,Zona Sur,ENE-6101,207000
Presupuesto,2026-12-01,Energia,Zona Sur,ENE-6102,138000
Presupuesto,2026-12-01,Energia,Zona Sur,ENE-6103,207000
Presupuesto,2026-12-01,Energia,Zona Sur,ENE-6104,1173000
Presupuesto,2026-12-01,Energia,Zona Sur,ENE-6105,460000
Presupuesto,2026-12-01,Energia,Zona Sur,ENE-6106,230000
Presupuesto,2026-12-01,Energia,Zona Sur,ENE-6107,345000
Presupuesto,2025-01-01,Manufactura,Antofagasta,MAN-4101,713160
Presupuesto,2025-01-01,Manufactura,Antofagasta,MAN-4102,305640
Presupuesto,2025-01-01,Manufactura,Antofagasta,MAN-4103,2037760
Presupuesto,2025-01-01,Manufactura,Antofagasta,MAN-4104,3056640
Presupuesto,2025-01-01,Manufactura,Antofagasta,MAN-4105,2139600
Presupuesto,2025-01-01,Manufactura,Antofagasta,MAN-4106,4992400
Presupuesto,2025-01-01,Manufactura,Antofagasta,MAN-5101,611360
Presupuesto,2025-01-01,Manufactura,Antofagasta,MAN-5102,152840
Presupuesto,2025-01-01,Manufactura,Antofagasta,MAN-5103,407560
Presupuesto,2025-01-01,Manufactura,Antofagasta,MAN-5104,1630240
Presupuesto,2025-01-01,Manufactura,Antofagasta,MAN-5105,2445240
Presupuesto,2025-01-01,Manufactura,Antofagasta,MAN-5106,1630160
Presupuesto,2025-01-01,Manufactura,Antofagasta,MAN-6101,305600
Presupuesto,2025-01-01,Manufactura,Antofagasta,MAN-6102,152820
Presupuesto,2025-01-01,Manufactura,Antofagasta,MAN-6103,356580
Presupuesto,2025-01-01,Manufactura,Antofagasta,MAN-6104,169800
Presupuesto,2025-01-01,Manufactura,Antofagasta,MAN-6105,509400
Presupuesto,2025-01-01,Manufactura,Antofagasta,MAN-6106,169840
Presupuesto,2025-01-01,Manufactura,Antofagasta,MAN-6107,254760
Presupuesto,2025-01-01,Manufactura,Antofagasta,MAN-6108,127350
Presupuesto,2025-01-01,Manufactura,Antofagasta,MAN-6109,721650
Presupuesto,2025-01-01,Manufactura,Antofagasta,MAN-6110,142660
Presupuesto,2025-01-01,Manufactura,Antofagasta,MAN-6111,61140
Presupuesto,2025-01-01,Manufactura,Concepción,MAN-4101,1069740
Presupuesto,2025-01-01,Manufactura,Concepción,MAN-4102,458460
Presupuesto,2025-01-01,Manufactura,Concepción,MAN-4103,3056640
Presupuesto,2025-01-01,Manufactura,Concepción,MAN-4104,4584960
Presupuesto,2025-01-01,Manufactura,Concepción,MAN-4105,3209400
Presupuesto,2025-01-01,Manufactura,Concepción,MAN-4106,7488600
Presupuesto,2025-01-01,Manufactura,Concepción,MAN-5101,917040
Presupuesto,2025-01-01,Manufactura,Concepción,MAN-5102,229260
Presupuesto,2025-01-01,Manufactura,Concepción,MAN-5103,611340
Presupuesto,2025-01-01,Manufactura,Concepción,MAN-5104,2445360
Presupuesto,2025-01-01,Manufactura,Concepción,MAN-5105,3667860
Presupuesto,2025-01-01,Manufactura,Concepción,MAN-5106,2445240
Presupuesto,2025-01-01,Manufactura,Concepción,MAN-6101,458400
Presupuesto,2025-01-01,Manufactura,Concepción,MAN-6102,229230
Presupuesto,2025-01-01,Manufactura,Concepción,MAN-6103,534870
Presupuesto,2025-01-01,Manufactura,Concepción,MAN-6104,254700
Presupuesto,2025-01-01,Manufactura,Concepción,MAN-6105,764100
Presupuesto,2025-01-01,Manufactura,Concepción,MAN-6106,254760
Presupuesto,2025-01-01,Manufactura,Concepción,MAN-6107,382140
Presupuesto,2025-01-01,Manufactura,Concepción,MAN-6108,191025
Presupuesto,2025-01-01,Manufactura,Concepción,MAN-6109,1082475
Presupuesto,2025-01-01,Manufactura,Concepción,MAN-6110,213990
Presupuesto,2025-01-01,Manufactura,Concepción,MAN-6111,91710
Presupuesto,2025-01-01,Manufactura,Santiago,MAN-4101,1782900
Presupuesto,2025-01-01,Manufactura,Santiago,MAN-4102,764100
Presupuesto,2025-01-01,Manufactura,Santiago,MAN-4103,5094400
Presupuesto,2025-01-01,Manufactura,Santiago,MAN-4104,7641600
Presupuesto,2025-01-01,Manufactura,Santiago,MAN-4105,5349000
Presupuesto,2025-01-01,Manufactura,Santiago,MAN-4106,12481000
Presupuesto,2025-01-01,Manufactura,Santiago,MAN-5101,1528400
Presupuesto,2025-01-01,Manufactura,Santiago,MAN-5102,382100
Presupuesto,2025-01-01,Manufactura,Santiago,MAN-5103,1018900
Presupuesto,2025-01-01,Manufactura,Santiago,MAN-5104,4075600
Presupuesto,2025-01-01,Manufactura,Santiago,MAN-5105,6113100
Presupuesto,2025-01-01,Manufactura,Santiago,MAN-5106,4075400
Presupuesto,2025-01-01,Manufactura,Santiago,MAN-6101,764000
Presupuesto,2025-01-01,Manufactura,Santiago,MAN-6102,382050
Presupuesto,2025-01-01,Manufactura,Santiago,MAN-6103,891450
Presupuesto,2025-01-01,Manufactura,Santiago,MAN-6104,424500
Presupuesto,2025-01-01,Manufactura,Santiago,MAN-6105,1273500
Presupuesto,2025-01-01,Manufactura,Santiago,MAN-6106,424600
Presupuesto,2025-01-01,Manufactura,Santiago,MAN-6107,636900
Presupuesto,2025-01-01,Manufactura,Santiago,MAN-6108,318375
Presupuesto,2025-01-01,Manufactura,Santiago,MAN-6109,1804125
Presupuesto,2025-01-01,Manufactura,Santiago,MAN-6110,356650
Presupuesto,2025-01-01,Manufactura,Santiago,MAN-6111,152850
Presupuesto,2025-02-01,Manufactura,Antofagasta,MAN-4101,697340
Presupuesto,2025-02-01,Manufactura,Antofagasta,MAN-4102,298860
Presupuesto,2025-02-01,Manufactura,Antofagasta,MAN-4103,1992480
Presupuesto,2025-02-01,Manufactura,Antofagasta,MAN-4104,2988720
Presupuesto,2025-02-01,Manufactura,Antofagasta,MAN-4105,2092080
Presupuesto,2025-02-01,Manufactura,Antofagasta,MAN-4106,4881520
Presupuesto,2025-02-01,Manufactura,Antofagasta,MAN-5101,597760
Presupuesto,2025-02-01,Manufactura,Antofagasta,MAN-5102,149440
Presupuesto,2025-02-01,Manufactura,Antofagasta,MAN-5103,398480
Presupuesto,2025-02-01,Manufactura,Antofagasta,MAN-5104,1593920
Presupuesto,2025-02-01,Manufactura,Antofagasta,MAN-5105,2391000
Presupuesto,2025-02-01,Manufactura,Antofagasta,MAN-5106,1594000
Presupuesto,2025-02-01,Manufactura,Antofagasta,MAN-6101,298800
Presupuesto,2025-02-01,Manufactura,Antofagasta,MAN-6102,149460
Presupuesto,2025-02-01,Manufactura,Antofagasta,MAN-6103,348740
Presupuesto,2025-02-01,Manufactura,Antofagasta,MAN-6104,166050
Presupuesto,2025-02-01,Manufactura,Antofagasta,MAN-6105,498150
Presupuesto,2025-02-01,Manufactura,Antofagasta,MAN-6106,166000
Presupuesto,2025-02-01,Manufactura,Antofagasta,MAN-6107,249000
Presupuesto,2025-02-01,Manufactura,Antofagasta,MAN-6108,124530
Presupuesto,2025-02-01,Manufactura,Antofagasta,MAN-6109,705670
Presupuesto,2025-02-01,Manufactura,Antofagasta,MAN-6110,139440
Presupuesto,2025-02-01,Manufactura,Antofagasta,MAN-6111,59760
Presupuesto,2025-02-01,Manufactura,Concepción,MAN-4101,1046010
Presupuesto,2025-02-01,Manufactura,Concepción,MAN-4102,448290
Presupuesto,2025-02-01,Manufactura,Concepción,MAN-4103,2988720
Presupuesto,2025-02-01,Manufactura,Concepción,MAN-4104,4483080
Presupuesto,2025-02-01,Manufactura,Concepción,MAN-4105,3138120
Presupuesto,2025-02-01,Manufactura,Concepción,MAN-4106,7322280
Presupuesto,2025-02-01,Manufactura,Concepción,MAN-5101,896640
Presupuesto,2025-02-01,Manufactura,Concepción,MAN-5102,224160
Presupuesto,2025-02-01,Manufactura,Concepción,MAN-5103,597720
Presupuesto,2025-02-01,Manufactura,Concepción,MAN-5104,2390880
Presupuesto,2025-02-01,Manufactura,Concepción,MAN-5105,3586500
Presupuesto,2025-02-01,Manufactura,Concepción,MAN-5106,2391000
Presupuesto,2025-02-01,Manufactura,Concepción,MAN-6101,448200
Presupuesto,2025-02-01,Manufactura,Concepción,MAN-6102,224190
Presupuesto,2025-02-01,Manufactura,Concepción,MAN-6103,523110
Presupuesto,2025-02-01,Manufactura,Concepción,MAN-6104,249075
Presupuesto,2025-02-01,Manufactura,Concepción,MAN-6105,747225
Presupuesto,2025-02-01,Manufactura,Concepción,MAN-6106,249000
Presupuesto,2025-02-01,Manufactura,Concepción,MAN-6107,373500
Presupuesto,2025-02-01,Manufactura,Concepción,MAN-6108,186795
Presupuesto,2025-02-01,Manufactura,Concepción,MAN-6109,1058505
Presupuesto,2025-02-01,Manufactura,Concepción,MAN-6110,209160
Presupuesto,2025-02-01,Manufactura,Concepción,MAN-6111,89640
Presupuesto,2025-02-01,Manufactura,Santiago,MAN-4101,1743350
Presupuesto,2025-02-01,Manufactura,Santiago,MAN-4102,747150
Presupuesto,2025-02-01,Manufactura,Santiago,MAN-4103,4981200
Presupuesto,2025-02-01,Manufactura,Santiago,MAN-4104,7471800
Presupuesto,2025-02-01,Manufactura,Santiago,MAN-4105,5230200
Presupuesto,2025-02-01,Manufactura,Santiago,MAN-4106,12203800
Presupuesto,2025-02-01,Manufactura,Santiago,MAN-5101,1494400
Presupuesto,2025-02-01,Manufactura,Santiago,MAN-5102,373600
Presupuesto,2025-02-01,Manufactura,Santiago,MAN-5103,996200
Presupuesto,2025-02-01,Manufactura,Santiago,MAN-5104,3984800
Presupuesto,2025-02-01,Manufactura,Santiago,MAN-5105,5977500
Presupuesto,2025-02-01,Manufactura,Santiago,MAN-5106,3985000
Presupuesto,2025-02-01,Manufactura,Santiago,MAN-6101,747000
Presupuesto,2025-02-01,Manufactura,Santiago,MAN-6102,373650
Presupuesto,2025-02-01,Manufactura,Santiago,MAN-6103,871850
Presupuesto,2025-02-01,Manufactura,Santiago,MAN-6104,415125
Presupuesto,2025-02-01,Manufactura,Santiago,MAN-6105,1245375
Presupuesto,2025-02-01,Manufactura,Santiago,MAN-6106,415000
Presupuesto,2025-02-01,Manufactura,Santiago,MAN-6107,622500
Presupuesto,2025-02-01,Manufactura,Santiago,MAN-6108,311325
Presupuesto,2025-02-01,Manufactura,Santiago,MAN-6109,1764175
Presupuesto,2025-02-01,Manufactura,Santiago,MAN-6110,348600
Presupuesto,2025-02-01,Manufactura,Santiago,MAN-6111,149400
Presupuesto,2025-03-01,Manufactura,Antofagasta,MAN-4101,792400
Presupuesto,2025-03-01,Manufactura,Antofagasta,MAN-4102,339600
Presupuesto,2025-03-01,Manufactura,Antofagasta,MAN-4103,2264160
Presupuesto,2025-03-01,Manufactura,Antofagasta,MAN-4104,3396240
Presupuesto,2025-03-01,Manufactura,Antofagasta,MAN-4105,2377380
Presupuesto,2025-03-01,Manufactura,Antofagasta,MAN-4106,5547220
Presupuesto,2025-03-01,Manufactura,Antofagasta,MAN-5101,679200
Presupuesto,2025-03-01,Manufactura,Antofagasta,MAN-5102,169800
Presupuesto,2025-03-01,Manufactura,Antofagasta,MAN-5103,452840
Presupuesto,2025-03-01,Manufactura,Antofagasta,MAN-5104,1811360
Presupuesto,2025-03-01,Manufactura,Antofagasta,MAN-5105,2717040
Presupuesto,2025-03-01,Manufactura,Antofagasta,MAN-5106,1811360
Presupuesto,2025-03-01,Manufactura,Antofagasta,MAN-6101,339600
Presupuesto,2025-03-01,Manufactura,Antofagasta,MAN-6102,169800
Presupuesto,2025-03-01,Manufactura,Antofagasta,MAN-6103,396200
Presupuesto,2025-03-01,Manufactura,Antofagasta,MAN-6104,188700
Presupuesto,2025-03-01,Manufactura,Antofagasta,MAN-6105,566100
Presupuesto,2025-03-01,Manufactura,Antofagasta,MAN-6106,188640
Presupuesto,2025-03-01,Manufactura,Antofagasta,MAN-6107,282960
Presupuesto,2025-03-01,Manufactura,Antofagasta,MAN-6108,141510
Presupuesto,2025-03-01,Manufactura,Antofagasta,MAN-6109,801890
Presupuesto,2025-03-01,Manufactura,Antofagasta,MAN-6110,158480
Presupuesto,2025-03-01,Manufactura,Antofagasta,MAN-6111,67920
Presupuesto,2025-03-01,Manufactura,Concepción,MAN-4101,1188600
Presupuesto,2025-03-01,Manufactura,Concepción,MAN-4102,509400
Presupuesto,2025-03-01,Manufactura,Concepción,MAN-4103,3396240
Presupuesto,2025-03-01,Manufactura,Concepción,MAN-4104,5094360
Presupuesto,2025-03-01,Manufactura,Concepción,MAN-4105,3566070
Presupuesto,2025-03-01,Manufactura,Concepción,MAN-4106,8320830
Presupuesto,2025-03-01,Manufactura,Concepción,MAN-5101,1018800
Presupuesto,2025-03-01,Manufactura,Concepción,MAN-5102,254700
Presupuesto,2025-03-01,Manufactura,Concepción,MAN-5103,679260
Presupuesto,2025-03-01,Manufactura,Concepción,MAN-5104,2717040
Presupuesto,2025-03-01,Manufactura,Concepción,MAN-5105,4075560
Presupuesto,2025-03-01,Manufactura,Concepción,MAN-5106,2717040
Presupuesto,2025-03-01,Manufactura,Concepción,MAN-6101,509400
Presupuesto,2025-03-01,Manufactura,Concepción,MAN-6102,254700
Presupuesto,2025-03-01,Manufactura,Concepción,MAN-6103,594300
Presupuesto,2025-03-01,Manufactura,Concepción,MAN-6104,283050
Presupuesto,2025-03-01,Manufactura,Concepción,MAN-6105,849150
Presupuesto,2025-03-01,Manufactura,Concepción,MAN-6106,282960
Presupuesto,2025-03-01,Manufactura,Concepción,MAN-6107,424440
Presupuesto,2025-03-01,Manufactura,Concepción,MAN-6108,212265
Presupuesto,2025-03-01,Manufactura,Concepción,MAN-6109,1202835
Presupuesto,2025-03-01,Manufactura,Concepción,MAN-6110,237720
Presupuesto,2025-03-01,Manufactura,Concepción,MAN-6111,101880
Presupuesto,2025-03-01,Manufactura,Santiago,MAN-4101,1981000
Presupuesto,2025-03-01,Manufactura,Santiago,MAN-4102,849000
Presupuesto,2025-03-01,Manufactura,Santiago,MAN-4103,5660400
Presupuesto,2025-03-01,Manufactura,Santiago,MAN-4104,8490600
Presupuesto,2025-03-01,Manufactura,Santiago,MAN-4105,5943450
Presupuesto,2025-03-01,Manufactura,Santiago,MAN-4106,13868050
Presupuesto,2025-03-01,Manufactura,Santiago,MAN-5101,1698000
Presupuesto,2025-03-01,Manufactura,Santiago,MAN-5102,424500
Presupuesto,2025-03-01,Manufactura,Santiago,MAN-5103,1132100
Presupuesto,2025-03-01,Manufactura,Santiago,MAN-5104,4528400
Presupuesto,2025-03-01,Manufactura,Santiago,MAN-5105,6792600
Presupuesto,2025-03-01,Manufactura,Santiago,MAN-5106,4528400
Presupuesto,2025-03-01,Manufactura,Santiago,MAN-6101,849000
Presupuesto,2025-03-01,Manufactura,Santiago,MAN-6102,424500
Presupuesto,2025-03-01,Manufactura,Santiago,MAN-6103,990500
Presupuesto,2025-03-01,Manufactura,Santiago,MAN-6104,471750
Presupuesto,2025-03-01,Manufactura,Santiago,MAN-6105,1415250
Presupuesto,2025-03-01,Manufactura,Santiago,MAN-6106,471600
Presupuesto,2025-03-01,Manufactura,Santiago,MAN-6107,707400
Presupuesto,2025-03-01,Manufactura,Santiago,MAN-6108,353775
Presupuesto,2025-03-01,Manufactura,Santiago,MAN-6109,2004725
Presupuesto,2025-03-01,Manufactura,Santiago,MAN-6110,396200
Presupuesto,2025-03-01,Manufactura,Santiago,MAN-6111,169800
Presupuesto,2025-04-01,Manufactura,Antofagasta,MAN-4101,792400
Presupuesto,2025-04-01,Manufactura,Antofagasta,MAN-4102,339600
Presupuesto,2025-04-01,Manufactura,Antofagasta,MAN-4103,2264160
Presupuesto,2025-04-01,Manufactura,Antofagasta,MAN-4104,3396240
Presupuesto,2025-04-01,Manufactura,Antofagasta,MAN-4105,2377380
Presupuesto,2025-04-01,Manufactura,Antofagasta,MAN-4106,5547220
Presupuesto,2025-04-01,Manufactura,Antofagasta,MAN-5101,679200
Presupuesto,2025-04-01,Manufactura,Antofagasta,MAN-5102,169800
Presupuesto,2025-04-01,Manufactura,Antofagasta,MAN-5103,452840
Presupuesto,2025-04-01,Manufactura,Antofagasta,MAN-5104,1811360
Presupuesto,2025-04-01,Manufactura,Antofagasta,MAN-5105,2717040
Presupuesto,2025-04-01,Manufactura,Antofagasta,MAN-5106,1811360
Presupuesto,2025-04-01,Manufactura,Antofagasta,MAN-6101,339600
Presupuesto,2025-04-01,Manufactura,Antofagasta,MAN-6102,169800
Presupuesto,2025-04-01,Manufactura,Antofagasta,MAN-6103,396200
Presupuesto,2025-04-01,Manufactura,Antofagasta,MAN-6104,188700
Presupuesto,2025-04-01,Manufactura,Antofagasta,MAN-6105,566100
Presupuesto,2025-04-01,Manufactura,Antofagasta,MAN-6106,188640
Presupuesto,2025-04-01,Manufactura,Antofagasta,MAN-6107,282960
Presupuesto,2025-04-01,Manufactura,Antofagasta,MAN-6108,141510
Presupuesto,2025-04-01,Manufactura,Antofagasta,MAN-6109,801890
Presupuesto,2025-04-01,Manufactura,Antofagasta,MAN-6110,158480
Presupuesto,2025-04-01,Manufactura,Antofagasta,MAN-6111,67920
Presupuesto,2025-04-01,Manufactura,Concepción,MAN-4101,1188600
Presupuesto,2025-04-01,Manufactura,Concepción,MAN-4102,509400
Presupuesto,2025-04-01,Manufactura,Concepción,MAN-4103,3396240
Presupuesto,2025-04-01,Manufactura,Concepción,MAN-4104,5094360
Presupuesto,2025-04-01,Manufactura,Concepción,MAN-4105,3566070
Presupuesto,2025-04-01,Manufactura,Concepción,MAN-4106,8320830
Presupuesto,2025-04-01,Manufactura,Concepción,MAN-5101,1018800
Presupuesto,2025-04-01,Manufactura,Concepción,MAN-5102,254700
Presupuesto,2025-04-01,Manufactura,Concepción,MAN-5103,679260
Presupuesto,2025-04-01,Manufactura,Concepción,MAN-5104,2717040
Presupuesto,2025-04-01,Manufactura,Concepción,MAN-5105,4075560
Presupuesto,2025-04-01,Manufactura,Concepción,MAN-5106,2717040
Presupuesto,2025-04-01,Manufactura,Concepción,MAN-6101,509400
Presupuesto,2025-04-01,Manufactura,Concepción,MAN-6102,254700
Presupuesto,2025-04-01,Manufactura,Concepción,MAN-6103,594300
Presupuesto,2025-04-01,Manufactura,Concepción,MAN-6104,283050
Presupuesto,2025-04-01,Manufactura,Concepción,MAN-6105,849150
Presupuesto,2025-04-01,Manufactura,Concepción,MAN-6106,282960
Presupuesto,2025-04-01,Manufactura,Concepción,MAN-6107,424440
Presupuesto,2025-04-01,Manufactura,Concepción,MAN-6108,212265
Presupuesto,2025-04-01,Manufactura,Concepción,MAN-6109,1202835
Presupuesto,2025-04-01,Manufactura,Concepción,MAN-6110,237720
Presupuesto,2025-04-01,Manufactura,Concepción,MAN-6111,101880
Presupuesto,2025-04-01,Manufactura,Santiago,MAN-4101,1981000
Presupuesto,2025-04-01,Manufactura,Santiago,MAN-4102,849000
Presupuesto,2025-04-01,Manufactura,Santiago,MAN-4103,5660400
Presupuesto,2025-04-01,Manufactura,Santiago,MAN-4104,8490600
Presupuesto,2025-04-01,Manufactura,Santiago,MAN-4105,5943450
Presupuesto,2025-04-01,Manufactura,Santiago,MAN-4106,13868050
Presupuesto,2025-04-01,Manufactura,Santiago,MAN-5101,1698000
Presupuesto,2025-04-01,Manufactura,Santiago,MAN-5102,424500
Presupuesto,2025-04-01,Manufactura,Santiago,MAN-5103,1132100
Presupuesto,2025-04-01,Manufactura,Santiago,MAN-5104,4528400
Presupuesto,2025-04-01,Manufactura,Santiago,MAN-5105,6792600
Presupuesto,2025-04-01,Manufactura,Santiago,MAN-5106,4528400
Presupuesto,2025-04-01,Manufactura,Santiago,MAN-6101,849000
Presupuesto,2025-04-01,Manufactura,Santiago,MAN-6102,424500
Presupuesto,2025-04-01,Manufactura,Santiago,MAN-6103,990500
Presupuesto,2025-04-01,Manufactura,Santiago,MAN-6104,471750
Presupuesto,2025-04-01,Manufactura,Santiago,MAN-6105,1415250
Presupuesto,2025-04-01,Manufactura,Santiago,MAN-6106,471600
Presupuesto,2025-04-01,Manufactura,Santiago,MAN-6107,707400
Presupuesto,2025-04-01,Manufactura,Santiago,MAN-6108,353775
Presupuesto,2025-04-01,Manufactura,Santiago,MAN-6109,2004725
Presupuesto,2025-04-01,Manufactura,Santiago,MAN-6110,396200
Presupuesto,2025-04-01,Manufactura,Santiago,MAN-6111,169800
Presupuesto,2025-05-01,Manufactura,Antofagasta,MAN-4101,792400
Presupuesto,2025-05-01,Manufactura,Antofagasta,MAN-4102,339600
Presupuesto,2025-05-01,Manufactura,Antofagasta,MAN-4103,2264160
Presupuesto,2025-05-01,Manufactura,Antofagasta,MAN-4104,3396240
Presupuesto,2025-05-01,Manufactura,Antofagasta,MAN-4105,2377380
Presupuesto,2025-05-01,Manufactura,Antofagasta,MAN-4106,5547220
Presupuesto,2025-05-01,Manufactura,Antofagasta,MAN-5101,679200
Presupuesto,2025-05-01,Manufactura,Antofagasta,MAN-5102,169800
Presupuesto,2025-05-01,Manufactura,Antofagasta,MAN-5103,452840
Presupuesto,2025-05-01,Manufactura,Antofagasta,MAN-5104,1811360
Presupuesto,2025-05-01,Manufactura,Antofagasta,MAN-5105,2717040
Presupuesto,2025-05-01,Manufactura,Antofagasta,MAN-5106,1811360
Presupuesto,2025-05-01,Manufactura,Antofagasta,MAN-6101,339600
Presupuesto,2025-05-01,Manufactura,Antofagasta,MAN-6102,169800
Presupuesto,2025-05-01,Manufactura,Antofagasta,MAN-6103,396200
Presupuesto,2025-05-01,Manufactura,Antofagasta,MAN-6104,188700
Presupuesto,2025-05-01,Manufactura,Antofagasta,MAN-6105,566100
Presupuesto,2025-05-01,Manufactura,Antofagasta,MAN-6106,188640
Presupuesto,2025-05-01,Manufactura,Antofagasta,MAN-6107,282960
Presupuesto,2025-05-01,Manufactura,Antofagasta,MAN-6108,141510
Presupuesto,2025-05-01,Manufactura,Antofagasta,MAN-6109,801890
Presupuesto,2025-05-01,Manufactura,Antofagasta,MAN-6110,158480
Presupuesto,2025-05-01,Manufactura,Antofagasta,MAN-6111,67920
Presupuesto,2025-05-01,Manufactura,Concepción,MAN-4101,1188600
Presupuesto,2025-05-01,Manufactura,Concepción,MAN-4102,509400
Presupuesto,2025-05-01,Manufactura,Concepción,MAN-4103,3396240
Presupuesto,2025-05-01,Manufactura,Concepción,MAN-4104,5094360
Presupuesto,2025-05-01,Manufactura,Concepción,MAN-4105,3566070
Presupuesto,2025-05-01,Manufactura,Concepción,MAN-4106,8320830
Presupuesto,2025-05-01,Manufactura,Concepción,MAN-5101,1018800
Presupuesto,2025-05-01,Manufactura,Concepción,MAN-5102,254700
Presupuesto,2025-05-01,Manufactura,Concepción,MAN-5103,679260
Presupuesto,2025-05-01,Manufactura,Concepción,MAN-5104,2717040
Presupuesto,2025-05-01,Manufactura,Concepción,MAN-5105,4075560
Presupuesto,2025-05-01,Manufactura,Concepción,MAN-5106,2717040
Presupuesto,2025-05-01,Manufactura,Concepción,MAN-6101,509400
Presupuesto,2025-05-01,Manufactura,Concepción,MAN-6102,254700
Presupuesto,2025-05-01,Manufactura,Concepción,MAN-6103,594300
Presupuesto,2025-05-01,Manufactura,Concepción,MAN-6104,283050
Presupuesto,2025-05-01,Manufactura,Concepción,MAN-6105,849150
Presupuesto,2025-05-01,Manufactura,Concepción,MAN-6106,282960
Presupuesto,2025-05-01,Manufactura,Concepción,MAN-6107,424440
Presupuesto,2025-05-01,Manufactura,Concepción,MAN-6108,212265
Presupuesto,2025-05-01,Manufactura,Concepción,MAN-6109,1202835
Presupuesto,2025-05-01,Manufactura,Concepción,MAN-6110,237720
Presupuesto,2025-05-01,Manufactura,Concepción,MAN-6111,101880
Presupuesto,2025-05-01,Manufactura,Santiago,MAN-4101,1981000
Presupuesto,2025-05-01,Manufactura,Santiago,MAN-4102,849000
Presupuesto,2025-05-01,Manufactura,Santiago,MAN-4103,5660400
Presupuesto,2025-05-01,Manufactura,Santiago,MAN-4104,8490600
Presupuesto,2025-05-01,Manufactura,Santiago,MAN-4105,5943450
Presupuesto,2025-05-01,Manufactura,Santiago,MAN-4106,13868050
Presupuesto,2025-05-01,Manufactura,Santiago,MAN-5101,1698000
Presupuesto,2025-05-01,Manufactura,Santiago,MAN-5102,424500
Presupuesto,2025-05-01,Manufactura,Santiago,MAN-5103,1132100
Presupuesto,2025-05-01,Manufactura,Santiago,MAN-5104,4528400
Presupuesto,2025-05-01,Manufactura,Santiago,MAN-5105,6792600
Presupuesto,2025-05-01,Manufactura,Santiago,MAN-5106,4528400
Presupuesto,2025-05-01,Manufactura,Santiago,MAN-6101,849000
Presupuesto,2025-05-01,Manufactura,Santiago,MAN-6102,424500
Presupuesto,2025-05-01,Manufactura,Santiago,MAN-6103,990500
Presupuesto,2025-05-01,Manufactura,Santiago,MAN-6104,471750
Presupuesto,2025-05-01,Manufactura,Santiago,MAN-6105,1415250
Presupuesto,2025-05-01,Manufactura,Santiago,MAN-6106,471600
Presupuesto,2025-05-01,Manufactura,Santiago,MAN-6107,707400
Presupuesto,2025-05-01,Manufactura,Santiago,MAN-6108,353775
Presupuesto,2025-05-01,Manufactura,Santiago,MAN-6109,2004725
Presupuesto,2025-05-01,Manufactura,Santiago,MAN-6110,396200
Presupuesto,2025-05-01,Manufactura,Santiago,MAN-6111,169800
Presupuesto,2025-06-01,Manufactura,Antofagasta,MAN-4101,792400
Presupuesto,2025-06-01,Manufactura,Antofagasta,MAN-4102,339600
Presupuesto,2025-06-01,Manufactura,Antofagasta,MAN-4103,2264160
Presupuesto,2025-06-01,Manufactura,Antofagasta,MAN-4104,3396240
Presupuesto,2025-06-01,Manufactura,Antofagasta,MAN-4105,2377380
Presupuesto,2025-06-01,Manufactura,Antofagasta,MAN-4106,5547220
Presupuesto,2025-06-01,Manufactura,Antofagasta,MAN-5101,679200
Presupuesto,2025-06-01,Manufactura,Antofagasta,MAN-5102,169800
Presupuesto,2025-06-01,Manufactura,Antofagasta,MAN-5103,452840
Presupuesto,2025-06-01,Manufactura,Antofagasta,MAN-5104,1811360
Presupuesto,2025-06-01,Manufactura,Antofagasta,MAN-5105,2717040
Presupuesto,2025-06-01,Manufactura,Antofagasta,MAN-5106,1811360
Presupuesto,2025-06-01,Manufactura,Antofagasta,MAN-6101,339600
Presupuesto,2025-06-01,Manufactura,Antofagasta,MAN-6102,169800
Presupuesto,2025-06-01,Manufactura,Antofagasta,MAN-6103,396200
Presupuesto,2025-06-01,Manufactura,Antofagasta,MAN-6104,188700
Presupuesto,2025-06-01,Manufactura,Antofagasta,MAN-6105,566100
Presupuesto,2025-06-01,Manufactura,Antofagasta,MAN-6106,188640
Presupuesto,2025-06-01,Manufactura,Antofagasta,MAN-6107,282960
Presupuesto,2025-06-01,Manufactura,Antofagasta,MAN-6108,141510
Presupuesto,2025-06-01,Manufactura,Antofagasta,MAN-6109,801890
Presupuesto,2025-06-01,Manufactura,Antofagasta,MAN-6110,158480
Presupuesto,2025-06-01,Manufactura,Antofagasta,MAN-6111,67920
Presupuesto,2025-06-01,Manufactura,Concepción,MAN-4101,1188600
Presupuesto,2025-06-01,Manufactura,Concepción,MAN-4102,509400
Presupuesto,2025-06-01,Manufactura,Concepción,MAN-4103,3396240
Presupuesto,2025-06-01,Manufactura,Concepción,MAN-4104,5094360
Presupuesto,2025-06-01,Manufactura,Concepción,MAN-4105,3566070
Presupuesto,2025-06-01,Manufactura,Concepción,MAN-4106,8320830
Presupuesto,2025-06-01,Manufactura,Concepción,MAN-5101,1018800
Presupuesto,2025-06-01,Manufactura,Concepción,MAN-5102,254700
Presupuesto,2025-06-01,Manufactura,Concepción,MAN-5103,679260
Presupuesto,2025-06-01,Manufactura,Concepción,MAN-5104,2717040
Presupuesto,2025-06-01,Manufactura,Concepción,MAN-5105,4075560
Presupuesto,2025-06-01,Manufactura,Concepción,MAN-5106,2717040
Presupuesto,2025-06-01,Manufactura,Concepción,MAN-6101,509400
Presupuesto,2025-06-01,Manufactura,Concepción,MAN-6102,254700
Presupuesto,2025-06-01,Manufactura,Concepción,MAN-6103,594300
Presupuesto,2025-06-01,Manufactura,Concepción,MAN-6104,283050
Presupuesto,2025-06-01,Manufactura,Concepción,MAN-6105,849150
Presupuesto,2025-06-01,Manufactura,Concepción,MAN-6106,282960
Presupuesto,2025-06-01,Manufactura,Concepción,MAN-6107,424440
Presupuesto,2025-06-01,Manufactura,Concepción,MAN-6108,212265
Presupuesto,2025-06-01,Manufactura,Concepción,MAN-6109,1202835
Presupuesto,2025-06-01,Manufactura,Concepción,MAN-6110,237720
Presupuesto,2025-06-01,Manufactura,Concepción,MAN-6111,101880
Presupuesto,2025-06-01,Manufactura,Santiago,MAN-4101,1981000
Presupuesto,2025-06-01,Manufactura,Santiago,MAN-4102,849000
Presupuesto,2025-06-01,Manufactura,Santiago,MAN-4103,5660400
Presupuesto,2025-06-01,Manufactura,Santiago,MAN-4104,8490600
Presupuesto,2025-06-01,Manufactura,Santiago,MAN-4105,5943450
Presupuesto,2025-06-01,Manufactura,Santiago,MAN-4106,13868050
Presupuesto,2025-06-01,Manufactura,Santiago,MAN-5101,1698000
Presupuesto,2025-06-01,Manufactura,Santiago,MAN-5102,424500
Presupuesto,2025-06-01,Manufactura,Santiago,MAN-5103,1132100
Presupuesto,2025-06-01,Manufactura,Santiago,MAN-5104,4528400
Presupuesto,2025-06-01,Manufactura,Santiago,MAN-5105,6792600
Presupuesto,2025-06-01,Manufactura,Santiago,MAN-5106,4528400
Presupuesto,2025-06-01,Manufactura,Santiago,MAN-6101,849000
Presupuesto,2025-06-01,Manufactura,Santiago,MAN-6102,424500
Presupuesto,2025-06-01,Manufactura,Santiago,MAN-6103,990500
Presupuesto,2025-06-01,Manufactura,Santiago,MAN-6104,471750
Presupuesto,2025-06-01,Manufactura,Santiago,MAN-6105,1415250
Presupuesto,2025-06-01,Manufactura,Santiago,MAN-6106,471600
Presupuesto,2025-06-01,Manufactura,Santiago,MAN-6107,707400
Presupuesto,2025-06-01,Manufactura,Santiago,MAN-6108,353775
Presupuesto,2025-06-01,Manufactura,Santiago,MAN-6109,2004725
Presupuesto,2025-06-01,Manufactura,Santiago,MAN-6110,396200
Presupuesto,2025-06-01,Manufactura,Santiago,MAN-6111,169800
Presupuesto,2025-07-01,Manufactura,Antofagasta,MAN-4101,792400
Presupuesto,2025-07-01,Manufactura,Antofagasta,MAN-4102,339600
Presupuesto,2025-07-01,Manufactura,Antofagasta,MAN-4103,2264160
Presupuesto,2025-07-01,Manufactura,Antofagasta,MAN-4104,3396240
Presupuesto,2025-07-01,Manufactura,Antofagasta,MAN-4105,2377380
Presupuesto,2025-07-01,Manufactura,Antofagasta,MAN-4106,5547220
Presupuesto,2025-07-01,Manufactura,Antofagasta,MAN-5101,679200
Presupuesto,2025-07-01,Manufactura,Antofagasta,MAN-5102,169800
Presupuesto,2025-07-01,Manufactura,Antofagasta,MAN-5103,452840
Presupuesto,2025-07-01,Manufactura,Antofagasta,MAN-5104,1811360
Presupuesto,2025-07-01,Manufactura,Antofagasta,MAN-5105,2717040
Presupuesto,2025-07-01,Manufactura,Antofagasta,MAN-5106,1811360
Presupuesto,2025-07-01,Manufactura,Antofagasta,MAN-6101,339600
Presupuesto,2025-07-01,Manufactura,Antofagasta,MAN-6102,169800
Presupuesto,2025-07-01,Manufactura,Antofagasta,MAN-6103,396200
Presupuesto,2025-07-01,Manufactura,Antofagasta,MAN-6104,188700
Presupuesto,2025-07-01,Manufactura,Antofagasta,MAN-6105,566100
Presupuesto,2025-07-01,Manufactura,Antofagasta,MAN-6106,188640
Presupuesto,2025-07-01,Manufactura,Antofagasta,MAN-6107,282960
Presupuesto,2025-07-01,Manufactura,Antofagasta,MAN-6108,141510
Presupuesto,2025-07-01,Manufactura,Antofagasta,MAN-6109,801890
Presupuesto,2025-07-01,Manufactura,Antofagasta,MAN-6110,158480
Presupuesto,2025-07-01,Manufactura,Antofagasta,MAN-6111,67920
Presupuesto,2025-07-01,Manufactura,Concepción,MAN-4101,1188600
Presupuesto,2025-07-01,Manufactura,Concepción,MAN-4102,509400
Presupuesto,2025-07-01,Manufactura,Concepción,MAN-4103,3396240
Presupuesto,2025-07-01,Manufactura,Concepción,MAN-4104,5094360
Presupuesto,2025-07-01,Manufactura,Concepción,MAN-4105,3566070
Presupuesto,2025-07-01,Manufactura,Concepción,MAN-4106,8320830
Presupuesto,2025-07-01,Manufactura,Concepción,MAN-5101,1018800
Presupuesto,2025-07-01,Manufactura,Concepción,MAN-5102,254700
Presupuesto,2025-07-01,Manufactura,Concepción,MAN-5103,679260
Presupuesto,2025-07-01,Manufactura,Concepción,MAN-5104,2717040
Presupuesto,2025-07-01,Manufactura,Concepción,MAN-5105,4075560
Presupuesto,2025-07-01,Manufactura,Concepción,MAN-5106,2717040
Presupuesto,2025-07-01,Manufactura,Concepción,MAN-6101,509400
Presupuesto,2025-07-01,Manufactura,Concepción,MAN-6102,254700
Presupuesto,2025-07-01,Manufactura,Concepción,MAN-6103,594300
Presupuesto,2025-07-01,Manufactura,Concepción,MAN-6104,283050
Presupuesto,2025-07-01,Manufactura,Concepción,MAN-6105,849150
Presupuesto,2025-07-01,Manufactura,Concepción,MAN-6106,282960
Presupuesto,2025-07-01,Manufactura,Concepción,MAN-6107,424440
Presupuesto,2025-07-01,Manufactura,Concepción,MAN-6108,212265
Presupuesto,2025-07-01,Manufactura,Concepción,MAN-6109,1202835
Presupuesto,2025-07-01,Manufactura,Concepción,MAN-6110,237720
Presupuesto,2025-07-01,Manufactura,Concepción,MAN-6111,101880
Presupuesto,2025-07-01,Manufactura,Santiago,MAN-4101,1981000
Presupuesto,2025-07-01,Manufactura,Santiago,MAN-4102,849000
Presupuesto,2025-07-01,Manufactura,Santiago,MAN-4103,5660400
Presupuesto,2025-07-01,Manufactura,Santiago,MAN-4104,8490600
Presupuesto,2025-07-01,Manufactura,Santiago,MAN-4105,5943450
Presupuesto,2025-07-01,Manufactura,Santiago,MAN-4106,13868050
Presupuesto,2025-07-01,Manufactura,Santiago,MAN-5101,1698000
Presupuesto,2025-07-01,Manufactura,Santiago,MAN-5102,424500
Presupuesto,2025-07-01,Manufactura,Santiago,MAN-5103,1132100
Presupuesto,2025-07-01,Manufactura,Santiago,MAN-5104,4528400
Presupuesto,2025-07-01,Manufactura,Santiago,MAN-5105,6792600
Presupuesto,2025-07-01,Manufactura,Santiago,MAN-5106,4528400
Presupuesto,2025-07-01,Manufactura,Santiago,MAN-6101,849000
Presupuesto,2025-07-01,Manufactura,Santiago,MAN-6102,424500
Presupuesto,2025-07-01,Manufactura,Santiago,MAN-6103,990500
Presupuesto,2025-07-01,Manufactura,Santiago,MAN-6104,471750
Presupuesto,2025-07-01,Manufactura,Santiago,MAN-6105,1415250
Presupuesto,2025-07-01,Manufactura,Santiago,MAN-6106,471600
Presupuesto,2025-07-01,Manufactura,Santiago,MAN-6107,707400
Presupuesto,2025-07-01,Manufactura,Santiago,MAN-6108,353775
Presupuesto,2025-07-01,Manufactura,Santiago,MAN-6109,2004725
Presupuesto,2025-07-01,Manufactura,Santiago,MAN-6110,396200
Presupuesto,2025-07-01,Manufactura,Santiago,MAN-6111,169800
Presupuesto,2025-08-01,Manufactura,Antofagasta,MAN-4101,792400
Presupuesto,2025-08-01,Manufactura,Antofagasta,MAN-4102,339600
Presupuesto,2025-08-01,Manufactura,Antofagasta,MAN-4103,2264160
Presupuesto,2025-08-01,Manufactura,Antofagasta,MAN-4104,3396240
Presupuesto,2025-08-01,Manufactura,Antofagasta,MAN-4105,2377380
Presupuesto,2025-08-01,Manufactura,Antofagasta,MAN-4106,5547220
Presupuesto,2025-08-01,Manufactura,Antofagasta,MAN-5101,679200
Presupuesto,2025-08-01,Manufactura,Antofagasta,MAN-5102,169800
Presupuesto,2025-08-01,Manufactura,Antofagasta,MAN-5103,452840
Presupuesto,2025-08-01,Manufactura,Antofagasta,MAN-5104,1811360
Presupuesto,2025-08-01,Manufactura,Antofagasta,MAN-5105,2717040
Presupuesto,2025-08-01,Manufactura,Antofagasta,MAN-5106,1811360
Presupuesto,2025-08-01,Manufactura,Antofagasta,MAN-6101,339600
Presupuesto,2025-08-01,Manufactura,Antofagasta,MAN-6102,169800
Presupuesto,2025-08-01,Manufactura,Antofagasta,MAN-6103,396200
Presupuesto,2025-08-01,Manufactura,Antofagasta,MAN-6104,188700
Presupuesto,2025-08-01,Manufactura,Antofagasta,MAN-6105,566100
Presupuesto,2025-08-01,Manufactura,Antofagasta,MAN-6106,188640
Presupuesto,2025-08-01,Manufactura,Antofagasta,MAN-6107,282960
Presupuesto,2025-08-01,Manufactura,Antofagasta,MAN-6108,141510
Presupuesto,2025-08-01,Manufactura,Antofagasta,MAN-6109,801890
Presupuesto,2025-08-01,Manufactura,Antofagasta,MAN-6110,158480
Presupuesto,2025-08-01,Manufactura,Antofagasta,MAN-6111,67920
Presupuesto,2025-08-01,Manufactura,Concepción,MAN-4101,1188600
Presupuesto,2025-08-01,Manufactura,Concepción,MAN-4102,509400
Presupuesto,2025-08-01,Manufactura,Concepción,MAN-4103,3396240
Presupuesto,2025-08-01,Manufactura,Concepción,MAN-4104,5094360
Presupuesto,2025-08-01,Manufactura,Concepción,MAN-4105,3566070
Presupuesto,2025-08-01,Manufactura,Concepción,MAN-4106,8320830
Presupuesto,2025-08-01,Manufactura,Concepción,MAN-5101,1018800
Presupuesto,2025-08-01,Manufactura,Concepción,MAN-5102,254700
Presupuesto,2025-08-01,Manufactura,Concepción,MAN-5103,679260
Presupuesto,2025-08-01,Manufactura,Concepción,MAN-5104,2717040
Presupuesto,2025-08-01,Manufactura,Concepción,MAN-5105,4075560
Presupuesto,2025-08-01,Manufactura,Concepción,MAN-5106,2717040
Presupuesto,2025-08-01,Manufactura,Concepción,MAN-6101,509400
Presupuesto,2025-08-01,Manufactura,Concepción,MAN-6102,254700
Presupuesto,2025-08-01,Manufactura,Concepción,MAN-6103,594300
Presupuesto,2025-08-01,Manufactura,Concepción,MAN-6104,283050
Presupuesto,2025-08-01,Manufactura,Concepción,MAN-6105,849150
Presupuesto,2025-08-01,Manufactura,Concepción,MAN-6106,282960
Presupuesto,2025-08-01,Manufactura,Concepción,MAN-6107,424440
Presupuesto,2025-08-01,Manufactura,Concepción,MAN-6108,212265
Presupuesto,2025-08-01,Manufactura,Concepción,MAN-6109,1202835
Presupuesto,2025-08-01,Manufactura,Concepción,MAN-6110,237720
Presupuesto,2025-08-01,Manufactura,Concepción,MAN-6111,101880
Presupuesto,2025-08-01,Manufactura,Santiago,MAN-4101,1981000
Presupuesto,2025-08-01,Manufactura,Santiago,MAN-4102,849000
Presupuesto,2025-08-01,Manufactura,Santiago,MAN-4103,5660400
Presupuesto,2025-08-01,Manufactura,Santiago,MAN-4104,8490600
Presupuesto,2025-08-01,Manufactura,Santiago,MAN-4105,5943450
Presupuesto,2025-08-01,Manufactura,Santiago,MAN-4106,13868050
Presupuesto,2025-08-01,Manufactura,Santiago,MAN-5101,1698000
Presupuesto,2025-08-01,Manufactura,Santiago,MAN-5102,424500
Presupuesto,2025-08-01,Manufactura,Santiago,MAN-5103,1132100
Presupuesto,2025-08-01,Manufactura,Santiago,MAN-5104,4528400
Presupuesto,2025-08-01,Manufactura,Santiago,MAN-5105,6792600
Presupuesto,2025-08-01,Manufactura,Santiago,MAN-5106,4528400
Presupuesto,2025-08-01,Manufactura,Santiago,MAN-6101,849000
Presupuesto,2025-08-01,Manufactura,Santiago,MAN-6102,424500
Presupuesto,2025-08-01,Manufactura,Santiago,MAN-6103,990500
Presupuesto,2025-08-01,Manufactura,Santiago,MAN-6104,471750
Presupuesto,2025-08-01,Manufactura,Santiago,MAN-6105,1415250
Presupuesto,2025-08-01,Manufactura,Santiago,MAN-6106,471600
Presupuesto,2025-08-01,Manufactura,Santiago,MAN-6107,707400
Presupuesto,2025-08-01,Manufactura,Santiago,MAN-6108,353775
Presupuesto,2025-08-01,Manufactura,Santiago,MAN-6109,2004725
Presupuesto,2025-08-01,Manufactura,Santiago,MAN-6110,396200
Presupuesto,2025-08-01,Manufactura,Santiago,MAN-6111,169800
Presupuesto,2025-09-01,Manufactura,Antofagasta,MAN-4101,792400
Presupuesto,2025-09-01,Manufactura,Antofagasta,MAN-4102,339600
Presupuesto,2025-09-01,Manufactura,Antofagasta,MAN-4103,2264160
Presupuesto,2025-09-01,Manufactura,Antofagasta,MAN-4104,3396240
Presupuesto,2025-09-01,Manufactura,Antofagasta,MAN-4105,2377380
Presupuesto,2025-09-01,Manufactura,Antofagasta,MAN-4106,5547220
Presupuesto,2025-09-01,Manufactura,Antofagasta,MAN-5101,679200
Presupuesto,2025-09-01,Manufactura,Antofagasta,MAN-5102,169800
Presupuesto,2025-09-01,Manufactura,Antofagasta,MAN-5103,452840
Presupuesto,2025-09-01,Manufactura,Antofagasta,MAN-5104,1811360
Presupuesto,2025-09-01,Manufactura,Antofagasta,MAN-5105,2717040
Presupuesto,2025-09-01,Manufactura,Antofagasta,MAN-5106,1811360
Presupuesto,2025-09-01,Manufactura,Antofagasta,MAN-6101,339600
Presupuesto,2025-09-01,Manufactura,Antofagasta,MAN-6102,169800
Presupuesto,2025-09-01,Manufactura,Antofagasta,MAN-6103,396200
Presupuesto,2025-09-01,Manufactura,Antofagasta,MAN-6104,188700
Presupuesto,2025-09-01,Manufactura,Antofagasta,MAN-6105,566100
Presupuesto,2025-09-01,Manufactura,Antofagasta,MAN-6106,188640
Presupuesto,2025-09-01,Manufactura,Antofagasta,MAN-6107,282960
Presupuesto,2025-09-01,Manufactura,Antofagasta,MAN-6108,141510
Presupuesto,2025-09-01,Manufactura,Antofagasta,MAN-6109,801890
Presupuesto,2025-09-01,Manufactura,Antofagasta,MAN-6110,158480
Presupuesto,2025-09-01,Manufactura,Antofagasta,MAN-6111,67920
Presupuesto,2025-09-01,Manufactura,Concepción,MAN-4101,1188600
Presupuesto,2025-09-01,Manufactura,Concepción,MAN-4102,509400
Presupuesto,2025-09-01,Manufactura,Concepción,MAN-4103,3396240
Presupuesto,2025-09-01,Manufactura,Concepción,MAN-4104,5094360
Presupuesto,2025-09-01,Manufactura,Concepción,MAN-4105,3566070
Presupuesto,2025-09-01,Manufactura,Concepción,MAN-4106,8320830
Presupuesto,2025-09-01,Manufactura,Concepción,MAN-5101,1018800
Presupuesto,2025-09-01,Manufactura,Concepción,MAN-5102,254700
Presupuesto,2025-09-01,Manufactura,Concepción,MAN-5103,679260
Presupuesto,2025-09-01,Manufactura,Concepción,MAN-5104,2717040
Presupuesto,2025-09-01,Manufactura,Concepción,MAN-5105,4075560
Presupuesto,2025-09-01,Manufactura,Concepción,MAN-5106,2717040
Presupuesto,2025-09-01,Manufactura,Concepción,MAN-6101,509400
Presupuesto,2025-09-01,Manufactura,Concepción,MAN-6102,254700
Presupuesto,2025-09-01,Manufactura,Concepción,MAN-6103,594300
Presupuesto,2025-09-01,Manufactura,Concepción,MAN-6104,283050
Presupuesto,2025-09-01,Manufactura,Concepción,MAN-6105,849150
Presupuesto,2025-09-01,Manufactura,Concepción,MAN-6106,282960
Presupuesto,2025-09-01,Manufactura,Concepción,MAN-6107,424440
Presupuesto,2025-09-01,Manufactura,Concepción,MAN-6108,212265
Presupuesto,2025-09-01,Manufactura,Concepción,MAN-6109,1202835
Presupuesto,2025-09-01,Manufactura,Concepción,MAN-6110,237720
Presupuesto,2025-09-01,Manufactura,Concepción,MAN-6111,101880
Presupuesto,2025-09-01,Manufactura,Santiago,MAN-4101,1981000
Presupuesto,2025-09-01,Manufactura,Santiago,MAN-4102,849000
Presupuesto,2025-09-01,Manufactura,Santiago,MAN-4103,5660400
Presupuesto,2025-09-01,Manufactura,Santiago,MAN-4104,8490600
Presupuesto,2025-09-01,Manufactura,Santiago,MAN-4105,5943450
Presupuesto,2025-09-01,Manufactura,Santiago,MAN-4106,13868050
Presupuesto,2025-09-01,Manufactura,Santiago,MAN-5101,1698000
Presupuesto,2025-09-01,Manufactura,Santiago,MAN-5102,424500
Presupuesto,2025-09-01,Manufactura,Santiago,MAN-5103,1132100
Presupuesto,2025-09-01,Manufactura,Santiago,MAN-5104,4528400
Presupuesto,2025-09-01,Manufactura,Santiago,MAN-5105,6792600
Presupuesto,2025-09-01,Manufactura,Santiago,MAN-5106,4528400
Presupuesto,2025-09-01,Manufactura,Santiago,MAN-6101,849000
Presupuesto,2025-09-01,Manufactura,Santiago,MAN-6102,424500
Presupuesto,2025-09-01,Manufactura,Santiago,MAN-6103,990500
Presupuesto,2025-09-01,Manufactura,Santiago,MAN-6104,471750
Presupuesto,2025-09-01,Manufactura,Santiago,MAN-6105,1415250
Presupuesto,2025-09-01,Manufactura,Santiago,MAN-6106,471600
Presupuesto,2025-09-01,Manufactura,Santiago,MAN-6107,707400
Presupuesto,2025-09-01,Manufactura,Santiago,MAN-6108,353775
Presupuesto,2025-09-01,Manufactura,Santiago,MAN-6109,2004725
Presupuesto,2025-09-01,Manufactura,Santiago,MAN-6110,396200
Presupuesto,2025-09-01,Manufactura,Santiago,MAN-6111,169800
Presupuesto,2025-10-01,Manufactura,Antofagasta,MAN-4101,855820
Presupuesto,2025-10-01,Manufactura,Antofagasta,MAN-4102,366780
Presupuesto,2025-10-01,Manufactura,Antofagasta,MAN-4103,2445280
Presupuesto,2025-10-01,Manufactura,Antofagasta,MAN-4104,3667920
Presupuesto,2025-10-01,Manufactura,Antofagasta,MAN-4105,2567520
Presupuesto,2025-10-01,Manufactura,Antofagasta,MAN-4106,5990880
Presupuesto,2025-10-01,Manufactura,Antofagasta,MAN-5101,733600
Presupuesto,2025-10-01,Manufactura,Antofagasta,MAN-5102,183400
Presupuesto,2025-10-01,Manufactura,Antofagasta,MAN-5103,489040
Presupuesto,2025-10-01,Manufactura,Antofagasta,MAN-5104,1956160
Presupuesto,2025-10-01,Manufactura,Antofagasta,MAN-5105,2934360
Presupuesto,2025-10-01,Manufactura,Antofagasta,MAN-5106,1956240
Presupuesto,2025-10-01,Manufactura,Antofagasta,MAN-6101,366800
Presupuesto,2025-10-01,Manufactura,Antofagasta,MAN-6102,183420
Presupuesto,2025-10-01,Manufactura,Antofagasta,MAN-6103,427980
Presupuesto,2025-10-01,Manufactura,Antofagasta,MAN-6104,203750
Presupuesto,2025-10-01,Manufactura,Antofagasta,MAN-6105,611250
Presupuesto,2025-10-01,Manufactura,Antofagasta,MAN-6106,203760
Presupuesto,2025-10-01,Manufactura,Antofagasta,MAN-6107,305640
Presupuesto,2025-10-01,Manufactura,Antofagasta,MAN-6108,152820
Presupuesto,2025-10-01,Manufactura,Antofagasta,MAN-6109,865980
Presupuesto,2025-10-01,Manufactura,Antofagasta,MAN-6110,171220
Presupuesto,2025-10-01,Manufactura,Antofagasta,MAN-6111,73380
Presupuesto,2025-10-01,Manufactura,Concepción,MAN-4101,1283730
Presupuesto,2025-10-01,Manufactura,Concepción,MAN-4102,550170
Presupuesto,2025-10-01,Manufactura,Concepción,MAN-4103,3667920
Presupuesto,2025-10-01,Manufactura,Concepción,MAN-4104,5501880
Presupuesto,2025-10-01,Manufactura,Concepción,MAN-4105,3851280
Presupuesto,2025-10-01,Manufactura,Concepción,MAN-4106,8986320
Presupuesto,2025-10-01,Manufactura,Concepción,MAN-5101,1100400
Presupuesto,2025-10-01,Manufactura,Concepción,MAN-5102,275100
Presupuesto,2025-10-01,Manufactura,Concepción,MAN-5103,733560
Presupuesto,2025-10-01,Manufactura,Concepción,MAN-5104,2934240
Presupuesto,2025-10-01,Manufactura,Concepción,MAN-5105,4401540
Presupuesto,2025-10-01,Manufactura,Concepción,MAN-5106,2934360
Presupuesto,2025-10-01,Manufactura,Concepción,MAN-6101,550200
Presupuesto,2025-10-01,Manufactura,Concepción,MAN-6102,275130
Presupuesto,2025-10-01,Manufactura,Concepción,MAN-6103,641970
Presupuesto,2025-10-01,Manufactura,Concepción,MAN-6104,305625
Presupuesto,2025-10-01,Manufactura,Concepción,MAN-6105,916875
Presupuesto,2025-10-01,Manufactura,Concepción,MAN-6106,305640
Presupuesto,2025-10-01,Manufactura,Concepción,MAN-6107,458460
Presupuesto,2025-10-01,Manufactura,Concepción,MAN-6108,229230
Presupuesto,2025-10-01,Manufactura,Concepción,MAN-6109,1298970
Presupuesto,2025-10-01,Manufactura,Concepción,MAN-6110,256830
Presupuesto,2025-10-01,Manufactura,Concepción,MAN-6111,110070
Presupuesto,2025-10-01,Manufactura,Santiago,MAN-4101,2139550
Presupuesto,2025-10-01,Manufactura,Santiago,MAN-4102,916950
Presupuesto,2025-10-01,Manufactura,Santiago,MAN-4103,6113200
Presupuesto,2025-10-01,Manufactura,Santiago,MAN-4104,9169800
Presupuesto,2025-10-01,Manufactura,Santiago,MAN-4105,6418800
Presupuesto,2025-10-01,Manufactura,Santiago,MAN-4106,14977200
Presupuesto,2025-10-01,Manufactura,Santiago,MAN-5101,1834000
Presupuesto,2025-10-01,Manufactura,Santiago,MAN-5102,458500
Presupuesto,2025-10-01,Manufactura,Santiago,MAN-5103,1222600
Presupuesto,2025-10-01,Manufactura,Santiago,MAN-5104,4890400
Presupuesto,2025-10-01,Manufactura,Santiago,MAN-5105,7335900
Presupuesto,2025-10-01,Manufactura,Santiago,MAN-5106,4890600
Presupuesto,2025-10-01,Manufactura,Santiago,MAN-6101,917000
Presupuesto,2025-10-01,Manufactura,Santiago,MAN-6102,458550
Presupuesto,2025-10-01,Manufactura,Santiago,MAN-6103,1069950
Presupuesto,2025-10-01,Manufactura,Santiago,MAN-6104,509375
Presupuesto,2025-10-01,Manufactura,Santiago,MAN-6105,1528125
Presupuesto,2025-10-01,Manufactura,Santiago,MAN-6106,509400
Presupuesto,2025-10-01,Manufactura,Santiago,MAN-6107,764100
Presupuesto,2025-10-01,Manufactura,Santiago,MAN-6108,382050
Presupuesto,2025-10-01,Manufactura,Santiago,MAN-6109,2164950
Presupuesto,2025-10-01,Manufactura,Santiago,MAN-6110,428050
Presupuesto,2025-10-01,Manufactura,Santiago,MAN-6111,183450
Presupuesto,2025-11-01,Manufactura,Antofagasta,MAN-4101,911260
Presupuesto,2025-11-01,Manufactura,Antofagasta,MAN-4102,390540
Presupuesto,2025-11-01,Manufactura,Antofagasta,MAN-4103,2603760
Presupuesto,2025-11-01,Manufactura,Antofagasta,MAN-4104,3905640
Presupuesto,2025-11-01,Manufactura,Antofagasta,MAN-4105,2733960
Presupuesto,2025-11-01,Manufactura,Antofagasta,MAN-4106,6379240
Presupuesto,2025-11-01,Manufactura,Antofagasta,MAN-5101,781120
Presupuesto,2025-11-01,Manufactura,Antofagasta,MAN-5102,195280
Presupuesto,2025-11-01,Manufactura,Antofagasta,MAN-5103,520760
Presupuesto,2025-11-01,Manufactura,Antofagasta,MAN-5104,2083040
Presupuesto,2025-11-01,Manufactura,Antofagasta,MAN-5105,3124560
Presupuesto,2025-11-01,Manufactura,Antofagasta,MAN-5106,2083040
Presupuesto,2025-11-01,Manufactura,Antofagasta,MAN-6101,390600
Presupuesto,2025-11-01,Manufactura,Antofagasta,MAN-6102,195300
Presupuesto,2025-11-01,Manufactura,Antofagasta,MAN-6103,455700
Presupuesto,2025-11-01,Manufactura,Antofagasta,MAN-6104,217000
Presupuesto,2025-11-01,Manufactura,Antofagasta,MAN-6105,651000
Presupuesto,2025-11-01,Manufactura,Antofagasta,MAN-6106,216960
Presupuesto,2025-11-01,Manufactura,Antofagasta,MAN-6107,325440
Presupuesto,2025-11-01,Manufactura,Antofagasta,MAN-6108,162750
Presupuesto,2025-11-01,Manufactura,Antofagasta,MAN-6109,922250
Presupuesto,2025-11-01,Manufactura,Antofagasta,MAN-6110,182280
Presupuesto,2025-11-01,Manufactura,Antofagasta,MAN-6111,78120
Presupuesto,2025-11-01,Manufactura,Concepción,MAN-4101,1366890
Presupuesto,2025-11-01,Manufactura,Concepción,MAN-4102,585810
Presupuesto,2025-11-01,Manufactura,Concepción,MAN-4103,3905640
Presupuesto,2025-11-01,Manufactura,Concepción,MAN-4104,5858460
Presupuesto,2025-11-01,Manufactura,Concepción,MAN-4105,4100940
Presupuesto,2025-11-01,Manufactura,Concepción,MAN-4106,9568860
Presupuesto,2025-11-01,Manufactura,Concepción,MAN-5101,1171680
Presupuesto,2025-11-01,Manufactura,Concepción,MAN-5102,292920
Presupuesto,2025-11-01,Manufactura,Concepción,MAN-5103,781140
Presupuesto,2025-11-01,Manufactura,Concepción,MAN-5104,3124560
Presupuesto,2025-11-01,Manufactura,Concepción,MAN-5105,4686840
Presupuesto,2025-11-01,Manufactura,Concepción,MAN-5106,3124560
Presupuesto,2025-11-01,Manufactura,Concepción,MAN-6101,585900
Presupuesto,2025-11-01,Manufactura,Concepción,MAN-6102,292950
Presupuesto,2025-11-01,Manufactura,Concepción,MAN-6103,683550
Presupuesto,2025-11-01,Manufactura,Concepción,MAN-6104,325500
Presupuesto,2025-11-01,Manufactura,Concepción,MAN-6105,976500
Presupuesto,2025-11-01,Manufactura,Concepción,MAN-6106,325440
Presupuesto,2025-11-01,Manufactura,Concepción,MAN-6107,488160
Presupuesto,2025-11-01,Manufactura,Concepción,MAN-6108,244125
Presupuesto,2025-11-01,Manufactura,Concepción,MAN-6109,1383375
Presupuesto,2025-11-01,Manufactura,Concepción,MAN-6110,273420
Presupuesto,2025-11-01,Manufactura,Concepción,MAN-6111,117180
Presupuesto,2025-11-01,Manufactura,Santiago,MAN-4101,2278150
Presupuesto,2025-11-01,Manufactura,Santiago,MAN-4102,976350
Presupuesto,2025-11-01,Manufactura,Santiago,MAN-4103,6509400
Presupuesto,2025-11-01,Manufactura,Santiago,MAN-4104,9764100
Presupuesto,2025-11-01,Manufactura,Santiago,MAN-4105,6834900
Presupuesto,2025-11-01,Manufactura,Santiago,MAN-4106,15948100
Presupuesto,2025-11-01,Manufactura,Santiago,MAN-5101,1952800
Presupuesto,2025-11-01,Manufactura,Santiago,MAN-5102,488200
Presupuesto,2025-11-01,Manufactura,Santiago,MAN-5103,1301900
Presupuesto,2025-11-01,Manufactura,Santiago,MAN-5104,5207600
Presupuesto,2025-11-01,Manufactura,Santiago,MAN-5105,7811400
Presupuesto,2025-11-01,Manufactura,Santiago,MAN-5106,5207600
Presupuesto,2025-11-01,Manufactura,Santiago,MAN-6101,976500
Presupuesto,2025-11-01,Manufactura,Santiago,MAN-6102,488250
Presupuesto,2025-11-01,Manufactura,Santiago,MAN-6103,1139250
Presupuesto,2025-11-01,Manufactura,Santiago,MAN-6104,542500
Presupuesto,2025-11-01,Manufactura,Santiago,MAN-6105,1627500
Presupuesto,2025-11-01,Manufactura,Santiago,MAN-6106,542400
Presupuesto,2025-11-01,Manufactura,Santiago,MAN-6107,813600
Presupuesto,2025-11-01,Manufactura,Santiago,MAN-6108,406875
Presupuesto,2025-11-01,Manufactura,Santiago,MAN-6109,2305625
Presupuesto,2025-11-01,Manufactura,Santiago,MAN-6110,455700
Presupuesto,2025-11-01,Manufactura,Santiago,MAN-6111,195300
Presupuesto,2025-12-01,Manufactura,Antofagasta,MAN-4101,950880
Presupuesto,2025-12-01,Manufactura,Antofagasta,MAN-4102,407520
Presupuesto,2025-12-01,Manufactura,Antofagasta,MAN-4103,2716960
Presupuesto,2025-12-01,Manufactura,Antofagasta,MAN-4104,4075440
Presupuesto,2025-12-01,Manufactura,Antofagasta,MAN-4105,2852820
Presupuesto,2025-12-01,Manufactura,Antofagasta,MAN-4106,6656580
Presupuesto,2025-12-01,Manufactura,Antofagasta,MAN-5101,815040
Presupuesto,2025-12-01,Manufactura,Antofagasta,MAN-5102,203760
Presupuesto,2025-12-01,Manufactura,Antofagasta,MAN-5103,543400
Presupuesto,2025-12-01,Manufactura,Antofagasta,MAN-5104,2173600
Presupuesto,2025-12-01,Manufactura,Antofagasta,MAN-5105,3260400
Presupuesto,2025-12-01,Manufactura,Antofagasta,MAN-5106,2173600
Presupuesto,2025-12-01,Manufactura,Antofagasta,MAN-6101,407600
Presupuesto,2025-12-01,Manufactura,Antofagasta,MAN-6102,203760
Presupuesto,2025-12-01,Manufactura,Antofagasta,MAN-6103,475440
Presupuesto,2025-12-01,Manufactura,Antofagasta,MAN-6104,226400
Presupuesto,2025-12-01,Manufactura,Antofagasta,MAN-6105,679200
Presupuesto,2025-12-01,Manufactura,Antofagasta,MAN-6106,226400
Presupuesto,2025-12-01,Manufactura,Antofagasta,MAN-6107,339600
Presupuesto,2025-12-01,Manufactura,Antofagasta,MAN-6108,169800
Presupuesto,2025-12-01,Manufactura,Antofagasta,MAN-6109,962200
Presupuesto,2025-12-01,Manufactura,Antofagasta,MAN-6110,190120
Presupuesto,2025-12-01,Manufactura,Antofagasta,MAN-6111,81480
Presupuesto,2025-12-01,Manufactura,Concepción,MAN-4101,1426320
Presupuesto,2025-12-01,Manufactura,Concepción,MAN-4102,611280
Presupuesto,2025-12-01,Manufactura,Concepción,MAN-4103,4075440
Presupuesto,2025-12-01,Manufactura,Concepción,MAN-4104,6113160
Presupuesto,2025-12-01,Manufactura,Concepción,MAN-4105,4279230
Presupuesto,2025-12-01,Manufactura,Concepción,MAN-4106,9984870
Presupuesto,2025-12-01,Manufactura,Concepción,MAN-5101,1222560
Presupuesto,2025-12-01,Manufactura,Concepción,MAN-5102,305640
Presupuesto,2025-12-01,Manufactura,Concepción,MAN-5103,815100
Presupuesto,2025-12-01,Manufactura,Concepción,MAN-5104,3260400
Presupuesto,2025-12-01,Manufactura,Concepción,MAN-5105,4890600
Presupuesto,2025-12-01,Manufactura,Concepción,MAN-5106,3260400
Presupuesto,2025-12-01,Manufactura,Concepción,MAN-6101,611400
Presupuesto,2025-12-01,Manufactura,Concepción,MAN-6102,305640
Presupuesto,2025-12-01,Manufactura,Concepción,MAN-6103,713160
Presupuesto,2025-12-01,Manufactura,Concepción,MAN-6104,339600
Presupuesto,2025-12-01,Manufactura,Concepción,MAN-6105,1018800
Presupuesto,2025-12-01,Manufactura,Concepción,MAN-6106,339600
Presupuesto,2025-12-01,Manufactura,Concepción,MAN-6107,509400
Presupuesto,2025-12-01,Manufactura,Concepción,MAN-6108,254700
Presupuesto,2025-12-01,Manufactura,Concepción,MAN-6109,1443300
Presupuesto,2025-12-01,Manufactura,Concepción,MAN-6110,285180
Presupuesto,2025-12-01,Manufactura,Concepción,MAN-6111,122220
Presupuesto,2025-12-01,Manufactura,Santiago,MAN-4101,2377200
Presupuesto,2025-12-01,Manufactura,Santiago,MAN-4102,1018800
Presupuesto,2025-12-01,Manufactura,Santiago,MAN-4103,6792400
Presupuesto,2025-12-01,Manufactura,Santiago,MAN-4104,10188600
Presupuesto,2025-12-01,Manufactura,Santiago,MAN-4105,7132050
Presupuesto,2025-12-01,Manufactura,Santiago,MAN-4106,16641450
Presupuesto,2025-12-01,Manufactura,Santiago,MAN-5101,2037600
Presupuesto,2025-12-01,Manufactura,Santiago,MAN-5102,509400
Presupuesto,2025-12-01,Manufactura,Santiago,MAN-5103,1358500
Presupuesto,2025-12-01,Manufactura,Santiago,MAN-5104,5434000
Presupuesto,2025-12-01,Manufactura,Santiago,MAN-5105,8151000
Presupuesto,2025-12-01,Manufactura,Santiago,MAN-5106,5434000
Presupuesto,2025-12-01,Manufactura,Santiago,MAN-6101,1019000
Presupuesto,2025-12-01,Manufactura,Santiago,MAN-6102,509400
Presupuesto,2025-12-01,Manufactura,Santiago,MAN-6103,1188600
Presupuesto,2025-12-01,Manufactura,Santiago,MAN-6104,566000
Presupuesto,2025-12-01,Manufactura,Santiago,MAN-6105,1698000
Presupuesto,2025-12-01,Manufactura,Santiago,MAN-6106,566000
Presupuesto,2025-12-01,Manufactura,Santiago,MAN-6107,849000
Presupuesto,2025-12-01,Manufactura,Santiago,MAN-6108,424500
Presupuesto,2025-12-01,Manufactura,Santiago,MAN-6109,2405500
Presupuesto,2025-12-01,Manufactura,Santiago,MAN-6110,475300
Presupuesto,2025-12-01,Manufactura,Santiago,MAN-6111,203700
Presupuesto,2026-01-01,Manufactura,Antofagasta,MAN-4101,756000
Presupuesto,2026-01-01,Manufactura,Antofagasta,MAN-4102,324000
Presupuesto,2026-01-01,Manufactura,Antofagasta,MAN-4103,2160000
Presupuesto,2026-01-01,Manufactura,Antofagasta,MAN-4104,3240000
Presupuesto,2026-01-01,Manufactura,Antofagasta,MAN-4105,2268000
Presupuesto,2026-01-01,Manufactura,Antofagasta,MAN-4106,5292000
Presupuesto,2026-01-01,Manufactura,Antofagasta,MAN-5101,648000
Presupuesto,2026-01-01,Manufactura,Antofagasta,MAN-5102,162000
Presupuesto,2026-01-01,Manufactura,Antofagasta,MAN-5103,432000
Presupuesto,2026-01-01,Manufactura,Antofagasta,MAN-5104,1728000
Presupuesto,2026-01-01,Manufactura,Antofagasta,MAN-5105,2592000
Presupuesto,2026-01-01,Manufactura,Antofagasta,MAN-5106,1728000
Presupuesto,2026-01-01,Manufactura,Antofagasta,MAN-6101,324000
Presupuesto,2026-01-01,Manufactura,Antofagasta,MAN-6102,162000
Presupuesto,2026-01-01,Manufactura,Antofagasta,MAN-6103,378000
Presupuesto,2026-01-01,Manufactura,Antofagasta,MAN-6104,180000
Presupuesto,2026-01-01,Manufactura,Antofagasta,MAN-6105,540000
Presupuesto,2026-01-01,Manufactura,Antofagasta,MAN-6106,180000
Presupuesto,2026-01-01,Manufactura,Antofagasta,MAN-6107,270000
Presupuesto,2026-01-01,Manufactura,Antofagasta,MAN-6108,135000
Presupuesto,2026-01-01,Manufactura,Antofagasta,MAN-6109,765000
Presupuesto,2026-01-01,Manufactura,Antofagasta,MAN-6110,151200
Presupuesto,2026-01-01,Manufactura,Antofagasta,MAN-6111,64800
Presupuesto,2026-01-01,Manufactura,Concepción,MAN-4101,1134000
Presupuesto,2026-01-01,Manufactura,Concepción,MAN-4102,486000
Presupuesto,2026-01-01,Manufactura,Concepción,MAN-4103,3240000
Presupuesto,2026-01-01,Manufactura,Concepción,MAN-4104,4860000
Presupuesto,2026-01-01,Manufactura,Concepción,MAN-4105,3402000
Presupuesto,2026-01-01,Manufactura,Concepción,MAN-4106,7938000
Presupuesto,2026-01-01,Manufactura,Concepción,MAN-5101,972000
Presupuesto,2026-01-01,Manufactura,Concepción,MAN-5102,243000
Presupuesto,2026-01-01,Manufactura,Concepción,MAN-5103,648000
Presupuesto,2026-01-01,Manufactura,Concepción,MAN-5104,2592000
Presupuesto,2026-01-01,Manufactura,Concepción,MAN-5105,3888000
Presupuesto,2026-01-01,Manufactura,Concepción,MAN-5106,2592000
Presupuesto,2026-01-01,Manufactura,Concepción,MAN-6101,486000
Presupuesto,2026-01-01,Manufactura,Concepción,MAN-6102,243000
Presupuesto,2026-01-01,Manufactura,Concepción,MAN-6103,567000
Presupuesto,2026-01-01,Manufactura,Concepción,MAN-6104,270000
Presupuesto,2026-01-01,Manufactura,Concepción,MAN-6105,810000
Presupuesto,2026-01-01,Manufactura,Concepción,MAN-6106,270000
Presupuesto,2026-01-01,Manufactura,Concepción,MAN-6107,405000
Presupuesto,2026-01-01,Manufactura,Concepción,MAN-6108,202500
Presupuesto,2026-01-01,Manufactura,Concepción,MAN-6109,1147500
Presupuesto,2026-01-01,Manufactura,Concepción,MAN-6110,226800
Presupuesto,2026-01-01,Manufactura,Concepción,MAN-6111,97200
Presupuesto,2026-01-01,Manufactura,Santiago,MAN-4101,1890000
Presupuesto,2026-01-01,Manufactura,Santiago,MAN-4102,810000
Presupuesto,2026-01-01,Manufactura,Santiago,MAN-4103,5400000
Presupuesto,2026-01-01,Manufactura,Santiago,MAN-4104,8100000
Presupuesto,2026-01-01,Manufactura,Santiago,MAN-4105,5670000
Presupuesto,2026-01-01,Manufactura,Santiago,MAN-4106,13230000
Presupuesto,2026-01-01,Manufactura,Santiago,MAN-5101,1620000
Presupuesto,2026-01-01,Manufactura,Santiago,MAN-5102,405000
Presupuesto,2026-01-01,Manufactura,Santiago,MAN-5103,1080000
Presupuesto,2026-01-01,Manufactura,Santiago,MAN-5104,4320000
Presupuesto,2026-01-01,Manufactura,Santiago,MAN-5105,6480000
Presupuesto,2026-01-01,Manufactura,Santiago,MAN-5106,4320000
Presupuesto,2026-01-01,Manufactura,Santiago,MAN-6101,810000
Presupuesto,2026-01-01,Manufactura,Santiago,MAN-6102,405000
Presupuesto,2026-01-01,Manufactura,Santiago,MAN-6103,945000
Presupuesto,2026-01-01,Manufactura,Santiago,MAN-6104,450000
Presupuesto,2026-01-01,Manufactura,Santiago,MAN-6105,1350000
Presupuesto,2026-01-01,Manufactura,Santiago,MAN-6106,450000
Presupuesto,2026-01-01,Manufactura,Santiago,MAN-6107,675000
Presupuesto,2026-01-01,Manufactura,Santiago,MAN-6108,337500
Presupuesto,2026-01-01,Manufactura,Santiago,MAN-6109,1912500
Presupuesto,2026-01-01,Manufactura,Santiago,MAN-6110,378000
Presupuesto,2026-01-01,Manufactura,Santiago,MAN-6111,162000
Presupuesto,2026-02-01,Manufactura,Antofagasta,MAN-4101,739200
Presupuesto,2026-02-01,Manufactura,Antofagasta,MAN-4102,316800
Presupuesto,2026-02-01,Manufactura,Antofagasta,MAN-4103,2112000
Presupuesto,2026-02-01,Manufactura,Antofagasta,MAN-4104,3168000
Presupuesto,2026-02-01,Manufactura,Antofagasta,MAN-4105,2217600
Presupuesto,2026-02-01,Manufactura,Antofagasta,MAN-4106,5174400
Presupuesto,2026-02-01,Manufactura,Antofagasta,MAN-5101,633600
Presupuesto,2026-02-01,Manufactura,Antofagasta,MAN-5102,158400
Presupuesto,2026-02-01,Manufactura,Antofagasta,MAN-5103,422400
Presupuesto,2026-02-01,Manufactura,Antofagasta,MAN-5104,1689600
Presupuesto,2026-02-01,Manufactura,Antofagasta,MAN-5105,2534400
Presupuesto,2026-02-01,Manufactura,Antofagasta,MAN-5106,1689600
Presupuesto,2026-02-01,Manufactura,Antofagasta,MAN-6101,316800
Presupuesto,2026-02-01,Manufactura,Antofagasta,MAN-6102,158400
Presupuesto,2026-02-01,Manufactura,Antofagasta,MAN-6103,369600
Presupuesto,2026-02-01,Manufactura,Antofagasta,MAN-6104,176000
Presupuesto,2026-02-01,Manufactura,Antofagasta,MAN-6105,528000
Presupuesto,2026-02-01,Manufactura,Antofagasta,MAN-6106,176000
Presupuesto,2026-02-01,Manufactura,Antofagasta,MAN-6107,264000
Presupuesto,2026-02-01,Manufactura,Antofagasta,MAN-6108,132000
Presupuesto,2026-02-01,Manufactura,Antofagasta,MAN-6109,748000
Presupuesto,2026-02-01,Manufactura,Antofagasta,MAN-6110,147840
Presupuesto,2026-02-01,Manufactura,Antofagasta,MAN-6111,63360
Presupuesto,2026-02-01,Manufactura,Concepción,MAN-4101,1108800
Presupuesto,2026-02-01,Manufactura,Concepción,MAN-4102,475200
Presupuesto,2026-02-01,Manufactura,Concepción,MAN-4103,3168000
Presupuesto,2026-02-01,Manufactura,Concepción,MAN-4104,4752000
Presupuesto,2026-02-01,Manufactura,Concepción,MAN-4105,3326400
Presupuesto,2026-02-01,Manufactura,Concepción,MAN-4106,7761600
Presupuesto,2026-02-01,Manufactura,Concepción,MAN-5101,950400
Presupuesto,2026-02-01,Manufactura,Concepción,MAN-5102,237600
Presupuesto,2026-02-01,Manufactura,Concepción,MAN-5103,633600
Presupuesto,2026-02-01,Manufactura,Concepción,MAN-5104,2534400
Presupuesto,2026-02-01,Manufactura,Concepción,MAN-5105,3801600
Presupuesto,2026-02-01,Manufactura,Concepción,MAN-5106,2534400
Presupuesto,2026-02-01,Manufactura,Concepción,MAN-6101,475200
Presupuesto,2026-02-01,Manufactura,Concepción,MAN-6102,237600
Presupuesto,2026-02-01,Manufactura,Concepción,MAN-6103,554400
Presupuesto,2026-02-01,Manufactura,Concepción,MAN-6104,264000
Presupuesto,2026-02-01,Manufactura,Concepción,MAN-6105,792000
Presupuesto,2026-02-01,Manufactura,Concepción,MAN-6106,264000
Presupuesto,2026-02-01,Manufactura,Concepción,MAN-6107,396000
Presupuesto,2026-02-01,Manufactura,Concepción,MAN-6108,198000
Presupuesto,2026-02-01,Manufactura,Concepción,MAN-6109,1122000
Presupuesto,2026-02-01,Manufactura,Concepción,MAN-6110,221760
Presupuesto,2026-02-01,Manufactura,Concepción,MAN-6111,95040
Presupuesto,2026-02-01,Manufactura,Santiago,MAN-4101,1848000
Presupuesto,2026-02-01,Manufactura,Santiago,MAN-4102,792000
Presupuesto,2026-02-01,Manufactura,Santiago,MAN-4103,5280000
Presupuesto,2026-02-01,Manufactura,Santiago,MAN-4104,7920000
Presupuesto,2026-02-01,Manufactura,Santiago,MAN-4105,5544000
Presupuesto,2026-02-01,Manufactura,Santiago,MAN-4106,12936000
Presupuesto,2026-02-01,Manufactura,Santiago,MAN-5101,1584000
Presupuesto,2026-02-01,Manufactura,Santiago,MAN-5102,396000
Presupuesto,2026-02-01,Manufactura,Santiago,MAN-5103,1056000
Presupuesto,2026-02-01,Manufactura,Santiago,MAN-5104,4224000
Presupuesto,2026-02-01,Manufactura,Santiago,MAN-5105,6336000
Presupuesto,2026-02-01,Manufactura,Santiago,MAN-5106,4224000
Presupuesto,2026-02-01,Manufactura,Santiago,MAN-6101,792000
Presupuesto,2026-02-01,Manufactura,Santiago,MAN-6102,396000
Presupuesto,2026-02-01,Manufactura,Santiago,MAN-6103,924000
Presupuesto,2026-02-01,Manufactura,Santiago,MAN-6104,440000
Presupuesto,2026-02-01,Manufactura,Santiago,MAN-6105,1320000
Presupuesto,2026-02-01,Manufactura,Santiago,MAN-6106,440000
Presupuesto,2026-02-01,Manufactura,Santiago,MAN-6107,660000
Presupuesto,2026-02-01,Manufactura,Santiago,MAN-6108,330000
Presupuesto,2026-02-01,Manufactura,Santiago,MAN-6109,1870000
Presupuesto,2026-02-01,Manufactura,Santiago,MAN-6110,369600
Presupuesto,2026-02-01,Manufactura,Santiago,MAN-6111,158400
Presupuesto,2026-03-01,Manufactura,Antofagasta,MAN-4101,840000
Presupuesto,2026-03-01,Manufactura,Antofagasta,MAN-4102,360000
Presupuesto,2026-03-01,Manufactura,Antofagasta,MAN-4103,2400000
Presupuesto,2026-03-01,Manufactura,Antofagasta,MAN-4104,3600000
Presupuesto,2026-03-01,Manufactura,Antofagasta,MAN-4105,2520000
Presupuesto,2026-03-01,Manufactura,Antofagasta,MAN-4106,5880000
Presupuesto,2026-03-01,Manufactura,Antofagasta,MAN-5101,720000
Presupuesto,2026-03-01,Manufactura,Antofagasta,MAN-5102,180000
Presupuesto,2026-03-01,Manufactura,Antofagasta,MAN-5103,480000
Presupuesto,2026-03-01,Manufactura,Antofagasta,MAN-5104,1920000
Presupuesto,2026-03-01,Manufactura,Antofagasta,MAN-5105,2880000
Presupuesto,2026-03-01,Manufactura,Antofagasta,MAN-5106,1920000
Presupuesto,2026-03-01,Manufactura,Antofagasta,MAN-6101,360000
Presupuesto,2026-03-01,Manufactura,Antofagasta,MAN-6102,180000
Presupuesto,2026-03-01,Manufactura,Antofagasta,MAN-6103,420000
Presupuesto,2026-03-01,Manufactura,Antofagasta,MAN-6104,200000
Presupuesto,2026-03-01,Manufactura,Antofagasta,MAN-6105,600000
Presupuesto,2026-03-01,Manufactura,Antofagasta,MAN-6106,200000
Presupuesto,2026-03-01,Manufactura,Antofagasta,MAN-6107,300000
Presupuesto,2026-03-01,Manufactura,Antofagasta,MAN-6108,150000
Presupuesto,2026-03-01,Manufactura,Antofagasta,MAN-6109,850000
Presupuesto,2026-03-01,Manufactura,Antofagasta,MAN-6110,168000
Presupuesto,2026-03-01,Manufactura,Antofagasta,MAN-6111,72000
Presupuesto,2026-03-01,Manufactura,Concepción,MAN-4101,1260000
Presupuesto,2026-03-01,Manufactura,Concepción,MAN-4102,540000
Presupuesto,2026-03-01,Manufactura,Concepción,MAN-4103,3600000
Presupuesto,2026-03-01,Manufactura,Concepción,MAN-4104,5400000
Presupuesto,2026-03-01,Manufactura,Concepción,MAN-4105,3780000
Presupuesto,2026-03-01,Manufactura,Concepción,MAN-4106,8820000
Presupuesto,2026-03-01,Manufactura,Concepción,MAN-5101,1080000
Presupuesto,2026-03-01,Manufactura,Concepción,MAN-5102,270000
Presupuesto,2026-03-01,Manufactura,Concepción,MAN-5103,720000
Presupuesto,2026-03-01,Manufactura,Concepción,MAN-5104,2880000
Presupuesto,2026-03-01,Manufactura,Concepción,MAN-5105,4320000
Presupuesto,2026-03-01,Manufactura,Concepción,MAN-5106,2880000
Presupuesto,2026-03-01,Manufactura,Concepción,MAN-6101,540000
Presupuesto,2026-03-01,Manufactura,Concepción,MAN-6102,270000
Presupuesto,2026-03-01,Manufactura,Concepción,MAN-6103,630000
Presupuesto,2026-03-01,Manufactura,Concepción,MAN-6104,300000
Presupuesto,2026-03-01,Manufactura,Concepción,MAN-6105,900000
Presupuesto,2026-03-01,Manufactura,Concepción,MAN-6106,300000
Presupuesto,2026-03-01,Manufactura,Concepción,MAN-6107,450000
Presupuesto,2026-03-01,Manufactura,Concepción,MAN-6108,225000
Presupuesto,2026-03-01,Manufactura,Concepción,MAN-6109,1275000
Presupuesto,2026-03-01,Manufactura,Concepción,MAN-6110,252000
Presupuesto,2026-03-01,Manufactura,Concepción,MAN-6111,108000
Presupuesto,2026-03-01,Manufactura,Santiago,MAN-4101,2100000
Presupuesto,2026-03-01,Manufactura,Santiago,MAN-4102,900000
Presupuesto,2026-03-01,Manufactura,Santiago,MAN-4103,6000000
Presupuesto,2026-03-01,Manufactura,Santiago,MAN-4104,9000000
Presupuesto,2026-03-01,Manufactura,Santiago,MAN-4105,6300000
Presupuesto,2026-03-01,Manufactura,Santiago,MAN-4106,14700000
Presupuesto,2026-03-01,Manufactura,Santiago,MAN-5101,1800000
Presupuesto,2026-03-01,Manufactura,Santiago,MAN-5102,450000
Presupuesto,2026-03-01,Manufactura,Santiago,MAN-5103,1200000
Presupuesto,2026-03-01,Manufactura,Santiago,MAN-5104,4800000
Presupuesto,2026-03-01,Manufactura,Santiago,MAN-5105,7200000
Presupuesto,2026-03-01,Manufactura,Santiago,MAN-5106,4800000
Presupuesto,2026-03-01,Manufactura,Santiago,MAN-6101,900000
Presupuesto,2026-03-01,Manufactura,Santiago,MAN-6102,450000
Presupuesto,2026-03-01,Manufactura,Santiago,MAN-6103,1050000
Presupuesto,2026-03-01,Manufactura,Santiago,MAN-6104,500000
Presupuesto,2026-03-01,Manufactura,Santiago,MAN-6105,1500000
Presupuesto,2026-03-01,Manufactura,Santiago,MAN-6106,500000
Presupuesto,2026-03-01,Manufactura,Santiago,MAN-6107,750000
Presupuesto,2026-03-01,Manufactura,Santiago,MAN-6108,375000
Presupuesto,2026-03-01,Manufactura,Santiago,MAN-6109,2125000
Presupuesto,2026-03-01,Manufactura,Santiago,MAN-6110,420000
Presupuesto,2026-03-01,Manufactura,Santiago,MAN-6111,180000
Presupuesto,2026-04-01,Manufactura,Antofagasta,MAN-4101,840000
Presupuesto,2026-04-01,Manufactura,Antofagasta,MAN-4102,360000
Presupuesto,2026-04-01,Manufactura,Antofagasta,MAN-4103,2400000
Presupuesto,2026-04-01,Manufactura,Antofagasta,MAN-4104,3600000
Presupuesto,2026-04-01,Manufactura,Antofagasta,MAN-4105,2520000
Presupuesto,2026-04-01,Manufactura,Antofagasta,MAN-4106,5880000
Presupuesto,2026-04-01,Manufactura,Antofagasta,MAN-5101,720000
Presupuesto,2026-04-01,Manufactura,Antofagasta,MAN-5102,180000
Presupuesto,2026-04-01,Manufactura,Antofagasta,MAN-5103,480000
Presupuesto,2026-04-01,Manufactura,Antofagasta,MAN-5104,1920000
Presupuesto,2026-04-01,Manufactura,Antofagasta,MAN-5105,2880000
Presupuesto,2026-04-01,Manufactura,Antofagasta,MAN-5106,1920000
Presupuesto,2026-04-01,Manufactura,Antofagasta,MAN-6101,360000
Presupuesto,2026-04-01,Manufactura,Antofagasta,MAN-6102,180000
Presupuesto,2026-04-01,Manufactura,Antofagasta,MAN-6103,420000
Presupuesto,2026-04-01,Manufactura,Antofagasta,MAN-6104,200000
Presupuesto,2026-04-01,Manufactura,Antofagasta,MAN-6105,600000
Presupuesto,2026-04-01,Manufactura,Antofagasta,MAN-6106,200000
Presupuesto,2026-04-01,Manufactura,Antofagasta,MAN-6107,300000
Presupuesto,2026-04-01,Manufactura,Antofagasta,MAN-6108,150000
Presupuesto,2026-04-01,Manufactura,Antofagasta,MAN-6109,850000
Presupuesto,2026-04-01,Manufactura,Antofagasta,MAN-6110,168000
Presupuesto,2026-04-01,Manufactura,Antofagasta,MAN-6111,72000
Presupuesto,2026-04-01,Manufactura,Concepción,MAN-4101,1260000
Presupuesto,2026-04-01,Manufactura,Concepción,MAN-4102,540000
Presupuesto,2026-04-01,Manufactura,Concepción,MAN-4103,3600000
Presupuesto,2026-04-01,Manufactura,Concepción,MAN-4104,5400000
Presupuesto,2026-04-01,Manufactura,Concepción,MAN-4105,3780000
Presupuesto,2026-04-01,Manufactura,Concepción,MAN-4106,8820000
Presupuesto,2026-04-01,Manufactura,Concepción,MAN-5101,1080000
Presupuesto,2026-04-01,Manufactura,Concepción,MAN-5102,270000
Presupuesto,2026-04-01,Manufactura,Concepción,MAN-5103,720000
Presupuesto,2026-04-01,Manufactura,Concepción,MAN-5104,2880000
Presupuesto,2026-04-01,Manufactura,Concepción,MAN-5105,4320000
Presupuesto,2026-04-01,Manufactura,Concepción,MAN-5106,2880000
Presupuesto,2026-04-01,Manufactura,Concepción,MAN-6101,540000
Presupuesto,2026-04-01,Manufactura,Concepción,MAN-6102,270000
Presupuesto,2026-04-01,Manufactura,Concepción,MAN-6103,630000
Presupuesto,2026-04-01,Manufactura,Concepción,MAN-6104,300000
Presupuesto,2026-04-01,Manufactura,Concepción,MAN-6105,900000
Presupuesto,2026-04-01,Manufactura,Concepción,MAN-6106,300000
Presupuesto,2026-04-01,Manufactura,Concepción,MAN-6107,450000
Presupuesto,2026-04-01,Manufactura,Concepción,MAN-6108,225000
Presupuesto,2026-04-01,Manufactura,Concepción,MAN-6109,1275000
Presupuesto,2026-04-01,Manufactura,Concepción,MAN-6110,252000
Presupuesto,2026-04-01,Manufactura,Concepción,MAN-6111,108000
Presupuesto,2026-04-01,Manufactura,Santiago,MAN-4101,2100000
Presupuesto,2026-04-01,Manufactura,Santiago,MAN-4102,900000
Presupuesto,2026-04-01,Manufactura,Santiago,MAN-4103,6000000
Presupuesto,2026-04-01,Manufactura,Santiago,MAN-4104,9000000
Presupuesto,2026-04-01,Manufactura,Santiago,MAN-4105,6300000
Presupuesto,2026-04-01,Manufactura,Santiago,MAN-4106,14700000
Presupuesto,2026-04-01,Manufactura,Santiago,MAN-5101,1800000
Presupuesto,2026-04-01,Manufactura,Santiago,MAN-5102,450000
Presupuesto,2026-04-01,Manufactura,Santiago,MAN-5103,1200000
Presupuesto,2026-04-01,Manufactura,Santiago,MAN-5104,4800000
Presupuesto,2026-04-01,Manufactura,Santiago,MAN-5105,7200000
Presupuesto,2026-04-01,Manufactura,Santiago,MAN-5106,4800000
Presupuesto,2026-04-01,Manufactura,Santiago,MAN-6101,900000
Presupuesto,2026-04-01,Manufactura,Santiago,MAN-6102,450000
Presupuesto,2026-04-01,Manufactura,Santiago,MAN-6103,1050000
Presupuesto,2026-04-01,Manufactura,Santiago,MAN-6104,500000
Presupuesto,2026-04-01,Manufactura,Santiago,MAN-6105,1500000
Presupuesto,2026-04-01,Manufactura,Santiago,MAN-6106,500000
Presupuesto,2026-04-01,Manufactura,Santiago,MAN-6107,750000
Presupuesto,2026-04-01,Manufactura,Santiago,MAN-6108,375000
Presupuesto,2026-04-01,Manufactura,Santiago,MAN-6109,2125000
Presupuesto,2026-04-01,Manufactura,Santiago,MAN-6110,420000
Presupuesto,2026-04-01,Manufactura,Santiago,MAN-6111,180000
Presupuesto,2026-05-01,Manufactura,Antofagasta,MAN-4101,840000
Presupuesto,2026-05-01,Manufactura,Antofagasta,MAN-4102,360000
Presupuesto,2026-05-01,Manufactura,Antofagasta,MAN-4103,2400000
Presupuesto,2026-05-01,Manufactura,Antofagasta,MAN-4104,3600000
Presupuesto,2026-05-01,Manufactura,Antofagasta,MAN-4105,2520000
Presupuesto,2026-05-01,Manufactura,Antofagasta,MAN-4106,5880000
Presupuesto,2026-05-01,Manufactura,Antofagasta,MAN-5101,720000
Presupuesto,2026-05-01,Manufactura,Antofagasta,MAN-5102,180000
Presupuesto,2026-05-01,Manufactura,Antofagasta,MAN-5103,480000
Presupuesto,2026-05-01,Manufactura,Antofagasta,MAN-5104,1920000
Presupuesto,2026-05-01,Manufactura,Antofagasta,MAN-5105,2880000
Presupuesto,2026-05-01,Manufactura,Antofagasta,MAN-5106,1920000
Presupuesto,2026-05-01,Manufactura,Antofagasta,MAN-6101,360000
Presupuesto,2026-05-01,Manufactura,Antofagasta,MAN-6102,180000
Presupuesto,2026-05-01,Manufactura,Antofagasta,MAN-6103,420000
Presupuesto,2026-05-01,Manufactura,Antofagasta,MAN-6104,200000
Presupuesto,2026-05-01,Manufactura,Antofagasta,MAN-6105,600000
Presupuesto,2026-05-01,Manufactura,Antofagasta,MAN-6106,200000
Presupuesto,2026-05-01,Manufactura,Antofagasta,MAN-6107,300000
Presupuesto,2026-05-01,Manufactura,Antofagasta,MAN-6108,150000
Presupuesto,2026-05-01,Manufactura,Antofagasta,MAN-6109,850000
Presupuesto,2026-05-01,Manufactura,Antofagasta,MAN-6110,168000
Presupuesto,2026-05-01,Manufactura,Antofagasta,MAN-6111,72000
Presupuesto,2026-05-01,Manufactura,Concepción,MAN-4101,1260000
Presupuesto,2026-05-01,Manufactura,Concepción,MAN-4102,540000
Presupuesto,2026-05-01,Manufactura,Concepción,MAN-4103,3600000
Presupuesto,2026-05-01,Manufactura,Concepción,MAN-4104,5400000
Presupuesto,2026-05-01,Manufactura,Concepción,MAN-4105,3780000
Presupuesto,2026-05-01,Manufactura,Concepción,MAN-4106,8820000
Presupuesto,2026-05-01,Manufactura,Concepción,MAN-5101,1080000
Presupuesto,2026-05-01,Manufactura,Concepción,MAN-5102,270000
Presupuesto,2026-05-01,Manufactura,Concepción,MAN-5103,720000
Presupuesto,2026-05-01,Manufactura,Concepción,MAN-5104,2880000
Presupuesto,2026-05-01,Manufactura,Concepción,MAN-5105,4320000
Presupuesto,2026-05-01,Manufactura,Concepción,MAN-5106,2880000
Presupuesto,2026-05-01,Manufactura,Concepción,MAN-6101,540000
Presupuesto,2026-05-01,Manufactura,Concepción,MAN-6102,270000
Presupuesto,2026-05-01,Manufactura,Concepción,MAN-6103,630000
Presupuesto,2026-05-01,Manufactura,Concepción,MAN-6104,300000
Presupuesto,2026-05-01,Manufactura,Concepción,MAN-6105,900000
Presupuesto,2026-05-01,Manufactura,Concepción,MAN-6106,300000
Presupuesto,2026-05-01,Manufactura,Concepción,MAN-6107,450000
Presupuesto,2026-05-01,Manufactura,Concepción,MAN-6108,225000
Presupuesto,2026-05-01,Manufactura,Concepción,MAN-6109,1275000
Presupuesto,2026-05-01,Manufactura,Concepción,MAN-6110,252000
Presupuesto,2026-05-01,Manufactura,Concepción,MAN-6111,108000
Presupuesto,2026-05-01,Manufactura,Santiago,MAN-4101,2100000
Presupuesto,2026-05-01,Manufactura,Santiago,MAN-4102,900000
Presupuesto,2026-05-01,Manufactura,Santiago,MAN-4103,6000000
Presupuesto,2026-05-01,Manufactura,Santiago,MAN-4104,9000000
Presupuesto,2026-05-01,Manufactura,Santiago,MAN-4105,6300000
Presupuesto,2026-05-01,Manufactura,Santiago,MAN-4106,14700000
Presupuesto,2026-05-01,Manufactura,Santiago,MAN-5101,1800000
Presupuesto,2026-05-01,Manufactura,Santiago,MAN-5102,450000
Presupuesto,2026-05-01,Manufactura,Santiago,MAN-5103,1200000
Presupuesto,2026-05-01,Manufactura,Santiago,MAN-5104,4800000
Presupuesto,2026-05-01,Manufactura,Santiago,MAN-5105,7200000
Presupuesto,2026-05-01,Manufactura,Santiago,MAN-5106,4800000
Presupuesto,2026-05-01,Manufactura,Santiago,MAN-6101,900000
Presupuesto,2026-05-01,Manufactura,Santiago,MAN-6102,450000
Presupuesto,2026-05-01,Manufactura,Santiago,MAN-6103,1050000
Presupuesto,2026-05-01,Manufactura,Santiago,MAN-6104,500000
Presupuesto,2026-05-01,Manufactura,Santiago,MAN-6105,1500000
Presupuesto,2026-05-01,Manufactura,Santiago,MAN-6106,500000
Presupuesto,2026-05-01,Manufactura,Santiago,MAN-6107,750000
Presupuesto,2026-05-01,Manufactura,Santiago,MAN-6108,375000
Presupuesto,2026-05-01,Manufactura,Santiago,MAN-6109,2125000
Presupuesto,2026-05-01,Manufactura,Santiago,MAN-6110,420000
Presupuesto,2026-05-01,Manufactura,Santiago,MAN-6111,180000
Presupuesto,2026-06-01,Manufactura,Antofagasta,MAN-4101,840000
Presupuesto,2026-06-01,Manufactura,Antofagasta,MAN-4102,360000
Presupuesto,2026-06-01,Manufactura,Antofagasta,MAN-4103,2400000
Presupuesto,2026-06-01,Manufactura,Antofagasta,MAN-4104,3600000
Presupuesto,2026-06-01,Manufactura,Antofagasta,MAN-4105,2520000
Presupuesto,2026-06-01,Manufactura,Antofagasta,MAN-4106,5880000
Presupuesto,2026-06-01,Manufactura,Antofagasta,MAN-5101,720000
Presupuesto,2026-06-01,Manufactura,Antofagasta,MAN-5102,180000
Presupuesto,2026-06-01,Manufactura,Antofagasta,MAN-5103,480000
Presupuesto,2026-06-01,Manufactura,Antofagasta,MAN-5104,1920000
Presupuesto,2026-06-01,Manufactura,Antofagasta,MAN-5105,2880000
Presupuesto,2026-06-01,Manufactura,Antofagasta,MAN-5106,1920000
Presupuesto,2026-06-01,Manufactura,Antofagasta,MAN-6101,360000
Presupuesto,2026-06-01,Manufactura,Antofagasta,MAN-6102,180000
Presupuesto,2026-06-01,Manufactura,Antofagasta,MAN-6103,420000
Presupuesto,2026-06-01,Manufactura,Antofagasta,MAN-6104,200000
Presupuesto,2026-06-01,Manufactura,Antofagasta,MAN-6105,600000
Presupuesto,2026-06-01,Manufactura,Antofagasta,MAN-6106,200000
Presupuesto,2026-06-01,Manufactura,Antofagasta,MAN-6107,300000
Presupuesto,2026-06-01,Manufactura,Antofagasta,MAN-6108,150000
Presupuesto,2026-06-01,Manufactura,Antofagasta,MAN-6109,850000
Presupuesto,2026-06-01,Manufactura,Antofagasta,MAN-6110,168000
Presupuesto,2026-06-01,Manufactura,Antofagasta,MAN-6111,72000
Presupuesto,2026-06-01,Manufactura,Concepción,MAN-4101,1260000
Presupuesto,2026-06-01,Manufactura,Concepción,MAN-4102,540000
Presupuesto,2026-06-01,Manufactura,Concepción,MAN-4103,3600000
Presupuesto,2026-06-01,Manufactura,Concepción,MAN-4104,5400000
Presupuesto,2026-06-01,Manufactura,Concepción,MAN-4105,3780000
Presupuesto,2026-06-01,Manufactura,Concepción,MAN-4106,8820000
Presupuesto,2026-06-01,Manufactura,Concepción,MAN-5101,1080000
Presupuesto,2026-06-01,Manufactura,Concepción,MAN-5102,270000
Presupuesto,2026-06-01,Manufactura,Concepción,MAN-5103,720000
Presupuesto,2026-06-01,Manufactura,Concepción,MAN-5104,2880000
Presupuesto,2026-06-01,Manufactura,Concepción,MAN-5105,4320000
Presupuesto,2026-06-01,Manufactura,Concepción,MAN-5106,2880000
Presupuesto,2026-06-01,Manufactura,Concepción,MAN-6101,540000
Presupuesto,2026-06-01,Manufactura,Concepción,MAN-6102,270000
Presupuesto,2026-06-01,Manufactura,Concepción,MAN-6103,630000
Presupuesto,2026-06-01,Manufactura,Concepción,MAN-6104,300000
Presupuesto,2026-06-01,Manufactura,Concepción,MAN-6105,900000
Presupuesto,2026-06-01,Manufactura,Concepción,MAN-6106,300000
Presupuesto,2026-06-01,Manufactura,Concepción,MAN-6107,450000
Presupuesto,2026-06-01,Manufactura,Concepción,MAN-6108,225000
Presupuesto,2026-06-01,Manufactura,Concepción,MAN-6109,1275000
Presupuesto,2026-06-01,Manufactura,Concepción,MAN-6110,252000
Presupuesto,2026-06-01,Manufactura,Concepción,MAN-6111,108000
Presupuesto,2026-06-01,Manufactura,Santiago,MAN-4101,2100000
Presupuesto,2026-06-01,Manufactura,Santiago,MAN-4102,900000
Presupuesto,2026-06-01,Manufactura,Santiago,MAN-4103,6000000
Presupuesto,2026-06-01,Manufactura,Santiago,MAN-4104,9000000
Presupuesto,2026-06-01,Manufactura,Santiago,MAN-4105,6300000
Presupuesto,2026-06-01,Manufactura,Santiago,MAN-4106,14700000
Presupuesto,2026-06-01,Manufactura,Santiago,MAN-5101,1800000
Presupuesto,2026-06-01,Manufactura,Santiago,MAN-5102,450000
Presupuesto,2026-06-01,Manufactura,Santiago,MAN-5103,1200000
Presupuesto,2026-06-01,Manufactura,Santiago,MAN-5104,4800000
Presupuesto,2026-06-01,Manufactura,Santiago,MAN-5105,7200000
Presupuesto,2026-06-01,Manufactura,Santiago,MAN-5106,4800000
Presupuesto,2026-06-01,Manufactura,Santiago,MAN-6101,900000
Presupuesto,2026-06-01,Manufactura,Santiago,MAN-6102,450000
Presupuesto,2026-06-01,Manufactura,Santiago,MAN-6103,1050000
Presupuesto,2026-06-01,Manufactura,Santiago,MAN-6104,500000
Presupuesto,2026-06-01,Manufactura,Santiago,MAN-6105,1500000
Presupuesto,2026-06-01,Manufactura,Santiago,MAN-6106,500000
Presupuesto,2026-06-01,Manufactura,Santiago,MAN-6107,750000
Presupuesto,2026-06-01,Manufactura,Santiago,MAN-6108,375000
Presupuesto,2026-06-01,Manufactura,Santiago,MAN-6109,2125000
Presupuesto,2026-06-01,Manufactura,Santiago,MAN-6110,420000
Presupuesto,2026-06-01,Manufactura,Santiago,MAN-6111,180000
Presupuesto,2026-07-01,Manufactura,Antofagasta,MAN-4101,840000
Presupuesto,2026-07-01,Manufactura,Antofagasta,MAN-4102,360000
Presupuesto,2026-07-01,Manufactura,Antofagasta,MAN-4103,2400000
Presupuesto,2026-07-01,Manufactura,Antofagasta,MAN-4104,3600000
Presupuesto,2026-07-01,Manufactura,Antofagasta,MAN-4105,2520000
Presupuesto,2026-07-01,Manufactura,Antofagasta,MAN-4106,5880000
Presupuesto,2026-07-01,Manufactura,Antofagasta,MAN-5101,720000
Presupuesto,2026-07-01,Manufactura,Antofagasta,MAN-5102,180000
Presupuesto,2026-07-01,Manufactura,Antofagasta,MAN-5103,480000
Presupuesto,2026-07-01,Manufactura,Antofagasta,MAN-5104,1920000
Presupuesto,2026-07-01,Manufactura,Antofagasta,MAN-5105,2880000
Presupuesto,2026-07-01,Manufactura,Antofagasta,MAN-5106,1920000
Presupuesto,2026-07-01,Manufactura,Antofagasta,MAN-6101,360000
Presupuesto,2026-07-01,Manufactura,Antofagasta,MAN-6102,180000
Presupuesto,2026-07-01,Manufactura,Antofagasta,MAN-6103,420000
Presupuesto,2026-07-01,Manufactura,Antofagasta,MAN-6104,200000
Presupuesto,2026-07-01,Manufactura,Antofagasta,MAN-6105,600000
Presupuesto,2026-07-01,Manufactura,Antofagasta,MAN-6106,200000
Presupuesto,2026-07-01,Manufactura,Antofagasta,MAN-6107,300000
Presupuesto,2026-07-01,Manufactura,Antofagasta,MAN-6108,150000
Presupuesto,2026-07-01,Manufactura,Antofagasta,MAN-6109,850000
Presupuesto,2026-07-01,Manufactura,Antofagasta,MAN-6110,168000
Presupuesto,2026-07-01,Manufactura,Antofagasta,MAN-6111,72000
Presupuesto,2026-07-01,Manufactura,Concepción,MAN-4101,1260000
Presupuesto,2026-07-01,Manufactura,Concepción,MAN-4102,540000
Presupuesto,2026-07-01,Manufactura,Concepción,MAN-4103,3600000
Presupuesto,2026-07-01,Manufactura,Concepción,MAN-4104,5400000
Presupuesto,2026-07-01,Manufactura,Concepción,MAN-4105,3780000
Presupuesto,2026-07-01,Manufactura,Concepción,MAN-4106,8820000
Presupuesto,2026-07-01,Manufactura,Concepción,MAN-5101,1080000
Presupuesto,2026-07-01,Manufactura,Concepción,MAN-5102,270000
Presupuesto,2026-07-01,Manufactura,Concepción,MAN-5103,720000
Presupuesto,2026-07-01,Manufactura,Concepción,MAN-5104,2880000
Presupuesto,2026-07-01,Manufactura,Concepción,MAN-5105,4320000
Presupuesto,2026-07-01,Manufactura,Concepción,MAN-5106,2880000
Presupuesto,2026-07-01,Manufactura,Concepción,MAN-6101,540000
Presupuesto,2026-07-01,Manufactura,Concepción,MAN-6102,270000
Presupuesto,2026-07-01,Manufactura,Concepción,MAN-6103,630000
Presupuesto,2026-07-01,Manufactura,Concepción,MAN-6104,300000
Presupuesto,2026-07-01,Manufactura,Concepción,MAN-6105,900000
Presupuesto,2026-07-01,Manufactura,Concepción,MAN-6106,300000
Presupuesto,2026-07-01,Manufactura,Concepción,MAN-6107,450000
Presupuesto,2026-07-01,Manufactura,Concepción,MAN-6108,225000
Presupuesto,2026-07-01,Manufactura,Concepción,MAN-6109,1275000
Presupuesto,2026-07-01,Manufactura,Concepción,MAN-6110,252000
Presupuesto,2026-07-01,Manufactura,Concepción,MAN-6111,108000
Presupuesto,2026-07-01,Manufactura,Santiago,MAN-4101,2100000
Presupuesto,2026-07-01,Manufactura,Santiago,MAN-4102,900000
Presupuesto,2026-07-01,Manufactura,Santiago,MAN-4103,6000000
Presupuesto,2026-07-01,Manufactura,Santiago,MAN-4104,9000000
Presupuesto,2026-07-01,Manufactura,Santiago,MAN-4105,6300000
Presupuesto,2026-07-01,Manufactura,Santiago,MAN-4106,14700000
Presupuesto,2026-07-01,Manufactura,Santiago,MAN-5101,1800000
Presupuesto,2026-07-01,Manufactura,Santiago,MAN-5102,450000
Presupuesto,2026-07-01,Manufactura,Santiago,MAN-5103,1200000
Presupuesto,2026-07-01,Manufactura,Santiago,MAN-5104,4800000
Presupuesto,2026-07-01,Manufactura,Santiago,MAN-5105,7200000
Presupuesto,2026-07-01,Manufactura,Santiago,MAN-5106,4800000
Presupuesto,2026-07-01,Manufactura,Santiago,MAN-6101,900000
Presupuesto,2026-07-01,Manufactura,Santiago,MAN-6102,450000
Presupuesto,2026-07-01,Manufactura,Santiago,MAN-6103,1050000
Presupuesto,2026-07-01,Manufactura,Santiago,MAN-6104,500000
Presupuesto,2026-07-01,Manufactura,Santiago,MAN-6105,1500000
Presupuesto,2026-07-01,Manufactura,Santiago,MAN-6106,500000
Presupuesto,2026-07-01,Manufactura,Santiago,MAN-6107,750000
Presupuesto,2026-07-01,Manufactura,Santiago,MAN-6108,375000
Presupuesto,2026-07-01,Manufactura,Santiago,MAN-6109,2125000
Presupuesto,2026-07-01,Manufactura,Santiago,MAN-6110,420000
Presupuesto,2026-07-01,Manufactura,Santiago,MAN-6111,180000
Presupuesto,2026-08-01,Manufactura,Antofagasta,MAN-4101,840000
Presupuesto,2026-08-01,Manufactura,Antofagasta,MAN-4102,360000
Presupuesto,2026-08-01,Manufactura,Antofagasta,MAN-4103,2400000
Presupuesto,2026-08-01,Manufactura,Antofagasta,MAN-4104,3600000
Presupuesto,2026-08-01,Manufactura,Antofagasta,MAN-4105,2520000
Presupuesto,2026-08-01,Manufactura,Antofagasta,MAN-4106,5880000
Presupuesto,2026-08-01,Manufactura,Antofagasta,MAN-5101,720000
Presupuesto,2026-08-01,Manufactura,Antofagasta,MAN-5102,180000
Presupuesto,2026-08-01,Manufactura,Antofagasta,MAN-5103,480000
Presupuesto,2026-08-01,Manufactura,Antofagasta,MAN-5104,1920000
Presupuesto,2026-08-01,Manufactura,Antofagasta,MAN-5105,2880000
Presupuesto,2026-08-01,Manufactura,Antofagasta,MAN-5106,1920000
Presupuesto,2026-08-01,Manufactura,Antofagasta,MAN-6101,360000
Presupuesto,2026-08-01,Manufactura,Antofagasta,MAN-6102,180000
Presupuesto,2026-08-01,Manufactura,Antofagasta,MAN-6103,420000
Presupuesto,2026-08-01,Manufactura,Antofagasta,MAN-6104,200000
Presupuesto,2026-08-01,Manufactura,Antofagasta,MAN-6105,600000
Presupuesto,2026-08-01,Manufactura,Antofagasta,MAN-6106,200000
Presupuesto,2026-08-01,Manufactura,Antofagasta,MAN-6107,300000
Presupuesto,2026-08-01,Manufactura,Antofagasta,MAN-6108,150000
Presupuesto,2026-08-01,Manufactura,Antofagasta,MAN-6109,850000
Presupuesto,2026-08-01,Manufactura,Antofagasta,MAN-6110,168000
Presupuesto,2026-08-01,Manufactura,Antofagasta,MAN-6111,72000
Presupuesto,2026-08-01,Manufactura,Concepción,MAN-4101,1260000
Presupuesto,2026-08-01,Manufactura,Concepción,MAN-4102,540000
Presupuesto,2026-08-01,Manufactura,Concepción,MAN-4103,3600000
Presupuesto,2026-08-01,Manufactura,Concepción,MAN-4104,5400000
Presupuesto,2026-08-01,Manufactura,Concepción,MAN-4105,3780000
Presupuesto,2026-08-01,Manufactura,Concepción,MAN-4106,8820000
Presupuesto,2026-08-01,Manufactura,Concepción,MAN-5101,1080000
Presupuesto,2026-08-01,Manufactura,Concepción,MAN-5102,270000
Presupuesto,2026-08-01,Manufactura,Concepción,MAN-5103,720000
Presupuesto,2026-08-01,Manufactura,Concepción,MAN-5104,2880000
Presupuesto,2026-08-01,Manufactura,Concepción,MAN-5105,4320000
Presupuesto,2026-08-01,Manufactura,Concepción,MAN-5106,2880000
Presupuesto,2026-08-01,Manufactura,Concepción,MAN-6101,540000
Presupuesto,2026-08-01,Manufactura,Concepción,MAN-6102,270000
Presupuesto,2026-08-01,Manufactura,Concepción,MAN-6103,630000
Presupuesto,2026-08-01,Manufactura,Concepción,MAN-6104,300000
Presupuesto,2026-08-01,Manufactura,Concepción,MAN-6105,900000
Presupuesto,2026-08-01,Manufactura,Concepción,MAN-6106,300000
Presupuesto,2026-08-01,Manufactura,Concepción,MAN-6107,450000
Presupuesto,2026-08-01,Manufactura,Concepción,MAN-6108,225000
Presupuesto,2026-08-01,Manufactura,Concepción,MAN-6109,1275000
Presupuesto,2026-08-01,Manufactura,Concepción,MAN-6110,252000
Presupuesto,2026-08-01,Manufactura,Concepción,MAN-6111,108000
Presupuesto,2026-08-01,Manufactura,Santiago,MAN-4101,2100000
Presupuesto,2026-08-01,Manufactura,Santiago,MAN-4102,900000
Presupuesto,2026-08-01,Manufactura,Santiago,MAN-4103,6000000
Presupuesto,2026-08-01,Manufactura,Santiago,MAN-4104,9000000
Presupuesto,2026-08-01,Manufactura,Santiago,MAN-4105,6300000
Presupuesto,2026-08-01,Manufactura,Santiago,MAN-4106,14700000
Presupuesto,2026-08-01,Manufactura,Santiago,MAN-5101,1800000
Presupuesto,2026-08-01,Manufactura,Santiago,MAN-5102,450000
Presupuesto,2026-08-01,Manufactura,Santiago,MAN-5103,1200000
Presupuesto,2026-08-01,Manufactura,Santiago,MAN-5104,4800000
Presupuesto,2026-08-01,Manufactura,Santiago,MAN-5105,7200000
Presupuesto,2026-08-01,Manufactura,Santiago,MAN-5106,4800000
Presupuesto,2026-08-01,Manufactura,Santiago,MAN-6101,900000
Presupuesto,2026-08-01,Manufactura,Santiago,MAN-6102,450000
Presupuesto,2026-08-01,Manufactura,Santiago,MAN-6103,1050000
Presupuesto,2026-08-01,Manufactura,Santiago,MAN-6104,500000
Presupuesto,2026-08-01,Manufactura,Santiago,MAN-6105,1500000
Presupuesto,2026-08-01,Manufactura,Santiago,MAN-6106,500000
Presupuesto,2026-08-01,Manufactura,Santiago,MAN-6107,750000
Presupuesto,2026-08-01,Manufactura,Santiago,MAN-6108,375000
Presupuesto,2026-08-01,Manufactura,Santiago,MAN-6109,2125000
Presupuesto,2026-08-01,Manufactura,Santiago,MAN-6110,420000
Presupuesto,2026-08-01,Manufactura,Santiago,MAN-6111,180000
Presupuesto,2026-09-01,Manufactura,Antofagasta,MAN-4101,840000
Presupuesto,2026-09-01,Manufactura,Antofagasta,MAN-4102,360000
Presupuesto,2026-09-01,Manufactura,Antofagasta,MAN-4103,2400000
Presupuesto,2026-09-01,Manufactura,Antofagasta,MAN-4104,3600000
Presupuesto,2026-09-01,Manufactura,Antofagasta,MAN-4105,2520000
Presupuesto,2026-09-01,Manufactura,Antofagasta,MAN-4106,5880000
Presupuesto,2026-09-01,Manufactura,Antofagasta,MAN-5101,720000
Presupuesto,2026-09-01,Manufactura,Antofagasta,MAN-5102,180000
Presupuesto,2026-09-01,Manufactura,Antofagasta,MAN-5103,480000
Presupuesto,2026-09-01,Manufactura,Antofagasta,MAN-5104,1920000
Presupuesto,2026-09-01,Manufactura,Antofagasta,MAN-5105,2880000
Presupuesto,2026-09-01,Manufactura,Antofagasta,MAN-5106,1920000
Presupuesto,2026-09-01,Manufactura,Antofagasta,MAN-6101,360000
Presupuesto,2026-09-01,Manufactura,Antofagasta,MAN-6102,180000
Presupuesto,2026-09-01,Manufactura,Antofagasta,MAN-6103,420000
Presupuesto,2026-09-01,Manufactura,Antofagasta,MAN-6104,200000
Presupuesto,2026-09-01,Manufactura,Antofagasta,MAN-6105,600000
Presupuesto,2026-09-01,Manufactura,Antofagasta,MAN-6106,200000
Presupuesto,2026-09-01,Manufactura,Antofagasta,MAN-6107,300000
Presupuesto,2026-09-01,Manufactura,Antofagasta,MAN-6108,150000
Presupuesto,2026-09-01,Manufactura,Antofagasta,MAN-6109,850000
Presupuesto,2026-09-01,Manufactura,Antofagasta,MAN-6110,168000
Presupuesto,2026-09-01,Manufactura,Antofagasta,MAN-6111,72000
Presupuesto,2026-09-01,Manufactura,Concepción,MAN-4101,1260000
Presupuesto,2026-09-01,Manufactura,Concepción,MAN-4102,540000
Presupuesto,2026-09-01,Manufactura,Concepción,MAN-4103,3600000
Presupuesto,2026-09-01,Manufactura,Concepción,MAN-4104,5400000
Presupuesto,2026-09-01,Manufactura,Concepción,MAN-4105,3780000
Presupuesto,2026-09-01,Manufactura,Concepción,MAN-4106,8820000
Presupuesto,2026-09-01,Manufactura,Concepción,MAN-5101,1080000
Presupuesto,2026-09-01,Manufactura,Concepción,MAN-5102,270000
Presupuesto,2026-09-01,Manufactura,Concepción,MAN-5103,720000
Presupuesto,2026-09-01,Manufactura,Concepción,MAN-5104,2880000
Presupuesto,2026-09-01,Manufactura,Concepción,MAN-5105,4320000
Presupuesto,2026-09-01,Manufactura,Concepción,MAN-5106,2880000
Presupuesto,2026-09-01,Manufactura,Concepción,MAN-6101,540000
Presupuesto,2026-09-01,Manufactura,Concepción,MAN-6102,270000
Presupuesto,2026-09-01,Manufactura,Concepción,MAN-6103,630000
Presupuesto,2026-09-01,Manufactura,Concepción,MAN-6104,300000
Presupuesto,2026-09-01,Manufactura,Concepción,MAN-6105,900000
Presupuesto,2026-09-01,Manufactura,Concepción,MAN-6106,300000
Presupuesto,2026-09-01,Manufactura,Concepción,MAN-6107,450000
Presupuesto,2026-09-01,Manufactura,Concepción,MAN-6108,225000
Presupuesto,2026-09-01,Manufactura,Concepción,MAN-6109,1275000
Presupuesto,2026-09-01,Manufactura,Concepción,MAN-6110,252000
Presupuesto,2026-09-01,Manufactura,Concepción,MAN-6111,108000
Presupuesto,2026-09-01,Manufactura,Santiago,MAN-4101,2100000
Presupuesto,2026-09-01,Manufactura,Santiago,MAN-4102,900000
Presupuesto,2026-09-01,Manufactura,Santiago,MAN-4103,6000000
Presupuesto,2026-09-01,Manufactura,Santiago,MAN-4104,9000000
Presupuesto,2026-09-01,Manufactura,Santiago,MAN-4105,6300000
Presupuesto,2026-09-01,Manufactura,Santiago,MAN-4106,14700000
Presupuesto,2026-09-01,Manufactura,Santiago,MAN-5101,1800000
Presupuesto,2026-09-01,Manufactura,Santiago,MAN-5102,450000
Presupuesto,2026-09-01,Manufactura,Santiago,MAN-5103,1200000
Presupuesto,2026-09-01,Manufactura,Santiago,MAN-5104,4800000
Presupuesto,2026-09-01,Manufactura,Santiago,MAN-5105,7200000
Presupuesto,2026-09-01,Manufactura,Santiago,MAN-5106,4800000
Presupuesto,2026-09-01,Manufactura,Santiago,MAN-6101,900000
Presupuesto,2026-09-01,Manufactura,Santiago,MAN-6102,450000
Presupuesto,2026-09-01,Manufactura,Santiago,MAN-6103,1050000
Presupuesto,2026-09-01,Manufactura,Santiago,MAN-6104,500000
Presupuesto,2026-09-01,Manufactura,Santiago,MAN-6105,1500000
Presupuesto,2026-09-01,Manufactura,Santiago,MAN-6106,500000
Presupuesto,2026-09-01,Manufactura,Santiago,MAN-6107,750000
Presupuesto,2026-09-01,Manufactura,Santiago,MAN-6108,375000
Presupuesto,2026-09-01,Manufactura,Santiago,MAN-6109,2125000
Presupuesto,2026-09-01,Manufactura,Santiago,MAN-6110,420000
Presupuesto,2026-09-01,Manufactura,Santiago,MAN-6111,180000
Presupuesto,2026-10-01,Manufactura,Antofagasta,MAN-4101,907200
Presupuesto,2026-10-01,Manufactura,Antofagasta,MAN-4102,388800
Presupuesto,2026-10-01,Manufactura,Antofagasta,MAN-4103,2592000
Presupuesto,2026-10-01,Manufactura,Antofagasta,MAN-4104,3888000
Presupuesto,2026-10-01,Manufactura,Antofagasta,MAN-4105,2721600
Presupuesto,2026-10-01,Manufactura,Antofagasta,MAN-4106,6350400
Presupuesto,2026-10-01,Manufactura,Antofagasta,MAN-5101,777600
Presupuesto,2026-10-01,Manufactura,Antofagasta,MAN-5102,194400
Presupuesto,2026-10-01,Manufactura,Antofagasta,MAN-5103,518400
Presupuesto,2026-10-01,Manufactura,Antofagasta,MAN-5104,2073600
Presupuesto,2026-10-01,Manufactura,Antofagasta,MAN-5105,3110400
Presupuesto,2026-10-01,Manufactura,Antofagasta,MAN-5106,2073600
Presupuesto,2026-10-01,Manufactura,Antofagasta,MAN-6101,388800
Presupuesto,2026-10-01,Manufactura,Antofagasta,MAN-6102,194400
Presupuesto,2026-10-01,Manufactura,Antofagasta,MAN-6103,453600
Presupuesto,2026-10-01,Manufactura,Antofagasta,MAN-6104,216000
Presupuesto,2026-10-01,Manufactura,Antofagasta,MAN-6105,648000
Presupuesto,2026-10-01,Manufactura,Antofagasta,MAN-6106,216000
Presupuesto,2026-10-01,Manufactura,Antofagasta,MAN-6107,324000
Presupuesto,2026-10-01,Manufactura,Antofagasta,MAN-6108,162000
Presupuesto,2026-10-01,Manufactura,Antofagasta,MAN-6109,918000
Presupuesto,2026-10-01,Manufactura,Antofagasta,MAN-6110,181440
Presupuesto,2026-10-01,Manufactura,Antofagasta,MAN-6111,77760
Presupuesto,2026-10-01,Manufactura,Concepción,MAN-4101,1360800
Presupuesto,2026-10-01,Manufactura,Concepción,MAN-4102,583200
Presupuesto,2026-10-01,Manufactura,Concepción,MAN-4103,3888000
Presupuesto,2026-10-01,Manufactura,Concepción,MAN-4104,5832000
Presupuesto,2026-10-01,Manufactura,Concepción,MAN-4105,4082400
Presupuesto,2026-10-01,Manufactura,Concepción,MAN-4106,9525600
Presupuesto,2026-10-01,Manufactura,Concepción,MAN-5101,1166400
Presupuesto,2026-10-01,Manufactura,Concepción,MAN-5102,291600
Presupuesto,2026-10-01,Manufactura,Concepción,MAN-5103,777600
Presupuesto,2026-10-01,Manufactura,Concepción,MAN-5104,3110400
Presupuesto,2026-10-01,Manufactura,Concepción,MAN-5105,4665600
Presupuesto,2026-10-01,Manufactura,Concepción,MAN-5106,3110400
Presupuesto,2026-10-01,Manufactura,Concepción,MAN-6101,583200
Presupuesto,2026-10-01,Manufactura,Concepción,MAN-6102,291600
Presupuesto,2026-10-01,Manufactura,Concepción,MAN-6103,680400
Presupuesto,2026-10-01,Manufactura,Concepción,MAN-6104,324000
Presupuesto,2026-10-01,Manufactura,Concepción,MAN-6105,972000
Presupuesto,2026-10-01,Manufactura,Concepción,MAN-6106,324000
Presupuesto,2026-10-01,Manufactura,Concepción,MAN-6107,486000
Presupuesto,2026-10-01,Manufactura,Concepción,MAN-6108,243000
Presupuesto,2026-10-01,Manufactura,Concepción,MAN-6109,1377000
Presupuesto,2026-10-01,Manufactura,Concepción,MAN-6110,272160
Presupuesto,2026-10-01,Manufactura,Concepción,MAN-6111,116640
Presupuesto,2026-10-01,Manufactura,Santiago,MAN-4101,2268000
Presupuesto,2026-10-01,Manufactura,Santiago,MAN-4102,972000
Presupuesto,2026-10-01,Manufactura,Santiago,MAN-4103,6480000
Presupuesto,2026-10-01,Manufactura,Santiago,MAN-4104,9720000
Presupuesto,2026-10-01,Manufactura,Santiago,MAN-4105,6804000
Presupuesto,2026-10-01,Manufactura,Santiago,MAN-4106,15876000
Presupuesto,2026-10-01,Manufactura,Santiago,MAN-5101,1944000
Presupuesto,2026-10-01,Manufactura,Santiago,MAN-5102,486000
Presupuesto,2026-10-01,Manufactura,Santiago,MAN-5103,1296000
Presupuesto,2026-10-01,Manufactura,Santiago,MAN-5104,5184000
Presupuesto,2026-10-01,Manufactura,Santiago,MAN-5105,7776000
Presupuesto,2026-10-01,Manufactura,Santiago,MAN-5106,5184000
Presupuesto,2026-10-01,Manufactura,Santiago,MAN-6101,972000
Presupuesto,2026-10-01,Manufactura,Santiago,MAN-6102,486000
Presupuesto,2026-10-01,Manufactura,Santiago,MAN-6103,1134000
Presupuesto,2026-10-01,Manufactura,Santiago,MAN-6104,540000
Presupuesto,2026-10-01,Manufactura,Santiago,MAN-6105,1620000
Presupuesto,2026-10-01,Manufactura,Santiago,MAN-6106,540000
Presupuesto,2026-10-01,Manufactura,Santiago,MAN-6107,810000
Presupuesto,2026-10-01,Manufactura,Santiago,MAN-6108,405000
Presupuesto,2026-10-01,Manufactura,Santiago,MAN-6109,2295000
Presupuesto,2026-10-01,Manufactura,Santiago,MAN-6110,453600
Presupuesto,2026-10-01,Manufactura,Santiago,MAN-6111,194400
Presupuesto,2026-11-01,Manufactura,Antofagasta,MAN-4101,966000
Presupuesto,2026-11-01,Manufactura,Antofagasta,MAN-4102,414000
Presupuesto,2026-11-01,Manufactura,Antofagasta,MAN-4103,2760000
Presupuesto,2026-11-01,Manufactura,Antofagasta,MAN-4104,4140000
Presupuesto,2026-11-01,Manufactura,Antofagasta,MAN-4105,2898000
Presupuesto,2026-11-01,Manufactura,Antofagasta,MAN-4106,6762000
Presupuesto,2026-11-01,Manufactura,Antofagasta,MAN-5101,828000
Presupuesto,2026-11-01,Manufactura,Antofagasta,MAN-5102,207000
Presupuesto,2026-11-01,Manufactura,Antofagasta,MAN-5103,552000
Presupuesto,2026-11-01,Manufactura,Antofagasta,MAN-5104,2208000
Presupuesto,2026-11-01,Manufactura,Antofagasta,MAN-5105,3312000
Presupuesto,2026-11-01,Manufactura,Antofagasta,MAN-5106,2208000
Presupuesto,2026-11-01,Manufactura,Antofagasta,MAN-6101,414000
Presupuesto,2026-11-01,Manufactura,Antofagasta,MAN-6102,207000
Presupuesto,2026-11-01,Manufactura,Antofagasta,MAN-6103,483000
Presupuesto,2026-11-01,Manufactura,Antofagasta,MAN-6104,230000
Presupuesto,2026-11-01,Manufactura,Antofagasta,MAN-6105,690000
Presupuesto,2026-11-01,Manufactura,Antofagasta,MAN-6106,230000
Presupuesto,2026-11-01,Manufactura,Antofagasta,MAN-6107,345000
Presupuesto,2026-11-01,Manufactura,Antofagasta,MAN-6108,172500
Presupuesto,2026-11-01,Manufactura,Antofagasta,MAN-6109,977500
Presupuesto,2026-11-01,Manufactura,Antofagasta,MAN-6110,193200
Presupuesto,2026-11-01,Manufactura,Antofagasta,MAN-6111,82800
Presupuesto,2026-11-01,Manufactura,Concepción,MAN-4101,1449000
Presupuesto,2026-11-01,Manufactura,Concepción,MAN-4102,621000
Presupuesto,2026-11-01,Manufactura,Concepción,MAN-4103,4140000
Presupuesto,2026-11-01,Manufactura,Concepción,MAN-4104,6210000
Presupuesto,2026-11-01,Manufactura,Concepción,MAN-4105,4347000
Presupuesto,2026-11-01,Manufactura,Concepción,MAN-4106,10143000
Presupuesto,2026-11-01,Manufactura,Concepción,MAN-5101,1242000
Presupuesto,2026-11-01,Manufactura,Concepción,MAN-5102,310500
Presupuesto,2026-11-01,Manufactura,Concepción,MAN-5103,828000
Presupuesto,2026-11-01,Manufactura,Concepción,MAN-5104,3312000
Presupuesto,2026-11-01,Manufactura,Concepción,MAN-5105,4968000
Presupuesto,2026-11-01,Manufactura,Concepción,MAN-5106,3312000
Presupuesto,2026-11-01,Manufactura,Concepción,MAN-6101,621000
Presupuesto,2026-11-01,Manufactura,Concepción,MAN-6102,310500
Presupuesto,2026-11-01,Manufactura,Concepción,MAN-6103,724500
Presupuesto,2026-11-01,Manufactura,Concepción,MAN-6104,345000
Presupuesto,2026-11-01,Manufactura,Concepción,MAN-6105,1035000
Presupuesto,2026-11-01,Manufactura,Concepción,MAN-6106,345000
Presupuesto,2026-11-01,Manufactura,Concepción,MAN-6107,517500
Presupuesto,2026-11-01,Manufactura,Concepción,MAN-6108,258750
Presupuesto,2026-11-01,Manufactura,Concepción,MAN-6109,1466250
Presupuesto,2026-11-01,Manufactura,Concepción,MAN-6110,289800
Presupuesto,2026-11-01,Manufactura,Concepción,MAN-6111,124200
Presupuesto,2026-11-01,Manufactura,Santiago,MAN-4101,2415000
Presupuesto,2026-11-01,Manufactura,Santiago,MAN-4102,1035000
Presupuesto,2026-11-01,Manufactura,Santiago,MAN-4103,6900000
Presupuesto,2026-11-01,Manufactura,Santiago,MAN-4104,10350000
Presupuesto,2026-11-01,Manufactura,Santiago,MAN-4105,7245000
Presupuesto,2026-11-01,Manufactura,Santiago,MAN-4106,16905000
Presupuesto,2026-11-01,Manufactura,Santiago,MAN-5101,2070000
Presupuesto,2026-11-01,Manufactura,Santiago,MAN-5102,517500
Presupuesto,2026-11-01,Manufactura,Santiago,MAN-5103,1380000
Presupuesto,2026-11-01,Manufactura,Santiago,MAN-5104,5520000
Presupuesto,2026-11-01,Manufactura,Santiago,MAN-5105,8280000
Presupuesto,2026-11-01,Manufactura,Santiago,MAN-5106,5520000
Presupuesto,2026-11-01,Manufactura,Santiago,MAN-6101,1035000
Presupuesto,2026-11-01,Manufactura,Santiago,MAN-6102,517500
Presupuesto,2026-11-01,Manufactura,Santiago,MAN-6103,1207500
Presupuesto,2026-11-01,Manufactura,Santiago,MAN-6104,575000
Presupuesto,2026-11-01,Manufactura,Santiago,MAN-6105,1725000
Presupuesto,2026-11-01,Manufactura,Santiago,MAN-6106,575000
Presupuesto,2026-11-01,Manufactura,Santiago,MAN-6107,862500
Presupuesto,2026-11-01,Manufactura,Santiago,MAN-6108,431250
Presupuesto,2026-11-01,Manufactura,Santiago,MAN-6109,2443750
Presupuesto,2026-11-01,Manufactura,Santiago,MAN-6110,483000
Presupuesto,2026-11-01,Manufactura,Santiago,MAN-6111,207000
Presupuesto,2026-12-01,Manufactura,Antofagasta,MAN-4101,1008000
Presupuesto,2026-12-01,Manufactura,Antofagasta,MAN-4102,432000
Presupuesto,2026-12-01,Manufactura,Antofagasta,MAN-4103,2880000
Presupuesto,2026-12-01,Manufactura,Antofagasta,MAN-4104,4320000
Presupuesto,2026-12-01,Manufactura,Antofagasta,MAN-4105,3024000
Presupuesto,2026-12-01,Manufactura,Antofagasta,MAN-4106,7056000
Presupuesto,2026-12-01,Manufactura,Antofagasta,MAN-5101,864000
Presupuesto,2026-12-01,Manufactura,Antofagasta,MAN-5102,216000
Presupuesto,2026-12-01,Manufactura,Antofagasta,MAN-5103,576000
Presupuesto,2026-12-01,Manufactura,Antofagasta,MAN-5104,2304000
Presupuesto,2026-12-01,Manufactura,Antofagasta,MAN-5105,3456000
Presupuesto,2026-12-01,Manufactura,Antofagasta,MAN-5106,2304000
Presupuesto,2026-12-01,Manufactura,Antofagasta,MAN-6101,432000
Presupuesto,2026-12-01,Manufactura,Antofagasta,MAN-6102,216000
Presupuesto,2026-12-01,Manufactura,Antofagasta,MAN-6103,504000
Presupuesto,2026-12-01,Manufactura,Antofagasta,MAN-6104,240000
Presupuesto,2026-12-01,Manufactura,Antofagasta,MAN-6105,720000
Presupuesto,2026-12-01,Manufactura,Antofagasta,MAN-6106,240000
Presupuesto,2026-12-01,Manufactura,Antofagasta,MAN-6107,360000
Presupuesto,2026-12-01,Manufactura,Antofagasta,MAN-6108,180000
Presupuesto,2026-12-01,Manufactura,Antofagasta,MAN-6109,1020000
Presupuesto,2026-12-01,Manufactura,Antofagasta,MAN-6110,201600
Presupuesto,2026-12-01,Manufactura,Antofagasta,MAN-6111,86400
Presupuesto,2026-12-01,Manufactura,Concepción,MAN-4101,1512000
Presupuesto,2026-12-01,Manufactura,Concepción,MAN-4102,648000
Presupuesto,2026-12-01,Manufactura,Concepción,MAN-4103,4320000
Presupuesto,2026-12-01,Manufactura,Concepción,MAN-4104,6480000
Presupuesto,2026-12-01,Manufactura,Concepción,MAN-4105,4536000
Presupuesto,2026-12-01,Manufactura,Concepción,MAN-4106,10584000
Presupuesto,2026-12-01,Manufactura,Concepción,MAN-5101,1296000
Presupuesto,2026-12-01,Manufactura,Concepción,MAN-5102,324000
Presupuesto,2026-12-01,Manufactura,Concepción,MAN-5103,864000
Presupuesto,2026-12-01,Manufactura,Concepción,MAN-5104,3456000
Presupuesto,2026-12-01,Manufactura,Concepción,MAN-5105,5184000
Presupuesto,2026-12-01,Manufactura,Concepción,MAN-5106,3456000
Presupuesto,2026-12-01,Manufactura,Concepción,MAN-6101,648000
Presupuesto,2026-12-01,Manufactura,Concepción,MAN-6102,324000
Presupuesto,2026-12-01,Manufactura,Concepción,MAN-6103,756000
Presupuesto,2026-12-01,Manufactura,Concepción,MAN-6104,360000
Presupuesto,2026-12-01,Manufactura,Concepción,MAN-6105,1080000
Presupuesto,2026-12-01,Manufactura,Concepción,MAN-6106,360000
Presupuesto,2026-12-01,Manufactura,Concepción,MAN-6107,540000
Presupuesto,2026-12-01,Manufactura,Concepción,MAN-6108,270000
Presupuesto,2026-12-01,Manufactura,Concepción,MAN-6109,1530000
Presupuesto,2026-12-01,Manufactura,Concepción,MAN-6110,302400
Presupuesto,2026-12-01,Manufactura,Concepción,MAN-6111,129600
Presupuesto,2026-12-01,Manufactura,Santiago,MAN-4101,2520000
Presupuesto,2026-12-01,Manufactura,Santiago,MAN-4102,1080000
Presupuesto,2026-12-01,Manufactura,Santiago,MAN-4103,7200000
Presupuesto,2026-12-01,Manufactura,Santiago,MAN-4104,10800000
Presupuesto,2026-12-01,Manufactura,Santiago,MAN-4105,7560000
Presupuesto,2026-12-01,Manufactura,Santiago,MAN-4106,17640000
Presupuesto,2026-12-01,Manufactura,Santiago,MAN-5101,2160000
Presupuesto,2026-12-01,Manufactura,Santiago,MAN-5102,540000
Presupuesto,2026-12-01,Manufactura,Santiago,MAN-5103,1440000
Presupuesto,2026-12-01,Manufactura,Santiago,MAN-5104,5760000
Presupuesto,2026-12-01,Manufactura,Santiago,MAN-5105,8640000
Presupuesto,2026-12-01,Manufactura,Santiago,MAN-5106,5760000
Presupuesto,2026-12-01,Manufactura,Santiago,MAN-6101,1080000
Presupuesto,2026-12-01,Manufactura,Santiago,MAN-6102,540000
Presupuesto,2026-12-01,Manufactura,Santiago,MAN-6103,1260000
Presupuesto,2026-12-01,Manufactura,Santiago,MAN-6104,600000
Presupuesto,2026-12-01,Manufactura,Santiago,MAN-6105,1800000
Presupuesto,2026-12-01,Manufactura,Santiago,MAN-6106,600000
Presupuesto,2026-12-01,Manufactura,Santiago,MAN-6107,900000
Presupuesto,2026-12-01,Manufactura,Santiago,MAN-6108,450000
Presupuesto,2026-12-01,Manufactura,Santiago,MAN-6109,2550000
Presupuesto,2026-12-01,Manufactura,Santiago,MAN-6110,504000
Presupuesto,2026-12-01,Manufactura,Santiago,MAN-6111,216000
Presupuesto,2025-01-01,Salud,Clínica Centro,SAL-4101,7933345
Presupuesto,2025-01-01,Salud,Clínica Centro,SAL-4102,3400005
Presupuesto,2025-01-01,Salud,Clínica Centro,SAL-4103,1500012
Presupuesto,2025-01-01,Salud,Clínica Centro,SAL-4104,4500037
Presupuesto,2025-01-01,Salud,Clínica Centro,SAL-4105,3900015
Presupuesto,2025-01-01,Salud,Clínica Centro,SAL-4106,4766685
Presupuesto,2025-01-01,Salud,Clínica Centro,SAL-5101,933310
Presupuesto,2025-01-01,Salud,Clínica Centro,SAL-5102,3733240
Presupuesto,2025-01-01,Salud,Clínica Centro,SAL-5103,1349932
Presupuesto,2025-01-01,Salud,Clínica Centro,SAL-5104,1649917
Presupuesto,2025-01-01,Salud,Clínica Centro,SAL-5105,7499887
Presupuesto,2025-01-01,Salud,Clínica Centro,SAL-5106,2499962
Presupuesto,2025-01-01,Salud,Clínica Centro,SAL-6101,666750
Presupuesto,2025-01-01,Salud,Clínica Centro,SAL-6102,666750
Presupuesto,2025-01-01,Salud,Clínica Centro,SAL-6103,699965
Presupuesto,2025-01-01,Salud,Clínica Centro,SAL-6104,299985
Presupuesto,2025-01-01,Salud,Clínica Centro,SAL-6105,274995
Presupuesto,2025-01-01,Salud,Clínica Centro,SAL-6106,1558305
Presupuesto,2025-01-01,Salud,Clínica Centro,SAL-6107,293300
Presupuesto,2025-01-01,Salud,Clínica Centro,SAL-6108,439950
Presupuesto,2025-01-01,Salud,Clínica Oriente,SAL-4101,10200015
Presupuesto,2025-01-01,Salud,Clínica Oriente,SAL-4102,4371435
Presupuesto,2025-01-01,Salud,Clínica Oriente,SAL-4103,1928588
Presupuesto,2025-01-01,Salud,Clínica Oriente,SAL-4104,5785763
Presupuesto,2025-01-01,Salud,Clínica Oriente,SAL-4105,5014305
Presupuesto,2025-01-01,Salud,Clínica Oriente,SAL-4106,6128595
Presupuesto,2025-01-01,Salud,Clínica Oriente,SAL-5101,1199970
Presupuesto,2025-01-01,Salud,Clínica Oriente,SAL-5102,4799880
Presupuesto,2025-01-01,Salud,Clínica Oriente,SAL-5103,1735628
Presupuesto,2025-01-01,Salud,Clínica Oriente,SAL-5104,2121323
Presupuesto,2025-01-01,Salud,Clínica Oriente,SAL-5105,9642713
Presupuesto,2025-01-01,Salud,Clínica Oriente,SAL-5106,3214238
Presupuesto,2025-01-01,Salud,Clínica Oriente,SAL-6101,857250
Presupuesto,2025-01-01,Salud,Clínica Oriente,SAL-6102,857250
Presupuesto,2025-01-01,Salud,Clínica Oriente,SAL-6103,899955
Presupuesto,2025-01-01,Salud,Clínica Oriente,SAL-6104,385695
Presupuesto,2025-01-01,Salud,Clínica Oriente,SAL-6105,353565
Presupuesto,2025-01-01,Salud,Clínica Oriente,SAL-6106,2003535
Presupuesto,2025-01-01,Salud,Clínica Oriente,SAL-6107,377100
Presupuesto,2025-01-01,Salud,Clínica Oriente,SAL-6108,565650
Presupuesto,2025-01-01,Salud,Clínica Poniente,SAL-4101,4533340
Presupuesto,2025-01-01,Salud,Clínica Poniente,SAL-4102,1942860
Presupuesto,2025-01-01,Salud,Clínica Poniente,SAL-4103,857150
Presupuesto,2025-01-01,Salud,Clínica Poniente,SAL-4104,2571450
Presupuesto,2025-01-01,Salud,Clínica Poniente,SAL-4105,2228580
Presupuesto,2025-01-01,Salud,Clínica Poniente,SAL-4106,2723820
Presupuesto,2025-01-01,Salud,Clínica Poniente,SAL-5101,533320
Presupuesto,2025-01-01,Salud,Clínica Poniente,SAL-5102,2133280
Presupuesto,2025-01-01,Salud,Clínica Poniente,SAL-5103,771390
Presupuesto,2025-01-01,Salud,Clínica Poniente,SAL-5104,942810
Presupuesto,2025-01-01,Salud,Clínica Poniente,SAL-5105,4285650
Presupuesto,2025-01-01,Salud,Clínica Poniente,SAL-5106,1428550
Presupuesto,2025-01-01,Salud,Clínica Poniente,SAL-6101,381000
Presupuesto,2025-01-01,Salud,Clínica Poniente,SAL-6102,381000
Presupuesto,2025-01-01,Salud,Clínica Poniente,SAL-6103,399980
Presupuesto,2025-01-01,Salud,Clínica Poniente,SAL-6104,171420
Presupuesto,2025-01-01,Salud,Clínica Poniente,SAL-6105,157140
Presupuesto,2025-01-01,Salud,Clínica Poniente,SAL-6106,890460
Presupuesto,2025-01-01,Salud,Clínica Poniente,SAL-6107,167600
Presupuesto,2025-01-01,Salud,Clínica Poniente,SAL-6108,251400
Presupuesto,2025-02-01,Salud,Clínica Centro,SAL-4101,6743380
Presupuesto,2025-02-01,Salud,Clínica Centro,SAL-4102,2890020
Presupuesto,2025-02-01,Salud,Clínica Centro,SAL-4103,1274962
Presupuesto,2025-02-01,Salud,Clínica Centro,SAL-4104,3824887
Presupuesto,2025-02-01,Salud,Clínica Centro,SAL-4105,3315060
Presupuesto,2025-02-01,Salud,Clínica Centro,SAL-4106,4051740
Presupuesto,2025-02-01,Salud,Clínica Centro,SAL-5101,793310
Presupuesto,2025-02-01,Salud,Clínica Centro,SAL-5102,3173240
Presupuesto,2025-02-01,Salud,Clínica Centro,SAL-5103,1147545
Presupuesto,2025-02-01,Salud,Clínica Centro,SAL-5104,1402555
Presupuesto,2025-02-01,Salud,Clínica Centro,SAL-5105,6375075
Presupuesto,2025-02-01,Salud,Clínica Centro,SAL-5106,2125025
Presupuesto,2025-02-01,Salud,Clínica Centro,SAL-6101,566650
Presupuesto,2025-02-01,Salud,Clínica Centro,SAL-6102,566650
Presupuesto,2025-02-01,Salud,Clínica Centro,SAL-6103,595105
Presupuesto,2025-02-01,Salud,Clínica Centro,SAL-6104,255045
Presupuesto,2025-02-01,Salud,Clínica Centro,SAL-6105,233730
Presupuesto,2025-02-01,Salud,Clínica Centro,SAL-6106,1324470
Presupuesto,2025-02-01,Salud,Clínica Centro,SAL-6107,249340
Presupuesto,2025-02-01,Salud,Clínica Centro,SAL-6108,374010
Presupuesto,2025-02-01,Salud,Clínica Oriente,SAL-4101,8670060
Presupuesto,2025-02-01,Salud,Clínica Oriente,SAL-4102,3715740
Presupuesto,2025-02-01,Salud,Clínica Oriente,SAL-4103,1639238
Presupuesto,2025-02-01,Salud,Clínica Oriente,SAL-4104,4917713
Presupuesto,2025-02-01,Salud,Clínica Oriente,SAL-4105,4262220
Presupuesto,2025-02-01,Salud,Clínica Oriente,SAL-4106,5209380
Presupuesto,2025-02-01,Salud,Clínica Oriente,SAL-5101,1019970
Presupuesto,2025-02-01,Salud,Clínica Oriente,SAL-5102,4079880
Presupuesto,2025-02-01,Salud,Clínica Oriente,SAL-5103,1475415
Presupuesto,2025-02-01,Salud,Clínica Oriente,SAL-5104,1803285
Presupuesto,2025-02-01,Salud,Clínica Oriente,SAL-5105,8196525
Presupuesto,2025-02-01,Salud,Clínica Oriente,SAL-5106,2732175
Presupuesto,2025-02-01,Salud,Clínica Oriente,SAL-6101,728550
Presupuesto,2025-02-01,Salud,Clínica Oriente,SAL-6102,728550
Presupuesto,2025-02-01,Salud,Clínica Oriente,SAL-6103,765135
Presupuesto,2025-02-01,Salud,Clínica Oriente,SAL-6104,327915
Presupuesto,2025-02-01,Salud,Clínica Oriente,SAL-6105,300510
Presupuesto,2025-02-01,Salud,Clínica Oriente,SAL-6106,1702890
Presupuesto,2025-02-01,Salud,Clínica Oriente,SAL-6107,320580
Presupuesto,2025-02-01,Salud,Clínica Oriente,SAL-6108,480870
Presupuesto,2025-02-01,Salud,Clínica Poniente,SAL-4101,3853360
Presupuesto,2025-02-01,Salud,Clínica Poniente,SAL-4102,1651440
Presupuesto,2025-02-01,Salud,Clínica Poniente,SAL-4103,728550
Presupuesto,2025-02-01,Salud,Clínica Poniente,SAL-4104,2185650
Presupuesto,2025-02-01,Salud,Clínica Poniente,SAL-4105,1894320
Presupuesto,2025-02-01,Salud,Clínica Poniente,SAL-4106,2315280
Presupuesto,2025-02-01,Salud,Clínica Poniente,SAL-5101,453320
Presupuesto,2025-02-01,Salud,Clínica Poniente,SAL-5102,1813280
Presupuesto,2025-02-01,Salud,Clínica Poniente,SAL-5103,655740
Presupuesto,2025-02-01,Salud,Clínica Poniente,SAL-5104,801460
Presupuesto,2025-02-01,Salud,Clínica Poniente,SAL-5105,3642900
Presupuesto,2025-02-01,Salud,Clínica Poniente,SAL-5106,1214300
Presupuesto,2025-02-01,Salud,Clínica Poniente,SAL-6101,323800
Presupuesto,2025-02-01,Salud,Clínica Poniente,SAL-6102,323800
Presupuesto,2025-02-01,Salud,Clínica Poniente,SAL-6103,340060
Presupuesto,2025-02-01,Salud,Clínica Poniente,SAL-6104,145740
Presupuesto,2025-02-01,Salud,Clínica Poniente,SAL-6105,133560
Presupuesto,2025-02-01,Salud,Clínica Poniente,SAL-6106,756840
Presupuesto,2025-02-01,Salud,Clínica Poniente,SAL-6107,142480
Presupuesto,2025-02-01,Salud,Clínica Poniente,SAL-6108,213720
Presupuesto,2025-03-01,Salud,Clínica Centro,SAL-4101,7933345
Presupuesto,2025-03-01,Salud,Clínica Centro,SAL-4102,3400005
Presupuesto,2025-03-01,Salud,Clínica Centro,SAL-4103,1500012
Presupuesto,2025-03-01,Salud,Clínica Centro,SAL-4104,4500037
Presupuesto,2025-03-01,Salud,Clínica Centro,SAL-4105,3900015
Presupuesto,2025-03-01,Salud,Clínica Centro,SAL-4106,4766685
Presupuesto,2025-03-01,Salud,Clínica Centro,SAL-5101,933310
Presupuesto,2025-03-01,Salud,Clínica Centro,SAL-5102,3733240
Presupuesto,2025-03-01,Salud,Clínica Centro,SAL-5103,1349932
Presupuesto,2025-03-01,Salud,Clínica Centro,SAL-5104,1649917
Presupuesto,2025-03-01,Salud,Clínica Centro,SAL-5105,7499887
Presupuesto,2025-03-01,Salud,Clínica Centro,SAL-5106,2499962
Presupuesto,2025-03-01,Salud,Clínica Centro,SAL-6101,666750
Presupuesto,2025-03-01,Salud,Clínica Centro,SAL-6102,666750
Presupuesto,2025-03-01,Salud,Clínica Centro,SAL-6103,699965
Presupuesto,2025-03-01,Salud,Clínica Centro,SAL-6104,299985
Presupuesto,2025-03-01,Salud,Clínica Centro,SAL-6105,274995
Presupuesto,2025-03-01,Salud,Clínica Centro,SAL-6106,1558305
Presupuesto,2025-03-01,Salud,Clínica Centro,SAL-6107,293300
Presupuesto,2025-03-01,Salud,Clínica Centro,SAL-6108,439950
Presupuesto,2025-03-01,Salud,Clínica Oriente,SAL-4101,10200015
Presupuesto,2025-03-01,Salud,Clínica Oriente,SAL-4102,4371435
Presupuesto,2025-03-01,Salud,Clínica Oriente,SAL-4103,1928588
Presupuesto,2025-03-01,Salud,Clínica Oriente,SAL-4104,5785763
Presupuesto,2025-03-01,Salud,Clínica Oriente,SAL-4105,5014305
Presupuesto,2025-03-01,Salud,Clínica Oriente,SAL-4106,6128595
Presupuesto,2025-03-01,Salud,Clínica Oriente,SAL-5101,1199970
Presupuesto,2025-03-01,Salud,Clínica Oriente,SAL-5102,4799880
Presupuesto,2025-03-01,Salud,Clínica Oriente,SAL-5103,1735628
Presupuesto,2025-03-01,Salud,Clínica Oriente,SAL-5104,2121323
Presupuesto,2025-03-01,Salud,Clínica Oriente,SAL-5105,9642713
Presupuesto,2025-03-01,Salud,Clínica Oriente,SAL-5106,3214238
Presupuesto,2025-03-01,Salud,Clínica Oriente,SAL-6101,857250
Presupuesto,2025-03-01,Salud,Clínica Oriente,SAL-6102,857250
Presupuesto,2025-03-01,Salud,Clínica Oriente,SAL-6103,899955
Presupuesto,2025-03-01,Salud,Clínica Oriente,SAL-6104,385695
Presupuesto,2025-03-01,Salud,Clínica Oriente,SAL-6105,353565
Presupuesto,2025-03-01,Salud,Clínica Oriente,SAL-6106,2003535
Presupuesto,2025-03-01,Salud,Clínica Oriente,SAL-6107,377100
Presupuesto,2025-03-01,Salud,Clínica Oriente,SAL-6108,565650
Presupuesto,2025-03-01,Salud,Clínica Poniente,SAL-4101,4533340
Presupuesto,2025-03-01,Salud,Clínica Poniente,SAL-4102,1942860
Presupuesto,2025-03-01,Salud,Clínica Poniente,SAL-4103,857150
Presupuesto,2025-03-01,Salud,Clínica Poniente,SAL-4104,2571450
Presupuesto,2025-03-01,Salud,Clínica Poniente,SAL-4105,2228580
Presupuesto,2025-03-01,Salud,Clínica Poniente,SAL-4106,2723820
Presupuesto,2025-03-01,Salud,Clínica Poniente,SAL-5101,533320
Presupuesto,2025-03-01,Salud,Clínica Poniente,SAL-5102,2133280
Presupuesto,2025-03-01,Salud,Clínica Poniente,SAL-5103,771390
Presupuesto,2025-03-01,Salud,Clínica Poniente,SAL-5104,942810
Presupuesto,2025-03-01,Salud,Clínica Poniente,SAL-5105,4285650
Presupuesto,2025-03-01,Salud,Clínica Poniente,SAL-5106,1428550
Presupuesto,2025-03-01,Salud,Clínica Poniente,SAL-6101,381000
Presupuesto,2025-03-01,Salud,Clínica Poniente,SAL-6102,381000
Presupuesto,2025-03-01,Salud,Clínica Poniente,SAL-6103,399980
Presupuesto,2025-03-01,Salud,Clínica Poniente,SAL-6104,171420
Presupuesto,2025-03-01,Salud,Clínica Poniente,SAL-6105,157140
Presupuesto,2025-03-01,Salud,Clínica Poniente,SAL-6106,890460
Presupuesto,2025-03-01,Salud,Clínica Poniente,SAL-6107,167600
Presupuesto,2025-03-01,Salud,Clínica Poniente,SAL-6108,251400
Presupuesto,2025-04-01,Salud,Clínica Centro,SAL-4101,7933345
Presupuesto,2025-04-01,Salud,Clínica Centro,SAL-4102,3400005
Presupuesto,2025-04-01,Salud,Clínica Centro,SAL-4103,1500012
Presupuesto,2025-04-01,Salud,Clínica Centro,SAL-4104,4500037
Presupuesto,2025-04-01,Salud,Clínica Centro,SAL-4105,3900015
Presupuesto,2025-04-01,Salud,Clínica Centro,SAL-4106,4766685
Presupuesto,2025-04-01,Salud,Clínica Centro,SAL-5101,933310
Presupuesto,2025-04-01,Salud,Clínica Centro,SAL-5102,3733240
Presupuesto,2025-04-01,Salud,Clínica Centro,SAL-5103,1349932
Presupuesto,2025-04-01,Salud,Clínica Centro,SAL-5104,1649917
Presupuesto,2025-04-01,Salud,Clínica Centro,SAL-5105,7499887
Presupuesto,2025-04-01,Salud,Clínica Centro,SAL-5106,2499962
Presupuesto,2025-04-01,Salud,Clínica Centro,SAL-6101,666750
Presupuesto,2025-04-01,Salud,Clínica Centro,SAL-6102,666750
Presupuesto,2025-04-01,Salud,Clínica Centro,SAL-6103,699965
Presupuesto,2025-04-01,Salud,Clínica Centro,SAL-6104,299985
Presupuesto,2025-04-01,Salud,Clínica Centro,SAL-6105,274995
Presupuesto,2025-04-01,Salud,Clínica Centro,SAL-6106,1558305
Presupuesto,2025-04-01,Salud,Clínica Centro,SAL-6107,293300
Presupuesto,2025-04-01,Salud,Clínica Centro,SAL-6108,439950
Presupuesto,2025-04-01,Salud,Clínica Oriente,SAL-4101,10200015
Presupuesto,2025-04-01,Salud,Clínica Oriente,SAL-4102,4371435
Presupuesto,2025-04-01,Salud,Clínica Oriente,SAL-4103,1928588
Presupuesto,2025-04-01,Salud,Clínica Oriente,SAL-4104,5785763
Presupuesto,2025-04-01,Salud,Clínica Oriente,SAL-4105,5014305
Presupuesto,2025-04-01,Salud,Clínica Oriente,SAL-4106,6128595
Presupuesto,2025-04-01,Salud,Clínica Oriente,SAL-5101,1199970
Presupuesto,2025-04-01,Salud,Clínica Oriente,SAL-5102,4799880
Presupuesto,2025-04-01,Salud,Clínica Oriente,SAL-5103,1735628
Presupuesto,2025-04-01,Salud,Clínica Oriente,SAL-5104,2121323
Presupuesto,2025-04-01,Salud,Clínica Oriente,SAL-5105,9642713
Presupuesto,2025-04-01,Salud,Clínica Oriente,SAL-5106,3214238
Presupuesto,2025-04-01,Salud,Clínica Oriente,SAL-6101,857250
Presupuesto,2025-04-01,Salud,Clínica Oriente,SAL-6102,857250
Presupuesto,2025-04-01,Salud,Clínica Oriente,SAL-6103,899955
Presupuesto,2025-04-01,Salud,Clínica Oriente,SAL-6104,385695
Presupuesto,2025-04-01,Salud,Clínica Oriente,SAL-6105,353565
Presupuesto,2025-04-01,Salud,Clínica Oriente,SAL-6106,2003535
Presupuesto,2025-04-01,Salud,Clínica Oriente,SAL-6107,377100
Presupuesto,2025-04-01,Salud,Clínica Oriente,SAL-6108,565650
Presupuesto,2025-04-01,Salud,Clínica Poniente,SAL-4101,4533340
Presupuesto,2025-04-01,Salud,Clínica Poniente,SAL-4102,1942860
Presupuesto,2025-04-01,Salud,Clínica Poniente,SAL-4103,857150
Presupuesto,2025-04-01,Salud,Clínica Poniente,SAL-4104,2571450
Presupuesto,2025-04-01,Salud,Clínica Poniente,SAL-4105,2228580
Presupuesto,2025-04-01,Salud,Clínica Poniente,SAL-4106,2723820
Presupuesto,2025-04-01,Salud,Clínica Poniente,SAL-5101,533320
Presupuesto,2025-04-01,Salud,Clínica Poniente,SAL-5102,2133280
Presupuesto,2025-04-01,Salud,Clínica Poniente,SAL-5103,771390
Presupuesto,2025-04-01,Salud,Clínica Poniente,SAL-5104,942810
Presupuesto,2025-04-01,Salud,Clínica Poniente,SAL-5105,4285650
Presupuesto,2025-04-01,Salud,Clínica Poniente,SAL-5106,1428550
Presupuesto,2025-04-01,Salud,Clínica Poniente,SAL-6101,381000
Presupuesto,2025-04-01,Salud,Clínica Poniente,SAL-6102,381000
Presupuesto,2025-04-01,Salud,Clínica Poniente,SAL-6103,399980
Presupuesto,2025-04-01,Salud,Clínica Poniente,SAL-6104,171420
Presupuesto,2025-04-01,Salud,Clínica Poniente,SAL-6105,157140
Presupuesto,2025-04-01,Salud,Clínica Poniente,SAL-6106,890460
Presupuesto,2025-04-01,Salud,Clínica Poniente,SAL-6107,167600
Presupuesto,2025-04-01,Salud,Clínica Poniente,SAL-6108,251400
Presupuesto,2025-05-01,Salud,Clínica Centro,SAL-4101,7933345
Presupuesto,2025-05-01,Salud,Clínica Centro,SAL-4102,3400005
Presupuesto,2025-05-01,Salud,Clínica Centro,SAL-4103,1500012
Presupuesto,2025-05-01,Salud,Clínica Centro,SAL-4104,4500037
Presupuesto,2025-05-01,Salud,Clínica Centro,SAL-4105,3900015
Presupuesto,2025-05-01,Salud,Clínica Centro,SAL-4106,4766685
Presupuesto,2025-05-01,Salud,Clínica Centro,SAL-5101,933310
Presupuesto,2025-05-01,Salud,Clínica Centro,SAL-5102,3733240
Presupuesto,2025-05-01,Salud,Clínica Centro,SAL-5103,1349932
Presupuesto,2025-05-01,Salud,Clínica Centro,SAL-5104,1649917
Presupuesto,2025-05-01,Salud,Clínica Centro,SAL-5105,7499887
Presupuesto,2025-05-01,Salud,Clínica Centro,SAL-5106,2499962
Presupuesto,2025-05-01,Salud,Clínica Centro,SAL-6101,666750
Presupuesto,2025-05-01,Salud,Clínica Centro,SAL-6102,666750
Presupuesto,2025-05-01,Salud,Clínica Centro,SAL-6103,699965
Presupuesto,2025-05-01,Salud,Clínica Centro,SAL-6104,299985
Presupuesto,2025-05-01,Salud,Clínica Centro,SAL-6105,274995
Presupuesto,2025-05-01,Salud,Clínica Centro,SAL-6106,1558305
Presupuesto,2025-05-01,Salud,Clínica Centro,SAL-6107,293300
Presupuesto,2025-05-01,Salud,Clínica Centro,SAL-6108,439950
Presupuesto,2025-05-01,Salud,Clínica Oriente,SAL-4101,10200015
Presupuesto,2025-05-01,Salud,Clínica Oriente,SAL-4102,4371435
Presupuesto,2025-05-01,Salud,Clínica Oriente,SAL-4103,1928588
Presupuesto,2025-05-01,Salud,Clínica Oriente,SAL-4104,5785763
Presupuesto,2025-05-01,Salud,Clínica Oriente,SAL-4105,5014305
Presupuesto,2025-05-01,Salud,Clínica Oriente,SAL-4106,6128595
Presupuesto,2025-05-01,Salud,Clínica Oriente,SAL-5101,1199970
Presupuesto,2025-05-01,Salud,Clínica Oriente,SAL-5102,4799880
Presupuesto,2025-05-01,Salud,Clínica Oriente,SAL-5103,1735628
Presupuesto,2025-05-01,Salud,Clínica Oriente,SAL-5104,2121323
Presupuesto,2025-05-01,Salud,Clínica Oriente,SAL-5105,9642713
Presupuesto,2025-05-01,Salud,Clínica Oriente,SAL-5106,3214238
Presupuesto,2025-05-01,Salud,Clínica Oriente,SAL-6101,857250
Presupuesto,2025-05-01,Salud,Clínica Oriente,SAL-6102,857250
Presupuesto,2025-05-01,Salud,Clínica Oriente,SAL-6103,899955
Presupuesto,2025-05-01,Salud,Clínica Oriente,SAL-6104,385695
Presupuesto,2025-05-01,Salud,Clínica Oriente,SAL-6105,353565
Presupuesto,2025-05-01,Salud,Clínica Oriente,SAL-6106,2003535
Presupuesto,2025-05-01,Salud,Clínica Oriente,SAL-6107,377100
Presupuesto,2025-05-01,Salud,Clínica Oriente,SAL-6108,565650
Presupuesto,2025-05-01,Salud,Clínica Poniente,SAL-4101,4533340
Presupuesto,2025-05-01,Salud,Clínica Poniente,SAL-4102,1942860
Presupuesto,2025-05-01,Salud,Clínica Poniente,SAL-4103,857150
Presupuesto,2025-05-01,Salud,Clínica Poniente,SAL-4104,2571450
Presupuesto,2025-05-01,Salud,Clínica Poniente,SAL-4105,2228580
Presupuesto,2025-05-01,Salud,Clínica Poniente,SAL-4106,2723820
Presupuesto,2025-05-01,Salud,Clínica Poniente,SAL-5101,533320
Presupuesto,2025-05-01,Salud,Clínica Poniente,SAL-5102,2133280
Presupuesto,2025-05-01,Salud,Clínica Poniente,SAL-5103,771390
Presupuesto,2025-05-01,Salud,Clínica Poniente,SAL-5104,942810
Presupuesto,2025-05-01,Salud,Clínica Poniente,SAL-5105,4285650
Presupuesto,2025-05-01,Salud,Clínica Poniente,SAL-5106,1428550
Presupuesto,2025-05-01,Salud,Clínica Poniente,SAL-6101,381000
Presupuesto,2025-05-01,Salud,Clínica Poniente,SAL-6102,381000
Presupuesto,2025-05-01,Salud,Clínica Poniente,SAL-6103,399980
Presupuesto,2025-05-01,Salud,Clínica Poniente,SAL-6104,171420
Presupuesto,2025-05-01,Salud,Clínica Poniente,SAL-6105,157140
Presupuesto,2025-05-01,Salud,Clínica Poniente,SAL-6106,890460
Presupuesto,2025-05-01,Salud,Clínica Poniente,SAL-6107,167600
Presupuesto,2025-05-01,Salud,Clínica Poniente,SAL-6108,251400
Presupuesto,2025-06-01,Salud,Clínica Centro,SAL-4101,8885415
Presupuesto,2025-06-01,Salud,Clínica Centro,SAL-4102,3808035
Presupuesto,2025-06-01,Salud,Clínica Centro,SAL-4103,1680000
Presupuesto,2025-06-01,Salud,Clínica Centro,SAL-4104,5040000
Presupuesto,2025-06-01,Salud,Clínica Centro,SAL-4105,4367947
Presupuesto,2025-06-01,Salud,Clínica Centro,SAL-4106,5338602
Presupuesto,2025-06-01,Salud,Clínica Centro,SAL-5101,1045310
Presupuesto,2025-06-01,Salud,Clínica Centro,SAL-5102,4181240
Presupuesto,2025-06-01,Salud,Clínica Centro,SAL-5103,1512000
Presupuesto,2025-06-01,Salud,Clínica Centro,SAL-5104,1848000
Presupuesto,2025-06-01,Salud,Clínica Centro,SAL-5105,8400000
Presupuesto,2025-06-01,Salud,Clínica Centro,SAL-5106,2800000
Presupuesto,2025-06-01,Salud,Clínica Centro,SAL-6101,746725
Presupuesto,2025-06-01,Salud,Clínica Centro,SAL-6102,746725
Presupuesto,2025-06-01,Salud,Clínica Centro,SAL-6103,784000
Presupuesto,2025-06-01,Salud,Clínica Centro,SAL-6104,336000
Presupuesto,2025-06-01,Salud,Clínica Centro,SAL-6105,308017
Presupuesto,2025-06-01,Salud,Clínica Centro,SAL-6106,1745432
Presupuesto,2025-06-01,Salud,Clínica Centro,SAL-6107,328580
Presupuesto,2025-06-01,Salud,Clínica Centro,SAL-6108,492870
Presupuesto,2025-06-01,Salud,Clínica Oriente,SAL-4101,11424105
Presupuesto,2025-06-01,Salud,Clínica Oriente,SAL-4102,4896045
Presupuesto,2025-06-01,Salud,Clínica Oriente,SAL-4103,2160000
Presupuesto,2025-06-01,Salud,Clínica Oriente,SAL-4104,6480000
Presupuesto,2025-06-01,Salud,Clínica Oriente,SAL-4105,5615933
Presupuesto,2025-06-01,Salud,Clínica Oriente,SAL-4106,6863918
Presupuesto,2025-06-01,Salud,Clínica Oriente,SAL-5101,1343970
Presupuesto,2025-06-01,Salud,Clínica Oriente,SAL-5102,5375880
Presupuesto,2025-06-01,Salud,Clínica Oriente,SAL-5103,1944000
Presupuesto,2025-06-01,Salud,Clínica Oriente,SAL-5104,2376000
Presupuesto,2025-06-01,Salud,Clínica Oriente,SAL-5105,10800000
Presupuesto,2025-06-01,Salud,Clínica Oriente,SAL-5106,3600000
Presupuesto,2025-06-01,Salud,Clínica Oriente,SAL-6101,960075
Presupuesto,2025-06-01,Salud,Clínica Oriente,SAL-6102,960075
Presupuesto,2025-06-01,Salud,Clínica Oriente,SAL-6103,1008000
Presupuesto,2025-06-01,Salud,Clínica Oriente,SAL-6104,432000
Presupuesto,2025-06-01,Salud,Clínica Oriente,SAL-6105,396023
Presupuesto,2025-06-01,Salud,Clínica Oriente,SAL-6106,2244128
Presupuesto,2025-06-01,Salud,Clínica Oriente,SAL-6107,422460
Presupuesto,2025-06-01,Salud,Clínica Oriente,SAL-6108,633690
Presupuesto,2025-06-01,Salud,Clínica Poniente,SAL-4101,5077380
Presupuesto,2025-06-01,Salud,Clínica Poniente,SAL-4102,2176020
Presupuesto,2025-06-01,Salud,Clínica Poniente,SAL-4103,960000
Presupuesto,2025-06-01,Salud,Clínica Poniente,SAL-4104,2880000
Presupuesto,2025-06-01,Salud,Clínica Poniente,SAL-4105,2495970
Presupuesto,2025-06-01,Salud,Clínica Poniente,SAL-4106,3050630
Presupuesto,2025-06-01,Salud,Clínica Poniente,SAL-5101,597320
Presupuesto,2025-06-01,Salud,Clínica Poniente,SAL-5102,2389280
Presupuesto,2025-06-01,Salud,Clínica Poniente,SAL-5103,864000
Presupuesto,2025-06-01,Salud,Clínica Poniente,SAL-5104,1056000
Presupuesto,2025-06-01,Salud,Clínica Poniente,SAL-5105,4800000
Presupuesto,2025-06-01,Salud,Clínica Poniente,SAL-5106,1600000
Presupuesto,2025-06-01,Salud,Clínica Poniente,SAL-6101,426700
Presupuesto,2025-06-01,Salud,Clínica Poniente,SAL-6102,426700
Presupuesto,2025-06-01,Salud,Clínica Poniente,SAL-6103,448000
Presupuesto,2025-06-01,Salud,Clínica Poniente,SAL-6104,192000
Presupuesto,2025-06-01,Salud,Clínica Poniente,SAL-6105,176010
Presupuesto,2025-06-01,Salud,Clínica Poniente,SAL-6106,997390
Presupuesto,2025-06-01,Salud,Clínica Poniente,SAL-6107,187760
Presupuesto,2025-06-01,Salud,Clínica Poniente,SAL-6108,281640
Presupuesto,2025-07-01,Salud,Clínica Centro,SAL-4101,8885415
Presupuesto,2025-07-01,Salud,Clínica Centro,SAL-4102,3808035
Presupuesto,2025-07-01,Salud,Clínica Centro,SAL-4103,1680000
Presupuesto,2025-07-01,Salud,Clínica Centro,SAL-4104,5040000
Presupuesto,2025-07-01,Salud,Clínica Centro,SAL-4105,4367947
Presupuesto,2025-07-01,Salud,Clínica Centro,SAL-4106,5338602
Presupuesto,2025-07-01,Salud,Clínica Centro,SAL-5101,1045310
Presupuesto,2025-07-01,Salud,Clínica Centro,SAL-5102,4181240
Presupuesto,2025-07-01,Salud,Clínica Centro,SAL-5103,1512000
Presupuesto,2025-07-01,Salud,Clínica Centro,SAL-5104,1848000
Presupuesto,2025-07-01,Salud,Clínica Centro,SAL-5105,8400000
Presupuesto,2025-07-01,Salud,Clínica Centro,SAL-5106,2800000
Presupuesto,2025-07-01,Salud,Clínica Centro,SAL-6101,746725
Presupuesto,2025-07-01,Salud,Clínica Centro,SAL-6102,746725
Presupuesto,2025-07-01,Salud,Clínica Centro,SAL-6103,784000
Presupuesto,2025-07-01,Salud,Clínica Centro,SAL-6104,336000
Presupuesto,2025-07-01,Salud,Clínica Centro,SAL-6105,308017
Presupuesto,2025-07-01,Salud,Clínica Centro,SAL-6106,1745432
Presupuesto,2025-07-01,Salud,Clínica Centro,SAL-6107,328580
Presupuesto,2025-07-01,Salud,Clínica Centro,SAL-6108,492870
Presupuesto,2025-07-01,Salud,Clínica Oriente,SAL-4101,11424105
Presupuesto,2025-07-01,Salud,Clínica Oriente,SAL-4102,4896045
Presupuesto,2025-07-01,Salud,Clínica Oriente,SAL-4103,2160000
Presupuesto,2025-07-01,Salud,Clínica Oriente,SAL-4104,6480000
Presupuesto,2025-07-01,Salud,Clínica Oriente,SAL-4105,5615933
Presupuesto,2025-07-01,Salud,Clínica Oriente,SAL-4106,6863918
Presupuesto,2025-07-01,Salud,Clínica Oriente,SAL-5101,1343970
Presupuesto,2025-07-01,Salud,Clínica Oriente,SAL-5102,5375880
Presupuesto,2025-07-01,Salud,Clínica Oriente,SAL-5103,1944000
Presupuesto,2025-07-01,Salud,Clínica Oriente,SAL-5104,2376000
Presupuesto,2025-07-01,Salud,Clínica Oriente,SAL-5105,10800000
Presupuesto,2025-07-01,Salud,Clínica Oriente,SAL-5106,3600000
Presupuesto,2025-07-01,Salud,Clínica Oriente,SAL-6101,960075
Presupuesto,2025-07-01,Salud,Clínica Oriente,SAL-6102,960075
Presupuesto,2025-07-01,Salud,Clínica Oriente,SAL-6103,1008000
Presupuesto,2025-07-01,Salud,Clínica Oriente,SAL-6104,432000
Presupuesto,2025-07-01,Salud,Clínica Oriente,SAL-6105,396023
Presupuesto,2025-07-01,Salud,Clínica Oriente,SAL-6106,2244128
Presupuesto,2025-07-01,Salud,Clínica Oriente,SAL-6107,422460
Presupuesto,2025-07-01,Salud,Clínica Oriente,SAL-6108,633690
Presupuesto,2025-07-01,Salud,Clínica Poniente,SAL-4101,5077380
Presupuesto,2025-07-01,Salud,Clínica Poniente,SAL-4102,2176020
Presupuesto,2025-07-01,Salud,Clínica Poniente,SAL-4103,960000
Presupuesto,2025-07-01,Salud,Clínica Poniente,SAL-4104,2880000
Presupuesto,2025-07-01,Salud,Clínica Poniente,SAL-4105,2495970
Presupuesto,2025-07-01,Salud,Clínica Poniente,SAL-4106,3050630
Presupuesto,2025-07-01,Salud,Clínica Poniente,SAL-5101,597320
Presupuesto,2025-07-01,Salud,Clínica Poniente,SAL-5102,2389280
Presupuesto,2025-07-01,Salud,Clínica Poniente,SAL-5103,864000
Presupuesto,2025-07-01,Salud,Clínica Poniente,SAL-5104,1056000
Presupuesto,2025-07-01,Salud,Clínica Poniente,SAL-5105,4800000
Presupuesto,2025-07-01,Salud,Clínica Poniente,SAL-5106,1600000
Presupuesto,2025-07-01,Salud,Clínica Poniente,SAL-6101,426700
Presupuesto,2025-07-01,Salud,Clínica Poniente,SAL-6102,426700
Presupuesto,2025-07-01,Salud,Clínica Poniente,SAL-6103,448000
Presupuesto,2025-07-01,Salud,Clínica Poniente,SAL-6104,192000
Presupuesto,2025-07-01,Salud,Clínica Poniente,SAL-6105,176010
Presupuesto,2025-07-01,Salud,Clínica Poniente,SAL-6106,997390
Presupuesto,2025-07-01,Salud,Clínica Poniente,SAL-6107,187760
Presupuesto,2025-07-01,Salud,Clínica Poniente,SAL-6108,281640
Presupuesto,2025-08-01,Salud,Clínica Centro,SAL-4101,8885415
Presupuesto,2025-08-01,Salud,Clínica Centro,SAL-4102,3808035
Presupuesto,2025-08-01,Salud,Clínica Centro,SAL-4103,1680000
Presupuesto,2025-08-01,Salud,Clínica Centro,SAL-4104,5040000
Presupuesto,2025-08-01,Salud,Clínica Centro,SAL-4105,4367947
Presupuesto,2025-08-01,Salud,Clínica Centro,SAL-4106,5338602
Presupuesto,2025-08-01,Salud,Clínica Centro,SAL-5101,1045310
Presupuesto,2025-08-01,Salud,Clínica Centro,SAL-5102,4181240
Presupuesto,2025-08-01,Salud,Clínica Centro,SAL-5103,1512000
Presupuesto,2025-08-01,Salud,Clínica Centro,SAL-5104,1848000
Presupuesto,2025-08-01,Salud,Clínica Centro,SAL-5105,8400000
Presupuesto,2025-08-01,Salud,Clínica Centro,SAL-5106,2800000
Presupuesto,2025-08-01,Salud,Clínica Centro,SAL-6101,746725
Presupuesto,2025-08-01,Salud,Clínica Centro,SAL-6102,746725
Presupuesto,2025-08-01,Salud,Clínica Centro,SAL-6103,784000
Presupuesto,2025-08-01,Salud,Clínica Centro,SAL-6104,336000
Presupuesto,2025-08-01,Salud,Clínica Centro,SAL-6105,308017
Presupuesto,2025-08-01,Salud,Clínica Centro,SAL-6106,1745432
Presupuesto,2025-08-01,Salud,Clínica Centro,SAL-6107,328580
Presupuesto,2025-08-01,Salud,Clínica Centro,SAL-6108,492870
Presupuesto,2025-08-01,Salud,Clínica Oriente,SAL-4101,11424105
Presupuesto,2025-08-01,Salud,Clínica Oriente,SAL-4102,4896045
Presupuesto,2025-08-01,Salud,Clínica Oriente,SAL-4103,2160000
Presupuesto,2025-08-01,Salud,Clínica Oriente,SAL-4104,6480000
Presupuesto,2025-08-01,Salud,Clínica Oriente,SAL-4105,5615933
Presupuesto,2025-08-01,Salud,Clínica Oriente,SAL-4106,6863918
Presupuesto,2025-08-01,Salud,Clínica Oriente,SAL-5101,1343970
Presupuesto,2025-08-01,Salud,Clínica Oriente,SAL-5102,5375880
Presupuesto,2025-08-01,Salud,Clínica Oriente,SAL-5103,1944000
Presupuesto,2025-08-01,Salud,Clínica Oriente,SAL-5104,2376000
Presupuesto,2025-08-01,Salud,Clínica Oriente,SAL-5105,10800000
Presupuesto,2025-08-01,Salud,Clínica Oriente,SAL-5106,3600000
Presupuesto,2025-08-01,Salud,Clínica Oriente,SAL-6101,960075
Presupuesto,2025-08-01,Salud,Clínica Oriente,SAL-6102,960075
Presupuesto,2025-08-01,Salud,Clínica Oriente,SAL-6103,1008000
Presupuesto,2025-08-01,Salud,Clínica Oriente,SAL-6104,432000
Presupuesto,2025-08-01,Salud,Clínica Oriente,SAL-6105,396023
Presupuesto,2025-08-01,Salud,Clínica Oriente,SAL-6106,2244128
Presupuesto,2025-08-01,Salud,Clínica Oriente,SAL-6107,422460
Presupuesto,2025-08-01,Salud,Clínica Oriente,SAL-6108,633690
Presupuesto,2025-08-01,Salud,Clínica Poniente,SAL-4101,5077380
Presupuesto,2025-08-01,Salud,Clínica Poniente,SAL-4102,2176020
Presupuesto,2025-08-01,Salud,Clínica Poniente,SAL-4103,960000
Presupuesto,2025-08-01,Salud,Clínica Poniente,SAL-4104,2880000
Presupuesto,2025-08-01,Salud,Clínica Poniente,SAL-4105,2495970
Presupuesto,2025-08-01,Salud,Clínica Poniente,SAL-4106,3050630
Presupuesto,2025-08-01,Salud,Clínica Poniente,SAL-5101,597320
Presupuesto,2025-08-01,Salud,Clínica Poniente,SAL-5102,2389280
Presupuesto,2025-08-01,Salud,Clínica Poniente,SAL-5103,864000
Presupuesto,2025-08-01,Salud,Clínica Poniente,SAL-5104,1056000
Presupuesto,2025-08-01,Salud,Clínica Poniente,SAL-5105,4800000
Presupuesto,2025-08-01,Salud,Clínica Poniente,SAL-5106,1600000
Presupuesto,2025-08-01,Salud,Clínica Poniente,SAL-6101,426700
Presupuesto,2025-08-01,Salud,Clínica Poniente,SAL-6102,426700
Presupuesto,2025-08-01,Salud,Clínica Poniente,SAL-6103,448000
Presupuesto,2025-08-01,Salud,Clínica Poniente,SAL-6104,192000
Presupuesto,2025-08-01,Salud,Clínica Poniente,SAL-6105,176010
Presupuesto,2025-08-01,Salud,Clínica Poniente,SAL-6106,997390
Presupuesto,2025-08-01,Salud,Clínica Poniente,SAL-6107,187760
Presupuesto,2025-08-01,Salud,Clínica Poniente,SAL-6108,281640
Presupuesto,2025-09-01,Salud,Clínica Centro,SAL-4101,7933345
Presupuesto,2025-09-01,Salud,Clínica Centro,SAL-4102,3400005
Presupuesto,2025-09-01,Salud,Clínica Centro,SAL-4103,1500012
Presupuesto,2025-09-01,Salud,Clínica Centro,SAL-4104,4500037
Presupuesto,2025-09-01,Salud,Clínica Centro,SAL-4105,3900015
Presupuesto,2025-09-01,Salud,Clínica Centro,SAL-4106,4766685
Presupuesto,2025-09-01,Salud,Clínica Centro,SAL-5101,933310
Presupuesto,2025-09-01,Salud,Clínica Centro,SAL-5102,3733240
Presupuesto,2025-09-01,Salud,Clínica Centro,SAL-5103,1349932
Presupuesto,2025-09-01,Salud,Clínica Centro,SAL-5104,1649917
Presupuesto,2025-09-01,Salud,Clínica Centro,SAL-5105,7499887
Presupuesto,2025-09-01,Salud,Clínica Centro,SAL-5106,2499962
Presupuesto,2025-09-01,Salud,Clínica Centro,SAL-6101,666750
Presupuesto,2025-09-01,Salud,Clínica Centro,SAL-6102,666750
Presupuesto,2025-09-01,Salud,Clínica Centro,SAL-6103,699965
Presupuesto,2025-09-01,Salud,Clínica Centro,SAL-6104,299985
Presupuesto,2025-09-01,Salud,Clínica Centro,SAL-6105,274995
Presupuesto,2025-09-01,Salud,Clínica Centro,SAL-6106,1558305
Presupuesto,2025-09-01,Salud,Clínica Centro,SAL-6107,293300
Presupuesto,2025-09-01,Salud,Clínica Centro,SAL-6108,439950
Presupuesto,2025-09-01,Salud,Clínica Oriente,SAL-4101,10200015
Presupuesto,2025-09-01,Salud,Clínica Oriente,SAL-4102,4371435
Presupuesto,2025-09-01,Salud,Clínica Oriente,SAL-4103,1928588
Presupuesto,2025-09-01,Salud,Clínica Oriente,SAL-4104,5785763
Presupuesto,2025-09-01,Salud,Clínica Oriente,SAL-4105,5014305
Presupuesto,2025-09-01,Salud,Clínica Oriente,SAL-4106,6128595
Presupuesto,2025-09-01,Salud,Clínica Oriente,SAL-5101,1199970
Presupuesto,2025-09-01,Salud,Clínica Oriente,SAL-5102,4799880
Presupuesto,2025-09-01,Salud,Clínica Oriente,SAL-5103,1735628
Presupuesto,2025-09-01,Salud,Clínica Oriente,SAL-5104,2121323
Presupuesto,2025-09-01,Salud,Clínica Oriente,SAL-5105,9642713
Presupuesto,2025-09-01,Salud,Clínica Oriente,SAL-5106,3214238
Presupuesto,2025-09-01,Salud,Clínica Oriente,SAL-6101,857250
Presupuesto,2025-09-01,Salud,Clínica Oriente,SAL-6102,857250
Presupuesto,2025-09-01,Salud,Clínica Oriente,SAL-6103,899955
Presupuesto,2025-09-01,Salud,Clínica Oriente,SAL-6104,385695
Presupuesto,2025-09-01,Salud,Clínica Oriente,SAL-6105,353565
Presupuesto,2025-09-01,Salud,Clínica Oriente,SAL-6106,2003535
Presupuesto,2025-09-01,Salud,Clínica Oriente,SAL-6107,377100
Presupuesto,2025-09-01,Salud,Clínica Oriente,SAL-6108,565650
Presupuesto,2025-09-01,Salud,Clínica Poniente,SAL-4101,4533340
Presupuesto,2025-09-01,Salud,Clínica Poniente,SAL-4102,1942860
Presupuesto,2025-09-01,Salud,Clínica Poniente,SAL-4103,857150
Presupuesto,2025-09-01,Salud,Clínica Poniente,SAL-4104,2571450
Presupuesto,2025-09-01,Salud,Clínica Poniente,SAL-4105,2228580
Presupuesto,2025-09-01,Salud,Clínica Poniente,SAL-4106,2723820
Presupuesto,2025-09-01,Salud,Clínica Poniente,SAL-5101,533320
Presupuesto,2025-09-01,Salud,Clínica Poniente,SAL-5102,2133280
Presupuesto,2025-09-01,Salud,Clínica Poniente,SAL-5103,771390
Presupuesto,2025-09-01,Salud,Clínica Poniente,SAL-5104,942810
Presupuesto,2025-09-01,Salud,Clínica Poniente,SAL-5105,4285650
Presupuesto,2025-09-01,Salud,Clínica Poniente,SAL-5106,1428550
Presupuesto,2025-09-01,Salud,Clínica Poniente,SAL-6101,381000
Presupuesto,2025-09-01,Salud,Clínica Poniente,SAL-6102,381000
Presupuesto,2025-09-01,Salud,Clínica Poniente,SAL-6103,399980
Presupuesto,2025-09-01,Salud,Clínica Poniente,SAL-6104,171420
Presupuesto,2025-09-01,Salud,Clínica Poniente,SAL-6105,157140
Presupuesto,2025-09-01,Salud,Clínica Poniente,SAL-6106,890460
Presupuesto,2025-09-01,Salud,Clínica Poniente,SAL-6107,167600
Presupuesto,2025-09-01,Salud,Clínica Poniente,SAL-6108,251400
Presupuesto,2025-10-01,Salud,Clínica Centro,SAL-4101,7933345
Presupuesto,2025-10-01,Salud,Clínica Centro,SAL-4102,3400005
Presupuesto,2025-10-01,Salud,Clínica Centro,SAL-4103,1500012
Presupuesto,2025-10-01,Salud,Clínica Centro,SAL-4104,4500037
Presupuesto,2025-10-01,Salud,Clínica Centro,SAL-4105,3900015
Presupuesto,2025-10-01,Salud,Clínica Centro,SAL-4106,4766685
Presupuesto,2025-10-01,Salud,Clínica Centro,SAL-5101,933310
Presupuesto,2025-10-01,Salud,Clínica Centro,SAL-5102,3733240
Presupuesto,2025-10-01,Salud,Clínica Centro,SAL-5103,1349932
Presupuesto,2025-10-01,Salud,Clínica Centro,SAL-5104,1649917
Presupuesto,2025-10-01,Salud,Clínica Centro,SAL-5105,7499887
Presupuesto,2025-10-01,Salud,Clínica Centro,SAL-5106,2499962
Presupuesto,2025-10-01,Salud,Clínica Centro,SAL-6101,666750
Presupuesto,2025-10-01,Salud,Clínica Centro,SAL-6102,666750
Presupuesto,2025-10-01,Salud,Clínica Centro,SAL-6103,699965
Presupuesto,2025-10-01,Salud,Clínica Centro,SAL-6104,299985
Presupuesto,2025-10-01,Salud,Clínica Centro,SAL-6105,274995
Presupuesto,2025-10-01,Salud,Clínica Centro,SAL-6106,1558305
Presupuesto,2025-10-01,Salud,Clínica Centro,SAL-6107,293300
Presupuesto,2025-10-01,Salud,Clínica Centro,SAL-6108,439950
Presupuesto,2025-10-01,Salud,Clínica Oriente,SAL-4101,10200015
Presupuesto,2025-10-01,Salud,Clínica Oriente,SAL-4102,4371435
Presupuesto,2025-10-01,Salud,Clínica Oriente,SAL-4103,1928588
Presupuesto,2025-10-01,Salud,Clínica Oriente,SAL-4104,5785763
Presupuesto,2025-10-01,Salud,Clínica Oriente,SAL-4105,5014305
Presupuesto,2025-10-01,Salud,Clínica Oriente,SAL-4106,6128595
Presupuesto,2025-10-01,Salud,Clínica Oriente,SAL-5101,1199970
Presupuesto,2025-10-01,Salud,Clínica Oriente,SAL-5102,4799880
Presupuesto,2025-10-01,Salud,Clínica Oriente,SAL-5103,1735628
Presupuesto,2025-10-01,Salud,Clínica Oriente,SAL-5104,2121323
Presupuesto,2025-10-01,Salud,Clínica Oriente,SAL-5105,9642713
Presupuesto,2025-10-01,Salud,Clínica Oriente,SAL-5106,3214238
Presupuesto,2025-10-01,Salud,Clínica Oriente,SAL-6101,857250
Presupuesto,2025-10-01,Salud,Clínica Oriente,SAL-6102,857250
Presupuesto,2025-10-01,Salud,Clínica Oriente,SAL-6103,899955
Presupuesto,2025-10-01,Salud,Clínica Oriente,SAL-6104,385695
Presupuesto,2025-10-01,Salud,Clínica Oriente,SAL-6105,353565
Presupuesto,2025-10-01,Salud,Clínica Oriente,SAL-6106,2003535
Presupuesto,2025-10-01,Salud,Clínica Oriente,SAL-6107,377100
Presupuesto,2025-10-01,Salud,Clínica Oriente,SAL-6108,565650
Presupuesto,2025-10-01,Salud,Clínica Poniente,SAL-4101,4533340
Presupuesto,2025-10-01,Salud,Clínica Poniente,SAL-4102,1942860
Presupuesto,2025-10-01,Salud,Clínica Poniente,SAL-4103,857150
Presupuesto,2025-10-01,Salud,Clínica Poniente,SAL-4104,2571450
Presupuesto,2025-10-01,Salud,Clínica Poniente,SAL-4105,2228580
Presupuesto,2025-10-01,Salud,Clínica Poniente,SAL-4106,2723820
Presupuesto,2025-10-01,Salud,Clínica Poniente,SAL-5101,533320
Presupuesto,2025-10-01,Salud,Clínica Poniente,SAL-5102,2133280
Presupuesto,2025-10-01,Salud,Clínica Poniente,SAL-5103,771390
Presupuesto,2025-10-01,Salud,Clínica Poniente,SAL-5104,942810
Presupuesto,2025-10-01,Salud,Clínica Poniente,SAL-5105,4285650
Presupuesto,2025-10-01,Salud,Clínica Poniente,SAL-5106,1428550
Presupuesto,2025-10-01,Salud,Clínica Poniente,SAL-6101,381000
Presupuesto,2025-10-01,Salud,Clínica Poniente,SAL-6102,381000
Presupuesto,2025-10-01,Salud,Clínica Poniente,SAL-6103,399980
Presupuesto,2025-10-01,Salud,Clínica Poniente,SAL-6104,171420
Presupuesto,2025-10-01,Salud,Clínica Poniente,SAL-6105,157140
Presupuesto,2025-10-01,Salud,Clínica Poniente,SAL-6106,890460
Presupuesto,2025-10-01,Salud,Clínica Poniente,SAL-6107,167600
Presupuesto,2025-10-01,Salud,Clínica Poniente,SAL-6108,251400
Presupuesto,2025-11-01,Salud,Clínica Centro,SAL-4101,7933345
Presupuesto,2025-11-01,Salud,Clínica Centro,SAL-4102,3400005
Presupuesto,2025-11-01,Salud,Clínica Centro,SAL-4103,1500012
Presupuesto,2025-11-01,Salud,Clínica Centro,SAL-4104,4500037
Presupuesto,2025-11-01,Salud,Clínica Centro,SAL-4105,3900015
Presupuesto,2025-11-01,Salud,Clínica Centro,SAL-4106,4766685
Presupuesto,2025-11-01,Salud,Clínica Centro,SAL-5101,933310
Presupuesto,2025-11-01,Salud,Clínica Centro,SAL-5102,3733240
Presupuesto,2025-11-01,Salud,Clínica Centro,SAL-5103,1349932
Presupuesto,2025-11-01,Salud,Clínica Centro,SAL-5104,1649917
Presupuesto,2025-11-01,Salud,Clínica Centro,SAL-5105,7499887
Presupuesto,2025-11-01,Salud,Clínica Centro,SAL-5106,2499962
Presupuesto,2025-11-01,Salud,Clínica Centro,SAL-6101,666750
Presupuesto,2025-11-01,Salud,Clínica Centro,SAL-6102,666750
Presupuesto,2025-11-01,Salud,Clínica Centro,SAL-6103,699965
Presupuesto,2025-11-01,Salud,Clínica Centro,SAL-6104,299985
Presupuesto,2025-11-01,Salud,Clínica Centro,SAL-6105,274995
Presupuesto,2025-11-01,Salud,Clínica Centro,SAL-6106,1558305
Presupuesto,2025-11-01,Salud,Clínica Centro,SAL-6107,293300
Presupuesto,2025-11-01,Salud,Clínica Centro,SAL-6108,439950
Presupuesto,2025-11-01,Salud,Clínica Oriente,SAL-4101,10200015
Presupuesto,2025-11-01,Salud,Clínica Oriente,SAL-4102,4371435
Presupuesto,2025-11-01,Salud,Clínica Oriente,SAL-4103,1928588
Presupuesto,2025-11-01,Salud,Clínica Oriente,SAL-4104,5785763
Presupuesto,2025-11-01,Salud,Clínica Oriente,SAL-4105,5014305
Presupuesto,2025-11-01,Salud,Clínica Oriente,SAL-4106,6128595
Presupuesto,2025-11-01,Salud,Clínica Oriente,SAL-5101,1199970
Presupuesto,2025-11-01,Salud,Clínica Oriente,SAL-5102,4799880
Presupuesto,2025-11-01,Salud,Clínica Oriente,SAL-5103,1735628
Presupuesto,2025-11-01,Salud,Clínica Oriente,SAL-5104,2121323
Presupuesto,2025-11-01,Salud,Clínica Oriente,SAL-5105,9642713
Presupuesto,2025-11-01,Salud,Clínica Oriente,SAL-5106,3214238
Presupuesto,2025-11-01,Salud,Clínica Oriente,SAL-6101,857250
Presupuesto,2025-11-01,Salud,Clínica Oriente,SAL-6102,857250
Presupuesto,2025-11-01,Salud,Clínica Oriente,SAL-6103,899955
Presupuesto,2025-11-01,Salud,Clínica Oriente,SAL-6104,385695
Presupuesto,2025-11-01,Salud,Clínica Oriente,SAL-6105,353565
Presupuesto,2025-11-01,Salud,Clínica Oriente,SAL-6106,2003535
Presupuesto,2025-11-01,Salud,Clínica Oriente,SAL-6107,377100
Presupuesto,2025-11-01,Salud,Clínica Oriente,SAL-6108,565650
Presupuesto,2025-11-01,Salud,Clínica Poniente,SAL-4101,4533340
Presupuesto,2025-11-01,Salud,Clínica Poniente,SAL-4102,1942860
Presupuesto,2025-11-01,Salud,Clínica Poniente,SAL-4103,857150
Presupuesto,2025-11-01,Salud,Clínica Poniente,SAL-4104,2571450
Presupuesto,2025-11-01,Salud,Clínica Poniente,SAL-4105,2228580
Presupuesto,2025-11-01,Salud,Clínica Poniente,SAL-4106,2723820
Presupuesto,2025-11-01,Salud,Clínica Poniente,SAL-5101,533320
Presupuesto,2025-11-01,Salud,Clínica Poniente,SAL-5102,2133280
Presupuesto,2025-11-01,Salud,Clínica Poniente,SAL-5103,771390
Presupuesto,2025-11-01,Salud,Clínica Poniente,SAL-5104,942810
Presupuesto,2025-11-01,Salud,Clínica Poniente,SAL-5105,4285650
Presupuesto,2025-11-01,Salud,Clínica Poniente,SAL-5106,1428550
Presupuesto,2025-11-01,Salud,Clínica Poniente,SAL-6101,381000
Presupuesto,2025-11-01,Salud,Clínica Poniente,SAL-6102,381000
Presupuesto,2025-11-01,Salud,Clínica Poniente,SAL-6103,399980
Presupuesto,2025-11-01,Salud,Clínica Poniente,SAL-6104,171420
Presupuesto,2025-11-01,Salud,Clínica Poniente,SAL-6105,157140
Presupuesto,2025-11-01,Salud,Clínica Poniente,SAL-6106,890460
Presupuesto,2025-11-01,Salud,Clínica Poniente,SAL-6107,167600
Presupuesto,2025-11-01,Salud,Clínica Poniente,SAL-6108,251400
Presupuesto,2025-12-01,Salud,Clínica Centro,SAL-4101,7933345
Presupuesto,2025-12-01,Salud,Clínica Centro,SAL-4102,3400005
Presupuesto,2025-12-01,Salud,Clínica Centro,SAL-4103,1500012
Presupuesto,2025-12-01,Salud,Clínica Centro,SAL-4104,4500037
Presupuesto,2025-12-01,Salud,Clínica Centro,SAL-4105,3900015
Presupuesto,2025-12-01,Salud,Clínica Centro,SAL-4106,4766685
Presupuesto,2025-12-01,Salud,Clínica Centro,SAL-5101,933310
Presupuesto,2025-12-01,Salud,Clínica Centro,SAL-5102,3733240
Presupuesto,2025-12-01,Salud,Clínica Centro,SAL-5103,1349932
Presupuesto,2025-12-01,Salud,Clínica Centro,SAL-5104,1649917
Presupuesto,2025-12-01,Salud,Clínica Centro,SAL-5105,7499887
Presupuesto,2025-12-01,Salud,Clínica Centro,SAL-5106,2499962
Presupuesto,2025-12-01,Salud,Clínica Centro,SAL-6101,666750
Presupuesto,2025-12-01,Salud,Clínica Centro,SAL-6102,666750
Presupuesto,2025-12-01,Salud,Clínica Centro,SAL-6103,699965
Presupuesto,2025-12-01,Salud,Clínica Centro,SAL-6104,299985
Presupuesto,2025-12-01,Salud,Clínica Centro,SAL-6105,274995
Presupuesto,2025-12-01,Salud,Clínica Centro,SAL-6106,1558305
Presupuesto,2025-12-01,Salud,Clínica Centro,SAL-6107,293300
Presupuesto,2025-12-01,Salud,Clínica Centro,SAL-6108,439950
Presupuesto,2025-12-01,Salud,Clínica Oriente,SAL-4101,10200015
Presupuesto,2025-12-01,Salud,Clínica Oriente,SAL-4102,4371435
Presupuesto,2025-12-01,Salud,Clínica Oriente,SAL-4103,1928588
Presupuesto,2025-12-01,Salud,Clínica Oriente,SAL-4104,5785763
Presupuesto,2025-12-01,Salud,Clínica Oriente,SAL-4105,5014305
Presupuesto,2025-12-01,Salud,Clínica Oriente,SAL-4106,6128595
Presupuesto,2025-12-01,Salud,Clínica Oriente,SAL-5101,1199970
Presupuesto,2025-12-01,Salud,Clínica Oriente,SAL-5102,4799880
Presupuesto,2025-12-01,Salud,Clínica Oriente,SAL-5103,1735628
Presupuesto,2025-12-01,Salud,Clínica Oriente,SAL-5104,2121323
Presupuesto,2025-12-01,Salud,Clínica Oriente,SAL-5105,9642713
Presupuesto,2025-12-01,Salud,Clínica Oriente,SAL-5106,3214238
Presupuesto,2025-12-01,Salud,Clínica Oriente,SAL-6101,857250
Presupuesto,2025-12-01,Salud,Clínica Oriente,SAL-6102,857250
Presupuesto,2025-12-01,Salud,Clínica Oriente,SAL-6103,899955
Presupuesto,2025-12-01,Salud,Clínica Oriente,SAL-6104,385695
Presupuesto,2025-12-01,Salud,Clínica Oriente,SAL-6105,353565
Presupuesto,2025-12-01,Salud,Clínica Oriente,SAL-6106,2003535
Presupuesto,2025-12-01,Salud,Clínica Oriente,SAL-6107,377100
Presupuesto,2025-12-01,Salud,Clínica Oriente,SAL-6108,565650
Presupuesto,2025-12-01,Salud,Clínica Poniente,SAL-4101,4533340
Presupuesto,2025-12-01,Salud,Clínica Poniente,SAL-4102,1942860
Presupuesto,2025-12-01,Salud,Clínica Poniente,SAL-4103,857150
Presupuesto,2025-12-01,Salud,Clínica Poniente,SAL-4104,2571450
Presupuesto,2025-12-01,Salud,Clínica Poniente,SAL-4105,2228580
Presupuesto,2025-12-01,Salud,Clínica Poniente,SAL-4106,2723820
Presupuesto,2025-12-01,Salud,Clínica Poniente,SAL-5101,533320
Presupuesto,2025-12-01,Salud,Clínica Poniente,SAL-5102,2133280
Presupuesto,2025-12-01,Salud,Clínica Poniente,SAL-5103,771390
Presupuesto,2025-12-01,Salud,Clínica Poniente,SAL-5104,942810
Presupuesto,2025-12-01,Salud,Clínica Poniente,SAL-5105,4285650
Presupuesto,2025-12-01,Salud,Clínica Poniente,SAL-5106,1428550
Presupuesto,2025-12-01,Salud,Clínica Poniente,SAL-6101,381000
Presupuesto,2025-12-01,Salud,Clínica Poniente,SAL-6102,381000
Presupuesto,2025-12-01,Salud,Clínica Poniente,SAL-6103,399980
Presupuesto,2025-12-01,Salud,Clínica Poniente,SAL-6104,171420
Presupuesto,2025-12-01,Salud,Clínica Poniente,SAL-6105,157140
Presupuesto,2025-12-01,Salud,Clínica Poniente,SAL-6106,890460
Presupuesto,2025-12-01,Salud,Clínica Poniente,SAL-6107,167600
Presupuesto,2025-12-01,Salud,Clínica Poniente,SAL-6108,251400
Presupuesto,2026-01-01,Salud,Clínica Centro,SAL-4101,8330000
Presupuesto,2026-01-01,Salud,Clínica Centro,SAL-4102,3570000
Presupuesto,2026-01-01,Salud,Clínica Centro,SAL-4103,1575000
Presupuesto,2026-01-01,Salud,Clínica Centro,SAL-4104,4725000
Presupuesto,2026-01-01,Salud,Clínica Centro,SAL-4105,4095000
Presupuesto,2026-01-01,Salud,Clínica Centro,SAL-4106,5005000
Presupuesto,2026-01-01,Salud,Clínica Centro,SAL-5101,980000
Presupuesto,2026-01-01,Salud,Clínica Centro,SAL-5102,3920000
Presupuesto,2026-01-01,Salud,Clínica Centro,SAL-5103,1417500
Presupuesto,2026-01-01,Salud,Clínica Centro,SAL-5104,1732500
Presupuesto,2026-01-01,Salud,Clínica Centro,SAL-5105,7875000
Presupuesto,2026-01-01,Salud,Clínica Centro,SAL-5106,2625000
Presupuesto,2026-01-01,Salud,Clínica Centro,SAL-6101,700000
Presupuesto,2026-01-01,Salud,Clínica Centro,SAL-6102,700000
Presupuesto,2026-01-01,Salud,Clínica Centro,SAL-6103,735000
Presupuesto,2026-01-01,Salud,Clínica Centro,SAL-6104,315000
Presupuesto,2026-01-01,Salud,Clínica Centro,SAL-6105,288750
Presupuesto,2026-01-01,Salud,Clínica Centro,SAL-6106,1636250
Presupuesto,2026-01-01,Salud,Clínica Centro,SAL-6107,308000
Presupuesto,2026-01-01,Salud,Clínica Centro,SAL-6108,462000
Presupuesto,2026-01-01,Salud,Clínica Oriente,SAL-4101,10710000
Presupuesto,2026-01-01,Salud,Clínica Oriente,SAL-4102,4590000
Presupuesto,2026-01-01,Salud,Clínica Oriente,SAL-4103,2025000
Presupuesto,2026-01-01,Salud,Clínica Oriente,SAL-4104,6075000
Presupuesto,2026-01-01,Salud,Clínica Oriente,SAL-4105,5265000
Presupuesto,2026-01-01,Salud,Clínica Oriente,SAL-4106,6435000
Presupuesto,2026-01-01,Salud,Clínica Oriente,SAL-5101,1260000
Presupuesto,2026-01-01,Salud,Clínica Oriente,SAL-5102,5040000
Presupuesto,2026-01-01,Salud,Clínica Oriente,SAL-5103,1822500
Presupuesto,2026-01-01,Salud,Clínica Oriente,SAL-5104,2227500
Presupuesto,2026-01-01,Salud,Clínica Oriente,SAL-5105,10125000
Presupuesto,2026-01-01,Salud,Clínica Oriente,SAL-5106,3375000
Presupuesto,2026-01-01,Salud,Clínica Oriente,SAL-6101,900000
Presupuesto,2026-01-01,Salud,Clínica Oriente,SAL-6102,900000
Presupuesto,2026-01-01,Salud,Clínica Oriente,SAL-6103,945000
Presupuesto,2026-01-01,Salud,Clínica Oriente,SAL-6104,405000
Presupuesto,2026-01-01,Salud,Clínica Oriente,SAL-6105,371250
Presupuesto,2026-01-01,Salud,Clínica Oriente,SAL-6106,2103750
Presupuesto,2026-01-01,Salud,Clínica Oriente,SAL-6107,396000
Presupuesto,2026-01-01,Salud,Clínica Oriente,SAL-6108,594000
Presupuesto,2026-01-01,Salud,Clínica Poniente,SAL-4101,4760000
Presupuesto,2026-01-01,Salud,Clínica Poniente,SAL-4102,2040000
Presupuesto,2026-01-01,Salud,Clínica Poniente,SAL-4103,900000
Presupuesto,2026-01-01,Salud,Clínica Poniente,SAL-4104,2700000
Presupuesto,2026-01-01,Salud,Clínica Poniente,SAL-4105,2340000
Presupuesto,2026-01-01,Salud,Clínica Poniente,SAL-4106,2860000
Presupuesto,2026-01-01,Salud,Clínica Poniente,SAL-5101,560000
Presupuesto,2026-01-01,Salud,Clínica Poniente,SAL-5102,2240000
Presupuesto,2026-01-01,Salud,Clínica Poniente,SAL-5103,810000
Presupuesto,2026-01-01,Salud,Clínica Poniente,SAL-5104,990000
Presupuesto,2026-01-01,Salud,Clínica Poniente,SAL-5105,4500000
Presupuesto,2026-01-01,Salud,Clínica Poniente,SAL-5106,1500000
Presupuesto,2026-01-01,Salud,Clínica Poniente,SAL-6101,400000
Presupuesto,2026-01-01,Salud,Clínica Poniente,SAL-6102,400000
Presupuesto,2026-01-01,Salud,Clínica Poniente,SAL-6103,420000
Presupuesto,2026-01-01,Salud,Clínica Poniente,SAL-6104,180000
Presupuesto,2026-01-01,Salud,Clínica Poniente,SAL-6105,165000
Presupuesto,2026-01-01,Salud,Clínica Poniente,SAL-6106,935000
Presupuesto,2026-01-01,Salud,Clínica Poniente,SAL-6107,176000
Presupuesto,2026-01-01,Salud,Clínica Poniente,SAL-6108,264000
Presupuesto,2026-02-01,Salud,Clínica Centro,SAL-4101,7080500
Presupuesto,2026-02-01,Salud,Clínica Centro,SAL-4102,3034500
Presupuesto,2026-02-01,Salud,Clínica Centro,SAL-4103,1338750
Presupuesto,2026-02-01,Salud,Clínica Centro,SAL-4104,4016250
Presupuesto,2026-02-01,Salud,Clínica Centro,SAL-4105,3480750
Presupuesto,2026-02-01,Salud,Clínica Centro,SAL-4106,4254250
Presupuesto,2026-02-01,Salud,Clínica Centro,SAL-5101,833000
Presupuesto,2026-02-01,Salud,Clínica Centro,SAL-5102,3332000
Presupuesto,2026-02-01,Salud,Clínica Centro,SAL-5103,1204875
Presupuesto,2026-02-01,Salud,Clínica Centro,SAL-5104,1472625
Presupuesto,2026-02-01,Salud,Clínica Centro,SAL-5105,6693750
Presupuesto,2026-02-01,Salud,Clínica Centro,SAL-5106,2231250
Presupuesto,2026-02-01,Salud,Clínica Centro,SAL-6101,595000
Presupuesto,2026-02-01,Salud,Clínica Centro,SAL-6102,595000
Presupuesto,2026-02-01,Salud,Clínica Centro,SAL-6103,624750
Presupuesto,2026-02-01,Salud,Clínica Centro,SAL-6104,267750
Presupuesto,2026-02-01,Salud,Clínica Centro,SAL-6105,245437
Presupuesto,2026-02-01,Salud,Clínica Centro,SAL-6106,1390812
Presupuesto,2026-02-01,Salud,Clínica Centro,SAL-6107,261800
Presupuesto,2026-02-01,Salud,Clínica Centro,SAL-6108,392700
Presupuesto,2026-02-01,Salud,Clínica Oriente,SAL-4101,9103500
Presupuesto,2026-02-01,Salud,Clínica Oriente,SAL-4102,3901500
Presupuesto,2026-02-01,Salud,Clínica Oriente,SAL-4103,1721250
Presupuesto,2026-02-01,Salud,Clínica Oriente,SAL-4104,5163750
Presupuesto,2026-02-01,Salud,Clínica Oriente,SAL-4105,4475250
Presupuesto,2026-02-01,Salud,Clínica Oriente,SAL-4106,5469750
Presupuesto,2026-02-01,Salud,Clínica Oriente,SAL-5101,1071000
Presupuesto,2026-02-01,Salud,Clínica Oriente,SAL-5102,4284000
Presupuesto,2026-02-01,Salud,Clínica Oriente,SAL-5103,1549125
Presupuesto,2026-02-01,Salud,Clínica Oriente,SAL-5104,1893375
Presupuesto,2026-02-01,Salud,Clínica Oriente,SAL-5105,8606250
Presupuesto,2026-02-01,Salud,Clínica Oriente,SAL-5106,2868750
Presupuesto,2026-02-01,Salud,Clínica Oriente,SAL-6101,765000
Presupuesto,2026-02-01,Salud,Clínica Oriente,SAL-6102,765000
Presupuesto,2026-02-01,Salud,Clínica Oriente,SAL-6103,803250
Presupuesto,2026-02-01,Salud,Clínica Oriente,SAL-6104,344250
Presupuesto,2026-02-01,Salud,Clínica Oriente,SAL-6105,315563
Presupuesto,2026-02-01,Salud,Clínica Oriente,SAL-6106,1788188
Presupuesto,2026-02-01,Salud,Clínica Oriente,SAL-6107,336600
Presupuesto,2026-02-01,Salud,Clínica Oriente,SAL-6108,504900
Presupuesto,2026-02-01,Salud,Clínica Poniente,SAL-4101,4046000
Presupuesto,2026-02-01,Salud,Clínica Poniente,SAL-4102,1734000
Presupuesto,2026-02-01,Salud,Clínica Poniente,SAL-4103,765000
Presupuesto,2026-02-01,Salud,Clínica Poniente,SAL-4104,2295000
Presupuesto,2026-02-01,Salud,Clínica Poniente,SAL-4105,1989000
Presupuesto,2026-02-01,Salud,Clínica Poniente,SAL-4106,2431000
Presupuesto,2026-02-01,Salud,Clínica Poniente,SAL-5101,476000
Presupuesto,2026-02-01,Salud,Clínica Poniente,SAL-5102,1904000
Presupuesto,2026-02-01,Salud,Clínica Poniente,SAL-5103,688500
Presupuesto,2026-02-01,Salud,Clínica Poniente,SAL-5104,841500
Presupuesto,2026-02-01,Salud,Clínica Poniente,SAL-5105,3825000
Presupuesto,2026-02-01,Salud,Clínica Poniente,SAL-5106,1275000
Presupuesto,2026-02-01,Salud,Clínica Poniente,SAL-6101,340000
Presupuesto,2026-02-01,Salud,Clínica Poniente,SAL-6102,340000
Presupuesto,2026-02-01,Salud,Clínica Poniente,SAL-6103,357000
Presupuesto,2026-02-01,Salud,Clínica Poniente,SAL-6104,153000
Presupuesto,2026-02-01,Salud,Clínica Poniente,SAL-6105,140250
Presupuesto,2026-02-01,Salud,Clínica Poniente,SAL-6106,794750
Presupuesto,2026-02-01,Salud,Clínica Poniente,SAL-6107,149600
Presupuesto,2026-02-01,Salud,Clínica Poniente,SAL-6108,224400
Presupuesto,2026-03-01,Salud,Clínica Centro,SAL-4101,8330000
Presupuesto,2026-03-01,Salud,Clínica Centro,SAL-4102,3570000
Presupuesto,2026-03-01,Salud,Clínica Centro,SAL-4103,1575000
Presupuesto,2026-03-01,Salud,Clínica Centro,SAL-4104,4725000
Presupuesto,2026-03-01,Salud,Clínica Centro,SAL-4105,4095000
Presupuesto,2026-03-01,Salud,Clínica Centro,SAL-4106,5005000
Presupuesto,2026-03-01,Salud,Clínica Centro,SAL-5101,980000
Presupuesto,2026-03-01,Salud,Clínica Centro,SAL-5102,3920000
Presupuesto,2026-03-01,Salud,Clínica Centro,SAL-5103,1417500
Presupuesto,2026-03-01,Salud,Clínica Centro,SAL-5104,1732500
Presupuesto,2026-03-01,Salud,Clínica Centro,SAL-5105,7875000
Presupuesto,2026-03-01,Salud,Clínica Centro,SAL-5106,2625000
Presupuesto,2026-03-01,Salud,Clínica Centro,SAL-6101,700000
Presupuesto,2026-03-01,Salud,Clínica Centro,SAL-6102,700000
Presupuesto,2026-03-01,Salud,Clínica Centro,SAL-6103,735000
Presupuesto,2026-03-01,Salud,Clínica Centro,SAL-6104,315000
Presupuesto,2026-03-01,Salud,Clínica Centro,SAL-6105,288750
Presupuesto,2026-03-01,Salud,Clínica Centro,SAL-6106,1636250
Presupuesto,2026-03-01,Salud,Clínica Centro,SAL-6107,308000
Presupuesto,2026-03-01,Salud,Clínica Centro,SAL-6108,462000
Presupuesto,2026-03-01,Salud,Clínica Oriente,SAL-4101,10710000
Presupuesto,2026-03-01,Salud,Clínica Oriente,SAL-4102,4590000
Presupuesto,2026-03-01,Salud,Clínica Oriente,SAL-4103,2025000
Presupuesto,2026-03-01,Salud,Clínica Oriente,SAL-4104,6075000
Presupuesto,2026-03-01,Salud,Clínica Oriente,SAL-4105,5265000
Presupuesto,2026-03-01,Salud,Clínica Oriente,SAL-4106,6435000
Presupuesto,2026-03-01,Salud,Clínica Oriente,SAL-5101,1260000
Presupuesto,2026-03-01,Salud,Clínica Oriente,SAL-5102,5040000
Presupuesto,2026-03-01,Salud,Clínica Oriente,SAL-5103,1822500
Presupuesto,2026-03-01,Salud,Clínica Oriente,SAL-5104,2227500
Presupuesto,2026-03-01,Salud,Clínica Oriente,SAL-5105,10125000
Presupuesto,2026-03-01,Salud,Clínica Oriente,SAL-5106,3375000
Presupuesto,2026-03-01,Salud,Clínica Oriente,SAL-6101,900000
Presupuesto,2026-03-01,Salud,Clínica Oriente,SAL-6102,900000
Presupuesto,2026-03-01,Salud,Clínica Oriente,SAL-6103,945000
Presupuesto,2026-03-01,Salud,Clínica Oriente,SAL-6104,405000
Presupuesto,2026-03-01,Salud,Clínica Oriente,SAL-6105,371250
Presupuesto,2026-03-01,Salud,Clínica Oriente,SAL-6106,2103750
Presupuesto,2026-03-01,Salud,Clínica Oriente,SAL-6107,396000
Presupuesto,2026-03-01,Salud,Clínica Oriente,SAL-6108,594000
Presupuesto,2026-03-01,Salud,Clínica Poniente,SAL-4101,4760000
Presupuesto,2026-03-01,Salud,Clínica Poniente,SAL-4102,2040000
Presupuesto,2026-03-01,Salud,Clínica Poniente,SAL-4103,900000
Presupuesto,2026-03-01,Salud,Clínica Poniente,SAL-4104,2700000
Presupuesto,2026-03-01,Salud,Clínica Poniente,SAL-4105,2340000
Presupuesto,2026-03-01,Salud,Clínica Poniente,SAL-4106,2860000
Presupuesto,2026-03-01,Salud,Clínica Poniente,SAL-5101,560000
Presupuesto,2026-03-01,Salud,Clínica Poniente,SAL-5102,2240000
Presupuesto,2026-03-01,Salud,Clínica Poniente,SAL-5103,810000
Presupuesto,2026-03-01,Salud,Clínica Poniente,SAL-5104,990000
Presupuesto,2026-03-01,Salud,Clínica Poniente,SAL-5105,4500000
Presupuesto,2026-03-01,Salud,Clínica Poniente,SAL-5106,1500000
Presupuesto,2026-03-01,Salud,Clínica Poniente,SAL-6101,400000
Presupuesto,2026-03-01,Salud,Clínica Poniente,SAL-6102,400000
Presupuesto,2026-03-01,Salud,Clínica Poniente,SAL-6103,420000
Presupuesto,2026-03-01,Salud,Clínica Poniente,SAL-6104,180000
Presupuesto,2026-03-01,Salud,Clínica Poniente,SAL-6105,165000
Presupuesto,2026-03-01,Salud,Clínica Poniente,SAL-6106,935000
Presupuesto,2026-03-01,Salud,Clínica Poniente,SAL-6107,176000
Presupuesto,2026-03-01,Salud,Clínica Poniente,SAL-6108,264000
Presupuesto,2026-04-01,Salud,Clínica Centro,SAL-4101,8330000
Presupuesto,2026-04-01,Salud,Clínica Centro,SAL-4102,3570000
Presupuesto,2026-04-01,Salud,Clínica Centro,SAL-4103,1575000
Presupuesto,2026-04-01,Salud,Clínica Centro,SAL-4104,4725000
Presupuesto,2026-04-01,Salud,Clínica Centro,SAL-4105,4095000
Presupuesto,2026-04-01,Salud,Clínica Centro,SAL-4106,5005000
Presupuesto,2026-04-01,Salud,Clínica Centro,SAL-5101,980000
Presupuesto,2026-04-01,Salud,Clínica Centro,SAL-5102,3920000
Presupuesto,2026-04-01,Salud,Clínica Centro,SAL-5103,1417500
Presupuesto,2026-04-01,Salud,Clínica Centro,SAL-5104,1732500
Presupuesto,2026-04-01,Salud,Clínica Centro,SAL-5105,7875000
Presupuesto,2026-04-01,Salud,Clínica Centro,SAL-5106,2625000
Presupuesto,2026-04-01,Salud,Clínica Centro,SAL-6101,700000
Presupuesto,2026-04-01,Salud,Clínica Centro,SAL-6102,700000
Presupuesto,2026-04-01,Salud,Clínica Centro,SAL-6103,735000
Presupuesto,2026-04-01,Salud,Clínica Centro,SAL-6104,315000
Presupuesto,2026-04-01,Salud,Clínica Centro,SAL-6105,288750
Presupuesto,2026-04-01,Salud,Clínica Centro,SAL-6106,1636250
Presupuesto,2026-04-01,Salud,Clínica Centro,SAL-6107,308000
Presupuesto,2026-04-01,Salud,Clínica Centro,SAL-6108,462000
Presupuesto,2026-04-01,Salud,Clínica Oriente,SAL-4101,10710000
Presupuesto,2026-04-01,Salud,Clínica Oriente,SAL-4102,4590000
Presupuesto,2026-04-01,Salud,Clínica Oriente,SAL-4103,2025000
Presupuesto,2026-04-01,Salud,Clínica Oriente,SAL-4104,6075000
Presupuesto,2026-04-01,Salud,Clínica Oriente,SAL-4105,5265000
Presupuesto,2026-04-01,Salud,Clínica Oriente,SAL-4106,6435000
Presupuesto,2026-04-01,Salud,Clínica Oriente,SAL-5101,1260000
Presupuesto,2026-04-01,Salud,Clínica Oriente,SAL-5102,5040000
Presupuesto,2026-04-01,Salud,Clínica Oriente,SAL-5103,1822500
Presupuesto,2026-04-01,Salud,Clínica Oriente,SAL-5104,2227500
Presupuesto,2026-04-01,Salud,Clínica Oriente,SAL-5105,10125000
Presupuesto,2026-04-01,Salud,Clínica Oriente,SAL-5106,3375000
Presupuesto,2026-04-01,Salud,Clínica Oriente,SAL-6101,900000
Presupuesto,2026-04-01,Salud,Clínica Oriente,SAL-6102,900000
Presupuesto,2026-04-01,Salud,Clínica Oriente,SAL-6103,945000
Presupuesto,2026-04-01,Salud,Clínica Oriente,SAL-6104,405000
Presupuesto,2026-04-01,Salud,Clínica Oriente,SAL-6105,371250
Presupuesto,2026-04-01,Salud,Clínica Oriente,SAL-6106,2103750
Presupuesto,2026-04-01,Salud,Clínica Oriente,SAL-6107,396000
Presupuesto,2026-04-01,Salud,Clínica Oriente,SAL-6108,594000
Presupuesto,2026-04-01,Salud,Clínica Poniente,SAL-4101,4760000
Presupuesto,2026-04-01,Salud,Clínica Poniente,SAL-4102,2040000
Presupuesto,2026-04-01,Salud,Clínica Poniente,SAL-4103,900000
Presupuesto,2026-04-01,Salud,Clínica Poniente,SAL-4104,2700000
Presupuesto,2026-04-01,Salud,Clínica Poniente,SAL-4105,2340000
Presupuesto,2026-04-01,Salud,Clínica Poniente,SAL-4106,2860000
Presupuesto,2026-04-01,Salud,Clínica Poniente,SAL-5101,560000
Presupuesto,2026-04-01,Salud,Clínica Poniente,SAL-5102,2240000
Presupuesto,2026-04-01,Salud,Clínica Poniente,SAL-5103,810000
Presupuesto,2026-04-01,Salud,Clínica Poniente,SAL-5104,990000
Presupuesto,2026-04-01,Salud,Clínica Poniente,SAL-5105,4500000
Presupuesto,2026-04-01,Salud,Clínica Poniente,SAL-5106,1500000
Presupuesto,2026-04-01,Salud,Clínica Poniente,SAL-6101,400000
Presupuesto,2026-04-01,Salud,Clínica Poniente,SAL-6102,400000
Presupuesto,2026-04-01,Salud,Clínica Poniente,SAL-6103,420000
Presupuesto,2026-04-01,Salud,Clínica Poniente,SAL-6104,180000
Presupuesto,2026-04-01,Salud,Clínica Poniente,SAL-6105,165000
Presupuesto,2026-04-01,Salud,Clínica Poniente,SAL-6106,935000
Presupuesto,2026-04-01,Salud,Clínica Poniente,SAL-6107,176000
Presupuesto,2026-04-01,Salud,Clínica Poniente,SAL-6108,264000
Presupuesto,2026-05-01,Salud,Clínica Centro,SAL-4101,8330000
Presupuesto,2026-05-01,Salud,Clínica Centro,SAL-4102,3570000
Presupuesto,2026-05-01,Salud,Clínica Centro,SAL-4103,1575000
Presupuesto,2026-05-01,Salud,Clínica Centro,SAL-4104,4725000
Presupuesto,2026-05-01,Salud,Clínica Centro,SAL-4105,4095000
Presupuesto,2026-05-01,Salud,Clínica Centro,SAL-4106,5005000
Presupuesto,2026-05-01,Salud,Clínica Centro,SAL-5101,980000
Presupuesto,2026-05-01,Salud,Clínica Centro,SAL-5102,3920000
Presupuesto,2026-05-01,Salud,Clínica Centro,SAL-5103,1417500
Presupuesto,2026-05-01,Salud,Clínica Centro,SAL-5104,1732500
Presupuesto,2026-05-01,Salud,Clínica Centro,SAL-5105,7875000
Presupuesto,2026-05-01,Salud,Clínica Centro,SAL-5106,2625000
Presupuesto,2026-05-01,Salud,Clínica Centro,SAL-6101,700000
Presupuesto,2026-05-01,Salud,Clínica Centro,SAL-6102,700000
Presupuesto,2026-05-01,Salud,Clínica Centro,SAL-6103,735000
Presupuesto,2026-05-01,Salud,Clínica Centro,SAL-6104,315000
Presupuesto,2026-05-01,Salud,Clínica Centro,SAL-6105,288750
Presupuesto,2026-05-01,Salud,Clínica Centro,SAL-6106,1636250
Presupuesto,2026-05-01,Salud,Clínica Centro,SAL-6107,308000
Presupuesto,2026-05-01,Salud,Clínica Centro,SAL-6108,462000
Presupuesto,2026-05-01,Salud,Clínica Oriente,SAL-4101,10710000
Presupuesto,2026-05-01,Salud,Clínica Oriente,SAL-4102,4590000
Presupuesto,2026-05-01,Salud,Clínica Oriente,SAL-4103,2025000
Presupuesto,2026-05-01,Salud,Clínica Oriente,SAL-4104,6075000
Presupuesto,2026-05-01,Salud,Clínica Oriente,SAL-4105,5265000
Presupuesto,2026-05-01,Salud,Clínica Oriente,SAL-4106,6435000
Presupuesto,2026-05-01,Salud,Clínica Oriente,SAL-5101,1260000
Presupuesto,2026-05-01,Salud,Clínica Oriente,SAL-5102,5040000
Presupuesto,2026-05-01,Salud,Clínica Oriente,SAL-5103,1822500
Presupuesto,2026-05-01,Salud,Clínica Oriente,SAL-5104,2227500
Presupuesto,2026-05-01,Salud,Clínica Oriente,SAL-5105,10125000
Presupuesto,2026-05-01,Salud,Clínica Oriente,SAL-5106,3375000
Presupuesto,2026-05-01,Salud,Clínica Oriente,SAL-6101,900000
Presupuesto,2026-05-01,Salud,Clínica Oriente,SAL-6102,900000
Presupuesto,2026-05-01,Salud,Clínica Oriente,SAL-6103,945000
Presupuesto,2026-05-01,Salud,Clínica Oriente,SAL-6104,405000
Presupuesto,2026-05-01,Salud,Clínica Oriente,SAL-6105,371250
Presupuesto,2026-05-01,Salud,Clínica Oriente,SAL-6106,2103750
Presupuesto,2026-05-01,Salud,Clínica Oriente,SAL-6107,396000
Presupuesto,2026-05-01,Salud,Clínica Oriente,SAL-6108,594000
Presupuesto,2026-05-01,Salud,Clínica Poniente,SAL-4101,4760000
Presupuesto,2026-05-01,Salud,Clínica Poniente,SAL-4102,2040000
Presupuesto,2026-05-01,Salud,Clínica Poniente,SAL-4103,900000
Presupuesto,2026-05-01,Salud,Clínica Poniente,SAL-4104,2700000
Presupuesto,2026-05-01,Salud,Clínica Poniente,SAL-4105,2340000
Presupuesto,2026-05-01,Salud,Clínica Poniente,SAL-4106,2860000
Presupuesto,2026-05-01,Salud,Clínica Poniente,SAL-5101,560000
Presupuesto,2026-05-01,Salud,Clínica Poniente,SAL-5102,2240000
Presupuesto,2026-05-01,Salud,Clínica Poniente,SAL-5103,810000
Presupuesto,2026-05-01,Salud,Clínica Poniente,SAL-5104,990000
Presupuesto,2026-05-01,Salud,Clínica Poniente,SAL-5105,4500000
Presupuesto,2026-05-01,Salud,Clínica Poniente,SAL-5106,1500000
Presupuesto,2026-05-01,Salud,Clínica Poniente,SAL-6101,400000
Presupuesto,2026-05-01,Salud,Clínica Poniente,SAL-6102,400000
Presupuesto,2026-05-01,Salud,Clínica Poniente,SAL-6103,420000
Presupuesto,2026-05-01,Salud,Clínica Poniente,SAL-6104,180000
Presupuesto,2026-05-01,Salud,Clínica Poniente,SAL-6105,165000
Presupuesto,2026-05-01,Salud,Clínica Poniente,SAL-6106,935000
Presupuesto,2026-05-01,Salud,Clínica Poniente,SAL-6107,176000
Presupuesto,2026-05-01,Salud,Clínica Poniente,SAL-6108,264000
Presupuesto,2026-06-01,Salud,Clínica Centro,SAL-4101,9329600
Presupuesto,2026-06-01,Salud,Clínica Centro,SAL-4102,3998400
Presupuesto,2026-06-01,Salud,Clínica Centro,SAL-4103,1764000
Presupuesto,2026-06-01,Salud,Clínica Centro,SAL-4104,5292000
Presupuesto,2026-06-01,Salud,Clínica Centro,SAL-4105,4586400
Presupuesto,2026-06-01,Salud,Clínica Centro,SAL-4106,5605600
Presupuesto,2026-06-01,Salud,Clínica Centro,SAL-5101,1097600
Presupuesto,2026-06-01,Salud,Clínica Centro,SAL-5102,4390400
Presupuesto,2026-06-01,Salud,Clínica Centro,SAL-5103,1587600
Presupuesto,2026-06-01,Salud,Clínica Centro,SAL-5104,1940400
Presupuesto,2026-06-01,Salud,Clínica Centro,SAL-5105,8820000
Presupuesto,2026-06-01,Salud,Clínica Centro,SAL-5106,2940000
Presupuesto,2026-06-01,Salud,Clínica Centro,SAL-6101,784000
Presupuesto,2026-06-01,Salud,Clínica Centro,SAL-6102,784000
Presupuesto,2026-06-01,Salud,Clínica Centro,SAL-6103,823200
Presupuesto,2026-06-01,Salud,Clínica Centro,SAL-6104,352800
Presupuesto,2026-06-01,Salud,Clínica Centro,SAL-6105,323400
Presupuesto,2026-06-01,Salud,Clínica Centro,SAL-6106,1832600
Presupuesto,2026-06-01,Salud,Clínica Centro,SAL-6107,344960
Presupuesto,2026-06-01,Salud,Clínica Centro,SAL-6108,517440
Presupuesto,2026-06-01,Salud,Clínica Oriente,SAL-4101,11995200
Presupuesto,2026-06-01,Salud,Clínica Oriente,SAL-4102,5140800
Presupuesto,2026-06-01,Salud,Clínica Oriente,SAL-4103,2268000
Presupuesto,2026-06-01,Salud,Clínica Oriente,SAL-4104,6804000
Presupuesto,2026-06-01,Salud,Clínica Oriente,SAL-4105,5896800
Presupuesto,2026-06-01,Salud,Clínica Oriente,SAL-4106,7207200
Presupuesto,2026-06-01,Salud,Clínica Oriente,SAL-5101,1411200
Presupuesto,2026-06-01,Salud,Clínica Oriente,SAL-5102,5644800
Presupuesto,2026-06-01,Salud,Clínica Oriente,SAL-5103,2041200
Presupuesto,2026-06-01,Salud,Clínica Oriente,SAL-5104,2494800
Presupuesto,2026-06-01,Salud,Clínica Oriente,SAL-5105,11340000
Presupuesto,2026-06-01,Salud,Clínica Oriente,SAL-5106,3780000
Presupuesto,2026-06-01,Salud,Clínica Oriente,SAL-6101,1008000
Presupuesto,2026-06-01,Salud,Clínica Oriente,SAL-6102,1008000
Presupuesto,2026-06-01,Salud,Clínica Oriente,SAL-6103,1058400
Presupuesto,2026-06-01,Salud,Clínica Oriente,SAL-6104,453600
Presupuesto,2026-06-01,Salud,Clínica Oriente,SAL-6105,415800
Presupuesto,2026-06-01,Salud,Clínica Oriente,SAL-6106,2356200
Presupuesto,2026-06-01,Salud,Clínica Oriente,SAL-6107,443520
Presupuesto,2026-06-01,Salud,Clínica Oriente,SAL-6108,665280
Presupuesto,2026-06-01,Salud,Clínica Poniente,SAL-4101,5331200
Presupuesto,2026-06-01,Salud,Clínica Poniente,SAL-4102,2284800
Presupuesto,2026-06-01,Salud,Clínica Poniente,SAL-4103,1008000
Presupuesto,2026-06-01,Salud,Clínica Poniente,SAL-4104,3024000
Presupuesto,2026-06-01,Salud,Clínica Poniente,SAL-4105,2620800
Presupuesto,2026-06-01,Salud,Clínica Poniente,SAL-4106,3203200
Presupuesto,2026-06-01,Salud,Clínica Poniente,SAL-5101,627200
Presupuesto,2026-06-01,Salud,Clínica Poniente,SAL-5102,2508800
Presupuesto,2026-06-01,Salud,Clínica Poniente,SAL-5103,907200
Presupuesto,2026-06-01,Salud,Clínica Poniente,SAL-5104,1108800
Presupuesto,2026-06-01,Salud,Clínica Poniente,SAL-5105,5040000
Presupuesto,2026-06-01,Salud,Clínica Poniente,SAL-5106,1680000
Presupuesto,2026-06-01,Salud,Clínica Poniente,SAL-6101,448000
Presupuesto,2026-06-01,Salud,Clínica Poniente,SAL-6102,448000
Presupuesto,2026-06-01,Salud,Clínica Poniente,SAL-6103,470400
Presupuesto,2026-06-01,Salud,Clínica Poniente,SAL-6104,201600
Presupuesto,2026-06-01,Salud,Clínica Poniente,SAL-6105,184800
Presupuesto,2026-06-01,Salud,Clínica Poniente,SAL-6106,1047200
Presupuesto,2026-06-01,Salud,Clínica Poniente,SAL-6107,197120
Presupuesto,2026-06-01,Salud,Clínica Poniente,SAL-6108,295680
Presupuesto,2026-07-01,Salud,Clínica Centro,SAL-4101,9329600
Presupuesto,2026-07-01,Salud,Clínica Centro,SAL-4102,3998400
Presupuesto,2026-07-01,Salud,Clínica Centro,SAL-4103,1764000
Presupuesto,2026-07-01,Salud,Clínica Centro,SAL-4104,5292000
Presupuesto,2026-07-01,Salud,Clínica Centro,SAL-4105,4586400
Presupuesto,2026-07-01,Salud,Clínica Centro,SAL-4106,5605600
Presupuesto,2026-07-01,Salud,Clínica Centro,SAL-5101,1097600
Presupuesto,2026-07-01,Salud,Clínica Centro,SAL-5102,4390400
Presupuesto,2026-07-01,Salud,Clínica Centro,SAL-5103,1587600
Presupuesto,2026-07-01,Salud,Clínica Centro,SAL-5104,1940400
Presupuesto,2026-07-01,Salud,Clínica Centro,SAL-5105,8820000
Presupuesto,2026-07-01,Salud,Clínica Centro,SAL-5106,2940000
Presupuesto,2026-07-01,Salud,Clínica Centro,SAL-6101,784000
Presupuesto,2026-07-01,Salud,Clínica Centro,SAL-6102,784000
Presupuesto,2026-07-01,Salud,Clínica Centro,SAL-6103,823200
Presupuesto,2026-07-01,Salud,Clínica Centro,SAL-6104,352800
Presupuesto,2026-07-01,Salud,Clínica Centro,SAL-6105,323400
Presupuesto,2026-07-01,Salud,Clínica Centro,SAL-6106,1832600
Presupuesto,2026-07-01,Salud,Clínica Centro,SAL-6107,344960
Presupuesto,2026-07-01,Salud,Clínica Centro,SAL-6108,517440
Presupuesto,2026-07-01,Salud,Clínica Oriente,SAL-4101,11995200
Presupuesto,2026-07-01,Salud,Clínica Oriente,SAL-4102,5140800
Presupuesto,2026-07-01,Salud,Clínica Oriente,SAL-4103,2268000
Presupuesto,2026-07-01,Salud,Clínica Oriente,SAL-4104,6804000
Presupuesto,2026-07-01,Salud,Clínica Oriente,SAL-4105,5896800
Presupuesto,2026-07-01,Salud,Clínica Oriente,SAL-4106,7207200
Presupuesto,2026-07-01,Salud,Clínica Oriente,SAL-5101,1411200
Presupuesto,2026-07-01,Salud,Clínica Oriente,SAL-5102,5644800
Presupuesto,2026-07-01,Salud,Clínica Oriente,SAL-5103,2041200
Presupuesto,2026-07-01,Salud,Clínica Oriente,SAL-5104,2494800
Presupuesto,2026-07-01,Salud,Clínica Oriente,SAL-5105,11340000
Presupuesto,2026-07-01,Salud,Clínica Oriente,SAL-5106,3780000
Presupuesto,2026-07-01,Salud,Clínica Oriente,SAL-6101,1008000
Presupuesto,2026-07-01,Salud,Clínica Oriente,SAL-6102,1008000
Presupuesto,2026-07-01,Salud,Clínica Oriente,SAL-6103,1058400
Presupuesto,2026-07-01,Salud,Clínica Oriente,SAL-6104,453600
Presupuesto,2026-07-01,Salud,Clínica Oriente,SAL-6105,415800
Presupuesto,2026-07-01,Salud,Clínica Oriente,SAL-6106,2356200
Presupuesto,2026-07-01,Salud,Clínica Oriente,SAL-6107,443520
Presupuesto,2026-07-01,Salud,Clínica Oriente,SAL-6108,665280
Presupuesto,2026-07-01,Salud,Clínica Poniente,SAL-4101,5331200
Presupuesto,2026-07-01,Salud,Clínica Poniente,SAL-4102,2284800
Presupuesto,2026-07-01,Salud,Clínica Poniente,SAL-4103,1008000
Presupuesto,2026-07-01,Salud,Clínica Poniente,SAL-4104,3024000
Presupuesto,2026-07-01,Salud,Clínica Poniente,SAL-4105,2620800
Presupuesto,2026-07-01,Salud,Clínica Poniente,SAL-4106,3203200
Presupuesto,2026-07-01,Salud,Clínica Poniente,SAL-5101,627200
Presupuesto,2026-07-01,Salud,Clínica Poniente,SAL-5102,2508800
Presupuesto,2026-07-01,Salud,Clínica Poniente,SAL-5103,907200
Presupuesto,2026-07-01,Salud,Clínica Poniente,SAL-5104,1108800
Presupuesto,2026-07-01,Salud,Clínica Poniente,SAL-5105,5040000
Presupuesto,2026-07-01,Salud,Clínica Poniente,SAL-5106,1680000
Presupuesto,2026-07-01,Salud,Clínica Poniente,SAL-6101,448000
Presupuesto,2026-07-01,Salud,Clínica Poniente,SAL-6102,448000
Presupuesto,2026-07-01,Salud,Clínica Poniente,SAL-6103,470400
Presupuesto,2026-07-01,Salud,Clínica Poniente,SAL-6104,201600
Presupuesto,2026-07-01,Salud,Clínica Poniente,SAL-6105,184800
Presupuesto,2026-07-01,Salud,Clínica Poniente,SAL-6106,1047200
Presupuesto,2026-07-01,Salud,Clínica Poniente,SAL-6107,197120
Presupuesto,2026-07-01,Salud,Clínica Poniente,SAL-6108,295680
Presupuesto,2026-08-01,Salud,Clínica Centro,SAL-4101,9329600
Presupuesto,2026-08-01,Salud,Clínica Centro,SAL-4102,3998400
Presupuesto,2026-08-01,Salud,Clínica Centro,SAL-4103,1764000
Presupuesto,2026-08-01,Salud,Clínica Centro,SAL-4104,5292000
Presupuesto,2026-08-01,Salud,Clínica Centro,SAL-4105,4586400
Presupuesto,2026-08-01,Salud,Clínica Centro,SAL-4106,5605600
Presupuesto,2026-08-01,Salud,Clínica Centro,SAL-5101,1097600
Presupuesto,2026-08-01,Salud,Clínica Centro,SAL-5102,4390400
Presupuesto,2026-08-01,Salud,Clínica Centro,SAL-5103,1587600
Presupuesto,2026-08-01,Salud,Clínica Centro,SAL-5104,1940400
Presupuesto,2026-08-01,Salud,Clínica Centro,SAL-5105,8820000
Presupuesto,2026-08-01,Salud,Clínica Centro,SAL-5106,2940000
Presupuesto,2026-08-01,Salud,Clínica Centro,SAL-6101,784000
Presupuesto,2026-08-01,Salud,Clínica Centro,SAL-6102,784000
Presupuesto,2026-08-01,Salud,Clínica Centro,SAL-6103,823200
Presupuesto,2026-08-01,Salud,Clínica Centro,SAL-6104,352800
Presupuesto,2026-08-01,Salud,Clínica Centro,SAL-6105,323400
Presupuesto,2026-08-01,Salud,Clínica Centro,SAL-6106,1832600
Presupuesto,2026-08-01,Salud,Clínica Centro,SAL-6107,344960
Presupuesto,2026-08-01,Salud,Clínica Centro,SAL-6108,517440
Presupuesto,2026-08-01,Salud,Clínica Oriente,SAL-4101,11995200
Presupuesto,2026-08-01,Salud,Clínica Oriente,SAL-4102,5140800
Presupuesto,2026-08-01,Salud,Clínica Oriente,SAL-4103,2268000
Presupuesto,2026-08-01,Salud,Clínica Oriente,SAL-4104,6804000
Presupuesto,2026-08-01,Salud,Clínica Oriente,SAL-4105,5896800
Presupuesto,2026-08-01,Salud,Clínica Oriente,SAL-4106,7207200
Presupuesto,2026-08-01,Salud,Clínica Oriente,SAL-5101,1411200
Presupuesto,2026-08-01,Salud,Clínica Oriente,SAL-5102,5644800
Presupuesto,2026-08-01,Salud,Clínica Oriente,SAL-5103,2041200
Presupuesto,2026-08-01,Salud,Clínica Oriente,SAL-5104,2494800
Presupuesto,2026-08-01,Salud,Clínica Oriente,SAL-5105,11340000
Presupuesto,2026-08-01,Salud,Clínica Oriente,SAL-5106,3780000
Presupuesto,2026-08-01,Salud,Clínica Oriente,SAL-6101,1008000
Presupuesto,2026-08-01,Salud,Clínica Oriente,SAL-6102,1008000
Presupuesto,2026-08-01,Salud,Clínica Oriente,SAL-6103,1058400
Presupuesto,2026-08-01,Salud,Clínica Oriente,SAL-6104,453600
Presupuesto,2026-08-01,Salud,Clínica Oriente,SAL-6105,415800
Presupuesto,2026-08-01,Salud,Clínica Oriente,SAL-6106,2356200
Presupuesto,2026-08-01,Salud,Clínica Oriente,SAL-6107,443520
Presupuesto,2026-08-01,Salud,Clínica Oriente,SAL-6108,665280
Presupuesto,2026-08-01,Salud,Clínica Poniente,SAL-4101,5331200
Presupuesto,2026-08-01,Salud,Clínica Poniente,SAL-4102,2284800
Presupuesto,2026-08-01,Salud,Clínica Poniente,SAL-4103,1008000
Presupuesto,2026-08-01,Salud,Clínica Poniente,SAL-4104,3024000
Presupuesto,2026-08-01,Salud,Clínica Poniente,SAL-4105,2620800
Presupuesto,2026-08-01,Salud,Clínica Poniente,SAL-4106,3203200
Presupuesto,2026-08-01,Salud,Clínica Poniente,SAL-5101,627200
Presupuesto,2026-08-01,Salud,Clínica Poniente,SAL-5102,2508800
Presupuesto,2026-08-01,Salud,Clínica Poniente,SAL-5103,907200
Presupuesto,2026-08-01,Salud,Clínica Poniente,SAL-5104,1108800
Presupuesto,2026-08-01,Salud,Clínica Poniente,SAL-5105,5040000
Presupuesto,2026-08-01,Salud,Clínica Poniente,SAL-5106,1680000
Presupuesto,2026-08-01,Salud,Clínica Poniente,SAL-6101,448000
Presupuesto,2026-08-01,Salud,Clínica Poniente,SAL-6102,448000
Presupuesto,2026-08-01,Salud,Clínica Poniente,SAL-6103,470400
Presupuesto,2026-08-01,Salud,Clínica Poniente,SAL-6104,201600
Presupuesto,2026-08-01,Salud,Clínica Poniente,SAL-6105,184800
Presupuesto,2026-08-01,Salud,Clínica Poniente,SAL-6106,1047200
Presupuesto,2026-08-01,Salud,Clínica Poniente,SAL-6107,197120
Presupuesto,2026-08-01,Salud,Clínica Poniente,SAL-6108,295680
Presupuesto,2026-09-01,Salud,Clínica Centro,SAL-4101,8330000
Presupuesto,2026-09-01,Salud,Clínica Centro,SAL-4102,3570000
Presupuesto,2026-09-01,Salud,Clínica Centro,SAL-4103,1575000
Presupuesto,2026-09-01,Salud,Clínica Centro,SAL-4104,4725000
Presupuesto,2026-09-01,Salud,Clínica Centro,SAL-4105,4095000
Presupuesto,2026-09-01,Salud,Clínica Centro,SAL-4106,5005000
Presupuesto,2026-09-01,Salud,Clínica Centro,SAL-5101,980000
Presupuesto,2026-09-01,Salud,Clínica Centro,SAL-5102,3920000
Presupuesto,2026-09-01,Salud,Clínica Centro,SAL-5103,1417500
Presupuesto,2026-09-01,Salud,Clínica Centro,SAL-5104,1732500
Presupuesto,2026-09-01,Salud,Clínica Centro,SAL-5105,7875000
Presupuesto,2026-09-01,Salud,Clínica Centro,SAL-5106,2625000
Presupuesto,2026-09-01,Salud,Clínica Centro,SAL-6101,700000
Presupuesto,2026-09-01,Salud,Clínica Centro,SAL-6102,700000
Presupuesto,2026-09-01,Salud,Clínica Centro,SAL-6103,735000
Presupuesto,2026-09-01,Salud,Clínica Centro,SAL-6104,315000
Presupuesto,2026-09-01,Salud,Clínica Centro,SAL-6105,288750
Presupuesto,2026-09-01,Salud,Clínica Centro,SAL-6106,1636250
Presupuesto,2026-09-01,Salud,Clínica Centro,SAL-6107,308000
Presupuesto,2026-09-01,Salud,Clínica Centro,SAL-6108,462000
Presupuesto,2026-09-01,Salud,Clínica Oriente,SAL-4101,10710000
Presupuesto,2026-09-01,Salud,Clínica Oriente,SAL-4102,4590000
Presupuesto,2026-09-01,Salud,Clínica Oriente,SAL-4103,2025000
Presupuesto,2026-09-01,Salud,Clínica Oriente,SAL-4104,6075000
Presupuesto,2026-09-01,Salud,Clínica Oriente,SAL-4105,5265000
Presupuesto,2026-09-01,Salud,Clínica Oriente,SAL-4106,6435000
Presupuesto,2026-09-01,Salud,Clínica Oriente,SAL-5101,1260000
Presupuesto,2026-09-01,Salud,Clínica Oriente,SAL-5102,5040000
Presupuesto,2026-09-01,Salud,Clínica Oriente,SAL-5103,1822500
Presupuesto,2026-09-01,Salud,Clínica Oriente,SAL-5104,2227500
Presupuesto,2026-09-01,Salud,Clínica Oriente,SAL-5105,10125000
Presupuesto,2026-09-01,Salud,Clínica Oriente,SAL-5106,3375000
Presupuesto,2026-09-01,Salud,Clínica Oriente,SAL-6101,900000
Presupuesto,2026-09-01,Salud,Clínica Oriente,SAL-6102,900000
Presupuesto,2026-09-01,Salud,Clínica Oriente,SAL-6103,945000
Presupuesto,2026-09-01,Salud,Clínica Oriente,SAL-6104,405000
Presupuesto,2026-09-01,Salud,Clínica Oriente,SAL-6105,371250
Presupuesto,2026-09-01,Salud,Clínica Oriente,SAL-6106,2103750
Presupuesto,2026-09-01,Salud,Clínica Oriente,SAL-6107,396000
Presupuesto,2026-09-01,Salud,Clínica Oriente,SAL-6108,594000
Presupuesto,2026-09-01,Salud,Clínica Poniente,SAL-4101,4760000
Presupuesto,2026-09-01,Salud,Clínica Poniente,SAL-4102,2040000
Presupuesto,2026-09-01,Salud,Clínica Poniente,SAL-4103,900000
Presupuesto,2026-09-01,Salud,Clínica Poniente,SAL-4104,2700000
Presupuesto,2026-09-01,Salud,Clínica Poniente,SAL-4105,2340000
Presupuesto,2026-09-01,Salud,Clínica Poniente,SAL-4106,2860000
Presupuesto,2026-09-01,Salud,Clínica Poniente,SAL-5101,560000
Presupuesto,2026-09-01,Salud,Clínica Poniente,SAL-5102,2240000
Presupuesto,2026-09-01,Salud,Clínica Poniente,SAL-5103,810000
Presupuesto,2026-09-01,Salud,Clínica Poniente,SAL-5104,990000
Presupuesto,2026-09-01,Salud,Clínica Poniente,SAL-5105,4500000
Presupuesto,2026-09-01,Salud,Clínica Poniente,SAL-5106,1500000
Presupuesto,2026-09-01,Salud,Clínica Poniente,SAL-6101,400000
Presupuesto,2026-09-01,Salud,Clínica Poniente,SAL-6102,400000
Presupuesto,2026-09-01,Salud,Clínica Poniente,SAL-6103,420000
Presupuesto,2026-09-01,Salud,Clínica Poniente,SAL-6104,180000
Presupuesto,2026-09-01,Salud,Clínica Poniente,SAL-6105,165000
Presupuesto,2026-09-01,Salud,Clínica Poniente,SAL-6106,935000
Presupuesto,2026-09-01,Salud,Clínica Poniente,SAL-6107,176000
Presupuesto,2026-09-01,Salud,Clínica Poniente,SAL-6108,264000
Presupuesto,2026-10-01,Salud,Clínica Centro,SAL-4101,8330000
Presupuesto,2026-10-01,Salud,Clínica Centro,SAL-4102,3570000
Presupuesto,2026-10-01,Salud,Clínica Centro,SAL-4103,1575000
Presupuesto,2026-10-01,Salud,Clínica Centro,SAL-4104,4725000
Presupuesto,2026-10-01,Salud,Clínica Centro,SAL-4105,4095000
Presupuesto,2026-10-01,Salud,Clínica Centro,SAL-4106,5005000
Presupuesto,2026-10-01,Salud,Clínica Centro,SAL-5101,980000
Presupuesto,2026-10-01,Salud,Clínica Centro,SAL-5102,3920000
Presupuesto,2026-10-01,Salud,Clínica Centro,SAL-5103,1417500
Presupuesto,2026-10-01,Salud,Clínica Centro,SAL-5104,1732500
Presupuesto,2026-10-01,Salud,Clínica Centro,SAL-5105,7875000
Presupuesto,2026-10-01,Salud,Clínica Centro,SAL-5106,2625000
Presupuesto,2026-10-01,Salud,Clínica Centro,SAL-6101,700000
Presupuesto,2026-10-01,Salud,Clínica Centro,SAL-6102,700000
Presupuesto,2026-10-01,Salud,Clínica Centro,SAL-6103,735000
Presupuesto,2026-10-01,Salud,Clínica Centro,SAL-6104,315000
Presupuesto,2026-10-01,Salud,Clínica Centro,SAL-6105,288750
Presupuesto,2026-10-01,Salud,Clínica Centro,SAL-6106,1636250
Presupuesto,2026-10-01,Salud,Clínica Centro,SAL-6107,308000
Presupuesto,2026-10-01,Salud,Clínica Centro,SAL-6108,462000
Presupuesto,2026-10-01,Salud,Clínica Oriente,SAL-4101,10710000
Presupuesto,2026-10-01,Salud,Clínica Oriente,SAL-4102,4590000
Presupuesto,2026-10-01,Salud,Clínica Oriente,SAL-4103,2025000
Presupuesto,2026-10-01,Salud,Clínica Oriente,SAL-4104,6075000
Presupuesto,2026-10-01,Salud,Clínica Oriente,SAL-4105,5265000
Presupuesto,2026-10-01,Salud,Clínica Oriente,SAL-4106,6435000
Presupuesto,2026-10-01,Salud,Clínica Oriente,SAL-5101,1260000
Presupuesto,2026-10-01,Salud,Clínica Oriente,SAL-5102,5040000
Presupuesto,2026-10-01,Salud,Clínica Oriente,SAL-5103,1822500
Presupuesto,2026-10-01,Salud,Clínica Oriente,SAL-5104,2227500
Presupuesto,2026-10-01,Salud,Clínica Oriente,SAL-5105,10125000
Presupuesto,2026-10-01,Salud,Clínica Oriente,SAL-5106,3375000
Presupuesto,2026-10-01,Salud,Clínica Oriente,SAL-6101,900000
Presupuesto,2026-10-01,Salud,Clínica Oriente,SAL-6102,900000
Presupuesto,2026-10-01,Salud,Clínica Oriente,SAL-6103,945000
Presupuesto,2026-10-01,Salud,Clínica Oriente,SAL-6104,405000
Presupuesto,2026-10-01,Salud,Clínica Oriente,SAL-6105,371250
Presupuesto,2026-10-01,Salud,Clínica Oriente,SAL-6106,2103750
Presupuesto,2026-10-01,Salud,Clínica Oriente,SAL-6107,396000
Presupuesto,2026-10-01,Salud,Clínica Oriente,SAL-6108,594000
Presupuesto,2026-10-01,Salud,Clínica Poniente,SAL-4101,4760000
Presupuesto,2026-10-01,Salud,Clínica Poniente,SAL-4102,2040000
Presupuesto,2026-10-01,Salud,Clínica Poniente,SAL-4103,900000
Presupuesto,2026-10-01,Salud,Clínica Poniente,SAL-4104,2700000
Presupuesto,2026-10-01,Salud,Clínica Poniente,SAL-4105,2340000
Presupuesto,2026-10-01,Salud,Clínica Poniente,SAL-4106,2860000
Presupuesto,2026-10-01,Salud,Clínica Poniente,SAL-5101,560000
Presupuesto,2026-10-01,Salud,Clínica Poniente,SAL-5102,2240000
Presupuesto,2026-10-01,Salud,Clínica Poniente,SAL-5103,810000
Presupuesto,2026-10-01,Salud,Clínica Poniente,SAL-5104,990000
Presupuesto,2026-10-01,Salud,Clínica Poniente,SAL-5105,4500000
Presupuesto,2026-10-01,Salud,Clínica Poniente,SAL-5106,1500000
Presupuesto,2026-10-01,Salud,Clínica Poniente,SAL-6101,400000
Presupuesto,2026-10-01,Salud,Clínica Poniente,SAL-6102,400000
Presupuesto,2026-10-01,Salud,Clínica Poniente,SAL-6103,420000
Presupuesto,2026-10-01,Salud,Clínica Poniente,SAL-6104,180000
Presupuesto,2026-10-01,Salud,Clínica Poniente,SAL-6105,165000
Presupuesto,2026-10-01,Salud,Clínica Poniente,SAL-6106,935000
Presupuesto,2026-10-01,Salud,Clínica Poniente,SAL-6107,176000
Presupuesto,2026-10-01,Salud,Clínica Poniente,SAL-6108,264000
Presupuesto,2026-11-01,Salud,Clínica Centro,SAL-4101,8330000
Presupuesto,2026-11-01,Salud,Clínica Centro,SAL-4102,3570000
Presupuesto,2026-11-01,Salud,Clínica Centro,SAL-4103,1575000
Presupuesto,2026-11-01,Salud,Clínica Centro,SAL-4104,4725000
Presupuesto,2026-11-01,Salud,Clínica Centro,SAL-4105,4095000
Presupuesto,2026-11-01,Salud,Clínica Centro,SAL-4106,5005000
Presupuesto,2026-11-01,Salud,Clínica Centro,SAL-5101,980000
Presupuesto,2026-11-01,Salud,Clínica Centro,SAL-5102,3920000
Presupuesto,2026-11-01,Salud,Clínica Centro,SAL-5103,1417500
Presupuesto,2026-11-01,Salud,Clínica Centro,SAL-5104,1732500
Presupuesto,2026-11-01,Salud,Clínica Centro,SAL-5105,7875000
Presupuesto,2026-11-01,Salud,Clínica Centro,SAL-5106,2625000
Presupuesto,2026-11-01,Salud,Clínica Centro,SAL-6101,700000
Presupuesto,2026-11-01,Salud,Clínica Centro,SAL-6102,700000
Presupuesto,2026-11-01,Salud,Clínica Centro,SAL-6103,735000
Presupuesto,2026-11-01,Salud,Clínica Centro,SAL-6104,315000
Presupuesto,2026-11-01,Salud,Clínica Centro,SAL-6105,288750
Presupuesto,2026-11-01,Salud,Clínica Centro,SAL-6106,1636250
Presupuesto,2026-11-01,Salud,Clínica Centro,SAL-6107,308000
Presupuesto,2026-11-01,Salud,Clínica Centro,SAL-6108,462000
Presupuesto,2026-11-01,Salud,Clínica Oriente,SAL-4101,10710000
Presupuesto,2026-11-01,Salud,Clínica Oriente,SAL-4102,4590000
Presupuesto,2026-11-01,Salud,Clínica Oriente,SAL-4103,2025000
Presupuesto,2026-11-01,Salud,Clínica Oriente,SAL-4104,6075000
Presupuesto,2026-11-01,Salud,Clínica Oriente,SAL-4105,5265000
Presupuesto,2026-11-01,Salud,Clínica Oriente,SAL-4106,6435000
Presupuesto,2026-11-01,Salud,Clínica Oriente,SAL-5101,1260000
Presupuesto,2026-11-01,Salud,Clínica Oriente,SAL-5102,5040000
Presupuesto,2026-11-01,Salud,Clínica Oriente,SAL-5103,1822500
Presupuesto,2026-11-01,Salud,Clínica Oriente,SAL-5104,2227500
Presupuesto,2026-11-01,Salud,Clínica Oriente,SAL-5105,10125000
Presupuesto,2026-11-01,Salud,Clínica Oriente,SAL-5106,3375000
Presupuesto,2026-11-01,Salud,Clínica Oriente,SAL-6101,900000
Presupuesto,2026-11-01,Salud,Clínica Oriente,SAL-6102,900000
Presupuesto,2026-11-01,Salud,Clínica Oriente,SAL-6103,945000
Presupuesto,2026-11-01,Salud,Clínica Oriente,SAL-6104,405000
Presupuesto,2026-11-01,Salud,Clínica Oriente,SAL-6105,371250
Presupuesto,2026-11-01,Salud,Clínica Oriente,SAL-6106,2103750
Presupuesto,2026-11-01,Salud,Clínica Oriente,SAL-6107,396000
Presupuesto,2026-11-01,Salud,Clínica Oriente,SAL-6108,594000
Presupuesto,2026-11-01,Salud,Clínica Poniente,SAL-4101,4760000
Presupuesto,2026-11-01,Salud,Clínica Poniente,SAL-4102,2040000
Presupuesto,2026-11-01,Salud,Clínica Poniente,SAL-4103,900000
Presupuesto,2026-11-01,Salud,Clínica Poniente,SAL-4104,2700000
Presupuesto,2026-11-01,Salud,Clínica Poniente,SAL-4105,2340000
Presupuesto,2026-11-01,Salud,Clínica Poniente,SAL-4106,2860000
Presupuesto,2026-11-01,Salud,Clínica Poniente,SAL-5101,560000
Presupuesto,2026-11-01,Salud,Clínica Poniente,SAL-5102,2240000
Presupuesto,2026-11-01,Salud,Clínica Poniente,SAL-5103,810000
Presupuesto,2026-11-01,Salud,Clínica Poniente,SAL-5104,990000
Presupuesto,2026-11-01,Salud,Clínica Poniente,SAL-5105,4500000
Presupuesto,2026-11-01,Salud,Clínica Poniente,SAL-5106,1500000
Presupuesto,2026-11-01,Salud,Clínica Poniente,SAL-6101,400000
Presupuesto,2026-11-01,Salud,Clínica Poniente,SAL-6102,400000
Presupuesto,2026-11-01,Salud,Clínica Poniente,SAL-6103,420000
Presupuesto,2026-11-01,Salud,Clínica Poniente,SAL-6104,180000
Presupuesto,2026-11-01,Salud,Clínica Poniente,SAL-6105,165000
Presupuesto,2026-11-01,Salud,Clínica Poniente,SAL-6106,935000
Presupuesto,2026-11-01,Salud,Clínica Poniente,SAL-6107,176000
Presupuesto,2026-11-01,Salud,Clínica Poniente,SAL-6108,264000
Presupuesto,2026-12-01,Salud,Clínica Centro,SAL-4101,8330000
Presupuesto,2026-12-01,Salud,Clínica Centro,SAL-4102,3570000
Presupuesto,2026-12-01,Salud,Clínica Centro,SAL-4103,1575000
Presupuesto,2026-12-01,Salud,Clínica Centro,SAL-4104,4725000
Presupuesto,2026-12-01,Salud,Clínica Centro,SAL-4105,4095000
Presupuesto,2026-12-01,Salud,Clínica Centro,SAL-4106,5005000
Presupuesto,2026-12-01,Salud,Clínica Centro,SAL-5101,980000
Presupuesto,2026-12-01,Salud,Clínica Centro,SAL-5102,3920000
Presupuesto,2026-12-01,Salud,Clínica Centro,SAL-5103,1417500
Presupuesto,2026-12-01,Salud,Clínica Centro,SAL-5104,1732500
Presupuesto,2026-12-01,Salud,Clínica Centro,SAL-5105,7875000
Presupuesto,2026-12-01,Salud,Clínica Centro,SAL-5106,2625000
Presupuesto,2026-12-01,Salud,Clínica Centro,SAL-6101,700000
Presupuesto,2026-12-01,Salud,Clínica Centro,SAL-6102,700000
Presupuesto,2026-12-01,Salud,Clínica Centro,SAL-6103,735000
Presupuesto,2026-12-01,Salud,Clínica Centro,SAL-6104,315000
Presupuesto,2026-12-01,Salud,Clínica Centro,SAL-6105,288750
Presupuesto,2026-12-01,Salud,Clínica Centro,SAL-6106,1636250
Presupuesto,2026-12-01,Salud,Clínica Centro,SAL-6107,308000
Presupuesto,2026-12-01,Salud,Clínica Centro,SAL-6108,462000
Presupuesto,2026-12-01,Salud,Clínica Oriente,SAL-4101,10710000
Presupuesto,2026-12-01,Salud,Clínica Oriente,SAL-4102,4590000
Presupuesto,2026-12-01,Salud,Clínica Oriente,SAL-4103,2025000
Presupuesto,2026-12-01,Salud,Clínica Oriente,SAL-4104,6075000
Presupuesto,2026-12-01,Salud,Clínica Oriente,SAL-4105,5265000
Presupuesto,2026-12-01,Salud,Clínica Oriente,SAL-4106,6435000
Presupuesto,2026-12-01,Salud,Clínica Oriente,SAL-5101,1260000
Presupuesto,2026-12-01,Salud,Clínica Oriente,SAL-5102,5040000
Presupuesto,2026-12-01,Salud,Clínica Oriente,SAL-5103,1822500
Presupuesto,2026-12-01,Salud,Clínica Oriente,SAL-5104,2227500
Presupuesto,2026-12-01,Salud,Clínica Oriente,SAL-5105,10125000
Presupuesto,2026-12-01,Salud,Clínica Oriente,SAL-5106,3375000
Presupuesto,2026-12-01,Salud,Clínica Oriente,SAL-6101,900000
Presupuesto,2026-12-01,Salud,Clínica Oriente,SAL-6102,900000
Presupuesto,2026-12-01,Salud,Clínica Oriente,SAL-6103,945000
Presupuesto,2026-12-01,Salud,Clínica Oriente,SAL-6104,405000
Presupuesto,2026-12-01,Salud,Clínica Oriente,SAL-6105,371250
Presupuesto,2026-12-01,Salud,Clínica Oriente,SAL-6106,2103750
Presupuesto,2026-12-01,Salud,Clínica Oriente,SAL-6107,396000
Presupuesto,2026-12-01,Salud,Clínica Oriente,SAL-6108,594000
Presupuesto,2026-12-01,Salud,Clínica Poniente,SAL-4101,4760000
Presupuesto,2026-12-01,Salud,Clínica Poniente,SAL-4102,2040000
Presupuesto,2026-12-01,Salud,Clínica Poniente,SAL-4103,900000
Presupuesto,2026-12-01,Salud,Clínica Poniente,SAL-4104,2700000
Presupuesto,2026-12-01,Salud,Clínica Poniente,SAL-4105,2340000
Presupuesto,2026-12-01,Salud,Clínica Poniente,SAL-4106,2860000
Presupuesto,2026-12-01,Salud,Clínica Poniente,SAL-5101,560000
Presupuesto,2026-12-01,Salud,Clínica Poniente,SAL-5102,2240000
Presupuesto,2026-12-01,Salud,Clínica Poniente,SAL-5103,810000
Presupuesto,2026-12-01,Salud,Clínica Poniente,SAL-5104,990000
Presupuesto,2026-12-01,Salud,Clínica Poniente,SAL-5105,4500000
Presupuesto,2026-12-01,Salud,Clínica Poniente,SAL-5106,1500000
Presupuesto,2026-12-01,Salud,Clínica Poniente,SAL-6101,400000
Presupuesto,2026-12-01,Salud,Clínica Poniente,SAL-6102,400000
Presupuesto,2026-12-01,Salud,Clínica Poniente,SAL-6103,420000
Presupuesto,2026-12-01,Salud,Clínica Poniente,SAL-6104,180000
Presupuesto,2026-12-01,Salud,Clínica Poniente,SAL-6105,165000
Presupuesto,2026-12-01,Salud,Clínica Poniente,SAL-6106,935000
Presupuesto,2026-12-01,Salud,Clínica Poniente,SAL-6107,176000
Presupuesto,2026-12-01,Salud,Clínica Poniente,SAL-6108,264000
Real,2025-01-01,Energia,Zona Centro,ENE-4101,1764296
Real,2025-01-01,Energia,Zona Centro,ENE-4102,756127
Real,2025-01-01,Energia,Zona Centro,ENE-4103,10554295
Real,2025-01-01,Energia,Zona Centro,ENE-4104,7036197
Real,2025-01-01,Energia,Zona Centro,ENE-4105,3646669
Real,2025-01-01,Energia,Zona Centro,ENE-5101,1716201
Real,2025-01-01,Energia,Zona Centro,ENE-5102,2574301
Real,2025-01-01,Energia,Zona Centro,ENE-5103,6870667
Real,2025-01-01,Energia,Zona Centro,ENE-5104,735333
Real,2025-01-01,Energia,Zona Centro,ENE-5105,1110786
Real,2025-01-01,Energia,Zona Centro,ENE-6101,274954
Real,2025-01-01,Energia,Zona Centro,ENE-6102,183303
Real,2025-01-01,Energia,Zona Centro,ENE-6103,276340
Real,2025-01-01,Energia,Zona Centro,ENE-6104,1565926
Real,2025-01-01,Energia,Zona Centro,ENE-6105,637733
Real,2025-01-01,Energia,Zona Centro,ENE-6106,310614
Real,2025-01-01,Energia,Zona Centro,ENE-6107,464987
Real,2025-01-01,Energia,Zona Norte,ENE-4101,2016338
Real,2025-01-01,Energia,Zona Norte,ENE-4102,864145
Real,2025-01-01,Energia,Zona Norte,ENE-4103,12062052
Real,2025-01-01,Energia,Zona Norte,ENE-4104,8041368
Real,2025-01-01,Energia,Zona Norte,ENE-4105,4167622
Real,2025-01-01,Energia,Zona Norte,ENE-5101,1961372
Real,2025-01-01,Energia,Zona Norte,ENE-5102,2942058
Real,2025-01-01,Energia,Zona Norte,ENE-5103,7852191
Real,2025-01-01,Energia,Zona Norte,ENE-5104,840380
Real,2025-01-01,Energia,Zona Norte,ENE-5105,1269470
Real,2025-01-01,Energia,Zona Norte,ENE-6101,314233
Real,2025-01-01,Energia,Zona Norte,ENE-6102,209489
Real,2025-01-01,Energia,Zona Norte,ENE-6103,315817
Real,2025-01-01,Energia,Zona Norte,ENE-6104,1789629
Real,2025-01-01,Energia,Zona Norte,ENE-6105,728838
Real,2025-01-01,Energia,Zona Norte,ENE-6106,354987
Real,2025-01-01,Energia,Zona Norte,ENE-6107,531414
Real,2025-01-01,Energia,Zona Sur,ENE-4101,1260211
Real,2025-01-01,Energia,Zona Sur,ENE-4102,540090
Real,2025-01-01,Energia,Zona Sur,ENE-4103,7538782
Real,2025-01-01,Energia,Zona Sur,ENE-4104,5025855
Real,2025-01-01,Energia,Zona Sur,ENE-4105,2604763
Real,2025-01-01,Energia,Zona Sur,ENE-5101,1225857
Real,2025-01-01,Energia,Zona Sur,ENE-5102,1838786
Real,2025-01-01,Energia,Zona Sur,ENE-5103,4907620
Real,2025-01-01,Energia,Zona Sur,ENE-5104,525238
Real,2025-01-01,Energia,Zona Sur,ENE-5105,793419
Real,2025-01-01,Energia,Zona Sur,ENE-6101,196396
Real,2025-01-01,Energia,Zona Sur,ENE-6102,130931
Real,2025-01-01,Energia,Zona Sur,ENE-6103,197386
Real,2025-01-01,Energia,Zona Sur,ENE-6104,1118518
Real,2025-01-01,Energia,Zona Sur,ENE-6105,455523
Real,2025-01-01,Energia,Zona Sur,ENE-6106,221867
Real,2025-01-01,Energia,Zona Sur,ENE-6107,332133
Real,2025-02-01,Energia,Zona Centro,ENE-4101,1717319
Real,2025-02-01,Energia,Zona Centro,ENE-4102,735994
Real,2025-02-01,Energia,Zona Centro,ENE-4103,10277827
Real,2025-02-01,Energia,Zona Centro,ENE-4104,6851885
Real,2025-02-01,Energia,Zona Centro,ENE-4105,3716566
Real,2025-02-01,Energia,Zona Centro,ENE-5101,1732444
Real,2025-02-01,Energia,Zona Centro,ENE-5102,2598665
Real,2025-02-01,Energia,Zona Centro,ENE-5103,6787106
Real,2025-02-01,Energia,Zona Centro,ENE-5104,755369
Real,2025-02-01,Energia,Zona Centro,ENE-5105,1120804
Real,2025-02-01,Energia,Zona Centro,ENE-6101,286364
Real,2025-02-01,Energia,Zona Centro,ENE-6102,190909
Real,2025-02-01,Energia,Zona Centro,ENE-6103,277270
Real,2025-02-01,Energia,Zona Centro,ENE-6104,1571194
Real,2025-02-01,Energia,Zona Centro,ENE-6105,608781
Real,2025-02-01,Energia,Zona Centro,ENE-6106,305124
Real,2025-02-01,Energia,Zona Centro,ENE-6107,462242
Real,2025-02-01,Energia,Zona Norte,ENE-4101,1962650
Real,2025-02-01,Energia,Zona Norte,ENE-4102,841136
Real,2025-02-01,Energia,Zona Norte,ENE-4103,11746089
Real,2025-02-01,Energia,Zona Norte,ENE-4104,7830726
Real,2025-02-01,Energia,Zona Norte,ENE-4105,4247504
Real,2025-02-01,Energia,Zona Norte,ENE-5101,1979935
Real,2025-02-01,Energia,Zona Norte,ENE-5102,2969903
Real,2025-02-01,Energia,Zona Norte,ENE-5103,7756693
Real,2025-02-01,Energia,Zona Norte,ENE-5104,863278
Real,2025-02-01,Energia,Zona Norte,ENE-5105,1280919
Real,2025-02-01,Energia,Zona Norte,ENE-6101,327273
Real,2025-02-01,Energia,Zona Norte,ENE-6102,218182
Real,2025-02-01,Energia,Zona Norte,ENE-6103,316879
Real,2025-02-01,Energia,Zona Norte,ENE-6104,1795650
Real,2025-02-01,Energia,Zona Norte,ENE-6105,695750
Real,2025-02-01,Energia,Zona Norte,ENE-6106,348714
Real,2025-02-01,Energia,Zona Norte,ENE-6107,528277
Real,2025-02-01,Energia,Zona Sur,ENE-4101,1226657
Real,2025-02-01,Energia,Zona Sur,ENE-4102,525710
Real,2025-02-01,Energia,Zona Sur,ENE-4103,7341305
Real,2025-02-01,Energia,Zona Sur,ENE-4104,4894204
Real,2025-02-01,Energia,Zona Sur,ENE-4105,2654690
Real,2025-02-01,Energia,Zona Sur,ENE-5101,1237460
Real,2025-02-01,Energia,Zona Sur,ENE-5102,1856189
Real,2025-02-01,Energia,Zona Sur,ENE-5103,4847933
Real,2025-02-01,Energia,Zona Sur,ENE-5104,539549
Real,2025-02-01,Energia,Zona Sur,ENE-5105,800575
Real,2025-02-01,Energia,Zona Sur,ENE-6101,204546
Real,2025-02-01,Energia,Zona Sur,ENE-6102,136364
Real,2025-02-01,Energia,Zona Sur,ENE-6103,198050
Real,2025-02-01,Energia,Zona Sur,ENE-6104,1122282
Real,2025-02-01,Energia,Zona Sur,ENE-6105,434843
Real,2025-02-01,Energia,Zona Sur,ENE-6106,217946
Real,2025-02-01,Energia,Zona Sur,ENE-6107,330173
Real,2025-03-01,Energia,Zona Centro,ENE-4101,1868071
Real,2025-03-01,Energia,Zona Centro,ENE-4102,800602
Real,2025-03-01,Energia,Zona Centro,ENE-4103,11437208
Real,2025-03-01,Energia,Zona Centro,ENE-4104,7624805
Real,2025-03-01,Energia,Zona Centro,ENE-4105,4005019
Real,2025-03-01,Energia,Zona Centro,ENE-5101,1899063
Real,2025-03-01,Energia,Zona Centro,ENE-5102,2848595
Real,2025-03-01,Energia,Zona Centro,ENE-5103,7389570
Real,2025-03-01,Energia,Zona Centro,ENE-5104,818705
Real,2025-03-01,Energia,Zona Centro,ENE-5105,1217013
Real,2025-03-01,Energia,Zona Centro,ENE-6101,297309
Real,2025-03-01,Energia,Zona Centro,ENE-6102,198206
Real,2025-03-01,Energia,Zona Centro,ENE-6103,300363
Real,2025-03-01,Energia,Zona Centro,ENE-6104,1702057
Real,2025-03-01,Energia,Zona Centro,ENE-6105,675281
Real,2025-03-01,Energia,Zona Centro,ENE-6106,337957
Real,2025-03-01,Energia,Zona Centro,ENE-6107,505538
Real,2025-03-01,Energia,Zona Norte,ENE-4101,2134938
Real,2025-03-01,Energia,Zona Norte,ENE-4102,914974
Real,2025-03-01,Energia,Zona Norte,ENE-4103,13071095
Real,2025-03-01,Energia,Zona Norte,ENE-4104,8714063
Real,2025-03-01,Energia,Zona Norte,ENE-4105,4577165
Real,2025-03-01,Energia,Zona Norte,ENE-5101,2170358
Real,2025-03-01,Energia,Zona Norte,ENE-5102,3255537
Real,2025-03-01,Energia,Zona Norte,ENE-5103,8445223
Real,2025-03-01,Energia,Zona Norte,ENE-5104,935663
Real,2025-03-01,Energia,Zona Norte,ENE-5105,1390871
Real,2025-03-01,Energia,Zona Norte,ENE-6101,339782
Real,2025-03-01,Energia,Zona Norte,ENE-6102,226522
Real,2025-03-01,Energia,Zona Norte,ENE-6103,343272
Real,2025-03-01,Energia,Zona Norte,ENE-6104,1945208
Real,2025-03-01,Energia,Zona Norte,ENE-6105,771750
Real,2025-03-01,Energia,Zona Norte,ENE-6106,386237
Real,2025-03-01,Energia,Zona Norte,ENE-6107,577758
Real,2025-03-01,Energia,Zona Sur,ENE-4101,1334336
Real,2025-03-01,Energia,Zona Sur,ENE-4102,571858
Real,2025-03-01,Energia,Zona Sur,ENE-4103,8169434
Real,2025-03-01,Energia,Zona Sur,ENE-4104,5446290
Real,2025-03-01,Energia,Zona Sur,ENE-4105,2860728
Real,2025-03-01,Energia,Zona Sur,ENE-5101,1356474
Real,2025-03-01,Energia,Zona Sur,ENE-5102,2034710
Real,2025-03-01,Energia,Zona Sur,ENE-5103,5278264
Real,2025-03-01,Energia,Zona Sur,ENE-5104,584789
Real,2025-03-01,Energia,Zona Sur,ENE-5105,869295
Real,2025-03-01,Energia,Zona Sur,ENE-6101,212364
Real,2025-03-01,Energia,Zona Sur,ENE-6102,141576
Real,2025-03-01,Energia,Zona Sur,ENE-6103,214545
Real,2025-03-01,Energia,Zona Sur,ENE-6104,1215754
Real,2025-03-01,Energia,Zona Sur,ENE-6105,482344
Real,2025-03-01,Energia,Zona Sur,ENE-6106,241398
Real,2025-03-01,Energia,Zona Sur,ENE-6107,361099
Real,2025-04-01,Energia,Zona Centro,ENE-4101,1890230
Real,2025-04-01,Energia,Zona Centro,ENE-4102,810098
Real,2025-04-01,Energia,Zona Centro,ENE-4103,11140056
Real,2025-04-01,Energia,Zona Centro,ENE-4104,7426704
Real,2025-04-01,Energia,Zona Centro,ENE-4105,4191724
Real,2025-04-01,Energia,Zona Centro,ENE-5101,1900595
Real,2025-04-01,Energia,Zona Centro,ENE-5102,2850893
Real,2025-04-01,Energia,Zona Centro,ENE-5103,7476020
Real,2025-04-01,Energia,Zona Centro,ENE-5104,843675
Real,2025-04-01,Energia,Zona Centro,ENE-5105,1229498
Real,2025-04-01,Energia,Zona Centro,ENE-6101,299056
Real,2025-04-01,Energia,Zona Centro,ENE-6102,199370
Real,2025-04-01,Energia,Zona Centro,ENE-6103,303259
Real,2025-04-01,Energia,Zona Centro,ENE-6104,1718465
Real,2025-04-01,Energia,Zona Centro,ENE-6105,689672
Real,2025-04-01,Energia,Zona Centro,ENE-6106,338018
Real,2025-04-01,Energia,Zona Centro,ENE-6107,505569
Real,2025-04-01,Energia,Zona Norte,ENE-4101,2160262
Real,2025-04-01,Energia,Zona Norte,ENE-4102,925827
Real,2025-04-01,Energia,Zona Norte,ENE-4103,12731492
Real,2025-04-01,Energia,Zona Norte,ENE-4104,8487662
Real,2025-04-01,Energia,Zona Norte,ENE-4105,4790541
Real,2025-04-01,Energia,Zona Norte,ENE-5101,2172109
Real,2025-04-01,Energia,Zona Norte,ENE-5102,3258164
Real,2025-04-01,Energia,Zona Norte,ENE-5103,8544022
Real,2025-04-01,Energia,Zona Norte,ENE-5104,964201
Real,2025-04-01,Energia,Zona Norte,ENE-5105,1405140
Real,2025-04-01,Energia,Zona Norte,ENE-6101,341778
Real,2025-04-01,Energia,Zona Norte,ENE-6102,227852
Real,2025-04-01,Energia,Zona Norte,ENE-6103,346581
Real,2025-04-01,Energia,Zona Norte,ENE-6104,1963960
Real,2025-04-01,Energia,Zona Norte,ENE-6105,788196
Real,2025-04-01,Energia,Zona Norte,ENE-6106,386306
Real,2025-04-01,Energia,Zona Norte,ENE-6107,577793
Real,2025-04-01,Energia,Zona Sur,ENE-4101,1350164
Real,2025-04-01,Energia,Zona Sur,ENE-4102,578642
Real,2025-04-01,Energia,Zona Sur,ENE-4103,7957183
Real,2025-04-01,Energia,Zona Sur,ENE-4104,5304788
Real,2025-04-01,Energia,Zona Sur,ENE-4105,2994088
Real,2025-04-01,Energia,Zona Sur,ENE-5101,1357568
Real,2025-04-01,Energia,Zona Sur,ENE-5102,2036352
Real,2025-04-01,Energia,Zona Sur,ENE-5103,5340014
Real,2025-04-01,Energia,Zona Sur,ENE-5104,602625
Real,2025-04-01,Energia,Zona Sur,ENE-5105,878213
Real,2025-04-01,Energia,Zona Sur,ENE-6101,213611
Real,2025-04-01,Energia,Zona Sur,ENE-6102,142407
Real,2025-04-01,Energia,Zona Sur,ENE-6103,216613
Real,2025-04-01,Energia,Zona Sur,ENE-6104,1227474
Real,2025-04-01,Energia,Zona Sur,ENE-6105,492623
Real,2025-04-01,Energia,Zona Sur,ENE-6106,241442
Real,2025-04-01,Energia,Zona Sur,ENE-6107,361121
Real,2025-05-01,Energia,Zona Centro,ENE-4101,1844079
Real,2025-05-01,Energia,Zona Centro,ENE-4102,790319
Real,2025-05-01,Energia,Zona Centro,ENE-4103,11442789
Real,2025-05-01,Energia,Zona Centro,ENE-4104,7628526
Real,2025-05-01,Energia,Zona Centro,ENE-4105,3971640
Real,2025-05-01,Energia,Zona Centro,ENE-5101,1886220
Real,2025-05-01,Energia,Zona Centro,ENE-5102,2829329
Real,2025-05-01,Energia,Zona Centro,ENE-5103,7339066
Real,2025-05-01,Energia,Zona Centro,ENE-5104,801943
Real,2025-05-01,Energia,Zona Centro,ENE-5105,1208632
Real,2025-05-01,Energia,Zona Centro,ENE-6101,303991
Real,2025-05-01,Energia,Zona Centro,ENE-6102,202661
Real,2025-05-01,Energia,Zona Centro,ENE-6103,301347
Real,2025-05-01,Energia,Zona Centro,ENE-6104,1707628
Real,2025-05-01,Energia,Zona Centro,ENE-6105,670934
Real,2025-05-01,Energia,Zona Centro,ENE-6106,332078
Real,2025-05-01,Energia,Zona Centro,ENE-6107,502599
Real,2025-05-01,Energia,Zona Norte,ENE-4101,2107518
Real,2025-05-01,Energia,Zona Norte,ENE-4102,903222
Real,2025-05-01,Energia,Zona Norte,ENE-4103,13077473
Real,2025-05-01,Energia,Zona Norte,ENE-4104,8718316
Real,2025-05-01,Energia,Zona Norte,ENE-4105,4539017
Real,2025-05-01,Energia,Zona Norte,ENE-5101,2155680
Real,2025-05-01,Energia,Zona Norte,ENE-5102,3233519
Real,2025-05-01,Energia,Zona Norte,ENE-5103,8387504
Real,2025-05-01,Energia,Zona Norte,ENE-5104,916506
Real,2025-05-01,Energia,Zona Norte,ENE-5105,1381293
Real,2025-05-01,Energia,Zona Norte,ENE-6101,347418
Real,2025-05-01,Energia,Zona Norte,ENE-6102,231612
Real,2025-05-01,Energia,Zona Norte,ENE-6103,344395
Real,2025-05-01,Energia,Zona Norte,ENE-6104,1951574
Real,2025-05-01,Energia,Zona Norte,ENE-6105,766782
Real,2025-05-01,Energia,Zona Norte,ENE-6106,379518
Real,2025-05-01,Energia,Zona Norte,ENE-6107,574399
Real,2025-05-01,Energia,Zona Sur,ENE-4101,1317199
Real,2025-05-01,Energia,Zona Sur,ENE-4102,564514
Real,2025-05-01,Energia,Zona Sur,ENE-4103,8173421
Real,2025-05-01,Energia,Zona Sur,ENE-4104,5448947
Real,2025-05-01,Energia,Zona Sur,ENE-4105,2836886
Real,2025-05-01,Energia,Zona Sur,ENE-5101,1347300
Real,2025-05-01,Energia,Zona Sur,ENE-5102,2020950
Real,2025-05-01,Energia,Zona Sur,ENE-5103,5242190
Real,2025-05-01,Energia,Zona Sur,ENE-5104,572817
Real,2025-05-01,Energia,Zona Sur,ENE-5105,863308
Real,2025-05-01,Energia,Zona Sur,ENE-6101,217137
Real,2025-05-01,Energia,Zona Sur,ENE-6102,144758
Real,2025-05-01,Energia,Zona Sur,ENE-6103,215247
Real,2025-05-01,Energia,Zona Sur,ENE-6104,1219733
Real,2025-05-01,Energia,Zona Sur,ENE-6105,479239
Real,2025-05-01,Energia,Zona Sur,ENE-6106,237199
Real,2025-05-01,Energia,Zona Sur,ENE-6107,359000
Real,2025-06-01,Energia,Zona Centro,ENE-4101,2230832
Real,2025-06-01,Energia,Zona Centro,ENE-4102,956071
Real,2025-06-01,Energia,Zona Centro,ENE-4103,13277028
Real,2025-06-01,Energia,Zona Centro,ENE-4104,8851352
Real,2025-06-01,Energia,Zona Centro,ENE-4105,5157584
Real,2025-06-01,Energia,Zona Centro,ENE-5101,2483868
Real,2025-06-01,Energia,Zona Centro,ENE-5102,3725801
Real,2025-06-01,Energia,Zona Centro,ENE-5103,8601373
Real,2025-06-01,Energia,Zona Centro,ENE-5104,970855
Real,2025-06-01,Energia,Zona Centro,ENE-5105,1438547
Real,2025-06-01,Energia,Zona Centro,ENE-6101,357614
Real,2025-06-01,Energia,Zona Centro,ENE-6102,238410
Real,2025-06-01,Energia,Zona Centro,ENE-6103,360181
Real,2025-06-01,Energia,Zona Centro,ENE-6104,2041026
Real,2025-06-01,Energia,Zona Centro,ENE-6105,781942
Real,2025-06-01,Energia,Zona Centro,ENE-6106,399847
Real,2025-06-01,Energia,Zona Centro,ENE-6107,597103
Real,2025-06-01,Energia,Zona Norte,ENE-4101,2549522
Real,2025-06-01,Energia,Zona Norte,ENE-4102,1092652
Real,2025-06-01,Energia,Zona Norte,ENE-4103,15173746
Real,2025-06-01,Energia,Zona Norte,ENE-4104,10115831
Real,2025-06-01,Energia,Zona Norte,ENE-4105,5894382
Real,2025-06-01,Energia,Zona Norte,ENE-5101,2838706
Real,2025-06-01,Energia,Zona Norte,ENE-5102,4258059
Real,2025-06-01,Energia,Zona Norte,ENE-5103,9830140
Real,2025-06-01,Energia,Zona Norte,ENE-5104,1109548
Real,2025-06-01,Energia,Zona Norte,ENE-5105,1644054
Real,2025-06-01,Energia,Zona Norte,ENE-6101,408702
Real,2025-06-01,Energia,Zona Norte,ENE-6102,272468
Real,2025-06-01,Energia,Zona Norte,ENE-6103,411635
Real,2025-06-01,Energia,Zona Norte,ENE-6104,2332601
Real,2025-06-01,Energia,Zona Norte,ENE-6105,893649
Real,2025-06-01,Energia,Zona Norte,ENE-6106,456967
Real,2025-06-01,Energia,Zona Norte,ENE-6107,682404
Real,2025-06-01,Energia,Zona Sur,ENE-4101,1593451
Real,2025-06-01,Energia,Zona Sur,ENE-4102,682908
Real,2025-06-01,Energia,Zona Sur,ENE-4103,9483591
Real,2025-06-01,Energia,Zona Sur,ENE-4104,6322394
Real,2025-06-01,Energia,Zona Sur,ENE-4105,3683988
Real,2025-06-01,Energia,Zona Sur,ENE-5101,1774191
Real,2025-06-01,Energia,Zona Sur,ENE-5102,2661287
Real,2025-06-01,Energia,Zona Sur,ENE-5103,6143838
Real,2025-06-01,Energia,Zona Sur,ENE-5104,693468
Real,2025-06-01,Energia,Zona Sur,ENE-5105,1027534
Real,2025-06-01,Energia,Zona Sur,ENE-6101,255439
Real,2025-06-01,Energia,Zona Sur,ENE-6102,170293
Real,2025-06-01,Energia,Zona Sur,ENE-6103,257272
Real,2025-06-01,Energia,Zona Sur,ENE-6104,1457876
Real,2025-06-01,Energia,Zona Sur,ENE-6105,558530
Real,2025-06-01,Energia,Zona Sur,ENE-6106,285605
Real,2025-06-01,Energia,Zona Sur,ENE-6107,426502
Real,2025-07-01,Energia,Zona Centro,ENE-4101,2213944
Real,2025-07-01,Energia,Zona Centro,ENE-4102,948833
Real,2025-07-01,Energia,Zona Centro,ENE-4103,13090143
Real,2025-07-01,Energia,Zona Centro,ENE-4104,8726762
Real,2025-07-01,Energia,Zona Centro,ENE-4105,5226303
Real,2025-07-01,Energia,Zona Centro,ENE-5101,2502019
Real,2025-07-01,Energia,Zona Centro,ENE-5102,3753028
Real,2025-07-01,Energia,Zona Centro,ENE-5103,8742057
Real,2025-07-01,Energia,Zona Centro,ENE-5104,989008
Real,2025-07-01,Energia,Zona Centro,ENE-5105,1447624
Real,2025-07-01,Energia,Zona Centro,ENE-6101,356073
Real,2025-07-01,Energia,Zona Centro,ENE-6102,237382
Real,2025-07-01,Energia,Zona Centro,ENE-6103,351017
Real,2025-07-01,Energia,Zona Centro,ENE-6104,1989098
Real,2025-07-01,Energia,Zona Centro,ENE-6105,779167
Real,2025-07-01,Energia,Zona Centro,ENE-6106,385139
Real,2025-07-01,Energia,Zona Centro,ENE-6107,589750
Real,2025-07-01,Energia,Zona Norte,ENE-4101,2530222
Real,2025-07-01,Energia,Zona Norte,ENE-4102,1084381
Real,2025-07-01,Energia,Zona Norte,ENE-4103,14960163
Real,2025-07-01,Energia,Zona Norte,ENE-4104,9973442
Real,2025-07-01,Energia,Zona Norte,ENE-4105,5972918
Real,2025-07-01,Energia,Zona Norte,ENE-5101,2859450
Real,2025-07-01,Energia,Zona Norte,ENE-5102,4289175
Real,2025-07-01,Energia,Zona Norte,ENE-5103,9990923
Real,2025-07-01,Energia,Zona Norte,ENE-5104,1130295
Real,2025-07-01,Energia,Zona Norte,ENE-5105,1654428
Real,2025-07-01,Energia,Zona Norte,ENE-6101,406940
Real,2025-07-01,Energia,Zona Norte,ENE-6102,271293
Real,2025-07-01,Energia,Zona Norte,ENE-6103,401163
Real,2025-07-01,Energia,Zona Norte,ENE-6104,2273255
Real,2025-07-01,Energia,Zona Norte,ENE-6105,890477
Real,2025-07-01,Energia,Zona Norte,ENE-6106,440159
Real,2025-07-01,Energia,Zona Norte,ENE-6107,674000
Real,2025-07-01,Energia,Zona Sur,ENE-4101,1581388
Real,2025-07-01,Energia,Zona Sur,ENE-4102,677738
Real,2025-07-01,Energia,Zona Sur,ENE-4103,9350102
Real,2025-07-01,Energia,Zona Sur,ENE-4104,6233402
Real,2025-07-01,Energia,Zona Sur,ENE-4105,3733074
Real,2025-07-01,Energia,Zona Sur,ENE-5101,1787156
Real,2025-07-01,Energia,Zona Sur,ENE-5102,2680735
Real,2025-07-01,Energia,Zona Sur,ENE-5103,6244327
Real,2025-07-01,Energia,Zona Sur,ENE-5104,706434
Real,2025-07-01,Energia,Zona Sur,ENE-5105,1034017
Real,2025-07-01,Energia,Zona Sur,ENE-6101,254338
Real,2025-07-01,Energia,Zona Sur,ENE-6102,169558
Real,2025-07-01,Energia,Zona Sur,ENE-6103,250727
Real,2025-07-01,Energia,Zona Sur,ENE-6104,1420785
Real,2025-07-01,Energia,Zona Sur,ENE-6105,556548
Real,2025-07-01,Energia,Zona Sur,ENE-6106,275099
Real,2025-07-01,Energia,Zona Sur,ENE-6107,421250
Real,2025-08-01,Energia,Zona Centro,ENE-4101,2293074
Real,2025-08-01,Energia,Zona Centro,ENE-4102,982746
Real,2025-08-01,Energia,Zona Centro,ENE-4103,12853001
Real,2025-08-01,Energia,Zona Centro,ENE-4104,8568667
Real,2025-08-01,Energia,Zona Centro,ENE-4105,5194072
Real,2025-08-01,Energia,Zona Centro,ENE-5101,2558356
Real,2025-08-01,Energia,Zona Centro,ENE-5102,3837534
Real,2025-08-01,Energia,Zona Centro,ENE-5103,9028868
Real,2025-08-01,Energia,Zona Centro,ENE-5104,936948
Real,2025-08-01,Energia,Zona Centro,ENE-5105,1421594
Real,2025-08-01,Energia,Zona Centro,ENE-6101,368982
Real,2025-08-01,Energia,Zona Centro,ENE-6102,245988
Real,2025-08-01,Energia,Zona Centro,ENE-6103,355088
Real,2025-08-01,Energia,Zona Centro,ENE-6104,2012164
Real,2025-08-01,Energia,Zona Centro,ENE-6105,780462
Real,2025-08-01,Energia,Zona Centro,ENE-6106,388352
Real,2025-08-01,Energia,Zona Centro,ENE-6107,591356
Real,2025-08-01,Energia,Zona Norte,ENE-4101,2620656
Real,2025-08-01,Energia,Zona Norte,ENE-4102,1123138
Real,2025-08-01,Energia,Zona Norte,ENE-4103,14689144
Real,2025-08-01,Energia,Zona Norte,ENE-4104,9792762
Real,2025-08-01,Energia,Zona Norte,ENE-4105,5936083
Real,2025-08-01,Energia,Zona Norte,ENE-5101,2923835
Real,2025-08-01,Energia,Zona Norte,ENE-5102,4385753
Real,2025-08-01,Energia,Zona Norte,ENE-5103,10318706
Real,2025-08-01,Energia,Zona Norte,ENE-5104,1070798
Real,2025-08-01,Energia,Zona Norte,ENE-5105,1624679
Real,2025-08-01,Energia,Zona Norte,ENE-6101,421693
Real,2025-08-01,Energia,Zona Norte,ENE-6102,281129
Real,2025-08-01,Energia,Zona Norte,ENE-6103,405814
Real,2025-08-01,Energia,Zona Norte,ENE-6104,2299615
Real,2025-08-01,Energia,Zona Norte,ENE-6105,891957
Real,2025-08-01,Energia,Zona Norte,ENE-6106,443831
Real,2025-08-01,Energia,Zona Norte,ENE-6107,675835
Real,2025-08-01,Energia,Zona Sur,ENE-4101,1637910
Real,2025-08-01,Energia,Zona Sur,ENE-4102,701962
Real,2025-08-01,Energia,Zona Sur,ENE-4103,9180715
Real,2025-08-01,Energia,Zona Sur,ENE-4104,6120477
Real,2025-08-01,Energia,Zona Sur,ENE-4105,3710052
Real,2025-08-01,Energia,Zona Sur,ENE-5101,1827397
Real,2025-08-01,Energia,Zona Sur,ENE-5102,2741095
Real,2025-08-01,Energia,Zona Sur,ENE-5103,6449192
Real,2025-08-01,Energia,Zona Sur,ENE-5104,669248
Real,2025-08-01,Energia,Zona Sur,ENE-5105,1015424
Real,2025-08-01,Energia,Zona Sur,ENE-6101,263558
Real,2025-08-01,Energia,Zona Sur,ENE-6102,175705
Real,2025-08-01,Energia,Zona Sur,ENE-6103,253634
Real,2025-08-01,Energia,Zona Sur,ENE-6104,1437260
Real,2025-08-01,Energia,Zona Sur,ENE-6105,557473
Real,2025-08-01,Energia,Zona Sur,ENE-6106,277394
Real,2025-08-01,Energia,Zona Sur,ENE-6107,422397
Real,2025-09-01,Energia,Zona Centro,ENE-4101,1954361
Real,2025-09-01,Energia,Zona Centro,ENE-4102,837583
Real,2025-09-01,Energia,Zona Centro,ENE-4103,11029430
Real,2025-09-01,Energia,Zona Centro,ENE-4104,7352953
Real,2025-09-01,Energia,Zona Centro,ENE-4105,4021318
Real,2025-09-01,Energia,Zona Centro,ENE-5101,1904526
Real,2025-09-01,Energia,Zona Centro,ENE-5102,2856788
Real,2025-09-01,Energia,Zona Centro,ENE-5103,7441291
Real,2025-09-01,Energia,Zona Centro,ENE-5104,804425
Real,2025-09-01,Energia,Zona Centro,ENE-5105,1209873
Real,2025-09-01,Energia,Zona Centro,ENE-6101,311693
Real,2025-09-01,Energia,Zona Centro,ENE-6102,207796
Real,2025-09-01,Energia,Zona Centro,ENE-6103,299829
Real,2025-09-01,Energia,Zona Centro,ENE-6104,1699029
Real,2025-09-01,Energia,Zona Centro,ENE-6105,671505
Real,2025-09-01,Energia,Zona Centro,ENE-6106,347595
Real,2025-09-01,Energia,Zona Centro,ENE-6107,510357
Real,2025-09-01,Energia,Zona Norte,ENE-4101,2233555
Real,2025-09-01,Energia,Zona Norte,ENE-4102,957238
Real,2025-09-01,Energia,Zona Norte,ENE-4103,12605063
Real,2025-09-01,Energia,Zona Norte,ENE-4104,8403375
Real,2025-09-01,Energia,Zona Norte,ENE-4105,4595791
Real,2025-09-01,Energia,Zona Norte,ENE-5101,2176601
Real,2025-09-01,Energia,Zona Norte,ENE-5102,3264901
Real,2025-09-01,Energia,Zona Norte,ENE-5103,8504333
Real,2025-09-01,Energia,Zona Norte,ENE-5104,919343
Real,2025-09-01,Energia,Zona Norte,ENE-5105,1382712
Real,2025-09-01,Energia,Zona Norte,ENE-6101,356221
Real,2025-09-01,Energia,Zona Norte,ENE-6102,237481
Real,2025-09-01,Energia,Zona Norte,ENE-6103,342661
Real,2025-09-01,Energia,Zona Norte,ENE-6104,1941747
Real,2025-09-01,Energia,Zona Norte,ENE-6105,767434
Real,2025-09-01,Energia,Zona Norte,ENE-6106,397251
Real,2025-09-01,Energia,Zona Norte,ENE-6107,583265
Real,2025-09-01,Energia,Zona Sur,ENE-4101,1395972
Real,2025-09-01,Energia,Zona Sur,ENE-4102,598274
Real,2025-09-01,Energia,Zona Sur,ENE-4103,7878164
Real,2025-09-01,Energia,Zona Sur,ENE-4104,5252109
Real,2025-09-01,Energia,Zona Sur,ENE-4105,2872370
Real,2025-09-01,Energia,Zona Sur,ENE-5101,1360375
Real,2025-09-01,Energia,Zona Sur,ENE-5102,2040563
Real,2025-09-01,Energia,Zona Sur,ENE-5103,5315208
Real,2025-09-01,Energia,Zona Sur,ENE-5104,574589
Real,2025-09-01,Energia,Zona Sur,ENE-5105,864195
Real,2025-09-01,Energia,Zona Sur,ENE-6101,222638
Real,2025-09-01,Energia,Zona Sur,ENE-6102,148425
Real,2025-09-01,Energia,Zona Sur,ENE-6103,214163
Real,2025-09-01,Energia,Zona Sur,ENE-6104,1213592
Real,2025-09-01,Energia,Zona Sur,ENE-6105,479647
Real,2025-09-01,Energia,Zona Sur,ENE-6106,248282
Real,2025-09-01,Energia,Zona Sur,ENE-6107,364541
Real,2025-10-01,Energia,Zona Centro,ENE-4101,1904367
Real,2025-10-01,Energia,Zona Centro,ENE-4102,816158
Real,2025-10-01,Energia,Zona Centro,ENE-4103,11168836
Real,2025-10-01,Energia,Zona Centro,ENE-4104,7445891
Real,2025-10-01,Energia,Zona Centro,ENE-4105,4015494
Real,2025-10-01,Energia,Zona Centro,ENE-5101,1881726
Real,2025-10-01,Energia,Zona Centro,ENE-5102,2822589
Real,2025-10-01,Energia,Zona Centro,ENE-5103,7235071
Real,2025-10-01,Energia,Zona Centro,ENE-5104,805431
Real,2025-10-01,Energia,Zona Centro,ENE-5105,1210376
Real,2025-10-01,Energia,Zona Centro,ENE-6101,290361
Real,2025-10-01,Energia,Zona Centro,ENE-6102,193574
Real,2025-10-01,Energia,Zona Centro,ENE-6103,296504
Real,2025-10-01,Energia,Zona Centro,ENE-6104,1680186
Real,2025-10-01,Energia,Zona Centro,ENE-6105,679145
Real,2025-10-01,Energia,Zona Centro,ENE-6106,351461
Real,2025-10-01,Energia,Zona Centro,ENE-6107,512291
Real,2025-10-01,Energia,Zona Norte,ENE-4101,2176420
Real,2025-10-01,Energia,Zona Norte,ENE-4102,932751
Real,2025-10-01,Energia,Zona Norte,ENE-4103,12764384
Real,2025-10-01,Energia,Zona Norte,ENE-4104,8509590
Real,2025-10-01,Energia,Zona Norte,ENE-4105,4589135
Real,2025-10-01,Energia,Zona Norte,ENE-5101,2150544
Real,2025-10-01,Energia,Zona Norte,ENE-5102,3225815
Real,2025-10-01,Energia,Zona Norte,ENE-5103,8268652
Real,2025-10-01,Energia,Zona Norte,ENE-5104,920493
Real,2025-10-01,Energia,Zona Norte,ENE-5105,1383286
Real,2025-10-01,Energia,Zona Norte,ENE-6101,331841
Real,2025-10-01,Energia,Zona Norte,ENE-6102,221228
Real,2025-10-01,Energia,Zona Norte,ENE-6103,338861
Real,2025-10-01,Energia,Zona Norte,ENE-6104,1920212
Real,2025-10-01,Energia,Zona Norte,ENE-6105,776165
Real,2025-10-01,Energia,Zona Norte,ENE-6106,401670
Real,2025-10-01,Energia,Zona Norte,ENE-6107,585475
Real,2025-10-01,Energia,Zona Sur,ENE-4101,1360262
Real,2025-10-01,Energia,Zona Sur,ENE-4102,582970
Real,2025-10-01,Energia,Zona Sur,ENE-4103,7977740
Real,2025-10-01,Energia,Zona Sur,ENE-4104,5318493
Real,2025-10-01,Energia,Zona Sur,ENE-4105,2868210
Real,2025-10-01,Energia,Zona Sur,ENE-5101,1344090
Real,2025-10-01,Energia,Zona Sur,ENE-5102,2016135
Real,2025-10-01,Energia,Zona Sur,ENE-5103,5167908
Real,2025-10-01,Energia,Zona Sur,ENE-5104,575308
Real,2025-10-01,Energia,Zona Sur,ENE-5105,864554
Real,2025-10-01,Energia,Zona Sur,ENE-6101,207401
Real,2025-10-01,Energia,Zona Sur,ENE-6102,138267
Real,2025-10-01,Energia,Zona Sur,ENE-6103,211787
Real,2025-10-01,Energia,Zona Sur,ENE-6104,1200132
Real,2025-10-01,Energia,Zona Sur,ENE-6105,485103
Real,2025-10-01,Energia,Zona Sur,ENE-6106,251044
Real,2025-10-01,Energia,Zona Sur,ENE-6107,365922
Real,2025-11-01,Energia,Zona Centro,ENE-4101,1864526
Real,2025-11-01,Energia,Zona Centro,ENE-4102,799083
Real,2025-11-01,Energia,Zona Centro,ENE-4103,11001276
Real,2025-11-01,Energia,Zona Centro,ENE-4104,7334184
Real,2025-11-01,Energia,Zona Centro,ENE-4105,4046195
Real,2025-11-01,Energia,Zona Centro,ENE-5101,1896460
Real,2025-11-01,Energia,Zona Centro,ENE-5102,2844689
Real,2025-11-01,Energia,Zona Centro,ENE-5103,7335052
Real,2025-11-01,Energia,Zona Centro,ENE-5104,826343
Real,2025-11-01,Energia,Zona Centro,ENE-5105,1220831
Real,2025-11-01,Energia,Zona Centro,ENE-6101,306149
Real,2025-11-01,Energia,Zona Centro,ENE-6102,204099
Real,2025-11-01,Energia,Zona Centro,ENE-6103,300250
Real,2025-11-01,Energia,Zona Centro,ENE-6104,1701412
Real,2025-11-01,Energia,Zona Centro,ENE-6105,669738
Real,2025-11-01,Energia,Zona Centro,ENE-6106,326341
Real,2025-11-01,Energia,Zona Centro,ENE-6107,499730
Real,2025-11-01,Energia,Zona Norte,ENE-4101,2130887
Real,2025-11-01,Energia,Zona Norte,ENE-4102,913237
Real,2025-11-01,Energia,Zona Norte,ENE-4103,12572887
Real,2025-11-01,Energia,Zona Norte,ENE-4104,8381924
Real,2025-11-01,Energia,Zona Norte,ENE-4105,4624223
Real,2025-11-01,Energia,Zona Norte,ENE-5101,2167382
Real,2025-11-01,Energia,Zona Norte,ENE-5102,3251073
Real,2025-11-01,Energia,Zona Norte,ENE-5103,8382916
Real,2025-11-01,Energia,Zona Norte,ENE-5104,944392
Real,2025-11-01,Energia,Zona Norte,ENE-5105,1395236
Real,2025-11-01,Energia,Zona Norte,ENE-6101,349884
Real,2025-11-01,Energia,Zona Norte,ENE-6102,233256
Real,2025-11-01,Energia,Zona Norte,ENE-6103,343142
Real,2025-11-01,Energia,Zona Norte,ENE-6104,1944470
Real,2025-11-01,Energia,Zona Norte,ENE-6105,765414
Real,2025-11-01,Energia,Zona Norte,ENE-6106,372961
Real,2025-11-01,Energia,Zona Norte,ENE-6107,571120
Real,2025-11-01,Energia,Zona Sur,ENE-4101,1331805
Real,2025-11-01,Energia,Zona Sur,ENE-4102,570773
Real,2025-11-01,Energia,Zona Sur,ENE-4103,7858054
Real,2025-11-01,Energia,Zona Sur,ENE-4104,5238703
Real,2025-11-01,Energia,Zona Sur,ENE-4105,2890140
Real,2025-11-01,Energia,Zona Sur,ENE-5101,1354614
Real,2025-11-01,Energia,Zona Sur,ENE-5102,2031921
Real,2025-11-01,Energia,Zona Sur,ENE-5103,5239322
Real,2025-11-01,Energia,Zona Sur,ENE-5104,590245
Real,2025-11-01,Energia,Zona Sur,ENE-5105,872022
Real,2025-11-01,Energia,Zona Sur,ENE-6101,218677
Real,2025-11-01,Energia,Zona Sur,ENE-6102,145785
Real,2025-11-01,Energia,Zona Sur,ENE-6103,214463
Real,2025-11-01,Energia,Zona Sur,ENE-6104,1215294
Real,2025-11-01,Energia,Zona Sur,ENE-6105,478384
Real,2025-11-01,Energia,Zona Sur,ENE-6106,233101
Real,2025-11-01,Energia,Zona Sur,ENE-6107,356950
Real,2025-12-01,Energia,Zona Centro,ENE-4101,1758131
Real,2025-12-01,Energia,Zona Centro,ENE-4102,753485
Real,2025-12-01,Energia,Zona Centro,ENE-4103,10246438
Real,2025-12-01,Energia,Zona Centro,ENE-4104,6830959
Real,2025-12-01,Energia,Zona Centro,ENE-4105,3680553
Real,2025-12-01,Energia,Zona Centro,ENE-5101,1766052
Real,2025-12-01,Energia,Zona Centro,ENE-5102,2649078
Real,2025-12-01,Energia,Zona Centro,ENE-5103,6751860
Real,2025-12-01,Energia,Zona Centro,ENE-5104,713522
Real,2025-12-01,Energia,Zona Centro,ENE-5105,1099881
Real,2025-12-01,Energia,Zona Centro,ENE-6101,279461
Real,2025-12-01,Energia,Zona Centro,ENE-6102,186308
Real,2025-12-01,Energia,Zona Centro,ENE-6103,286053
Real,2025-12-01,Energia,Zona Centro,ENE-6104,1620966
Real,2025-12-01,Energia,Zona Centro,ENE-6105,625024
Real,2025-12-01,Energia,Zona Centro,ENE-6106,311427
Real,2025-12-01,Energia,Zona Centro,ENE-6107,465393
Real,2025-12-01,Energia,Zona Norte,ENE-4101,2009293
Real,2025-12-01,Energia,Zona Norte,ENE-4102,861126
Real,2025-12-01,Energia,Zona Norte,ENE-4103,11710215
Real,2025-12-01,Energia,Zona Norte,ENE-4104,7806810
Real,2025-12-01,Energia,Zona Norte,ENE-4105,4206346
Real,2025-12-01,Energia,Zona Norte,ENE-5101,2018345
Real,2025-12-01,Energia,Zona Norte,ENE-5102,3027518
Real,2025-12-01,Energia,Zona Norte,ENE-5103,7716411
Real,2025-12-01,Energia,Zona Norte,ENE-5104,815454
Real,2025-12-01,Energia,Zona Norte,ENE-5105,1257007
Real,2025-12-01,Energia,Zona Norte,ENE-6101,319384
Real,2025-12-01,Energia,Zona Norte,ENE-6102,212923
Real,2025-12-01,Energia,Zona Norte,ENE-6103,326917
Real,2025-12-01,Energia,Zona Norte,ENE-6104,1852533
Real,2025-12-01,Energia,Zona Norte,ENE-6105,714314
Real,2025-12-01,Energia,Zona Norte,ENE-6106,355917
Real,2025-12-01,Energia,Zona Norte,ENE-6107,531878
Real,2025-12-01,Energia,Zona Sur,ENE-4101,1255808
Real,2025-12-01,Energia,Zona Sur,ENE-4102,538203
Real,2025-12-01,Energia,Zona Sur,ENE-4103,7318885
Real,2025-12-01,Energia,Zona Sur,ENE-4104,4879256
Real,2025-12-01,Energia,Zona Sur,ENE-4105,2628967
Real,2025-12-01,Energia,Zona Sur,ENE-5101,1261466
Real,2025-12-01,Energia,Zona Sur,ENE-5102,1892198
Real,2025-12-01,Energia,Zona Sur,ENE-5103,4822757
Real,2025-12-01,Energia,Zona Sur,ENE-5104,509659
Real,2025-12-01,Energia,Zona Sur,ENE-5105,785630
Real,2025-12-01,Energia,Zona Sur,ENE-6101,199615
Real,2025-12-01,Energia,Zona Sur,ENE-6102,133077
Real,2025-12-01,Energia,Zona Sur,ENE-6103,204323
Real,2025-12-01,Energia,Zona Sur,ENE-6104,1157833
Real,2025-12-01,Energia,Zona Sur,ENE-6105,446446
Real,2025-12-01,Energia,Zona Sur,ENE-6106,222448
Real,2025-12-01,Energia,Zona Sur,ENE-6107,332424
Real,2026-01-01,Energia,Zona Centro,ENE-4101,1806411
Real,2026-01-01,Energia,Zona Centro,ENE-4102,774176
Real,2026-01-01,Energia,Zona Centro,ENE-4103,10528609
Real,2026-01-01,Energia,Zona Centro,ENE-4104,7019072
Real,2026-01-01,Energia,Zona Centro,ENE-4105,3823411
Real,2026-01-01,Energia,Zona Centro,ENE-5101,1803274
Real,2026-01-01,Energia,Zona Centro,ENE-5102,2704912
Real,2026-01-01,Energia,Zona Centro,ENE-5103,7063162
Real,2026-01-01,Energia,Zona Centro,ENE-5104,759456
Real,2026-01-01,Energia,Zona Centro,ENE-5105,1152528
Real,2026-01-01,Energia,Zona Centro,ENE-6101,283300
Real,2026-01-01,Energia,Zona Centro,ENE-6102,188867
Real,2026-01-01,Energia,Zona Centro,ENE-6103,284771
Real,2026-01-01,Energia,Zona Centro,ENE-6104,1613700
Real,2026-01-01,Energia,Zona Centro,ENE-6105,657506
Real,2026-01-01,Energia,Zona Centro,ENE-6106,330004
Real,2026-01-01,Energia,Zona Centro,ENE-6107,487002
Real,2026-01-01,Energia,Zona Norte,ENE-4101,2064470
Real,2026-01-01,Energia,Zona Norte,ENE-4102,884773
Real,2026-01-01,Energia,Zona Norte,ENE-4103,12032696
Real,2026-01-01,Energia,Zona Norte,ENE-4104,8021797
Real,2026-01-01,Energia,Zona Norte,ENE-4105,4369613
Real,2026-01-01,Energia,Zona Norte,ENE-5101,2060885
Real,2026-01-01,Energia,Zona Norte,ENE-5102,3091328
Real,2026-01-01,Energia,Zona Norte,ENE-5103,8072185
Real,2026-01-01,Energia,Zona Norte,ENE-5104,867950
Real,2026-01-01,Energia,Zona Norte,ENE-5105,1317175
Real,2026-01-01,Energia,Zona Norte,ENE-6101,323771
Real,2026-01-01,Energia,Zona Norte,ENE-6102,215847
Real,2026-01-01,Energia,Zona Norte,ENE-6103,325452
Real,2026-01-01,Energia,Zona Norte,ENE-6104,1844229
Real,2026-01-01,Energia,Zona Norte,ENE-6105,751436
Real,2026-01-01,Energia,Zona Norte,ENE-6106,377147
Real,2026-01-01,Energia,Zona Norte,ENE-6107,556573
Real,2026-01-01,Energia,Zona Sur,ENE-4101,1290293
Real,2026-01-01,Energia,Zona Sur,ENE-4102,552983
Real,2026-01-01,Energia,Zona Sur,ENE-4103,7520435
Real,2026-01-01,Energia,Zona Sur,ENE-4104,5013623
Real,2026-01-01,Energia,Zona Sur,ENE-4105,2731008
Real,2026-01-01,Energia,Zona Sur,ENE-5101,1288053
Real,2026-01-01,Energia,Zona Sur,ENE-5102,1932080
Real,2026-01-01,Energia,Zona Sur,ENE-5103,5045116
Real,2026-01-01,Energia,Zona Sur,ENE-5104,542468
Real,2026-01-01,Energia,Zona Sur,ENE-5105,823234
Real,2026-01-01,Energia,Zona Sur,ENE-6101,202357
Real,2026-01-01,Energia,Zona Sur,ENE-6102,134905
Real,2026-01-01,Energia,Zona Sur,ENE-6103,203408
Real,2026-01-01,Energia,Zona Sur,ENE-6104,1152643
Real,2026-01-01,Energia,Zona Sur,ENE-6105,469647
Real,2026-01-01,Energia,Zona Sur,ENE-6106,235717
Real,2026-01-01,Energia,Zona Sur,ENE-6107,347858
Real,2026-02-01,Energia,Zona Centro,ENE-4101,1817248
Real,2026-02-01,Energia,Zona Centro,ENE-4102,778821
Real,2026-02-01,Energia,Zona Centro,ENE-4103,10677067
Real,2026-02-01,Energia,Zona Centro,ENE-4104,7118045
Real,2026-02-01,Energia,Zona Centro,ENE-4105,3929691
Real,2026-02-01,Energia,Zona Centro,ENE-5101,1864491
Real,2026-02-01,Energia,Zona Centro,ENE-5102,2796737
Real,2026-02-01,Energia,Zona Centro,ENE-5103,6926414
Real,2026-02-01,Energia,Zona Centro,ENE-5104,774007
Real,2026-02-01,Energia,Zona Centro,ENE-5105,1159804
Real,2026-02-01,Energia,Zona Centro,ENE-6101,287424
Real,2026-02-01,Energia,Zona Centro,ENE-6102,191616
Real,2026-02-01,Energia,Zona Centro,ENE-6103,292597
Real,2026-02-01,Energia,Zona Centro,ENE-6104,1658049
Real,2026-02-01,Energia,Zona Centro,ENE-6105,664543
Real,2026-02-01,Energia,Zona Centro,ENE-6106,325923
Real,2026-02-01,Energia,Zona Centro,ENE-6107,484962
Real,2026-02-01,Energia,Zona Norte,ENE-4101,2076855
Real,2026-02-01,Energia,Zona Norte,ENE-4102,890081
Real,2026-02-01,Energia,Zona Norte,ENE-4103,12202362
Real,2026-02-01,Energia,Zona Norte,ENE-4104,8134908
Real,2026-02-01,Energia,Zona Norte,ENE-4105,4491075
Real,2026-02-01,Energia,Zona Norte,ENE-5101,2130847
Real,2026-02-01,Energia,Zona Norte,ENE-5102,3196270
Real,2026-02-01,Energia,Zona Norte,ENE-5103,7915902
Real,2026-02-01,Energia,Zona Norte,ENE-5104,884580
Real,2026-02-01,Energia,Zona Norte,ENE-5105,1325490
Real,2026-02-01,Energia,Zona Norte,ENE-6101,328485
Real,2026-02-01,Energia,Zona Norte,ENE-6102,218990
Real,2026-02-01,Energia,Zona Norte,ENE-6103,334396
Real,2026-02-01,Energia,Zona Norte,ENE-6104,1894913
Real,2026-02-01,Energia,Zona Norte,ENE-6105,759477
Real,2026-02-01,Energia,Zona Norte,ENE-6106,372484
Real,2026-02-01,Energia,Zona Norte,ENE-6107,554242
Real,2026-02-01,Energia,Zona Sur,ENE-4101,1298034
Real,2026-02-01,Energia,Zona Sur,ENE-4102,556300
Real,2026-02-01,Energia,Zona Sur,ENE-4103,7626477
Real,2026-02-01,Energia,Zona Sur,ENE-4104,5084318
Real,2026-02-01,Energia,Zona Sur,ENE-4105,2806922
Real,2026-02-01,Energia,Zona Sur,ENE-5101,1331779
Real,2026-02-01,Energia,Zona Sur,ENE-5102,1997669
Real,2026-02-01,Energia,Zona Sur,ENE-5103,4947438
Real,2026-02-01,Energia,Zona Sur,ENE-5104,552862
Real,2026-02-01,Energia,Zona Sur,ENE-5105,828431
Real,2026-02-01,Energia,Zona Sur,ENE-6101,205303
Real,2026-02-01,Energia,Zona Sur,ENE-6102,136869
Real,2026-02-01,Energia,Zona Sur,ENE-6103,208998
Real,2026-02-01,Energia,Zona Sur,ENE-6104,1184321
Real,2026-02-01,Energia,Zona Sur,ENE-6105,474673
Real,2026-02-01,Energia,Zona Sur,ENE-6106,232803
Real,2026-02-01,Energia,Zona Sur,ENE-6107,346401
Real,2026-03-01,Energia,Zona Centro,ENE-4101,1995155
Real,2026-03-01,Energia,Zona Centro,ENE-4102,855066
Real,2026-03-01,Energia,Zona Centro,ENE-4103,11278171
Real,2026-03-01,Energia,Zona Centro,ENE-4104,7518780
Real,2026-03-01,Energia,Zona Centro,ENE-4105,4205537
Real,2026-03-01,Energia,Zona Centro,ENE-5101,1905248
Real,2026-03-01,Energia,Zona Centro,ENE-5102,2857872
Real,2026-03-01,Energia,Zona Centro,ENE-5103,7752316
Real,2026-03-01,Energia,Zona Centro,ENE-5104,834066
Real,2026-03-01,Energia,Zona Centro,ENE-5105,1257033
Real,2026-03-01,Energia,Zona Centro,ENE-6101,317233
Real,2026-03-01,Energia,Zona Centro,ENE-6102,211488
Real,2026-03-01,Energia,Zona Centro,ENE-6103,304074
Real,2026-03-01,Energia,Zona Centro,ENE-6104,1723089
Real,2026-03-01,Energia,Zona Centro,ENE-6105,705898
Real,2026-03-01,Energia,Zona Centro,ENE-6106,379140
Real,2026-03-01,Energia,Zona Centro,ENE-6107,539570
Real,2026-03-01,Energia,Zona Norte,ENE-4101,2280177
Real,2026-03-01,Energia,Zona Norte,ENE-4102,977218
Real,2026-03-01,Energia,Zona Norte,ENE-4103,12889338
Real,2026-03-01,Energia,Zona Norte,ENE-4104,8592892
Real,2026-03-01,Energia,Zona Norte,ENE-4105,4806329
Real,2026-03-01,Energia,Zona Norte,ENE-5101,2177427
Real,2026-03-01,Energia,Zona Norte,ENE-5102,3266140
Real,2026-03-01,Energia,Zona Norte,ENE-5103,8859790
Real,2026-03-01,Energia,Zona Norte,ENE-5104,953218
Real,2026-03-01,Energia,Zona Norte,ENE-5105,1436609
Real,2026-03-01,Energia,Zona Norte,ENE-6101,362551
Real,2026-03-01,Energia,Zona Norte,ENE-6102,241701
Real,2026-03-01,Energia,Zona Norte,ENE-6103,347514
Real,2026-03-01,Energia,Zona Norte,ENE-6104,1969244
Real,2026-03-01,Energia,Zona Norte,ENE-6105,806740
Real,2026-03-01,Energia,Zona Norte,ENE-6106,433303
Real,2026-03-01,Energia,Zona Norte,ENE-6107,616651
Real,2026-03-01,Energia,Zona Sur,ENE-4101,1425110
Real,2026-03-01,Energia,Zona Sur,ENE-4102,610762
Real,2026-03-01,Energia,Zona Sur,ENE-4103,8055836
Real,2026-03-01,Energia,Zona Sur,ENE-4104,5370557
Real,2026-03-01,Energia,Zona Sur,ENE-4105,3003955
Real,2026-03-01,Energia,Zona Sur,ENE-5101,1360892
Real,2026-03-01,Energia,Zona Sur,ENE-5102,2041337
Real,2026-03-01,Energia,Zona Sur,ENE-5103,5537368
Real,2026-03-01,Energia,Zona Sur,ENE-5104,595762
Real,2026-03-01,Energia,Zona Sur,ENE-5105,897881
Real,2026-03-01,Energia,Zona Sur,ENE-6101,226595
Real,2026-03-01,Energia,Zona Sur,ENE-6102,151063
Real,2026-03-01,Energia,Zona Sur,ENE-6103,217196
Real,2026-03-01,Energia,Zona Sur,ENE-6104,1230778
Real,2026-03-01,Energia,Zona Sur,ENE-6105,504213
Real,2026-03-01,Energia,Zona Sur,ENE-6106,270814
Real,2026-03-01,Energia,Zona Sur,ENE-6107,385407
Real,2026-04-01,Energia,Zona Centro,ENE-4101,1944922
Real,2026-04-01,Energia,Zona Centro,ENE-4102,833538
Real,2026-04-01,Energia,Zona Centro,ENE-4103,11481486
Real,2026-04-01,Energia,Zona Centro,ENE-4104,7654324
Real,2026-04-01,Energia,Zona Centro,ENE-4105,4244089
Real,2026-04-01,Energia,Zona Centro,ENE-5101,1980441
Real,2026-04-01,Energia,Zona Centro,ENE-5102,2970662
Real,2026-04-01,Energia,Zona Centro,ENE-5103,7694778
Real,2026-04-01,Energia,Zona Centro,ENE-5104,844252
Real,2026-04-01,Energia,Zona Centro,ENE-5105,1262126
Real,2026-04-01,Energia,Zona Centro,ENE-6101,318276
Real,2026-04-01,Energia,Zona Centro,ENE-6102,212184
Real,2026-04-01,Energia,Zona Centro,ENE-6103,313425
Real,2026-04-01,Energia,Zona Centro,ENE-6104,1776077
Real,2026-04-01,Energia,Zona Centro,ENE-6105,703248
Real,2026-04-01,Energia,Zona Centro,ENE-6106,349717
Real,2026-04-01,Energia,Zona Centro,ENE-6107,524858
Real,2026-04-01,Energia,Zona Norte,ENE-4101,2222768
Real,2026-04-01,Energia,Zona Norte,ENE-4102,952615
Real,2026-04-01,Energia,Zona Norte,ENE-4103,13121698
Real,2026-04-01,Energia,Zona Norte,ENE-4104,8747799
Real,2026-04-01,Energia,Zona Norte,ENE-4105,4850387
Real,2026-04-01,Energia,Zona Norte,ENE-5101,2263362
Real,2026-04-01,Energia,Zona Norte,ENE-5102,3395042
Real,2026-04-01,Energia,Zona Norte,ENE-5103,8794031
Real,2026-04-01,Energia,Zona Norte,ENE-5104,964860
Real,2026-04-01,Energia,Zona Norte,ENE-5105,1442430
Real,2026-04-01,Energia,Zona Norte,ENE-6101,363744
Real,2026-04-01,Energia,Zona Norte,ENE-6102,242496
Real,2026-04-01,Energia,Zona Norte,ENE-6103,358200
Real,2026-04-01,Energia,Zona Norte,ENE-6104,2029802
Real,2026-04-01,Energia,Zona Norte,ENE-6105,803711
Real,2026-04-01,Energia,Zona Norte,ENE-6106,399677
Real,2026-04-01,Energia,Zona Norte,ENE-6107,599838
Real,2026-04-01,Energia,Zona Sur,ENE-4101,1389230
Real,2026-04-01,Energia,Zona Sur,ENE-4102,595384
Real,2026-04-01,Energia,Zona Sur,ENE-4103,8201062
Real,2026-04-01,Energia,Zona Sur,ENE-4104,5467374
Real,2026-04-01,Energia,Zona Sur,ENE-4105,3031492
Real,2026-04-01,Energia,Zona Sur,ENE-5101,1414601
Real,2026-04-01,Energia,Zona Sur,ENE-5102,2121902
Real,2026-04-01,Energia,Zona Sur,ENE-5103,5496270
Real,2026-04-01,Energia,Zona Sur,ENE-5104,603037
Real,2026-04-01,Energia,Zona Sur,ENE-5105,901519
Real,2026-04-01,Energia,Zona Sur,ENE-6101,227340
Real,2026-04-01,Energia,Zona Sur,ENE-6102,151560
Real,2026-04-01,Energia,Zona Sur,ENE-6103,223875
Real,2026-04-01,Energia,Zona Sur,ENE-6104,1268626
Real,2026-04-01,Energia,Zona Sur,ENE-6105,502320
Real,2026-04-01,Energia,Zona Sur,ENE-6106,249798
Real,2026-04-01,Energia,Zona Sur,ENE-6107,374899
Real,2026-05-01,Energia,Zona Centro,ENE-4101,1909239
Real,2026-05-01,Energia,Zona Centro,ENE-4102,818245
Real,2026-05-01,Energia,Zona Centro,ENE-4103,11595244
Real,2026-05-01,Energia,Zona Centro,ENE-4104,7730163
Real,2026-05-01,Energia,Zona Centro,ENE-4105,4280267
Real,2026-05-01,Energia,Zona Centro,ENE-5101,1950997
Real,2026-05-01,Energia,Zona Centro,ENE-5102,2926495
Real,2026-05-01,Energia,Zona Centro,ENE-5103,7613920
Real,2026-05-01,Energia,Zona Centro,ENE-5104,795794
Real,2026-05-01,Energia,Zona Centro,ENE-5105,1237897
Real,2026-05-01,Energia,Zona Centro,ENE-6101,321097
Real,2026-05-01,Energia,Zona Centro,ENE-6102,214065
Real,2026-05-01,Energia,Zona Centro,ENE-6103,317126
Real,2026-05-01,Energia,Zona Centro,ENE-6104,1797046
Real,2026-05-01,Energia,Zona Centro,ENE-6105,686978
Real,2026-05-01,Energia,Zona Centro,ENE-6106,355428
Real,2026-05-01,Energia,Zona Centro,ENE-6107,527714
Real,2026-05-01,Energia,Zona Norte,ENE-4101,2181987
Real,2026-05-01,Energia,Zona Norte,ENE-4102,935138
Real,2026-05-01,Energia,Zona Norte,ENE-4103,13251707
Real,2026-05-01,Energia,Zona Norte,ENE-4104,8834471
Real,2026-05-01,Energia,Zona Norte,ENE-4105,4891733
Real,2026-05-01,Energia,Zona Norte,ENE-5101,2229710
Real,2026-05-01,Energia,Zona Norte,ENE-5102,3344565
Real,2026-05-01,Energia,Zona Norte,ENE-5103,8701623
Real,2026-05-01,Energia,Zona Norte,ENE-5104,909479
Real,2026-05-01,Energia,Zona Norte,ENE-5105,1414740
Real,2026-05-01,Energia,Zona Norte,ENE-6101,366968
Real,2026-05-01,Energia,Zona Norte,ENE-6102,244645
Real,2026-05-01,Energia,Zona Norte,ENE-6103,362429
Real,2026-05-01,Energia,Zona Norte,ENE-6104,2053766
Real,2026-05-01,Energia,Zona Norte,ENE-6105,785118
Real,2026-05-01,Energia,Zona Norte,ENE-6106,406203
Real,2026-05-01,Energia,Zona Norte,ENE-6107,603102
Real,2026-05-01,Energia,Zona Sur,ENE-4101,1363742
Real,2026-05-01,Energia,Zona Sur,ENE-4102,584461
Real,2026-05-01,Energia,Zona Sur,ENE-4103,8282317
Real,2026-05-01,Energia,Zona Sur,ENE-4104,5521545
Real,2026-05-01,Energia,Zona Sur,ENE-4105,3057333
Real,2026-05-01,Energia,Zona Sur,ENE-5101,1393569
Real,2026-05-01,Energia,Zona Sur,ENE-5102,2090353
Real,2026-05-01,Energia,Zona Sur,ENE-5103,5438514
Real,2026-05-01,Energia,Zona Sur,ENE-5104,568425
Real,2026-05-01,Energia,Zona Sur,ENE-5105,884212
Real,2026-05-01,Energia,Zona Sur,ENE-6101,229355
Real,2026-05-01,Energia,Zona Sur,ENE-6102,152903
Real,2026-05-01,Energia,Zona Sur,ENE-6103,226518
Real,2026-05-01,Energia,Zona Sur,ENE-6104,1283604
Real,2026-05-01,Energia,Zona Sur,ENE-6105,490698
Real,2026-05-01,Energia,Zona Sur,ENE-6106,253877
Real,2026-05-01,Energia,Zona Sur,ENE-6107,376939
Real,2026-06-01,Energia,Zona Centro,ENE-4101,2323187
Real,2026-06-01,Energia,Zona Centro,ENE-4102,995652
Real,2026-06-01,Energia,Zona Centro,ENE-4103,13797446
Real,2026-06-01,Energia,Zona Centro,ENE-4104,9198297
Real,2026-06-01,Energia,Zona Centro,ENE-4105,5001293
Real,2026-06-01,Energia,Zona Centro,ENE-5101,2309324
Real,2026-06-01,Energia,Zona Centro,ENE-5102,3463986
Real,2026-06-01,Energia,Zona Centro,ENE-5103,9157272
Real,2026-06-01,Energia,Zona Centro,ENE-5104,1040821
Real,2026-06-01,Energia,Zona Centro,ENE-5105,1511610
Real,2026-06-01,Energia,Zona Centro,ENE-6101,370267
Real,2026-06-01,Energia,Zona Centro,ENE-6102,246845
Real,2026-06-01,Energia,Zona Centro,ENE-6103,380186
Real,2026-06-01,Energia,Zona Centro,ENE-6104,2154387
Real,2026-06-01,Energia,Zona Centro,ENE-6105,815552
Real,2026-06-01,Energia,Zona Centro,ENE-6106,416176
Real,2026-06-01,Energia,Zona Centro,ENE-6107,621088
Real,2026-06-01,Energia,Zona Norte,ENE-4101,2655071
Real,2026-06-01,Energia,Zona Norte,ENE-4102,1137888
Real,2026-06-01,Energia,Zona Norte,ENE-4103,15768510
Real,2026-06-01,Energia,Zona Norte,ENE-4104,10512340
Real,2026-06-01,Energia,Zona Norte,ENE-4105,5715764
Real,2026-06-01,Energia,Zona Norte,ENE-5101,2639227
Real,2026-06-01,Energia,Zona Norte,ENE-5102,3958841
Real,2026-06-01,Energia,Zona Norte,ENE-5103,10465454
Real,2026-06-01,Energia,Zona Norte,ENE-5104,1189510
Real,2026-06-01,Energia,Zona Norte,ENE-5105,1727555
Real,2026-06-01,Energia,Zona Norte,ENE-6101,423162
Real,2026-06-01,Energia,Zona Norte,ENE-6102,282108
Real,2026-06-01,Energia,Zona Norte,ENE-6103,434498
Real,2026-06-01,Energia,Zona Norte,ENE-6104,2462157
Real,2026-06-01,Energia,Zona Norte,ENE-6105,932060
Real,2026-06-01,Energia,Zona Norte,ENE-6106,475630
Real,2026-06-01,Energia,Zona Norte,ENE-6107,709815
Real,2026-06-01,Energia,Zona Sur,ENE-4101,1659420
Real,2026-06-01,Energia,Zona Sur,ENE-4102,711180
Real,2026-06-01,Energia,Zona Sur,ENE-4103,9855319
Real,2026-06-01,Energia,Zona Sur,ENE-4104,6570213
Real,2026-06-01,Energia,Zona Sur,ENE-4105,3572352
Real,2026-06-01,Energia,Zona Sur,ENE-5101,1649517
Real,2026-06-01,Energia,Zona Sur,ENE-5102,2474276
Real,2026-06-01,Energia,Zona Sur,ENE-5103,6540909
Real,2026-06-01,Energia,Zona Sur,ENE-5104,743444
Real,2026-06-01,Energia,Zona Sur,ENE-5105,1079722
Real,2026-06-01,Energia,Zona Sur,ENE-6101,264476
Real,2026-06-01,Energia,Zona Sur,ENE-6102,176318
Real,2026-06-01,Energia,Zona Sur,ENE-6103,271562
Real,2026-06-01,Energia,Zona Sur,ENE-6104,1538848
Real,2026-06-01,Energia,Zona Sur,ENE-6105,582537
Real,2026-06-01,Energia,Zona Sur,ENE-6106,297268
Real,2026-06-01,Energia,Zona Sur,ENE-6107,443634
Real,2026-07-01,Energia,Zona Centro,ENE-4101,2320770
Real,2026-07-01,Energia,Zona Centro,ENE-4102,994616
Real,2026-07-01,Energia,Zona Centro,ENE-4103,13925043
Real,2026-07-01,Energia,Zona Centro,ENE-4104,9283362
Real,2026-07-01,Energia,Zona Centro,ENE-4105,4977300
Real,2026-07-01,Energia,Zona Centro,ENE-5101,2378770
Real,2026-07-01,Energia,Zona Centro,ENE-5102,3568155
Real,2026-07-01,Energia,Zona Centro,ENE-5103,9152522
Real,2026-07-01,Energia,Zona Centro,ENE-5104,987062
Real,2026-07-01,Energia,Zona Centro,ENE-5105,1484731
Real,2026-07-01,Energia,Zona Centro,ENE-6101,362767
Real,2026-07-01,Energia,Zona Centro,ENE-6102,241844
Real,2026-07-01,Energia,Zona Centro,ENE-6103,372098
Real,2026-07-01,Energia,Zona Centro,ENE-6104,2108553
Real,2026-07-01,Energia,Zona Centro,ENE-6105,826581
Real,2026-07-01,Energia,Zona Centro,ENE-6106,410709
Real,2026-07-01,Energia,Zona Centro,ENE-6107,618354
Real,2026-07-01,Energia,Zona Norte,ENE-4101,2652308
Real,2026-07-01,Energia,Zona Norte,ENE-4102,1136703
Real,2026-07-01,Energia,Zona Norte,ENE-4103,15914334
Real,2026-07-01,Energia,Zona Norte,ENE-4104,10609556
Real,2026-07-01,Energia,Zona Norte,ENE-4105,5688342
Real,2026-07-01,Energia,Zona Norte,ENE-5101,2718594
Real,2026-07-01,Energia,Zona Norte,ENE-5102,4077891
Real,2026-07-01,Energia,Zona Norte,ENE-5103,10460026
Real,2026-07-01,Energia,Zona Norte,ENE-5104,1128071
Real,2026-07-01,Energia,Zona Norte,ENE-5105,1696835
Real,2026-07-01,Energia,Zona Norte,ENE-6101,414590
Real,2026-07-01,Energia,Zona Norte,ENE-6102,276394
Real,2026-07-01,Energia,Zona Norte,ENE-6103,425254
Real,2026-07-01,Energia,Zona Norte,ENE-6104,2409774
Real,2026-07-01,Energia,Zona Norte,ENE-6105,944665
Real,2026-07-01,Energia,Zona Norte,ENE-6106,469382
Real,2026-07-01,Energia,Zona Norte,ENE-6107,706691
Real,2026-07-01,Energia,Zona Sur,ENE-4101,1657693
Real,2026-07-01,Energia,Zona Sur,ENE-4102,710440
Real,2026-07-01,Energia,Zona Sur,ENE-4103,9946459
Real,2026-07-01,Energia,Zona Sur,ENE-4104,6630973
Real,2026-07-01,Energia,Zona Sur,ENE-4105,3555214
Real,2026-07-01,Energia,Zona Sur,ENE-5101,1699122
Real,2026-07-01,Energia,Zona Sur,ENE-5102,2548682
Real,2026-07-01,Energia,Zona Sur,ENE-5103,6537516
Real,2026-07-01,Energia,Zona Sur,ENE-5104,705044
Real,2026-07-01,Energia,Zona Sur,ENE-5105,1060522
Real,2026-07-01,Energia,Zona Sur,ENE-6101,259119
Real,2026-07-01,Energia,Zona Sur,ENE-6102,172746
Real,2026-07-01,Energia,Zona Sur,ENE-6103,265784
Real,2026-07-01,Energia,Zona Sur,ENE-6104,1506109
Real,2026-07-01,Energia,Zona Sur,ENE-6105,590415
Real,2026-07-01,Energia,Zona Sur,ENE-6106,293364
Real,2026-07-01,Energia,Zona Sur,ENE-6107,441682
Real,2026-08-01,Energia,Zona Centro,ENE-4101,2291707
Real,2026-08-01,Energia,Zona Centro,ENE-4102,982160
Real,2026-08-01,Energia,Zona Centro,ENE-4103,13619975
Real,2026-08-01,Energia,Zona Centro,ENE-4104,9079983
Real,2026-08-01,Energia,Zona Centro,ENE-4105,5116039
Real,2026-08-01,Energia,Zona Centro,ENE-5101,2312503
Real,2026-08-01,Energia,Zona Centro,ENE-5102,3468754
Real,2026-08-01,Energia,Zona Centro,ENE-5103,9007287
Real,2026-08-01,Energia,Zona Centro,ENE-5104,1034389
Real,2026-08-01,Energia,Zona Centro,ENE-5105,1508395
Real,2026-08-01,Energia,Zona Centro,ENE-6101,369274
Real,2026-08-01,Energia,Zona Centro,ENE-6102,246183
Real,2026-08-01,Energia,Zona Centro,ENE-6103,377283
Real,2026-08-01,Energia,Zona Centro,ENE-6104,2137935
Real,2026-08-01,Energia,Zona Centro,ENE-6105,832235
Real,2026-08-01,Energia,Zona Centro,ENE-6106,436915
Real,2026-08-01,Energia,Zona Centro,ENE-6107,631457
Real,2026-08-01,Energia,Zona Norte,ENE-4101,2619094
Real,2026-08-01,Energia,Zona Norte,ENE-4102,1122469
Real,2026-08-01,Energia,Zona Norte,ENE-4103,15565685
Real,2026-08-01,Energia,Zona Norte,ENE-4104,10377124
Real,2026-08-01,Energia,Zona Norte,ENE-4105,5846902
Real,2026-08-01,Energia,Zona Norte,ENE-5101,2642860
Real,2026-08-01,Energia,Zona Norte,ENE-5102,3964290
Real,2026-08-01,Energia,Zona Norte,ENE-5103,10294043
Real,2026-08-01,Energia,Zona Norte,ENE-5104,1182159
Real,2026-08-01,Energia,Zona Norte,ENE-5105,1723880
Real,2026-08-01,Energia,Zona Norte,ENE-6101,422028
Real,2026-08-01,Energia,Zona Norte,ENE-6102,281352
Real,2026-08-01,Energia,Zona Norte,ENE-6103,431180
Real,2026-08-01,Energia,Zona Norte,ENE-6104,2443354
Real,2026-08-01,Energia,Zona Norte,ENE-6105,951125
Real,2026-08-01,Energia,Zona Norte,ENE-6106,499331
Real,2026-08-01,Energia,Zona Norte,ENE-6107,721665
Real,2026-08-01,Energia,Zona Sur,ENE-4101,1636933
Real,2026-08-01,Energia,Zona Sur,ENE-4102,701543
Real,2026-08-01,Energia,Zona Sur,ENE-4103,9728553
Real,2026-08-01,Energia,Zona Sur,ENE-4104,6485702
Real,2026-08-01,Energia,Zona Sur,ENE-4105,3654313
Real,2026-08-01,Energia,Zona Sur,ENE-5101,1651788
Real,2026-08-01,Energia,Zona Sur,ENE-5102,2477681
Real,2026-08-01,Energia,Zona Sur,ENE-5103,6433777
Real,2026-08-01,Energia,Zona Sur,ENE-5104,738849
Real,2026-08-01,Energia,Zona Sur,ENE-5105,1077425
Real,2026-08-01,Energia,Zona Sur,ENE-6101,263768
Real,2026-08-01,Energia,Zona Sur,ENE-6102,175845
Real,2026-08-01,Energia,Zona Sur,ENE-6103,269488
Real,2026-08-01,Energia,Zona Sur,ENE-6104,1527096
Real,2026-08-01,Energia,Zona Sur,ENE-6105,594453
Real,2026-08-01,Energia,Zona Sur,ENE-6106,312082
Real,2026-08-01,Energia,Zona Sur,ENE-6107,451041
Real,2026-09-01,Energia,Zona Centro,ENE-4101,1985610
Real,2026-09-01,Energia,Zona Centro,ENE-4102,850976
Real,2026-09-01,Energia,Zona Centro,ENE-4103,11356437
Real,2026-09-01,Energia,Zona Centro,ENE-4104,7570958
Real,2026-09-01,Energia,Zona Centro,ENE-4105,4215353
Real,2026-09-01,Energia,Zona Centro,ENE-5101,2025884
Real,2026-09-01,Energia,Zona Centro,ENE-5102,3038825
Real,2026-09-01,Energia,Zona Centro,ENE-5103,7746241
Real,2026-09-01,Energia,Zona Centro,ENE-5104,818851
Real,2026-09-01,Energia,Zona Centro,ENE-5105,1249425
Real,2026-09-01,Energia,Zona Centro,ENE-6101,320860
Real,2026-09-01,Energia,Zona Centro,ENE-6102,213907
Real,2026-09-01,Energia,Zona Centro,ENE-6103,313115
Real,2026-09-01,Energia,Zona Centro,ENE-6104,1774317
Real,2026-09-01,Energia,Zona Centro,ENE-6105,706092
Real,2026-09-01,Energia,Zona Centro,ENE-6106,363183
Real,2026-09-01,Energia,Zona Centro,ENE-6107,531592
Real,2026-09-01,Energia,Zona Norte,ENE-4101,2269268
Real,2026-09-01,Energia,Zona Norte,ENE-4102,972543
Real,2026-09-01,Energia,Zona Norte,ENE-4103,12978786
Real,2026-09-01,Energia,Zona Norte,ENE-4104,8652524
Real,2026-09-01,Energia,Zona Norte,ENE-4105,4817547
Real,2026-09-01,Energia,Zona Norte,ENE-5101,2315296
Real,2026-09-01,Energia,Zona Norte,ENE-5102,3472943
Real,2026-09-01,Energia,Zona Norte,ENE-5103,8852846
Real,2026-09-01,Energia,Zona Norte,ENE-5104,935829
Real,2026-09-01,Energia,Zona Norte,ENE-5105,1427915
Real,2026-09-01,Energia,Zona Norte,ENE-6101,366697
Real,2026-09-01,Energia,Zona Norte,ENE-6102,244465
Real,2026-09-01,Energia,Zona Norte,ENE-6103,357845
Real,2026-09-01,Energia,Zona Norte,ENE-6104,2027791
Real,2026-09-01,Energia,Zona Norte,ENE-6105,806962
Real,2026-09-01,Energia,Zona Norte,ENE-6106,415066
Real,2026-09-01,Energia,Zona Norte,ENE-6107,607533
Real,2026-09-01,Energia,Zona Sur,ENE-4101,1418293
Real,2026-09-01,Energia,Zona Sur,ENE-4102,607840
Real,2026-09-01,Energia,Zona Sur,ENE-4103,8111741
Real,2026-09-01,Energia,Zona Sur,ENE-4104,5407827
Real,2026-09-01,Energia,Zona Sur,ENE-4105,3010967
Real,2026-09-01,Energia,Zona Sur,ENE-5101,1447060
Real,2026-09-01,Energia,Zona Sur,ENE-5102,2170590
Real,2026-09-01,Energia,Zona Sur,ENE-5103,5533029
Real,2026-09-01,Energia,Zona Sur,ENE-5104,584893
Real,2026-09-01,Energia,Zona Sur,ENE-5105,892447
Real,2026-09-01,Energia,Zona Sur,ENE-6101,229186
Real,2026-09-01,Energia,Zona Sur,ENE-6102,152790
Real,2026-09-01,Energia,Zona Sur,ENE-6103,223653
Real,2026-09-01,Energia,Zona Sur,ENE-6104,1267369
Real,2026-09-01,Energia,Zona Sur,ENE-6105,504352
Real,2026-09-01,Energia,Zona Sur,ENE-6106,259416
Real,2026-09-01,Energia,Zona Sur,ENE-6107,379708
Real,2026-10-01,Energia,Zona Centro,ENE-4101,1977863
Real,2026-10-01,Energia,Zona Centro,ENE-4102,847655
Real,2026-10-01,Energia,Zona Centro,ENE-4103,11629323
Real,2026-10-01,Energia,Zona Centro,ENE-4104,7752882
Real,2026-10-01,Energia,Zona Centro,ENE-4105,4181354
Real,2026-10-01,Energia,Zona Centro,ENE-5101,1947001
Real,2026-10-01,Energia,Zona Centro,ENE-5102,2920501
Real,2026-10-01,Energia,Zona Centro,ENE-5103,7817240
Real,2026-10-01,Energia,Zona Centro,ENE-5104,846143
Real,2026-10-01,Energia,Zona Centro,ENE-5105,1263072
Real,2026-10-01,Energia,Zona Centro,ENE-6101,317200
Real,2026-10-01,Energia,Zona Centro,ENE-6102,211467
Real,2026-10-01,Energia,Zona Centro,ENE-6103,311483
Real,2026-10-01,Energia,Zona Centro,ENE-6104,1765069
Real,2026-10-01,Energia,Zona Centro,ENE-6105,694979
Real,2026-10-01,Energia,Zona Centro,ENE-6106,337755
Real,2026-10-01,Energia,Zona Centro,ENE-6107,518877
Real,2026-10-01,Energia,Zona Norte,ENE-4101,2260414
Real,2026-10-01,Energia,Zona Norte,ENE-4102,968749
Real,2026-10-01,Energia,Zona Norte,ENE-4103,13290654
Real,2026-10-01,Energia,Zona Norte,ENE-4104,8860436
Real,2026-10-01,Energia,Zona Norte,ENE-4105,4778690
Real,2026-10-01,Energia,Zona Norte,ENE-5101,2225144
Real,2026-10-01,Energia,Zona Norte,ENE-5102,3337716
Real,2026-10-01,Energia,Zona Norte,ENE-5103,8933988
Real,2026-10-01,Energia,Zona Norte,ENE-5104,967021
Real,2026-10-01,Energia,Zona Norte,ENE-5105,1443510
Real,2026-10-01,Energia,Zona Norte,ENE-6101,362514
Real,2026-10-01,Energia,Zona Norte,ENE-6102,241676
Real,2026-10-01,Energia,Zona Norte,ENE-6103,355980
Real,2026-10-01,Energia,Zona Norte,ENE-6104,2017221
Real,2026-10-01,Energia,Zona Norte,ENE-6105,794262
Real,2026-10-01,Energia,Zona Norte,ENE-6106,386005
Real,2026-10-01,Energia,Zona Norte,ENE-6107,593003
Real,2026-10-01,Energia,Zona Sur,ENE-4101,1412759
Real,2026-10-01,Energia,Zona Sur,ENE-4102,605468
Real,2026-10-01,Energia,Zona Sur,ENE-4103,8306659
Real,2026-10-01,Energia,Zona Sur,ENE-4104,5537773
Real,2026-10-01,Energia,Zona Sur,ENE-4105,2986682
Real,2026-10-01,Energia,Zona Sur,ENE-5101,1390715
Real,2026-10-01,Energia,Zona Sur,ENE-5102,2086072
Real,2026-10-01,Energia,Zona Sur,ENE-5103,5583743
Real,2026-10-01,Energia,Zona Sur,ENE-5104,604388
Real,2026-10-01,Energia,Zona Sur,ENE-5105,902194
Real,2026-10-01,Energia,Zona Sur,ENE-6101,226572
Real,2026-10-01,Energia,Zona Sur,ENE-6102,151048
Real,2026-10-01,Energia,Zona Sur,ENE-6103,222488
Real,2026-10-01,Energia,Zona Sur,ENE-6104,1260763
Real,2026-10-01,Energia,Zona Sur,ENE-6105,496413
Real,2026-10-01,Energia,Zona Sur,ENE-6106,241253
Real,2026-10-01,Energia,Zona Sur,ENE-6107,370627
Real,2026-11-01,Energia,Zona Centro,ENE-4101,1930747
Real,2026-11-01,Energia,Zona Centro,ENE-4102,827463
Real,2026-11-01,Energia,Zona Centro,ENE-4103,11639568
Real,2026-11-01,Energia,Zona Centro,ENE-4104,7759712
Real,2026-11-01,Energia,Zona Centro,ENE-4105,4207054
Real,2026-11-01,Energia,Zona Centro,ENE-5101,1970305
Real,2026-11-01,Energia,Zona Centro,ENE-5102,2955458
Real,2026-11-01,Energia,Zona Centro,ENE-5103,7617687
Real,2026-11-01,Energia,Zona Centro,ENE-5104,906464
Real,2026-11-01,Energia,Zona Centro,ENE-5105,1293232
Real,2026-11-01,Energia,Zona Centro,ENE-6101,305753
Real,2026-11-01,Energia,Zona Centro,ENE-6102,203836
Real,2026-11-01,Energia,Zona Centro,ENE-6103,311814
Real,2026-11-01,Energia,Zona Centro,ENE-6104,1766943
Real,2026-11-01,Energia,Zona Centro,ENE-6105,687905
Real,2026-11-01,Energia,Zona Centro,ENE-6106,346501
Real,2026-11-01,Energia,Zona Centro,ENE-6107,523251
Real,2026-11-01,Energia,Zona Norte,ENE-4101,2206569
Real,2026-11-01,Energia,Zona Norte,ENE-4102,945672
Real,2026-11-01,Energia,Zona Norte,ENE-4103,13302363
Real,2026-11-01,Energia,Zona Norte,ENE-4104,8868242
Real,2026-11-01,Energia,Zona Norte,ENE-4105,4808062
Real,2026-11-01,Energia,Zona Norte,ENE-5101,2251777
Real,2026-11-01,Energia,Zona Norte,ENE-5102,3377666
Real,2026-11-01,Energia,Zona Norte,ENE-5103,8705928
Real,2026-11-01,Energia,Zona Norte,ENE-5104,1035959
Real,2026-11-01,Energia,Zona Norte,ENE-5105,1477979
Real,2026-11-01,Energia,Zona Norte,ENE-6101,349433
Real,2026-11-01,Energia,Zona Norte,ENE-6102,232955
Real,2026-11-01,Energia,Zona Norte,ENE-6103,356358
Real,2026-11-01,Energia,Zona Norte,ENE-6104,2019364
Real,2026-11-01,Energia,Zona Norte,ENE-6105,786177
Real,2026-11-01,Energia,Zona Norte,ENE-6106,396002
Real,2026-11-01,Energia,Zona Norte,ENE-6107,598001
Real,2026-11-01,Energia,Zona Sur,ENE-4101,1379105
Real,2026-11-01,Energia,Zona Sur,ENE-4102,591045
Real,2026-11-01,Energia,Zona Sur,ENE-4103,8313977
Real,2026-11-01,Energia,Zona Sur,ENE-4104,5542652
Real,2026-11-01,Energia,Zona Sur,ENE-4105,3005038
Real,2026-11-01,Energia,Zona Sur,ENE-5101,1407361
Real,2026-11-01,Energia,Zona Sur,ENE-5102,2111041
Real,2026-11-01,Energia,Zona Sur,ENE-5103,5441205
Real,2026-11-01,Energia,Zona Sur,ENE-5104,647474
Real,2026-11-01,Energia,Zona Sur,ENE-5105,923737
Real,2026-11-01,Energia,Zona Sur,ENE-6101,218395
Real,2026-11-01,Energia,Zona Sur,ENE-6102,145597
Real,2026-11-01,Energia,Zona Sur,ENE-6103,222724
Real,2026-11-01,Energia,Zona Sur,ENE-6104,1262102
Real,2026-11-01,Energia,Zona Sur,ENE-6105,491360
Real,2026-11-01,Energia,Zona Sur,ENE-6106,247501
Real,2026-11-01,Energia,Zona Sur,ENE-6107,373750
Real,2026-12-01,Energia,Zona Centro,ENE-4101,1817217
Real,2026-12-01,Energia,Zona Centro,ENE-4102,778807
Real,2026-12-01,Energia,Zona Centro,ENE-4103,10704365
Real,2026-12-01,Energia,Zona Centro,ENE-4104,7136244
Real,2026-12-01,Energia,Zona Centro,ENE-4105,3949941
Real,2026-12-01,Energia,Zona Centro,ENE-5101,1789924
Real,2026-12-01,Energia,Zona Centro,ENE-5102,2684885
Real,2026-12-01,Energia,Zona Centro,ENE-5103,7124473
Real,2026-12-01,Energia,Zona Centro,ENE-5104,755997
Real,2026-12-01,Energia,Zona Centro,ENE-5105,1150798
Real,2026-12-01,Energia,Zona Centro,ENE-6101,289648
Real,2026-12-01,Energia,Zona Centro,ENE-6102,193098
Real,2026-12-01,Energia,Zona Centro,ENE-6103,296439
Real,2026-12-01,Energia,Zona Centro,ENE-6104,1679823
Real,2026-12-01,Energia,Zona Centro,ENE-6105,636487
Real,2026-12-01,Energia,Zona Centro,ENE-6106,325448
Real,2026-12-01,Energia,Zona Centro,ENE-6107,484724
Real,2026-12-01,Energia,Zona Norte,ENE-4101,2076819
Real,2026-12-01,Energia,Zona Norte,ENE-4102,890065
Real,2026-12-01,Energia,Zona Norte,ENE-4103,12233561
Real,2026-12-01,Energia,Zona Norte,ENE-4104,8155707
Real,2026-12-01,Energia,Zona Norte,ENE-4105,4514218
Real,2026-12-01,Energia,Zona Norte,ENE-5101,2045627
Real,2026-12-01,Energia,Zona Norte,ENE-5102,3068440
Real,2026-12-01,Energia,Zona Norte,ENE-5103,8142255
Real,2026-12-01,Energia,Zona Norte,ENE-5104,863996
Real,2026-12-01,Energia,Zona Norte,ENE-5105,1315198
Real,2026-12-01,Energia,Zona Norte,ENE-6101,331026
Real,2026-12-01,Energia,Zona Norte,ENE-6102,220684
Real,2026-12-01,Energia,Zona Norte,ENE-6103,338788
Real,2026-12-01,Energia,Zona Norte,ENE-6104,1919798
Real,2026-12-01,Energia,Zona Norte,ENE-6105,727413
Real,2026-12-01,Energia,Zona Norte,ENE-6106,371941
Real,2026-12-01,Energia,Zona Norte,ENE-6107,553970
Real,2026-12-01,Energia,Zona Sur,ENE-4101,1298012
Real,2026-12-01,Energia,Zona Sur,ENE-4102,556291
Real,2026-12-01,Energia,Zona Sur,ENE-4103,7645975
Real,2026-12-01,Energia,Zona Sur,ENE-4104,5097317
Real,2026-12-01,Energia,Zona Sur,ENE-4105,2821387
Real,2026-12-01,Energia,Zona Sur,ENE-5101,1278517
Real,2026-12-01,Energia,Zona Sur,ENE-5102,1917775
Real,2026-12-01,Energia,Zona Sur,ENE-5103,5088910
Real,2026-12-01,Energia,Zona Sur,ENE-5104,539998
Real,2026-12-01,Energia,Zona Sur,ENE-5105,821999
Real,2026-12-01,Energia,Zona Sur,ENE-6101,206891
Real,2026-12-01,Energia,Zona Sur,ENE-6102,137927
Real,2026-12-01,Energia,Zona Sur,ENE-6103,211742
Real,2026-12-01,Energia,Zona Sur,ENE-6104,1199873
Real,2026-12-01,Energia,Zona Sur,ENE-6105,454633
Real,2026-12-01,Energia,Zona Sur,ENE-6106,232463
Real,2026-12-01,Energia,Zona Sur,ENE-6107,346232
Real,2025-01-01,Manufactura,Antofagasta,MAN-4101,668263
Real,2025-01-01,Manufactura,Antofagasta,MAN-4102,286399
Real,2025-01-01,Manufactura,Antofagasta,MAN-4103,1966987
Real,2025-01-01,Manufactura,Antofagasta,MAN-4104,2950480
Real,2025-01-01,Manufactura,Antofagasta,MAN-4105,2023088
Real,2025-01-01,Manufactura,Antofagasta,MAN-4106,4720537
Real,2025-01-01,Manufactura,Antofagasta,MAN-5101,570481
Real,2025-01-01,Manufactura,Antofagasta,MAN-5102,142620
Real,2025-01-01,Manufactura,Antofagasta,MAN-5103,453134
Real,2025-01-01,Manufactura,Antofagasta,MAN-5104,1691006
Real,2025-01-01,Manufactura,Antofagasta,MAN-5105,2520202
Real,2025-01-01,Manufactura,Antofagasta,MAN-5106,1680135
Real,2025-01-01,Manufactura,Antofagasta,MAN-6101,311427
Real,2025-01-01,Manufactura,Antofagasta,MAN-6102,164715
Real,2025-01-01,Manufactura,Antofagasta,MAN-6103,384334
Real,2025-01-01,Manufactura,Antofagasta,MAN-6104,166319
Real,2025-01-01,Manufactura,Antofagasta,MAN-6105,478067
Real,2025-01-01,Manufactura,Antofagasta,MAN-6106,175421
Real,2025-01-01,Manufactura,Antofagasta,MAN-6107,279872
Real,2025-01-01,Manufactura,Antofagasta,MAN-6108,122071
Real,2025-01-01,Manufactura,Antofagasta,MAN-6109,691738
Real,2025-01-01,Manufactura,Antofagasta,MAN-6110,146959
Real,2025-01-01,Manufactura,Antofagasta,MAN-6111,62982
Real,2025-01-01,Manufactura,Concepción,MAN-4101,1051781
Real,2025-01-01,Manufactura,Concepción,MAN-4102,450764
Real,2025-01-01,Manufactura,Concepción,MAN-4103,3028331
Real,2025-01-01,Manufactura,Concepción,MAN-4104,4542496
Real,2025-01-01,Manufactura,Concepción,MAN-4105,3162795
Real,2025-01-01,Manufactura,Concepción,MAN-4106,7379855
Real,2025-01-01,Manufactura,Concepción,MAN-5101,900689
Real,2025-01-01,Manufactura,Concepción,MAN-5102,225172
Real,2025-01-01,Manufactura,Concepción,MAN-5103,629570
Real,2025-01-01,Manufactura,Concepción,MAN-5104,2469666
Real,2025-01-01,Manufactura,Concepción,MAN-5105,3697845
Real,2025-01-01,Manufactura,Concepción,MAN-5106,2465230
Real,2025-01-01,Manufactura,Concepción,MAN-6101,460731
Real,2025-01-01,Manufactura,Concepción,MAN-6102,233988
Real,2025-01-01,Manufactura,Concepción,MAN-6103,545972
Real,2025-01-01,Manufactura,Concepción,MAN-6104,253307
Real,2025-01-01,Manufactura,Concepción,MAN-6105,751567
Real,2025-01-01,Manufactura,Concepción,MAN-6106,256992
Real,2025-01-01,Manufactura,Concepción,MAN-6107,392185
Real,2025-01-01,Manufactura,Concepción,MAN-6108,188913
Real,2025-01-01,Manufactura,Concepción,MAN-6109,1070510
Real,2025-01-01,Manufactura,Concepción,MAN-6110,215710
Real,2025-01-01,Manufactura,Concepción,MAN-6111,92447
Real,2025-01-01,Manufactura,Santiago,MAN-4101,1755962
Real,2025-01-01,Manufactura,Santiago,MAN-4102,752555
Real,2025-01-01,Manufactura,Santiago,MAN-4103,5051936
Real,2025-01-01,Manufactura,Santiago,MAN-4104,7577904
Real,2025-01-01,Manufactura,Santiago,MAN-4105,5279093
Real,2025-01-01,Manufactura,Santiago,MAN-4106,12317882
Real,2025-01-01,Manufactura,Santiago,MAN-5101,1503873
Real,2025-01-01,Manufactura,Santiago,MAN-5102,375968
Real,2025-01-01,Manufactura,Santiago,MAN-5103,1046245
Real,2025-01-01,Manufactura,Santiago,MAN-5104,4112060
Real,2025-01-01,Manufactura,Santiago,MAN-5105,6158077
Real,2025-01-01,Manufactura,Santiago,MAN-5106,4105385
Real,2025-01-01,Manufactura,Santiago,MAN-6101,767497
Real,2025-01-01,Manufactura,Santiago,MAN-6102,389187
Real,2025-01-01,Manufactura,Santiago,MAN-6103,908102
Real,2025-01-01,Manufactura,Santiago,MAN-6104,422411
Real,2025-01-01,Manufactura,Santiago,MAN-6105,1254700
Real,2025-01-01,Manufactura,Santiago,MAN-6106,427948
Real,2025-01-01,Manufactura,Santiago,MAN-6107,651967
Real,2025-01-01,Manufactura,Santiago,MAN-6108,315208
Real,2025-01-01,Manufactura,Santiago,MAN-6109,1786178
Real,2025-01-01,Manufactura,Santiago,MAN-6110,359229
Real,2025-01-01,Manufactura,Santiago,MAN-6111,153955
Real,2025-02-01,Manufactura,Antofagasta,MAN-4101,646946
Real,2025-02-01,Manufactura,Antofagasta,MAN-4102,277263
Real,2025-02-01,Manufactura,Antofagasta,MAN-4103,1911501
Real,2025-02-01,Manufactura,Antofagasta,MAN-4104,2867251
Real,2025-02-01,Manufactura,Antofagasta,MAN-4105,1963040
Real,2025-02-01,Manufactura,Antofagasta,MAN-4106,4580427
Real,2025-02-01,Manufactura,Antofagasta,MAN-5101,601819
Real,2025-02-01,Manufactura,Antofagasta,MAN-5102,150455
Real,2025-02-01,Manufactura,Antofagasta,MAN-5103,383048
Real,2025-02-01,Manufactura,Antofagasta,MAN-5104,1573345
Real,2025-02-01,Manufactura,Antofagasta,MAN-5105,2452154
Real,2025-02-01,Manufactura,Antofagasta,MAN-5106,1634769
Real,2025-02-01,Manufactura,Antofagasta,MAN-6101,302026
Real,2025-02-01,Manufactura,Antofagasta,MAN-6102,153868
Real,2025-02-01,Manufactura,Antofagasta,MAN-6103,359025
Real,2025-02-01,Manufactura,Antofagasta,MAN-6104,167520
Real,2025-02-01,Manufactura,Antofagasta,MAN-6105,511376
Real,2025-02-01,Manufactura,Antofagasta,MAN-6106,164695
Real,2025-02-01,Manufactura,Antofagasta,MAN-6107,243130
Real,2025-02-01,Manufactura,Antofagasta,MAN-6108,131180
Real,2025-02-01,Manufactura,Antofagasta,MAN-6109,743351
Real,2025-02-01,Manufactura,Antofagasta,MAN-6110,140434
Real,2025-02-01,Manufactura,Antofagasta,MAN-6111,60186
Real,2025-02-01,Manufactura,Concepción,MAN-4101,1025853
Real,2025-02-01,Manufactura,Concepción,MAN-4102,439651
Real,2025-02-01,Manufactura,Concepción,MAN-4103,2956328
Real,2025-02-01,Manufactura,Concepción,MAN-4104,4434492
Real,2025-02-01,Manufactura,Concepción,MAN-4105,3086504
Real,2025-02-01,Manufactura,Concepción,MAN-4106,7201843
Real,2025-02-01,Manufactura,Concepción,MAN-5101,898263
Real,2025-02-01,Manufactura,Concepción,MAN-5102,224566
Real,2025-02-01,Manufactura,Concepción,MAN-5103,591547
Real,2025-02-01,Manufactura,Concepción,MAN-5104,2382650
Real,2025-02-01,Manufactura,Concepción,MAN-5105,3610961
Real,2025-02-01,Manufactura,Concepción,MAN-5106,2407308
Real,2025-02-01,Manufactura,Concepción,MAN-6101,449490
Real,2025-02-01,Manufactura,Concepción,MAN-6102,225953
Real,2025-02-01,Manufactura,Concepción,MAN-6103,527224
Real,2025-02-01,Manufactura,Concepción,MAN-6104,249663
Real,2025-02-01,Manufactura,Concepción,MAN-6105,752515
Real,2025-02-01,Manufactura,Concepción,MAN-6106,248478
Real,2025-02-01,Manufactura,Concepción,MAN-6107,371152
Real,2025-02-01,Manufactura,Concepción,MAN-6108,189455
Real,2025-02-01,Manufactura,Concepción,MAN-6109,1073577
Real,2025-02-01,Manufactura,Concepción,MAN-6110,209557
Real,2025-02-01,Manufactura,Concepción,MAN-6111,89810
Real,2025-02-01,Manufactura,Santiago,MAN-4101,1713114
Real,2025-02-01,Manufactura,Santiago,MAN-4102,734192
Real,2025-02-01,Manufactura,Santiago,MAN-4103,4932612
Real,2025-02-01,Manufactura,Santiago,MAN-4104,7398918
Real,2025-02-01,Manufactura,Santiago,MAN-4105,5152776
Real,2025-02-01,Manufactura,Santiago,MAN-4106,12023144
Real,2025-02-01,Manufactura,Santiago,MAN-5101,1496835
Real,2025-02-01,Manufactura,Santiago,MAN-5102,374209
Real,2025-02-01,Manufactura,Santiago,MAN-5103,986941
Real,2025-02-01,Manufactura,Santiago,MAN-5104,3972455
Real,2025-02-01,Manufactura,Santiago,MAN-5105,6014192
Real,2025-02-01,Manufactura,Santiago,MAN-5106,4009462
Real,2025-02-01,Manufactura,Santiago,MAN-6101,748936
Real,2025-02-01,Manufactura,Santiago,MAN-6102,376294
Real,2025-02-01,Manufactura,Santiago,MAN-6103,878021
Real,2025-02-01,Manufactura,Santiago,MAN-6104,416007
Real,2025-02-01,Manufactura,Santiago,MAN-6105,1253311
Real,2025-02-01,Manufactura,Santiago,MAN-6106,414217
Real,2025-02-01,Manufactura,Santiago,MAN-6107,618978
Real,2025-02-01,Manufactura,Santiago,MAN-6108,315315
Real,2025-02-01,Manufactura,Santiago,MAN-6109,1786784
Real,2025-02-01,Manufactura,Santiago,MAN-6110,349196
Real,2025-02-01,Manufactura,Santiago,MAN-6111,149656
Real,2025-03-01,Manufactura,Antofagasta,MAN-4101,722544
Real,2025-03-01,Manufactura,Antofagasta,MAN-4102,309662
Real,2025-03-01,Manufactura,Antofagasta,MAN-4103,2250200
Real,2025-03-01,Manufactura,Antofagasta,MAN-4104,3375301
Real,2025-03-01,Manufactura,Antofagasta,MAN-4105,2305576
Real,2025-03-01,Manufactura,Antofagasta,MAN-4106,5379677
Real,2025-03-01,Manufactura,Antofagasta,MAN-5101,728509
Real,2025-03-01,Manufactura,Antofagasta,MAN-5102,182127
Real,2025-03-01,Manufactura,Antofagasta,MAN-5103,477094
Real,2025-03-01,Manufactura,Antofagasta,MAN-5104,1843699
Real,2025-03-01,Manufactura,Antofagasta,MAN-5105,2751281
Real,2025-03-01,Manufactura,Antofagasta,MAN-5106,1834188
Real,2025-03-01,Manufactura,Antofagasta,MAN-6101,361816
Real,2025-03-01,Manufactura,Antofagasta,MAN-6102,166238
Real,2025-03-01,Manufactura,Antofagasta,MAN-6103,387889
Real,2025-03-01,Manufactura,Antofagasta,MAN-6104,190878
Real,2025-03-01,Manufactura,Antofagasta,MAN-6105,585698
Real,2025-03-01,Manufactura,Antofagasta,MAN-6106,192658
Real,2025-03-01,Manufactura,Antofagasta,MAN-6107,301041
Real,2025-03-01,Manufactura,Antofagasta,MAN-6108,142252
Real,2025-03-01,Manufactura,Antofagasta,MAN-6109,806097
Real,2025-03-01,Manufactura,Antofagasta,MAN-6110,163244
Real,2025-03-01,Manufactura,Antofagasta,MAN-6111,69962
Real,2025-03-01,Manufactura,Concepción,MAN-4101,1160657
Real,2025-03-01,Manufactura,Concepción,MAN-4102,497425
Real,2025-03-01,Manufactura,Concepción,MAN-4103,3390656
Real,2025-03-01,Manufactura,Concepción,MAN-4104,5085984
Real,2025-03-01,Manufactura,Concepción,MAN-4105,3537348
Real,2025-03-01,Manufactura,Concepción,MAN-4106,8253813
Real,2025-03-01,Manufactura,Concepción,MAN-5101,1038523
Real,2025-03-01,Manufactura,Concepción,MAN-5102,259631
Real,2025-03-01,Manufactura,Concepción,MAN-5103,688962
Real,2025-03-01,Manufactura,Concepción,MAN-5104,2729976
Real,2025-03-01,Manufactura,Concepción,MAN-5105,4089256
Real,2025-03-01,Manufactura,Concepción,MAN-5106,2726171
Real,2025-03-01,Manufactura,Concepción,MAN-6101,518286
Real,2025-03-01,Manufactura,Concepción,MAN-6102,253275
Real,2025-03-01,Manufactura,Concepción,MAN-6103,590975
Real,2025-03-01,Manufactura,Concepción,MAN-6104,283921
Real,2025-03-01,Manufactura,Concepción,MAN-6105,856989
Real,2025-03-01,Manufactura,Concepción,MAN-6106,284567
Real,2025-03-01,Manufactura,Concepción,MAN-6107,431673
Real,2025-03-01,Manufactura,Concepción,MAN-6108,212562
Real,2025-03-01,Manufactura,Concepción,MAN-6109,1204518
Real,2025-03-01,Manufactura,Concepción,MAN-6110,239625
Real,2025-03-01,Manufactura,Concepción,MAN-6111,102697
Real,2025-03-01,Manufactura,Santiago,MAN-4101,1939086
Real,2025-03-01,Manufactura,Santiago,MAN-4102,831037
Real,2025-03-01,Manufactura,Santiago,MAN-4103,5652024
Real,2025-03-01,Manufactura,Santiago,MAN-4104,8478036
Real,2025-03-01,Manufactura,Santiago,MAN-4105,5900368
Real,2025-03-01,Manufactura,Santiago,MAN-4106,13767525
Real,2025-03-01,Manufactura,Santiago,MAN-5101,1727585
Real,2025-03-01,Manufactura,Santiago,MAN-5102,431896
Real,2025-03-01,Manufactura,Santiago,MAN-5103,1146652
Real,2025-03-01,Manufactura,Santiago,MAN-5104,4547803
Real,2025-03-01,Manufactura,Santiago,MAN-5105,6813145
Real,2025-03-01,Manufactura,Santiago,MAN-5106,4542097
Real,2025-03-01,Manufactura,Santiago,MAN-6101,862329
Real,2025-03-01,Manufactura,Santiago,MAN-6102,422363
Real,2025-03-01,Manufactura,Santiago,MAN-6103,985513
Real,2025-03-01,Manufactura,Santiago,MAN-6104,473057
Real,2025-03-01,Manufactura,Santiago,MAN-6105,1427009
Real,2025-03-01,Manufactura,Santiago,MAN-6106,474011
Real,2025-03-01,Manufactura,Santiago,MAN-6107,718249
Real,2025-03-01,Manufactura,Santiago,MAN-6108,354221
Real,2025-03-01,Manufactura,Santiago,MAN-6109,2007249
Real,2025-03-01,Manufactura,Santiago,MAN-6110,399058
Real,2025-03-01,Manufactura,Santiago,MAN-6111,171025
Real,2025-04-01,Manufactura,Antofagasta,MAN-4101,761829
Real,2025-04-01,Manufactura,Antofagasta,MAN-4102,326498
Real,2025-04-01,Manufactura,Antofagasta,MAN-4103,2241598
Real,2025-04-01,Manufactura,Antofagasta,MAN-4104,3362397
Real,2025-04-01,Manufactura,Antofagasta,MAN-4105,2167737
Real,2025-04-01,Manufactura,Antofagasta,MAN-4106,5058053
Real,2025-04-01,Manufactura,Antofagasta,MAN-5101,714071
Real,2025-04-01,Manufactura,Antofagasta,MAN-5102,178518
Real,2025-04-01,Manufactura,Antofagasta,MAN-5103,487308
Real,2025-04-01,Manufactura,Antofagasta,MAN-5104,1857318
Real,2025-04-01,Manufactura,Antofagasta,MAN-5105,2628775
Real,2025-04-01,Manufactura,Antofagasta,MAN-5106,1752517
Real,2025-04-01,Manufactura,Antofagasta,MAN-6101,335959
Real,2025-04-01,Manufactura,Antofagasta,MAN-6102,169952
Real,2025-04-01,Manufactura,Antofagasta,MAN-6103,396555
Real,2025-04-01,Manufactura,Antofagasta,MAN-6104,197375
Real,2025-04-01,Manufactura,Antofagasta,MAN-6105,644172
Real,2025-04-01,Manufactura,Antofagasta,MAN-6106,188831
Real,2025-04-01,Manufactura,Antofagasta,MAN-6107,283819
Real,2025-04-01,Manufactura,Antofagasta,MAN-6108,145989
Real,2025-04-01,Manufactura,Antofagasta,MAN-6109,827273
Real,2025-04-01,Manufactura,Antofagasta,MAN-6110,148805
Real,2025-04-01,Manufactura,Antofagasta,MAN-6111,63774
Real,2025-04-01,Manufactura,Concepción,MAN-4101,1176371
Real,2025-04-01,Manufactura,Concepción,MAN-4102,504159
Real,2025-04-01,Manufactura,Concepción,MAN-4103,3387215
Real,2025-04-01,Manufactura,Concepción,MAN-4104,5080823
Real,2025-04-01,Manufactura,Concepción,MAN-4105,3482213
Real,2025-04-01,Manufactura,Concepción,MAN-4106,8125163
Real,2025-04-01,Manufactura,Concepción,MAN-5101,1032748
Real,2025-04-01,Manufactura,Concepción,MAN-5102,258187
Real,2025-04-01,Manufactura,Concepción,MAN-5103,693047
Real,2025-04-01,Manufactura,Concepción,MAN-5104,2735423
Real,2025-04-01,Manufactura,Concepción,MAN-5105,4040254
Real,2025-04-01,Manufactura,Concepción,MAN-5106,2693503
Real,2025-04-01,Manufactura,Concepción,MAN-6101,507943
Real,2025-04-01,Manufactura,Concepción,MAN-6102,254761
Real,2025-04-01,Manufactura,Concepción,MAN-6103,594442
Real,2025-04-01,Manufactura,Concepción,MAN-6104,286520
Real,2025-04-01,Manufactura,Concepción,MAN-6105,880379
Real,2025-04-01,Manufactura,Concepción,MAN-6106,283036
Real,2025-04-01,Manufactura,Concepción,MAN-6107,424784
Real,2025-04-01,Manufactura,Concepción,MAN-6108,214057
Real,2025-04-01,Manufactura,Concepción,MAN-6109,1212988
Real,2025-04-01,Manufactura,Concepción,MAN-6110,233850
Real,2025-04-01,Manufactura,Concepción,MAN-6111,100222
Real,2025-04-01,Manufactura,Santiago,MAN-4101,1962657
Real,2025-04-01,Manufactura,Santiago,MAN-4102,841139
Real,2025-04-01,Manufactura,Santiago,MAN-4103,5646862
Real,2025-04-01,Manufactura,Santiago,MAN-4104,8470294
Real,2025-04-01,Manufactura,Santiago,MAN-4105,5817664
Real,2025-04-01,Manufactura,Santiago,MAN-4106,13574549
Real,2025-04-01,Manufactura,Santiago,MAN-5101,1718922
Real,2025-04-01,Manufactura,Santiago,MAN-5102,429731
Real,2025-04-01,Manufactura,Santiago,MAN-5103,1152781
Real,2025-04-01,Manufactura,Santiago,MAN-5104,4555975
Real,2025-04-01,Manufactura,Santiago,MAN-5105,6739641
Real,2025-04-01,Manufactura,Santiago,MAN-5106,4493094
Real,2025-04-01,Manufactura,Santiago,MAN-6101,846815
Real,2025-04-01,Manufactura,Santiago,MAN-6102,424592
Real,2025-04-01,Manufactura,Santiago,MAN-6103,990713
Real,2025-04-01,Manufactura,Santiago,MAN-6104,476955
Real,2025-04-01,Manufactura,Santiago,MAN-6105,1462093
Real,2025-04-01,Manufactura,Santiago,MAN-6106,471715
Real,2025-04-01,Manufactura,Santiago,MAN-6107,707915
Real,2025-04-01,Manufactura,Santiago,MAN-6108,356462
Real,2025-04-01,Manufactura,Santiago,MAN-6109,2019955
Real,2025-04-01,Manufactura,Santiago,MAN-6110,390395
Real,2025-04-01,Manufactura,Santiago,MAN-6111,167312
Real,2025-05-01,Manufactura,Antofagasta,MAN-4101,776276
Real,2025-05-01,Manufactura,Antofagasta,MAN-4102,332690
Real,2025-05-01,Manufactura,Antofagasta,MAN-4103,1979202
Real,2025-05-01,Manufactura,Antofagasta,MAN-4104,2968802
Real,2025-05-01,Manufactura,Antofagasta,MAN-4105,2257497
Real,2025-05-01,Manufactura,Antofagasta,MAN-4106,5267493
Real,2025-05-01,Manufactura,Antofagasta,MAN-5101,670421
Real,2025-05-01,Manufactura,Antofagasta,MAN-5102,167605
Real,2025-05-01,Manufactura,Antofagasta,MAN-5103,466844
Real,2025-05-01,Manufactura,Antofagasta,MAN-5104,1830033
Real,2025-05-01,Manufactura,Antofagasta,MAN-5105,2907415
Real,2025-05-01,Manufactura,Antofagasta,MAN-5106,1938277
Real,2025-05-01,Manufactura,Antofagasta,MAN-6101,346101
Real,2025-05-01,Manufactura,Antofagasta,MAN-6102,171935
Real,2025-05-01,Manufactura,Antofagasta,MAN-6103,401182
Real,2025-05-01,Manufactura,Antofagasta,MAN-6104,191311
Real,2025-05-01,Manufactura,Antofagasta,MAN-6105,589599
Real,2025-05-01,Manufactura,Antofagasta,MAN-6106,191558
Real,2025-05-01,Manufactura,Antofagasta,MAN-6107,296090
Real,2025-05-01,Manufactura,Antofagasta,MAN-6108,143916
Real,2025-05-01,Manufactura,Antofagasta,MAN-6109,815521
Real,2025-05-01,Manufactura,Antofagasta,MAN-6110,158992
Real,2025-05-01,Manufactura,Antofagasta,MAN-6111,68139
Real,2025-05-01,Manufactura,Concepción,MAN-4101,1182150
Real,2025-05-01,Manufactura,Concepción,MAN-4102,506636
Real,2025-05-01,Manufactura,Concepción,MAN-4103,3282257
Real,2025-05-01,Manufactura,Concepción,MAN-4104,4923385
Real,2025-05-01,Manufactura,Concepción,MAN-4105,3518117
Real,2025-05-01,Manufactura,Concepción,MAN-4106,8208939
Real,2025-05-01,Manufactura,Concepción,MAN-5101,1015288
Real,2025-05-01,Manufactura,Concepción,MAN-5102,253822
Real,2025-05-01,Manufactura,Concepción,MAN-5103,684862
Real,2025-05-01,Manufactura,Concepción,MAN-5104,2724509
Real,2025-05-01,Manufactura,Concepción,MAN-5105,4151710
Real,2025-05-01,Manufactura,Concepción,MAN-5106,2767807
Real,2025-05-01,Manufactura,Concepción,MAN-6101,512001
Real,2025-05-01,Manufactura,Concepción,MAN-6102,255554
Real,2025-05-01,Manufactura,Concepción,MAN-6103,596293
Real,2025-05-01,Manufactura,Concepción,MAN-6104,284094
Real,2025-05-01,Manufactura,Concepción,MAN-6105,858550
Real,2025-05-01,Manufactura,Concepción,MAN-6106,284127
Real,2025-05-01,Manufactura,Concepción,MAN-6107,429692
Real,2025-05-01,Manufactura,Concepción,MAN-6108,213227
Real,2025-05-01,Manufactura,Concepción,MAN-6109,1208287
Real,2025-05-01,Manufactura,Concepción,MAN-6110,237925
Real,2025-05-01,Manufactura,Concepción,MAN-6111,101968
Real,2025-05-01,Manufactura,Santiago,MAN-4101,1971325
Real,2025-05-01,Manufactura,Santiago,MAN-4102,844854
Real,2025-05-01,Manufactura,Santiago,MAN-4103,5489425
Real,2025-05-01,Manufactura,Santiago,MAN-4104,8234137
Real,2025-05-01,Manufactura,Santiago,MAN-4105,5871520
Real,2025-05-01,Manufactura,Santiago,MAN-4106,13700213
Real,2025-05-01,Manufactura,Santiago,MAN-5101,1692732
Real,2025-05-01,Manufactura,Santiago,MAN-5102,423183
Real,2025-05-01,Manufactura,Santiago,MAN-5103,1140503
Real,2025-05-01,Manufactura,Santiago,MAN-5104,4539604
Real,2025-05-01,Manufactura,Santiago,MAN-5105,6906825
Real,2025-05-01,Manufactura,Santiago,MAN-5106,4604550
Real,2025-05-01,Manufactura,Santiago,MAN-6101,852901
Real,2025-05-01,Manufactura,Santiago,MAN-6102,425781
Real,2025-05-01,Manufactura,Santiago,MAN-6103,993489
Real,2025-05-01,Manufactura,Santiago,MAN-6104,473317
Real,2025-05-01,Manufactura,Santiago,MAN-6105,1429350
Real,2025-05-01,Manufactura,Santiago,MAN-6106,473350
Real,2025-05-01,Manufactura,Santiago,MAN-6107,715278
Real,2025-05-01,Manufactura,Santiago,MAN-6108,355218
Real,2025-05-01,Manufactura,Santiago,MAN-6109,2012904
Real,2025-05-01,Manufactura,Santiago,MAN-6110,396507
Real,2025-05-01,Manufactura,Santiago,MAN-6111,169932
Real,2025-06-01,Manufactura,Antofagasta,MAN-4101,741464
Real,2025-06-01,Manufactura,Antofagasta,MAN-4102,317770
Real,2025-06-01,Manufactura,Antofagasta,MAN-4103,2127111
Real,2025-06-01,Manufactura,Antofagasta,MAN-4104,3190666
Real,2025-06-01,Manufactura,Antofagasta,MAN-4105,2171103
Real,2025-06-01,Manufactura,Antofagasta,MAN-4106,5065907
Real,2025-06-01,Manufactura,Antofagasta,MAN-5101,664801
Real,2025-06-01,Manufactura,Antofagasta,MAN-5102,166200
Real,2025-06-01,Manufactura,Antofagasta,MAN-5103,469456
Real,2025-06-01,Manufactura,Antofagasta,MAN-5104,1833514
Real,2025-06-01,Manufactura,Antofagasta,MAN-5105,2866834
Real,2025-06-01,Manufactura,Antofagasta,MAN-5106,1911223
Real,2025-06-01,Manufactura,Antofagasta,MAN-6101,343767
Real,2025-06-01,Manufactura,Antofagasta,MAN-6102,176796
Real,2025-06-01,Manufactura,Antofagasta,MAN-6103,412524
Real,2025-06-01,Manufactura,Antofagasta,MAN-6104,191478
Real,2025-06-01,Manufactura,Antofagasta,MAN-6105,591100
Real,2025-06-01,Manufactura,Antofagasta,MAN-6106,194130
Real,2025-06-01,Manufactura,Antofagasta,MAN-6107,307666
Real,2025-06-01,Manufactura,Antofagasta,MAN-6108,146150
Real,2025-06-01,Manufactura,Antofagasta,MAN-6109,828184
Real,2025-06-01,Manufactura,Antofagasta,MAN-6110,157887
Real,2025-06-01,Manufactura,Antofagasta,MAN-6111,67666
Real,2025-06-01,Manufactura,Concepción,MAN-4101,1168226
Real,2025-06-01,Manufactura,Concepción,MAN-4102,500668
Real,2025-06-01,Manufactura,Concepción,MAN-4103,3341420
Real,2025-06-01,Manufactura,Concepción,MAN-4104,5012131
Real,2025-06-01,Manufactura,Concepción,MAN-4105,3483559
Real,2025-06-01,Manufactura,Concepción,MAN-4106,8128305
Real,2025-06-01,Manufactura,Concepción,MAN-5101,1013040
Real,2025-06-01,Manufactura,Concepción,MAN-5102,253260
Real,2025-06-01,Manufactura,Concepción,MAN-5103,685906
Real,2025-06-01,Manufactura,Concepción,MAN-5104,2725902
Real,2025-06-01,Manufactura,Concepción,MAN-5105,4135477
Real,2025-06-01,Manufactura,Concepción,MAN-5106,2756985
Real,2025-06-01,Manufactura,Concepción,MAN-6101,511067
Real,2025-06-01,Manufactura,Concepción,MAN-6102,257498
Real,2025-06-01,Manufactura,Concepción,MAN-6103,600830
Real,2025-06-01,Manufactura,Concepción,MAN-6104,284161
Real,2025-06-01,Manufactura,Concepción,MAN-6105,859150
Real,2025-06-01,Manufactura,Concepción,MAN-6106,285156
Real,2025-06-01,Manufactura,Concepción,MAN-6107,434322
Real,2025-06-01,Manufactura,Concepción,MAN-6108,214121
Real,2025-06-01,Manufactura,Concepción,MAN-6109,1213352
Real,2025-06-01,Manufactura,Concepción,MAN-6110,237483
Real,2025-06-01,Manufactura,Concepción,MAN-6111,101778
Real,2025-06-01,Manufactura,Santiago,MAN-4101,1950438
Real,2025-06-01,Manufactura,Santiago,MAN-4102,835902
Real,2025-06-01,Manufactura,Santiago,MAN-4103,5578170
Real,2025-06-01,Manufactura,Santiago,MAN-4104,8367256
Real,2025-06-01,Manufactura,Santiago,MAN-4105,5819684
Real,2025-06-01,Manufactura,Santiago,MAN-4106,13579263
Real,2025-06-01,Manufactura,Santiago,MAN-5101,1689361
Real,2025-06-01,Manufactura,Santiago,MAN-5102,422340
Real,2025-06-01,Manufactura,Santiago,MAN-5103,1142069
Real,2025-06-01,Manufactura,Santiago,MAN-5104,4541692
Real,2025-06-01,Manufactura,Santiago,MAN-5105,6882476
Real,2025-06-01,Manufactura,Santiago,MAN-5106,4588318
Real,2025-06-01,Manufactura,Santiago,MAN-6101,851501
Real,2025-06-01,Manufactura,Santiago,MAN-6102,428698
Real,2025-06-01,Manufactura,Santiago,MAN-6103,1000295
Real,2025-06-01,Manufactura,Santiago,MAN-6104,473417
Real,2025-06-01,Manufactura,Santiago,MAN-6105,1430250
Real,2025-06-01,Manufactura,Santiago,MAN-6106,474894
Real,2025-06-01,Manufactura,Santiago,MAN-6107,722223
Real,2025-06-01,Manufactura,Santiago,MAN-6108,356559
Real,2025-06-01,Manufactura,Santiago,MAN-6109,2020501
Real,2025-06-01,Manufactura,Santiago,MAN-6110,395844
Real,2025-06-01,Manufactura,Santiago,MAN-6111,169648
Real,2025-07-01,Manufactura,Antofagasta,MAN-4101,773961
Real,2025-07-01,Manufactura,Antofagasta,MAN-4102,331698
Real,2025-07-01,Manufactura,Antofagasta,MAN-4103,2083408
Real,2025-07-01,Manufactura,Antofagasta,MAN-4104,3125113
Real,2025-07-01,Manufactura,Antofagasta,MAN-4105,1977512
Real,2025-07-01,Manufactura,Antofagasta,MAN-4106,4614195
Real,2025-07-01,Manufactura,Antofagasta,MAN-5101,690632
Real,2025-07-01,Manufactura,Antofagasta,MAN-5102,172658
Real,2025-07-01,Manufactura,Antofagasta,MAN-5103,496929
Real,2025-07-01,Manufactura,Antofagasta,MAN-5104,1870146
Real,2025-07-01,Manufactura,Antofagasta,MAN-5105,2763814
Real,2025-07-01,Manufactura,Antofagasta,MAN-5106,1842543
Real,2025-07-01,Manufactura,Antofagasta,MAN-6101,335717
Real,2025-07-01,Manufactura,Antofagasta,MAN-6102,166156
Real,2025-07-01,Manufactura,Antofagasta,MAN-6103,387697
Real,2025-07-01,Manufactura,Antofagasta,MAN-6104,194698
Real,2025-07-01,Manufactura,Antofagasta,MAN-6105,620079
Real,2025-07-01,Manufactura,Antofagasta,MAN-6106,189883
Real,2025-07-01,Manufactura,Antofagasta,MAN-6107,288552
Real,2025-07-01,Manufactura,Antofagasta,MAN-6108,147573
Real,2025-07-01,Manufactura,Antofagasta,MAN-6109,836249
Real,2025-07-01,Manufactura,Antofagasta,MAN-6110,164399
Real,2025-07-01,Manufactura,Antofagasta,MAN-6111,70456
Real,2025-07-01,Manufactura,Concepción,MAN-4101,1181225
Real,2025-07-01,Manufactura,Concepción,MAN-4102,506239
Real,2025-07-01,Manufactura,Concepción,MAN-4103,3323939
Real,2025-07-01,Manufactura,Concepción,MAN-4104,4985909
Real,2025-07-01,Manufactura,Concepción,MAN-4105,3406123
Real,2025-07-01,Manufactura,Concepción,MAN-4106,7947620
Real,2025-07-01,Manufactura,Concepción,MAN-5101,1023373
Real,2025-07-01,Manufactura,Concepción,MAN-5102,255843
Real,2025-07-01,Manufactura,Concepción,MAN-5103,696896
Real,2025-07-01,Manufactura,Concepción,MAN-5104,2740554
Real,2025-07-01,Manufactura,Concepción,MAN-5105,4094270
Real,2025-07-01,Manufactura,Concepción,MAN-5106,2729513
Real,2025-07-01,Manufactura,Concepción,MAN-6101,507847
Real,2025-07-01,Manufactura,Concepción,MAN-6102,253242
Real,2025-07-01,Manufactura,Concepción,MAN-6103,590899
Real,2025-07-01,Manufactura,Concepción,MAN-6104,285449
Real,2025-07-01,Manufactura,Concepción,MAN-6105,870741
Real,2025-07-01,Manufactura,Concepción,MAN-6106,283457
Real,2025-07-01,Manufactura,Concepción,MAN-6107,426677
Real,2025-07-01,Manufactura,Concepción,MAN-6108,214690
Real,2025-07-01,Manufactura,Concepción,MAN-6109,1216579
Real,2025-07-01,Manufactura,Concepción,MAN-6110,240087
Real,2025-07-01,Manufactura,Concepción,MAN-6111,102895
Real,2025-07-01,Manufactura,Santiago,MAN-4101,1969937
Real,2025-07-01,Manufactura,Santiago,MAN-4102,844259
Real,2025-07-01,Manufactura,Santiago,MAN-4103,5551949
Real,2025-07-01,Manufactura,Santiago,MAN-4104,8327924
Real,2025-07-01,Manufactura,Santiago,MAN-4105,5703530
Real,2025-07-01,Manufactura,Santiago,MAN-4106,13308235
Real,2025-07-01,Manufactura,Santiago,MAN-5101,1704859
Real,2025-07-01,Manufactura,Santiago,MAN-5102,426215
Real,2025-07-01,Manufactura,Santiago,MAN-5103,1158554
Real,2025-07-01,Manufactura,Santiago,MAN-5104,4563671
Real,2025-07-01,Manufactura,Santiago,MAN-5105,6820665
Real,2025-07-01,Manufactura,Santiago,MAN-5106,4547110
Real,2025-07-01,Manufactura,Santiago,MAN-6101,846670
Real,2025-07-01,Manufactura,Santiago,MAN-6102,422313
Real,2025-07-01,Manufactura,Santiago,MAN-6103,985398
Real,2025-07-01,Manufactura,Santiago,MAN-6104,475349
Real,2025-07-01,Manufactura,Santiago,MAN-6105,1447637
Real,2025-07-01,Manufactura,Santiago,MAN-6106,472345
Real,2025-07-01,Manufactura,Santiago,MAN-6107,710755
Real,2025-07-01,Manufactura,Santiago,MAN-6108,357413
Real,2025-07-01,Manufactura,Santiago,MAN-6109,2025340
Real,2025-07-01,Manufactura,Santiago,MAN-6110,399751
Real,2025-07-01,Manufactura,Santiago,MAN-6111,171322
Real,2025-08-01,Manufactura,Antofagasta,MAN-4101,737618
Real,2025-08-01,Manufactura,Antofagasta,MAN-4102,316122
Real,2025-08-01,Manufactura,Antofagasta,MAN-4103,2113793
Real,2025-08-01,Manufactura,Antofagasta,MAN-4104,3170689
Real,2025-08-01,Manufactura,Antofagasta,MAN-4105,2251449
Real,2025-08-01,Manufactura,Antofagasta,MAN-4106,5253381
Real,2025-08-01,Manufactura,Antofagasta,MAN-5101,733304
Real,2025-08-01,Manufactura,Antofagasta,MAN-5102,183326
Real,2025-08-01,Manufactura,Antofagasta,MAN-5103,471210
Real,2025-08-01,Manufactura,Antofagasta,MAN-5104,1835854
Real,2025-08-01,Manufactura,Antofagasta,MAN-5105,2674667
Real,2025-08-01,Manufactura,Antofagasta,MAN-5106,1783111
Real,2025-08-01,Manufactura,Antofagasta,MAN-6101,327384
Real,2025-08-01,Manufactura,Antofagasta,MAN-6102,167292
Real,2025-08-01,Manufactura,Antofagasta,MAN-6103,390348
Real,2025-08-01,Manufactura,Antofagasta,MAN-6104,186110
Real,2025-08-01,Manufactura,Antofagasta,MAN-6105,542785
Real,2025-08-01,Manufactura,Antofagasta,MAN-6106,190806
Real,2025-08-01,Manufactura,Antofagasta,MAN-6107,292710
Real,2025-08-01,Manufactura,Antofagasta,MAN-6108,142166
Real,2025-08-01,Manufactura,Antofagasta,MAN-6109,805606
Real,2025-08-01,Manufactura,Antofagasta,MAN-6110,159373
Real,2025-08-01,Manufactura,Antofagasta,MAN-6111,68303
Real,2025-08-01,Manufactura,Concepción,MAN-4101,1166687
Real,2025-08-01,Manufactura,Concepción,MAN-4102,500009
Real,2025-08-01,Manufactura,Concepción,MAN-4103,3336093
Real,2025-08-01,Manufactura,Concepción,MAN-4104,5004140
Real,2025-08-01,Manufactura,Concepción,MAN-4105,3515698
Real,2025-08-01,Manufactura,Concepción,MAN-4106,8203295
Real,2025-08-01,Manufactura,Concepción,MAN-5101,1040442
Real,2025-08-01,Manufactura,Concepción,MAN-5102,260110
Real,2025-08-01,Manufactura,Concepción,MAN-5103,686608
Real,2025-08-01,Manufactura,Concepción,MAN-5104,2726838
Real,2025-08-01,Manufactura,Concepción,MAN-5105,4058611
Real,2025-08-01,Manufactura,Concepción,MAN-5106,2705740
Real,2025-08-01,Manufactura,Concepción,MAN-6101,504514
Real,2025-08-01,Manufactura,Concepción,MAN-6102,253697
Real,2025-08-01,Manufactura,Concepción,MAN-6103,591959
Real,2025-08-01,Manufactura,Concepción,MAN-6104,282014
Real,2025-08-01,Manufactura,Concepción,MAN-6105,839824
Real,2025-08-01,Manufactura,Concepción,MAN-6106,283827
Real,2025-08-01,Manufactura,Concepción,MAN-6107,428340
Real,2025-08-01,Manufactura,Concepción,MAN-6108,212527
Real,2025-08-01,Manufactura,Concepción,MAN-6109,1204322
Real,2025-08-01,Manufactura,Concepción,MAN-6110,238077
Real,2025-08-01,Manufactura,Concepción,MAN-6111,102033
Real,2025-08-01,Manufactura,Santiago,MAN-4101,1948131
Real,2025-08-01,Manufactura,Santiago,MAN-4102,834913
Real,2025-08-01,Manufactura,Santiago,MAN-4103,5570180
Real,2025-08-01,Manufactura,Santiago,MAN-4104,8355270
Real,2025-08-01,Manufactura,Santiago,MAN-4105,5867891
Real,2025-08-01,Manufactura,Santiago,MAN-4106,13691747
Real,2025-08-01,Manufactura,Santiago,MAN-5101,1730463
Real,2025-08-01,Manufactura,Santiago,MAN-5102,432616
Real,2025-08-01,Manufactura,Santiago,MAN-5103,1143122
Real,2025-08-01,Manufactura,Santiago,MAN-5104,4543096
Real,2025-08-01,Manufactura,Santiago,MAN-5105,6767176
Real,2025-08-01,Manufactura,Santiago,MAN-5106,4511451
Real,2025-08-01,Manufactura,Santiago,MAN-6101,841671
Real,2025-08-01,Manufactura,Santiago,MAN-6102,422995
Real,2025-08-01,Manufactura,Santiago,MAN-6103,986989
Real,2025-08-01,Manufactura,Santiago,MAN-6104,470196
Real,2025-08-01,Manufactura,Santiago,MAN-6105,1401261
Real,2025-08-01,Manufactura,Santiago,MAN-6106,472900
Real,2025-08-01,Manufactura,Santiago,MAN-6107,713250
Real,2025-08-01,Manufactura,Santiago,MAN-6108,354168
Real,2025-08-01,Manufactura,Santiago,MAN-6109,2006955
Real,2025-08-01,Manufactura,Santiago,MAN-6110,396736
Real,2025-08-01,Manufactura,Santiago,MAN-6111,170029
Real,2025-09-01,Manufactura,Antofagasta,MAN-4101,716324
Real,2025-09-01,Manufactura,Antofagasta,MAN-4102,306996
Real,2025-09-01,Manufactura,Antofagasta,MAN-4103,2314949
Real,2025-09-01,Manufactura,Antofagasta,MAN-4104,3472423
Real,2025-09-01,Manufactura,Antofagasta,MAN-4105,2200643
Real,2025-09-01,Manufactura,Antofagasta,MAN-4106,5134834
Real,2025-09-01,Manufactura,Antofagasta,MAN-5101,695512
Real,2025-09-01,Manufactura,Antofagasta,MAN-5102,173878
Real,2025-09-01,Manufactura,Antofagasta,MAN-5103,567614
Real,2025-09-01,Manufactura,Antofagasta,MAN-5104,1964392
Real,2025-09-01,Manufactura,Antofagasta,MAN-5105,2664206
Real,2025-09-01,Manufactura,Antofagasta,MAN-5106,1776137
Real,2025-09-01,Manufactura,Antofagasta,MAN-6101,358889
Real,2025-09-01,Manufactura,Antofagasta,MAN-6102,172661
Real,2025-09-01,Manufactura,Antofagasta,MAN-6103,402875
Real,2025-09-01,Manufactura,Antofagasta,MAN-6104,194682
Real,2025-09-01,Manufactura,Antofagasta,MAN-6105,619941
Real,2025-09-01,Manufactura,Antofagasta,MAN-6106,189916
Real,2025-09-01,Manufactura,Antofagasta,MAN-6107,288702
Real,2025-09-01,Manufactura,Antofagasta,MAN-6108,144198
Real,2025-09-01,Manufactura,Antofagasta,MAN-6109,817121
Real,2025-09-01,Manufactura,Antofagasta,MAN-6110,158077
Real,2025-09-01,Manufactura,Antofagasta,MAN-6111,67747
Real,2025-09-01,Manufactura,Concepción,MAN-4101,1158170
Real,2025-09-01,Manufactura,Concepción,MAN-4102,496358
Real,2025-09-01,Manufactura,Concepción,MAN-4103,3416556
Real,2025-09-01,Manufactura,Concepción,MAN-4104,5124833
Real,2025-09-01,Manufactura,Concepción,MAN-4105,3495375
Real,2025-09-01,Manufactura,Concepción,MAN-4106,8155876
Real,2025-09-01,Manufactura,Concepción,MAN-5101,1025325
Real,2025-09-01,Manufactura,Concepción,MAN-5102,256331
Real,2025-09-01,Manufactura,Concepción,MAN-5103,725169
Real,2025-09-01,Manufactura,Concepción,MAN-5104,2778253
Real,2025-09-01,Manufactura,Concepción,MAN-5105,4054426
Real,2025-09-01,Manufactura,Concepción,MAN-5106,2702951
Real,2025-09-01,Manufactura,Concepción,MAN-6101,517115
Real,2025-09-01,Manufactura,Concepción,MAN-6102,255844
Real,2025-09-01,Manufactura,Concepción,MAN-6103,596970
Real,2025-09-01,Manufactura,Concepción,MAN-6104,285443
Real,2025-09-01,Manufactura,Concepción,MAN-6105,870686
Real,2025-09-01,Manufactura,Concepción,MAN-6106,283470
Real,2025-09-01,Manufactura,Concepción,MAN-6107,426737
Real,2025-09-01,Manufactura,Concepción,MAN-6108,213340
Real,2025-09-01,Manufactura,Concepción,MAN-6109,1208927
Real,2025-09-01,Manufactura,Concepción,MAN-6110,237559
Real,2025-09-01,Manufactura,Concepción,MAN-6111,101811
Real,2025-09-01,Manufactura,Santiago,MAN-4101,1935355
Real,2025-09-01,Manufactura,Santiago,MAN-4102,829438
Real,2025-09-01,Manufactura,Santiago,MAN-4103,5690873
Real,2025-09-01,Manufactura,Santiago,MAN-4104,8536310
Real,2025-09-01,Manufactura,Santiago,MAN-4105,5837408
Real,2025-09-01,Manufactura,Santiago,MAN-4106,13620618
Real,2025-09-01,Manufactura,Santiago,MAN-5101,1707788
Real,2025-09-01,Manufactura,Santiago,MAN-5102,426947
Real,2025-09-01,Manufactura,Santiago,MAN-5103,1200964
Real,2025-09-01,Manufactura,Santiago,MAN-5104,4620219
Real,2025-09-01,Manufactura,Santiago,MAN-5105,6760899
Real,2025-09-01,Manufactura,Santiago,MAN-5106,4507266
Real,2025-09-01,Manufactura,Santiago,MAN-6101,860573
Real,2025-09-01,Manufactura,Santiago,MAN-6102,426217
Real,2025-09-01,Manufactura,Santiago,MAN-6103,994505
Real,2025-09-01,Manufactura,Santiago,MAN-6104,475339
Real,2025-09-01,Manufactura,Santiago,MAN-6105,1447555
Real,2025-09-01,Manufactura,Santiago,MAN-6106,472365
Real,2025-09-01,Manufactura,Santiago,MAN-6107,710845
Real,2025-09-01,Manufactura,Santiago,MAN-6108,355388
Real,2025-09-01,Manufactura,Santiago,MAN-6109,2013863
Real,2025-09-01,Manufactura,Santiago,MAN-6110,395958
Real,2025-09-01,Manufactura,Santiago,MAN-6111,169697
Real,2025-10-01,Manufactura,Antofagasta,MAN-4101,782641
Real,2025-10-01,Manufactura,Antofagasta,MAN-4102,335418
Real,2025-10-01,Manufactura,Antofagasta,MAN-4103,2305536
Real,2025-10-01,Manufactura,Antofagasta,MAN-4104,3458305
Real,2025-10-01,Manufactura,Antofagasta,MAN-4105,2495585
Real,2025-10-01,Manufactura,Antofagasta,MAN-4106,5823033
Real,2025-10-01,Manufactura,Antofagasta,MAN-5101,705899
Real,2025-10-01,Manufactura,Antofagasta,MAN-5102,176475
Real,2025-10-01,Manufactura,Antofagasta,MAN-5103,490807
Real,2025-10-01,Manufactura,Antofagasta,MAN-5104,1958517
Real,2025-10-01,Manufactura,Antofagasta,MAN-5105,2882889
Real,2025-10-01,Manufactura,Antofagasta,MAN-5106,1921926
Real,2025-10-01,Manufactura,Antofagasta,MAN-6101,377059
Real,2025-10-01,Manufactura,Antofagasta,MAN-6102,198264
Real,2025-10-01,Manufactura,Antofagasta,MAN-6103,462617
Real,2025-10-01,Manufactura,Antofagasta,MAN-6104,212586
Real,2025-10-01,Manufactura,Antofagasta,MAN-6105,690778
Real,2025-10-01,Manufactura,Antofagasta,MAN-6106,210333
Real,2025-10-01,Manufactura,Antofagasta,MAN-6107,335216
Real,2025-10-01,Manufactura,Antofagasta,MAN-6108,157638
Real,2025-10-01,Manufactura,Antofagasta,MAN-6109,893281
Real,2025-10-01,Manufactura,Antofagasta,MAN-6110,170139
Real,2025-10-01,Manufactura,Antofagasta,MAN-6111,72917
Real,2025-10-01,Manufactura,Concepción,MAN-4101,1254458
Real,2025-10-01,Manufactura,Concepción,MAN-4102,537625
Real,2025-10-01,Manufactura,Concepción,MAN-4103,3612023
Real,2025-10-01,Manufactura,Concepción,MAN-4104,5418034
Real,2025-10-01,Manufactura,Concepción,MAN-4105,3822506
Real,2025-10-01,Manufactura,Concepción,MAN-4106,8919181
Real,2025-10-01,Manufactura,Concepción,MAN-5101,1089320
Real,2025-10-01,Manufactura,Concepción,MAN-5102,272330
Real,2025-10-01,Manufactura,Concepción,MAN-5103,734267
Real,2025-10-01,Manufactura,Concepción,MAN-5104,2935183
Real,2025-10-01,Manufactura,Concepción,MAN-5105,4380952
Real,2025-10-01,Manufactura,Concepción,MAN-5106,2920634
Real,2025-10-01,Manufactura,Concepción,MAN-6101,554304
Real,2025-10-01,Manufactura,Concepción,MAN-6102,281068
Real,2025-10-01,Manufactura,Concepción,MAN-6103,655825
Real,2025-10-01,Manufactura,Concepción,MAN-6104,309160
Real,2025-10-01,Manufactura,Concepción,MAN-6105,948686
Real,2025-10-01,Manufactura,Concepción,MAN-6106,308269
Real,2025-10-01,Manufactura,Concepción,MAN-6107,470291
Real,2025-10-01,Manufactura,Concepción,MAN-6108,231157
Real,2025-10-01,Manufactura,Concepción,MAN-6109,1309890
Real,2025-10-01,Manufactura,Concepción,MAN-6110,256397
Real,2025-10-01,Manufactura,Concepción,MAN-6111,109885
Real,2025-10-01,Manufactura,Santiago,MAN-4101,2095643
Real,2025-10-01,Manufactura,Santiago,MAN-4102,898132
Real,2025-10-01,Manufactura,Santiago,MAN-4103,6029354
Real,2025-10-01,Manufactura,Santiago,MAN-4104,9044031
Real,2025-10-01,Manufactura,Santiago,MAN-4105,6375639
Real,2025-10-01,Manufactura,Santiago,MAN-4106,14876492
Real,2025-10-01,Manufactura,Santiago,MAN-5101,1817380
Real,2025-10-01,Manufactura,Santiago,MAN-5102,454345
Real,2025-10-01,Manufactura,Santiago,MAN-5103,1223660
Real,2025-10-01,Manufactura,Santiago,MAN-5104,4891814
Real,2025-10-01,Manufactura,Santiago,MAN-5105,7305017
Real,2025-10-01,Manufactura,Santiago,MAN-5106,4870012
Real,2025-10-01,Manufactura,Santiago,MAN-6101,923156
Real,2025-10-01,Manufactura,Santiago,MAN-6102,467457
Real,2025-10-01,Manufactura,Santiago,MAN-6103,1090732
Real,2025-10-01,Manufactura,Santiago,MAN-6104,514677
Real,2025-10-01,Manufactura,Santiago,MAN-6105,1575842
Real,2025-10-01,Manufactura,Santiago,MAN-6106,513343
Real,2025-10-01,Manufactura,Santiago,MAN-6107,781846
Real,2025-10-01,Manufactura,Santiago,MAN-6108,384941
Real,2025-10-01,Manufactura,Santiago,MAN-6109,2181330
Real,2025-10-01,Manufactura,Santiago,MAN-6110,427401
Real,2025-10-01,Manufactura,Santiago,MAN-6111,183172
Real,2025-11-01,Manufactura,Antofagasta,MAN-4101,822522
Real,2025-11-01,Manufactura,Antofagasta,MAN-4102,352510
Real,2025-11-01,Manufactura,Antofagasta,MAN-4103,2334080
Real,2025-11-01,Manufactura,Antofagasta,MAN-4104,3501119
Real,2025-11-01,Manufactura,Antofagasta,MAN-4105,2385913
Real,2025-11-01,Manufactura,Antofagasta,MAN-4106,5567129
Real,2025-11-01,Manufactura,Antofagasta,MAN-5101,809786
Real,2025-11-01,Manufactura,Antofagasta,MAN-5102,202446
Real,2025-11-01,Manufactura,Antofagasta,MAN-5103,528977
Real,2025-11-01,Manufactura,Antofagasta,MAN-5104,2093996
Real,2025-11-01,Manufactura,Antofagasta,MAN-5105,3245571
Real,2025-11-01,Manufactura,Antofagasta,MAN-5106,2163714
Real,2025-11-01,Manufactura,Antofagasta,MAN-6101,412209
Real,2025-11-01,Manufactura,Antofagasta,MAN-6102,199502
Real,2025-11-01,Manufactura,Antofagasta,MAN-6103,465504
Real,2025-11-01,Manufactura,Antofagasta,MAN-6104,214434
Real,2025-11-01,Manufactura,Antofagasta,MAN-6105,627909
Real,2025-11-01,Manufactura,Antofagasta,MAN-6106,216509
Real,2025-11-01,Manufactura,Antofagasta,MAN-6107,323410
Real,2025-11-01,Manufactura,Antofagasta,MAN-6108,152240
Real,2025-11-01,Manufactura,Antofagasta,MAN-6109,862694
Real,2025-11-01,Manufactura,Antofagasta,MAN-6110,183336
Real,2025-11-01,Manufactura,Antofagasta,MAN-6111,78573
Real,2025-11-01,Manufactura,Concepción,MAN-4101,1331395
Real,2025-11-01,Manufactura,Concepción,MAN-4102,570598
Real,2025-11-01,Manufactura,Concepción,MAN-4103,3797768
Real,2025-11-01,Manufactura,Concepción,MAN-4104,5696652
Real,2025-11-01,Manufactura,Concepción,MAN-4105,3961721
Real,2025-11-01,Manufactura,Concepción,MAN-4106,9244016
Real,2025-11-01,Manufactura,Concepción,MAN-5101,1183146
Real,2025-11-01,Manufactura,Concepción,MAN-5102,295787
Real,2025-11-01,Manufactura,Concepción,MAN-5103,784427
Real,2025-11-01,Manufactura,Concepción,MAN-5104,3128942
Real,2025-11-01,Manufactura,Concepción,MAN-5105,4735245
Real,2025-11-01,Manufactura,Concepción,MAN-5106,3156830
Real,2025-11-01,Manufactura,Concepción,MAN-6101,594544
Real,2025-11-01,Manufactura,Concepción,MAN-6102,294631
Real,2025-11-01,Manufactura,Concepción,MAN-6103,687472
Real,2025-11-01,Manufactura,Concepción,MAN-6104,324474
Real,2025-11-01,Manufactura,Concepción,MAN-6105,967263
Real,2025-11-01,Manufactura,Concepción,MAN-6106,325260
Real,2025-11-01,Manufactura,Concepción,MAN-6107,487348
Real,2025-11-01,Manufactura,Concepción,MAN-6108,239921
Real,2025-11-01,Manufactura,Concepción,MAN-6109,1359552
Real,2025-11-01,Manufactura,Concepción,MAN-6110,273843
Real,2025-11-01,Manufactura,Concepción,MAN-6111,117361
Real,2025-11-01,Manufactura,Santiago,MAN-4101,2224907
Real,2025-11-01,Manufactura,Santiago,MAN-4102,953532
Real,2025-11-01,Manufactura,Santiago,MAN-4103,6347592
Real,2025-11-01,Manufactura,Santiago,MAN-4104,9521388
Real,2025-11-01,Manufactura,Santiago,MAN-4105,6626071
Real,2025-11-01,Manufactura,Santiago,MAN-4106,15460834
Real,2025-11-01,Manufactura,Santiago,MAN-5101,1969999
Real,2025-11-01,Manufactura,Santiago,MAN-5102,492500
Real,2025-11-01,Manufactura,Santiago,MAN-5103,1306830
Real,2025-11-01,Manufactura,Santiago,MAN-5104,5214173
Real,2025-11-01,Manufactura,Santiago,MAN-5105,7884007
Real,2025-11-01,Manufactura,Santiago,MAN-5106,5256005
Real,2025-11-01,Manufactura,Santiago,MAN-6101,989465
Real,2025-11-01,Manufactura,Santiago,MAN-6102,490771
Real,2025-11-01,Manufactura,Santiago,MAN-6103,1145132
Real,2025-11-01,Manufactura,Santiago,MAN-6104,540961
Real,2025-11-01,Manufactura,Santiago,MAN-6105,1613645
Real,2025-11-01,Manufactura,Santiago,MAN-6106,542129
Real,2025-11-01,Manufactura,Santiago,MAN-6107,812382
Real,2025-11-01,Manufactura,Santiago,MAN-6108,400569
Real,2025-11-01,Manufactura,Santiago,MAN-6109,2269891
Real,2025-11-01,Manufactura,Santiago,MAN-6110,456334
Real,2025-11-01,Manufactura,Santiago,MAN-6111,195572
Real,2025-12-01,Manufactura,Antofagasta,MAN-4101,879204
Real,2025-12-01,Manufactura,Antofagasta,MAN-4102,376802
Real,2025-12-01,Manufactura,Antofagasta,MAN-4103,2301190
Real,2025-12-01,Manufactura,Antofagasta,MAN-4104,3451784
Real,2025-12-01,Manufactura,Antofagasta,MAN-4105,2664823
Real,2025-12-01,Manufactura,Antofagasta,MAN-4106,6217920
Real,2025-12-01,Manufactura,Antofagasta,MAN-5101,793738
Real,2025-12-01,Manufactura,Antofagasta,MAN-5102,198434
Real,2025-12-01,Manufactura,Antofagasta,MAN-5103,550813
Real,2025-12-01,Manufactura,Antofagasta,MAN-5104,2183484
Real,2025-12-01,Manufactura,Antofagasta,MAN-5105,3274098
Real,2025-12-01,Manufactura,Antofagasta,MAN-5106,2182732
Real,2025-12-01,Manufactura,Antofagasta,MAN-6101,416409
Real,2025-12-01,Manufactura,Antofagasta,MAN-6102,203335
Real,2025-12-01,Manufactura,Antofagasta,MAN-6103,474449
Real,2025-12-01,Manufactura,Antofagasta,MAN-6104,231947
Real,2025-12-01,Manufactura,Antofagasta,MAN-6105,729124
Real,2025-12-01,Manufactura,Antofagasta,MAN-6106,228243
Real,2025-12-01,Manufactura,Antofagasta,MAN-6107,347892
Real,2025-12-01,Manufactura,Antofagasta,MAN-6108,175816
Real,2025-12-01,Manufactura,Antofagasta,MAN-6109,996290
Real,2025-12-01,Manufactura,Antofagasta,MAN-6110,200147
Real,2025-12-01,Manufactura,Antofagasta,MAN-6111,85777
Real,2025-12-01,Manufactura,Concepción,MAN-4101,1397650
Real,2025-12-01,Manufactura,Concepción,MAN-4102,598993
Real,2025-12-01,Manufactura,Concepción,MAN-4103,3909132
Real,2025-12-01,Manufactura,Concepción,MAN-4104,5863698
Real,2025-12-01,Manufactura,Concepción,MAN-4105,4204031
Real,2025-12-01,Manufactura,Concepción,MAN-4106,9809406
Real,2025-12-01,Manufactura,Concepción,MAN-5101,1214039
Real,2025-12-01,Manufactura,Concepción,MAN-5102,303510
Real,2025-12-01,Manufactura,Concepción,MAN-5103,818065
Real,2025-12-01,Manufactura,Concepción,MAN-5104,3264354
Real,2025-12-01,Manufactura,Concepción,MAN-5105,4896079
Real,2025-12-01,Manufactura,Concepción,MAN-5106,3264053
Real,2025-12-01,Manufactura,Concepción,MAN-6101,614924
Real,2025-12-01,Manufactura,Concepción,MAN-6102,305470
Real,2025-12-01,Manufactura,Concepción,MAN-6103,712764
Real,2025-12-01,Manufactura,Concepción,MAN-6104,341819
Real,2025-12-01,Manufactura,Concepción,MAN-6105,1038770
Real,2025-12-01,Manufactura,Concepción,MAN-6106,340337
Real,2025-12-01,Manufactura,Concepción,MAN-6107,512717
Real,2025-12-01,Manufactura,Concepción,MAN-6108,257106
Real,2025-12-01,Manufactura,Concepción,MAN-6109,1456936
Real,2025-12-01,Manufactura,Concepción,MAN-6110,289191
Real,2025-12-01,Manufactura,Concepción,MAN-6111,123939
Real,2025-12-01,Manufactura,Santiago,MAN-4101,2334195
Real,2025-12-01,Manufactura,Santiago,MAN-4102,1000369
Real,2025-12-01,Manufactura,Santiago,MAN-4103,6542938
Real,2025-12-01,Manufactura,Santiago,MAN-4104,9814407
Real,2025-12-01,Manufactura,Santiago,MAN-4105,7019252
Real,2025-12-01,Manufactura,Santiago,MAN-4106,16378254
Real,2025-12-01,Manufactura,Santiago,MAN-5101,2024818
Real,2025-12-01,Manufactura,Santiago,MAN-5102,506205
Real,2025-12-01,Manufactura,Santiago,MAN-5103,1362948
Real,2025-12-01,Manufactura,Santiago,MAN-5104,5439931
Real,2025-12-01,Manufactura,Santiago,MAN-5105,8159219
Real,2025-12-01,Manufactura,Santiago,MAN-5106,5439480
Real,2025-12-01,Manufactura,Santiago,MAN-6101,1024286
Real,2025-12-01,Manufactura,Santiago,MAN-6102,509145
Real,2025-12-01,Manufactura,Santiago,MAN-6103,1188005
Real,2025-12-01,Manufactura,Santiago,MAN-6104,569328
Real,2025-12-01,Manufactura,Santiago,MAN-6105,1727954
Real,2025-12-01,Manufactura,Santiago,MAN-6106,567106
Real,2025-12-01,Manufactura,Santiago,MAN-6107,853975
Real,2025-12-01,Manufactura,Santiago,MAN-6108,428109
Real,2025-12-01,Manufactura,Santiago,MAN-6109,2425954
Real,2025-12-01,Manufactura,Santiago,MAN-6110,481316
Real,2025-12-01,Manufactura,Santiago,MAN-6111,206278
Real,2026-01-01,Manufactura,Antofagasta,MAN-4101,857352
Real,2026-01-01,Manufactura,Antofagasta,MAN-4102,367436
Real,2026-01-01,Manufactura,Antofagasta,MAN-4103,2431315
Real,2026-01-01,Manufactura,Antofagasta,MAN-4104,3646972
Real,2026-01-01,Manufactura,Antofagasta,MAN-4105,2482055
Real,2026-01-01,Manufactura,Antofagasta,MAN-4106,5791461
Real,2026-01-01,Manufactura,Antofagasta,MAN-5101,682660
Real,2026-01-01,Manufactura,Antofagasta,MAN-5102,170665
Real,2026-01-01,Manufactura,Antofagasta,MAN-5103,410234
Real,2026-01-01,Manufactura,Antofagasta,MAN-5104,1698979
Real,2026-01-01,Manufactura,Antofagasta,MAN-5105,2525675
Real,2026-01-01,Manufactura,Antofagasta,MAN-5106,1683784
Real,2026-01-01,Manufactura,Antofagasta,MAN-6101,325188
Real,2026-01-01,Manufactura,Antofagasta,MAN-6102,165766
Real,2026-01-01,Manufactura,Antofagasta,MAN-6103,386788
Real,2026-01-01,Manufactura,Antofagasta,MAN-6104,183313
Real,2026-01-01,Manufactura,Antofagasta,MAN-6105,569815
Real,2026-01-01,Manufactura,Antofagasta,MAN-6106,178258
Real,2026-01-01,Manufactura,Antofagasta,MAN-6107,262161
Real,2026-01-01,Manufactura,Antofagasta,MAN-6108,122972
Real,2026-01-01,Manufactura,Antofagasta,MAN-6109,696842
Real,2026-01-01,Manufactura,Antofagasta,MAN-6110,161099
Real,2026-01-01,Manufactura,Antofagasta,MAN-6111,69042
Real,2026-01-01,Manufactura,Concepción,MAN-4101,1174541
Real,2026-01-01,Manufactura,Concepción,MAN-4102,503374
Real,2026-01-01,Manufactura,Concepción,MAN-4103,3348526
Real,2026-01-01,Manufactura,Concepción,MAN-4104,5022789
Real,2026-01-01,Manufactura,Concepción,MAN-4105,3487622
Real,2026-01-01,Manufactura,Concepción,MAN-4106,8137785
Real,2026-01-01,Manufactura,Concepción,MAN-5101,985864
Real,2026-01-01,Manufactura,Concepción,MAN-5102,246466
Real,2026-01-01,Manufactura,Concepción,MAN-5103,639294
Real,2026-01-01,Manufactura,Concepción,MAN-5104,2580392
Real,2026-01-01,Manufactura,Concepción,MAN-5105,3861470
Real,2026-01-01,Manufactura,Concepción,MAN-5106,2574314
Real,2026-01-01,Manufactura,Concepción,MAN-6101,486475
Real,2026-01-01,Manufactura,Concepción,MAN-6102,244507
Real,2026-01-01,Manufactura,Concepción,MAN-6103,570515
Real,2026-01-01,Manufactura,Concepción,MAN-6104,271325
Real,2026-01-01,Manufactura,Concepción,MAN-6105,821926
Real,2026-01-01,Manufactura,Concepción,MAN-6106,269303
Real,2026-01-01,Manufactura,Concepción,MAN-6107,401865
Real,2026-01-01,Manufactura,Concepción,MAN-6108,197689
Real,2026-01-01,Manufactura,Concepción,MAN-6109,1120237
Real,2026-01-01,Manufactura,Concepción,MAN-6110,230759
Real,2026-01-01,Manufactura,Concepción,MAN-6111,98897
Real,2026-01-01,Manufactura,Santiago,MAN-4101,1950811
Real,2026-01-01,Manufactura,Santiago,MAN-4102,836062
Real,2026-01-01,Manufactura,Santiago,MAN-4103,5562789
Real,2026-01-01,Manufactura,Santiago,MAN-4104,8344184
Real,2026-01-01,Manufactura,Santiago,MAN-4105,5798433
Real,2026-01-01,Manufactura,Santiago,MAN-4106,13529677
Real,2026-01-01,Manufactura,Santiago,MAN-5101,1640796
Real,2026-01-01,Manufactura,Santiago,MAN-5102,410199
Real,2026-01-01,Manufactura,Santiago,MAN-5103,1066941
Real,2026-01-01,Manufactura,Santiago,MAN-5104,4302588
Real,2026-01-01,Manufactura,Santiago,MAN-5105,6440205
Real,2026-01-01,Manufactura,Santiago,MAN-5106,4293470
Real,2026-01-01,Manufactura,Santiago,MAN-6101,810713
Real,2026-01-01,Manufactura,Santiago,MAN-6102,407260
Real,2026-01-01,Manufactura,Santiago,MAN-6103,950273
Real,2026-01-01,Manufactura,Santiago,MAN-6104,451987
Real,2026-01-01,Manufactura,Santiago,MAN-6105,1367889
Real,2026-01-01,Manufactura,Santiago,MAN-6106,448955
Real,2026-01-01,Manufactura,Santiago,MAN-6107,670297
Real,2026-01-01,Manufactura,Santiago,MAN-6108,330283
Real,2026-01-01,Manufactura,Santiago,MAN-6109,1871606
Real,2026-01-01,Manufactura,Santiago,MAN-6110,383939
Real,2026-01-01,Manufactura,Santiago,MAN-6111,164545
Real,2026-02-01,Manufactura,Antofagasta,MAN-4101,806183
Real,2026-02-01,Manufactura,Antofagasta,MAN-4102,345507
Real,2026-02-01,Manufactura,Antofagasta,MAN-4103,2332302
Real,2026-02-01,Manufactura,Antofagasta,MAN-4104,3498453
Real,2026-02-01,Manufactura,Antofagasta,MAN-4105,2424406
Real,2026-02-01,Manufactura,Antofagasta,MAN-4106,5656948
Real,2026-02-01,Manufactura,Antofagasta,MAN-5101,631366
Real,2026-02-01,Manufactura,Antofagasta,MAN-5102,157841
Real,2026-02-01,Manufactura,Antofagasta,MAN-5103,398050
Real,2026-02-01,Manufactura,Antofagasta,MAN-5104,1657134
Real,2026-02-01,Manufactura,Antofagasta,MAN-5105,2294136
Real,2026-02-01,Manufactura,Antofagasta,MAN-5106,1529424
Real,2026-02-01,Manufactura,Antofagasta,MAN-6101,302054
Real,2026-02-01,Manufactura,Antofagasta,MAN-6102,154780
Real,2026-02-01,Manufactura,Antofagasta,MAN-6103,361154
Real,2026-02-01,Manufactura,Antofagasta,MAN-6104,175921
Real,2026-02-01,Manufactura,Antofagasta,MAN-6105,527289
Real,2026-02-01,Manufactura,Antofagasta,MAN-6106,177247
Real,2026-02-01,Manufactura,Antofagasta,MAN-6107,269613
Real,2026-02-01,Manufactura,Antofagasta,MAN-6108,135519
Real,2026-02-01,Manufactura,Antofagasta,MAN-6109,767943
Real,2026-02-01,Manufactura,Antofagasta,MAN-6110,138521
Real,2026-02-01,Manufactura,Antofagasta,MAN-6111,59366
Real,2026-02-01,Manufactura,Concepción,MAN-4101,1135593
Real,2026-02-01,Manufactura,Concepción,MAN-4102,486683
Real,2026-02-01,Manufactura,Concepción,MAN-4103,3256121
Real,2026-02-01,Manufactura,Concepción,MAN-4104,4884181
Real,2026-02-01,Manufactura,Concepción,MAN-4105,3409122
Real,2026-02-01,Manufactura,Concepción,MAN-4106,7954619
Real,2026-02-01,Manufactura,Concepción,MAN-5101,949506
Real,2026-02-01,Manufactura,Concepción,MAN-5102,237377
Real,2026-02-01,Manufactura,Concepción,MAN-5103,623860
Real,2026-02-01,Manufactura,Concepción,MAN-5104,2521414
Real,2026-02-01,Manufactura,Concepción,MAN-5105,3705495
Real,2026-02-01,Manufactura,Concepción,MAN-5106,2470330
Real,2026-02-01,Manufactura,Concepción,MAN-6101,469301
Real,2026-02-01,Manufactura,Concepción,MAN-6102,236152
Real,2026-02-01,Manufactura,Concepción,MAN-6103,551022
Real,2026-02-01,Manufactura,Concepción,MAN-6104,263968
Real,2026-02-01,Manufactura,Concepción,MAN-6105,791716
Real,2026-02-01,Manufactura,Concepción,MAN-6106,264499
Real,2026-02-01,Manufactura,Concepción,MAN-6107,398245
Real,2026-02-01,Manufactura,Concepción,MAN-6108,199408
Real,2026-02-01,Manufactura,Concepción,MAN-6109,1129977
Real,2026-02-01,Manufactura,Concepción,MAN-6110,218032
Real,2026-02-01,Manufactura,Concepción,MAN-6111,93442
Real,2026-02-01,Manufactura,Santiago,MAN-4101,1888190
Real,2026-02-01,Manufactura,Santiago,MAN-4102,809224
Real,2026-02-01,Manufactura,Santiago,MAN-4103,5412182
Real,2026-02-01,Manufactura,Santiago,MAN-4104,8118272
Real,2026-02-01,Manufactura,Santiago,MAN-4105,5668084
Real,2026-02-01,Manufactura,Santiago,MAN-4106,13225529
Real,2026-02-01,Manufactura,Santiago,MAN-5101,1582660
Real,2026-02-01,Manufactura,Santiago,MAN-5102,395665
Real,2026-02-01,Manufactura,Santiago,MAN-5103,1041390
Real,2026-02-01,Manufactura,Santiago,MAN-5104,4204520
Real,2026-02-01,Manufactura,Santiago,MAN-5105,6191842
Real,2026-02-01,Manufactura,Santiago,MAN-5106,4127894
Real,2026-02-01,Manufactura,Santiago,MAN-6101,783152
Real,2026-02-01,Manufactura,Santiago,MAN-6102,393828
Real,2026-02-01,Manufactura,Santiago,MAN-6103,918932
Real,2026-02-01,Manufactura,Santiago,MAN-6104,439953
Real,2026-02-01,Manufactura,Santiago,MAN-6105,1319574
Real,2026-02-01,Manufactura,Santiago,MAN-6106,440748
Real,2026-02-01,Manufactura,Santiago,MAN-6107,663368
Real,2026-02-01,Manufactura,Santiago,MAN-6108,332111
Real,2026-02-01,Manufactura,Santiago,MAN-6109,1881966
Real,2026-02-01,Manufactura,Santiago,MAN-6110,364009
Real,2026-02-01,Manufactura,Santiago,MAN-6111,156004
Real,2026-03-01,Manufactura,Antofagasta,MAN-4101,936338
Real,2026-03-01,Manufactura,Antofagasta,MAN-4102,401287
Real,2026-03-01,Manufactura,Antofagasta,MAN-4103,2570893
Real,2026-03-01,Manufactura,Antofagasta,MAN-4104,3856339
Real,2026-03-01,Manufactura,Antofagasta,MAN-4105,2761060
Real,2026-03-01,Manufactura,Antofagasta,MAN-4106,6442473
Real,2026-03-01,Manufactura,Antofagasta,MAN-5101,681580
Real,2026-03-01,Manufactura,Antofagasta,MAN-5102,170395
Real,2026-03-01,Manufactura,Antofagasta,MAN-5103,461873
Real,2026-03-01,Manufactura,Antofagasta,MAN-5104,1895830
Real,2026-03-01,Manufactura,Antofagasta,MAN-5105,2825684
Real,2026-03-01,Manufactura,Antofagasta,MAN-5106,1883790
Real,2026-03-01,Manufactura,Antofagasta,MAN-6101,362969
Real,2026-03-01,Manufactura,Antofagasta,MAN-6102,176208
Real,2026-03-01,Manufactura,Antofagasta,MAN-6103,411151
Real,2026-03-01,Manufactura,Antofagasta,MAN-6104,205859
Real,2026-03-01,Manufactura,Antofagasta,MAN-6105,652734
Real,2026-03-01,Manufactura,Antofagasta,MAN-6106,204069
Real,2026-03-01,Manufactura,Antofagasta,MAN-6107,318309
Real,2026-03-01,Manufactura,Antofagasta,MAN-6108,153127
Real,2026-03-01,Manufactura,Antofagasta,MAN-6109,867718
Real,2026-03-01,Manufactura,Antofagasta,MAN-6110,174241
Real,2026-03-01,Manufactura,Antofagasta,MAN-6111,74675
Real,2026-03-01,Manufactura,Concepción,MAN-4101,1298535
Real,2026-03-01,Manufactura,Concepción,MAN-4102,556515
Real,2026-03-01,Manufactura,Concepción,MAN-4103,3668357
Real,2026-03-01,Manufactura,Concepción,MAN-4104,5502536
Real,2026-03-01,Manufactura,Concepción,MAN-4105,3876424
Real,2026-03-01,Manufactura,Concepción,MAN-4106,9044989
Real,2026-03-01,Manufactura,Concepción,MAN-5101,1064632
Real,2026-03-01,Manufactura,Concepción,MAN-5102,266158
Real,2026-03-01,Manufactura,Concepción,MAN-5103,712749
Real,2026-03-01,Manufactura,Concepción,MAN-5104,2870332
Real,2026-03-01,Manufactura,Concepción,MAN-5105,4298274
Real,2026-03-01,Manufactura,Concepción,MAN-5106,2865516
Real,2026-03-01,Manufactura,Concepción,MAN-6101,541188
Real,2026-03-01,Manufactura,Concepción,MAN-6102,268483
Real,2026-03-01,Manufactura,Concepción,MAN-6103,626461
Real,2026-03-01,Manufactura,Concepción,MAN-6104,302344
Real,2026-03-01,Manufactura,Concepción,MAN-6105,921093
Real,2026-03-01,Manufactura,Concepción,MAN-6106,301627
Real,2026-03-01,Manufactura,Concepción,MAN-6107,457324
Real,2026-03-01,Manufactura,Concepción,MAN-6108,226250
Real,2026-03-01,Manufactura,Concepción,MAN-6109,1282087
Real,2026-03-01,Manufactura,Concepción,MAN-6110,254496
Real,2026-03-01,Manufactura,Concepción,MAN-6111,109070
Real,2026-03-01,Manufactura,Santiago,MAN-4101,2157803
Real,2026-03-01,Manufactura,Santiago,MAN-4102,924772
Real,2026-03-01,Manufactura,Santiago,MAN-4103,6102536
Real,2026-03-01,Manufactura,Santiago,MAN-4104,9153804
Real,2026-03-01,Manufactura,Santiago,MAN-4105,6444636
Real,2026-03-01,Manufactura,Santiago,MAN-4106,15037484
Real,2026-03-01,Manufactura,Santiago,MAN-5101,1776948
Real,2026-03-01,Manufactura,Santiago,MAN-5102,444237
Real,2026-03-01,Manufactura,Santiago,MAN-5103,1189124
Real,2026-03-01,Manufactura,Santiago,MAN-5104,4785498
Real,2026-03-01,Manufactura,Santiago,MAN-5105,7167411
Real,2026-03-01,Manufactura,Santiago,MAN-5106,4778274
Real,2026-03-01,Manufactura,Santiago,MAN-6101,901782
Real,2026-03-01,Manufactura,Santiago,MAN-6102,447725
Real,2026-03-01,Manufactura,Santiago,MAN-6103,1044691
Real,2026-03-01,Manufactura,Santiago,MAN-6104,503516
Real,2026-03-01,Manufactura,Santiago,MAN-6105,1531640
Real,2026-03-01,Manufactura,Santiago,MAN-6106,502441
Real,2026-03-01,Manufactura,Santiago,MAN-6107,760986
Real,2026-03-01,Manufactura,Santiago,MAN-6108,376876
Real,2026-03-01,Manufactura,Santiago,MAN-6109,2135631
Real,2026-03-01,Manufactura,Santiago,MAN-6110,423744
Real,2026-03-01,Manufactura,Santiago,MAN-6111,181605
Real,2026-04-01,Manufactura,Antofagasta,MAN-4101,932131
Real,2026-04-01,Manufactura,Antofagasta,MAN-4102,399485
Real,2026-04-01,Manufactura,Antofagasta,MAN-4103,2545028
Real,2026-04-01,Manufactura,Antofagasta,MAN-4104,3817541
Real,2026-04-01,Manufactura,Antofagasta,MAN-4105,2840991
Real,2026-04-01,Manufactura,Antofagasta,MAN-4106,6628979
Real,2026-04-01,Manufactura,Antofagasta,MAN-5101,705634
Real,2026-04-01,Manufactura,Antofagasta,MAN-5102,176409
Real,2026-04-01,Manufactura,Antofagasta,MAN-5103,499260
Real,2026-04-01,Manufactura,Antofagasta,MAN-5104,1945679
Real,2026-04-01,Manufactura,Antofagasta,MAN-5105,2629927
Real,2026-04-01,Manufactura,Antofagasta,MAN-5106,1753284
Real,2026-04-01,Manufactura,Antofagasta,MAN-6101,343670
Real,2026-04-01,Manufactura,Antofagasta,MAN-6102,174387
Real,2026-04-01,Manufactura,Antofagasta,MAN-6103,406903
Real,2026-04-01,Manufactura,Antofagasta,MAN-6104,198924
Real,2026-04-01,Manufactura,Antofagasta,MAN-6105,590310
Real,2026-04-01,Manufactura,Antofagasta,MAN-6106,199937
Real,2026-04-01,Manufactura,Antofagasta,MAN-6107,299716
Real,2026-04-01,Manufactura,Antofagasta,MAN-6108,146907
Real,2026-04-01,Manufactura,Antofagasta,MAN-6109,832471
Real,2026-04-01,Manufactura,Antofagasta,MAN-6110,171725
Real,2026-04-01,Manufactura,Antofagasta,MAN-6111,73597
Real,2026-04-01,Manufactura,Concepción,MAN-4101,1296853
Real,2026-04-01,Manufactura,Concepción,MAN-4102,555794
Real,2026-04-01,Manufactura,Concepción,MAN-4103,3658011
Real,2026-04-01,Manufactura,Concepción,MAN-4104,5487016
Real,2026-04-01,Manufactura,Concepción,MAN-4105,3908396
Real,2026-04-01,Manufactura,Concepción,MAN-4106,9119592
Real,2026-04-01,Manufactura,Concepción,MAN-5101,1074254
Real,2026-04-01,Manufactura,Concepción,MAN-5102,268563
Real,2026-04-01,Manufactura,Concepción,MAN-5103,727704
Real,2026-04-01,Manufactura,Concepción,MAN-5104,2890272
Real,2026-04-01,Manufactura,Concepción,MAN-5105,4219971
Real,2026-04-01,Manufactura,Concepción,MAN-5106,2813314
Real,2026-04-01,Manufactura,Concepción,MAN-6101,533468
Real,2026-04-01,Manufactura,Concepción,MAN-6102,267755
Real,2026-04-01,Manufactura,Concepción,MAN-6103,624761
Real,2026-04-01,Manufactura,Concepción,MAN-6104,299569
Real,2026-04-01,Manufactura,Concepción,MAN-6105,896124
Real,2026-04-01,Manufactura,Concepción,MAN-6106,299975
Real,2026-04-01,Manufactura,Concepción,MAN-6107,449887
Real,2026-04-01,Manufactura,Concepción,MAN-6108,223763
Real,2026-04-01,Manufactura,Concepción,MAN-6109,1267988
Real,2026-04-01,Manufactura,Concepción,MAN-6110,253490
Real,2026-04-01,Manufactura,Concepción,MAN-6111,108639
Real,2026-04-01,Manufactura,Santiago,MAN-4101,2155279
Real,2026-04-01,Manufactura,Santiago,MAN-4102,923691
Real,2026-04-01,Manufactura,Santiago,MAN-4103,6087017
Real,2026-04-01,Manufactura,Santiago,MAN-4104,9130525
Real,2026-04-01,Manufactura,Santiago,MAN-4105,6492595
Real,2026-04-01,Manufactura,Santiago,MAN-4106,15149387
Real,2026-04-01,Manufactura,Santiago,MAN-5101,1791380
Real,2026-04-01,Manufactura,Santiago,MAN-5102,447845
Real,2026-04-01,Manufactura,Santiago,MAN-5103,1211556
Real,2026-04-01,Manufactura,Santiago,MAN-5104,4815408
Real,2026-04-01,Manufactura,Santiago,MAN-5105,7049956
Real,2026-04-01,Manufactura,Santiago,MAN-5106,4699971
Real,2026-04-01,Manufactura,Santiago,MAN-6101,890202
Real,2026-04-01,Manufactura,Santiago,MAN-6102,446632
Real,2026-04-01,Manufactura,Santiago,MAN-6103,1042141
Real,2026-04-01,Manufactura,Santiago,MAN-6104,499354
Real,2026-04-01,Manufactura,Santiago,MAN-6105,1494186
Real,2026-04-01,Manufactura,Santiago,MAN-6106,499962
Real,2026-04-01,Manufactura,Santiago,MAN-6107,749830
Real,2026-04-01,Manufactura,Santiago,MAN-6108,373144
Real,2026-04-01,Manufactura,Santiago,MAN-6109,2114483
Real,2026-04-01,Manufactura,Santiago,MAN-6110,422235
Real,2026-04-01,Manufactura,Santiago,MAN-6111,180958
Real,2026-05-01,Manufactura,Antofagasta,MAN-4101,949629
Real,2026-05-01,Manufactura,Antofagasta,MAN-4102,406984
Real,2026-05-01,Manufactura,Antofagasta,MAN-4103,2663058
Real,2026-05-01,Manufactura,Antofagasta,MAN-4104,3994586
Real,2026-05-01,Manufactura,Antofagasta,MAN-4105,2759461
Real,2026-05-01,Manufactura,Antofagasta,MAN-4106,6438741
Real,2026-05-01,Manufactura,Antofagasta,MAN-5101,745728
Real,2026-05-01,Manufactura,Antofagasta,MAN-5102,186432
Real,2026-05-01,Manufactura,Antofagasta,MAN-5103,470353
Real,2026-05-01,Manufactura,Antofagasta,MAN-5104,1907137
Real,2026-05-01,Manufactura,Antofagasta,MAN-5105,2726872
Real,2026-05-01,Manufactura,Antofagasta,MAN-5106,1817914
Real,2026-05-01,Manufactura,Antofagasta,MAN-6101,371950
Real,2026-05-01,Manufactura,Antofagasta,MAN-6102,186428
Real,2026-05-01,Manufactura,Antofagasta,MAN-6103,434998
Real,2026-05-01,Manufactura,Antofagasta,MAN-6104,204779
Real,2026-05-01,Manufactura,Antofagasta,MAN-6105,643013
Real,2026-05-01,Manufactura,Antofagasta,MAN-6106,200891
Real,2026-05-01,Manufactura,Antofagasta,MAN-6107,304009
Real,2026-05-01,Manufactura,Antofagasta,MAN-6108,146471
Real,2026-05-01,Manufactura,Antofagasta,MAN-6109,830002
Real,2026-05-01,Manufactura,Antofagasta,MAN-6110,177661
Real,2026-05-01,Manufactura,Antofagasta,MAN-6111,76141
Real,2026-05-01,Manufactura,Concepción,MAN-4101,1303852
Real,2026-05-01,Manufactura,Concepción,MAN-4102,558794
Real,2026-05-01,Manufactura,Concepción,MAN-4103,3705223
Real,2026-05-01,Manufactura,Concepción,MAN-4104,5557834
Real,2026-05-01,Manufactura,Concepción,MAN-4105,3875784
Real,2026-05-01,Manufactura,Concepción,MAN-4106,9043497
Real,2026-05-01,Manufactura,Concepción,MAN-5101,1090291
Real,2026-05-01,Manufactura,Concepción,MAN-5102,272573
Real,2026-05-01,Manufactura,Concepción,MAN-5103,716141
Real,2026-05-01,Manufactura,Concepción,MAN-5104,2874855
Real,2026-05-01,Manufactura,Concepción,MAN-5105,4258749
Real,2026-05-01,Manufactura,Concepción,MAN-5106,2839166
Real,2026-05-01,Manufactura,Concepción,MAN-6101,544780
Real,2026-05-01,Manufactura,Concepción,MAN-6102,272571
Real,2026-05-01,Manufactura,Concepción,MAN-6103,635999
Real,2026-05-01,Manufactura,Concepción,MAN-6104,301912
Real,2026-05-01,Manufactura,Concepción,MAN-6105,917205
Real,2026-05-01,Manufactura,Concepción,MAN-6106,300356
Real,2026-05-01,Manufactura,Concepción,MAN-6107,451604
Real,2026-05-01,Manufactura,Concepción,MAN-6108,223588
Real,2026-05-01,Manufactura,Concepción,MAN-6109,1267001
Real,2026-05-01,Manufactura,Concepción,MAN-6110,255865
Real,2026-05-01,Manufactura,Concepción,MAN-6111,109656
Real,2026-05-01,Manufactura,Santiago,MAN-4101,2165777
Real,2026-05-01,Manufactura,Santiago,MAN-4102,928190
Real,2026-05-01,Manufactura,Santiago,MAN-4103,6157835
Real,2026-05-01,Manufactura,Santiago,MAN-4104,9236752
Real,2026-05-01,Manufactura,Santiago,MAN-4105,6443676
Real,2026-05-01,Manufactura,Santiago,MAN-4106,15035245
Real,2026-05-01,Manufactura,Santiago,MAN-5101,1815437
Real,2026-05-01,Manufactura,Santiago,MAN-5102,453859
Real,2026-05-01,Manufactura,Santiago,MAN-5103,1194211
Real,2026-05-01,Manufactura,Santiago,MAN-5104,4792282
Real,2026-05-01,Manufactura,Santiago,MAN-5105,7108123
Real,2026-05-01,Manufactura,Santiago,MAN-5106,4738749
Real,2026-05-01,Manufactura,Santiago,MAN-6101,907170
Real,2026-05-01,Manufactura,Santiago,MAN-6102,453857
Real,2026-05-01,Manufactura,Santiago,MAN-6103,1058999
Real,2026-05-01,Manufactura,Santiago,MAN-6104,502867
Real,2026-05-01,Manufactura,Santiago,MAN-6105,1525808
Real,2026-05-01,Manufactura,Santiago,MAN-6106,500535
Real,2026-05-01,Manufactura,Santiago,MAN-6107,752406
Real,2026-05-01,Manufactura,Santiago,MAN-6108,372883
Real,2026-05-01,Manufactura,Santiago,MAN-6109,2113001
Real,2026-05-01,Manufactura,Santiago,MAN-6110,425797
Real,2026-05-01,Manufactura,Santiago,MAN-6111,182484
Real,2026-06-01,Manufactura,Antofagasta,MAN-4101,887531
Real,2026-06-01,Manufactura,Antofagasta,MAN-4102,380370
Real,2026-06-01,Manufactura,Antofagasta,MAN-4103,2762717
Real,2026-06-01,Manufactura,Antofagasta,MAN-4104,4144076
Real,2026-06-01,Manufactura,Antofagasta,MAN-4105,2624840
Real,2026-06-01,Manufactura,Antofagasta,MAN-4106,6124627
Real,2026-06-01,Manufactura,Antofagasta,MAN-5101,681021
Real,2026-06-01,Manufactura,Antofagasta,MAN-5102,170255
Real,2026-06-01,Manufactura,Antofagasta,MAN-5103,570093
Real,2026-06-01,Manufactura,Antofagasta,MAN-5104,2040125
Real,2026-06-01,Manufactura,Antofagasta,MAN-5105,2704894
Real,2026-06-01,Manufactura,Antofagasta,MAN-5106,1803262
Real,2026-06-01,Manufactura,Antofagasta,MAN-6101,360043
Real,2026-06-01,Manufactura,Antofagasta,MAN-6102,176174
Real,2026-06-01,Manufactura,Antofagasta,MAN-6103,411073
Real,2026-06-01,Manufactura,Antofagasta,MAN-6104,200346
Real,2026-06-01,Manufactura,Antofagasta,MAN-6105,603108
Real,2026-06-01,Manufactura,Antofagasta,MAN-6106,200573
Real,2026-06-01,Manufactura,Antofagasta,MAN-6107,302577
Real,2026-06-01,Manufactura,Antofagasta,MAN-6108,149987
Real,2026-06-01,Manufactura,Antofagasta,MAN-6109,849926
Real,2026-06-01,Manufactura,Antofagasta,MAN-6110,172488
Real,2026-06-01,Manufactura,Antofagasta,MAN-6111,73924
Real,2026-06-01,Manufactura,Concepción,MAN-4101,1279012
Real,2026-06-01,Manufactura,Concepción,MAN-4102,548148
Real,2026-06-01,Manufactura,Concepción,MAN-4103,3745087
Real,2026-06-01,Manufactura,Concepción,MAN-4104,5617630
Real,2026-06-01,Manufactura,Concepción,MAN-4105,3821936
Real,2026-06-01,Manufactura,Concepción,MAN-4106,8917851
Real,2026-06-01,Manufactura,Concepción,MAN-5101,1064408
Real,2026-06-01,Manufactura,Concepción,MAN-5102,266102
Real,2026-06-01,Manufactura,Concepción,MAN-5103,756037
Real,2026-06-01,Manufactura,Concepción,MAN-5104,2928050
Real,2026-06-01,Manufactura,Concepción,MAN-5105,4249958
Real,2026-06-01,Manufactura,Concepción,MAN-5106,2833305
Real,2026-06-01,Manufactura,Concepción,MAN-6101,540017
Real,2026-06-01,Manufactura,Concepción,MAN-6102,268470
Real,2026-06-01,Manufactura,Concepción,MAN-6103,626429
Real,2026-06-01,Manufactura,Concepción,MAN-6104,300138
Real,2026-06-01,Manufactura,Concepción,MAN-6105,901243
Real,2026-06-01,Manufactura,Concepción,MAN-6106,300229
Real,2026-06-01,Manufactura,Concepción,MAN-6107,451031
Real,2026-06-01,Manufactura,Concepción,MAN-6108,224995
Real,2026-06-01,Manufactura,Concepción,MAN-6109,1274971
Real,2026-06-01,Manufactura,Concepción,MAN-6110,253795
Real,2026-06-01,Manufactura,Concepción,MAN-6111,108769
Real,2026-06-01,Manufactura,Santiago,MAN-4101,2128519
Real,2026-06-01,Manufactura,Santiago,MAN-4102,912222
Real,2026-06-01,Manufactura,Santiago,MAN-4103,6217630
Real,2026-06-01,Manufactura,Santiago,MAN-4104,9326446
Real,2026-06-01,Manufactura,Santiago,MAN-4105,6362904
Real,2026-06-01,Manufactura,Santiago,MAN-4106,14846776
Real,2026-06-01,Manufactura,Santiago,MAN-5101,1776613
Real,2026-06-01,Manufactura,Santiago,MAN-5102,444153
Real,2026-06-01,Manufactura,Santiago,MAN-5103,1254056
Real,2026-06-01,Manufactura,Santiago,MAN-5104,4872075
Real,2026-06-01,Manufactura,Santiago,MAN-5105,7094936
Real,2026-06-01,Manufactura,Santiago,MAN-5106,4729957
Real,2026-06-01,Manufactura,Santiago,MAN-6101,900026
Real,2026-06-01,Manufactura,Santiago,MAN-6102,447704
Real,2026-06-01,Manufactura,Santiago,MAN-6103,1044643
Real,2026-06-01,Manufactura,Santiago,MAN-6104,500207
Real,2026-06-01,Manufactura,Santiago,MAN-6105,1501865
Real,2026-06-01,Manufactura,Santiago,MAN-6106,500343
Real,2026-06-01,Manufactura,Santiago,MAN-6107,751546
Real,2026-06-01,Manufactura,Santiago,MAN-6108,374992
Real,2026-06-01,Manufactura,Santiago,MAN-6109,2124956
Real,2026-06-01,Manufactura,Santiago,MAN-6110,422693
Real,2026-06-01,Manufactura,Santiago,MAN-6111,181154
Real,2026-07-01,Manufactura,Antofagasta,MAN-4101,942616
Real,2026-07-01,Manufactura,Antofagasta,MAN-4102,403978
Real,2026-07-01,Manufactura,Antofagasta,MAN-4103,2643899
Real,2026-07-01,Manufactura,Antofagasta,MAN-4104,3965849
Real,2026-07-01,Manufactura,Antofagasta,MAN-4105,2804660
Real,2026-07-01,Manufactura,Antofagasta,MAN-4106,6544207
Real,2026-07-01,Manufactura,Antofagasta,MAN-5101,720905
Real,2026-07-01,Manufactura,Antofagasta,MAN-5102,180226
Real,2026-07-01,Manufactura,Antofagasta,MAN-5103,448399
Real,2026-07-01,Manufactura,Antofagasta,MAN-5104,1877865
Real,2026-07-01,Manufactura,Antofagasta,MAN-5105,2748110
Real,2026-07-01,Manufactura,Antofagasta,MAN-5106,1832074
Real,2026-07-01,Manufactura,Antofagasta,MAN-6101,390826
Real,2026-07-01,Manufactura,Antofagasta,MAN-6102,179526
Real,2026-07-01,Manufactura,Antofagasta,MAN-6103,418893
Real,2026-07-01,Manufactura,Antofagasta,MAN-6104,198451
Real,2026-07-01,Manufactura,Antofagasta,MAN-6105,586061
Real,2026-07-01,Manufactura,Antofagasta,MAN-6106,203698
Real,2026-07-01,Manufactura,Antofagasta,MAN-6107,316641
Real,2026-07-01,Manufactura,Antofagasta,MAN-6108,159702
Real,2026-07-01,Manufactura,Antofagasta,MAN-6109,904981
Real,2026-07-01,Manufactura,Antofagasta,MAN-6110,168328
Real,2026-07-01,Manufactura,Antofagasta,MAN-6111,72141
Real,2026-07-01,Manufactura,Concepción,MAN-4101,1301046
Real,2026-07-01,Manufactura,Concepción,MAN-4102,557591
Real,2026-07-01,Manufactura,Concepción,MAN-4103,3697560
Real,2026-07-01,Manufactura,Concepción,MAN-4104,5546339
Real,2026-07-01,Manufactura,Concepción,MAN-4105,3893864
Real,2026-07-01,Manufactura,Concepción,MAN-4106,9085683
Real,2026-07-01,Manufactura,Concepción,MAN-5101,1080362
Real,2026-07-01,Manufactura,Concepción,MAN-5102,270091
Real,2026-07-01,Manufactura,Concepción,MAN-5103,707359
Real,2026-07-01,Manufactura,Concepción,MAN-5104,2863146
Real,2026-07-01,Manufactura,Concepción,MAN-5105,4267244
Real,2026-07-01,Manufactura,Concepción,MAN-5106,2844829
Real,2026-07-01,Manufactura,Concepción,MAN-6101,552331
Real,2026-07-01,Manufactura,Concepción,MAN-6102,269810
Real,2026-07-01,Manufactura,Concepción,MAN-6103,629557
Real,2026-07-01,Manufactura,Concepción,MAN-6104,299381
Real,2026-07-01,Manufactura,Concepción,MAN-6105,894424
Real,2026-07-01,Manufactura,Concepción,MAN-6106,301479
Real,2026-07-01,Manufactura,Concepción,MAN-6107,456656
Real,2026-07-01,Manufactura,Concepción,MAN-6108,228881
Real,2026-07-01,Manufactura,Concepción,MAN-6109,1296992
Real,2026-07-01,Manufactura,Concepción,MAN-6110,252131
Real,2026-07-01,Manufactura,Concepción,MAN-6111,108056
Real,2026-07-01,Manufactura,Santiago,MAN-4101,2161570
Real,2026-07-01,Manufactura,Santiago,MAN-4102,926387
Real,2026-07-01,Manufactura,Santiago,MAN-4103,6146339
Real,2026-07-01,Manufactura,Santiago,MAN-4104,9219509
Real,2026-07-01,Manufactura,Santiago,MAN-4105,6470796
Real,2026-07-01,Manufactura,Santiago,MAN-4106,15098525
Real,2026-07-01,Manufactura,Santiago,MAN-5101,1800543
Real,2026-07-01,Manufactura,Santiago,MAN-5102,450136
Real,2026-07-01,Manufactura,Santiago,MAN-5103,1181039
Real,2026-07-01,Manufactura,Santiago,MAN-5104,4774719
Real,2026-07-01,Manufactura,Santiago,MAN-5105,7120866
Real,2026-07-01,Manufactura,Santiago,MAN-5106,4747244
Real,2026-07-01,Manufactura,Santiago,MAN-6101,918496
Real,2026-07-01,Manufactura,Santiago,MAN-6102,449716
Real,2026-07-01,Manufactura,Santiago,MAN-6103,1049336
Real,2026-07-01,Manufactura,Santiago,MAN-6104,499071
Real,2026-07-01,Manufactura,Santiago,MAN-6105,1491636
Real,2026-07-01,Manufactura,Santiago,MAN-6106,502219
Real,2026-07-01,Manufactura,Santiago,MAN-6107,759985
Real,2026-07-01,Manufactura,Santiago,MAN-6108,380822
Real,2026-07-01,Manufactura,Santiago,MAN-6109,2157988
Real,2026-07-01,Manufactura,Santiago,MAN-6110,420197
Real,2026-07-01,Manufactura,Santiago,MAN-6111,180084
Real,2026-08-01,Manufactura,Antofagasta,MAN-4101,874384
Real,2026-08-01,Manufactura,Antofagasta,MAN-4102,374736
Real,2026-08-01,Manufactura,Antofagasta,MAN-4103,2630048
Real,2026-08-01,Manufactura,Antofagasta,MAN-4104,3945072
Real,2026-08-01,Manufactura,Antofagasta,MAN-4105,2745726
Real,2026-08-01,Manufactura,Antofagasta,MAN-4106,6406694
Real,2026-08-01,Manufactura,Antofagasta,MAN-5101,726838
Real,2026-08-01,Manufactura,Antofagasta,MAN-5102,181709
Real,2026-08-01,Manufactura,Antofagasta,MAN-5103,437615
Real,2026-08-01,Manufactura,Antofagasta,MAN-5104,1863486
Real,2026-08-01,Manufactura,Antofagasta,MAN-5105,2822644
Real,2026-08-01,Manufactura,Antofagasta,MAN-5106,1881763
Real,2026-08-01,Manufactura,Antofagasta,MAN-6101,363791
Real,2026-08-01,Manufactura,Antofagasta,MAN-6102,185058
Real,2026-08-01,Manufactura,Antofagasta,MAN-6103,431801
Real,2026-08-01,Manufactura,Antofagasta,MAN-6104,196614
Real,2026-08-01,Manufactura,Antofagasta,MAN-6105,569532
Real,2026-08-01,Manufactura,Antofagasta,MAN-6106,203046
Real,2026-08-01,Manufactura,Antofagasta,MAN-6107,313705
Real,2026-08-01,Manufactura,Antofagasta,MAN-6108,144065
Real,2026-08-01,Manufactura,Antofagasta,MAN-6109,816369
Real,2026-08-01,Manufactura,Antofagasta,MAN-6110,164713
Real,2026-08-01,Manufactura,Antofagasta,MAN-6111,70592
Real,2026-08-01,Manufactura,Concepción,MAN-4101,1273754
Real,2026-08-01,Manufactura,Concepción,MAN-4102,545894
Real,2026-08-01,Manufactura,Concepción,MAN-4103,3692019
Real,2026-08-01,Manufactura,Concepción,MAN-4104,5538029
Real,2026-08-01,Manufactura,Concepción,MAN-4105,3870290
Real,2026-08-01,Manufactura,Concepción,MAN-4106,9030678
Real,2026-08-01,Manufactura,Concepción,MAN-5101,1082735
Real,2026-08-01,Manufactura,Concepción,MAN-5102,270684
Real,2026-08-01,Manufactura,Concepción,MAN-5103,703046
Real,2026-08-01,Manufactura,Concepción,MAN-5104,2857395
Real,2026-08-01,Manufactura,Concepción,MAN-5105,4297058
Real,2026-08-01,Manufactura,Concepción,MAN-5106,2864705
Real,2026-08-01,Manufactura,Concepción,MAN-6101,541517
Real,2026-08-01,Manufactura,Concepción,MAN-6102,272023
Real,2026-08-01,Manufactura,Concepción,MAN-6103,634721
Real,2026-08-01,Manufactura,Concepción,MAN-6104,298646
Real,2026-08-01,Manufactura,Concepción,MAN-6105,887813
Real,2026-08-01,Manufactura,Concepción,MAN-6106,301218
Real,2026-08-01,Manufactura,Concepción,MAN-6107,455482
Real,2026-08-01,Manufactura,Concepción,MAN-6108,222626
Real,2026-08-01,Manufactura,Concepción,MAN-6109,1261547
Real,2026-08-01,Manufactura,Concepción,MAN-6110,250685
Real,2026-08-01,Manufactura,Concepción,MAN-6111,107437
Real,2026-08-01,Manufactura,Santiago,MAN-4101,2120631
Real,2026-08-01,Manufactura,Santiago,MAN-4102,908842
Real,2026-08-01,Manufactura,Santiago,MAN-4103,6138029
Real,2026-08-01,Manufactura,Santiago,MAN-4104,9207044
Real,2026-08-01,Manufactura,Santiago,MAN-4105,6435436
Real,2026-08-01,Manufactura,Santiago,MAN-4106,15016016
Real,2026-08-01,Manufactura,Santiago,MAN-5101,1804102
Real,2026-08-01,Manufactura,Santiago,MAN-5102,451026
Real,2026-08-01,Manufactura,Santiago,MAN-5103,1174569
Real,2026-08-01,Manufactura,Santiago,MAN-5104,4766092
Real,2026-08-01,Manufactura,Santiago,MAN-5105,7165587
Real,2026-08-01,Manufactura,Santiago,MAN-5106,4777058
Real,2026-08-01,Manufactura,Santiago,MAN-6101,902275
Real,2026-08-01,Manufactura,Santiago,MAN-6102,453035
Real,2026-08-01,Manufactura,Santiago,MAN-6103,1057081
Real,2026-08-01,Manufactura,Santiago,MAN-6104,497969
Real,2026-08-01,Manufactura,Santiago,MAN-6105,1481719
Real,2026-08-01,Manufactura,Santiago,MAN-6106,501827
Real,2026-08-01,Manufactura,Santiago,MAN-6107,758223
Real,2026-08-01,Manufactura,Santiago,MAN-6108,371439
Real,2026-08-01,Manufactura,Santiago,MAN-6109,2104821
Real,2026-08-01,Manufactura,Santiago,MAN-6110,418028
Real,2026-08-01,Manufactura,Santiago,MAN-6111,179155
Real,2026-09-01,Manufactura,Antofagasta,MAN-4101,838171
Real,2026-09-01,Manufactura,Antofagasta,MAN-4102,359216
Real,2026-09-01,Manufactura,Antofagasta,MAN-4103,2689774
Real,2026-09-01,Manufactura,Antofagasta,MAN-4104,4034661
Real,2026-09-01,Manufactura,Antofagasta,MAN-4105,2750677
Real,2026-09-01,Manufactura,Antofagasta,MAN-4106,6418247
Real,2026-09-01,Manufactura,Antofagasta,MAN-5101,711479
Real,2026-09-01,Manufactura,Antofagasta,MAN-5102,177870
Real,2026-09-01,Manufactura,Antofagasta,MAN-5103,509641
Real,2026-09-01,Manufactura,Antofagasta,MAN-5104,1959521
Real,2026-09-01,Manufactura,Antofagasta,MAN-5105,2803570
Real,2026-09-01,Manufactura,Antofagasta,MAN-5106,1869046
Real,2026-09-01,Manufactura,Antofagasta,MAN-6101,378437
Real,2026-09-01,Manufactura,Antofagasta,MAN-6102,175117
Real,2026-09-01,Manufactura,Antofagasta,MAN-6103,408605
Real,2026-09-01,Manufactura,Antofagasta,MAN-6104,199547
Real,2026-09-01,Manufactura,Antofagasta,MAN-6105,595922
Real,2026-09-01,Manufactura,Antofagasta,MAN-6106,200933
Real,2026-09-01,Manufactura,Antofagasta,MAN-6107,304199
Real,2026-09-01,Manufactura,Antofagasta,MAN-6108,147594
Real,2026-09-01,Manufactura,Antofagasta,MAN-6109,836364
Real,2026-09-01,Manufactura,Antofagasta,MAN-6110,160136
Real,2026-09-01,Manufactura,Antofagasta,MAN-6111,68630
Real,2026-09-01,Manufactura,Concepción,MAN-4101,1259268
Real,2026-09-01,Manufactura,Concepción,MAN-4102,539686
Real,2026-09-01,Manufactura,Concepción,MAN-4103,3715910
Real,2026-09-01,Manufactura,Concepción,MAN-4104,5573864
Real,2026-09-01,Manufactura,Concepción,MAN-4105,3872271
Real,2026-09-01,Manufactura,Concepción,MAN-4106,9035299
Real,2026-09-01,Manufactura,Concepción,MAN-5101,1076592
Real,2026-09-01,Manufactura,Concepción,MAN-5102,269148
Real,2026-09-01,Manufactura,Concepción,MAN-5103,731856
Real,2026-09-01,Manufactura,Concepción,MAN-5104,2895809
Real,2026-09-01,Manufactura,Concepción,MAN-5105,4289428
Real,2026-09-01,Manufactura,Concepción,MAN-5106,2859618
Real,2026-09-01,Manufactura,Concepción,MAN-6101,547375
Real,2026-09-01,Manufactura,Concepción,MAN-6102,268047
Real,2026-09-01,Manufactura,Concepción,MAN-6103,625442
Real,2026-09-01,Manufactura,Concepción,MAN-6104,299819
Real,2026-09-01,Manufactura,Concepción,MAN-6105,898369
Real,2026-09-01,Manufactura,Concepción,MAN-6106,300373
Real,2026-09-01,Manufactura,Concepción,MAN-6107,451679
Real,2026-09-01,Manufactura,Concepción,MAN-6108,224037
Real,2026-09-01,Manufactura,Concepción,MAN-6109,1269546
Real,2026-09-01,Manufactura,Concepción,MAN-6110,248855
Real,2026-09-01,Manufactura,Concepción,MAN-6111,106652
Real,2026-09-01,Manufactura,Santiago,MAN-4101,2098902
Real,2026-09-01,Manufactura,Santiago,MAN-4102,899530
Real,2026-09-01,Manufactura,Santiago,MAN-4103,6173865
Real,2026-09-01,Manufactura,Santiago,MAN-4104,9260797
Real,2026-09-01,Manufactura,Santiago,MAN-4105,6438407
Real,2026-09-01,Manufactura,Santiago,MAN-4106,15022948
Real,2026-09-01,Manufactura,Santiago,MAN-5101,1794887
Real,2026-09-01,Manufactura,Santiago,MAN-5102,448722
Real,2026-09-01,Manufactura,Santiago,MAN-5103,1217785
Real,2026-09-01,Manufactura,Santiago,MAN-5104,4823713
Real,2026-09-01,Manufactura,Santiago,MAN-5105,7154142
Real,2026-09-01,Manufactura,Santiago,MAN-5106,4769428
Real,2026-09-01,Manufactura,Santiago,MAN-6101,911062
Real,2026-09-01,Manufactura,Santiago,MAN-6102,447070
Real,2026-09-01,Manufactura,Santiago,MAN-6103,1043163
Real,2026-09-01,Manufactura,Santiago,MAN-6104,499728
Real,2026-09-01,Manufactura,Santiago,MAN-6105,1497553
Real,2026-09-01,Manufactura,Santiago,MAN-6106,500560
Real,2026-09-01,Manufactura,Santiago,MAN-6107,752519
Real,2026-09-01,Manufactura,Santiago,MAN-6108,373556
Real,2026-09-01,Manufactura,Santiago,MAN-6109,2116818
Real,2026-09-01,Manufactura,Santiago,MAN-6110,415282
Real,2026-09-01,Manufactura,Santiago,MAN-6111,177978
Real,2026-10-01,Manufactura,Antofagasta,MAN-4101,1043869
Real,2026-10-01,Manufactura,Antofagasta,MAN-4102,447372
Real,2026-10-01,Manufactura,Antofagasta,MAN-4103,2894426
Real,2026-10-01,Manufactura,Antofagasta,MAN-4104,4341638
Real,2026-10-01,Manufactura,Antofagasta,MAN-4105,3210535
Real,2026-10-01,Manufactura,Antofagasta,MAN-4106,7491249
Real,2026-10-01,Manufactura,Antofagasta,MAN-5101,798701
Real,2026-10-01,Manufactura,Antofagasta,MAN-5102,199675
Real,2026-10-01,Manufactura,Antofagasta,MAN-5103,577630
Real,2026-10-01,Manufactura,Antofagasta,MAN-5104,2152574
Real,2026-10-01,Manufactura,Antofagasta,MAN-5105,2994874
Real,2026-10-01,Manufactura,Antofagasta,MAN-5106,1996583
Real,2026-10-01,Manufactura,Antofagasta,MAN-6101,369799
Real,2026-10-01,Manufactura,Antofagasta,MAN-6102,192259
Real,2026-10-01,Manufactura,Antofagasta,MAN-6103,448605
Real,2026-10-01,Manufactura,Antofagasta,MAN-6104,220611
Real,2026-10-01,Manufactura,Antofagasta,MAN-6105,689504
Real,2026-10-01,Manufactura,Antofagasta,MAN-6106,212278
Real,2026-10-01,Manufactura,Antofagasta,MAN-6107,307251
Real,2026-10-01,Manufactura,Antofagasta,MAN-6108,170273
Real,2026-10-01,Manufactura,Antofagasta,MAN-6109,964879
Real,2026-10-01,Manufactura,Antofagasta,MAN-6110,182769
Real,2026-10-01,Manufactura,Antofagasta,MAN-6111,78330
Real,2026-10-01,Manufactura,Concepción,MAN-4101,1415467
Real,2026-10-01,Manufactura,Concepción,MAN-4102,606629
Real,2026-10-01,Manufactura,Concepción,MAN-4103,4008970
Real,2026-10-01,Manufactura,Concepción,MAN-4104,6013455
Real,2026-10-01,Manufactura,Concepción,MAN-4105,4277974
Real,2026-10-01,Manufactura,Concepción,MAN-4106,9981939
Real,2026-10-01,Manufactura,Concepción,MAN-5101,1174841
Real,2026-10-01,Manufactura,Concepción,MAN-5102,293710
Real,2026-10-01,Manufactura,Concepción,MAN-5103,801292
Real,2026-10-01,Manufactura,Concepción,MAN-5104,3141990
Real,2026-10-01,Manufactura,Concepción,MAN-5105,4619390
Real,2026-10-01,Manufactura,Concepción,MAN-5106,3079593
Real,2026-10-01,Manufactura,Concepción,MAN-6101,575599
Real,2026-10-01,Manufactura,Concepción,MAN-6102,290744
Real,2026-10-01,Manufactura,Concepción,MAN-6103,678402
Real,2026-10-01,Manufactura,Concepción,MAN-6104,325845
Real,2026-10-01,Manufactura,Concepción,MAN-6105,988602
Real,2026-10-01,Manufactura,Concepción,MAN-6106,322511
Real,2026-10-01,Manufactura,Concepción,MAN-6107,479300
Real,2026-10-01,Manufactura,Concepción,MAN-6108,246309
Real,2026-10-01,Manufactura,Concepción,MAN-6109,1395752
Real,2026-10-01,Manufactura,Concepción,MAN-6110,272692
Real,2026-10-01,Manufactura,Concepción,MAN-6111,116868
Real,2026-10-01,Manufactura,Santiago,MAN-4101,2350001
Real,2026-10-01,Manufactura,Santiago,MAN-4102,1007143
Real,2026-10-01,Manufactura,Santiago,MAN-4103,6661455
Real,2026-10-01,Manufactura,Santiago,MAN-4104,9992183
Real,2026-10-01,Manufactura,Santiago,MAN-4105,7097361
Real,2026-10-01,Manufactura,Santiago,MAN-4106,16560509
Real,2026-10-01,Manufactura,Santiago,MAN-5101,1956661
Real,2026-10-01,Manufactura,Santiago,MAN-5102,489165
Real,2026-10-01,Manufactura,Santiago,MAN-5103,1331538
Real,2026-10-01,Manufactura,Santiago,MAN-5104,5231384
Real,2026-10-01,Manufactura,Santiago,MAN-5105,7706685
Real,2026-10-01,Manufactura,Santiago,MAN-5106,5137790
Real,2026-10-01,Manufactura,Santiago,MAN-6101,960599
Real,2026-10-01,Manufactura,Santiago,MAN-6102,484715
Real,2026-10-01,Manufactura,Santiago,MAN-6103,1131003
Real,2026-10-01,Manufactura,Santiago,MAN-6104,542767
Real,2026-10-01,Manufactura,Santiago,MAN-6105,1644902
Real,2026-10-01,Manufactura,Santiago,MAN-6106,537767
Real,2026-10-01,Manufactura,Santiago,MAN-6107,799950
Real,2026-10-01,Manufactura,Santiago,MAN-6108,409964
Real,2026-10-01,Manufactura,Santiago,MAN-6109,2323128
Real,2026-10-01,Manufactura,Santiago,MAN-6110,454398
Real,2026-10-01,Manufactura,Santiago,MAN-6111,194742
Real,2026-11-01,Manufactura,Antofagasta,MAN-4101,1099553
Real,2026-11-01,Manufactura,Antofagasta,MAN-4102,471237
Real,2026-11-01,Manufactura,Antofagasta,MAN-4103,3208417
Real,2026-11-01,Manufactura,Antofagasta,MAN-4104,4812625
Real,2026-11-01,Manufactura,Antofagasta,MAN-4105,3432162
Real,2026-11-01,Manufactura,Antofagasta,MAN-4106,8008379
Real,2026-11-01,Manufactura,Antofagasta,MAN-5101,846033
Real,2026-11-01,Manufactura,Antofagasta,MAN-5102,211508
Real,2026-11-01,Manufactura,Antofagasta,MAN-5103,574431
Real,2026-11-01,Manufactura,Antofagasta,MAN-5104,2237908
Real,2026-11-01,Manufactura,Antofagasta,MAN-5105,3225509
Real,2026-11-01,Manufactura,Antofagasta,MAN-5106,2150339
Real,2026-11-01,Manufactura,Antofagasta,MAN-6101,412104
Real,2026-11-01,Manufactura,Antofagasta,MAN-6102,192707
Real,2026-11-01,Manufactura,Antofagasta,MAN-6103,449649
Real,2026-11-01,Manufactura,Antofagasta,MAN-6104,232816
Real,2026-11-01,Manufactura,Antofagasta,MAN-6105,715349
Real,2026-11-01,Manufactura,Antofagasta,MAN-6106,233542
Real,2026-11-01,Manufactura,Antofagasta,MAN-6107,360937
Real,2026-11-01,Manufactura,Antofagasta,MAN-6108,169614
Real,2026-11-01,Manufactura,Antofagasta,MAN-6109,961146
Real,2026-11-01,Manufactura,Antofagasta,MAN-6110,191811
Real,2026-11-01,Manufactura,Antofagasta,MAN-6111,82205
Real,2026-11-01,Manufactura,Concepción,MAN-4101,1502421
Real,2026-11-01,Manufactura,Concepción,MAN-4102,643895
Real,2026-11-01,Manufactura,Concepción,MAN-4103,4319367
Real,2026-11-01,Manufactura,Concepción,MAN-4104,6479050
Real,2026-11-01,Manufactura,Concepción,MAN-4105,4560665
Real,2026-11-01,Manufactura,Concepción,MAN-4106,10641551
Real,2026-11-01,Manufactura,Concepción,MAN-5101,1249213
Real,2026-11-01,Manufactura,Concepción,MAN-5102,312304
Real,2026-11-01,Manufactura,Concepción,MAN-5103,836972
Real,2026-11-01,Manufactura,Concepción,MAN-5104,3323963
Real,2026-11-01,Manufactura,Concepción,MAN-5105,4933404
Real,2026-11-01,Manufactura,Concepción,MAN-5106,3288936
Real,2026-11-01,Manufactura,Concepción,MAN-6101,620242
Real,2026-11-01,Manufactura,Concepción,MAN-6102,304783
Real,2026-11-01,Manufactura,Concepción,MAN-6103,711160
Real,2026-11-01,Manufactura,Concepción,MAN-6104,346127
Real,2026-11-01,Manufactura,Concepción,MAN-6105,1045139
Real,2026-11-01,Manufactura,Concepción,MAN-6106,346417
Real,2026-11-01,Manufactura,Concepción,MAN-6107,523875
Real,2026-11-01,Manufactura,Concepción,MAN-6108,257596
Real,2026-11-01,Manufactura,Concepción,MAN-6109,1459708
Real,2026-11-01,Manufactura,Concepción,MAN-6110,289244
Real,2026-11-01,Manufactura,Concepción,MAN-6111,123962
Real,2026-11-01,Manufactura,Santiago,MAN-4101,2495131
Real,2026-11-01,Manufactura,Santiago,MAN-4102,1069342
Real,2026-11-01,Manufactura,Santiago,MAN-4103,7169050
Real,2026-11-01,Manufactura,Santiago,MAN-4104,10753575
Real,2026-11-01,Manufactura,Santiago,MAN-4105,7565497
Real,2026-11-01,Manufactura,Santiago,MAN-4106,17652827
Real,2026-11-01,Manufactura,Santiago,MAN-5101,2080820
Real,2026-11-01,Manufactura,Santiago,MAN-5102,520205
Real,2026-11-01,Manufactura,Santiago,MAN-5103,1393459
Real,2026-11-01,Manufactura,Santiago,MAN-5104,5537945
Real,2026-11-01,Manufactura,Santiago,MAN-5105,8228105
Real,2026-11-01,Manufactura,Santiago,MAN-5106,5485404
Real,2026-11-01,Manufactura,Santiago,MAN-6101,1033862
Real,2026-11-01,Manufactura,Santiago,MAN-6102,508924
Real,2026-11-01,Manufactura,Santiago,MAN-6103,1187490
Real,2026-11-01,Manufactura,Santiago,MAN-6104,576690
Real,2026-11-01,Manufactura,Santiago,MAN-6105,1740209
Real,2026-11-01,Manufactura,Santiago,MAN-6106,577125
Real,2026-11-01,Manufactura,Santiago,MAN-6107,872062
Real,2026-11-01,Manufactura,Santiago,MAN-6108,429518
Real,2026-11-01,Manufactura,Santiago,MAN-6109,2433937
Real,2026-11-01,Manufactura,Santiago,MAN-6110,482167
Real,2026-11-01,Manufactura,Santiago,MAN-6111,206643
Real,2026-12-01,Manufactura,Antofagasta,MAN-4101,1219831
Real,2026-12-01,Manufactura,Antofagasta,MAN-4102,522785
Real,2026-12-01,Manufactura,Antofagasta,MAN-4103,3440666
Real,2026-12-01,Manufactura,Antofagasta,MAN-4104,5160999
Real,2026-12-01,Manufactura,Antofagasta,MAN-4105,3694384
Real,2026-12-01,Manufactura,Antofagasta,MAN-4106,8620229
Real,2026-12-01,Manufactura,Antofagasta,MAN-5101,939214
Real,2026-12-01,Manufactura,Antofagasta,MAN-5102,234803
Real,2026-12-01,Manufactura,Antofagasta,MAN-5103,614686
Real,2026-12-01,Manufactura,Antofagasta,MAN-5104,2355582
Real,2026-12-01,Manufactura,Antofagasta,MAN-5105,3343972
Real,2026-12-01,Manufactura,Antofagasta,MAN-5106,2229315
Real,2026-12-01,Manufactura,Antofagasta,MAN-6101,437235
Real,2026-12-01,Manufactura,Antofagasta,MAN-6102,207232
Real,2026-12-01,Manufactura,Antofagasta,MAN-6103,483541
Real,2026-12-01,Manufactura,Antofagasta,MAN-6104,242480
Real,2026-12-01,Manufactura,Antofagasta,MAN-6105,742320
Real,2026-12-01,Manufactura,Antofagasta,MAN-6106,241559
Real,2026-12-01,Manufactura,Antofagasta,MAN-6107,367015
Real,2026-12-01,Manufactura,Antofagasta,MAN-6108,177541
Real,2026-12-01,Manufactura,Antofagasta,MAN-6109,1006067
Real,2026-12-01,Manufactura,Antofagasta,MAN-6110,216873
Real,2026-12-01,Manufactura,Antofagasta,MAN-6111,92946
Real,2026-12-01,Manufactura,Concepción,MAN-4101,1596732
Real,2026-12-01,Manufactura,Concepción,MAN-4102,684314
Real,2026-12-01,Manufactura,Concepción,MAN-4103,4544266
Real,2026-12-01,Manufactura,Concepción,MAN-4104,6816400
Real,2026-12-01,Manufactura,Concepción,MAN-4105,4804154
Real,2026-12-01,Manufactura,Concepción,MAN-4106,11209692
Real,2026-12-01,Manufactura,Concepción,MAN-5101,1326086
Real,2026-12-01,Manufactura,Concepción,MAN-5102,331521
Real,2026-12-01,Manufactura,Concepción,MAN-5103,879475
Real,2026-12-01,Manufactura,Concepción,MAN-5104,3476633
Real,2026-12-01,Manufactura,Concepción,MAN-5105,5139189
Real,2026-12-01,Manufactura,Concepción,MAN-5106,3426126
Real,2026-12-01,Manufactura,Concepción,MAN-6101,650094
Real,2026-12-01,Manufactura,Concepción,MAN-6102,320493
Real,2026-12-01,Manufactura,Concepción,MAN-6103,747816
Real,2026-12-01,Manufactura,Concepción,MAN-6104,360992
Real,2026-12-01,Manufactura,Concepción,MAN-6105,1088928
Real,2026-12-01,Manufactura,Concepción,MAN-6106,360623
Real,2026-12-01,Manufactura,Concepción,MAN-6107,542806
Real,2026-12-01,Manufactura,Concepción,MAN-6108,269017
Real,2026-12-01,Manufactura,Concepción,MAN-6109,1524427
Real,2026-12-01,Manufactura,Concepción,MAN-6110,308509
Real,2026-12-01,Manufactura,Concepción,MAN-6111,132218
Real,2026-12-01,Manufactura,Santiago,MAN-4101,2647099
Real,2026-12-01,Manufactura,Santiago,MAN-4102,1134471
Real,2026-12-01,Manufactura,Santiago,MAN-4103,7536400
Real,2026-12-01,Manufactura,Santiago,MAN-4104,11304600
Real,2026-12-01,Manufactura,Santiago,MAN-4105,7962230
Real,2026-12-01,Manufactura,Santiago,MAN-4106,18578537
Real,2026-12-01,Manufactura,Santiago,MAN-5101,2205128
Real,2026-12-01,Manufactura,Santiago,MAN-5102,551282
Real,2026-12-01,Manufactura,Santiago,MAN-5103,1463212
Real,2026-12-01,Manufactura,Santiago,MAN-5104,5790949
Real,2026-12-01,Manufactura,Santiago,MAN-5105,8572783
Real,2026-12-01,Manufactura,Santiago,MAN-5106,5715189
Real,2026-12-01,Manufactura,Santiago,MAN-6101,1083141
Real,2026-12-01,Manufactura,Santiago,MAN-6102,534739
Real,2026-12-01,Manufactura,Santiago,MAN-6103,1247725
Real,2026-12-01,Manufactura,Santiago,MAN-6104,601488
Real,2026-12-01,Manufactura,Santiago,MAN-6105,1813392
Real,2026-12-01,Manufactura,Santiago,MAN-6106,600935
Real,2026-12-01,Manufactura,Santiago,MAN-6107,904209
Real,2026-12-01,Manufactura,Santiago,MAN-6108,448525
Real,2026-12-01,Manufactura,Santiago,MAN-6109,2541640
Real,2026-12-01,Manufactura,Santiago,MAN-6110,513164
Real,2026-12-01,Manufactura,Santiago,MAN-6111,219928
Real,2025-01-01,Salud,Clínica Centro,SAL-4101,7691694
Real,2025-01-01,Salud,Clínica Centro,SAL-4102,3296440
Real,2025-01-01,Salud,Clínica Centro,SAL-4103,1510030
Real,2025-01-01,Salud,Clínica Centro,SAL-4104,4530090
Real,2025-01-01,Salud,Clínica Centro,SAL-4105,3896895
Real,2025-01-01,Salud,Clínica Centro,SAL-4106,4762871
Real,2025-01-01,Salud,Clínica Centro,SAL-5101,943638
Real,2025-01-01,Salud,Clínica Centro,SAL-5102,3857178
Real,2025-01-01,Salud,Clínica Centro,SAL-5103,1390885
Real,2025-01-01,Salud,Clínica Centro,SAL-5104,1699971
Real,2025-01-01,Salud,Clínica Centro,SAL-5105,7694780
Real,2025-01-01,Salud,Clínica Centro,SAL-5106,2694855
Real,2025-01-01,Salud,Clínica Centro,SAL-6101,697638
Real,2025-01-01,Salud,Clínica Centro,SAL-6102,677046
Real,2025-01-01,Salud,Clínica Centro,SAL-6103,707653
Real,2025-01-01,Salud,Clínica Centro,SAL-6104,309870
Real,2025-01-01,Salud,Clínica Centro,SAL-6105,281724
Real,2025-01-01,Salud,Clínica Centro,SAL-6106,1596438
Real,2025-01-01,Salud,Clínica Centro,SAL-6107,303001
Real,2025-01-01,Salud,Clínica Centro,SAL-6108,444800
Real,2025-01-01,Salud,Clínica Oriente,SAL-4101,10038915
Real,2025-01-01,Salud,Clínica Oriente,SAL-4102,4302392
Real,2025-01-01,Salud,Clínica Oriente,SAL-4103,1935267
Real,2025-01-01,Salud,Clínica Oriente,SAL-4104,5805798
Real,2025-01-01,Salud,Clínica Oriente,SAL-4105,5012225
Real,2025-01-01,Salud,Clínica Oriente,SAL-4106,6126052
Real,2025-01-01,Salud,Clínica Oriente,SAL-5101,1206856
Real,2025-01-01,Salud,Clínica Oriente,SAL-5102,4882505
Real,2025-01-01,Salud,Clínica Oriente,SAL-5103,1762930
Real,2025-01-01,Salud,Clínica Oriente,SAL-5104,2154692
Real,2025-01-01,Salud,Clínica Oriente,SAL-5105,9772642
Real,2025-01-01,Salud,Clínica Oriente,SAL-5106,3344167
Real,2025-01-01,Salud,Clínica Oriente,SAL-6101,877842
Real,2025-01-01,Salud,Clínica Oriente,SAL-6102,864114
Real,2025-01-01,Salud,Clínica Oriente,SAL-6103,905081
Real,2025-01-01,Salud,Clínica Oriente,SAL-6104,392285
Real,2025-01-01,Salud,Clínica Oriente,SAL-6105,358051
Real,2025-01-01,Salud,Clínica Oriente,SAL-6106,2028957
Real,2025-01-01,Salud,Clínica Oriente,SAL-6107,383567
Real,2025-01-01,Salud,Clínica Oriente,SAL-6108,568883
Real,2025-01-01,Salud,Clínica Poniente,SAL-4101,4130589
Real,2025-01-01,Salud,Clínica Poniente,SAL-4102,1770252
Real,2025-01-01,Salud,Clínica Poniente,SAL-4103,873846
Real,2025-01-01,Salud,Clínica Poniente,SAL-4104,2621538
Real,2025-01-01,Salud,Clínica Poniente,SAL-4105,2223379
Real,2025-01-01,Salud,Clínica Poniente,SAL-4106,2717463
Real,2025-01-01,Salud,Clínica Poniente,SAL-5101,550534
Real,2025-01-01,Salud,Clínica Poniente,SAL-5102,2339843
Real,2025-01-01,Salud,Clínica Poniente,SAL-5103,839646
Real,2025-01-01,Salud,Clínica Poniente,SAL-5104,1026233
Real,2025-01-01,Salud,Clínica Poniente,SAL-5105,4610471
Real,2025-01-01,Salud,Clínica Poniente,SAL-5106,1753371
Real,2025-01-01,Salud,Clínica Poniente,SAL-6101,432480
Real,2025-01-01,Salud,Clínica Poniente,SAL-6102,398160
Real,2025-01-01,Salud,Clínica Poniente,SAL-6103,412794
Real,2025-01-01,Salud,Clínica Poniente,SAL-6104,187895
Real,2025-01-01,Salud,Clínica Poniente,SAL-6105,168356
Real,2025-01-01,Salud,Clínica Poniente,SAL-6106,954015
Real,2025-01-01,Salud,Clínica Poniente,SAL-6107,183768
Real,2025-01-01,Salud,Clínica Poniente,SAL-6108,259484
Real,2025-02-01,Salud,Clínica Centro,SAL-4101,6615827
Real,2025-02-01,Salud,Clínica Centro,SAL-4102,2835354
Real,2025-02-01,Salud,Clínica Centro,SAL-4103,1267399
Real,2025-02-01,Salud,Clínica Centro,SAL-4104,3802198
Real,2025-02-01,Salud,Clínica Centro,SAL-4105,3220933
Real,2025-02-01,Salud,Clínica Centro,SAL-4106,3936696
Real,2025-02-01,Salud,Clínica Centro,SAL-5101,793277
Real,2025-02-01,Salud,Clínica Centro,SAL-5102,3172839
Real,2025-02-01,Salud,Clínica Centro,SAL-5103,1169841
Real,2025-02-01,Salud,Clínica Centro,SAL-5104,1429806
Real,2025-02-01,Salud,Clínica Centro,SAL-5105,6428076
Real,2025-02-01,Salud,Clínica Centro,SAL-5106,2178026
Real,2025-02-01,Salud,Clínica Centro,SAL-6101,575575
Real,2025-02-01,Salud,Clínica Centro,SAL-6102,569625
Real,2025-02-01,Salud,Clínica Centro,SAL-6103,602777
Real,2025-02-01,Salud,Clínica Centro,SAL-6104,264909
Real,2025-02-01,Salud,Clínica Centro,SAL-6105,242127
Real,2025-02-01,Salud,Clínica Centro,SAL-6106,1372052
Real,2025-02-01,Salud,Clínica Centro,SAL-6107,258537
Real,2025-02-01,Salud,Clínica Centro,SAL-6108,378609
Real,2025-02-01,Salud,Clínica Oriente,SAL-4101,8585025
Real,2025-02-01,Salud,Clínica Oriente,SAL-4102,3679296
Real,2025-02-01,Salud,Clínica Oriente,SAL-4103,1634196
Real,2025-02-01,Salud,Clínica Oriente,SAL-4104,4902587
Real,2025-02-01,Salud,Clínica Oriente,SAL-4105,4199468
Real,2025-02-01,Salud,Clínica Oriente,SAL-4106,5132684
Real,2025-02-01,Salud,Clínica Oriente,SAL-5101,1019948
Real,2025-02-01,Salud,Clínica Oriente,SAL-5102,4079612
Real,2025-02-01,Salud,Clínica Oriente,SAL-5103,1490279
Real,2025-02-01,Salud,Clínica Oriente,SAL-5104,1821452
Real,2025-02-01,Salud,Clínica Oriente,SAL-5105,8231859
Real,2025-02-01,Salud,Clínica Oriente,SAL-5106,2767509
Real,2025-02-01,Salud,Clínica Oriente,SAL-6101,734500
Real,2025-02-01,Salud,Clínica Oriente,SAL-6102,730533
Real,2025-02-01,Salud,Clínica Oriente,SAL-6103,770249
Real,2025-02-01,Salud,Clínica Oriente,SAL-6104,334491
Real,2025-02-01,Salud,Clínica Oriente,SAL-6105,306108
Real,2025-02-01,Salud,Clínica Oriente,SAL-6106,1734612
Real,2025-02-01,Salud,Clínica Oriente,SAL-6107,326711
Real,2025-02-01,Salud,Clínica Oriente,SAL-6108,483936
Real,2025-02-01,Salud,Clínica Poniente,SAL-4101,3640772
Real,2025-02-01,Salud,Clínica Poniente,SAL-4102,1560331
Real,2025-02-01,Salud,Clínica Poniente,SAL-4103,715945
Real,2025-02-01,Salud,Clínica Poniente,SAL-4104,2147836
Real,2025-02-01,Salud,Clínica Poniente,SAL-4105,1737442
Real,2025-02-01,Salud,Clínica Poniente,SAL-4106,2123540
Real,2025-02-01,Salud,Clínica Poniente,SAL-5101,453264
Real,2025-02-01,Salud,Clínica Poniente,SAL-5102,1812611
Real,2025-02-01,Salud,Clínica Poniente,SAL-5103,692901
Real,2025-02-01,Salud,Clínica Poniente,SAL-5104,846879
Real,2025-02-01,Salud,Clínica Poniente,SAL-5105,3731236
Real,2025-02-01,Salud,Clínica Poniente,SAL-5106,1302636
Real,2025-02-01,Salud,Clínica Poniente,SAL-6101,338675
Real,2025-02-01,Salud,Clínica Poniente,SAL-6102,328759
Real,2025-02-01,Salud,Clínica Poniente,SAL-6103,352846
Real,2025-02-01,Salud,Clínica Poniente,SAL-6104,162179
Real,2025-02-01,Salud,Clínica Poniente,SAL-6105,147555
Real,2025-02-01,Salud,Clínica Poniente,SAL-6106,836144
Real,2025-02-01,Salud,Clínica Poniente,SAL-6107,157808
Real,2025-02-01,Salud,Clínica Poniente,SAL-6108,221384
Real,2025-03-01,Salud,Clínica Centro,SAL-4101,7895577
Real,2025-03-01,Salud,Clínica Centro,SAL-4102,3383819
Real,2025-03-01,Salud,Clínica Centro,SAL-4103,1442093
Real,2025-03-01,Salud,Clínica Centro,SAL-4104,4326281
Real,2025-03-01,Salud,Clínica Centro,SAL-4105,3983727
Real,2025-03-01,Salud,Clínica Centro,SAL-4106,4868999
Real,2025-03-01,Salud,Clínica Centro,SAL-5101,938158
Real,2025-03-01,Salud,Clínica Centro,SAL-5102,3791420
Real,2025-03-01,Salud,Clínica Centro,SAL-5103,1353507
Real,2025-03-01,Salud,Clínica Centro,SAL-5104,1654287
Real,2025-03-01,Salud,Clínica Centro,SAL-5105,7639153
Real,2025-03-01,Salud,Clínica Centro,SAL-5106,2639228
Real,2025-03-01,Salud,Clínica Centro,SAL-6101,683712
Real,2025-03-01,Salud,Clínica Centro,SAL-6102,672404
Real,2025-03-01,Salud,Clínica Centro,SAL-6103,711480
Real,2025-03-01,Salud,Clínica Centro,SAL-6104,314790
Real,2025-03-01,Salud,Clínica Centro,SAL-6105,276693
Real,2025-03-01,Salud,Clínica Centro,SAL-6106,1567927
Real,2025-03-01,Salud,Clínica Centro,SAL-6107,295375
Real,2025-03-01,Salud,Clínica Centro,SAL-6108,440987
Real,2025-03-01,Salud,Clínica Oriente,SAL-4101,10174837
Real,2025-03-01,Salud,Clínica Oriente,SAL-4102,4360644
Real,2025-03-01,Salud,Clínica Oriente,SAL-4103,1889976
Real,2025-03-01,Salud,Clínica Oriente,SAL-4104,5669926
Real,2025-03-01,Salud,Clínica Oriente,SAL-4105,5070113
Real,2025-03-01,Salud,Clínica Oriente,SAL-4106,6196805
Real,2025-03-01,Salud,Clínica Oriente,SAL-5101,1203202
Real,2025-03-01,Salud,Clínica Oriente,SAL-5102,4838667
Real,2025-03-01,Salud,Clínica Oriente,SAL-5103,1738012
Real,2025-03-01,Salud,Clínica Oriente,SAL-5104,2124236
Real,2025-03-01,Salud,Clínica Oriente,SAL-5105,9735557
Real,2025-03-01,Salud,Clínica Oriente,SAL-5106,3307082
Real,2025-03-01,Salud,Clínica Oriente,SAL-6101,868558
Real,2025-03-01,Salud,Clínica Oriente,SAL-6102,861019
Real,2025-03-01,Salud,Clínica Oriente,SAL-6103,907632
Real,2025-03-01,Salud,Clínica Oriente,SAL-6104,395565
Real,2025-03-01,Salud,Clínica Oriente,SAL-6105,354697
Real,2025-03-01,Salud,Clínica Oriente,SAL-6106,2009949
Real,2025-03-01,Salud,Clínica Oriente,SAL-6107,378483
Real,2025-03-01,Salud,Clínica Oriente,SAL-6108,566341
Real,2025-03-01,Salud,Clínica Poniente,SAL-4101,4470394
Real,2025-03-01,Salud,Clínica Poniente,SAL-4102,1915883
Real,2025-03-01,Salud,Clínica Poniente,SAL-4103,760619
Real,2025-03-01,Salud,Clínica Poniente,SAL-4104,2281857
Real,2025-03-01,Salud,Clínica Poniente,SAL-4105,2368100
Real,2025-03-01,Salud,Clínica Poniente,SAL-4106,2894344
Real,2025-03-01,Salud,Clínica Poniente,SAL-5101,541401
Real,2025-03-01,Salud,Clínica Poniente,SAL-5102,2230246
Real,2025-03-01,Salud,Clínica Poniente,SAL-5103,777349
Real,2025-03-01,Salud,Clínica Poniente,SAL-5104,950093
Real,2025-03-01,Salud,Clínica Poniente,SAL-5105,4517759
Real,2025-03-01,Salud,Clínica Poniente,SAL-5106,1660659
Real,2025-03-01,Salud,Clínica Poniente,SAL-6101,409270
Real,2025-03-01,Salud,Clínica Poniente,SAL-6102,390424
Real,2025-03-01,Salud,Clínica Poniente,SAL-6103,419172
Real,2025-03-01,Salud,Clínica Poniente,SAL-6104,196095
Real,2025-03-01,Salud,Clínica Poniente,SAL-6105,159970
Real,2025-03-01,Salud,Clínica Poniente,SAL-6106,906496
Real,2025-03-01,Salud,Clínica Poniente,SAL-6107,171058
Real,2025-03-01,Salud,Clínica Poniente,SAL-6108,253129
Real,2025-04-01,Salud,Clínica Centro,SAL-4101,7874771
Real,2025-04-01,Salud,Clínica Centro,SAL-4102,3374902
Real,2025-04-01,Salud,Clínica Centro,SAL-4103,1462612
Real,2025-04-01,Salud,Clínica Centro,SAL-4104,4387838
Real,2025-04-01,Salud,Clínica Centro,SAL-4105,3880291
Real,2025-04-01,Salud,Clínica Centro,SAL-4106,4742578
Real,2025-04-01,Salud,Clínica Centro,SAL-5101,941222
Real,2025-04-01,Salud,Clínica Centro,SAL-5102,3828190
Real,2025-04-01,Salud,Clínica Centro,SAL-5103,1385209
Real,2025-04-01,Salud,Clínica Centro,SAL-5104,1693034
Real,2025-04-01,Salud,Clínica Centro,SAL-5105,7654924
Real,2025-04-01,Salud,Clínica Centro,SAL-5106,2654999
Real,2025-04-01,Salud,Clínica Centro,SAL-6101,707766
Real,2025-04-01,Salud,Clínica Centro,SAL-6102,680422
Real,2025-04-01,Salud,Clínica Centro,SAL-6103,719767
Real,2025-04-01,Salud,Clínica Centro,SAL-6104,325445
Real,2025-04-01,Salud,Clínica Centro,SAL-6105,278335
Real,2025-04-01,Salud,Clínica Centro,SAL-6106,1577233
Real,2025-04-01,Salud,Clínica Centro,SAL-6107,296801
Real,2025-04-01,Salud,Clínica Centro,SAL-6108,441701
Real,2025-04-01,Salud,Clínica Oriente,SAL-4101,10160965
Real,2025-04-01,Salud,Clínica Oriente,SAL-4102,4354699
Real,2025-04-01,Salud,Clínica Oriente,SAL-4103,1903655
Real,2025-04-01,Salud,Clínica Oriente,SAL-4104,5710963
Real,2025-04-01,Salud,Clínica Oriente,SAL-4105,5001156
Real,2025-04-01,Salud,Clínica Oriente,SAL-4106,6112523
Real,2025-04-01,Salud,Clínica Oriente,SAL-5101,1205245
Real,2025-04-01,Salud,Clínica Oriente,SAL-5102,4863180
Real,2025-04-01,Salud,Clínica Oriente,SAL-5103,1759146
Real,2025-04-01,Salud,Clínica Oriente,SAL-5104,2150068
Real,2025-04-01,Salud,Clínica Oriente,SAL-5105,9746071
Real,2025-04-01,Salud,Clínica Oriente,SAL-5106,3317596
Real,2025-04-01,Salud,Clínica Oriente,SAL-6101,884594
Real,2025-04-01,Salud,Clínica Oriente,SAL-6102,866365
Real,2025-04-01,Salud,Clínica Oriente,SAL-6103,913157
Real,2025-04-01,Salud,Clínica Oriente,SAL-6104,402669
Real,2025-04-01,Salud,Clínica Oriente,SAL-6105,355792
Real,2025-04-01,Salud,Clínica Oriente,SAL-6106,2016154
Real,2025-04-01,Salud,Clínica Oriente,SAL-6107,379434
Real,2025-04-01,Salud,Clínica Oriente,SAL-6108,566817
Real,2025-04-01,Salud,Clínica Poniente,SAL-4101,4435716
Real,2025-04-01,Salud,Clínica Poniente,SAL-4102,1901021
Real,2025-04-01,Salud,Clínica Poniente,SAL-4103,794817
Real,2025-04-01,Salud,Clínica Poniente,SAL-4104,2384451
Real,2025-04-01,Salud,Clínica Poniente,SAL-4105,2195707
Real,2025-04-01,Salud,Clínica Poniente,SAL-4106,2683642
Real,2025-04-01,Salud,Clínica Poniente,SAL-5101,546507
Real,2025-04-01,Salud,Clínica Poniente,SAL-5102,2291530
Real,2025-04-01,Salud,Clínica Poniente,SAL-5103,830186
Real,2025-04-01,Salud,Clínica Poniente,SAL-5104,1014672
Real,2025-04-01,Salud,Clínica Poniente,SAL-5105,4544045
Real,2025-04-01,Salud,Clínica Poniente,SAL-5106,1686945
Real,2025-04-01,Salud,Clínica Poniente,SAL-6101,449360
Real,2025-04-01,Salud,Clínica Poniente,SAL-6102,403787
Real,2025-04-01,Salud,Clínica Poniente,SAL-6103,432984
Real,2025-04-01,Salud,Clínica Poniente,SAL-6104,213854
Real,2025-04-01,Salud,Clínica Poniente,SAL-6105,162707
Real,2025-04-01,Salud,Clínica Poniente,SAL-6106,922007
Real,2025-04-01,Salud,Clínica Poniente,SAL-6107,173435
Real,2025-04-01,Salud,Clínica Poniente,SAL-6108,254318
Real,2025-05-01,Salud,Clínica Centro,SAL-4101,7957217
Real,2025-05-01,Salud,Clínica Centro,SAL-4102,3410236
Real,2025-05-01,Salud,Clínica Centro,SAL-4103,1508285
Real,2025-05-01,Salud,Clínica Centro,SAL-4104,4524856
Real,2025-05-01,Salud,Clínica Centro,SAL-4105,3831986
Real,2025-05-01,Salud,Clínica Centro,SAL-4106,4683538
Real,2025-05-01,Salud,Clínica Centro,SAL-5101,941217
Real,2025-05-01,Salud,Clínica Centro,SAL-5102,3828124
Real,2025-05-01,Salud,Clínica Centro,SAL-5103,1390673
Real,2025-05-01,Salud,Clínica Centro,SAL-5104,1699712
Real,2025-05-01,Salud,Clínica Centro,SAL-5105,7539862
Real,2025-05-01,Salud,Clínica Centro,SAL-5106,2539937
Real,2025-05-01,Salud,Clínica Centro,SAL-6101,688361
Real,2025-05-01,Salud,Clínica Centro,SAL-6102,673954
Real,2025-05-01,Salud,Clínica Centro,SAL-6103,711763
Real,2025-05-01,Salud,Clínica Centro,SAL-6104,315154
Real,2025-05-01,Salud,Clínica Centro,SAL-6105,282905
Real,2025-05-01,Salud,Clínica Centro,SAL-6106,1603128
Real,2025-05-01,Salud,Clínica Centro,SAL-6107,300473
Real,2025-05-01,Salud,Clínica Centro,SAL-6108,443537
Real,2025-05-01,Salud,Clínica Oriente,SAL-4101,10215930
Real,2025-05-01,Salud,Clínica Oriente,SAL-4102,4378256
Real,2025-05-01,Salud,Clínica Oriente,SAL-4103,1934103
Real,2025-05-01,Salud,Clínica Oriente,SAL-4104,5802309
Real,2025-05-01,Salud,Clínica Oriente,SAL-4105,4968952
Real,2025-05-01,Salud,Clínica Oriente,SAL-4106,6073164
Real,2025-05-01,Salud,Clínica Oriente,SAL-5101,1205241
Real,2025-05-01,Salud,Clínica Oriente,SAL-5102,4863136
Real,2025-05-01,Salud,Clínica Oriente,SAL-5103,1762789
Real,2025-05-01,Salud,Clínica Oriente,SAL-5104,2154520
Real,2025-05-01,Salud,Clínica Oriente,SAL-5105,9669363
Real,2025-05-01,Salud,Clínica Oriente,SAL-5106,3240888
Real,2025-05-01,Salud,Clínica Oriente,SAL-6101,871658
Real,2025-05-01,Salud,Clínica Oriente,SAL-6102,862053
Real,2025-05-01,Salud,Clínica Oriente,SAL-6103,907820
Real,2025-05-01,Salud,Clínica Oriente,SAL-6104,395808
Real,2025-05-01,Salud,Clínica Oriente,SAL-6105,358839
Real,2025-05-01,Salud,Clínica Oriente,SAL-6106,2033417
Real,2025-05-01,Salud,Clínica Oriente,SAL-6107,381882
Real,2025-05-01,Salud,Clínica Oriente,SAL-6108,568041
Real,2025-05-01,Salud,Clínica Poniente,SAL-4101,4573128
Real,2025-05-01,Salud,Clínica Poniente,SAL-4102,1959912
Real,2025-05-01,Salud,Clínica Poniente,SAL-4103,870939
Real,2025-05-01,Salud,Clínica Poniente,SAL-4104,2612815
Real,2025-05-01,Salud,Clínica Poniente,SAL-4105,2115198
Real,2025-05-01,Salud,Clínica Poniente,SAL-4106,2585242
Real,2025-05-01,Salud,Clínica Poniente,SAL-5101,546499
Real,2025-05-01,Salud,Clínica Poniente,SAL-5102,2291420
Real,2025-05-01,Salud,Clínica Poniente,SAL-5103,839293
Real,2025-05-01,Salud,Clínica Poniente,SAL-5104,1025802
Real,2025-05-01,Salud,Clínica Poniente,SAL-5105,4352274
Real,2025-05-01,Salud,Clínica Poniente,SAL-5106,1495174
Real,2025-05-01,Salud,Clínica Poniente,SAL-6101,417019
Real,2025-05-01,Salud,Clínica Poniente,SAL-6102,393006
Real,2025-05-01,Salud,Clínica Poniente,SAL-6103,419643
Real,2025-05-01,Salud,Clínica Poniente,SAL-6104,196701
Real,2025-05-01,Salud,Clínica Poniente,SAL-6105,170323
Real,2025-05-01,Salud,Clínica Poniente,SAL-6106,965165
Real,2025-05-01,Salud,Clínica Poniente,SAL-6107,179555
Real,2025-05-01,Salud,Clínica Poniente,SAL-6108,257377
Real,2025-06-01,Salud,Clínica Centro,SAL-4101,8867045
Real,2025-06-01,Salud,Clínica Centro,SAL-4102,3800162
Real,2025-06-01,Salud,Clínica Centro,SAL-4103,1723326
Real,2025-06-01,Salud,Clínica Centro,SAL-4104,5169980
Real,2025-06-01,Salud,Clínica Centro,SAL-4105,4281118
Real,2025-06-01,Salud,Clínica Centro,SAL-4106,5232478
Real,2025-06-01,Salud,Clínica Centro,SAL-5101,1071098
Real,2025-06-01,Salud,Clínica Centro,SAL-5102,4490697
Real,2025-06-01,Salud,Clínica Centro,SAL-5103,1611385
Real,2025-06-01,Salud,Clínica Centro,SAL-5104,1969471
Real,2025-06-01,Salud,Clínica Centro,SAL-5105,8684883
Real,2025-06-01,Salud,Clínica Centro,SAL-5106,3084882
Real,2025-06-01,Salud,Clínica Centro,SAL-6101,766562
Real,2025-06-01,Salud,Clínica Centro,SAL-6102,753338
Real,2025-06-01,Salud,Clínica Centro,SAL-6103,797727
Real,2025-06-01,Salud,Clínica Centro,SAL-6104,353649
Real,2025-06-01,Salud,Clínica Centro,SAL-6105,317494
Real,2025-06-01,Salud,Clínica Centro,SAL-6106,1799136
Real,2025-06-01,Salud,Clínica Centro,SAL-6107,334128
Real,2025-06-01,Salud,Clínica Centro,SAL-6108,495644
Real,2025-06-01,Salud,Clínica Oriente,SAL-4101,11411858
Real,2025-06-01,Salud,Clínica Oriente,SAL-4102,4890797
Real,2025-06-01,Salud,Clínica Oriente,SAL-4103,2188884
Real,2025-06-01,Salud,Clínica Oriente,SAL-4104,6566653
Real,2025-06-01,Salud,Clínica Oriente,SAL-4105,5558047
Real,2025-06-01,Salud,Clínica Oriente,SAL-4106,6793169
Real,2025-06-01,Salud,Clínica Oriente,SAL-5101,1361162
Real,2025-06-01,Salud,Clínica Oriente,SAL-5102,5582185
Real,2025-06-01,Salud,Clínica Oriente,SAL-5103,2010257
Real,2025-06-01,Salud,Clínica Oriente,SAL-5104,2456980
Real,2025-06-01,Salud,Clínica Oriente,SAL-5105,10989922
Real,2025-06-01,Salud,Clínica Oriente,SAL-5106,3789922
Real,2025-06-01,Salud,Clínica Oriente,SAL-6101,973300
Real,2025-06-01,Salud,Clínica Oriente,SAL-6102,964483
Real,2025-06-01,Salud,Clínica Oriente,SAL-6103,1017151
Real,2025-06-01,Salud,Clínica Oriente,SAL-6104,443766
Real,2025-06-01,Salud,Clínica Oriente,SAL-6105,402341
Real,2025-06-01,Salud,Clínica Oriente,SAL-6106,2279931
Real,2025-06-01,Salud,Clínica Oriente,SAL-6107,426159
Real,2025-06-01,Salud,Clínica Oriente,SAL-6108,635539
Real,2025-06-01,Salud,Clínica Poniente,SAL-4101,5046763
Real,2025-06-01,Salud,Clínica Poniente,SAL-4102,2162899
Real,2025-06-01,Salud,Clínica Poniente,SAL-4103,1032211
Real,2025-06-01,Salud,Clínica Poniente,SAL-4104,3096633
Real,2025-06-01,Salud,Clínica Poniente,SAL-4105,2351255
Real,2025-06-01,Salud,Clínica Poniente,SAL-4106,2873757
Real,2025-06-01,Salud,Clínica Poniente,SAL-5101,640300
Real,2025-06-01,Salud,Clínica Poniente,SAL-5102,2905041
Real,2025-06-01,Salud,Clínica Poniente,SAL-5103,1029642
Real,2025-06-01,Salud,Clínica Poniente,SAL-5104,1258451
Real,2025-06-01,Salud,Clínica Poniente,SAL-5105,5274804
Real,2025-06-01,Salud,Clínica Poniente,SAL-5106,2074804
Real,2025-06-01,Salud,Clínica Poniente,SAL-6101,459762
Real,2025-06-01,Salud,Clínica Poniente,SAL-6102,437721
Real,2025-06-01,Salud,Clínica Poniente,SAL-6103,470879
Real,2025-06-01,Salud,Clínica Poniente,SAL-6104,221415
Real,2025-06-01,Salud,Clínica Poniente,SAL-6105,191805
Real,2025-06-01,Salud,Clínica Poniente,SAL-6106,1086896
Real,2025-06-01,Salud,Clínica Poniente,SAL-6107,197007
Real,2025-06-01,Salud,Clínica Poniente,SAL-6108,286264
Real,2025-07-01,Salud,Clínica Centro,SAL-4101,8807338
Real,2025-07-01,Salud,Clínica Centro,SAL-4102,3774573
Real,2025-07-01,Salud,Clínica Centro,SAL-4103,1714052
Real,2025-07-01,Salud,Clínica Centro,SAL-4104,5142154
Real,2025-07-01,Salud,Clínica Centro,SAL-4105,4395529
Real,2025-07-01,Salud,Clínica Centro,SAL-4106,5372314
Real,2025-07-01,Salud,Clínica Centro,SAL-5101,1076292
Real,2025-07-01,Salud,Clínica Centro,SAL-5102,4553020
Real,2025-07-01,Salud,Clínica Centro,SAL-5103,1638784
Real,2025-07-01,Salud,Clínica Centro,SAL-5104,2002959
Real,2025-07-01,Salud,Clínica Centro,SAL-5105,8815719
Real,2025-07-01,Salud,Clínica Centro,SAL-5106,3215719
Real,2025-07-01,Salud,Clínica Centro,SAL-6101,769591
Real,2025-07-01,Salud,Clínica Centro,SAL-6102,754347
Real,2025-07-01,Salud,Clínica Centro,SAL-6103,795575
Real,2025-07-01,Salud,Clínica Centro,SAL-6104,350882
Real,2025-07-01,Salud,Clínica Centro,SAL-6105,312002
Real,2025-07-01,Salud,Clínica Centro,SAL-6106,1768017
Real,2025-07-01,Salud,Clínica Centro,SAL-6107,332323
Real,2025-07-01,Salud,Clínica Centro,SAL-6108,494742
Real,2025-07-01,Salud,Clínica Oriente,SAL-4101,11372054
Real,2025-07-01,Salud,Clínica Oriente,SAL-4102,4873737
Real,2025-07-01,Salud,Clínica Oriente,SAL-4103,2182701
Real,2025-07-01,Salud,Clínica Oriente,SAL-4104,6548103
Real,2025-07-01,Salud,Clínica Oriente,SAL-4105,5634321
Real,2025-07-01,Salud,Clínica Oriente,SAL-4106,6886393
Real,2025-07-01,Salud,Clínica Oriente,SAL-5101,1364625
Real,2025-07-01,Salud,Clínica Oriente,SAL-5102,5623733
Real,2025-07-01,Salud,Clínica Oriente,SAL-5103,2028523
Real,2025-07-01,Salud,Clínica Oriente,SAL-5104,2479306
Real,2025-07-01,Salud,Clínica Oriente,SAL-5105,11077146
Real,2025-07-01,Salud,Clínica Oriente,SAL-5106,3877146
Real,2025-07-01,Salud,Clínica Oriente,SAL-6101,975319
Real,2025-07-01,Salud,Clínica Oriente,SAL-6102,965156
Real,2025-07-01,Salud,Clínica Oriente,SAL-6103,1015717
Real,2025-07-01,Salud,Clínica Oriente,SAL-6104,441921
Real,2025-07-01,Salud,Clínica Oriente,SAL-6105,398680
Real,2025-07-01,Salud,Clínica Oriente,SAL-6106,2259184
Real,2025-07-01,Salud,Clínica Oriente,SAL-6107,424955
Real,2025-07-01,Salud,Clínica Oriente,SAL-6108,634938
Real,2025-07-01,Salud,Clínica Poniente,SAL-4101,4947252
Real,2025-07-01,Salud,Clínica Poniente,SAL-4102,2120251
Real,2025-07-01,Salud,Clínica Poniente,SAL-4103,1016752
Real,2025-07-01,Salud,Clínica Poniente,SAL-4104,3050257
Real,2025-07-01,Salud,Clínica Poniente,SAL-4105,2541940
Real,2025-07-01,Salud,Clínica Poniente,SAL-4106,3106816
Real,2025-07-01,Salud,Clínica Poniente,SAL-5101,648956
Real,2025-07-01,Salud,Clínica Poniente,SAL-5102,3008913
Real,2025-07-01,Salud,Clínica Poniente,SAL-5103,1075308
Real,2025-07-01,Salud,Clínica Poniente,SAL-5104,1314265
Real,2025-07-01,Salud,Clínica Poniente,SAL-5105,5492864
Real,2025-07-01,Salud,Clínica Poniente,SAL-5106,2292864
Real,2025-07-01,Salud,Clínica Poniente,SAL-6101,464810
Real,2025-07-01,Salud,Clínica Poniente,SAL-6102,439403
Real,2025-07-01,Salud,Clínica Poniente,SAL-6103,467291
Real,2025-07-01,Salud,Clínica Poniente,SAL-6104,216803
Real,2025-07-01,Salud,Clínica Poniente,SAL-6105,182653
Real,2025-07-01,Salud,Clínica Poniente,SAL-6106,1035031
Real,2025-07-01,Salud,Clínica Poniente,SAL-6107,193998
Real,2025-07-01,Salud,Clínica Poniente,SAL-6108,284759
Real,2025-08-01,Salud,Clínica Centro,SAL-4101,8765374
Real,2025-08-01,Salud,Clínica Centro,SAL-4102,3756589
Real,2025-08-01,Salud,Clínica Centro,SAL-4103,1691673
Real,2025-08-01,Salud,Clínica Centro,SAL-4104,5075018
Real,2025-08-01,Salud,Clínica Centro,SAL-4105,4305593
Real,2025-08-01,Salud,Clínica Centro,SAL-4106,5262392
Real,2025-08-01,Salud,Clínica Centro,SAL-5101,1069411
Real,2025-08-01,Salud,Clínica Centro,SAL-5102,4470455
Real,2025-08-01,Salud,Clínica Centro,SAL-5103,1607485
Real,2025-08-01,Salud,Clínica Centro,SAL-5104,1964703
Real,2025-08-01,Salud,Clínica Centro,SAL-5105,8839425
Real,2025-08-01,Salud,Clínica Centro,SAL-5106,3239425
Real,2025-08-01,Salud,Clínica Centro,SAL-6101,771106
Real,2025-08-01,Salud,Clínica Centro,SAL-6102,754852
Real,2025-08-01,Salud,Clínica Centro,SAL-6103,789923
Real,2025-08-01,Salud,Clínica Centro,SAL-6104,343615
Real,2025-08-01,Salud,Clínica Centro,SAL-6105,314073
Real,2025-08-01,Salud,Clínica Centro,SAL-6106,1779747
Real,2025-08-01,Salud,Clínica Centro,SAL-6107,349203
Real,2025-08-01,Salud,Clínica Centro,SAL-6108,503181
Real,2025-08-01,Salud,Clínica Oriente,SAL-4101,11344078
Real,2025-08-01,Salud,Clínica Oriente,SAL-4102,4861748
Real,2025-08-01,Salud,Clínica Oriente,SAL-4103,2167782
Real,2025-08-01,Salud,Clínica Oriente,SAL-4104,6503346
Real,2025-08-01,Salud,Clínica Oriente,SAL-4105,5574364
Real,2025-08-01,Salud,Clínica Oriente,SAL-4106,6813111
Real,2025-08-01,Salud,Clínica Oriente,SAL-5101,1360038
Real,2025-08-01,Salud,Clínica Oriente,SAL-5102,5568690
Real,2025-08-01,Salud,Clínica Oriente,SAL-5103,2007656
Real,2025-08-01,Salud,Clínica Oriente,SAL-5104,2453802
Real,2025-08-01,Salud,Clínica Oriente,SAL-5105,11092950
Real,2025-08-01,Salud,Clínica Oriente,SAL-5106,3892950
Real,2025-08-01,Salud,Clínica Oriente,SAL-6101,976329
Real,2025-08-01,Salud,Clínica Oriente,SAL-6102,965493
Real,2025-08-01,Salud,Clínica Oriente,SAL-6103,1011949
Real,2025-08-01,Salud,Clínica Oriente,SAL-6104,437077
Real,2025-08-01,Salud,Clínica Oriente,SAL-6105,400060
Real,2025-08-01,Salud,Clínica Oriente,SAL-6106,2267005
Real,2025-08-01,Salud,Clínica Oriente,SAL-6107,436209
Real,2025-08-01,Salud,Clínica Oriente,SAL-6108,640564
Real,2025-08-01,Salud,Clínica Poniente,SAL-4101,4877312
Real,2025-08-01,Salud,Clínica Poniente,SAL-4102,2090276
Real,2025-08-01,Salud,Clínica Poniente,SAL-4103,979455
Real,2025-08-01,Salud,Clínica Poniente,SAL-4104,2938364
Real,2025-08-01,Salud,Clínica Poniente,SAL-4105,2392047
Real,2025-08-01,Salud,Clínica Poniente,SAL-4106,2923613
Real,2025-08-01,Salud,Clínica Poniente,SAL-5101,637489
Real,2025-08-01,Salud,Clínica Poniente,SAL-5102,2871305
Real,2025-08-01,Salud,Clínica Poniente,SAL-5103,1023141
Real,2025-08-01,Salud,Clínica Poniente,SAL-5104,1250506
Real,2025-08-01,Salud,Clínica Poniente,SAL-5105,5532376
Real,2025-08-01,Salud,Clínica Poniente,SAL-5106,2332376
Real,2025-08-01,Salud,Clínica Poniente,SAL-6101,467336
Real,2025-08-01,Salud,Clínica Poniente,SAL-6102,440245
Real,2025-08-01,Salud,Clínica Poniente,SAL-6103,457871
Real,2025-08-01,Salud,Clínica Poniente,SAL-6104,204692
Real,2025-08-01,Salud,Clínica Poniente,SAL-6105,186103
Real,2025-08-01,Salud,Clínica Poniente,SAL-6106,1054583
Real,2025-08-01,Salud,Clínica Poniente,SAL-6107,222131
Real,2025-08-01,Salud,Clínica Poniente,SAL-6108,298826
Real,2025-09-01,Salud,Clínica Centro,SAL-4101,7866584
Real,2025-09-01,Salud,Clínica Centro,SAL-4102,3371393
Real,2025-09-01,Salud,Clínica Centro,SAL-4103,1491329
Real,2025-09-01,Salud,Clínica Centro,SAL-4104,4473987
Real,2025-09-01,Salud,Clínica Centro,SAL-4105,3887339
Real,2025-09-01,Salud,Clínica Centro,SAL-4106,4751192
Real,2025-09-01,Salud,Clínica Centro,SAL-5101,933391
Real,2025-09-01,Salud,Clínica Centro,SAL-5102,3734209
Real,2025-09-01,Salud,Clínica Centro,SAL-5103,1359224
Real,2025-09-01,Salud,Clínica Centro,SAL-5104,1661275
Real,2025-09-01,Salud,Clínica Centro,SAL-5105,7614648
Real,2025-09-01,Salud,Clínica Centro,SAL-5106,2614722
Real,2025-09-01,Salud,Clínica Centro,SAL-6101,687228
Real,2025-09-01,Salud,Clínica Centro,SAL-6102,673576
Real,2025-09-01,Salud,Clínica Centro,SAL-6103,710490
Real,2025-09-01,Salud,Clínica Centro,SAL-6104,313516
Real,2025-09-01,Salud,Clínica Centro,SAL-6105,275988
Real,2025-09-01,Salud,Clínica Centro,SAL-6106,1563929
Real,2025-09-01,Salud,Clínica Centro,SAL-6107,300997
Real,2025-09-01,Salud,Clínica Centro,SAL-6108,443798
Real,2025-09-01,Salud,Clínica Oriente,SAL-4101,10155508
Real,2025-09-01,Salud,Clínica Oriente,SAL-4102,4352361
Real,2025-09-01,Salud,Clínica Oriente,SAL-4103,1922799
Real,2025-09-01,Salud,Clínica Oriente,SAL-4104,5768396
Real,2025-09-01,Salud,Clínica Oriente,SAL-4105,5005854
Real,2025-09-01,Salud,Clínica Oriente,SAL-4106,6118267
Real,2025-09-01,Salud,Clínica Oriente,SAL-5101,1200024
Real,2025-09-01,Salud,Clínica Oriente,SAL-5102,4800526
Real,2025-09-01,Salud,Clínica Oriente,SAL-5103,1741823
Real,2025-09-01,Salud,Clínica Oriente,SAL-5104,2128895
Real,2025-09-01,Salud,Clínica Oriente,SAL-5105,9719220
Real,2025-09-01,Salud,Clínica Oriente,SAL-5106,3290745
Real,2025-09-01,Salud,Clínica Oriente,SAL-6101,870902
Real,2025-09-01,Salud,Clínica Oriente,SAL-6102,861801
Real,2025-09-01,Salud,Clínica Oriente,SAL-6103,906971
Real,2025-09-01,Salud,Clínica Oriente,SAL-6104,394716
Real,2025-09-01,Salud,Clínica Oriente,SAL-6105,354227
Real,2025-09-01,Salud,Clínica Oriente,SAL-6106,2007284
Real,2025-09-01,Salud,Clínica Oriente,SAL-6107,382231
Real,2025-09-01,Salud,Clínica Oriente,SAL-6108,568215
Real,2025-09-01,Salud,Clínica Poniente,SAL-4101,4422072
Real,2025-09-01,Salud,Clínica Poniente,SAL-4102,1895174
Real,2025-09-01,Salud,Clínica Poniente,SAL-4103,842678
Real,2025-09-01,Salud,Clínica Poniente,SAL-4104,2528034
Real,2025-09-01,Salud,Clínica Poniente,SAL-4105,2207453
Real,2025-09-01,Salud,Clínica Poniente,SAL-4106,2697999
Real,2025-09-01,Salud,Clínica Poniente,SAL-5101,533455
Real,2025-09-01,Salud,Clínica Poniente,SAL-5102,2134895
Real,2025-09-01,Salud,Clínica Poniente,SAL-5103,786878
Real,2025-09-01,Salud,Clínica Poniente,SAL-5104,961739
Real,2025-09-01,Salud,Clínica Poniente,SAL-5105,4476918
Real,2025-09-01,Salud,Clínica Poniente,SAL-5106,1619818
Real,2025-09-01,Salud,Clínica Poniente,SAL-6101,415129
Real,2025-09-01,Salud,Clínica Poniente,SAL-6102,392376
Real,2025-09-01,Salud,Clínica Poniente,SAL-6103,417521
Real,2025-09-01,Salud,Clínica Poniente,SAL-6104,193972
Real,2025-09-01,Salud,Clínica Poniente,SAL-6105,158794
Real,2025-09-01,Salud,Clínica Poniente,SAL-6106,899833
Real,2025-09-01,Salud,Clínica Poniente,SAL-6107,180428
Real,2025-09-01,Salud,Clínica Poniente,SAL-6108,257814
Real,2025-10-01,Salud,Clínica Centro,SAL-4101,8069034
Real,2025-10-01,Salud,Clínica Centro,SAL-4102,3458157
Real,2025-10-01,Salud,Clínica Centro,SAL-4103,1471154
Real,2025-10-01,Salud,Clínica Centro,SAL-4104,4413463
Real,2025-10-01,Salud,Clínica Centro,SAL-4105,3793514
Real,2025-10-01,Salud,Clínica Centro,SAL-4106,4636517
Real,2025-10-01,Salud,Clínica Centro,SAL-5101,947940
Real,2025-10-01,Salud,Clínica Centro,SAL-5102,3908795
Real,2025-10-01,Salud,Clínica Centro,SAL-5103,1345755
Real,2025-10-01,Salud,Clínica Centro,SAL-5104,1644812
Real,2025-10-01,Salud,Clínica Centro,SAL-5105,7497243
Real,2025-10-01,Salud,Clínica Centro,SAL-5106,2497318
Real,2025-10-01,Salud,Clínica Centro,SAL-6101,698192
Real,2025-10-01,Salud,Clínica Centro,SAL-6102,677231
Real,2025-10-01,Salud,Clínica Centro,SAL-6103,715467
Real,2025-10-01,Salud,Clínica Centro,SAL-6104,319916
Real,2025-10-01,Salud,Clínica Centro,SAL-6105,275456
Real,2025-10-01,Salud,Clínica Centro,SAL-6106,1560919
Real,2025-10-01,Salud,Clínica Centro,SAL-6107,310896
Real,2025-10-01,Salud,Clínica Centro,SAL-6108,448748
Real,2025-10-01,Salud,Clínica Oriente,SAL-4101,10290474
Real,2025-10-01,Salud,Clínica Oriente,SAL-4102,4410203
Real,2025-10-01,Salud,Clínica Oriente,SAL-4103,1909349
Real,2025-10-01,Salud,Clínica Oriente,SAL-4104,5728047
Real,2025-10-01,Salud,Clínica Oriente,SAL-4105,4943304
Real,2025-10-01,Salud,Clínica Oriente,SAL-4106,6041817
Real,2025-10-01,Salud,Clínica Oriente,SAL-5101,1209723
Real,2025-10-01,Salud,Clínica Oriente,SAL-5102,4916916
Real,2025-10-01,Salud,Clínica Oriente,SAL-5103,1732843
Real,2025-10-01,Salud,Clínica Oriente,SAL-5104,2117920
Real,2025-10-01,Salud,Clínica Oriente,SAL-5105,9640950
Real,2025-10-01,Salud,Clínica Oriente,SAL-5106,3212476
Real,2025-10-01,Salud,Clínica Oriente,SAL-6101,878211
Real,2025-10-01,Salud,Clínica Oriente,SAL-6102,864237
Real,2025-10-01,Salud,Clínica Oriente,SAL-6103,910290
Real,2025-10-01,Salud,Clínica Oriente,SAL-6104,398982
Real,2025-10-01,Salud,Clínica Oriente,SAL-6105,353873
Real,2025-10-01,Salud,Clínica Oriente,SAL-6106,2005278
Real,2025-10-01,Salud,Clínica Oriente,SAL-6107,388831
Real,2025-10-01,Salud,Clínica Oriente,SAL-6108,571515
Real,2025-10-01,Salud,Clínica Poniente,SAL-4101,4759488
Real,2025-10-01,Salud,Clínica Poniente,SAL-4102,2039780
Real,2025-10-01,Salud,Clínica Poniente,SAL-4103,809053
Real,2025-10-01,Salud,Clínica Poniente,SAL-4104,2427160
Real,2025-10-01,Salud,Clínica Poniente,SAL-4105,2051078
Real,2025-10-01,Salud,Clínica Poniente,SAL-4106,2506873
Real,2025-10-01,Salud,Clínica Poniente,SAL-5101,557703
Real,2025-10-01,Salud,Clínica Poniente,SAL-5102,2425871
Real,2025-10-01,Salud,Clínica Poniente,SAL-5103,764429
Real,2025-10-01,Salud,Clínica Poniente,SAL-5104,934302
Real,2025-10-01,Salud,Clínica Poniente,SAL-5105,4281243
Real,2025-10-01,Salud,Clínica Poniente,SAL-5106,1424143
Real,2025-10-01,Salud,Clínica Poniente,SAL-6101,433404
Real,2025-10-01,Salud,Clínica Poniente,SAL-6102,398468
Real,2025-10-01,Salud,Clínica Poniente,SAL-6103,425816
Real,2025-10-01,Salud,Clínica Poniente,SAL-6104,204638
Real,2025-10-01,Salud,Clínica Poniente,SAL-6105,157909
Real,2025-10-01,Salud,Clínica Poniente,SAL-6106,894817
Real,2025-10-01,Salud,Clínica Poniente,SAL-6107,196927
Real,2025-10-01,Salud,Clínica Poniente,SAL-6108,266063
Real,2025-11-01,Salud,Clínica Centro,SAL-4101,7964139
Real,2025-11-01,Salud,Clínica Centro,SAL-4102,3413202
Real,2025-11-01,Salud,Clínica Centro,SAL-4103,1459252
Real,2025-11-01,Salud,Clínica Centro,SAL-4104,4377759
Real,2025-11-01,Salud,Clínica Centro,SAL-4105,3808940
Real,2025-11-01,Salud,Clínica Centro,SAL-4106,4655371
Real,2025-11-01,Salud,Clínica Centro,SAL-5101,933085
Real,2025-11-01,Salud,Clínica Centro,SAL-5102,3730537
Real,2025-11-01,Salud,Clínica Centro,SAL-5103,1402887
Real,2025-11-01,Salud,Clínica Centro,SAL-5104,1714640
Real,2025-11-01,Salud,Clínica Centro,SAL-5105,7573928
Real,2025-11-01,Salud,Clínica Centro,SAL-5106,2574003
Real,2025-11-01,Salud,Clínica Centro,SAL-6101,688594
Real,2025-11-01,Salud,Clínica Centro,SAL-6102,674031
Real,2025-11-01,Salud,Clínica Centro,SAL-6103,704587
Real,2025-11-01,Salud,Clínica Centro,SAL-6104,305928
Real,2025-11-01,Salud,Clínica Centro,SAL-6105,274256
Real,2025-11-01,Salud,Clínica Centro,SAL-6106,1554118
Real,2025-11-01,Salud,Clínica Centro,SAL-6107,307318
Real,2025-11-01,Salud,Clínica Centro,SAL-6108,446959
Real,2025-11-01,Salud,Clínica Oriente,SAL-4101,10220544
Real,2025-11-01,Salud,Clínica Oriente,SAL-4102,4380233
Real,2025-11-01,Salud,Clínica Oriente,SAL-4103,1901415
Real,2025-11-01,Salud,Clínica Oriente,SAL-4104,5704244
Real,2025-11-01,Salud,Clínica Oriente,SAL-4105,4953588
Real,2025-11-01,Salud,Clínica Oriente,SAL-4106,6054386
Real,2025-11-01,Salud,Clínica Oriente,SAL-5101,1199820
Real,2025-11-01,Salud,Clínica Oriente,SAL-5102,4798078
Real,2025-11-01,Salud,Clínica Oriente,SAL-5103,1770931
Real,2025-11-01,Salud,Clínica Oriente,SAL-5104,2164472
Real,2025-11-01,Salud,Clínica Oriente,SAL-5105,9692074
Real,2025-11-01,Salud,Clínica Oriente,SAL-5106,3263598
Real,2025-11-01,Salud,Clínica Oriente,SAL-6101,871813
Real,2025-11-01,Salud,Clínica Oriente,SAL-6102,862104
Real,2025-11-01,Salud,Clínica Oriente,SAL-6103,903036
Real,2025-11-01,Salud,Clínica Oriente,SAL-6104,389657
Real,2025-11-01,Salud,Clínica Oriente,SAL-6105,353072
Real,2025-11-01,Salud,Clínica Oriente,SAL-6106,2000744
Real,2025-11-01,Salud,Clínica Oriente,SAL-6107,386445
Real,2025-11-01,Salud,Clínica Oriente,SAL-6108,570323
Real,2025-11-01,Salud,Clínica Poniente,SAL-4101,4584663
Real,2025-11-01,Salud,Clínica Poniente,SAL-4102,1964855
Real,2025-11-01,Salud,Clínica Poniente,SAL-4103,789218
Real,2025-11-01,Salud,Clínica Poniente,SAL-4104,2367653
Real,2025-11-01,Salud,Clínica Poniente,SAL-4105,2076788
Real,2025-11-01,Salud,Clínica Poniente,SAL-4106,2538296
Real,2025-11-01,Salud,Clínica Poniente,SAL-5101,532944
Real,2025-11-01,Salud,Clínica Poniente,SAL-5102,2128774
Real,2025-11-01,Salud,Clínica Poniente,SAL-5103,859649
Real,2025-11-01,Salud,Clínica Poniente,SAL-5104,1050682
Real,2025-11-01,Salud,Clínica Poniente,SAL-5105,4409051
Real,2025-11-01,Salud,Clínica Poniente,SAL-5106,1551951
Real,2025-11-01,Salud,Clínica Poniente,SAL-6101,417407
Real,2025-11-01,Salud,Clínica Poniente,SAL-6102,393136
Real,2025-11-01,Salud,Clínica Poniente,SAL-6103,407684
Real,2025-11-01,Salud,Clínica Poniente,SAL-6104,181324
Real,2025-11-01,Salud,Clínica Poniente,SAL-6105,155908
Real,2025-11-01,Salud,Clínica Poniente,SAL-6106,883481
Real,2025-11-01,Salud,Clínica Poniente,SAL-6107,190963
Real,2025-11-01,Salud,Clínica Poniente,SAL-6108,263082
Real,2025-12-01,Salud,Clínica Centro,SAL-4101,7830597
Real,2025-12-01,Salud,Clínica Centro,SAL-4102,3355970
Real,2025-12-01,Salud,Clínica Centro,SAL-4103,1494596
Real,2025-12-01,Salud,Clínica Centro,SAL-4104,4483789
Real,2025-12-01,Salud,Clínica Centro,SAL-4105,3850047
Real,2025-12-01,Salud,Clínica Centro,SAL-4106,4705613
Real,2025-12-01,Salud,Clínica Centro,SAL-5101,937609
Real,2025-12-01,Salud,Clínica Centro,SAL-5102,3784825
Real,2025-12-01,Salud,Clínica Centro,SAL-5103,1393245
Real,2025-12-01,Salud,Clínica Centro,SAL-5104,1702855
Real,2025-12-01,Salud,Clínica Centro,SAL-5105,7619133
Real,2025-12-01,Salud,Clínica Centro,SAL-5106,2619208
Real,2025-12-01,Salud,Clínica Centro,SAL-6101,692780
Real,2025-12-01,Salud,Clínica Centro,SAL-6102,675426
Real,2025-12-01,Salud,Clínica Centro,SAL-6103,693433
Real,2025-12-01,Salud,Clínica Centro,SAL-6104,291587
Real,2025-12-01,Salud,Clínica Centro,SAL-6105,273771
Real,2025-12-01,Salud,Clínica Centro,SAL-6106,1551369
Real,2025-12-01,Salud,Clínica Centro,SAL-6107,299554
Real,2025-12-01,Salud,Clínica Centro,SAL-6108,443077
Real,2025-12-01,Salud,Clínica Oriente,SAL-4101,10131516
Real,2025-12-01,Salud,Clínica Oriente,SAL-4102,4342079
Real,2025-12-01,Salud,Clínica Oriente,SAL-4103,1924977
Real,2025-12-01,Salud,Clínica Oriente,SAL-4104,5774931
Real,2025-12-01,Salud,Clínica Oriente,SAL-4105,4980993
Real,2025-12-01,Salud,Clínica Oriente,SAL-4106,6087881
Real,2025-12-01,Salud,Clínica Oriente,SAL-5101,1202836
Real,2025-12-01,Salud,Clínica Oriente,SAL-5102,4834270
Real,2025-12-01,Salud,Clínica Oriente,SAL-5103,1764503
Real,2025-12-01,Salud,Clínica Oriente,SAL-5104,2156615
Real,2025-12-01,Salud,Clínica Oriente,SAL-5105,9722210
Real,2025-12-01,Salud,Clínica Oriente,SAL-5106,3293735
Real,2025-12-01,Salud,Clínica Oriente,SAL-6101,874603
Real,2025-12-01,Salud,Clínica Oriente,SAL-6102,863034
Real,2025-12-01,Salud,Clínica Oriente,SAL-6103,895601
Real,2025-12-01,Salud,Clínica Oriente,SAL-6104,380096
Real,2025-12-01,Salud,Clínica Oriente,SAL-6105,352749
Real,2025-12-01,Salud,Clínica Oriente,SAL-6106,1998911
Real,2025-12-01,Salud,Clínica Oriente,SAL-6107,381269
Real,2025-12-01,Salud,Clínica Oriente,SAL-6108,567734
Real,2025-12-01,Salud,Clínica Poniente,SAL-4101,4362094
Real,2025-12-01,Salud,Clínica Poniente,SAL-4102,1869469
Real,2025-12-01,Salud,Clínica Poniente,SAL-4103,848123
Real,2025-12-01,Salud,Clínica Poniente,SAL-4104,2544369
Real,2025-12-01,Salud,Clínica Poniente,SAL-4105,2145300
Real,2025-12-01,Salud,Clínica Poniente,SAL-4106,2622034
Real,2025-12-01,Salud,Clínica Poniente,SAL-5101,540484
Real,2025-12-01,Salud,Clínica Poniente,SAL-5102,2219254
Real,2025-12-01,Salud,Clínica Poniente,SAL-5103,843578
Real,2025-12-01,Salud,Clínica Poniente,SAL-5104,1031039
Real,2025-12-01,Salud,Clínica Poniente,SAL-5105,4484394
Real,2025-12-01,Salud,Clínica Poniente,SAL-5106,1627294
Real,2025-12-01,Salud,Clínica Poniente,SAL-6101,424383
Real,2025-12-01,Salud,Clínica Poniente,SAL-6102,395461
Real,2025-12-01,Salud,Clínica Poniente,SAL-6103,389094
Real,2025-12-01,Salud,Clínica Poniente,SAL-6104,157423
Real,2025-12-01,Salud,Clínica Poniente,SAL-6105,155100
Real,2025-12-01,Salud,Clínica Poniente,SAL-6106,878900
Real,2025-12-01,Salud,Clínica Poniente,SAL-6107,178023
Real,2025-12-01,Salud,Clínica Poniente,SAL-6108,256611
Real,2026-01-01,Salud,Clínica Centro,SAL-4101,8291422
Real,2026-01-01,Salud,Clínica Centro,SAL-4102,3553467
Real,2026-01-01,Salud,Clínica Centro,SAL-4103,1533834
Real,2026-01-01,Salud,Clínica Centro,SAL-4104,4601501
Real,2026-01-01,Salud,Clínica Centro,SAL-4105,4065210
Real,2026-01-01,Salud,Clínica Centro,SAL-4106,4968590
Real,2026-01-01,Salud,Clínica Centro,SAL-5101,992930
Real,2026-01-01,Salud,Clínica Centro,SAL-5102,4075160
Real,2026-01-01,Salud,Clínica Centro,SAL-5103,1496684
Real,2026-01-01,Salud,Clínica Centro,SAL-5104,1829281
Real,2026-01-01,Salud,Clínica Centro,SAL-5105,8127589
Real,2026-01-01,Salud,Clínica Centro,SAL-5106,2877589
Real,2026-01-01,Salud,Clínica Centro,SAL-6101,709233
Real,2026-01-01,Salud,Clínica Centro,SAL-6102,703078
Real,2026-01-01,Salud,Clínica Centro,SAL-6103,744787
Real,2026-01-01,Salud,Clínica Centro,SAL-6104,327583
Real,2026-01-01,Salud,Clínica Centro,SAL-6105,293258
Real,2026-01-01,Salud,Clínica Centro,SAL-6106,1661798
Real,2026-01-01,Salud,Clínica Centro,SAL-6107,316293
Real,2026-01-01,Salud,Clínica Centro,SAL-6108,466146
Real,2026-01-01,Salud,Clínica Oriente,SAL-4101,10684282
Real,2026-01-01,Salud,Clínica Oriente,SAL-4102,4578978
Real,2026-01-01,Salud,Clínica Oriente,SAL-4103,1997556
Real,2026-01-01,Salud,Clínica Oriente,SAL-4104,5992668
Real,2026-01-01,Salud,Clínica Oriente,SAL-4105,5245140
Real,2026-01-01,Salud,Clínica Oriente,SAL-4106,6410727
Real,2026-01-01,Salud,Clínica Oriente,SAL-5101,1268620
Real,2026-01-01,Salud,Clínica Oriente,SAL-5102,5143440
Real,2026-01-01,Salud,Clínica Oriente,SAL-5103,1875289
Real,2026-01-01,Salud,Clínica Oriente,SAL-5104,2292021
Real,2026-01-01,Salud,Clínica Oriente,SAL-5105,10293393
Real,2026-01-01,Salud,Clínica Oriente,SAL-5106,3543393
Real,2026-01-01,Salud,Clínica Oriente,SAL-6101,906155
Real,2026-01-01,Salud,Clínica Oriente,SAL-6102,902052
Real,2026-01-01,Salud,Clínica Oriente,SAL-6103,951525
Real,2026-01-01,Salud,Clínica Oriente,SAL-6104,413389
Real,2026-01-01,Salud,Clínica Oriente,SAL-6105,374256
Real,2026-01-01,Salud,Clínica Oriente,SAL-6106,2120782
Real,2026-01-01,Salud,Clínica Oriente,SAL-6107,401529
Real,2026-01-01,Salud,Clínica Oriente,SAL-6108,596764
Real,2026-01-01,Salud,Clínica Poniente,SAL-4101,4695704
Real,2026-01-01,Salud,Clínica Poniente,SAL-4102,2012445
Real,2026-01-01,Salud,Clínica Poniente,SAL-4103,831390
Real,2026-01-01,Salud,Clínica Poniente,SAL-4104,2494169
Real,2026-01-01,Salud,Clínica Poniente,SAL-4105,2290350
Real,2026-01-01,Salud,Clínica Poniente,SAL-4106,2799316
Real,2026-01-01,Salud,Clínica Poniente,SAL-5101,581550
Real,2026-01-01,Salud,Clínica Poniente,SAL-5102,2498601
Real,2026-01-01,Salud,Clínica Poniente,SAL-5103,941974
Real,2026-01-01,Salud,Clínica Poniente,SAL-5104,1151301
Real,2026-01-01,Salud,Clínica Poniente,SAL-5105,4920981
Real,2026-01-01,Salud,Clínica Poniente,SAL-5106,1920981
Real,2026-01-01,Salud,Clínica Poniente,SAL-6101,415388
Real,2026-01-01,Salud,Clínica Poniente,SAL-6102,405130
Real,2026-01-01,Salud,Clínica Poniente,SAL-6103,436312
Real,2026-01-01,Salud,Clínica Poniente,SAL-6104,200973
Real,2026-01-01,Salud,Clínica Poniente,SAL-6105,172514
Real,2026-01-01,Salud,Clínica Poniente,SAL-6106,977579
Real,2026-01-01,Salud,Clínica Poniente,SAL-6107,189821
Real,2026-01-01,Salud,Clínica Poniente,SAL-6108,270911
Real,2026-02-01,Salud,Clínica Centro,SAL-4101,6538391
Real,2026-02-01,Salud,Clínica Centro,SAL-4102,2802168
Real,2026-02-01,Salud,Clínica Centro,SAL-4103,1229760
Real,2026-02-01,Salud,Clínica Centro,SAL-4104,3689279
Real,2026-02-01,Salud,Clínica Centro,SAL-4105,3128088
Real,2026-02-01,Salud,Clínica Centro,SAL-4106,3823219
Real,2026-02-01,Salud,Clínica Centro,SAL-5101,845980
Real,2026-02-01,Salud,Clínica Centro,SAL-5102,3487760
Real,2026-02-01,Salud,Clínica Centro,SAL-5103,1250267
Real,2026-02-01,Salud,Clínica Centro,SAL-5104,1528104
Real,2026-02-01,Salud,Clínica Centro,SAL-5105,6804209
Real,2026-02-01,Salud,Clínica Centro,SAL-5106,2341708
Real,2026-02-01,Salud,Clínica Centro,SAL-6101,601119
Real,2026-02-01,Salud,Clínica Centro,SAL-6102,597040
Real,2026-02-01,Salud,Clínica Centro,SAL-6103,640734
Real,2026-02-01,Salud,Clínica Centro,SAL-6104,288300
Real,2026-02-01,Salud,Clínica Centro,SAL-6105,246877
Real,2026-02-01,Salud,Clínica Centro,SAL-6106,1398973
Real,2026-02-01,Salud,Clínica Centro,SAL-6107,260763
Real,2026-02-01,Salud,Clínica Centro,SAL-6108,392181
Real,2026-02-01,Salud,Clínica Oriente,SAL-4101,8742094
Real,2026-02-01,Salud,Clínica Oriente,SAL-4102,3746612
Real,2026-02-01,Salud,Clínica Oriente,SAL-4103,1648590
Real,2026-02-01,Salud,Clínica Oriente,SAL-4104,4945769
Real,2026-02-01,Salud,Clínica Oriente,SAL-4105,4240142
Real,2026-02-01,Salud,Clínica Oriente,SAL-4106,5182396
Real,2026-02-01,Salud,Clínica Oriente,SAL-5101,1079653
Real,2026-02-01,Salud,Clínica Oriente,SAL-5102,4387840
Real,2026-02-01,Salud,Clínica Oriente,SAL-5103,1579386
Real,2026-02-01,Salud,Clínica Oriente,SAL-5104,1930361
Real,2026-02-01,Salud,Clínica Oriente,SAL-5105,8679889
Real,2026-02-01,Salud,Clínica Oriente,SAL-5106,2942389
Real,2026-02-01,Salud,Clínica Oriente,SAL-6101,769079
Real,2026-02-01,Salud,Clínica Oriente,SAL-6102,766360
Real,2026-02-01,Salud,Clínica Oriente,SAL-6103,813906
Real,2026-02-01,Salud,Clínica Oriente,SAL-6104,357950
Real,2026-02-01,Salud,Clínica Oriente,SAL-6105,316523
Real,2026-02-01,Salud,Clínica Oriente,SAL-6106,1793628
Real,2026-02-01,Salud,Clínica Oriente,SAL-6107,335909
Real,2026-02-01,Salud,Clínica Oriente,SAL-6108,504554
Real,2026-02-01,Salud,Clínica Poniente,SAL-4101,3142485
Real,2026-02-01,Salud,Clínica Poniente,SAL-4102,1346779
Real,2026-02-01,Salud,Clínica Poniente,SAL-4103,583350
Real,2026-02-01,Salud,Clínica Poniente,SAL-4104,1750048
Real,2026-02-01,Salud,Clínica Poniente,SAL-4105,1401231
Real,2026-02-01,Salud,Clínica Poniente,SAL-4106,1712615
Real,2026-02-01,Salud,Clínica Poniente,SAL-5101,497633
Real,2026-02-01,Salud,Clínica Poniente,SAL-5102,2163599
Real,2026-02-01,Salud,Clínica Poniente,SAL-5103,764153
Real,2026-02-01,Salud,Clínica Poniente,SAL-5104,933964
Real,2026-02-01,Salud,Clínica Poniente,SAL-5105,4009097
Real,2026-02-01,Salud,Clínica Poniente,SAL-5106,1459097
Real,2026-02-01,Salud,Clínica Poniente,SAL-6101,350199
Real,2026-02-01,Salud,Clínica Poniente,SAL-6102,343400
Real,2026-02-01,Salud,Clínica Poniente,SAL-6103,383640
Real,2026-02-01,Salud,Clínica Poniente,SAL-6104,187251
Real,2026-02-01,Salud,Clínica Poniente,SAL-6105,142650
Real,2026-02-01,Salud,Clínica Poniente,SAL-6106,808351
Real,2026-02-01,Salud,Clínica Poniente,SAL-6107,147871
Real,2026-02-01,Salud,Clínica Poniente,SAL-6108,223536
Real,2026-03-01,Salud,Clínica Centro,SAL-4101,8167183
Real,2026-03-01,Salud,Clínica Centro,SAL-4102,3500221
Real,2026-03-01,Salud,Clínica Centro,SAL-4103,1582071
Real,2026-03-01,Salud,Clínica Centro,SAL-4104,4746214
Real,2026-03-01,Salud,Clínica Centro,SAL-4105,3908420
Real,2026-03-01,Salud,Clínica Centro,SAL-4106,4776957
Real,2026-03-01,Salud,Clínica Centro,SAL-5101,994891
Real,2026-03-01,Salud,Clínica Centro,SAL-5102,4098696
Real,2026-03-01,Salud,Clínica Centro,SAL-5103,1444470
Real,2026-03-01,Salud,Clínica Centro,SAL-5104,1765464
Real,2026-03-01,Salud,Clínica Centro,SAL-5105,8102029
Real,2026-03-01,Salud,Clínica Centro,SAL-5106,2852028
Real,2026-03-01,Salud,Clínica Centro,SAL-6101,734950
Real,2026-03-01,Salud,Clínica Centro,SAL-6102,711650
Real,2026-03-01,Salud,Clínica Centro,SAL-6103,737893
Real,2026-03-01,Salud,Clínica Centro,SAL-6104,318720
Real,2026-03-01,Salud,Clínica Centro,SAL-6105,290140
Real,2026-03-01,Salud,Clínica Centro,SAL-6106,1644127
Real,2026-03-01,Salud,Clínica Centro,SAL-6107,315114
Real,2026-03-01,Salud,Clínica Centro,SAL-6108,465557
Real,2026-03-01,Salud,Clínica Oriente,SAL-4101,10601455
Real,2026-03-01,Salud,Clínica Oriente,SAL-4102,4543481
Real,2026-03-01,Salud,Clínica Oriente,SAL-4103,2029714
Real,2026-03-01,Salud,Clínica Oriente,SAL-4104,6089143
Real,2026-03-01,Salud,Clínica Oriente,SAL-4105,5140613
Real,2026-03-01,Salud,Clínica Oriente,SAL-4106,6282972
Real,2026-03-01,Salud,Clínica Oriente,SAL-5101,1269928
Real,2026-03-01,Salud,Clínica Oriente,SAL-5102,5159131
Real,2026-03-01,Salud,Clínica Oriente,SAL-5103,1840480
Real,2026-03-01,Salud,Clínica Oriente,SAL-5104,2249476
Real,2026-03-01,Salud,Clínica Oriente,SAL-5105,10276352
Real,2026-03-01,Salud,Clínica Oriente,SAL-5106,3526352
Real,2026-03-01,Salud,Clínica Oriente,SAL-6101,923300
Real,2026-03-01,Salud,Clínica Oriente,SAL-6102,907767
Real,2026-03-01,Salud,Clínica Oriente,SAL-6103,946929
Real,2026-03-01,Salud,Clínica Oriente,SAL-6104,407480
Real,2026-03-01,Salud,Clínica Oriente,SAL-6105,372176
Real,2026-03-01,Salud,Clínica Oriente,SAL-6106,2109001
Real,2026-03-01,Salud,Clínica Oriente,SAL-6107,400742
Real,2026-03-01,Salud,Clínica Oriente,SAL-6108,596371
Real,2026-03-01,Salud,Clínica Poniente,SAL-4101,4488638
Real,2026-03-01,Salud,Clínica Poniente,SAL-4102,1923702
Real,2026-03-01,Salud,Clínica Poniente,SAL-4103,911785
Real,2026-03-01,Salud,Clínica Poniente,SAL-4104,2735357
Real,2026-03-01,Salud,Clínica Poniente,SAL-4105,2029033
Real,2026-03-01,Salud,Clínica Poniente,SAL-4106,2479929
Real,2026-03-01,Salud,Clínica Poniente,SAL-5101,584819
Real,2026-03-01,Salud,Clínica Poniente,SAL-5102,2537827
Real,2026-03-01,Salud,Clínica Poniente,SAL-5103,854950
Real,2026-03-01,Salud,Clínica Poniente,SAL-5104,1044940
Real,2026-03-01,Salud,Clínica Poniente,SAL-5105,4878381
Real,2026-03-01,Salud,Clínica Poniente,SAL-5106,1878381
Real,2026-03-01,Salud,Clínica Poniente,SAL-6101,458250
Real,2026-03-01,Salud,Clínica Poniente,SAL-6102,419417
Real,2026-03-01,Salud,Clínica Poniente,SAL-6103,424822
Real,2026-03-01,Salud,Clínica Poniente,SAL-6104,186199
Real,2026-03-01,Salud,Clínica Poniente,SAL-6105,167317
Real,2026-03-01,Salud,Clínica Poniente,SAL-6106,948128
Real,2026-03-01,Salud,Clínica Poniente,SAL-6107,187856
Real,2026-03-01,Salud,Clínica Poniente,SAL-6108,269928
Real,2026-04-01,Salud,Clínica Centro,SAL-4101,8328816
Real,2026-04-01,Salud,Clínica Centro,SAL-4102,3569492
Real,2026-04-01,Salud,Clínica Centro,SAL-4103,1548759
Real,2026-04-01,Salud,Clínica Centro,SAL-4104,4646278
Real,2026-04-01,Salud,Clínica Centro,SAL-4105,3926437
Real,2026-04-01,Salud,Clínica Centro,SAL-4106,4798979
Real,2026-04-01,Salud,Clínica Centro,SAL-5101,982646
Real,2026-04-01,Salud,Clínica Centro,SAL-5102,3951749
Real,2026-04-01,Salud,Clínica Centro,SAL-5103,1504196
Real,2026-04-01,Salud,Clínica Centro,SAL-5104,1838461
Real,2026-04-01,Salud,Clínica Centro,SAL-5105,7975016
Real,2026-04-01,Salud,Clínica Centro,SAL-5106,2725015
Real,2026-04-01,Salud,Clínica Centro,SAL-6101,715983
Real,2026-04-01,Salud,Clínica Centro,SAL-6102,705328
Real,2026-04-01,Salud,Clínica Centro,SAL-6103,744144
Real,2026-04-01,Salud,Clínica Centro,SAL-6104,326757
Real,2026-04-01,Salud,Clínica Centro,SAL-6105,290895
Real,2026-04-01,Salud,Clínica Centro,SAL-6106,1648405
Real,2026-04-01,Salud,Clínica Centro,SAL-6107,318732
Real,2026-04-01,Salud,Clínica Centro,SAL-6108,467366
Real,2026-04-01,Salud,Clínica Oriente,SAL-4101,10709211
Real,2026-04-01,Salud,Clínica Oriente,SAL-4102,4589662
Real,2026-04-01,Salud,Clínica Oriente,SAL-4103,2007506
Real,2026-04-01,Salud,Clínica Oriente,SAL-4104,6022518
Real,2026-04-01,Salud,Clínica Oriente,SAL-4105,5152625
Real,2026-04-01,Salud,Clínica Oriente,SAL-4106,6297653
Real,2026-04-01,Salud,Clínica Oriente,SAL-5101,1261764
Real,2026-04-01,Salud,Clínica Oriente,SAL-5102,5061166
Real,2026-04-01,Salud,Clínica Oriente,SAL-5103,1880297
Real,2026-04-01,Salud,Clínica Oriente,SAL-5104,2298141
Real,2026-04-01,Salud,Clínica Oriente,SAL-5105,10191677
Real,2026-04-01,Salud,Clínica Oriente,SAL-5106,3441677
Real,2026-04-01,Salud,Clínica Oriente,SAL-6101,910655
Real,2026-04-01,Salud,Clínica Oriente,SAL-6102,903552
Real,2026-04-01,Salud,Clínica Oriente,SAL-6103,951096
Real,2026-04-01,Salud,Clínica Oriente,SAL-6104,412838
Real,2026-04-01,Salud,Clínica Oriente,SAL-6105,372680
Real,2026-04-01,Salud,Clínica Oriente,SAL-6106,2111853
Real,2026-04-01,Salud,Clínica Oriente,SAL-6107,403155
Real,2026-04-01,Salud,Clínica Oriente,SAL-6108,597577
Real,2026-04-01,Salud,Clínica Poniente,SAL-4101,4758026
Real,2026-04-01,Salud,Clínica Poniente,SAL-4102,2039154
Real,2026-04-01,Salud,Clínica Poniente,SAL-4103,856265
Real,2026-04-01,Salud,Clínica Poniente,SAL-4104,2568796
Real,2026-04-01,Salud,Clínica Poniente,SAL-4105,2059062
Real,2026-04-01,Salud,Clínica Poniente,SAL-4106,2516631
Real,2026-04-01,Salud,Clínica Poniente,SAL-5101,564409
Real,2026-04-01,Salud,Clínica Poniente,SAL-5102,2292915
Real,2026-04-01,Salud,Clínica Poniente,SAL-5103,954493
Real,2026-04-01,Salud,Clínica Poniente,SAL-5104,1166602
Real,2026-04-01,Salud,Clínica Poniente,SAL-5105,4666692
Real,2026-04-01,Salud,Clínica Poniente,SAL-5106,1666692
Real,2026-04-01,Salud,Clínica Poniente,SAL-6101,426638
Real,2026-04-01,Salud,Clínica Poniente,SAL-6102,408880
Real,2026-04-01,Salud,Clínica Poniente,SAL-6103,435240
Real,2026-04-01,Salud,Clínica Poniente,SAL-6104,199594
Real,2026-04-01,Salud,Clínica Poniente,SAL-6105,168575
Real,2026-04-01,Salud,Clínica Poniente,SAL-6106,955259
Real,2026-04-01,Salud,Clínica Poniente,SAL-6107,193886
Real,2026-04-01,Salud,Clínica Poniente,SAL-6108,272943
Real,2026-05-01,Salud,Clínica Centro,SAL-4101,8172887
Real,2026-05-01,Salud,Clínica Centro,SAL-4102,3502666
Real,2026-05-01,Salud,Clínica Centro,SAL-4103,1537926
Real,2026-05-01,Salud,Clínica Centro,SAL-4104,4613778
Real,2026-05-01,Salud,Clínica Centro,SAL-4105,4021131
Real,2026-05-01,Salud,Clínica Centro,SAL-4106,4914715
Real,2026-05-01,Salud,Clínica Centro,SAL-5101,987085
Real,2026-05-01,Salud,Clínica Centro,SAL-5102,4005022
Real,2026-05-01,Salud,Clínica Centro,SAL-5103,1478306
Real,2026-05-01,Salud,Clínica Centro,SAL-5104,1806818
Real,2026-05-01,Salud,Clínica Centro,SAL-5105,8076900
Real,2026-05-01,Salud,Clínica Centro,SAL-5106,2826900
Real,2026-05-01,Salud,Clínica Centro,SAL-6101,724326
Real,2026-05-01,Salud,Clínica Centro,SAL-6102,708109
Real,2026-05-01,Salud,Clínica Centro,SAL-6103,744092
Real,2026-05-01,Salud,Clínica Centro,SAL-6104,326690
Real,2026-05-01,Salud,Clínica Centro,SAL-6105,289972
Real,2026-05-01,Salud,Clínica Centro,SAL-6106,1643174
Real,2026-05-01,Salud,Clínica Centro,SAL-6107,313707
Real,2026-05-01,Salud,Clínica Centro,SAL-6108,464854
Real,2026-05-01,Salud,Clínica Oriente,SAL-4101,10605258
Real,2026-05-01,Salud,Clínica Oriente,SAL-4102,4545111
Real,2026-05-01,Salud,Clínica Oriente,SAL-4103,2000284
Real,2026-05-01,Salud,Clínica Oriente,SAL-4104,6000852
Real,2026-05-01,Salud,Clínica Oriente,SAL-4105,5215754
Real,2026-05-01,Salud,Clínica Oriente,SAL-4106,6374810
Real,2026-05-01,Salud,Clínica Oriente,SAL-5101,1264723
Real,2026-05-01,Salud,Clínica Oriente,SAL-5102,5096681
Real,2026-05-01,Salud,Clínica Oriente,SAL-5103,1863037
Real,2026-05-01,Salud,Clínica Oriente,SAL-5104,2277046
Real,2026-05-01,Salud,Clínica Oriente,SAL-5105,10259600
Real,2026-05-01,Salud,Clínica Oriente,SAL-5106,3509600
Real,2026-05-01,Salud,Clínica Oriente,SAL-6101,916218
Real,2026-05-01,Salud,Clínica Oriente,SAL-6102,905406
Real,2026-05-01,Salud,Clínica Oriente,SAL-6103,951061
Real,2026-05-01,Salud,Clínica Oriente,SAL-6104,412793
Real,2026-05-01,Salud,Clínica Oriente,SAL-6105,372065
Real,2026-05-01,Salud,Clínica Oriente,SAL-6106,2108366
Real,2026-05-01,Salud,Clínica Oriente,SAL-6107,399805
Real,2026-05-01,Salud,Clínica Oriente,SAL-6108,595902
Real,2026-05-01,Salud,Clínica Poniente,SAL-4101,4498145
Real,2026-05-01,Salud,Clínica Poniente,SAL-4102,1927777
Real,2026-05-01,Salud,Clínica Poniente,SAL-4103,838210
Real,2026-05-01,Salud,Clínica Poniente,SAL-4104,2514630
Real,2026-05-01,Salud,Clínica Poniente,SAL-4105,2216885
Real,2026-05-01,Salud,Clínica Poniente,SAL-4106,2709526
Real,2026-05-01,Salud,Clínica Poniente,SAL-5101,571809
Real,2026-05-01,Salud,Clínica Poniente,SAL-5102,2381703
Real,2026-05-01,Salud,Clínica Poniente,SAL-5103,911343
Real,2026-05-01,Salud,Clínica Poniente,SAL-5104,1113864
Real,2026-05-01,Salud,Clínica Poniente,SAL-5105,4836499
Real,2026-05-01,Salud,Clínica Poniente,SAL-5106,1836499
Real,2026-05-01,Salud,Clínica Poniente,SAL-6101,440544
Real,2026-05-01,Salud,Clínica Poniente,SAL-6102,413515
Real,2026-05-01,Salud,Clínica Poniente,SAL-6103,435153
Real,2026-05-01,Salud,Clínica Poniente,SAL-6104,199483
Real,2026-05-01,Salud,Clínica Poniente,SAL-6105,167037
Real,2026-05-01,Salud,Clínica Poniente,SAL-6106,946541
Real,2026-05-01,Salud,Clínica Poniente,SAL-6107,185512
Real,2026-05-01,Salud,Clínica Poniente,SAL-6108,268756
Real,2026-06-01,Salud,Clínica Centro,SAL-4101,9091981
Real,2026-06-01,Salud,Clínica Centro,SAL-4102,3896563
Real,2026-06-01,Salud,Clínica Centro,SAL-4103,1720614
Real,2026-06-01,Salud,Clínica Centro,SAL-4104,5161843
Real,2026-06-01,Salud,Clínica Centro,SAL-4105,4501812
Real,2026-06-01,Salud,Clínica Centro,SAL-4106,5502215
Real,2026-06-01,Salud,Clínica Centro,SAL-5101,1167681
Real,2026-06-01,Salud,Clínica Centro,SAL-5102,5231369
Real,2026-06-01,Salud,Clínica Centro,SAL-5103,1945657
Real,2026-06-01,Salud,Clínica Centro,SAL-5104,2378026
Real,2026-06-01,Salud,Clínica Centro,SAL-5105,9967421
Real,2026-06-01,Salud,Clínica Centro,SAL-5106,4087421
Real,2026-06-01,Salud,Clínica Centro,SAL-6101,801315
Real,2026-06-01,Salud,Clínica Centro,SAL-6102,789772
Real,2026-06-01,Salud,Clínica Centro,SAL-6103,827366
Real,2026-06-01,Salud,Clínica Centro,SAL-6104,358157
Real,2026-06-01,Salud,Clínica Centro,SAL-6105,332616
Real,2026-06-01,Salud,Clínica Centro,SAL-6106,1884824
Real,2026-06-01,Salud,Clínica Centro,SAL-6107,349022
Real,2026-06-01,Salud,Clínica Centro,SAL-6108,519471
Real,2026-06-01,Salud,Clínica Oriente,SAL-4101,11836787
Real,2026-06-01,Salud,Clínica Oriente,SAL-4102,5072909
Real,2026-06-01,Salud,Clínica Oriente,SAL-4103,2239076
Real,2026-06-01,Salud,Clínica Oriente,SAL-4104,6717229
Real,2026-06-01,Salud,Clínica Oriente,SAL-4105,5840408
Real,2026-06-01,Salud,Clínica Oriente,SAL-4106,7138276
Real,2026-06-01,Salud,Clínica Oriente,SAL-5101,1457920
Real,2026-06-01,Salud,Clínica Oriente,SAL-5102,6205446
Real,2026-06-01,Salud,Clínica Oriente,SAL-5103,2279905
Real,2026-06-01,Salud,Clínica Oriente,SAL-5104,2786550
Real,2026-06-01,Salud,Clínica Oriente,SAL-5105,12104948
Real,2026-06-01,Salud,Clínica Oriente,SAL-5106,4544947
Real,2026-06-01,Salud,Clínica Oriente,SAL-6101,1019543
Real,2026-06-01,Salud,Clínica Oriente,SAL-6102,1011848
Real,2026-06-01,Salud,Clínica Oriente,SAL-6103,1061178
Real,2026-06-01,Salud,Clínica Oriente,SAL-6104,457171
Real,2026-06-01,Salud,Clínica Oriente,SAL-6105,421944
Real,2026-06-01,Salud,Clínica Oriente,SAL-6106,2391016
Real,2026-06-01,Salud,Clínica Oriente,SAL-6107,446228
Real,2026-06-01,Salud,Clínica Oriente,SAL-6108,666634
Real,2026-06-01,Salud,Clínica Poniente,SAL-4101,4935168
Real,2026-06-01,Salud,Clínica Poniente,SAL-4102,2115072
Real,2026-06-01,Salud,Clínica Poniente,SAL-4103,935690
Real,2026-06-01,Salud,Clínica Poniente,SAL-4104,2807071
Real,2026-06-01,Salud,Clínica Poniente,SAL-4105,2479820
Real,2026-06-01,Salud,Clínica Poniente,SAL-4106,3030891
Real,2026-06-01,Salud,Clínica Poniente,SAL-5101,744001
Real,2026-06-01,Salud,Clínica Poniente,SAL-5102,3910414
Real,2026-06-01,Salud,Clínica Poniente,SAL-5103,1503962
Real,2026-06-01,Salud,Clínica Poniente,SAL-5104,1838176
Real,2026-06-01,Salud,Clínica Poniente,SAL-5105,6952368
Real,2026-06-01,Salud,Clínica Poniente,SAL-5106,3592368
Real,2026-06-01,Salud,Clínica Poniente,SAL-6101,476859
Real,2026-06-01,Salud,Clínica Poniente,SAL-6102,457620
Real,2026-06-01,Salud,Clínica Poniente,SAL-6103,477344
Real,2026-06-01,Salud,Clínica Poniente,SAL-6104,210528
Real,2026-06-01,Salud,Clínica Poniente,SAL-6105,200160
Real,2026-06-01,Salud,Clínica Poniente,SAL-6106,1134240
Real,2026-06-01,Salud,Clínica Poniente,SAL-6107,203891
Real,2026-06-01,Salud,Clínica Poniente,SAL-6108,299065
Real,2026-07-01,Salud,Clínica Centro,SAL-4101,9108468
Real,2026-07-01,Salud,Clínica Centro,SAL-4102,3903629
Real,2026-07-01,Salud,Clínica Centro,SAL-4103,1732210
Real,2026-07-01,Salud,Clínica Centro,SAL-4104,5196629
Real,2026-07-01,Salud,Clínica Centro,SAL-4105,4527726
Real,2026-07-01,Salud,Clínica Centro,SAL-4106,5533887
Real,2026-07-01,Salud,Clínica Centro,SAL-5101,1171066
Real,2026-07-01,Salud,Clínica Centro,SAL-5102,5271993
Real,2026-07-01,Salud,Clínica Centro,SAL-5103,2003627
Real,2026-07-01,Salud,Clínica Centro,SAL-5104,2448878
Real,2026-07-01,Salud,Clínica Centro,SAL-5105,9858112
Real,2026-07-01,Salud,Clínica Centro,SAL-5106,3978112
Real,2026-07-01,Salud,Clínica Centro,SAL-6101,813666
Real,2026-07-01,Salud,Clínica Centro,SAL-6102,793889
Real,2026-07-01,Salud,Clínica Centro,SAL-6103,836391
Real,2026-07-01,Salud,Clínica Centro,SAL-6104,369761
Real,2026-07-01,Salud,Clínica Centro,SAL-6105,328746
Real,2026-07-01,Salud,Clínica Centro,SAL-6106,1862896
Real,2026-07-01,Salud,Clínica Centro,SAL-6107,349095
Real,2026-07-01,Salud,Clínica Centro,SAL-6108,519507
Real,2026-07-01,Salud,Clínica Oriente,SAL-4101,11847779
Real,2026-07-01,Salud,Clínica Oriente,SAL-4102,5077620
Real,2026-07-01,Salud,Clínica Oriente,SAL-4103,2246806
Real,2026-07-01,Salud,Clínica Oriente,SAL-4104,6740419
Real,2026-07-01,Salud,Clínica Oriente,SAL-4105,5857684
Real,2026-07-01,Salud,Clínica Oriente,SAL-4106,7159391
Real,2026-07-01,Salud,Clínica Oriente,SAL-5101,1460177
Real,2026-07-01,Salud,Clínica Oriente,SAL-5102,6232529
Real,2026-07-01,Salud,Clínica Oriente,SAL-5103,2318552
Real,2026-07-01,Salud,Clínica Oriente,SAL-5104,2833785
Real,2026-07-01,Salud,Clínica Oriente,SAL-5105,12032075
Real,2026-07-01,Salud,Clínica Oriente,SAL-5106,4472075
Real,2026-07-01,Salud,Clínica Oriente,SAL-6101,1027778
Real,2026-07-01,Salud,Clínica Oriente,SAL-6102,1014593
Real,2026-07-01,Salud,Clínica Oriente,SAL-6103,1067194
Real,2026-07-01,Salud,Clínica Oriente,SAL-6104,464907
Real,2026-07-01,Salud,Clínica Oriente,SAL-6105,419364
Real,2026-07-01,Salud,Clínica Oriente,SAL-6106,2376397
Real,2026-07-01,Salud,Clínica Oriente,SAL-6107,446277
Real,2026-07-01,Salud,Clínica Oriente,SAL-6108,666658
Real,2026-07-01,Salud,Clínica Poniente,SAL-4101,4962648
Real,2026-07-01,Salud,Clínica Poniente,SAL-4102,2126849
Real,2026-07-01,Salud,Clínica Poniente,SAL-4103,955016
Real,2026-07-01,Salud,Clínica Poniente,SAL-4104,2865048
Real,2026-07-01,Salud,Clínica Poniente,SAL-4105,2523010
Real,2026-07-01,Salud,Clínica Poniente,SAL-4106,3083678
Real,2026-07-01,Salud,Clínica Poniente,SAL-5101,749644
Real,2026-07-01,Salud,Clínica Poniente,SAL-5102,3978122
Real,2026-07-01,Salud,Clínica Poniente,SAL-5103,1600579
Real,2026-07-01,Salud,Clínica Poniente,SAL-5104,1956263
Real,2026-07-01,Salud,Clínica Poniente,SAL-5105,6770188
Real,2026-07-01,Salud,Clínica Poniente,SAL-5106,3410188
Real,2026-07-01,Salud,Clínica Poniente,SAL-6101,497444
Real,2026-07-01,Salud,Clínica Poniente,SAL-6102,464481
Real,2026-07-01,Salud,Clínica Poniente,SAL-6103,492386
Real,2026-07-01,Salud,Clínica Poniente,SAL-6104,229868
Real,2026-07-01,Salud,Clínica Poniente,SAL-6105,193711
Real,2026-07-01,Salud,Clínica Poniente,SAL-6106,1097694
Real,2026-07-01,Salud,Clínica Poniente,SAL-6107,204012
Real,2026-07-01,Salud,Clínica Poniente,SAL-6108,299126
Real,2026-08-01,Salud,Clínica Centro,SAL-4101,9100918
Real,2026-08-01,Salud,Clínica Centro,SAL-4102,3900393
Real,2026-08-01,Salud,Clínica Centro,SAL-4103,1705649
Real,2026-08-01,Salud,Clínica Centro,SAL-4104,5116946
Real,2026-08-01,Salud,Clínica Centro,SAL-4105,4463298
Real,2026-08-01,Salud,Clínica Centro,SAL-4106,5455141
Real,2026-08-01,Salud,Clínica Centro,SAL-5101,1174921
Real,2026-08-01,Salud,Clínica Centro,SAL-5102,5318256
Real,2026-08-01,Salud,Clínica Centro,SAL-5103,1976439
Real,2026-08-01,Salud,Clínica Centro,SAL-5104,2415647
Real,2026-08-01,Salud,Clínica Centro,SAL-5105,10113207
Real,2026-08-01,Salud,Clínica Centro,SAL-5106,4233207
Real,2026-08-01,Salud,Clínica Centro,SAL-6101,802371
Real,2026-08-01,Salud,Clínica Centro,SAL-6102,790124
Real,2026-08-01,Salud,Clínica Centro,SAL-6103,832675
Real,2026-08-01,Salud,Clínica Centro,SAL-6104,364982
Real,2026-08-01,Salud,Clínica Centro,SAL-6105,335603
Real,2026-08-01,Salud,Clínica Centro,SAL-6106,1901751
Real,2026-08-01,Salud,Clínica Centro,SAL-6107,368287
Real,2026-08-01,Salud,Clínica Centro,SAL-6108,529104
Real,2026-08-01,Salud,Clínica Oriente,SAL-4101,11842745
Real,2026-08-01,Salud,Clínica Oriente,SAL-4102,5075462
Real,2026-08-01,Salud,Clínica Oriente,SAL-4103,2229099
Real,2026-08-01,Salud,Clínica Oriente,SAL-4104,6687298
Real,2026-08-01,Salud,Clínica Oriente,SAL-4105,5814732
Real,2026-08-01,Salud,Clínica Oriente,SAL-4106,7106894
Real,2026-08-01,Salud,Clínica Oriente,SAL-5101,1462748
Real,2026-08-01,Salud,Clínica Oriente,SAL-5102,6263371
Real,2026-08-01,Salud,Clínica Oriente,SAL-5103,2300426
Real,2026-08-01,Salud,Clínica Oriente,SAL-5104,2811631
Real,2026-08-01,Salud,Clínica Oriente,SAL-5105,12202138
Real,2026-08-01,Salud,Clínica Oriente,SAL-5106,4642138
Real,2026-08-01,Salud,Clínica Oriente,SAL-6101,1020248
Real,2026-08-01,Salud,Clínica Oriente,SAL-6102,1012082
Real,2026-08-01,Salud,Clínica Oriente,SAL-6103,1064717
Real,2026-08-01,Salud,Clínica Oriente,SAL-6104,461721
Real,2026-08-01,Salud,Clínica Oriente,SAL-6105,423935
Real,2026-08-01,Salud,Clínica Oriente,SAL-6106,2402301
Real,2026-08-01,Salud,Clínica Oriente,SAL-6107,459072
Real,2026-08-01,Salud,Clínica Oriente,SAL-6108,673056
Real,2026-08-01,Salud,Clínica Poniente,SAL-4101,4950063
Real,2026-08-01,Salud,Clínica Poniente,SAL-4102,2121455
Real,2026-08-01,Salud,Clínica Poniente,SAL-4103,910748
Real,2026-08-01,Salud,Clínica Poniente,SAL-4104,2732244
Real,2026-08-01,Salud,Clínica Poniente,SAL-4105,2415629
Real,2026-08-01,Salud,Clínica Poniente,SAL-4106,2952436
Real,2026-08-01,Salud,Clínica Poniente,SAL-5101,756069
Real,2026-08-01,Salud,Clínica Poniente,SAL-5102,4055228
Real,2026-08-01,Salud,Clínica Poniente,SAL-5103,1555265
Real,2026-08-01,Salud,Clínica Poniente,SAL-5104,1900879
Real,2026-08-01,Salud,Clínica Poniente,SAL-5105,7195345
Real,2026-08-01,Salud,Clínica Poniente,SAL-5106,3835344
Real,2026-08-01,Salud,Clínica Poniente,SAL-6101,478619
Real,2026-08-01,Salud,Clínica Poniente,SAL-6102,458206
Real,2026-08-01,Salud,Clínica Poniente,SAL-6103,486191
Real,2026-08-01,Salud,Clínica Poniente,SAL-6104,221903
Real,2026-08-01,Salud,Clínica Poniente,SAL-6105,205138
Real,2026-08-01,Salud,Clínica Poniente,SAL-6106,1162451
Real,2026-08-01,Salud,Clínica Poniente,SAL-6107,235999
Real,2026-08-01,Salud,Clínica Poniente,SAL-6108,315119
Real,2026-09-01,Salud,Clínica Centro,SAL-4101,7959888
Real,2026-09-01,Salud,Clínica Centro,SAL-4102,3411381
Real,2026-09-01,Salud,Clínica Centro,SAL-4103,1545514
Real,2026-09-01,Salud,Clínica Centro,SAL-4104,4636543
Real,2026-09-01,Salud,Clínica Centro,SAL-4105,3961633
Real,2026-09-01,Salud,Clínica Centro,SAL-4106,4841996
Real,2026-09-01,Salud,Clínica Centro,SAL-5101,1002011
Real,2026-09-01,Salud,Clínica Centro,SAL-5102,4184133
Real,2026-09-01,Salud,Clínica Centro,SAL-5103,1468210
Real,2026-09-01,Salud,Clínica Centro,SAL-5104,1794478
Real,2026-09-01,Salud,Clínica Centro,SAL-5105,8094830
Real,2026-09-01,Salud,Clínica Centro,SAL-5106,2844829
Real,2026-09-01,Salud,Clínica Centro,SAL-6101,728518
Real,2026-09-01,Salud,Clínica Centro,SAL-6102,709506
Real,2026-09-01,Salud,Clínica Centro,SAL-6103,737189
Real,2026-09-01,Salud,Clínica Centro,SAL-6104,317815
Real,2026-09-01,Salud,Clínica Centro,SAL-6105,302331
Real,2026-09-01,Salud,Clínica Centro,SAL-6106,1713211
Real,2026-09-01,Salud,Clínica Centro,SAL-6107,315725
Real,2026-09-01,Salud,Clínica Centro,SAL-6108,465863
Real,2026-09-01,Salud,Clínica Oriente,SAL-4101,10463259
Real,2026-09-01,Salud,Clínica Oriente,SAL-4102,4484254
Real,2026-09-01,Salud,Clínica Oriente,SAL-4103,2005343
Real,2026-09-01,Salud,Clínica Oriente,SAL-4104,6016028
Real,2026-09-01,Salud,Clínica Oriente,SAL-4105,5176089
Real,2026-09-01,Salud,Clínica Oriente,SAL-4106,6326330
Real,2026-09-01,Salud,Clínica Oriente,SAL-5101,1274674
Real,2026-09-01,Salud,Clínica Oriente,SAL-5102,5216088
Real,2026-09-01,Salud,Clínica Oriente,SAL-5103,1856306
Real,2026-09-01,Salud,Clínica Oriente,SAL-5104,2268819
Real,2026-09-01,Salud,Clínica Oriente,SAL-5105,10271553
Real,2026-09-01,Salud,Clínica Oriente,SAL-5106,3521553
Real,2026-09-01,Salud,Clínica Oriente,SAL-6101,919012
Real,2026-09-01,Salud,Clínica Oriente,SAL-6102,906337
Real,2026-09-01,Salud,Clínica Oriente,SAL-6103,946460
Real,2026-09-01,Salud,Clínica Oriente,SAL-6104,406877
Real,2026-09-01,Salud,Clínica Oriente,SAL-6105,380304
Real,2026-09-01,Salud,Clínica Oriente,SAL-6106,2155057
Real,2026-09-01,Salud,Clínica Oriente,SAL-6107,401150
Real,2026-09-01,Salud,Clínica Oriente,SAL-6108,596575
Real,2026-09-01,Salud,Clínica Poniente,SAL-4101,4143148
Real,2026-09-01,Salud,Clínica Poniente,SAL-4102,1775635
Real,2026-09-01,Salud,Clínica Poniente,SAL-4103,850857
Real,2026-09-01,Salud,Clínica Poniente,SAL-4104,2552571
Real,2026-09-01,Salud,Clínica Poniente,SAL-4105,2117722
Real,2026-09-01,Salud,Clínica Poniente,SAL-4106,2588326
Real,2026-09-01,Salud,Clínica Poniente,SAL-5101,596685
Real,2026-09-01,Salud,Clínica Poniente,SAL-5102,2680221
Real,2026-09-01,Salud,Clínica Poniente,SAL-5103,894516
Real,2026-09-01,Salud,Clínica Poniente,SAL-5104,1093297
Real,2026-09-01,Salud,Clínica Poniente,SAL-5105,4866383
Real,2026-09-01,Salud,Clínica Poniente,SAL-5106,1866383
Real,2026-09-01,Salud,Clínica Poniente,SAL-6101,447531
Real,2026-09-01,Salud,Clínica Poniente,SAL-6102,415844
Real,2026-09-01,Salud,Clínica Poniente,SAL-6103,423649
Real,2026-09-01,Salud,Clínica Poniente,SAL-6104,184691
Real,2026-09-01,Salud,Clínica Poniente,SAL-6105,187635
Real,2026-09-01,Salud,Clínica Poniente,SAL-6106,1063268
Real,2026-09-01,Salud,Clínica Poniente,SAL-6107,188875
Real,2026-09-01,Salud,Clínica Poniente,SAL-6108,270438
Real,2026-10-01,Salud,Clínica Centro,SAL-4101,8203608
Real,2026-10-01,Salud,Clínica Centro,SAL-4102,3515832
Real,2026-10-01,Salud,Clínica Centro,SAL-4103,1549214
Real,2026-10-01,Salud,Clínica Centro,SAL-4104,4647643
Real,2026-10-01,Salud,Clínica Centro,SAL-4105,3920417
Real,2026-10-01,Salud,Clínica Centro,SAL-4106,4791621
Real,2026-10-01,Salud,Clínica Centro,SAL-5101,982563
Real,2026-10-01,Salud,Clínica Centro,SAL-5102,3950758
Real,2026-10-01,Salud,Clínica Centro,SAL-5103,1457283
Real,2026-10-01,Salud,Clínica Centro,SAL-5104,1781123
Real,2026-10-01,Salud,Clínica Centro,SAL-5105,7921429
Real,2026-10-01,Salud,Clínica Centro,SAL-5106,2671428
Real,2026-10-01,Salud,Clínica Centro,SAL-6101,715477
Real,2026-10-01,Salud,Clínica Centro,SAL-6102,705159
Real,2026-10-01,Salud,Clínica Centro,SAL-6103,753490
Real,2026-10-01,Salud,Clínica Centro,SAL-6104,338773
Real,2026-10-01,Salud,Clínica Centro,SAL-6105,293792
Real,2026-10-01,Salud,Clínica Centro,SAL-6106,1664820
Real,2026-10-01,Salud,Clínica Centro,SAL-6107,311213
Real,2026-10-01,Salud,Clínica Centro,SAL-6108,463606
Real,2026-10-01,Salud,Clínica Oriente,SAL-4101,10625738
Real,2026-10-01,Salud,Clínica Oriente,SAL-4102,4553888
Real,2026-10-01,Salud,Clínica Oriente,SAL-4103,2007809
Real,2026-10-01,Salud,Clínica Oriente,SAL-4104,6023428
Real,2026-10-01,Salud,Clínica Oriente,SAL-4105,5148611
Real,2026-10-01,Salud,Clínica Oriente,SAL-4106,6292747
Real,2026-10-01,Salud,Clínica Oriente,SAL-5101,1261709
Real,2026-10-01,Salud,Clínica Oriente,SAL-5102,5060505
Real,2026-10-01,Salud,Clínica Oriente,SAL-5103,1849022
Real,2026-10-01,Salud,Clínica Oriente,SAL-5104,2259915
Real,2026-10-01,Salud,Clínica Oriente,SAL-5105,10155952
Real,2026-10-01,Salud,Clínica Oriente,SAL-5106,3405952
Real,2026-10-01,Salud,Clínica Oriente,SAL-6101,910318
Real,2026-10-01,Salud,Clínica Oriente,SAL-6102,903439
Real,2026-10-01,Salud,Clínica Oriente,SAL-6103,957327
Real,2026-10-01,Salud,Clínica Oriente,SAL-6104,420849
Real,2026-10-01,Salud,Clínica Oriente,SAL-6105,374611
Real,2026-10-01,Salud,Clínica Oriente,SAL-6106,2122796
Real,2026-10-01,Salud,Clínica Oriente,SAL-6107,398142
Real,2026-10-01,Salud,Clínica Oriente,SAL-6108,595071
Real,2026-10-01,Salud,Clínica Poniente,SAL-4101,4549346
Real,2026-10-01,Salud,Clínica Poniente,SAL-4102,1949720
Real,2026-10-01,Salud,Clínica Poniente,SAL-4103,857024
Real,2026-10-01,Salud,Clínica Poniente,SAL-4104,2571071
Real,2026-10-01,Salud,Clínica Poniente,SAL-4105,2049028
Real,2026-10-01,Salud,Clínica Poniente,SAL-4106,2504368
Real,2026-10-01,Salud,Clínica Poniente,SAL-5101,564272
Real,2026-10-01,Salud,Clínica Poniente,SAL-5102,2291264
Real,2026-10-01,Salud,Clínica Poniente,SAL-5103,876305
Real,2026-10-01,Salud,Clínica Poniente,SAL-5104,1071039
Real,2026-10-01,Salud,Clínica Poniente,SAL-5105,4577381
Real,2026-10-01,Salud,Clínica Poniente,SAL-5106,1577381
Real,2026-10-01,Salud,Clínica Poniente,SAL-6101,425795
Real,2026-10-01,Salud,Clínica Poniente,SAL-6102,408599
Real,2026-10-01,Salud,Clínica Poniente,SAL-6103,450817
Real,2026-10-01,Salud,Clínica Poniente,SAL-6104,219621
Real,2026-10-01,Salud,Clínica Poniente,SAL-6105,173403
Real,2026-10-01,Salud,Clínica Poniente,SAL-6106,982616
Real,2026-10-01,Salud,Clínica Poniente,SAL-6107,181355
Real,2026-10-01,Salud,Clínica Poniente,SAL-6108,266678
Real,2026-11-01,Salud,Clínica Centro,SAL-4101,8213427
Real,2026-11-01,Salud,Clínica Centro,SAL-4102,3520040
Real,2026-11-01,Salud,Clínica Centro,SAL-4103,1584608
Real,2026-11-01,Salud,Clínica Centro,SAL-4104,4753823
Real,2026-11-01,Salud,Clínica Centro,SAL-4105,4041785
Real,2026-11-01,Salud,Clínica Centro,SAL-4106,4939960
Real,2026-11-01,Salud,Clínica Centro,SAL-5101,996801
Real,2026-11-01,Salud,Clínica Centro,SAL-5102,4121615
Real,2026-11-01,Salud,Clínica Centro,SAL-5103,1492133
Real,2026-11-01,Salud,Clínica Centro,SAL-5104,1823718
Real,2026-11-01,Salud,Clínica Centro,SAL-5105,8093811
Real,2026-11-01,Salud,Clínica Centro,SAL-5106,2843811
Real,2026-11-01,Salud,Clínica Centro,SAL-6101,729423
Real,2026-11-01,Salud,Clínica Centro,SAL-6102,709808
Real,2026-11-01,Salud,Clínica Centro,SAL-6103,747644
Real,2026-11-01,Salud,Clínica Centro,SAL-6104,331257
Real,2026-11-01,Salud,Clínica Centro,SAL-6105,287838
Real,2026-11-01,Salud,Clínica Centro,SAL-6106,1631082
Real,2026-11-01,Salud,Clínica Centro,SAL-6107,314290
Real,2026-11-01,Salud,Clínica Centro,SAL-6108,465145
Real,2026-11-01,Salud,Clínica Oriente,SAL-4101,10632285
Real,2026-11-01,Salud,Clínica Oriente,SAL-4102,4556694
Real,2026-11-01,Salud,Clínica Oriente,SAL-4103,2031405
Real,2026-11-01,Salud,Clínica Oriente,SAL-4104,6094215
Real,2026-11-01,Salud,Clínica Oriente,SAL-4105,5229523
Real,2026-11-01,Salud,Clínica Oriente,SAL-4106,6391640
Real,2026-11-01,Salud,Clínica Oriente,SAL-5101,1271201
Real,2026-11-01,Salud,Clínica Oriente,SAL-5102,5174410
Real,2026-11-01,Salud,Clínica Oriente,SAL-5103,1872256
Real,2026-11-01,Salud,Clínica Oriente,SAL-5104,2288312
Real,2026-11-01,Salud,Clínica Oriente,SAL-5105,10270874
Real,2026-11-01,Salud,Clínica Oriente,SAL-5106,3520874
Real,2026-11-01,Salud,Clínica Oriente,SAL-6101,919616
Real,2026-11-01,Salud,Clínica Oriente,SAL-6102,906539
Real,2026-11-01,Salud,Clínica Oriente,SAL-6103,953429
Real,2026-11-01,Salud,Clínica Oriente,SAL-6104,415838
Real,2026-11-01,Salud,Clínica Oriente,SAL-6105,370642
Real,2026-11-01,Salud,Clínica Oriente,SAL-6106,2100305
Real,2026-11-01,Salud,Clínica Oriente,SAL-6107,400193
Real,2026-11-01,Salud,Clínica Oriente,SAL-6108,596096
Real,2026-11-01,Salud,Clínica Poniente,SAL-4101,4565713
Real,2026-11-01,Salud,Clínica Poniente,SAL-4102,1956734
Real,2026-11-01,Salud,Clínica Poniente,SAL-4103,916013
Real,2026-11-01,Salud,Clínica Poniente,SAL-4104,2748038
Real,2026-11-01,Salud,Clínica Poniente,SAL-4105,2251308
Real,2026-11-01,Salud,Clínica Poniente,SAL-4106,2751599
Real,2026-11-01,Salud,Clínica Poniente,SAL-5101,588002
Real,2026-11-01,Salud,Clínica Poniente,SAL-5102,2576026
Real,2026-11-01,Salud,Clínica Poniente,SAL-5103,934389
Real,2026-11-01,Salud,Clínica Poniente,SAL-5104,1142031
Real,2026-11-01,Salud,Clínica Poniente,SAL-5105,4864684
Real,2026-11-01,Salud,Clínica Poniente,SAL-5106,1864684
Real,2026-11-01,Salud,Clínica Poniente,SAL-6101,449039
Real,2026-11-01,Salud,Clínica Poniente,SAL-6102,416346
Real,2026-11-01,Salud,Clínica Poniente,SAL-6103,441073
Real,2026-11-01,Salud,Clínica Poniente,SAL-6104,207094
Real,2026-11-01,Salud,Clínica Poniente,SAL-6105,163480
Real,2026-11-01,Salud,Clínica Poniente,SAL-6106,926387
Real,2026-11-01,Salud,Clínica Poniente,SAL-6107,186483
Real,2026-11-01,Salud,Clínica Poniente,SAL-6108,269241
Real,2026-12-01,Salud,Clínica Centro,SAL-4101,8149177
Real,2026-12-01,Salud,Clínica Centro,SAL-4102,3492505
Real,2026-12-01,Salud,Clínica Centro,SAL-4103,1566723
Real,2026-12-01,Salud,Clínica Centro,SAL-4104,4700170
Real,2026-12-01,Salud,Clínica Centro,SAL-4105,4043894
Real,2026-12-01,Salud,Clínica Centro,SAL-4106,4942537
Real,2026-12-01,Salud,Clínica Centro,SAL-5101,983265
Real,2026-12-01,Salud,Clínica Centro,SAL-5102,3959180
Real,2026-12-01,Salud,Clínica Centro,SAL-5103,1439123
Real,2026-12-01,Salud,Clínica Centro,SAL-5104,1758928
Real,2026-12-01,Salud,Clínica Centro,SAL-5105,8026400
Real,2026-12-01,Salud,Clínica Centro,SAL-5106,2776399
Real,2026-12-01,Salud,Clínica Centro,SAL-6101,727259
Real,2026-12-01,Salud,Clínica Centro,SAL-6102,709086
Real,2026-12-01,Salud,Clínica Centro,SAL-6103,741868
Real,2026-12-01,Salud,Clínica Centro,SAL-6104,323831
Real,2026-12-01,Salud,Clínica Centro,SAL-6105,292255
Real,2026-12-01,Salud,Clínica Centro,SAL-6106,1656115
Real,2026-12-01,Salud,Clínica Centro,SAL-6107,323225
Real,2026-12-01,Salud,Clínica Centro,SAL-6108,469612
Real,2026-12-01,Salud,Clínica Oriente,SAL-4101,10589452
Real,2026-12-01,Salud,Clínica Oriente,SAL-4102,4538336
Real,2026-12-01,Salud,Clínica Oriente,SAL-4103,2019482
Real,2026-12-01,Salud,Clínica Oriente,SAL-4104,6058447
Real,2026-12-01,Salud,Clínica Oriente,SAL-4105,5230929
Real,2026-12-01,Salud,Clínica Oriente,SAL-4106,6393358
Real,2026-12-01,Salud,Clínica Oriente,SAL-5101,1262177
Real,2026-12-01,Salud,Clínica Oriente,SAL-5102,5066120
Real,2026-12-01,Salud,Clínica Oriente,SAL-5103,1836915
Real,2026-12-01,Salud,Clínica Oriente,SAL-5104,2245119
Real,2026-12-01,Salud,Clínica Oriente,SAL-5105,10225933
Real,2026-12-01,Salud,Clínica Oriente,SAL-5106,3475933
Real,2026-12-01,Salud,Clínica Oriente,SAL-6101,918173
Real,2026-12-01,Salud,Clínica Oriente,SAL-6102,906057
Real,2026-12-01,Salud,Clínica Oriente,SAL-6103,949579
Real,2026-12-01,Salud,Clínica Oriente,SAL-6104,410887
Real,2026-12-01,Salud,Clínica Oriente,SAL-6105,373587
Real,2026-12-01,Salud,Clínica Oriente,SAL-6106,2116993
Real,2026-12-01,Salud,Clínica Oriente,SAL-6107,406150
Real,2026-12-01,Salud,Clínica Oriente,SAL-6108,599075
Real,2026-12-01,Salud,Clínica Poniente,SAL-4101,4458629
Real,2026-12-01,Salud,Clínica Poniente,SAL-4102,1910841
Real,2026-12-01,Salud,Clínica Poniente,SAL-4103,886205
Real,2026-12-01,Salud,Clínica Poniente,SAL-4104,2658616
Real,2026-12-01,Salud,Clínica Poniente,SAL-4105,2254823
Real,2026-12-01,Salud,Clínica Poniente,SAL-4106,2755894
Real,2026-12-01,Salud,Clínica Poniente,SAL-5101,565441
Real,2026-12-01,Salud,Clínica Poniente,SAL-5102,2305299
Real,2026-12-01,Salud,Clínica Poniente,SAL-5103,846039
Real,2026-12-01,Salud,Clínica Poniente,SAL-5104,1034047
Real,2026-12-01,Salud,Clínica Poniente,SAL-5105,4752333
Real,2026-12-01,Salud,Clínica Poniente,SAL-5106,1752333
Real,2026-12-01,Salud,Clínica Poniente,SAL-6101,445431
Real,2026-12-01,Salud,Clínica Poniente,SAL-6102,415144
Real,2026-12-01,Salud,Clínica Poniente,SAL-6103,431447
Real,2026-12-01,Salud,Clínica Poniente,SAL-6104,194718
Real,2026-12-01,Salud,Clínica Poniente,SAL-6105,170843
Real,2026-12-01,Salud,Clínica Poniente,SAL-6106,968108
Real,2026-12-01,Salud,Clínica Poniente,SAL-6107,201374
Real,2026-12-01,Salud,Clínica Poniente,SAL-6108,276687
