asiento,linea,industria,cuenta_codigo,sucursal,debe,haber
MAN-00001,1,Manufactura,MAN-1101,,64967108,0
MAN-00001,2,Manufactura,MAN-1102,,116940794,0
MAN-00001,3,Manufactura,MAN-1103,,40688628,0
MAN-00001,4,Manufactura,MAN-1201,,623684237,0
MAN-00001,5,Manufactura,MAN-1202,,0,249473695
MAN-00001,6,Manufactura,MAN-2101,,0,57838552
MAN-00001,7,Manufactura,MAN-2102,,0,14576299
MAN-00001,8,Manufactura,MAN-2201,,0,112263163
MAN-00001,9,Manufactura,MAN-3101,,0,164851624
MAN-00001,10,Manufactura,MAN-3102,,0,247277434
MAN-00002,1,Manufactura,MAN-4106,Santiago,0,12317882
MAN-00002,2,Manufactura,MAN-4105,Santiago,0,5279093
MAN-00002,3,Manufactura,MAN-4106,Concepción,0,7379855
MAN-00002,4,Manufactura,MAN-4105,Concepción,0,3162795
MAN-00002,5,Manufactura,MAN-4106,Antofagasta,0,4720537
MAN-00002,6,Manufactura,MAN-4105,Antofagasta,0,2023088
MAN-00002,7,Manufactura,MAN-4104,Santiago,0,7577904
MAN-00002,8,Manufactura,MAN-4103,Santiago,0,5051936
MAN-00002,9,Manufactura,MAN-4104,Concepción,0,4542496
MAN-00002,10,Manufactura,MAN-4103,Concepción,0,3028331
MAN-00002,11,Manufactura,MAN-4104,Antofagasta,0,2950480
MAN-00002,12,Manufactura,MAN-4103,Antofagasta,0,1966987
MAN-00002,13,Manufactura,MAN-4101,Santiago,0,1755962
MAN-00002,14,Manufactura,MAN-4102,Santiago,0,752555
MAN-00002,15,Manufactura,MAN-4101,Concepción,0,1051781
MAN-00002,16,Manufactura,MAN-4102,Concepción,0,450764
MAN-00002,17,Manufactura,MAN-4101,Antofagasta,0,668263
MAN-00002,18,Manufactura,MAN-4102,Antofagasta,0,286399
MAN-00002,19,Manufactura,MAN-1102,,64967108,0
MAN-00003,1,Manufactura,MAN-1101,,64967108,0
MAN-00003,2,Manufactura,MAN-1102,,0,64967108
MAN-00004,1,Manufactura,MAN-1103,,24044860,0
MAN-00004,2,Manufactura,MAN-2101,,0,24044860
MAN-00005,1,Manufactura,MAN-5105,Santiago,6158077,0
MAN-00005,2,Manufactura,MAN-5106,Santiago,4105385,0
MAN-00005,3,Manufactura,MAN-5105,Concepción,3697845,0
MAN-00005,4,Manufactura,MAN-5106,Concepción,2465230,0
MAN-00005,5,Manufactura,MAN-5105,Antofagasta,2520202,0
MAN-00005,6,Manufactura,MAN-5106,Antofagasta,1680135,0
MAN-00005,7,Manufactura,MAN-1103,,0,20626874
MAN-00006,1,Manufactura,MAN-5101,Santiago,1503873,0
MAN-00006,2,Manufactura,MAN-5102,Santiago,375968,0
MAN-00006,3,Manufactura,MAN-5101,Concepción,900689,0
MAN-00006,4,Manufactura,MAN-5102,Concepción,225172,0
MAN-00006,5,Manufactura,MAN-5101,Antofagasta,570481,0
MAN-00006,6,Manufactura,MAN-5102,Antofagasta,142620,0
MAN-00006,7,Manufactura,MAN-6103,Santiago,908102,0
MAN-00006,8,Manufactura,MAN-6102,Santiago,389187,0
MAN-00006,9,Manufactura,MAN-6103,Concepción,545972,0
MAN-00006,10,Manufactura,MAN-6102,Concepción,233988,0
MAN-00006,11,Manufactura,MAN-6103,Antofagasta,384334,0
MAN-00006,12,Manufactura,MAN-6102,Antofagasta,164715,0
MAN-00006,13,Manufactura,MAN-6107,Santiago,651967,0
MAN-00006,14,Manufactura,MAN-6106,Santiago,427948,0
MAN-00006,15,Manufactura,MAN-6107,Concepción,392185,0
MAN-00006,16,Manufactura,MAN-6106,Concepción,256992,0
MAN-00006,17,Manufactura,MAN-6107,Antofagasta,279872,0
MAN-00006,18,Manufactura,MAN-6106,Antofagasta,175421,0
MAN-00006,19,Manufactura,MAN-6105,Santiago,1254700,0
MAN-00006,20,Manufactura,MAN-6104,Santiago,422411,0
MAN-00006,21,Manufactura,MAN-6105,Concepción,751567,0
MAN-00006,22,Manufactura,MAN-6104,Concepción,253307,0
MAN-00006,23,Manufactura,MAN-6105,Antofagasta,478067,0
MAN-00006,24,Manufactura,MAN-6104,Antofagasta,166319,0
MAN-00006,25,Manufactura,MAN-6101,Santiago,767497,0
MAN-00006,26,Manufactura,MAN-6101,Concepción,460731,0
MAN-00006,27,Manufactura,MAN-6101,Antofagasta,311427,0
MAN-00006,28,Manufactura,MAN-6110,Santiago,359229,0
MAN-00006,29,Manufactura,MAN-6111,Santiago,153955,0
MAN-00006,30,Manufactura,MAN-6110,Concepción,215710,0
MAN-00006,31,Manufactura,MAN-6111,Concepción,92447,0
MAN-00006,32,Manufactura,MAN-6110,Antofagasta,146959,0
MAN-00006,33,Manufactura,MAN-6111,Antofagasta,62982,0
MAN-00006,34,Manufactura,MAN-2101,,0,14426794
MAN-00007,1,Manufactura,MAN-5104,Santiago,4112060,0
MAN-00007,2,Manufactura,MAN-5103,Santiago,1046245,0
MAN-00007,3,Manufactura,MAN-5104,Concepción,2469666,0
MAN-00007,4,Manufactura,MAN-5103,Concepción,629570,0
MAN-00007,5,Manufactura,MAN-5104,Antofagasta,1691006,0
MAN-00007,6,Manufactura,MAN-5103,Antofagasta,453134,0
MAN-00007,7,Manufactura,MAN-6109,Santiago,1786178,0
MAN-00007,8,Manufactura,MAN-6108,Santiago,315208,0
MAN-00007,9,Manufactura,MAN-6109,Concepción,1070510,0
MAN-00007,10,Manufactura,MAN-6108,Concepción,188913,0
MAN-00007,11,Manufactura,MAN-6109,Antofagasta,691738,0
MAN-00007,12,Manufactura,MAN-6108,Antofagasta,122071,0
MAN-00007,13,Manufactura,MAN-2102,,0,14576299
MAN-00008,1,Manufactura,MAN-2102,,14576299,0
MAN-00008,2,Manufactura,MAN-1101,,0,14576299
MAN-00009,1,Manufactura,MAN-2101,,35053668,0
MAN-00009,2,Manufactura,MAN-1101,,0,35053668
MAN-00010,1,Manufactura,MAN-1201,,3553213,0
MAN-00010,2,Manufactura,MAN-1101,,0,3553213
MAN-00011,1,Manufactura,MAN-6901,,4181583,0
MAN-00011,2,Manufactura,MAN-1202,,0,4181583
MAN-00012,1,Manufactura,MAN-6902,,701645,0
MAN-00012,2,Manufactura,MAN-1101,,0,701645
MAN-00013,1,Manufactura,MAN-2201,,935526,0
MAN-00013,2,Manufactura,MAN-1101,,0,935526
MAN-00014,1,Manufactura,MAN-6903,,2822557,0
MAN-00014,2,Manufactura,MAN-2104,,0,2822557
MAN-00015,1,Manufactura,MAN-4106,Santiago,0,12023144
MAN-00015,2,Manufactura,MAN-4105,Santiago,0,5152776
MAN-00015,3,Manufactura,MAN-4106,Concepción,0,7201843
MAN-00015,4,Manufactura,MAN-4105,Concepción,0,3086504
MAN-00015,5,Manufactura,MAN-4106,Antofagasta,0,4580427
MAN-00015,6,Manufactura,MAN-4105,Antofagasta,0,1963040
MAN-00015,7,Manufactura,MAN-4104,Santiago,0,7398918
MAN-00015,8,Manufactura,MAN-4103,Santiago,0,4932612
MAN-00015,9,Manufactura,MAN-4104,Concepción,0,4434492
MAN-00015,10,Manufactura,MAN-4103,Concepción,0,2956328
MAN-00015,11,Manufactura,MAN-4104,Antofagasta,0,2867251
MAN-00015,12,Manufactura,MAN-4103,Antofagasta,0,1911501
MAN-00015,13,Manufactura,MAN-4101,Santiago,0,1713114
MAN-00015,14,Manufactura,MAN-4102,Santiago,0,734192
MAN-00015,15,Manufactura,MAN-4101,Concepción,0,1025853
MAN-00015,16,Manufactura,MAN-4102,Concepción,0,439651
MAN-00015,17,Manufactura,MAN-4101,Antofagasta,0,646946
MAN-00015,18,Manufactura,MAN-4102,Antofagasta,0,277263
MAN-00015,19,Manufactura,MAN-1102,,63345855,0
MAN-00016,1,Manufactura,MAN-1101,,64967108,0
MAN-00016,2,Manufactura,MAN-1102,,0,64967108
MAN-00017,1,Manufactura,MAN-1103,,23511500,0
MAN-00017,2,Manufactura,MAN-2101,,0,23511500
MAN-00018,1,Manufactura,MAN-5105,Santiago,6014192,0
MAN-00018,2,Manufactura,MAN-5106,Santiago,4009462,0
MAN-00018,3,Manufactura,MAN-5105,Concepción,3610961,0
MAN-00018,4,Manufactura,MAN-5106,Concepción,2407308,0
MAN-00018,5,Manufactura,MAN-5105,Antofagasta,2452154,0
MAN-00018,6,Manufactura,MAN-5106,Antofagasta,1634769,0
MAN-00018,7,Manufactura,MAN-1103,,0,20128846
MAN-00019,1,Manufactura,MAN-5101,Santiago,1496835,0
MAN-00019,2,Manufactura,MAN-5102,Santiago,374209,0
MAN-00019,3,Manufactura,MAN-5101,Concepción,898263,0
MAN-00019,4,Manufactura,MAN-5102,Concepción,224566,0
MAN-00019,5,Manufactura,MAN-5101,Antofagasta,601819,0
MAN-00019,6,Manufactura,MAN-5102,Antofagasta,150455,0
MAN-00019,7,Manufactura,MAN-6103,Santiago,878021,0
MAN-00019,8,Manufactura,MAN-6102,Santiago,376294,0
MAN-00019,9,Manufactura,MAN-6103,Concepción,527224,0
MAN-00019,10,Manufactura,MAN-6102,Concepción,225953,0
MAN-00019,11,Manufactura,MAN-6103,Antofagasta,359025,0
MAN-00019,12,Manufactura,MAN-6102,Antofagasta,153868,0
MAN-00019,13,Manufactura,MAN-6107,Santiago,618978,0
MAN-00019,14,Manufactura,MAN-6106,Santiago,414217,0
MAN-00019,15,Manufactura,MAN-6107,Concepción,371152,0
MAN-00019,16,Manufactura,MAN-6106,Concepción,248478,0
MAN-00019,17,Manufactura,MAN-6107,Antofagasta,243130,0
MAN-00019,18,Manufactura,MAN-6106,Antofagasta,164695,0
MAN-00019,19,Manufactura,MAN-6105,Santiago,1253311,0
MAN-00019,20,Manufactura,MAN-6104,Santiago,416007,0
MAN-00019,21,Manufactura,MAN-6105,Concepción,752515,0
MAN-00019,22,Manufactura,MAN-6104,Concepción,249663,0
MAN-00019,23,Manufactura,MAN-6105,Antofagasta,511376,0
MAN-00019,24,Manufactura,MAN-6104,Antofagasta,167520,0
MAN-00019,25,Manufactura,MAN-6101,Santiago,748936,0
MAN-00019,26,Manufactura,MAN-6101,Concepción,449490,0
MAN-00019,27,Manufactura,MAN-6101,Antofagasta,302026,0
MAN-00019,28,Manufactura,MAN-6110,Santiago,349196,0
MAN-00019,29,Manufactura,MAN-6111,Santiago,149656,0
MAN-00019,30,Manufactura,MAN-6110,Concepción,209557,0
MAN-00019,31,Manufactura,MAN-6111,Concepción,89810,0
MAN-00019,32,Manufactura,MAN-6110,Antofagasta,140434,0
MAN-00019,33,Manufactura,MAN-6111,Antofagasta,60186,0
MAN-00019,34,Manufactura,MAN-2101,,0,14176865
MAN-00020,1,Manufactura,MAN-5104,Santiago,3972455,0
MAN-00020,2,Manufactura,MAN-5103,Santiago,986941,0
MAN-00020,3,Manufactura,MAN-5104,Concepción,2382650,0
MAN-00020,4,Manufactura,MAN-5103,Concepción,591547,0
MAN-00020,5,Manufactura,MAN-5104,Antofagasta,1573345,0
MAN-00020,6,Manufactura,MAN-5103,Antofagasta,383048,0
MAN-00020,7,Manufactura,MAN-6109,Santiago,1786784,0
MAN-00020,8,Manufactura,MAN-6108,Santiago,315315,0
MAN-00020,9,Manufactura,MAN-6109,Concepción,1073577,0
MAN-00020,10,Manufactura,MAN-6108,Concepción,189455,0
MAN-00020,11,Manufactura,MAN-6109,Antofagasta,743351,0
MAN-00020,12,Manufactura,MAN-6108,Antofagasta,131180,0
MAN-00020,13,Manufactura,MAN-2102,,0,14129648
MAN-00021,1,Manufactura,MAN-2102,,14576299,0
MAN-00021,2,Manufactura,MAN-1101,,0,14576299
MAN-00022,1,Manufactura,MAN-2101,,36249963,0
MAN-00022,2,Manufactura,MAN-1101,,0,36249963
MAN-00023,1,Manufactura,MAN-1201,,1646532,0
MAN-00023,2,Manufactura,MAN-1101,,0,1646532
MAN-00024,1,Manufactura,MAN-6901,,4192560,0
MAN-00024,2,Manufactura,MAN-1202,,0,4192560
MAN-00025,1,Manufactura,MAN-6902,,695798,0
MAN-00025,2,Manufactura,MAN-1101,,0,695798
MAN-00026,1,Manufactura,MAN-2201,,935526,0
MAN-00026,2,Manufactura,MAN-1101,,0,935526
MAN-00027,1,Manufactura,MAN-6903,,2705977,0
MAN-00027,2,Manufactura,MAN-2104,,0,2705977
MAN-00028,1,Manufactura,MAN-4106,Santiago,0,13767525
MAN-00028,2,Manufactura,MAN-4105,Santiago,0,5900368
MAN-00028,3,Manufactura,MAN-4106,Concepción,0,8253813
MAN-00028,4,Manufactura,MAN-4105,Concepción,0,3537348
MAN-00028,5,Manufactura,MAN-4106,Antofagasta,0,5379677
MAN-00028,6,Manufactura,MAN-4105,Antofagasta,0,2305576
MAN-00028,7,Manufactura,MAN-4104,Santiago,0,8478036
MAN-00028,8,Manufactura,MAN-4103,Santiago,0,5652024
MAN-00028,9,Manufactura,MAN-4104,Concepción,0,5085984
MAN-00028,10,Manufactura,MAN-4103,Concepción,0,3390656
MAN-00028,11,Manufactura,MAN-4104,Antofagasta,0,3375301
MAN-00028,12,Manufactura,MAN-4103,Antofagasta,0,2250200
MAN-00028,13,Manufactura,MAN-4101,Santiago,0,1939086
MAN-00028,14,Manufactura,MAN-4102,Santiago,0,831037
MAN-00028,15,Manufactura,MAN-4101,Concepción,0,1160657
MAN-00028,16,Manufactura,MAN-4102,Concepción,0,497425
MAN-00028,17,Manufactura,MAN-4101,Antofagasta,0,722544
MAN-00028,18,Manufactura,MAN-4102,Antofagasta,0,309662
MAN-00028,19,Manufactura,MAN-1102,,72836919,0
MAN-00029,1,Manufactura,MAN-1101,,64480732,0
MAN-00029,2,Manufactura,MAN-1102,,0,64480732
MAN-00030,1,Manufactura,MAN-1103,,26717560,0
MAN-00030,2,Manufactura,MAN-2101,,0,26717560
MAN-00031,1,Manufactura,MAN-5105,Santiago,6813145,0
MAN-00031,2,Manufactura,MAN-5106,Santiago,4542097,0
MAN-00031,3,Manufactura,MAN-5105,Concepción,4089256,0
MAN-00031,4,Manufactura,MAN-5106,Concepción,2726171,0
MAN-00031,5,Manufactura,MAN-5105,Antofagasta,2751281,0
MAN-00031,6,Manufactura,MAN-5106,Antofagasta,1834188,0
MAN-00031,7,Manufactura,MAN-1103,,0,22756138
MAN-00032,1,Manufactura,MAN-5101,Santiago,1727585,0
MAN-00032,2,Manufactura,MAN-5102,Santiago,431896,0
MAN-00032,3,Manufactura,MAN-5101,Concepción,1038523,0
MAN-00032,4,Manufactura,MAN-5102,Concepción,259631,0
MAN-00032,5,Manufactura,MAN-5101,Antofagasta,728509,0
MAN-00032,6,Manufactura,MAN-5102,Antofagasta,182127,0
MAN-00032,7,Manufactura,MAN-6103,Santiago,985513,0
MAN-00032,8,Manufactura,MAN-6102,Santiago,422363,0
MAN-00032,9,Manufactura,MAN-6103,Concepción,590975,0
MAN-00032,10,Manufactura,MAN-6102,Concepción,253275,0
MAN-00032,11,Manufactura,MAN-6103,Antofagasta,387889,0
MAN-00032,12,Manufactura,MAN-6102,Antofagasta,166238,0
MAN-00032,13,Manufactura,MAN-6107,Santiago,718249,0
MAN-00032,14,Manufactura,MAN-6106,Santiago,474011,0
MAN-00032,15,Manufactura,MAN-6107,Concepción,431673,0
MAN-00032,16,Manufactura,MAN-6106,Concepción,284567,0
MAN-00032,17,Manufactura,MAN-6107,Antofagasta,301041,0
MAN-00032,18,Manufactura,MAN-6106,Antofagasta,192658,0
MAN-00032,19,Manufactura,MAN-6105,Santiago,1427009,0
MAN-00032,20,Manufactura,MAN-6104,Santiago,473057,0
MAN-00032,21,Manufactura,MAN-6105,Concepción,856989,0
MAN-00032,22,Manufactura,MAN-6104,Concepción,283921,0
MAN-00032,23,Manufactura,MAN-6105,Antofagasta,585698,0
MAN-00032,24,Manufactura,MAN-6104,Antofagasta,190878,0
MAN-00032,25,Manufactura,MAN-6101,Santiago,862329,0
MAN-00032,26,Manufactura,MAN-6101,Concepción,518286,0
MAN-00032,27,Manufactura,MAN-6101,Antofagasta,361816,0
MAN-00032,28,Manufactura,MAN-6110,Santiago,399058,0
MAN-00032,29,Manufactura,MAN-6111,Santiago,171025,0
MAN-00032,30,Manufactura,MAN-6110,Concepción,239625,0
MAN-00032,31,Manufactura,MAN-6111,Concepción,102697,0
MAN-00032,32,Manufactura,MAN-6110,Antofagasta,163244,0
MAN-00032,33,Manufactura,MAN-6111,Antofagasta,69962,0
MAN-00032,34,Manufactura,MAN-2101,,0,16282317
MAN-00033,1,Manufactura,MAN-5104,Santiago,4547803,0
MAN-00033,2,Manufactura,MAN-5103,Santiago,1146652,0
MAN-00033,3,Manufactura,MAN-5104,Concepción,2729976,0
MAN-00033,4,Manufactura,MAN-5103,Concepción,688962,0
MAN-00033,5,Manufactura,MAN-5104,Antofagasta,1843699,0
MAN-00033,6,Manufactura,MAN-5103,Antofagasta,477094,0
MAN-00033,7,Manufactura,MAN-6109,Santiago,2007249,0
MAN-00033,8,Manufactura,MAN-6108,Santiago,354221,0
MAN-00033,9,Manufactura,MAN-6109,Concepción,1204518,0
MAN-00033,10,Manufactura,MAN-6108,Concepción,212562,0
MAN-00033,11,Manufactura,MAN-6109,Antofagasta,806097,0
MAN-00033,12,Manufactura,MAN-6108,Antofagasta,142252,0
MAN-00033,13,Manufactura,MAN-2102,,0,16161085
MAN-00034,1,Manufactura,MAN-2102,,14129648,0
MAN-00034,2,Manufactura,MAN-1101,,0,14129648
MAN-00035,1,Manufactura,MAN-2101,,38197503,0
MAN-00035,2,Manufactura,MAN-1101,,0,38197503
MAN-00036,1,Manufactura,MAN-1201,,2437018,0
MAN-00036,2,Manufactura,MAN-1101,,0,2437018
MAN-00037,1,Manufactura,MAN-6901,,4208807,0
MAN-00037,2,Manufactura,MAN-1202,,0,4208807
MAN-00038,1,Manufactura,MAN-6902,,689951,0
MAN-00038,2,Manufactura,MAN-1101,,0,689951
MAN-00039,1,Manufactura,MAN-2201,,935526,0
MAN-00039,2,Manufactura,MAN-1101,,0,935526
MAN-00040,1,Manufactura,MAN-6903,,3439428,0
MAN-00040,2,Manufactura,MAN-2104,,0,3439428
MAN-00041,1,Manufactura,MAN-4106,Santiago,0,13574549
MAN-00041,2,Manufactura,MAN-4105,Santiago,0,5817664
MAN-00041,3,Manufactura,MAN-4106,Concepción,0,8125163
MAN-00041,4,Manufactura,MAN-4105,Concepción,0,3482213
MAN-00041,5,Manufactura,MAN-4106,Antofagasta,0,5058053
MAN-00041,6,Manufactura,MAN-4105,Antofagasta,0,2167737
MAN-00041,7,Manufactura,MAN-4104,Santiago,0,8470294
MAN-00041,8,Manufactura,MAN-4103,Santiago,0,5646862
MAN-00041,9,Manufactura,MAN-4104,Concepción,0,5080823
MAN-00041,10,Manufactura,MAN-4103,Concepción,0,3387215
MAN-00041,11,Manufactura,MAN-4104,Antofagasta,0,3362397
MAN-00041,12,Manufactura,MAN-4103,Antofagasta,0,2241598
MAN-00041,13,Manufactura,MAN-4101,Santiago,0,1962657
MAN-00041,14,Manufactura,MAN-4102,Santiago,0,841139
MAN-00041,15,Manufactura,MAN-4101,Concepción,0,1176371
MAN-00041,16,Manufactura,MAN-4102,Concepción,0,504159
MAN-00041,17,Manufactura,MAN-4101,Antofagasta,0,761829
MAN-00041,18,Manufactura,MAN-4102,Antofagasta,0,326498
MAN-00041,19,Manufactura,MAN-1102,,71987221,0
MAN-00042,1,Manufactura,MAN-1101,,66355300,0
MAN-00042,2,Manufactura,MAN-1102,,0,66355300
MAN-00043,1,Manufactura,MAN-1103,,26717560,0
MAN-00043,2,Manufactura,MAN-2101,,0,26717560
MAN-00044,1,Manufactura,MAN-5105,Santiago,6739641,0
MAN-00044,2,Manufactura,MAN-5106,Santiago,4493094,0
MAN-00044,3,Manufactura,MAN-5105,Concepción,4040254,0
MAN-00044,4,Manufactura,MAN-5106,Concepción,2693503,0
MAN-00044,5,Manufactura,MAN-5105,Antofagasta,2628775,0
MAN-00044,6,Manufactura,MAN-5106,Antofagasta,1752517,0
MAN-00044,7,Manufactura,MAN-1103,,0,22347784
MAN-00045,1,Manufactura,MAN-5101,Santiago,1718922,0
MAN-00045,2,Manufactura,MAN-5102,Santiago,429731,0
MAN-00045,3,Manufactura,MAN-5101,Concepción,1032748,0
MAN-00045,4,Manufactura,MAN-5102,Concepción,258187,0
MAN-00045,5,Manufactura,MAN-5101,Antofagasta,714071,0
MAN-00045,6,Manufactura,MAN-5102,Antofagasta,178518,0
MAN-00045,7,Manufactura,MAN-6103,Santiago,990713,0
MAN-00045,8,Manufactura,MAN-6102,Santiago,424592,0
MAN-00045,9,Manufactura,MAN-6103,Concepción,594442,0
MAN-00045,10,Manufactura,MAN-6102,Concepción,254761,0
MAN-00045,11,Manufactura,MAN-6103,Antofagasta,396555,0
MAN-00045,12,Manufactura,MAN-6102,Antofagasta,169952,0
MAN-00045,13,Manufactura,MAN-6107,Santiago,707915,0
MAN-00045,14,Manufactura,MAN-6106,Santiago,471715,0
MAN-00045,15,Manufactura,MAN-6107,Concepción,424784,0
MAN-00045,16,Manufactura,MAN-6106,Concepción,283036,0
MAN-00045,17,Manufactura,MAN-6107,Antofagasta,283819,0
MAN-00045,18,Manufactura,MAN-6106,Antofagasta,188831,0
MAN-00045,19,Manufactura,MAN-6105,Santiago,1462093,0
MAN-00045,20,Manufactura,MAN-6104,Santiago,476955,0
MAN-00045,21,Manufactura,MAN-6105,Concepción,880379,0
MAN-00045,22,Manufactura,MAN-6104,Concepción,286520,0
MAN-00045,23,Manufactura,MAN-6105,Antofagasta,644172,0
MAN-00045,24,Manufactura,MAN-6104,Antofagasta,197375,0
MAN-00045,25,Manufactura,MAN-6101,Santiago,846815,0
MAN-00045,26,Manufactura,MAN-6101,Concepción,507943,0
MAN-00045,27,Manufactura,MAN-6101,Antofagasta,335959,0
MAN-00045,28,Manufactura,MAN-6110,Santiago,390395,0
MAN-00045,29,Manufactura,MAN-6111,Santiago,167312,0
MAN-00045,30,Manufactura,MAN-6110,Concepción,233850,0
MAN-00045,31,Manufactura,MAN-6111,Concepción,100222,0
MAN-00045,32,Manufactura,MAN-6110,Antofagasta,148805,0
MAN-00045,33,Manufactura,MAN-6111,Antofagasta,63774,0
MAN-00045,34,Manufactura,MAN-2101,,0,16265861
MAN-00046,1,Manufactura,MAN-5104,Santiago,4555975,0
MAN-00046,2,Manufactura,MAN-5103,Santiago,1152781,0
MAN-00046,3,Manufactura,MAN-5104,Concepción,2735423,0
MAN-00046,4,Manufactura,MAN-5103,Concepción,693047,0
MAN-00046,5,Manufactura,MAN-5104,Antofagasta,1857318,0
MAN-00046,6,Manufactura,MAN-5103,Antofagasta,487308,0
MAN-00046,7,Manufactura,MAN-6109,Santiago,2019955,0
MAN-00046,8,Manufactura,MAN-6108,Santiago,356462,0
MAN-00046,9,Manufactura,MAN-6109,Concepción,1212988,0
MAN-00046,10,Manufactura,MAN-6108,Concepción,214057,0
MAN-00046,11,Manufactura,MAN-6109,Antofagasta,827273,0
MAN-00046,12,Manufactura,MAN-6108,Antofagasta,145989,0
MAN-00046,13,Manufactura,MAN-2102,,0,16258576
MAN-00047,1,Manufactura,MAN-2102,,16161085,0
MAN-00047,2,Manufactura,MAN-1101,,0,16161085
MAN-00048,1,Manufactura,MAN-2101,,39547394,0
MAN-00048,2,Manufactura,MAN-1101,,0,39547394
MAN-00049,1,Manufactura,MAN-1201,,2282891,0
MAN-00049,2,Manufactura,MAN-1101,,0,2282891
MAN-00050,1,Manufactura,MAN-6901,,4224026,0
MAN-00050,2,Manufactura,MAN-1202,,0,4224026
MAN-00051,1,Manufactura,MAN-6902,,684104,0
MAN-00051,2,Manufactura,MAN-1101,,0,684104
MAN-00052,1,Manufactura,MAN-2201,,935526,0
MAN-00052,2,Manufactura,MAN-1101,,0,935526
MAN-00053,1,Manufactura,MAN-6903,,3295855,0
MAN-00053,2,Manufactura,MAN-2104,,0,3295855
MAN-00054,1,Manufactura,MAN-4106,Santiago,0,13700213
MAN-00054,2,Manufactura,MAN-4105,Santiago,0,5871520
MAN-00054,3,Manufactura,MAN-4106,Concepción,0,8208939
MAN-00054,4,Manufactura,MAN-4105,Concepción,0,3518117
MAN-00054,5,Manufactura,MAN-4106,Antofagasta,0,5267493
MAN-00054,6,Manufactura,MAN-4105,Antofagasta,0,2257497
MAN-00054,7,Manufactura,MAN-4104,Santiago,0,8234137
MAN-00054,8,Manufactura,MAN-4103,Santiago,0,5489425
MAN-00054,9,Manufactura,MAN-4104,Concepción,0,4923385
MAN-00054,10,Manufactura,MAN-4103,Concepción,0,3282257
MAN-00054,11,Manufactura,MAN-4104,Antofagasta,0,2968802
MAN-00054,12,Manufactura,MAN-4103,Antofagasta,0,1979202
MAN-00054,13,Manufactura,MAN-4101,Santiago,0,1971325
MAN-00054,14,Manufactura,MAN-4102,Santiago,0,844854
MAN-00054,15,Manufactura,MAN-4101,Concepción,0,1182150
MAN-00054,16,Manufactura,MAN-4102,Concepción,0,506636
MAN-00054,17,Manufactura,MAN-4101,Antofagasta,0,776276
MAN-00054,18,Manufactura,MAN-4102,Antofagasta,0,332690
MAN-00054,19,Manufactura,MAN-1102,,71314918,0
MAN-00055,1,Manufactura,MAN-1101,,71632903,0
MAN-00055,2,Manufactura,MAN-1102,,0,71632903
MAN-00056,1,Manufactura,MAN-1103,,26717560,0
MAN-00056,2,Manufactura,MAN-2101,,0,26717560
MAN-00057,1,Manufactura,MAN-5105,Santiago,6906825,0
MAN-00057,2,Manufactura,MAN-5106,Santiago,4604550,0
MAN-00057,3,Manufactura,MAN-5105,Concepción,4151710,0
MAN-00057,4,Manufactura,MAN-5106,Concepción,2767807,0
MAN-00057,5,Manufactura,MAN-5105,Antofagasta,2907415,0
MAN-00057,6,Manufactura,MAN-5106,Antofagasta,1938277,0
MAN-00057,7,Manufactura,MAN-1103,,0,23276584
MAN-00058,1,Manufactura,MAN-5101,Santiago,1692732,0
MAN-00058,2,Manufactura,MAN-5102,Santiago,423183,0
MAN-00058,3,Manufactura,MAN-5101,Concepción,1015288,0
MAN-00058,4,Manufactura,MAN-5102,Concepción,253822,0
MAN-00058,5,Manufactura,MAN-5101,Antofagasta,670421,0
MAN-00058,6,Manufactura,MAN-5102,Antofagasta,167605,0
MAN-00058,7,Manufactura,MAN-6103,Santiago,993489,0
MAN-00058,8,Manufactura,MAN-6102,Santiago,425781,0
MAN-00058,9,Manufactura,MAN-6103,Concepción,596293,0
MAN-00058,10,Manufactura,MAN-6102,Concepción,255554,0
MAN-00058,11,Manufactura,MAN-6103,Antofagasta,401182,0
MAN-00058,12,Manufactura,MAN-6102,Antofagasta,171935,0
MAN-00058,13,Manufactura,MAN-6107,Santiago,715278,0
MAN-00058,14,Manufactura,MAN-6106,Santiago,473350,0
MAN-00058,15,Manufactura,MAN-6107,Concepción,429692,0
MAN-00058,16,Manufactura,MAN-6106,Concepción,284127,0
MAN-00058,17,Manufactura,MAN-6107,Antofagasta,296090,0
MAN-00058,18,Manufactura,MAN-6106,Antofagasta,191558,0
MAN-00058,19,Manufactura,MAN-6105,Santiago,1429350,0
MAN-00058,20,Manufactura,MAN-6104,Santiago,473317,0
MAN-00058,21,Manufactura,MAN-6105,Concepción,858550,0
MAN-00058,22,Manufactura,MAN-6104,Concepción,284094,0
MAN-00058,23,Manufactura,MAN-6105,Antofagasta,589599,0
MAN-00058,24,Manufactura,MAN-6104,Antofagasta,191311,0
MAN-00058,25,Manufactura,MAN-6101,Santiago,852901,0
MAN-00058,26,Manufactura,MAN-6101,Concepción,512001,0
MAN-00058,27,Manufactura,MAN-6101,Antofagasta,346101,0
MAN-00058,28,Manufactura,MAN-6110,Santiago,396507,0
MAN-00058,29,Manufactura,MAN-6111,Santiago,169932,0
MAN-00058,30,Manufactura,MAN-6110,Concepción,237925,0
MAN-00058,31,Manufactura,MAN-6111,Concepción,101968,0
MAN-00058,32,Manufactura,MAN-6110,Antofagasta,158992,0
MAN-00058,33,Manufactura,MAN-6111,Antofagasta,68139,0
MAN-00058,34,Manufactura,MAN-2101,,0,16128067
MAN-00059,1,Manufactura,MAN-5104,Santiago,4539604,0
MAN-00059,2,Manufactura,MAN-5103,Santiago,1140503,0
MAN-00059,3,Manufactura,MAN-5104,Concepción,2724509,0
MAN-00059,4,Manufactura,MAN-5103,Concepción,684862,0
MAN-00059,5,Manufactura,MAN-5104,Antofagasta,1830033,0
MAN-00059,6,Manufactura,MAN-5103,Antofagasta,466844,0
MAN-00059,7,Manufactura,MAN-6109,Santiago,2012904,0
MAN-00059,8,Manufactura,MAN-6108,Santiago,355218,0
MAN-00059,9,Manufactura,MAN-6109,Concepción,1208287,0
MAN-00059,10,Manufactura,MAN-6108,Concepción,213227,0
MAN-00059,11,Manufactura,MAN-6109,Antofagasta,815521,0
MAN-00059,12,Manufactura,MAN-6108,Antofagasta,143916,0
MAN-00059,13,Manufactura,MAN-2102,,0,16135428
MAN-00060,1,Manufactura,MAN-2102,,16258576,0
MAN-00060,2,Manufactura,MAN-1101,,0,16258576
MAN-00061,1,Manufactura,MAN-2101,,42994117,0
MAN-00061,2,Manufactura,MAN-1101,,0,42994117
MAN-00062,1,Manufactura,MAN-1201,,3917165,0
MAN-00062,2,Manufactura,MAN-1101,,0,3917165
MAN-00063,1,Manufactura,MAN-6901,,4250140,0
MAN-00063,2,Manufactura,MAN-1202,,0,4250140
MAN-00064,1,Manufactura,MAN-6902,,678257,0
MAN-00064,2,Manufactura,MAN-1101,,0,678257
MAN-00065,1,Manufactura,MAN-2201,,935526,0
MAN-00065,2,Manufactura,MAN-1101,,0,935526
MAN-00066,1,Manufactura,MAN-6903,,2928539,0
MAN-00066,2,Manufactura,MAN-2104,,0,2928539
MAN-00067,1,Manufactura,MAN-4106,Santiago,0,13579263
MAN-00067,2,Manufactura,MAN-4105,Santiago,0,5819684
MAN-00067,3,Manufactura,MAN-4106,Concepción,0,8128305
MAN-00067,4,Manufactura,MAN-4105,Concepción,0,3483559
MAN-00067,5,Manufactura,MAN-4106,Antofagasta,0,5065907
MAN-00067,6,Manufactura,MAN-4105,Antofagasta,0,2171103
MAN-00067,7,Manufactura,MAN-4104,Santiago,0,8367256
MAN-00067,8,Manufactura,MAN-4103,Santiago,0,5578170
MAN-00067,9,Manufactura,MAN-4104,Concepción,0,5012131
MAN-00067,10,Manufactura,MAN-4103,Concepción,0,3341420
MAN-00067,11,Manufactura,MAN-4104,Antofagasta,0,3190666
MAN-00067,12,Manufactura,MAN-4103,Antofagasta,0,2127111
MAN-00067,13,Manufactura,MAN-4101,Santiago,0,1950438
MAN-00067,14,Manufactura,MAN-4102,Santiago,0,835902
MAN-00067,15,Manufactura,MAN-4101,Concepción,0,1168226
MAN-00067,16,Manufactura,MAN-4102,Concepción,0,500668
MAN-00067,17,Manufactura,MAN-4101,Antofagasta,0,741464
MAN-00067,18,Manufactura,MAN-4102,Antofagasta,0,317770
MAN-00067,19,Manufactura,MAN-1102,,71379043,0
MAN-00068,1,Manufactura,MAN-1101,,71870500,0
MAN-00068,2,Manufactura,MAN-1102,,0,71870500
MAN-00069,1,Manufactura,MAN-1103,,26717560,0
MAN-00069,2,Manufactura,MAN-2101,,0,26717560
MAN-00070,1,Manufactura,MAN-5105,Santiago,6882476,0
MAN-00070,2,Manufactura,MAN-5106,Santiago,4588318,0
MAN-00070,3,Manufactura,MAN-5105,Concepción,4135477,0
MAN-00070,4,Manufactura,MAN-5106,Concepción,2756985,0
MAN-00070,5,Manufactura,MAN-5105,Antofagasta,2866834,0
MAN-00070,6,Manufactura,MAN-5106,Antofagasta,1911223,0
MAN-00070,7,Manufactura,MAN-1103,,0,23141313
MAN-00071,1,Manufactura,MAN-5101,Santiago,1689361,0
MAN-00071,2,Manufactura,MAN-5102,Santiago,422340,0
MAN-00071,3,Manufactura,MAN-5101,Concepción,1013040,0
MAN-00071,4,Manufactura,MAN-5102,Concepción,253260,0
MAN-00071,5,Manufactura,MAN-5101,Antofagasta,664801,0
MAN-00071,6,Manufactura,MAN-5102,Antofagasta,166200,0
MAN-00071,7,Manufactura,MAN-6103,Santiago,1000295,0
MAN-00071,8,Manufactura,MAN-6102,Santiago,428698,0
MAN-00071,9,Manufactura,MAN-6103,Concepción,600830,0
MAN-00071,10,Manufactura,MAN-6102,Concepción,257498,0
MAN-00071,11,Manufactura,MAN-6103,Antofagasta,412524,0
MAN-00071,12,Manufactura,MAN-6102,Antofagasta,176796,0
MAN-00071,13,Manufactura,MAN-6107,Santiago,722223,0
MAN-00071,14,Manufactura,MAN-6106,Santiago,474894,0
MAN-00071,15,Manufactura,MAN-6107,Concepción,434322,0
MAN-00071,16,Manufactura,MAN-6106,Concepción,285156,0
MAN-00071,17,Manufactura,MAN-6107,Antofagasta,307666,0
MAN-00071,18,Manufactura,MAN-6106,Antofagasta,194130,0
MAN-00071,19,Manufactura,MAN-6105,Santiago,1430250,0
MAN-00071,20,Manufactura,MAN-6104,Santiago,473417,0
MAN-00071,21,Manufactura,MAN-6105,Concepción,859150,0
MAN-00071,22,Manufactura,MAN-6104,Concepción,284161,0
MAN-00071,23,Manufactura,MAN-6105,Antofagasta,591100,0
MAN-00071,24,Manufactura,MAN-6104,Antofagasta,191478,0
MAN-00071,25,Manufactura,MAN-6101,Santiago,851501,0
MAN-00071,26,Manufactura,MAN-6101,Concepción,511067,0
MAN-00071,27,Manufactura,MAN-6101,Antofagasta,343767,0
MAN-00071,28,Manufactura,MAN-6110,Santiago,395844,0
MAN-00071,29,Manufactura,MAN-6111,Santiago,169648,0
MAN-00071,30,Manufactura,MAN-6110,Concepción,237483,0
MAN-00071,31,Manufactura,MAN-6111,Concepción,101778,0
MAN-00071,32,Manufactura,MAN-6110,Antofagasta,157887,0
MAN-00071,33,Manufactura,MAN-6111,Antofagasta,67666,0
MAN-00071,34,Manufactura,MAN-2101,,0,16170231
MAN-00072,1,Manufactura,MAN-5104,Santiago,4541692,0
MAN-00072,2,Manufactura,MAN-5103,Santiago,1142069,0
MAN-00072,3,Manufactura,MAN-5104,Concepción,2725902,0
MAN-00072,4,Manufactura,MAN-5103,Concepción,685906,0
MAN-00072,5,Manufactura,MAN-5104,Antofagasta,1833514,0
MAN-00072,6,Manufactura,MAN-5103,Antofagasta,469456,0
MAN-00072,7,Manufactura,MAN-6109,Santiago,2020501,0
MAN-00072,8,Manufactura,MAN-6108,Santiago,356559,0
MAN-00072,9,Manufactura,MAN-6109,Concepción,1213352,0
MAN-00072,10,Manufactura,MAN-6108,Concepción,214121,0
MAN-00072,11,Manufactura,MAN-6109,Antofagasta,828184,0
MAN-00072,12,Manufactura,MAN-6108,Antofagasta,146150,0
MAN-00072,13,Manufactura,MAN-2102,,0,16177406
MAN-00073,1,Manufactura,MAN-2102,,16135428,0
MAN-00073,2,Manufactura,MAN-1101,,0,16135428
MAN-00074,1,Manufactura,MAN-2101,,42935193,0
MAN-00074,2,Manufactura,MAN-1101,,0,42935193
MAN-00075,1,Manufactura,MAN-1201,,3750853,0
MAN-00075,2,Manufactura,MAN-1101,,0,3750853
MAN-00076,1,Manufactura,MAN-6901,,4275146,0
MAN-00076,2,Manufactura,MAN-1202,,0,4275146
MAN-00077,1,Manufactura,MAN-6902,,672410,0
MAN-00077,2,Manufactura,MAN-1101,,0,672410
MAN-00078,1,Manufactura,MAN-2201,,935526,0
MAN-00078,2,Manufactura,MAN-1101,,0,935526
MAN-00079,1,Manufactura,MAN-6903,,2954485,0
MAN-00079,2,Manufactura,MAN-2104,,0,2954485
MAN-00080,1,Manufactura,MAN-4106,Santiago,0,13308235
MAN-00080,2,Manufactura,MAN-4105,Santiago,0,5703530
MAN-00080,3,Manufactura,MAN-4106,Concepción,0,7947620
MAN-00080,4,Manufactura,MAN-4105,Concepción,0,3406123
MAN-00080,5,Manufactura,MAN-4106,Antofagasta,0,4614195
MAN-00080,6,Manufactura,MAN-4105,Antofagasta,0,1977512
MAN-00080,7,Manufactura,MAN-4104,Santiago,0,8327924
MAN-00080,8,Manufactura,MAN-4103,Santiago,0,5551949
MAN-00080,9,Manufactura,MAN-4104,Concepción,0,4985909
MAN-00080,10,Manufactura,MAN-4103,Concepción,0,3323939
MAN-00080,11,Manufactura,MAN-4104,Antofagasta,0,3125113
MAN-00080,12,Manufactura,MAN-4103,Antofagasta,0,2083408
MAN-00080,13,Manufactura,MAN-4101,Santiago,0,1969937
MAN-00080,14,Manufactura,MAN-4102,Santiago,0,844259
MAN-00080,15,Manufactura,MAN-4101,Concepción,0,1181225
MAN-00080,16,Manufactura,MAN-4102,Concepción,0,506239
MAN-00080,17,Manufactura,MAN-4101,Antofagasta,0,773961
MAN-00080,18,Manufactura,MAN-4102,Antofagasta,0,331698
MAN-00080,19,Manufactura,MAN-1102,,69962776,0
MAN-00081,1,Manufactura,MAN-1101,,71401386,0
MAN-00081,2,Manufactura,MAN-1102,,0,71401386
MAN-00082,1,Manufactura,MAN-1103,,26717560,0
MAN-00082,2,Manufactura,MAN-2101,,0,26717560
MAN-00083,1,Manufactura,MAN-5105,Santiago,6820665,0
MAN-00083,2,Manufactura,MAN-5106,Santiago,4547110,0
MAN-00083,3,Manufactura,MAN-5105,Concepción,4094270,0
MAN-00083,4,Manufactura,MAN-5106,Concepción,2729513,0
MAN-00083,5,Manufactura,MAN-5105,Antofagasta,2763814,0
MAN-00083,6,Manufactura,MAN-5106,Antofagasta,1842543,0
MAN-00083,7,Manufactura,MAN-1103,,0,22797915
MAN-00084,1,Manufactura,MAN-5101,Santiago,1704859,0
MAN-00084,2,Manufactura,MAN-5102,Santiago,426215,0
MAN-00084,3,Manufactura,MAN-5101,Concepción,1023373,0
MAN-00084,4,Manufactura,MAN-5102,Concepción,255843,0
MAN-00084,5,Manufactura,MAN-5101,Antofagasta,690632,0
MAN-00084,6,Manufactura,MAN-5102,Antofagasta,172658,0
MAN-00084,7,Manufactura,MAN-6103,Santiago,985398,0
MAN-00084,8,Manufactura,MAN-6102,Santiago,422313,0
MAN-00084,9,Manufactura,MAN-6103,Concepción,590899,0
MAN-00084,10,Manufactura,MAN-6102,Concepción,253242,0
MAN-00084,11,Manufactura,MAN-6103,Antofagasta,387697,0
MAN-00084,12,Manufactura,MAN-6102,Antofagasta,166156,0
MAN-00084,13,Manufactura,MAN-6107,Santiago,710755,0
MAN-00084,14,Manufactura,MAN-6106,Santiago,472345,0
MAN-00084,15,Manufactura,MAN-6107,Concepción,426677,0
MAN-00084,16,Manufactura,MAN-6106,Concepción,283457,0
MAN-00084,17,Manufactura,MAN-6107,Antofagasta,288552,0
MAN-00084,18,Manufactura,MAN-6106,Antofagasta,189883,0
MAN-00084,19,Manufactura,MAN-6105,Santiago,1447637,0
MAN-00084,20,Manufactura,MAN-6104,Santiago,475349,0
MAN-00084,21,Manufactura,MAN-6105,Concepción,870741,0
MAN-00084,22,Manufactura,MAN-6104,Concepción,285449,0
MAN-00084,23,Manufactura,MAN-6105,Antofagasta,620079,0
MAN-00084,24,Manufactura,MAN-6104,Antofagasta,194698,0
MAN-00084,25,Manufactura,MAN-6101,Santiago,846670,0
MAN-00084,26,Manufactura,MAN-6101,Concepción,507847,0
MAN-00084,27,Manufactura,MAN-6101,Antofagasta,335717,0
MAN-00084,28,Manufactura,MAN-6110,Santiago,399751,0
MAN-00084,29,Manufactura,MAN-6111,Santiago,171322,0
MAN-00084,30,Manufactura,MAN-6110,Concepción,240087,0
MAN-00084,31,Manufactura,MAN-6111,Concepción,102895,0
MAN-00084,32,Manufactura,MAN-6110,Antofagasta,164399,0
MAN-00084,33,Manufactura,MAN-6111,Antofagasta,70456,0
MAN-00084,34,Manufactura,MAN-2101,,0,16184051
MAN-00085,1,Manufactura,MAN-5104,Santiago,4563671,0
MAN-00085,2,Manufactura,MAN-5103,Santiago,1158554,0
MAN-00085,3,Manufactura,MAN-5104,Concepción,2740554,0
MAN-00085,4,Manufactura,MAN-5103,Concepción,696896,0
MAN-00085,5,Manufactura,MAN-5104,Antofagasta,1870146,0
MAN-00085,6,Manufactura,MAN-5103,Antofagasta,496929,0
MAN-00085,7,Manufactura,MAN-6109,Santiago,2025340,0
MAN-00085,8,Manufactura,MAN-6108,Santiago,357413,0
MAN-00085,9,Manufactura,MAN-6109,Concepción,1216579,0
MAN-00085,10,Manufactura,MAN-6108,Concepción,214690,0
MAN-00085,11,Manufactura,MAN-6109,Antofagasta,836249,0
MAN-00085,12,Manufactura,MAN-6108,Antofagasta,147573,0
MAN-00085,13,Manufactura,MAN-2102,,0,16324594
MAN-00086,1,Manufactura,MAN-2102,,16177406,0
MAN-00086,2,Manufactura,MAN-1101,,0,16177406
MAN-00087,1,Manufactura,MAN-2101,,42860384,0
MAN-00087,2,Manufactura,MAN-1101,,0,42860384
MAN-00088,1,Manufactura,MAN-1201,,4463828,0
MAN-00088,2,Manufactura,MAN-1101,,0,4463828
MAN-00089,1,Manufactura,MAN-6901,,4304905,0
MAN-00089,2,Manufactura,MAN-1202,,0,4304905
MAN-00090,1,Manufactura,MAN-6902,,666563,0
MAN-00090,2,Manufactura,MAN-1101,,0,666563
MAN-00091,1,Manufactura,MAN-2201,,935526,0
MAN-00091,2,Manufactura,MAN-1101,,0,935526
MAN-00092,1,Manufactura,MAN-6903,,2614882,0
MAN-00092,2,Manufactura,MAN-2104,,0,2614882
MAN-00093,1,Manufactura,MAN-4106,Santiago,0,13691747
MAN-00093,2,Manufactura,MAN-4105,Santiago,0,5867891
MAN-00093,3,Manufactura,MAN-4106,Concepción,0,8203295
MAN-00093,4,Manufactura,MAN-4105,Concepción,0,3515698
MAN-00093,5,Manufactura,MAN-4106,Antofagasta,0,5253381
MAN-00093,6,Manufactura,MAN-4105,Antofagasta,0,2251449
MAN-00093,7,Manufactura,MAN-4104,Santiago,0,8355270
MAN-00093,8,Manufactura,MAN-4103,Santiago,0,5570180
MAN-00093,9,Manufactura,MAN-4104,Concepción,0,5004140
MAN-00093,10,Manufactura,MAN-4103,Concepción,0,3336093
MAN-00093,11,Manufactura,MAN-4104,Antofagasta,0,3170689
MAN-00093,12,Manufactura,MAN-4103,Antofagasta,0,2113793
MAN-00093,13,Manufactura,MAN-4101,Santiago,0,1948131
MAN-00093,14,Manufactura,MAN-4102,Santiago,0,834913
MAN-00093,15,Manufactura,MAN-4101,Concepción,0,1166687
MAN-00093,16,Manufactura,MAN-4102,Concepción,0,500009
MAN-00093,17,Manufactura,MAN-4101,Antofagasta,0,737618
MAN-00093,18,Manufactura,MAN-4102,Antofagasta,0,316122
MAN-00093,19,Manufactura,MAN-1102,,71837106,0
MAN-00094,1,Manufactura,MAN-1101,,70947750,0
MAN-00094,2,Manufactura,MAN-1102,,0,70947750
MAN-00095,1,Manufactura,MAN-1103,,26717560,0
MAN-00095,2,Manufactura,MAN-2101,,0,26717560
MAN-00096,1,Manufactura,MAN-5105,Santiago,6767176,0
MAN-00096,2,Manufactura,MAN-5106,Santiago,4511451,0
MAN-00096,3,Manufactura,MAN-5105,Concepción,4058611,0
MAN-00096,4,Manufactura,MAN-5106,Concepción,2705740,0
MAN-00096,5,Manufactura,MAN-5105,Antofagasta,2674667,0
MAN-00096,6,Manufactura,MAN-5106,Antofagasta,1783111,0
MAN-00096,7,Manufactura,MAN-1103,,0,22500756
MAN-00097,1,Manufactura,MAN-5101,Santiago,1730463,0
MAN-00097,2,Manufactura,MAN-5102,Santiago,432616,0
MAN-00097,3,Manufactura,MAN-5101,Concepción,1040442,0
MAN-00097,4,Manufactura,MAN-5102,Concepción,260110,0
MAN-00097,5,Manufactura,MAN-5101,Antofagasta,733304,0
MAN-00097,6,Manufactura,MAN-5102,Antofagasta,183326,0
MAN-00097,7,Manufactura,MAN-6103,Santiago,986989,0
MAN-00097,8,Manufactura,MAN-6102,Santiago,422995,0
MAN-00097,9,Manufactura,MAN-6103,Concepción,591959,0
MAN-00097,10,Manufactura,MAN-6102,Concepción,253697,0
MAN-00097,11,Manufactura,MAN-6103,Antofagasta,390348,0
MAN-00097,12,Manufactura,MAN-6102,Antofagasta,167292,0
MAN-00097,13,Manufactura,MAN-6107,Santiago,713250,0
MAN-00097,14,Manufactura,MAN-6106,Santiago,472900,0
MAN-00097,15,Manufactura,MAN-6107,Concepción,428340,0
MAN-00097,16,Manufactura,MAN-6106,Concepción,283827,0
MAN-00097,17,Manufactura,MAN-6107,Antofagasta,292710,0
MAN-00097,18,Manufactura,MAN-6106,Antofagasta,190806,0
MAN-00097,19,Manufactura,MAN-6105,Santiago,1401261,0
MAN-00097,20,Manufactura,MAN-6104,Santiago,470196,0
MAN-00097,21,Manufactura,MAN-6105,Concepción,839824,0
MAN-00097,22,Manufactura,MAN-6104,Concepción,282014,0
MAN-00097,23,Manufactura,MAN-6105,Antofagasta,542785,0
MAN-00097,24,Manufactura,MAN-6104,Antofagasta,186110,0
MAN-00097,25,Manufactura,MAN-6101,Santiago,841671,0
MAN-00097,26,Manufactura,MAN-6101,Concepción,504514,0
MAN-00097,27,Manufactura,MAN-6101,Antofagasta,327384,0
MAN-00097,28,Manufactura,MAN-6110,Santiago,396736,0
MAN-00097,29,Manufactura,MAN-6111,Santiago,170029,0
MAN-00097,30,Manufactura,MAN-6110,Concepción,238077,0
MAN-00097,31,Manufactura,MAN-6111,Concepción,102033,0
MAN-00097,32,Manufactura,MAN-6110,Antofagasta,159373,0
MAN-00097,33,Manufactura,MAN-6111,Antofagasta,68303,0
MAN-00097,34,Manufactura,MAN-2101,,0,16105684
MAN-00098,1,Manufactura,MAN-5104,Santiago,4543096,0
MAN-00098,2,Manufactura,MAN-5103,Santiago,1143122,0
MAN-00098,3,Manufactura,MAN-5104,Concepción,2726838,0
MAN-00098,4,Manufactura,MAN-5103,Concepción,686608,0
MAN-00098,5,Manufactura,MAN-5104,Antofagasta,1835854,0
MAN-00098,6,Manufactura,MAN-5103,Antofagasta,471210,0
MAN-00098,7,Manufactura,MAN-6109,Santiago,2006955,0
MAN-00098,8,Manufactura,MAN-6108,Santiago,354168,0
MAN-00098,9,Manufactura,MAN-6109,Concepción,1204322,0
MAN-00098,10,Manufactura,MAN-6108,Concepción,212527,0
MAN-00098,11,Manufactura,MAN-6109,Antofagasta,805606,0
MAN-00098,12,Manufactura,MAN-6108,Antofagasta,142166,0
MAN-00098,13,Manufactura,MAN-2102,,0,16132472
MAN-00099,1,Manufactura,MAN-2102,,16324594,0
MAN-00099,2,Manufactura,MAN-1101,,0,16324594
MAN-00100,1,Manufactura,MAN-2101,,42892628,0
MAN-00100,2,Manufactura,MAN-1101,,0,42892628
MAN-00101,1,Manufactura,MAN-1201,,1895037,0
MAN-00101,2,Manufactura,MAN-1101,,0,1895037
MAN-00102,1,Manufactura,MAN-6901,,4317538,0
MAN-00102,2,Manufactura,MAN-1202,,0,4317538
MAN-00103,1,Manufactura,MAN-6902,,660716,0
MAN-00103,2,Manufactura,MAN-1101,,0,660716
MAN-00104,1,Manufactura,MAN-2201,,935526,0
MAN-00104,2,Manufactura,MAN-1101,,0,935526
MAN-00105,1,Manufactura,MAN-6903,,3272384,0
MAN-00105,2,Manufactura,MAN-2104,,0,3272384
MAN-00106,1,Manufactura,MAN-4106,Santiago,0,13620618
MAN-00106,2,Manufactura,MAN-4105,Santiago,0,5837408
MAN-00106,3,Manufactura,MAN-4106,Concepción,0,8155876
MAN-00106,4,Manufactura,MAN-4105,Concepción,0,3495375
MAN-00106,5,Manufactura,MAN-4106,Antofagasta,0,5134834
MAN-00106,6,Manufactura,MAN-4105,Antofagasta,0,2200643
MAN-00106,7,Manufactura,MAN-4104,Santiago,0,8536310
MAN-00106,8,Manufactura,MAN-4103,Santiago,0,5690873
MAN-00106,9,Manufactura,MAN-4104,Concepción,0,5124833
MAN-00106,10,Manufactura,MAN-4103,Concepción,0,3416556
MAN-00106,11,Manufactura,MAN-4104,Antofagasta,0,3472423
MAN-00106,12,Manufactura,MAN-4103,Antofagasta,0,2314949
MAN-00106,13,Manufactura,MAN-4101,Santiago,0,1935355
MAN-00106,14,Manufactura,MAN-4102,Santiago,0,829438
MAN-00106,15,Manufactura,MAN-4101,Concepción,0,1158170
MAN-00106,16,Manufactura,MAN-4102,Concepción,0,496358
MAN-00106,17,Manufactura,MAN-4101,Antofagasta,0,716324
MAN-00106,18,Manufactura,MAN-4102,Antofagasta,0,306996
MAN-00106,19,Manufactura,MAN-1102,,72443339,0
MAN-00107,1,Manufactura,MAN-1101,,70666702,0
MAN-00107,2,Manufactura,MAN-1102,,0,70666702
MAN-00108,1,Manufactura,MAN-1103,,26717560,0
MAN-00108,2,Manufactura,MAN-2101,,0,26717560
MAN-00109,1,Manufactura,MAN-5105,Santiago,6760899,0
MAN-00109,2,Manufactura,MAN-5106,Santiago,4507266,0
MAN-00109,3,Manufactura,MAN-5105,Concepción,4054426,0
MAN-00109,4,Manufactura,MAN-5106,Concepción,2702951,0
MAN-00109,5,Manufactura,MAN-5105,Antofagasta,2664206,0
MAN-00109,6,Manufactura,MAN-5106,Antofagasta,1776137,0
MAN-00109,7,Manufactura,MAN-1103,,0,22465885
MAN-00110,1,Manufactura,MAN-5101,Santiago,1707788,0
MAN-00110,2,Manufactura,MAN-5102,Santiago,426947,0
MAN-00110,3,Manufactura,MAN-5101,Concepción,1025325,0
MAN-00110,4,Manufactura,MAN-5102,Concepción,256331,0
MAN-00110,5,Manufactura,MAN-5101,Antofagasta,695512,0
MAN-00110,6,Manufactura,MAN-5102,Antofagasta,173878,0
MAN-00110,7,Manufactura,MAN-6103,Santiago,994505,0
MAN-00110,8,Manufactura,MAN-6102,Santiago,426217,0
MAN-00110,9,Manufactura,MAN-6103,Concepción,596970,0
MAN-00110,10,Manufactura,MAN-6102,Concepción,255844,0
MAN-00110,11,Manufactura,MAN-6103,Antofagasta,402875,0
MAN-00110,12,Manufactura,MAN-6102,Antofagasta,172661,0
MAN-00110,13,Manufactura,MAN-6107,Santiago,710845,0
MAN-00110,14,Manufactura,MAN-6106,Santiago,472365,0
MAN-00110,15,Manufactura,MAN-6107,Concepción,426737,0
MAN-00110,16,Manufactura,MAN-6106,Concepción,283470,0
MAN-00110,17,Manufactura,MAN-6107,Antofagasta,288702,0
MAN-00110,18,Manufactura,MAN-6106,Antofagasta,189916,0
MAN-00110,19,Manufactura,MAN-6105,Santiago,1447555,0
MAN-00110,20,Manufactura,MAN-6104,Santiago,475339,0
MAN-00110,21,Manufactura,MAN-6105,Concepción,870686,0
MAN-00110,22,Manufactura,MAN-6104,Concepción,285443,0
MAN-00110,23,Manufactura,MAN-6105,Antofagasta,619941,0
MAN-00110,24,Manufactura,MAN-6104,Antofagasta,194682,0
MAN-00110,25,Manufactura,MAN-6101,Santiago,860573,0
MAN-00110,26,Manufactura,MAN-6101,Concepción,517115,0
MAN-00110,27,Manufactura,MAN-6101,Antofagasta,358889,0
MAN-00110,28,Manufactura,MAN-6110,Santiago,395958,0
MAN-00110,29,Manufactura,MAN-6111,Santiago,169697,0
MAN-00110,30,Manufactura,MAN-6110,Concepción,237559,0
MAN-00110,31,Manufactura,MAN-6111,Concepción,101811,0
MAN-00110,32,Manufactura,MAN-6110,Antofagasta,158077,0
MAN-00110,33,Manufactura,MAN-6111,Antofagasta,67747,0
MAN-00110,34,Manufactura,MAN-2101,,0,16267960
MAN-00111,1,Manufactura,MAN-5104,Santiago,4620219,0
MAN-00111,2,Manufactura,MAN-5103,Santiago,1200964,0
MAN-00111,3,Manufactura,MAN-5104,Concepción,2778253,0
MAN-00111,4,Manufactura,MAN-5103,Concepción,725169,0
MAN-00111,5,Manufactura,MAN-5104,Antofagasta,1964392,0
MAN-00111,6,Manufactura,MAN-5103,Antofagasta,567614,0
MAN-00111,7,Manufactura,MAN-6109,Santiago,2013863,0
MAN-00111,8,Manufactura,MAN-6108,Santiago,355388,0
MAN-00111,9,Manufactura,MAN-6109,Concepción,1208927,0
MAN-00111,10,Manufactura,MAN-6108,Concepción,213340,0
MAN-00111,11,Manufactura,MAN-6109,Antofagasta,817121,0
MAN-00111,12,Manufactura,MAN-6108,Antofagasta,144198,0
MAN-00111,13,Manufactura,MAN-2102,,0,16609448
MAN-00112,1,Manufactura,MAN-2102,,16132472,0
MAN-00112,2,Manufactura,MAN-1101,,0,16132472
MAN-00113,1,Manufactura,MAN-2101,,42874183,0
MAN-00113,2,Manufactura,MAN-1101,,0,42874183
MAN-00114,1,Manufactura,MAN-1201,,2985325,0
MAN-00114,2,Manufactura,MAN-1101,,0,2985325
MAN-00115,1,Manufactura,MAN-6901,,4337441,0
MAN-00115,2,Manufactura,MAN-1202,,0,4337441
MAN-00116,1,Manufactura,MAN-6902,,654868,0
MAN-00116,2,Manufactura,MAN-1101,,0,654868
MAN-00117,1,Manufactura,MAN-2201,,935526,0
MAN-00117,2,Manufactura,MAN-1101,,0,935526
MAN-00118,1,Manufactura,MAN-6903,,3269089,0
MAN-00118,2,Manufactura,MAN-2104,,0,3269089
MAN-00119,1,Manufactura,MAN-4106,Santiago,0,14876492
MAN-00119,2,Manufactura,MAN-4105,Santiago,0,6375639
MAN-00119,3,Manufactura,MAN-4106,Concepción,0,8919181
MAN-00119,4,Manufactura,MAN-4105,Concepción,0,3822506
MAN-00119,5,Manufactura,MAN-4106,Antofagasta,0,5823033
MAN-00119,6,Manufactura,MAN-4105,Antofagasta,0,2495585
MAN-00119,7,Manufactura,MAN-4104,Santiago,0,9044031
MAN-00119,8,Manufactura,MAN-4103,Santiago,0,6029354
MAN-00119,9,Manufactura,MAN-4104,Concepción,0,5418034
MAN-00119,10,Manufactura,MAN-4103,Concepción,0,3612023
MAN-00119,11,Manufactura,MAN-4104,Antofagasta,0,3458305
MAN-00119,12,Manufactura,MAN-4103,Antofagasta,0,2305536
MAN-00119,13,Manufactura,MAN-4101,Santiago,0,2095643
MAN-00119,14,Manufactura,MAN-4102,Santiago,0,898132
MAN-00119,15,Manufactura,MAN-4101,Concepción,0,1254458
MAN-00119,16,Manufactura,MAN-4102,Concepción,0,537625
MAN-00119,17,Manufactura,MAN-4101,Antofagasta,0,782641
MAN-00119,18,Manufactura,MAN-4102,Antofagasta,0,335418
MAN-00119,19,Manufactura,MAN-1102,,78083636,0
MAN-00120,1,Manufactura,MAN-1101,,71831543,0
MAN-00120,2,Manufactura,MAN-1102,,0,71831543
MAN-00121,1,Manufactura,MAN-1103,,28854540,0
MAN-00121,2,Manufactura,MAN-2101,,0,28854540
MAN-00122,1,Manufactura,MAN-5105,Santiago,7305017,0
MAN-00122,2,Manufactura,MAN-5106,Santiago,4870012,0
MAN-00122,3,Manufactura,MAN-5105,Concepción,4380952,0
MAN-00122,4,Manufactura,MAN-5106,Concepción,2920634,0
MAN-00122,5,Manufactura,MAN-5105,Antofagasta,2882889,0
MAN-00122,6,Manufactura,MAN-5106,Antofagasta,1921926,0
MAN-00122,7,Manufactura,MAN-1103,,0,24281430
MAN-00123,1,Manufactura,MAN-5101,Santiago,1817380,0
MAN-00123,2,Manufactura,MAN-5102,Santiago,454345,0
MAN-00123,3,Manufactura,MAN-5101,Concepción,1089320,0
MAN-00123,4,Manufactura,MAN-5102,Concepción,272330,0
MAN-00123,5,Manufactura,MAN-5101,Antofagasta,705899,0
MAN-00123,6,Manufactura,MAN-5102,Antofagasta,176475,0
MAN-00123,7,Manufactura,MAN-6103,Santiago,1090732,0
MAN-00123,8,Manufactura,MAN-6102,Santiago,467457,0
MAN-00123,9,Manufactura,MAN-6103,Concepción,655825,0
MAN-00123,10,Manufactura,MAN-6102,Concepción,281068,0
MAN-00123,11,Manufactura,MAN-6103,Antofagasta,462617,0
MAN-00123,12,Manufactura,MAN-6102,Antofagasta,198264,0
MAN-00123,13,Manufactura,MAN-6107,Santiago,781846,0
MAN-00123,14,Manufactura,MAN-6106,Santiago,513343,0
MAN-00123,15,Manufactura,MAN-6107,Concepción,470291,0
MAN-00123,16,Manufactura,MAN-6106,Concepción,308269,0
MAN-00123,17,Manufactura,MAN-6107,Antofagasta,335216,0
MAN-00123,18,Manufactura,MAN-6106,Antofagasta,210333,0
MAN-00123,19,Manufactura,MAN-6105,Santiago,1575842,0
MAN-00123,20,Manufactura,MAN-6104,Santiago,514677,0
MAN-00123,21,Manufactura,MAN-6105,Concepción,948686,0
MAN-00123,22,Manufactura,MAN-6104,Concepción,309160,0
MAN-00123,23,Manufactura,MAN-6105,Antofagasta,690778,0
MAN-00123,24,Manufactura,MAN-6104,Antofagasta,212586,0
MAN-00123,25,Manufactura,MAN-6101,Santiago,923156,0
MAN-00123,26,Manufactura,MAN-6101,Concepción,554304,0
MAN-00123,27,Manufactura,MAN-6101,Antofagasta,377059,0
MAN-00123,28,Manufactura,MAN-6110,Santiago,427401,0
MAN-00123,29,Manufactura,MAN-6111,Santiago,183172,0
MAN-00123,30,Manufactura,MAN-6110,Concepción,256397,0
MAN-00123,31,Manufactura,MAN-6111,Concepción,109885,0
MAN-00123,32,Manufactura,MAN-6110,Antofagasta,170139,0
MAN-00123,33,Manufactura,MAN-6111,Antofagasta,72917,0
MAN-00123,34,Manufactura,MAN-2101,,0,17617169
MAN-00124,1,Manufactura,MAN-5104,Santiago,4891814,0
MAN-00124,2,Manufactura,MAN-5103,Santiago,1223660,0
MAN-00124,3,Manufactura,MAN-5104,Concepción,2935183,0
MAN-00124,4,Manufactura,MAN-5103,Concepción,734267,0
MAN-00124,5,Manufactura,MAN-5104,Antofagasta,1958517,0
MAN-00124,6,Manufactura,MAN-5103,Antofagasta,490807,0
MAN-00124,7,Manufactura,MAN-6109,Santiago,2181330,0
MAN-00124,8,Manufactura,MAN-6108,Santiago,384941,0
MAN-00124,9,Manufactura,MAN-6109,Concepción,1309890,0
MAN-00124,10,Manufactura,MAN-6108,Concepción,231157,0
MAN-00124,11,Manufactura,MAN-6109,Antofagasta,893281,0
MAN-00124,12,Manufactura,MAN-6108,Antofagasta,157638,0
MAN-00124,13,Manufactura,MAN-2102,,0,17392485
MAN-00125,1,Manufactura,MAN-2102,,16609448,0
MAN-00125,2,Manufactura,MAN-1101,,0,16609448
MAN-00126,1,Manufactura,MAN-2101,,42880041,0
MAN-00126,2,Manufactura,MAN-1101,,0,42880041
MAN-00127,1,Manufactura,MAN-1201,,1723473,0
MAN-00127,2,Manufactura,MAN-1101,,0,1723473
MAN-00128,1,Manufactura,MAN-6901,,4348930,0
MAN-00128,2,Manufactura,MAN-1202,,0,4348930
MAN-00129,1,Manufactura,MAN-6902,,649021,0
MAN-00129,2,Manufactura,MAN-1101,,0,649021
MAN-00130,1,Manufactura,MAN-2201,,935526,0
MAN-00130,2,Manufactura,MAN-1101,,0,935526
MAN-00131,1,Manufactura,MAN-6903,,3724542,0
MAN-00131,2,Manufactura,MAN-2104,,0,3724542
MAN-00132,1,Manufactura,MAN-4106,Santiago,0,15460834
MAN-00132,2,Manufactura,MAN-4105,Santiago,0,6626071
MAN-00132,3,Manufactura,MAN-4106,Concepción,0,9244016
MAN-00132,4,Manufactura,MAN-4105,Concepción,0,3961721
MAN-00132,5,Manufactura,MAN-4106,Antofagasta,0,5567129
MAN-00132,6,Manufactura,MAN-4105,Antofagasta,0,2385913
MAN-00132,7,Manufactura,MAN-4104,Santiago,0,9521388
MAN-00132,8,Manufactura,MAN-4103,Santiago,0,6347592
MAN-00132,9,Manufactura,MAN-4104,Concepción,0,5696652
MAN-00132,10,Manufactura,MAN-4103,Concepción,0,3797768
MAN-00132,11,Manufactura,MAN-4104,Antofagasta,0,3501119
MAN-00132,12,Manufactura,MAN-4103,Antofagasta,0,2334080
MAN-00132,13,Manufactura,MAN-4101,Santiago,0,2224907
MAN-00132,14,Manufactura,MAN-4102,Santiago,0,953532
MAN-00132,15,Manufactura,MAN-4101,Concepción,0,1331395
MAN-00132,16,Manufactura,MAN-4102,Concepción,0,570598
MAN-00132,17,Manufactura,MAN-4101,Antofagasta,0,822522
MAN-00132,18,Manufactura,MAN-4102,Antofagasta,0,352510
MAN-00132,19,Manufactura,MAN-1102,,80699747,0
MAN-00133,1,Manufactura,MAN-1101,,74074805,0
MAN-00133,2,Manufactura,MAN-1102,,0,74074805
MAN-00134,1,Manufactura,MAN-1103,,30724840,0
MAN-00134,2,Manufactura,MAN-2101,,0,30724840
MAN-00135,1,Manufactura,MAN-5105,Santiago,7884007,0
MAN-00135,2,Manufactura,MAN-5106,Santiago,5256005,0
MAN-00135,3,Manufactura,MAN-5105,Concepción,4735245,0
MAN-00135,4,Manufactura,MAN-5106,Concepción,3156830,0
MAN-00135,5,Manufactura,MAN-5105,Antofagasta,3245571,0
MAN-00135,6,Manufactura,MAN-5106,Antofagasta,2163714,0
MAN-00135,7,Manufactura,MAN-1103,,0,26441372
MAN-00136,1,Manufactura,MAN-5101,Santiago,1969999,0
MAN-00136,2,Manufactura,MAN-5102,Santiago,492500,0
MAN-00136,3,Manufactura,MAN-5101,Concepción,1183146,0
MAN-00136,4,Manufactura,MAN-5102,Concepción,295787,0
MAN-00136,5,Manufactura,MAN-5101,Antofagasta,809786,0
MAN-00136,6,Manufactura,MAN-5102,Antofagasta,202446,0
MAN-00136,7,Manufactura,MAN-6103,Santiago,1145132,0
MAN-00136,8,Manufactura,MAN-6102,Santiago,490771,0
MAN-00136,9,Manufactura,MAN-6103,Concepción,687472,0
MAN-00136,10,Manufactura,MAN-6102,Concepción,294631,0
MAN-00136,11,Manufactura,MAN-6103,Antofagasta,465504,0
MAN-00136,12,Manufactura,MAN-6102,Antofagasta,199502,0
MAN-00136,13,Manufactura,MAN-6107,Santiago,812382,0
MAN-00136,14,Manufactura,MAN-6106,Santiago,542129,0
MAN-00136,15,Manufactura,MAN-6107,Concepción,487348,0
MAN-00136,16,Manufactura,MAN-6106,Concepción,325260,0
MAN-00136,17,Manufactura,MAN-6107,Antofagasta,323410,0
MAN-00136,18,Manufactura,MAN-6106,Antofagasta,216509,0
MAN-00136,19,Manufactura,MAN-6105,Santiago,1613645,0
MAN-00136,20,Manufactura,MAN-6104,Santiago,540961,0
MAN-00136,21,Manufactura,MAN-6105,Concepción,967263,0
MAN-00136,22,Manufactura,MAN-6104,Concepción,324474,0
MAN-00136,23,Manufactura,MAN-6105,Antofagasta,627909,0
MAN-00136,24,Manufactura,MAN-6104,Antofagasta,214434,0
MAN-00136,25,Manufactura,MAN-6101,Santiago,989465,0
MAN-00136,26,Manufactura,MAN-6101,Concepción,594544,0
MAN-00136,27,Manufactura,MAN-6101,Antofagasta,412209,0
MAN-00136,28,Manufactura,MAN-6110,Santiago,456334,0
MAN-00136,29,Manufactura,MAN-6111,Santiago,195572,0
MAN-00136,30,Manufactura,MAN-6110,Concepción,273843,0
MAN-00136,31,Manufactura,MAN-6111,Concepción,117361,0
MAN-00136,32,Manufactura,MAN-6110,Antofagasta,183336,0
MAN-00136,33,Manufactura,MAN-6111,Antofagasta,78573,0
MAN-00136,34,Manufactura,MAN-2101,,0,18533637
MAN-00137,1,Manufactura,MAN-5104,Santiago,5214173,0
MAN-00137,2,Manufactura,MAN-5103,Santiago,1306830,0
MAN-00137,3,Manufactura,MAN-5104,Concepción,3128942,0
MAN-00137,4,Manufactura,MAN-5103,Concepción,784427,0
MAN-00137,5,Manufactura,MAN-5104,Antofagasta,2093996,0
MAN-00137,6,Manufactura,MAN-5103,Antofagasta,528977,0
MAN-00137,7,Manufactura,MAN-6109,Santiago,2269891,0
MAN-00137,8,Manufactura,MAN-6108,Santiago,400569,0
MAN-00137,9,Manufactura,MAN-6109,Concepción,1359552,0
MAN-00137,10,Manufactura,MAN-6108,Concepción,239921,0
MAN-00137,11,Manufactura,MAN-6109,Antofagasta,862694,0
MAN-00137,12,Manufactura,MAN-6108,Antofagasta,152240,0
MAN-00137,13,Manufactura,MAN-2102,,0,18342212
MAN-00138,1,Manufactura,MAN-2102,,17392485,0
MAN-00138,2,Manufactura,MAN-1101,,0,17392485
MAN-00139,1,Manufactura,MAN-2101,,44205686,0
MAN-00139,2,Manufactura,MAN-1101,,0,44205686
MAN-00140,1,Manufactura,MAN-1201,,2343980,0
MAN-00140,2,Manufactura,MAN-1101,,0,2343980
MAN-00141,1,Manufactura,MAN-6901,,4364557,0
MAN-00141,2,Manufactura,MAN-1202,,0,4364557
MAN-00142,1,Manufactura,MAN-6902,,643174,0
MAN-00142,2,Manufactura,MAN-1101,,0,643174
MAN-00143,1,Manufactura,MAN-2201,,935526,0
MAN-00143,2,Manufactura,MAN-1101,,0,935526
MAN-00144,1,Manufactura,MAN-6903,,3341195,0
MAN-00144,2,Manufactura,MAN-2104,,0,3341195
MAN-00145,1,Manufactura,MAN-4106,Santiago,0,16378254
MAN-00145,2,Manufactura,MAN-4105,Santiago,0,7019252
MAN-00145,3,Manufactura,MAN-4106,Concepción,0,9809406
MAN-00145,4,Manufactura,MAN-4105,Concepción,0,4204031
MAN-00145,5,Manufactura,MAN-4106,Antofagasta,0,6217920
MAN-00145,6,Manufactura,MAN-4105,Antofagasta,0,2664823
MAN-00145,7,Manufactura,MAN-4104,Santiago,0,9814407
MAN-00145,8,Manufactura,MAN-4103,Santiago,0,6542938
MAN-00145,9,Manufactura,MAN-4104,Concepción,0,5863698
MAN-00145,10,Manufactura,MAN-4103,Concepción,0,3909132
MAN-00145,11,Manufactura,MAN-4104,Antofagasta,0,3451784
MAN-00145,12,Manufactura,MAN-4103,Antofagasta,0,2301190
MAN-00145,13,Manufactura,MAN-4101,Santiago,0,2334195
MAN-00145,14,Manufactura,MAN-4102,Santiago,0,1000369
MAN-00145,15,Manufactura,MAN-4101,Concepción,0,1397650
MAN-00145,16,Manufactura,MAN-4102,Concepción,0,598993
MAN-00145,17,Manufactura,MAN-4101,Antofagasta,0,879204
MAN-00145,18,Manufactura,MAN-4102,Antofagasta,0,376802
MAN-00145,19,Manufactura,MAN-1102,,84764048,0
MAN-00146,1,Manufactura,MAN-1101,,78304440,0
MAN-00146,2,Manufactura,MAN-1102,,0,78304440
MAN-00147,1,Manufactura,MAN-1103,,32060600,0
MAN-00147,2,Manufactura,MAN-2101,,0,32060600
MAN-00148,1,Manufactura,MAN-5105,Santiago,8159219,0
MAN-00148,2,Manufactura,MAN-5106,Santiago,5439480,0
MAN-00148,3,Manufactura,MAN-5105,Concepción,4896079,0
MAN-00148,4,Manufactura,MAN-5106,Concepción,3264053,0
MAN-00148,5,Manufactura,MAN-5105,Antofagasta,3274098,0
MAN-00148,6,Manufactura,MAN-5106,Antofagasta,2182732,0
MAN-00148,7,Manufactura,MAN-1103,,0,27215661
MAN-00149,1,Manufactura,MAN-5101,Santiago,2024818,0
MAN-00149,2,Manufactura,MAN-5102,Santiago,506205,0
MAN-00149,3,Manufactura,MAN-5101,Concepción,1214039,0
MAN-00149,4,Manufactura,MAN-5102,Concepción,303510,0
MAN-00149,5,Manufactura,MAN-5101,Antofagasta,793738,0
MAN-00149,6,Manufactura,MAN-5102,Antofagasta,198434,0
MAN-00149,7,Manufactura,MAN-6103,Santiago,1188005,0
MAN-00149,8,Manufactura,MAN-6102,Santiago,509145,0
MAN-00149,9,Manufactura,MAN-6103,Concepción,712764,0
MAN-00149,10,Manufactura,MAN-6102,Concepción,305470,0
MAN-00149,11,Manufactura,MAN-6103,Antofagasta,474449,0
MAN-00149,12,Manufactura,MAN-6102,Antofagasta,203335,0
MAN-00149,13,Manufactura,MAN-6107,Santiago,853975,0
MAN-00149,14,Manufactura,MAN-6106,Santiago,567106,0
MAN-00149,15,Manufactura,MAN-6107,Concepción,512717,0
MAN-00149,16,Manufactura,MAN-6106,Concepción,340337,0
MAN-00149,17,Manufactura,MAN-6107,Antofagasta,347892,0
MAN-00149,18,Manufactura,MAN-6106,Antofagasta,228243,0
MAN-00149,19,Manufactura,MAN-6105,Santiago,1727954,0
MAN-00149,20,Manufactura,MAN-6104,Santiago,569328,0
MAN-00149,21,Manufactura,MAN-6105,Concepción,1038770,0
MAN-00149,22,Manufactura,MAN-6104,Concepción,341819,0
MAN-00149,23,Manufactura,MAN-6105,Antofagasta,729124,0
MAN-00149,24,Manufactura,MAN-6104,Antofagasta,231947,0
MAN-00149,25,Manufactura,MAN-6101,Santiago,1024286,0
MAN-00149,26,Manufactura,MAN-6101,Concepción,614924,0
MAN-00149,27,Manufactura,MAN-6101,Antofagasta,416409,0
MAN-00149,28,Manufactura,MAN-6110,Santiago,481316,0
MAN-00149,29,Manufactura,MAN-6111,Santiago,206278,0
MAN-00149,30,Manufactura,MAN-6110,Concepción,289191,0
MAN-00149,31,Manufactura,MAN-6111,Concepción,123939,0
MAN-00149,32,Manufactura,MAN-6110,Antofagasta,200147,0
MAN-00149,33,Manufactura,MAN-6111,Antofagasta,85777,0
MAN-00149,34,Manufactura,MAN-2101,,0,19365391
MAN-00150,1,Manufactura,MAN-5104,Santiago,5439931,0
MAN-00150,2,Manufactura,MAN-5103,Santiago,1362948,0
MAN-00150,3,Manufactura,MAN-5104,Concepción,3264354,0
MAN-00150,4,Manufactura,MAN-5103,Concepción,818065,0
MAN-00150,5,Manufactura,MAN-5104,Antofagasta,2183484,0
MAN-00150,6,Manufactura,MAN-5103,Antofagasta,550813,0
MAN-00150,7,Manufactura,MAN-6109,Santiago,2425954,0
MAN-00150,8,Manufactura,MAN-6108,Santiago,428109,0
MAN-00150,9,Manufactura,MAN-6109,Concepción,1456936,0
MAN-00150,10,Manufactura,MAN-6108,Concepción,257106,0
MAN-00150,11,Manufactura,MAN-6109,Antofagasta,996290,0
MAN-00150,12,Manufactura,MAN-6108,Antofagasta,175816,0
MAN-00150,13,Manufactura,MAN-2102,,0,19359806
MAN-00151,1,Manufactura,MAN-2102,,18342212,0
MAN-00151,2,Manufactura,MAN-1101,,0,18342212
MAN-00152,1,Manufactura,MAN-2101,,47447078,0
MAN-00152,2,Manufactura,MAN-1101,,0,47447078
MAN-00153,1,Manufactura,MAN-1201,,3290948,0
MAN-00153,2,Manufactura,MAN-1101,,0,3290948
MAN-00154,1,Manufactura,MAN-6901,,4386497,0
MAN-00154,2,Manufactura,MAN-1202,,0,4386497
MAN-00155,1,Manufactura,MAN-6902,,637327,0
MAN-00155,2,Manufactura,MAN-1101,,0,637327
MAN-00156,1,Manufactura,MAN-2201,,935526,0
MAN-00156,2,Manufactura,MAN-1101,,0,935526
MAN-00157,1,Manufactura,MAN-6903,,3725829,0
MAN-00157,2,Manufactura,MAN-2104,,0,3725829
MAN-00158,1,Manufactura,MAN-4106,Santiago,166298756,0
MAN-00158,2,Manufactura,MAN-4105,Santiago,71270896,0
MAN-00158,3,Manufactura,MAN-4106,Concepción,99577312,0
MAN-00158,4,Manufactura,MAN-4105,Concepción,42675990,0
MAN-00158,5,Manufactura,MAN-4106,Antofagasta,62682586,0
MAN-00158,6,Manufactura,MAN-4105,Antofagasta,26863966,0
MAN-00158,7,Manufactura,MAN-4104,Santiago,102125875,0
MAN-00158,8,Manufactura,MAN-4103,Santiago,68083915,0
MAN-00158,9,Manufactura,MAN-4104,Concepción,61172577,0
MAN-00158,10,Manufactura,MAN-4103,Concepción,40781718,0
MAN-00158,11,Manufactura,MAN-4104,Antofagasta,38894330,0
MAN-00158,12,Manufactura,MAN-4103,Antofagasta,25929555,0
MAN-00158,13,Manufactura,MAN-4101,Santiago,23800750,0
MAN-00158,14,Manufactura,MAN-4102,Santiago,10200322,0
MAN-00158,15,Manufactura,MAN-4101,Concepción,14254623,0
MAN-00158,16,Manufactura,MAN-4102,Concepción,6109125,0
MAN-00158,17,Manufactura,MAN-4101,Antofagasta,9029592,0
MAN-00158,18,Manufactura,MAN-4102,Antofagasta,3869828,0
MAN-00158,19,Manufactura,MAN-5105,Santiago,0,83211339
MAN-00158,20,Manufactura,MAN-5106,Santiago,0,55474230
MAN-00158,21,Manufactura,MAN-5105,Concepción,0,49945086
MAN-00158,22,Manufactura,MAN-5106,Concepción,0,33296725
MAN-00158,23,Manufactura,MAN-5105,Antofagasta,0,33631906
MAN-00158,24,Manufactura,MAN-5106,Antofagasta,0,22421272
MAN-00158,25,Manufactura,MAN-5101,Santiago,0,20784615
MAN-00158,26,Manufactura,MAN-5102,Santiago,0,5196155
MAN-00158,27,Manufactura,MAN-5101,Concepción,0,12474196
MAN-00158,28,Manufactura,MAN-5102,Concepción,0,3118549
MAN-00158,29,Manufactura,MAN-5101,Antofagasta,0,8378973
MAN-00158,30,Manufactura,MAN-5102,Antofagasta,0,2094742
MAN-00158,31,Manufactura,MAN-6103,Santiago,0,12146894
MAN-00158,32,Manufactura,MAN-6102,Santiago,0,5205813
MAN-00158,33,Manufactura,MAN-6103,Concepción,0,7291625
MAN-00158,34,Manufactura,MAN-6102,Concepción,0,3124981
MAN-00158,35,Manufactura,MAN-6103,Antofagasta,0,4924999
MAN-00158,36,Manufactura,MAN-6102,Antofagasta,0,2110714
MAN-00158,37,Manufactura,MAN-6107,Santiago,0,8717663
MAN-00158,38,Manufactura,MAN-6106,Santiago,0,5776323
MAN-00158,39,Manufactura,MAN-6107,Concepción,0,5235918
MAN-00158,40,Manufactura,MAN-6106,Concepción,0,3466976
MAN-00158,41,Manufactura,MAN-6107,Antofagasta,0,3588100
MAN-00158,42,Manufactura,MAN-6106,Antofagasta,0,2332983
MAN-00158,43,Manufactura,MAN-6105,Santiago,0,17470607
MAN-00158,44,Manufactura,MAN-6104,Santiago,0,5781014
MAN-00158,45,Manufactura,MAN-6105,Concepción,0,10495120
MAN-00158,46,Manufactura,MAN-6104,Concepción,0,3470025
MAN-00158,47,Manufactura,MAN-6105,Antofagasta,0,7230628
MAN-00158,48,Manufactura,MAN-6104,Antofagasta,0,2339338
MAN-00158,49,Manufactura,MAN-6101,Santiago,0,10415800
MAN-00158,50,Manufactura,MAN-6101,Concepción,0,6252766
MAN-00158,51,Manufactura,MAN-6101,Antofagasta,0,4228763
MAN-00158,52,Manufactura,MAN-6110,Santiago,0,4847725
MAN-00158,53,Manufactura,MAN-6111,Santiago,0,2077598
MAN-00158,54,Manufactura,MAN-6110,Concepción,0,2909304
MAN-00158,55,Manufactura,MAN-6111,Concepción,0,1246846
MAN-00158,56,Manufactura,MAN-6110,Antofagasta,0,1951792
MAN-00158,57,Manufactura,MAN-6111,Antofagasta,0,836482
MAN-00158,58,Manufactura,MAN-5104,Santiago,0,55542493
MAN-00158,59,Manufactura,MAN-5103,Santiago,0,14011269
MAN-00158,60,Manufactura,MAN-5104,Concepción,0,33342250
MAN-00158,61,Manufactura,MAN-5103,Concepción,0,8419326
MAN-00158,62,Manufactura,MAN-5104,Antofagasta,0,22535304
MAN-00158,63,Manufactura,MAN-5103,Antofagasta,0,5843234
MAN-00158,64,Manufactura,MAN-6109,Santiago,0,24556904
MAN-00158,65,Manufactura,MAN-6108,Santiago,0,4333571
MAN-00158,66,Manufactura,MAN-6109,Concepción,0,14739438
MAN-00158,67,Manufactura,MAN-6108,Concepción,0,2601076
MAN-00158,68,Manufactura,MAN-6109,Antofagasta,0,9923405
MAN-00158,69,Manufactura,MAN-6108,Antofagasta,0,1751189
MAN-00158,70,Manufactura,MAN-6901,,0,51392130
MAN-00158,71,Manufactura,MAN-6902,,0,8033834
MAN-00158,72,Manufactura,MAN-6903,,0,38094762
MAN-00158,73,Manufactura,MAN-3103,,0,102996946
MAN-00159,1,Manufactura,MAN-3103,,102996946,0
MAN-00159,2,Manufactura,MAN-3102,,0,102996946
MAN-00160,1,Manufactura,MAN-4106,Santiago,0,13529677
MAN-00160,2,Manufactura,MAN-4105,Santiago,0,5798433
MAN-00160,3,Manufactura,MAN-4106,Concepción,0,8137785
MAN-00160,4,Manufactura,MAN-4105,Concepción,0,3487622
MAN-00160,5,Manufactura,MAN-4106,Antofagasta,0,5791461
MAN-00160,6,Manufactura,MAN-4105,Antofagasta,0,2482055
MAN-00160,7,Manufactura,MAN-4104,Santiago,0,8344184
MAN-00160,8,Manufactura,MAN-4103,Santiago,0,5562789
MAN-00160,9,Manufactura,MAN-4104,Concepción,0,5022789
MAN-00160,10,Manufactura,MAN-4103,Concepción,0,3348526
MAN-00160,11,Manufactura,MAN-4104,Antofagasta,0,3646972
MAN-00160,12,Manufactura,MAN-4103,Antofagasta,0,2431315
MAN-00160,13,Manufactura,MAN-4101,Santiago,0,1950811
MAN-00160,14,Manufactura,MAN-4102,Santiago,0,836062
MAN-00160,15,Manufactura,MAN-4101,Concepción,0,1174541
MAN-00160,16,Manufactura,MAN-4102,Concepción,0,503374
MAN-00160,17,Manufactura,MAN-4101,Antofagasta,0,857352
MAN-00160,18,Manufactura,MAN-4102,Antofagasta,0,367436
MAN-00160,19,Manufactura,MAN-1102,,73273184,0
MAN-00161,1,Manufactura,MAN-1101,,81657426,0
MAN-00161,2,Manufactura,MAN-1102,,0,81657426
MAN-00162,1,Manufactura,MAN-1103,,19882394,0
MAN-00162,2,Manufactura,MAN-2101,,0,19882394
MAN-00163,1,Manufactura,MAN-5105,Santiago,6440205,0
MAN-00163,2,Manufactura,MAN-5106,Santiago,4293470,0
MAN-00163,3,Manufactura,MAN-5105,Concepción,3861470,0
MAN-00163,4,Manufactura,MAN-5106,Concepción,2574314,0
MAN-00163,5,Manufactura,MAN-5105,Antofagasta,2525675,0
MAN-00163,6,Manufactura,MAN-5106,Antofagasta,1683784,0
MAN-00163,7,Manufactura,MAN-1103,,0,21378918
MAN-00164,1,Manufactura,MAN-5101,Santiago,1640796,0
MAN-00164,2,Manufactura,MAN-5102,Santiago,410199,0
MAN-00164,3,Manufactura,MAN-5101,Concepción,985864,0
MAN-00164,4,Manufactura,MAN-5102,Concepción,246466,0
MAN-00164,5,Manufactura,MAN-5101,Antofagasta,682660,0
MAN-00164,6,Manufactura,MAN-5102,Antofagasta,170665,0
MAN-00164,7,Manufactura,MAN-6103,Santiago,950273,0
MAN-00164,8,Manufactura,MAN-6102,Santiago,407260,0
MAN-00164,9,Manufactura,MAN-6103,Concepción,570515,0
MAN-00164,10,Manufactura,MAN-6102,Concepción,244507,0
MAN-00164,11,Manufactura,MAN-6103,Antofagasta,386788,0
MAN-00164,12,Manufactura,MAN-6102,Antofagasta,165766,0
MAN-00164,13,Manufactura,MAN-6107,Santiago,670297,0
MAN-00164,14,Manufactura,MAN-6106,Santiago,448955,0
MAN-00164,15,Manufactura,MAN-6107,Concepción,401865,0
MAN-00164,16,Manufactura,MAN-6106,Concepción,269303,0
MAN-00164,17,Manufactura,MAN-6107,Antofagasta,262161,0
MAN-00164,18,Manufactura,MAN-6106,Antofagasta,178258,0
MAN-00164,19,Manufactura,MAN-6105,Santiago,1367889,0
MAN-00164,20,Manufactura,MAN-6104,Santiago,451987,0
MAN-00164,21,Manufactura,MAN-6105,Concepción,821926,0
MAN-00164,22,Manufactura,MAN-6104,Concepción,271325,0
MAN-00164,23,Manufactura,MAN-6105,Antofagasta,569815,0
MAN-00164,24,Manufactura,MAN-6104,Antofagasta,183313,0
MAN-00164,25,Manufactura,MAN-6101,Santiago,810713,0
MAN-00164,26,Manufactura,MAN-6101,Concepción,486475,0
MAN-00164,27,Manufactura,MAN-6101,Antofagasta,325188,0
MAN-00164,28,Manufactura,MAN-6110,Santiago,383939,0
MAN-00164,29,Manufactura,MAN-6111,Santiago,164545,0
MAN-00164,30,Manufactura,MAN-6110,Concepción,230759,0
MAN-00164,31,Manufactura,MAN-6111,Concepción,98897,0
MAN-00164,32,Manufactura,MAN-6110,Antofagasta,161099,0
MAN-00164,33,Manufactura,MAN-6111,Antofagasta,69042,0
MAN-00164,34,Manufactura,MAN-2101,,0,15489510
MAN-00165,1,Manufactura,MAN-5104,Santiago,4302588,0
MAN-00165,2,Manufactura,MAN-5103,Santiago,1066941,0
MAN-00165,3,Manufactura,MAN-5104,Concepción,2580392,0
MAN-00165,4,Manufactura,MAN-5103,Concepción,639294,0
MAN-00165,5,Manufactura,MAN-5104,Antofagasta,1698979,0
MAN-00165,6,Manufactura,MAN-5103,Antofagasta,410234,0
MAN-00165,7,Manufactura,MAN-6109,Santiago,1871606,0
MAN-00165,8,Manufactura,MAN-6108,Santiago,330283,0
MAN-00165,9,Manufactura,MAN-6109,Concepción,1120237,0
MAN-00165,10,Manufactura,MAN-6108,Concepción,197689,0
MAN-00165,11,Manufactura,MAN-6109,Antofagasta,696842,0
MAN-00165,12,Manufactura,MAN-6108,Antofagasta,122972,0
MAN-00165,13,Manufactura,MAN-2102,,0,15038057
MAN-00166,1,Manufactura,MAN-2102,,19359806,0
MAN-00166,2,Manufactura,MAN-1101,,0,19359806
MAN-00167,1,Manufactura,MAN-2101,,50017107,0
MAN-00167,2,Manufactura,MAN-1101,,0,50017107
MAN-00168,1,Manufactura,MAN-1201,,1732236,0
MAN-00168,2,Manufactura,MAN-1101,,0,1732236
MAN-00169,1,Manufactura,MAN-6901,,4398045,0
MAN-00169,2,Manufactura,MAN-1202,,0,4398045
MAN-00170,1,Manufactura,MAN-6902,,631480,0
MAN-00170,2,Manufactura,MAN-1101,,0,631480
MAN-00171,1,Manufactura,MAN-2201,,935526,0
MAN-00171,2,Manufactura,MAN-1101,,0,935526
MAN-00172,1,Manufactura,MAN-6903,,4411037,0
MAN-00172,2,Manufactura,MAN-2104,,0,4411037
MAN-00173,1,Manufactura,MAN-4106,Santiago,0,13225529
MAN-00173,2,Manufactura,MAN-4105,Santiago,0,5668084
MAN-00173,3,Manufactura,MAN-4106,Concepción,0,7954619
MAN-00173,4,Manufactura,MAN-4105,Concepción,0,3409122
MAN-00173,5,Manufactura,MAN-4106,Antofagasta,0,5656948
MAN-00173,6,Manufactura,MAN-4105,Antofagasta,0,2424406
MAN-00173,7,Manufactura,MAN-4104,Santiago,0,8118272
MAN-00173,8,Manufactura,MAN-4103,Santiago,0,5412182
MAN-00173,9,Manufactura,MAN-4104,Concepción,0,4884181
MAN-00173,10,Manufactura,MAN-4103,Concepción,0,3256121
MAN-00173,11,Manufactura,MAN-4104,Antofagasta,0,3498453
MAN-00173,12,Manufactura,MAN-4103,Antofagasta,0,2332302
MAN-00173,13,Manufactura,MAN-4101,Santiago,0,1888190
MAN-00173,14,Manufactura,MAN-4102,Santiago,0,809224
MAN-00173,15,Manufactura,MAN-4101,Concepción,0,1135593
MAN-00173,16,Manufactura,MAN-4102,Concepción,0,486683
MAN-00173,17,Manufactura,MAN-4101,Antofagasta,0,806183
MAN-00173,18,Manufactura,MAN-4102,Antofagasta,0,345507
MAN-00173,19,Manufactura,MAN-1102,,71311599,0
MAN-00174,1,Manufactura,MAN-1101,,80910359,0
MAN-00174,2,Manufactura,MAN-1102,,0,80910359
MAN-00175,1,Manufactura,MAN-1103,,18896783,0
MAN-00175,2,Manufactura,MAN-2101,,0,18896783
MAN-00176,1,Manufactura,MAN-5105,Santiago,6191842,0
MAN-00176,2,Manufactura,MAN-5106,Santiago,4127894,0
MAN-00176,3,Manufactura,MAN-5105,Concepción,3705495,0
MAN-00176,4,Manufactura,MAN-5106,Concepción,2470330,0
MAN-00176,5,Manufactura,MAN-5105,Antofagasta,2294136,0
MAN-00176,6,Manufactura,MAN-5106,Antofagasta,1529424,0
MAN-00176,7,Manufactura,MAN-1103,,0,20319121
MAN-00177,1,Manufactura,MAN-5101,Santiago,1582660,0
MAN-00177,2,Manufactura,MAN-5102,Santiago,395665,0
MAN-00177,3,Manufactura,MAN-5101,Concepción,949506,0
MAN-00177,4,Manufactura,MAN-5102,Concepción,237377,0
MAN-00177,5,Manufactura,MAN-5101,Antofagasta,631366,0
MAN-00177,6,Manufactura,MAN-5102,Antofagasta,157841,0
MAN-00177,7,Manufactura,MAN-6103,Santiago,918932,0
MAN-00177,8,Manufactura,MAN-6102,Santiago,393828,0
MAN-00177,9,Manufactura,MAN-6103,Concepción,551022,0
MAN-00177,10,Manufactura,MAN-6102,Concepción,236152,0
MAN-00177,11,Manufactura,MAN-6103,Antofagasta,361154,0
MAN-00177,12,Manufactura,MAN-6102,Antofagasta,154780,0
MAN-00177,13,Manufactura,MAN-6107,Santiago,663368,0
MAN-00177,14,Manufactura,MAN-6106,Santiago,440748,0
MAN-00177,15,Manufactura,MAN-6107,Concepción,398245,0
MAN-00177,16,Manufactura,MAN-6106,Concepción,264499,0
MAN-00177,17,Manufactura,MAN-6107,Antofagasta,269613,0
MAN-00177,18,Manufactura,MAN-6106,Antofagasta,177247,0
MAN-00177,19,Manufactura,MAN-6105,Santiago,1319574,0
MAN-00177,20,Manufactura,MAN-6104,Santiago,439953,0
MAN-00177,21,Manufactura,MAN-6105,Concepción,791716,0
MAN-00177,22,Manufactura,MAN-6104,Concepción,263968,0
MAN-00177,23,Manufactura,MAN-6105,Antofagasta,527289,0
MAN-00177,24,Manufactura,MAN-6104,Antofagasta,175921,0
MAN-00177,25,Manufactura,MAN-6101,Santiago,783152,0
MAN-00177,26,Manufactura,MAN-6101,Concepción,469301,0
MAN-00177,27,Manufactura,MAN-6101,Antofagasta,302054,0
MAN-00177,28,Manufactura,MAN-6110,Santiago,364009,0
MAN-00177,29,Manufactura,MAN-6111,Santiago,156004,0
MAN-00177,30,Manufactura,MAN-6110,Concepción,218032,0
MAN-00177,31,Manufactura,MAN-6111,Concepción,93442,0
MAN-00177,32,Manufactura,MAN-6110,Antofagasta,138521,0
MAN-00177,33,Manufactura,MAN-6111,Antofagasta,59366,0
MAN-00177,34,Manufactura,MAN-2101,,0,14886305
MAN-00178,1,Manufactura,MAN-5104,Santiago,4204520,0
MAN-00178,2,Manufactura,MAN-5103,Santiago,1041390,0
MAN-00178,3,Manufactura,MAN-5104,Concepción,2521414,0
MAN-00178,4,Manufactura,MAN-5103,Concepción,623860,0
MAN-00178,5,Manufactura,MAN-5104,Antofagasta,1657134,0
MAN-00178,6,Manufactura,MAN-5103,Antofagasta,398050,0
MAN-00178,7,Manufactura,MAN-6109,Santiago,1881966,0
MAN-00178,8,Manufactura,MAN-6108,Santiago,332111,0
MAN-00178,9,Manufactura,MAN-6109,Concepción,1129977,0
MAN-00178,10,Manufactura,MAN-6108,Concepción,199408,0
MAN-00178,11,Manufactura,MAN-6109,Antofagasta,767943,0
MAN-00178,12,Manufactura,MAN-6108,Antofagasta,135519,0
MAN-00178,13,Manufactura,MAN-2102,,0,14893292
MAN-00179,1,Manufactura,MAN-2102,,15038057,0
MAN-00179,2,Manufactura,MAN-1101,,0,15038057
MAN-00180,1,Manufactura,MAN-2101,,45807060,0
MAN-00180,2,Manufactura,MAN-1101,,0,45807060
MAN-00181,1,Manufactura,MAN-1201,,2305140,0
MAN-00181,2,Manufactura,MAN-1101,,0,2305140
MAN-00182,1,Manufactura,MAN-6901,,4413413,0
MAN-00182,2,Manufactura,MAN-1202,,0,4413413
MAN-00183,1,Manufactura,MAN-6902,,625633,0
MAN-00183,2,Manufactura,MAN-1101,,0,625633
MAN-00184,1,Manufactura,MAN-2201,,935526,0
MAN-00184,2,Manufactura,MAN-1101,,0,935526
MAN-00185,1,Manufactura,MAN-6903,,4366935,0
MAN-00185,2,Manufactura,MAN-2104,,0,4366935
MAN-00186,1,Manufactura,MAN-4106,Santiago,0,15037484
MAN-00186,2,Manufactura,MAN-4105,Santiago,0,6444636
MAN-00186,3,Manufactura,MAN-4106,Concepción,0,9044989
MAN-00186,4,Manufactura,MAN-4105,Concepción,0,3876424
MAN-00186,5,Manufactura,MAN-4106,Antofagasta,0,6442473
MAN-00186,6,Manufactura,MAN-4105,Antofagasta,0,2761060
MAN-00186,7,Manufactura,MAN-4104,Santiago,0,9153804
MAN-00186,8,Manufactura,MAN-4103,Santiago,0,6102536
MAN-00186,9,Manufactura,MAN-4104,Concepción,0,5502536
MAN-00186,10,Manufactura,MAN-4103,Concepción,0,3668357
MAN-00186,11,Manufactura,MAN-4104,Antofagasta,0,3856339
MAN-00186,12,Manufactura,MAN-4103,Antofagasta,0,2570893
MAN-00186,13,Manufactura,MAN-4101,Santiago,0,2157803
MAN-00186,14,Manufactura,MAN-4102,Santiago,0,924772
MAN-00186,15,Manufactura,MAN-4101,Concepción,0,1298535
MAN-00186,16,Manufactura,MAN-4102,Concepción,0,556515
MAN-00186,17,Manufactura,MAN-4101,Antofagasta,0,936338
MAN-00186,18,Manufactura,MAN-4102,Antofagasta,0,401287
MAN-00186,19,Manufactura,MAN-1102,,80736781,0
MAN-00187,1,Manufactura,MAN-1101,,73833795,0
MAN-00187,2,Manufactura,MAN-1102,,0,73833795
MAN-00188,1,Manufactura,MAN-1103,,22151623,0
MAN-00188,2,Manufactura,MAN-2101,,0,22151623
MAN-00189,1,Manufactura,MAN-5105,Santiago,7167411,0
MAN-00189,2,Manufactura,MAN-5106,Santiago,4778274,0
MAN-00189,3,Manufactura,MAN-5105,Concepción,4298274,0
MAN-00189,4,Manufactura,MAN-5106,Concepción,2865516,0
MAN-00189,5,Manufactura,MAN-5105,Antofagasta,2825684,0
MAN-00189,6,Manufactura,MAN-5106,Antofagasta,1883790,0
MAN-00189,7,Manufactura,MAN-1103,,0,23818949
MAN-00190,1,Manufactura,MAN-5101,Santiago,1776948,0
MAN-00190,2,Manufactura,MAN-5102,Santiago,444237,0
MAN-00190,3,Manufactura,MAN-5101,Concepción,1064632,0
MAN-00190,4,Manufactura,MAN-5102,Concepción,266158,0
MAN-00190,5,Manufactura,MAN-5101,Antofagasta,681580,0
MAN-00190,6,Manufactura,MAN-5102,Antofagasta,170395,0
MAN-00190,7,Manufactura,MAN-6103,Santiago,1044691,0
MAN-00190,8,Manufactura,MAN-6102,Santiago,447725,0
MAN-00190,9,Manufactura,MAN-6103,Concepción,626461,0
MAN-00190,10,Manufactura,MAN-6102,Concepción,268483,0
MAN-00190,11,Manufactura,MAN-6103,Antofagasta,411151,0
MAN-00190,12,Manufactura,MAN-6102,Antofagasta,176208,0
MAN-00190,13,Manufactura,MAN-6107,Santiago,760986,0
MAN-00190,14,Manufactura,MAN-6106,Santiago,502441,0
MAN-00190,15,Manufactura,MAN-6107,Concepción,457324,0
MAN-00190,16,Manufactura,MAN-6106,Concepción,301627,0
MAN-00190,17,Manufactura,MAN-6107,Antofagasta,318309,0
MAN-00190,18,Manufactura,MAN-6106,Antofagasta,204069,0
MAN-00190,19,Manufactura,MAN-6105,Santiago,1531640,0
MAN-00190,20,Manufactura,MAN-6104,Santiago,503516,0
MAN-00190,21,Manufactura,MAN-6105,Concepción,921093,0
MAN-00190,22,Manufactura,MAN-6104,Concepción,302344,0
MAN-00190,23,Manufactura,MAN-6105,Antofagasta,652734,0
MAN-00190,24,Manufactura,MAN-6104,Antofagasta,205859,0
MAN-00190,25,Manufactura,MAN-6101,Santiago,901782,0
MAN-00190,26,Manufactura,MAN-6101,Concepción,541188,0
MAN-00190,27,Manufactura,MAN-6101,Antofagasta,362969,0
MAN-00190,28,Manufactura,MAN-6110,Santiago,423744,0
MAN-00190,29,Manufactura,MAN-6111,Santiago,181605,0
MAN-00190,30,Manufactura,MAN-6110,Concepción,254496,0
MAN-00190,31,Manufactura,MAN-6111,Concepción,109070,0
MAN-00190,32,Manufactura,MAN-6110,Antofagasta,174241,0
MAN-00190,33,Manufactura,MAN-6111,Antofagasta,74675,0
MAN-00190,34,Manufactura,MAN-2101,,0,17064381
MAN-00191,1,Manufactura,MAN-5104,Santiago,4785498,0
MAN-00191,2,Manufactura,MAN-5103,Santiago,1189124,0
MAN-00191,3,Manufactura,MAN-5104,Concepción,2870332,0
MAN-00191,4,Manufactura,MAN-5103,Concepción,712749,0
MAN-00191,5,Manufactura,MAN-5104,Antofagasta,1895830,0
MAN-00191,6,Manufactura,MAN-5103,Antofagasta,461873,0
MAN-00191,7,Manufactura,MAN-6109,Santiago,2135631,0
MAN-00191,8,Manufactura,MAN-6108,Santiago,376876,0
MAN-00191,9,Manufactura,MAN-6109,Concepción,1282087,0
MAN-00191,10,Manufactura,MAN-6108,Concepción,226250,0
MAN-00191,11,Manufactura,MAN-6109,Antofagasta,867718,0
MAN-00191,12,Manufactura,MAN-6108,Antofagasta,153127,0
MAN-00191,13,Manufactura,MAN-2102,,0,16957095
MAN-00192,1,Manufactura,MAN-2102,,14893292,0
MAN-00192,2,Manufactura,MAN-1101,,0,14893292
MAN-00193,1,Manufactura,MAN-2101,,34815818,0
MAN-00193,2,Manufactura,MAN-1101,,0,34815818
MAN-00194,1,Manufactura,MAN-1201,,3806186,0
MAN-00194,2,Manufactura,MAN-1101,,0,3806186
MAN-00195,1,Manufactura,MAN-6901,,4438787,0
MAN-00195,2,Manufactura,MAN-1202,,0,4438787
MAN-00196,1,Manufactura,MAN-6902,,619786,0
MAN-00196,2,Manufactura,MAN-1101,,0,619786
MAN-00197,1,Manufactura,MAN-2201,,935526,0
MAN-00197,2,Manufactura,MAN-1101,,0,935526
MAN-00198,1,Manufactura,MAN-6903,,4816201,0
MAN-00198,2,Manufactura,MAN-2104,,0,4816201
MAN-00199,1,Manufactura,MAN-4106,Santiago,0,15149387
MAN-00199,2,Manufactura,MAN-4105,Santiago,0,6492595
MAN-00199,3,Manufactura,MAN-4106,Concepción,0,9119592
MAN-00199,4,Manufactura,MAN-4105,Concepción,0,3908396
MAN-00199,5,Manufactura,MAN-4106,Antofagasta,0,6628979
MAN-00199,6,Manufactura,MAN-4105,Antofagasta,0,2840991
MAN-00199,7,Manufactura,MAN-4104,Santiago,0,9130525
MAN-00199,8,Manufactura,MAN-4103,Santiago,0,6087017
MAN-00199,9,Manufactura,MAN-4104,Concepción,0,5487016
MAN-00199,10,Manufactura,MAN-4103,Concepción,0,3658011
MAN-00199,11,Manufactura,MAN-4104,Antofagasta,0,3817541
MAN-00199,12,Manufactura,MAN-4103,Antofagasta,0,2545028
MAN-00199,13,Manufactura,MAN-4101,Santiago,0,2155279
MAN-00199,14,Manufactura,MAN-4102,Santiago,0,923691
MAN-00199,15,Manufactura,MAN-4101,Concepción,0,1296853
MAN-00199,16,Manufactura,MAN-4102,Concepción,0,555794
MAN-00199,17,Manufactura,MAN-4101,Antofagasta,0,932131
MAN-00199,18,Manufactura,MAN-4102,Antofagasta,0,399485
MAN-00199,19,Manufactura,MAN-1102,,81128311,0
MAN-00200,1,Manufactura,MAN-1101,,74335312,0
MAN-00200,2,Manufactura,MAN-1102,,0,74335312
MAN-00201,1,Manufactura,MAN-1103,,21544773,0
MAN-00201,2,Manufactura,MAN-2101,,0,21544773
MAN-00202,1,Manufactura,MAN-5105,Santiago,7049956,0
MAN-00202,2,Manufactura,MAN-5106,Santiago,4699971,0
MAN-00202,3,Manufactura,MAN-5105,Concepción,4219971,0
MAN-00202,4,Manufactura,MAN-5106,Concepción,2813314,0
MAN-00202,5,Manufactura,MAN-5105,Antofagasta,2629927,0
MAN-00202,6,Manufactura,MAN-5106,Antofagasta,1753284,0
MAN-00202,7,Manufactura,MAN-1103,,0,23166423
MAN-00203,1,Manufactura,MAN-5101,Santiago,1791380,0
MAN-00203,2,Manufactura,MAN-5102,Santiago,447845,0
MAN-00203,3,Manufactura,MAN-5101,Concepción,1074254,0
MAN-00203,4,Manufactura,MAN-5102,Concepción,268563,0
MAN-00203,5,Manufactura,MAN-5101,Antofagasta,705634,0
MAN-00203,6,Manufactura,MAN-5102,Antofagasta,176409,0
MAN-00203,7,Manufactura,MAN-6103,Santiago,1042141,0
MAN-00203,8,Manufactura,MAN-6102,Santiago,446632,0
MAN-00203,9,Manufactura,MAN-6103,Concepción,624761,0
MAN-00203,10,Manufactura,MAN-6102,Concepción,267755,0
MAN-00203,11,Manufactura,MAN-6103,Antofagasta,406903,0
MAN-00203,12,Manufactura,MAN-6102,Antofagasta,174387,0
MAN-00203,13,Manufactura,MAN-6107,Santiago,749830,0
MAN-00203,14,Manufactura,MAN-6106,Santiago,499962,0
MAN-00203,15,Manufactura,MAN-6107,Concepción,449887,0
MAN-00203,16,Manufactura,MAN-6106,Concepción,299975,0
MAN-00203,17,Manufactura,MAN-6107,Antofagasta,299716,0
MAN-00203,18,Manufactura,MAN-6106,Antofagasta,199937,0
MAN-00203,19,Manufactura,MAN-6105,Santiago,1494186,0
MAN-00203,20,Manufactura,MAN-6104,Santiago,499354,0
MAN-00203,21,Manufactura,MAN-6105,Concepción,896124,0
MAN-00203,22,Manufactura,MAN-6104,Concepción,299569,0
MAN-00203,23,Manufactura,MAN-6105,Antofagasta,590310,0
MAN-00203,24,Manufactura,MAN-6104,Antofagasta,198924,0
MAN-00203,25,Manufactura,MAN-6101,Santiago,890202,0
MAN-00203,26,Manufactura,MAN-6101,Concepción,533468,0
MAN-00203,27,Manufactura,MAN-6101,Antofagasta,343670,0
MAN-00203,28,Manufactura,MAN-6110,Santiago,422235,0
MAN-00203,29,Manufactura,MAN-6111,Santiago,180958,0
MAN-00203,30,Manufactura,MAN-6110,Concepción,253490,0
MAN-00203,31,Manufactura,MAN-6111,Concepción,108639,0
MAN-00203,32,Manufactura,MAN-6110,Antofagasta,171725,0
MAN-00203,33,Manufactura,MAN-6111,Antofagasta,73597,0
MAN-00203,34,Manufactura,MAN-2101,,0,16882422
MAN-00204,1,Manufactura,MAN-5104,Santiago,4815408,0
MAN-00204,2,Manufactura,MAN-5103,Santiago,1211556,0
MAN-00204,3,Manufactura,MAN-5104,Concepción,2890272,0
MAN-00204,4,Manufactura,MAN-5103,Concepción,727704,0
MAN-00204,5,Manufactura,MAN-5104,Antofagasta,1945679,0
MAN-00204,6,Manufactura,MAN-5103,Antofagasta,499260,0
MAN-00204,7,Manufactura,MAN-6109,Santiago,2114483,0
MAN-00204,8,Manufactura,MAN-6108,Santiago,373144,0
MAN-00204,9,Manufactura,MAN-6109,Concepción,1267988,0
MAN-00204,10,Manufactura,MAN-6108,Concepción,223763,0
MAN-00204,11,Manufactura,MAN-6109,Antofagasta,832471,0
MAN-00204,12,Manufactura,MAN-6108,Antofagasta,146907,0
MAN-00204,13,Manufactura,MAN-2102,,0,17048635
MAN-00205,1,Manufactura,MAN-2102,,16957095,0
MAN-00205,2,Manufactura,MAN-1101,,0,16957095
MAN-00206,1,Manufactura,MAN-2101,,35684608,0
MAN-00206,2,Manufactura,MAN-1101,,0,35684608
MAN-00207,1,Manufactura,MAN-1201,,3478705,0
MAN-00207,2,Manufactura,MAN-1101,,0,3478705
MAN-00208,1,Manufactura,MAN-6901,,4461978,0
MAN-00208,2,Manufactura,MAN-1202,,0,4461978
MAN-00209,1,Manufactura,MAN-6902,,613939,0
MAN-00209,2,Manufactura,MAN-1101,,0,613939
MAN-00210,1,Manufactura,MAN-2201,,935526,0
MAN-00210,2,Manufactura,MAN-1101,,0,935526
MAN-00211,1,Manufactura,MAN-6903,,5117827,0
MAN-00211,2,Manufactura,MAN-2104,,0,5117827
MAN-00212,1,Manufactura,MAN-2104,,38094762,0
MAN-00212,2,Manufactura,MAN-1101,,0,38094762
MAN-00213,1,Manufactura,MAN-4106,Santiago,0,15035245
MAN-00213,2,Manufactura,MAN-4105,Santiago,0,6443676
MAN-00213,3,Manufactura,MAN-4106,Concepción,0,9043497
MAN-00213,4,Manufactura,MAN-4105,Concepción,0,3875784
MAN-00213,5,Manufactura,MAN-4106,Antofagasta,0,6438741
MAN-00213,6,Manufactura,MAN-4105,Antofagasta,0,2759461
MAN-00213,7,Manufactura,MAN-4104,Santiago,0,9236752
MAN-00213,8,Manufactura,MAN-4103,Santiago,0,6157835
MAN-00213,9,Manufactura,MAN-4104,Concepción,0,5557834
MAN-00213,10,Manufactura,MAN-4103,Concepción,0,3705223
MAN-00213,11,Manufactura,MAN-4104,Antofagasta,0,3994586
MAN-00213,12,Manufactura,MAN-4103,Antofagasta,0,2663058
MAN-00213,13,Manufactura,MAN-4101,Santiago,0,2165777
MAN-00213,14,Manufactura,MAN-4102,Santiago,0,928190
MAN-00213,15,Manufactura,MAN-4101,Concepción,0,1303852
MAN-00213,16,Manufactura,MAN-4102,Concepción,0,558794
MAN-00213,17,Manufactura,MAN-4101,Antofagasta,0,949629
MAN-00213,18,Manufactura,MAN-4102,Antofagasta,0,406984
MAN-00213,19,Manufactura,MAN-1102,,81224918,0
MAN-00214,1,Manufactura,MAN-1101,,79911722,0
MAN-00214,2,Manufactura,MAN-1102,,0,79911722
MAN-00215,1,Manufactura,MAN-1103,,21845303,0
MAN-00215,2,Manufactura,MAN-2101,,0,21845303
MAN-00216,1,Manufactura,MAN-5105,Santiago,7108123,0
MAN-00216,2,Manufactura,MAN-5106,Santiago,4738749,0
MAN-00216,3,Manufactura,MAN-5105,Concepción,4258749,0
MAN-00216,4,Manufactura,MAN-5106,Concepción,2839166,0
MAN-00216,5,Manufactura,MAN-5105,Antofagasta,2726872,0
MAN-00216,6,Manufactura,MAN-5106,Antofagasta,1817914,0
MAN-00216,7,Manufactura,MAN-1103,,0,23489573
MAN-00217,1,Manufactura,MAN-5101,Santiago,1815437,0
MAN-00217,2,Manufactura,MAN-5102,Santiago,453859,0
MAN-00217,3,Manufactura,MAN-5101,Concepción,1090291,0
MAN-00217,4,Manufactura,MAN-5102,Concepción,272573,0
MAN-00217,5,Manufactura,MAN-5101,Antofagasta,745728,0
MAN-00217,6,Manufactura,MAN-5102,Antofagasta,186432,0
MAN-00217,7,Manufactura,MAN-6103,Santiago,1058999,0
MAN-00217,8,Manufactura,MAN-6102,Santiago,453857,0
MAN-00217,9,Manufactura,MAN-6103,Concepción,635999,0
MAN-00217,10,Manufactura,MAN-6102,Concepción,272571,0
MAN-00217,11,Manufactura,MAN-6103,Antofagasta,434998,0
MAN-00217,12,Manufactura,MAN-6102,Antofagasta,186428,0
MAN-00217,13,Manufactura,MAN-6107,Santiago,752406,0
MAN-00217,14,Manufactura,MAN-6106,Santiago,500535,0
MAN-00217,15,Manufactura,MAN-6107,Concepción,451604,0
MAN-00217,16,Manufactura,MAN-6106,Concepción,300356,0
MAN-00217,17,Manufactura,MAN-6107,Antofagasta,304009,0
MAN-00217,18,Manufactura,MAN-6106,Antofagasta,200891,0
MAN-00217,19,Manufactura,MAN-6105,Santiago,1525808,0
MAN-00217,20,Manufactura,MAN-6104,Santiago,502867,0
MAN-00217,21,Manufactura,MAN-6105,Concepción,917205,0
MAN-00217,22,Manufactura,MAN-6104,Concepción,301912,0
MAN-00217,23,Manufactura,MAN-6105,Antofagasta,643013,0
MAN-00217,24,Manufactura,MAN-6104,Antofagasta,204779,0
MAN-00217,25,Manufactura,MAN-6101,Santiago,907170,0
MAN-00217,26,Manufactura,MAN-6101,Concepción,544780,0
MAN-00217,27,Manufactura,MAN-6101,Antofagasta,371950,0
MAN-00217,28,Manufactura,MAN-6110,Santiago,425797,0
MAN-00217,29,Manufactura,MAN-6111,Santiago,182484,0
MAN-00217,30,Manufactura,MAN-6110,Concepción,255865,0
MAN-00217,31,Manufactura,MAN-6111,Concepción,109656,0
MAN-00217,32,Manufactura,MAN-6110,Antofagasta,177661,0
MAN-00217,33,Manufactura,MAN-6111,Antofagasta,76141,0
MAN-00217,34,Manufactura,MAN-2101,,0,17264061
MAN-00218,1,Manufactura,MAN-5104,Santiago,4792282,0
MAN-00218,2,Manufactura,MAN-5103,Santiago,1194211,0
MAN-00218,3,Manufactura,MAN-5104,Concepción,2874855,0
MAN-00218,4,Manufactura,MAN-5103,Concepción,716141,0
MAN-00218,5,Manufactura,MAN-5104,Antofagasta,1907137,0
MAN-00218,6,Manufactura,MAN-5103,Antofagasta,470353,0
MAN-00218,7,Manufactura,MAN-6109,Santiago,2113001,0
MAN-00218,8,Manufactura,MAN-6108,Santiago,372883,0
MAN-00218,9,Manufactura,MAN-6109,Concepción,1267001,0
MAN-00218,10,Manufactura,MAN-6108,Concepción,223588,0
MAN-00218,11,Manufactura,MAN-6109,Antofagasta,830002,0
MAN-00218,12,Manufactura,MAN-6108,Antofagasta,146471,0
MAN-00218,13,Manufactura,MAN-2102,,0,16907925
MAN-00219,1,Manufactura,MAN-2102,,17048635,0
MAN-00219,2,Manufactura,MAN-1101,,0,17048635
MAN-00220,1,Manufactura,MAN-2101,,38939921,0
MAN-00220,2,Manufactura,MAN-1101,,0,38939921
MAN-00221,1,Manufactura,MAN-1201,,2410943,0
MAN-00221,2,Manufactura,MAN-1101,,0,2410943
MAN-00222,1,Manufactura,MAN-6901,,4478051,0
MAN-00222,2,Manufactura,MAN-1202,,0,4478051
MAN-00223,1,Manufactura,MAN-6902,,608092,0
MAN-00223,2,Manufactura,MAN-1101,,0,608092
MAN-00224,1,Manufactura,MAN-2201,,935526,0
MAN-00224,2,Manufactura,MAN-1101,,0,935526
MAN-00225,1,Manufactura,MAN-6903,,4988848,0
MAN-00225,2,Manufactura,MAN-2104,,0,4988848
MAN-00226,1,Manufactura,MAN-4106,Santiago,0,14846776
MAN-00226,2,Manufactura,MAN-4105,Santiago,0,6362904
MAN-00226,3,Manufactura,MAN-4106,Concepción,0,8917851
MAN-00226,4,Manufactura,MAN-4105,Concepción,0,3821936
MAN-00226,5,Manufactura,MAN-4106,Antofagasta,0,6124627
MAN-00226,6,Manufactura,MAN-4105,Antofagasta,0,2624840
MAN-00226,7,Manufactura,MAN-4104,Santiago,0,9326446
MAN-00226,8,Manufactura,MAN-4103,Santiago,0,6217630
MAN-00226,9,Manufactura,MAN-4104,Concepción,0,5617630
MAN-00226,10,Manufactura,MAN-4103,Concepción,0,3745087
MAN-00226,11,Manufactura,MAN-4104,Antofagasta,0,4144076
MAN-00226,12,Manufactura,MAN-4103,Antofagasta,0,2762717
MAN-00226,13,Manufactura,MAN-4101,Santiago,0,2128519
MAN-00226,14,Manufactura,MAN-4102,Santiago,0,912222
MAN-00226,15,Manufactura,MAN-4101,Concepción,0,1279012
MAN-00226,16,Manufactura,MAN-4102,Concepción,0,548148
MAN-00226,17,Manufactura,MAN-4101,Antofagasta,0,887531
MAN-00226,18,Manufactura,MAN-4102,Antofagasta,0,380370
MAN-00226,19,Manufactura,MAN-1102,,80648322,0
MAN-00227,1,Manufactura,MAN-1101,,81118140,0
MAN-00227,2,Manufactura,MAN-1102,,0,81118140
MAN-00228,1,Manufactura,MAN-1103,,21777170,0
MAN-00228,2,Manufactura,MAN-2101,,0,21777170
MAN-00229,1,Manufactura,MAN-5105,Santiago,7094936,0
MAN-00229,2,Manufactura,MAN-5106,Santiago,4729957,0
MAN-00229,3,Manufactura,MAN-5105,Concepción,4249958,0
MAN-00229,4,Manufactura,MAN-5106,Concepción,2833305,0
MAN-00229,5,Manufactura,MAN-5105,Antofagasta,2704894,0
MAN-00229,6,Manufactura,MAN-5106,Antofagasta,1803262,0
MAN-00229,7,Manufactura,MAN-1103,,0,23416312
MAN-00230,1,Manufactura,MAN-5101,Santiago,1776613,0
MAN-00230,2,Manufactura,MAN-5102,Santiago,444153,0
MAN-00230,3,Manufactura,MAN-5101,Concepción,1064408,0
MAN-00230,4,Manufactura,MAN-5102,Concepción,266102,0
MAN-00230,5,Manufactura,MAN-5101,Antofagasta,681021,0
MAN-00230,6,Manufactura,MAN-5102,Antofagasta,170255,0
MAN-00230,7,Manufactura,MAN-6103,Santiago,1044643,0
MAN-00230,8,Manufactura,MAN-6102,Santiago,447704,0
MAN-00230,9,Manufactura,MAN-6103,Concepción,626429,0
MAN-00230,10,Manufactura,MAN-6102,Concepción,268470,0
MAN-00230,11,Manufactura,MAN-6103,Antofagasta,411073,0
MAN-00230,12,Manufactura,MAN-6102,Antofagasta,176174,0
MAN-00230,13,Manufactura,MAN-6107,Santiago,751546,0
MAN-00230,14,Manufactura,MAN-6106,Santiago,500343,0
MAN-00230,15,Manufactura,MAN-6107,Concepción,451031,0
MAN-00230,16,Manufactura,MAN-6106,Concepción,300229,0
MAN-00230,17,Manufactura,MAN-6107,Antofagasta,302577,0
MAN-00230,18,Manufactura,MAN-6106,Antofagasta,200573,0
MAN-00230,19,Manufactura,MAN-6105,Santiago,1501865,0
MAN-00230,20,Manufactura,MAN-6104,Santiago,500207,0
MAN-00230,21,Manufactura,MAN-6105,Concepción,901243,0
MAN-00230,22,Manufactura,MAN-6104,Concepción,300138,0
MAN-00230,23,Manufactura,MAN-6105,Antofagasta,603108,0
MAN-00230,24,Manufactura,MAN-6104,Antofagasta,200346,0
MAN-00230,25,Manufactura,MAN-6101,Santiago,900026,0
MAN-00230,26,Manufactura,MAN-6101,Concepción,540017,0
MAN-00230,27,Manufactura,MAN-6101,Antofagasta,360043,0
MAN-00230,28,Manufactura,MAN-6110,Santiago,422693,0
MAN-00230,29,Manufactura,MAN-6111,Santiago,181154,0
MAN-00230,30,Manufactura,MAN-6110,Concepción,253795,0
MAN-00230,31,Manufactura,MAN-6111,Concepción,108769,0
MAN-00230,32,Manufactura,MAN-6110,Antofagasta,172488,0
MAN-00230,33,Manufactura,MAN-6111,Antofagasta,73924,0
MAN-00230,34,Manufactura,MAN-2101,,0,16903160
MAN-00231,1,Manufactura,MAN-5104,Santiago,4872075,0
MAN-00231,2,Manufactura,MAN-5103,Santiago,1254056,0
MAN-00231,3,Manufactura,MAN-5104,Concepción,2928050,0
MAN-00231,4,Manufactura,MAN-5103,Concepción,756037,0
MAN-00231,5,Manufactura,MAN-5104,Antofagasta,2040125,0
MAN-00231,6,Manufactura,MAN-5103,Antofagasta,570093,0
MAN-00231,7,Manufactura,MAN-6109,Santiago,2124956,0
MAN-00231,8,Manufactura,MAN-6108,Santiago,374992,0
MAN-00231,9,Manufactura,MAN-6109,Concepción,1274971,0
MAN-00231,10,Manufactura,MAN-6108,Concepción,224995,0
MAN-00231,11,Manufactura,MAN-6109,Antofagasta,849926,0
MAN-00231,12,Manufactura,MAN-6108,Antofagasta,149987,0
MAN-00231,13,Manufactura,MAN-2102,,0,17420263
MAN-00232,1,Manufactura,MAN-2102,,16907925,0
MAN-00232,2,Manufactura,MAN-1101,,0,16907925
MAN-00233,1,Manufactura,MAN-2101,,38665954,0
MAN-00233,2,Manufactura,MAN-1101,,0,38665954
MAN-00234,1,Manufactura,MAN-1201,,3658341,0
MAN-00234,2,Manufactura,MAN-1101,,0,3658341
MAN-00235,1,Manufactura,MAN-6901,,4502440,0
MAN-00235,2,Manufactura,MAN-1202,,0,4502440
MAN-00236,1,Manufactura,MAN-6902,,602245,0
MAN-00236,2,Manufactura,MAN-1101,,0,602245
MAN-00237,1,Manufactura,MAN-2201,,935526,0
MAN-00237,2,Manufactura,MAN-1101,,0,935526
MAN-00238,1,Manufactura,MAN-6903,,4807054,0
MAN-00238,2,Manufactura,MAN-2104,,0,4807054
MAN-00239,1,Manufactura,MAN-4106,Santiago,0,15098525
MAN-00239,2,Manufactura,MAN-4105,Santiago,0,6470796
MAN-00239,3,Manufactura,MAN-4106,Concepción,0,9085683
MAN-00239,4,Manufactura,MAN-4105,Concepción,0,3893864
MAN-00239,5,Manufactura,MAN-4106,Antofagasta,0,6544207
MAN-00239,6,Manufactura,MAN-4105,Antofagasta,0,2804660
MAN-00239,7,Manufactura,MAN-4104,Santiago,0,9219509
MAN-00239,8,Manufactura,MAN-4103,Santiago,0,6146339
MAN-00239,9,Manufactura,MAN-4104,Concepción,0,5546339
MAN-00239,10,Manufactura,MAN-4103,Concepción,0,3697560
MAN-00239,11,Manufactura,MAN-4104,Antofagasta,0,3965849
MAN-00239,12,Manufactura,MAN-4103,Antofagasta,0,2643899
MAN-00239,13,Manufactura,MAN-4101,Santiago,0,2161570
MAN-00239,14,Manufactura,MAN-4102,Santiago,0,926387
MAN-00239,15,Manufactura,MAN-4101,Concepción,0,1301046
MAN-00239,16,Manufactura,MAN-4102,Concepción,0,557591
MAN-00239,17,Manufactura,MAN-4101,Antofagasta,0,942616
MAN-00239,18,Manufactura,MAN-4102,Antofagasta,0,403978
MAN-00239,19,Manufactura,MAN-1102,,81410418,0
MAN-00240,1,Manufactura,MAN-1101,,81042278,0
MAN-00240,2,Manufactura,MAN-1102,,0,81042278
MAN-00241,1,Manufactura,MAN-1103,,21911141,0
MAN-00241,2,Manufactura,MAN-2101,,0,21911141
MAN-00242,1,Manufactura,MAN-5105,Santiago,7120866,0
MAN-00242,2,Manufactura,MAN-5106,Santiago,4747244,0
MAN-00242,3,Manufactura,MAN-5105,Concepción,4267244,0
MAN-00242,4,Manufactura,MAN-5106,Concepción,2844829,0
MAN-00242,5,Manufactura,MAN-5105,Antofagasta,2748110,0
MAN-00242,6,Manufactura,MAN-5106,Antofagasta,1832074,0
MAN-00242,7,Manufactura,MAN-1103,,0,23560367
MAN-00243,1,Manufactura,MAN-5101,Santiago,1800543,0
MAN-00243,2,Manufactura,MAN-5102,Santiago,450136,0
MAN-00243,3,Manufactura,MAN-5101,Concepción,1080362,0
MAN-00243,4,Manufactura,MAN-5102,Concepción,270091,0
MAN-00243,5,Manufactura,MAN-5101,Antofagasta,720905,0
MAN-00243,6,Manufactura,MAN-5102,Antofagasta,180226,0
MAN-00243,7,Manufactura,MAN-6103,Santiago,1049336,0
MAN-00243,8,Manufactura,MAN-6102,Santiago,449716,0
MAN-00243,9,Manufactura,MAN-6103,Concepción,629557,0
MAN-00243,10,Manufactura,MAN-6102,Concepción,269810,0
MAN-00243,11,Manufactura,MAN-6103,Antofagasta,418893,0
MAN-00243,12,Manufactura,MAN-6102,Antofagasta,179526,0
MAN-00243,13,Manufactura,MAN-6107,Santiago,759985,0
MAN-00243,14,Manufactura,MAN-6106,Santiago,502219,0
MAN-00243,15,Manufactura,MAN-6107,Concepción,456656,0
MAN-00243,16,Manufactura,MAN-6106,Concepción,301479,0
MAN-00243,17,Manufactura,MAN-6107,Antofagasta,316641,0
MAN-00243,18,Manufactura,MAN-6106,Antofagasta,203698,0
MAN-00243,19,Manufactura,MAN-6105,Santiago,1491636,0
MAN-00243,20,Manufactura,MAN-6104,Santiago,499071,0
MAN-00243,21,Manufactura,MAN-6105,Concepción,894424,0
MAN-00243,22,Manufactura,MAN-6104,Concepción,299381,0
MAN-00243,23,Manufactura,MAN-6105,Antofagasta,586061,0
MAN-00243,24,Manufactura,MAN-6104,Antofagasta,198451,0
MAN-00243,25,Manufactura,MAN-6101,Santiago,918496,0
MAN-00243,26,Manufactura,MAN-6101,Concepción,552331,0
MAN-00243,27,Manufactura,MAN-6101,Antofagasta,390826,0
MAN-00243,28,Manufactura,MAN-6110,Santiago,420197,0
MAN-00243,29,Manufactura,MAN-6111,Santiago,180084,0
MAN-00243,30,Manufactura,MAN-6110,Concepción,252131,0
MAN-00243,31,Manufactura,MAN-6111,Concepción,108056,0
MAN-00243,32,Manufactura,MAN-6110,Antofagasta,168328,0
MAN-00243,33,Manufactura,MAN-6111,Antofagasta,72141,0
MAN-00243,34,Manufactura,MAN-2101,,0,17071393
MAN-00244,1,Manufactura,MAN-5104,Santiago,4774719,0
MAN-00244,2,Manufactura,MAN-5103,Santiago,1181039,0
MAN-00244,3,Manufactura,MAN-5104,Concepción,2863146,0
MAN-00244,4,Manufactura,MAN-5103,Concepción,707359,0
MAN-00244,5,Manufactura,MAN-5104,Antofagasta,1877865,0
MAN-00244,6,Manufactura,MAN-5103,Antofagasta,448399,0
MAN-00244,7,Manufactura,MAN-6109,Santiago,2157988,0
MAN-00244,8,Manufactura,MAN-6108,Santiago,380822,0
MAN-00244,9,Manufactura,MAN-6109,Concepción,1296992,0
MAN-00244,10,Manufactura,MAN-6108,Concepción,228881,0
MAN-00244,11,Manufactura,MAN-6109,Antofagasta,904981,0
MAN-00244,12,Manufactura,MAN-6108,Antofagasta,159702,0
MAN-00244,13,Manufactura,MAN-2102,,0,16981893
MAN-00245,1,Manufactura,MAN-2102,,17420263,0
MAN-00245,2,Manufactura,MAN-1101,,0,17420263
MAN-00246,1,Manufactura,MAN-2101,,38959202,0
MAN-00246,2,Manufactura,MAN-1101,,0,38959202
MAN-00247,1,Manufactura,MAN-1201,,4421724,0
MAN-00247,2,Manufactura,MAN-1101,,0,4421724
MAN-00248,1,Manufactura,MAN-6901,,4531918,0
MAN-00248,2,Manufactura,MAN-1202,,0,4531918
MAN-00249,1,Manufactura,MAN-6902,,596398,0
MAN-00249,2,Manufactura,MAN-1101,,0,596398
MAN-00250,1,Manufactura,MAN-2201,,935526,0
MAN-00250,2,Manufactura,MAN-1101,,0,935526
MAN-00251,1,Manufactura,MAN-6903,,5040481,0
MAN-00251,2,Manufactura,MAN-2104,,0,5040481
MAN-00252,1,Manufactura,MAN-4106,Santiago,0,15016016
MAN-00252,2,Manufactura,MAN-4105,Santiago,0,6435436
MAN-00252,3,Manufactura,MAN-4106,Concepción,0,9030678
MAN-00252,4,Manufactura,MAN-4105,Concepción,0,3870290
MAN-00252,5,Manufactura,MAN-4106,Antofagasta,0,6406694
MAN-00252,6,Manufactura,MAN-4105,Antofagasta,0,2745726
MAN-00252,7,Manufactura,MAN-4104,Santiago,0,9207044
MAN-00252,8,Manufactura,MAN-4103,Santiago,0,6138029
MAN-00252,9,Manufactura,MAN-4104,Concepción,0,5538029
MAN-00252,10,Manufactura,MAN-4103,Concepción,0,3692019
MAN-00252,11,Manufactura,MAN-4104,Antofagasta,0,3945072
MAN-00252,12,Manufactura,MAN-4103,Antofagasta,0,2630048
MAN-00252,13,Manufactura,MAN-4101,Santiago,0,2120631
MAN-00252,14,Manufactura,MAN-4102,Santiago,0,908842
MAN-00252,15,Manufactura,MAN-4101,Concepción,0,1273754
MAN-00252,16,Manufactura,MAN-4102,Concepción,0,545894
MAN-00252,17,Manufactura,MAN-4101,Antofagasta,0,874384
MAN-00252,18,Manufactura,MAN-4102,Antofagasta,0,374736
MAN-00252,19,Manufactura,MAN-1102,,80753322,0
MAN-00253,1,Manufactura,MAN-1101,,80934610,0
MAN-00253,2,Manufactura,MAN-1102,,0,80934610
MAN-00254,1,Manufactura,MAN-1103,,22142198,0
MAN-00254,2,Manufactura,MAN-2101,,0,22142198
MAN-00255,1,Manufactura,MAN-5105,Santiago,7165587,0
MAN-00255,2,Manufactura,MAN-5106,Santiago,4777058,0
MAN-00255,3,Manufactura,MAN-5105,Concepción,4297058,0
MAN-00255,4,Manufactura,MAN-5106,Concepción,2864705,0
MAN-00255,5,Manufactura,MAN-5105,Antofagasta,2822644,0
MAN-00255,6,Manufactura,MAN-5106,Antofagasta,1881763,0
MAN-00255,7,Manufactura,MAN-1103,,0,23808815
MAN-00256,1,Manufactura,MAN-5101,Santiago,1804102,0
MAN-00256,2,Manufactura,MAN-5102,Santiago,451026,0
MAN-00256,3,Manufactura,MAN-5101,Concepción,1082735,0
MAN-00256,4,Manufactura,MAN-5102,Concepción,270684,0
MAN-00256,5,Manufactura,MAN-5101,Antofagasta,726838,0
MAN-00256,6,Manufactura,MAN-5102,Antofagasta,181709,0
MAN-00256,7,Manufactura,MAN-6103,Santiago,1057081,0
MAN-00256,8,Manufactura,MAN-6102,Santiago,453035,0
MAN-00256,9,Manufactura,MAN-6103,Concepción,634721,0
MAN-00256,10,Manufactura,MAN-6102,Concepción,272023,0
MAN-00256,11,Manufactura,MAN-6103,Antofagasta,431801,0
MAN-00256,12,Manufactura,MAN-6102,Antofagasta,185058,0
MAN-00256,13,Manufactura,MAN-6107,Santiago,758223,0
MAN-00256,14,Manufactura,MAN-6106,Santiago,501827,0
MAN-00256,15,Manufactura,MAN-6107,Concepción,455482,0
MAN-00256,16,Manufactura,MAN-6106,Concepción,301218,0
MAN-00256,17,Manufactura,MAN-6107,Antofagasta,313705,0
MAN-00256,18,Manufactura,MAN-6106,Antofagasta,203046,0
MAN-00256,19,Manufactura,MAN-6105,Santiago,1481719,0
MAN-00256,20,Manufactura,MAN-6104,Santiago,497969,0
MAN-00256,21,Manufactura,MAN-6105,Concepción,887813,0
MAN-00256,22,Manufactura,MAN-6104,Concepción,298646,0
MAN-00256,23,Manufactura,MAN-6105,Antofagasta,569532,0
MAN-00256,24,Manufactura,MAN-6104,Antofagasta,196614,0
MAN-00256,25,Manufactura,MAN-6101,Santiago,902275,0
MAN-00256,26,Manufactura,MAN-6101,Concepción,541517,0
MAN-00256,27,Manufactura,MAN-6101,Antofagasta,363791,0
MAN-00256,28,Manufactura,MAN-6110,Santiago,418028,0
MAN-00256,29,Manufactura,MAN-6111,Santiago,179155,0
MAN-00256,30,Manufactura,MAN-6110,Concepción,250685,0
MAN-00256,31,Manufactura,MAN-6111,Concepción,107437,0
MAN-00256,32,Manufactura,MAN-6110,Antofagasta,164713,0
MAN-00256,33,Manufactura,MAN-6111,Antofagasta,70592,0
MAN-00256,34,Manufactura,MAN-2101,,0,17014800
MAN-00257,1,Manufactura,MAN-5104,Santiago,4766092,0
MAN-00257,2,Manufactura,MAN-5103,Santiago,1174569,0
MAN-00257,3,Manufactura,MAN-5104,Concepción,2857395,0
MAN-00257,4,Manufactura,MAN-5103,Concepción,703046,0
MAN-00257,5,Manufactura,MAN-5104,Antofagasta,1863486,0
MAN-00257,6,Manufactura,MAN-5103,Antofagasta,437615,0
MAN-00257,7,Manufactura,MAN-6109,Santiago,2104821,0
MAN-00257,8,Manufactura,MAN-6108,Santiago,371439,0
MAN-00257,9,Manufactura,MAN-6109,Concepción,1261547,0
MAN-00257,10,Manufactura,MAN-6108,Concepción,222626,0
MAN-00257,11,Manufactura,MAN-6109,Antofagasta,816369,0
MAN-00257,12,Manufactura,MAN-6108,Antofagasta,144065,0
MAN-00257,13,Manufactura,MAN-2102,,0,16723070
MAN-00258,1,Manufactura,MAN-2102,,16981893,0
MAN-00258,2,Manufactura,MAN-1101,,0,16981893
MAN-00259,1,Manufactura,MAN-2101,,38786102,0
MAN-00259,2,Manufactura,MAN-1101,,0,38786102
MAN-00260,1,Manufactura,MAN-1201,,1721558,0
MAN-00260,2,Manufactura,MAN-1101,,0,1721558
MAN-00261,1,Manufactura,MAN-6901,,4543396,0
MAN-00261,2,Manufactura,MAN-1202,,0,4543396
MAN-00262,1,Manufactura,MAN-6902,,590551,0
MAN-00262,2,Manufactura,MAN-1101,,0,590551
MAN-00263,1,Manufactura,MAN-2201,,935526,0
MAN-00263,2,Manufactura,MAN-1101,,0,935526
MAN-00264,1,Manufactura,MAN-6903,,4879626,0
MAN-00264,2,Manufactura,MAN-2104,,0,4879626
MAN-00265,1,Manufactura,MAN-4106,Santiago,0,15022948
MAN-00265,2,Manufactura,MAN-4105,Santiago,0,6438407
MAN-00265,3,Manufactura,MAN-4106,Concepción,0,9035299
MAN-00265,4,Manufactura,MAN-4105,Concepción,0,3872271
MAN-00265,5,Manufactura,MAN-4106,Antofagasta,0,6418247
MAN-00265,6,Manufactura,MAN-4105,Antofagasta,0,2750677
MAN-00265,7,Manufactura,MAN-4104,Santiago,0,9260797
MAN-00265,8,Manufactura,MAN-4103,Santiago,0,6173865
MAN-00265,9,Manufactura,MAN-4104,Concepción,0,5573864
MAN-00265,10,Manufactura,MAN-4103,Concepción,0,3715910
MAN-00265,11,Manufactura,MAN-4104,Antofagasta,0,4034661
MAN-00265,12,Manufactura,MAN-4103,Antofagasta,0,2689774
MAN-00265,13,Manufactura,MAN-4101,Santiago,0,2098902
MAN-00265,14,Manufactura,MAN-4102,Santiago,0,899530
MAN-00265,15,Manufactura,MAN-4101,Concepción,0,1259268
MAN-00265,16,Manufactura,MAN-4102,Concepción,0,539686
MAN-00265,17,Manufactura,MAN-4101,Antofagasta,0,838171
MAN-00265,18,Manufactura,MAN-4102,Antofagasta,0,359216
MAN-00265,19,Manufactura,MAN-1102,,80981493,0
MAN-00266,1,Manufactura,MAN-1101,,81137080,0
MAN-00266,2,Manufactura,MAN-1102,,0,81137080
MAN-00267,1,Manufactura,MAN-1103,,22083066,0
MAN-00267,2,Manufactura,MAN-2101,,0,22083066
MAN-00268,1,Manufactura,MAN-5105,Santiago,7154142,0
MAN-00268,2,Manufactura,MAN-5106,Santiago,4769428,0
MAN-00268,3,Manufactura,MAN-5105,Concepción,4289428,0
MAN-00268,4,Manufactura,MAN-5106,Concepción,2859618,0
MAN-00268,5,Manufactura,MAN-5105,Antofagasta,2803570,0
MAN-00268,6,Manufactura,MAN-5106,Antofagasta,1869046,0
MAN-00268,7,Manufactura,MAN-1103,,0,23745232
MAN-00269,1,Manufactura,MAN-5101,Santiago,1794887,0
MAN-00269,2,Manufactura,MAN-5102,Santiago,448722,0
MAN-00269,3,Manufactura,MAN-5101,Concepción,1076592,0
MAN-00269,4,Manufactura,MAN-5102,Concepción,269148,0
MAN-00269,5,Manufactura,MAN-5101,Antofagasta,711479,0
MAN-00269,6,Manufactura,MAN-5102,Antofagasta,177870,0
MAN-00269,7,Manufactura,MAN-6103,Santiago,1043163,0
MAN-00269,8,Manufactura,MAN-6102,Santiago,447070,0
MAN-00269,9,Manufactura,MAN-6103,Concepción,625442,0
MAN-00269,10,Manufactura,MAN-6102,Concepción,268047,0
MAN-00269,11,Manufactura,MAN-6103,Antofagasta,408605,0
MAN-00269,12,Manufactura,MAN-6102,Antofagasta,175117,0
MAN-00269,13,Manufactura,MAN-6107,Santiago,752519,0
MAN-00269,14,Manufactura,MAN-6106,Santiago,500560,0
MAN-00269,15,Manufactura,MAN-6107,Concepción,451679,0
MAN-00269,16,Manufactura,MAN-6106,Concepción,300373,0
MAN-00269,17,Manufactura,MAN-6107,Antofagasta,304199,0
MAN-00269,18,Manufactura,MAN-6106,Antofagasta,200933,0
MAN-00269,19,Manufactura,MAN-6105,Santiago,1497553,0
MAN-00269,20,Manufactura,MAN-6104,Santiago,499728,0
MAN-00269,21,Manufactura,MAN-6105,Concepción,898369,0
MAN-00269,22,Manufactura,MAN-6104,Concepción,299819,0
MAN-00269,23,Manufactura,MAN-6105,Antofagasta,595922,0
MAN-00269,24,Manufactura,MAN-6104,Antofagasta,199547,0
MAN-00269,25,Manufactura,MAN-6101,Santiago,911062,0
MAN-00269,26,Manufactura,MAN-6101,Concepción,547375,0
MAN-00269,27,Manufactura,MAN-6101,Antofagasta,378437,0
MAN-00269,28,Manufactura,MAN-6110,Santiago,415282,0
MAN-00269,29,Manufactura,MAN-6111,Santiago,177978,0
MAN-00269,30,Manufactura,MAN-6110,Concepción,248855,0
MAN-00269,31,Manufactura,MAN-6111,Concepción,106652,0
MAN-00269,32,Manufactura,MAN-6110,Antofagasta,160136,0
MAN-00269,33,Manufactura,MAN-6111,Antofagasta,68630,0
MAN-00269,34,Manufactura,MAN-2101,,0,16961750
MAN-00270,1,Manufactura,MAN-5104,Santiago,4823713,0
MAN-00270,2,Manufactura,MAN-5103,Santiago,1217785,0
MAN-00270,3,Manufactura,MAN-5104,Concepción,2895809,0
MAN-00270,4,Manufactura,MAN-5103,Concepción,731856,0
MAN-00270,5,Manufactura,MAN-5104,Antofagasta,1959521,0
MAN-00270,6,Manufactura,MAN-5103,Antofagasta,509641,0
MAN-00270,7,Manufactura,MAN-6109,Santiago,2116818,0
MAN-00270,8,Manufactura,MAN-6108,Santiago,373556,0
MAN-00270,9,Manufactura,MAN-6109,Concepción,1269546,0
MAN-00270,10,Manufactura,MAN-6108,Concepción,224037,0
MAN-00270,11,Manufactura,MAN-6109,Antofagasta,836364,0
MAN-00270,12,Manufactura,MAN-6108,Antofagasta,147594,0
MAN-00270,13,Manufactura,MAN-2102,,0,17106240
MAN-00271,1,Manufactura,MAN-2102,,16723070,0
MAN-00271,2,Manufactura,MAN-1101,,0,16723070
MAN-00272,1,Manufactura,MAN-2101,,39043597,0
MAN-00272,2,Manufactura,MAN-1101,,0,39043597
MAN-00273,1,Manufactura,MAN-1201,,4449640,0
MAN-00273,2,Manufactura,MAN-1101,,0,4449640
MAN-00274,1,Manufactura,MAN-6901,,4573060,0
MAN-00274,2,Manufactura,MAN-1202,,0,4573060
MAN-00275,1,Manufactura,MAN-6902,,584704,0
MAN-00275,2,Manufactura,MAN-1101,,0,584704
MAN-00276,1,Manufactura,MAN-2201,,935526,0
MAN-00276,2,Manufactura,MAN-1101,,0,935526
MAN-00277,1,Manufactura,MAN-6903,,4862837,0
MAN-00277,2,Manufactura,MAN-2104,,0,4862837
MAN-00278,1,Manufactura,MAN-4106,Santiago,0,16560509
MAN-00278,2,Manufactura,MAN-4105,Santiago,0,7097361
MAN-00278,3,Manufactura,MAN-4106,Concepción,0,9981939
MAN-00278,4,Manufactura,MAN-4105,Concepción,0,4277974
MAN-00278,5,Manufactura,MAN-4106,Antofagasta,0,7491249
MAN-00278,6,Manufactura,MAN-4105,Antofagasta,0,3210535
MAN-00278,7,Manufactura,MAN-4104,Santiago,0,9992183
MAN-00278,8,Manufactura,MAN-4103,Santiago,0,6661455
MAN-00278,9,Manufactura,MAN-4104,Concepción,0,6013455
MAN-00278,10,Manufactura,MAN-4103,Concepción,0,4008970
MAN-00278,11,Manufactura,MAN-4104,Antofagasta,0,4341638
MAN-00278,12,Manufactura,MAN-4103,Antofagasta,0,2894426
MAN-00278,13,Manufactura,MAN-4101,Santiago,0,2350001
MAN-00278,14,Manufactura,MAN-4102,Santiago,0,1007143
MAN-00278,15,Manufactura,MAN-4101,Concepción,0,1415467
MAN-00278,16,Manufactura,MAN-4102,Concepción,0,606629
MAN-00278,17,Manufactura,MAN-4101,Antofagasta,0,1043869
MAN-00278,18,Manufactura,MAN-4102,Antofagasta,0,447372
MAN-00278,19,Manufactura,MAN-1102,,89402175,0
MAN-00279,1,Manufactura,MAN-1101,,80887483,0
MAN-00279,2,Manufactura,MAN-1102,,0,80887483
MAN-00280,1,Manufactura,MAN-1103,,23747471,0
MAN-00280,2,Manufactura,MAN-2101,,0,23747471
MAN-00281,1,Manufactura,MAN-5105,Santiago,7706685,0
MAN-00281,2,Manufactura,MAN-5106,Santiago,5137790,0
MAN-00281,3,Manufactura,MAN-5105,Concepción,4619390,0
MAN-00281,4,Manufactura,MAN-5106,Concepción,3079593,0
MAN-00281,5,Manufactura,MAN-5105,Antofagasta,2994874,0
MAN-00281,6,Manufactura,MAN-5106,Antofagasta,1996583,0
MAN-00281,7,Manufactura,MAN-1103,,0,25534915
MAN-00282,1,Manufactura,MAN-5101,Santiago,1956661,0
MAN-00282,2,Manufactura,MAN-5102,Santiago,489165,0
MAN-00282,3,Manufactura,MAN-5101,Concepción,1174841,0
MAN-00282,4,Manufactura,MAN-5102,Concepción,293710,0
MAN-00282,5,Manufactura,MAN-5101,Antofagasta,798701,0
MAN-00282,6,Manufactura,MAN-5102,Antofagasta,199675,0
MAN-00282,7,Manufactura,MAN-6103,Santiago,1131003,0
MAN-00282,8,Manufactura,MAN-6102,Santiago,484715,0
MAN-00282,9,Manufactura,MAN-6103,Concepción,678402,0
MAN-00282,10,Manufactura,MAN-6102,Concepción,290744,0
MAN-00282,11,Manufactura,MAN-6103,Antofagasta,448605,0
MAN-00282,12,Manufactura,MAN-6102,Antofagasta,192259,0
MAN-00282,13,Manufactura,MAN-6107,Santiago,799950,0
MAN-00282,14,Manufactura,MAN-6106,Santiago,537767,0
MAN-00282,15,Manufactura,MAN-6107,Concepción,479300,0
MAN-00282,16,Manufactura,MAN-6106,Concepción,322511,0
MAN-00282,17,Manufactura,MAN-6107,Antofagasta,307251,0
MAN-00282,18,Manufactura,MAN-6106,Antofagasta,212278,0
MAN-00282,19,Manufactura,MAN-6105,Santiago,1644902,0
MAN-00282,20,Manufactura,MAN-6104,Santiago,542767,0
MAN-00282,21,Manufactura,MAN-6105,Concepción,988602,0
MAN-00282,22,Manufactura,MAN-6104,Concepción,325845,0
MAN-00282,23,Manufactura,MAN-6105,Antofagasta,689504,0
MAN-00282,24,Manufactura,MAN-6104,Antofagasta,220611,0
MAN-00282,25,Manufactura,MAN-6101,Santiago,960599,0
MAN-00282,26,Manufactura,MAN-6101,Concepción,575599,0
MAN-00282,27,Manufactura,MAN-6101,Antofagasta,369799,0
MAN-00282,28,Manufactura,MAN-6110,Santiago,454398,0
MAN-00282,29,Manufactura,MAN-6111,Santiago,194742,0
MAN-00282,30,Manufactura,MAN-6110,Concepción,272692,0
MAN-00282,31,Manufactura,MAN-6111,Concepción,116868,0
MAN-00282,32,Manufactura,MAN-6110,Antofagasta,182769,0
MAN-00282,33,Manufactura,MAN-6111,Antofagasta,78330,0
MAN-00282,34,Manufactura,MAN-2101,,0,18415565
MAN-00283,1,Manufactura,MAN-5104,Santiago,5231384,0
MAN-00283,2,Manufactura,MAN-5103,Santiago,1331538,0
MAN-00283,3,Manufactura,MAN-5104,Concepción,3141990,0
MAN-00283,4,Manufactura,MAN-5103,Concepción,801292,0
MAN-00283,5,Manufactura,MAN-5104,Antofagasta,2152574,0
MAN-00283,6,Manufactura,MAN-5103,Antofagasta,577630,0
MAN-00283,7,Manufactura,MAN-6109,Santiago,2323128,0
MAN-00283,8,Manufactura,MAN-6108,Santiago,409964,0
MAN-00283,9,Manufactura,MAN-6109,Concepción,1395752,0
MAN-00283,10,Manufactura,MAN-6108,Concepción,246309,0
MAN-00283,11,Manufactura,MAN-6109,Antofagasta,964879,0
MAN-00283,12,Manufactura,MAN-6108,Antofagasta,170273,0
MAN-00283,13,Manufactura,MAN-2102,,0,18746713
MAN-00284,1,Manufactura,MAN-2102,,17106240,0
MAN-00284,2,Manufactura,MAN-1101,,0,17106240
MAN-00285,1,Manufactura,MAN-2101,,39117734,0
MAN-00285,2,Manufactura,MAN-1101,,0,39117734
MAN-00286,1,Manufactura,MAN-1201,,4109372,0
MAN-00286,2,Manufactura,MAN-1101,,0,4109372
MAN-00287,1,Manufactura,MAN-6901,,4600456,0
MAN-00287,2,Manufactura,MAN-1202,,0,4600456
MAN-00288,1,Manufactura,MAN-6902,,578857,0
MAN-00288,2,Manufactura,MAN-1101,,0,578857
MAN-00289,1,Manufactura,MAN-2201,,935526,0
MAN-00289,2,Manufactura,MAN-1101,,0,935526
MAN-00290,1,Manufactura,MAN-6903,,5811931,0
MAN-00290,2,Manufactura,MAN-2104,,0,5811931
MAN-00291,1,Manufactura,MAN-4106,Santiago,0,17652827
MAN-00291,2,Manufactura,MAN-4105,Santiago,0,7565497
MAN-00291,3,Manufactura,MAN-4106,Concepción,0,10641551
MAN-00291,4,Manufactura,MAN-4105,Concepción,0,4560665
MAN-00291,5,Manufactura,MAN-4106,Antofagasta,0,8008379
MAN-00291,6,Manufactura,MAN-4105,Antofagasta,0,3432162
MAN-00291,7,Manufactura,MAN-4104,Santiago,0,10753575
MAN-00291,8,Manufactura,MAN-4103,Santiago,0,7169050
MAN-00291,9,Manufactura,MAN-4104,Concepción,0,6479050
MAN-00291,10,Manufactura,MAN-4103,Concepción,0,4319367
MAN-00291,11,Manufactura,MAN-4104,Antofagasta,0,4812625
MAN-00291,12,Manufactura,MAN-4103,Antofagasta,0,3208417
MAN-00291,13,Manufactura,MAN-4101,Santiago,0,2495131
MAN-00291,14,Manufactura,MAN-4102,Santiago,0,1069342
MAN-00291,15,Manufactura,MAN-4101,Concepción,0,1502421
MAN-00291,16,Manufactura,MAN-4102,Concepción,0,643895
MAN-00291,17,Manufactura,MAN-4101,Antofagasta,0,1099553
MAN-00291,18,Manufactura,MAN-4102,Antofagasta,0,471237
MAN-00291,19,Manufactura,MAN-1102,,95884744,0
MAN-00292,1,Manufactura,MAN-1101,,83484880,0
MAN-00292,2,Manufactura,MAN-1102,,0,83484880
MAN-00293,1,Manufactura,MAN-1103,,25399878,0
MAN-00293,2,Manufactura,MAN-2101,,0,25399878
MAN-00294,1,Manufactura,MAN-5105,Santiago,8228105,0
MAN-00294,2,Manufactura,MAN-5106,Santiago,5485404,0
MAN-00294,3,Manufactura,MAN-5105,Concepción,4933404,0
MAN-00294,4,Manufactura,MAN-5106,Concepción,3288936,0
MAN-00294,5,Manufactura,MAN-5105,Antofagasta,3225509,0
MAN-00294,6,Manufactura,MAN-5106,Antofagasta,2150339,0
MAN-00294,7,Manufactura,MAN-1103,,0,27311697
MAN-00295,1,Manufactura,MAN-5101,Santiago,2080820,0
MAN-00295,2,Manufactura,MAN-5102,Santiago,520205,0
MAN-00295,3,Manufactura,MAN-5101,Concepción,1249213,0
MAN-00295,4,Manufactura,MAN-5102,Concepción,312304,0
MAN-00295,5,Manufactura,MAN-5101,Antofagasta,846033,0
MAN-00295,6,Manufactura,MAN-5102,Antofagasta,211508,0
MAN-00295,7,Manufactura,MAN-6103,Santiago,1187490,0
MAN-00295,8,Manufactura,MAN-6102,Santiago,508924,0
MAN-00295,9,Manufactura,MAN-6103,Concepción,711160,0
MAN-00295,10,Manufactura,MAN-6102,Concepción,304783,0
MAN-00295,11,Manufactura,MAN-6103,Antofagasta,449649,0
MAN-00295,12,Manufactura,MAN-6102,Antofagasta,192707,0
MAN-00295,13,Manufactura,MAN-6107,Santiago,872062,0
MAN-00295,14,Manufactura,MAN-6106,Santiago,577125,0
MAN-00295,15,Manufactura,MAN-6107,Concepción,523875,0
MAN-00295,16,Manufactura,MAN-6106,Concepción,346417,0
MAN-00295,17,Manufactura,MAN-6107,Antofagasta,360937,0
MAN-00295,18,Manufactura,MAN-6106,Antofagasta,233542,0
MAN-00295,19,Manufactura,MAN-6105,Santiago,1740209,0
MAN-00295,20,Manufactura,MAN-6104,Santiago,576690,0
MAN-00295,21,Manufactura,MAN-6105,Concepción,1045139,0
MAN-00295,22,Manufactura,MAN-6104,Concepción,346127,0
MAN-00295,23,Manufactura,MAN-6105,Antofagasta,715349,0
MAN-00295,24,Manufactura,MAN-6104,Antofagasta,232816,0
MAN-00295,25,Manufactura,MAN-6101,Santiago,1033862,0
MAN-00295,26,Manufactura,MAN-6101,Concepción,620242,0
MAN-00295,27,Manufactura,MAN-6101,Antofagasta,412104,0
MAN-00295,28,Manufactura,MAN-6110,Santiago,482167,0
MAN-00295,29,Manufactura,MAN-6111,Santiago,206643,0
MAN-00295,30,Manufactura,MAN-6110,Concepción,289244,0
MAN-00295,31,Manufactura,MAN-6111,Concepción,123962,0
MAN-00295,32,Manufactura,MAN-6110,Antofagasta,191811,0
MAN-00295,33,Manufactura,MAN-6111,Antofagasta,82205,0
MAN-00295,34,Manufactura,MAN-2101,,0,19587324
MAN-00296,1,Manufactura,MAN-5104,Santiago,5537945,0
MAN-00296,2,Manufactura,MAN-5103,Santiago,1393459,0
MAN-00296,3,Manufactura,MAN-5104,Concepción,3323963,0
MAN-00296,4,Manufactura,MAN-5103,Concepción,836972,0
MAN-00296,5,Manufactura,MAN-5104,Antofagasta,2237908,0
MAN-00296,6,Manufactura,MAN-5103,Antofagasta,574431,0
MAN-00296,7,Manufactura,MAN-6109,Santiago,2433937,0
MAN-00296,8,Manufactura,MAN-6108,Santiago,429518,0
MAN-00296,9,Manufactura,MAN-6109,Concepción,1459708,0
MAN-00296,10,Manufactura,MAN-6108,Concepción,257596,0
MAN-00296,11,Manufactura,MAN-6109,Antofagasta,961146,0
MAN-00296,12,Manufactura,MAN-6108,Antofagasta,169614,0
MAN-00296,13,Manufactura,MAN-2102,,0,19616197
MAN-00297,1,Manufactura,MAN-2102,,18746713,0
MAN-00297,2,Manufactura,MAN-1101,,0,18746713
MAN-00298,1,Manufactura,MAN-2101,,40136193,0
MAN-00298,2,Manufactura,MAN-1101,,0,40136193
MAN-00299,1,Manufactura,MAN-1201,,2899151,0
MAN-00299,2,Manufactura,MAN-1101,,0,2899151
MAN-00300,1,Manufactura,MAN-6901,,4619783,0
MAN-00300,2,Manufactura,MAN-1202,,0,4619783
MAN-00301,1,Manufactura,MAN-6902,,573010,0
MAN-00301,2,Manufactura,MAN-1101,,0,573010
MAN-00302,1,Manufactura,MAN-2201,,935526,0
MAN-00302,2,Manufactura,MAN-1101,,0,935526
MAN-00303,1,Manufactura,MAN-6903,,6527718,0
MAN-00303,2,Manufactura,MAN-2104,,0,6527718
MAN-00304,1,Manufactura,MAN-4106,Santiago,0,18578537
MAN-00304,2,Manufactura,MAN-4105,Santiago,0,7962230
MAN-00304,3,Manufactura,MAN-4106,Concepción,0,11209692
MAN-00304,4,Manufactura,MAN-4105,Concepción,0,4804154
MAN-00304,5,Manufactura,MAN-4106,Antofagasta,0,8620229
MAN-00304,6,Manufactura,MAN-4105,Antofagasta,0,3694384
MAN-00304,7,Manufactura,MAN-4104,Santiago,0,11304600
MAN-00304,8,Manufactura,MAN-4103,Santiago,0,7536400
MAN-00304,9,Manufactura,MAN-4104,Concepción,0,6816400
MAN-00304,10,Manufactura,MAN-4103,Concepción,0,4544266
MAN-00304,11,Manufactura,MAN-4104,Antofagasta,0,5160999
MAN-00304,12,Manufactura,MAN-4103,Antofagasta,0,3440666
MAN-00304,13,Manufactura,MAN-4101,Santiago,0,2647099
MAN-00304,14,Manufactura,MAN-4102,Santiago,0,1134471
MAN-00304,15,Manufactura,MAN-4101,Concepción,0,1596732
MAN-00304,16,Manufactura,MAN-4102,Concepción,0,684314
MAN-00304,17,Manufactura,MAN-4101,Antofagasta,0,1219831
MAN-00304,18,Manufactura,MAN-4102,Antofagasta,0,522785
MAN-00304,19,Manufactura,MAN-1102,,101477789,0
MAN-00305,1,Manufactura,MAN-1101,,90504878,0
MAN-00305,2,Manufactura,MAN-1102,,0,90504878
MAN-00306,1,Manufactura,MAN-1103,,26436714,0
MAN-00306,2,Manufactura,MAN-2101,,0,26436714
MAN-00307,1,Manufactura,MAN-5105,Santiago,8572783,0
MAN-00307,2,Manufactura,MAN-5106,Santiago,5715189,0
MAN-00307,3,Manufactura,MAN-5105,Concepción,5139189,0
MAN-00307,4,Manufactura,MAN-5106,Concepción,3426126,0
MAN-00307,5,Manufactura,MAN-5105,Antofagasta,3343972,0
MAN-00307,6,Manufactura,MAN-5106,Antofagasta,2229315,0
MAN-00307,7,Manufactura,MAN-1103,,0,28426574
MAN-00308,1,Manufactura,MAN-5101,Santiago,2205128,0
MAN-00308,2,Manufactura,MAN-5102,Santiago,551282,0
MAN-00308,3,Manufactura,MAN-5101,Concepción,1326086,0
MAN-00308,4,Manufactura,MAN-5102,Concepción,331521,0
MAN-00308,5,Manufactura,MAN-5101,Antofagasta,939214,0
MAN-00308,6,Manufactura,MAN-5102,Antofagasta,234803,0
MAN-00308,7,Manufactura,MAN-6103,Santiago,1247725,0
MAN-00308,8,Manufactura,MAN-6102,Santiago,534739,0
MAN-00308,9,Manufactura,MAN-6103,Concepción,747816,0
MAN-00308,10,Manufactura,MAN-6102,Concepción,320493,0
MAN-00308,11,Manufactura,MAN-6103,Antofagasta,483541,0
MAN-00308,12,Manufactura,MAN-6102,Antofagasta,207232,0
MAN-00308,13,Manufactura,MAN-6107,Santiago,904209,0
MAN-00308,14,Manufactura,MAN-6106,Santiago,600935,0
MAN-00308,15,Manufactura,MAN-6107,Concepción,542806,0
MAN-00308,16,Manufactura,MAN-6106,Concepción,360623,0
MAN-00308,17,Manufactura,MAN-6107,Antofagasta,367015,0
MAN-00308,18,Manufactura,MAN-6106,Antofagasta,241559,0
MAN-00308,19,Manufactura,MAN-6105,Santiago,1813392,0
MAN-00308,20,Manufactura,MAN-6104,Santiago,601488,0
MAN-00308,21,Manufactura,MAN-6105,Concepción,1088928,0
MAN-00308,22,Manufactura,MAN-6104,Concepción,360992,0
MAN-00308,23,Manufactura,MAN-6105,Antofagasta,742320,0
MAN-00308,24,Manufactura,MAN-6104,Antofagasta,242480,0
MAN-00308,25,Manufactura,MAN-6101,Santiago,1083141,0
MAN-00308,26,Manufactura,MAN-6101,Concepción,650094,0
MAN-00308,27,Manufactura,MAN-6101,Antofagasta,437235,0
MAN-00308,28,Manufactura,MAN-6110,Santiago,513164,0
MAN-00308,29,Manufactura,MAN-6111,Santiago,219928,0
MAN-00308,30,Manufactura,MAN-6110,Concepción,308509,0
MAN-00308,31,Manufactura,MAN-6111,Concepción,132218,0
MAN-00308,32,Manufactura,MAN-6110,Antofagasta,216873,0
MAN-00308,33,Manufactura,MAN-6111,Antofagasta,92946,0
MAN-00308,34,Manufactura,MAN-2101,,0,20650435
MAN-00309,1,Manufactura,MAN-5104,Santiago,5790949,0
MAN-00309,2,Manufactura,MAN-5103,Santiago,1463212,0
MAN-00309,3,Manufactura,MAN-5104,Concepción,3476633,0
MAN-00309,4,Manufactura,MAN-5103,Concepción,879475,0
MAN-00309,5,Manufactura,MAN-5104,Antofagasta,2355582,0
MAN-00309,6,Manufactura,MAN-5103,Antofagasta,614686,0
MAN-00309,7,Manufactura,MAN-6109,Santiago,2541640,0
MAN-00309,8,Manufactura,MAN-6108,Santiago,448525,0
MAN-00309,9,Manufactura,MAN-6109,Concepción,1524427,0
MAN-00309,10,Manufactura,MAN-6108,Concepción,269017,0
MAN-00309,11,Manufactura,MAN-6109,Antofagasta,1006067,0
MAN-00309,12,Manufactura,MAN-6108,Antofagasta,177541,0
MAN-00309,13,Manufactura,MAN-2102,,0,20547754
MAN-00310,1,Manufactura,MAN-2102,,19616197,0
MAN-00310,2,Manufactura,MAN-1101,,0,19616197
MAN-00311,1,Manufactura,MAN-2101,,43151494,0
MAN-00311,2,Manufactura,MAN-1101,,0,43151494
MAN-00312,1,Manufactura,MAN-1201,,2271130,0
MAN-00312,2,Manufactura,MAN-1101,,0,2271130
MAN-00313,1,Manufactura,MAN-6901,,4634924,0
MAN-00313,2,Manufactura,MAN-1202,,0,4634924
MAN-00314,1,Manufactura,MAN-6902,,567163,0
MAN-00314,2,Manufactura,MAN-1101,,0,567163
MAN-00315,1,Manufactura,MAN-2201,,935526,0
MAN-00315,2,Manufactura,MAN-1101,,0,935526
MAN-00316,1,Manufactura,MAN-6903,,7195754,0
MAN-00316,2,Manufactura,MAN-2104,,0,7195754
MAN-00317,1,Manufactura,MAN-4106,Santiago,184753460,0
MAN-00317,2,Manufactura,MAN-4105,Santiago,79180055,0
MAN-00317,3,Manufactura,MAN-4106,Concepción,111203175,0
MAN-00317,4,Manufactura,MAN-4105,Concepción,47658502,0
MAN-00317,5,Manufactura,MAN-4106,Antofagasta,80572234,0
MAN-00317,6,Manufactura,MAN-4105,Antofagasta,34530957,0
MAN-00317,7,Manufactura,MAN-4104,Santiago,113047691,0
MAN-00317,8,Manufactura,MAN-4103,Santiago,75365127,0
MAN-00317,9,Manufactura,MAN-4104,Concepción,68039123,0
MAN-00317,10,Manufactura,MAN-4103,Concepción,45359417,0
MAN-00317,11,Manufactura,MAN-4104,Antofagasta,49218811,0
MAN-00317,12,Manufactura,MAN-4103,Antofagasta,32812543,0
MAN-00317,13,Manufactura,MAN-4101,Santiago,26319713,0
MAN-00317,14,Manufactura,MAN-4102,Santiago,11279876,0
MAN-00317,15,Manufactura,MAN-4101,Concepción,15837074,0
MAN-00317,16,Manufactura,MAN-4102,Concepción,6787317,0
MAN-00317,17,Manufactura,MAN-4101,Antofagasta,11387588,0
MAN-00317,18,Manufactura,MAN-4102,Antofagasta,4880393,0
MAN-00317,19,Manufactura,MAN-5105,Santiago,0,87000641
MAN-00317,20,Manufactura,MAN-5106,Santiago,0,58000428
MAN-00317,21,Manufactura,MAN-5105,Concepción,0,52139630
MAN-00317,22,Manufactura,MAN-5106,Concepción,0,34759752
MAN-00317,23,Manufactura,MAN-5105,Antofagasta,0,33645867
MAN-00317,24,Manufactura,MAN-5106,Antofagasta,0,22430578
MAN-00317,25,Manufactura,MAN-5101,Santiago,0,22025975
MAN-00317,26,Manufactura,MAN-5102,Santiago,0,5506494
MAN-00317,27,Manufactura,MAN-5101,Concepción,0,13218784
MAN-00317,28,Manufactura,MAN-5102,Concepción,0,3304697
MAN-00317,29,Manufactura,MAN-5101,Antofagasta,0,8871159
MAN-00317,30,Manufactura,MAN-5102,Antofagasta,0,2217788
MAN-00317,31,Manufactura,MAN-6103,Santiago,0,12775477
MAN-00317,32,Manufactura,MAN-6102,Santiago,0,5475205
MAN-00317,33,Manufactura,MAN-6103,Concepción,0,7662285
MAN-00317,34,Manufactura,MAN-6102,Concepción,0,3283838
MAN-00317,35,Manufactura,MAN-6103,Antofagasta,0,5053161
MAN-00317,36,Manufactura,MAN-6102,Antofagasta,0,2165642
MAN-00317,37,Manufactura,MAN-6107,Santiago,0,9195381
MAN-00317,38,Manufactura,MAN-6106,Santiago,0,6113417
MAN-00317,39,Manufactura,MAN-6107,Concepción,0,5519754
MAN-00317,40,Manufactura,MAN-6106,Concepción,0,3668610
MAN-00317,41,Manufactura,MAN-6107,Antofagasta,0,3726133
MAN-00317,42,Manufactura,MAN-6106,Antofagasta,0,2456031
MAN-00317,43,Manufactura,MAN-6105,Santiago,0,18410373
MAN-00317,44,Manufactura,MAN-6104,Santiago,0,6115597
MAN-00317,45,Manufactura,MAN-6105,Concepción,0,11052582
MAN-00317,46,Manufactura,MAN-6104,Concepción,0,3670066
MAN-00317,47,Manufactura,MAN-6105,Antofagasta,0,7484957
MAN-00317,48,Manufactura,MAN-6104,Antofagasta,0,2459661
MAN-00317,49,Manufactura,MAN-6101,Santiago,0,11002480
MAN-00317,50,Manufactura,MAN-6101,Concepción,0,6602387
MAN-00317,51,Manufactura,MAN-6101,Antofagasta,0,4418066
MAN-00317,52,Manufactura,MAN-6110,Santiago,0,5145653
MAN-00317,53,Manufactura,MAN-6111,Santiago,0,2205280
MAN-00317,54,Manufactura,MAN-6110,Concepción,0,3088553
MAN-00317,55,Manufactura,MAN-6111,Concepción,0,1323666
MAN-00317,56,Manufactura,MAN-6110,Antofagasta,0,2080365
MAN-00317,57,Manufactura,MAN-6111,Antofagasta,0,891589
MAN-00317,58,Manufactura,MAN-5104,Santiago,0,58697173
MAN-00317,59,Manufactura,MAN-5103,Santiago,0,14718880
MAN-00317,60,Manufactura,MAN-5104,Concepción,0,35224251
MAN-00317,61,Manufactura,MAN-5103,Concepción,0,8835785
MAN-00317,62,Manufactura,MAN-5104,Antofagasta,0,23591820
MAN-00317,63,Manufactura,MAN-5103,Antofagasta,0,5972265
MAN-00317,64,Manufactura,MAN-6109,Santiago,0,25919975
MAN-00317,65,Manufactura,MAN-6108,Santiago,0,4574113
MAN-00317,66,Manufactura,MAN-6109,Concepción,0,15550233
MAN-00317,67,Manufactura,MAN-6108,Concepción,0,2744159
MAN-00317,68,Manufactura,MAN-6109,Antofagasta,0,10334708
MAN-00317,69,Manufactura,MAN-6108,Antofagasta,0,1823772
MAN-00317,70,Manufactura,MAN-6901,,0,54196251
MAN-00317,71,Manufactura,MAN-6902,,0,7191858
MAN-00317,72,Manufactura,MAN-6903,,0,62826249
MAN-00317,73,Manufactura,MAN-3103,,0,169863562
ENE-00318,1,Energia,ENE-1101,,67878810,0
ENE-00318,2,Energia,ENE-1102,,74666691,0
ENE-00318,3,Energia,ENE-1103,,12090649,0
ENE-00318,4,Energia,ENE-1201,,2036364300,0
ENE-00318,5,Energia,ENE-1202,,0,814545720
ENE-00318,6,Energia,ENE-2101,,0,61641067
ENE-00318,7,Energia,ENE-2102,,0,5263616
ENE-00318,8,Energia,ENE-2201,,0,855273006
ENE-00318,9,Energia,ENE-3101,,0,136283112
ENE-00318,10,Energia,ENE-3102,,0,317993929
ENE-00319,1,Energia,ENE-4103,Zona Norte,0,12062052
ENE-00319,2,Energia,ENE-4104,Zona Norte,0,8041368
ENE-00319,3,Energia,ENE-4103,Zona Centro,0,10554295
ENE-00319,4,Energia,ENE-4104,Zona Centro,0,7036197
ENE-00319,5,Energia,ENE-4103,Zona Sur,0,7538782
ENE-00319,6,Energia,ENE-4104,Zona Sur,0,5025855
ENE-00319,7,Energia,ENE-4105,Zona Norte,0,4167622
ENE-00319,8,Energia,ENE-4105,Zona Centro,0,3646669
ENE-00319,9,Energia,ENE-4105,Zona Sur,0,2604763
ENE-00319,10,Energia,ENE-4101,Zona Norte,0,2016338
ENE-00319,11,Energia,ENE-4102,Zona Norte,0,864145
ENE-00319,12,Energia,ENE-4101,Zona Centro,0,1764296
ENE-00319,13,Energia,ENE-4102,Zona Centro,0,756127
ENE-00319,14,Energia,ENE-4101,Zona Sur,0,1260211
ENE-00319,15,Energia,ENE-4102,Zona Sur,0,540090
ENE-00319,16,Energia,ENE-1102,,67878810,0
ENE-00320,1,Energia,ENE-1101,,67878810,0
ENE-00320,2,Energia,ENE-1102,,0,67878810
ENE-00321,1,Energia,ENE-1103,,12594862,0
ENE-00321,2,Energia,ENE-2101,,0,12594862
ENE-00322,1,Energia,ENE-5102,Zona Norte,2942058,0
ENE-00322,2,Energia,ENE-5101,Zona Norte,1961372,0
ENE-00322,3,Energia,ENE-5102,Zona Centro,2574301,0
ENE-00322,4,Energia,ENE-5101,Zona Centro,1716201,0
ENE-00322,5,Energia,ENE-5102,Zona Sur,1838786,0
ENE-00322,6,Energia,ENE-5101,Zona Sur,1225857,0
ENE-00322,7,Energia,ENE-1103,,0,12258575
ENE-00323,1,Energia,ENE-5103,Zona Norte,7852191,0
ENE-00323,2,Energia,ENE-5103,Zona Centro,6870667,0
ENE-00323,3,Energia,ENE-5103,Zona Sur,4907620,0
ENE-00323,4,Energia,ENE-5105,Zona Norte,1269470,0
ENE-00323,5,Energia,ENE-5104,Zona Norte,840380,0
ENE-00323,6,Energia,ENE-5105,Zona Centro,1110786,0
ENE-00323,7,Energia,ENE-5104,Zona Centro,735333,0
ENE-00323,8,Energia,ENE-5105,Zona Sur,793419,0
ENE-00323,9,Energia,ENE-5104,Zona Sur,525238,0
ENE-00323,10,Energia,ENE-6101,Zona Norte,314233,0
ENE-00323,11,Energia,ENE-6102,Zona Norte,209489,0
ENE-00323,12,Energia,ENE-6101,Zona Centro,274954,0
ENE-00323,13,Energia,ENE-6102,Zona Centro,183303,0
ENE-00323,14,Energia,ENE-6101,Zona Sur,196396,0
ENE-00323,15,Energia,ENE-6102,Zona Sur,130931,0
ENE-00323,16,Energia,ENE-6105,Zona Norte,728838,0
ENE-00323,17,Energia,ENE-6105,Zona Centro,637733,0
ENE-00323,18,Energia,ENE-6105,Zona Sur,455523,0
ENE-00323,19,Energia,ENE-6107,Zona Norte,531414,0
ENE-00323,20,Energia,ENE-6106,Zona Norte,354987,0
ENE-00323,21,Energia,ENE-6107,Zona Centro,464987,0
ENE-00323,22,Energia,ENE-6106,Zona Centro,310614,0
ENE-00323,23,Energia,ENE-6107,Zona Sur,332133,0
ENE-00323,24,Energia,ENE-6106,Zona Sur,221867,0
ENE-00323,25,Energia,ENE-2101,,0,30252506
ENE-00324,1,Energia,ENE-6104,Zona Norte,1789629,0
ENE-00324,2,Energia,ENE-6103,Zona Norte,315817,0
ENE-00324,3,Energia,ENE-6104,Zona Centro,1565926,0
ENE-00324,4,Energia,ENE-6103,Zona Centro,276340,0
ENE-00324,5,Energia,ENE-6104,Zona Sur,1118518,0
ENE-00324,6,Energia,ENE-6103,Zona Sur,197386,0
ENE-00324,7,Energia,ENE-2102,,0,5263616
ENE-00325,1,Energia,ENE-2102,,5263616,0
ENE-00325,2,Energia,ENE-1101,,0,5263616
ENE-00326,1,Energia,ENE-2101,,42511081,0
ENE-00326,2,Energia,ENE-1101,,0,42511081
ENE-00327,1,Energia,ENE-1201,,5678704,0
ENE-00327,2,Energia,ENE-1101,,0,5678704
ENE-00328,1,Energia,ENE-6901,,8508513,0
ENE-00328,2,Energia,ENE-1202,,0,8508513
ENE-00329,1,Energia,ENE-6902,,4989093,0
ENE-00329,2,Energia,ENE-1101,,0,4989093
ENE-00330,1,Energia,ENE-2201,,3563638,0
ENE-00330,2,Energia,ENE-1101,,0,3563638
ENE-00331,1,Energia,ENE-6903,,1783757,0
ENE-00331,2,Energia,ENE-2104,,0,1783757
ENE-00332,1,Energia,ENE-4103,Zona Norte,0,11746089
ENE-00332,2,Energia,ENE-4104,Zona Norte,0,7830726
ENE-00332,3,Energia,ENE-4103,Zona Centro,0,10277827
ENE-00332,4,Energia,ENE-4104,Zona Centro,0,6851885
ENE-00332,5,Energia,ENE-4103,Zona Sur,0,7341305
ENE-00332,6,Energia,ENE-4104,Zona Sur,0,4894204
ENE-00332,7,Energia,ENE-4105,Zona Norte,0,4247504
ENE-00332,8,Energia,ENE-4105,Zona Centro,0,3716566
ENE-00332,9,Energia,ENE-4105,Zona Sur,0,2654690
ENE-00332,10,Energia,ENE-4101,Zona Norte,0,1962650
ENE-00332,11,Energia,ENE-4102,Zona Norte,0,841136
ENE-00332,12,Energia,ENE-4101,Zona Centro,0,1717319
ENE-00332,13,Energia,ENE-4102,Zona Centro,0,735994
ENE-00332,14,Energia,ENE-4101,Zona Sur,0,1226657
ENE-00332,15,Energia,ENE-4102,Zona Sur,0,525710
ENE-00332,16,Energia,ENE-1102,,66570262,0
ENE-00333,1,Energia,ENE-1101,,67878810,0
ENE-00333,2,Energia,ENE-1102,,0,67878810
ENE-00334,1,Energia,ENE-1103,,12072220,0
ENE-00334,2,Energia,ENE-2101,,0,12072220
ENE-00335,1,Energia,ENE-5102,Zona Norte,2969903,0
ENE-00335,2,Energia,ENE-5101,Zona Norte,1979935,0
ENE-00335,3,Energia,ENE-5102,Zona Centro,2598665,0
ENE-00335,4,Energia,ENE-5101,Zona Centro,1732444,0
ENE-00335,5,Energia,ENE-5102,Zona Sur,1856189,0
ENE-00335,6,Energia,ENE-5101,Zona Sur,1237460,0
ENE-00335,7,Energia,ENE-1103,,0,12374596
ENE-00336,1,Energia,ENE-5103,Zona Norte,7756693,0
ENE-00336,2,Energia,ENE-5103,Zona Centro,6787106,0
ENE-00336,3,Energia,ENE-5103,Zona Sur,4847933,0
ENE-00336,4,Energia,ENE-5105,Zona Norte,1280919,0
ENE-00336,5,Energia,ENE-5104,Zona Norte,863278,0
ENE-00336,6,Energia,ENE-5105,Zona Centro,1120804,0
ENE-00336,7,Energia,ENE-5104,Zona Centro,755369,0
ENE-00336,8,Energia,ENE-5105,Zona Sur,800575,0
ENE-00336,9,Energia,ENE-5104,Zona Sur,539549,0
ENE-00336,10,Energia,ENE-6101,Zona Norte,327273,0
ENE-00336,11,Energia,ENE-6102,Zona Norte,218182,0
ENE-00336,12,Energia,ENE-6101,Zona Centro,286364,0
ENE-00336,13,Energia,ENE-6102,Zona Centro,190909,0
ENE-00336,14,Energia,ENE-6101,Zona Sur,204546,0
ENE-00336,15,Energia,ENE-6102,Zona Sur,136364,0
ENE-00336,16,Energia,ENE-6105,Zona Norte,695750,0
ENE-00336,17,Energia,ENE-6105,Zona Centro,608781,0
ENE-00336,18,Energia,ENE-6105,Zona Sur,434843,0
ENE-00336,19,Energia,ENE-6107,Zona Norte,528277,0
ENE-00336,20,Energia,ENE-6106,Zona Norte,348714,0
ENE-00336,21,Energia,ENE-6107,Zona Centro,462242,0
ENE-00336,22,Energia,ENE-6106,Zona Centro,305124,0
ENE-00336,23,Energia,ENE-6107,Zona Sur,330173,0
ENE-00336,24,Energia,ENE-6106,Zona Sur,217946,0
ENE-00336,25,Energia,ENE-2101,,0,30047714
ENE-00337,1,Energia,ENE-6104,Zona Norte,1795650,0
ENE-00337,2,Energia,ENE-6103,Zona Norte,316879,0
ENE-00337,3,Energia,ENE-6104,Zona Centro,1571194,0
ENE-00337,4,Energia,ENE-6103,Zona Centro,277270,0
ENE-00337,5,Energia,ENE-6104,Zona Sur,1122282,0
ENE-00337,6,Energia,ENE-6103,Zona Sur,198050,0
ENE-00337,7,Energia,ENE-2102,,0,5281325
ENE-00338,1,Energia,ENE-2102,,5263616,0
ENE-00338,2,Energia,ENE-1101,,0,5263616
ENE-00339,1,Energia,ENE-2101,,42696039,0
ENE-00339,2,Energia,ENE-1101,,0,42696039
ENE-00340,1,Energia,ENE-1201,,4061735,0
ENE-00340,2,Energia,ENE-1101,,0,4061735
ENE-00341,1,Energia,ENE-6901,,8525436,0
ENE-00341,2,Energia,ENE-1202,,0,8525436
ENE-00342,1,Energia,ENE-6902,,4968305,0
ENE-00342,2,Energia,ENE-1101,,0,4968305
ENE-00343,1,Energia,ENE-2201,,3563638,0
ENE-00343,2,Energia,ENE-1101,,0,3563638
ENE-00344,1,Energia,ENE-6903,,1450679,0
ENE-00344,2,Energia,ENE-2104,,0,1450679
ENE-00345,1,Energia,ENE-4103,Zona Norte,0,13071095
ENE-00345,2,Energia,ENE-4104,Zona Norte,0,8714063
ENE-00345,3,Energia,ENE-4103,Zona Centro,0,11437208
ENE-00345,4,Energia,ENE-4104,Zona Centro,0,7624805
ENE-00345,5,Energia,ENE-4103,Zona Sur,0,8169434
ENE-00345,6,Energia,ENE-4104,Zona Sur,0,5446290
ENE-00345,7,Energia,ENE-4105,Zona Norte,0,4577165
ENE-00345,8,Energia,ENE-4105,Zona Centro,0,4005019
ENE-00345,9,Energia,ENE-4105,Zona Sur,0,2860728
ENE-00345,10,Energia,ENE-4101,Zona Norte,0,2134938
ENE-00345,11,Energia,ENE-4102,Zona Norte,0,914974
ENE-00345,12,Energia,ENE-4101,Zona Centro,0,1868071
ENE-00345,13,Energia,ENE-4102,Zona Centro,0,800602
ENE-00345,14,Energia,ENE-4101,Zona Sur,0,1334336
ENE-00345,15,Energia,ENE-4102,Zona Sur,0,571858
ENE-00345,16,Energia,ENE-1102,,73530586,0
ENE-00346,1,Energia,ENE-1101,,66701117,0
ENE-00346,2,Energia,ENE-1102,,0,66701117
ENE-00347,1,Energia,ENE-1103,,13847557,0
ENE-00347,2,Energia,ENE-2101,,0,13847557
ENE-00348,1,Energia,ENE-5102,Zona Norte,3255537,0
ENE-00348,2,Energia,ENE-5101,Zona Norte,2170358,0
ENE-00348,3,Energia,ENE-5102,Zona Centro,2848595,0
ENE-00348,4,Energia,ENE-5101,Zona Centro,1899063,0
ENE-00348,5,Energia,ENE-5102,Zona Sur,2034710,0
ENE-00348,6,Energia,ENE-5101,Zona Sur,1356474,0
ENE-00348,7,Energia,ENE-1103,,0,13564737
ENE-00349,1,Energia,ENE-5103,Zona Norte,8445223,0
ENE-00349,2,Energia,ENE-5103,Zona Centro,7389570,0
ENE-00349,3,Energia,ENE-5103,Zona Sur,5278264,0
ENE-00349,4,Energia,ENE-5105,Zona Norte,1390871,0
ENE-00349,5,Energia,ENE-5104,Zona Norte,935663,0
ENE-00349,6,Energia,ENE-5105,Zona Centro,1217013,0
ENE-00349,7,Energia,ENE-5104,Zona Centro,818705,0
ENE-00349,8,Energia,ENE-5105,Zona Sur,869295,0
ENE-00349,9,Energia,ENE-5104,Zona Sur,584789,0
ENE-00349,10,Energia,ENE-6101,Zona Norte,339782,0
ENE-00349,11,Energia,ENE-6102,Zona Norte,226522,0
ENE-00349,12,Energia,ENE-6101,Zona Centro,297309,0
ENE-00349,13,Energia,ENE-6102,Zona Centro,198206,0
ENE-00349,14,Energia,ENE-6101,Zona Sur,212364,0
ENE-00349,15,Energia,ENE-6102,Zona Sur,141576,0
ENE-00349,16,Energia,ENE-6105,Zona Norte,771750,0
ENE-00349,17,Energia,ENE-6105,Zona Centro,675281,0
ENE-00349,18,Energia,ENE-6105,Zona Sur,482344,0
ENE-00349,19,Energia,ENE-6107,Zona Norte,577758,0
ENE-00349,20,Energia,ENE-6106,Zona Norte,386237,0
ENE-00349,21,Energia,ENE-6107,Zona Centro,505538,0
ENE-00349,22,Energia,ENE-6106,Zona Centro,337957,0
ENE-00349,23,Energia,ENE-6107,Zona Sur,361099,0
ENE-00349,24,Energia,ENE-6106,Zona Sur,241398,0
ENE-00349,25,Energia,ENE-2101,,0,32684514
ENE-00350,1,Energia,ENE-6104,Zona Norte,1945208,0
ENE-00350,2,Energia,ENE-6103,Zona Norte,343272,0
ENE-00350,3,Energia,ENE-6104,Zona Centro,1702057,0
ENE-00350,4,Energia,ENE-6103,Zona Centro,300363,0
ENE-00350,5,Energia,ENE-6104,Zona Sur,1215754,0
ENE-00350,6,Energia,ENE-6103,Zona Sur,214545,0
ENE-00350,7,Energia,ENE-2102,,0,5721199
ENE-00351,1,Energia,ENE-2102,,5281325,0
ENE-00351,2,Energia,ENE-1101,,0,5281325
ENE-00352,1,Energia,ENE-2101,,42447279,0
ENE-00352,2,Energia,ENE-1101,,0,42447279
ENE-00353,1,Energia,ENE-1201,,7527797,0
ENE-00353,2,Energia,ENE-1101,,0,7527797
ENE-00354,1,Energia,ENE-6901,,8556802,0
ENE-00354,2,Energia,ENE-1202,,0,8556802
ENE-00355,1,Energia,ENE-6902,,4947517,0
ENE-00355,2,Energia,ENE-1101,,0,4947517
ENE-00356,1,Energia,ENE-2201,,3563638,0
ENE-00356,2,Energia,ENE-1101,,0,3563638
ENE-00357,1,Energia,ENE-6903,,2175071,0
ENE-00357,2,Energia,ENE-2104,,0,2175071
ENE-00358,1,Energia,ENE-4103,Zona Norte,0,12731492
ENE-00358,2,Energia,ENE-4104,Zona Norte,0,8487662
ENE-00358,3,Energia,ENE-4103,Zona Centro,0,11140056
ENE-00358,4,Energia,ENE-4104,Zona Centro,0,7426704
ENE-00358,5,Energia,ENE-4103,Zona Sur,0,7957183
ENE-00358,6,Energia,ENE-4104,Zona Sur,0,5304788
ENE-00358,7,Energia,ENE-4105,Zona Norte,0,4790541
ENE-00358,8,Energia,ENE-4105,Zona Centro,0,4191724
ENE-00358,9,Energia,ENE-4105,Zona Sur,0,2994088
ENE-00358,10,Energia,ENE-4101,Zona Norte,0,2160262
ENE-00358,11,Energia,ENE-4102,Zona Norte,0,925827
ENE-00358,12,Energia,ENE-4101,Zona Centro,0,1890230
ENE-00358,13,Energia,ENE-4102,Zona Centro,0,810098
ENE-00358,14,Energia,ENE-4101,Zona Sur,0,1350164
ENE-00358,15,Energia,ENE-4102,Zona Sur,0,578642
ENE-00358,16,Energia,ENE-1102,,72739461,0
ENE-00359,1,Energia,ENE-1101,,72834554,0
ENE-00359,2,Energia,ENE-1102,,0,72834554
ENE-00360,1,Energia,ENE-1103,,13825850,0
ENE-00360,2,Energia,ENE-2101,,0,13825850
ENE-00361,1,Energia,ENE-5102,Zona Norte,3258164,0
ENE-00361,2,Energia,ENE-5101,Zona Norte,2172109,0
ENE-00361,3,Energia,ENE-5102,Zona Centro,2850893,0
ENE-00361,4,Energia,ENE-5101,Zona Centro,1900595,0
ENE-00361,5,Energia,ENE-5102,Zona Sur,2036352,0
ENE-00361,6,Energia,ENE-5101,Zona Sur,1357568,0
ENE-00361,7,Energia,ENE-1103,,0,13575681
ENE-00362,1,Energia,ENE-5103,Zona Norte,8544022,0
ENE-00362,2,Energia,ENE-5103,Zona Centro,7476020,0
ENE-00362,3,Energia,ENE-5103,Zona Sur,5340014,0
ENE-00362,4,Energia,ENE-5105,Zona Norte,1405140,0
ENE-00362,5,Energia,ENE-5104,Zona Norte,964201,0
ENE-00362,6,Energia,ENE-5105,Zona Centro,1229498,0
ENE-00362,7,Energia,ENE-5104,Zona Centro,843675,0
ENE-00362,8,Energia,ENE-5105,Zona Sur,878213,0
ENE-00362,9,Energia,ENE-5104,Zona Sur,602625,0
ENE-00362,10,Energia,ENE-6101,Zona Norte,341778,0
ENE-00362,11,Energia,ENE-6102,Zona Norte,227852,0
ENE-00362,12,Energia,ENE-6101,Zona Centro,299056,0
ENE-00362,13,Energia,ENE-6102,Zona Centro,199370,0
ENE-00362,14,Energia,ENE-6101,Zona Sur,213611,0
ENE-00362,15,Energia,ENE-6102,Zona Sur,142407,0
ENE-00362,16,Energia,ENE-6105,Zona Norte,788196,0
ENE-00362,17,Energia,ENE-6105,Zona Centro,689672,0
ENE-00362,18,Energia,ENE-6105,Zona Sur,492623,0
ENE-00362,19,Energia,ENE-6107,Zona Norte,577793,0
ENE-00362,20,Energia,ENE-6106,Zona Norte,386306,0
ENE-00362,21,Energia,ENE-6107,Zona Centro,505569,0
ENE-00362,22,Energia,ENE-6106,Zona Centro,338018,0
ENE-00362,23,Energia,ENE-6107,Zona Sur,361121,0
ENE-00362,24,Energia,ENE-6106,Zona Sur,241442,0
ENE-00362,25,Energia,ENE-2101,,0,33088222
ENE-00363,1,Energia,ENE-6104,Zona Norte,1963960,0
ENE-00363,2,Energia,ENE-6103,Zona Norte,346581,0
ENE-00363,3,Energia,ENE-6104,Zona Centro,1718465,0
ENE-00363,4,Energia,ENE-6103,Zona Centro,303259,0
ENE-00363,5,Energia,ENE-6104,Zona Sur,1227474,0
ENE-00363,6,Energia,ENE-6103,Zona Sur,216613,0
ENE-00363,7,Energia,ENE-2102,,0,5776352
ENE-00364,1,Energia,ENE-2102,,5721199,0
ENE-00364,2,Energia,ENE-1101,,0,5721199
ENE-00365,1,Energia,ENE-2101,,44546609,0
ENE-00365,2,Energia,ENE-1101,,0,44546609
ENE-00366,1,Energia,ENE-1201,,8418057,0
ENE-00366,2,Energia,ENE-1101,,0,8418057
ENE-00367,1,Energia,ENE-6901,,8591877,0
ENE-00367,2,Energia,ENE-1202,,0,8591877
ENE-00368,1,Energia,ENE-6902,,4926729,0
ENE-00368,2,Energia,ENE-1101,,0,4926729
ENE-00369,1,Energia,ENE-2201,,3563638,0
ENE-00369,2,Energia,ENE-1101,,0,3563638
ENE-00370,1,Energia,ENE-6903,,1830762,0
ENE-00370,2,Energia,ENE-2104,,0,1830762
ENE-00371,1,Energia,ENE-4103,Zona Norte,0,13077473
ENE-00371,2,Energia,ENE-4104,Zona Norte,0,8718316
ENE-00371,3,Energia,ENE-4103,Zona Centro,0,11442789
ENE-00371,4,Energia,ENE-4104,Zona Centro,0,7628526
ENE-00371,5,Energia,ENE-4103,Zona Sur,0,8173421
ENE-00371,6,Energia,ENE-4104,Zona Sur,0,5448947
ENE-00371,7,Energia,ENE-4105,Zona Norte,0,4539017
ENE-00371,8,Energia,ENE-4105,Zona Centro,0,3971640
ENE-00371,9,Energia,ENE-4105,Zona Sur,0,2836886
ENE-00371,10,Energia,ENE-4101,Zona Norte,0,2107518
ENE-00371,11,Energia,ENE-4102,Zona Norte,0,903222
ENE-00371,12,Energia,ENE-4101,Zona Centro,0,1844079
ENE-00371,13,Energia,ENE-4102,Zona Centro,0,790319
ENE-00371,14,Energia,ENE-4101,Zona Sur,0,1317199
ENE-00371,15,Energia,ENE-4102,Zona Sur,0,564514
ENE-00371,16,Energia,ENE-1102,,73363866,0
ENE-00372,1,Energia,ENE-1101,,72818574,0
ENE-00372,2,Energia,ENE-1102,,0,72818574
ENE-00373,1,Energia,ENE-1103,,13502284,0
ENE-00373,2,Energia,ENE-2101,,0,13502284
ENE-00374,1,Energia,ENE-5102,Zona Norte,3233519,0
ENE-00374,2,Energia,ENE-5101,Zona Norte,2155680,0
ENE-00374,3,Energia,ENE-5102,Zona Centro,2829329,0
ENE-00374,4,Energia,ENE-5101,Zona Centro,1886220,0
ENE-00374,5,Energia,ENE-5102,Zona Sur,2020950,0
ENE-00374,6,Energia,ENE-5101,Zona Sur,1347300,0
ENE-00374,7,Energia,ENE-1103,,0,13472998
ENE-00375,1,Energia,ENE-5103,Zona Norte,8387504,0
ENE-00375,2,Energia,ENE-5103,Zona Centro,7339066,0
ENE-00375,3,Energia,ENE-5103,Zona Sur,5242190,0
ENE-00375,4,Energia,ENE-5105,Zona Norte,1381293,0
ENE-00375,5,Energia,ENE-5104,Zona Norte,916506,0
ENE-00375,6,Energia,ENE-5105,Zona Centro,1208632,0
ENE-00375,7,Energia,ENE-5104,Zona Centro,801943,0
ENE-00375,8,Energia,ENE-5105,Zona Sur,863308,0
ENE-00375,9,Energia,ENE-5104,Zona Sur,572817,0
ENE-00375,10,Energia,ENE-6101,Zona Norte,347418,0
ENE-00375,11,Energia,ENE-6102,Zona Norte,231612,0
ENE-00375,12,Energia,ENE-6101,Zona Centro,303991,0
ENE-00375,13,Energia,ENE-6102,Zona Centro,202661,0
ENE-00375,14,Energia,ENE-6101,Zona Sur,217137,0
ENE-00375,15,Energia,ENE-6102,Zona Sur,144758,0
ENE-00375,16,Energia,ENE-6105,Zona Norte,766782,0
ENE-00375,17,Energia,ENE-6105,Zona Centro,670934,0
ENE-00375,18,Energia,ENE-6105,Zona Sur,479239,0
ENE-00375,19,Energia,ENE-6107,Zona Norte,574399,0
ENE-00375,20,Energia,ENE-6106,Zona Norte,379518,0
ENE-00375,21,Energia,ENE-6107,Zona Centro,502599,0
ENE-00375,22,Energia,ENE-6106,Zona Centro,332078,0
ENE-00375,23,Energia,ENE-6107,Zona Sur,359000,0
ENE-00375,24,Energia,ENE-6106,Zona Sur,237199,0
ENE-00375,25,Energia,ENE-2101,,0,32462584
ENE-00376,1,Energia,ENE-6104,Zona Norte,1951574,0
ENE-00376,2,Energia,ENE-6103,Zona Norte,344395,0
ENE-00376,3,Energia,ENE-6104,Zona Centro,1707628,0
ENE-00376,4,Energia,ENE-6103,Zona Centro,301347,0
ENE-00376,5,Energia,ENE-6104,Zona Sur,1219733,0
ENE-00376,6,Energia,ENE-6103,Zona Sur,215247,0
ENE-00376,7,Energia,ENE-2102,,0,5739924
ENE-00377,1,Energia,ENE-2102,,5776352,0
ENE-00377,2,Energia,ENE-1101,,0,5776352
ENE-00378,1,Energia,ENE-2101,,46742171,0
ENE-00378,2,Energia,ENE-1101,,0,46742171
ENE-00379,1,Energia,ENE-1201,,10125464,0
ENE-00379,2,Energia,ENE-1101,,0,10125464
ENE-00380,1,Energia,ENE-6901,,8634067,0
ENE-00380,2,Energia,ENE-1202,,0,8634067
ENE-00381,1,Energia,ENE-6902,,4905941,0
ENE-00381,2,Energia,ENE-1101,,0,4905941
ENE-00382,1,Energia,ENE-2201,,3563638,0
ENE-00382,2,Energia,ENE-1101,,0,3563638
ENE-00383,1,Energia,ENE-6903,,2200055,0
ENE-00383,2,Energia,ENE-2104,,0,2200055
ENE-00384,1,Energia,ENE-4103,Zona Norte,0,15173746
ENE-00384,2,Energia,ENE-4104,Zona Norte,0,10115831
ENE-00384,3,Energia,ENE-4103,Zona Centro,0,13277028
ENE-00384,4,Energia,ENE-4104,Zona Centro,0,8851352
ENE-00384,5,Energia,ENE-4103,Zona Sur,0,9483591
ENE-00384,6,Energia,ENE-4104,Zona Sur,0,6322394
ENE-00384,7,Energia,ENE-4105,Zona Norte,0,5894382
ENE-00384,8,Energia,ENE-4105,Zona Centro,0,5157584
ENE-00384,9,Energia,ENE-4105,Zona Sur,0,3683988
ENE-00384,10,Energia,ENE-4101,Zona Norte,0,2549522
ENE-00384,11,Energia,ENE-4102,Zona Norte,0,1092652
ENE-00384,12,Energia,ENE-4101,Zona Centro,0,2230832
ENE-00384,13,Energia,ENE-4102,Zona Centro,0,956071
ENE-00384,14,Energia,ENE-4101,Zona Sur,0,1593451
ENE-00384,15,Energia,ENE-4102,Zona Sur,0,682908
ENE-00384,16,Energia,ENE-1102,,87065332,0
ENE-00385,1,Energia,ENE-1101,,73301426,0
ENE-00385,2,Energia,ENE-1102,,0,73301426
ENE-00386,1,Energia,ENE-1103,,17612610,0
ENE-00386,2,Energia,ENE-2101,,0,17612610
ENE-00387,1,Energia,ENE-5102,Zona Norte,4258059,0
ENE-00387,2,Energia,ENE-5101,Zona Norte,2838706,0
ENE-00387,3,Energia,ENE-5102,Zona Centro,3725801,0
ENE-00387,4,Energia,ENE-5101,Zona Centro,2483868,0
ENE-00387,5,Energia,ENE-5102,Zona Sur,2661287,0
ENE-00387,6,Energia,ENE-5101,Zona Sur,1774191,0
ENE-00387,7,Energia,ENE-1103,,0,17741912
ENE-00388,1,Energia,ENE-5103,Zona Norte,9830140,0
ENE-00388,2,Energia,ENE-5103,Zona Centro,8601373,0
ENE-00388,3,Energia,ENE-5103,Zona Sur,6143838,0
ENE-00388,4,Energia,ENE-5105,Zona Norte,1644054,0
ENE-00388,5,Energia,ENE-5104,Zona Norte,1109548,0
ENE-00388,6,Energia,ENE-5105,Zona Centro,1438547,0
ENE-00388,7,Energia,ENE-5104,Zona Centro,970855,0
ENE-00388,8,Energia,ENE-5105,Zona Sur,1027534,0
ENE-00388,9,Energia,ENE-5104,Zona Sur,693468,0
ENE-00388,10,Energia,ENE-6101,Zona Norte,408702,0
ENE-00388,11,Energia,ENE-6102,Zona Norte,272468,0
ENE-00388,12,Energia,ENE-6101,Zona Centro,357614,0
ENE-00388,13,Energia,ENE-6102,Zona Centro,238410,0
ENE-00388,14,Energia,ENE-6101,Zona Sur,255439,0
ENE-00388,15,Energia,ENE-6102,Zona Sur,170293,0
ENE-00388,16,Energia,ENE-6105,Zona Norte,893649,0
ENE-00388,17,Energia,ENE-6105,Zona Centro,781942,0
ENE-00388,18,Energia,ENE-6105,Zona Sur,558530,0
ENE-00388,19,Energia,ENE-6107,Zona Norte,682404,0
ENE-00388,20,Energia,ENE-6106,Zona Norte,456967,0
ENE-00388,21,Energia,ENE-6107,Zona Centro,597103,0
ENE-00388,22,Energia,ENE-6106,Zona Centro,399847,0
ENE-00388,23,Energia,ENE-6107,Zona Sur,426502,0
ENE-00388,24,Energia,ENE-6106,Zona Sur,285605,0
ENE-00388,25,Energia,ENE-2101,,0,38244832
ENE-00389,1,Energia,ENE-6104,Zona Norte,2332601,0
ENE-00389,2,Energia,ENE-6103,Zona Norte,411635,0
ENE-00389,3,Energia,ENE-6104,Zona Centro,2041026,0
ENE-00389,4,Energia,ENE-6103,Zona Centro,360181,0
ENE-00389,5,Energia,ENE-6104,Zona Sur,1457876,0
ENE-00389,6,Energia,ENE-6103,Zona Sur,257272,0
ENE-00389,7,Energia,ENE-2102,,0,6860591
ENE-00390,1,Energia,ENE-2102,,5739924,0
ENE-00390,2,Energia,ENE-1101,,0,5739924
ENE-00391,1,Energia,ENE-2101,,46392010,0
ENE-00391,2,Energia,ENE-1101,,0,46392010
ENE-00392,1,Energia,ENE-1201,,7266711,0
ENE-00392,2,Energia,ENE-1101,,0,7266711
ENE-00393,1,Energia,ENE-6901,,8664345,0
ENE-00393,2,Energia,ENE-1202,,0,8664345
ENE-00394,1,Energia,ENE-6902,,4885153,0
ENE-00394,2,Energia,ENE-1101,,0,4885153
ENE-00395,1,Energia,ENE-2201,,3563638,0
ENE-00395,2,Energia,ENE-1101,,0,3563638
ENE-00396,1,Energia,ENE-6903,,2880495,0
ENE-00396,2,Energia,ENE-2104,,0,2880495
ENE-00397,1,Energia,ENE-4103,Zona Norte,0,14960163
ENE-00397,2,Energia,ENE-4104,Zona Norte,0,9973442
ENE-00397,3,Energia,ENE-4103,Zona Centro,0,13090143
ENE-00397,4,Energia,ENE-4104,Zona Centro,0,8726762
ENE-00397,5,Energia,ENE-4103,Zona Sur,0,9350102
ENE-00397,6,Energia,ENE-4104,Zona Sur,0,6233402
ENE-00397,7,Energia,ENE-4105,Zona Norte,0,5972918
ENE-00397,8,Energia,ENE-4105,Zona Centro,0,5226303
ENE-00397,9,Energia,ENE-4105,Zona Sur,0,3733074
ENE-00397,10,Energia,ENE-4101,Zona Norte,0,2530222
ENE-00397,11,Energia,ENE-4102,Zona Norte,0,1084381
ENE-00397,12,Energia,ENE-4101,Zona Centro,0,2213944
ENE-00397,13,Energia,ENE-4102,Zona Centro,0,948833
ENE-00397,14,Energia,ENE-4101,Zona Sur,0,1581388
ENE-00397,15,Energia,ENE-4102,Zona Sur,0,677738
ENE-00397,16,Energia,ENE-1102,,86302815,0
ENE-00398,1,Energia,ENE-1101,,85695185,0
ENE-00398,2,Energia,ENE-1102,,0,85695185
ENE-00399,1,Energia,ENE-1103,,18224782,0
ENE-00399,2,Energia,ENE-2101,,0,18224782
ENE-00400,1,Energia,ENE-5102,Zona Norte,4289175,0
ENE-00400,2,Energia,ENE-5101,Zona Norte,2859450,0
ENE-00400,3,Energia,ENE-5102,Zona Centro,3753028,0
ENE-00400,4,Energia,ENE-5101,Zona Centro,2502019,0
ENE-00400,5,Energia,ENE-5102,Zona Sur,2680735,0
ENE-00400,6,Energia,ENE-5101,Zona Sur,1787156,0
ENE-00400,7,Energia,ENE-1103,,0,17871563
ENE-00401,1,Energia,ENE-5103,Zona Norte,9990923,0
ENE-00401,2,Energia,ENE-5103,Zona Centro,8742057,0
ENE-00401,3,Energia,ENE-5103,Zona Sur,6244327,0
ENE-00401,4,Energia,ENE-5105,Zona Norte,1654428,0
ENE-00401,5,Energia,ENE-5104,Zona Norte,1130295,0
ENE-00401,6,Energia,ENE-5105,Zona Centro,1447624,0
ENE-00401,7,Energia,ENE-5104,Zona Centro,989008,0
ENE-00401,8,Energia,ENE-5105,Zona Sur,1034017,0
ENE-00401,9,Energia,ENE-5104,Zona Sur,706434,0
ENE-00401,10,Energia,ENE-6101,Zona Norte,406940,0
ENE-00401,11,Energia,ENE-6102,Zona Norte,271293,0
ENE-00401,12,Energia,ENE-6101,Zona Centro,356073,0
ENE-00401,13,Energia,ENE-6102,Zona Centro,237382,0
ENE-00401,14,Energia,ENE-6101,Zona Sur,254338,0
ENE-00401,15,Energia,ENE-6102,Zona Sur,169558,0
ENE-00401,16,Energia,ENE-6105,Zona Norte,890477,0
ENE-00401,17,Energia,ENE-6105,Zona Centro,779167,0
ENE-00401,18,Energia,ENE-6105,Zona Sur,556548,0
ENE-00401,19,Energia,ENE-6107,Zona Norte,674000,0
ENE-00401,20,Energia,ENE-6106,Zona Norte,440159,0
ENE-00401,21,Energia,ENE-6107,Zona Centro,589750,0
ENE-00401,22,Energia,ENE-6106,Zona Centro,385139,0
ENE-00401,23,Energia,ENE-6107,Zona Sur,421250,0
ENE-00401,24,Energia,ENE-6106,Zona Sur,275099,0
ENE-00401,25,Energia,ENE-2101,,0,38646286
ENE-00402,1,Energia,ENE-6104,Zona Norte,2273255,0
ENE-00402,2,Energia,ENE-6103,Zona Norte,401163,0
ENE-00402,3,Energia,ENE-6104,Zona Centro,1989098,0
ENE-00402,4,Energia,ENE-6103,Zona Centro,351017,0
ENE-00402,5,Energia,ENE-6104,Zona Sur,1420785,0
ENE-00402,6,Energia,ENE-6103,Zona Sur,250727,0
ENE-00402,7,Energia,ENE-2102,,0,6686045
ENE-00403,1,Energia,ENE-2102,,6860591,0
ENE-00403,2,Energia,ENE-1101,,0,6860591
ENE-00404,1,Energia,ENE-2101,,51405784,0
ENE-00404,2,Energia,ENE-1101,,0,51405784
ENE-00405,1,Energia,ENE-1201,,7752993,0
ENE-00405,2,Energia,ENE-1101,,0,7752993
ENE-00406,1,Energia,ENE-6901,,8696649,0
ENE-00406,2,Energia,ENE-1202,,0,8696649
ENE-00407,1,Energia,ENE-6902,,4864365,0
ENE-00407,2,Energia,ENE-1101,,0,4864365
ENE-00408,1,Energia,ENE-2201,,3563638,0
ENE-00408,2,Energia,ENE-1101,,0,3563638
ENE-00409,1,Energia,ENE-6903,,2575235,0
ENE-00409,2,Energia,ENE-2104,,0,2575235
ENE-00410,1,Energia,ENE-4103,Zona Norte,0,14689144
ENE-00410,2,Energia,ENE-4104,Zona Norte,0,9792762
ENE-00410,3,Energia,ENE-4103,Zona Centro,0,12853001
ENE-00410,4,Energia,ENE-4104,Zona Centro,0,8568667
ENE-00410,5,Energia,ENE-4103,Zona Sur,0,9180715
ENE-00410,6,Energia,ENE-4104,Zona Sur,0,6120477
ENE-00410,7,Energia,ENE-4105,Zona Norte,0,5936083
ENE-00410,8,Energia,ENE-4105,Zona Centro,0,5194072
ENE-00410,9,Energia,ENE-4105,Zona Sur,0,3710052
ENE-00410,10,Energia,ENE-4101,Zona Norte,0,2620656
ENE-00410,11,Energia,ENE-4102,Zona Norte,0,1123138
ENE-00410,12,Energia,ENE-4101,Zona Centro,0,2293074
ENE-00410,13,Energia,ENE-4102,Zona Centro,0,982746
ENE-00410,14,Energia,ENE-4101,Zona Sur,0,1637910
ENE-00410,15,Energia,ENE-4102,Zona Sur,0,701962
ENE-00410,16,Energia,ENE-1102,,85404459,0
ENE-00411,1,Energia,ENE-1101,,86379067,0
ENE-00411,2,Energia,ENE-1102,,0,86379067
ENE-00412,1,Energia,ENE-1103,,18670559,0
ENE-00412,2,Energia,ENE-2101,,0,18670559
ENE-00413,1,Energia,ENE-5102,Zona Norte,4385753,0
ENE-00413,2,Energia,ENE-5101,Zona Norte,2923835,0
ENE-00413,3,Energia,ENE-5102,Zona Centro,3837534,0
ENE-00413,4,Energia,ENE-5101,Zona Centro,2558356,0
ENE-00413,5,Energia,ENE-5102,Zona Sur,2741095,0
ENE-00413,6,Energia,ENE-5101,Zona Sur,1827397,0
ENE-00413,7,Energia,ENE-1103,,0,18273970
ENE-00414,1,Energia,ENE-5103,Zona Norte,10318706,0
ENE-00414,2,Energia,ENE-5103,Zona Centro,9028868,0
ENE-00414,3,Energia,ENE-5103,Zona Sur,6449192,0
ENE-00414,4,Energia,ENE-5105,Zona Norte,1624679,0
ENE-00414,5,Energia,ENE-5104,Zona Norte,1070798,0
ENE-00414,6,Energia,ENE-5105,Zona Centro,1421594,0
ENE-00414,7,Energia,ENE-5104,Zona Centro,936948,0
ENE-00414,8,Energia,ENE-5105,Zona Sur,1015424,0
ENE-00414,9,Energia,ENE-5104,Zona Sur,669248,0
ENE-00414,10,Energia,ENE-6101,Zona Norte,421693,0
ENE-00414,11,Energia,ENE-6102,Zona Norte,281129,0
ENE-00414,12,Energia,ENE-6101,Zona Centro,368982,0
ENE-00414,13,Energia,ENE-6102,Zona Centro,245988,0
ENE-00414,14,Energia,ENE-6101,Zona Sur,263558,0
ENE-00414,15,Energia,ENE-6102,Zona Sur,175705,0
ENE-00414,16,Energia,ENE-6105,Zona Norte,891957,0
ENE-00414,17,Energia,ENE-6105,Zona Centro,780462,0
ENE-00414,18,Energia,ENE-6105,Zona Sur,557473,0
ENE-00414,19,Energia,ENE-6107,Zona Norte,675835,0
ENE-00414,20,Energia,ENE-6106,Zona Norte,443831,0
ENE-00414,21,Energia,ENE-6107,Zona Centro,591356,0
ENE-00414,22,Energia,ENE-6106,Zona Centro,388352,0
ENE-00414,23,Energia,ENE-6107,Zona Sur,422397,0
ENE-00414,24,Energia,ENE-6106,Zona Sur,277394,0
ENE-00414,25,Energia,ENE-2101,,0,39321569
ENE-00415,1,Energia,ENE-6104,Zona Norte,2299615,0
ENE-00415,2,Energia,ENE-6103,Zona Norte,405814,0
ENE-00415,3,Energia,ENE-6104,Zona Centro,2012164,0
ENE-00415,4,Energia,ENE-6103,Zona Centro,355088,0
ENE-00415,5,Energia,ENE-6104,Zona Sur,1437260,0
ENE-00415,6,Energia,ENE-6103,Zona Sur,253634,0
ENE-00415,7,Energia,ENE-2102,,0,6763575
ENE-00416,1,Energia,ENE-2102,,6686045,0
ENE-00416,2,Energia,ENE-1101,,0,6686045
ENE-00417,1,Energia,ENE-2101,,56414936,0
ENE-00417,2,Energia,ENE-1101,,0,56414936
ENE-00418,1,Energia,ENE-1201,,7495483,0
ENE-00418,2,Energia,ENE-1101,,0,7495483
ENE-00419,1,Energia,ENE-6901,,8727880,0
ENE-00419,2,Energia,ENE-1202,,0,8727880
ENE-00420,1,Energia,ENE-6902,,4843577,0
ENE-00420,2,Energia,ENE-1101,,0,4843577
ENE-00421,1,Energia,ENE-2201,,3563638,0
ENE-00421,2,Energia,ENE-1101,,0,3563638
ENE-00422,1,Energia,ENE-6903,,2017950,0
ENE-00422,2,Energia,ENE-2104,,0,2017950
ENE-00423,1,Energia,ENE-4103,Zona Norte,0,12605063
ENE-00423,2,Energia,ENE-4104,Zona Norte,0,8403375
ENE-00423,3,Energia,ENE-4103,Zona Centro,0,11029430
ENE-00423,4,Energia,ENE-4104,Zona Centro,0,7352953
ENE-00423,5,Energia,ENE-4103,Zona Sur,0,7878164
ENE-00423,6,Energia,ENE-4104,Zona Sur,0,5252109
ENE-00423,7,Energia,ENE-4105,Zona Norte,0,4595791
ENE-00423,8,Energia,ENE-4105,Zona Centro,0,4021318
ENE-00423,9,Energia,ENE-4105,Zona Sur,0,2872370
ENE-00423,10,Energia,ENE-4101,Zona Norte,0,2233555
ENE-00423,11,Energia,ENE-4102,Zona Norte,0,957238
ENE-00423,12,Energia,ENE-4101,Zona Centro,0,1954361
ENE-00423,13,Energia,ENE-4102,Zona Centro,0,837583
ENE-00423,14,Energia,ENE-4101,Zona Sur,0,1395972
ENE-00423,15,Energia,ENE-4102,Zona Sur,0,598274
ENE-00423,16,Energia,ENE-1102,,71987556,0
ENE-00424,1,Energia,ENE-1101,,85494295,0
ENE-00424,2,Energia,ENE-1102,,0,85494295
ENE-00425,1,Energia,ENE-1103,,13770731,0
ENE-00425,2,Energia,ENE-2101,,0,13770731
ENE-00426,1,Energia,ENE-5102,Zona Norte,3264901,0
ENE-00426,2,Energia,ENE-5101,Zona Norte,2176601,0
ENE-00426,3,Energia,ENE-5102,Zona Centro,2856788,0
ENE-00426,4,Energia,ENE-5101,Zona Centro,1904526,0
ENE-00426,5,Energia,ENE-5102,Zona Sur,2040563,0
ENE-00426,6,Energia,ENE-5101,Zona Sur,1360375,0
ENE-00426,7,Energia,ENE-1103,,0,13603754
ENE-00427,1,Energia,ENE-5103,Zona Norte,8504333,0
ENE-00427,2,Energia,ENE-5103,Zona Centro,7441291,0
ENE-00427,3,Energia,ENE-5103,Zona Sur,5315208,0
ENE-00427,4,Energia,ENE-5105,Zona Norte,1382712,0
ENE-00427,5,Energia,ENE-5104,Zona Norte,919343,0
ENE-00427,6,Energia,ENE-5105,Zona Centro,1209873,0
ENE-00427,7,Energia,ENE-5104,Zona Centro,804425,0
ENE-00427,8,Energia,ENE-5105,Zona Sur,864195,0
ENE-00427,9,Energia,ENE-5104,Zona Sur,574589,0
ENE-00427,10,Energia,ENE-6101,Zona Norte,356221,0
ENE-00427,11,Energia,ENE-6102,Zona Norte,237481,0
ENE-00427,12,Energia,ENE-6101,Zona Centro,311693,0
ENE-00427,13,Energia,ENE-6102,Zona Centro,207796,0
ENE-00427,14,Energia,ENE-6101,Zona Sur,222638,0
ENE-00427,15,Energia,ENE-6102,Zona Sur,148425,0
ENE-00427,16,Energia,ENE-6105,Zona Norte,767434,0
ENE-00427,17,Energia,ENE-6105,Zona Centro,671505,0
ENE-00427,18,Energia,ENE-6105,Zona Sur,479647,0
ENE-00427,19,Energia,ENE-6107,Zona Norte,583265,0
ENE-00427,20,Energia,ENE-6106,Zona Norte,397251,0
ENE-00427,21,Energia,ENE-6107,Zona Centro,510357,0
ENE-00427,22,Energia,ENE-6106,Zona Centro,347595,0
ENE-00427,23,Energia,ENE-6107,Zona Sur,364541,0
ENE-00427,24,Energia,ENE-6106,Zona Sur,248282,0
ENE-00427,25,Energia,ENE-2101,,0,32870100
ENE-00428,1,Energia,ENE-6104,Zona Norte,1941747,0
ENE-00428,2,Energia,ENE-6103,Zona Norte,342661,0
ENE-00428,3,Energia,ENE-6104,Zona Centro,1699029,0
ENE-00428,4,Energia,ENE-6103,Zona Centro,299829,0
ENE-00428,5,Energia,ENE-6104,Zona Sur,1213592,0
ENE-00428,6,Energia,ENE-6103,Zona Sur,214163,0
ENE-00428,7,Energia,ENE-2102,,0,5711021
ENE-00429,1,Energia,ENE-2102,,6763575,0
ENE-00429,2,Energia,ENE-1101,,0,6763575
ENE-00430,1,Energia,ENE-2101,,57487651,0
ENE-00430,2,Energia,ENE-1101,,0,57487651
ENE-00431,1,Energia,ENE-1201,,3811112,0
ENE-00431,2,Energia,ENE-1101,,0,3811112
ENE-00432,1,Energia,ENE-6901,,8743760,0
ENE-00432,2,Energia,ENE-1202,,0,8743760
ENE-00433,1,Energia,ENE-6902,,4822789,0
ENE-00433,2,Energia,ENE-1101,,0,4822789
ENE-00434,1,Energia,ENE-2201,,3563638,0
ENE-00434,2,Energia,ENE-1101,,0,3563638
ENE-00435,1,Energia,ENE-6903,,1683756,0
ENE-00435,2,Energia,ENE-2104,,0,1683756
ENE-00436,1,Energia,ENE-4103,Zona Norte,0,12764384
ENE-00436,2,Energia,ENE-4104,Zona Norte,0,8509590
ENE-00436,3,Energia,ENE-4103,Zona Centro,0,11168836
ENE-00436,4,Energia,ENE-4104,Zona Centro,0,7445891
ENE-00436,5,Energia,ENE-4103,Zona Sur,0,7977740
ENE-00436,6,Energia,ENE-4104,Zona Sur,0,5318493
ENE-00436,7,Energia,ENE-4105,Zona Norte,0,4589135
ENE-00436,8,Energia,ENE-4105,Zona Centro,0,4015494
ENE-00436,9,Energia,ENE-4105,Zona Sur,0,2868210
ENE-00436,10,Energia,ENE-4101,Zona Norte,0,2176420
ENE-00436,11,Energia,ENE-4102,Zona Norte,0,932751
ENE-00436,12,Energia,ENE-4101,Zona Centro,0,1904367
ENE-00436,13,Energia,ENE-4102,Zona Centro,0,816158
ENE-00436,14,Energia,ENE-4101,Zona Sur,0,1360262
ENE-00436,15,Energia,ENE-4102,Zona Sur,0,582970
ENE-00436,16,Energia,ENE-1102,,72430701,0
ENE-00437,1,Energia,ENE-1101,,73329246,0
ENE-00437,2,Energia,ENE-1102,,0,73329246
ENE-00438,1,Energia,ENE-1103,,13221461,0
ENE-00438,2,Energia,ENE-2101,,0,13221461
ENE-00439,1,Energia,ENE-5102,Zona Norte,3225815,0
ENE-00439,2,Energia,ENE-5101,Zona Norte,2150544,0
ENE-00439,3,Energia,ENE-5102,Zona Centro,2822589,0
ENE-00439,4,Energia,ENE-5101,Zona Centro,1881726,0
ENE-00439,5,Energia,ENE-5102,Zona Sur,2016135,0
ENE-00439,6,Energia,ENE-5101,Zona Sur,1344090,0
ENE-00439,7,Energia,ENE-1103,,0,13440899
ENE-00440,1,Energia,ENE-5103,Zona Norte,8268652,0
ENE-00440,2,Energia,ENE-5103,Zona Centro,7235071,0
ENE-00440,3,Energia,ENE-5103,Zona Sur,5167908,0
ENE-00440,4,Energia,ENE-5105,Zona Norte,1383286,0
ENE-00440,5,Energia,ENE-5104,Zona Norte,920493,0
ENE-00440,6,Energia,ENE-5105,Zona Centro,1210376,0
ENE-00440,7,Energia,ENE-5104,Zona Centro,805431,0
ENE-00440,8,Energia,ENE-5105,Zona Sur,864554,0
ENE-00440,9,Energia,ENE-5104,Zona Sur,575308,0
ENE-00440,10,Energia,ENE-6101,Zona Norte,331841,0
ENE-00440,11,Energia,ENE-6102,Zona Norte,221228,0
ENE-00440,12,Energia,ENE-6101,Zona Centro,290361,0
ENE-00440,13,Energia,ENE-6102,Zona Centro,193574,0
ENE-00440,14,Energia,ENE-6101,Zona Sur,207401,0
ENE-00440,15,Energia,ENE-6102,Zona Sur,138267,0
ENE-00440,16,Energia,ENE-6105,Zona Norte,776165,0
ENE-00440,17,Energia,ENE-6105,Zona Centro,679145,0
ENE-00440,18,Energia,ENE-6105,Zona Sur,485103,0
ENE-00440,19,Energia,ENE-6107,Zona Norte,585475,0
ENE-00440,20,Energia,ENE-6106,Zona Norte,401670,0
ENE-00440,21,Energia,ENE-6107,Zona Centro,512291,0
ENE-00440,22,Energia,ENE-6106,Zona Centro,351461,0
ENE-00440,23,Energia,ENE-6107,Zona Sur,365922,0
ENE-00440,24,Energia,ENE-6106,Zona Sur,251044,0
ENE-00440,25,Energia,ENE-2101,,0,32222027
ENE-00441,1,Energia,ENE-6104,Zona Norte,1920212,0
ENE-00441,2,Energia,ENE-6103,Zona Norte,338861,0
ENE-00441,3,Energia,ENE-6104,Zona Centro,1680186,0
ENE-00441,4,Energia,ENE-6103,Zona Centro,296504,0
ENE-00441,5,Energia,ENE-6104,Zona Sur,1200132,0
ENE-00441,6,Energia,ENE-6103,Zona Sur,211787,0
ENE-00441,7,Energia,ENE-2102,,0,5647682
ENE-00442,1,Energia,ENE-2102,,5711021,0
ENE-00442,2,Energia,ENE-1101,,0,5711021
ENE-00443,1,Energia,ENE-2101,,51748915,0
ENE-00443,2,Energia,ENE-1101,,0,51748915
ENE-00444,1,Energia,ENE-1201,,5521775,0
ENE-00444,2,Energia,ENE-1101,,0,5521775
ENE-00445,1,Energia,ENE-6901,,8766767,0
ENE-00445,2,Energia,ENE-1202,,0,8766767
ENE-00446,1,Energia,ENE-6902,,4802002,0
ENE-00446,2,Energia,ENE-1101,,0,4802002
ENE-00447,1,Energia,ENE-2201,,3563638,0
ENE-00447,2,Energia,ENE-1101,,0,3563638
ENE-00448,1,Energia,ENE-6903,,2038857,0
ENE-00448,2,Energia,ENE-2104,,0,2038857
ENE-00449,1,Energia,ENE-4103,Zona Norte,0,12572887
ENE-00449,2,Energia,ENE-4104,Zona Norte,0,8381924
ENE-00449,3,Energia,ENE-4103,Zona Centro,0,11001276
ENE-00449,4,Energia,ENE-4104,Zona Centro,0,7334184
ENE-00449,5,Energia,ENE-4103,Zona Sur,0,7858054
ENE-00449,6,Energia,ENE-4104,Zona Sur,0,5238703
ENE-00449,7,Energia,ENE-4105,Zona Norte,0,4624223
ENE-00449,8,Energia,ENE-4105,Zona Centro,0,4046195
ENE-00449,9,Energia,ENE-4105,Zona Sur,0,2890140
ENE-00449,10,Energia,ENE-4101,Zona Norte,0,2130887
ENE-00449,11,Energia,ENE-4102,Zona Norte,0,913237
ENE-00449,12,Energia,ENE-4101,Zona Centro,0,1864526
ENE-00449,13,Energia,ENE-4102,Zona Centro,0,799083
ENE-00449,14,Energia,ENE-4101,Zona Sur,0,1331805
ENE-00449,15,Energia,ENE-4102,Zona Sur,0,570773
ENE-00449,16,Energia,ENE-1102,,71557897,0
ENE-00450,1,Energia,ENE-1101,,72386386,0
ENE-00450,2,Energia,ENE-1102,,0,72386386
ENE-00451,1,Energia,ENE-1103,,13204607,0
ENE-00451,2,Energia,ENE-2101,,0,13204607
ENE-00452,1,Energia,ENE-5102,Zona Norte,3251073,0
ENE-00452,2,Energia,ENE-5101,Zona Norte,2167382,0
ENE-00452,3,Energia,ENE-5102,Zona Centro,2844689,0
ENE-00452,4,Energia,ENE-5101,Zona Centro,1896460,0
ENE-00452,5,Energia,ENE-5102,Zona Sur,2031921,0
ENE-00452,6,Energia,ENE-5101,Zona Sur,1354614,0
ENE-00452,7,Energia,ENE-1103,,0,13546139
ENE-00453,1,Energia,ENE-5103,Zona Norte,8382916,0
ENE-00453,2,Energia,ENE-5103,Zona Centro,7335052,0
ENE-00453,3,Energia,ENE-5103,Zona Sur,5239322,0
ENE-00453,4,Energia,ENE-5105,Zona Norte,1395236,0
ENE-00453,5,Energia,ENE-5104,Zona Norte,944392,0
ENE-00453,6,Energia,ENE-5105,Zona Centro,1220831,0
ENE-00453,7,Energia,ENE-5104,Zona Centro,826343,0
ENE-00453,8,Energia,ENE-5105,Zona Sur,872022,0
ENE-00453,9,Energia,ENE-5104,Zona Sur,590245,0
ENE-00453,10,Energia,ENE-6101,Zona Norte,349884,0
ENE-00453,11,Energia,ENE-6102,Zona Norte,233256,0
ENE-00453,12,Energia,ENE-6101,Zona Centro,306149,0
ENE-00453,13,Energia,ENE-6102,Zona Centro,204099,0
ENE-00453,14,Energia,ENE-6101,Zona Sur,218677,0
ENE-00453,15,Energia,ENE-6102,Zona Sur,145785,0
ENE-00453,16,Energia,ENE-6105,Zona Norte,765414,0
ENE-00453,17,Energia,ENE-6105,Zona Centro,669738,0
ENE-00453,18,Energia,ENE-6105,Zona Sur,478384,0
ENE-00453,19,Energia,ENE-6107,Zona Norte,571120,0
ENE-00453,20,Energia,ENE-6106,Zona Norte,372961,0
ENE-00453,21,Energia,ENE-6107,Zona Centro,499730,0
ENE-00453,22,Energia,ENE-6106,Zona Centro,326341,0
ENE-00453,23,Energia,ENE-6107,Zona Sur,356950,0
ENE-00453,24,Energia,ENE-6106,Zona Sur,233101,0
ENE-00453,25,Energia,ENE-2101,,0,32537948
ENE-00454,1,Energia,ENE-6104,Zona Norte,1944470,0
ENE-00454,2,Energia,ENE-6103,Zona Norte,343142,0
ENE-00454,3,Energia,ENE-6104,Zona Centro,1701412,0
ENE-00454,4,Energia,ENE-6103,Zona Centro,300250,0
ENE-00454,5,Energia,ENE-6104,Zona Sur,1215294,0
ENE-00454,6,Energia,ENE-6103,Zona Sur,214463,0
ENE-00454,7,Energia,ENE-2102,,0,5719031
ENE-00455,1,Energia,ENE-2102,,5647682,0
ENE-00455,2,Energia,ENE-1101,,0,5647682
ENE-00456,1,Energia,ENE-2101,,45982292,0
ENE-00456,2,Energia,ENE-1101,,0,45982292
ENE-00457,1,Energia,ENE-1201,,5139366,0
ENE-00457,2,Energia,ENE-1101,,0,5139366
ENE-00458,1,Energia,ENE-6901,,8788181,0
ENE-00458,2,Energia,ENE-1202,,0,8788181
ENE-00459,1,Energia,ENE-6902,,4781214,0
ENE-00459,2,Energia,ENE-1101,,0,4781214
ENE-00460,1,Energia,ENE-2201,,3563638,0
ENE-00460,2,Energia,ENE-1101,,0,3563638
ENE-00461,1,Energia,ENE-6903,,1670054,0
ENE-00461,2,Energia,ENE-2104,,0,1670054
ENE-00462,1,Energia,ENE-4103,Zona Norte,0,11710215
ENE-00462,2,Energia,ENE-4104,Zona Norte,0,7806810
ENE-00462,3,Energia,ENE-4103,Zona Centro,0,10246438
ENE-00462,4,Energia,ENE-4104,Zona Centro,0,6830959
ENE-00462,5,Energia,ENE-4103,Zona Sur,0,7318885
ENE-00462,6,Energia,ENE-4104,Zona Sur,0,4879256
ENE-00462,7,Energia,ENE-4105,Zona Norte,0,4206346
ENE-00462,8,Energia,ENE-4105,Zona Centro,0,3680553
ENE-00462,9,Energia,ENE-4105,Zona Sur,0,2628967
ENE-00462,10,Energia,ENE-4101,Zona Norte,0,2009293
ENE-00462,11,Energia,ENE-4102,Zona Norte,0,861126
ENE-00462,12,Energia,ENE-4101,Zona Centro,0,1758131
ENE-00462,13,Energia,ENE-4102,Zona Centro,0,753485
ENE-00462,14,Energia,ENE-4101,Zona Sur,0,1255808
ENE-00462,15,Energia,ENE-4102,Zona Sur,0,538203
ENE-00462,16,Energia,ENE-1102,,66484475,0
ENE-00463,1,Energia,ENE-1101,,71645177,0
ENE-00463,2,Energia,ENE-1102,,0,71645177
ENE-00464,1,Energia,ENE-1103,,12312663,0
ENE-00464,2,Energia,ENE-2101,,0,12312663
ENE-00465,1,Energia,ENE-5102,Zona Norte,3027518,0
ENE-00465,2,Energia,ENE-5101,Zona Norte,2018345,0
ENE-00465,3,Energia,ENE-5102,Zona Centro,2649078,0
ENE-00465,4,Energia,ENE-5101,Zona Centro,1766052,0
ENE-00465,5,Energia,ENE-5102,Zona Sur,1892198,0
ENE-00465,6,Energia,ENE-5101,Zona Sur,1261466,0
ENE-00465,7,Energia,ENE-1103,,0,12614657
ENE-00466,1,Energia,ENE-5103,Zona Norte,7716411,0
ENE-00466,2,Energia,ENE-5103,Zona Centro,6751860,0
ENE-00466,3,Energia,ENE-5103,Zona Sur,4822757,0
ENE-00466,4,Energia,ENE-5105,Zona Norte,1257007,0
ENE-00466,5,Energia,ENE-5104,Zona Norte,815454,0
ENE-00466,6,Energia,ENE-5105,Zona Centro,1099881,0
ENE-00466,7,Energia,ENE-5104,Zona Centro,713522,0
ENE-00466,8,Energia,ENE-5105,Zona Sur,785630,0
ENE-00466,9,Energia,ENE-5104,Zona Sur,509659,0
ENE-00466,10,Energia,ENE-6101,Zona Norte,319384,0
ENE-00466,11,Energia,ENE-6102,Zona Norte,212923,0
ENE-00466,12,Energia,ENE-6101,Zona Centro,279461,0
ENE-00466,13,Energia,ENE-6102,Zona Centro,186308,0
ENE-00466,14,Energia,ENE-6101,Zona Sur,199615,0
ENE-00466,15,Energia,ENE-6102,Zona Sur,133077,0
ENE-00466,16,Energia,ENE-6105,Zona Norte,714314,0
ENE-00466,17,Energia,ENE-6105,Zona Centro,625024,0
ENE-00466,18,Energia,ENE-6105,Zona Sur,446446,0
ENE-00466,19,Energia,ENE-6107,Zona Norte,531878,0
ENE-00466,20,Energia,ENE-6106,Zona Norte,355917,0
ENE-00466,21,Energia,ENE-6107,Zona Centro,465393,0
ENE-00466,22,Energia,ENE-6106,Zona Centro,311427,0
ENE-00466,23,Energia,ENE-6107,Zona Sur,332424,0
ENE-00466,24,Energia,ENE-6106,Zona Sur,222448,0
ENE-00466,25,Energia,ENE-2101,,0,29808220
ENE-00467,1,Energia,ENE-6104,Zona Norte,1852533,0
ENE-00467,2,Energia,ENE-6103,Zona Norte,326917,0
ENE-00467,3,Energia,ENE-6104,Zona Centro,1620966,0
ENE-00467,4,Energia,ENE-6103,Zona Centro,286053,0
ENE-00467,5,Energia,ENE-6104,Zona Sur,1157833,0
ENE-00467,6,Energia,ENE-6103,Zona Sur,204323,0
ENE-00467,7,Energia,ENE-2102,,0,5448625
ENE-00468,1,Energia,ENE-2102,,5719031,0
ENE-00468,2,Energia,ENE-1101,,0,5719031
ENE-00469,1,Energia,ENE-2101,,45607975,0
ENE-00469,2,Energia,ENE-1101,,0,45607975
ENE-00470,1,Energia,ENE-1201,,5469578,0
ENE-00470,2,Energia,ENE-1101,,0,5469578
ENE-00471,1,Energia,ENE-6901,,8810971,0
ENE-00471,2,Energia,ENE-1202,,0,8810971
ENE-00472,1,Energia,ENE-6902,,4760426,0
ENE-00472,2,Energia,ENE-1101,,0,4760426
ENE-00473,1,Energia,ENE-2201,,3563638,0
ENE-00473,2,Energia,ENE-1101,,0,3563638
ENE-00474,1,Energia,ENE-6903,,1361226,0
ENE-00474,2,Energia,ENE-2104,,0,1361226
ENE-00475,1,Energia,ENE-4103,Zona Norte,157163803,0
ENE-00475,2,Energia,ENE-4104,Zona Norte,104775869,0
ENE-00475,3,Energia,ENE-4103,Zona Centro,137518327,0
ENE-00475,4,Energia,ENE-4104,Zona Centro,91678885,0
ENE-00475,5,Energia,ENE-4103,Zona Sur,98227376,0
ENE-00475,6,Energia,ENE-4104,Zona Sur,65484918,0
ENE-00475,7,Energia,ENE-4105,Zona Norte,58140727,0
ENE-00475,8,Energia,ENE-4105,Zona Centro,50873137,0
ENE-00475,9,Energia,ENE-4105,Zona Sur,36337956,0
ENE-00475,10,Energia,ENE-4101,Zona Norte,26632261,0
ENE-00475,11,Energia,ENE-4102,Zona Norte,11413827,0
ENE-00475,12,Energia,ENE-4101,Zona Centro,23303230,0
ENE-00475,13,Energia,ENE-4102,Zona Centro,9987099,0
ENE-00475,14,Energia,ENE-4101,Zona Sur,16645163,0
ENE-00475,15,Energia,ENE-4102,Zona Sur,7133642,0
ENE-00475,16,Energia,ENE-5102,Zona Norte,0,41361475
ENE-00475,17,Energia,ENE-5101,Zona Norte,0,27574317
ENE-00475,18,Energia,ENE-5102,Zona Centro,0,36191290
ENE-00475,19,Energia,ENE-5101,Zona Centro,0,24127530
ENE-00475,20,Energia,ENE-5102,Zona Sur,0,25850921
ENE-00475,21,Energia,ENE-5101,Zona Sur,0,17233948
ENE-00475,22,Energia,ENE-5103,Zona Norte,0,103997714
ENE-00475,23,Energia,ENE-5103,Zona Centro,0,90998001
ENE-00475,24,Energia,ENE-5103,Zona Sur,0,64998573
ENE-00475,25,Energia,ENE-5105,Zona Norte,0,17069095
ENE-00475,26,Energia,ENE-5104,Zona Norte,0,11430351
ENE-00475,27,Energia,ENE-5105,Zona Centro,0,14935459
ENE-00475,28,Energia,ENE-5104,Zona Centro,0,10001557
ENE-00475,29,Energia,ENE-5105,Zona Sur,0,10668186
ENE-00475,30,Energia,ENE-5104,Zona Sur,0,7143969
ENE-00475,31,Energia,ENE-6101,Zona Norte,0,4265149
ENE-00475,32,Energia,ENE-6102,Zona Norte,0,2843435
ENE-00475,33,Energia,ENE-6101,Zona Centro,0,3732007
ENE-00475,34,Energia,ENE-6102,Zona Centro,0,2488006
ENE-00475,35,Energia,ENE-6101,Zona Sur,0,2665720
ENE-00475,36,Energia,ENE-6102,Zona Sur,0,1777146
ENE-00475,37,Energia,ENE-6105,Zona Norte,0,9450726
ENE-00475,38,Energia,ENE-6105,Zona Centro,0,8269384
ENE-00475,39,Energia,ENE-6105,Zona Sur,0,5906703
ENE-00475,40,Energia,ENE-6107,Zona Norte,0,7093618
ENE-00475,41,Energia,ENE-6106,Zona Norte,0,4724518
ENE-00475,42,Energia,ENE-6107,Zona Centro,0,6206915
ENE-00475,43,Energia,ENE-6106,Zona Centro,0,4133953
ENE-00475,44,Energia,ENE-6107,Zona Sur,0,4433512
ENE-00475,45,Energia,ENE-6106,Zona Sur,0,2952825
ENE-00475,46,Energia,ENE-6104,Zona Norte,0,24010454
ENE-00475,47,Energia,ENE-6103,Zona Norte,0,4237137
ENE-00475,48,Energia,ENE-6104,Zona Centro,0,21009151
ENE-00475,49,Energia,ENE-6103,Zona Centro,0,3707501
ENE-00475,50,Energia,ENE-6104,Zona Sur,0,15006533
ENE-00475,51,Energia,ENE-6103,Zona Sur,0,2648210
ENE-00475,52,Energia,ENE-6901,,0,104015248
ENE-00475,53,Energia,ENE-6902,,0,58497111
ENE-00475,54,Energia,ENE-6903,,0,23667897
ENE-00475,55,Energia,ENE-3103,,0,63990975
ENE-00476,1,Energia,ENE-3103,,63990975,0
ENE-00476,2,Energia,ENE-3102,,0,63990975
ENE-00477,1,Energia,ENE-4103,Zona Norte,0,12032696
ENE-00477,2,Energia,ENE-4104,Zona Norte,0,8021797
ENE-00477,3,Energia,ENE-4103,Zona Centro,0,10528609
ENE-00477,4,Energia,ENE-4104,Zona Centro,0,7019072
ENE-00477,5,Energia,ENE-4103,Zona Sur,0,7520435
ENE-00477,6,Energia,ENE-4104,Zona Sur,0,5013623
ENE-00477,7,Energia,ENE-4105,Zona Norte,0,4369613
ENE-00477,8,Energia,ENE-4105,Zona Centro,0,3823411
ENE-00477,9,Energia,ENE-4105,Zona Sur,0,2731008
ENE-00477,10,Energia,ENE-4101,Zona Norte,0,2064470
ENE-00477,11,Energia,ENE-4102,Zona Norte,0,884773
ENE-00477,12,Energia,ENE-4101,Zona Centro,0,1806411
ENE-00477,13,Energia,ENE-4102,Zona Centro,0,774176
ENE-00477,14,Energia,ENE-4101,Zona Sur,0,1290293
ENE-00477,15,Energia,ENE-4102,Zona Sur,0,552983
ENE-00477,16,Energia,ENE-1102,,68433370,0
ENE-00478,1,Energia,ENE-1101,,66991817,0
ENE-00478,2,Energia,ENE-1102,,0,66991817
ENE-00479,1,Energia,ENE-1103,,12985393,0
ENE-00479,2,Energia,ENE-2101,,0,12985393
ENE-00480,1,Energia,ENE-5102,Zona Norte,3091328,0
ENE-00480,2,Energia,ENE-5101,Zona Norte,2060885,0
ENE-00480,3,Energia,ENE-5102,Zona Centro,2704912,0
ENE-00480,4,Energia,ENE-5101,Zona Centro,1803274,0
ENE-00480,5,Energia,ENE-5102,Zona Sur,1932080,0
ENE-00480,6,Energia,ENE-5101,Zona Sur,1288053,0
ENE-00480,7,Energia,ENE-1103,,0,12880532
ENE-00481,1,Energia,ENE-5103,Zona Norte,8072185,0
ENE-00481,2,Energia,ENE-5103,Zona Centro,7063162,0
ENE-00481,3,Energia,ENE-5103,Zona Sur,5045116,0
ENE-00481,4,Energia,ENE-5105,Zona Norte,1317175,0
ENE-00481,5,Energia,ENE-5104,Zona Norte,867950,0
ENE-00481,6,Energia,ENE-5105,Zona Centro,1152528,0
ENE-00481,7,Energia,ENE-5104,Zona Centro,759456,0
ENE-00481,8,Energia,ENE-5105,Zona Sur,823234,0
ENE-00481,9,Energia,ENE-5104,Zona Sur,542468,0
ENE-00481,10,Energia,ENE-6101,Zona Norte,323771,0
ENE-00481,11,Energia,ENE-6102,Zona Norte,215847,0
ENE-00481,12,Energia,ENE-6101,Zona Centro,283300,0
ENE-00481,13,Energia,ENE-6102,Zona Centro,188867,0
ENE-00481,14,Energia,ENE-6101,Zona Sur,202357,0
ENE-00481,15,Energia,ENE-6102,Zona Sur,134905,0
ENE-00481,16,Energia,ENE-6105,Zona Norte,751436,0
ENE-00481,17,Energia,ENE-6105,Zona Centro,657506,0
ENE-00481,18,Energia,ENE-6105,Zona Sur,469647,0
ENE-00481,19,Energia,ENE-6107,Zona Norte,556573,0
ENE-00481,20,Energia,ENE-6106,Zona Norte,377147,0
ENE-00481,21,Energia,ENE-6107,Zona Centro,487002,0
ENE-00481,22,Energia,ENE-6106,Zona Centro,330004,0
ENE-00481,23,Energia,ENE-6107,Zona Sur,347858,0
ENE-00481,24,Energia,ENE-6106,Zona Sur,235717,0
ENE-00481,25,Energia,ENE-2101,,0,31205211
ENE-00482,1,Energia,ENE-6104,Zona Norte,1844229,0
ENE-00482,2,Energia,ENE-6103,Zona Norte,325452,0
ENE-00482,3,Energia,ENE-6104,Zona Centro,1613700,0
ENE-00482,4,Energia,ENE-6103,Zona Centro,284771,0
ENE-00482,5,Energia,ENE-6104,Zona Sur,1152643,0
ENE-00482,6,Energia,ENE-6103,Zona Sur,203408,0
ENE-00482,7,Energia,ENE-2102,,0,5424203
ENE-00483,1,Energia,ENE-2102,,5448625,0
ENE-00483,2,Energia,ENE-1101,,0,5448625
ENE-00484,1,Energia,ENE-2101,,43750636,0
ENE-00484,2,Energia,ENE-1101,,0,43750636
ENE-00485,1,Energia,ENE-1201,,6096009,0
ENE-00485,2,Energia,ENE-1101,,0,6096009
ENE-00486,1,Energia,ENE-6901,,8836371,0
ENE-00486,2,Energia,ENE-1202,,0,8836371
ENE-00487,1,Energia,ENE-6902,,4739638,0
ENE-00487,2,Energia,ENE-1101,,0,4739638
ENE-00488,1,Energia,ENE-2201,,3563638,0
ENE-00488,2,Energia,ENE-1101,,0,3563638
ENE-00489,1,Energia,ENE-6903,,1443802,0
ENE-00489,2,Energia,ENE-2104,,0,1443802
ENE-00490,1,Energia,ENE-4103,Zona Norte,0,12202362
ENE-00490,2,Energia,ENE-4104,Zona Norte,0,8134908
ENE-00490,3,Energia,ENE-4103,Zona Centro,0,10677067
ENE-00490,4,Energia,ENE-4104,Zona Centro,0,7118045
ENE-00490,5,Energia,ENE-4103,Zona Sur,0,7626477
ENE-00490,6,Energia,ENE-4104,Zona Sur,0,5084318
ENE-00490,7,Energia,ENE-4105,Zona Norte,0,4491075
ENE-00490,8,Energia,ENE-4105,Zona Centro,0,3929691
ENE-00490,9,Energia,ENE-4105,Zona Sur,0,2806922
ENE-00490,10,Energia,ENE-4101,Zona Norte,0,2076855
ENE-00490,11,Energia,ENE-4102,Zona Norte,0,890081
ENE-00490,12,Energia,ENE-4101,Zona Centro,0,1817248
ENE-00490,13,Energia,ENE-4102,Zona Centro,0,778821
ENE-00490,14,Energia,ENE-4101,Zona Sur,0,1298034
ENE-00490,15,Energia,ENE-4102,Zona Sur,0,556300
ENE-00490,16,Energia,ENE-1102,,69488204,0
ENE-00491,1,Energia,ENE-1101,,68238480,0
ENE-00491,2,Energia,ENE-1102,,0,68238480
ENE-00492,1,Energia,ENE-1103,,13214059,0
ENE-00492,2,Energia,ENE-2101,,0,13214059
ENE-00493,1,Energia,ENE-5102,Zona Norte,3196270,0
ENE-00493,2,Energia,ENE-5101,Zona Norte,2130847,0
ENE-00493,3,Energia,ENE-5102,Zona Centro,2796737,0
ENE-00493,4,Energia,ENE-5101,Zona Centro,1864491,0
ENE-00493,5,Energia,ENE-5102,Zona Sur,1997669,0
ENE-00493,6,Energia,ENE-5101,Zona Sur,1331779,0
ENE-00493,7,Energia,ENE-1103,,0,13317793
ENE-00494,1,Energia,ENE-5103,Zona Norte,7915902,0
ENE-00494,2,Energia,ENE-5103,Zona Centro,6926414,0
ENE-00494,3,Energia,ENE-5103,Zona Sur,4947438,0
ENE-00494,4,Energia,ENE-5105,Zona Norte,1325490,0
ENE-00494,5,Energia,ENE-5104,Zona Norte,884580,0
ENE-00494,6,Energia,ENE-5105,Zona Centro,1159804,0
ENE-00494,7,Energia,ENE-5104,Zona Centro,774007,0
ENE-00494,8,Energia,ENE-5105,Zona Sur,828431,0
ENE-00494,9,Energia,ENE-5104,Zona Sur,552862,0
ENE-00494,10,Energia,ENE-6101,Zona Norte,328485,0
ENE-00494,11,Energia,ENE-6102,Zona Norte,218990,0
ENE-00494,12,Energia,ENE-6101,Zona Centro,287424,0
ENE-00494,13,Energia,ENE-6102,Zona Centro,191616,0
ENE-00494,14,Energia,ENE-6101,Zona Sur,205303,0
ENE-00494,15,Energia,ENE-6102,Zona Sur,136869,0
ENE-00494,16,Energia,ENE-6105,Zona Norte,759477,0
ENE-00494,17,Energia,ENE-6105,Zona Centro,664543,0
ENE-00494,18,Energia,ENE-6105,Zona Sur,474673,0
ENE-00494,19,Energia,ENE-6107,Zona Norte,554242,0
ENE-00494,20,Energia,ENE-6106,Zona Norte,372484,0
ENE-00494,21,Energia,ENE-6107,Zona Centro,484962,0
ENE-00494,22,Energia,ENE-6106,Zona Centro,325923,0
ENE-00494,23,Energia,ENE-6107,Zona Sur,346401,0
ENE-00494,24,Energia,ENE-6106,Zona Sur,232803,0
ENE-00494,25,Energia,ENE-2101,,0,30899123
ENE-00495,1,Energia,ENE-6104,Zona Norte,1894913,0
ENE-00495,2,Energia,ENE-6103,Zona Norte,334396,0
ENE-00495,3,Energia,ENE-6104,Zona Centro,1658049,0
ENE-00495,4,Energia,ENE-6103,Zona Centro,292597,0
ENE-00495,5,Energia,ENE-6104,Zona Sur,1184321,0
ENE-00495,6,Energia,ENE-6103,Zona Sur,208998,0
ENE-00495,7,Energia,ENE-2102,,0,5573274
ENE-00496,1,Energia,ENE-2102,,5424203,0
ENE-00496,2,Energia,ENE-1101,,0,5424203
ENE-00497,1,Energia,ENE-2101,,43259230,0
ENE-00497,2,Energia,ENE-1101,,0,43259230
ENE-00498,1,Energia,ENE-1201,,5015574,0
ENE-00498,2,Energia,ENE-1101,,0,5015574
ENE-00499,1,Energia,ENE-6901,,8857269,0
ENE-00499,2,Energia,ENE-1202,,0,8857269
ENE-00500,1,Energia,ENE-6902,,4718850,0
ENE-00500,2,Energia,ENE-1101,,0,4718850
ENE-00501,1,Energia,ENE-2201,,3563638,0
ENE-00501,2,Energia,ENE-1101,,0,3563638
ENE-00502,1,Energia,ENE-6903,,1652912,0
ENE-00502,2,Energia,ENE-2104,,0,1652912
ENE-00503,1,Energia,ENE-4103,Zona Norte,0,12889338
ENE-00503,2,Energia,ENE-4104,Zona Norte,0,8592892
ENE-00503,3,Energia,ENE-4103,Zona Centro,0,11278171
ENE-00503,4,Energia,ENE-4104,Zona Centro,0,7518780
ENE-00503,5,Energia,ENE-4103,Zona Sur,0,8055836
ENE-00503,6,Energia,ENE-4104,Zona Sur,0,5370557
ENE-00503,7,Energia,ENE-4105,Zona Norte,0,4806329
ENE-00503,8,Energia,ENE-4105,Zona Centro,0,4205537
ENE-00503,9,Energia,ENE-4105,Zona Sur,0,3003955
ENE-00503,10,Energia,ENE-4101,Zona Norte,0,2280177
ENE-00503,11,Energia,ENE-4102,Zona Norte,0,977218
ENE-00503,12,Energia,ENE-4101,Zona Centro,0,1995155
ENE-00503,13,Energia,ENE-4102,Zona Centro,0,855066
ENE-00503,14,Energia,ENE-4101,Zona Sur,0,1425110
ENE-00503,15,Energia,ENE-4102,Zona Sur,0,610762
ENE-00503,16,Energia,ENE-1102,,73864883,0
ENE-00504,1,Energia,ENE-1101,,69382721,0
ENE-00504,2,Energia,ENE-1102,,0,69382721
ENE-00505,1,Energia,ENE-1103,,13418645,0
ENE-00505,2,Energia,ENE-2101,,0,13418645
ENE-00506,1,Energia,ENE-5102,Zona Norte,3266140,0
ENE-00506,2,Energia,ENE-5101,Zona Norte,2177427,0
ENE-00506,3,Energia,ENE-5102,Zona Centro,2857872,0
ENE-00506,4,Energia,ENE-5101,Zona Centro,1905248,0
ENE-00506,5,Energia,ENE-5102,Zona Sur,2041337,0
ENE-00506,6,Energia,ENE-5101,Zona Sur,1360892,0
ENE-00506,7,Energia,ENE-1103,,0,13608916
ENE-00507,1,Energia,ENE-5103,Zona Norte,8859790,0
ENE-00507,2,Energia,ENE-5103,Zona Centro,7752316,0
ENE-00507,3,Energia,ENE-5103,Zona Sur,5537368,0
ENE-00507,4,Energia,ENE-5105,Zona Norte,1436609,0
ENE-00507,5,Energia,ENE-5104,Zona Norte,953218,0
ENE-00507,6,Energia,ENE-5105,Zona Centro,1257033,0
ENE-00507,7,Energia,ENE-5104,Zona Centro,834066,0
ENE-00507,8,Energia,ENE-5105,Zona Sur,897881,0
ENE-00507,9,Energia,ENE-5104,Zona Sur,595762,0
ENE-00507,10,Energia,ENE-6101,Zona Norte,362551,0
ENE-00507,11,Energia,ENE-6102,Zona Norte,241701,0
ENE-00507,12,Energia,ENE-6101,Zona Centro,317233,0
ENE-00507,13,Energia,ENE-6102,Zona Centro,211488,0
ENE-00507,14,Energia,ENE-6101,Zona Sur,226595,0
ENE-00507,15,Energia,ENE-6102,Zona Sur,151063,0
ENE-00507,16,Energia,ENE-6105,Zona Norte,806740,0
ENE-00507,17,Energia,ENE-6105,Zona Centro,705898,0
ENE-00507,18,Energia,ENE-6105,Zona Sur,504213,0
ENE-00507,19,Energia,ENE-6107,Zona Norte,616651,0
ENE-00507,20,Energia,ENE-6106,Zona Norte,433303,0
ENE-00507,21,Energia,ENE-6107,Zona Centro,539570,0
ENE-00507,22,Energia,ENE-6106,Zona Centro,379140,0
ENE-00507,23,Energia,ENE-6107,Zona Sur,385407,0
ENE-00507,24,Energia,ENE-6106,Zona Sur,270814,0
ENE-00507,25,Energia,ENE-2101,,0,34276410
ENE-00508,1,Energia,ENE-6104,Zona Norte,1969244,0
ENE-00508,2,Energia,ENE-6103,Zona Norte,347514,0
ENE-00508,3,Energia,ENE-6104,Zona Centro,1723089,0
ENE-00508,4,Energia,ENE-6103,Zona Centro,304074,0
ENE-00508,5,Energia,ENE-6104,Zona Sur,1230778,0
ENE-00508,6,Energia,ENE-6103,Zona Sur,217196,0
ENE-00508,7,Energia,ENE-2102,,0,5791895
ENE-00509,1,Energia,ENE-2102,,5573274,0
ENE-00509,2,Energia,ENE-1101,,0,5573274
ENE-00510,1,Energia,ENE-2101,,44148022,0
ENE-00510,2,Energia,ENE-1101,,0,44148022
ENE-00511,1,Energia,ENE-1201,,10179869,0
ENE-00511,2,Energia,ENE-1101,,0,10179869
ENE-00512,1,Energia,ENE-6901,,8899686,0
ENE-00512,2,Energia,ENE-1202,,0,8899686
ENE-00513,1,Energia,ENE-6902,,4698062,0
ENE-00513,2,Energia,ENE-1101,,0,4698062
ENE-00514,1,Energia,ENE-2201,,3563638,0
ENE-00514,2,Energia,ENE-1101,,0,3563638
ENE-00515,1,Energia,ENE-6903,,1779277,0
ENE-00515,2,Energia,ENE-2104,,0,1779277
ENE-00516,1,Energia,ENE-4103,Zona Norte,0,13121698
ENE-00516,2,Energia,ENE-4104,Zona Norte,0,8747799
ENE-00516,3,Energia,ENE-4103,Zona Centro,0,11481486
ENE-00516,4,Energia,ENE-4104,Zona Centro,0,7654324
ENE-00516,5,Energia,ENE-4103,Zona Sur,0,8201062
ENE-00516,6,Energia,ENE-4104,Zona Sur,0,5467374
ENE-00516,7,Energia,ENE-4105,Zona Norte,0,4850387
ENE-00516,8,Energia,ENE-4105,Zona Centro,0,4244089
ENE-00516,9,Energia,ENE-4105,Zona Sur,0,3031492
ENE-00516,10,Energia,ENE-4101,Zona Norte,0,2222768
ENE-00516,11,Energia,ENE-4102,Zona Norte,0,952615
ENE-00516,12,Energia,ENE-4101,Zona Centro,0,1944922
ENE-00516,13,Energia,ENE-4102,Zona Centro,0,833538
ENE-00516,14,Energia,ENE-4101,Zona Sur,0,1389230
ENE-00516,15,Energia,ENE-4102,Zona Sur,0,595384
ENE-00516,16,Energia,ENE-1102,,74738168,0
ENE-00517,1,Energia,ENE-1101,,73427215,0
ENE-00517,2,Energia,ENE-1102,,0,73427215
ENE-00518,1,Energia,ENE-1103,,14271657,0
ENE-00518,2,Energia,ENE-2101,,0,14271657
ENE-00519,1,Energia,ENE-5102,Zona Norte,3395042,0
ENE-00519,2,Energia,ENE-5101,Zona Norte,2263362,0
ENE-00519,3,Energia,ENE-5102,Zona Centro,2970662,0
ENE-00519,4,Energia,ENE-5101,Zona Centro,1980441,0
ENE-00519,5,Energia,ENE-5102,Zona Sur,2121902,0
ENE-00519,6,Energia,ENE-5101,Zona Sur,1414601,0
ENE-00519,7,Energia,ENE-1103,,0,14146010
ENE-00520,1,Energia,ENE-5103,Zona Norte,8794031,0
ENE-00520,2,Energia,ENE-5103,Zona Centro,7694778,0
ENE-00520,3,Energia,ENE-5103,Zona Sur,5496270,0
ENE-00520,4,Energia,ENE-5105,Zona Norte,1442430,0
ENE-00520,5,Energia,ENE-5104,Zona Norte,964860,0
ENE-00520,6,Energia,ENE-5105,Zona Centro,1262126,0
ENE-00520,7,Energia,ENE-5104,Zona Centro,844252,0
ENE-00520,8,Energia,ENE-5105,Zona Sur,901519,0
ENE-00520,9,Energia,ENE-5104,Zona Sur,603037,0
ENE-00520,10,Energia,ENE-6101,Zona Norte,363744,0
ENE-00520,11,Energia,ENE-6102,Zona Norte,242496,0
ENE-00520,12,Energia,ENE-6101,Zona Centro,318276,0
ENE-00520,13,Energia,ENE-6102,Zona Centro,212184,0
ENE-00520,14,Energia,ENE-6101,Zona Sur,227340,0
ENE-00520,15,Energia,ENE-6102,Zona Sur,151560,0
ENE-00520,16,Energia,ENE-6105,Zona Norte,803711,0
ENE-00520,17,Energia,ENE-6105,Zona Centro,703248,0
ENE-00520,18,Energia,ENE-6105,Zona Sur,502320,0
ENE-00520,19,Energia,ENE-6107,Zona Norte,599838,0
ENE-00520,20,Energia,ENE-6106,Zona Norte,399677,0
ENE-00520,21,Energia,ENE-6107,Zona Centro,524858,0
ENE-00520,22,Energia,ENE-6106,Zona Centro,349717,0
ENE-00520,23,Energia,ENE-6107,Zona Sur,374899,0
ENE-00520,24,Energia,ENE-6106,Zona Sur,249798,0
ENE-00520,25,Energia,ENE-2101,,0,34026969
ENE-00521,1,Energia,ENE-6104,Zona Norte,2029802,0
ENE-00521,2,Energia,ENE-6103,Zona Norte,358200,0
ENE-00521,3,Energia,ENE-6104,Zona Centro,1776077,0
ENE-00521,4,Energia,ENE-6103,Zona Centro,313425,0
ENE-00521,5,Energia,ENE-6104,Zona Sur,1268626,0
ENE-00521,6,Energia,ENE-6103,Zona Sur,223875,0
ENE-00521,7,Energia,ENE-2102,,0,5970005
ENE-00522,1,Energia,ENE-2102,,5791895,0
ENE-00522,2,Energia,ENE-1101,,0,5791895
ENE-00523,1,Energia,ENE-2101,,46083212,0
ENE-00523,2,Energia,ENE-1101,,0,46083212
ENE-00524,1,Energia,ENE-1201,,7896734,0
ENE-00524,2,Energia,ENE-1101,,0,7896734
ENE-00525,1,Energia,ENE-6901,,8932589,0
ENE-00525,2,Energia,ENE-1202,,0,8932589
ENE-00526,1,Energia,ENE-6902,,4677274,0
ENE-00526,2,Energia,ENE-1101,,0,4677274
ENE-00527,1,Energia,ENE-2201,,3563638,0
ENE-00527,2,Energia,ENE-1101,,0,3563638
ENE-00528,1,Energia,ENE-6903,,1886037,0
ENE-00528,2,Energia,ENE-2104,,0,1886037
ENE-00529,1,Energia,ENE-2104,,23667897,0
ENE-00529,2,Energia,ENE-1101,,0,23667897
ENE-00530,1,Energia,ENE-4103,Zona Norte,0,13251707
ENE-00530,2,Energia,ENE-4104,Zona Norte,0,8834471
ENE-00530,3,Energia,ENE-4103,Zona Centro,0,11595244
ENE-00530,4,Energia,ENE-4104,Zona Centro,0,7730163
ENE-00530,5,Energia,ENE-4103,Zona Sur,0,8282317
ENE-00530,6,Energia,ENE-4104,Zona Sur,0,5521545
ENE-00530,7,Energia,ENE-4105,Zona Norte,0,4891733
ENE-00530,8,Energia,ENE-4105,Zona Centro,0,4280267
ENE-00530,9,Energia,ENE-4105,Zona Sur,0,3057333
ENE-00530,10,Energia,ENE-4101,Zona Norte,0,2181987
ENE-00530,11,Energia,ENE-4102,Zona Norte,0,935138
ENE-00530,12,Energia,ENE-4101,Zona Centro,0,1909239
ENE-00530,13,Energia,ENE-4102,Zona Centro,0,818245
ENE-00530,14,Energia,ENE-4101,Zona Sur,0,1363742
ENE-00530,15,Energia,ENE-4102,Zona Sur,0,584461
ENE-00530,16,Energia,ENE-1102,,75237592,0
ENE-00531,1,Energia,ENE-1101,,74650840,0
ENE-00531,2,Energia,ENE-1102,,0,74650840
ENE-00532,1,Energia,ENE-1103,,13660714,0
ENE-00532,2,Energia,ENE-2101,,0,13660714
ENE-00533,1,Energia,ENE-5102,Zona Norte,3344565,0
ENE-00533,2,Energia,ENE-5101,Zona Norte,2229710,0
ENE-00533,3,Energia,ENE-5102,Zona Centro,2926495,0
ENE-00533,4,Energia,ENE-5101,Zona Centro,1950997,0
ENE-00533,5,Energia,ENE-5102,Zona Sur,2090353,0
ENE-00533,6,Energia,ENE-5101,Zona Sur,1393569,0
ENE-00533,7,Energia,ENE-1103,,0,13935689
ENE-00534,1,Energia,ENE-5103,Zona Norte,8701623,0
ENE-00534,2,Energia,ENE-5103,Zona Centro,7613920,0
ENE-00534,3,Energia,ENE-5103,Zona Sur,5438514,0
ENE-00534,4,Energia,ENE-5105,Zona Norte,1414740,0
ENE-00534,5,Energia,ENE-5104,Zona Norte,909479,0
ENE-00534,6,Energia,ENE-5105,Zona Centro,1237897,0
ENE-00534,7,Energia,ENE-5104,Zona Centro,795794,0
ENE-00534,8,Energia,ENE-5105,Zona Sur,884212,0
ENE-00534,9,Energia,ENE-5104,Zona Sur,568425,0
ENE-00534,10,Energia,ENE-6101,Zona Norte,366968,0
ENE-00534,11,Energia,ENE-6102,Zona Norte,244645,0
ENE-00534,12,Energia,ENE-6101,Zona Centro,321097,0
ENE-00534,13,Energia,ENE-6102,Zona Centro,214065,0
ENE-00534,14,Energia,ENE-6101,Zona Sur,229355,0
ENE-00534,15,Energia,ENE-6102,Zona Sur,152903,0
ENE-00534,16,Energia,ENE-6105,Zona Norte,785118,0
ENE-00534,17,Energia,ENE-6105,Zona Centro,686978,0
ENE-00534,18,Energia,ENE-6105,Zona Sur,490698,0
ENE-00534,19,Energia,ENE-6107,Zona Norte,603102,0
ENE-00534,20,Energia,ENE-6106,Zona Norte,406203,0
ENE-00534,21,Energia,ENE-6107,Zona Centro,527714,0
ENE-00534,22,Energia,ENE-6106,Zona Centro,355428,0
ENE-00534,23,Energia,ENE-6107,Zona Sur,376939,0
ENE-00534,24,Energia,ENE-6106,Zona Sur,253877,0
ENE-00534,25,Energia,ENE-2101,,0,33579694
ENE-00535,1,Energia,ENE-6104,Zona Norte,2053766,0
ENE-00535,2,Energia,ENE-6103,Zona Norte,362429,0
ENE-00535,3,Energia,ENE-6104,Zona Centro,1797046,0
ENE-00535,4,Energia,ENE-6103,Zona Centro,317126,0
ENE-00535,5,Energia,ENE-6104,Zona Sur,1283604,0
ENE-00535,6,Energia,ENE-6103,Zona Sur,226518,0
ENE-00535,7,Energia,ENE-2102,,0,6040489
ENE-00536,1,Energia,ENE-2102,,5970005,0
ENE-00536,2,Energia,ENE-1101,,0,5970005
ENE-00537,1,Energia,ENE-2101,,48027019,0
ENE-00537,2,Energia,ENE-1101,,0,48027019
ENE-00538,1,Energia,ENE-1201,,8783427,0
ENE-00538,2,Energia,ENE-1101,,0,8783427
ENE-00539,1,Energia,ENE-6901,,8969186,0
ENE-00539,2,Energia,ENE-1202,,0,8969186
ENE-00540,1,Energia,ENE-6902,,4656486,0
ENE-00540,2,Energia,ENE-1101,,0,4656486
ENE-00541,1,Energia,ENE-2201,,3563638,0
ENE-00541,2,Energia,ENE-1101,,0,3563638
ENE-00542,1,Energia,ENE-6903,,2175133,0
ENE-00542,2,Energia,ENE-2104,,0,2175133
ENE-00543,1,Energia,ENE-4103,Zona Norte,0,15768510
ENE-00543,2,Energia,ENE-4104,Zona Norte,0,10512340
ENE-00543,3,Energia,ENE-4103,Zona Centro,0,13797446
ENE-00543,4,Energia,ENE-4104,Zona Centro,0,9198297
ENE-00543,5,Energia,ENE-4103,Zona Sur,0,9855319
ENE-00543,6,Energia,ENE-4104,Zona Sur,0,6570213
ENE-00543,7,Energia,ENE-4105,Zona Norte,0,5715764
ENE-00543,8,Energia,ENE-4105,Zona Centro,0,5001293
ENE-00543,9,Energia,ENE-4105,Zona Sur,0,3572352
ENE-00543,10,Energia,ENE-4101,Zona Norte,0,2655071
ENE-00543,11,Energia,ENE-4102,Zona Norte,0,1137888
ENE-00543,12,Energia,ENE-4101,Zona Centro,0,2323187
ENE-00543,13,Energia,ENE-4102,Zona Centro,0,995652
ENE-00543,14,Energia,ENE-4101,Zona Sur,0,1659420
ENE-00543,15,Energia,ENE-4102,Zona Sur,0,711180
ENE-00543,16,Energia,ENE-1102,,89473932,0
ENE-00544,1,Energia,ENE-1101,,75187650,0
ENE-00544,2,Energia,ENE-1102,,0,75187650
ENE-00545,1,Energia,ENE-1103,,16162037,0
ENE-00545,2,Energia,ENE-2101,,0,16162037
ENE-00546,1,Energia,ENE-5102,Zona Norte,3958841,0
ENE-00546,2,Energia,ENE-5101,Zona Norte,2639227,0
ENE-00546,3,Energia,ENE-5102,Zona Centro,3463986,0
ENE-00546,4,Energia,ENE-5101,Zona Centro,2309324,0
ENE-00546,5,Energia,ENE-5102,Zona Sur,2474276,0
ENE-00546,6,Energia,ENE-5101,Zona Sur,1649517,0
ENE-00546,7,Energia,ENE-1103,,0,16495171
ENE-00547,1,Energia,ENE-5103,Zona Norte,10465454,0
ENE-00547,2,Energia,ENE-5103,Zona Centro,9157272,0
ENE-00547,3,Energia,ENE-5103,Zona Sur,6540909,0
ENE-00547,4,Energia,ENE-5105,Zona Norte,1727555,0
ENE-00547,5,Energia,ENE-5104,Zona Norte,1189510,0
ENE-00547,6,Energia,ENE-5105,Zona Centro,1511610,0
ENE-00547,7,Energia,ENE-5104,Zona Centro,1040821,0
ENE-00547,8,Energia,ENE-5105,Zona Sur,1079722,0
ENE-00547,9,Energia,ENE-5104,Zona Sur,743444,0
ENE-00547,10,Energia,ENE-6101,Zona Norte,423162,0
ENE-00547,11,Energia,ENE-6102,Zona Norte,282108,0
ENE-00547,12,Energia,ENE-6101,Zona Centro,370267,0
ENE-00547,13,Energia,ENE-6102,Zona Centro,246845,0
ENE-00547,14,Energia,ENE-6101,Zona Sur,264476,0
ENE-00547,15,Energia,ENE-6102,Zona Sur,176318,0
ENE-00547,16,Energia,ENE-6105,Zona Norte,932060,0
ENE-00547,17,Energia,ENE-6105,Zona Centro,815552,0
ENE-00547,18,Energia,ENE-6105,Zona Sur,582537,0
ENE-00547,19,Energia,ENE-6107,Zona Norte,709815,0
ENE-00547,20,Energia,ENE-6106,Zona Norte,475630,0
ENE-00547,21,Energia,ENE-6107,Zona Centro,621088,0
ENE-00547,22,Energia,ENE-6106,Zona Centro,416176,0
ENE-00547,23,Energia,ENE-6107,Zona Sur,443634,0
ENE-00547,24,Energia,ENE-6106,Zona Sur,297268,0
ENE-00547,25,Energia,ENE-2101,,0,40513233
ENE-00548,1,Energia,ENE-6104,Zona Norte,2462157,0
ENE-00548,2,Energia,ENE-6103,Zona Norte,434498,0
ENE-00548,3,Energia,ENE-6104,Zona Centro,2154387,0
ENE-00548,4,Energia,ENE-6103,Zona Centro,380186,0
ENE-00548,5,Energia,ENE-6104,Zona Sur,1538848,0
ENE-00548,6,Energia,ENE-6103,Zona Sur,271562,0
ENE-00548,7,Energia,ENE-2102,,0,7241638
ENE-00549,1,Energia,ENE-2102,,6040489,0
ENE-00549,2,Energia,ENE-1101,,0,6040489
ENE-00550,1,Energia,ENE-2101,,47716606,0
ENE-00550,2,Energia,ENE-1101,,0,47716606
ENE-00551,1,Energia,ENE-1201,,6310400,0
ENE-00551,2,Energia,ENE-1101,,0,6310400
ENE-00552,1,Energia,ENE-6901,,8995480,0
ENE-00552,2,Energia,ENE-1202,,0,8995480
ENE-00553,1,Energia,ENE-6902,,4635698,0
ENE-00553,2,Energia,ENE-1101,,0,4635698
ENE-00554,1,Energia,ENE-2201,,3563638,0
ENE-00554,2,Energia,ENE-1101,,0,3563638
ENE-00555,1,Energia,ENE-6903,,3130032,0
ENE-00555,2,Energia,ENE-2104,,0,3130032
ENE-00556,1,Energia,ENE-4103,Zona Norte,0,15914334
ENE-00556,2,Energia,ENE-4104,Zona Norte,0,10609556
ENE-00556,3,Energia,ENE-4103,Zona Centro,0,13925043
ENE-00556,4,Energia,ENE-4104,Zona Centro,0,9283362
ENE-00556,5,Energia,ENE-4103,Zona Sur,0,9946459
ENE-00556,6,Energia,ENE-4104,Zona Sur,0,6630973
ENE-00556,7,Energia,ENE-4105,Zona Norte,0,5688342
ENE-00556,8,Energia,ENE-4105,Zona Centro,0,4977300
ENE-00556,9,Energia,ENE-4105,Zona Sur,0,3555214
ENE-00556,10,Energia,ENE-4101,Zona Norte,0,2652308
ENE-00556,11,Energia,ENE-4102,Zona Norte,0,1136703
ENE-00556,12,Energia,ENE-4101,Zona Centro,0,2320770
ENE-00556,13,Energia,ENE-4102,Zona Centro,0,994616
ENE-00556,14,Energia,ENE-4101,Zona Sur,0,1657693
ENE-00556,15,Energia,ENE-4102,Zona Sur,0,710440
ENE-00556,16,Energia,ENE-1102,,90003113,0
ENE-00557,1,Energia,ENE-1101,,88050298,0
ENE-00557,2,Energia,ENE-1102,,0,88050298
ENE-00558,1,Energia,ENE-1103,,17490270,0
ENE-00558,2,Energia,ENE-2101,,0,17490270
ENE-00559,1,Energia,ENE-5102,Zona Norte,4077891,0
ENE-00559,2,Energia,ENE-5101,Zona Norte,2718594,0
ENE-00559,3,Energia,ENE-5102,Zona Centro,3568155,0
ENE-00559,4,Energia,ENE-5101,Zona Centro,2378770,0
ENE-00559,5,Energia,ENE-5102,Zona Sur,2548682,0
ENE-00559,6,Energia,ENE-5101,Zona Sur,1699122,0
ENE-00559,7,Energia,ENE-1103,,0,16991214
ENE-00560,1,Energia,ENE-5103,Zona Norte,10460026,0
ENE-00560,2,Energia,ENE-5103,Zona Centro,9152522,0
ENE-00560,3,Energia,ENE-5103,Zona Sur,6537516,0
ENE-00560,4,Energia,ENE-5105,Zona Norte,1696835,0
ENE-00560,5,Energia,ENE-5104,Zona Norte,1128071,0
ENE-00560,6,Energia,ENE-5105,Zona Centro,1484731,0
ENE-00560,7,Energia,ENE-5104,Zona Centro,987062,0
ENE-00560,8,Energia,ENE-5105,Zona Sur,1060522,0
ENE-00560,9,Energia,ENE-5104,Zona Sur,705044,0
ENE-00560,10,Energia,ENE-6101,Zona Norte,414590,0
ENE-00560,11,Energia,ENE-6102,Zona Norte,276394,0
ENE-00560,12,Energia,ENE-6101,Zona Centro,362767,0
ENE-00560,13,Energia,ENE-6102,Zona Centro,241844,0
ENE-00560,14,Energia,ENE-6101,Zona Sur,259119,0
ENE-00560,15,Energia,ENE-6102,Zona Sur,172746,0
ENE-00560,16,Energia,ENE-6105,Zona Norte,944665,0
ENE-00560,17,Energia,ENE-6105,Zona Centro,826581,0
ENE-00560,18,Energia,ENE-6105,Zona Sur,590415,0
ENE-00560,19,Energia,ENE-6107,Zona Norte,706691,0
ENE-00560,20,Energia,ENE-6106,Zona Norte,469382,0
ENE-00560,21,Energia,ENE-6107,Zona Centro,618354,0
ENE-00560,22,Energia,ENE-6106,Zona Centro,410709,0
ENE-00560,23,Energia,ENE-6107,Zona Sur,441682,0
ENE-00560,24,Energia,ENE-6106,Zona Sur,293364,0
ENE-00560,25,Energia,ENE-2101,,0,40241632
ENE-00561,1,Energia,ENE-6104,Zona Norte,2409774,0
ENE-00561,2,Energia,ENE-6103,Zona Norte,425254,0
ENE-00561,3,Energia,ENE-6104,Zona Centro,2108553,0
ENE-00561,4,Energia,ENE-6103,Zona Centro,372098,0
ENE-00561,5,Energia,ENE-6104,Zona Sur,1506109,0
ENE-00561,6,Energia,ENE-6103,Zona Sur,265784,0
ENE-00561,7,Energia,ENE-2102,,0,7087572
ENE-00562,1,Energia,ENE-2102,,7241638,0
ENE-00562,2,Energia,ENE-1101,,0,7241638
ENE-00563,1,Energia,ENE-2101,,52429582,0
ENE-00563,2,Energia,ENE-1101,,0,52429582
ENE-00564,1,Energia,ENE-1201,,8203876,0
ENE-00564,2,Energia,ENE-1101,,0,8203876
ENE-00565,1,Energia,ENE-6901,,9029662,0
ENE-00565,2,Energia,ENE-1202,,0,9029662
ENE-00566,1,Energia,ENE-6902,,4614911,0
ENE-00566,2,Energia,ENE-1101,,0,4614911
ENE-00567,1,Energia,ENE-2201,,3563638,0
ENE-00567,2,Energia,ENE-1101,,0,3563638
ENE-00568,1,Energia,ENE-6903,,3250293,0
ENE-00568,2,Energia,ENE-2104,,0,3250293
ENE-00569,1,Energia,ENE-4103,Zona Norte,0,15565685
ENE-00569,2,Energia,ENE-4104,Zona Norte,0,10377124
ENE-00569,3,Energia,ENE-4103,Zona Centro,0,13619975
ENE-00569,4,Energia,ENE-4104,Zona Centro,0,9079983
ENE-00569,5,Energia,ENE-4103,Zona Sur,0,9728553
ENE-00569,6,Energia,ENE-4104,Zona Sur,0,6485702
ENE-00569,7,Energia,ENE-4105,Zona Norte,0,5846902
ENE-00569,8,Energia,ENE-4105,Zona Centro,0,5116039
ENE-00569,9,Energia,ENE-4105,Zona Sur,0,3654313
ENE-00569,10,Energia,ENE-4101,Zona Norte,0,2619094
ENE-00569,11,Energia,ENE-4102,Zona Norte,0,1122469
ENE-00569,12,Energia,ENE-4101,Zona Centro,0,2291707
ENE-00569,13,Energia,ENE-4102,Zona Centro,0,982160
ENE-00569,14,Energia,ENE-4101,Zona Sur,0,1636933
ENE-00569,15,Energia,ENE-4102,Zona Sur,0,701543
ENE-00569,16,Energia,ENE-1102,,88828182,0
ENE-00570,1,Energia,ENE-1101,,89950195,0
ENE-00570,2,Energia,ENE-1102,,0,89950195
ENE-00571,1,Energia,ENE-1103,,16574317,0
ENE-00571,2,Energia,ENE-2101,,0,16574317
ENE-00572,1,Energia,ENE-5102,Zona Norte,3964290,0
ENE-00572,2,Energia,ENE-5101,Zona Norte,2642860,0
ENE-00572,3,Energia,ENE-5102,Zona Centro,3468754,0
ENE-00572,4,Energia,ENE-5101,Zona Centro,2312503,0
ENE-00572,5,Energia,ENE-5102,Zona Sur,2477681,0
ENE-00572,6,Energia,ENE-5101,Zona Sur,1651788,0
ENE-00572,7,Energia,ENE-1103,,0,16517876
ENE-00573,1,Energia,ENE-5103,Zona Norte,10294043,0
ENE-00573,2,Energia,ENE-5103,Zona Centro,9007287,0
ENE-00573,3,Energia,ENE-5103,Zona Sur,6433777,0
ENE-00573,4,Energia,ENE-5105,Zona Norte,1723880,0
ENE-00573,5,Energia,ENE-5104,Zona Norte,1182159,0
ENE-00573,6,Energia,ENE-5105,Zona Centro,1508395,0
ENE-00573,7,Energia,ENE-5104,Zona Centro,1034389,0
ENE-00573,8,Energia,ENE-5105,Zona Sur,1077425,0
ENE-00573,9,Energia,ENE-5104,Zona Sur,738849,0
ENE-00573,10,Energia,ENE-6101,Zona Norte,422028,0
ENE-00573,11,Energia,ENE-6102,Zona Norte,281352,0
ENE-00573,12,Energia,ENE-6101,Zona Centro,369274,0
ENE-00573,13,Energia,ENE-6102,Zona Centro,246183,0
ENE-00573,14,Energia,ENE-6101,Zona Sur,263768,0
ENE-00573,15,Energia,ENE-6102,Zona Sur,175845,0
ENE-00573,16,Energia,ENE-6105,Zona Norte,951125,0
ENE-00573,17,Energia,ENE-6105,Zona Centro,832235,0
ENE-00573,18,Energia,ENE-6105,Zona Sur,594453,0
ENE-00573,19,Energia,ENE-6107,Zona Norte,721665,0
ENE-00573,20,Energia,ENE-6106,Zona Norte,499331,0
ENE-00573,21,Energia,ENE-6107,Zona Centro,631457,0
ENE-00573,22,Energia,ENE-6106,Zona Centro,436915,0
ENE-00573,23,Energia,ENE-6107,Zona Sur,451041,0
ENE-00573,24,Energia,ENE-6106,Zona Sur,312082,0
ENE-00573,25,Energia,ENE-2101,,0,40188958
ENE-00574,1,Energia,ENE-6104,Zona Norte,2443354,0
ENE-00574,2,Energia,ENE-6103,Zona Norte,431180,0
ENE-00574,3,Energia,ENE-6104,Zona Centro,2137935,0
ENE-00574,4,Energia,ENE-6103,Zona Centro,377283,0
ENE-00574,5,Energia,ENE-6104,Zona Sur,1527096,0
ENE-00574,6,Energia,ENE-6103,Zona Sur,269488,0
ENE-00574,7,Energia,ENE-2102,,0,7186336
ENE-00575,1,Energia,ENE-2102,,7087572,0
ENE-00575,2,Energia,ENE-1101,,0,7087572
ENE-00576,1,Energia,ENE-2101,,57256417,0
ENE-00576,2,Energia,ENE-1101,,0,57256417
ENE-00577,1,Energia,ENE-1201,,8557333,0
ENE-00577,2,Energia,ENE-1101,,0,8557333
ENE-00578,1,Energia,ENE-6901,,9065318,0
ENE-00578,2,Energia,ENE-1202,,0,9065318
ENE-00579,1,Energia,ENE-6902,,4594123,0
ENE-00579,2,Energia,ENE-1101,,0,4594123
ENE-00580,1,Energia,ENE-2201,,3563638,0
ENE-00580,2,Energia,ENE-1101,,0,3563638
ENE-00581,1,Energia,ENE-6903,,3044404,0
ENE-00581,2,Energia,ENE-2104,,0,3044404
ENE-00582,1,Energia,ENE-4103,Zona Norte,0,12978786
ENE-00582,2,Energia,ENE-4104,Zona Norte,0,8652524
ENE-00582,3,Energia,ENE-4103,Zona Centro,0,11356437
ENE-00582,4,Energia,ENE-4104,Zona Centro,0,7570958
ENE-00582,5,Energia,ENE-4103,Zona Sur,0,8111741
ENE-00582,6,Energia,ENE-4104,Zona Sur,0,5407827
ENE-00582,7,Energia,ENE-4105,Zona Norte,0,4817547
ENE-00582,8,Energia,ENE-4105,Zona Centro,0,4215353
ENE-00582,9,Energia,ENE-4105,Zona Sur,0,3010967
ENE-00582,10,Energia,ENE-4101,Zona Norte,0,2269268
ENE-00582,11,Energia,ENE-4102,Zona Norte,0,972543
ENE-00582,12,Energia,ENE-4101,Zona Centro,0,1985610
ENE-00582,13,Energia,ENE-4102,Zona Centro,0,850976
ENE-00582,14,Energia,ENE-4101,Zona Sur,0,1418293
ENE-00582,15,Energia,ENE-4102,Zona Sur,0,607840
ENE-00582,16,Energia,ENE-1102,,74226670,0
ENE-00583,1,Energia,ENE-1101,,88945675,0
ENE-00583,2,Energia,ENE-1102,,0,88945675
ENE-00584,1,Energia,ENE-1103,,14768274,0
ENE-00584,2,Energia,ENE-2101,,0,14768274
ENE-00585,1,Energia,ENE-5102,Zona Norte,3472943,0
ENE-00585,2,Energia,ENE-5101,Zona Norte,2315296,0
ENE-00585,3,Energia,ENE-5102,Zona Centro,3038825,0
ENE-00585,4,Energia,ENE-5101,Zona Centro,2025884,0
ENE-00585,5,Energia,ENE-5102,Zona Sur,2170590,0
ENE-00585,6,Energia,ENE-5101,Zona Sur,1447060,0
ENE-00585,7,Energia,ENE-1103,,0,14470598
ENE-00586,1,Energia,ENE-5103,Zona Norte,8852846,0
ENE-00586,2,Energia,ENE-5103,Zona Centro,7746241,0
ENE-00586,3,Energia,ENE-5103,Zona Sur,5533029,0
ENE-00586,4,Energia,ENE-5105,Zona Norte,1427915,0
ENE-00586,5,Energia,ENE-5104,Zona Norte,935829,0
ENE-00586,6,Energia,ENE-5105,Zona Centro,1249425,0
ENE-00586,7,Energia,ENE-5104,Zona Centro,818851,0
ENE-00586,8,Energia,ENE-5105,Zona Sur,892447,0
ENE-00586,9,Energia,ENE-5104,Zona Sur,584893,0
ENE-00586,10,Energia,ENE-6101,Zona Norte,366697,0
ENE-00586,11,Energia,ENE-6102,Zona Norte,244465,0
ENE-00586,12,Energia,ENE-6101,Zona Centro,320860,0
ENE-00586,13,Energia,ENE-6102,Zona Centro,213907,0
ENE-00586,14,Energia,ENE-6101,Zona Sur,229186,0
ENE-00586,15,Energia,ENE-6102,Zona Sur,152790,0
ENE-00586,16,Energia,ENE-6105,Zona Norte,806962,0
ENE-00586,17,Energia,ENE-6105,Zona Centro,706092,0
ENE-00586,18,Energia,ENE-6105,Zona Sur,504352,0
ENE-00586,19,Energia,ENE-6107,Zona Norte,607533,0
ENE-00586,20,Energia,ENE-6106,Zona Norte,415066,0
ENE-00586,21,Energia,ENE-6107,Zona Centro,531592,0
ENE-00586,22,Energia,ENE-6106,Zona Centro,363183,0
ENE-00586,23,Energia,ENE-6107,Zona Sur,379708,0
ENE-00586,24,Energia,ENE-6106,Zona Sur,259416,0
ENE-00586,25,Energia,ENE-2101,,0,34143285
ENE-00587,1,Energia,ENE-6104,Zona Norte,2027791,0
ENE-00587,2,Energia,ENE-6103,Zona Norte,357845,0
ENE-00587,3,Energia,ENE-6104,Zona Centro,1774317,0
ENE-00587,4,Energia,ENE-6103,Zona Centro,313115,0
ENE-00587,5,Energia,ENE-6104,Zona Sur,1267369,0
ENE-00587,6,Energia,ENE-6103,Zona Sur,223653,0
ENE-00587,7,Energia,ENE-2102,,0,5964090
ENE-00588,1,Energia,ENE-2102,,7186336,0
ENE-00588,2,Energia,ENE-1101,,0,7186336
ENE-00589,1,Energia,ENE-2101,,57199157,0
ENE-00589,2,Energia,ENE-1101,,0,57199157
ENE-00590,1,Energia,ENE-1201,,9253876,0
ENE-00590,2,Energia,ENE-1101,,0,9253876
ENE-00591,1,Energia,ENE-6901,,9103876,0
ENE-00591,2,Energia,ENE-1202,,0,9103876
ENE-00592,1,Energia,ENE-6902,,4573335,0
ENE-00592,2,Energia,ENE-1101,,0,4573335
ENE-00593,1,Energia,ENE-2201,,3563638,0
ENE-00593,2,Energia,ENE-1101,,0,3563638
ENE-00594,1,Energia,ENE-6903,,1612301,0
ENE-00594,2,Energia,ENE-2104,,0,1612301
ENE-00595,1,Energia,ENE-4103,Zona Norte,0,13290654
ENE-00595,2,Energia,ENE-4104,Zona Norte,0,8860436
ENE-00595,3,Energia,ENE-4103,Zona Centro,0,11629323
ENE-00595,4,Energia,ENE-4104,Zona Centro,0,7752882
ENE-00595,5,Energia,ENE-4103,Zona Sur,0,8306659
ENE-00595,6,Energia,ENE-4104,Zona Sur,0,5537773
ENE-00595,7,Energia,ENE-4105,Zona Norte,0,4778690
ENE-00595,8,Energia,ENE-4105,Zona Centro,0,4181354
ENE-00595,9,Energia,ENE-4105,Zona Sur,0,2986682
ENE-00595,10,Energia,ENE-4101,Zona Norte,0,2260414
ENE-00595,11,Energia,ENE-4102,Zona Norte,0,968749
ENE-00595,12,Energia,ENE-4101,Zona Centro,0,1977863
ENE-00595,13,Energia,ENE-4102,Zona Centro,0,847655
ENE-00595,14,Energia,ENE-4101,Zona Sur,0,1412759
ENE-00595,15,Energia,ENE-4102,Zona Sur,0,605468
ENE-00595,16,Energia,ENE-1102,,75397361,0
ENE-00596,1,Energia,ENE-1101,,75686821,0
ENE-00596,2,Energia,ENE-1102,,0,75686821
ENE-00597,1,Energia,ENE-1103,,13681059,0
ENE-00597,2,Energia,ENE-2101,,0,13681059
ENE-00598,1,Energia,ENE-5102,Zona Norte,3337716,0
ENE-00598,2,Energia,ENE-5101,Zona Norte,2225144,0
ENE-00598,3,Energia,ENE-5102,Zona Centro,2920501,0
ENE-00598,4,Energia,ENE-5101,Zona Centro,1947001,0
ENE-00598,5,Energia,ENE-5102,Zona Sur,2086072,0
ENE-00598,6,Energia,ENE-5101,Zona Sur,1390715,0
ENE-00598,7,Energia,ENE-1103,,0,13907149
ENE-00599,1,Energia,ENE-5103,Zona Norte,8933988,0
ENE-00599,2,Energia,ENE-5103,Zona Centro,7817240,0
ENE-00599,3,Energia,ENE-5103,Zona Sur,5583743,0
ENE-00599,4,Energia,ENE-5105,Zona Norte,1443510,0
ENE-00599,5,Energia,ENE-5104,Zona Norte,967021,0
ENE-00599,6,Energia,ENE-5105,Zona Centro,1263072,0
ENE-00599,7,Energia,ENE-5104,Zona Centro,846143,0
ENE-00599,8,Energia,ENE-5105,Zona Sur,902194,0
ENE-00599,9,Energia,ENE-5104,Zona Sur,604388,0
ENE-00599,10,Energia,ENE-6101,Zona Norte,362514,0
ENE-00599,11,Energia,ENE-6102,Zona Norte,241676,0
ENE-00599,12,Energia,ENE-6101,Zona Centro,317200,0
ENE-00599,13,Energia,ENE-6102,Zona Centro,211467,0
ENE-00599,14,Energia,ENE-6101,Zona Sur,226572,0
ENE-00599,15,Energia,ENE-6102,Zona Sur,151048,0
ENE-00599,16,Energia,ENE-6105,Zona Norte,794262,0
ENE-00599,17,Energia,ENE-6105,Zona Centro,694979,0
ENE-00599,18,Energia,ENE-6105,Zona Sur,496413,0
ENE-00599,19,Energia,ENE-6107,Zona Norte,593003,0
ENE-00599,20,Energia,ENE-6106,Zona Norte,386005,0
ENE-00599,21,Energia,ENE-6107,Zona Centro,518877,0
ENE-00599,22,Energia,ENE-6106,Zona Centro,337755,0
ENE-00599,23,Energia,ENE-6107,Zona Sur,370627,0
ENE-00599,24,Energia,ENE-6106,Zona Sur,241253,0
ENE-00599,25,Energia,ENE-2101,,0,34304950
ENE-00600,1,Energia,ENE-6104,Zona Norte,2017221,0
ENE-00600,2,Energia,ENE-6103,Zona Norte,355980,0
ENE-00600,3,Energia,ENE-6104,Zona Centro,1765069,0
ENE-00600,4,Energia,ENE-6103,Zona Centro,311483,0
ENE-00600,5,Energia,ENE-6104,Zona Sur,1260763,0
ENE-00600,6,Energia,ENE-6103,Zona Sur,222488,0
ENE-00600,7,Energia,ENE-2102,,0,5933004
ENE-00601,1,Energia,ENE-2102,,5964090,0
ENE-00601,2,Energia,ENE-1101,,0,5964090
ENE-00602,1,Energia,ENE-2101,,52444832,0
ENE-00602,2,Energia,ENE-1101,,0,52444832
ENE-00603,1,Energia,ENE-1201,,3875340,0
ENE-00603,2,Energia,ENE-1101,,0,3875340
ENE-00604,1,Energia,ENE-6901,,9120023,0
ENE-00604,2,Energia,ENE-1202,,0,9120023
ENE-00605,1,Energia,ENE-6902,,4552547,0
ENE-00605,2,Energia,ENE-1101,,0,4552547
ENE-00606,1,Energia,ENE-2201,,3563638,0
ENE-00606,2,Energia,ENE-1101,,0,3563638
ENE-00607,1,Energia,ENE-6903,,2046516,0
ENE-00607,2,Energia,ENE-2104,,0,2046516
ENE-00608,1,Energia,ENE-4103,Zona Norte,0,13302363
ENE-00608,2,Energia,ENE-4104,Zona Norte,0,8868242
ENE-00608,3,Energia,ENE-4103,Zona Centro,0,11639568
ENE-00608,4,Energia,ENE-4104,Zona Centro,0,7759712
ENE-00608,5,Energia,ENE-4103,Zona Sur,0,8313977
ENE-00608,6,Energia,ENE-4104,Zona Sur,0,5542652
ENE-00608,7,Energia,ENE-4105,Zona Norte,0,4808062
ENE-00608,8,Energia,ENE-4105,Zona Centro,0,4207054
ENE-00608,9,Energia,ENE-4105,Zona Sur,0,3005038
ENE-00608,10,Energia,ENE-4101,Zona Norte,0,2206569
ENE-00608,11,Energia,ENE-4102,Zona Norte,0,945672
ENE-00608,12,Energia,ENE-4101,Zona Centro,0,1930747
ENE-00608,13,Energia,ENE-4102,Zona Centro,0,827463
ENE-00608,14,Energia,ENE-4101,Zona Sur,0,1379105
ENE-00608,15,Energia,ENE-4102,Zona Sur,0,591045
ENE-00608,16,Energia,ENE-1102,,75327269,0
ENE-00609,1,Energia,ENE-1101,,75280292,0
ENE-00609,2,Energia,ENE-1102,,0,75280292
ENE-00610,1,Energia,ENE-1103,,13917774,0
ENE-00610,2,Energia,ENE-2101,,0,13917774
ENE-00611,1,Energia,ENE-5102,Zona Norte,3377666,0
ENE-00611,2,Energia,ENE-5101,Zona Norte,2251777,0
ENE-00611,3,Energia,ENE-5102,Zona Centro,2955458,0
ENE-00611,4,Energia,ENE-5101,Zona Centro,1970305,0
ENE-00611,5,Energia,ENE-5102,Zona Sur,2111041,0
ENE-00611,6,Energia,ENE-5101,Zona Sur,1407361,0
ENE-00611,7,Energia,ENE-1103,,0,14073608
ENE-00612,1,Energia,ENE-5103,Zona Norte,8705928,0
ENE-00612,2,Energia,ENE-5103,Zona Centro,7617687,0
ENE-00612,3,Energia,ENE-5103,Zona Sur,5441205,0
ENE-00612,4,Energia,ENE-5105,Zona Norte,1477979,0
ENE-00612,5,Energia,ENE-5104,Zona Norte,1035959,0
ENE-00612,6,Energia,ENE-5105,Zona Centro,1293232,0
ENE-00612,7,Energia,ENE-5104,Zona Centro,906464,0
ENE-00612,8,Energia,ENE-5105,Zona Sur,923737,0
ENE-00612,9,Energia,ENE-5104,Zona Sur,647474,0
ENE-00612,10,Energia,ENE-6101,Zona Norte,349433,0
ENE-00612,11,Energia,ENE-6102,Zona Norte,232955,0
ENE-00612,12,Energia,ENE-6101,Zona Centro,305753,0
ENE-00612,13,Energia,ENE-6102,Zona Centro,203836,0
ENE-00612,14,Energia,ENE-6101,Zona Sur,218395,0
ENE-00612,15,Energia,ENE-6102,Zona Sur,145597,0
ENE-00612,16,Energia,ENE-6105,Zona Norte,786177,0
ENE-00612,17,Energia,ENE-6105,Zona Centro,687905,0
ENE-00612,18,Energia,ENE-6105,Zona Sur,491360,0
ENE-00612,19,Energia,ENE-6107,Zona Norte,598001,0
ENE-00612,20,Energia,ENE-6106,Zona Norte,396002,0
ENE-00612,21,Energia,ENE-6107,Zona Centro,523251,0
ENE-00612,22,Energia,ENE-6106,Zona Centro,346501,0
ENE-00612,23,Energia,ENE-6107,Zona Sur,373750,0
ENE-00612,24,Energia,ENE-6106,Zona Sur,247501,0
ENE-00612,25,Energia,ENE-2101,,0,33956082
ENE-00613,1,Energia,ENE-6104,Zona Norte,2019364,0
ENE-00613,2,Energia,ENE-6103,Zona Norte,356358,0
ENE-00613,3,Energia,ENE-6104,Zona Centro,1766943,0
ENE-00613,4,Energia,ENE-6103,Zona Centro,311814,0
ENE-00613,5,Energia,ENE-6104,Zona Sur,1262102,0
ENE-00613,6,Energia,ENE-6103,Zona Sur,222724,0
ENE-00613,7,Energia,ENE-2102,,0,5939305
ENE-00614,1,Energia,ENE-2102,,5933004,0
ENE-00614,2,Energia,ENE-1101,,0,5933004
ENE-00615,1,Energia,ENE-2101,,48402507,0
ENE-00615,2,Energia,ENE-1101,,0,48402507
ENE-00616,1,Energia,ENE-1201,,5601452,0
ENE-00616,2,Energia,ENE-1101,,0,5601452
ENE-00617,1,Energia,ENE-6901,,9143362,0
ENE-00617,2,Energia,ENE-1202,,0,9143362
ENE-00618,1,Energia,ENE-6902,,4531759,0
ENE-00618,2,Energia,ENE-1101,,0,4531759
ENE-00619,1,Energia,ENE-2201,,3563638,0
ENE-00619,2,Energia,ENE-1101,,0,3563638
ENE-00620,1,Energia,ENE-6903,,2074451,0
ENE-00620,2,Energia,ENE-2104,,0,2074451
ENE-00621,1,Energia,ENE-4103,Zona Norte,0,12233561
ENE-00621,2,Energia,ENE-4104,Zona Norte,0,8155707
ENE-00621,3,Energia,ENE-4103,Zona Centro,0,10704365
ENE-00621,4,Energia,ENE-4104,Zona Centro,0,7136244
ENE-00621,5,Energia,ENE-4103,Zona Sur,0,7645975
ENE-00621,6,Energia,ENE-4104,Zona Sur,0,5097317
ENE-00621,7,Energia,ENE-4105,Zona Norte,0,4514218
ENE-00621,8,Energia,ENE-4105,Zona Centro,0,3949941
ENE-00621,9,Energia,ENE-4105,Zona Sur,0,2821387
ENE-00621,10,Energia,ENE-4101,Zona Norte,0,2076819
ENE-00621,11,Energia,ENE-4102,Zona Norte,0,890065
ENE-00621,12,Energia,ENE-4101,Zona Centro,0,1817217
ENE-00621,13,Energia,ENE-4102,Zona Centro,0,778807
ENE-00621,14,Energia,ENE-4101,Zona Sur,0,1298012
ENE-00621,15,Energia,ENE-4102,Zona Sur,0,556291
ENE-00621,16,Energia,ENE-1102,,69675926,0
ENE-00622,1,Energia,ENE-1101,,75334278,0
ENE-00622,2,Energia,ENE-1102,,0,75334278
ENE-00623,1,Energia,ENE-1103,,12563460,0
ENE-00623,2,Energia,ENE-2101,,0,12563460
ENE-00624,1,Energia,ENE-5102,Zona Norte,3068440,0
ENE-00624,2,Energia,ENE-5101,Zona Norte,2045627,0
ENE-00624,3,Energia,ENE-5102,Zona Centro,2684885,0
ENE-00624,4,Energia,ENE-5101,Zona Centro,1789924,0
ENE-00624,5,Energia,ENE-5102,Zona Sur,1917775,0
ENE-00624,6,Energia,ENE-5101,Zona Sur,1278517,0
ENE-00624,7,Energia,ENE-1103,,0,12785168
ENE-00625,1,Energia,ENE-5103,Zona Norte,8142255,0
ENE-00625,2,Energia,ENE-5103,Zona Centro,7124473,0
ENE-00625,3,Energia,ENE-5103,Zona Sur,5088910,0
ENE-00625,4,Energia,ENE-5105,Zona Norte,1315198,0
ENE-00625,5,Energia,ENE-5104,Zona Norte,863996,0
ENE-00625,6,Energia,ENE-5105,Zona Centro,1150798,0
ENE-00625,7,Energia,ENE-5104,Zona Centro,755997,0
ENE-00625,8,Energia,ENE-5105,Zona Sur,821999,0
ENE-00625,9,Energia,ENE-5104,Zona Sur,539998,0
ENE-00625,10,Energia,ENE-6101,Zona Norte,331026,0
ENE-00625,11,Energia,ENE-6102,Zona Norte,220684,0
ENE-00625,12,Energia,ENE-6101,Zona Centro,289648,0
ENE-00625,13,Energia,ENE-6102,Zona Centro,193098,0
ENE-00625,14,Energia,ENE-6101,Zona Sur,206891,0
ENE-00625,15,Energia,ENE-6102,Zona Sur,137927,0
ENE-00625,16,Energia,ENE-6105,Zona Norte,727413,0
ENE-00625,17,Energia,ENE-6105,Zona Centro,636487,0
ENE-00625,18,Energia,ENE-6105,Zona Sur,454633,0
ENE-00625,19,Energia,ENE-6107,Zona Norte,553970,0
ENE-00625,20,Energia,ENE-6106,Zona Norte,371941,0
ENE-00625,21,Energia,ENE-6107,Zona Centro,484724,0
ENE-00625,22,Energia,ENE-6106,Zona Centro,325448,0
ENE-00625,23,Energia,ENE-6107,Zona Sur,346232,0
ENE-00625,24,Energia,ENE-6106,Zona Sur,232463,0
ENE-00625,25,Energia,ENE-2101,,0,31316209
ENE-00626,1,Energia,ENE-6104,Zona Norte,1919798,0
ENE-00626,2,Energia,ENE-6103,Zona Norte,338788,0
ENE-00626,3,Energia,ENE-6104,Zona Centro,1679823,0
ENE-00626,4,Energia,ENE-6103,Zona Centro,296439,0
ENE-00626,5,Energia,ENE-6104,Zona Sur,1199873,0
ENE-00626,6,Energia,ENE-6103,Zona Sur,211742,0
ENE-00626,7,Energia,ENE-2102,,0,5646463
ENE-00627,1,Energia,ENE-2102,,5939305,0
ENE-00627,2,Energia,ENE-1101,,0,5939305
ENE-00628,1,Energia,ENE-2101,,47924325,0
ENE-00628,2,Energia,ENE-1101,,0,47924325
ENE-00629,1,Energia,ENE-1201,,10554437,0
ENE-00629,2,Energia,ENE-1101,,0,10554437
ENE-00630,1,Energia,ENE-6901,,9187339,0
ENE-00630,2,Energia,ENE-1202,,0,9187339
ENE-00631,1,Energia,ENE-6902,,4510971,0
ENE-00631,2,Energia,ENE-1101,,0,4510971
ENE-00632,1,Energia,ENE-2201,,3563638,0
ENE-00632,2,Energia,ENE-1101,,0,3563638
ENE-00633,1,Energia,ENE-6903,,1682040,0
ENE-00633,2,Energia,ENE-2104,,0,1682040
ENE-00634,1,Energia,ENE-4103,Zona Norte,162551694,0
ENE-00634,2,Energia,ENE-4104,Zona Norte,108367796,0
ENE-00634,3,Energia,ENE-4103,Zona Centro,142232734,0
ENE-00634,4,Energia,ENE-4104,Zona Centro,94821822,0
ENE-00634,5,Energia,ENE-4103,Zona Sur,101594810,0
ENE-00634,6,Energia,ENE-4104,Zona Sur,67729874,0
ENE-00634,7,Energia,ENE-4105,Zona Norte,59578662,0
ENE-00634,8,Energia,ENE-4105,Zona Centro,52131329,0
ENE-00634,9,Energia,ENE-4105,Zona Sur,37236663,0
ENE-00634,10,Energia,ENE-4101,Zona Norte,27565800,0
ENE-00634,11,Energia,ENE-4102,Zona Norte,11813914,0
ENE-00634,12,Energia,ENE-4101,Zona Centro,24120076,0
ENE-00634,13,Energia,ENE-4102,Zona Centro,10337175,0
ENE-00634,14,Energia,ENE-4101,Zona Sur,17228624,0
ENE-00634,15,Energia,ENE-4102,Zona Sur,7383697,0
ENE-00634,16,Energia,ENE-5102,Zona Norte,0,41551132
ENE-00634,17,Energia,ENE-5101,Zona Norte,0,27700756
ENE-00634,18,Energia,ENE-5102,Zona Centro,0,36357242
ENE-00634,19,Energia,ENE-5101,Zona Centro,0,24238162
ENE-00634,20,Energia,ENE-5102,Zona Sur,0,25969458
ENE-00634,21,Energia,ENE-5101,Zona Sur,0,17312974
ENE-00634,22,Energia,ENE-5103,Zona Norte,0,108198071
ENE-00634,23,Energia,ENE-5103,Zona Centro,0,94673312
ENE-00634,24,Energia,ENE-5103,Zona Sur,0,67623795
ENE-00634,25,Energia,ENE-5105,Zona Norte,0,17749316
ENE-00634,26,Energia,ENE-5104,Zona Norte,0,11882632
ENE-00634,27,Energia,ENE-5105,Zona Centro,0,15530651
ENE-00634,28,Energia,ENE-5104,Zona Centro,0,10397302
ENE-00634,29,Energia,ENE-5105,Zona Sur,0,11093323
ENE-00634,30,Energia,ENE-5104,Zona Sur,0,7426644
ENE-00634,31,Energia,ENE-6101,Zona Norte,0,4414969
ENE-00634,32,Energia,ENE-6102,Zona Norte,0,2943313
ENE-00634,33,Energia,ENE-6101,Zona Centro,0,3863099
ENE-00634,34,Energia,ENE-6102,Zona Centro,0,2575400
ENE-00634,35,Energia,ENE-6101,Zona Sur,0,2759357
ENE-00634,36,Energia,ENE-6102,Zona Sur,0,1839571
ENE-00634,37,Energia,ENE-6105,Zona Norte,0,9849146
ENE-00634,38,Energia,ENE-6105,Zona Centro,0,8618004
ENE-00634,39,Energia,ENE-6105,Zona Sur,0,6155714
ENE-00634,40,Energia,ENE-6107,Zona Norte,0,7421084
ENE-00634,41,Energia,ENE-6106,Zona Norte,0,5002171
ENE-00634,42,Energia,ENE-6107,Zona Centro,0,6493449
ENE-00634,43,Energia,ENE-6106,Zona Centro,0,4376899
ENE-00634,44,Energia,ENE-6107,Zona Sur,0,4638178
ENE-00634,45,Energia,ENE-6106,Zona Sur,0,3126356
ENE-00634,46,Energia,ENE-6104,Zona Norte,0,25091413
ENE-00634,47,Energia,ENE-6103,Zona Norte,0,4427894
ENE-00634,48,Energia,ENE-6104,Zona Centro,0,21954988
ENE-00634,49,Energia,ENE-6103,Zona Centro,0,3874411
ENE-00634,50,Energia,ENE-6104,Zona Sur,0,15682132
ENE-00634,51,Energia,ENE-6103,Zona Sur,0,2767436
ENE-00634,52,Energia,ENE-6901,,0,108140161
ENE-00634,53,Energia,ENE-6902,,0,55503654
ENE-00634,54,Energia,ENE-6903,,0,25777198
ENE-00634,55,Energia,ENE-3103,,0,69693903
SAL-00635,1,Salud,SAL-1101,,21973721,0
SAL-00635,2,Salud,SAL-1102,,234386355,0
SAL-00635,3,Salud,SAL-1103,,7293992,0
SAL-00635,4,Salud,SAL-1201,,527369299,0
SAL-00635,5,Salud,SAL-1202,,0,210947720
SAL-00635,6,Salud,SAL-2101,,0,26821077
SAL-00635,7,Salud,SAL-2102,,0,49038381
SAL-00635,8,Salud,SAL-2103,,0,140000000
SAL-00635,9,Salud,SAL-2201,,0,63284316
SAL-00635,10,Salud,SAL-3101,,0,150465937
SAL-00635,11,Salud,SAL-3102,,0,150465936
SAL-00636,1,Salud,SAL-4105,Clínica Oriente,0,5012225
SAL-00636,2,Salud,SAL-4106,Clínica Oriente,0,6126052
SAL-00636,3,Salud,SAL-4105,Clínica Centro,0,3896895
SAL-00636,4,Salud,SAL-4106,Clínica Centro,0,4762871
SAL-00636,5,Salud,SAL-4105,Clínica Poniente,0,2223379
SAL-00636,6,Salud,SAL-4106,Clínica Poniente,0,2717463
SAL-00636,7,Salud,SAL-4101,Clínica Oriente,0,10038915
SAL-00636,8,Salud,SAL-4102,Clínica Oriente,0,4302392
SAL-00636,9,Salud,SAL-4101,Clínica Centro,0,7691694
SAL-00636,10,Salud,SAL-4102,Clínica Centro,0,3296440
SAL-00636,11,Salud,SAL-4101,Clínica Poniente,0,4130589
SAL-00636,12,Salud,SAL-4102,Clínica Poniente,0,1770252
SAL-00636,13,Salud,SAL-4104,Clínica Oriente,0,5805798
SAL-00636,14,Salud,SAL-4103,Clínica Oriente,0,1935267
SAL-00636,15,Salud,SAL-4104,Clínica Centro,0,4530090
SAL-00636,16,Salud,SAL-4103,Clínica Centro,0,1510030
SAL-00636,17,Salud,SAL-4104,Clínica Poniente,0,2621538
SAL-00636,18,Salud,SAL-4103,Clínica Poniente,0,873846
SAL-00636,19,Salud,SAL-1102,,73245736,0
SAL-00637,1,Salud,SAL-1101,,73245736,0
SAL-00637,2,Salud,SAL-1102,,0,73245736
SAL-00638,1,Salud,SAL-1103,,9074758,0
SAL-00638,2,Salud,SAL-2101,,0,9074758
SAL-00639,1,Salud,SAL-5104,Clínica Oriente,2154692,0
SAL-00639,2,Salud,SAL-5103,Clínica Oriente,1762930,0
SAL-00639,3,Salud,SAL-5104,Clínica Centro,1699971,0
SAL-00639,4,Salud,SAL-5103,Clínica Centro,1390885,0
SAL-00639,5,Salud,SAL-5104,Clínica Poniente,1026233,0
SAL-00639,6,Salud,SAL-5103,Clínica Poniente,839646,0
SAL-00639,7,Salud,SAL-1103,,0,8874357
SAL-00640,1,Salud,SAL-6103,Clínica Oriente,905081,0
SAL-00640,2,Salud,SAL-6104,Clínica Oriente,392285,0
SAL-00640,3,Salud,SAL-6103,Clínica Centro,707653,0
SAL-00640,4,Salud,SAL-6104,Clínica Centro,309870,0
SAL-00640,5,Salud,SAL-6103,Clínica Poniente,412794,0
SAL-00640,6,Salud,SAL-6104,Clínica Poniente,187895,0
SAL-00640,7,Salud,SAL-6102,Clínica Oriente,864114,0
SAL-00640,8,Salud,SAL-6101,Clínica Oriente,877842,0
SAL-00640,9,Salud,SAL-6102,Clínica Centro,677046,0
SAL-00640,10,Salud,SAL-6101,Clínica Centro,697638,0
SAL-00640,11,Salud,SAL-6102,Clínica Poniente,398160,0
SAL-00640,12,Salud,SAL-6101,Clínica Poniente,432480,0
SAL-00640,13,Salud,SAL-6108,Clínica Oriente,568883,0
SAL-00640,14,Salud,SAL-6107,Clínica Oriente,383567,0
SAL-00640,15,Salud,SAL-6108,Clínica Centro,444800,0
SAL-00640,16,Salud,SAL-6107,Clínica Centro,303001,0
SAL-00640,17,Salud,SAL-6108,Clínica Poniente,259484,0
SAL-00640,18,Salud,SAL-6107,Clínica Poniente,183768,0
SAL-00640,19,Salud,SAL-2101,,0,9006361
SAL-00641,1,Salud,SAL-5105,Clínica Oriente,9772642,0
SAL-00641,2,Salud,SAL-5106,Clínica Oriente,3344167,0
SAL-00641,3,Salud,SAL-5105,Clínica Centro,7694780,0
SAL-00641,4,Salud,SAL-5106,Clínica Centro,2694855,0
SAL-00641,5,Salud,SAL-5105,Clínica Poniente,4610471,0
SAL-00641,6,Salud,SAL-5106,Clínica Poniente,1753371,0
SAL-00641,7,Salud,SAL-5102,Clínica Oriente,4882505,0
SAL-00641,8,Salud,SAL-5101,Clínica Oriente,1206856,0
SAL-00641,9,Salud,SAL-5102,Clínica Centro,3857178,0
SAL-00641,10,Salud,SAL-5101,Clínica Centro,943638,0
SAL-00641,11,Salud,SAL-5102,Clínica Poniente,2339843,0
SAL-00641,12,Salud,SAL-5101,Clínica Poniente,550534,0
SAL-00641,13,Salud,SAL-6106,Clínica Oriente,2028957,0
SAL-00641,14,Salud,SAL-6105,Clínica Oriente,358051,0
SAL-00641,15,Salud,SAL-6106,Clínica Centro,1596438,0
SAL-00641,16,Salud,SAL-6105,Clínica Centro,281724,0
SAL-00641,17,Salud,SAL-6106,Clínica Poniente,954015,0
SAL-00641,18,Salud,SAL-6105,Clínica Poniente,168356,0
SAL-00641,19,Salud,SAL-2102,,0,49038381
SAL-00642,1,Salud,SAL-2102,,49038381,0
SAL-00642,2,Salud,SAL-1101,,0,49038381
SAL-00643,1,Salud,SAL-2101,,17880718,0
SAL-00643,2,Salud,SAL-1101,,0,17880718
SAL-00644,1,Salud,SAL-1201,,1790150,0
SAL-00644,2,Salud,SAL-1101,,0,1790150
SAL-00645,1,Salud,SAL-6901,,3527730,0
SAL-00645,2,Salud,SAL-1202,,0,3527730
SAL-00646,1,Salud,SAL-6902,,1355229,0
SAL-00646,2,Salud,SAL-1101,,0,1355229
SAL-00647,1,Salud,SAL-2201,,527369,0
SAL-00647,2,Salud,SAL-1101,,0,527369
SAL-00648,1,Salud,SAL-6903,,389793,0
SAL-00648,2,Salud,SAL-2104,,0,389793
SAL-00649,1,Salud,SAL-4105,Clínica Oriente,0,4199468
SAL-00649,2,Salud,SAL-4106,Clínica Oriente,0,5132684
SAL-00649,3,Salud,SAL-4105,Clínica Centro,0,3220933
SAL-00649,4,Salud,SAL-4106,Clínica Centro,0,3936696
SAL-00649,5,Salud,SAL-4105,Clínica Poniente,0,1737442
SAL-00649,6,Salud,SAL-4106,Clínica Poniente,0,2123540
SAL-00649,7,Salud,SAL-4101,Clínica Oriente,0,8585025
SAL-00649,8,Salud,SAL-4102,Clínica Oriente,0,3679296
SAL-00649,9,Salud,SAL-4101,Clínica Centro,0,6615827
SAL-00649,10,Salud,SAL-4102,Clínica Centro,0,2835354
SAL-00649,11,Salud,SAL-4101,Clínica Poniente,0,3640772
SAL-00649,12,Salud,SAL-4102,Clínica Poniente,0,1560331
SAL-00649,13,Salud,SAL-4104,Clínica Oriente,0,4902587
SAL-00649,14,Salud,SAL-4103,Clínica Oriente,0,1634196
SAL-00649,15,Salud,SAL-4104,Clínica Centro,0,3802198
SAL-00649,16,Salud,SAL-4103,Clínica Centro,0,1267399
SAL-00649,17,Salud,SAL-4104,Clínica Poniente,0,2147836
SAL-00649,18,Salud,SAL-4103,Clínica Poniente,0,715945
SAL-00649,19,Salud,SAL-1102,,61737529,0
SAL-00650,1,Salud,SAL-1101,,73245736,0
SAL-00650,2,Salud,SAL-1102,,0,73245736
SAL-00651,1,Salud,SAL-1103,,7520650,0
SAL-00651,2,Salud,SAL-2101,,0,7520650
SAL-00652,1,Salud,SAL-5104,Clínica Oriente,1821452,0
SAL-00652,2,Salud,SAL-5103,Clínica Oriente,1490279,0
SAL-00652,3,Salud,SAL-5104,Clínica Centro,1429806,0
SAL-00652,4,Salud,SAL-5103,Clínica Centro,1169841,0
SAL-00652,5,Salud,SAL-5104,Clínica Poniente,846879,0
SAL-00652,6,Salud,SAL-5103,Clínica Poniente,692901,0
SAL-00652,7,Salud,SAL-1103,,0,7451158
SAL-00653,1,Salud,SAL-6103,Clínica Oriente,770249,0
SAL-00653,2,Salud,SAL-6104,Clínica Oriente,334491,0
SAL-00653,3,Salud,SAL-6103,Clínica Centro,602777,0
SAL-00653,4,Salud,SAL-6104,Clínica Centro,264909,0
SAL-00653,5,Salud,SAL-6103,Clínica Poniente,352846,0
SAL-00653,6,Salud,SAL-6104,Clínica Poniente,162179,0
SAL-00653,7,Salud,SAL-6102,Clínica Oriente,730533,0
SAL-00653,8,Salud,SAL-6101,Clínica Oriente,734500,0
SAL-00653,9,Salud,SAL-6102,Clínica Centro,569625,0
SAL-00653,10,Salud,SAL-6101,Clínica Centro,575575,0
SAL-00653,11,Salud,SAL-6102,Clínica Poniente,328759,0
SAL-00653,12,Salud,SAL-6101,Clínica Poniente,338675,0
SAL-00653,13,Salud,SAL-6108,Clínica Oriente,483936,0
SAL-00653,14,Salud,SAL-6107,Clínica Oriente,326711,0
SAL-00653,15,Salud,SAL-6108,Clínica Centro,378609,0
SAL-00653,16,Salud,SAL-6107,Clínica Centro,258537,0
SAL-00653,17,Salud,SAL-6108,Clínica Poniente,221384,0
SAL-00653,18,Salud,SAL-6107,Clínica Poniente,157808,0
SAL-00653,19,Salud,SAL-2101,,0,7592103
SAL-00654,1,Salud,SAL-5105,Clínica Oriente,8231859,0
SAL-00654,2,Salud,SAL-5106,Clínica Oriente,2767509,0
SAL-00654,3,Salud,SAL-5105,Clínica Centro,6428076,0
SAL-00654,4,Salud,SAL-5106,Clínica Centro,2178026,0
SAL-00654,5,Salud,SAL-5105,Clínica Poniente,3731236,0
SAL-00654,6,Salud,SAL-5106,Clínica Poniente,1302636,0
SAL-00654,7,Salud,SAL-5102,Clínica Oriente,4079612,0
SAL-00654,8,Salud,SAL-5101,Clínica Oriente,1019948,0
SAL-00654,9,Salud,SAL-5102,Clínica Centro,3172839,0
SAL-00654,10,Salud,SAL-5101,Clínica Centro,793277,0
SAL-00654,11,Salud,SAL-5102,Clínica Poniente,1812611,0
SAL-00654,12,Salud,SAL-5101,Clínica Poniente,453264,0
SAL-00654,13,Salud,SAL-6106,Clínica Oriente,1734612,0
SAL-00654,14,Salud,SAL-6105,Clínica Oriente,306108,0
SAL-00654,15,Salud,SAL-6106,Clínica Centro,1372052,0
SAL-00654,16,Salud,SAL-6105,Clínica Centro,242127,0
SAL-00654,17,Salud,SAL-6106,Clínica Poniente,836144,0
SAL-00654,18,Salud,SAL-6105,Clínica Poniente,147555,0
SAL-00654,19,Salud,SAL-2102,,0,40609491
SAL-00655,1,Salud,SAL-2102,,49038381,0
SAL-00655,2,Salud,SAL-1101,,0,49038381
SAL-00656,1,Salud,SAL-2101,,17980919,0
SAL-00656,2,Salud,SAL-1101,,0,17980919
SAL-00657,1,Salud,SAL-1201,,1974717,0
SAL-00657,2,Salud,SAL-1101,,0,1974717
SAL-00658,1,Salud,SAL-6901,,3540894,0
SAL-00658,2,Salud,SAL-1202,,0,3540894
SAL-00659,1,Salud,SAL-6902,,1351713,0
SAL-00659,2,Salud,SAL-1101,,0,1351713
SAL-00660,1,Salud,SAL-2201,,527369,0
SAL-00660,2,Salud,SAL-1101,,0,527369
SAL-00661,1,Salud,SAL-6903,,321886,0
SAL-00661,2,Salud,SAL-2104,,0,321886
SAL-00662,1,Salud,SAL-4105,Clínica Oriente,0,5070113
SAL-00662,2,Salud,SAL-4106,Clínica Oriente,0,6196805
SAL-00662,3,Salud,SAL-4105,Clínica Centro,0,3983727
SAL-00662,4,Salud,SAL-4106,Clínica Centro,0,4868999
SAL-00662,5,Salud,SAL-4105,Clínica Poniente,0,2368100
SAL-00662,6,Salud,SAL-4106,Clínica Poniente,0,2894344
SAL-00662,7,Salud,SAL-4101,Clínica Oriente,0,10174837
SAL-00662,8,Salud,SAL-4102,Clínica Oriente,0,4360644
SAL-00662,9,Salud,SAL-4101,Clínica Centro,0,7895577
SAL-00662,10,Salud,SAL-4102,Clínica Centro,0,3383819
SAL-00662,11,Salud,SAL-4101,Clínica Poniente,0,4470394
SAL-00662,12,Salud,SAL-4102,Clínica Poniente,0,1915883
SAL-00662,13,Salud,SAL-4104,Clínica Oriente,0,5669926
SAL-00662,14,Salud,SAL-4103,Clínica Oriente,0,1889976
SAL-00662,15,Salud,SAL-4104,Clínica Centro,0,4326281
SAL-00662,16,Salud,SAL-4103,Clínica Centro,0,1442093
SAL-00662,17,Salud,SAL-4104,Clínica Poniente,0,2281857
SAL-00662,18,Salud,SAL-4103,Clínica Poniente,0,760619
SAL-00662,19,Salud,SAL-1102,,73953994,0
SAL-00663,1,Salud,SAL-1101,,73245736,0
SAL-00663,2,Salud,SAL-1102,,0,73245736
SAL-00664,1,Salud,SAL-1103,,8811328,0
SAL-00664,2,Salud,SAL-2101,,0,8811328
SAL-00665,1,Salud,SAL-5104,Clínica Oriente,2124236,0
SAL-00665,2,Salud,SAL-5103,Clínica Oriente,1738012,0
SAL-00665,3,Salud,SAL-5104,Clínica Centro,1654287,0
SAL-00665,4,Salud,SAL-5103,Clínica Centro,1353507,0
SAL-00665,5,Salud,SAL-5104,Clínica Poniente,950093,0
SAL-00665,6,Salud,SAL-5103,Clínica Poniente,777349,0
SAL-00665,7,Salud,SAL-1103,,0,8597484
SAL-00666,1,Salud,SAL-6103,Clínica Oriente,907632,0
SAL-00666,2,Salud,SAL-6104,Clínica Oriente,395565,0
SAL-00666,3,Salud,SAL-6103,Clínica Centro,711480,0
SAL-00666,4,Salud,SAL-6104,Clínica Centro,314790,0
SAL-00666,5,Salud,SAL-6103,Clínica Poniente,419172,0
SAL-00666,6,Salud,SAL-6104,Clínica Poniente,196095,0
SAL-00666,7,Salud,SAL-6102,Clínica Oriente,861019,0
SAL-00666,8,Salud,SAL-6101,Clínica Oriente,868558,0
SAL-00666,9,Salud,SAL-6102,Clínica Centro,672404,0
SAL-00666,10,Salud,SAL-6101,Clínica Centro,683712,0
SAL-00666,11,Salud,SAL-6102,Clínica Poniente,390424,0
SAL-00666,12,Salud,SAL-6101,Clínica Poniente,409270,0
SAL-00666,13,Salud,SAL-6108,Clínica Oriente,566341,0
SAL-00666,14,Salud,SAL-6107,Clínica Oriente,378483,0
SAL-00666,15,Salud,SAL-6108,Clínica Centro,440987,0
SAL-00666,16,Salud,SAL-6107,Clínica Centro,295375,0
SAL-00666,17,Salud,SAL-6108,Clínica Poniente,253129,0
SAL-00666,18,Salud,SAL-6107,Clínica Poniente,171058,0
SAL-00666,19,Salud,SAL-2101,,0,8935494
SAL-00667,1,Salud,SAL-5105,Clínica Oriente,9735557,0
SAL-00667,2,Salud,SAL-5106,Clínica Oriente,3307082,0
SAL-00667,3,Salud,SAL-5105,Clínica Centro,7639153,0
SAL-00667,4,Salud,SAL-5106,Clínica Centro,2639228,0
SAL-00667,5,Salud,SAL-5105,Clínica Poniente,4517759,0
SAL-00667,6,Salud,SAL-5106,Clínica Poniente,1660659,0
SAL-00667,7,Salud,SAL-5102,Clínica Oriente,4838667,0
SAL-00667,8,Salud,SAL-5101,Clínica Oriente,1203202,0
SAL-00667,9,Salud,SAL-5102,Clínica Centro,3791420,0
SAL-00667,10,Salud,SAL-5101,Clínica Centro,938158,0
SAL-00667,11,Salud,SAL-5102,Clínica Poniente,2230246,0
SAL-00667,12,Salud,SAL-5101,Clínica Poniente,541401,0
SAL-00667,13,Salud,SAL-6106,Clínica Oriente,2009949,0
SAL-00667,14,Salud,SAL-6105,Clínica Oriente,354697,0
SAL-00667,15,Salud,SAL-6106,Clínica Centro,1567927,0
SAL-00667,16,Salud,SAL-6105,Clínica Centro,276693,0
SAL-00667,17,Salud,SAL-6106,Clínica Poniente,906496,0
SAL-00667,18,Salud,SAL-6105,Clínica Poniente,159970,0
SAL-00667,19,Salud,SAL-2102,,0,48318264
SAL-00668,1,Salud,SAL-2102,,40609491,0
SAL-00668,2,Salud,SAL-1101,,0,40609491
SAL-00669,1,Salud,SAL-2101,,16596936,0
SAL-00669,2,Salud,SAL-1101,,0,16596936
SAL-00670,1,Salud,SAL-1201,,2121996,0
SAL-00670,2,Salud,SAL-1101,,0,2121996
SAL-00671,1,Salud,SAL-6901,,3555041,0
SAL-00671,2,Salud,SAL-1202,,0,3555041
SAL-00672,1,Salud,SAL-6902,,1348197,0
SAL-00672,2,Salud,SAL-1101,,0,1348197
SAL-00673,1,Salud,SAL-2201,,527369,0
SAL-00673,2,Salud,SAL-1101,,0,527369
SAL-00674,1,Salud,SAL-6903,,863869,0
SAL-00674,2,Salud,SAL-2104,,0,863869
SAL-00675,1,Salud,SAL-4105,Clínica Oriente,0,5001156
SAL-00675,2,Salud,SAL-4106,Clínica Oriente,0,6112523
SAL-00675,3,Salud,SAL-4105,Clínica Centro,0,3880291
SAL-00675,4,Salud,SAL-4106,Clínica Centro,0,4742578
SAL-00675,5,Salud,SAL-4105,Clínica Poniente,0,2195707
SAL-00675,6,Salud,SAL-4106,Clínica Poniente,0,2683642
SAL-00675,7,Salud,SAL-4101,Clínica Oriente,0,10160965
SAL-00675,8,Salud,SAL-4102,Clínica Oriente,0,4354699
SAL-00675,9,Salud,SAL-4101,Clínica Centro,0,7874771
SAL-00675,10,Salud,SAL-4102,Clínica Centro,0,3374902
SAL-00675,11,Salud,SAL-4101,Clínica Poniente,0,4435716
SAL-00675,12,Salud,SAL-4102,Clínica Poniente,0,1901021
SAL-00675,13,Salud,SAL-4104,Clínica Oriente,0,5710963
SAL-00675,14,Salud,SAL-4103,Clínica Oriente,0,1903655
SAL-00675,15,Salud,SAL-4104,Clínica Centro,0,4387838
SAL-00675,16,Salud,SAL-4103,Clínica Centro,0,1462612
SAL-00675,17,Salud,SAL-4104,Clínica Poniente,0,2384451
SAL-00675,18,Salud,SAL-4103,Clínica Poniente,0,794817
SAL-00675,19,Salud,SAL-1102,,73362307,0
SAL-00676,1,Salud,SAL-1101,,71519505,0
SAL-00676,2,Salud,SAL-1102,,0,71519505
SAL-00677,1,Salud,SAL-1103,,8707716,0
SAL-00677,2,Salud,SAL-2101,,0,8707716
SAL-00678,1,Salud,SAL-5104,Clínica Oriente,2150068,0
SAL-00678,2,Salud,SAL-5103,Clínica Oriente,1759146,0
SAL-00678,3,Salud,SAL-5104,Clínica Centro,1693034,0
SAL-00678,4,Salud,SAL-5103,Clínica Centro,1385209,0
SAL-00678,5,Salud,SAL-5104,Clínica Poniente,1014672,0
SAL-00678,6,Salud,SAL-5103,Clínica Poniente,830186,0
SAL-00678,7,Salud,SAL-1103,,0,8832315
SAL-00679,1,Salud,SAL-6103,Clínica Oriente,913157,0
SAL-00679,2,Salud,SAL-6104,Clínica Oriente,402669,0
SAL-00679,3,Salud,SAL-6103,Clínica Centro,719767,0
SAL-00679,4,Salud,SAL-6104,Clínica Centro,325445,0
SAL-00679,5,Salud,SAL-6103,Clínica Poniente,432984,0
SAL-00679,6,Salud,SAL-6104,Clínica Poniente,213854,0
SAL-00679,7,Salud,SAL-6102,Clínica Oriente,866365,0
SAL-00679,8,Salud,SAL-6101,Clínica Oriente,884594,0
SAL-00679,9,Salud,SAL-6102,Clínica Centro,680422,0
SAL-00679,10,Salud,SAL-6101,Clínica Centro,707766,0
SAL-00679,11,Salud,SAL-6102,Clínica Poniente,403787,0
SAL-00679,12,Salud,SAL-6101,Clínica Poniente,449360,0
SAL-00679,13,Salud,SAL-6108,Clínica Oriente,566817,0
SAL-00679,14,Salud,SAL-6107,Clínica Oriente,379434,0
SAL-00679,15,Salud,SAL-6108,Clínica Centro,441701,0
SAL-00679,16,Salud,SAL-6107,Clínica Centro,296801,0
SAL-00679,17,Salud,SAL-6108,Clínica Poniente,254318,0
SAL-00679,18,Salud,SAL-6107,Clínica Poniente,173435,0
SAL-00679,19,Salud,SAL-2101,,0,9112676
SAL-00680,1,Salud,SAL-5105,Clínica Oriente,9746071,0
SAL-00680,2,Salud,SAL-5106,Clínica Oriente,3317596,0
SAL-00680,3,Salud,SAL-5105,Clínica Centro,7654924,0
SAL-00680,4,Salud,SAL-5106,Clínica Centro,2654999,0
SAL-00680,5,Salud,SAL-5105,Clínica Poniente,4544045,0
SAL-00680,6,Salud,SAL-5106,Clínica Poniente,1686945,0
SAL-00680,7,Salud,SAL-5102,Clínica Oriente,4863180,0
SAL-00680,8,Salud,SAL-5101,Clínica Oriente,1205245,0
SAL-00680,9,Salud,SAL-5102,Clínica Centro,3828190,0
SAL-00680,10,Salud,SAL-5101,Clínica Centro,941222,0
SAL-00680,11,Salud,SAL-5102,Clínica Poniente,2291530,0
SAL-00680,12,Salud,SAL-5101,Clínica Poniente,546507,0
SAL-00680,13,Salud,SAL-6106,Clínica Oriente,2016154,0
SAL-00680,14,Salud,SAL-6105,Clínica Oriente,355792,0
SAL-00680,15,Salud,SAL-6106,Clínica Centro,1577233,0
SAL-00680,16,Salud,SAL-6105,Clínica Centro,278335,0
SAL-00680,17,Salud,SAL-6106,Clínica Poniente,922007,0
SAL-00680,18,Salud,SAL-6105,Clínica Poniente,162707,0
SAL-00680,19,Salud,SAL-2102,,0,48592682
SAL-00681,1,Salud,SAL-2102,,48318264,0
SAL-00681,2,Salud,SAL-1101,,0,48318264
SAL-00682,1,Salud,SAL-2101,,16429787,0
SAL-00682,2,Salud,SAL-1101,,0,16429787
SAL-00683,1,Salud,SAL-1201,,1658932,0
SAL-00683,2,Salud,SAL-1101,,0,1658932
SAL-00684,1,Salud,SAL-6901,,3566101,0
SAL-00684,2,Salud,SAL-1202,,0,3566101
SAL-00685,1,Salud,SAL-6902,,1344681,0
SAL-00685,2,Salud,SAL-1101,,0,1344681
SAL-00686,1,Salud,SAL-2201,,527369,0
SAL-00686,2,Salud,SAL-1101,,0,527369
SAL-00687,1,Salud,SAL-6903,,516740,0
SAL-00687,2,Salud,SAL-2104,,0,516740
SAL-00688,1,Salud,SAL-4105,Clínica Oriente,0,4968952
SAL-00688,2,Salud,SAL-4106,Clínica Oriente,0,6073164
SAL-00688,3,Salud,SAL-4105,Clínica Centro,0,3831986
SAL-00688,4,Salud,SAL-4106,Clínica Centro,0,4683538
SAL-00688,5,Salud,SAL-4105,Clínica Poniente,0,2115198
SAL-00688,6,Salud,SAL-4106,Clínica Poniente,0,2585242
SAL-00688,7,Salud,SAL-4101,Clínica Oriente,0,10215930
SAL-00688,8,Salud,SAL-4102,Clínica Oriente,0,4378256
SAL-00688,9,Salud,SAL-4101,Clínica Centro,0,7957217
SAL-00688,10,Salud,SAL-4102,Clínica Centro,0,3410236
SAL-00688,11,Salud,SAL-4101,Clínica Poniente,0,4573128
SAL-00688,12,Salud,SAL-4102,Clínica Poniente,0,1959912
SAL-00688,13,Salud,SAL-4104,Clínica Oriente,0,5802309
SAL-00688,14,Salud,SAL-4103,Clínica Oriente,0,1934103
SAL-00688,15,Salud,SAL-4104,Clínica Centro,0,4524856
SAL-00688,16,Salud,SAL-4103,Clínica Centro,0,1508285
SAL-00688,17,Salud,SAL-4104,Clínica Poniente,0,2612815
SAL-00688,18,Salud,SAL-4103,Clínica Poniente,0,870939
SAL-00688,19,Salud,SAL-1102,,74006066,0
SAL-00689,1,Salud,SAL-1101,,67597871,0
SAL-00689,2,Salud,SAL-1102,,0,67597871
SAL-00690,1,Salud,SAL-1103,,8905459,0
SAL-00690,2,Salud,SAL-2101,,0,8905459
SAL-00691,1,Salud,SAL-5104,Clínica Oriente,2154520,0
SAL-00691,2,Salud,SAL-5103,Clínica Oriente,1762789,0
SAL-00691,3,Salud,SAL-5104,Clínica Centro,1699712,0
SAL-00691,4,Salud,SAL-5103,Clínica Centro,1390673,0
SAL-00691,5,Salud,SAL-5104,Clínica Poniente,1025802,0
SAL-00691,6,Salud,SAL-5103,Clínica Poniente,839293,0
SAL-00691,7,Salud,SAL-1103,,0,8872789
SAL-00692,1,Salud,SAL-6103,Clínica Oriente,907820,0
SAL-00692,2,Salud,SAL-6104,Clínica Oriente,395808,0
SAL-00692,3,Salud,SAL-6103,Clínica Centro,711763,0
SAL-00692,4,Salud,SAL-6104,Clínica Centro,315154,0
SAL-00692,5,Salud,SAL-6103,Clínica Poniente,419643,0
SAL-00692,6,Salud,SAL-6104,Clínica Poniente,196701,0
SAL-00692,7,Salud,SAL-6102,Clínica Oriente,862053,0
SAL-00692,8,Salud,SAL-6101,Clínica Oriente,871658,0
SAL-00692,9,Salud,SAL-6102,Clínica Centro,673954,0
SAL-00692,10,Salud,SAL-6101,Clínica Centro,688361,0
SAL-00692,11,Salud,SAL-6102,Clínica Poniente,393006,0
SAL-00692,12,Salud,SAL-6101,Clínica Poniente,417019,0
SAL-00692,13,Salud,SAL-6108,Clínica Oriente,568041,0
SAL-00692,14,Salud,SAL-6107,Clínica Oriente,381882,0
SAL-00692,15,Salud,SAL-6108,Clínica Centro,443537,0
SAL-00692,16,Salud,SAL-6107,Clínica Centro,300473,0
SAL-00692,17,Salud,SAL-6108,Clínica Poniente,257377,0
SAL-00692,18,Salud,SAL-6107,Clínica Poniente,179555,0
SAL-00692,19,Salud,SAL-2101,,0,8983805
SAL-00693,1,Salud,SAL-5105,Clínica Oriente,9669363,0
SAL-00693,2,Salud,SAL-5106,Clínica Oriente,3240888,0
SAL-00693,3,Salud,SAL-5105,Clínica Centro,7539862,0
SAL-00693,4,Salud,SAL-5106,Clínica Centro,2539937,0
SAL-00693,5,Salud,SAL-5105,Clínica Poniente,4352274,0
SAL-00693,6,Salud,SAL-5106,Clínica Poniente,1495174,0
SAL-00693,7,Salud,SAL-5102,Clínica Oriente,4863136,0
SAL-00693,8,Salud,SAL-5101,Clínica Oriente,1205241,0
SAL-00693,9,Salud,SAL-5102,Clínica Centro,3828124,0
SAL-00693,10,Salud,SAL-5101,Clínica Centro,941217,0
SAL-00693,11,Salud,SAL-5102,Clínica Poniente,2291420,0
SAL-00693,12,Salud,SAL-5101,Clínica Poniente,546499,0
SAL-00693,13,Salud,SAL-6106,Clínica Oriente,2033417,0
SAL-00693,14,Salud,SAL-6105,Clínica Oriente,358839,0
SAL-00693,15,Salud,SAL-6106,Clínica Centro,1603128,0
SAL-00693,16,Salud,SAL-6105,Clínica Centro,282905,0
SAL-00693,17,Salud,SAL-6106,Clínica Poniente,965165,0
SAL-00693,18,Salud,SAL-6105,Clínica Poniente,170323,0
SAL-00693,19,Salud,SAL-2102,,0,47926912
SAL-00694,1,Salud,SAL-2102,,48592682,0
SAL-00694,2,Salud,SAL-1101,,0,48592682
SAL-00695,1,Salud,SAL-2101,,17783607,0
SAL-00695,2,Salud,SAL-1101,,0,17783607
SAL-00696,1,Salud,SAL-1201,,1700008,0
SAL-00696,2,Salud,SAL-1101,,0,1700008
SAL-00697,1,Salud,SAL-6901,,3577434,0
SAL-00697,2,Salud,SAL-1202,,0,3577434
SAL-00698,1,Salud,SAL-6902,,1341166,0
SAL-00698,2,Salud,SAL-1101,,0,1341166
SAL-00699,1,Salud,SAL-2201,,527369,0
SAL-00699,2,Salud,SAL-1101,,0,527369
SAL-00700,1,Salud,SAL-6903,,892069,0
SAL-00700,2,Salud,SAL-2104,,0,892069
SAL-00701,1,Salud,SAL-4105,Clínica Oriente,0,5558047
SAL-00701,2,Salud,SAL-4106,Clínica Oriente,0,6793169
SAL-00701,3,Salud,SAL-4105,Clínica Centro,0,4281118
SAL-00701,4,Salud,SAL-4106,Clínica Centro,0,5232478
SAL-00701,5,Salud,SAL-4105,Clínica Poniente,0,2351255
SAL-00701,6,Salud,SAL-4106,Clínica Poniente,0,2873757
SAL-00701,7,Salud,SAL-4101,Clínica Oriente,0,11411858
SAL-00701,8,Salud,SAL-4102,Clínica Oriente,0,4890797
SAL-00701,9,Salud,SAL-4101,Clínica Centro,0,8867045
SAL-00701,10,Salud,SAL-4102,Clínica Centro,0,3800162
SAL-00701,11,Salud,SAL-4101,Clínica Poniente,0,5046763
SAL-00701,12,Salud,SAL-4102,Clínica Poniente,0,2162899
SAL-00701,13,Salud,SAL-4104,Clínica Oriente,0,6566653
SAL-00701,14,Salud,SAL-4103,Clínica Oriente,0,2188884
SAL-00701,15,Salud,SAL-4104,Clínica Centro,0,5169980
SAL-00701,16,Salud,SAL-4103,Clínica Centro,0,1723326
SAL-00701,17,Salud,SAL-4104,Clínica Poniente,0,3096633
SAL-00701,18,Salud,SAL-4103,Clínica Poniente,0,1032211
SAL-00701,19,Salud,SAL-1102,,83047035,0
SAL-00702,1,Salud,SAL-1101,,69589478,0
SAL-00702,2,Salud,SAL-1102,,0,69589478
SAL-00703,1,Salud,SAL-1103,,10388644,0
SAL-00703,2,Salud,SAL-2101,,0,10388644
SAL-00704,1,Salud,SAL-5104,Clínica Oriente,2456980,0
SAL-00704,2,Salud,SAL-5103,Clínica Oriente,2010257,0
SAL-00704,3,Salud,SAL-5104,Clínica Centro,1969471,0
SAL-00704,4,Salud,SAL-5103,Clínica Centro,1611385,0
SAL-00704,5,Salud,SAL-5104,Clínica Poniente,1258451,0
SAL-00704,6,Salud,SAL-5103,Clínica Poniente,1029642,0
SAL-00704,7,Salud,SAL-1103,,0,10336186
SAL-00705,1,Salud,SAL-6103,Clínica Oriente,1017151,0
SAL-00705,2,Salud,SAL-6104,Clínica Oriente,443766,0
SAL-00705,3,Salud,SAL-6103,Clínica Centro,797727,0
SAL-00705,4,Salud,SAL-6104,Clínica Centro,353649,0
SAL-00705,5,Salud,SAL-6103,Clínica Poniente,470879,0
SAL-00705,6,Salud,SAL-6104,Clínica Poniente,221415,0
SAL-00705,7,Salud,SAL-6102,Clínica Oriente,964483,0
SAL-00705,8,Salud,SAL-6101,Clínica Oriente,973300,0
SAL-00705,9,Salud,SAL-6102,Clínica Centro,753338,0
SAL-00705,10,Salud,SAL-6101,Clínica Centro,766562,0
SAL-00705,11,Salud,SAL-6102,Clínica Poniente,437721,0
SAL-00705,12,Salud,SAL-6101,Clínica Poniente,459762,0
SAL-00705,13,Salud,SAL-6108,Clínica Oriente,635539,0
SAL-00705,14,Salud,SAL-6107,Clínica Oriente,426159,0
SAL-00705,15,Salud,SAL-6108,Clínica Centro,495644,0
SAL-00705,16,Salud,SAL-6107,Clínica Centro,334128,0
SAL-00705,17,Salud,SAL-6108,Clínica Poniente,286264,0
SAL-00705,18,Salud,SAL-6107,Clínica Poniente,197007,0
SAL-00705,19,Salud,SAL-2101,,0,10034494
SAL-00706,1,Salud,SAL-5105,Clínica Oriente,10989922,0
SAL-00706,2,Salud,SAL-5106,Clínica Oriente,3789922,0
SAL-00706,3,Salud,SAL-5105,Clínica Centro,8684883,0
SAL-00706,4,Salud,SAL-5106,Clínica Centro,3084882,0
SAL-00706,5,Salud,SAL-5105,Clínica Poniente,5274804,0
SAL-00706,6,Salud,SAL-5106,Clínica Poniente,2074804,0
SAL-00706,7,Salud,SAL-5102,Clínica Oriente,5582185,0
SAL-00706,8,Salud,SAL-5101,Clínica Oriente,1361162,0
SAL-00706,9,Salud,SAL-5102,Clínica Centro,4490697,0
SAL-00706,10,Salud,SAL-5101,Clínica Centro,1071098,0
SAL-00706,11,Salud,SAL-5102,Clínica Poniente,2905041,0
SAL-00706,12,Salud,SAL-5101,Clínica Poniente,640300,0
SAL-00706,13,Salud,SAL-6106,Clínica Oriente,2279931,0
SAL-00706,14,Salud,SAL-6105,Clínica Oriente,402341,0
SAL-00706,15,Salud,SAL-6106,Clínica Centro,1799136,0
SAL-00706,16,Salud,SAL-6105,Clínica Centro,317494,0
SAL-00706,17,Salud,SAL-6106,Clínica Poniente,1086896,0
SAL-00706,18,Salud,SAL-6105,Clínica Poniente,191805,0
SAL-00706,19,Salud,SAL-2102,,0,56027303
SAL-00707,1,Salud,SAL-2102,,47926912,0
SAL-00707,2,Salud,SAL-1101,,0,47926912
SAL-00708,1,Salud,SAL-2101,,17854828,0
SAL-00708,2,Salud,SAL-1101,,0,17854828
SAL-00709,1,Salud,SAL-1201,,3125387,0
SAL-00709,2,Salud,SAL-1101,,0,3125387
SAL-00710,1,Salud,SAL-6901,,3598270,0
SAL-00710,2,Salud,SAL-1202,,0,3598270
SAL-00711,1,Salud,SAL-6902,,1337650,0
SAL-00711,2,Salud,SAL-1101,,0,1337650
SAL-00712,1,Salud,SAL-2201,,527369,0
SAL-00712,2,Salud,SAL-1101,,0,527369
SAL-00713,1,Salud,SAL-6903,,462546,0
SAL-00713,2,Salud,SAL-2104,,0,462546
SAL-00714,1,Salud,SAL-4105,Clínica Oriente,0,5634321
SAL-00714,2,Salud,SAL-4106,Clínica Oriente,0,6886393
SAL-00714,3,Salud,SAL-4105,Clínica Centro,0,4395529
SAL-00714,4,Salud,SAL-4106,Clínica Centro,0,5372314
SAL-00714,5,Salud,SAL-4105,Clínica Poniente,0,2541940
SAL-00714,6,Salud,SAL-4106,Clínica Poniente,0,3106816
SAL-00714,7,Salud,SAL-4101,Clínica Oriente,0,11372054
SAL-00714,8,Salud,SAL-4102,Clínica Oriente,0,4873737
SAL-00714,9,Salud,SAL-4101,Clínica Centro,0,8807338
SAL-00714,10,Salud,SAL-4102,Clínica Centro,0,3774573
SAL-00714,11,Salud,SAL-4101,Clínica Poniente,0,4947252
SAL-00714,12,Salud,SAL-4102,Clínica Poniente,0,2120251
SAL-00714,13,Salud,SAL-4104,Clínica Oriente,0,6548103
SAL-00714,14,Salud,SAL-4103,Clínica Oriente,0,2182701
SAL-00714,15,Salud,SAL-4104,Clínica Centro,0,5142154
SAL-00714,16,Salud,SAL-4103,Clínica Centro,0,1714052
SAL-00714,17,Salud,SAL-4104,Clínica Poniente,0,3050257
SAL-00714,18,Salud,SAL-4103,Clínica Poniente,0,1016752
SAL-00714,19,Salud,SAL-1102,,83486537,0
SAL-00715,1,Salud,SAL-1101,,73665961,0
SAL-00715,2,Salud,SAL-1102,,0,73665961
SAL-00716,1,Salud,SAL-1103,,10475531,0
SAL-00716,2,Salud,SAL-2101,,0,10475531
SAL-00717,1,Salud,SAL-5104,Clínica Oriente,2479306,0
SAL-00717,2,Salud,SAL-5103,Clínica Oriente,2028523,0
SAL-00717,3,Salud,SAL-5104,Clínica Centro,2002959,0
SAL-00717,4,Salud,SAL-5103,Clínica Centro,1638784,0
SAL-00717,5,Salud,SAL-5104,Clínica Poniente,1314265,0
SAL-00717,6,Salud,SAL-5103,Clínica Poniente,1075308,0
SAL-00717,7,Salud,SAL-1103,,0,10539145
SAL-00718,1,Salud,SAL-6103,Clínica Oriente,1015717,0
SAL-00718,2,Salud,SAL-6104,Clínica Oriente,441921,0
SAL-00718,3,Salud,SAL-6103,Clínica Centro,795575,0
SAL-00718,4,Salud,SAL-6104,Clínica Centro,350882,0
SAL-00718,5,Salud,SAL-6103,Clínica Poniente,467291,0
SAL-00718,6,Salud,SAL-6104,Clínica Poniente,216803,0
SAL-00718,7,Salud,SAL-6102,Clínica Oriente,965156,0
SAL-00718,8,Salud,SAL-6101,Clínica Oriente,975319,0
SAL-00718,9,Salud,SAL-6102,Clínica Centro,754347,0
SAL-00718,10,Salud,SAL-6101,Clínica Centro,769591,0
SAL-00718,11,Salud,SAL-6102,Clínica Poniente,439403,0
SAL-00718,12,Salud,SAL-6101,Clínica Poniente,464810,0
SAL-00718,13,Salud,SAL-6108,Clínica Oriente,634938,0
SAL-00718,14,Salud,SAL-6107,Clínica Oriente,424955,0
SAL-00718,15,Salud,SAL-6108,Clínica Centro,494742,0
SAL-00718,16,Salud,SAL-6107,Clínica Centro,332323,0
SAL-00718,17,Salud,SAL-6108,Clínica Poniente,284759,0
SAL-00718,18,Salud,SAL-6107,Clínica Poniente,193998,0
SAL-00718,19,Salud,SAL-2101,,0,10022530
SAL-00719,1,Salud,SAL-5105,Clínica Oriente,11077146,0
SAL-00719,2,Salud,SAL-5106,Clínica Oriente,3877146,0
SAL-00719,3,Salud,SAL-5105,Clínica Centro,8815719,0
SAL-00719,4,Salud,SAL-5106,Clínica Centro,3215719,0
SAL-00719,5,Salud,SAL-5105,Clínica Poniente,5492864,0
SAL-00719,6,Salud,SAL-5106,Clínica Poniente,2292864,0
SAL-00719,7,Salud,SAL-5102,Clínica Oriente,5623733,0
SAL-00719,8,Salud,SAL-5101,Clínica Oriente,1364625,0
SAL-00719,9,Salud,SAL-5102,Clínica Centro,4553020,0
SAL-00719,10,Salud,SAL-5101,Clínica Centro,1076292,0
SAL-00719,11,Salud,SAL-5102,Clínica Poniente,3008913,0
SAL-00719,12,Salud,SAL-5101,Clínica Poniente,648956,0
SAL-00719,13,Salud,SAL-6106,Clínica Oriente,2259184,0
SAL-00719,14,Salud,SAL-6105,Clínica Oriente,398680,0
SAL-00719,15,Salud,SAL-6106,Clínica Centro,1768017,0
SAL-00719,16,Salud,SAL-6105,Clínica Centro,312002,0
SAL-00719,17,Salud,SAL-6106,Clínica Poniente,1035031,0
SAL-00719,18,Salud,SAL-6105,Clínica Poniente,182653,0
SAL-00719,19,Salud,SAL-2102,,0,57002564
SAL-00720,1,Salud,SAL-2102,,56027303,0
SAL-00720,2,Salud,SAL-1101,,0,56027303
SAL-00721,1,Salud,SAL-2101,,19156201,0
SAL-00721,2,Salud,SAL-1101,,0,19156201
SAL-00722,1,Salud,SAL-1201,,1617694,0
SAL-00722,2,Salud,SAL-1101,,0,1617694
SAL-00723,1,Salud,SAL-6901,,3609055,0
SAL-00723,2,Salud,SAL-1202,,0,3609055
SAL-00724,1,Salud,SAL-6902,,1334134,0
SAL-00724,2,Salud,SAL-1101,,0,1334134
SAL-00725,1,Salud,SAL-2201,,527369,0
SAL-00725,2,Salud,SAL-1101,,0,527369
SAL-00726,1,Salud,SAL-6903,,264359,0
SAL-00726,2,Salud,SAL-2104,,0,264359
SAL-00727,1,Salud,SAL-4105,Clínica Oriente,0,5574364
SAL-00727,2,Salud,SAL-4106,Clínica Oriente,0,6813111
SAL-00727,3,Salud,SAL-4105,Clínica Centro,0,4305593
SAL-00727,4,Salud,SAL-4106,Clínica Centro,0,5262392
SAL-00727,5,Salud,SAL-4105,Clínica Poniente,0,2392047
SAL-00727,6,Salud,SAL-4106,Clínica Poniente,0,2923613
SAL-00727,7,Salud,SAL-4101,Clínica Oriente,0,11344078
SAL-00727,8,Salud,SAL-4102,Clínica Oriente,0,4861748
SAL-00727,9,Salud,SAL-4101,Clínica Centro,0,8765374
SAL-00727,10,Salud,SAL-4102,Clínica Centro,0,3756589
SAL-00727,11,Salud,SAL-4101,Clínica Poniente,0,4877312
SAL-00727,12,Salud,SAL-4102,Clínica Poniente,0,2090276
SAL-00727,13,Salud,SAL-4104,Clínica Oriente,0,6503346
SAL-00727,14,Salud,SAL-4103,Clínica Oriente,0,2167782
SAL-00727,15,Salud,SAL-4104,Clínica Centro,0,5075018
SAL-00727,16,Salud,SAL-4103,Clínica Centro,0,1691673
SAL-00727,17,Salud,SAL-4104,Clínica Poniente,0,2938364
SAL-00727,18,Salud,SAL-4103,Clínica Poniente,0,979455
SAL-00727,19,Salud,SAL-1102,,82322135,0
SAL-00728,1,Salud,SAL-1101,,75136896,0
SAL-00728,2,Salud,SAL-1102,,0,75136896
SAL-00729,1,Salud,SAL-1103,,10614989,0
SAL-00729,2,Salud,SAL-2101,,0,10614989
SAL-00730,1,Salud,SAL-5104,Clínica Oriente,2453802,0
SAL-00730,2,Salud,SAL-5103,Clínica Oriente,2007656,0
SAL-00730,3,Salud,SAL-5104,Clínica Centro,1964703,0
SAL-00730,4,Salud,SAL-5103,Clínica Centro,1607485,0
SAL-00730,5,Salud,SAL-5104,Clínica Poniente,1250506,0
SAL-00730,6,Salud,SAL-5103,Clínica Poniente,1023141,0
SAL-00730,7,Salud,SAL-1103,,0,10307293
SAL-00731,1,Salud,SAL-6103,Clínica Oriente,1011949,0
SAL-00731,2,Salud,SAL-6104,Clínica Oriente,437077,0
SAL-00731,3,Salud,SAL-6103,Clínica Centro,789923,0
SAL-00731,4,Salud,SAL-6104,Clínica Centro,343615,0
SAL-00731,5,Salud,SAL-6103,Clínica Poniente,457871,0
SAL-00731,6,Salud,SAL-6104,Clínica Poniente,204692,0
SAL-00731,7,Salud,SAL-6102,Clínica Oriente,965493,0
SAL-00731,8,Salud,SAL-6101,Clínica Oriente,976329,0
SAL-00731,9,Salud,SAL-6102,Clínica Centro,754852,0
SAL-00731,10,Salud,SAL-6101,Clínica Centro,771106,0
SAL-00731,11,Salud,SAL-6102,Clínica Poniente,440245,0
SAL-00731,12,Salud,SAL-6101,Clínica Poniente,467336,0
SAL-00731,13,Salud,SAL-6108,Clínica Oriente,640564,0
SAL-00731,14,Salud,SAL-6107,Clínica Oriente,436209,0
SAL-00731,15,Salud,SAL-6108,Clínica Centro,503181,0
SAL-00731,16,Salud,SAL-6107,Clínica Centro,349203,0
SAL-00731,17,Salud,SAL-6108,Clínica Poniente,298826,0
SAL-00731,18,Salud,SAL-6107,Clínica Poniente,222131,0
SAL-00731,19,Salud,SAL-2101,,0,10070602
SAL-00732,1,Salud,SAL-5105,Clínica Oriente,11092950,0
SAL-00732,2,Salud,SAL-5106,Clínica Oriente,3892950,0
SAL-00732,3,Salud,SAL-5105,Clínica Centro,8839425,0
SAL-00732,4,Salud,SAL-5106,Clínica Centro,3239425,0
SAL-00732,5,Salud,SAL-5105,Clínica Poniente,5532376,0
SAL-00732,6,Salud,SAL-5106,Clínica Poniente,2332376,0
SAL-00732,7,Salud,SAL-5102,Clínica Oriente,5568690,0
SAL-00732,8,Salud,SAL-5101,Clínica Oriente,1360038,0
SAL-00732,9,Salud,SAL-5102,Clínica Centro,4470455,0
SAL-00732,10,Salud,SAL-5101,Clínica Centro,1069411,0
SAL-00732,11,Salud,SAL-5102,Clínica Poniente,2871305,0
SAL-00732,12,Salud,SAL-5101,Clínica Poniente,637489,0
SAL-00732,13,Salud,SAL-6106,Clínica Oriente,2267005,0
SAL-00732,14,Salud,SAL-6105,Clínica Oriente,400060,0
SAL-00732,15,Salud,SAL-6106,Clínica Centro,1779747,0
SAL-00732,16,Salud,SAL-6105,Clínica Centro,314073,0
SAL-00732,17,Salud,SAL-6106,Clínica Poniente,1054583,0
SAL-00732,18,Salud,SAL-6105,Clínica Poniente,186103,0
SAL-00732,19,Salud,SAL-2102,,0,56908461
SAL-00733,1,Salud,SAL-2102,,57002564,0
SAL-00733,2,Salud,SAL-1101,,0,57002564
SAL-00734,1,Salud,SAL-2101,,20460599,0
SAL-00734,2,Salud,SAL-1101,,0,20460599
SAL-00735,1,Salud,SAL-1201,,2277147,0
SAL-00735,2,Salud,SAL-1101,,0,2277147
SAL-00736,1,Salud,SAL-6901,,3624236,0
SAL-00736,2,Salud,SAL-1202,,0,3624236
SAL-00737,1,Salud,SAL-6902,,1330618,0
SAL-00737,2,Salud,SAL-1101,,0,1330618
SAL-00738,1,Salud,SAL-2201,,527369,0
SAL-00738,2,Salud,SAL-1101,,0,527369
SAL-00739,1,Salud,SAL-6903,,21850,0
SAL-00739,2,Salud,SAL-2104,,0,21850
SAL-00740,1,Salud,SAL-4105,Clínica Oriente,0,5005854
SAL-00740,2,Salud,SAL-4106,Clínica Oriente,0,6118267
SAL-00740,3,Salud,SAL-4105,Clínica Centro,0,3887339
SAL-00740,4,Salud,SAL-4106,Clínica Centro,0,4751192
SAL-00740,5,Salud,SAL-4105,Clínica Poniente,0,2207453
SAL-00740,6,Salud,SAL-4106,Clínica Poniente,0,2697999
SAL-00740,7,Salud,SAL-4101,Clínica Oriente,0,10155508
SAL-00740,8,Salud,SAL-4102,Clínica Oriente,0,4352361
SAL-00740,9,Salud,SAL-4101,Clínica Centro,0,7866584
SAL-00740,10,Salud,SAL-4102,Clínica Centro,0,3371393
SAL-00740,11,Salud,SAL-4101,Clínica Poniente,0,4422072
SAL-00740,12,Salud,SAL-4102,Clínica Poniente,0,1895174
SAL-00740,13,Salud,SAL-4104,Clínica Oriente,0,5768396
SAL-00740,14,Salud,SAL-4103,Clínica Oriente,0,1922799
SAL-00740,15,Salud,SAL-4104,Clínica Centro,0,4473987
SAL-00740,16,Salud,SAL-4103,Clínica Centro,0,1491329
SAL-00740,17,Salud,SAL-4104,Clínica Poniente,0,2528034
SAL-00740,18,Salud,SAL-4103,Clínica Poniente,0,842678
SAL-00740,19,Salud,SAL-1102,,73758419,0
SAL-00741,1,Salud,SAL-1101,,79948621,0
SAL-00741,2,Salud,SAL-1102,,0,79948621
SAL-00742,1,Salud,SAL-1103,,8427766,0
SAL-00742,2,Salud,SAL-2101,,0,8427766
SAL-00743,1,Salud,SAL-5104,Clínica Oriente,2128895,0
SAL-00743,2,Salud,SAL-5103,Clínica Oriente,1741823,0
SAL-00743,3,Salud,SAL-5104,Clínica Centro,1661275,0
SAL-00743,4,Salud,SAL-5103,Clínica Centro,1359224,0
SAL-00743,5,Salud,SAL-5104,Clínica Poniente,961739,0
SAL-00743,6,Salud,SAL-5103,Clínica Poniente,786878,0
SAL-00743,7,Salud,SAL-1103,,0,8639834
SAL-00744,1,Salud,SAL-6103,Clínica Oriente,906971,0
SAL-00744,2,Salud,SAL-6104,Clínica Oriente,394716,0
SAL-00744,3,Salud,SAL-6103,Clínica Centro,710490,0
SAL-00744,4,Salud,SAL-6104,Clínica Centro,313516,0
SAL-00744,5,Salud,SAL-6103,Clínica Poniente,417521,0
SAL-00744,6,Salud,SAL-6104,Clínica Poniente,193972,0
SAL-00744,7,Salud,SAL-6102,Clínica Oriente,861801,0
SAL-00744,8,Salud,SAL-6101,Clínica Oriente,870902,0
SAL-00744,9,Salud,SAL-6102,Clínica Centro,673576,0
SAL-00744,10,Salud,SAL-6101,Clínica Centro,687228,0
SAL-00744,11,Salud,SAL-6102,Clínica Poniente,392376,0
SAL-00744,12,Salud,SAL-6101,Clínica Poniente,415129,0
SAL-00744,13,Salud,SAL-6108,Clínica Oriente,568215,0
SAL-00744,14,Salud,SAL-6107,Clínica Oriente,382231,0
SAL-00744,15,Salud,SAL-6108,Clínica Centro,443798,0
SAL-00744,16,Salud,SAL-6107,Clínica Centro,300997,0
SAL-00744,17,Salud,SAL-6108,Clínica Poniente,257814,0
SAL-00744,18,Salud,SAL-6107,Clínica Poniente,180428,0
SAL-00744,19,Salud,SAL-2101,,0,8971681
SAL-00745,1,Salud,SAL-5105,Clínica Oriente,9719220,0
SAL-00745,2,Salud,SAL-5106,Clínica Oriente,3290745,0
SAL-00745,3,Salud,SAL-5105,Clínica Centro,7614648,0
SAL-00745,4,Salud,SAL-5106,Clínica Centro,2614722,0
SAL-00745,5,Salud,SAL-5105,Clínica Poniente,4476918,0
SAL-00745,6,Salud,SAL-5106,Clínica Poniente,1619818,0
SAL-00745,7,Salud,SAL-5102,Clínica Oriente,4800526,0
SAL-00745,8,Salud,SAL-5101,Clínica Oriente,1200024,0
SAL-00745,9,Salud,SAL-5102,Clínica Centro,3734209,0
SAL-00745,10,Salud,SAL-5101,Clínica Centro,933391,0
SAL-00745,11,Salud,SAL-5102,Clínica Poniente,2134895,0
SAL-00745,12,Salud,SAL-5101,Clínica Poniente,533455,0
SAL-00745,13,Salud,SAL-6106,Clínica Oriente,2007284,0
SAL-00745,14,Salud,SAL-6105,Clínica Oriente,354227,0
SAL-00745,15,Salud,SAL-6106,Clínica Centro,1563929,0
SAL-00745,16,Salud,SAL-6105,Clínica Centro,275988,0
SAL-00745,17,Salud,SAL-6106,Clínica Poniente,899833,0
SAL-00745,18,Salud,SAL-6105,Clínica Poniente,158794,0
SAL-00745,19,Salud,SAL-2102,,0,47932626
SAL-00746,1,Salud,SAL-2102,,56908461,0
SAL-00746,2,Salud,SAL-1101,,0,56908461
SAL-00747,1,Salud,SAL-2101,,20591826,0
SAL-00747,2,Salud,SAL-1101,,0,20591826
SAL-00748,1,Salud,SAL-1201,,1239299,0
SAL-00748,2,Salud,SAL-1101,,0,1239299
SAL-00749,1,Salud,SAL-6901,,3632498,0
SAL-00749,2,Salud,SAL-1202,,0,3632498
SAL-00750,1,Salud,SAL-6902,,1327102,0
SAL-00750,2,Salud,SAL-1101,,0,1327102
SAL-00751,1,Salud,SAL-2201,,527369,0
SAL-00751,2,Salud,SAL-1101,,0,527369
SAL-00752,1,Salud,SAL-6903,,878763,0
SAL-00752,2,Salud,SAL-2104,,0,878763
SAL-00753,1,Salud,SAL-4105,Clínica Oriente,0,4943304
SAL-00753,2,Salud,SAL-4106,Clínica Oriente,0,6041817
SAL-00753,3,Salud,SAL-4105,Clínica Centro,0,3793514
SAL-00753,4,Salud,SAL-4106,Clínica Centro,0,4636517
SAL-00753,5,Salud,SAL-4105,Clínica Poniente,0,2051078
SAL-00753,6,Salud,SAL-4106,Clínica Poniente,0,2506873
SAL-00753,7,Salud,SAL-4101,Clínica Oriente,0,10290474
SAL-00753,8,Salud,SAL-4102,Clínica Oriente,0,4410203
SAL-00753,9,Salud,SAL-4101,Clínica Centro,0,8069034
SAL-00753,10,Salud,SAL-4102,Clínica Centro,0,3458157
SAL-00753,11,Salud,SAL-4101,Clínica Poniente,0,4759488
SAL-00753,12,Salud,SAL-4102,Clínica Poniente,0,2039780
SAL-00753,13,Salud,SAL-4104,Clínica Oriente,0,5728047
SAL-00753,14,Salud,SAL-4103,Clínica Oriente,0,1909349
SAL-00753,15,Salud,SAL-4104,Clínica Centro,0,4413463
SAL-00753,16,Salud,SAL-4103,Clínica Centro,0,1471154
SAL-00753,17,Salud,SAL-4104,Clínica Poniente,0,2427160
SAL-00753,18,Salud,SAL-4103,Clínica Poniente,0,809053
SAL-00753,19,Salud,SAL-1102,,73758465,0
SAL-00754,1,Salud,SAL-1101,,83158051,0
SAL-00754,2,Salud,SAL-1102,,0,83158051
SAL-00755,1,Salud,SAL-1103,,8340044,0
SAL-00755,2,Salud,SAL-2101,,0,8340044
SAL-00756,1,Salud,SAL-5104,Clínica Oriente,2117920,0
SAL-00756,2,Salud,SAL-5103,Clínica Oriente,1732843,0
SAL-00756,3,Salud,SAL-5104,Clínica Centro,1644812,0
SAL-00756,4,Salud,SAL-5103,Clínica Centro,1345755,0
SAL-00756,5,Salud,SAL-5104,Clínica Poniente,934302,0
SAL-00756,6,Salud,SAL-5103,Clínica Poniente,764429,0
SAL-00756,7,Salud,SAL-1103,,0,8540061
SAL-00757,1,Salud,SAL-6103,Clínica Oriente,910290,0
SAL-00757,2,Salud,SAL-6104,Clínica Oriente,398982,0
SAL-00757,3,Salud,SAL-6103,Clínica Centro,715467,0
SAL-00757,4,Salud,SAL-6104,Clínica Centro,319916,0
SAL-00757,5,Salud,SAL-6103,Clínica Poniente,425816,0
SAL-00757,6,Salud,SAL-6104,Clínica Poniente,204638,0
SAL-00757,7,Salud,SAL-6102,Clínica Oriente,864237,0
SAL-00757,8,Salud,SAL-6101,Clínica Oriente,878211,0
SAL-00757,9,Salud,SAL-6102,Clínica Centro,677231,0
SAL-00757,10,Salud,SAL-6101,Clínica Centro,698192,0
SAL-00757,11,Salud,SAL-6102,Clínica Poniente,398468,0
SAL-00757,12,Salud,SAL-6101,Clínica Poniente,433404,0
SAL-00757,13,Salud,SAL-6108,Clínica Oriente,571515,0
SAL-00757,14,Salud,SAL-6107,Clínica Oriente,388831,0
SAL-00757,15,Salud,SAL-6108,Clínica Centro,448748,0
SAL-00757,16,Salud,SAL-6107,Clínica Centro,310896,0
SAL-00757,17,Salud,SAL-6108,Clínica Poniente,266063,0
SAL-00757,18,Salud,SAL-6107,Clínica Poniente,196927,0
SAL-00757,19,Salud,SAL-2101,,0,9107832
SAL-00758,1,Salud,SAL-5105,Clínica Oriente,9640950,0
SAL-00758,2,Salud,SAL-5106,Clínica Oriente,3212476,0
SAL-00758,3,Salud,SAL-5105,Clínica Centro,7497243,0
SAL-00758,4,Salud,SAL-5106,Clínica Centro,2497318,0
SAL-00758,5,Salud,SAL-5105,Clínica Poniente,4281243,0
SAL-00758,6,Salud,SAL-5106,Clínica Poniente,1424143,0
SAL-00758,7,Salud,SAL-5102,Clínica Oriente,4916916,0
SAL-00758,8,Salud,SAL-5101,Clínica Oriente,1209723,0
SAL-00758,9,Salud,SAL-5102,Clínica Centro,3908795,0
SAL-00758,10,Salud,SAL-5101,Clínica Centro,947940,0
SAL-00758,11,Salud,SAL-5102,Clínica Poniente,2425871,0
SAL-00758,12,Salud,SAL-5101,Clínica Poniente,557703,0
SAL-00758,13,Salud,SAL-6106,Clínica Oriente,2005278,0
SAL-00758,14,Salud,SAL-6105,Clínica Oriente,353873,0
SAL-00758,15,Salud,SAL-6106,Clínica Centro,1560919,0
SAL-00758,16,Salud,SAL-6105,Clínica Centro,275456,0
SAL-00758,17,Salud,SAL-6106,Clínica Poniente,894817,0
SAL-00758,18,Salud,SAL-6105,Clínica Poniente,157909,0
SAL-00758,19,Salud,SAL-2102,,0,47768573
SAL-00759,1,Salud,SAL-2102,,47932626,0
SAL-00759,2,Salud,SAL-1101,,0,47932626
SAL-00760,1,Salud,SAL-2101,,19042519,0
SAL-00760,2,Salud,SAL-1101,,0,19042519
SAL-00761,1,Salud,SAL-1201,,2559653,0
SAL-00761,2,Salud,SAL-1101,,0,2559653
SAL-00762,1,Salud,SAL-6901,,3649562,0
SAL-00762,2,Salud,SAL-1202,,0,3649562
SAL-00763,1,Salud,SAL-6902,,1323587,0
SAL-00763,2,Salud,SAL-1101,,0,1323587
SAL-00764,1,Salud,SAL-2201,,527369,0
SAL-00764,2,Salud,SAL-1101,,0,527369
SAL-00765,1,Salud,SAL-6903,,909590,0
SAL-00765,2,Salud,SAL-2104,,0,909590
SAL-00766,1,Salud,SAL-4105,Clínica Oriente,0,4953588
SAL-00766,2,Salud,SAL-4106,Clínica Oriente,0,6054386
SAL-00766,3,Salud,SAL-4105,Clínica Centro,0,3808940
SAL-00766,4,Salud,SAL-4106,Clínica Centro,0,4655371
SAL-00766,5,Salud,SAL-4105,Clínica Poniente,0,2076788
SAL-00766,6,Salud,SAL-4106,Clínica Poniente,0,2538296
SAL-00766,7,Salud,SAL-4101,Clínica Oriente,0,10220544
SAL-00766,8,Salud,SAL-4102,Clínica Oriente,0,4380233
SAL-00766,9,Salud,SAL-4101,Clínica Centro,0,7964139
SAL-00766,10,Salud,SAL-4102,Clínica Centro,0,3413202
SAL-00766,11,Salud,SAL-4101,Clínica Poniente,0,4584663
SAL-00766,12,Salud,SAL-4102,Clínica Poniente,0,1964855
SAL-00766,13,Salud,SAL-4104,Clínica Oriente,0,5704244
SAL-00766,14,Salud,SAL-4103,Clínica Oriente,0,1901415
SAL-00766,15,Salud,SAL-4104,Clínica Centro,0,4377759
SAL-00766,16,Salud,SAL-4103,Clínica Centro,0,1459252
SAL-00766,17,Salud,SAL-4104,Clínica Poniente,0,2367653
SAL-00766,18,Salud,SAL-4103,Clínica Poniente,0,789218
SAL-00766,19,Salud,SAL-1102,,73214546,0
SAL-00767,1,Salud,SAL-1101,,81445118,0
SAL-00767,2,Salud,SAL-1102,,0,81445118
SAL-00768,1,Salud,SAL-1103,,9120340,0
SAL-00768,2,Salud,SAL-2101,,0,9120340
SAL-00769,1,Salud,SAL-5104,Clínica Oriente,2164472,0
SAL-00769,2,Salud,SAL-5103,Clínica Oriente,1770931,0
SAL-00769,3,Salud,SAL-5104,Clínica Centro,1714640,0
SAL-00769,4,Salud,SAL-5103,Clínica Centro,1402887,0
SAL-00769,5,Salud,SAL-5104,Clínica Poniente,1050682,0
SAL-00769,6,Salud,SAL-5103,Clínica Poniente,859649,0
SAL-00769,7,Salud,SAL-1103,,0,8963261
SAL-00770,1,Salud,SAL-6103,Clínica Oriente,903036,0
SAL-00770,2,Salud,SAL-6104,Clínica Oriente,389657,0
SAL-00770,3,Salud,SAL-6103,Clínica Centro,704587,0
SAL-00770,4,Salud,SAL-6104,Clínica Centro,305928,0
SAL-00770,5,Salud,SAL-6103,Clínica Poniente,407684,0
SAL-00770,6,Salud,SAL-6104,Clínica Poniente,181324,0
SAL-00770,7,Salud,SAL-6102,Clínica Oriente,862104,0
SAL-00770,8,Salud,SAL-6101,Clínica Oriente,871813,0
SAL-00770,9,Salud,SAL-6102,Clínica Centro,674031,0
SAL-00770,10,Salud,SAL-6101,Clínica Centro,688594,0
SAL-00770,11,Salud,SAL-6102,Clínica Poniente,393136,0
SAL-00770,12,Salud,SAL-6101,Clínica Poniente,417407,0
SAL-00770,13,Salud,SAL-6108,Clínica Oriente,570323,0
SAL-00770,14,Salud,SAL-6107,Clínica Oriente,386445,0
SAL-00770,15,Salud,SAL-6108,Clínica Centro,446959,0
SAL-00770,16,Salud,SAL-6107,Clínica Centro,307318,0
SAL-00770,17,Salud,SAL-6108,Clínica Poniente,263082,0
SAL-00770,18,Salud,SAL-6107,Clínica Poniente,190963,0
SAL-00770,19,Salud,SAL-2101,,0,8964391
SAL-00771,1,Salud,SAL-5105,Clínica Oriente,9692074,0
SAL-00771,2,Salud,SAL-5106,Clínica Oriente,3263598,0
SAL-00771,3,Salud,SAL-5105,Clínica Centro,7573928,0
SAL-00771,4,Salud,SAL-5106,Clínica Centro,2574003,0
SAL-00771,5,Salud,SAL-5105,Clínica Poniente,4409051,0
SAL-00771,6,Salud,SAL-5106,Clínica Poniente,1551951,0
SAL-00771,7,Salud,SAL-5102,Clínica Oriente,4798078,0
SAL-00771,8,Salud,SAL-5101,Clínica Oriente,1199820,0
SAL-00771,9,Salud,SAL-5102,Clínica Centro,3730537,0
SAL-00771,10,Salud,SAL-5101,Clínica Centro,933085,0
SAL-00771,11,Salud,SAL-5102,Clínica Poniente,2128774,0
SAL-00771,12,Salud,SAL-5101,Clínica Poniente,532944,0
SAL-00771,13,Salud,SAL-6106,Clínica Oriente,2000744,0
SAL-00771,14,Salud,SAL-6105,Clínica Oriente,353072,0
SAL-00771,15,Salud,SAL-6106,Clínica Centro,1554118,0
SAL-00771,16,Salud,SAL-6105,Clínica Centro,274256,0
SAL-00771,17,Salud,SAL-6106,Clínica Poniente,883481,0
SAL-00771,18,Salud,SAL-6105,Clínica Poniente,155908,0
SAL-00771,19,Salud,SAL-2102,,0,47609422
SAL-00772,1,Salud,SAL-2102,,47768573,0
SAL-00772,2,Salud,SAL-1101,,0,47768573
SAL-00773,1,Salud,SAL-2101,,17423661,0
SAL-00773,2,Salud,SAL-1101,,0,17423661
SAL-00774,1,Salud,SAL-1201,,2103425,0
SAL-00774,2,Salud,SAL-1101,,0,2103425
SAL-00775,1,Salud,SAL-6901,,3663585,0
SAL-00775,2,Salud,SAL-1202,,0,3663585
SAL-00776,1,Salud,SAL-6902,,1320071,0
SAL-00776,2,Salud,SAL-1101,,0,1320071
SAL-00777,1,Salud,SAL-2201,,527369,0
SAL-00777,2,Salud,SAL-1101,,0,527369
SAL-00778,1,Salud,SAL-6903,,727330,0
SAL-00778,2,Salud,SAL-2104,,0,727330
SAL-00779,1,Salud,SAL-2103,,5000000,0
SAL-00779,2,Salud,SAL-1101,,0,5000000
SAL-00780,1,Salud,SAL-4105,Clínica Oriente,0,4980993
SAL-00780,2,Salud,SAL-4106,Clínica Oriente,0,6087881
SAL-00780,3,Salud,SAL-4105,Clínica Centro,0,3850047
SAL-00780,4,Salud,SAL-4106,Clínica Centro,0,4705613
SAL-00780,5,Salud,SAL-4105,Clínica Poniente,0,2145300
SAL-00780,6,Salud,SAL-4106,Clínica Poniente,0,2622034
SAL-00780,7,Salud,SAL-4101,Clínica Oriente,0,10131516
SAL-00780,8,Salud,SAL-4102,Clínica Oriente,0,4342079
SAL-00780,9,Salud,SAL-4101,Clínica Centro,0,7830597
SAL-00780,10,Salud,SAL-4102,Clínica Centro,0,3355970
SAL-00780,11,Salud,SAL-4101,Clínica Poniente,0,4362094
SAL-00780,12,Salud,SAL-4102,Clínica Poniente,0,1869469
SAL-00780,13,Salud,SAL-4104,Clínica Oriente,0,5774931
SAL-00780,14,Salud,SAL-4103,Clínica Oriente,0,1924977
SAL-00780,15,Salud,SAL-4104,Clínica Centro,0,4483789
SAL-00780,16,Salud,SAL-4103,Clínica Centro,0,1494596
SAL-00780,17,Salud,SAL-4104,Clínica Poniente,0,2544369
SAL-00780,18,Salud,SAL-4103,Clínica Poniente,0,848123
SAL-00780,19,Salud,SAL-1102,,73354378,0
SAL-00781,1,Salud,SAL-1101,,76755726,0
SAL-00781,2,Salud,SAL-1102,,0,76755726
SAL-00782,1,Salud,SAL-1103,,8658973,0
SAL-00782,2,Salud,SAL-2101,,0,8658973
SAL-00783,1,Salud,SAL-5104,Clínica Oriente,2156615,0
SAL-00783,2,Salud,SAL-5103,Clínica Oriente,1764503,0
SAL-00783,3,Salud,SAL-5104,Clínica Centro,1702855,0
SAL-00783,4,Salud,SAL-5103,Clínica Centro,1393245,0
SAL-00783,5,Salud,SAL-5104,Clínica Poniente,1031039,0
SAL-00783,6,Salud,SAL-5103,Clínica Poniente,843578,0
SAL-00783,7,Salud,SAL-1103,,0,8891835
SAL-00784,1,Salud,SAL-6103,Clínica Oriente,895601,0
SAL-00784,2,Salud,SAL-6104,Clínica Oriente,380096,0
SAL-00784,3,Salud,SAL-6103,Clínica Centro,693433,0
SAL-00784,4,Salud,SAL-6104,Clínica Centro,291587,0
SAL-00784,5,Salud,SAL-6103,Clínica Poniente,389094,0
SAL-00784,6,Salud,SAL-6104,Clínica Poniente,157423,0
SAL-00784,7,Salud,SAL-6102,Clínica Oriente,863034,0
SAL-00784,8,Salud,SAL-6101,Clínica Oriente,874603,0
SAL-00784,9,Salud,SAL-6102,Clínica Centro,675426,0
SAL-00784,10,Salud,SAL-6101,Clínica Centro,692780,0
SAL-00784,11,Salud,SAL-6102,Clínica Poniente,395461,0
SAL-00784,12,Salud,SAL-6101,Clínica Poniente,424383,0
SAL-00784,13,Salud,SAL-6108,Clínica Oriente,567734,0
SAL-00784,14,Salud,SAL-6107,Clínica Oriente,381269,0
SAL-00784,15,Salud,SAL-6108,Clínica Centro,443077,0
SAL-00784,16,Salud,SAL-6107,Clínica Centro,299554,0
SAL-00784,17,Salud,SAL-6108,Clínica Poniente,256611,0
SAL-00784,18,Salud,SAL-6107,Clínica Poniente,178023,0
SAL-00784,19,Salud,SAL-2101,,0,8859189
SAL-00785,1,Salud,SAL-5105,Clínica Oriente,9722210,0
SAL-00785,2,Salud,SAL-5106,Clínica Oriente,3293735,0
SAL-00785,3,Salud,SAL-5105,Clínica Centro,7619133,0
SAL-00785,4,Salud,SAL-5106,Clínica Centro,2619208,0
SAL-00785,5,Salud,SAL-5105,Clínica Poniente,4484394,0
SAL-00785,6,Salud,SAL-5106,Clínica Poniente,1627294,0
SAL-00785,7,Salud,SAL-5102,Clínica Oriente,4834270,0
SAL-00785,8,Salud,SAL-5101,Clínica Oriente,1202836,0
SAL-00785,9,Salud,SAL-5102,Clínica Centro,3784825,0
SAL-00785,10,Salud,SAL-5101,Clínica Centro,937609,0
SAL-00785,11,Salud,SAL-5102,Clínica Poniente,2219254,0
SAL-00785,12,Salud,SAL-5101,Clínica Poniente,540484,0
SAL-00785,13,Salud,SAL-6106,Clínica Oriente,1998911,0
SAL-00785,14,Salud,SAL-6105,Clínica Oriente,352749,0
SAL-00785,15,Salud,SAL-6106,Clínica Centro,1551369,0
SAL-00785,16,Salud,SAL-6105,Clínica Centro,273771,0
SAL-00785,17,Salud,SAL-6106,Clínica Poniente,878900,0
SAL-00785,18,Salud,SAL-6105,Clínica Poniente,155100,0
SAL-00785,19,Salud,SAL-2102,,0,48096052
SAL-00786,1,Salud,SAL-2102,,47609422,0
SAL-00786,2,Salud,SAL-1101,,0,47609422
SAL-00787,1,Salud,SAL-2101,,17766303,0
SAL-00787,2,Salud,SAL-1101,,0,17766303
SAL-00788,1,Salud,SAL-1201,,2018679,0
SAL-00788,2,Salud,SAL-1101,,0,2018679
SAL-00789,1,Salud,SAL-6901,,3677043,0
SAL-00789,2,Salud,SAL-1202,,0,3677043
SAL-00790,1,Salud,SAL-6902,,1283222,0
SAL-00790,2,Salud,SAL-1101,,0,1283222
SAL-00791,1,Salud,SAL-2201,,527369,0
SAL-00791,2,Salud,SAL-1101,,0,527369
SAL-00792,1,Salud,SAL-6903,,687700,0
SAL-00792,2,Salud,SAL-2104,,0,687700
SAL-00793,1,Salud,SAL-2103,,5000000,0
SAL-00793,2,Salud,SAL-1101,,0,5000000
SAL-00794,1,Salud,SAL-4105,Clínica Oriente,60902385,0
SAL-00794,2,Salud,SAL-4106,Clínica Oriente,74436252,0
SAL-00794,3,Salud,SAL-4105,Clínica Centro,47135912,0
SAL-00794,4,Salud,SAL-4106,Clínica Centro,57610559,0
SAL-00794,5,Salud,SAL-4105,Clínica Poniente,26405687,0
SAL-00794,6,Salud,SAL-4106,Clínica Poniente,32273619,0
SAL-00794,7,Salud,SAL-4101,Clínica Oriente,124101704,0
SAL-00794,8,Salud,SAL-4102,Clínica Oriente,53186445,0
SAL-00794,9,Salud,SAL-4101,Clínica Centro,96205197,0
SAL-00794,10,Salud,SAL-4102,Clínica Centro,41230797,0
SAL-00794,11,Salud,SAL-4101,Clínica Poniente,54250243,0
SAL-00794,12,Salud,SAL-4102,Clínica Poniente,23250103,0
SAL-00794,13,Salud,SAL-4104,Clínica Oriente,70485303,0
SAL-00794,14,Salud,SAL-4103,Clínica Oriente,23495104,0
SAL-00794,15,Salud,SAL-4104,Clínica Centro,54707413,0
SAL-00794,16,Salud,SAL-4103,Clínica Centro,18235801,0
SAL-00794,17,Salud,SAL-4104,Clínica Poniente,31000967,0
SAL-00794,18,Salud,SAL-4103,Clínica Poniente,10333656,0
SAL-00794,19,Salud,SAL-5104,Clínica Oriente,0,26362958
SAL-00794,20,Salud,SAL-5103,Clínica Oriente,0,21569692
SAL-00794,21,Salud,SAL-5104,Clínica Centro,0,20837525
SAL-00794,22,Salud,SAL-5103,Clínica Centro,0,17048880
SAL-00794,23,Salud,SAL-5104,Clínica Poniente,0,12664663
SAL-00794,24,Salud,SAL-5103,Clínica Poniente,0,10362000
SAL-00794,25,Salud,SAL-6103,Clínica Oriente,0,11064654
SAL-00794,26,Salud,SAL-6104,Clínica Oriente,0,4807033
SAL-00794,27,Salud,SAL-6103,Clínica Centro,0,8660642
SAL-00794,28,Salud,SAL-6104,Clínica Centro,0,3809261
SAL-00794,29,Salud,SAL-6103,Clínica Poniente,0,5073595
SAL-00794,30,Salud,SAL-6104,Clínica Poniente,0,2336991
SAL-00794,31,Salud,SAL-6102,Clínica Oriente,0,10530392
SAL-00794,32,Salud,SAL-6101,Clínica Oriente,0,10657629
SAL-00794,33,Salud,SAL-6102,Clínica Centro,0,8236252
SAL-00794,34,Salud,SAL-6101,Clínica Centro,0,8427105
SAL-00794,35,Salud,SAL-6102,Clínica Poniente,0,4810946
SAL-00794,36,Salud,SAL-6101,Clínica Poniente,0,5129035
SAL-00794,37,Salud,SAL-6108,Clínica Oriente,0,6942846
SAL-00794,38,Salud,SAL-6107,Clínica Oriente,0,4676176
SAL-00794,39,Salud,SAL-6108,Clínica Centro,0,5425783
SAL-00794,40,Salud,SAL-6107,Clínica Centro,0,3688606
SAL-00794,41,Salud,SAL-6108,Clínica Poniente,0,3159111
SAL-00794,42,Salud,SAL-6107,Clínica Poniente,0,2225101
SAL-00794,43,Salud,SAL-5105,Clínica Oriente,0,119089964
SAL-00794,44,Salud,SAL-5106,Clínica Oriente,0,40597814
SAL-00794,45,Salud,SAL-5105,Clínica Centro,0,93601774
SAL-00794,46,Salud,SAL-5106,Clínica Centro,0,32552322
SAL-00794,47,Salud,SAL-5105,Clínica Poniente,0,55707435
SAL-00794,48,Salud,SAL-5106,Clínica Poniente,0,20822035
SAL-00794,49,Salud,SAL-5102,Clínica Oriente,0,59651498
SAL-00794,50,Salud,SAL-5101,Clínica Oriente,0,14738720
SAL-00794,51,Salud,SAL-5102,Clínica Centro,0,47150289
SAL-00794,52,Salud,SAL-5101,Clínica Centro,0,11526338
SAL-00794,53,Salud,SAL-5102,Clínica Poniente,0,28659703
SAL-00794,54,Salud,SAL-5101,Clínica Poniente,0,6729536
SAL-00794,55,Salud,SAL-6106,Clínica Oriente,0,24641426
SAL-00794,56,Salud,SAL-6105,Clínica Oriente,0,4348489
SAL-00794,57,Salud,SAL-6106,Clínica Centro,0,19294013
SAL-00794,58,Salud,SAL-6105,Clínica Centro,0,3404824
SAL-00794,59,Salud,SAL-6106,Clínica Poniente,0,11317368
SAL-00794,60,Salud,SAL-6105,Clínica Poniente,0,1997183
SAL-00794,61,Salud,SAL-6901,,0,43221449
SAL-00794,62,Salud,SAL-6902,,0,15997370
SAL-00794,63,Salud,SAL-6903,,0,6936495
SAL-00794,64,Salud,SAL-3103,,0,18754226
SAL-00795,1,Salud,SAL-3103,,18754226,0
SAL-00795,2,Salud,SAL-3102,,0,18754226
SAL-00796,1,Salud,SAL-4105,Clínica Oriente,0,5245140
SAL-00796,2,Salud,SAL-4106,Clínica Oriente,0,6410727
SAL-00796,3,Salud,SAL-4105,Clínica Centro,0,4065210
SAL-00796,4,Salud,SAL-4106,Clínica Centro,0,4968590
SAL-00796,5,Salud,SAL-4105,Clínica Poniente,0,2290350
SAL-00796,6,Salud,SAL-4106,Clínica Poniente,0,2799316
SAL-00796,7,Salud,SAL-4101,Clínica Oriente,0,10684282
SAL-00796,8,Salud,SAL-4102,Clínica Oriente,0,4578978
SAL-00796,9,Salud,SAL-4101,Clínica Centro,0,8291422
SAL-00796,10,Salud,SAL-4102,Clínica Centro,0,3553467
SAL-00796,11,Salud,SAL-4101,Clínica Poniente,0,4695704
SAL-00796,12,Salud,SAL-4102,Clínica Poniente,0,2012445
SAL-00796,13,Salud,SAL-4104,Clínica Oriente,0,5992668
SAL-00796,14,Salud,SAL-4103,Clínica Oriente,0,1997556
SAL-00796,15,Salud,SAL-4104,Clínica Centro,0,4601501
SAL-00796,16,Salud,SAL-4103,Clínica Centro,0,1533834
SAL-00796,17,Salud,SAL-4104,Clínica Poniente,0,2494169
SAL-00796,18,Salud,SAL-4103,Clínica Poniente,0,831390
SAL-00796,19,Salud,SAL-1102,,77046749,0
SAL-00797,1,Salud,SAL-1101,,73676861,0
SAL-00797,2,Salud,SAL-1102,,0,73676861
SAL-00798,1,Salud,SAL-1103,,9871916,0
SAL-00798,2,Salud,SAL-2101,,0,9871916
SAL-00799,1,Salud,SAL-5104,Clínica Oriente,2292021,0
SAL-00799,2,Salud,SAL-5103,Clínica Oriente,1875289,0
SAL-00799,3,Salud,SAL-5104,Clínica Centro,1829281,0
SAL-00799,4,Salud,SAL-5103,Clínica Centro,1496684,0
SAL-00799,5,Salud,SAL-5104,Clínica Poniente,1151301,0
SAL-00799,6,Salud,SAL-5103,Clínica Poniente,941974,0
SAL-00799,7,Salud,SAL-1103,,0,9586550
SAL-00800,1,Salud,SAL-6103,Clínica Oriente,951525,0
SAL-00800,2,Salud,SAL-6104,Clínica Oriente,413389,0
SAL-00800,3,Salud,SAL-6103,Clínica Centro,744787,0
SAL-00800,4,Salud,SAL-6104,Clínica Centro,327583,0
SAL-00800,5,Salud,SAL-6103,Clínica Poniente,436312,0
SAL-00800,6,Salud,SAL-6104,Clínica Poniente,200973,0
SAL-00800,7,Salud,SAL-6102,Clínica Oriente,902052,0
SAL-00800,8,Salud,SAL-6101,Clínica Oriente,906155,0
SAL-00800,9,Salud,SAL-6102,Clínica Centro,703078,0
SAL-00800,10,Salud,SAL-6101,Clínica Centro,709233,0
SAL-00800,11,Salud,SAL-6102,Clínica Poniente,405130,0
SAL-00800,12,Salud,SAL-6101,Clínica Poniente,415388,0
SAL-00800,13,Salud,SAL-6108,Clínica Oriente,596764,0
SAL-00800,14,Salud,SAL-6107,Clínica Oriente,401529,0
SAL-00800,15,Salud,SAL-6108,Clínica Centro,466146,0
SAL-00800,16,Salud,SAL-6107,Clínica Centro,316293,0
SAL-00800,17,Salud,SAL-6108,Clínica Poniente,270911,0
SAL-00800,18,Salud,SAL-6107,Clínica Poniente,189821,0
SAL-00800,19,Salud,SAL-2101,,0,9357069
SAL-00801,1,Salud,SAL-5105,Clínica Oriente,10293393,0
SAL-00801,2,Salud,SAL-5106,Clínica Oriente,3543393,0
SAL-00801,3,Salud,SAL-5105,Clínica Centro,8127589,0
SAL-00801,4,Salud,SAL-5106,Clínica Centro,2877589,0
SAL-00801,5,Salud,SAL-5105,Clínica Poniente,4920981,0
SAL-00801,6,Salud,SAL-5106,Clínica Poniente,1920981,0
SAL-00801,7,Salud,SAL-5102,Clínica Oriente,5143440,0
SAL-00801,8,Salud,SAL-5101,Clínica Oriente,1268620,0
SAL-00801,9,Salud,SAL-5102,Clínica Centro,4075160,0
SAL-00801,10,Salud,SAL-5101,Clínica Centro,992930,0
SAL-00801,11,Salud,SAL-5102,Clínica Poniente,2498601,0
SAL-00801,12,Salud,SAL-5101,Clínica Poniente,581550,0
SAL-00801,13,Salud,SAL-6106,Clínica Oriente,2120782,0
SAL-00801,14,Salud,SAL-6105,Clínica Oriente,374256,0
SAL-00801,15,Salud,SAL-6106,Clínica Centro,1661798,0
SAL-00801,16,Salud,SAL-6105,Clínica Centro,293258,0
SAL-00801,17,Salud,SAL-6106,Clínica Poniente,977579,0
SAL-00801,18,Salud,SAL-6105,Clínica Poniente,172514,0
SAL-00801,19,Salud,SAL-2102,,0,51844414
SAL-00802,1,Salud,SAL-2102,,48096052,0
SAL-00802,2,Salud,SAL-1101,,0,48096052
SAL-00803,1,Salud,SAL-2101,,17801446,0
SAL-00803,2,Salud,SAL-1101,,0,17801446
SAL-00804,1,Salud,SAL-1201,,2365061,0
SAL-00804,2,Salud,SAL-1101,,0,2365061
SAL-00805,1,Salud,SAL-6901,,3692810,0
SAL-00805,2,Salud,SAL-1202,,0,3692810
SAL-00806,1,Salud,SAL-6902,,1246373,0
SAL-00806,2,Salud,SAL-1101,,0,1246373
SAL-00807,1,Salud,SAL-2201,,527369,0
SAL-00807,2,Salud,SAL-1101,,0,527369
SAL-00808,1,Salud,SAL-6903,,356274,0
SAL-00808,2,Salud,SAL-2104,,0,356274
SAL-00809,1,Salud,SAL-2103,,5000000,0
SAL-00809,2,Salud,SAL-1101,,0,5000000
SAL-00810,1,Salud,SAL-4105,Clínica Oriente,0,4240142
SAL-00810,2,Salud,SAL-4106,Clínica Oriente,0,5182396
SAL-00810,3,Salud,SAL-4105,Clínica Centro,0,3128088
SAL-00810,4,Salud,SAL-4106,Clínica Centro,0,3823219
SAL-00810,5,Salud,SAL-4105,Clínica Poniente,0,1401231
SAL-00810,6,Salud,SAL-4106,Clínica Poniente,0,1712615
SAL-00810,7,Salud,SAL-4101,Clínica Oriente,0,8742094
SAL-00810,8,Salud,SAL-4102,Clínica Oriente,0,3746612
SAL-00810,9,Salud,SAL-4101,Clínica Centro,0,6538391
SAL-00810,10,Salud,SAL-4102,Clínica Centro,0,2802168
SAL-00810,11,Salud,SAL-4101,Clínica Poniente,0,3142485
SAL-00810,12,Salud,SAL-4102,Clínica Poniente,0,1346779
SAL-00810,13,Salud,SAL-4104,Clínica Oriente,0,4945769
SAL-00810,14,Salud,SAL-4103,Clínica Oriente,0,1648590
SAL-00810,15,Salud,SAL-4104,Clínica Centro,0,3689279
SAL-00810,16,Salud,SAL-4103,Clínica Centro,0,1229760
SAL-00810,17,Salud,SAL-4104,Clínica Poniente,0,1750048
SAL-00810,18,Salud,SAL-4103,Clínica Poniente,0,583350
SAL-00810,19,Salud,SAL-1102,,59653016,0
SAL-00811,1,Salud,SAL-1101,,73425892,0
SAL-00811,2,Salud,SAL-1102,,0,73425892
SAL-00812,1,Salud,SAL-1103,,8211964,0
SAL-00812,2,Salud,SAL-2101,,0,8211964
SAL-00813,1,Salud,SAL-5104,Clínica Oriente,1930361,0
SAL-00813,2,Salud,SAL-5103,Clínica Oriente,1579386,0
SAL-00813,3,Salud,SAL-5104,Clínica Centro,1528104,0
SAL-00813,4,Salud,SAL-5103,Clínica Centro,1250267,0
SAL-00813,5,Salud,SAL-5104,Clínica Poniente,933964,0
SAL-00813,6,Salud,SAL-5103,Clínica Poniente,764153,0
SAL-00813,7,Salud,SAL-1103,,0,7986235
SAL-00814,1,Salud,SAL-6103,Clínica Oriente,813906,0
SAL-00814,2,Salud,SAL-6104,Clínica Oriente,357950,0
SAL-00814,3,Salud,SAL-6103,Clínica Centro,640734,0
SAL-00814,4,Salud,SAL-6104,Clínica Centro,288300,0
SAL-00814,5,Salud,SAL-6103,Clínica Poniente,383640,0
SAL-00814,6,Salud,SAL-6104,Clínica Poniente,187251,0
SAL-00814,7,Salud,SAL-6102,Clínica Oriente,766360,0
SAL-00814,8,Salud,SAL-6101,Clínica Oriente,769079,0
SAL-00814,9,Salud,SAL-6102,Clínica Centro,597040,0
SAL-00814,10,Salud,SAL-6101,Clínica Centro,601119,0
SAL-00814,11,Salud,SAL-6102,Clínica Poniente,343400,0
SAL-00814,12,Salud,SAL-6101,Clínica Poniente,350199,0
SAL-00814,13,Salud,SAL-6108,Clínica Oriente,504554,0
SAL-00814,14,Salud,SAL-6107,Clínica Oriente,335909,0
SAL-00814,15,Salud,SAL-6108,Clínica Centro,392181,0
SAL-00814,16,Salud,SAL-6107,Clínica Centro,260763,0
SAL-00814,17,Salud,SAL-6108,Clínica Poniente,223536,0
SAL-00814,18,Salud,SAL-6107,Clínica Poniente,147871,0
SAL-00814,19,Salud,SAL-2101,,0,7963792
SAL-00815,1,Salud,SAL-5105,Clínica Oriente,8679889,0
SAL-00815,2,Salud,SAL-5106,Clínica Oriente,2942389,0
SAL-00815,3,Salud,SAL-5105,Clínica Centro,6804209,0
SAL-00815,4,Salud,SAL-5106,Clínica Centro,2341708,0
SAL-00815,5,Salud,SAL-5105,Clínica Poniente,4009097,0
SAL-00815,6,Salud,SAL-5106,Clínica Poniente,1459097,0
SAL-00815,7,Salud,SAL-5102,Clínica Oriente,4387840,0
SAL-00815,8,Salud,SAL-5101,Clínica Oriente,1079653,0
SAL-00815,9,Salud,SAL-5102,Clínica Centro,3487760,0
SAL-00815,10,Salud,SAL-5101,Clínica Centro,845980,0
SAL-00815,11,Salud,SAL-5102,Clínica Poniente,2163599,0
SAL-00815,12,Salud,SAL-5101,Clínica Poniente,497633,0
SAL-00815,13,Salud,SAL-6106,Clínica Oriente,1793628,0
SAL-00815,14,Salud,SAL-6105,Clínica Oriente,316523,0
SAL-00815,15,Salud,SAL-6106,Clínica Centro,1398973,0
SAL-00815,16,Salud,SAL-6105,Clínica Centro,246877,0
SAL-00815,17,Salud,SAL-6106,Clínica Poniente,808351,0
SAL-00815,18,Salud,SAL-6105,Clínica Poniente,142650,0
SAL-00815,19,Salud,SAL-2102,,0,43405856
SAL-00816,1,Salud,SAL-2102,,51844414,0
SAL-00816,2,Salud,SAL-1101,,0,51844414
SAL-00817,1,Salud,SAL-2101,,18373573,0
SAL-00817,2,Salud,SAL-1101,,0,18373573
SAL-00818,1,Salud,SAL-1201,,3140688,0
SAL-00818,2,Salud,SAL-1101,,0,3140688
SAL-00819,1,Salud,SAL-6901,,3713748,0
SAL-00819,2,Salud,SAL-1202,,0,3713748
SAL-00820,1,Salud,SAL-6902,,1209523,0
SAL-00820,2,Salud,SAL-1101,,0,1209523
SAL-00821,1,Salud,SAL-2201,,527369,0
SAL-00821,2,Salud,SAL-1101,,0,527369
SAL-00822,1,Salud,SAL-6903,,0,1249057
SAL-00822,2,Salud,SAL-2104,,1249057,0
SAL-00823,1,Salud,SAL-2103,,5000000,0
SAL-00823,2,Salud,SAL-1101,,0,5000000
SAL-00824,1,Salud,SAL-4105,Clínica Oriente,0,5140613
SAL-00824,2,Salud,SAL-4106,Clínica Oriente,0,6282972
SAL-00824,3,Salud,SAL-4105,Clínica Centro,0,3908420
SAL-00824,4,Salud,SAL-4106,Clínica Centro,0,4776957
SAL-00824,5,Salud,SAL-4105,Clínica Poniente,0,2029033
SAL-00824,6,Salud,SAL-4106,Clínica Poniente,0,2479929
SAL-00824,7,Salud,SAL-4101,Clínica Oriente,0,10601455
SAL-00824,8,Salud,SAL-4102,Clínica Oriente,0,4543481
SAL-00824,9,Salud,SAL-4101,Clínica Centro,0,8167183
SAL-00824,10,Salud,SAL-4102,Clínica Centro,0,3500221
SAL-00824,11,Salud,SAL-4101,Clínica Poniente,0,4488638
SAL-00824,12,Salud,SAL-4102,Clínica Poniente,0,1923702
SAL-00824,13,Salud,SAL-4104,Clínica Oriente,0,6089143
SAL-00824,14,Salud,SAL-4103,Clínica Oriente,0,2029714
SAL-00824,15,Salud,SAL-4104,Clínica Centro,0,4746214
SAL-00824,16,Salud,SAL-4103,Clínica Centro,0,1582071
SAL-00824,17,Salud,SAL-4104,Clínica Poniente,0,2735357
SAL-00824,18,Salud,SAL-4103,Clínica Poniente,0,911785
SAL-00824,19,Salud,SAL-1102,,75936888,0
SAL-00825,1,Salud,SAL-1101,,73859292,0
SAL-00825,2,Salud,SAL-1102,,0,73859292
SAL-00826,1,Salud,SAL-1103,,8930124,0
SAL-00826,2,Salud,SAL-2101,,0,8930124
SAL-00827,1,Salud,SAL-5104,Clínica Oriente,2249476,0
SAL-00827,2,Salud,SAL-5103,Clínica Oriente,1840480,0
SAL-00827,3,Salud,SAL-5104,Clínica Centro,1765464,0
SAL-00827,4,Salud,SAL-5103,Clínica Centro,1444470,0
SAL-00827,5,Salud,SAL-5104,Clínica Poniente,1044940,0
SAL-00827,6,Salud,SAL-5103,Clínica Poniente,854950,0
SAL-00827,7,Salud,SAL-1103,,0,9199780
SAL-00828,1,Salud,SAL-6103,Clínica Oriente,946929,0
SAL-00828,2,Salud,SAL-6104,Clínica Oriente,407480,0
SAL-00828,3,Salud,SAL-6103,Clínica Centro,737893,0
SAL-00828,4,Salud,SAL-6104,Clínica Centro,318720,0
SAL-00828,5,Salud,SAL-6103,Clínica Poniente,424822,0
SAL-00828,6,Salud,SAL-6104,Clínica Poniente,186199,0
SAL-00828,7,Salud,SAL-6102,Clínica Oriente,907767,0
SAL-00828,8,Salud,SAL-6101,Clínica Oriente,923300,0
SAL-00828,9,Salud,SAL-6102,Clínica Centro,711650,0
SAL-00828,10,Salud,SAL-6101,Clínica Centro,734950,0
SAL-00828,11,Salud,SAL-6102,Clínica Poniente,419417,0
SAL-00828,12,Salud,SAL-6101,Clínica Poniente,458250,0
SAL-00828,13,Salud,SAL-6108,Clínica Oriente,596371,0
SAL-00828,14,Salud,SAL-6107,Clínica Oriente,400742,0
SAL-00828,15,Salud,SAL-6108,Clínica Centro,465557,0
SAL-00828,16,Salud,SAL-6107,Clínica Centro,315114,0
SAL-00828,17,Salud,SAL-6108,Clínica Poniente,269928,0
SAL-00828,18,Salud,SAL-6107,Clínica Poniente,187856,0
SAL-00828,19,Salud,SAL-2101,,0,9412945
SAL-00829,1,Salud,SAL-5105,Clínica Oriente,10276352,0
SAL-00829,2,Salud,SAL-5106,Clínica Oriente,3526352,0
SAL-00829,3,Salud,SAL-5105,Clínica Centro,8102029,0
SAL-00829,4,Salud,SAL-5106,Clínica Centro,2852028,0
SAL-00829,5,Salud,SAL-5105,Clínica Poniente,4878381,0
SAL-00829,6,Salud,SAL-5106,Clínica Poniente,1878381,0
SAL-00829,7,Salud,SAL-5102,Clínica Oriente,5159131,0
SAL-00829,8,Salud,SAL-5101,Clínica Oriente,1269928,0
SAL-00829,9,Salud,SAL-5102,Clínica Centro,4098696,0
SAL-00829,10,Salud,SAL-5101,Clínica Centro,994891,0
SAL-00829,11,Salud,SAL-5102,Clínica Poniente,2537827,0
SAL-00829,12,Salud,SAL-5101,Clínica Poniente,584819,0
SAL-00829,13,Salud,SAL-6106,Clínica Oriente,2109001,0
SAL-00829,14,Salud,SAL-6105,Clínica Oriente,372176,0
SAL-00829,15,Salud,SAL-6106,Clínica Centro,1644127,0
SAL-00829,16,Salud,SAL-6105,Clínica Centro,290140,0
SAL-00829,17,Salud,SAL-6106,Clínica Poniente,948128,0
SAL-00829,18,Salud,SAL-6105,Clínica Poniente,167317,0
SAL-00829,19,Salud,SAL-2102,,0,51689704
SAL-00830,1,Salud,SAL-2102,,43405856,0
SAL-00830,2,Salud,SAL-1101,,0,43405856
SAL-00831,1,Salud,SAL-2101,,17702370,0
SAL-00831,2,Salud,SAL-1101,,0,17702370
SAL-00832,1,Salud,SAL-1201,,2833408,0
SAL-00832,2,Salud,SAL-1101,,0,2833408
SAL-00833,1,Salud,SAL-6901,,3732637,0
SAL-00833,2,Salud,SAL-1202,,0,3732637
SAL-00834,1,Salud,SAL-6902,,1172674,0
SAL-00834,2,Salud,SAL-1101,,0,1172674
SAL-00835,1,Salud,SAL-2201,,527369,0
SAL-00835,2,Salud,SAL-1101,,0,527369
SAL-00836,1,Salud,SAL-6903,,196870,0
SAL-00836,2,Salud,SAL-2104,,0,196870
SAL-00837,1,Salud,SAL-4105,Clínica Oriente,0,5152625
SAL-00837,2,Salud,SAL-4106,Clínica Oriente,0,6297653
SAL-00837,3,Salud,SAL-4105,Clínica Centro,0,3926437
SAL-00837,4,Salud,SAL-4106,Clínica Centro,0,4798979
SAL-00837,5,Salud,SAL-4105,Clínica Poniente,0,2059062
SAL-00837,6,Salud,SAL-4106,Clínica Poniente,0,2516631
SAL-00837,7,Salud,SAL-4101,Clínica Oriente,0,10709211
SAL-00837,8,Salud,SAL-4102,Clínica Oriente,0,4589662
SAL-00837,9,Salud,SAL-4101,Clínica Centro,0,8328816
SAL-00837,10,Salud,SAL-4102,Clínica Centro,0,3569492
SAL-00837,11,Salud,SAL-4101,Clínica Poniente,0,4758026
SAL-00837,12,Salud,SAL-4102,Clínica Poniente,0,2039154
SAL-00837,13,Salud,SAL-4104,Clínica Oriente,0,6022518
SAL-00837,14,Salud,SAL-4103,Clínica Oriente,0,2007506
SAL-00837,15,Salud,SAL-4104,Clínica Centro,0,4646278
SAL-00837,16,Salud,SAL-4103,Clínica Centro,0,1548759
SAL-00837,17,Salud,SAL-4104,Clínica Poniente,0,2568796
SAL-00837,18,Salud,SAL-4103,Clínica Poniente,0,856265
SAL-00837,19,Salud,SAL-1102,,76395870,0
SAL-00838,1,Salud,SAL-1101,,73145359,0
SAL-00838,2,Salud,SAL-1102,,0,73145359
SAL-00839,1,Salud,SAL-1103,,9747315,0
SAL-00839,2,Salud,SAL-2101,,0,9747315
SAL-00840,1,Salud,SAL-5104,Clínica Oriente,2298141,0
SAL-00840,2,Salud,SAL-5103,Clínica Oriente,1880297,0
SAL-00840,3,Salud,SAL-5104,Clínica Centro,1838461,0
SAL-00840,4,Salud,SAL-5103,Clínica Centro,1504196,0
SAL-00840,5,Salud,SAL-5104,Clínica Poniente,1166602,0
SAL-00840,6,Salud,SAL-5103,Clínica Poniente,954493,0
SAL-00840,7,Salud,SAL-1103,,0,9642190
SAL-00841,1,Salud,SAL-6103,Clínica Oriente,951096,0
SAL-00841,2,Salud,SAL-6104,Clínica Oriente,412838,0
SAL-00841,3,Salud,SAL-6103,Clínica Centro,744144,0
SAL-00841,4,Salud,SAL-6104,Clínica Centro,326757,0
SAL-00841,5,Salud,SAL-6103,Clínica Poniente,435240,0
SAL-00841,6,Salud,SAL-6104,Clínica Poniente,199594,0
SAL-00841,7,Salud,SAL-6102,Clínica Oriente,903552,0
SAL-00841,8,Salud,SAL-6101,Clínica Oriente,910655,0
SAL-00841,9,Salud,SAL-6102,Clínica Centro,705328,0
SAL-00841,10,Salud,SAL-6101,Clínica Centro,715983,0
SAL-00841,11,Salud,SAL-6102,Clínica Poniente,408880,0
SAL-00841,12,Salud,SAL-6101,Clínica Poniente,426638,0
SAL-00841,13,Salud,SAL-6108,Clínica Oriente,597577,0
SAL-00841,14,Salud,SAL-6107,Clínica Oriente,403155,0
SAL-00841,15,Salud,SAL-6108,Clínica Centro,467366,0
SAL-00841,16,Salud,SAL-6107,Clínica Centro,318732,0
SAL-00841,17,Salud,SAL-6108,Clínica Poniente,272943,0
SAL-00841,18,Salud,SAL-6107,Clínica Poniente,193886,0
SAL-00841,19,Salud,SAL-2101,,0,9394364
SAL-00842,1,Salud,SAL-5105,Clínica Oriente,10191677,0
SAL-00842,2,Salud,SAL-5106,Clínica Oriente,3441677,0
SAL-00842,3,Salud,SAL-5105,Clínica Centro,7975016,0
SAL-00842,4,Salud,SAL-5106,Clínica Centro,2725015,0
SAL-00842,5,Salud,SAL-5105,Clínica Poniente,4666692,0
SAL-00842,6,Salud,SAL-5106,Clínica Poniente,1666692,0
SAL-00842,7,Salud,SAL-5102,Clínica Oriente,5061166,0
SAL-00842,8,Salud,SAL-5101,Clínica Oriente,1261764,0
SAL-00842,9,Salud,SAL-5102,Clínica Centro,3951749,0
SAL-00842,10,Salud,SAL-5101,Clínica Centro,982646,0
SAL-00842,11,Salud,SAL-5102,Clínica Poniente,2292915,0
SAL-00842,12,Salud,SAL-5101,Clínica Poniente,564409,0
SAL-00842,13,Salud,SAL-6106,Clínica Oriente,2111853,0
SAL-00842,14,Salud,SAL-6105,Clínica Oriente,372680,0
SAL-00842,15,Salud,SAL-6106,Clínica Centro,1648405,0
SAL-00842,16,Salud,SAL-6105,Clínica Centro,290895,0
SAL-00842,17,Salud,SAL-6106,Clínica Poniente,955259,0
SAL-00842,18,Salud,SAL-6105,Clínica Poniente,168575,0
SAL-00842,19,Salud,SAL-2102,,0,50329085
SAL-00843,1,Salud,SAL-2102,,51689704,0
SAL-00843,2,Salud,SAL-1101,,0,51689704
SAL-00844,1,Salud,SAL-2101,,17259412,0
SAL-00844,2,Salud,SAL-1101,,0,17259412
SAL-00845,1,Salud,SAL-1201,,2419146,0
SAL-00845,2,Salud,SAL-1101,,0,2419146
SAL-00846,1,Salud,SAL-6901,,3748765,0
SAL-00846,2,Salud,SAL-1202,,0,3748765
SAL-00847,1,Salud,SAL-6902,,1169159,0
SAL-00847,2,Salud,SAL-1101,,0,1169159
SAL-00848,1,Salud,SAL-2201,,527369,0
SAL-00848,2,Salud,SAL-1101,,0,527369
SAL-00849,1,Salud,SAL-6903,,570323,0
SAL-00849,2,Salud,SAL-2104,,0,570323
SAL-00850,1,Salud,SAL-2104,,6936495,0
SAL-00850,2,Salud,SAL-1101,,0,6936495
SAL-00851,1,Salud,SAL-4105,Clínica Oriente,0,5215754
SAL-00851,2,Salud,SAL-4106,Clínica Oriente,0,6374810
SAL-00851,3,Salud,SAL-4105,Clínica Centro,0,4021131
SAL-00851,4,Salud,SAL-4106,Clínica Centro,0,4914715
SAL-00851,5,Salud,SAL-4105,Clínica Poniente,0,2216885
SAL-00851,6,Salud,SAL-4106,Clínica Poniente,0,2709526
SAL-00851,7,Salud,SAL-4101,Clínica Oriente,0,10605258
SAL-00851,8,Salud,SAL-4102,Clínica Oriente,0,4545111
SAL-00851,9,Salud,SAL-4101,Clínica Centro,0,8172887
SAL-00851,10,Salud,SAL-4102,Clínica Centro,0,3502666
SAL-00851,11,Salud,SAL-4101,Clínica Poniente,0,4498145
SAL-00851,12,Salud,SAL-4102,Clínica Poniente,0,1927777
SAL-00851,13,Salud,SAL-4104,Clínica Oriente,0,6000852
SAL-00851,14,Salud,SAL-4103,Clínica Oriente,0,2000284
SAL-00851,15,Salud,SAL-4104,Clínica Centro,0,4613778
SAL-00851,16,Salud,SAL-4103,Clínica Centro,0,1537926
SAL-00851,17,Salud,SAL-4104,Clínica Poniente,0,2514630
SAL-00851,18,Salud,SAL-4103,Clínica Poniente,0,838210
SAL-00851,19,Salud,SAL-1102,,76210345,0
SAL-00852,1,Salud,SAL-1101,,68183403,0
SAL-00852,2,Salud,SAL-1102,,0,68183403
SAL-00853,1,Salud,SAL-1103,,9318198,0
SAL-00853,2,Salud,SAL-2101,,0,9318198
SAL-00854,1,Salud,SAL-5104,Clínica Oriente,2277046,0
SAL-00854,2,Salud,SAL-5103,Clínica Oriente,1863037,0
SAL-00854,3,Salud,SAL-5104,Clínica Centro,1806818,0
SAL-00854,4,Salud,SAL-5103,Clínica Centro,1478306,0
SAL-00854,5,Salud,SAL-5104,Clínica Poniente,1113864,0
SAL-00854,6,Salud,SAL-5103,Clínica Poniente,911343,0
SAL-00854,7,Salud,SAL-1103,,0,9450414
SAL-00855,1,Salud,SAL-6103,Clínica Oriente,951061,0
SAL-00855,2,Salud,SAL-6104,Clínica Oriente,412793,0
SAL-00855,3,Salud,SAL-6103,Clínica Centro,744092,0
SAL-00855,4,Salud,SAL-6104,Clínica Centro,326690,0
SAL-00855,5,Salud,SAL-6103,Clínica Poniente,435153,0
SAL-00855,6,Salud,SAL-6104,Clínica Poniente,199483,0
SAL-00855,7,Salud,SAL-6102,Clínica Oriente,905406,0
SAL-00855,8,Salud,SAL-6101,Clínica Oriente,916218,0
SAL-00855,9,Salud,SAL-6102,Clínica Centro,708109,0
SAL-00855,10,Salud,SAL-6101,Clínica Centro,724326,0
SAL-00855,11,Salud,SAL-6102,Clínica Poniente,413515,0
SAL-00855,12,Salud,SAL-6101,Clínica Poniente,440544,0
SAL-00855,13,Salud,SAL-6108,Clínica Oriente,595902,0
SAL-00855,14,Salud,SAL-6107,Clínica Oriente,399805,0
SAL-00855,15,Salud,SAL-6108,Clínica Centro,464854,0
SAL-00855,16,Salud,SAL-6107,Clínica Centro,313707,0
SAL-00855,17,Salud,SAL-6108,Clínica Poniente,268756,0
SAL-00855,18,Salud,SAL-6107,Clínica Poniente,185512,0
SAL-00855,19,Salud,SAL-2101,,0,9405926
SAL-00856,1,Salud,SAL-5105,Clínica Oriente,10259600,0
SAL-00856,2,Salud,SAL-5106,Clínica Oriente,3509600,0
SAL-00856,3,Salud,SAL-5105,Clínica Centro,8076900,0
SAL-00856,4,Salud,SAL-5106,Clínica Centro,2826900,0
SAL-00856,5,Salud,SAL-5105,Clínica Poniente,4836499,0
SAL-00856,6,Salud,SAL-5106,Clínica Poniente,1836499,0
SAL-00856,7,Salud,SAL-5102,Clínica Oriente,5096681,0
SAL-00856,8,Salud,SAL-5101,Clínica Oriente,1264723,0
SAL-00856,9,Salud,SAL-5102,Clínica Centro,4005022,0
SAL-00856,10,Salud,SAL-5101,Clínica Centro,987085,0
SAL-00856,11,Salud,SAL-5102,Clínica Poniente,2381703,0
SAL-00856,12,Salud,SAL-5101,Clínica Poniente,571809,0
SAL-00856,13,Salud,SAL-6106,Clínica Oriente,2108366,0
SAL-00856,14,Salud,SAL-6105,Clínica Oriente,372065,0
SAL-00856,15,Salud,SAL-6106,Clínica Centro,1643174,0
SAL-00856,16,Salud,SAL-6105,Clínica Centro,289972,0
SAL-00856,17,Salud,SAL-6106,Clínica Poniente,946541,0
SAL-00856,18,Salud,SAL-6105,Clínica Poniente,167037,0
SAL-00856,19,Salud,SAL-2102,,0,51180176
SAL-00857,1,Salud,SAL-2102,,50329085,0
SAL-00857,2,Salud,SAL-1101,,0,50329085
SAL-00858,1,Salud,SAL-2101,,18742374,0
SAL-00858,2,Salud,SAL-1101,,0,18742374
SAL-00859,1,Salud,SAL-1201,,2673248,0
SAL-00859,2,Salud,SAL-1101,,0,2673248
SAL-00860,1,Salud,SAL-6901,,3766586,0
SAL-00860,2,Salud,SAL-1202,,0,3766586
SAL-00861,1,Salud,SAL-6902,,1165643,0
SAL-00861,2,Salud,SAL-1101,,0,1165643
SAL-00862,1,Salud,SAL-2201,,527369,0
SAL-00862,2,Salud,SAL-1101,,0,527369
SAL-00863,1,Salud,SAL-6903,,335232,0
SAL-00863,2,Salud,SAL-2104,,0,335232
SAL-00864,1,Salud,SAL-4105,Clínica Oriente,0,5840408
SAL-00864,2,Salud,SAL-4106,Clínica Oriente,0,7138276
SAL-00864,3,Salud,SAL-4105,Clínica Centro,0,4501812
SAL-00864,4,Salud,SAL-4106,Clínica Centro,0,5502215
SAL-00864,5,Salud,SAL-4105,Clínica Poniente,0,2479820
SAL-00864,6,Salud,SAL-4106,Clínica Poniente,0,3030891
SAL-00864,7,Salud,SAL-4101,Clínica Oriente,0,11836787
SAL-00864,8,Salud,SAL-4102,Clínica Oriente,0,5072909
SAL-00864,9,Salud,SAL-4101,Clínica Centro,0,9091981
SAL-00864,10,Salud,SAL-4102,Clínica Centro,0,3896563
SAL-00864,11,Salud,SAL-4101,Clínica Poniente,0,4935168
SAL-00864,12,Salud,SAL-4102,Clínica Poniente,0,2115072
SAL-00864,13,Salud,SAL-4104,Clínica Oriente,0,6717229
SAL-00864,14,Salud,SAL-4103,Clínica Oriente,0,2239076
SAL-00864,15,Salud,SAL-4104,Clínica Centro,0,5161843
SAL-00864,16,Salud,SAL-4103,Clínica Centro,0,1720614
SAL-00864,17,Salud,SAL-4104,Clínica Poniente,0,2807071
SAL-00864,18,Salud,SAL-4103,Clínica Poniente,0,935690
SAL-00864,19,Salud,SAL-1102,,85023425,0
SAL-00865,1,Salud,SAL-1101,,70306380,0
SAL-00865,2,Salud,SAL-1102,,0,70306380
SAL-00866,1,Salud,SAL-1103,,12435527,0
SAL-00866,2,Salud,SAL-2101,,0,12435527
SAL-00867,1,Salud,SAL-5104,Clínica Oriente,2786550,0
SAL-00867,2,Salud,SAL-5103,Clínica Oriente,2279905,0
SAL-00867,3,Salud,SAL-5104,Clínica Centro,2378026,0
SAL-00867,4,Salud,SAL-5103,Clínica Centro,1945657,0
SAL-00867,5,Salud,SAL-5104,Clínica Poniente,1838176,0
SAL-00867,6,Salud,SAL-5103,Clínica Poniente,1503962,0
SAL-00867,7,Salud,SAL-1103,,0,12732276
SAL-00868,1,Salud,SAL-6103,Clínica Oriente,1061178,0
SAL-00868,2,Salud,SAL-6104,Clínica Oriente,457171,0
SAL-00868,3,Salud,SAL-6103,Clínica Centro,827366,0
SAL-00868,4,Salud,SAL-6104,Clínica Centro,358157,0
SAL-00868,5,Salud,SAL-6103,Clínica Poniente,477344,0
SAL-00868,6,Salud,SAL-6104,Clínica Poniente,210528,0
SAL-00868,7,Salud,SAL-6102,Clínica Oriente,1011848,0
SAL-00868,8,Salud,SAL-6101,Clínica Oriente,1019543,0
SAL-00868,9,Salud,SAL-6102,Clínica Centro,789772,0
SAL-00868,10,Salud,SAL-6101,Clínica Centro,801315,0
SAL-00868,11,Salud,SAL-6102,Clínica Poniente,457620,0
SAL-00868,12,Salud,SAL-6101,Clínica Poniente,476859,0
SAL-00868,13,Salud,SAL-6108,Clínica Oriente,666634,0
SAL-00868,14,Salud,SAL-6107,Clínica Oriente,446228,0
SAL-00868,15,Salud,SAL-6108,Clínica Centro,519471,0
SAL-00868,16,Salud,SAL-6107,Clínica Centro,349022,0
SAL-00868,17,Salud,SAL-6108,Clínica Poniente,299065,0
SAL-00868,18,Salud,SAL-6107,Clínica Poniente,203891,0
SAL-00868,19,Salud,SAL-2101,,0,10433012
SAL-00869,1,Salud,SAL-5105,Clínica Oriente,12104948,0
SAL-00869,2,Salud,SAL-5106,Clínica Oriente,4544947,0
SAL-00869,3,Salud,SAL-5105,Clínica Centro,9967421,0
SAL-00869,4,Salud,SAL-5106,Clínica Centro,4087421,0
SAL-00869,5,Salud,SAL-5105,Clínica Poniente,6952368,0
SAL-00869,6,Salud,SAL-5106,Clínica Poniente,3592368,0
SAL-00869,7,Salud,SAL-5102,Clínica Oriente,6205446,0
SAL-00869,8,Salud,SAL-5101,Clínica Oriente,1457920,0
SAL-00869,9,Salud,SAL-5102,Clínica Centro,5231369,0
SAL-00869,10,Salud,SAL-5101,Clínica Centro,1167681,0
SAL-00869,11,Salud,SAL-5102,Clínica Poniente,3910414,0
SAL-00869,12,Salud,SAL-5101,Clínica Poniente,744001,0
SAL-00869,13,Salud,SAL-6106,Clínica Oriente,2391016,0
SAL-00869,14,Salud,SAL-6105,Clínica Oriente,421944,0
SAL-00869,15,Salud,SAL-6106,Clínica Centro,1884824,0
SAL-00869,16,Salud,SAL-6105,Clínica Centro,332616,0
SAL-00869,17,Salud,SAL-6106,Clínica Poniente,1134240,0
SAL-00869,18,Salud,SAL-6105,Clínica Poniente,200160,0
SAL-00869,19,Salud,SAL-2102,,0,66331104
SAL-00870,1,Salud,SAL-2102,,51180176,0
SAL-00870,2,Salud,SAL-1101,,0,51180176
SAL-00871,1,Salud,SAL-2101,,18932902,0
SAL-00871,2,Salud,SAL-1101,,0,18932902
SAL-00872,1,Salud,SAL-1201,,2200546,0
SAL-00872,2,Salud,SAL-1101,,0,2200546
SAL-00873,1,Salud,SAL-6901,,3781257,0
SAL-00873,2,Salud,SAL-1202,,0,3781257
SAL-00874,1,Salud,SAL-6902,,1162127,0
SAL-00874,2,Salud,SAL-1101,,0,1162127
SAL-00875,1,Salud,SAL-2201,,527369,0
SAL-00875,2,Salud,SAL-1101,,0,527369
SAL-00876,1,Salud,SAL-6903,,0,2542415
SAL-00876,2,Salud,SAL-2104,,2542415,0
SAL-00877,1,Salud,SAL-4105,Clínica Oriente,0,5857684
SAL-00877,2,Salud,SAL-4106,Clínica Oriente,0,7159391
SAL-00877,3,Salud,SAL-4105,Clínica Centro,0,4527726
SAL-00877,4,Salud,SAL-4106,Clínica Centro,0,5533887
SAL-00877,5,Salud,SAL-4105,Clínica Poniente,0,2523010
SAL-00877,6,Salud,SAL-4106,Clínica Poniente,0,3083678
SAL-00877,7,Salud,SAL-4101,Clínica Oriente,0,11847779
SAL-00877,8,Salud,SAL-4102,Clínica Oriente,0,5077620
SAL-00877,9,Salud,SAL-4101,Clínica Centro,0,9108468
SAL-00877,10,Salud,SAL-4102,Clínica Centro,0,3903629
SAL-00877,11,Salud,SAL-4101,Clínica Poniente,0,4962648
SAL-00877,12,Salud,SAL-4102,Clínica Poniente,0,2126849
SAL-00877,13,Salud,SAL-4104,Clínica Oriente,0,6740419
SAL-00877,14,Salud,SAL-4103,Clínica Oriente,0,2246806
SAL-00877,15,Salud,SAL-4104,Clínica Centro,0,5196629
SAL-00877,16,Salud,SAL-4103,Clínica Centro,0,1732210
SAL-00877,17,Salud,SAL-4104,Clínica Poniente,0,2865048
SAL-00877,18,Salud,SAL-4103,Clínica Poniente,0,955016
SAL-00877,19,Salud,SAL-1102,,85448497,0
SAL-00878,1,Salud,SAL-1101,,76207398,0
SAL-00878,2,Salud,SAL-1102,,0,76207398
SAL-00879,1,Salud,SAL-1103,,13125140,0
SAL-00879,2,Salud,SAL-2101,,0,13125140
SAL-00880,1,Salud,SAL-5104,Clínica Oriente,2833785,0
SAL-00880,2,Salud,SAL-5103,Clínica Oriente,2318552,0
SAL-00880,3,Salud,SAL-5104,Clínica Centro,2448878,0
SAL-00880,4,Salud,SAL-5103,Clínica Centro,2003627,0
SAL-00880,5,Salud,SAL-5104,Clínica Poniente,1956263,0
SAL-00880,6,Salud,SAL-5103,Clínica Poniente,1600579,0
SAL-00880,7,Salud,SAL-1103,,0,13161684
SAL-00881,1,Salud,SAL-6103,Clínica Oriente,1067194,0
SAL-00881,2,Salud,SAL-6104,Clínica Oriente,464907,0
SAL-00881,3,Salud,SAL-6103,Clínica Centro,836391,0
SAL-00881,4,Salud,SAL-6104,Clínica Centro,369761,0
SAL-00881,5,Salud,SAL-6103,Clínica Poniente,492386,0
SAL-00881,6,Salud,SAL-6104,Clínica Poniente,229868,0
SAL-00881,7,Salud,SAL-6102,Clínica Oriente,1014593,0
SAL-00881,8,Salud,SAL-6101,Clínica Oriente,1027778,0
SAL-00881,9,Salud,SAL-6102,Clínica Centro,793889,0
SAL-00881,10,Salud,SAL-6101,Clínica Centro,813666,0
SAL-00881,11,Salud,SAL-6102,Clínica Poniente,464481,0
SAL-00881,12,Salud,SAL-6101,Clínica Poniente,497444,0
SAL-00881,13,Salud,SAL-6108,Clínica Oriente,666658,0
SAL-00881,14,Salud,SAL-6107,Clínica Oriente,446277,0
SAL-00881,15,Salud,SAL-6108,Clínica Centro,519507,0
SAL-00881,16,Salud,SAL-6107,Clínica Centro,349095,0
SAL-00881,17,Salud,SAL-6108,Clínica Poniente,299126,0
SAL-00881,18,Salud,SAL-6107,Clínica Poniente,204012,0
SAL-00881,19,Salud,SAL-2101,,0,10557033
SAL-00882,1,Salud,SAL-5105,Clínica Oriente,12032075,0
SAL-00882,2,Salud,SAL-5106,Clínica Oriente,4472075,0
SAL-00882,3,Salud,SAL-5105,Clínica Centro,9858112,0
SAL-00882,4,Salud,SAL-5106,Clínica Centro,3978112,0
SAL-00882,5,Salud,SAL-5105,Clínica Poniente,6770188,0
SAL-00882,6,Salud,SAL-5106,Clínica Poniente,3410188,0
SAL-00882,7,Salud,SAL-5102,Clínica Oriente,6232529,0
SAL-00882,8,Salud,SAL-5101,Clínica Oriente,1460177,0
SAL-00882,9,Salud,SAL-5102,Clínica Centro,5271993,0
SAL-00882,10,Salud,SAL-5101,Clínica Centro,1171066,0
SAL-00882,11,Salud,SAL-5102,Clínica Poniente,3978122,0
SAL-00882,12,Salud,SAL-5101,Clínica Poniente,749644,0
SAL-00882,13,Salud,SAL-6106,Clínica Oriente,2376397,0
SAL-00882,14,Salud,SAL-6105,Clínica Oriente,419364,0
SAL-00882,15,Salud,SAL-6106,Clínica Centro,1862896,0
SAL-00882,16,Salud,SAL-6105,Clínica Centro,328746,0
SAL-00882,17,Salud,SAL-6106,Clínica Poniente,1097694,0
SAL-00882,18,Salud,SAL-6105,Clínica Poniente,193711,0
SAL-00882,19,Salud,SAL-2102,,0,65663089
SAL-00883,1,Salud,SAL-2102,,66331104,0
SAL-00883,2,Salud,SAL-1101,,0,66331104
SAL-00884,1,Salud,SAL-2101,,20796331,0
SAL-00884,2,Salud,SAL-1101,,0,20796331
SAL-00885,1,Salud,SAL-1201,,3435782,0
SAL-00885,2,Salud,SAL-1101,,0,3435782
SAL-00886,1,Salud,SAL-6901,,3804162,0
SAL-00886,2,Salud,SAL-1202,,0,3804162
SAL-00887,1,Salud,SAL-6902,,1158611,0
SAL-00887,2,Salud,SAL-1101,,0,1158611
SAL-00888,1,Salud,SAL-2201,,527369,0
SAL-00888,2,Salud,SAL-1101,,0,527369
SAL-00889,1,Salud,SAL-6903,,0,2401942
SAL-00889,2,Salud,SAL-2104,,2401942,0
SAL-00890,1,Salud,SAL-1101,,5000000,0
SAL-00890,2,Salud,SAL-2103,,0,5000000
SAL-00891,1,Salud,SAL-4105,Clínica Oriente,0,5814732
SAL-00891,2,Salud,SAL-4106,Clínica Oriente,0,7106894
SAL-00891,3,Salud,SAL-4105,Clínica Centro,0,4463298
SAL-00891,4,Salud,SAL-4106,Clínica Centro,0,5455141
SAL-00891,5,Salud,SAL-4105,Clínica Poniente,0,2415629
SAL-00891,6,Salud,SAL-4106,Clínica Poniente,0,2952436
SAL-00891,7,Salud,SAL-4101,Clínica Oriente,0,11842745
SAL-00891,8,Salud,SAL-4102,Clínica Oriente,0,5075462
SAL-00891,9,Salud,SAL-4101,Clínica Centro,0,9100918
SAL-00891,10,Salud,SAL-4102,Clínica Centro,0,3900393
SAL-00891,11,Salud,SAL-4101,Clínica Poniente,0,4950063
SAL-00891,12,Salud,SAL-4102,Clínica Poniente,0,2121455
SAL-00891,13,Salud,SAL-4104,Clínica Oriente,0,6687298
SAL-00891,14,Salud,SAL-4103,Clínica Oriente,0,2229099
SAL-00891,15,Salud,SAL-4104,Clínica Centro,0,5116946
SAL-00891,16,Salud,SAL-4103,Clínica Centro,0,1705649
SAL-00891,17,Salud,SAL-4104,Clínica Poniente,0,2732244
SAL-00891,18,Salud,SAL-4103,Clínica Poniente,0,910748
SAL-00891,19,Salud,SAL-1102,,84581150,0
SAL-00892,1,Salud,SAL-1101,,77597241,0
SAL-00892,2,Salud,SAL-1102,,0,77597241
SAL-00893,1,Salud,SAL-1103,,13252557,0
SAL-00893,2,Salud,SAL-2101,,0,13252557
SAL-00894,1,Salud,SAL-5104,Clínica Oriente,2811631,0
SAL-00894,2,Salud,SAL-5103,Clínica Oriente,2300426,0
SAL-00894,3,Salud,SAL-5104,Clínica Centro,2415647,0
SAL-00894,4,Salud,SAL-5103,Clínica Centro,1976439,0
SAL-00894,5,Salud,SAL-5104,Clínica Poniente,1900879,0
SAL-00894,6,Salud,SAL-5103,Clínica Poniente,1555265,0
SAL-00894,7,Salud,SAL-1103,,0,12960287
SAL-00895,1,Salud,SAL-6103,Clínica Oriente,1064717,0
SAL-00895,2,Salud,SAL-6104,Clínica Oriente,461721,0
SAL-00895,3,Salud,SAL-6103,Clínica Centro,832675,0
SAL-00895,4,Salud,SAL-6104,Clínica Centro,364982,0
SAL-00895,5,Salud,SAL-6103,Clínica Poniente,486191,0
SAL-00895,6,Salud,SAL-6104,Clínica Poniente,221903,0
SAL-00895,7,Salud,SAL-6102,Clínica Oriente,1012082,0
SAL-00895,8,Salud,SAL-6101,Clínica Oriente,1020248,0
SAL-00895,9,Salud,SAL-6102,Clínica Centro,790124,0
SAL-00895,10,Salud,SAL-6101,Clínica Centro,802371,0
SAL-00895,11,Salud,SAL-6102,Clínica Poniente,458206,0
SAL-00895,12,Salud,SAL-6101,Clínica Poniente,478619,0
SAL-00895,13,Salud,SAL-6108,Clínica Oriente,673056,0
SAL-00895,14,Salud,SAL-6107,Clínica Oriente,459072,0
SAL-00895,15,Salud,SAL-6108,Clínica Centro,529104,0
SAL-00895,16,Salud,SAL-6107,Clínica Centro,368287,0
SAL-00895,17,Salud,SAL-6108,Clínica Poniente,315119,0
SAL-00895,18,Salud,SAL-6107,Clínica Poniente,235999,0
SAL-00895,19,Salud,SAL-2101,,0,10574476
SAL-00896,1,Salud,SAL-5105,Clínica Oriente,12202138,0
SAL-00896,2,Salud,SAL-5106,Clínica Oriente,4642138,0
SAL-00896,3,Salud,SAL-5105,Clínica Centro,10113207,0
SAL-00896,4,Salud,SAL-5106,Clínica Centro,4233207,0
SAL-00896,5,Salud,SAL-5105,Clínica Poniente,7195345,0
SAL-00896,6,Salud,SAL-5106,Clínica Poniente,3835344,0
SAL-00896,7,Salud,SAL-5102,Clínica Oriente,6263371,0
SAL-00896,8,Salud,SAL-5101,Clínica Oriente,1462748,0
SAL-00896,9,Salud,SAL-5102,Clínica Centro,5318256,0
SAL-00896,10,Salud,SAL-5101,Clínica Centro,1174921,0
SAL-00896,11,Salud,SAL-5102,Clínica Poniente,4055228,0
SAL-00896,12,Salud,SAL-5101,Clínica Poniente,756069,0
SAL-00896,13,Salud,SAL-6106,Clínica Oriente,2402301,0
SAL-00896,14,Salud,SAL-6105,Clínica Oriente,423935,0
SAL-00896,15,Salud,SAL-6106,Clínica Centro,1901751,0
SAL-00896,16,Salud,SAL-6105,Clínica Centro,335603,0
SAL-00896,17,Salud,SAL-6106,Clínica Poniente,1162451,0
SAL-00896,18,Salud,SAL-6105,Clínica Poniente,205138,0
SAL-00896,19,Salud,SAL-2102,,0,67683151
SAL-00897,1,Salud,SAL-2102,,65663089,0
SAL-00897,2,Salud,SAL-1101,,0,65663089
SAL-00898,1,Salud,SAL-2101,,23275356,0
SAL-00898,2,Salud,SAL-1101,,0,23275356
SAL-00899,1,Salud,SAL-1201,,1815035,0
SAL-00899,2,Salud,SAL-1101,,0,1815035
SAL-00900,1,Salud,SAL-6901,,3816262,0
SAL-00900,2,Salud,SAL-1202,,0,3816262
SAL-00901,1,Salud,SAL-6902,,1188429,0
SAL-00901,2,Salud,SAL-1101,,0,1188429
SAL-00902,1,Salud,SAL-2201,,527369,0
SAL-00902,2,Salud,SAL-1101,,0,527369
SAL-00903,1,Salud,SAL-6903,,0,3143193
SAL-00903,2,Salud,SAL-2104,,3143193,0
SAL-00904,1,Salud,SAL-1101,,15000000,0
SAL-00904,2,Salud,SAL-2103,,0,15000000
SAL-00905,1,Salud,SAL-4105,Clínica Oriente,0,5176089
SAL-00905,2,Salud,SAL-4106,Clínica Oriente,0,6326330
SAL-00905,3,Salud,SAL-4105,Clínica Centro,0,3961633
SAL-00905,4,Salud,SAL-4106,Clínica Centro,0,4841996
SAL-00905,5,Salud,SAL-4105,Clínica Poniente,0,2117722
SAL-00905,6,Salud,SAL-4106,Clínica Poniente,0,2588326
SAL-00905,7,Salud,SAL-4101,Clínica Oriente,0,10463259
SAL-00905,8,Salud,SAL-4102,Clínica Oriente,0,4484254
SAL-00905,9,Salud,SAL-4101,Clínica Centro,0,7959888
SAL-00905,10,Salud,SAL-4102,Clínica Centro,0,3411381
SAL-00905,11,Salud,SAL-4101,Clínica Poniente,0,4143148
SAL-00905,12,Salud,SAL-4102,Clínica Poniente,0,1775635
SAL-00905,13,Salud,SAL-4104,Clínica Oriente,0,6016028
SAL-00905,14,Salud,SAL-4103,Clínica Oriente,0,2005343
SAL-00905,15,Salud,SAL-4104,Clínica Centro,0,4636543
SAL-00905,16,Salud,SAL-4103,Clínica Centro,0,1545514
SAL-00905,17,Salud,SAL-4104,Clínica Poniente,0,2552571
SAL-00905,18,Salud,SAL-4103,Clínica Poniente,0,850857
SAL-00905,19,Salud,SAL-1102,,74856517,0
SAL-00906,1,Salud,SAL-1101,,82002608,0
SAL-00906,2,Salud,SAL-1102,,0,82002608
SAL-00907,1,Salud,SAL-1103,,9375956,0
SAL-00907,2,Salud,SAL-2101,,0,9375956
SAL-00908,1,Salud,SAL-5104,Clínica Oriente,2268819,0
SAL-00908,2,Salud,SAL-5103,Clínica Oriente,1856306,0
SAL-00908,3,Salud,SAL-5104,Clínica Centro,1794478,0
SAL-00908,4,Salud,SAL-5103,Clínica Centro,1468210,0
SAL-00908,5,Salud,SAL-5104,Clínica Poniente,1093297,0
SAL-00908,6,Salud,SAL-5103,Clínica Poniente,894516,0
SAL-00908,7,Salud,SAL-1103,,0,9375626
SAL-00909,1,Salud,SAL-6103,Clínica Oriente,946460,0
SAL-00909,2,Salud,SAL-6104,Clínica Oriente,406877,0
SAL-00909,3,Salud,SAL-6103,Clínica Centro,737189,0
SAL-00909,4,Salud,SAL-6104,Clínica Centro,317815,0
SAL-00909,5,Salud,SAL-6103,Clínica Poniente,423649,0
SAL-00909,6,Salud,SAL-6104,Clínica Poniente,184691,0
SAL-00909,7,Salud,SAL-6102,Clínica Oriente,906337,0
SAL-00909,8,Salud,SAL-6101,Clínica Oriente,919012,0
SAL-00909,9,Salud,SAL-6102,Clínica Centro,709506,0
SAL-00909,10,Salud,SAL-6101,Clínica Centro,728518,0
SAL-00909,11,Salud,SAL-6102,Clínica Poniente,415844,0
SAL-00909,12,Salud,SAL-6101,Clínica Poniente,447531,0
SAL-00909,13,Salud,SAL-6108,Clínica Oriente,596575,0
SAL-00909,14,Salud,SAL-6107,Clínica Oriente,401150,0
SAL-00909,15,Salud,SAL-6108,Clínica Centro,465863,0
SAL-00909,16,Salud,SAL-6107,Clínica Centro,315725,0
SAL-00909,17,Salud,SAL-6108,Clínica Poniente,270438,0
SAL-00909,18,Salud,SAL-6107,Clínica Poniente,188875,0
SAL-00909,19,Salud,SAL-2101,,0,9382055
SAL-00910,1,Salud,SAL-5105,Clínica Oriente,10271553,0
SAL-00910,2,Salud,SAL-5106,Clínica Oriente,3521553,0
SAL-00910,3,Salud,SAL-5105,Clínica Centro,8094830,0
SAL-00910,4,Salud,SAL-5106,Clínica Centro,2844829,0
SAL-00910,5,Salud,SAL-5105,Clínica Poniente,4866383,0
SAL-00910,6,Salud,SAL-5106,Clínica Poniente,1866383,0
SAL-00910,7,Salud,SAL-5102,Clínica Oriente,5216088,0
SAL-00910,8,Salud,SAL-5101,Clínica Oriente,1274674,0
SAL-00910,9,Salud,SAL-5102,Clínica Centro,4184133,0
SAL-00910,10,Salud,SAL-5101,Clínica Centro,1002011,0
SAL-00910,11,Salud,SAL-5102,Clínica Poniente,2680221,0
SAL-00910,12,Salud,SAL-5101,Clínica Poniente,596685,0
SAL-00910,13,Salud,SAL-6106,Clínica Oriente,2155057,0
SAL-00910,14,Salud,SAL-6105,Clínica Oriente,380304,0
SAL-00910,15,Salud,SAL-6106,Clínica Centro,1713211,0
SAL-00910,16,Salud,SAL-6105,Clínica Centro,302331,0
SAL-00910,17,Salud,SAL-6106,Clínica Poniente,1063268,0
SAL-00910,18,Salud,SAL-6105,Clínica Poniente,187635,0
SAL-00910,19,Salud,SAL-2102,,0,52221149
SAL-00911,1,Salud,SAL-2102,,67683151,0
SAL-00911,2,Salud,SAL-1101,,0,67683151
SAL-00912,1,Salud,SAL-2101,,23754603,0
SAL-00912,2,Salud,SAL-1101,,0,23754603
SAL-00913,1,Salud,SAL-1201,,1618696,0
SAL-00913,2,Salud,SAL-1101,,0,1618696
SAL-00914,1,Salud,SAL-6901,,3827053,0
SAL-00914,2,Salud,SAL-1202,,0,3827053
SAL-00915,1,Salud,SAL-6902,,1284913,0
SAL-00915,2,Salud,SAL-1101,,0,1284913
SAL-00916,1,Salud,SAL-2201,,527369,0
SAL-00916,2,Salud,SAL-1101,,0,527369
SAL-00917,1,Salud,SAL-6903,,0,333255
SAL-00917,2,Salud,SAL-2104,,333255,0
SAL-00918,1,Salud,SAL-1101,,10000000,0
SAL-00918,2,Salud,SAL-2103,,0,10000000
SAL-00919,1,Salud,SAL-4105,Clínica Oriente,0,5148611
SAL-00919,2,Salud,SAL-4106,Clínica Oriente,0,6292747
SAL-00919,3,Salud,SAL-4105,Clínica Centro,0,3920417
SAL-00919,4,Salud,SAL-4106,Clínica Centro,0,4791621
SAL-00919,5,Salud,SAL-4105,Clínica Poniente,0,2049028
SAL-00919,6,Salud,SAL-4106,Clínica Poniente,0,2504368
SAL-00919,7,Salud,SAL-4101,Clínica Oriente,0,10625738
SAL-00919,8,Salud,SAL-4102,Clínica Oriente,0,4553888
SAL-00919,9,Salud,SAL-4101,Clínica Centro,0,8203608
SAL-00919,10,Salud,SAL-4102,Clínica Centro,0,3515832
SAL-00919,11,Salud,SAL-4101,Clínica Poniente,0,4549346
SAL-00919,12,Salud,SAL-4102,Clínica Poniente,0,1949720
SAL-00919,13,Salud,SAL-4104,Clínica Oriente,0,6023428
SAL-00919,14,Salud,SAL-4103,Clínica Oriente,0,2007809
SAL-00919,15,Salud,SAL-4104,Clínica Centro,0,4647643
SAL-00919,16,Salud,SAL-4103,Clínica Centro,0,1549214
SAL-00919,17,Salud,SAL-4104,Clínica Poniente,0,2571071
SAL-00919,18,Salud,SAL-4103,Clínica Poniente,0,857024
SAL-00919,19,Salud,SAL-1102,,75761113,0
SAL-00920,1,Salud,SAL-1101,,85169620,0
SAL-00920,2,Salud,SAL-1102,,0,85169620
SAL-00921,1,Salud,SAL-1103,,9524802,0
SAL-00921,2,Salud,SAL-2101,,0,9524802
SAL-00922,1,Salud,SAL-5104,Clínica Oriente,2259915,0
SAL-00922,2,Salud,SAL-5103,Clínica Oriente,1849022,0
SAL-00922,3,Salud,SAL-5104,Clínica Centro,1781123,0
SAL-00922,4,Salud,SAL-5103,Clínica Centro,1457283,0
SAL-00922,5,Salud,SAL-5104,Clínica Poniente,1071039,0
SAL-00922,6,Salud,SAL-5103,Clínica Poniente,876305,0
SAL-00922,7,Salud,SAL-1103,,0,9294687
SAL-00923,1,Salud,SAL-6103,Clínica Oriente,957327,0
SAL-00923,2,Salud,SAL-6104,Clínica Oriente,420849,0
SAL-00923,3,Salud,SAL-6103,Clínica Centro,753490,0
SAL-00923,4,Salud,SAL-6104,Clínica Centro,338773,0
SAL-00923,5,Salud,SAL-6103,Clínica Poniente,450817,0
SAL-00923,6,Salud,SAL-6104,Clínica Poniente,219621,0
SAL-00923,7,Salud,SAL-6102,Clínica Oriente,903439,0
SAL-00923,8,Salud,SAL-6101,Clínica Oriente,910318,0
SAL-00923,9,Salud,SAL-6102,Clínica Centro,705159,0
SAL-00923,10,Salud,SAL-6101,Clínica Centro,715477,0
SAL-00923,11,Salud,SAL-6102,Clínica Poniente,408599,0
SAL-00923,12,Salud,SAL-6101,Clínica Poniente,425795,0
SAL-00923,13,Salud,SAL-6108,Clínica Oriente,595071,0
SAL-00923,14,Salud,SAL-6107,Clínica Oriente,398142,0
SAL-00923,15,Salud,SAL-6108,Clínica Centro,463606,0
SAL-00923,16,Salud,SAL-6107,Clínica Centro,311213,0
SAL-00923,17,Salud,SAL-6108,Clínica Poniente,266678,0
SAL-00923,18,Salud,SAL-6107,Clínica Poniente,181355,0
SAL-00923,19,Salud,SAL-2101,,0,9425729
SAL-00924,1,Salud,SAL-5105,Clínica Oriente,10155952,0
SAL-00924,2,Salud,SAL-5106,Clínica Oriente,3405952,0
SAL-00924,3,Salud,SAL-5105,Clínica Centro,7921429,0
SAL-00924,4,Salud,SAL-5106,Clínica Centro,2671428,0
SAL-00924,5,Salud,SAL-5105,Clínica Poniente,4577381,0
SAL-00924,6,Salud,SAL-5106,Clínica Poniente,1577381,0
SAL-00924,7,Salud,SAL-5102,Clínica Oriente,5060505,0
SAL-00924,8,Salud,SAL-5101,Clínica Oriente,1261709,0
SAL-00924,9,Salud,SAL-5102,Clínica Centro,3950758,0
SAL-00924,10,Salud,SAL-5101,Clínica Centro,982563,0
SAL-00924,11,Salud,SAL-5102,Clínica Poniente,2291264,0
SAL-00924,12,Salud,SAL-5101,Clínica Poniente,564272,0
SAL-00924,13,Salud,SAL-6106,Clínica Oriente,2122796,0
SAL-00924,14,Salud,SAL-6105,Clínica Oriente,374611,0
SAL-00924,15,Salud,SAL-6106,Clínica Centro,1664820,0
SAL-00924,16,Salud,SAL-6105,Clínica Centro,293792,0
SAL-00924,17,Salud,SAL-6106,Clínica Poniente,982616,0
SAL-00924,18,Salud,SAL-6105,Clínica Poniente,173403,0
SAL-00924,19,Salud,SAL-2102,,0,50032632
SAL-00925,1,Salud,SAL-2102,,52221149,0
SAL-00925,2,Salud,SAL-1101,,0,52221149
SAL-00926,1,Salud,SAL-2101,,21292522,0
SAL-00926,2,Salud,SAL-1101,,0,21292522
SAL-00927,1,Salud,SAL-1201,,3278155,0
SAL-00927,2,Salud,SAL-1101,,0,3278155
SAL-00928,1,Salud,SAL-6901,,3848908,0
SAL-00928,2,Salud,SAL-1202,,0,3848908
SAL-00929,1,Salud,SAL-6902,,1348064,0
SAL-00929,2,Salud,SAL-1101,,0,1348064
SAL-00930,1,Salud,SAL-2201,,527369,0
SAL-00930,2,Salud,SAL-1101,,0,527369
SAL-00931,1,Salud,SAL-6903,,488995,0
SAL-00931,2,Salud,SAL-2104,,0,488995
SAL-00932,1,Salud,SAL-4105,Clínica Oriente,0,5229523
SAL-00932,2,Salud,SAL-4106,Clínica Oriente,0,6391640
SAL-00932,3,Salud,SAL-4105,Clínica Centro,0,4041785
SAL-00932,4,Salud,SAL-4106,Clínica Centro,0,4939960
SAL-00932,5,Salud,SAL-4105,Clínica Poniente,0,2251308
SAL-00932,6,Salud,SAL-4106,Clínica Poniente,0,2751599
SAL-00932,7,Salud,SAL-4101,Clínica Oriente,0,10632285
SAL-00932,8,Salud,SAL-4102,Clínica Oriente,0,4556694
SAL-00932,9,Salud,SAL-4101,Clínica Centro,0,8213427
SAL-00932,10,Salud,SAL-4102,Clínica Centro,0,3520040
SAL-00932,11,Salud,SAL-4101,Clínica Poniente,0,4565713
SAL-00932,12,Salud,SAL-4102,Clínica Poniente,0,1956734
SAL-00932,13,Salud,SAL-4104,Clínica Oriente,0,6094215
SAL-00932,14,Salud,SAL-4103,Clínica Oriente,0,2031405
SAL-00932,15,Salud,SAL-4104,Clínica Centro,0,4753823
SAL-00932,16,Salud,SAL-4103,Clínica Centro,0,1584608
SAL-00932,17,Salud,SAL-4104,Clínica Poniente,0,2748038
SAL-00932,18,Salud,SAL-4103,Clínica Poniente,0,916013
SAL-00932,19,Salud,SAL-1102,,77178810,0
SAL-00933,1,Salud,SAL-1101,,83426026,0
SAL-00933,2,Salud,SAL-1102,,0,83426026
SAL-00934,1,Salud,SAL-1103,,9437314,0
SAL-00934,2,Salud,SAL-2101,,0,9437314
SAL-00935,1,Salud,SAL-5104,Clínica Oriente,2288312,0
SAL-00935,2,Salud,SAL-5103,Clínica Oriente,1872256,0
SAL-00935,3,Salud,SAL-5104,Clínica Centro,1823718,0
SAL-00935,4,Salud,SAL-5103,Clínica Centro,1492133,0
SAL-00935,5,Salud,SAL-5104,Clínica Poniente,1142031,0
SAL-00935,6,Salud,SAL-5103,Clínica Poniente,934389,0
SAL-00935,7,Salud,SAL-1103,,0,9552839
SAL-00936,1,Salud,SAL-6103,Clínica Oriente,953429,0
SAL-00936,2,Salud,SAL-6104,Clínica Oriente,415838,0
SAL-00936,3,Salud,SAL-6103,Clínica Centro,747644,0
SAL-00936,4,Salud,SAL-6104,Clínica Centro,331257,0
SAL-00936,5,Salud,SAL-6103,Clínica Poniente,441073,0
SAL-00936,6,Salud,SAL-6104,Clínica Poniente,207094,0
SAL-00936,7,Salud,SAL-6102,Clínica Oriente,906539,0
SAL-00936,8,Salud,SAL-6101,Clínica Oriente,919616,0
SAL-00936,9,Salud,SAL-6102,Clínica Centro,709808,0
SAL-00936,10,Salud,SAL-6101,Clínica Centro,729423,0
SAL-00936,11,Salud,SAL-6102,Clínica Poniente,416346,0
SAL-00936,12,Salud,SAL-6101,Clínica Poniente,449039,0
SAL-00936,13,Salud,SAL-6108,Clínica Oriente,596096,0
SAL-00936,14,Salud,SAL-6107,Clínica Oriente,400193,0
SAL-00936,15,Salud,SAL-6108,Clínica Centro,465145,0
SAL-00936,16,Salud,SAL-6107,Clínica Centro,314290,0
SAL-00936,17,Salud,SAL-6108,Clínica Poniente,269241,0
SAL-00936,18,Salud,SAL-6107,Clínica Poniente,186483,0
SAL-00936,19,Salud,SAL-2101,,0,9458554
SAL-00937,1,Salud,SAL-5105,Clínica Oriente,10270874,0
SAL-00937,2,Salud,SAL-5106,Clínica Oriente,3520874,0
SAL-00937,3,Salud,SAL-5105,Clínica Centro,8093811,0
SAL-00937,4,Salud,SAL-5106,Clínica Centro,2843811,0
SAL-00937,5,Salud,SAL-5105,Clínica Poniente,4864684,0
SAL-00937,6,Salud,SAL-5106,Clínica Poniente,1864684,0
SAL-00937,7,Salud,SAL-5102,Clínica Oriente,5174410,0
SAL-00937,8,Salud,SAL-5101,Clínica Oriente,1271201,0
SAL-00937,9,Salud,SAL-5102,Clínica Centro,4121615,0
SAL-00937,10,Salud,SAL-5101,Clínica Centro,996801,0
SAL-00937,11,Salud,SAL-5102,Clínica Poniente,2576026,0
SAL-00937,12,Salud,SAL-5101,Clínica Poniente,588002,0
SAL-00937,13,Salud,SAL-6106,Clínica Oriente,2100305,0
SAL-00937,14,Salud,SAL-6105,Clínica Oriente,370642,0
SAL-00937,15,Salud,SAL-6106,Clínica Centro,1631082,0
SAL-00937,16,Salud,SAL-6105,Clínica Centro,287838,0
SAL-00937,17,Salud,SAL-6106,Clínica Poniente,926387,0
SAL-00937,18,Salud,SAL-6105,Clínica Poniente,163480,0
SAL-00937,19,Salud,SAL-2102,,0,51666527
SAL-00938,1,Salud,SAL-2102,,50032632,0
SAL-00938,2,Salud,SAL-1101,,0,50032632
SAL-00939,1,Salud,SAL-2101,,18854271,0
SAL-00939,2,Salud,SAL-1101,,0,18854271
SAL-00940,1,Salud,SAL-1201,,2739820,0
SAL-00940,2,Salud,SAL-1101,,0,2739820
SAL-00941,1,Salud,SAL-6901,,3867173,0
SAL-00941,2,Salud,SAL-1202,,0,3867173
SAL-00942,1,Salud,SAL-6902,,1344548,0
SAL-00942,2,Salud,SAL-1101,,0,1344548
SAL-00943,1,Salud,SAL-2201,,527369,0
SAL-00943,2,Salud,SAL-1101,,0,527369
SAL-00944,1,Salud,SAL-6903,,348076,0
SAL-00944,2,Salud,SAL-2104,,0,348076
SAL-00945,1,Salud,SAL-4105,Clínica Oriente,0,5230929
SAL-00945,2,Salud,SAL-4106,Clínica Oriente,0,6393358
SAL-00945,3,Salud,SAL-4105,Clínica Centro,0,4043894
SAL-00945,4,Salud,SAL-4106,Clínica Centro,0,4942537
SAL-00945,5,Salud,SAL-4105,Clínica Poniente,0,2254823
SAL-00945,6,Salud,SAL-4106,Clínica Poniente,0,2755894
SAL-00945,7,Salud,SAL-4101,Clínica Oriente,0,10589452
SAL-00945,8,Salud,SAL-4102,Clínica Oriente,0,4538336
SAL-00945,9,Salud,SAL-4101,Clínica Centro,0,8149177
SAL-00945,10,Salud,SAL-4102,Clínica Centro,0,3492505
SAL-00945,11,Salud,SAL-4101,Clínica Poniente,0,4458629
SAL-00945,12,Salud,SAL-4102,Clínica Poniente,0,1910841
SAL-00945,13,Salud,SAL-4104,Clínica Oriente,0,6058447
SAL-00945,14,Salud,SAL-4103,Clínica Oriente,0,2019482
SAL-00945,15,Salud,SAL-4104,Clínica Centro,0,4700170
SAL-00945,16,Salud,SAL-4103,Clínica Centro,0,1566723
SAL-00945,17,Salud,SAL-4104,Clínica Poniente,0,2658616
SAL-00945,18,Salud,SAL-4103,Clínica Poniente,0,886205
SAL-00945,19,Salud,SAL-1102,,76650018,0
SAL-00946,1,Salud,SAL-1101,,78395828,0
SAL-00946,2,Salud,SAL-1102,,0,78395828
SAL-00947,1,Salud,SAL-1103,,9220062,0
SAL-00947,2,Salud,SAL-2101,,0,9220062
SAL-00948,1,Salud,SAL-5104,Clínica Oriente,2245119,0
SAL-00948,2,Salud,SAL-5103,Clínica Oriente,1836915,0
SAL-00948,3,Salud,SAL-5104,Clínica Centro,1758928,0
SAL-00948,4,Salud,SAL-5103,Clínica Centro,1439123,0
SAL-00948,5,Salud,SAL-5104,Clínica Poniente,1034047,0
SAL-00948,6,Salud,SAL-5103,Clínica Poniente,846039,0
SAL-00948,7,Salud,SAL-1103,,0,9160171
SAL-00949,1,Salud,SAL-6103,Clínica Oriente,949579,0
SAL-00949,2,Salud,SAL-6104,Clínica Oriente,410887,0
SAL-00949,3,Salud,SAL-6103,Clínica Centro,741868,0
SAL-00949,4,Salud,SAL-6104,Clínica Centro,323831,0
SAL-00949,5,Salud,SAL-6103,Clínica Poniente,431447,0
SAL-00949,6,Salud,SAL-6104,Clínica Poniente,194718,0
SAL-00949,7,Salud,SAL-6102,Clínica Oriente,906057,0
SAL-00949,8,Salud,SAL-6101,Clínica Oriente,918173,0
SAL-00949,9,Salud,SAL-6102,Clínica Centro,709086,0
SAL-00949,10,Salud,SAL-6101,Clínica Centro,727259,0
SAL-00949,11,Salud,SAL-6102,Clínica Poniente,415144,0
SAL-00949,12,Salud,SAL-6101,Clínica Poniente,445431,0
SAL-00949,13,Salud,SAL-6108,Clínica Oriente,599075,0
SAL-00949,14,Salud,SAL-6107,Clínica Oriente,406150,0
SAL-00949,15,Salud,SAL-6108,Clínica Centro,469612,0
SAL-00949,16,Salud,SAL-6107,Clínica Centro,323225,0
SAL-00949,17,Salud,SAL-6108,Clínica Poniente,276687,0
SAL-00949,18,Salud,SAL-6107,Clínica Poniente,201374,0
SAL-00949,19,Salud,SAL-2101,,0,9449603
SAL-00950,1,Salud,SAL-5105,Clínica Oriente,10225933,0
SAL-00950,2,Salud,SAL-5106,Clínica Oriente,3475933,0
SAL-00950,3,Salud,SAL-5105,Clínica Centro,8026400,0
SAL-00950,4,Salud,SAL-5106,Clínica Centro,2776399,0
SAL-00950,5,Salud,SAL-5105,Clínica Poniente,4752333,0
SAL-00950,6,Salud,SAL-5106,Clínica Poniente,1752333,0
SAL-00950,7,Salud,SAL-5102,Clínica Oriente,5066120,0
SAL-00950,8,Salud,SAL-5101,Clínica Oriente,1262177,0
SAL-00950,9,Salud,SAL-5102,Clínica Centro,3959180,0
SAL-00950,10,Salud,SAL-5101,Clínica Centro,983265,0
SAL-00950,11,Salud,SAL-5102,Clínica Poniente,2305299,0
SAL-00950,12,Salud,SAL-5101,Clínica Poniente,565441,0
SAL-00950,13,Salud,SAL-6106,Clínica Oriente,2116993,0
SAL-00950,14,Salud,SAL-6105,Clínica Oriente,373587,0
SAL-00950,15,Salud,SAL-6106,Clínica Centro,1656115,0
SAL-00950,16,Salud,SAL-6105,Clínica Centro,292255,0
SAL-00950,17,Salud,SAL-6106,Clínica Poniente,968108,0
SAL-00950,18,Salud,SAL-6105,Clínica Poniente,170843,0
SAL-00950,19,Salud,SAL-2102,,0,50728714
SAL-00951,1,Salud,SAL-2102,,51666527,0
SAL-00951,2,Salud,SAL-1101,,0,51666527
SAL-00952,1,Salud,SAL-2101,,18923199,0
SAL-00952,2,Salud,SAL-1101,,0,18923199
SAL-00953,1,Salud,SAL-1201,,1577902,0
SAL-00953,2,Salud,SAL-1101,,0,1577902
SAL-00954,1,Salud,SAL-6901,,3877692,0
SAL-00954,2,Salud,SAL-1202,,0,3877692
SAL-00955,1,Salud,SAL-6902,,1341032,0
SAL-00955,2,Salud,SAL-1101,,0,1341032
SAL-00956,1,Salud,SAL-2201,,527369,0
SAL-00956,2,Salud,SAL-1101,,0,527369
SAL-00957,1,Salud,SAL-6903,,565058,0
SAL-00957,2,Salud,SAL-2104,,0,565058
SAL-00958,1,Salud,SAL-4105,Clínica Oriente,63292250,0
SAL-00958,2,Salud,SAL-4106,Clínica Oriente,77357194,0
SAL-00958,3,Salud,SAL-4105,Clínica Centro,48509851,0
SAL-00958,4,Salud,SAL-4106,Clínica Centro,59289817,0
SAL-00958,5,Salud,SAL-4105,Clínica Poniente,26087901,0
SAL-00958,6,Salud,SAL-4106,Clínica Poniente,31885209,0
SAL-00958,7,Salud,SAL-4101,Clínica Oriente,129180345,0
SAL-00958,8,Salud,SAL-4102,Clínica Oriente,55363007,0
SAL-00958,9,Salud,SAL-4101,Clínica Centro,99326166,0
SAL-00958,10,Salud,SAL-4102,Clínica Centro,42568357,0
SAL-00958,11,Salud,SAL-4101,Clínica Poniente,54147713,0
SAL-00958,12,Salud,SAL-4102,Clínica Poniente,23206163,0
SAL-00958,13,Salud,SAL-4104,Clínica Oriente,73388014,0
SAL-00958,14,Salud,SAL-4103,Clínica Oriente,24462670,0
SAL-00958,15,Salud,SAL-4104,Clínica Centro,56510647,0
SAL-00958,16,Salud,SAL-4103,Clínica Centro,18836882,0
SAL-00958,17,Salud,SAL-4104,Clínica Poniente,30997659,0
SAL-00958,18,Salud,SAL-4103,Clínica Poniente,10332553,0
SAL-00958,19,Salud,SAL-5104,Clínica Oriente,0,28541176
SAL-00958,20,Salud,SAL-5103,Clínica Oriente,0,23351871
SAL-00958,21,Salud,SAL-5104,Clínica Centro,0,23168926
SAL-00958,22,Salud,SAL-5103,Clínica Centro,0,18956395
SAL-00958,23,Salud,SAL-5104,Clínica Poniente,0,15446403
SAL-00958,24,Salud,SAL-5103,Clínica Poniente,0,12637968
SAL-00958,25,Salud,SAL-6103,Clínica Oriente,0,11614401
SAL-00958,26,Salud,SAL-6104,Clínica Oriente,0,5042700
SAL-00958,27,Salud,SAL-6103,Clínica Centro,0,9088273
SAL-00958,28,Salud,SAL-6104,Clínica Centro,0,3992626
SAL-00958,29,Salud,SAL-6103,Clínica Poniente,0,5318074
SAL-00958,30,Salud,SAL-6104,Clínica Poniente,0,2441923
SAL-00958,31,Salud,SAL-6102,Clínica Oriente,0,11046032
SAL-00958,32,Salud,SAL-6101,Clínica Oriente,0,11160095
SAL-00958,33,Salud,SAL-6102,Clínica Centro,0,8632549
SAL-00958,34,Salud,SAL-6101,Clínica Centro,0,8803640
SAL-00958,35,Salud,SAL-6102,Clínica Poniente,0,5026582
SAL-00958,36,Salud,SAL-6101,Clínica Poniente,0,5311737
SAL-00958,37,Salud,SAL-6108,Clínica Oriente,0,7284333
SAL-00958,38,Salud,SAL-6107,Clínica Oriente,0,4898352
SAL-00958,39,Salud,SAL-6108,Clínica Centro,0,5688412
SAL-00958,40,Salud,SAL-6107,Clínica Centro,0,3855466
SAL-00958,41,Salud,SAL-6108,Clínica Poniente,0,3302428
SAL-00958,42,Salud,SAL-6107,Clínica Poniente,0,2306935
SAL-00958,43,Salud,SAL-5105,Clínica Oriente,0,126964384
SAL-00958,44,Salud,SAL-5106,Clínica Oriente,0,44546883
SAL-00958,45,Salud,SAL-5105,Clínica Centro,0,101160953
SAL-00958,46,Salud,SAL-5106,Clínica Centro,0,37058447
SAL-00958,47,Salud,SAL-5105,Clínica Poniente,0,63290332
SAL-00958,48,Salud,SAL-5106,Clínica Poniente,0,26660331
SAL-00958,49,Salud,SAL-5102,Clínica Oriente,0,64066727
SAL-00958,50,Salud,SAL-5101,Clínica Oriente,0,15595294
SAL-00958,51,Salud,SAL-5102,Clínica Centro,0,51655691
SAL-00958,52,Salud,SAL-5101,Clínica Centro,0,12281840
SAL-00958,53,Salud,SAL-5102,Clínica Poniente,0,33671219
SAL-00958,54,Salud,SAL-5101,Clínica Poniente,0,7364334
SAL-00958,55,Salud,SAL-6106,Clínica Oriente,0,25908495
SAL-00958,56,Salud,SAL-6105,Clínica Oriente,0,4572087
SAL-00958,57,Salud,SAL-6106,Clínica Centro,0,20311176
SAL-00958,58,Salud,SAL-6105,Clínica Centro,0,3584323
SAL-00958,59,Salud,SAL-6106,Clínica Poniente,0,11970622
SAL-00958,60,Salud,SAL-6105,Clínica Poniente,0,2112463
SAL-00958,61,Salud,SAL-6901,,0,45477053
SAL-00958,62,Salud,SAL-6902,,0,14791096
SAL-00958,63,Salud,SAL-6903,,6809034,0
SAL-00958,64,Salud,SAL-3103,,18409615,0
