fecha,anio,mes,sucursal,linea,prevision,prestaciones,ingreso,costo_personal,costo_insumos,costo_honorarios
2025-01-01,2025,1,Clínica Oriente,UCI,Isapres,249,336150000,115059295,77688872,33615000
2025-01-01,2025,1,Clínica Oriente,UCI,Fonasa,83,64989000,38353098,25896291,6498900
2025-01-01,2025,1,Clínica Oriente,UCI,Convenios con empresas,50,58050000,23104276,15600175,5805000
2025-01-01,2025,1,Clínica Oriente,UCI,Particulares,33,49896000,15248822,10296116,4989600
2025-01-01,2025,1,Clínica Oriente,UTI,Isapres,306,250920000,90350200,44356919,25092000
2025-01-01,2025,1,Clínica Oriente,UTI,Fonasa,102,48511200,30116733,14785640,4851120
2025-01-01,2025,1,Clínica Oriente,UTI,Convenios con empresas,61,43017200,18010988,8842392,4301720
2025-01-01,2025,1,Clínica Oriente,UTI,Particulares,41,37654400,12105746,5943247,3765440
2025-01-01,2025,1,Clínica Oriente,Médico-quirúrgico,Isapres,1298,473770000,190813469,94561312,56852400
2025-01-01,2025,1,Clínica Oriente,Médico-quirúrgico,Fonasa,433,91666100,63653492,31544721,10999932
2025-01-01,2025,1,Clínica Oriente,Médico-quirúrgico,Convenios con empresas,260,81614000,38221496,18941403,9793680
2025-01-01,2025,1,Clínica Oriente,Médico-quirúrgico,Particulares,173,70722400,25431995,12603318,8486688
2025-01-01,2025,1,Clínica Oriente,Pediatría,Isapres,259,88060000,62966818,16812170,10567200
2025-01-01,2025,1,Clínica Oriente,Pediatría,Fonasa,86,16959200,20907901,5582419,2035104
2025-01-01,2025,1,Clínica Oriente,Pediatría,Convenios con empresas,52,15204800,12641987,3375416,1824576
2025-01-01,2025,1,Clínica Oriente,Pediatría,Particulares,34,12947200,8265914,2207003,1553664
2025-01-01,2025,1,Clínica Oriente,Maternidad,Isapres,247,81510000,45586832,14665383,14671800
2025-01-01,2025,1,Clínica Oriente,Maternidad,Fonasa,82,15694800,15134090,4868670,2825064
2025-01-01,2025,1,Clínica Oriente,Maternidad,Convenios con empresas,49,13906200,9043542,2909327,2503116
2025-01-01,2025,1,Clínica Oriente,Maternidad,Particulares,34,12566400,6275110,2018717,2261952
2025-01-01,2025,1,Clínica Oriente,Pabellón,Isapres,556,1076042934,113721190,234432702,236729446
2025-01-01,2025,1,Clínica Oriente,Pabellón,Fonasa,185,207660804,37838885,78003687,45685377
2025-01-01,2025,1,Clínica Oriente,Pabellón,Convenios con empresas,111,184746508,22703331,46802212,40644232
2025-01-01,2025,1,Clínica Oriente,Pabellón,Particulares,75,162567638,15340089,31623116,35764880
2025-01-01,2025,1,Clínica Oriente,Urgencia,Isapres,3962,362016051,152691288,57709204,108604815
2025-01-01,2025,1,Clínica Oriente,Urgencia,Fonasa,1321,70007435,50909942,19241256,21002231
2025-01-01,2025,1,Clínica Oriente,Urgencia,Convenios con empresas,792,62235329,30522842,11536014,18670599
2025-01-01,2025,1,Clínica Oriente,Urgencia,Particulares,529,54136111,20387100,7705242,16240833
2025-01-01,2025,1,Clínica Oriente,Consultas,Isapres,6829,286818000,35659720,17181898,166354440
2025-01-01,2025,1,Clínica Oriente,Consultas,Fonasa,2276,55443360,11884833,5726461,32157149
2025-01-01,2025,1,Clínica Oriente,Consultas,Convenios con empresas,1366,49339920,7132988,3436883,28617154
2025-01-01,2025,1,Clínica Oriente,Consultas,Particulares,911,42853440,4757066,2292094,24854995
2025-01-01,2025,1,Clínica Oriente,Laboratorio,Isapres,11728,111416000,26320292,36069245,5570800
2025-01-01,2025,1,Clínica Oriente,Laboratorio,Fonasa,3909,21538590,8772682,12022056,1076930
2025-01-01,2025,1,Clínica Oriente,Laboratorio,Convenios con empresas,2346,19166820,5264956,7215079,958341
2025-01-01,2025,1,Clínica Oriente,Laboratorio,Particulares,1563,16630320,3507726,4806977,831516
2025-01-01,2025,1,Clínica Oriente,Imagenología,Isapres,2689,166718000,42791265,39633032,23340520
2025-01-01,2025,1,Clínica Oriente,Imagenología,Fonasa,896,32220160,14258451,13206098,4510822
2025-01-01,2025,1,Clínica Oriente,Imagenología,Convenios con empresas,538,28686160,8561436,7929554,4016062
2025-01-01,2025,1,Clínica Oriente,Imagenología,Particulares,359,24928960,5712928,5291282,3490054
2025-01-01,2025,1,Clínica Centro,UCI,Isapres,149,201150000,66131917,45579519,20115000
2025-01-01,2025,1,Clínica Centro,UCI,Fonasa,113,88479000,50153736,34567018,8847900
2025-01-01,2025,1,Clínica Centro,UCI,Convenios con empresas,39,45279000,17309696,11930210,4527900
2025-01-01,2025,1,Clínica Centro,UCI,Particulares,23,34776000,10208282,7035765,3477600
2025-01-01,2025,1,Clínica Centro,UTI,Isapres,180,147600000,54222645,26684202,14760000
2025-01-01,2025,1,Clínica Centro,UTI,Fonasa,137,65157200,41269458,20309642,6515720
2025-01-01,2025,1,Clínica Centro,UTI,Convenios con empresas,47,33144400,14158135,6967542,3314440
2025-01-01,2025,1,Clínica Centro,UTI,Particulares,27,24796800,8133397,4002630,2479680
2025-01-01,2025,1,Clínica Centro,Médico-quirúrgico,Isapres,820,299300000,110235017,59224590,35916000
2025-01-01,2025,1,Clínica Centro,Médico-quirúrgico,Fonasa,624,132100800,83886159,45068468,15852096
2025-01-01,2025,1,Clínica Centro,Médico-quirúrgico,Convenios con empresas,214,67174600,28768651,15456173,8060952
2025-01-01,2025,1,Clínica Centro,Médico-quirúrgico,Particulares,125,51100000,16804118,9028139,6132000
2025-01-01,2025,1,Clínica Centro,Pediatría,Isapres,147,49980000,35756212,9339836,5997600
2025-01-01,2025,1,Clínica Centro,Pediatría,Fonasa,112,22086400,27242828,7116066,2650368
2025-01-01,2025,1,Clínica Centro,Pediatría,Convenios con empresas,38,11111200,9243102,2414379,1333344
2025-01-01,2025,1,Clínica Centro,Pediatría,Particulares,22,8377600,5351270,1397799,1005312
2025-01-01,2025,1,Clínica Centro,Maternidad,Isapres,151,49830000,27790438,9127371,8969400
2025-01-01,2025,1,Clínica Centro,Maternidad,Fonasa,115,22011000,21164903,6951309,3961980
2025-01-01,2025,1,Clínica Centro,Maternidad,Convenios con empresas,39,11068200,7177663,2357400,1992276
2025-01-01,2025,1,Clínica Centro,Maternidad,Particulares,23,8500800,4232981,1390262,1530144
2025-01-01,2025,1,Clínica Centro,Pabellón,Isapres,303,582458877,67346138,127357367,128140953
2025-01-01,2025,1,Clínica Centro,Pabellón,Fonasa,231,257550628,51343095,97094230,56661138
2025-01-01,2025,1,Clínica Centro,Pabellón,Convenios con empresas,79,130601505,17558894,33205386,28732331
2025-01-01,2025,1,Clínica Centro,Pabellón,Particulares,46,99037232,10224166,19334782,21788191
2025-01-01,2025,1,Clínica Centro,Urgencia,Isapres,2679,243766917,96124696,37062344,73130075
2025-01-01,2025,1,Clínica Centro,Urgencia,Fonasa,2038,107555896,73125095,28194497,32266769
2025-01-01,2025,1,Clínica Centro,Urgencia,Convenios con empresas,699,54698785,25080688,9670242,16409635
2025-01-01,2025,1,Clínica Centro,Urgencia,Particulares,407,41477682,14603491,5630599,12443305
2025-01-01,2025,1,Clínica Centro,Consultas,Isapres,4346,182532000,23902874,10590166,105868560
2025-01-01,2025,1,Clínica Centro,Consultas,Fonasa,3307,80558520,18188404,8058371,46723942
2025-01-01,2025,1,Clínica Centro,Consultas,Convenios con empresas,1134,40960080,6236967,2763288,23756846
2025-01-01,2025,1,Clínica Centro,Consultas,Particulares,661,31093440,3635481,1610699,18034195
2025-01-01,2025,1,Clínica Centro,Laboratorio,Isapres,7727,73406500,17595492,23983011,3670325
2025-01-01,2025,1,Clínica Centro,Laboratorio,Fonasa,5879,32393290,13387330,18247201,1619664
2025-01-01,2025,1,Clínica Centro,Laboratorio,Convenios con empresas,2016,16470720,4590722,6257247,823536
2025-01-01,2025,1,Clínica Centro,Laboratorio,Particulares,1175,12502000,2675644,3646957,625100
2025-01-01,2025,1,Clínica Centro,Imagenología,Isapres,1797,111414000,29048123,26548172,15597960
2025-01-01,2025,1,Clínica Centro,Imagenología,Fonasa,1367,49157320,22097264,20195521,6882025
2025-01-01,2025,1,Clínica Centro,Imagenología,Convenios con empresas,469,25007080,7581285,6928822,3500991
2025-01-01,2025,1,Clínica Centro,Imagenología,Particulares,273,18957120,4412987,4033195,2653997
2025-01-01,2025,1,Clínica Poniente,UCI,Isapres,64,86400000,28947136,20099192,8640000
2025-01-01,2025,1,Clínica Poniente,UCI,Fonasa,118,92394000,53371282,37057885,9239400
2025-01-01,2025,1,Clínica Poniente,UCI,Convenios con empresas,21,24381000,9498279,6595047,2438100
2025-01-01,2025,1,Clínica Poniente,UCI,Particulares,11,16632000,4975289,3454549,1663200
2025-01-01,2025,1,Clínica Poniente,UTI,Isapres,73,59860000,22481762,11442657,5986000
2025-01-01,2025,1,Clínica Poniente,UTI,Fonasa,134,63730400,41267892,21004329,6373040
2025-01-01,2025,1,Clínica Poniente,UTI,Convenios con empresas,24,16924800,7391264,3761969,1692480
2025-01-01,2025,1,Clínica Poniente,UTI,Particulares,12,11020800,3695632,1880985,1102080
2025-01-01,2025,1,Clínica Poniente,Médico-quirúrgico,Isapres,368,134320000,52360999,26476847,16118400
2025-01-01,2025,1,Clínica Poniente,Médico-quirúrgico,Fonasa,674,142685800,95900308,48492921,17122296
2025-01-01,2025,1,Clínica Poniente,Médico-quirúrgico,Convenios con empresas,123,38609700,17501095,8849598,4633164
2025-01-01,2025,1,Clínica Poniente,Médico-quirúrgico,Particulares,61,24936800,8679405,4388825,2992416
2025-01-01,2025,1,Clínica Poniente,Pediatría,Isapres,77,26180000,18108803,5119422,3141600
2025-01-01,2025,1,Clínica Poniente,Pediatría,Fonasa,141,27805200,33160275,9374526,3336624
2025-01-01,2025,1,Clínica Poniente,Pediatría,Convenios con empresas,26,7602400,6114661,1728636,912288
2025-01-01,2025,1,Clínica Poniente,Pediatría,Particulares,12,4569600,2822151,797832,548352
2025-01-01,2025,1,Clínica Poniente,Maternidad,Isapres,71,23430000,13367857,4301387,4217400
2025-01-01,2025,1,Clínica Poniente,Maternidad,Fonasa,131,25073400,24664638,7936363,4513212
2025-01-01,2025,1,Clínica Poniente,Maternidad,Convenios con empresas,24,6811200,4518712,1453990,1226016
2025-01-01,2025,1,Clínica Poniente,Maternidad,Particulares,12,4435200,2259356,726995,798336
2025-01-01,2025,1,Clínica Poniente,Pabellón,Isapres,107,207031513,28349905,42619684,45546933
2025-01-01,2025,1,Clínica Poniente,Pabellón,Fonasa,196,219956471,51930668,78069702,48390424
2025-01-01,2025,1,Clínica Poniente,Pabellón,Convenios con empresas,36,59903697,9538286,14339333,13178813
2025-01-01,2025,1,Clínica Poniente,Pabellón,Particulares,18,39007059,4769143,7169666,8581553
2025-01-01,2025,1,Clínica Poniente,Urgencia,Isapres,1315,121240060,54370169,17901233,36372018
2025-01-01,2025,1,Clínica Poniente,Urgencia,Fonasa,2411,128927510,99685533,32821196,38678253
2025-01-01,2025,1,Clínica Poniente,Urgencia,Convenios con empresas,438,34729054,18109607,5962540,10418716
2025-01-01,2025,1,Clínica Poniente,Urgencia,Particulares,220,22717529,9096150,2994883,6815259
2025-01-01,2025,1,Clínica Poniente,Consultas,Isapres,2474,103908000,12612905,6077584,60266640
2025-01-01,2025,1,Clínica Poniente,Consultas,Fonasa,4536,110496960,23125358,11143056,64088237
2025-01-01,2025,1,Clínica Poniente,Consultas,Convenios con empresas,825,29799000,4206001,2026680,17283420
2025-01-01,2025,1,Clínica Poniente,Consultas,Particulares,412,19380480,2100451,1012112,11240678
2025-01-01,2025,1,Clínica Poniente,Laboratorio,Isapres,3939,37420500,8960492,11926749,1871025
2025-01-01,2025,1,Clínica Poniente,Laboratorio,Fonasa,7222,39793220,16428706,21867221,1989661
2025-01-01,2025,1,Clínica Poniente,Laboratorio,Convenios con empresas,1313,10727210,2986831,3975583,536360
2025-01-01,2025,1,Clínica Poniente,Laboratorio,Particulares,656,6979840,1492278,1986278,348992
2025-01-01,2025,1,Clínica Poniente,Imagenología,Isapres,928,57536000,14819204,13159440,8055040
2025-01-01,2025,1,Clínica Poniente,Imagenología,Fonasa,1702,61203920,27179187,24135094,8568549
2025-01-01,2025,1,Clínica Poniente,Imagenología,Convenios con empresas,310,16529200,4950381,4395934,2314088
2025-01-01,2025,1,Clínica Poniente,Imagenología,Particulares,155,10763200,2475190,2197967,1506848
2025-02-01,2025,2,Clínica Oriente,UCI,Isapres,233,314550000,114743448,75033583,31455000
2025-02-01,2025,2,Clínica Oriente,UCI,Fonasa,78,61074000,38411970,25118539,6107400
2025-02-01,2025,2,Clínica Oriente,UCI,Convenios con empresas,47,54567000,23145674,15135530,5456700
2025-02-01,2025,2,Clínica Oriente,UCI,Particulares,31,46872000,15266296,9983009,4687200
2025-02-01,2025,2,Clínica Oriente,UTI,Isapres,271,222220000,89115209,40347418,22222000
2025-02-01,2025,2,Clínica Oriente,UTI,Fonasa,90,42804000,29595457,13399511,4280400
2025-02-01,2025,2,Clínica Oriente,UTI,Convenios con empresas,54,38080800,17757274,8039707,3808080
2025-02-01,2025,2,Clínica Oriente,UTI,Particulares,36,33062400,11838183,5359805,3306240
2025-02-01,2025,2,Clínica Oriente,Médico-quirúrgico,Isapres,1163,424495000,190072702,82888210,50939400
2025-02-01,2025,2,Clínica Oriente,Médico-quirúrgico,Fonasa,388,82139600,63412045,27653160,9856752
2025-02-01,2025,2,Clínica Oriente,Médico-quirúrgico,Convenios con empresas,233,73138700,38079914,16606150,8776644
2025-02-01,2025,2,Clínica Oriente,Médico-quirúrgico,Particulares,154,62955200,25168698,10975739,7554624
2025-02-01,2025,2,Clínica Oriente,Pediatría,Isapres,238,80920000,61039407,15323985,9710400
2025-02-01,2025,2,Clínica Oriente,Pediatría,Fonasa,79,15578800,20260980,5086533,1869456
2025-02-01,2025,2,Clínica Oriente,Pediatría,Convenios con empresas,48,14035200,12310469,3090552,1684224
2025-02-01,2025,2,Clínica Oriente,Pediatría,Particulares,32,12185600,8206979,2060368,1462272
2025-02-01,2025,2,Clínica Oriente,Maternidad,Isapres,223,73590000,45602057,13424506,13246200
2025-02-01,2025,2,Clínica Oriente,Maternidad,Fonasa,74,14163600,15132521,4454769,2549448
2025-02-01,2025,2,Clínica Oriente,Maternidad,Convenios con empresas,45,12771000,9202209,2708981,2298780
2025-02-01,2025,2,Clínica Oriente,Maternidad,Particulares,29,10718400,5930312,1745788,1929312
2025-02-01,2025,2,Clínica Oriente,Pabellón,Isapres,476,919027708,115535438,197879538,202186096
2025-02-01,2025,2,Clínica Oriente,Pabellón,Fonasa,159,178051965,38592720,66098417,39171432
2025-02-01,2025,2,Clínica Oriente,Pabellón,Convenios con empresas,95,157740680,23058543,39492765,34702950
2025-02-01,2025,2,Clínica Oriente,Pabellón,Particulares,64,138394761,15534177,26605652,30446847
2025-02-01,2025,2,Clínica Oriente,Urgencia,Isapres,3660,330251400,153645012,53020791,99075420
2025-02-01,2025,2,Clínica Oriente,Urgencia,Fonasa,1220,63848604,51215004,17673597,19154581
2025-02-01,2025,2,Clínica Oriente,Urgencia,Convenios con empresas,732,56803241,30729002,10604158,17040972
2025-02-01,2025,2,Clínica Oriente,Urgencia,Particulares,488,49317542,20486002,7069439,14795263
2025-02-01,2025,2,Clínica Oriente,Consultas,Isapres,5004,210168000,35482522,12944704,121897440
2025-02-01,2025,2,Clínica Oriente,Consultas,Fonasa,1668,40632480,11827507,4314901,23566838
2025-02-01,2025,2,Clínica Oriente,Consultas,Convenios con empresas,1001,36156120,7097922,2589458,20970550
2025-02-01,2025,2,Clínica Oriente,Consultas,Particulares,667,31375680,4729585,1725443,18197894
2025-02-01,2025,2,Clínica Oriente,Laboratorio,Isapres,10076,95722000,26674534,30756679,4786100
2025-02-01,2025,2,Clínica Oriente,Laboratorio,Fonasa,3359,18508090,8892394,10253244,925404
2025-02-01,2025,2,Clínica Oriente,Laboratorio,Convenios con empresas,2015,16462550,5334377,6150725,823128
2025-02-01,2025,2,Clínica Oriente,Laboratorio,Particulares,1343,14289520,3555369,4099466,714476
2025-02-01,2025,2,Clínica Oriente,Imagenología,Isapres,2326,144212000,43726512,33831568,20189680
2025-02-01,2025,2,Clínica Oriente,Imagenología,Fonasa,775,27869000,14569238,11272341,3901660
2025-02-01,2025,2,Clínica Oriente,Imagenología,Convenios con empresas,465,24793800,8741543,6763405,3471132
2025-02-01,2025,2,Clínica Oriente,Imagenología,Particulares,310,21526400,5827695,4508936,3013696
2025-02-01,2025,2,Clínica Centro,UCI,Isapres,134,180900000,65139116,41762311,18090000
2025-02-01,2025,2,Clínica Centro,UCI,Fonasa,102,79866000,49583506,31789222,7986600
2025-02-01,2025,2,Clínica Centro,UCI,Convenios con empresas,35,40635000,17013948,10908066,4063500
2025-02-01,2025,2,Clínica Centro,UCI,Particulares,21,31752000,10208369,6544840,3175200
2025-02-01,2025,2,Clínica Centro,UTI,Isapres,156,127920000,54621811,23250950,12792000
2025-02-01,2025,2,Clínica Centro,UTI,Fonasa,119,56596400,41666638,17736302,5659640
2025-02-01,2025,2,Clínica Centro,UTI,Convenios con empresas,41,28913200,14355732,6110827,2891320
2025-02-01,2025,2,Clínica Centro,UTI,Particulares,24,22041600,8403356,3577069,2204160
2025-02-01,2025,2,Clínica Centro,Médico-quirúrgico,Isapres,750,273750000,111286267,53216964,32850000
2025-02-01,2025,2,Clínica Centro,Médico-quirúrgico,Fonasa,571,120880700,84725945,40515849,14505684
2025-02-01,2025,2,Clínica Centro,Médico-quirúrgico,Convenios con empresas,196,61524400,29082811,13907367,7382928
2025-02-01,2025,2,Clínica Centro,Médico-quirúrgico,Particulares,114,46603200,16915513,8088979,5592384
2025-02-01,2025,2,Clínica Centro,Pediatría,Isapres,138,46920000,35330695,8836015,5630400
2025-02-01,2025,2,Clínica Centro,Pediatría,Fonasa,105,20706000,26882051,6723055,2484720
2025-02-01,2025,2,Clínica Centro,Pediatría,Convenios con empresas,36,10526400,9216703,2305047,1263168
2025-02-01,2025,2,Clínica Centro,Pediatría,Particulares,22,8377600,5632430,1408640,1005312
2025-02-01,2025,2,Clínica Centro,Maternidad,Isapres,136,44880000,27789898,8279988,8078400
2025-02-01,2025,2,Clínica Centro,Maternidad,Fonasa,104,19905600,21251098,6331756,3583008
2025-02-01,2025,2,Clínica Centro,Maternidad,Convenios con empresas,36,10216800,7356149,2191762,1839024
2025-02-01,2025,2,Clínica Centro,Maternidad,Particulares,20,7392000,4086750,1217645,1330560
2025-02-01,2025,2,Clínica Centro,Pabellón,Isapres,262,506464386,65560708,106229564,111422165
2025-02-01,2025,2,Clínica Centro,Pabellón,Fonasa,200,224236140,50046342,81091270,49331951
2025-02-01,2025,2,Clínica Centro,Pabellón,Convenios con empresas,68,113045944,17015756,27571032,24870108
2025-02-01,2025,2,Clínica Centro,Pabellón,Particulares,40,86601544,10009268,16218254,19052340
2025-02-01,2025,2,Clínica Centro,Urgencia,Isapres,2072,190557755,95893151,29790572,57167326
2025-02-01,2025,2,Clínica Centro,Urgencia,Fonasa,1576,84066135,72938034,22659238,25219841
2025-02-01,2025,2,Clínica Centro,Urgencia,Convenios con empresas,540,42709952,24991458,7763952,12812986
2025-02-01,2025,2,Clínica Centro,Urgencia,Particulares,316,32549325,14624631,4543350,9764797
2025-02-01,2025,2,Clínica Centro,Consultas,Isapres,3251,136542000,23784218,8507998,79194360
2025-02-01,2025,2,Clínica Centro,Consultas,Fonasa,2473,60242280,18092393,6471941,34940522
2025-02-01,2025,2,Clínica Centro,Consultas,Convenios con empresas,848,30629760,6203942,2219250,17765261
2025-02-01,2025,2,Clínica Centro,Consultas,Particulares,495,23284800,3621405,1295435,13505184
2025-02-01,2025,2,Clínica Centro,Laboratorio,Isapres,6406,60857000,17703387,19396123,3042850
2025-02-01,2025,2,Clínica Centro,Laboratorio,Fonasa,4874,26855740,13469608,14757524,1342787
2025-02-01,2025,2,Clínica Centro,Laboratorio,Convenios con empresas,1671,13652070,4617915,5059463,682604
2025-02-01,2025,2,Clínica Centro,Laboratorio,Particulares,975,10374000,2694474,2952110,518700
2025-02-01,2025,2,Clínica Centro,Imagenología,Isapres,1484,92008000,28281014,21622738,12881120
2025-02-01,2025,2,Clínica Centro,Imagenología,Fonasa,1129,40598840,21515677,16450183,5683838
2025-02-01,2025,2,Clínica Centro,Imagenología,Convenios con empresas,387,20634840,7375170,5638814,2888878
2025-02-01,2025,2,Clínica Centro,Imagenología,Particulares,226,15693440,4306947,3292951,2197082
2025-02-01,2025,2,Clínica Poniente,UCI,Isapres,55,74250000,28846923,17311761,7425000
2025-02-01,2025,2,Clínica Poniente,UCI,Fonasa,101,79083000,52973440,31790688,7908300
2025-02-01,2025,2,Clínica Poniente,UCI,Convenios con empresas,18,20898000,9440811,5665667,2089800
2025-02-01,2025,2,Clínica Poniente,UCI,Particulares,9,13608000,4720406,2832834,1360800
2025-02-01,2025,2,Clínica Poniente,UTI,Isapres,66,54120000,22600486,9921115,5412000
2025-02-01,2025,2,Clínica Poniente,UTI,Fonasa,121,57547600,41434224,18188711,5754760
2025-02-01,2025,2,Clínica Poniente,UTI,Convenios con empresas,22,15514400,7533495,3307038,1551440
2025-02-01,2025,2,Clínica Poniente,UTI,Particulares,11,10102400,3766748,1653519,1010240
2025-02-01,2025,2,Clínica Poniente,Médico-quirúrgico,Isapres,331,120815000,53206887,23414874,14497800
2025-02-01,2025,2,Clínica Poniente,Médico-quirúrgico,Fonasa,606,128290200,97412005,42868318,15394824
2025-02-01,2025,2,Clínica Poniente,Médico-quirúrgico,Convenios con empresas,110,34529000,17682047,7781378,4143480
2025-02-01,2025,2,Clínica Poniente,Médico-quirúrgico,Particulares,55,22484000,8841024,3890689,2698080
2025-02-01,2025,2,Clínica Poniente,Pediatría,Isapres,66,22440000,18084370,4300388,2692800
2025-02-01,2025,2,Clínica Poniente,Pediatría,Fonasa,122,24058400,33428684,7949202,2887008
2025-02-01,2025,2,Clínica Poniente,Pediatría,Convenios con empresas,22,6432800,6028123,1433463,771936
2025-02-01,2025,2,Clínica Poniente,Pediatría,Particulares,11,4188800,3014062,716731,502656
2025-02-01,2025,2,Clínica Poniente,Maternidad,Isapres,64,21120000,13534830,3924336,3801600
2025-02-01,2025,2,Clínica Poniente,Maternidad,Fonasa,118,22585200,24954842,7235494,4065336
2025-02-01,2025,2,Clínica Poniente,Maternidad,Convenios con empresas,21,5959800,4441116,1287673,1072764
2025-02-01,2025,2,Clínica Poniente,Maternidad,Particulares,11,4065600,2326299,674495,731808
2025-02-01,2025,2,Clínica Poniente,Pabellón,Isapres,93,177716720,28513550,38430947,39097678
2025-02-01,2025,2,Clínica Poniente,Pabellón,Fonasa,171,189526283,52428140,70663354,41695782
2025-02-01,2025,2,Clínica Poniente,Pabellón,Convenios con empresas,31,50945460,9504517,12810316,11208001
2025-02-01,2025,2,Clínica Poniente,Pabellón,Particulares,16,34243910,4905557,6611776,7533660
2025-02-01,2025,2,Clínica Poniente,Urgencia,Isapres,1284,114061250,55486374,18670589,34218375
2025-02-01,2025,2,Clínica Poniente,Urgencia,Fonasa,2355,121336652,101768233,34243954,36400996
2025-02-01,2025,2,Clínica Poniente,Urgencia,Convenios con empresas,428,32697558,18495458,6223530,9809268
2025-02-01,2025,2,Clínica Poniente,Urgencia,Particulares,214,21291433,9247729,3111765,6387430
2025-02-01,2025,2,Clínica Poniente,Consultas,Isapres,1820,76440000,12522022,4635156,44335200
2025-02-01,2025,2,Clínica Poniente,Consultas,Fonasa,3336,81264960,22952454,8496089,47133677
2025-02-01,2025,2,Clínica Poniente,Consultas,Convenios con empresas,606,21888720,4169421,1543354,12695458
2025-02-01,2025,2,Clínica Poniente,Consultas,Particulares,303,14253120,2084710,771677,8266810
2025-02-01,2025,2,Clínica Poniente,Laboratorio,Isapres,3432,32604000,8914419,10655690,1630200
2025-02-01,2025,2,Clínica Poniente,Laboratorio,Fonasa,6293,34674430,16345698,19538537,1733722
2025-02-01,2025,2,Clínica Poniente,Laboratorio,Convenios con empresas,1144,9346480,2971473,3551897,467324
2025-02-01,2025,2,Clínica Poniente,Laboratorio,Particulares,572,6086080,1485736,1775948,304304
2025-02-01,2025,2,Clínica Poniente,Imagenología,Isapres,808,50096000,14565564,11582178,7013440
2025-02-01,2025,2,Clínica Poniente,Imagenología,Fonasa,1481,53256760,26697525,21229216,7455946
2025-02-01,2025,2,Clínica Poniente,Imagenología,Convenios con empresas,269,14343080,4849179,3855948,2008031
2025-02-01,2025,2,Clínica Poniente,Imagenología,Particulares,135,9374400,2433603,1935141,1312416
2025-03-01,2025,3,Clínica Oriente,UCI,Isapres,255,344250000,115197068,80029096,34425000
2025-03-01,2025,3,Clínica Oriente,UCI,Fonasa,85,66555000,38399023,26676365,6655500
2025-03-01,2025,3,Clínica Oriente,UCI,Convenios con empresas,51,59211000,23039414,16005819,5921100
2025-03-01,2025,3,Clínica Oriente,UCI,Particulares,34,51408000,15359609,10670546,5140800
2025-03-01,2025,3,Clínica Oriente,UTI,Isapres,289,236980000,88631056,43181990,23698000
2025-03-01,2025,3,Clínica Oriente,UTI,Fonasa,96,45657600,29441458,14344190,4565760
2025-03-01,2025,3,Clínica Oriente,UTI,Convenios con empresas,58,40901600,17787548,8666282,4090160
2025-03-01,2025,3,Clínica Oriente,UTI,Particulares,39,35817600,11960592,5827327,3581760
2025-03-01,2025,3,Clínica Oriente,Médico-quirúrgico,Isapres,1348,492020000,192295946,97375732,59042400
2025-03-01,2025,3,Clínica Oriente,Médico-quirúrgico,Fonasa,449,95053300,64051098,32434498,11406396
2025-03-01,2025,3,Clínica Oriente,Médico-quirúrgico,Convenios con empresas,270,84753000,38516250,19504041,10170360
2025-03-01,2025,3,Clínica Oriente,Médico-quirúrgico,Particulares,180,73584000,25677500,13002694,8830080
2025-03-01,2025,3,Clínica Oriente,Pediatría,Isapres,256,87040000,61913123,16673020,10444800
2025-03-01,2025,3,Clínica Oriente,Pediatría,Fonasa,85,16762000,20557092,5535964,2011440
2025-03-01,2025,3,Clínica Oriente,Pediatría,Convenios con empresas,51,14912400,12334255,3321578,1789488
2025-03-01,2025,3,Clínica Oriente,Pediatría,Particulares,35,13328000,8464685,2279514,1599360
2025-03-01,2025,3,Clínica Oriente,Maternidad,Isapres,240,79200000,45668552,14483987,14256000
2025-03-01,2025,3,Clínica Oriente,Maternidad,Fonasa,80,15312000,15222851,4827996,2756160
2025-03-01,2025,3,Clínica Oriente,Maternidad,Convenios con empresas,48,13622400,9133710,2896797,2452032
2025-03-01,2025,3,Clínica Oriente,Maternidad,Particulares,32,11827200,6089140,1931198,2128896
2025-03-01,2025,3,Clínica Oriente,Pabellón,Isapres,486,939210000,115126774,199137772,206626200
2025-03-01,2025,3,Clínica Oriente,Pabellón,Fonasa,162,181580600,38375591,66379257,39947732
2025-03-01,2025,3,Clínica Oriente,Pabellón,Convenios con empresas,97,161211725,22977978,39745605,35466579
2025-03-01,2025,3,Clínica Oriente,Pabellón,Particulares,65,140688247,15397614,26633653,30951414
2025-03-01,2025,3,Clínica Oriente,Urgencia,Isapres,4130,368787882,152937801,56505306,110636365
2025-03-01,2025,3,Clínica Oriente,Urgencia,Fonasa,1377,71316254,50991611,18839663,21394876
2025-03-01,2025,3,Clínica Oriente,Urgencia,Convenios con empresas,826,63431516,30587560,11301061,19029455
2025-03-01,2025,3,Clínica Oriente,Urgencia,Particulares,551,55105660,20404050,7538601,16531698
2025-03-01,2025,3,Clínica Oriente,Consultas,Isapres,6113,256746000,35956579,14921393,148912680
2025-03-01,2025,3,Clínica Oriente,Consultas,Fonasa,2038,49645680,11987487,4974611,28794494
2025-03-01,2025,3,Clínica Oriente,Consultas,Convenios con empresas,1223,44174760,7193669,2985255,25621361
2025-03-01,2025,3,Clínica Oriente,Consultas,Particulares,814,38290560,4787936,1986915,22208525
2025-03-01,2025,3,Clínica Oriente,Laboratorio,Isapres,12078,114741000,26984046,38002854,5737050
2025-03-01,2025,3,Clínica Oriente,Laboratorio,Fonasa,4026,22183260,8994682,12667618,1109163
2025-03-01,2025,3,Clínica Oriente,Laboratorio,Convenios con empresas,2416,19738720,5397703,7601829,986936
2025-03-01,2025,3,Clínica Oriente,Laboratorio,Particulares,1610,17130400,3596979,5065789,856520
2025-03-01,2025,3,Clínica Oriente,Imagenología,Isapres,2805,173910000,42802678,40591046,24347400
2025-03-01,2025,3,Clínica Oriente,Imagenología,Fonasa,935,33622600,14267559,13530349,4707164
2025-03-01,2025,3,Clínica Oriente,Imagenología,Convenios con empresas,561,29912520,8560536,8118209,4187753
2025-03-01,2025,3,Clínica Oriente,Imagenología,Particulares,374,25970560,5707024,5412139,3635878
2025-03-01,2025,3,Clínica Centro,UCI,Isapres,145,195750000,66674598,43539681,19575000
2025-03-01,2025,3,Clínica Centro,UCI,Fonasa,111,86913000,51040554,33330376,8691300
2025-03-01,2025,3,Clínica Centro,UCI,Convenios con empresas,38,44118000,17473343,11410399,4411800
2025-03-01,2025,3,Clínica Centro,UCI,Particulares,22,33264000,10116146,6606021,3326400
2025-03-01,2025,3,Clínica Centro,UTI,Isapres,183,150060000,55414047,27927868,15006000
2025-03-01,2025,3,Clínica Centro,UTI,Fonasa,139,66108400,42090451,21212971,6610840
2025-03-01,2025,3,Clínica Centro,UTI,Convenios con empresas,48,33849600,14534832,7325342,3384960
2025-03-01,2025,3,Clínica Centro,UTI,Particulares,28,25715200,8478652,4273116,2571520
2025-03-01,2025,3,Clínica Centro,Médico-quirúrgico,Isapres,809,295285000,112891992,58307525,35434200
2025-03-01,2025,3,Clínica Centro,Médico-quirúrgico,Fonasa,616,130407200,85959786,44397324,15648864
2025-03-01,2025,3,Clínica Centro,Médico-quirúrgico,Convenios con empresas,211,66232900,29444018,15207525,7947948
2025-03-01,2025,3,Clínica Centro,Médico-quirúrgico,Particulares,123,50282400,17164048,8865050,6033888
2025-03-01,2025,3,Clínica Centro,Pediatría,Isapres,150,51000000,36348716,9418325,6120000
2025-03-01,2025,3,Clínica Centro,Pediatría,Fonasa,114,22480800,27625024,7157927,2697696
2025-03-01,2025,3,Clínica Centro,Pediatría,Convenios con empresas,39,11403600,9450666,2448764,1368432
2025-03-01,2025,3,Clínica Centro,Pediatría,Particulares,22,8377600,5331145,1381354,1005312
2025-03-01,2025,3,Clínica Centro,Maternidad,Isapres,147,48510000,27605958,8714489,8731800
2025-03-01,2025,3,Clínica Centro,Maternidad,Fonasa,112,21436800,21033111,6639611,3858624
2025-03-01,2025,3,Clínica Centro,Maternidad,Convenios con empresas,38,10784400,7136234,2252725,1941192
2025-03-01,2025,3,Clínica Centro,Maternidad,Particulares,23,8500800,4319300,1363491,1530144
2025-03-01,2025,3,Clínica Centro,Pabellón,Isapres,277,533225000,66085671,113998147,117309500
2025-03-01,2025,3,Clínica Centro,Pabellón,Fonasa,211,235581500,50339627,86836134,51827930
2025-03-01,2025,3,Clínica Centro,Pabellón,Convenios con empresas,72,119196000,17177503,29631287,26223120
2025-03-01,2025,3,Clínica Centro,Pabellón,Particulares,42,90552000,10020210,17284918,19921440
2025-03-01,2025,3,Clínica Centro,Urgencia,Isapres,2317,209210794,96747795,32526196,62763238
2025-03-01,2025,3,Clínica Centro,Urgencia,Fonasa,1763,92329049,73615176,24749108,27698715
2025-03-01,2025,3,Clínica Centro,Urgencia,Convenios con empresas,604,46902225,25220401,8478991,14070667
2025-03-01,2025,3,Clínica Centro,Urgencia,Particulares,353,35698567,14739737,4955437,10709570
2025-03-01,2025,3,Clínica Centro,Consultas,Isapres,4159,174678000,23726124,10730855,101313240
2025-03-01,2025,3,Clínica Centro,Consultas,Fonasa,3164,77075040,18049881,8163603,44703523
2025-03-01,2025,3,Clínica Centro,Consultas,Convenios con empresas,1085,39190200,6189672,2799466,22730316
2025-03-01,2025,3,Clínica Centro,Consultas,Particulares,633,29776320,3611117,1633237,17270266
2025-03-01,2025,3,Clínica Centro,Laboratorio,Isapres,7162,68039000,17370971,21635279,3401950
2025-03-01,2025,3,Clínica Centro,Laboratorio,Fonasa,5450,30029500,13218625,16463595,1501475
2025-03-01,2025,3,Clínica Centro,Laboratorio,Convenios con empresas,1868,15261560,4530714,5642935,763078
2025-03-01,2025,3,Clínica Centro,Laboratorio,Particulares,1090,11597600,2643725,3292719,579880
2025-03-01,2025,3,Clínica Centro,Imagenología,Isapres,1676,103912000,28629195,24201155,14547680
2025-03-01,2025,3,Clínica Centro,Imagenología,Fonasa,1275,45849000,21779370,18410783,6418860
2025-03-01,2025,3,Clínica Centro,Imagenología,Convenios con empresas,437,23300840,7464772,6310206,3262118
2025-03-01,2025,3,Clínica Centro,Imagenología,Particulares,255,17707200,4355874,3682157,2479008
2025-03-01,2025,3,Clínica Poniente,UCI,Isapres,63,85050000,28862814,19310996,8505000
2025-03-01,2025,3,Clínica Poniente,UCI,Fonasa,116,90828000,53144229,35556754,9082800
2025-03-01,2025,3,Clínica Poniente,UCI,Convenios con empresas,21,24381000,9620938,6436999,2438100
2025-03-01,2025,3,Clínica Poniente,UCI,Particulares,10,15120000,4581399,3065237,1512000
2025-03-01,2025,3,Clínica Poniente,UTI,Isapres,73,59860000,21928843,11035984,5986000
2025-03-01,2025,3,Clínica Poniente,UTI,Fonasa,134,63730400,40252944,20257834,6373040
2025-03-01,2025,3,Clínica Poniente,UTI,Convenios con empresas,24,16924800,7209483,3628269,1692480
2025-03-01,2025,3,Clínica Poniente,UTI,Particulares,13,11939200,3905136,1965312,1193920
2025-03-01,2025,3,Clínica Poniente,Médico-quirúrgico,Isapres,368,134320000,52313208,26146763,16118400
2025-03-01,2025,3,Clínica Poniente,Médico-quirúrgico,Fonasa,675,142897500,95954932,47959416,17147700
2025-03-01,2025,3,Clínica Poniente,Médico-quirúrgico,Convenios con empresas,123,38609700,17485121,8739271,4633164
2025-03-01,2025,3,Clínica Poniente,Médico-quirúrgico,Particulares,61,24936800,8671483,4334110,2992416
2025-03-01,2025,3,Clínica Poniente,Pediatría,Isapres,75,25500000,17849690,4827005,3060000
2025-03-01,2025,3,Clínica Poniente,Pediatría,Fonasa,138,27213600,32843430,8881689,3265632
2025-03-01,2025,3,Clínica Poniente,Pediatría,Convenios con empresas,25,7310000,5949897,1609002,877200
2025-03-01,2025,3,Clínica Poniente,Pediatría,Particulares,13,4950400,3093946,836681,594048
2025-03-01,2025,3,Clínica Poniente,Maternidad,Isapres,74,24420000,13660167,4343062,4395600
2025-03-01,2025,3,Clínica Poniente,Maternidad,Fonasa,136,26030400,25105172,7981844,4685472
2025-03-01,2025,3,Clínica Poniente,Maternidad,Convenios con empresas,25,7095000,4614921,1467251,1277100
2025-03-01,2025,3,Clínica Poniente,Maternidad,Particulares,12,4435200,2215162,704280,798336
2025-03-01,2025,3,Clínica Poniente,Pabellón,Isapres,104,202634203,28695753,43520562,44579525
2025-03-01,2025,3,Clínica Poniente,Pabellón,Fonasa,190,214714319,52424933,79508720,47237150
2025-03-01,2025,3,Clínica Poniente,Pabellón,Convenios con empresas,34,56971386,9381304,14227876,12533705
2025-03-01,2025,3,Clínica Poniente,Pabellón,Particulares,17,37097646,4690652,7113938,8161482
2025-03-01,2025,3,Clínica Poniente,Urgencia,Isapres,1350,120953279,55737243,18503208,36285984
2025-03-01,2025,3,Clínica Poniente,Urgencia,Fonasa,2474,128561688,102143659,33908842,38568506
2025-03-01,2025,3,Clínica Poniente,Urgencia,Convenios con empresas,450,34673273,18579081,6167736,10401982
2025-03-01,2025,3,Clínica Poniente,Urgencia,Particulares,225,22577945,9289541,3083868,6773384
2025-03-01,2025,3,Clínica Poniente,Consultas,Isapres,2258,94836000,12538694,5551970,55004880
2025-03-01,2025,3,Clínica Poniente,Consultas,Fonasa,4140,100850400,22989458,10179431,58493232
2025-03-01,2025,3,Clínica Poniente,Consultas,Convenios con empresas,753,27198360,4181416,1851476,15775049
2025-03-01,2025,3,Clínica Poniente,Consultas,Particulares,377,17734080,2093484,926968,10285766
2025-03-01,2025,3,Clínica Poniente,Laboratorio,Isapres,4077,38731500,9225218,12400839,1936575
2025-03-01,2025,3,Clínica Poniente,Laboratorio,Fonasa,7475,41187250,16914031,22736392,2059362
2025-03-01,2025,3,Clínica Poniente,Laboratorio,Convenios con empresas,1359,11103030,3075073,4133613,555152
2025-03-01,2025,3,Clínica Poniente,Laboratorio,Particulares,680,7235200,1538668,2068327,361760
2025-03-01,2025,3,Clínica Poniente,Imagenología,Isapres,894,55428000,14625618,13013297,7759920
2025-03-01,2025,3,Clínica Poniente,Imagenología,Fonasa,1638,58902480,26797273,23843155,8246347
2025-03-01,2025,3,Clínica Poniente,Imagenología,Convenios con empresas,298,15889360,4875206,4337766,2224510
2025-03-01,2025,3,Clínica Poniente,Imagenología,Particulares,149,10346560,2437603,2168883,1448518
2025-04-01,2025,4,Clínica Oriente,UCI,Isapres,236,318600000,114033754,72796967,31860000
2025-04-01,2025,4,Clínica Oriente,UCI,Fonasa,79,61857000,38172316,24368476,6185700
2025-04-01,2025,4,Clínica Oriente,UCI,Convenios con empresas,47,54567000,22710112,14497701,5456700
2025-04-01,2025,4,Clínica Oriente,UCI,Particulares,32,48384000,15462204,9870775,4838400
2025-04-01,2025,4,Clínica Oriente,UTI,Isapres,273,223860000,89944188,41530741,22386000
2025-04-01,2025,4,Clínica Oriente,UTI,Fonasa,91,43279600,29981396,13843580,4327960
2025-04-01,2025,4,Clínica Oriente,UTI,Convenios con empresas,55,38786000,18120624,8366999,3878600
2025-04-01,2025,4,Clínica Oriente,UTI,Particulares,36,33062400,11860772,5476581,3306240
2025-04-01,2025,4,Clínica Oriente,Médico-quirúrgico,Isapres,1292,471580000,188136674,95394024,56589600
2025-04-01,2025,4,Clínica Oriente,Médico-quirúrgico,Fonasa,431,91242700,62760764,31822619,10949124
2025-04-01,2025,4,Clínica Oriente,Médico-quirúrgico,Convenios con empresas,258,80986200,37569088,19049271,9718344
2025-04-01,2025,4,Clínica Oriente,Médico-quirúrgico,Particulares,172,70313600,25046059,12699514,8437632
2025-04-01,2025,4,Clínica Oriente,Pediatría,Isapres,241,81940000,61174430,15635315,9832800
2025-04-01,2025,4,Clínica Oriente,Pediatría,Fonasa,80,15776000,20306865,5190146,1893120
2025-04-01,2025,4,Clínica Oriente,Pediatría,Convenios con empresas,48,14035200,12184119,3114088,1684224
2025-04-01,2025,4,Clínica Oriente,Pediatría,Particulares,32,12185600,8122746,2076058,1462272
2025-04-01,2025,4,Clínica Oriente,Maternidad,Isapres,241,79530000,45595771,14528345,14315400
2025-04-01,2025,4,Clínica Oriente,Maternidad,Fonasa,80,15312000,15135526,4822687,2756160
2025-04-01,2025,4,Clínica Oriente,Maternidad,Convenios con empresas,48,13622400,9081315,2893612,2452032
2025-04-01,2025,4,Clínica Oriente,Maternidad,Particulares,32,11827200,6054210,1929075,2128896
2025-04-01,2025,4,Clínica Oriente,Pabellón,Isapres,524,1011427918,115847076,217088783,222514142
2025-04-01,2025,4,Clínica Oriente,Pabellón,Fonasa,175,195915904,38689386,72501025,43101499
2025-04-01,2025,4,Clínica Oriente,Pabellón,Convenios con empresas,105,174297597,23213632,43500615,38345471
2025-04-01,2025,4,Clínica Oriente,Pabellón,Particulares,70,151328146,15475754,29000410,33292192
2025-04-01,2025,4,Clínica Oriente,Urgencia,Isapres,3814,340902353,154241948,53386058,102270706
2025-04-01,2025,4,Clínica Oriente,Urgencia,Fonasa,1271,65890508,51400502,17790687,19767152
2025-04-01,2025,4,Clínica Oriente,Urgencia,Convenios con empresas,763,58650578,30856478,10680011,17595174
2025-04-01,2025,4,Clínica Oriente,Urgencia,Particulares,508,50854694,20544025,7110676,15256408
2025-04-01,2025,4,Clínica Oriente,Consultas,Isapres,6595,276990000,36747582,16387170,160654200
2025-04-01,2025,4,Clínica Oriente,Consultas,Fonasa,2198,53543280,12247337,5461562,31055102
2025-04-01,2025,4,Clínica Oriente,Consultas,Convenios con empresas,1319,47642280,7349516,3277434,27632522
2025-04-01,2025,4,Clínica Oriente,Consultas,Particulares,879,41348160,4897820,2184128,23981933
2025-04-01,2025,4,Clínica Oriente,Laboratorio,Isapres,11763,111748500,27078292,36937227,5587425
2025-04-01,2025,4,Clínica Oriente,Laboratorio,Fonasa,3921,21604710,9026097,12312409,1080236
2025-04-01,2025,4,Clínica Oriente,Laboratorio,Convenios con empresas,2353,19224010,5416579,7388701,961200
2025-04-01,2025,4,Clínica Oriente,Laboratorio,Particulares,1568,16683520,3609518,4923708,834176
2025-04-01,2025,4,Clínica Oriente,Imagenología,Isapres,2599,161138000,42178584,38711015,22559320
2025-04-01,2025,4,Clínica Oriente,Imagenología,Fonasa,866,31141360,14054119,12898707,4359790
2025-04-01,2025,4,Clínica Oriente,Imagenología,Convenios con empresas,520,27726400,8438963,7745182,3881696
2025-04-01,2025,4,Clínica Oriente,Imagenología,Particulares,347,24095680,5631385,5168419,3373395
2025-04-01,2025,4,Clínica Centro,UCI,Isapres,135,182250000,65719121,43080762,18225000
2025-04-01,2025,4,Clínica Centro,UCI,Fonasa,103,80649000,50141255,32869026,8064900
2025-04-01,2025,4,Clínica Centro,UCI,Convenios con empresas,35,40635000,17038291,11169086,4063500
2025-04-01,2025,4,Clínica Centro,UCI,Particulares,21,31752000,10222974,6701452,3175200
2025-04-01,2025,4,Clínica Centro,UTI,Isapres,170,139400000,54440067,24492234,13940000
2025-04-01,2025,4,Clínica Centro,UTI,Fonasa,129,61352400,41310404,18585283,6135240
2025-04-01,2025,4,Clínica Centro,UTI,Convenios con empresas,44,31028800,14090370,6339166,3102880
2025-04-01,2025,4,Clínica Centro,UTI,Particulares,26,23878400,8326128,3745871,2387840
2025-04-01,2025,4,Clínica Centro,Médico-quirúrgico,Isapres,779,284335000,113254637,55996475,34120200
2025-04-01,2025,4,Clínica Centro,Médico-quirúrgico,Fonasa,593,125538100,86213093,42626328,15064572
2025-04-01,2025,4,Clínica Centro,Médico-quirúrgico,Convenios con empresas,203,63721700,29513082,14592150,7646604
2025-04-01,2025,4,Clínica Centro,Médico-quirúrgico,Particulares,119,48647200,17300772,8554019,5837664
2025-04-01,2025,4,Clínica Centro,Pediatría,Isapres,141,47940000,35350018,9192431,5752800
2025-04-01,2025,4,Clínica Centro,Pediatría,Fonasa,107,21100400,26825900,6975817,2532048
2025-04-01,2025,4,Clínica Centro,Pediatría,Convenios con empresas,37,10818800,9276246,2412198,1298256
2025-04-01,2025,4,Clínica Centro,Pediatría,Particulares,21,7996800,5264896,1369086,959616
2025-04-01,2025,4,Clínica Centro,Maternidad,Isapres,142,46860000,27898966,8693277,8434800
2025-04-01,2025,4,Clínica Centro,Maternidad,Fonasa,108,20671200,21218932,6611788,3720816
2025-04-01,2025,4,Clínica Centro,Maternidad,Convenios con empresas,37,10500600,7269449,2265150,1890108
2025-04-01,2025,4,Clínica Centro,Maternidad,Particulares,21,7761600,4125903,1285626,1397088
2025-04-01,2025,4,Clínica Centro,Pabellón,Isapres,284,548161426,66227194,121069968,120595514
2025-04-01,2025,4,Clínica Centro,Pabellón,Fonasa,216,241808674,50369978,92081384,53197908
2025-04-01,2025,4,Clínica Centro,Pabellón,Convenios con empresas,74,122834483,17256381,31546400,27023586
2025-04-01,2025,4,Clínica Centro,Pabellón,Particulares,43,92955825,10027357,18331016,20450281
2025-04-01,2025,4,Clínica Centro,Urgencia,Isapres,2214,200524814,97277465,31289326,60157444
2025-04-01,2025,4,Clínica Centro,Urgencia,Fonasa,1684,88462781,73990629,23799108,26538834
2025-04-01,2025,4,Clínica Centro,Urgencia,Convenios con empresas,577,44943281,25351896,8154445,13482984
2025-04-01,2025,4,Clínica Centro,Urgencia,Particulares,337,34185224,14806913,4762648,10255567
2025-04-01,2025,4,Clínica Centro,Consultas,Isapres,4364,183288000,23673027,11110681,106307040
2025-04-01,2025,4,Clínica Centro,Consultas,Fonasa,3320,80875200,18009727,8452672,46907616
2025-04-01,2025,4,Clínica Centro,Consultas,Convenios con empresas,1138,41104560,6173214,2897332,23840645
2025-04-01,2025,4,Clínica Centro,Consultas,Particulares,665,31281600,3607370,1693080,18143328
2025-04-01,2025,4,Clínica Centro,Laboratorio,Isapres,7045,66927500,17619627,22714067,3346375
2025-04-01,2025,4,Clínica Centro,Laboratorio,Fonasa,5361,29539110,13407923,17284615,1476956
2025-04-01,2025,4,Clínica Centro,Laboratorio,Convenios con empresas,1838,15016460,4596859,5925970,750823
2025-04-01,2025,4,Clínica Centro,Laboratorio,Particulares,1072,11406080,2681084,3456278,570304
2025-04-01,2025,4,Clínica Centro,Imagenología,Isapres,1654,102548000,28651911,24343285,14356720
2025-04-01,2025,4,Clínica Centro,Imagenología,Fonasa,1259,45273640,21809405,18529744,6338310
2025-04-01,2025,4,Clínica Centro,Imagenología,Convenios con empresas,432,23034240,7483450,6358101,3224794
2025-04-01,2025,4,Clínica Centro,Imagenología,Particulares,251,17429440,4348023,3694174,2440122
2025-04-01,2025,4,Clínica Poniente,UCI,Isapres,59,79650000,29130333,18205994,7965000
2025-04-01,2025,4,Clínica Poniente,UCI,Fonasa,109,85347000,53817056,33634802,8534700
2025-04-01,2025,4,Clínica Poniente,UCI,Convenios con empresas,20,23220000,9874689,6171523,2322000
2025-04-01,2025,4,Clínica Poniente,UCI,Particulares,10,15120000,4937345,3085762,1512000
2025-04-01,2025,4,Clínica Poniente,UTI,Isapres,71,58220000,22553204,10541705,5822000
2025-04-01,2025,4,Clínica Poniente,UTI,Fonasa,130,61828000,41294598,19301714,6182800
2025-04-01,2025,4,Clínica Poniente,UTI,Convenios con empresas,24,16924800,7623618,3563393,1692480
2025-04-01,2025,4,Clínica Poniente,UTI,Particulares,12,11020800,3811809,1781697,1102080
2025-04-01,2025,4,Clínica Poniente,Médico-quirúrgico,Isapres,361,131765000,52405795,26406385,15811800
2025-04-01,2025,4,Clínica Poniente,Médico-quirúrgico,Fonasa,662,140145400,96101486,48423897,16817448
2025-04-01,2025,4,Clínica Poniente,Médico-quirúrgico,Convenios con empresas,120,37668000,17420209,8777746,4520160
2025-04-01,2025,4,Clínica Poniente,Médico-quirúrgico,Particulares,60,24528000,8710104,4388873,2943360
2025-04-01,2025,4,Clínica Poniente,Pediatría,Isapres,75,25500000,18095174,4713709,3060000
2025-04-01,2025,4,Clínica Poniente,Pediatría,Fonasa,137,27016400,33053851,8610374,3241968
2025-04-01,2025,4,Clínica Poniente,Pediatría,Convenios con empresas,25,7310000,6031725,1571236,877200
2025-04-01,2025,4,Clínica Poniente,Pediatría,Particulares,12,4569600,2895228,754193,548352
2025-04-01,2025,4,Clínica Poniente,Maternidad,Isapres,70,23100000,13542822,4222904,4158000
2025-04-01,2025,4,Clínica Poniente,Maternidad,Fonasa,129,24690600,24957487,7782210,4444308
2025-04-01,2025,4,Clínica Poniente,Maternidad,Convenios con empresas,23,6527400,4449784,1387526,1174932
2025-04-01,2025,4,Clínica Poniente,Maternidad,Particulares,12,4435200,2321627,723926,798336
2025-04-01,2025,4,Clínica Poniente,Pabellón,Isapres,106,204147592,28635173,44598416,44912470
2025-04-01,2025,4,Clínica Poniente,Pabellón,Fonasa,194,216704595,52407770,81623515,47675011
2025-04-01,2025,4,Clínica Poniente,Pabellón,Convenios con empresas,35,57970212,9455010,14725892,12753447
2025-04-01,2025,4,Clínica Poniente,Pabellón,Particulares,18,38826561,4862577,7573316,8541843
2025-04-01,2025,4,Clínica Poniente,Urgencia,Isapres,1200,109145986,54260772,16612471,32743796
2025-04-01,2025,4,Clínica Poniente,Urgencia,Fonasa,2199,116005812,99432864,30442353,34801744
2025-04-01,2025,4,Clínica Poniente,Urgencia,Convenios con empresas,400,31288516,18086924,5537490,9386555
2025-04-01,2025,4,Clínica Poniente,Urgencia,Particulares,200,20373917,9043462,2768745,6112175
2025-04-01,2025,4,Clínica Poniente,Consultas,Isapres,2378,99876000,12460117,5884047,57928080
2025-04-01,2025,4,Clínica Poniente,Consultas,Fonasa,4359,106185240,22840055,10785770,61587439
2025-04-01,2025,4,Clínica Poniente,Consultas,Convenios con empresas,792,28607040,4149879,1959699,16592083
2025-04-01,2025,4,Clínica Poniente,Consultas,Particulares,396,18627840,2074940,979850,10804147
2025-04-01,2025,4,Clínica Poniente,Laboratorio,Isapres,3787,35976500,8891217,11532258,1798825
2025-04-01,2025,4,Clínica Poniente,Laboratorio,Fonasa,6943,38255930,16300956,21142981,1912796
2025-04-01,2025,4,Clínica Poniente,Laboratorio,Convenios con empresas,1262,10310540,2962956,3843071,515527
2025-04-01,2025,4,Clínica Poniente,Laboratorio,Particulares,632,6724480,1483826,1924581,336224
2025-04-01,2025,4,Clínica Poniente,Imagenología,Isapres,916,56792000,14753988,13677022,7950880
2025-04-01,2025,4,Clínica Poniente,Imagenología,Fonasa,1679,60376840,27043608,25069564,8452758
2025-04-01,2025,4,Clínica Poniente,Imagenología,Convenios con empresas,305,16262600,4912627,4554030,2276764
2025-04-01,2025,4,Clínica Poniente,Imagenología,Particulares,152,10554880,2448260,2269550,1477683
2025-05-01,2025,5,Clínica Oriente,UCI,Isapres,251,338850000,115251931,75765639,33885000
2025-05-01,2025,5,Clínica Oriente,UCI,Fonasa,84,65772000,38570367,25355831,6577200
2025-05-01,2025,5,Clínica Oriente,UCI,Convenios con empresas,50,58050000,22958552,15092757,5805000
2025-05-01,2025,5,Clínica Oriente,UCI,Particulares,33,49896000,15152644,9961219,4989600
2025-05-01,2025,5,Clínica Oriente,UTI,Isapres,314,257480000,89640461,47343070,25748000
2025-05-01,2025,5,Clínica Oriente,UTI,Fonasa,105,49938000,29975313,15831281,4993800
2025-05-01,2025,5,Clínica Oriente,UTI,Convenios con empresas,63,44427600,17985188,9498769,4442760
2025-05-01,2025,5,Clínica Oriente,UTI,Particulares,41,37654400,11704646,6181738,3765440
2025-05-01,2025,5,Clínica Oriente,Médico-quirúrgico,Isapres,1306,476690000,194637881,96382801,57202800
2025-05-01,2025,5,Clínica Oriente,Médico-quirúrgico,Fonasa,435,92089500,64829616,32103000,11050740
2025-05-01,2025,5,Clínica Oriente,Médico-quirúrgico,Convenios con empresas,261,81927900,38897769,19261800,9831348
2025-05-01,2025,5,Clínica Oriente,Médico-quirúrgico,Particulares,174,71131200,25931846,12841200,8535744
2025-05-01,2025,5,Clínica Oriente,Pediatría,Isapres,304,103360000,62216539,19397200,12403200
2025-05-01,2025,5,Clínica Oriente,Pediatría,Fonasa,101,19917200,20670626,6444465,2390064
2025-05-01,2025,5,Clínica Oriente,Pediatría,Convenios con empresas,61,17836400,12484240,3892201,2140368
2025-05-01,2025,5,Clínica Oriente,Pediatría,Particulares,40,15232000,8186387,2552263,1827840
2025-05-01,2025,5,Clínica Oriente,Maternidad,Isapres,242,79860000,45743731,14490190,14374800
2025-05-01,2025,5,Clínica Oriente,Maternidad,Fonasa,81,15503400,15310918,4850022,2790612
2025-05-01,2025,5,Clínica Oriente,Maternidad,Convenios con empresas,48,13622400,9073137,2874087,2452032
2025-05-01,2025,5,Clínica Oriente,Maternidad,Particulares,32,11827200,6048758,1916058,2128896
2025-05-01,2025,5,Clínica Oriente,Pabellón,Isapres,526,1011695325,113499351,225018164,222572971
2025-05-01,2025,5,Clínica Oriente,Pabellón,Fonasa,175,195222577,37761191,74863458,42948967
2025-05-01,2025,5,Clínica Oriente,Pabellón,Convenios con empresas,105,173680775,22656714,44918075,38209771
2025-05-01,2025,5,Clínica Oriente,Pabellón,Particulares,71,152946791,15320255,30373174,33648294
2025-05-01,2025,5,Clínica Oriente,Urgencia,Isapres,4404,391458600,153420532,58259116,117437580
2025-05-01,2025,5,Clínica Oriente,Urgencia,Fonasa,1468,75681996,51140177,19419705,22704599
2025-05-01,2025,5,Clínica Oriente,Urgencia,Convenios con empresas,881,67346168,30691074,11654469,20203850
2025-05-01,2025,5,Clínica Oriente,Urgencia,Particulares,587,58437907,20449104,7765236,17531372
2025-05-01,2025,5,Clínica Oriente,Consultas,Isapres,6577,276234000,35650890,16169968,160215720
2025-05-01,2025,5,Clínica Oriente,Consultas,Fonasa,2192,53397120,11881823,5389170,30970330
2025-05-01,2025,5,Clínica Oriente,Consultas,Convenios con empresas,1315,47497800,7128010,3233010,27548724
2025-05-01,2025,5,Clínica Oriente,Consultas,Particulares,878,41301120,4759234,2158618,23954650
2025-05-01,2025,5,Clínica Oriente,Laboratorio,Isapres,12922,122759000,27000790,40022905,6137950
2025-05-01,2025,5,Clínica Oriente,Laboratorio,Fonasa,4307,23731570,8999567,13339936,1186578
2025-05-01,2025,5,Clínica Oriente,Laboratorio,Convenios con empresas,2584,21111280,5399322,8003342,1055564
2025-05-01,2025,5,Clínica Oriente,Laboratorio,Particulares,1724,18343360,3602334,5339691,917168
2025-05-01,2025,5,Clínica Oriente,Imagenología,Isapres,2849,176638000,43320893,39995571,24729320
2025-05-01,2025,5,Clínica Oriente,Imagenología,Fonasa,950,34162000,14445366,13336536,4782680
2025-05-01,2025,5,Clínica Oriente,Imagenología,Convenios con empresas,570,30392400,8667220,8001922,4254936
2025-05-01,2025,5,Clínica Oriente,Imagenología,Particulares,379,26317760,5762941,5320576,3684486
2025-05-01,2025,5,Clínica Centro,UCI,Isapres,145,195750000,65472120,44504097,19575000
2025-05-01,2025,5,Clínica Centro,UCI,Fonasa,111,86913000,50120037,34068654,8691300
2025-05-01,2025,5,Clínica Centro,UCI,Convenios con empresas,38,44118000,17158211,11663143,4411800
2025-05-01,2025,5,Clínica Centro,UCI,Particulares,22,33264000,9933701,6752346,3326400
2025-05-01,2025,5,Clínica Centro,UTI,Isapres,187,153340000,54814778,28460507,15334000
2025-05-01,2025,5,Clínica Centro,UTI,Fonasa,142,67535200,41624056,21611722,6753520
2025-05-01,2025,5,Clínica Centro,UTI,Convenios con empresas,49,34554800,14363231,7457566,3455480
2025-05-01,2025,5,Clínica Centro,UTI,Particulares,28,25715200,8207560,4261466,2571520
2025-05-01,2025,5,Clínica Centro,Médico-quirúrgico,Isapres,829,302585000,111095265,61236680,36310200
2025-05-01,2025,5,Clínica Centro,Médico-quirúrgico,Fonasa,631,133582700,84561053,46610790,16029924
2025-05-01,2025,5,Clínica Centro,Médico-quirúrgico,Convenios con empresas,216,67802400,28946414,15955516,8136288
2025-05-01,2025,5,Clínica Centro,Médico-quirúrgico,Particulares,127,51917600,17019419,9381253,6230112
2025-05-01,2025,5,Clínica Centro,Pediatría,Isapres,178,60520000,35080910,11393458,7262400
2025-05-01,2025,5,Clínica Centro,Pediatría,Fonasa,135,26622000,26606308,8641106,3194640
2025-05-01,2025,5,Clínica Centro,Pediatría,Convenios con empresas,46,13450400,9065853,2944377,1614048
2025-05-01,2025,5,Clínica Centro,Pediatría,Particulares,28,10662400,5518345,1792229,1279488
2025-05-01,2025,5,Clínica Centro,Maternidad,Isapres,144,47520000,27975382,8517722,8553600
2025-05-01,2025,5,Clínica Centro,Maternidad,Fonasa,109,20862600,21175810,6447443,3755268
2025-05-01,2025,5,Clínica Centro,Maternidad,Convenios con empresas,37,10500600,7188119,2188581,1890108
2025-05-01,2025,5,Clínica Centro,Maternidad,Particulares,22,8131200,4274017,1301319,1463616
2025-05-01,2025,5,Clínica Centro,Pabellón,Isapres,288,559272960,67107171,115282010,123040051
2025-05-01,2025,5,Clínica Centro,Pabellón,Fonasa,219,246662678,51029411,87662362,54265789
2025-05-01,2025,5,Clínica Centro,Pabellón,Convenios con empresas,75,125253840,17475826,30021357,27555845
2025-05-01,2025,5,Clínica Centro,Pabellón,Particulares,43,93522867,10019473,17212245,20575031
2025-05-01,2025,5,Clínica Centro,Urgencia,Isapres,2713,244488825,95907497,37296224,73346647
2025-05-01,2025,5,Clínica Centro,Urgencia,Fonasa,2064,107881482,72964642,28374275,32364445
2025-05-01,2025,5,Clínica Centro,Urgencia,Convenios con empresas,708,54870754,25028569,9733036,16461226
2025-05-01,2025,5,Clínica Centro,Urgencia,Particulares,412,41583827,14564648,5663857,12475148
2025-05-01,2025,5,Clínica Centro,Consultas,Isapres,4343,182406000,24127498,11194174,105795480
2025-05-01,2025,5,Clínica Centro,Consultas,Fonasa,3305,80509800,18360898,8518707,46695684
2025-05-01,2025,5,Clínica Centro,Consultas,Convenios con empresas,1133,40923960,6294371,2920331,23735897
2025-05-01,2025,5,Clínica Centro,Consultas,Particulares,661,31093440,3672180,1703741,18034195
2025-05-01,2025,5,Clínica Centro,Laboratorio,Isapres,7902,75069000,17753575,25179784,3753450
2025-05-01,2025,5,Clínica Centro,Laboratorio,Fonasa,6012,33126120,13507276,19157284,1656306
2025-05-01,2025,5,Clínica Centro,Laboratorio,Convenios con empresas,2061,16838370,4630488,6567392,841918
2025-05-01,2025,5,Clínica Centro,Laboratorio,Particulares,1203,12799920,2702803,3833369,639996
2025-05-01,2025,5,Clínica Centro,Imagenología,Isapres,1819,112778000,27886225,26461801,15788920
2025-05-01,2025,5,Clínica Centro,Imagenología,Fonasa,1384,49768640,21217447,20133663,6967610
2025-05-01,2025,5,Clínica Centro,Imagenología,Convenios con empresas,474,25273680,7266669,6895488,3538315
2025-05-01,2025,5,Clínica Centro,Imagenología,Particulares,277,19234880,4246555,4029642,2692883
2025-05-01,2025,5,Clínica Poniente,UCI,Isapres,63,85050000,29204604,19589970,8505000
2025-05-01,2025,5,Clínica Poniente,UCI,Fonasa,115,90045000,53309991,35759469,9004500
2025-05-01,2025,5,Clínica Poniente,UCI,Convenios con empresas,21,24381000,9734868,6529990,2438100
2025-05-01,2025,5,Clínica Poniente,UCI,Particulares,10,15120000,4635651,3109519,1512000
2025-05-01,2025,5,Clínica Poniente,UTI,Isapres,78,63960000,22536608,11874387,6396000
2025-05-01,2025,5,Clínica Poniente,UTI,Fonasa,142,67535200,41028184,21617473,6753520
2025-05-01,2025,5,Clínica Poniente,UTI,Convenios con empresas,26,18335200,7512203,3958129,1833520
2025-05-01,2025,5,Clínica Poniente,UTI,Particulares,13,11939200,3756101,1979064,1193920
2025-05-01,2025,5,Clínica Poniente,Médico-quirúrgico,Isapres,368,134320000,52294964,26962600,16118400
2025-05-01,2025,5,Clínica Poniente,Médico-quirúrgico,Fonasa,674,142685800,95779364,49382589,17122296
2025-05-01,2025,5,Clínica Poniente,Médico-quirúrgico,Convenios con empresas,123,38609700,17479023,9011956,4633164
2025-05-01,2025,5,Clínica Poniente,Médico-quirúrgico,Particulares,61,24936800,8668459,4469344,2992416
2025-05-01,2025,5,Clínica Poniente,Pediatría,Isapres,90,30600000,18013498,5870201,3672000
2025-05-01,2025,5,Clínica Poniente,Pediatría,Fonasa,165,32538000,33024746,10762035,3904560
2025-05-01,2025,5,Clínica Poniente,Pediatría,Convenios con empresas,30,8772000,6004499,1956734,1052640
2025-05-01,2025,5,Clínica Poniente,Pediatría,Particulares,15,5712000,3002250,978367,685440
2025-05-01,2025,5,Clínica Poniente,Maternidad,Isapres,72,23760000,13875779,4414314,4276800
2025-05-01,2025,5,Clínica Poniente,Maternidad,Fonasa,133,25456200,25631648,8154218,4582116
2025-05-01,2025,5,Clínica Poniente,Maternidad,Convenios con empresas,24,6811200,4625260,1471438,1226016
2025-05-01,2025,5,Clínica Poniente,Maternidad,Particulares,12,4435200,2312630,735719,798336
2025-05-01,2025,5,Clínica Poniente,Pabellón,Isapres,106,204522946,29487194,43138471,44995048
2025-05-01,2025,5,Clínica Poniente,Pabellón,Fonasa,194,217103037,53967129,78951542,47762668
2025-05-01,2025,5,Clínica Poniente,Pabellón,Convenios con empresas,35,58076799,9736338,14243835,12776896
2025-05-01,2025,5,Clínica Poniente,Pabellón,Particulares,18,38897949,5007259,7325401,8557549
2025-05-01,2025,5,Clínica Poniente,Urgencia,Isapres,1505,135730537,55202988,20957762,40719161
2025-05-01,2025,5,Clínica Poniente,Urgencia,Fonasa,2759,144318087,101199365,38420243,43295426
2025-05-01,2025,5,Clínica Poniente,Urgencia,Convenios con empresas,502,38935274,18413223,6990563,11680582
2025-05-01,2025,5,Clínica Poniente,Urgencia,Particulares,250,25252193,9169932,3481356,7575658
2025-05-01,2025,5,Clínica Poniente,Consultas,Isapres,2356,98952000,12430571,5933874,57392160
2025-05-01,2025,5,Clínica Poniente,Consultas,Fonasa,4319,105210840,22787622,10877930,61022287
2025-05-01,2025,5,Clínica Poniente,Consultas,Convenios con empresas,785,28354200,4141765,1977119,16445436
2025-05-01,2025,5,Clínica Poniente,Consultas,Particulares,393,18486720,2073521,989819,10722298
2025-05-01,2025,5,Clínica Poniente,Laboratorio,Isapres,4288,40736000,8946817,13586865,2036800
2025-05-01,2025,5,Clínica Poniente,Laboratorio,Fonasa,7862,43319620,16403889,24911365,2165981
2025-05-01,2025,5,Clínica Poniente,Laboratorio,Convenios con empresas,1430,11683100,2983663,4531067,584155
2025-05-01,2025,5,Clínica Poniente,Laboratorio,Particulares,715,7607600,1491832,2265534,380380
2025-05-01,2025,5,Clínica Poniente,Imagenología,Isapres,1005,62310000,14877837,14693007,8723400
2025-05-01,2025,5,Clínica Poniente,Imagenología,Fonasa,1843,66274280,27283435,26944489,9278399
2025-05-01,2025,5,Clínica Poniente,Imagenología,Convenios con empresas,335,17862200,4959279,4897669,2500708
2025-05-01,2025,5,Clínica Poniente,Imagenología,Particulares,168,11665920,2487041,2456144,1633229
2025-06-01,2025,6,Clínica Oriente,UCI,Isapres,257,346950000,114801901,78631814,34695000
2025-06-01,2025,6,Clínica Oriente,UCI,Fonasa,86,67338000,38416200,26312591,6733800
2025-06-01,2025,6,Clínica Oriente,UCI,Convenios con empresas,51,59211000,22781700,15603979,5921100
2025-06-01,2025,6,Clínica Oriente,UCI,Particulares,35,52920000,15634500,10708613,5292000
2025-06-01,2025,6,Clínica Oriente,UTI,Isapres,320,262400000,88712708,46254111,26240000
2025-06-01,2025,6,Clínica Oriente,UTI,Fonasa,107,50889200,29663312,15466218,5088920
2025-06-01,2025,6,Clínica Oriente,UTI,Convenios con empresas,64,45132800,17742542,9250822,4513280
2025-06-01,2025,6,Clínica Oriente,UTI,Particulares,43,39491200,11920770,6215396,3949120
2025-06-01,2025,6,Clínica Oriente,Médico-quirúrgico,Isapres,1457,531805000,189756700,105276319,63816600
2025-06-01,2025,6,Clínica Oriente,Médico-quirúrgico,Fonasa,486,102886200,63295646,35116191,12346344
2025-06-01,2025,6,Clínica Oriente,Médico-quirúrgico,Convenios con empresas,291,91344900,37899245,21026362,10961388
2025-06-01,2025,6,Clínica Oriente,Médico-quirúrgico,Particulares,195,79716000,25396401,14089830,9565920
2025-06-01,2025,6,Clínica Oriente,Pediatría,Isapres,424,144160000,62255036,26884451,17299200
2025-06-01,2025,6,Clínica Oriente,Pediatría,Fonasa,141,27805200,20702736,8940348,3336624
2025-06-01,2025,6,Clínica Oriente,Pediatría,Convenios con empresas,85,24854000,12480373,5389572,2982480
2025-06-01,2025,6,Clínica Oriente,Pediatría,Particulares,56,21324800,8222363,3550777,2558976
2025-06-01,2025,6,Clínica Oriente,Maternidad,Isapres,242,79860000,45293387,14805278,14374800
2025-06-01,2025,6,Clínica Oriente,Maternidad,Fonasa,81,15503400,15160183,4955485,2790612
2025-06-01,2025,6,Clínica Oriente,Maternidad,Convenios con empresas,48,13622400,8983812,2936584,2452032
2025-06-01,2025,6,Clínica Oriente,Maternidad,Particulares,33,12196800,6176371,2018901,2195424
2025-06-01,2025,6,Clínica Oriente,Pabellón,Isapres,508,980001655,115112652,221837004,215600364
2025-06-01,2025,6,Clínica Oriente,Pabellón,Fonasa,169,189094020,38295351,73800106,41600684
2025-06-01,2025,6,Clínica Oriente,Pabellón,Convenios con empresas,102,169223908,23113170,44542076,37229260
2025-06-01,2025,6,Clínica Oriente,Pabellón,Particulares,67,144762449,15182180,29258030,31847739
2025-06-01,2025,6,Clínica Oriente,Urgencia,Isapres,4856,432788825,150854853,67647663,129836647
2025-06-01,2025,6,Clínica Oriente,Urgencia,Fonasa,1619,83689737,50295306,22553865,25106921
2025-06-01,2025,6,Clínica Oriente,Urgencia,Convenios con empresas,971,74424348,30164757,13526746,22327305
2025-06-01,2025,6,Clínica Oriente,Urgencia,Particulares,647,64583215,20099483,9013187,19374965
2025-06-01,2025,6,Clínica Oriente,Consultas,Isapres,6070,254940000,35474330,14936223,147865200
2025-06-01,2025,6,Clínica Oriente,Consultas,Fonasa,2023,49280280,11822828,4977921,28582562
2025-06-01,2025,6,Clínica Oriente,Consultas,Convenios con empresas,1214,43849680,7094866,2987245,25432814
2025-06-01,2025,6,Clínica Oriente,Consultas,Particulares,810,38102400,4733807,1993137,22099392
2025-06-01,2025,6,Clínica Oriente,Laboratorio,Isapres,13288,126236000,26528491,40796746,6311800
2025-06-01,2025,6,Clínica Oriente,Laboratorio,Fonasa,4429,24403790,8842165,13597892,1220190
2025-06-01,2025,6,Clínica Oriente,Laboratorio,Convenios con empresas,2658,21715860,5306497,8160577,1085793
2025-06-01,2025,6,Clínica Oriente,Laboratorio,Particulares,1771,18843440,3535668,5437315,942172
2025-06-01,2025,6,Clínica Oriente,Imagenología,Isapres,3157,195734000,43022574,44729231,27402760
2025-06-01,2025,6,Clínica Oriente,Imagenología,Fonasa,1052,37829920,14336315,14905021,5296189
2025-06-01,2025,6,Clínica Oriente,Imagenología,Convenios con empresas,631,33644920,8599064,8940179,4710289
2025-06-01,2025,6,Clínica Oriente,Imagenología,Particulares,421,29234240,5737252,5964842,4092794
2025-06-01,2025,6,Clínica Centro,UCI,Isapres,154,207900000,65741528,48808240,20790000
2025-06-01,2025,6,Clínica Centro,UCI,Fonasa,117,91611000,49946486,37081585,9161100
2025-06-01,2025,6,Clínica Centro,UCI,Convenios con empresas,40,46440000,17075722,12677465,4644000
2025-06-01,2025,6,Clínica Centro,UCI,Particulares,24,36288000,10245433,7606479,3628800
2025-06-01,2025,6,Clínica Centro,UTI,Isapres,192,157440000,53940250,28531969,15744000
2025-06-01,2025,6,Clínica Centro,UTI,Fonasa,146,69437600,41017065,21696185,6943760
2025-06-01,2025,6,Clínica Centro,UTI,Convenios con empresas,50,35260000,14046940,7430200,3526000
2025-06-01,2025,6,Clínica Centro,UTI,Particulares,29,26633600,8147225,4309516,2663360
2025-06-01,2025,6,Clínica Centro,Médico-quirúrgico,Isapres,908,331420000,111803295,67023001,39770400
2025-06-01,2025,6,Clínica Centro,Médico-quirúrgico,Fonasa,691,146284700,85083785,51005389,17554164
2025-06-01,2025,6,Clínica Centro,Médico-quirúrgico,Convenios con empresas,237,74394300,29182138,17493889,8927316
2025-06-01,2025,6,Clínica Centro,Médico-quirúrgico,Particulares,137,56005600,16868999,10112501,6720672
2025-06-01,2025,6,Clínica Centro,Pediatría,Isapres,235,79900000,35750458,15081262,9588000
2025-06-01,2025,6,Clínica Centro,Pediatría,Fonasa,179,35298800,27231200,11487429,4235856
2025-06-01,2025,6,Clínica Centro,Pediatría,Convenios con empresas,61,17836400,9279906,3914710,2140368
2025-06-01,2025,6,Clínica Centro,Pediatría,Particulares,36,13708800,5476666,2310321,1645056
2025-06-01,2025,6,Clínica Centro,Maternidad,Isapres,144,47520000,28037466,8452621,8553600
2025-06-01,2025,6,Clínica Centro,Maternidad,Fonasa,110,21054000,21417509,6456863,3789720
2025-06-01,2025,6,Clínica Centro,Maternidad,Convenios con empresas,38,10784400,7398776,2230553,1941192
2025-06-01,2025,6,Clínica Centro,Maternidad,Particulares,21,7761600,4088797,1232674,1397088
2025-06-01,2025,6,Clínica Centro,Pabellón,Isapres,272,525368919,67090360,117414796,115581162
2025-06-01,2025,6,Clínica Centro,Pabellón,Fonasa,207,231896296,51057737,89356113,51017185
2025-06-01,2025,6,Clínica Centro,Pabellón,Convenios con empresas,71,117937596,17512557,30648715,25946271
2025-06-01,2025,6,Clínica Centro,Pabellón,Particulares,42,90857919,10359541,18130226,19988742
2025-06-01,2025,6,Clínica Centro,Urgencia,Isapres,3068,273206573,96575051,42963391,81961972
2025-06-01,2025,6,Clínica Centro,Urgencia,Fonasa,2334,120549284,73470068,32684666,36164785
2025-06-01,2025,6,Clínica Centro,Urgencia,Convenios con empresas,800,61266663,25182543,11202970,18379999
2025-06-01,2025,6,Clínica Centro,Urgencia,Particulares,467,46576912,14700309,6539734,13973074
2025-06-01,2025,6,Clínica Centro,Consultas,Isapres,4215,177030000,24075387,10500565,102677400
2025-06-01,2025,6,Clínica Centro,Consultas,Fonasa,3207,78122520,18317857,7989398,45311062
2025-06-01,2025,6,Clínica Centro,Consultas,Convenios con empresas,1100,39732000,6283019,2740361,23044560
2025-06-01,2025,6,Clínica Centro,Consultas,Particulares,641,30152640,3661287,1596883,17488531
2025-06-01,2025,6,Clínica Centro,Laboratorio,Isapres,8601,81709500,17582206,26400306,4085475
2025-06-01,2025,6,Clínica Centro,Laboratorio,Fonasa,6544,36057440,13377277,20086455,1802872
2025-06-01,2025,6,Clínica Centro,Laboratorio,Convenios con empresas,2244,18333480,4587196,6887837,916674
2025-06-01,2025,6,Clínica Centro,Laboratorio,Particulares,1308,13917120,2673820,4014836,695856
2025-06-01,2025,6,Clínica Centro,Imagenología,Isapres,1967,121954000,28413466,28249941,17073560
2025-06-01,2025,6,Clínica Centro,Imagenología,Fonasa,1497,53832120,21624280,21499828,7536497
2025-06-01,2025,6,Clínica Centro,Imagenología,Convenios con empresas,513,27353160,7410324,7367677,3829442
2025-06-01,2025,6,Clínica Centro,Imagenología,Particulares,300,20832000,4333523,4308583,2916480
2025-06-01,2025,6,Clínica Poniente,UCI,Isapres,67,90450000,28682584,20523137,9045000
2025-06-01,2025,6,Clínica Poniente,UCI,Fonasa,123,96309000,52656087,37676804,9630900
2025-06-01,2025,6,Clínica Poniente,UCI,Convenios con empresas,22,25542000,9418162,6738941,2554200
2025-06-01,2025,6,Clínica Poniente,UCI,Particulares,12,18144000,5137179,3675786,1814400
2025-06-01,2025,6,Clínica Poniente,UTI,Isapres,81,66420000,22553826,12453128,6642000
2025-06-01,2025,6,Clínica Poniente,UTI,Fonasa,148,70388800,41209460,22753863,7038880
2025-06-01,2025,6,Clínica Poniente,UTI,Convenios con empresas,27,19040400,7517942,4151043,1904040
2025-06-01,2025,6,Clínica Poniente,UTI,Particulares,13,11939200,3619750,1998650,1193920
2025-06-01,2025,6,Clínica Poniente,Médico-quirúrgico,Isapres,393,143445000,52371195,29468180,17213400
2025-06-01,2025,6,Clínica Poniente,Médico-quirúrgico,Fonasa,721,152635700,96080487,54062488,18316284
2025-06-01,2025,6,Clínica Poniente,Médico-quirúrgico,Convenios con empresas,131,41120900,17457065,9822727,4934508
2025-06-01,2025,6,Clínica Poniente,Médico-quirúrgico,Particulares,65,26572000,8661902,4873872,3188640
2025-06-01,2025,6,Clínica Poniente,Pediatría,Isapres,118,40120000,18081241,7515463,4814400
2025-06-01,2025,6,Clínica Poniente,Pediatría,Fonasa,216,42595200,33097866,13757118,5111424
2025-06-01,2025,6,Clínica Poniente,Pediatría,Convenios con empresas,39,11403600,5976004,2483924,1368432
2025-06-01,2025,6,Clínica Poniente,Pediatría,Particulares,20,7616000,3064617,1273807,913920
2025-06-01,2025,6,Clínica Poniente,Maternidad,Isapres,72,23760000,13775676,4255543,4276800
2025-06-01,2025,6,Clínica Poniente,Maternidad,Fonasa,131,25073400,25064077,7742724,4513212
2025-06-01,2025,6,Clínica Poniente,Maternidad,Convenios con empresas,24,6811200,4591892,1418514,1226016
2025-06-01,2025,6,Clínica Poniente,Maternidad,Particulares,12,4435200,2295946,709257,798336
2025-06-01,2025,6,Clínica Poniente,Pabellón,Isapres,98,191310429,29278254,41667615,42088294
2025-06-01,2025,6,Clínica Poniente,Pabellón,Fonasa,179,202671926,53477627,76107174,44587824
2025-06-01,2025,6,Clínica Poniente,Pabellón,Convenios con empresas,33,55401939,9859004,14030932,12188427
2025-06-01,2025,6,Clínica Poniente,Pabellón,Particulares,16,34982479,4780123,6802876,7696145
2025-06-01,2025,6,Clínica Poniente,Urgencia,Isapres,1670,150568580,55319568,23293251,45170574
2025-06-01,2025,6,Clínica Poniente,Urgencia,Fonasa,3061,160069728,101397124,42694996,48020918
2025-06-01,2025,6,Clínica Poniente,Urgencia,Convenios con empresas,556,43111301,18417772,7755118,12933390
2025-06-01,2025,6,Clínica Poniente,Urgencia,Particulares,278,28072475,9208886,3877559,8421742
2025-06-01,2025,6,Clínica Poniente,Consultas,Isapres,2260,94920000,12365616,5679664,55053600
2025-06-01,2025,6,Clínica Poniente,Consultas,Fonasa,4144,100947840,22673943,10414392,58549747
2025-06-01,2025,6,Clínica Poniente,Consultas,Convenios con empresas,753,27198360,4120048,1892383,15775049
2025-06-01,2025,6,Clínica Poniente,Consultas,Particulares,377,17734080,2062760,947448,10285766
2025-06-01,2025,6,Clínica Poniente,Laboratorio,Isapres,4451,42284500,8865138,13798975,2114225
2025-06-01,2025,6,Clínica Poniente,Laboratorio,Fonasa,8160,44961600,16252421,25297604,2248080
2025-06-01,2025,6,Clínica Poniente,Laboratorio,Convenios con empresas,1484,12124280,2955710,4600692,606214
2025-06-01,2025,6,Clínica Poniente,Laboratorio,Particulares,741,7884240,1475863,2297246,394212
2025-06-01,2025,6,Clínica Poniente,Imagenología,Isapres,1112,68944000,14663568,16306864,9652160
2025-06-01,2025,6,Clínica Poniente,Imagenología,Fonasa,2038,73286480,26874417,29886141,10260107
2025-06-01,2025,6,Clínica Poniente,Imagenología,Convenios con empresas,371,19781720,4892252,5440510,2769441
2025-06-01,2025,6,Clínica Poniente,Imagenología,Particulares,185,12846400,2439532,2712923,1798496
2025-07-01,2025,7,Clínica Oriente,UCI,Isapres,290,391500000,114149676,91724385,39150000
2025-07-01,2025,7,Clínica Oriente,UCI,Fonasa,97,75951000,38181099,30680225,7595100
2025-07-01,2025,7,Clínica Oriente,UCI,Convenios con empresas,58,67338000,22829935,18344877,6733800
2025-07-01,2025,7,Clínica Oriente,UCI,Particulares,38,57456000,14957544,12019057,5745600
2025-07-01,2025,7,Clínica Oriente,UTI,Isapres,349,286180000,88180045,51258496,28618000
2025-07-01,2025,7,Clínica Oriente,UTI,Fonasa,116,55169600,29309127,17037208,5516960
2025-07-01,2025,7,Clínica Oriente,UTI,Convenios con empresas,70,49364000,17686542,10281074,4936400
2025-07-01,2025,7,Clínica Oriente,UTI,Particulares,46,42246400,11622585,6756134,4224640
2025-07-01,2025,7,Clínica Oriente,Médico-quirúrgico,Isapres,1519,554435000,188783506,113365731,66532200
2025-07-01,2025,7,Clínica Oriente,Médico-quirúrgico,Fonasa,506,107120200,62886408,37763700,12854424
2025-07-01,2025,7,Clínica Oriente,Médico-quirúrgico,Convenios con empresas,304,95425600,37781558,22688073,11451072
2025-07-01,2025,7,Clínica Oriente,Médico-quirúrgico,Particulares,203,82986400,25229132,15150259,9958368
2025-07-01,2025,7,Clínica Oriente,Pediatría,Isapres,472,160480000,62117623,30238118,19257600
2025-07-01,2025,7,Clínica Oriente,Pediatría,Fonasa,157,30960400,20662006,10058018,3715248
2025-07-01,2025,7,Clínica Oriente,Pediatría,Convenios con empresas,94,27485600,12370883,6021998,3298272
2025-07-01,2025,7,Clínica Oriente,Pediatría,Particulares,64,24371200,8422729,4100084,2924544
2025-07-01,2025,7,Clínica Oriente,Maternidad,Isapres,241,79530000,46080351,14279974,14315400
2025-07-01,2025,7,Clínica Oriente,Maternidad,Fonasa,80,15312000,15296382,4740240,2756160
2025-07-01,2025,7,Clínica Oriente,Maternidad,Convenios con empresas,48,13622400,9177829,2844144,2452032
2025-07-01,2025,7,Clínica Oriente,Maternidad,Particulares,32,11827200,6118553,1896096,2128896
2025-07-01,2025,7,Clínica Oriente,Pabellón,Isapres,545,1047324339,116968061,236090301,230411355
2025-07-01,2025,7,Clínica Oriente,Pabellón,Fonasa,182,202854233,39060894,78841165,44627931
2025-07-01,2025,7,Clínica Oriente,Pabellón,Convenios con empresas,109,180139786,23393612,47218060,39630753
2025-07-01,2025,7,Clínica Oriente,Pabellón,Particulares,72,154965568,15452661,31189911,34092425
2025-07-01,2025,7,Clínica Oriente,Urgencia,Isapres,5546,494021815,153662233,76419915,148206545
2025-07-01,2025,7,Clínica Oriente,Urgencia,Fonasa,1849,95528106,51229980,25477898,28658432
2025-07-01,2025,7,Clínica Oriente,Urgencia,Convenios con empresas,1109,84956431,30726905,15281227,25486929
2025-07-01,2025,7,Clínica Oriente,Urgencia,Particulares,739,73727367,20475368,10182892,22118210
2025-07-01,2025,7,Clínica Oriente,Consultas,Isapres,6808,285936000,36266770,17120313,165842880
2025-07-01,2025,7,Clínica Oriente,Consultas,Fonasa,2269,55272840,12087148,5705933,32058247
2025-07-01,2025,7,Clínica Oriente,Consultas,Convenios con empresas,1362,49195440,7255485,3425069,28533355
2025-07-01,2025,7,Clínica Oriente,Consultas,Particulares,907,42665280,4831663,2280864,24745862
2025-07-01,2025,7,Clínica Oriente,Laboratorio,Isapres,14639,139070500,26911405,46412469,6953525
2025-07-01,2025,7,Clínica Oriente,Laboratorio,Fonasa,4880,26888800,8971081,15471880,1344440
2025-07-01,2025,7,Clínica Oriente,Laboratorio,Convenios con empresas,2928,23921760,5382649,9283128,1196088
2025-07-01,2025,7,Clínica Oriente,Laboratorio,Particulares,1951,20758640,3586594,6185581,1037932
2025-07-01,2025,7,Clínica Oriente,Imagenología,Isapres,3344,207328000,42871830,47612755,29025920
2025-07-01,2025,7,Clínica Oriente,Imagenología,Fonasa,1115,40095400,14294883,15875664,5613356
2025-07-01,2025,7,Clínica Oriente,Imagenología,Convenios con empresas,669,35671080,8576930,9525399,4993951
2025-07-01,2025,7,Clínica Oriente,Imagenología,Particulares,445,30900800,5705133,6336028,4326112
2025-07-01,2025,7,Clínica Centro,UCI,Isapres,168,226800000,66979646,52945818,22680000
2025-07-01,2025,7,Clínica Centro,UCI,Fonasa,128,100224000,51032111,40339671,10022400
2025-07-01,2025,7,Clínica Centro,UCI,Convenios con empresas,44,51084000,17542288,13866762,5108400
2025-07-01,2025,7,Clínica Centro,UCI,Particulares,26,39312000,10365898,8193996,3931200
2025-07-01,2025,7,Clínica Centro,UTI,Isapres,211,173020000,53816234,30636972,17302000
2025-07-01,2025,7,Clínica Centro,UTI,Fonasa,160,76096000,40808519,23231827,7609600
2025-07-01,2025,7,Clínica Centro,UTI,Convenios con empresas,55,38786000,14027928,7985941,3878600
2025-07-01,2025,7,Clínica Centro,UTI,Particulares,32,29388800,8161704,4646365,2938880
2025-07-01,2025,7,Clínica Centro,Médico-quirúrgico,Isapres,955,348575000,111869185,69115293,41829000
2025-07-01,2025,7,Clínica Centro,Médico-quirúrgico,Fonasa,727,153905900,85161149,52614469,18468708
2025-07-01,2025,7,Clínica Centro,Médico-quirúrgico,Convenios con empresas,249,78161100,29167986,18020637,9379332
2025-07-01,2025,7,Clínica Centro,Médico-quirúrgico,Particulares,145,59276000,16985374,10493945,7113120
2025-07-01,2025,7,Clínica Centro,Pediatría,Isapres,278,94520000,35566004,17925335,11342400
2025-07-01,2025,7,Clínica Centro,Pediatría,Fonasa,212,41806400,27122277,13669680,5016768
2025-07-01,2025,7,Clínica Centro,Pediatría,Convenios con empresas,73,21345200,9339275,4707012,2561424
2025-07-01,2025,7,Clínica Centro,Pediatría,Particulares,42,15993600,5373281,2708144,1919232
2025-07-01,2025,7,Clínica Centro,Maternidad,Isapres,153,50490000,27929549,9267717,9088200
2025-07-01,2025,7,Clínica Centro,Maternidad,Fonasa,117,22393800,21357890,7087078,4030884
2025-07-01,2025,7,Clínica Centro,Maternidad,Convenios con empresas,40,11352000,7301843,2422933,2043360
2025-07-01,2025,7,Clínica Centro,Maternidad,Particulares,23,8500800,4198560,1393186,1530144
2025-07-01,2025,7,Clínica Centro,Pabellón,Isapres,299,575460000,66894152,125599966,126601200
2025-07-01,2025,7,Clínica Centro,Pabellón,Fonasa,227,253394862,50785861,95355158,55746870
2025-07-01,2025,7,Clínica Centro,Pabellón,Convenios con empresas,78,129103200,17450648,32765209,28402704
2025-07-01,2025,7,Clínica Centro,Pabellón,Particulares,46,99156185,10291408,19323072,21814361
2025-07-01,2025,7,Clínica Centro,Urgencia,Isapres,3433,308172248,96335276,45542308,92451675
2025-07-01,2025,7,Clínica Centro,Urgencia,Fonasa,2612,135994358,73296749,34650891,40798307
2025-07-01,2025,7,Clínica Centro,Urgencia,Convenios con empresas,895,69094139,25115081,11873104,20728242
2025-07-01,2025,7,Clínica Centro,Urgencia,Particulares,522,52481743,14648125,6924872,15744523
2025-07-01,2025,7,Clínica Centro,Consultas,Isapres,4474,187908000,24131331,11012005,108986640
2025-07-01,2025,7,Clínica Centro,Consultas,Fonasa,3404,82921440,18360092,8378378,48094435
2025-07-01,2025,7,Clínica Centro,Consultas,Convenios con empresas,1167,42152040,6294426,2872376,24448183
2025-07-01,2025,7,Clínica Centro,Consultas,Particulares,680,31987200,3667703,1673707,18552576
2025-07-01,2025,7,Clínica Centro,Laboratorio,Isapres,9809,93185500,17456462,30935591,4659275
2025-07-01,2025,7,Clínica Centro,Laboratorio,Fonasa,7463,41121130,13281433,23536784,2056056
2025-07-01,2025,7,Clínica Centro,Laboratorio,Convenios con empresas,2559,20907030,4554092,8070566,1045352
2025-07-01,2025,7,Clínica Centro,Laboratorio,Particulares,1493,15885520,2656998,4708618,794276
2025-07-01,2025,7,Clínica Centro,Imagenología,Isapres,2218,137516000,28784510,32598368,19252240
2025-07-01,2025,7,Clínica Centro,Imagenología,Fonasa,1687,60664520,21893358,24794160,8493033
2025-07-01,2025,7,Clínica Centro,Imagenología,Convenios con empresas,579,30872280,7514081,8509673,4322119
2025-07-01,2025,7,Clínica Centro,Imagenología,Particulares,337,23401280,4373481,4952953,3276179
2025-07-01,2025,7,Clínica Poniente,UCI,Isapres,72,97200000,28655082,22565630,9720000
2025-07-01,2025,7,Clínica Poniente,UCI,Fonasa,133,104139000,52932303,41683734,10413900
2025-07-01,2025,7,Clínica Poniente,UCI,Convenios con empresas,24,27864000,9551694,7521877,2786400
2025-07-01,2025,7,Clínica Poniente,UCI,Particulares,12,18144000,4775847,3760938,1814400
2025-07-01,2025,7,Clínica Poniente,UTI,Isapres,85,69700000,21883561,12502535,6970000
2025-07-01,2025,7,Clínica Poniente,UTI,Fonasa,156,74193600,40162770,22945829,7419360
2025-07-01,2025,7,Clínica Poniente,UTI,Convenios con empresas,28,19745600,7208702,4118482,1974560
2025-07-01,2025,7,Clínica Poniente,UTI,Particulares,15,13776000,3861805,2206330,1377600
2025-07-01,2025,7,Clínica Poniente,Médico-quirúrgico,Isapres,436,159140000,53508181,31709996,19096800
2025-07-01,2025,7,Clínica Poniente,Médico-quirúrgico,Fonasa,800,169360000,98180149,58183478,20323200
2025-07-01,2025,7,Clínica Poniente,Médico-quirúrgico,Convenios con empresas,146,45829400,17917877,10618485,5499528
2025-07-01,2025,7,Clínica Poniente,Médico-quirúrgico,Particulares,73,29842400,8958939,5309242,3581088
2025-07-01,2025,7,Clínica Poniente,Pediatría,Isapres,147,49980000,18031624,9528815,5997600
2025-07-01,2025,7,Clínica Poniente,Pediatría,Fonasa,269,53046800,32996645,17437084,6365616
2025-07-01,2025,7,Clínica Poniente,Pediatría,Convenios con empresas,49,14327600,6010541,3176272,1719312
2025-07-01,2025,7,Clínica Poniente,Pediatría,Particulares,24,9139200,2943939,1555725,1096704
2025-07-01,2025,7,Clínica Poniente,Maternidad,Isapres,71,23430000,13595181,4068180,4217400
2025-07-01,2025,7,Clínica Poniente,Maternidad,Fonasa,131,25073400,25084066,7506079,4513212
2025-07-01,2025,7,Clínica Poniente,Maternidad,Convenios con empresas,24,6811200,4595554,1375160,1226016
2025-07-01,2025,7,Clínica Poniente,Maternidad,Particulares,12,4435200,2297777,687580,798336
2025-07-01,2025,7,Clínica Poniente,Pabellón,Isapres,110,212125683,28899007,46087388,46667650
2025-07-01,2025,7,Clínica Poniente,Pabellón,Fonasa,201,224814656,52806367,84214227,49459224
2025-07-01,2025,7,Clínica Poniente,Pabellón,Convenios con empresas,37,61362175,9720575,15502121,13499678
2025-07-01,2025,7,Clínica Poniente,Pabellón,Particulares,18,38876852,4728928,7541573,8552908
2025-07-01,2025,7,Clínica Poniente,Urgencia,Isapres,1859,168017248,55681789,25622739,50405174
2025-07-01,2025,7,Clínica Poniente,Urgencia,Fonasa,3409,178702024,102108240,46986507,53610607
2025-07-01,2025,7,Clínica Poniente,Urgencia,Convenios con empresas,620,48190853,18570580,8545507,14457256
2025-07-01,2025,7,Clínica Poniente,Urgencia,Particulares,310,31380091,9285290,4272754,9414027
2025-07-01,2025,7,Clínica Poniente,Consultas,Isapres,2527,106134000,12454459,6461808,61557720
2025-07-01,2025,7,Clínica Poniente,Consultas,Fonasa,4632,112835520,22829068,11844516,65444602
2025-07-01,2025,7,Clínica Poniente,Consultas,Convenios con empresas,842,30413040,4149844,2153083,17639563
2025-07-01,2025,7,Clínica Poniente,Consultas,Particulares,421,19803840,2074922,1076542,11486227
2025-07-01,2025,7,Clínica Poniente,Laboratorio,Isapres,5003,47528500,8967194,15376242,2376425
2025-07-01,2025,7,Clínica Poniente,Laboratorio,Fonasa,9172,50537720,16439556,28189264,2526886
2025-07-01,2025,7,Clínica Poniente,Laboratorio,Convenios con empresas,1668,13627560,2989662,5126438,681378
2025-07-01,2025,7,Clínica Poniente,Laboratorio,Particulares,834,8873760,1494831,2563219,443688
2025-07-01,2025,7,Clínica Poniente,Imagenología,Isapres,1175,72850000,14785917,16903188,10199000
2025-07-01,2025,7,Clínica Poniente,Imagenología,Fonasa,2155,77493800,27118001,31001166,10849132
2025-07-01,2025,7,Clínica Poniente,Imagenología,Convenios con empresas,392,20901440,4932834,5639191,2926202
2025-07-01,2025,7,Clínica Poniente,Imagenología,Particulares,196,13610240,2466417,2819596,1905434
2025-08-01,2025,8,Clínica Oriente,UCI,Isapres,284,383400000,114111753,90334287,38340000
2025-08-01,2025,8,Clínica Oriente,UCI,Fonasa,95,74385000,38171185,30217455,7438500
2025-08-01,2025,8,Clínica Oriente,UCI,Convenios con empresas,57,66177000,22902711,18130473,6617700
2025-08-01,2025,8,Clínica Oriente,UCI,Particulares,37,55944000,14866672,11768904,5594400
2025-08-01,2025,8,Clínica Oriente,UTI,Isapres,338,277160000,88303128,52372576,27716000
2025-08-01,2025,8,Clínica Oriente,UTI,Fonasa,113,53742800,29521460,17509175,5374280
2025-08-01,2025,8,Clínica Oriente,UTI,Convenios con empresas,68,47953600,17765126,10536495,4795360
2025-08-01,2025,8,Clínica Oriente,UTI,Particulares,44,40409600,11495082,6817732,4040960
2025-08-01,2025,8,Clínica Oriente,Médico-quirúrgico,Isapres,1534,559910000,188257364,111945157,67189200
2025-08-01,2025,8,Clínica Oriente,Médico-quirúrgico,Fonasa,511,108178700,62711547,37290727,12981444
2025-08-01,2025,8,Clínica Oriente,Médico-quirúrgico,Convenios con empresas,307,96367300,37676017,22403627,11564076
2025-08-01,2025,8,Clínica Oriente,Médico-quirúrgico,Particulares,205,83804000,25158253,14960076,10056480
2025-08-01,2025,8,Clínica Oriente,Pediatría,Isapres,428,145520000,61532201,28420708,17462400
2025-08-01,2025,8,Clínica Oriente,Pediatría,Fonasa,143,28199600,20558656,9495704,3383952
2025-08-01,2025,8,Clínica Oriente,Pediatría,Convenios con empresas,86,25146400,12363947,5710703,3017568
2025-08-01,2025,8,Clínica Oriente,Pediatría,Particulares,57,21705600,8194709,3785001,2604672
2025-08-01,2025,8,Clínica Oriente,Maternidad,Isapres,242,79860000,44626943,14627250,14374800
2025-08-01,2025,8,Clínica Oriente,Maternidad,Fonasa,81,15503400,14937117,4895898,2790612
2025-08-01,2025,8,Clínica Oriente,Maternidad,Convenios con empresas,48,13622400,8851625,2901273,2452032
2025-08-01,2025,8,Clínica Oriente,Maternidad,Particulares,33,12196800,6085492,1994625,2195424
2025-08-01,2025,8,Clínica Oriente,Pabellón,Isapres,494,958713714,112713211,202480660,210917017
2025-08-01,2025,8,Clínica Oriente,Pabellón,Fonasa,165,185726523,37647125,67630180,40859835
2025-08-01,2025,8,Clínica Oriente,Pabellón,Convenios con empresas,99,165232562,22588275,40578108,36351164
2025-08-01,2025,8,Clínica Oriente,Pabellón,Particulares,66,143457728,15058850,27052072,31560700
2025-08-01,2025,8,Clínica Oriente,Urgencia,Isapres,4738,424979878,155907912,67536617,127493964
2025-08-01,2025,8,Clínica Oriente,Urgencia,Fonasa,1579,82145435,51958336,22507454,24643631
2025-08-01,2025,8,Clínica Oriente,Urgencia,Convenios con empresas,948,73127395,31194745,13513025,21938218
2025-08-01,2025,8,Clínica Oriente,Urgencia,Particulares,631,63389991,20763591,8994429,19016997
2025-08-01,2025,8,Clínica Oriente,Consultas,Isapres,6112,256704000,35157467,15278157,148888320
2025-08-01,2025,8,Clínica Oriente,Consultas,Fonasa,2037,49621320,11717238,5091886,28780366
2025-08-01,2025,8,Clínica Oriente,Consultas,Convenios con empresas,1222,44138640,7029193,3054632,25600411
2025-08-01,2025,8,Clínica Oriente,Consultas,Particulares,816,38384640,4693798,2039754,22263091
2025-08-01,2025,8,Clínica Oriente,Laboratorio,Isapres,13179,125200500,26573235,41320480,6260025
2025-08-01,2025,8,Clínica Oriente,Laboratorio,Fonasa,4393,24205430,8857745,13773493,1210272
2025-08-01,2025,8,Clínica Oriente,Laboratorio,Convenios con empresas,2636,21536120,5315050,8264723,1076806
2025-08-01,2025,8,Clínica Oriente,Laboratorio,Particulares,1757,18694480,3542695,5508770,934724
2025-08-01,2025,8,Clínica Oriente,Imagenología,Isapres,3150,195300000,43472791,46272332,27342000
2025-08-01,2025,8,Clínica Oriente,Imagenología,Fonasa,1050,37758000,14490930,15424111,5286120
2025-08-01,2025,8,Clínica Oriente,Imagenología,Convenios con empresas,630,33591600,8694558,9254466,4702824
2025-08-01,2025,8,Clínica Oriente,Imagenología,Particulares,420,29164800,5796372,6169644,4083072
2025-08-01,2025,8,Clínica Centro,UCI,Isapres,161,217350000,67674736,50464837,21735000
2025-08-01,2025,8,Clínica Centro,UCI,Fonasa,122,95526000,51281477,38240435,9552600
2025-08-01,2025,8,Clínica Centro,UCI,Convenios con empresas,42,48762000,17654279,13164740,4876200
2025-08-01,2025,8,Clínica Centro,UCI,Particulares,24,36288000,10088159,7522709,3628800
2025-08-01,2025,8,Clínica Centro,UTI,Isapres,197,161540000,54197980,29240865,16154000
2025-08-01,2025,8,Clínica Centro,UTI,Fonasa,150,71340000,41267498,22264618,7134000
2025-08-01,2025,8,Clínica Centro,UTI,Convenios con empresas,51,35965200,14030949,7569970,3596520
2025-08-01,2025,8,Clínica Centro,UTI,Particulares,31,28470400,8528616,4601354,2847040
2025-08-01,2025,8,Clínica Centro,Médico-quirúrgico,Isapres,943,344195000,111943696,69033048,41303400
2025-08-01,2025,8,Clínica Centro,Médico-quirúrgico,Fonasa,718,152000600,85233907,52561748,18240072
2025-08-01,2025,8,Clínica Centro,Médico-quirúrgico,Convenios con empresas,246,77219400,29202703,18008621,9266328
2025-08-01,2025,8,Clínica Centro,Médico-quirúrgico,Particulares,143,58458400,16975555,10468426,7015008
2025-08-01,2025,8,Clínica Centro,Pediatría,Isapres,260,88400000,35028345,16166640,10608000
2025-08-01,2025,8,Clínica Centro,Pediatría,Fonasa,198,39045600,26675432,12311518,4685472
2025-08-01,2025,8,Clínica Centro,Pediatría,Convenios con empresas,68,19883200,9161260,4228198,2385984
2025-08-01,2025,8,Clínica Centro,Pediatría,Particulares,40,15232000,5388976,2487175,1827840
2025-08-01,2025,8,Clínica Centro,Maternidad,Isapres,154,50820000,28463140,9427180,9147600
2025-08-01,2025,8,Clínica Centro,Maternidad,Fonasa,117,22393800,21624594,7162209,4030884
2025-08-01,2025,8,Clínica Centro,Maternidad,Convenios con empresas,40,11352000,7393023,2448618,2043360
2025-08-01,2025,8,Clínica Centro,Maternidad,Particulares,23,8500800,4250988,1407956,1530144
2025-08-01,2025,8,Clínica Centro,Pabellón,Isapres,279,538741186,66462045,119343962,118523061
2025-08-01,2025,8,Clínica Centro,Pabellón,Fonasa,212,237432316,50501626,90684301,52235110
2025-08-01,2025,8,Clínica Centro,Pabellón,Convenios con empresas,73,121226422,17389711,31226198,26669813
2025-08-01,2025,8,Clínica Centro,Pabellón,Particulares,43,92995611,10243254,18393514,20459034
2025-08-01,2025,8,Clínica Centro,Urgencia,Isapres,3116,286648540,97346717,43460960,85994562
2025-08-01,2025,8,Clínica Centro,Urgencia,Fonasa,2371,126506207,74072229,33069941,37951862
2025-08-01,2025,8,Clínica Centro,Urgencia,Convenios con empresas,813,64319296,25398871,11339461,19295789
2025-08-01,2025,8,Clínica Centro,Urgencia,Particulares,474,48836963,14808198,6611199,14651089
2025-08-01,2025,8,Clínica Centro,Consultas,Isapres,4146,174132000,23571431,10630985,100996560
2025-08-01,2025,8,Clínica Centro,Consultas,Fonasa,3154,76831440,17931571,8087343,44562235
2025-08-01,2025,8,Clínica Centro,Consultas,Convenios con empresas,1081,39045720,6145855,2771851,22646518
2025-08-01,2025,8,Clínica Centro,Consultas,Particulares,631,29682240,3587451,1617981,17215699
2025-08-01,2025,8,Clínica Centro,Laboratorio,Isapres,8813,83723500,17695941,26568327,4186175
2025-08-01,2025,8,Clínica Centro,Laboratorio,Fonasa,6705,36944550,13463212,20213393,1847228
2025-08-01,2025,8,Clínica Centro,Laboratorio,Convenios con empresas,2299,18782830,4616245,6930737,939142
2025-08-01,2025,8,Clínica Centro,Laboratorio,Particulares,1341,14268240,2692642,4042679,713412
2025-08-01,2025,8,Clínica Centro,Imagenología,Isapres,2001,124062000,28552191,28742506,17368680
2025-08-01,2025,8,Clínica Centro,Imagenología,Fonasa,1523,54767080,21731628,21876480,7667391
2025-08-01,2025,8,Clínica Centro,Imagenología,Convenios con empresas,522,27833040,7448398,7498045,3896626
2025-08-01,2025,8,Clínica Centro,Imagenología,Particulares,305,21179200,4352033,4381042,2965088
2025-08-01,2025,8,Clínica Poniente,UCI,Isapres,69,93150000,28442504,20866969,9315000
2025-08-01,2025,8,Clínica Poniente,UCI,Fonasa,126,98658000,51938486,38104900,9865800
2025-08-01,2025,8,Clínica Poniente,UCI,Convenios con empresas,23,26703000,9480835,6955656,2670300
2025-08-01,2025,8,Clínica Poniente,UCI,Particulares,11,16632000,4534312,3326618,1663200
2025-08-01,2025,8,Clínica Poniente,UTI,Isapres,84,68880000,21903071,12593587,6888000
2025-08-01,2025,8,Clínica Poniente,UTI,Fonasa,155,73718000,40416382,23238167,7371800
2025-08-01,2025,8,Clínica Poniente,UTI,Convenios con empresas,28,19745600,7301024,4197862,1974560
2025-08-01,2025,8,Clínica Poniente,UTI,Particulares,14,12857600,3650512,2098931,1285760
2025-08-01,2025,8,Clínica Poniente,Médico-quirúrgico,Isapres,423,154395000,53696662,30281900,18527400
2025-08-01,2025,8,Clínica Poniente,Médico-quirúrgico,Fonasa,775,164067500,98380410,55481023,19688100
2025-08-01,2025,8,Clínica Poniente,Médico-quirúrgico,Convenios con empresas,141,44259900,17898887,10093967,5311188
2025-08-01,2025,8,Clínica Poniente,Médico-quirúrgico,Particulares,70,28616000,8885972,5011189,3433920
2025-08-01,2025,8,Clínica Poniente,Pediatría,Isapres,132,44880000,18030238,8313314,5385600
2025-08-01,2025,8,Clínica Poniente,Pediatría,Fonasa,243,47919600,33192030,15304056,5750352
2025-08-01,2025,8,Clínica Poniente,Pediatría,Convenios con empresas,44,12865600,6010079,2771105,1543872
2025-08-01,2025,8,Clínica Poniente,Pediatría,Particulares,22,8377600,3005040,1385552,1005312
2025-08-01,2025,8,Clínica Poniente,Maternidad,Isapres,74,24420000,13958221,4386549,4395600
2025-08-01,2025,8,Clínica Poniente,Maternidad,Fonasa,136,26030400,25652947,8061766,4685472
2025-08-01,2025,8,Clínica Poniente,Maternidad,Convenios con empresas,25,7095000,4715615,1481942,1277100
2025-08-01,2025,8,Clínica Poniente,Maternidad,Particulares,13,4804800,2452120,770610,864864
2025-08-01,2025,8,Clínica Poniente,Pabellón,Isapres,106,203893239,28518097,44659097,44856513
2025-08-01,2025,8,Clínica Poniente,Pabellón,Fonasa,195,217550239,52462537,82155886,47861053
2025-08-01,2025,8,Clínica Poniente,Pabellón,Convenios con empresas,36,59552214,9685391,15167240,13101487
2025-08-01,2025,8,Clínica Poniente,Pabellón,Particulares,18,38778186,4842696,7583620,8531201
2025-08-01,2025,8,Clínica Poniente,Urgencia,Isapres,1807,160583247,54777103,25707202,48174974
2025-08-01,2025,8,Clínica Poniente,Urgencia,Fonasa,3312,170710567,100399428,47118016,51213170
2025-08-01,2025,8,Clínica Poniente,Urgencia,Convenios con empresas,602,46008389,18248930,8564325,13802517
2025-08-01,2025,8,Clínica Poniente,Urgencia,Particulares,301,29958951,9124465,4282163,8987685
2025-08-01,2025,8,Clínica Poniente,Consultas,Isapres,2262,95004000,12477306,5559688,55102320
2025-08-01,2025,8,Clínica Poniente,Consultas,Fonasa,4148,101045280,22880576,10195220,58606262
2025-08-01,2025,8,Clínica Poniente,Consultas,Convenios con empresas,754,27234480,4159102,1853229,15795998
2025-08-01,2025,8,Clínica Poniente,Consultas,Particulares,377,17734080,2079551,926615,10285766
2025-08-01,2025,8,Clínica Poniente,Laboratorio,Isapres,4696,44612000,8928171,14006148,2230600
2025-08-01,2025,8,Clínica Poniente,Laboratorio,Fonasa,8609,47435590,16367681,25676943,2371780
2025-08-01,2025,8,Clínica Poniente,Laboratorio,Convenios con empresas,1565,12786050,2975423,4667722,639302
2025-08-01,2025,8,Clínica Poniente,Laboratorio,Particulares,782,8320480,1486761,2332370,416024
2025-08-01,2025,8,Clínica Poniente,Imagenología,Isapres,1090,67580000,14656624,15085991,9461200
2025-08-01,2025,8,Clínica Poniente,Imagenología,Fonasa,1998,71848080,26865995,27653037,10058731
2025-08-01,2025,8,Clínica Poniente,Imagenología,Convenios con empresas,363,19355160,4881059,5024050,2709722
2025-08-01,2025,8,Clínica Poniente,Imagenología,Particulares,182,12638080,2447253,2518945,1769331
2025-09-01,2025,9,Clínica Oriente,UCI,Isapres,245,330750000,114687750,76102593,33075000
2025-09-01,2025,9,Clínica Oriente,UCI,Fonasa,82,64206000,38385288,25471072,6420600
2025-09-01,2025,9,Clínica Oriente,UCI,Convenios con empresas,49,56889000,22937550,15220519,5688900
2025-09-01,2025,9,Clínica Oriente,UCI,Particulares,33,49896000,15447738,10250553,4989600
2025-09-01,2025,9,Clínica Oriente,UTI,Isapres,299,245180000,89146832,44500104,24518000
2025-09-01,2025,9,Clínica Oriente,UTI,Fonasa,100,47560000,29814994,14882978,4756000
2025-09-01,2025,9,Clínica Oriente,UTI,Convenios con empresas,60,42312000,17888996,8929787,4231200
2025-09-01,2025,9,Clínica Oriente,UTI,Particulares,40,36736000,11925998,5953191,3673600
2025-09-01,2025,9,Clínica Oriente,Médico-quirúrgico,Isapres,1350,492750000,184418486,96787544,59130000
2025-09-01,2025,9,Clínica Oriente,Médico-quirúrgico,Fonasa,450,95265000,61472829,32262515,11431800
2025-09-01,2025,9,Clínica Oriente,Médico-quirúrgico,Convenios con empresas,270,84753000,36883697,19357509,10170360
2025-09-01,2025,9,Clínica Oriente,Médico-quirúrgico,Particulares,180,73584000,24589131,12905006,8830080
2025-09-01,2025,9,Clínica Oriente,Pediatría,Isapres,287,97580000,62732172,19166070,11709600
2025-09-01,2025,9,Clínica Oriente,Pediatría,Fonasa,96,18931200,20983584,6410950,2271744
2025-09-01,2025,9,Clínica Oriente,Pediatría,Convenios con empresas,57,16666800,12459003,3806502,2000016
2025-09-01,2025,9,Clínica Oriente,Pediatría,Particulares,38,14470400,8306002,2537668,1736448
2025-09-01,2025,9,Clínica Oriente,Maternidad,Isapres,235,77550000,45623909,14091915,13959000
2025-09-01,2025,9,Clínica Oriente,Maternidad,Fonasa,78,14929200,15143255,4677316,2687256
2025-09-01,2025,9,Clínica Oriente,Maternidad,Convenios con empresas,47,13338600,9124782,2818383,2400948
2025-09-01,2025,9,Clínica Oriente,Maternidad,Particulares,31,11457600,6018473,1858933,2062368
2025-09-01,2025,9,Clínica Oriente,Pabellón,Isapres,523,1006565080,116728378,222277038,221444318
2025-09-01,2025,9,Clínica Oriente,Pabellón,Fonasa,174,194230493,38835063,73950678,42730708
2025-09-01,2025,9,Clínica Oriente,Pabellón,Convenios con empresas,105,173791256,23434952,44625409,38234076
2025-09-01,2025,9,Clínica Oriente,Pabellón,Particulares,70,150888532,15623301,29750273,33195477
2025-09-01,2025,9,Clínica Oriente,Urgencia,Isapres,3991,362803562,153467369,53662360,108841069
2025-09-01,2025,9,Clínica Oriente,Urgencia,Fonasa,1330,70124447,51142972,17882971,21037334
2025-09-01,2025,9,Clínica Oriente,Urgencia,Convenios con empresas,798,62386577,30685783,10729783,18715973
2025-09-01,2025,9,Clínica Oriente,Urgencia,Particulares,532,54165090,20457189,7153189,16249527
2025-09-01,2025,9,Clínica Oriente,Consultas,Isapres,6583,276486000,35729528,16528186,160361880
2025-09-01,2025,9,Clínica Oriente,Consultas,Fonasa,2194,53445840,11908033,5508558,30998587
2025-09-01,2025,9,Clínica Oriente,Consultas,Convenios con empresas,1317,47570040,7148077,3306641,27590623
2025-09-01,2025,9,Clínica Oriente,Consultas,Particulares,878,41301120,4765384,2204428,23954650
2025-09-01,2025,9,Clínica Oriente,Laboratorio,Isapres,12641,120089500,26333256,38900213,6004475
2025-09-01,2025,9,Clínica Oriente,Laboratorio,Fonasa,4214,23219140,8778446,12967763,1160957
2025-09-01,2025,9,Clínica Oriente,Laboratorio,Convenios con empresas,2528,20653760,5266235,7779427,1032688
2025-09-01,2025,9,Clínica Oriente,Laboratorio,Particulares,1686,17939040,3512212,5188336,896952
2025-09-01,2025,9,Clínica Oriente,Imagenología,Isapres,2854,176948000,43418313,41170167,24772720
2025-09-01,2025,9,Clínica Oriente,Imagenología,Fonasa,951,34197960,14467700,13718581,4787714
2025-09-01,2025,9,Clínica Oriente,Imagenología,Convenios con empresas,571,30445720,8686705,8236919,4262401
2025-09-01,2025,9,Clínica Oriente,Imagenología,Particulares,380,26387200,5780995,5481662,3694208
2025-09-01,2025,9,Clínica Centro,UCI,Isapres,138,186300000,66652357,44230906,18630000
2025-09-01,2025,9,Clínica Centro,UCI,Fonasa,105,82215000,50713750,33653950,8221500
2025-09-01,2025,9,Clínica Centro,UCI,Convenios con empresas,36,41796000,17387571,11538497,4179600
2025-09-01,2025,9,Clínica Centro,UCI,Particulares,20,30240000,9659762,6410276,3024000
2025-09-01,2025,9,Clínica Centro,UTI,Isapres,184,150880000,54416485,27144747,15088000
2025-09-01,2025,9,Clínica Centro,UTI,Fonasa,140,66584000,41403847,20653612,6658400
2025-09-01,2025,9,Clínica Centro,UTI,Convenios con empresas,48,33849600,14195605,7081238,3384960
2025-09-01,2025,9,Clínica Centro,UTI,Particulares,28,25715200,8280769,4130722,2571520
2025-09-01,2025,9,Clínica Centro,Médico-quirúrgico,Isapres,828,302220000,111324212,59929465,36266400
2025-09-01,2025,9,Clínica Centro,Médico-quirúrgico,Fonasa,630,133371000,84703205,45598506,16004520
2025-09-01,2025,9,Clínica Centro,Médico-quirúrgico,Convenios con empresas,216,67802400,29041099,15633773,8136288
2025-09-01,2025,9,Clínica Centro,Médico-quirúrgico,Particulares,127,51917600,17075091,9192080,6230112
2025-09-01,2025,9,Clínica Centro,Pediatría,Isapres,166,56440000,35256114,10775581,6772800
2025-09-01,2025,9,Clínica Centro,Pediatría,Fonasa,126,24847200,26760665,8179055,2981664
2025-09-01,2025,9,Clínica Centro,Pediatría,Convenios con empresas,43,12573200,9132608,2791265,1508784
2025-09-01,2025,9,Clínica Centro,Pediatría,Particulares,26,9900800,5522042,1687742,1188096
2025-09-01,2025,9,Clínica Centro,Maternidad,Isapres,151,49830000,27622678,8759912,8969400
2025-09-01,2025,9,Clínica Centro,Maternidad,Fonasa,115,22011000,21037139,6671456,3961980
2025-09-01,2025,9,Clínica Centro,Maternidad,Convenios con empresas,39,11068200,7134334,2262494,1992276
2025-09-01,2025,9,Clínica Centro,Maternidad,Particulares,24,8870400,4390359,1392304,1596672
2025-09-01,2025,9,Clínica Centro,Pabellón,Isapres,284,545929011,66600132,116193742,120104382
2025-09-01,2025,9,Clínica Centro,Pabellón,Fonasa,216,240823896,50653622,88372705,52981257
2025-09-01,2025,9,Clínica Centro,Pabellón,Convenios con empresas,74,122334233,17353556,30275834,26913531
2025-09-01,2025,9,Clínica Centro,Pabellón,Particulares,43,92577258,10083823,17592714,20366997
2025-09-01,2025,9,Clínica Centro,Urgencia,Isapres,2660,238882446,97195757,38012676,71664734
2025-09-01,2025,9,Clínica Centro,Urgencia,Fonasa,2024,105424391,73956471,28923931,31627317
2025-09-01,2025,9,Clínica Centro,Urgencia,Convenios con empresas,694,53599473,25358592,9917593,16079842
2025-09-01,2025,9,Clínica Centro,Urgencia,Particulares,404,40635161,14762062,5773354,12190548
2025-09-01,2025,9,Clínica Centro,Consultas,Isapres,4250,178500000,23778535,10669265,103530000
2025-09-01,2025,9,Clínica Centro,Consultas,Fonasa,3234,78780240,18094066,8118683,45692539
2025-09-01,2025,9,Clínica Centro,Consultas,Convenios con empresas,1109,40057080,6204799,2784050,23233106
2025-09-01,2025,9,Clínica Centro,Consultas,Particulares,646,30387840,3614337,1621728,17624947
2025-09-01,2025,9,Clínica Centro,Laboratorio,Isapres,7589,72095500,17861758,23307189,3604775
2025-09-01,2025,9,Clínica Centro,Laboratorio,Fonasa,5774,31814740,13589905,17732996,1590737
2025-09-01,2025,9,Clínica Centro,Laboratorio,Convenios con empresas,1980,16176600,4660203,6080937,808830
2025-09-01,2025,9,Clínica Centro,Laboratorio,Particulares,1155,12289200,2718452,3547214,614460
2025-09-01,2025,9,Clínica Centro,Imagenología,Isapres,1748,108376000,28981651,25179448,15172640
2025-09-01,2025,9,Clínica Centro,Imagenología,Fonasa,1330,47826800,22051256,19158275,6695752
2025-09-01,2025,9,Clínica Centro,Imagenología,Convenios con empresas,456,24313920,7560431,6568552,3403949
2025-09-01,2025,9,Clínica Centro,Imagenología,Particulares,265,18401600,4393671,3817250,2576224
2025-09-01,2025,9,Clínica Poniente,UCI,Isapres,61,82350000,29083462,18428374,8235000
2025-09-01,2025,9,Clínica Poniente,UCI,Fonasa,111,86913000,52922365,33533599,8691300
2025-09-01,2025,9,Clínica Poniente,UCI,Convenios con empresas,20,23220000,9535561,6042090,2322000
2025-09-01,2025,9,Clínica Poniente,UCI,Particulares,10,15120000,4767781,3021045,1512000
2025-09-01,2025,9,Clínica Poniente,UTI,Isapres,73,59860000,22158985,10967752,5986000
2025-09-01,2025,9,Clínica Poniente,UTI,Fonasa,134,63730400,40675396,20132585,6373040
2025-09-01,2025,9,Clínica Poniente,UTI,Convenios con empresas,24,16924800,7285146,3605836,1692480
2025-09-01,2025,9,Clínica Poniente,UTI,Particulares,13,11939200,3946121,1953161,1193920
2025-09-01,2025,9,Clínica Poniente,Médico-quirúrgico,Isapres,372,135780000,52089872,26109315,16293600
2025-09-01,2025,9,Clínica Poniente,Médico-quirúrgico,Fonasa,681,144167700,95358072,47796890,17300124
2025-09-01,2025,9,Clínica Poniente,Médico-quirúrgico,Convenios con empresas,124,38923600,17363291,8703105,4670832
2025-09-01,2025,9,Clínica Poniente,Médico-quirúrgico,Particulares,62,25345600,8681645,4351552,3041472
2025-09-01,2025,9,Clínica Poniente,Pediatría,Isapres,83,28220000,18034535,5404254,3386400
2025-09-01,2025,9,Clínica Poniente,Pediatría,Fonasa,152,29974400,33027100,9896947,3596928
2025-09-01,2025,9,Clínica Poniente,Pediatría,Convenios con empresas,28,8187200,6083940,1823122,982464
2025-09-01,2025,9,Clínica Poniente,Pediatría,Particulares,13,4950400,2824686,846449,594048
2025-09-01,2025,9,Clínica Poniente,Maternidad,Isapres,68,22440000,13771634,4177911,4039200
2025-09-01,2025,9,Clínica Poniente,Maternidad,Fonasa,125,23925000,25315504,7679983,4306500
2025-09-01,2025,9,Clínica Poniente,Maternidad,Convenios con empresas,23,6527400,4658053,1413117,1174932
2025-09-01,2025,9,Clínica Poniente,Maternidad,Particulares,11,4065600,2227764,675839,731808
2025-09-01,2025,9,Clínica Poniente,Pabellón,Isapres,110,211712329,28918531,48015305,46576712
2025-09-01,2025,9,Clínica Poniente,Pabellón,Fonasa,201,224376575,52842043,87737056,49362847
2025-09-01,2025,9,Clínica Poniente,Pabellón,Convenios con empresas,36,59587397,9464247,15714100,13109227
2025-09-01,2025,9,Clínica Poniente,Pabellón,Particulares,18,38801096,4732123,7857050,8536241
2025-09-01,2025,9,Clínica Poniente,Urgencia,Isapres,1385,124015083,55014497,19560948,37204525
2025-09-01,2025,9,Clínica Poniente,Urgencia,Fonasa,2540,131912650,100893012,35873507,39573795
2025-09-01,2025,9,Clínica Poniente,Urgencia,Convenios con empresas,462,35576659,18351406,6525024,10672998
2025-09-01,2025,9,Clínica Poniente,Urgencia,Particulares,231,23166197,9175703,3262512,6949859
2025-09-01,2025,9,Clínica Poniente,Consultas,Isapres,2354,98868000,12449319,6060538,57343440
2025-09-01,2025,9,Clínica Poniente,Consultas,Fonasa,4316,105137760,22825515,11111845,60979901
2025-09-01,2025,9,Clínica Poniente,Consultas,Convenios con empresas,785,28354200,4151536,2021038,16445436
2025-09-01,2025,9,Clínica Poniente,Consultas,Particulares,392,18439680,2073124,1009232,10695014
2025-09-01,2025,9,Clínica Poniente,Laboratorio,Isapres,3986,37867000,8982915,12101539,1893350
2025-09-01,2025,9,Clínica Poniente,Laboratorio,Fonasa,7308,40267080,16469429,22187167,2013354
2025-09-01,2025,9,Clínica Poniente,Laboratorio,Convenios con empresas,1329,10857930,2995056,4034858,542896
2025-09-01,2025,9,Clínica Poniente,Laboratorio,Particulares,665,7075600,1498655,2018947,353780
2025-09-01,2025,9,Clínica Poniente,Imagenología,Isapres,932,57784000,14780722,13210746,8089760
2025-09-01,2025,9,Clínica Poniente,Imagenología,Fonasa,1708,61419680,27087418,24210252,8598755
2025-09-01,2025,9,Clínica Poniente,Imagenología,Convenios con empresas,310,16529200,4916335,4394132,2314088
2025-09-01,2025,9,Clínica Poniente,Imagenología,Particulares,155,10763200,2458167,2197066,1506848
2025-10-01,2025,10,Clínica Oriente,UCI,Isapres,245,330750000,113814408,74256641,33075000
2025-10-01,2025,10,Clínica Oriente,UCI,Fonasa,82,64206000,38092985,24853243,6420600
2025-10-01,2025,10,Clínica Oriente,UCI,Convenios con empresas,49,56889000,22762882,14851328,5688900
2025-10-01,2025,10,Clínica Oriente,UCI,Particulares,32,48384000,14865555,9698827,4838400
2025-10-01,2025,10,Clínica Oriente,UTI,Isapres,300,246000000,88547847,44931854,24600000
2025-10-01,2025,10,Clínica Oriente,UTI,Fonasa,100,47560000,29515949,14977285,4756000
2025-10-01,2025,10,Clínica Oriente,UTI,Convenios con empresas,60,42312000,17709569,8986371,4231200
2025-10-01,2025,10,Clínica Oriente,UTI,Particulares,40,36736000,11806380,5990914,3673600
2025-10-01,2025,10,Clínica Oriente,Médico-quirúrgico,Isapres,1276,465740000,186355490,92156065,55888800
2025-10-01,2025,10,Clínica Oriente,Médico-quirúrgico,Fonasa,425,89972500,62069814,30694614,10796700
2025-10-01,2025,10,Clínica Oriente,Médico-quirúrgico,Convenios con empresas,255,80044500,37241889,18416768,9605340
2025-10-01,2025,10,Clínica Oriente,Médico-quirúrgico,Particulares,171,69904800,24973972,12350068,8388576
2025-10-01,2025,10,Clínica Oriente,Pediatría,Isapres,255,86700000,60122333,16365641,10404000
2025-10-01,2025,10,Clínica Oriente,Pediatría,Fonasa,85,16762000,20040778,5455214,2011440
2025-10-01,2025,10,Clínica Oriente,Pediatría,Convenios con empresas,51,14912400,12024467,3273128,1789488
2025-10-01,2025,10,Clínica Oriente,Pediatría,Particulares,34,12947200,8016311,2182085,1553664
2025-10-01,2025,10,Clínica Oriente,Maternidad,Isapres,236,77880000,46254770,13815881,14018400
2025-10-01,2025,10,Clínica Oriente,Maternidad,Fonasa,79,15120600,15483588,4624808,2721708
2025-10-01,2025,10,Clínica Oriente,Maternidad,Convenios con empresas,47,13338600,9211755,2751468,2400948
2025-10-01,2025,10,Clínica Oriente,Maternidad,Particulares,32,11827200,6271833,1873340,2128896
2025-10-01,2025,10,Clínica Oriente,Pabellón,Isapres,555,1076730000,111882610,233876452,236880600
2025-10-01,2025,10,Clínica Oriente,Pabellón,Fonasa,185,208167800,37294203,77958817,45796916
2025-10-01,2025,10,Clínica Oriente,Pabellón,Convenios con empresas,111,185197560,22376522,46775290,40743463
2025-10-01,2025,10,Clínica Oriente,Pabellón,Particulares,74,160791680,14917681,31183527,35374170
2025-10-01,2025,10,Clínica Oriente,Urgencia,Isapres,4088,365039859,154079570,56764510,109511958
2025-10-01,2025,10,Clínica Oriente,Urgencia,Fonasa,1363,70591637,51372420,18926132,21177491
2025-10-01,2025,10,Clínica Oriente,Urgencia,Convenios con empresas,818,62817573,30830990,11358456,18845272
2025-10-01,2025,10,Clínica Oriente,Urgencia,Particulares,544,54405941,20503739,7553790,16321782
2025-10-01,2025,10,Clínica Oriente,Consultas,Isapres,6823,286566000,35961015,17497949,166208280
2025-10-01,2025,10,Clínica Oriente,Consultas,Fonasa,2274,55394640,11985248,5831795,32128891
2025-10-01,2025,10,Clínica Oriente,Consultas,Convenios con empresas,1365,49303800,7194311,3500616,28596204
2025-10-01,2025,10,Clínica Oriente,Consultas,Particulares,910,42806400,4796208,2333744,24827712
2025-10-01,2025,10,Clínica Oriente,Laboratorio,Isapres,12104,114988000,27189748,37971180,5749400
2025-10-01,2025,10,Clínica Oriente,Laboratorio,Fonasa,4035,22232850,9063998,12658106,1111642
2025-10-01,2025,10,Clínica Oriente,Laboratorio,Convenios con empresas,2421,19779570,5438399,7594863,988978
2025-10-01,2025,10,Clínica Oriente,Laboratorio,Particulares,1614,17172960,3625599,5063242,858648
2025-10-01,2025,10,Clínica Oriente,Imagenología,Isapres,2747,170314000,42149283,39966462,23843960
2025-10-01,2025,10,Clínica Oriente,Imagenología,Fonasa,916,32939360,14054876,13327004,4611510
2025-10-01,2025,10,Clínica Oriente,Imagenología,Convenios con empresas,549,29272680,8423719,7987473,4098175
2025-10-01,2025,10,Clínica Oriente,Imagenología,Particulares,367,25484480,5631156,5339531,3567827
2025-10-01,2025,10,Clínica Centro,UCI,Isapres,140,189000000,65588255,43225384,18900000
2025-10-01,2025,10,Clínica Centro,UCI,Fonasa,107,83781000,50128167,33036543,8378100
2025-10-01,2025,10,Clínica Centro,UCI,Convenios con empresas,37,42957000,17334039,11423851,4295700
2025-10-01,2025,10,Clínica Centro,UCI,Particulares,21,31752000,9838238,6483808,3175200
2025-10-01,2025,10,Clínica Centro,UTI,Isapres,191,156620000,53010432,29164290,15662000
2025-10-01,2025,10,Clínica Centro,UTI,Fonasa,146,69437600,40521063,22293122,6943760
2025-10-01,2025,10,Clínica Centro,UTI,Convenios con empresas,50,35260000,13877076,7634631,3526000
2025-10-01,2025,10,Clínica Centro,UTI,Particulares,29,26633600,8048704,4428086,2663360
2025-10-01,2025,10,Clínica Centro,Médico-quirúrgico,Isapres,833,304045000,112526663,59267385,36485400
2025-10-01,2025,10,Clínica Centro,Médico-quirúrgico,Fonasa,634,134217800,85644543,45108670,16106136
2025-10-01,2025,10,Clínica Centro,Médico-quirúrgico,Convenios con empresas,217,68116300,29313669,15439403,8173956
2025-10-01,2025,10,Clínica Centro,Médico-quirúrgico,Particulares,126,51508800,17020840,8964814,6181056
2025-10-01,2025,10,Clínica Centro,Pediatría,Isapres,154,52360000,35275263,9695819,6283200
2025-10-01,2025,10,Clínica Centro,Pediatría,Fonasa,117,23072400,26800038,7366304,2768688
2025-10-01,2025,10,Clínica Centro,Pediatría,Convenios con empresas,40,11696000,9162406,2518395,1403520
2025-10-01,2025,10,Clínica Centro,Pediatría,Particulares,23,8758400,5268383,1448077,1051008
2025-10-01,2025,10,Clínica Centro,Maternidad,Isapres,145,47850000,27662460,8531039,8613000
2025-10-01,2025,10,Clínica Centro,Maternidad,Fonasa,111,21245400,21176090,6530658,3824172
2025-10-01,2025,10,Clínica Centro,Maternidad,Convenios con empresas,38,10784400,7249472,2235721,1941192
2025-10-01,2025,10,Clínica Centro,Maternidad,Particulares,22,8131200,4197063,1294365,1463616
2025-10-01,2025,10,Clínica Centro,Pabellón,Isapres,299,575943000,65304006,125053051,126707460
2025-10-01,2025,10,Clínica Centro,Pabellón,Fonasa,227,253607543,49578627,94939942,55793659
2025-10-01,2025,10,Clínica Centro,Pabellón,Convenios con empresas,78,129211560,17035828,32622535,28426543
2025-10-01,2025,10,Clínica Centro,Pabellón,Particulares,46,99239409,10046770,19238931,21832670
2025-10-01,2025,10,Clínica Centro,Urgencia,Isapres,2333,210006798,96268406,33223381,63002039
2025-10-01,2025,10,Clínica Centro,Urgencia,Fonasa,1775,92671238,73243215,25277112,27801371
2025-10-01,2025,10,Clínica Centro,Urgencia,Convenios con empresas,609,47144861,25129644,8672541,14143458
2025-10-01,2025,10,Clínica Centro,Urgencia,Particulares,355,35790271,14648643,5055422,10737081
2025-10-01,2025,10,Clínica Centro,Consultas,Isapres,4600,193200000,23503391,11397462,112056000
2025-10-01,2025,10,Clínica Centro,Consultas,Fonasa,3500,85260000,17883015,8671982,49450800
2025-10-01,2025,10,Clínica Centro,Consultas,Convenios con empresas,1200,43344000,6131319,2973251,25139520
2025-10-01,2025,10,Clínica Centro,Consultas,Particulares,699,32880960,3571494,1731919,19070957
2025-10-01,2025,10,Clínica Centro,Laboratorio,Isapres,7466,70927000,17459059,23302406,3546350
2025-10-01,2025,10,Clínica Centro,Laboratorio,Fonasa,5681,31302310,13284880,17731177,1565116
2025-10-01,2025,10,Clínica Centro,Laboratorio,Convenios con empresas,1948,15915160,4555351,6079974,795758
2025-10-01,2025,10,Clínica Centro,Laboratorio,Particulares,1136,12087040,2656508,3545611,604352
2025-10-01,2025,10,Clínica Centro,Imagenología,Isapres,1740,107880000,28500288,25658417,15103200
2025-10-01,2025,10,Clínica Centro,Imagenología,Fonasa,1324,47611040,21686426,19523991,6665546
2025-10-01,2025,10,Clínica Centro,Imagenología,Convenios con empresas,454,24207280,7436282,6694782,3389019
2025-10-01,2025,10,Clínica Centro,Imagenología,Particulares,265,18401600,4340561,3907747,2576224
2025-10-01,2025,10,Clínica Poniente,UCI,Isapres,65,87750000,28318108,20189867,8775000
2025-10-01,2025,10,Clínica Poniente,UCI,Fonasa,120,93960000,52279584,37273600,9396000
2025-10-01,2025,10,Clínica Poniente,UCI,Convenios con empresas,22,25542000,9584590,6833493,2554200
2025-10-01,2025,10,Clínica Poniente,UCI,Particulares,11,16632000,4792295,3416747,1663200
2025-10-01,2025,10,Clínica Poniente,UTI,Isapres,75,61500000,22016807,11584084,6150000
2025-10-01,2025,10,Clínica Poniente,UTI,Fonasa,138,65632800,40510925,21314715,6563280
2025-10-01,2025,10,Clínica Poniente,UTI,Convenios con empresas,25,17630000,7338936,3861361,1763000
2025-10-01,2025,10,Clínica Poniente,UTI,Particulares,13,11939200,3816247,2007908,1193920
2025-10-01,2025,10,Clínica Poniente,Médico-quirúrgico,Isapres,362,132130000,52697450,26375351,15855600
2025-10-01,2025,10,Clínica Poniente,Médico-quirúrgico,Fonasa,663,140357100,96514943,48306237,16842852
2025-10-01,2025,10,Clínica Poniente,Médico-quirúrgico,Convenios con empresas,120,37668000,17468768,8743210,4520160
2025-10-01,2025,10,Clínica Poniente,Médico-quirúrgico,Particulares,60,24528000,8734384,4371605,2943360
2025-10-01,2025,10,Clínica Poniente,Pediatría,Isapres,77,26180000,17937724,5058838,3141600
2025-10-01,2025,10,Clínica Poniente,Pediatría,Fonasa,141,27805200,32847001,9263587,3336624
2025-10-01,2025,10,Clínica Poniente,Pediatría,Convenios con empresas,26,7602400,6056894,1708179,912288
2025-10-01,2025,10,Clínica Poniente,Pediatría,Particulares,12,4569600,2795489,788390,548352
2025-10-01,2025,10,Clínica Poniente,Maternidad,Isapres,72,23760000,13639103,4480957,4276800
2025-10-01,2025,10,Clínica Poniente,Maternidad,Fonasa,132,25264800,25005023,8215087,4547664
2025-10-01,2025,10,Clínica Poniente,Maternidad,Convenios con empresas,24,6811200,4546368,1493652,1226016
2025-10-01,2025,10,Clínica Poniente,Maternidad,Particulares,12,4435200,2273184,746826,798336
2025-10-01,2025,10,Clínica Poniente,Pabellón,Isapres,112,215473067,28985229,46427578,47404075
2025-10-01,2025,10,Clínica Poniente,Pabellón,Fonasa,206,229863589,53312117,85393580,50569990
2025-10-01,2025,10,Clínica Poniente,Pabellón,Convenios con empresas,38,62871963,9834274,15752214,13831832
2025-10-01,2025,10,Clínica Poniente,Pabellón,Particulares,19,40939883,4917137,7876107,9006774
2025-10-01,2025,10,Clínica Poniente,Urgencia,Isapres,1350,119343421,55804841,18992013,35803026
2025-10-01,2025,10,Clínica Poniente,Urgencia,Fonasa,2474,126850564,102267538,34804623,38055169
2025-10-01,2025,10,Clínica Poniente,Urgencia,Convenios con empresas,450,34211781,18601614,6330671,10263534
2025-10-01,2025,10,Clínica Poniente,Urgencia,Particulares,225,22277439,9300807,3165336,6683232
2025-10-01,2025,10,Clínica Poniente,Consultas,Isapres,2516,105672000,12454857,6384334,61289760
2025-10-01,2025,10,Clínica Poniente,Consultas,Fonasa,4612,112348320,22830604,11702921,65162026
2025-10-01,2025,10,Clínica Poniente,Consultas,Convenios con empresas,838,30268560,4148319,2126420,17555765
2025-10-01,2025,10,Clínica Poniente,Consultas,Particulares,419,19709760,2074159,1063210,11431661
2025-10-01,2025,10,Clínica Poniente,Laboratorio,Isapres,4076,38722000,8979073,12642709,1936100
2025-10-01,2025,10,Clínica Poniente,Laboratorio,Fonasa,7472,41170720,16460165,23176232,2058536
2025-10-01,2025,10,Clínica Poniente,Laboratorio,Convenios con empresas,1359,11103030,2993759,4215270,555152
2025-10-01,2025,10,Clínica Poniente,Laboratorio,Particulares,679,7224560,1495778,2106084,361228
2025-10-01,2025,10,Clínica Poniente,Imagenología,Isapres,909,56358000,14639249,12984266,7890120
2025-10-01,2025,10,Clínica Poniente,Imagenología,Fonasa,1667,59945320,26846676,23811631,8392345
2025-10-01,2025,10,Clínica Poniente,Imagenología,Convenios con empresas,303,16155960,4879750,4328089,2261834
2025-10-01,2025,10,Clínica Poniente,Imagenología,Particulares,152,10554880,2447927,2171186,1477683
2025-11-01,2025,11,Clínica Oriente,UCI,Isapres,242,326700000,114597316,74740256,32670000
2025-11-01,2025,11,Clínica Oriente,UCI,Fonasa,81,63423000,38356953,25016367,6342300
2025-11-01,2025,11,Clínica Oriente,UCI,Convenios con empresas,48,55728000,22730046,14824514,5572800
2025-11-01,2025,11,Clínica Oriente,UCI,Particulares,33,49896000,15626907,10191853,4989600
2025-11-01,2025,11,Clínica Oriente,UTI,Isapres,279,228780000,90231325,42344567,22878000
2025-11-01,2025,11,Clínica Oriente,UTI,Fonasa,93,44230800,30077108,14114856,4423080
2025-11-01,2025,11,Clínica Oriente,UTI,Convenios con empresas,56,39491200,18110947,8499268,3949120
2025-11-01,2025,11,Clínica Oriente,UTI,Particulares,37,33980800,11966161,5615588,3398080
2025-11-01,2025,11,Clínica Oriente,Médico-quirúrgico,Isapres,1234,450410000,186958679,91522855,54049200
2025-11-01,2025,11,Clínica Oriente,Médico-quirúrgico,Fonasa,411,87008700,62269057,30482896,10441044
2025-11-01,2025,11,Clínica Oriente,Médico-quirúrgico,Convenios con empresas,247,77533300,37422037,18319405,9303996
2025-11-01,2025,11,Clínica Oriente,Médico-quirúrgico,Particulares,165,67452000,24998527,12237659,8094240
2025-11-01,2025,11,Clínica Oriente,Pediatría,Isapres,248,84320000,60890858,16191817,10118400
2025-11-01,2025,11,Clínica Oriente,Pediatría,Fonasa,83,16367600,20378795,5419035,1964112
2025-11-01,2025,11,Clínica Oriente,Pediatría,Convenios con empresas,50,14620000,12276383,3264479,1754400
2025-11-01,2025,11,Clínica Oriente,Pediatría,Particulares,32,12185600,7856885,2089267,1462272
2025-11-01,2025,11,Clínica Oriente,Maternidad,Isapres,235,77550000,45784557,13952402,13959000
2025-11-01,2025,11,Clínica Oriente,Maternidad,Fonasa,78,14929200,15196577,4631010,2687256
2025-11-01,2025,11,Clínica Oriente,Maternidad,Convenios con empresas,47,13338600,9156911,2790480,2400948
2025-11-01,2025,11,Clínica Oriente,Maternidad,Particulares,32,11827200,6234493,1899902,2128896
2025-11-01,2025,11,Clínica Oriente,Pabellón,Isapres,477,922410000,114302709,195882824,202930200
2025-11-01,2025,11,Clínica Oriente,Pabellón,Fonasa,159,178332600,38100903,65294275,39233172
2025-11-01,2025,11,Clínica Oriente,Pabellón,Convenios con empresas,95,157989302,22764691,39012302,34757646
2025-11-01,2025,11,Clínica Oriente,Pabellón,Particulares,64,138612891,15336213,26281972,30494836
2025-11-01,2025,11,Clínica Oriente,Urgencia,Isapres,3980,357094744,155653192,55858668,107128423
2025-11-01,2025,11,Clínica Oriente,Urgencia,Fonasa,1327,69055664,51897434,18624234,20716699
2025-11-01,2025,11,Clínica Oriente,Urgencia,Convenios con empresas,796,61420296,31130638,11171734,18426089
2025-11-01,2025,11,Clínica Oriente,Urgencia,Particulares,530,53259156,20727686,7438466,15977747
2025-11-01,2025,11,Clínica Oriente,Consultas,Isapres,6000,252000000,35653733,15172175,146160000
2025-11-01,2025,11,Clínica Oriente,Consultas,Fonasa,2000,48720000,11884578,5057392,28257600
2025-11-01,2025,11,Clínica Oriente,Consultas,Convenios con empresas,1200,43344000,7130747,3034435,25139520
2025-11-01,2025,11,Clínica Oriente,Consultas,Particulares,800,37632000,4753831,2022957,21826560
2025-11-01,2025,11,Clínica Oriente,Laboratorio,Isapres,11458,108851000,27060556,35746308,5442550
2025-11-01,2025,11,Clínica Oriente,Laboratorio,Fonasa,3819,21042690,9019398,11914396,1052134
2025-11-01,2025,11,Clínica Oriente,Laboratorio,Convenios con empresas,2292,18725640,5413056,7150510,936282
2025-11-01,2025,11,Clínica Oriente,Laboratorio,Particulares,1528,16257920,3608704,4767006,812896
2025-11-01,2025,11,Clínica Oriente,Imagenología,Isapres,2500,155000000,42987354,36941658,21700000
2025-11-01,2025,11,Clínica Oriente,Imagenología,Fonasa,833,29954680,14323386,12308961,4193655
2025-11-01,2025,11,Clínica Oriente,Imagenología,Convenios con empresas,500,26660000,8597471,7388332,3732400
2025-11-01,2025,11,Clínica Oriente,Imagenología,Particulares,333,23123520,5725916,4920629,3237293
2025-11-01,2025,11,Clínica Centro,UCI,Isapres,139,187650000,67065663,44964079,18765000
2025-11-01,2025,11,Clínica Centro,UCI,Fonasa,106,82998000,51143599,34289154,8299800
2025-11-01,2025,11,Clínica Centro,UCI,Convenios con empresas,36,41796000,17369524,11645373,4179600
2025-11-01,2025,11,Clínica Centro,UCI,Particulares,22,33264000,10614709,7116617,3326400
2025-11-01,2025,11,Clínica Centro,UTI,Isapres,178,145960000,55010550,26443595,14596000
2025-11-01,2025,11,Clínica Centro,UTI,Fonasa,135,64206000,41721485,20055536,6420600
2025-11-01,2025,11,Clínica Centro,UTI,Convenios con empresas,46,32439200,14216210,6833738,3243920
2025-11-01,2025,11,Clínica Centro,UTI,Particulares,27,24796800,8344297,4011107,2479680
2025-11-01,2025,11,Clínica Centro,Médico-quirúrgico,Isapres,787,287255000,111951248,56461709,34470600
2025-11-01,2025,11,Clínica Centro,Médico-quirúrgico,Fonasa,599,126808300,85208129,42974033,15216996
2025-11-01,2025,11,Clínica Centro,Médico-quirúrgico,Convenios con empresas,205,64349500,29161380,14707307,7721940
2025-11-01,2025,11,Clínica Centro,Médico-quirúrgico,Particulares,120,49056000,17070076,8609155,5886720
2025-11-01,2025,11,Clínica Centro,Pediatría,Isapres,146,49640000,35821716,9522450,5956800
2025-11-01,2025,11,Clínica Centro,Pediatría,Fonasa,111,21889200,27234319,7239671,2626704
2025-11-01,2025,11,Clínica Centro,Pediatría,Convenios con empresas,38,11111200,9323460,2478446,1333344
2025-11-01,2025,11,Clínica Centro,Pediatría,Particulares,23,8758400,5643147,1500112,1051008
2025-11-01,2025,11,Clínica Centro,Maternidad,Isapres,139,45870000,28063821,8024006,8256600
2025-11-01,2025,11,Clínica Centro,Maternidad,Fonasa,106,20288400,21401187,6119026,3651912
2025-11-01,2025,11,Clínica Centro,Maternidad,Convenios con empresas,36,10216800,7268328,2078160,1839024
2025-11-01,2025,11,Clínica Centro,Maternidad,Particulares,22,8131200,4441756,1269987,1463616
2025-11-01,2025,11,Clínica Centro,Pabellón,Isapres,270,521339590,65972483,116703769,114694710
2025-11-01,2025,11,Clínica Centro,Pabellón,Fonasa,205,229582509,50090218,88608418,50508152
2025-11-01,2025,11,Clínica Centro,Pabellón,Convenios con empresas,70,116239420,17103977,30256533,25572672
2025-11-01,2025,11,Clínica Centro,Pabellón,Particulares,41,88666348,10018044,17721684,19506597
2025-11-01,2025,11,Clínica Centro,Urgencia,Isapres,2291,205726280,96093427,32022466,61717884
2025-11-01,2025,11,Clínica Centro,Urgencia,Fonasa,1743,90779976,73108181,24362793,27233993
2025-11-01,2025,11,Clínica Centro,Urgencia,Convenios con empresas,598,46181105,25082440,8358549,13854331
2025-11-01,2025,11,Clínica Centro,Urgencia,Particulares,348,34999509,14596470,4864172,10499853
2025-11-01,2025,11,Clínica Centro,Consultas,Isapres,3936,165312000,24573749,9825450,95880960
2025-11-01,2025,11,Clínica Centro,Consultas,Fonasa,2995,72958200,18698775,7476429,42315756
2025-11-01,2025,11,Clínica Centro,Consultas,Convenios con empresas,1027,37095240,6411900,2563704,21515239
2025-11-01,2025,11,Clínica Centro,Consultas,Particulares,598,28129920,3733512,1492789,16315354
2025-11-01,2025,11,Clínica Centro,Laboratorio,Isapres,6871,65274500,17868600,22083395,3263725
2025-11-01,2025,11,Clínica Centro,Laboratorio,Fonasa,5228,28806280,13595843,16802792,1440314
2025-11-01,2025,11,Clínica Centro,Laboratorio,Convenios con empresas,1792,14640640,4660243,5759488,732032
2025-11-01,2025,11,Clínica Centro,Laboratorio,Particulares,1045,11118800,2717608,3358630,555940
2025-11-01,2025,11,Clínica Centro,Imagenología,Isapres,1604,99448000,28725796,23055698,13922720
2025-11-01,2025,11,Clínica Centro,Imagenología,Fonasa,1221,43907160,21866706,17550503,6147002
2025-11-01,2025,11,Clínica Centro,Imagenología,Convenios con empresas,419,22341080,7503808,6022654,3127751
2025-11-01,2025,11,Clínica Centro,Imagenología,Particulares,244,16943360,4369760,3507226,2372070
2025-11-01,2025,11,Clínica Poniente,UCI,Isapres,57,76950000,28931353,17845072,7695000
2025-11-01,2025,11,Clínica Poniente,UCI,Fonasa,105,82215000,53294598,32872501,8221500
2025-11-01,2025,11,Clínica Poniente,UCI,Convenios con empresas,19,22059000,9643784,5948357,2205900
2025-11-01,2025,11,Clínica Poniente,UCI,Particulares,9,13608000,4568108,2817643,1360800
2025-11-01,2025,11,Clínica Poniente,UTI,Isapres,74,60680000,21959546,10981923,6068000
2025-11-01,2025,11,Clínica Poniente,UTI,Fonasa,136,64681600,40358085,20182994,6468160
2025-11-01,2025,11,Clínica Poniente,UTI,Convenios con empresas,25,17630000,7418766,3710109,1763000
2025-11-01,2025,11,Clínica Poniente,UTI,Particulares,13,11939200,3857758,1929257,1193920
2025-11-01,2025,11,Clínica Poniente,Médico-quirúrgico,Isapres,343,125195000,51472159,24945585,15023400
2025-11-01,2025,11,Clínica Poniente,Médico-quirúrgico,Fonasa,629,133159300,94390635,45745693,15979116
2025-11-01,2025,11,Clínica Poniente,Médico-quirúrgico,Convenios con empresas,114,35784600,17107365,8290952,4294152
2025-11-01,2025,11,Clínica Poniente,Médico-quirúrgico,Particulares,58,23710400,8703747,4218204,2845248
2025-11-01,2025,11,Clínica Poniente,Pediatría,Isapres,71,24140000,17940252,4541365,2896800
2025-11-01,2025,11,Clínica Poniente,Pediatría,Fonasa,131,25833200,33101029,8379139,3099984
2025-11-01,2025,11,Clínica Poniente,Pediatría,Convenios con empresas,24,7017600,6064311,1535109,842112
2025-11-01,2025,11,Clínica Poniente,Pediatría,Particulares,12,4569600,3032155,767555,548352
2025-11-01,2025,11,Clínica Poniente,Maternidad,Isapres,72,23760000,13697593,4277200,4276800
2025-11-01,2025,11,Clínica Poniente,Maternidad,Fonasa,133,25456200,25302498,7900938,4582116
2025-11-01,2025,11,Clínica Poniente,Maternidad,Convenios con empresas,24,6811200,4565864,1425733,1226016
2025-11-01,2025,11,Clínica Poniente,Maternidad,Particulares,12,4435200,2282932,712867,798336
2025-11-01,2025,11,Clínica Poniente,Pabellón,Isapres,101,195481454,28494205,41909225,43005920
2025-11-01,2025,11,Clínica Poniente,Pabellón,Fonasa,185,207674852,52192355,76764422,45688467
2025-11-01,2025,11,Clínica Poniente,Pabellón,Convenios con empresas,34,56592849,9592108,14108056,12450427
2025-11-01,2025,11,Clínica Poniente,Pabellón,Particulares,17,36851157,4796054,7054028,8107255
2025-11-01,2025,11,Clínica Poniente,Urgencia,Isapres,1300,117275421,55313522,18279220,35182626
2025-11-01,2025,11,Clínica Poniente,Urgencia,Fonasa,2383,124685424,101393941,33507216,37405627
2025-11-01,2025,11,Clínica Poniente,Urgencia,Convenios con empresas,433,33593093,18423658,6088386,10077928
2025-11-01,2025,11,Clínica Poniente,Urgencia,Particulares,217,21925091,9233103,3051224,6577527
2025-11-01,2025,11,Clínica Poniente,Consultas,Isapres,2203,92526000,12406644,5458950,53665080
2025-11-01,2025,11,Clínica Poniente,Consultas,Fonasa,4038,98365680,22740820,10006010,57052094
2025-11-01,2025,11,Clínica Poniente,Consultas,Convenios con empresas,734,26512080,4133671,1818824,15377006
2025-11-01,2025,11,Clínica Poniente,Consultas,Particulares,367,17263680,2066835,909412,10012934
2025-11-01,2025,11,Clínica Poniente,Laboratorio,Isapres,3603,34228500,8861511,11078251,1711425
2025-11-01,2025,11,Clínica Poniente,Laboratorio,Fonasa,6606,36399060,16247332,20311664,1819953
2025-11-01,2025,11,Clínica Poniente,Laboratorio,Convenios con empresas,1201,9812170,2953837,3692750,490608
2025-11-01,2025,11,Clínica Poniente,Laboratorio,Particulares,600,6384000,1475689,1844838,319200
2025-11-01,2025,11,Clínica Poniente,Imagenología,Isapres,901,55862000,14486117,12891848,7820680
2025-11-01,2025,11,Clínica Poniente,Imagenología,Fonasa,1651,59369960,26544482,23623131,8311794
2025-11-01,2025,11,Clínica Poniente,Imagenología,Convenios con empresas,300,15996000,4823346,4292513,2239440
2025-11-01,2025,11,Clínica Poniente,Imagenología,Particulares,150,10416000,2411673,2146257,1458240
2025-12-01,2025,12,Clínica Oriente,UCI,Isapres,253,341550000,115543840,75774677,34155000
2025-12-01,2025,12,Clínica Oriente,UCI,Fonasa,84,65772000,38362382,25158391,6577200
2025-12-01,2025,12,Clínica Oriente,UCI,Convenios con empresas,51,59211000,23291446,15274737,5921100
2025-12-01,2025,12,Clínica Oriente,UCI,Particulares,34,51408000,15527631,10183158,5140800
2025-12-01,2025,12,Clínica Oriente,UTI,Isapres,297,243540000,89622767,44050177,24354000
2025-12-01,2025,12,Clínica Oriente,UTI,Fonasa,99,47084400,29874256,14683392,4708440
2025-12-01,2025,12,Clínica Oriente,UTI,Convenios con empresas,59,41606800,17803849,8750708,4160680
2025-12-01,2025,12,Clínica Oriente,UTI,Particulares,40,36736000,12070406,5932684,3673600
2025-12-01,2025,12,Clínica Oriente,Médico-quirúrgico,Isapres,1315,479975000,191201484,95019214,57597000
2025-12-01,2025,12,Clínica Oriente,Médico-quirúrgico,Fonasa,438,92724600,63685361,31648985,11126952
2025-12-01,2025,12,Clínica Oriente,Médico-quirúrgico,Convenios con empresas,263,82555700,38240297,19003843,9906684
2025-12-01,2025,12,Clínica Oriente,Médico-quirúrgico,Particulares,175,71540000,25445064,12645142,8584800
2025-12-01,2025,12,Clínica Oriente,Pediatría,Isapres,268,91120000,61609730,17151924,10934400
2025-12-01,2025,12,Clínica Oriente,Pediatría,Fonasa,89,17550800,20459948,5695975,2106096
2025-12-01,2025,12,Clínica Oriente,Pediatría,Convenios con empresas,54,15789600,12413901,3455985,1894752
2025-12-01,2025,12,Clínica Oriente,Pediatría,Particulares,35,13328000,8046047,2239990,1599360
2025-12-01,2025,12,Clínica Oriente,Maternidad,Isapres,247,81510000,46331889,14597827,14671800
2025-12-01,2025,12,Clínica Oriente,Maternidad,Fonasa,82,15694800,15381437,4846242,2825064
2025-12-01,2025,12,Clínica Oriente,Maternidad,Convenios con empresas,49,13906200,9191346,2895925,2503116
2025-12-01,2025,12,Clínica Oriente,Maternidad,Particulares,33,12196800,6190090,1950317,2195424
2025-12-01,2025,12,Clínica Oriente,Pabellón,Isapres,544,1048641060,113313877,227311625,230701033
2025-12-01,2025,12,Clínica Oriente,Pabellón,Fonasa,181,202364593,37701860,75631258,44520210
2025-12-01,2025,12,Clínica Oriente,Pabellón,Convenios con empresas,109,180697818,22704435,45545896,39753520
2025-12-01,2025,12,Clínica Oriente,Pabellón,Particulares,72,155445616,14997425,30085362,34198035
2025-12-01,2025,12,Clínica Oriente,Urgencia,Isapres,3598,321707517,154918247,51971979,96512255
2025-12-01,2025,12,Clínica Oriente,Urgencia,Fonasa,1199,62179500,51625063,17319178,18653850
2025-12-01,2025,12,Clínica Oriente,Urgencia,Convenios con empresas,720,55364451,31000872,10400174,16609335
2025-12-01,2025,12,Clínica Oriente,Urgencia,Particulares,480,48068361,20667248,6933449,14420508
2025-12-01,2025,12,Clínica Oriente,Consultas,Isapres,6865,288330000,36249490,16434724,167231400
2025-12-01,2025,12,Clínica Oriente,Consultas,Fonasa,2288,55735680,12081403,5477443,32326694
2025-12-01,2025,12,Clínica Oriente,Consultas,Convenios con empresas,1373,49592760,7249898,3286945,28763801
2025-12-01,2025,12,Clínica Oriente,Consultas,Particulares,916,43088640,4836785,2192892,24991411
2025-12-01,2025,12,Clínica Oriente,Laboratorio,Isapres,11178,106191000,26675523,34320480,5309550
2025-12-01,2025,12,Clínica Oriente,Laboratorio,Fonasa,3726,20530260,8891841,11440160,1026513
2025-12-01,2025,12,Clínica Oriente,Laboratorio,Convenios con empresas,2236,18268120,5336059,6865324,913406
2025-12-01,2025,12,Clínica Oriente,Laboratorio,Particulares,1490,15853600,3555782,4574836,792680
2025-12-01,2025,12,Clínica Oriente,Imagenología,Isapres,2601,161262000,42607668,36888596,22576680
2025-12-01,2025,12,Clínica Oriente,Imagenología,Fonasa,867,31177320,14202556,12296199,4364825
2025-12-01,2025,12,Clínica Oriente,Imagenología,Convenios con empresas,520,27726400,8518257,7374883,3881696
2025-12-01,2025,12,Clínica Oriente,Imagenología,Particulares,347,24095680,5684299,4921316,3373395
2025-12-01,2025,12,Clínica Centro,UCI,Isapres,143,193050000,66909696,45209806,19305000
2025-12-01,2025,12,Clínica Centro,UCI,Fonasa,108,84564000,50533197,34144469,8456400
2025-12-01,2025,12,Clínica Centro,UCI,Convenios con empresas,37,42957000,17312299,11697642,4295700
2025-12-01,2025,12,Clínica Centro,UCI,Particulares,22,33264000,10293799,6955355,3326400
2025-12-01,2025,12,Clínica Centro,UTI,Isapres,178,145960000,54046451,27147140,14596000
2025-12-01,2025,12,Clínica Centro,UTI,Fonasa,135,64206000,40990286,20589123,6420600
2025-12-01,2025,12,Clínica Centro,UTI,Convenios con empresas,46,32439200,13967060,7015553,3243920
2025-12-01,2025,12,Clínica Centro,UTI,Particulares,27,24796800,8198057,4117825,2479680
2025-12-01,2025,12,Clínica Centro,Médico-quirúrgico,Isapres,842,307330000,113235809,62352315,36879600
2025-12-01,2025,12,Clínica Centro,Médico-quirúrgico,Fonasa,641,135699700,86204458,47467737,16283964
2025-12-01,2025,12,Clínica Centro,Médico-quirúrgico,Convenios con empresas,220,69058000,29586553,16291579,8286960
2025-12-01,2025,12,Clínica Centro,Médico-quirúrgico,Particulares,128,52326400,17213995,9478737,6279168
2025-12-01,2025,12,Clínica Centro,Pediatría,Isapres,153,52020000,35374351,10024573,6242400
2025-12-01,2025,12,Clínica Centro,Pediatría,Fonasa,117,23072400,27050974,7665850,2768688
2025-12-01,2025,12,Clínica Centro,Pediatría,Convenios con empresas,40,11696000,9248196,2620803,1403520
2025-12-01,2025,12,Clínica Centro,Pediatría,Particulares,23,8758400,5317713,1506962,1051008
2025-12-01,2025,12,Clínica Centro,Maternidad,Isapres,152,50160000,28208908,9039361,9028800
2025-12-01,2025,12,Clínica Centro,Maternidad,Fonasa,115,22011000,21342266,6838990,3961980
2025-12-01,2025,12,Clínica Centro,Maternidad,Convenios con empresas,40,11352000,7423397,2378779,2043360
2025-12-01,2025,12,Clínica Centro,Maternidad,Particulares,23,8500800,4268453,1367798,1530144
2025-12-01,2025,12,Clínica Centro,Pabellón,Isapres,299,578151000,66903152,124644883,127193220
2025-12-01,2025,12,Clínica Centro,Pabellón,Fonasa,227,254579802,50792694,94630062,56007556
2025-12-01,2025,12,Clínica Centro,Pabellón,Convenios con empresas,78,129706920,17452996,32516057,28535522
2025-12-01,2025,12,Clínica Centro,Pabellón,Particulares,46,99619865,10292793,19176136,21916370
2025-12-01,2025,12,Clínica Centro,Urgencia,Isapres,2374,213058679,97498574,33169294,63917604
2025-12-01,2025,12,Clínica Centro,Urgencia,Fonasa,1806,94007879,74171198,25233254,28202364
2025-12-01,2025,12,Clínica Centro,Urgencia,Convenios con empresas,619,47775761,25421911,8648607,14332728
2025-12-01,2025,12,Clínica Centro,Urgencia,Particulares,361,36286388,14826026,5043856,10885916
2025-12-01,2025,12,Clínica Centro,Consultas,Isapres,4473,187866000,23948110,11197694,108962280
2025-12-01,2025,12,Clínica Centro,Consultas,Fonasa,3403,82897080,18219410,8519059,48080306
2025-12-01,2025,12,Clínica Centro,Consultas,Convenios con empresas,1167,42152040,6248031,2921464,24448183
2025-12-01,2025,12,Clínica Centro,Consultas,Particulares,680,31987200,3640670,1702310,18552576
2025-12-01,2025,12,Clínica Centro,Laboratorio,Isapres,7403,70328500,17794748,22909497,3516425
2025-12-01,2025,12,Clínica Centro,Laboratorio,Fonasa,5633,31037830,13540161,17432014,1551892
2025-12-01,2025,12,Clínica Centro,Laboratorio,Convenios con empresas,1931,15776270,4641586,5975718,788814
2025-12-01,2025,12,Clínica Centro,Laboratorio,Particulares,1127,11991280,2708994,3487641,599564
2025-12-01,2025,12,Clínica Centro,Imagenología,Isapres,1719,106578000,28675773,25224435,14920920
2025-12-01,2025,12,Clínica Centro,Imagenología,Fonasa,1308,47035680,21819611,19193462,6584995
2025-12-01,2025,12,Clínica Centro,Imagenología,Convenios con empresas,449,23940680,7490065,6588581,3351695
2025-12-01,2025,12,Clínica Centro,Imagenología,Particulares,262,18193280,4370595,3844562,2547059
2025-12-01,2025,12,Clínica Poniente,UCI,Isapres,61,82350000,28474369,19358363,8235000
2025-12-01,2025,12,Clínica Poniente,UCI,Fonasa,112,87696000,52280808,35543225,8769600
2025-12-01,2025,12,Clínica Poniente,UCI,Convenios con empresas,20,23220000,9335859,6347004,2322000
2025-12-01,2025,12,Clínica Poniente,UCI,Particulares,11,16632000,5134722,3490852,1663200
2025-12-01,2025,12,Clínica Poniente,UTI,Isapres,70,57400000,22140539,10395782,5740000
2025-12-01,2025,12,Clínica Poniente,UTI,Fonasa,129,61352400,40801850,19157941,6135240
2025-12-01,2025,12,Clínica Poniente,UTI,Convenios con empresas,23,16219600,7274749,3415757,1621960
2025-12-01,2025,12,Clínica Poniente,UTI,Particulares,12,11020800,3795521,1782134,1102080
2025-12-01,2025,12,Clínica Poniente,Médico-quirúrgico,Isapres,364,132860000,52776587,26667427,15943200
2025-12-01,2025,12,Clínica Poniente,Médico-quirúrgico,Fonasa,667,141203900,96708746,48865863,16944468
2025-12-01,2025,12,Clínica Poniente,Médico-quirúrgico,Convenios con empresas,121,37981900,17543865,8864722,4557828
2025-12-01,2025,12,Clínica Poniente,Médico-quirúrgico,Particulares,61,24936800,8844428,4468992,2992416
2025-12-01,2025,12,Clínica Poniente,Pediatría,Isapres,77,26180000,17941846,5082779,3141600
2025-12-01,2025,12,Clínica Poniente,Pediatría,Fonasa,141,27805200,32854548,9307427,3336624
2025-12-01,2025,12,Clínica Poniente,Pediatría,Convenios con empresas,26,7602400,6058286,1716263,912288
2025-12-01,2025,12,Clínica Poniente,Pediatría,Particulares,13,4950400,3029143,858132,594048
2025-12-01,2025,12,Clínica Poniente,Maternidad,Isapres,73,24090000,13757959,4271984,4336200
2025-12-01,2025,12,Clínica Poniente,Maternidad,Fonasa,133,25456200,25065871,7783203,4582116
2025-12-01,2025,12,Clínica Poniente,Maternidad,Convenios con empresas,24,6811200,4523165,1404488,1226016
2025-12-01,2025,12,Clínica Poniente,Maternidad,Particulares,12,4435200,2261582,702244,798336
2025-12-01,2025,12,Clínica Poniente,Pabellón,Isapres,112,214901877,28497507,48048507,47278413
2025-12-01,2025,12,Clínica Poniente,Pabellón,Fonasa,205,228141367,52160616,87945928,50191101
2025-12-01,2025,12,Clínica Poniente,Pabellón,Convenios con empresas,37,61055158,9414355,15873168,13432135
2025-12-01,2025,12,Clínica Poniente,Pabellón,Particulares,19,40831357,4834399,8151086,8982898
2025-12-01,2025,12,Clínica Poniente,Urgencia,Isapres,1269,114125720,55180079,17797637,34237716
2025-12-01,2025,12,Clínica Poniente,Urgencia,Fonasa,2327,121379763,101185221,32636013,36413929
2025-12-01,2025,12,Clínica Poniente,Urgencia,Convenios con empresas,423,32716040,18393360,5932546,9814812
2025-12-01,2025,12,Clínica Poniente,Urgencia,Particulares,212,21353831,9218421,2973285,6406149
2025-12-01,2025,12,Clínica Poniente,Consultas,Isapres,2497,104874000,12493723,6228462,60826920
2025-12-01,2025,12,Clínica Poniente,Consultas,Fonasa,4578,111520080,22905993,11419264,64681646
2025-12-01,2025,12,Clínica Poniente,Consultas,Convenios con empresas,832,30051840,4162907,2075323,17430067
2025-12-01,2025,12,Clínica Poniente,Consultas,Particulares,416,19568640,2081453,1037661,11349811
2025-12-01,2025,12,Clínica Poniente,Laboratorio,Isapres,3985,37857500,9068421,12234436,1892875
2025-12-01,2025,12,Clínica Poniente,Laboratorio,Fonasa,7306,40256060,16625818,22430310,2012803
2025-12-01,2025,12,Clínica Poniente,Laboratorio,Convenios con empresas,1328,10849760,3022048,4077122,542488
2025-12-01,2025,12,Clínica Poniente,Laboratorio,Particulares,665,7075600,1513300,2041631,353780
2025-12-01,2025,12,Clínica Poniente,Imagenología,Isapres,927,57474000,14568900,12822813,8046360
2025-12-01,2025,12,Clínica Poniente,Imagenología,Fonasa,1700,61132000,26717509,23515406,8558480
2025-12-01,2025,12,Clínica Poniente,Imagenología,Convenios con empresas,309,16475880,4856300,4274271,2306623
2025-12-01,2025,12,Clínica Poniente,Imagenología,Particulares,155,10763200,2436008,2144052,1506848
2026-01-01,2026,1,Clínica Oriente,UCI,Isapres,251,352404000,120863417,80135173,35240400
2026-01-01,2026,1,Clínica Oriente,UCI,Fonasa,84,68402880,40448315,26818146,6840288
2026-01-01,2026,1,Clínica Oriente,UCI,Convenios con empresas,50,60372000,24076378,15963182,6037200
2026-01-01,2026,1,Clínica Oriente,UCI,Particulares,34,53464320,16371937,10854964,5346432
2026-01-01,2026,1,Clínica Oriente,UTI,Isapres,283,241342400,92028683,41907386,24134240
2026-01-01,2026,1,Clínica Oriente,UTI,Fonasa,94,46494656,30567831,13919768,4649466
2026-01-01,2026,1,Clínica Oriente,UTI,Convenios con empresas,57,41804256,18535812,8440710,4180426
2026-01-01,2026,1,Clínica Oriente,UTI,Particulares,37,35340032,12032019,5479058,3534003
2026-01-01,2026,1,Clínica Oriente,Médico-quirúrgico,Isapres,1304,494998400,199716549,94790901,59399808
2026-01-01,2026,1,Clínica Oriente,Médico-quirúrgico,Fonasa,435,95773080,66623235,31621198,11492770
2026-01-01,2026,1,Clínica Oriente,Médico-quirúrgico,Convenios con empresas,261,85205016,39973941,18972719,10224602
2026-01-01,2026,1,Clínica Oriente,Médico-quirúrgico,Particulares,174,73976448,26649294,12648479,8877174
2026-01-01,2026,1,Clínica Oriente,Pediatría,Isapres,256,90521600,64523510,16762558,10862592
2026-01-01,2026,1,Clínica Oriente,Pediatría,Fonasa,85,17432480,21423822,5565693,2091898
2026-01-01,2026,1,Clínica Oriente,Pediatría,Convenios con empresas,51,15508896,12854293,3339416,1861068
2026-01-01,2026,1,Clínica Oriente,Pediatría,Particulares,34,13465088,8569529,2226277,1615811
2026-01-01,2026,1,Clínica Oriente,Maternidad,Isapres,244,83740800,47875606,14363945,15073344
2026-01-01,2026,1,Clínica Oriente,Maternidad,Fonasa,81,16123536,15893131,4768359,2902236
2026-01-01,2026,1,Clínica Oriente,Maternidad,Convenios con empresas,49,14462448,9614363,2884563,2603241
2026-01-01,2026,1,Clínica Oriente,Maternidad,Particulares,33,12684672,6474979,1942665,2283241
2026-01-01,2026,1,Clínica Oriente,Pabellón,Isapres,521,1046549307,120622044,218788526,230240848
2026-01-01,2026,1,Clínica Oriente,Pabellón,Fonasa,174,202721221,40284521,73069488,44598669
2026-01-01,2026,1,Clínica Oriente,Pabellón,Convenios con empresas,104,179660979,24078105,43673717,39525415
2026-01-01,2026,1,Clínica Oriente,Pabellón,Particulares,70,157484579,16206417,29395771,34646607
2026-01-01,2026,1,Clínica Oriente,Urgencia,Isapres,4178,391897504,162511813,59202557,117569251
2026-01-01,2026,1,Clínica Oriente,Urgencia,Fonasa,1393,75784985,54183570,19738909,22735496
2026-01-01,2026,1,Clínica Oriente,Urgencia,Convenios con empresas,836,67438638,32517921,11846179,20231591
2026-01-01,2026,1,Clínica Oriente,Urgencia,Particulares,557,58516357,21665649,7892730,17554907
2026-01-01,2026,1,Clínica Oriente,Consultas,Isapres,6410,279988800,37677066,16067723,162393504
2026-01-01,2026,1,Clínica Oriente,Consultas,Fonasa,2137,54139613,12560981,5356743,31400975
2026-01-01,2026,1,Clínica Oriente,Consultas,Convenios con empresas,1282,48158074,7535413,3213545,27931683
2026-01-01,2026,1,Clínica Oriente,Consultas,Particulares,854,41779046,5019690,2140692,24231847
2026-01-01,2026,1,Clínica Oriente,Laboratorio,Isapres,11514,113758320,28087749,34701734,5687916
2026-01-01,2026,1,Clínica Oriente,Laboratorio,Fonasa,3838,21993275,9362583,11567245,1099664
2026-01-01,2026,1,Clínica Oriente,Laboratorio,Convenios con empresas,2303,19568130,5618038,6940950,978407
2026-01-01,2026,1,Clínica Oriente,Laboratorio,Particulares,1535,16985696,3744545,4626295,849285
2026-01-01,2026,1,Clínica Oriente,Imagenología,Isapres,2767,178416160,43961352,40433922,24978262
2026-01-01,2026,1,Clínica Oriente,Imagenología,Fonasa,922,34481325,14648488,13473103,4827385
2026-01-01,2026,1,Clínica Oriente,Imagenología,Convenios con empresas,553,30665398,8785915,8080939,4293156
2026-01-01,2026,1,Clínica Oriente,Imagenología,Particulares,369,26648294,5862573,5392164,3730761
2026-01-01,2026,1,Clínica Centro,UCI,Isapres,146,204984000,67817314,43440932,20498400
2026-01-01,2026,1,Clínica Centro,UCI,Fonasa,111,90389520,51559739,33027010,9038952
2026-01-01,2026,1,Clínica Centro,UCI,Convenios con empresas,38,45882720,17651082,11306544,4588272
2026-01-01,2026,1,Clínica Centro,UCI,Particulares,23,36167040,10683550,6843434,3616704
2026-01-01,2026,1,Clínica Centro,UTI,Isapres,181,154356800,56927212,27420585,15435680
2026-01-01,2026,1,Clínica Centro,UTI,Fonasa,138,68258112,43403068,20906303,6825811
2026-01-01,2026,1,Clínica Centro,UTI,Convenios con empresas,47,34470176,14782204,7120262,3447018
2026-01-01,2026,1,Clínica Centro,UTI,Particulares,28,26743808,8806420,4241858,2674381
2026-01-01,2026,1,Clínica Centro,Médico-quirúrgico,Isapres,831,315447600,117593660,59439669,37853712
2026-01-01,2026,1,Clínica Centro,Médico-quirúrgico,Fonasa,632,139146176,89433446,45205621,16697541
2026-01-01,2026,1,Clínica Centro,Médico-quirúrgico,Convenios con empresas,217,70840952,30707370,15521550,8500914
2026-01-01,2026,1,Clínica Centro,Médico-quirúrgico,Particulares,127,53994304,17971594,9084041,6479316
2026-01-01,2026,1,Clínica Centro,Pediatría,Isapres,152,53747200,37731332,10015464,6449664
2026-01-01,2026,1,Clínica Centro,Pediatría,Fonasa,115,23585120,28546731,7577489,2830214
2026-01-01,2026,1,Clínica Centro,Pediatría,Convenios con empresas,40,12163840,9929298,2635648,1459661
2026-01-01,2026,1,Clínica Centro,Pediatría,Particulares,23,9108736,5709346,1515498,1093048
2026-01-01,2026,1,Clínica Centro,Maternidad,Isapres,150,51480000,29150652,9028386,9266400
2026-01-01,2026,1,Clínica Centro,Maternidad,Fonasa,114,22692384,22154496,6861573,4084629
2026-01-01,2026,1,Clínica Centro,Maternidad,Convenios con empresas,39,11510928,7579170,2347380,2071967
2026-01-01,2026,1,Clínica Centro,Maternidad,Particulares,22,8456448,4275429,1324163,1522161
2026-01-01,2026,1,Clínica Centro,Pabellón,Isapres,293,593006201,68522902,127331396,130461364
2026-01-01,2026,1,Clínica Centro,Pabellón,Fonasa,223,261772772,52152243,96910926,57590010
2026-01-01,2026,1,Clínica Centro,Pabellón,Convenios con empresas,76,132282885,17773858,33027939,29102235
2026-01-01,2026,1,Clínica Centro,Pabellón,Particulares,44,99738381,10290129,19121438,21942444
2026-01-01,2026,1,Clínica Centro,Urgencia,Isapres,2463,231636029,99517340,33744022,69490809
2026-01-01,2026,1,Clínica Centro,Urgencia,Fonasa,1874,102220801,75718837,25674502,30666240
2026-01-01,2026,1,Clínica Centro,Urgencia,Convenios con empresas,643,52005721,25980369,8809341,15601716
2026-01-01,2026,1,Clínica Centro,Urgencia,Particulares,375,39499445,15151848,5137640,11849833
2026-01-01,2026,1,Clínica Centro,Consultas,Isapres,4201,183499680,24772918,10282267,106429814
2026-01-01,2026,1,Clínica Centro,Consultas,Fonasa,3197,80994077,18852420,7824901,46976565
2026-01-01,2026,1,Clínica Centro,Consultas,Convenios con empresas,1096,41171021,6463013,2682543,23879192
2026-01-01,2026,1,Clínica Centro,Consultas,Particulares,639,31260902,3768125,1564001,18131323
2026-01-01,2026,1,Clínica Centro,Laboratorio,Isapres,7534,74435920,18644934,24439859,3721796
2026-01-01,2026,1,Clínica Centro,Laboratorio,Fonasa,5732,32846653,14185394,18594275,1642333
2026-01-01,2026,1,Clínica Centro,Laboratorio,Convenios con empresas,1965,16696212,4862927,6374346,834811
2026-01-01,2026,1,Clínica Centro,Laboratorio,Particulares,1147,12692243,2838564,3720801,634612
2026-01-01,2026,1,Clínica Centro,Imagenología,Isapres,1788,115290240,29871161,25751750,16140634
2026-01-01,2026,1,Clínica Centro,Imagenología,Fonasa,1361,50899222,22737500,19601863,7125891
2026-01-01,2026,1,Clínica Centro,Imagenología,Convenios con empresas,467,25896458,7801920,6725988,3625504
2026-01-01,2026,1,Clínica Centro,Imagenología,Particulares,272,19643187,4544159,3917492,2750046
2026-01-01,2026,1,Clínica Poniente,UCI,Isapres,64,89856000,29812328,19517561,8985600
2026-01-01,2026,1,Clínica Poniente,UCI,Fonasa,118,96089760,54966480,35985503,9608976
2026-01-01,2026,1,Clínica Poniente,UCI,Convenios con empresas,21,25356240,9782170,6404200,2535624
2026-01-01,2026,1,Clínica Poniente,UCI,Particulares,11,17297280,5123994,3354581,1729728
2026-01-01,2026,1,Clínica Poniente,UTI,Isapres,72,61401600,22919420,11059881,6140160
2026-01-01,2026,1,Clínica Poniente,UTI,Fonasa,133,65784992,42337262,20430058,6578499
2026-01-01,2026,1,Clínica Poniente,UTI,Convenios con empresas,24,17601792,7639807,3686627,1760179
2026-01-01,2026,1,Clínica Poniente,UTI,Particulares,12,11461632,3819903,1843313,1146163
2026-01-01,2026,1,Clínica Poniente,Médico-quirúrgico,Isapres,366,138933600,54522999,26979310,16672032
2026-01-01,2026,1,Clínica Poniente,Médico-quirúrgico,Fonasa,671,147732728,99958831,49462069,17727927
2026-01-01,2026,1,Clínica Poniente,Médico-quirúrgico,Convenios con empresas,122,39827632,18174333,8993103,4779316
2026-01-01,2026,1,Clínica Poniente,Médico-quirúrgico,Particulares,61,25934272,9087166,4496552,3112113
2026-01-01,2026,1,Clínica Poniente,Pediatría,Isapres,75,26520000,18829229,4625793,3182400
2026-01-01,2026,1,Clínica Poniente,Pediatría,Fonasa,137,28097056,34394725,8449781,3371647
2026-01-01,2026,1,Clínica Poniente,Pediatría,Convenios con empresas,25,7602400,6276410,1541931,912288
2026-01-01,2026,1,Clínica Poniente,Pediatría,Particulares,12,4752384,3012677,740127,570286
2026-01-01,2026,1,Clínica Poniente,Maternidad,Isapres,75,25740000,14237955,4525843,4633200
2026-01-01,2026,1,Clínica Poniente,Maternidad,Fonasa,137,27270672,26007998,8267206,4908721
2026-01-01,2026,1,Clínica Poniente,Maternidad,Convenios con empresas,25,7378800,4745985,1508614,1328184
2026-01-01,2026,1,Clínica Poniente,Maternidad,Particulares,12,4612608,2278073,724135,830269
2026-01-01,2026,1,Clínica Poniente,Pabellón,Isapres,110,220024110,30593901,47402440,48405304
2026-01-01,2026,1,Clínica Poniente,Pabellón,Fonasa,201,233185552,55903402,86617185,51300821
2026-01-01,2026,1,Clínica Poniente,Pabellón,Convenios con empresas,36,61926786,10012550,15513526,13623893
2026-01-01,2026,1,Clínica Poniente,Pabellón,Particulares,18,40324419,5006275,7756763,8871372
2026-01-01,2026,1,Clínica Poniente,Urgencia,Isapres,1281,120641179,58196381,18179367,36192354
2026-01-01,2026,1,Clínica Poniente,Urgencia,Fonasa,2349,128309098,106716081,33335936,38492729
2026-01-01,2026,1,Clínica Poniente,Urgencia,Convenios con empresas,427,34583805,19398794,6059789,10375141
2026-01-01,2026,1,Clínica Poniente,Urgencia,Particulares,214,22572426,9722112,3036990,6771728
2026-01-01,2026,1,Clínica Poniente,Consultas,Isapres,2307,100769760,12696725,5797799,58446461
2026-01-01,2026,1,Clínica Poniente,Consultas,Fonasa,4230,107164512,23280080,10630554,62155417
2026-01-01,2026,1,Clínica Poniente,Consultas,Convenios con empresas,769,28887331,4232242,1932600,16754652
2026-01-01,2026,1,Clínica Poniente,Consultas,Particulares,384,18785894,2113369,965043,10895819
2026-01-01,2026,1,Clínica Poniente,Laboratorio,Isapres,3824,37781120,9388433,11781146,1889056
2026-01-01,2026,1,Clínica Poniente,Laboratorio,Fonasa,7011,40175834,17212945,21599795,2008792
2026-01-01,2026,1,Clínica Poniente,Laboratorio,Convenios con empresas,1275,10833420,3130296,3928076,541671
2026-01-01,2026,1,Clínica Poniente,Laboratorio,Particulares,637,7048787,1563920,1962497,352439
2026-01-01,2026,1,Clínica Poniente,Imagenología,Isapres,900,58032000,15292676,13279609,8124480
2026-01-01,2026,1,Clínica Poniente,Imagenología,Fonasa,1651,61744758,28053564,24360704,8644266
2026-01-01,2026,1,Clínica Poniente,Imagenología,Convenios con empresas,300,16635840,5097559,4426536,2329018
2026-01-01,2026,1,Clínica Poniente,Imagenología,Particulares,150,10832640,2548779,2213268,1516570
2026-02-01,2026,2,Clínica Oriente,UCI,Isapres,234,328536000,120831102,72520806,32853600
2026-02-01,2026,2,Clínica Oriente,UCI,Fonasa,78,63516960,40277034,24173602,6351696
2026-02-01,2026,2,Clínica Oriente,UCI,Convenios con empresas,47,56749680,24269495,14566145,5674968
2026-02-01,2026,2,Clínica Oriente,UCI,Particulares,31,48746880,16007539,9607457,4874688
2026-02-01,2026,2,Clínica Oriente,UTI,Isapres,286,243900800,92891817,41768633,24390080
2026-02-01,2026,2,Clínica Oriente,UTI,Fonasa,95,46989280,30855673,13874196,4698928
2026-02-01,2026,2,Clínica Oriente,UTI,Convenios con empresas,57,41804256,18513404,8324518,4180426
2026-02-01,2026,2,Clínica Oriente,UTI,Particulares,38,36295168,12342269,5549678,3629517
2026-02-01,2026,2,Clínica Oriente,Médico-quirúrgico,Isapres,1202,456279200,193796105,85148184,54753504
2026-02-01,2026,2,Clínica Oriente,Médico-quirúrgico,Fonasa,401,88287368,64652444,28406341,10594484
2026-02-01,2026,2,Clínica Oriente,Médico-quirúrgico,Convenios con empresas,240,78349440,38694730,17001301,9401933
2026-02-01,2026,2,Clínica Oriente,Médico-quirúrgico,Particulares,161,68449472,25957715,11405040,8213937
2026-02-01,2026,2,Clínica Oriente,Pediatría,Isapres,239,84510400,64249841,15045469,10141248
2026-02-01,2026,2,Clínica Oriente,Pediatría,Fonasa,80,16407040,21506223,5036140,1968845
2026-02-01,2026,2,Clínica Oriente,Pediatría,Convenios con empresas,48,14596608,12903734,3021684,1751593
2026-02-01,2026,2,Clínica Oriente,Pediatría,Particulares,31,12276992,8333661,1951504,1473239
2026-02-01,2026,2,Clínica Oriente,Maternidad,Isapres,229,78592800,47652698,13609732,14146704
2026-02-01,2026,2,Clínica Oriente,Maternidad,Fonasa,76,15128256,15814869,4516767,2723086
2026-02-01,2026,2,Clínica Oriente,Maternidad,Convenios con empresas,46,13576992,9572158,2733833,2443859
2026-02-01,2026,2,Clínica Oriente,Maternidad,Particulares,30,11531520,6242711,1782934,2075674
2026-02-01,2026,2,Clínica Oriente,Pabellón,Isapres,478,958923246,118912976,200346885,210963114
2026-02-01,2026,2,Clínica Oriente,Pabellón,Fonasa,159,185003979,39554735,66642583,40700875
2026-02-01,2026,2,Clínica Oriente,Pabellón,Convenios con empresas,96,165624902,23882104,40237031,36437478
2026-02-01,2026,2,Clínica Oriente,Pabellón,Particulares,63,141551515,15672631,26405552,31141333
2026-02-01,2026,2,Clínica Oriente,Urgencia,Isapres,3708,344342544,160422216,51400620,103302763
2026-02-01,2026,2,Clínica Oriente,Urgencia,Fonasa,1236,66572892,53474072,17133540,19971868
2026-02-01,2026,2,Clínica Oriente,Urgencia,Convenios con empresas,742,59258863,32101749,10285669,17777659
2026-02-01,2026,2,Clínica Oriente,Urgencia,Particulares,494,51380216,21372323,6847871,15414065
2026-02-01,2026,2,Clínica Oriente,Consultas,Isapres,4832,211061760,37798578,12156214,122415821
2026-02-01,2026,2,Clínica Oriente,Consultas,Fonasa,1611,40813718,12602133,4052910,23671957
2026-02-01,2026,2,Clínica Oriente,Consultas,Convenios con empresas,966,36287597,7556587,2430237,21046806
2026-02-01,2026,2,Clínica Oriente,Consultas,Particulares,645,31554432,5045547,1622673,18301571
2026-02-01,2026,2,Clínica Oriente,Laboratorio,Isapres,10378,102534640,28052081,31931450,5126732
2026-02-01,2026,2,Clínica Oriente,Laboratorio,Fonasa,3459,19821454,9349793,10642791,991073
2026-02-01,2026,2,Clínica Oriente,Laboratorio,Convenios con empresas,2076,17639357,5611497,6387521,881968
2026-02-01,2026,2,Clínica Oriente,Laboratorio,Particulares,1383,15303725,3738295,4255270,765186
2026-02-01,2026,2,Clínica Oriente,Imagenología,Isapres,2286,147401280,44788141,33599449,20636179
2026-02-01,2026,2,Clínica Oriente,Imagenología,Fonasa,762,28497581,14929380,11199816,3989661
2026-02-01,2026,2,Clínica Oriente,Imagenología,Convenios con empresas,457,25341930,8953710,6716950,3547870
2026-02-01,2026,2,Clínica Oriente,Imagenología,Particulares,305,22026368,5975671,4482866,3083692
2026-02-01,2026,2,Clínica Centro,UCI,Isapres,125,175500000,68867128,38536585,17550000
2026-02-01,2026,2,Clínica Centro,UCI,Fonasa,95,77360400,52339017,29287805,7736040
2026-02-01,2026,2,Clínica Centro,UCI,Convenios con empresas,33,39845520,18180922,10173658,3984552
2026-02-01,2026,2,Clínica Centro,UCI,Particulares,18,28304640,9916866,5549268,2830464
2026-02-01,2026,2,Clínica Centro,UTI,Isapres,169,144123200,57046685,25091320,14412320
2026-02-01,2026,2,Clínica Centro,UTI,Fonasa,129,63806496,43544511,19152546,6380650
2026-02-01,2026,2,Clínica Centro,UTI,Convenios con empresas,44,32269952,14852391,6532651,3226995
2026-02-01,2026,2,Clínica Centro,UTI,Particulares,26,24833536,8776413,3860203,2483354
2026-02-01,2026,2,Clínica Centro,Médico-quirúrgico,Isapres,749,284320400,119763285,54804167,34118448
2026-02-01,2026,2,Clínica Centro,Médico-quirúrgico,Fonasa,570,125495760,91141619,41706776,15059491
2026-02-01,2026,2,Clínica Centro,Médico-quirúrgico,Convenios con empresas,195,63658920,31180028,14268107,7639070
2026-02-01,2026,2,Clínica Centro,Médico-quirúrgico,Particulares,115,48892480,18388221,8414525,5867098
2026-02-01,2026,2,Clínica Centro,Pediatría,Isapres,134,47382400,36690059,8615370,5685888
2026-02-01,2026,2,Clínica Centro,Pediatría,Fonasa,102,20918976,27928254,6557968,2510277
2026-02-01,2026,2,Clínica Centro,Pediatría,Convenios con empresas,35,10643360,9583224,2250283,1277203
2026-02-01,2026,2,Clínica Centro,Pediatría,Particulares,20,7920640,5476128,1285876,950477
2026-02-01,2026,2,Clínica Centro,Maternidad,Isapres,135,46332000,29632423,8633997,8339760
2026-02-01,2026,2,Clínica Centro,Maternidad,Fonasa,103,20502768,22608441,6587420,3690498
2026-02-01,2026,2,Clínica Centro,Maternidad,Convenios con empresas,35,10330320,7682480,2238444,1859458
2026-02-01,2026,2,Clínica Centro,Maternidad,Particulares,21,8072064,4609488,1343066,1452972
2026-02-01,2026,2,Clínica Centro,Pabellón,Isapres,259,521896982,69022840,108833796,114817336
2026-02-01,2026,2,Clínica Centro,Pabellón,Fonasa,197,230239186,52499998,82780918,50652621
2026-02-01,2026,2,Clínica Centro,Pabellón,Convenios con empresas,67,116106966,17855329,28153916,25543532
2026-02-01,2026,2,Clínica Centro,Pabellón,Particulares,39,88017221,10393401,16388101,19363789
2026-02-01,2026,2,Clínica Centro,Urgencia,Isapres,2327,217226936,99571816,32940431,65168081
2026-02-01,2026,2,Clínica Centro,Urgencia,Fonasa,1771,95887909,75780699,25069834,28766373
2026-02-01,2026,2,Clínica Centro,Urgencia,Convenios con empresas,607,48730900,25973396,8592540,14619270
2026-02-01,2026,2,Clínica Centro,Urgencia,Particulares,354,37011661,15147582,5011136,11103498
2026-02-01,2026,2,Clínica Centro,Consultas,Isapres,3233,141217440,25113451,8128281,81906115
2026-02-01,2026,2,Clínica Centro,Consultas,Fonasa,2460,62322624,19108905,6184835,36147122
2026-02-01,2026,2,Clínica Centro,Consultas,Convenios con empresas,843,31667126,6548296,2119437,18366933
2026-02-01,2026,2,Clínica Centro,Consultas,Particulares,493,24118349,3829549,1239481,13988642
2026-02-01,2026,2,Clínica Centro,Laboratorio,Isapres,6768,66867840,18211136,21308629,3343392
2026-02-01,2026,2,Clínica Centro,Laboratorio,Fonasa,5149,29505830,13854778,16211307,1475291
2026-02-01,2026,2,Clínica Centro,Laboratorio,Convenios con empresas,1765,14996852,4749210,5556993,749843
2026-02-01,2026,2,Clínica Centro,Laboratorio,Particulares,1030,11397568,2771494,3242891,569878
2026-02-01,2026,2,Clínica Centro,Imagenología,Isapres,1478,95301440,30346725,22013369,13342202
2026-02-01,2026,2,Clínica Centro,Imagenología,Fonasa,1125,42073200,23098827,16755778,5890248
2026-02-01,2026,2,Clínica Centro,Imagenología,Convenios con empresas,386,21404781,7925464,5749094,2996669
2026-02-01,2026,2,Clínica Centro,Imagenología,Particulares,224,16176742,4599233,3336262,2264744
2026-02-01,2026,2,Clínica Poniente,UCI,Isapres,58,81432000,30612240,17971357,8143200
2026-02-01,2026,2,Clínica Poniente,UCI,Fonasa,106,86317920,55946507,32844205,8631792
2026-02-01,2026,2,Clínica Poniente,UCI,Convenios con empresas,19,22941360,10028148,5887169,2294136
2026-02-01,2026,2,Clínica Poniente,UCI,Particulares,9,14152320,4750175,2788659,1415232
2026-02-01,2026,2,Clínica Poniente,UTI,Isapres,69,58843200,23256711,10687264,5884320
2026-02-01,2026,2,Clínica Poniente,UTI,Fonasa,127,62817248,42805831,19670761,6281725
2026-02-01,2026,2,Clínica Poniente,UTI,Convenios con empresas,23,16868384,7752237,3562421,1686838
2026-02-01,2026,2,Clínica Poniente,UTI,Particulares,11,10506496,3707592,1703767,1050650
2026-02-01,2026,2,Clínica Poniente,Médico-quirúrgico,Isapres,329,124888400,55680971,24186947,14986608
2026-02-01,2026,2,Clínica Poniente,Médico-quirúrgico,Fonasa,604,132981472,102222816,44404000,15957777
2026-02-01,2026,2,Clínica Poniente,Médico-quirúrgico,Convenios con empresas,110,35910160,18616738,8086821,4309219
2026-02-01,2026,2,Clínica Poniente,Médico-quirúrgico,Particulares,55,23383360,9308369,4043411,2806003
2026-02-01,2026,2,Clínica Poniente,Pediatría,Isapres,68,24044800,18986414,4396233,2885376
2026-02-01,2026,2,Clínica Poniente,Pediatría,Fonasa,125,25636000,34901496,8081310,3076320
2026-02-01,2026,2,Clínica Poniente,Pediatría,Convenios con empresas,23,6994208,6421875,1486961,839305
2026-02-01,2026,2,Clínica Poniente,Pediatría,Particulares,11,4356352,3071332,711155,522762
2026-02-01,2026,2,Clínica Poniente,Maternidad,Isapres,65,22308000,14574787,3957509,4015440
2026-02-01,2026,2,Clínica Poniente,Maternidad,Fonasa,119,23687664,26683071,7245286,4263780
2026-02-01,2026,2,Clínica Poniente,Maternidad,Convenios con empresas,22,6493344,4933005,1339465,1168802
2026-02-01,2026,2,Clínica Poniente,Maternidad,Particulares,10,3843840,2242275,608848,691891
2026-02-01,2026,2,Clínica Poniente,Pabellón,Isapres,97,196559354,30015765,40826526,43243058
2026-02-01,2026,2,Clínica Poniente,Pabellón,Fonasa,177,208028694,54771034,74497887,45766313
2026-02-01,2026,2,Clínica Poniente,Pabellón,Convenios con empresas,32,55766118,9902108,13468545,12268546
2026-02-01,2026,2,Clínica Poniente,Pabellón,Particulares,16,36312821,4951054,6734272,7988821
2026-02-01,2026,2,Clínica Poniente,Urgencia,Isapres,1184,111698824,58216095,16114285,33509647
2026-02-01,2026,2,Clínica Poniente,Urgencia,Fonasa,2171,118791322,106745897,29547392,35637397
2026-02-01,2026,2,Clínica Poniente,Urgencia,Convenios con empresas,395,32047374,19421755,5375965,9614212
2026-02-01,2026,2,Clínica Poniente,Urgencia,Particulares,198,20920888,9735462,2694787,6276266
2026-02-01,2026,2,Clínica Poniente,Consultas,Isapres,1839,80327520,12966234,4754802,46589962
2026-02-01,2026,2,Clínica Poniente,Consultas,Fonasa,3372,85427597,23774955,8718430,49548006
2026-02-01,2026,2,Clínica Poniente,Consultas,Convenios con empresas,613,23027222,4322078,1584934,13355789
2026-02-01,2026,2,Clínica Poniente,Consultas,Particulares,306,14970010,2157514,791174,8682606
2026-02-01,2026,2,Clínica Poniente,Laboratorio,Isapres,3248,32090240,9278921,10171475,1604512
2026-02-01,2026,2,Clínica Poniente,Laboratorio,Fonasa,5954,34118802,17009450,18645617,1705940
2026-02-01,2026,2,Clínica Poniente,Laboratorio,Convenios con empresas,1083,9202034,3093926,3391536,460102
2026-02-01,2026,2,Clínica Poniente,Laboratorio,Particulares,541,5986490,1545535,1694202,299324
2026-02-01,2026,2,Clínica Poniente,Imagenología,Isapres,756,48746880,15454667,11173579,6824563
2026-02-01,2026,2,Clínica Poniente,Imagenología,Fonasa,1385,51796784,28313114,20470115,7251550
2026-02-01,2026,2,Clínica Poniente,Imagenología,Convenios con empresas,252,13974106,5151556,3724526,1956375
2026-02-01,2026,2,Clínica Poniente,Imagenología,Particulares,126,9099418,2575778,1862263,1273918
2026-03-01,2026,3,Clínica Oriente,UCI,Isapres,247,346788000,121754110,75479145,34678800
2026-03-01,2026,3,Clínica Oriente,UCI,Fonasa,82,66774240,40420393,25057854,6677424
2026-03-01,2026,3,Clínica Oriente,UCI,Convenios con empresas,49,59164560,24153649,14973596,5916456
2026-03-01,2026,3,Clínica Oriente,UCI,Particulares,34,53464320,16759675,10389842,5346432
2026-03-01,2026,3,Clínica Oriente,UTI,Isapres,298,254134400,94072821,43652098,25413440
2026-03-01,2026,3,Clínica Oriente,UTI,Fonasa,99,48967776,31252380,14501872,4896778
2026-03-01,2026,3,Clínica Oriente,UTI,Convenios con empresas,60,44004480,18940837,8789013,4400448
2026-03-01,2026,3,Clínica Oriente,UTI,Particulares,39,37250304,12311544,5712858,3725030
2026-03-01,2026,3,Clínica Oriente,Médico-quirúrgico,Isapres,1337,507525200,197103239,96544739,60903024
2026-03-01,2026,3,Clínica Oriente,Médico-quirúrgico,Fonasa,446,98194928,65750220,32205650,11783391
2026-03-01,2026,3,Clínica Oriente,Médico-quirúrgico,Convenios con empresas,267,87163752,39361679,19280064,10459650
2026-03-01,2026,3,Clínica Oriente,Médico-quirúrgico,Particulares,178,75677056,26241119,12853376,9081247
2026-03-01,2026,3,Clínica Oriente,Pediatría,Isapres,265,93704000,65610189,16490156,11244480
2026-03-01,2026,3,Clínica Oriente,Pediatría,Fonasa,88,18047744,21787535,5475976,2165729
2026-03-01,2026,3,Clínica Oriente,Pediatría,Convenios con empresas,53,16117088,13122038,3298031,1934051
2026-03-01,2026,3,Clínica Oriente,Pediatría,Particulares,35,13861120,8665497,2177945,1663334
2026-03-01,2026,3,Clínica Oriente,Maternidad,Isapres,241,82711200,48232730,14340786,14888016
2026-03-01,2026,3,Clínica Oriente,Maternidad,Fonasa,80,15924480,16010865,4760427,2866406
2026-03-01,2026,3,Clínica Oriente,Maternidad,Convenios con empresas,48,14167296,9606519,2856256,2550113
2026-03-01,2026,3,Clínica Oriente,Maternidad,Particulares,32,12300288,6404346,1904171,2214052
2026-03-01,2026,3,Clínica Oriente,Pabellón,Isapres,520,1044174394,118365992,222757291,229718367
2026-03-01,2026,3,Clínica Oriente,Pabellón,Fonasa,173,201485498,39379455,74109637,44326809
2026-03-01,2026,3,Clínica Oriente,Pabellón,Convenios con empresas,104,179597996,23673198,44551458,39511559
2026-03-01,2026,3,Clínica Oriente,Pabellón,Particulares,70,157429370,15933884,29986558,34634461
2026-03-01,2026,3,Clínica Oriente,Urgencia,Isapres,3943,375170011,159235401,52990093,112551003
2026-03-01,2026,3,Clínica Oriente,Urgencia,Fonasa,1314,72514474,53065006,17658885,21754342
2026-03-01,2026,3,Clínica Oriente,Urgencia,Convenios con empresas,789,64561973,31863234,10603394,19368592
2026-03-01,2026,3,Clínica Oriente,Urgencia,Particulares,525,55947240,21201772,7055490,16784172
2026-03-01,2026,3,Clínica Oriente,Consultas,Isapres,6725,293748000,37794457,16245411,170373840
2026-03-01,2026,3,Clínica Oriente,Consultas,Fonasa,2242,56799725,12600026,5415942,32943840
2026-03-01,2026,3,Clínica Oriente,Consultas,Convenios con empresas,1345,50524656,7558891,3249082,29304300
2026-03-01,2026,3,Clínica Oriente,Consultas,Particulares,896,43833754,5035514,2164444,25423577
2026-03-01,2026,3,Clínica Oriente,Laboratorio,Isapres,12114,119686320,27836578,36707335,5984316
2026-03-01,2026,3,Clínica Oriente,Laboratorio,Fonasa,4038,23139355,9278859,12235778,1156968
2026-03-01,2026,3,Clínica Oriente,Laboratorio,Convenios con empresas,2423,20587746,5567775,7342073,1029387
2026-03-01,2026,3,Clínica Oriente,Laboratorio,Particulares,1615,17870944,3711084,4893705,893547
2026-03-01,2026,3,Clínica Oriente,Imagenología,Isapres,2844,183381120,44242089,42136141,25673357
2026-03-01,2026,3,Clínica Oriente,Imagenología,Fonasa,948,35453683,14747363,14045380,4963516
2026-03-01,2026,3,Clínica Oriente,Imagenología,Convenios con empresas,569,31552643,8851529,8430191,4417370
2026-03-01,2026,3,Clínica Oriente,Imagenología,Particulares,379,27370470,5895834,5615189,3831866
2026-03-01,2026,3,Clínica Centro,UCI,Isapres,147,206388000,70300223,45517146,20638800
2026-03-01,2026,3,Clínica Centro,UCI,Fonasa,112,91203840,53562075,34679730,9120384
2026-03-01,2026,3,Clínica Centro,UCI,Convenios con empresas,38,45882720,18172847,11766337,4588272
2026-03-01,2026,3,Clínica Centro,UCI,Particulares,23,36167040,10999355,7121730,3616704
2026-03-01,2026,3,Clínica Centro,UTI,Isapres,182,155209600,57512272,28170012,15520960
2026-03-01,2026,3,Clínica Centro,UTI,Fonasa,139,68752736,43924208,21514460,6875274
2026-03-01,2026,3,Clínica Centro,UTI,Convenios con empresas,48,35203584,15168072,7429454,3520358
2026-03-01,2026,3,Clínica Centro,UTI,Particulares,27,25788672,8532040,4179068,2578867
2026-03-01,2026,3,Clínica Centro,Médico-quirúrgico,Isapres,840,318864000,116683195,58671756,38263680
2026-03-01,2026,3,Clínica Centro,Médico-quirúrgico,Fonasa,639,140687352,88762573,44632443,16882482
2026-03-01,2026,3,Clínica Centro,Médico-quirúrgico,Convenios con empresas,219,71493864,30420976,15296565,8579264
2026-03-01,2026,3,Clínica Centro,Médico-quirúrgico,Particulares,127,53994304,17641388,8870611,6479316
2026-03-01,2026,3,Clínica Centro,Pediatría,Isapres,152,53747200,37454831,9764224,6449664
2026-03-01,2026,3,Clínica Centro,Pediatría,Fonasa,115,23585120,28337536,7387406,2830214
2026-03-01,2026,3,Clínica Centro,Pediatría,Convenios con empresas,40,12163840,9856534,2569533,1459661
2026-03-01,2026,3,Clínica Centro,Pediatría,Particulares,23,9108736,5667507,1477481,1093048
2026-03-01,2026,3,Clínica Centro,Maternidad,Isapres,155,53196000,29232757,9349867,9575280
2026-03-01,2026,3,Clínica Centro,Maternidad,Fonasa,118,23488608,22254615,7117963,4227949
2026-03-01,2026,3,Clínica Centro,Maternidad,Convenios con empresas,40,11806080,7543937,2412869,2125094
2026-03-01,2026,3,Clínica Centro,Maternidad,Particulares,24,9225216,4526362,1447721,1660539
2026-03-01,2026,3,Clínica Centro,Pabellón,Isapres,284,570207559,69195129,123004906,125445663
2026-03-01,2026,3,Clínica Centro,Pabellón,Fonasa,216,251533813,52627282,93553027,55337439
2026-03-01,2026,3,Clínica Centro,Pabellón,Convenios con empresas,74,127774680,18029717,32050574,28110430
2026-03-01,2026,3,Clínica Centro,Pabellón,Particulares,43,96694352,10476727,18623982,21272758
2026-03-01,2026,3,Clínica Centro,Urgencia,Isapres,2444,229444780,97890220,35085657,68833434
2026-03-01,2026,3,Clínica Centro,Urgencia,Fonasa,1860,101278653,74499104,26701850,30383596
2026-03-01,2026,3,Clínica Centro,Urgencia,Convenios con empresas,638,51510541,25553994,9159022,15453162
2026-03-01,2026,3,Clínica Centro,Urgencia,Particulares,372,39114514,14899821,5340370,11734354
2026-03-01,2026,3,Clínica Centro,Consultas,Isapres,4255,185858400,25058417,10610386,107797872
2026-03-01,2026,3,Clínica Centro,Consultas,Fonasa,3238,82032787,19069132,8074366,47579017
2026-03-01,2026,3,Clínica Centro,Consultas,Convenios con empresas,1110,41696928,6536978,2767927,24184218
2026-03-01,2026,3,Clínica Centro,Consultas,Particulares,648,31701197,3816182,1615871,18386694
2026-03-01,2026,3,Clínica Centro,Laboratorio,Isapres,7663,75710440,18229640,24340790,3785522
2026-03-01,2026,3,Clínica Centro,Laboratorio,Fonasa,5831,33413962,13871464,18521617,1670698
2026-03-01,2026,3,Clínica Centro,Laboratorio,Convenios con empresas,1999,16985103,4755455,6349633,849255
2026-03-01,2026,3,Clínica Centro,Laboratorio,Particulares,1166,12902490,2773817,3703688,645124
2026-03-01,2026,3,Clínica Centro,Imagenología,Isapres,1679,108261920,29447582,24398199,15156669
2026-03-01,2026,3,Clínica Centro,Imagenología,Fonasa,1278,47795155,22414539,18571112,6691322
2026-03-01,2026,3,Clínica Centro,Imagenología,Convenios con empresas,438,24288326,7681978,6364747,3400366
2026-03-01,2026,3,Clínica Centro,Imagenología,Particulares,256,18487706,4489923,3720035,2588279
2026-03-01,2026,3,Clínica Poniente,UCI,Isapres,65,91260000,30181219,19601520,9126000
2026-03-01,2026,3,Clínica Poniente,UCI,Fonasa,119,96904080,55254847,35885859,9690408
2026-03-01,2026,3,Clínica Poniente,UCI,Convenios con empresas,22,26563680,10215182,6634360,2656368
2026-03-01,2026,3,Clínica Poniente,UCI,Particulares,10,15724800,4643264,3015618,1572480
2026-03-01,2026,3,Clínica Poniente,UTI,Isapres,76,64812800,23214023,11321946,6481280
2026-03-01,2026,3,Clínica Poniente,UTI,Fonasa,140,69247360,42762674,20856216,6924736
2026-03-01,2026,3,Clínica Poniente,UTI,Convenios con empresas,25,18335200,7636192,3724324,1833520
2026-03-01,2026,3,Clínica Poniente,UTI,Particulares,13,12416768,3970820,1936649,1241677
2026-03-01,2026,3,Clínica Poniente,Médico-quirúrgico,Isapres,363,137794800,54759210,26123868,16535376
2026-03-01,2026,3,Clínica Poniente,Médico-quirúrgico,Fonasa,666,146631888,100467311,47929741,17595827
2026-03-01,2026,3,Clínica Poniente,Médico-quirúrgico,Convenios con empresas,121,39501176,18253070,8707956,4740141
2026-03-01,2026,3,Clínica Poniente,Médico-quirúrgico,Particulares,61,25934272,9201961,4389961,3112113
2026-03-01,2026,3,Clínica Poniente,Pediatría,Isapres,74,26166400,19087763,4774911,3139968
2026-03-01,2026,3,Clínica Poniente,Pediatría,Fonasa,135,27686880,34822270,8710986,3322426
2026-03-01,2026,3,Clínica Poniente,Pediatría,Convenios con empresas,24,7298304,6190626,1548620,875796
2026-03-01,2026,3,Clínica Poniente,Pediatría,Particulares,12,4752384,3095313,774310,570286
2026-03-01,2026,3,Clínica Poniente,Maternidad,Isapres,77,26426400,14060266,4640311,4756752
2026-03-01,2026,3,Clínica Poniente,Maternidad,Fonasa,141,28066896,25746721,8497192,5052041
2026-03-01,2026,3,Clínica Poniente,Maternidad,Convenios con empresas,26,7673952,4747622,1566858,1381311
2026-03-01,2026,3,Clínica Poniente,Maternidad,Particulares,13,4996992,2373811,783429,899459
2026-03-01,2026,3,Clínica Poniente,Pabellón,Isapres,105,210373333,30539670,42417436,46282133
2026-03-01,2026,3,Clínica Poniente,Pabellón,Fonasa,193,224278009,56134822,77967287,49341162
2026-03-01,2026,3,Clínica Poniente,Pabellón,Convenios con empresas,35,60307022,10179890,14139145,13267545
2026-03-01,2026,3,Clínica Poniente,Pabellón,Particulares,18,40391680,5235372,7271560,8886170
2026-03-01,2026,3,Clínica Poniente,Urgencia,Isapres,1394,131812991,57480917,19246723,39543897
2026-03-01,2026,3,Clínica Poniente,Urgencia,Fonasa,2555,140124585,105354192,35276455,42037375
2026-03-01,2026,3,Clínica Poniente,Urgencia,Convenios con empresas,464,37732178,19132816,6406370,11319653
2026-03-01,2026,3,Clínica Poniente,Urgencia,Particulares,232,24569790,9566408,3203185,7370937
2026-03-01,2026,3,Clínica Poniente,Consultas,Isapres,2349,102604320,12780961,5657560,59510506
2026-03-01,2026,3,Clínica Poniente,Consultas,Fonasa,4307,109115261,23434482,10373398,63286851
2026-03-01,2026,3,Clínica Poniente,Consultas,Convenios con empresas,783,29413238,4260320,1885853,17059678
2026-03-01,2026,3,Clínica Poniente,Consultas,Particulares,392,19177267,2132881,944131,11122815
2026-03-01,2026,3,Clínica Poniente,Laboratorio,Isapres,4010,39618800,9295486,12716652,1980940
2026-03-01,2026,3,Clínica Poniente,Laboratorio,Fonasa,7351,42124170,17040179,23311747,2106209
2026-03-01,2026,3,Clínica Poniente,Laboratorio,Convenios con empresas,1337,11360222,3099268,4239941,568011
2026-03-01,2026,3,Clínica Poniente,Laboratorio,Particulares,668,7391821,1548475,2118385,369591
2026-03-01,2026,3,Clínica Poniente,Imagenología,Isapres,950,61256000,15337296,13518014,8575840
2026-03-01,2026,3,Clínica Poniente,Imagenología,Fonasa,1742,65148013,28123757,24787769,9120722
2026-03-01,2026,3,Clínica Poniente,Imagenología,Convenios con empresas,317,17578538,5117813,4510748,2460995
2026-03-01,2026,3,Clínica Poniente,Imagenología,Particulares,159,11482598,2566979,2262489,1607564
2026-04-01,2026,4,Clínica Oriente,UCI,Isapres,243,341172000,120044092,76899572,34117200
2026-04-01,2026,4,Clínica Oriente,UCI,Fonasa,81,65959920,40014697,25633191,6595992
2026-04-01,2026,4,Clínica Oriente,UCI,Convenios con empresas,49,59164560,24206422,15506498,5916456
2026-04-01,2026,4,Clínica Oriente,UCI,Particulares,32,50319360,15808276,10126693,5031936
2026-04-01,2026,4,Clínica Oriente,UTI,Isapres,288,245606400,91289946,43148024,24560640
2026-04-01,2026,4,Clínica Oriente,UTI,Fonasa,96,47483904,30429982,14382675,4748390
2026-04-01,2026,4,Clínica Oriente,UTI,Convenios con empresas,58,42537664,18384781,8689533,4253766
2026-04-01,2026,4,Clínica Oriente,UTI,Particulares,38,36295168,12045201,5693142,3629517
2026-04-01,2026,4,Clínica Oriente,Médico-quirúrgico,Isapres,1247,473361200,199754500,91298048,56803344
2026-04-01,2026,4,Clínica Oriente,Médico-quirúrgico,Fonasa,416,91589888,66638229,30457087,10990787
2026-04-01,2026,4,Clínica Oriente,Médico-quirúrgico,Convenios con empresas,249,81287544,39886825,18230324,9754505
2026-04-01,2026,4,Clínica Oriente,Médico-quirúrgico,Particulares,167,71000384,26751405,12226763,8520046
2026-04-01,2026,4,Clínica Oriente,Pediatría,Isapres,245,86632000,64580521,15827188,10395840
2026-04-01,2026,4,Clínica Oriente,Pediatría,Fonasa,82,16817216,21614705,5297263,2018066
2026-04-01,2026,4,Clínica Oriente,Pediatría,Convenios con empresas,49,14900704,12916104,3165438,1788084
2026-04-01,2026,4,Clínica Oriente,Pediatría,Particulares,32,12673024,8435007,2067225,1520763
2026-04-01,2026,4,Clínica Oriente,Maternidad,Isapres,238,81681600,47909275,14029943,14702688
2026-04-01,2026,4,Clínica Oriente,Maternidad,Fonasa,79,15725424,15902659,4656998,2830576
2026-04-01,2026,4,Clínica Oriente,Maternidad,Convenios con empresas,48,14167296,9662375,2829568,2550113
2026-04-01,2026,4,Clínica Oriente,Maternidad,Particulares,32,12300288,6441583,1886379,2214052
2026-04-01,2026,4,Clínica Oriente,Pabellón,Isapres,513,1029756000,118605104,219185430,226546320
2026-04-01,2026,4,Clínica Oriente,Pabellón,Fonasa,171,199086160,39535035,73061810,43798955
2026-04-01,2026,4,Clínica Oriente,Pabellón,Convenios con empresas,103,177808551,23813500,44007991,39117881
2026-04-01,2026,4,Clínica Oriente,Pabellón,Particulares,68,152877616,15721534,29053819,33633075
2026-04-01,2026,4,Clínica Oriente,Urgencia,Isapres,3815,361908262,159953856,55353307,108572479
2026-04-01,2026,4,Clínica Oriente,Urgencia,Fonasa,1272,69987271,53331928,18455939,20996181
2026-04-01,2026,4,Clínica Oriente,Urgencia,Convenios con empresas,763,62248221,31990771,11070661,18674466
2026-04-01,2026,4,Clínica Oriente,Urgencia,Particulares,509,54080383,21341157,7385277,16224115
2026-04-01,2026,4,Clínica Oriente,Consultas,Isapres,6535,285448800,37252089,16662952,165560304
2026-04-01,2026,4,Clínica Oriente,Consultas,Fonasa,2178,55178323,12415463,5553468,32003427
2026-04-01,2026,4,Clínica Oriente,Consultas,Convenios con empresas,1307,49097194,7450418,3332590,28476372
2026-04-01,2026,4,Clínica Oriente,Consultas,Particulares,872,42659635,4970745,2223427,24742588
2026-04-01,2026,4,Clínica Oriente,Laboratorio,Isapres,11467,113293960,28175127,35897918,5664698
2026-04-01,2026,4,Clínica Oriente,Laboratorio,Fonasa,3822,21901589,9390890,11964929,1095079
2026-04-01,2026,4,Clínica Oriente,Laboratorio,Convenios con empresas,2293,19483162,5634043,7178331,974158
2026-04-01,2026,4,Clínica Oriente,Laboratorio,Particulares,1529,16919302,3756847,4786598,845965
2026-04-01,2026,4,Clínica Oriente,Imagenología,Isapres,2576,166100480,44609631,36645758,23254067
2026-04-01,2026,4,Clínica Oriente,Imagenología,Fonasa,859,32125226,14875649,12219995,4497532
2026-04-01,2026,4,Clínica Oriente,Imagenología,Convenios con empresas,515,28558192,8918463,7326306,3998147
2026-04-01,2026,4,Clínica Oriente,Imagenología,Particulares,344,24842854,5957187,4893688,3478000
2026-04-01,2026,4,Clínica Centro,UCI,Isapres,139,195156000,69258079,42762882,19515600
2026-04-01,2026,4,Clínica Centro,UCI,Fonasa,106,86317920,52815514,32610543,8631792
2026-04-01,2026,4,Clínica Centro,UCI,Convenios con empresas,36,43467840,17937344,11075279,4346784
2026-04-01,2026,4,Clínica Centro,UCI,Particulares,22,34594560,10961710,6768226,3459456
2026-04-01,2026,4,Clínica Centro,UTI,Isapres,178,151798400,57206191,27288150,15179840
2026-04-01,2026,4,Clínica Centro,UTI,Fonasa,135,66774240,43386718,20696068,6677424
2026-04-01,2026,4,Clínica Centro,UTI,Convenios con empresas,46,33736768,14783622,7051994,3373677
2026-04-01,2026,4,Clínica Centro,UTI,Particulares,27,25788672,8677344,4139214,2578867
2026-04-01,2026,4,Clínica Centro,Médico-quirúrgico,Isapres,761,288875600,117662857,52160957,34665072
2026-04-01,2026,4,Clínica Centro,Médico-quirúrgico,Fonasa,579,127477272,89522726,39686195,15297273
2026-04-01,2026,4,Clínica Centro,Médico-quirúrgico,Convenios con empresas,199,64964744,30768605,13639987,7795769
2026-04-01,2026,4,Clínica Centro,Médico-quirúrgico,Particulares,116,49317632,17935468,7950947,5918116
2026-04-01,2026,4,Clínica Centro,Pediatría,Isapres,146,51625600,36626869,9680834,6195072
2026-04-01,2026,4,Clínica Centro,Pediatría,Fonasa,111,22764768,27846455,7360086,2731772
2026-04-01,2026,4,Clínica Centro,Pediatría,Convenios con empresas,38,11555648,9533021,2519669,1386678
2026-04-01,2026,4,Clínica Centro,Pediatría,Particulares,22,8712704,5519117,1458756,1045524
2026-04-01,2026,4,Clínica Centro,Maternidad,Isapres,149,51136800,29067924,8830793,9204624
2026-04-01,2026,4,Clínica Centro,Maternidad,Fonasa,113,22493328,22044801,6697179,4048799
2026-04-01,2026,4,Clínica Centro,Maternidad,Convenios con empresas,39,11510928,7608383,2311416,2071967
2026-04-01,2026,4,Clínica Centro,Maternidad,Particulares,22,8456448,4291908,1303875,1522161
2026-04-01,2026,4,Clínica Centro,Pabellón,Isapres,286,570763890,69957770,122274204,125568056
2026-04-01,2026,4,Clínica Centro,Pabellón,Fonasa,217,251176025,53079846,92774483,55258726
2026-04-01,2026,4,Clínica Centro,Pabellón,Convenios con empresas,75,128721227,18345569,32064914,28318670
2026-04-01,2026,4,Clínica Centro,Pabellón,Particulares,43,96111850,10518126,18383884,21144607
2026-04-01,2026,4,Clínica Centro,Urgencia,Isapres,2304,218571028,101504654,32349196,65571308
2026-04-01,2026,4,Clínica Centro,Urgencia,Fonasa,1753,96453953,77229887,24612908,28936186
2026-04-01,2026,4,Clínica Centro,Urgencia,Convenios con empresas,601,49032388,26477560,8438310,14709716
2026-04-01,2026,4,Clínica Centro,Urgencia,Particulares,351,37293682,15463600,4928198,11188104
2026-04-01,2026,4,Clínica Centro,Consultas,Isapres,4230,184766400,24465007,11044221,107164512
2026-04-01,2026,4,Clínica Centro,Consultas,Fonasa,3219,81551434,18617697,8404574,47299831
2026-04-01,2026,4,Clínica Centro,Consultas,Convenios con empresas,1104,41471539,6385193,2882463,24053493
2026-04-01,2026,4,Clínica Centro,Consultas,Particulares,643,31456589,3718912,1678826,18244822
2026-04-01,2026,4,Clínica Centro,Laboratorio,Isapres,6993,69090840,18338699,22150713,3454542
2026-04-01,2026,4,Clínica Centro,Laboratorio,Fonasa,5321,30491458,13953985,16854561,1524573
2026-04-01,2026,4,Clínica Centro,Laboratorio,Convenios con empresas,1824,15498163,4783324,5777621,774908
2026-04-01,2026,4,Clínica Centro,Laboratorio,Particulares,1065,11784864,2792895,3373446,589243
2026-04-01,2026,4,Clínica Centro,Imagenología,Isapres,1688,108842240,29848337,24213966,15237914
2026-04-01,2026,4,Clínica Centro,Imagenología,Fonasa,1284,48019546,22704541,18418681,6722736
2026-04-01,2026,4,Clínica Centro,Imagenología,Convenios con empresas,440,24399232,7780372,6311697,3415892
2026-04-01,2026,4,Clínica Centro,Imagenología,Particulares,257,18559923,4544445,3686605,2598389
2026-04-01,2026,4,Clínica Poniente,UCI,Isapres,61,85644000,30612327,18733947,8564400
2026-04-01,2026,4,Clínica Poniente,UCI,Fonasa,111,90389520,55704398,34089641,9038952
2026-04-01,2026,4,Clínica Poniente,UCI,Convenios con empresas,20,24148800,10036828,6142278,2414880
2026-04-01,2026,4,Clínica Poniente,UCI,Particulares,10,15724800,5018414,3071139,1572480
2026-04-01,2026,4,Clínica Poniente,UTI,Isapres,71,60548800,22901048,10414959,6054880
2026-04-01,2026,4,Clínica Poniente,UTI,Fonasa,130,64301120,41931496,19069644,6430112
2026-04-01,2026,4,Clínica Poniente,UTI,Convenios con empresas,24,17601792,7741199,3520550,1760179
2026-04-01,2026,4,Clínica Poniente,UTI,Particulares,11,10506496,3548050,1613585,1050650
2026-04-01,2026,4,Clínica Poniente,Médico-quirúrgico,Isapres,344,130582400,54521704,25083225,15669888
2026-04-01,2026,4,Clínica Poniente,Médico-quirúrgico,Fonasa,630,138705840,99850796,45937301,16644701
2026-04-01,2026,4,Clínica Poniente,Médico-quirúrgico,Convenios con empresas,115,37542440,18226733,8385380,4505093
2026-04-01,2026,4,Clínica Poniente,Médico-quirúrgico,Particulares,57,24233664,9034120,4156232,2908040
2026-04-01,2026,4,Clínica Poniente,Pediatría,Isapres,73,25812800,18806919,4580475,3097536
2026-04-01,2026,4,Clínica Poniente,Pediatría,Fonasa,133,27276704,34264661,8345249,3273204
2026-04-01,2026,4,Clínica Poniente,Pediatría,Convenios con empresas,24,7298304,6183097,1505910,875796
2026-04-01,2026,4,Clínica Poniente,Pediatría,Particulares,12,4752384,3091548,752955,570286
2026-04-01,2026,4,Clínica Poniente,Maternidad,Isapres,71,24367200,14172228,4258314,4386096
2026-04-01,2026,4,Clínica Poniente,Maternidad,Fonasa,131,26076336,26148759,7856889,4693740
2026-04-01,2026,4,Clínica Poniente,Maternidad,Convenios con empresas,24,7083648,4790612,1439430,1275057
2026-04-01,2026,4,Clínica Poniente,Maternidad,Particulares,12,4612608,2395306,719715,830269
2026-04-01,2026,4,Clínica Poniente,Pabellón,Isapres,110,219313552,30124469,45013683,48248981
2026-04-01,2026,4,Clínica Poniente,Pabellón,Fonasa,201,232432490,55045621,82252276,51135148
2026-04-01,2026,4,Clínica Poniente,Pabellón,Convenios con empresas,37,63441429,10132776,15140966,13957114
2026-04-01,2026,4,Clínica Poniente,Pabellón,Particulares,18,40194193,4929459,7365875,8842722
2026-04-01,2026,4,Clínica Poniente,Urgencia,Isapres,1322,123953167,57798030,18860645,37185950
2026-04-01,2026,4,Clínica Poniente,Urgencia,Fonasa,2424,131821662,105977628,34582606,39546499
2026-04-01,2026,4,Clínica Poniente,Urgencia,Convenios con empresas,441,35560120,19280583,6291637,10668036
2026-04-01,2026,4,Clínica Poniente,Urgencia,Particulares,221,23207933,9662152,3152952,6962380
2026-04-01,2026,4,Clínica Poniente,Consultas,Isapres,2450,107016000,13095491,6171902,62069280
2026-04-01,2026,4,Clínica Poniente,Consultas,Fonasa,4491,113776790,24004837,11313474,65990538
2026-04-01,2026,4,Clínica Poniente,Consultas,Convenios con empresas,816,30652877,4361600,2055621,17778669
2026-04-01,2026,4,Clínica Poniente,Consultas,Particulares,408,19960013,2180800,1027811,11576807
2026-04-01,2026,4,Clínica Poniente,Laboratorio,Isapres,3897,38502360,9313094,12012729,1925118
2026-04-01,2026,4,Clínica Poniente,Laboratorio,Fonasa,7145,40943708,17075201,22024878,2047185
2026-04-01,2026,4,Clínica Poniente,Laboratorio,Convenios con empresas,1299,11037343,3104365,4004243,551867
2026-04-01,2026,4,Clínica Poniente,Laboratorio,Particulares,650,7192640,1553377,2003663,359632
2026-04-01,2026,4,Clínica Poniente,Imagenología,Isapres,898,57903040,15214664,13169254,8106426
2026-04-01,2026,4,Clínica Poniente,Imagenología,Fonasa,1646,61557766,27887903,24138744,8618087
2026-04-01,2026,4,Clínica Poniente,Imagenología,Convenios con empresas,299,16580387,5065907,4384863,2321254
2026-04-01,2026,4,Clínica Poniente,Imagenología,Particulares,149,10760422,2524482,2185099,1506459
2026-05-01,2026,5,Clínica Oriente,UCI,Isapres,268,376272000,119066387,81152401,37627200
2026-05-01,2026,5,Clínica Oriente,UCI,Fonasa,89,72474480,39540703,26949864,7247448
2026-05-01,2026,5,Clínica Oriente,UCI,Convenios con empresas,54,65201760,23990989,16351603,6520176
2026-05-01,2026,5,Clínica Oriente,UCI,Particulares,35,55036800,15549715,10598261,5503680
2026-05-01,2026,5,Clínica Oriente,UTI,Isapres,315,268632000,91934857,46369192,26863200
2026-05-01,2026,5,Clínica Oriente,UTI,Fonasa,105,51935520,30644952,15456397,5193552
2026-05-01,2026,5,Clínica Oriente,UTI,Convenios con empresas,63,46204704,18386971,9273838,4620470
2026-05-01,2026,5,Clínica Oriente,UTI,Particulares,42,40115712,12257981,6182559,4011571
2026-05-01,2026,5,Clínica Oriente,Médico-quirúrgico,Isapres,1425,540930000,198105357,102971717,64911600
2026-05-01,2026,5,Clínica Oriente,Médico-quirúrgico,Fonasa,475,104579800,66035119,34323906,12549576
2026-05-01,2026,5,Clínica Oriente,Médico-quirúrgico,Convenios con empresas,285,93039960,39621071,20594343,11164795
2026-05-01,2026,5,Clínica Oriente,Médico-quirúrgico,Particulares,190,80778880,26414048,13729562,9693466
2026-05-01,2026,5,Clínica Oriente,Pediatría,Isapres,312,110323200,65255125,20040009,13238784
2026-05-01,2026,5,Clínica Oriente,Pediatría,Fonasa,104,21329152,21751708,6680003,2559498
2026-05-01,2026,5,Clínica Oriente,Pediatría,Convenios con empresas,62,18853952,12967365,3982309,2262474
2026-05-01,2026,5,Clínica Oriente,Pediatría,Particulares,42,16633344,8784344,2697693,1996001
2026-05-01,2026,5,Clínica Oriente,Maternidad,Isapres,235,80652000,47834072,14015465,14517360
2026-05-01,2026,5,Clínica Oriente,Maternidad,Fonasa,78,15526368,15876841,4651941,2794746
2026-05-01,2026,5,Clínica Oriente,Maternidad,Convenios con empresas,47,13872144,9566814,2803093,2496986
2026-05-01,2026,5,Clínica Oriente,Maternidad,Particulares,31,11915904,6310027,1848849,2144863
2026-05-01,2026,5,Clínica Oriente,Pabellón,Isapres,512,1024805770,122166940,221967969,225457270
2026-05-01,2026,5,Clínica Oriente,Pabellón,Fonasa,171,198516087,40801849,74133833,43673539
2026-05-01,2026,5,Clínica Oriente,Pabellón,Convenios con empresas,102,175578051,24337945,44220181,38627171
2026-05-01,2026,5,Clínica Oriente,Pabellón,Particulares,69,154681621,16463904,29913652,34029957
2026-05-01,2026,5,Clínica Oriente,Urgencia,Isapres,4596,433327440,158619824,64733047,129998232
2026-05-01,2026,5,Clínica Oriente,Urgencia,Fonasa,1532,83776638,52873275,21577682,25132992
2026-05-01,2026,5,Clínica Oriente,Urgencia,Convenios con empresas,919,74516103,31717062,12943792,22354831
2026-05-01,2026,5,Clínica Oriente,Urgencia,Particulares,613,64731351,21156212,8633890,19419405
2026-05-01,2026,5,Clínica Oriente,Consultas,Isapres,6398,279464640,37398687,15910928,162089491
2026-05-01,2026,5,Clínica Oriente,Consultas,Fonasa,2133,54038275,12468178,5304472,31342200
2026-05-01,2026,5,Clínica Oriente,Consultas,Convenios con empresas,1280,48082944,7482076,3183180,27888108
2026-05-01,2026,5,Clínica Oriente,Consultas,Particulares,852,41681203,4980257,2118804,24175098
2026-05-01,2026,5,Clínica Oriente,Laboratorio,Isapres,13200,130416000,27784952,39979028,6520800
2026-05-01,2026,5,Clínica Oriente,Laboratorio,Fonasa,4400,25213760,9261651,13326343,1260688
2026-05-01,2026,5,Clínica Oriente,Laboratorio,Convenios con empresas,2640,22431552,5556990,7995806,1121578
2026-05-01,2026,5,Clínica Oriente,Laboratorio,Particulares,1760,19475456,3704660,5330537,973773
2026-05-01,2026,5,Clínica Oriente,Imagenología,Isapres,3110,200532800,44484822,45944060,28074592
2026-05-01,2026,5,Clínica Oriente,Imagenología,Fonasa,1037,38782141,14833042,15319611,5429500
2026-05-01,2026,5,Clínica Oriente,Imagenología,Convenios con empresas,622,34491642,8896964,9188812,4828830
2026-05-01,2026,5,Clínica Oriente,Imagenología,Particulares,414,29898086,5921774,6116026,4185732
2026-05-01,2026,5,Clínica Centro,UCI,Isapres,156,219024000,69140000,48642630,21902400
2026-05-01,2026,5,Clínica Centro,UCI,Fonasa,119,96904080,52741410,37105596,9690408
2026-05-01,2026,5,Clínica Centro,UCI,Convenios con empresas,41,49505040,18171410,12784281,4950504
2026-05-01,2026,5,Clínica Centro,UCI,Particulares,23,36167040,10193718,7171670,3616704
2026-05-01,2026,5,Clínica Centro,UTI,Isapres,186,158620800,57290919,26812946,15862080
2026-05-01,2026,5,Clínica Centro,UTI,Fonasa,141,69741984,43430213,20325943,6974198
2026-05-01,2026,5,Clínica Centro,UTI,Convenios con empresas,48,35203584,14784753,6919470,3520358
2026-05-01,2026,5,Clínica Centro,UTI,Particulares,29,27698944,8932455,4180513,2769894
2026-05-01,2026,5,Clínica Centro,Médico-quirúrgico,Isapres,893,338982800,119571670,61580528,40677936
2026-05-01,2026,5,Clínica Centro,Médico-quirúrgico,Fonasa,680,149714240,91051216,46892227,17965709
2026-05-01,2026,5,Clínica Centro,Médico-quirúrgico,Convenios con empresas,233,76064248,31198431,16067484,9127710
2026-05-01,2026,5,Clínica Centro,Médico-quirúrgico,Particulares,136,57820672,18210243,9378445,6938481
2026-05-01,2026,5,Clínica Centro,Pediatría,Isapres,177,62587200,37474515,11225949,7510464
2026-05-01,2026,5,Clínica Centro,Pediatría,Fonasa,134,27481792,28370537,8498741,3297815
2026-05-01,2026,5,Clínica Centro,Pediatría,Convenios con empresas,46,13988416,9739139,2917478,1678610
2026-05-01,2026,5,Clínica Centro,Pediatría,Particulares,27,10692864,5716451,1712433,1283144
2026-05-01,2026,5,Clínica Centro,Maternidad,Isapres,156,53539200,29525385,9463356,9637056
2026-05-01,2026,5,Clínica Centro,Maternidad,Fonasa,119,23687664,22522569,7218842,4263780
2026-05-01,2026,5,Clínica Centro,Maternidad,Convenios con empresas,41,12101232,7759877,2487164,2178222
2026-05-01,2026,5,Clínica Centro,Maternidad,Particulares,23,8840832,4353102,1395238,1591350
2026-05-01,2026,5,Clínica Centro,Pabellón,Isapres,276,555924720,69089696,115193213,122303438
2026-05-01,2026,5,Clínica Centro,Pabellón,Fonasa,210,245331996,52568247,87647010,53973039
2026-05-01,2026,5,Clínica Centro,Pabellón,Convenios con empresas,72,124720502,18023399,30050403,27438511
2026-05-01,2026,5,Clínica Centro,Pabellón,Particulares,42,94748909,10513649,17529402,20844760
2026-05-01,2026,5,Clínica Centro,Urgencia,Isapres,2779,261657541,99253982,38835778,78497262
2026-05-01,2026,5,Clínica Centro,Urgencia,Fonasa,2115,115500290,75538745,29556557,34650087
2026-05-01,2026,5,Clínica Centro,Urgencia,Convenios con empresas,725,58705821,25893896,10131680,17611746
2026-05-01,2026,5,Clínica Centro,Urgencia,Particulares,423,44607008,15107749,5911311,13382103
2026-05-01,2026,5,Clínica Centro,Consultas,Isapres,4224,184504320,24812674,10360841,107012506
2026-05-01,2026,5,Clínica Centro,Consultas,Fonasa,3214,81424762,18879719,7883462,47226362
2026-05-01,2026,5,Clínica Centro,Consultas,Convenios con empresas,1102,41396410,6473382,2703041,24009918
2026-05-01,2026,5,Clínica Centro,Consultas,Particulares,643,31456589,3777119,1577183,18244822
2026-05-01,2026,5,Clínica Centro,Laboratorio,Isapres,8442,83406960,18202955,26175389,4170348
2026-05-01,2026,5,Clínica Centro,Laboratorio,Fonasa,6424,36812090,13851668,19918348,1840604
2026-05-01,2026,5,Clínica Centro,Laboratorio,Convenios con empresas,2202,18709954,4748034,6827553,935498
2026-05-01,2026,5,Clínica Centro,Laboratorio,Particulares,1285,14219296,2770765,3984290,710965
2026-05-01,2026,5,Clínica Centro,Imagenología,Isapres,1893,122060640,29670080,27926551,17088490
2026-05-01,2026,5,Clínica Centro,Imagenología,Fonasa,1441,53891094,22585624,21258405,7544753
2026-05-01,2026,5,Clínica Centro,Imagenología,Convenios con empresas,494,27393683,7742747,7287753,3835116
2026-05-01,2026,5,Clínica Centro,Imagenología,Particulares,288,20798669,4513990,4248730,2911814
2026-05-01,2026,5,Clínica Poniente,UCI,Isapres,64,89856000,29801487,19712601,8985600
2026-05-01,2026,5,Clínica Poniente,UCI,Fonasa,118,96089760,54946492,36345109,9608976
2026-05-01,2026,5,Clínica Poniente,UCI,Convenios con empresas,22,26563680,10244261,6776207,2656368
2026-05-01,2026,5,Clínica Poniente,UCI,Particulares,11,17297280,5122131,3388103,1729728
2026-05-01,2026,5,Clínica Poniente,UTI,Isapres,80,68224000,23608968,12102490,6822400
2026-05-01,2026,5,Clínica Poniente,UTI,Fonasa,146,72215104,43086367,22087044,7221510
2026-05-01,2026,5,Clínica Poniente,UTI,Convenios con empresas,26,19068608,7672915,3933309,1906861
2026-05-01,2026,5,Clínica Poniente,UTI,Particulares,13,12416768,3836457,1966655,1241677
2026-05-01,2026,5,Clínica Poniente,Médico-quirúrgico,Isapres,388,147284800,55346835,28912429,17674176
2026-05-01,2026,5,Clínica Poniente,Médico-quirúrgico,Fonasa,712,156759616,101564294,53055797,18811154
2026-05-01,2026,5,Clínica Poniente,Médico-quirúrgico,Convenios con empresas,129,42112824,18401396,9612637,5053539
2026-05-01,2026,5,Clínica Poniente,Médico-quirúrgico,Particulares,65,27634880,9272021,4843577,3316186
2026-05-01,2026,5,Clínica Poniente,Pediatría,Isapres,92,32531200,18697945,5924567,3903744
2026-05-01,2026,5,Clínica Poniente,Pediatría,Fonasa,169,34659872,34347311,10883173,4159185
2026-05-01,2026,5,Clínica Poniente,Pediatría,Convenios con empresas,31,9426976,6300394,1996322,1131237
2026-05-01,2026,5,Clínica Poniente,Pediatría,Particulares,16,6336512,3251816,1030360,760381
2026-05-01,2026,5,Clínica Poniente,Maternidad,Isapres,73,25053600,14511173,4449632,4509648
2026-05-01,2026,5,Clínica Poniente,Maternidad,Fonasa,133,26474448,26438165,8106864,4765401
2026-05-01,2026,5,Clínica Poniente,Maternidad,Convenios con empresas,24,7083648,4770797,1462893,1275057
2026-05-01,2026,5,Clínica Poniente,Maternidad,Particulares,12,4612608,2385398,731446,830269
2026-05-01,2026,5,Clínica Poniente,Pabellón,Isapres,107,214260626,29871786,44986218,47137338
2026-05-01,2026,5,Clínica Poniente,Pabellón,Fonasa,197,228798309,54997587,82825092,50335628
2026-05-01,2026,5,Clínica Poniente,Pabellón,Convenios con empresas,36,61995411,10050320,15135550,13638990
2026-05-01,2026,5,Clínica Poniente,Pabellón,Particulares,18,40369105,5025160,7567775,8881203
2026-05-01,2026,5,Clínica Poniente,Urgencia,Isapres,1467,137879156,59125816,20308844,41363747
2026-05-01,2026,5,Clínica Poniente,Urgencia,Fonasa,2689,146584246,108377178,37225960,43975274
2026-05-01,2026,5,Clínica Poniente,Urgencia,Convenios con empresas,489,39525358,19708605,6769615,11857607
2026-05-01,2026,5,Clínica Poniente,Urgencia,Particulares,244,25684810,9834151,3377886,7705443
2026-05-01,2026,5,Clínica Poniente,Consultas,Isapres,2309,100857120,13099943,5829590,58497130
2026-05-01,2026,5,Clínica Poniente,Consultas,Fonasa,4234,107265850,24021290,10689685,62214193
2026-05-01,2026,5,Clínica Poniente,Consultas,Convenios con empresas,770,28924896,4368539,1944038,16776440
2026-05-01,2026,5,Clínica Poniente,Consultas,Particulares,385,18834816,2184269,972019,10924193
2026-05-01,2026,5,Clínica Poniente,Laboratorio,Isapres,4161,41110680,9249984,13066762,2055534
2026-05-01,2026,5,Clínica Poniente,Laboratorio,Fonasa,7629,43717222,16959416,23957300,2185861
2026-05-01,2026,5,Clínica Poniente,Laboratorio,Convenios con empresas,1387,11785062,3083328,4355587,589253
2026-05-01,2026,5,Clínica Poniente,Laboratorio,Particulares,694,7679526,1542776,2179364,383976
2026-05-01,2026,5,Clínica Poniente,Imagenología,Isapres,1004,64737920,15200983,14620512,9063309
2026-05-01,2026,5,Clínica Poniente,Imagenología,Fonasa,1840,68813056,27858376,26794564,9633828
2026-05-01,2026,5,Clínica Poniente,Imagenología,Convenios con empresas,334,18521235,5056901,4863796,2592973
2026-05-01,2026,5,Clínica Poniente,Imagenología,Particulares,167,12060339,2528450,2431898,1688447
2026-06-01,2026,6,Clínica Oriente,UCI,Isapres,275,386100000,119988003,86798436,38610000
2026-06-01,2026,6,Clínica Oriente,UCI,Fonasa,92,74917440,40141441,29038022,7491744
2026-06-01,2026,6,Clínica Oriente,UCI,Convenios con empresas,55,66409200,23997601,17359687,6640920
2026-06-01,2026,6,Clínica Oriente,UCI,Particulares,36,56609280,15707520,11362704,5660928
2026-06-01,2026,6,Clínica Oriente,UTI,Isapres,311,265220800,92345708,46738320,26522080
2026-06-01,2026,6,Clínica Oriente,UTI,Fonasa,104,51440896,30880880,15629535,5144090
2026-06-01,2026,6,Clínica Oriente,UTI,Convenios con empresas,62,45471296,18409755,9317607,4547130
2026-06-01,2026,6,Clínica Oriente,UTI,Particulares,42,40115712,12471125,6311927,4011571
2026-06-01,2026,6,Clínica Oriente,Médico-quirúrgico,Isapres,1394,529162400,198671408,97699348,63499488
2026-06-01,2026,6,Clínica Oriente,Médico-quirúrgico,Fonasa,465,102378120,66271309,32589811,12285374
2026-06-01,2026,6,Clínica Oriente,Médico-quirúrgico,Convenios con empresas,279,91081224,39762785,19553887,10929747
2026-06-01,2026,6,Clínica Oriente,Médico-quirúrgico,Particulares,185,78653120,26366005,12965839,9438374
2026-06-01,2026,6,Clínica Oriente,Pediatría,Isapres,403,142500800,64510131,25933244,17100096
2026-06-01,2026,6,Clínica Oriente,Pediatría,Fonasa,134,27481792,21450019,8622964,3297815
2026-06-01,2026,6,Clínica Oriente,Pediatría,Convenios con empresas,81,24631776,12966056,5212389,2955813
2026-06-01,2026,6,Clínica Oriente,Pediatría,Particulares,54,21385728,8644037,3474926,2566287
2026-06-01,2026,6,Clínica Oriente,Maternidad,Isapres,237,81338400,47731229,14456256,14640912
2026-06-01,2026,6,Clínica Oriente,Maternidad,Fonasa,79,15725424,15910410,4818752,2830576
2026-06-01,2026,6,Clínica Oriente,Maternidad,Convenios con empresas,47,13872144,9465687,2866853,2496986
2026-06-01,2026,6,Clínica Oriente,Maternidad,Particulares,32,12300288,6444723,1951900,2214052
2026-06-01,2026,6,Clínica Oriente,Pabellón,Isapres,515,1033433333,117633096,209107130,227355333
2026-06-01,2026,6,Clínica Oriente,Pabellón,Fonasa,172,200185067,39287170,69837721,44040715
2026-06-01,2026,6,Clínica Oriente,Pabellón,Convenios con empresas,103,177750533,23526619,41821426,39105117
2026-06-01,2026,6,Clínica Oriente,Pabellón,Particulares,68,152827733,15532137,27610262,33622101
2026-06-01,2026,6,Clínica Oriente,Urgencia,Isapres,5069,468885272,161462255,72016266,140665582
2026-06-01,2026,6,Clínica Oriente,Urgencia,Fonasa,1690,90669036,53831369,24010158,27200711
2026-06-01,2026,6,Clínica Oriente,Urgencia,Convenios con empresas,1014,80664177,32298822,14406095,24199253
2026-06-01,2026,6,Clínica Oriente,Urgencia,Particulares,676,70034014,21532548,9604063,21010204
2026-06-01,2026,6,Clínica Oriente,Consultas,Isapres,6540,285667200,38224254,16312096,165686976
2026-06-01,2026,6,Clínica Oriente,Consultas,Fonasa,2180,55228992,12741418,5437365,32032815
2026-06-01,2026,6,Clínica Oriente,Consultas,Convenios con empresas,1308,49134758,7644851,3262419,28498160
2026-06-01,2026,6,Clínica Oriente,Consultas,Particulares,872,42659635,5096567,2174946,24742588
2026-06-01,2026,6,Clínica Oriente,Laboratorio,Isapres,14273,141017240,28275980,46216366,7050862
2026-06-01,2026,6,Clínica Oriente,Laboratorio,Fonasa,4758,27265243,9425987,15406535,1363262
2026-06-01,2026,6,Clínica Oriente,Laboratorio,Convenios con empresas,2855,24258364,5655988,9244568,1212918
2026-06-01,2026,6,Clínica Oriente,Laboratorio,Particulares,1903,21057837,3769999,6161966,1052892
2026-06-01,2026,6,Clínica Oriente,Imagenología,Isapres,3225,207948000,43584315,45212254,29112720
2026-06-01,2026,6,Clínica Oriente,Imagenología,Fonasa,1075,40203280,14528105,15070751,5628459
2026-06-01,2026,6,Clínica Oriente,Imagenología,Convenios con empresas,645,35767056,8716863,9042451,5007388
2026-06-01,2026,6,Clínica Oriente,Imagenología,Particulares,430,31053568,5811242,6028301,4347500
2026-06-01,2026,6,Clínica Centro,UCI,Isapres,151,212004000,68266872,46744582,21200400
2026-06-01,2026,6,Clínica Centro,UCI,Fonasa,115,93646800,51991326,35600179,9364680
2026-06-01,2026,6,Clínica Centro,UCI,Convenios con empresas,39,47090160,17631841,12073104,4709016
2026-06-01,2026,6,Clínica Centro,UCI,Particulares,24,37739520,10850364,7429602,3773952
2026-06-01,2026,6,Clínica Centro,UTI,Isapres,190,162032000,56452876,27684746,16203200
2026-06-01,2026,6,Clínica Centro,UTI,Fonasa,145,71720480,43082458,21127832,7172048
2026-06-01,2026,6,Clínica Centro,UTI,Convenios con empresas,50,36670400,14856020,7285459,3667040
2026-06-01,2026,6,Clínica Centro,UTI,Particulares,29,27698944,8616492,4225566,2769894
2026-06-01,2026,6,Clínica Centro,Médico-quirúrgico,Isapres,917,348093200,116229998,63572843,41771184
2026-06-01,2026,6,Clínica Centro,Médico-quirúrgico,Fonasa,698,153677264,88471689,48390234,18441272
2026-06-01,2026,6,Clínica Centro,Médico-quirúrgico,Convenios con empresas,239,78022984,30293315,16569149,9362758
2026-06-01,2026,6,Clínica Centro,Médico-quirúrgico,Particulares,139,59096128,17618288,9636451,7091535
2026-06-01,2026,6,Clínica Centro,Pediatría,Isapres,230,81328000,37107031,14501551,9759360
2026-06-01,2026,6,Clínica Centro,Pediatría,Fonasa,175,35890400,28233611,11033789,4306848
2026-06-01,2026,6,Clínica Centro,Pediatría,Convenios con empresas,60,18245760,9680095,3783013,2189491
2026-06-01,2026,6,Clínica Centro,Pediatría,Particulares,36,14257152,5808057,2269808,1710858
2026-06-01,2026,6,Clínica Centro,Maternidad,Isapres,138,47361600,29848828,8345248,8525088
2026-06-01,2026,6,Clínica Centro,Maternidad,Fonasa,105,20900880,22711065,6349646,3762158
2026-06-01,2026,6,Clínica Centro,Maternidad,Convenios con empresas,36,10625472,7786651,2177021,1912585
2026-06-01,2026,6,Clínica Centro,Maternidad,Particulares,20,7687680,4325917,1209456,1383782
2026-06-01,2026,6,Clínica Centro,Pabellón,Isapres,282,561745837,68406793,115831467,123584084
2026-06-01,2026,6,Clínica Centro,Pabellón,Fonasa,215,248403212,52154115,88311225,54648707
2026-06-01,2026,6,Clínica Centro,Pabellón,Convenios con empresas,74,126771295,17950719,30395491,27889685
2026-06-01,2026,6,Clínica Centro,Pabellón,Particulares,43,95935034,10430823,17662245,21105707
2026-06-01,2026,6,Clínica Centro,Urgencia,Isapres,2854,266352651,100481579,38867492,79905795
2026-06-01,2026,6,Clínica Centro,Urgencia,Fonasa,2171,117514341,76435006,29565987,35254302
2026-06-01,2026,6,Clínica Centro,Urgencia,Convenios con empresas,744,59713763,26194217,10132240,17914129
2026-06-01,2026,6,Clínica Centro,Urgencia,Particulares,435,45468469,15315167,5924092,13640541
2026-06-01,2026,6,Clínica Centro,Consultas,Isapres,4330,189134400,24974258,11063102,109697952
2026-06-01,2026,6,Clínica Centro,Consultas,Fonasa,3295,83476848,19004660,8418689,48416572
2026-06-01,2026,6,Clínica Centro,Consultas,Convenios con empresas,1130,42448224,6517531,2887138,24619970
2026-06-01,2026,6,Clínica Centro,Consultas,Particulares,659,32239334,3800932,1683738,18698814
2026-06-01,2026,6,Clínica Centro,Laboratorio,Isapres,7908,78131040,18350580,24173891,3906552
2026-06-01,2026,6,Clínica Centro,Laboratorio,Fonasa,6017,34479817,13962499,18393311,1723991
2026-06-01,2026,6,Clínica Centro,Laboratorio,Convenios con empresas,2063,17528898,4787209,6306365,876445
2026-06-01,2026,6,Clínica Centro,Laboratorio,Particulares,1203,13311917,2791572,3677439,665596
2026-06-01,2026,6,Clínica Centro,Imagenología,Isapres,1913,123350240,29211528,26920663,17269034
2026-06-01,2026,6,Clínica Centro,Imagenología,Fonasa,1456,54452070,22233134,20489538,7623290
2026-06-01,2026,6,Clínica Centro,Imagenología,Convenios con empresas,499,27670947,7619735,7022170,3873933
2026-06-01,2026,6,Clínica Centro,Imagenología,Particulares,291,21015322,4443573,4095093,2942145
2026-06-01,2026,6,Clínica Poniente,UCI,Isapres,67,94068000,29751483,20701999,9406800
2026-06-01,2026,6,Clínica Poniente,UCI,Fonasa,123,100161360,54618395,38005162,10016136
2026-06-01,2026,6,Clínica Poniente,UCI,Convenios con empresas,22,26563680,9769144,6797671,2656368
2026-06-01,2026,6,Clínica Poniente,UCI,Particulares,11,17297280,4884572,3398836,1729728
2026-06-01,2026,6,Clínica Poniente,UTI,Isapres,76,64812800,23400776,11188352,6481280
2026-06-01,2026,6,Clínica Poniente,UTI,Fonasa,139,68752736,42798787,20462907,6875274
2026-06-01,2026,6,Clínica Poniente,UTI,Convenios con empresas,25,18335200,7697624,3680379,1833520
2026-06-01,2026,6,Clínica Poniente,UTI,Particulares,13,12416768,4002764,1913797,1241677
2026-06-01,2026,6,Clínica Poniente,Médico-quirúrgico,Isapres,395,149942000,55486335,29170849,17993040
2026-06-01,2026,6,Clínica Poniente,Médico-quirúrgico,Fonasa,725,159621800,101842008,53541431,19154616
2026-06-01,2026,6,Clínica Poniente,Médico-quirúrgico,Convenios con empresas,132,43092192,18542269,9748233,5171063
2026-06-01,2026,6,Clínica Poniente,Médico-quirúrgico,Particulares,66,28060032,9271135,4874117,3367204
2026-06-01,2026,6,Clínica Poniente,Pediatría,Isapres,121,42785600,18798759,7963645,5134272
2026-06-01,2026,6,Clínica Poniente,Pediatría,Fonasa,222,45529536,34490285,14610986,5463544
2026-06-01,2026,6,Clínica Poniente,Pediatría,Convenios con empresas,40,12163840,6214466,2632610,1459661
2026-06-01,2026,6,Clínica Poniente,Pediatría,Particulares,20,7920640,3107233,1316305,950477
2026-06-01,2026,6,Clínica Poniente,Maternidad,Isapres,71,24367200,14057345,4207632,4386096
2026-06-01,2026,6,Clínica Poniente,Maternidad,Fonasa,130,25877280,25738802,7704116,4657910
2026-06-01,2026,6,Clínica Poniente,Maternidad,Convenios con empresas,24,7083648,4751779,1422298,1275057
2026-06-01,2026,6,Clínica Poniente,Maternidad,Particulares,11,4228224,2177899,651887,761080
2026-06-01,2026,6,Clínica Poniente,Pabellón,Isapres,103,205433050,30286547,44078762,45195271
2026-06-01,2026,6,Clínica Poniente,Pabellón,Fonasa,189,218636611,55574343,80882388,48100054
2026-06-01,2026,6,Clínica Poniente,Pabellón,Convenios con empresas,34,58319052,9997501,14550271,12830191
2026-06-01,2026,6,Clínica Poniente,Pabellón,Particulares,17,37975197,4998750,7275135,8354543
2026-06-01,2026,6,Clínica Poniente,Urgencia,Isapres,1744,162805319,58639783,24894359,48841596
2026-06-01,2026,6,Clínica Poniente,Urgencia,Fonasa,3197,173098275,107495062,45634901,51929482
2026-06-01,2026,6,Clínica Poniente,Urgencia,Convenios con empresas,581,46644097,19535387,8293362,13993229
2026-06-01,2026,6,Clínica Poniente,Urgencia,Particulares,291,30425178,9784505,4153818,9127553
2026-06-01,2026,6,Clínica Poniente,Consultas,Isapres,2360,103084800,13046186,5981245,59789184
2026-06-01,2026,6,Clínica Poniente,Consultas,Fonasa,4327,109621949,23919850,10966460,63580730
2026-06-01,2026,6,Clínica Poniente,Consultas,Convenios con empresas,787,29563498,4350571,1994593,17146829
2026-06-01,2026,6,Clínica Poniente,Consultas,Particulares,393,19226189,2172522,996029,11151190
2026-06-01,2026,6,Clínica Poniente,Laboratorio,Isapres,4761,47038680,9388469,14325753,2351934
2026-06-01,2026,6,Clínica Poniente,Laboratorio,Fonasa,8728,50014931,17211207,26262376,2500747
2026-06-01,2026,6,Clínica Poniente,Laboratorio,Convenios con empresas,1587,13484422,3129490,4775251,674221
2026-06-01,2026,6,Clínica Poniente,Laboratorio,Particulares,793,8775021,1563759,2386121,438751
2026-06-01,2026,6,Clínica Poniente,Imagenología,Isapres,1100,70928000,15533912,16131592,9929920
2026-06-01,2026,6,Clínica Poniente,Imagenología,Fonasa,2017,75432573,28483547,29579474,10560560
2026-06-01,2026,6,Clínica Poniente,Imagenología,Convenios con empresas,367,20351178,5182678,5382086,2849165
2026-06-01,2026,6,Clínica Poniente,Imagenología,Particulares,184,13288038,2598400,2698375,1860325
2026-07-01,2026,7,Clínica Oriente,UCI,Isapres,284,398736000,120961234,87860880,39873600
2026-07-01,2026,7,Clínica Oriente,UCI,Fonasa,95,77360400,40462384,29390083,7736040
2026-07-01,2026,7,Clínica Oriente,UCI,Convenios con empresas,57,68824080,24277431,17634050,6882408
2026-07-01,2026,7,Clínica Oriente,UCI,Particulares,38,59754240,16184954,11756033,5975424
2026-07-01,2026,7,Clínica Oriente,UTI,Isapres,333,283982400,95256217,50856286,28398240
2026-07-01,2026,7,Clínica Oriente,UTI,Fonasa,111,54903264,31752072,16952095,5490326
2026-07-01,2026,7,Clínica Oriente,UTI,Convenios con empresas,67,49138336,19165665,10232346,4913834
2026-07-01,2026,7,Clínica Oriente,UTI,Particulares,44,42025984,12586407,6719750,4202598
2026-07-01,2026,7,Clínica Oriente,Médico-quirúrgico,Isapres,1587,602425200,195948881,111782555,72291024
2026-07-01,2026,7,Clínica Oriente,Médico-quirúrgico,Fonasa,529,116468872,65316294,37260852,13976265
2026-07-01,2026,7,Clínica Oriente,Médico-quirúrgico,Convenios con empresas,317,103486552,39140388,22328337,12418386
2026-07-01,2026,7,Clínica Oriente,Médico-quirúrgico,Particulares,212,90132224,26175906,14932515,10815867
2026-07-01,2026,7,Clínica Oriente,Pediatría,Isapres,482,170435200,65544323,30684188,20452224
2026-07-01,2026,7,Clínica Oriente,Pediatría,Fonasa,161,33019168,21893436,10249283,3962300
2026-07-01,2026,7,Clínica Oriente,Pediatría,Convenios con empresas,96,29193216,13054471,6111373,3503186
2026-07-01,2026,7,Clínica Oriente,Pediatría,Particulares,65,25742080,8838965,4137909,3089050
2026-07-01,2026,7,Clínica Oriente,Maternidad,Isapres,257,88202400,47474903,15466013,15876432
2026-07-01,2026,7,Clínica Oriente,Maternidad,Fonasa,86,17118816,15886544,5175397,3081387
2026-07-01,2026,7,Clínica Oriente,Maternidad,Convenios con empresas,51,15052752,9421090,3069131,2709495
2026-07-01,2026,7,Clínica Oriente,Maternidad,Particulares,35,13453440,6465454,2106266,2421619
2026-07-01,2026,7,Clínica Oriente,Pabellón,Isapres,547,1105881488,120552219,235052679,243293927
2026-07-01,2026,7,Clínica Oriente,Pabellón,Fonasa,182,213412888,40110610,78207655,46950835
2026-07-01,2026,7,Clínica Oriente,Pabellón,Convenios con empresas,109,189516144,24022289,46838651,41693552
2026-07-01,2026,7,Clínica Oriente,Pabellón,Particulares,73,165295924,16088322,31369005,36365103
2026-07-01,2026,7,Clínica Oriente,Urgencia,Isapres,5492,514006275,158363291,73351029,154201883
2026-07-01,2026,7,Clínica Oriente,Urgencia,Fonasa,1831,99392641,52797375,24454795,29817792
2026-07-01,2026,7,Clínica Oriente,Urgencia,Convenios con empresas,1098,88376884,31661124,14664863,26513065
2026-07-01,2026,7,Clínica Oriente,Urgencia,Particulares,733,76835141,21136251,9789932,23050542
2026-07-01,2026,7,Clínica Oriente,Consultas,Isapres,7091,309734880,37283891,17445714,179646230
2026-07-01,2026,7,Clínica Oriente,Consultas,Fonasa,2364,59890522,12429716,5816058,34736503
2026-07-01,2026,7,Clínica Oriente,Consultas,Convenios con empresas,1418,53266886,7455727,3488651,30894794
2026-07-01,2026,7,Clínica Oriente,Consultas,Particulares,946,46279834,4973990,2327407,26842303
2026-07-01,2026,7,Clínica Oriente,Laboratorio,Isapres,15563,153762440,27764549,46640270,7688122
2026-07-01,2026,7,Clínica Oriente,Laboratorio,Fonasa,5188,29729315,9255444,15547756,1486466
2026-07-01,2026,7,Clínica Oriente,Laboratorio,Convenios con empresas,3113,26450538,5553623,9329253,1322527
2026-07-01,2026,7,Clínica Oriente,Laboratorio,Particulares,2074,22950054,3700037,6215506,1147503
2026-07-01,2026,7,Clínica Oriente,Imagenología,Isapres,3454,222713920,44180607,48624993,31179949
2026-07-01,2026,7,Clínica Oriente,Imagenología,Fonasa,1151,43045558,14722605,16203638,6026378
2026-07-01,2026,7,Clínica Oriente,Imagenología,Convenios con empresas,691,38317885,8838680,9727814,5364504
2026-07-01,2026,7,Clínica Oriente,Imagenología,Particulares,461,33292314,5896717,6489902,4660924
2026-07-01,2026,7,Clínica Centro,UCI,Isapres,168,235872000,68413963,52163308,23587200
2026-07-01,2026,7,Clínica Centro,UCI,Fonasa,128,104232960,52124924,39743473,10423296
2026-07-01,2026,7,Clínica Centro,UCI,Convenios con empresas,44,53127360,17917943,13661819,5312736
2026-07-01,2026,7,Clínica Centro,UCI,Particulares,25,39312000,10180649,7762397,3931200
2026-07-01,2026,7,Clínica Centro,UTI,Isapres,205,174824000,56521639,29577527,17482400
2026-07-01,2026,7,Clínica Centro,UTI,Fonasa,156,77161344,43011589,22507777,7716134
2026-07-01,2026,7,Clínica Centro,UTI,Convenios con empresas,54,39604032,14888627,7791154,3960403
2026-07-01,2026,7,Clínica Centro,UTI,Particulares,31,29609216,8547175,4472699,2960922
2026-07-01,2026,7,Clínica Centro,Médico-quirúrgico,Isapres,963,365554800,116271169,68732516,43866576
2026-07-01,2026,7,Clínica Centro,Médico-quirúrgico,Fonasa,733,161383144,88501316,52316650,19365977
2026-07-01,2026,7,Clínica Centro,Médico-quirúrgico,Convenios con empresas,251,81940456,30305362,17914706,9832855
2026-07-01,2026,7,Clínica Centro,Médico-quirúrgico,Particulares,146,62072192,17627820,10420506,7448663
2026-07-01,2026,7,Clínica Centro,Pediatría,Isapres,272,96179200,37343514,17279087,11541504
2026-07-01,2026,7,Clínica Centro,Pediatría,Fonasa,207,42453216,28419513,13149894,5094386
2026-07-01,2026,7,Clínica Centro,Pediatría,Convenios con empresas,71,21590816,9747756,4510350,2590898
2026-07-01,2026,7,Clínica Centro,Pediatría,Particulares,42,16633344,5766278,2668094,1996001
2026-07-01,2026,7,Clínica Centro,Maternidad,Isapres,154,52852800,29569822,9179447,9513504
2026-07-01,2026,7,Clínica Centro,Maternidad,Fonasa,117,23289552,22465384,6973995,4192119
2026-07-01,2026,7,Clínica Centro,Maternidad,Convenios con empresas,40,11806080,7680473,2384272,2125094
2026-07-01,2026,7,Clínica Centro,Maternidad,Particulares,23,8840832,4416272,1370956,1591350
2026-07-01,2026,7,Clínica Centro,Pabellón,Isapres,303,605135599,68548293,130719108,133129832
2026-07-01,2026,7,Clínica Centro,Pabellón,Fonasa,231,267577781,52259589,99657142,58867112
2026-07-01,2026,7,Clínica Centro,Pabellón,Convenios con empresas,79,135686180,17872327,34081880,29850960
2026-07-01,2026,7,Clínica Centro,Pabellón,Particulares,46,102893023,10406671,19845145,22636465
2026-07-01,2026,7,Clínica Centro,Urgencia,Isapres,3529,334145297,102161896,49162931,100243589
2026-07-01,2026,7,Clínica Centro,Urgencia,Fonasa,2685,147453803,77728731,37405064,44236141
2026-07-01,2026,7,Clínica Centro,Urgencia,Convenios con empresas,921,74996635,26662257,12830564,22498990
2026-07-01,2026,7,Clínica Centro,Urgencia,Particulares,537,56947676,15545746,7481013,17084303
2026-07-01,2026,7,Clínica Centro,Consultas,Isapres,4364,190619520,24590594,10672100,110559322
2026-07-01,2026,7,Clínica Centro,Consultas,Fonasa,3321,84135542,18713420,8121459,48798615
2026-07-01,2026,7,Clínica Centro,Consultas,Convenios con empresas,1139,42786307,6418123,2785408,24816058
2026-07-01,2026,7,Clínica Centro,Consultas,Particulares,664,32483942,3741557,1623803,18840687
2026-07-01,2026,7,Clínica Centro,Laboratorio,Isapres,9369,92565720,18313733,29087865,4628286
2026-07-01,2026,7,Clínica Centro,Laboratorio,Fonasa,7129,40852022,13935169,22133353,2042601
2026-07-01,2026,7,Clínica Centro,Laboratorio,Convenios con empresas,2444,20766179,4777325,7587869,1038309
2026-07-01,2026,7,Clínica Centro,Laboratorio,Particulares,1426,15779546,2787425,4427292,788977
2026-07-01,2026,7,Clínica Centro,Imagenología,Isapres,2218,143016640,30163260,32207054,20022330
2026-07-01,2026,7,Clínica Centro,Imagenología,Fonasa,1687,63091101,22942028,24496528,8832754
2026-07-01,2026,7,Clínica Centro,Imagenología,Convenios con empresas,579,32107171,7873998,8407522,4495004
2026-07-01,2026,7,Clínica Centro,Imagenología,Particulares,337,24337331,4582966,4893497,3407226
2026-07-01,2026,7,Clínica Poniente,UCI,Isapres,72,101088000,29778592,22405674,10108800
2026-07-01,2026,7,Clínica Poniente,UCI,Fonasa,131,106675920,54180494,40765878,10667592
2026-07-01,2026,7,Clínica Poniente,UCI,Convenios con empresas,24,28978560,9926197,7468558,2897856
2026-07-01,2026,7,Clínica Poniente,UCI,Particulares,12,18869760,4963099,3734279,1886976
2026-07-01,2026,7,Clínica Poniente,UTI,Isapres,85,72488000,23284534,13015310,7248800
2026-07-01,2026,7,Clínica Poniente,UTI,Fonasa,155,76666720,42460033,23733800,7666672
2026-07-01,2026,7,Clínica Poniente,UTI,Convenios con empresas,28,20535424,7670199,4287396,2053542
2026-07-01,2026,7,Clínica Poniente,UTI,Particulares,14,13371904,3835100,2143698,1337190
2026-07-01,2026,7,Clínica Poniente,Médico-quirúrgico,Isapres,436,165505600,53865101,31043182,19860672
2026-07-01,2026,7,Clínica Poniente,Médico-quirúrgico,Fonasa,800,176134400,98835047,56959966,21136128
2026-07-01,2026,7,Clínica Poniente,Médico-quirúrgico,Convenios con empresas,146,47662576,18037396,10395194,5719509
2026-07-01,2026,7,Clínica Poniente,Médico-quirúrgico,Particulares,73,31036096,9018698,5197597,3724332
2026-07-01,2026,7,Clínica Poniente,Pediatría,Isapres,147,51979200,18874028,9245383,6237504
2026-07-01,2026,7,Clínica Poniente,Pediatría,Fonasa,269,55168672,34538188,16918423,6620241
2026-07-01,2026,7,Clínica Poniente,Pediatría,Convenios con empresas,49,14900704,6291343,3081794,1788084
2026-07-01,2026,7,Clínica Poniente,Pediatría,Particulares,24,9504768,3081474,1509450,1140572
2026-07-01,2026,7,Clínica Poniente,Maternidad,Isapres,70,24024000,14281474,4027128,4324320
2026-07-01,2026,7,Clínica Poniente,Maternidad,Fonasa,129,25678224,26318716,7421422,4622080
2026-07-01,2026,7,Clínica Poniente,Maternidad,Convenios con empresas,23,6788496,4692484,1323199,1221929
2026-07-01,2026,7,Clínica Poniente,Maternidad,Particulares,12,4612608,2448253,690365,830269
2026-07-01,2026,7,Clínica Poniente,Pabellón,Isapres,112,223076375,29439841,47015086,49076803
2026-07-01,2026,7,Clínica Poniente,Pabellón,Fonasa,205,236819473,53885423,86054399,52100284
2026-07-01,2026,7,Clínica Poniente,Pabellón,Convenios con empresas,37,63377592,9725662,15531770,13943070
2026-07-01,2026,7,Clínica Poniente,Pabellón,Particulares,19,42384511,4994259,7975774,9324592
2026-07-01,2026,7,Clínica Poniente,Urgencia,Isapres,1870,173862001,58299605,25746717,52158600
2026-07-01,2026,7,Clínica Poniente,Urgencia,Fonasa,3429,184909211,106903393,47211494,55472763
2026-07-01,2026,7,Clínica Poniente,Urgencia,Convenios con empresas,624,49893746,19453986,8591418,14968124
2026-07-01,2026,7,Clínica Poniente,Urgencia,Particulares,312,32488951,9726993,4295709,9746685
2026-07-01,2026,7,Clínica Poniente,Consultas,Isapres,2523,110204640,13091238,6345844,63918691
2026-07-01,2026,7,Clínica Poniente,Consultas,Fonasa,4625,117171600,23998008,11632789,67959528
2026-07-01,2026,7,Clínica Poniente,Consultas,Convenios con empresas,841,31591997,4363746,2115281,18323358
2026-07-01,2026,7,Clínica Poniente,Consultas,Particulares,420,20547072,2179279,1056383,11917302
2026-07-01,2026,7,Clínica Poniente,Laboratorio,Isapres,5119,50575720,9439890,15893355,2528786
2026-07-01,2026,7,Clínica Poniente,Laboratorio,Fonasa,9384,53774074,17304929,29135230,2688704
2026-07-01,2026,7,Clínica Poniente,Laboratorio,Convenios con empresas,1706,14495541,3146015,5296750,724777
2026-07-01,2026,7,Clínica Poniente,Laboratorio,Particulares,853,9438957,1573008,2648375,471948
2026-07-01,2026,7,Clínica Poniente,Imagenología,Isapres,1208,77891840,15132299,17515996,10904858
2026-07-01,2026,7,Clínica Poniente,Imagenología,Fonasa,2215,82837456,27746724,32117494,11597244
2026-07-01,2026,7,Clínica Poniente,Imagenología,Convenios con empresas,403,22347478,5048275,5843499,3128647
2026-07-01,2026,7,Clínica Poniente,Imagenología,Particulares,202,14587955,2530401,2928999,2042314
2026-08-01,2026,8,Clínica Oriente,UCI,Isapres,280,393120000,119741955,83429167,39312000
2026-08-01,2026,8,Clínica Oriente,UCI,Fonasa,93,75731760,39771435,27710402,7573176
2026-08-01,2026,8,Clínica Oriente,UCI,Convenios con empresas,56,67616640,23948391,16685833,6761664
2026-08-01,2026,8,Clínica Oriente,UCI,Particulares,37,58181760,15823044,11024568,5818176
2026-08-01,2026,8,Clínica Oriente,UTI,Isapres,331,282276800,93167048,48590705,28227680
2026-08-01,2026,8,Clínica Oriente,UTI,Fonasa,110,54408640,30961859,16147968,5440864
2026-08-01,2026,8,Clínica Oriente,UTI,Convenios con empresas,66,48404928,18577115,9688781,4840493
2026-08-01,2026,8,Clínica Oriente,UTI,Particulares,44,42025984,12384744,6459187,4202598
2026-08-01,2026,8,Clínica Oriente,Médico-quirúrgico,Isapres,1522,577751200,196846858,107003112,69330144
2026-08-01,2026,8,Clínica Oriente,Médico-quirúrgico,Fonasa,507,111625176,65572508,35644269,13395021
2026-08-01,2026,8,Clínica Oriente,Médico-quirúrgico,Convenios con empresas,304,99242624,39317638,21372501,11909115
2026-08-01,2026,8,Clínica Oriente,Médico-quirúrgico,Particulares,204,86731008,26384204,14342073,10407721
2026-08-01,2026,8,Clínica Oriente,Pediatría,Isapres,448,158412800,64613746,29054016,19009536
2026-08-01,2026,8,Clínica Oriente,Pediatría,Fonasa,149,30558112,21489839,9663054,3666973
2026-08-01,2026,8,Clínica Oriente,Pediatría,Convenios con empresas,90,27368640,12980440,5836744,3284237
2026-08-01,2026,8,Clínica Oriente,Pediatría,Particulares,59,23365888,8509400,3826310,2803907
2026-08-01,2026,8,Clínica Oriente,Maternidad,Isapres,248,85113600,47533720,14515689,15320448
2026-08-01,2026,8,Clínica Oriente,Maternidad,Fonasa,83,16521648,15908463,4858073,2973897
2026-08-01,2026,8,Clínica Oriente,Maternidad,Convenios con empresas,50,14757600,9583411,2926550,2656368
2026-08-01,2026,8,Clínica Oriente,Maternidad,Particulares,32,12300288,6133383,1872992,2214052
2026-08-01,2026,8,Clínica Oriente,Pabellón,Isapres,501,1012596000,120558964,211551173,222771120
2026-08-01,2026,8,Clínica Oriente,Pabellón,Fonasa,167,195768560,40186321,70517058,43069083
2026-08-01,2026,8,Clínica Oriente,Pabellón,Convenios con empresas,100,173818874,24063665,42225783,38240152
2026-08-01,2026,8,Clínica Oriente,Pabellón,Particulares,67,151667074,16122656,28291275,33366756
2026-08-01,2026,8,Clínica Oriente,Urgencia,Isapres,5187,484291392,159918398,73027025,145287418
2026-08-01,2026,8,Clínica Oriente,Urgencia,Fonasa,1729,93629669,53306133,24342342,28088901
2026-08-01,2026,8,Clínica Oriente,Urgencia,Convenios con empresas,1037,83266001,31971347,14599773,24979800
2026-08-01,2026,8,Clínica Oriente,Urgencia,Particulares,692,72362676,21334785,9742568,21708803
2026-08-01,2026,8,Clínica Oriente,Consultas,Isapres,6196,270641280,37961459,16005364,156971942
2026-08-01,2026,8,Clínica Oriente,Consultas,Fonasa,2065,52315536,12651777,5334260,30343011
2026-08-01,2026,8,Clínica Oriente,Consultas,Convenios con empresas,1239,46542787,7591066,3200556,26994817
2026-08-01,2026,8,Clínica Oriente,Consultas,Particulares,826,40409242,5060711,2133704,23437360
2026-08-01,2026,8,Clínica Oriente,Laboratorio,Isapres,14374,142015120,28142073,44247048,7100756
2026-08-01,2026,8,Clínica Oriente,Laboratorio,Fonasa,4791,27454346,9380038,14747990,1372717
2026-08-01,2026,8,Clínica Oriente,Laboratorio,Convenios con empresas,2875,24428300,5628806,8850025,1221415
2026-08-01,2026,8,Clínica Oriente,Laboratorio,Particulares,1916,21201690,3751232,5897965,1060084
2026-08-01,2026,8,Clínica Oriente,Imagenología,Isapres,3282,211623360,44765216,46268234,29627270
2026-08-01,2026,8,Clínica Oriente,Imagenología,Fonasa,1094,40913850,14921739,15422745,5727939
2026-08-01,2026,8,Clínica Oriente,Imagenología,Convenios con empresas,656,36377037,8947587,9248008,5092785
2026-08-01,2026,8,Clínica Oriente,Imagenología,Particulares,438,31631309,5974151,6174737,4428383
2026-08-01,2026,8,Clínica Centro,UCI,Isapres,160,224640000,68998368,49978713,22464000
2026-08-01,2026,8,Clínica Centro,UCI,Fonasa,122,99347040,52611256,38108769,9934704
2026-08-01,2026,8,Clínica Centro,UCI,Convenios con empresas,42,50712480,18112072,13119412,5071248
2026-08-01,2026,8,Clínica Centro,UCI,Particulares,24,37739520,10349755,7496807,3773952
2026-08-01,2026,8,Clínica Centro,UTI,Isapres,204,173971200,57701687,30147341,17397120
2026-08-01,2026,8,Clínica Centro,UTI,Fonasa,155,76666720,43841968,22906068,7666672
2026-08-01,2026,8,Clínica Centro,UTI,Convenios con empresas,53,38870624,14991125,7832397,3887062
2026-08-01,2026,8,Clínica Centro,UTI,Particulares,31,29609216,8768394,4581214,2960922
2026-08-01,2026,8,Clínica Centro,Médico-quirúrgico,Isapres,938,356064800,119681022,66527222,42727776
2026-08-01,2026,8,Clínica Centro,Médico-quirúrgico,Fonasa,714,157199952,91100480,50640125,18863994
2026-08-01,2026,8,Clínica Centro,Médico-quirúrgico,Convenios con empresas,245,79981720,31259968,17376513,9597806
2026-08-01,2026,8,Clínica Centro,Médico-quirúrgico,Particulares,143,60796736,18245614,10142210,7295608
2026-08-01,2026,8,Clínica Centro,Pediatría,Isapres,259,91582400,37173349,16447740,10989888
2026-08-01,2026,8,Clínica Centro,Pediatría,Fonasa,197,40402336,28274709,12510443,4848280
2026-08-01,2026,8,Clínica Centro,Pediatría,Convenios con empresas,68,20678528,9759798,4318326,2481423
2026-08-01,2026,8,Clínica Centro,Pediatría,Particulares,39,15445248,5597531,2476687,1853430
2026-08-01,2026,8,Clínica Centro,Maternidad,Isapres,153,52509600,29871081,9185845,9451728
2026-08-01,2026,8,Clínica Centro,Maternidad,Fonasa,117,23289552,22842591,7024470,4192119
2026-08-01,2026,8,Clínica Centro,Maternidad,Convenios con empresas,40,11806080,7809433,2401528,2125094
2026-08-01,2026,8,Clínica Centro,Maternidad,Particulares,23,8840832,4490424,1380879,1591350
2026-08-01,2026,8,Clínica Centro,Pabellón,Isapres,277,553514905,69726377,119072348,121773279
2026-08-01,2026,8,Clínica Centro,Pabellón,Fonasa,211,244545683,53112872,90701320,53800050
2026-08-01,2026,8,Clínica Centro,Pabellón,Convenios con empresas,72,123731563,18123824,30950213,27220944
2026-08-01,2026,8,Clínica Centro,Pabellón,Particulares,43,96235660,10823950,18484155,21171845
2026-08-01,2026,8,Clínica Centro,Urgencia,Isapres,3225,303491546,100530229,45962576,91047464
2026-08-01,2026,8,Clínica Centro,Urgencia,Fonasa,2454,133942818,76496491,34974314,40182845
2026-08-01,2026,8,Clínica Centro,Urgencia,Convenios con empresas,841,68063037,26215790,11985900,20418911
2026-08-01,2026,8,Clínica Centro,Urgencia,Particulares,490,51645321,15274360,6983461,15493596
2026-08-01,2026,8,Clínica Centro,Consultas,Isapres,4206,183718080,24916426,10151932,106556486
2026-08-01,2026,8,Clínica Centro,Consultas,Fonasa,3200,81070080,18956862,7723771,47020646
2026-08-01,2026,8,Clínica Centro,Consultas,Convenios con empresas,1097,41208586,6498649,2647805,23900980
2026-08-01,2026,8,Clínica Centro,Consultas,Particulares,641,31358746,3797296,1547168,18188072
2026-08-01,2026,8,Clínica Centro,Laboratorio,Isapres,9212,91014560,18342343,28586007,4550728
2026-08-01,2026,8,Clínica Centro,Laboratorio,Fonasa,7009,40164374,13955871,21749818,2008219
2026-08-01,2026,8,Clínica Centro,Laboratorio,Convenios con empresas,2403,20417810,4784699,7456814,1020891
2026-08-01,2026,8,Clínica Centro,Laboratorio,Particulares,1401,15502906,2789581,4347481,775145
2026-08-01,2026,8,Clínica Centro,Imagenología,Isapres,2062,132957760,29139028,29187295,18614086
2026-08-01,2026,8,Clínica Centro,Imagenología,Fonasa,1569,58678090,22172229,22208955,8214933
2026-08-01,2026,8,Clínica Centro,Imagenología,Convenios con empresas,538,29833606,7602714,7615308,4176705
2026-08-01,2026,8,Clínica Centro,Imagenología,Particulares,313,22604109,4423141,4430467,3164575
2026-08-01,2026,8,Clínica Poniente,UCI,Isapres,70,98280000,30521290,21806788,9828000
2026-08-01,2026,8,Clínica Poniente,UCI,Fonasa,128,104232960,55810360,39875270,10423296
2026-08-01,2026,8,Clínica Poniente,UCI,Convenios con empresas,23,27771120,10028424,7165088,2777112
2026-08-01,2026,8,Clínica Poniente,UCI,Particulares,11,17297280,4796203,3426781,1729728
2026-08-01,2026,8,Clínica Poniente,UTI,Isapres,85,72488000,23254746,12738435,7248800
2026-08-01,2026,8,Clínica Poniente,UTI,Fonasa,156,77161344,42679298,23378775,7716134
2026-08-01,2026,8,Clínica Poniente,UTI,Convenios con empresas,28,20535424,7660387,4196190,2053542
2026-08-01,2026,8,Clínica Poniente,UTI,Particulares,14,13371904,3830193,2098095,1337190
2026-08-01,2026,8,Clínica Poniente,Médico-quirúrgico,Isapres,406,154117600,54558041,29605298,18494112
2026-08-01,2026,8,Clínica Poniente,Médico-quirúrgico,Fonasa,745,164025160,100112661,54324993,19683019
2026-08-01,2026,8,Clínica Poniente,Médico-quirúrgico,Convenios con empresas,135,44071560,18141220,9844126,5288587
2026-08-01,2026,8,Clínica Poniente,Médico-quirúrgico,Particulares,68,28910336,9137800,4958523,3469240
2026-08-01,2026,8,Clínica Poniente,Pediatría,Isapres,128,45260800,18758375,8256427,5431296
2026-08-01,2026,8,Clínica Poniente,Pediatría,Fonasa,235,48195680,34439204,15158283,5783482
2026-08-01,2026,8,Clínica Poniente,Pediatría,Convenios con empresas,43,13076128,6301642,2773643,1569135
2026-08-01,2026,8,Clínica Poniente,Pediatría,Particulares,21,8316672,3077546,1354570,998001
2026-08-01,2026,8,Clínica Poniente,Maternidad,Isapres,72,24710400,14298261,4181043,4447872
2026-08-01,2026,8,Clínica Poniente,Maternidad,Fonasa,132,26275392,26213479,7665245,4729571
2026-08-01,2026,8,Clínica Poniente,Maternidad,Convenios con empresas,24,7083648,4766087,1393681,1275057
2026-08-01,2026,8,Clínica Poniente,Maternidad,Particulares,12,4612608,2383044,696840,830269
2026-08-01,2026,8,Clínica Poniente,Pabellón,Isapres,101,203737080,30528200,42203875,44822158
2026-08-01,2026,8,Clínica Poniente,Pabellón,Fonasa,185,216445433,55917990,77304127,47617995
2026-08-01,2026,8,Clínica Poniente,Pabellón,Convenios con empresas,34,58982893,10276820,14207245,12976237
2026-08-01,2026,8,Clínica Poniente,Pabellón,Particulares,17,38407465,5138410,7103622,8449642
2026-08-01,2026,8,Clínica Poniente,Urgencia,Isapres,1940,178114339,58471019,27479116,53434302
2026-08-01,2026,8,Clínica Poniente,Urgencia,Fonasa,3557,189412664,107206915,50383101,56823799
2026-08-01,2026,8,Clínica Poniente,Urgencia,Convenios con empresas,647,51085763,19500386,9164427,15325729
2026-08-01,2026,8,Clínica Poniente,Urgencia,Particulares,324,33316563,9765263,4589296,9994969
2026-08-01,2026,8,Clínica Poniente,Consultas,Isapres,2296,100289280,13037233,5687100,58167782
2026-08-01,2026,8,Clínica Poniente,Consultas,Fonasa,4210,106657824,23905380,10428001,61861538
2026-08-01,2026,8,Clínica Poniente,Consultas,Convenios con empresas,765,28737072,4343852,1894874,16667502
2026-08-01,2026,8,Clínica Poniente,Consultas,Particulares,383,18736973,2174765,948676,10867444
2026-08-01,2026,8,Clínica Poniente,Laboratorio,Isapres,5006,49459280,9403234,15352960,2472964
2026-08-01,2026,8,Clínica Poniente,Laboratorio,Fonasa,9178,52593611,17239889,28148115,2629681
2026-08-01,2026,8,Clínica Poniente,Laboratorio,Convenios con empresas,1669,14181159,3135038,5118675,709058
2026-08-01,2026,8,Clínica Poniente,Laboratorio,Particulares,835,9239776,1568458,2560871,461989
2026-08-01,2026,8,Clínica Poniente,Imagenología,Isapres,1126,72604480,15272669,16160136,10164627
2026-08-01,2026,8,Clínica Poniente,Imagenología,Fonasa,2064,77190298,27995372,29622132,10806642
2026-08-01,2026,8,Clínica Poniente,Imagenología,Convenios con empresas,375,20794800,5086369,5381928,2911272
2026-08-01,2026,8,Clínica Poniente,Imagenología,Particulares,188,13576909,2549966,2698140,1900767
2026-09-01,2026,9,Clínica Oriente,UCI,Isapres,240,336960000,120641041,73826774,33696000
2026-09-01,2026,9,Clínica Oriente,UCI,Fonasa,80,65145600,40213680,24608925,6514560
2026-09-01,2026,9,Clínica Oriente,UCI,Convenios con empresas,48,57957120,24128208,14765355,5795712
2026-09-01,2026,9,Clínica Oriente,UCI,Particulares,32,50319360,16085472,9843570,5031936
2026-09-01,2026,9,Clínica Oriente,UTI,Isapres,302,257545600,93364346,44819695,25754560
2026-09-01,2026,9,Clínica Oriente,UTI,Fonasa,101,49957024,31224500,14989368,4995702
2026-09-01,2026,9,Clínica Oriente,UTI,Convenios con empresas,60,44004480,18549208,8904575,4400448
2026-09-01,2026,9,Clínica Oriente,UTI,Particulares,41,39160576,12675292,6084793,3916058
2026-09-01,2026,9,Clínica Oriente,Médico-quirúrgico,Isapres,1369,519672400,197586363,97386192,62360688
2026-09-01,2026,9,Clínica Oriente,Médico-quirúrgico,Fonasa,456,100396608,65814011,32438352,12047593
2026-09-01,2026,9,Clínica Oriente,Médico-quirúrgico,Convenios con empresas,274,89448944,39546138,19491466,10733873
2026-09-01,2026,9,Clínica Oriente,Médico-quirúrgico,Particulares,182,77377664,26267873,12946886,9285320
2026-09-01,2026,9,Clínica Oriente,Pediatría,Isapres,282,99715200,64312468,18353373,11965824
2026-09-01,2026,9,Clínica Oriente,Pediatría,Fonasa,94,19278272,21437489,6117791,2313393
2026-09-01,2026,9,Clínica Oriente,Pediatría,Convenios con empresas,56,17029376,12771270,3644642,2043525
2026-09-01,2026,9,Clínica Oriente,Pediatría,Particulares,38,15049216,8666219,2473150,1805906
2026-09-01,2026,9,Clínica Oriente,Maternidad,Isapres,232,79622400,47013538,13985228,14332032
2026-09-01,2026,9,Clínica Oriente,Maternidad,Fonasa,77,15327312,15603631,4641649,2758916
2026-09-01,2026,9,Clínica Oriente,Maternidad,Convenios con empresas,46,13576992,9321650,2772933,2443859
2026-09-01,2026,9,Clínica Oriente,Maternidad,Particulares,31,11915904,6281981,1868716,2144863
2026-09-01,2026,9,Clínica Oriente,Pabellón,Isapres,521,1049978674,121280466,224543361,230995308
2026-09-01,2026,9,Clínica Oriente,Pabellón,Fonasa,174,203385504,40504417,74991449,44744811
2026-09-01,2026,9,Clínica Oriente,Pabellón,Convenios con empresas,104,180249698,24209536,44822475,39654934
2026-09-01,2026,9,Clínica Oriente,Pabellón,Particulares,70,158000630,16294880,30168974,34760139
2026-09-01,2026,9,Clínica Oriente,Urgencia,Isapres,4342,411935981,158397551,62266339,123580794
2026-09-01,2026,9,Clínica Oriente,Urgencia,Fonasa,1447,79622614,52787023,20750666,23886784
2026-09-01,2026,9,Clínica Oriente,Urgencia,Convenios con empresas,868,70820353,31664918,12447532,21246106
2026-09-01,2026,9,Clínica Oriente,Urgencia,Particulares,579,61522857,21122105,8303134,18456857
2026-09-01,2026,9,Clínica Oriente,Consultas,Isapres,6615,288943200,37453965,16567482,167587056
2026-09-01,2026,9,Clínica Oriente,Consultas,Fonasa,2205,55862352,12484655,5522494,32400164
2026-09-01,2026,9,Clínica Oriente,Consultas,Convenios con empresas,1323,49698230,7490793,3313496,28824974
2026-09-01,2026,9,Clínica Oriente,Consultas,Particulares,882,43148851,4993862,2208998,25026334
2026-09-01,2026,9,Clínica Oriente,Laboratorio,Isapres,12437,122877560,28020363,37537299,6143878
2026-09-01,2026,9,Clínica Oriente,Laboratorio,Fonasa,4146,23758238,9340872,12513439,1187912
2026-09-01,2026,9,Clínica Oriente,Laboratorio,Convenios con empresas,2487,21131542,5603171,7506252,1056577
2026-09-01,2026,9,Clínica Oriente,Laboratorio,Particulares,1658,18346765,3735448,5004168,917338
2026-09-01,2026,9,Clínica Oriente,Imagenología,Isapres,2853,183961440,45188462,41945497,25754602
2026-09-01,2026,9,Clínica Oriente,Imagenología,Fonasa,951,35565878,15062821,13981832,4979223
2026-09-01,2026,9,Clínica Oriente,Imagenología,Convenios con empresas,571,31663549,9044028,8394980,4432897
2026-09-01,2026,9,Clínica Oriente,Imagenología,Particulares,380,27442688,6018793,5586852,3841976
2026-09-01,2026,9,Clínica Centro,UCI,Isapres,142,199368000,67778819,43319785,19936800
2026-09-01,2026,9,Clínica Centro,UCI,Fonasa,108,87946560,51550088,32947442,8794656
2026-09-01,2026,9,Clínica Centro,UCI,Convenios con empresas,37,44675280,17660678,11287550,4467528
2026-09-01,2026,9,Clínica Centro,UCI,Particulares,21,33022080,10023628,6406447,3302208
2026-09-01,2026,9,Clínica Centro,UTI,Isapres,178,151798400,56833763,26926396,15179840
2026-09-01,2026,9,Clínica Centro,UTI,Fonasa,136,67268864,43423549,20572977,6726886
2026-09-01,2026,9,Clínica Centro,UTI,Convenios con empresas,47,34470176,15006668,7109779,3447018
2026-09-01,2026,9,Clínica Centro,UTI,Particulares,27,25788672,8620852,4084341,2578867
2026-09-01,2026,9,Clínica Centro,Médico-quirúrgico,Isapres,817,310133200,116245481,59458680,37215984
2026-09-01,2026,9,Clínica Centro,Médico-quirúrgico,Fonasa,622,136944496,88500231,45267195,16433340
2026-09-01,2026,9,Clínica Centro,Médico-quirúrgico,Convenios con empresas,213,69535128,30306349,15501467,8344215
2026-09-01,2026,9,Clínica Centro,Médico-quirúrgico,Particulares,124,52718848,17643133,9024328,6326262
2026-09-01,2026,9,Clínica Centro,Pediatría,Isapres,172,60819200,37223447,10979072,7298304
2026-09-01,2026,9,Clínica Centro,Pediatría,Fonasa,131,26866528,28350416,8361967,3223983
2026-09-01,2026,9,Clínica Centro,Pediatría,Convenios con empresas,45,13684320,9738693,2872432,1642118
2026-09-01,2026,9,Clínica Centro,Pediatría,Particulares,25,9900800,5410385,1595795,1188096
2026-09-01,2026,9,Clínica Centro,Maternidad,Isapres,140,48048000,28991150,8035210,8648640
2026-09-01,2026,9,Clínica Centro,Maternidad,Fonasa,107,21298992,22157522,6141196,3833819
2026-09-01,2026,9,Clínica Centro,Maternidad,Convenios con empresas,37,10920624,7661947,2123591,1965712
2026-09-01,2026,9,Clínica Centro,Maternidad,Particulares,21,8072064,4348673,1205282,1452972
2026-09-01,2026,9,Clínica Centro,Pabellón,Isapres,282,568815127,69710060,119544607,125139328
2026-09-01,2026,9,Clínica Centro,Pabellón,Fonasa,215,251529242,53147740,91142165,55336433
2026-09-01,2026,9,Clínica Centro,Pabellón,Convenios con empresas,74,128366648,18292711,31369861,28240663
2026-09-01,2026,9,Clínica Centro,Pabellón,Particulares,43,97142328,10629548,18228433,21371312
2026-09-01,2026,9,Clínica Centro,Urgencia,Isapres,2572,237240470,100926803,35627515,71172141
2026-09-01,2026,9,Clínica Centro,Urgencia,Fonasa,1957,104697577,76793839,27108494,31409273
2026-09-01,2026,9,Clínica Centro,Urgencia,Convenios con empresas,671,53227833,26330437,9294737,15968350
2026-09-01,2026,9,Clínica Centro,Urgencia,Particulares,391,40393603,15343072,5416158,12118081
2026-09-01,2026,9,Clínica Centro,Consultas,Isapres,4286,187212480,24659067,10801843,108583238
2026-09-01,2026,9,Clínica Centro,Consultas,Fonasa,3261,82615478,18761833,8218574,47916977
2026-09-01,2026,9,Clínica Centro,Consultas,Convenios con empresas,1118,41997446,6432300,2817653,24358519
2026-09-01,2026,9,Clínica Centro,Consultas,Particulares,652,31896883,3751216,1643211,18500192
2026-09-01,2026,9,Clínica Centro,Laboratorio,Isapres,7895,78002600,18322790,24756443,3900130
2026-09-01,2026,9,Clínica Centro,Laboratorio,Fonasa,6007,34422513,13941102,18836219,1721126
2026-09-01,2026,9,Clínica Centro,Laboratorio,Convenios con empresas,2060,17503408,4780867,6459566,875170
2026-09-01,2026,9,Clínica Centro,Laboratorio,Particulares,1202,13300851,2789613,3769125,665043
2026-09-01,2026,9,Clínica Centro,Imagenología,Isapres,1742,112324160,29993655,25005269,15725382
2026-09-01,2026,9,Clínica Centro,Imagenología,Fonasa,1326,49590278,22830991,19033861,6942639
2026-09-01,2026,9,Clínica Centro,Imagenología,Convenios con empresas,455,25231024,7834164,6531227,3532343
2026-09-01,2026,9,Clínica Centro,Imagenología,Particulares,265,19137664,4562755,3803901,2679273
2026-09-01,2026,9,Clínica Poniente,UCI,Isapres,62,87048000,30254940,19450398,8704800
2026-09-01,2026,9,Clínica Poniente,UCI,Fonasa,113,92018160,55142068,35449919,9201816
2026-09-01,2026,9,Clínica Poniente,UCI,Convenios con empresas,20,24148800,9759658,6274322,2414880
2026-09-01,2026,9,Clínica Poniente,UCI,Particulares,10,15724800,4879829,3137161,1572480
2026-09-01,2026,9,Clínica Poniente,UTI,Isapres,71,60548800,23353454,10413309,6054880
2026-09-01,2026,9,Clínica Poniente,UTI,Fonasa,130,64301120,42759846,19066623,6430112
2026-09-01,2026,9,Clínica Poniente,UTI,Convenios con empresas,24,17601792,7894125,3519992,1760179
2026-09-01,2026,9,Clínica Poniente,UTI,Particulares,11,10506496,3618141,1613330,1050650
2026-09-01,2026,9,Clínica Poniente,Médico-quirúrgico,Isapres,358,135896800,55357870,25743025,16307616
2026-09-01,2026,9,Clínica Poniente,Médico-quirúrgico,Fonasa,657,144650376,101592515,47243485,17358045
2026-09-01,2026,9,Clínica Poniente,Médico-quirúrgico,Convenios con empresas,120,39174720,18555710,8628947,4700966
2026-09-01,2026,9,Clínica Poniente,Médico-quirúrgico,Particulares,60,25509120,9277855,4314474,3061094
2026-09-01,2026,9,Clínica Poniente,Pediatría,Isapres,85,30056000,18977257,5486868,3606720
2026-09-01,2026,9,Clínica Poniente,Pediatría,Fonasa,156,31993728,34828847,10070016,3839247
2026-09-01,2026,9,Clínica Poniente,Pediatría,Convenios con empresas,28,8514688,6251332,1807439,1021763
2026-09-01,2026,9,Clínica Poniente,Pediatría,Particulares,14,5544448,3125666,903719,665334
2026-09-01,2026,9,Clínica Poniente,Maternidad,Isapres,73,25053600,14308769,4456221,4509648
2026-09-01,2026,9,Clínica Poniente,Maternidad,Fonasa,133,26474448,26069402,8118868,4765401
2026-09-01,2026,9,Clínica Poniente,Maternidad,Convenios con empresas,24,7083648,4704253,1465059,1275057
2026-09-01,2026,9,Clínica Poniente,Maternidad,Particulares,12,4612608,2352126,732529,830269
2026-09-01,2026,9,Clínica Poniente,Pabellón,Isapres,106,214499558,29905548,44183102,47189903
2026-09-01,2026,9,Clínica Poniente,Pabellón,Fonasa,194,227693304,54732795,80863413,50092527
2026-09-01,2026,9,Clínica Poniente,Pabellón,Convenios con empresas,35,60909780,9874473,14588760,13400152
2026-09-01,2026,9,Clínica Poniente,Pabellón,Particulares,18,40795388,5078301,7502791,8974985
2026-09-01,2026,9,Clínica Poniente,Urgencia,Isapres,1442,136144795,57297958,19563900,40843438
2026-09-01,2026,9,Clínica Poniente,Urgencia,Fonasa,2643,144730792,105019766,35858105,43419238
2026-09-01,2026,9,Clínica Poniente,Urgencia,Convenios con empresas,481,39055240,19112564,6525822,11716572
2026-09-01,2026,9,Clínica Poniente,Urgencia,Particulares,240,25378447,9536415,3256128,7613534
2026-09-01,2026,9,Clínica Poniente,Consultas,Isapres,2284,99765120,13330405,5690979,57863770
2026-09-01,2026,9,Clínica Poniente,Consultas,Fonasa,4187,106075133,24437130,10432630,61523577
2026-09-01,2026,9,Clínica Poniente,Consultas,Convenios con empresas,761,28586813,4441523,1896162,16580351
2026-09-01,2026,9,Clínica Poniente,Consultas,Particulares,380,18590208,2217843,946835,10782321
2026-09-01,2026,9,Clínica Poniente,Laboratorio,Isapres,3932,38848160,9346933,12646359,1942408
2026-09-01,2026,9,Clínica Poniente,Laboratorio,Fonasa,7208,41304723,17134459,23182847,2065236
2026-09-01,2026,9,Clínica Poniente,Laboratorio,Convenios con empresas,1311,11139305,3116437,4216525,556965
2026-09-01,2026,9,Clínica Poniente,Laboratorio,Particulares,655,7247968,1557030,2106654,362398
2026-09-01,2026,9,Clínica Poniente,Imagenología,Isapres,951,61320480,15131979,14125838,8584867
2026-09-01,2026,9,Clínica Poniente,Imagenología,Fonasa,1744,65222810,27749918,25904797,9131193
2026-09-01,2026,9,Clínica Poniente,Imagenología,Convenios con empresas,317,17578538,5043993,4708613,2460995
2026-09-01,2026,9,Clínica Poniente,Imagenología,Particulares,158,11410381,2514041,2346880,1597453
