sprint,industria,equipo,proyecto,issue,puntos,completada
S01,Manufactura,Datos,MAN-LOT,LOT-18,1,1
S01,Manufactura,Datos,MAN-LOT,LOT-19,2,1
S01,Manufactura,Datos,MAN-LOT,LOT-20,1,1
S01,Manufactura,Datos,MAN-LOT,LOT-21,2,1
S01,Manufactura,Datos,MAN-LOT,LOT-22,3,1
S01,Manufactura,Datos,MAN-LOT,LOT-23,3,0
S01,Manufactura,Datos,MAN-LOT,LOT-24,1,1
S01,Manufactura,Datos,MAN-LOT,LOT-25,3,1
S01,Manufactura,Datos,MAN-LOT,LOT-26,1,0
S02,Manufactura,Datos,MAN-LOT,LOT-23,3,1
S02,Manufactura,Datos,MAN-LOT,LOT-26,1,1
S02,Manufactura,Datos,MAN-LOT,LOT-27,3,1
S03,Manufactura,Datos,MAN-LOT,LOT-29,3,1
S03,Manufactura,Datos,MAN-LOT,LOT-33,5,1
S03,Manufactura,Datos,MAN-LOT,LOT-34,2,1
S04,Manufactura,Datos,MAN-LOT,LOT-40,5,1
S04,Manufactura,Datos,MAN-LOT,LOT-42,2,1
S04,Manufactura,Datos,MAN-LOT,LOT-44,2,1
S05,Manufactura,Datos,MAN-LOT,LOT-46,5,1
S05,Manufactura,Datos,MAN-LOT,LOT-48,3,1
S05,Manufactura,Datos,MAN-LOT,LOT-54,3,1
S05,Manufactura,Datos,MAN-LOT,LOT-55,3,1
S06,Manufactura,Datos,MAN-ERP,ERP-43,2,1
S06,Manufactura,Datos,MAN-ERP,ERP-44,5,0
S06,Manufactura,Datos,MAN-ERP,ERP-45,2,1
S06,Manufactura,Datos,MAN-LOT,LOT-60,5,1
S06,Manufactura,Datos,MAN-LOT,LOT-61,2,1
S07,Manufactura,Datos,MAN-ERP,ERP-44,5,1
S07,Manufactura,Datos,MAN-ERP,ERP-47,3,1
S07,Manufactura,Datos,MAN-LOT,LOT-64,5,1
S08,Manufactura,Datos,MAN-ERP,ERP-50,5,1
S08,Manufactura,Datos,MAN-ERP,ERP-51,2,1
S08,Manufactura,Datos,MAN-ERP,ERP-52,3,1
S08,Manufactura,Datos,MAN-LOT,LOT-70,3,1
S08,Manufactura,Datos,MAN-LOT,LOT-71,2,1
S08,Manufactura,Datos,MAN-LOT,LOT-72,2,1
S09,Manufactura,Datos,MAN-ERP,ERP-54,5,0
S09,Manufactura,Datos,MAN-ERP,ERP-55,3,1
S09,Manufactura,Datos,MAN-LOT,LOT-74,5,1
S09,Manufactura,Datos,MAN-LOT,LOT-76,2,1
S10,Manufactura,Datos,MAN-ERP,ERP-54,5,1
S10,Manufactura,Datos,MAN-ERP,ERP-56,3,1
S10,Manufactura,Datos,MAN-ERP,ERP-57,2,1
S10,Manufactura,Datos,MAN-ERP,ERP-58,5,1
S10,Manufactura,Datos,MAN-ERP,ERP-59,2,1
S11,Manufactura,Datos,MAN-ERP,ERP-62,3,1
S11,Manufactura,Datos,MAN-ERP,ERP-63,3,0
S11,Manufactura,Datos,MAN-ERP,ERP-64,5,1
S11,Manufactura,Datos,MAN-ERP,ERP-65,3,1
S11,Manufactura,Datos,MAN-ERP,ERP-66,2,1
S12,Manufactura,Datos,MAN-ERP,ERP-63,3,1
S12,Manufactura,Datos,MAN-ERP,ERP-68,2,1
S12,Manufactura,Datos,MAN-ERP,ERP-69,2,1
S12,Manufactura,Datos,MAN-LOT,LOT-87,3,1
S12,Manufactura,Datos,MAN-LOT,LOT-88,2,1
S12,Manufactura,Datos,MAN-LOT,LOT-89,3,1
S12,Manufactura,Datos,MAN-LOT,LOT-90,2,1
S13,Manufactura,Datos,MAN-ERP,ERP-72,1,1
S13,Manufactura,Datos,MAN-ERP,ERP-73,5,1
S13,Manufactura,Datos,MAN-LOT,LOT-91,5,1
S13,Manufactura,Datos,MAN-LOT,LOT-92,2,1
S13,Manufactura,Datos,MAN-LOT,LOT-93,2,1
S14,Manufactura,Datos,MAN-ERP,ERP-75,2,1
S14,Manufactura,Datos,MAN-ERP,ERP-77,2,1
S14,Manufactura,Datos,MAN-ERP,ERP-78,2,1
S14,Manufactura,Datos,MAN-ERP,ERP-79,1,1
S14,Manufactura,Datos,MAN-ERP,ERP-80,3,1
S14,Manufactura,Datos,MAN-LOT,LOT-97,5,1
S15,Manufactura,Datos,MAN-ERP,ERP-81,3,1
S15,Manufactura,Datos,MAN-ERP,ERP-82,2,1
S15,Manufactura,Datos,MAN-ERP,ERP-83,3,1
S15,Manufactura,Datos,MAN-LOT,LOT-103,3,1
S15,Manufactura,Datos,MAN-LOT,LOT-105,2,1
S16,Manufactura,Datos,MAN-ERP,ERP-84,3,1
S16,Manufactura,Datos,MAN-ERP,ERP-87,3,1
S16,Manufactura,Datos,MAN-ERP,ERP-88,3,0
S16,Manufactura,Datos,MAN-LOT,LOT-108,5,1
S16,Manufactura,Datos,MAN-LOT,LOT-109,2,1
S17,Manufactura,Datos,MAN-ERP,ERP-88,3,1
S17,Manufactura,Datos,MAN-ERP,ERP-89,2,1
S17,Manufactura,Datos,MAN-ERP,ERP-91,5,1
S17,Manufactura,Datos,MAN-ERP,ERP-92,5,1
S18,Manufactura,Datos,MAN-ERP,ERP-93,3,1
S18,Manufactura,Datos,MAN-LOT,LOT-116,5,1
S18,Manufactura,Datos,MAN-LOT,LOT-117,2,1
S18,Manufactura,Datos,MAN-LOT,LOT-118,5,1
S19,Manufactura,Datos,MAN-ERP,ERP-96,2,0
S19,Manufactura,Datos,MAN-ERP,ERP-97,3,1
S19,Manufactura,Datos,MAN-LOT,LOT-121,3,1
S19,Manufactura,Datos,MAN-LOT,LOT-122,2,1
S19,Manufactura,Datos,MAN-LOT,LOT-123,3,0
S20,Manufactura,Datos,MAN-LOT,LOT-123,3,1
S20,Manufactura,Datos,MAN-LOT,LOT-125,2,1
S20,Manufactura,Datos,MAN-LOT,LOT-128,1,1
S20,Manufactura,Datos,MAN-LOT,LOT-129,5,1
S20,Manufactura,Datos,MAN-LOT,LOT-130,2,1
S21,Manufactura,Datos,MAN-ERP,ERP-101,2,1
S21,Manufactura,Datos,MAN-LOT,LOT-133,2,1
S21,Manufactura,Datos,MAN-LOT,LOT-134,5,0
S21,Manufactura,Datos,MAN-LOT,LOT-135,2,1
S21,Manufactura,Datos,MAN-LOT,LOT-136,2,1
S21,Manufactura,Datos,MAN-LOT,LOT-137,2,1
S21,Manufactura,Datos,MAN-POR,POR-14,2,1
S22,Manufactura,Datos,MAN-ERP,ERP-104,2,1
S22,Manufactura,Datos,MAN-ERP,ERP-105,3,1
S22,Manufactura,Datos,MAN-ERP,ERP-106,2,1
S22,Manufactura,Datos,MAN-LOT,LOT-134,5,1
S23,Manufactura,Datos,MAN-ERP,ERP-107,3,1
S23,Manufactura,Datos,MAN-ERP,ERP-108,3,1
S23,Manufactura,Datos,MAN-ERP,ERP-109,5,0
S23,Manufactura,Datos,MAN-ERP,ERP-110,3,1
S24,Manufactura,Datos,MAN-ERP,ERP-109,5,1
S24,Manufactura,Datos,MAN-ERP,ERP-113,5,1
S24,Manufactura,Datos,MAN-ERP,ERP-114,3,1
S25,Manufactura,Datos,MAN-ERP,ERP-115,5,1
S25,Manufactura,Datos,MAN-ERP,ERP-118,3,1
S25,Manufactura,Datos,MAN-ERP,ERP-119,5,0
S26,Manufactura,Datos,MAN-ERP,ERP-121,5,1
S26,Manufactura,Datos,MAN-ERP,ERP-124,3,1
S26,Manufactura,Datos,MAN-ERP,ERP-125,2,1
S26,Manufactura,Datos,MAN-ERP,ERP-126,5,0
S27,Manufactura,Datos,MAN-ERP,ERP-126,5,1
S27,Manufactura,Datos,MAN-ERP,ERP-129,3,1
S27,Manufactura,Datos,MAN-ERP,ERP-133,3,1
S27,Manufactura,Datos,MAN-POR,POR-26,5,1
S28,Manufactura,Datos,MAN-ERP,ERP-135,2,1
S28,Manufactura,Datos,MAN-ERP,ERP-138,5,1
S28,Manufactura,Datos,MAN-ERP,ERP-139,3,1
S28,Manufactura,Datos,MAN-ERP,ERP-140,3,1
S28,Manufactura,Datos,MAN-ERP,ERP-141,2,0
S28,Manufactura,Datos,MAN-ERP,ERP-142,3,0
S29,Manufactura,Datos,MAN-ERP,ERP-142,3,1
S29,Manufactura,Datos,MAN-ERP,ERP-143,2,1
S29,Manufactura,Datos,MAN-ERP,ERP-145,3,1
S29,Manufactura,Datos,MAN-ERP,ERP-146,3,1
S29,Manufactura,Datos,MAN-POR,POR-30,3,1
S29,Manufactura,Datos,MAN-POR,POR-32,3,1
S30,Manufactura,Datos,MAN-ERP,ERP-149,1,1
S30,Manufactura,Datos,MAN-ERP,ERP-150,2,1
S30,Manufactura,Datos,MAN-ERP,ERP-151,3,1
S30,Manufactura,Datos,MAN-ERP,ERP-152,1,1
S30,Manufactura,Datos,MAN-POR,POR-34,1,1
S30,Manufactura,Datos,MAN-PRE,PRE-18,3,1
S30,Manufactura,Datos,MAN-PRE,PRE-19,5,0
S30,Manufactura,Datos,MAN-POR,POR-35,2,1
S31,Manufactura,Datos,MAN-ERP,ERP-153,5,1
S31,Manufactura,Datos,MAN-ERP,ERP-154,3,1
S31,Manufactura,Datos,MAN-PRE,PRE-19,5,1
S32,Manufactura,Datos,MAN-ERP,ERP-158,5,0
S32,Manufactura,Datos,MAN-ERP,ERP-159,3,1
S32,Manufactura,Datos,MAN-PRE,PRE-27,2,1
S32,Manufactura,Datos,MAN-PRE,PRE-28,2,1
S32,Manufactura,Datos,MAN-PRE,PRE-29,2,1
S32,Manufactura,Datos,MAN-PRE,PRE-30,3,0
S33,Manufactura,Datos,MAN-ERP,ERP-158,5,1
S33,Manufactura,Datos,MAN-ERP,ERP-162,3,1
S33,Manufactura,Datos,MAN-ERP,ERP-163,3,1
S33,Manufactura,Datos,MAN-ERP,ERP-164,2,1
S34,Manufactura,Datos,MAN-ERP,ERP-166,3,1
S34,Manufactura,Datos,MAN-POR,POR-38,3,1
S34,Manufactura,Datos,MAN-POR,POR-39,3,1
S34,Manufactura,Datos,MAN-POR,POR-40,3,1
S34,Manufactura,Datos,MAN-PRE,PRE-35,3,1
S34,Manufactura,Datos,MAN-PRE,PRE-38,2,1
S35,Manufactura,Datos,MAN-ERP,ERP-169,2,1
S35,Manufactura,Datos,MAN-ERP,ERP-170,1,1
S35,Manufactura,Datos,MAN-ERP,ERP-171,5,0
S35,Manufactura,Datos,MAN-ERP,ERP-172,5,0
S35,Manufactura,Datos,MAN-POR,POR-41,3,1
S36,Manufactura,Datos,MAN-ERP,ERP-171,5,0
S36,Manufactura,Datos,MAN-ERP,ERP-172,5,1
S36,Manufactura,Datos,MAN-ERP,ERP-173,3,1
S36,Manufactura,Datos,MAN-ERP,ERP-174,2,1
S37,Manufactura,Datos,MAN-ERP,ERP-176,5,1
S37,Manufactura,Datos,MAN-ERP,ERP-178,5,0
S37,Manufactura,Datos,MAN-ERP,ERP-179,5,0
S38,Manufactura,Datos,MAN-ERP,ERP-181,3,1
S38,Manufactura,Datos,MAN-PRE,PRE-56,5,1
S38,Manufactura,Datos,MAN-PRE,PRE-57,2,1
S38,Manufactura,Datos,MAN-PRE,PRE-58,1,1
S38,Manufactura,Datos,MAN-PRE,PRE-59,2,1
S38,Manufactura,Datos,MAN-PRE,PRE-60,1,1
S39,Manufactura,Datos,MAN-ERP,ERP-141,2,1
S39,Manufactura,Datos,MAN-ERP,ERP-183,3,1
S39,Manufactura,Datos,MAN-ERP,ERP-184,2,1
S39,Manufactura,Datos,MAN-PRE,PRE-62,5,1
S39,Manufactura,Datos,MAN-PRE,PRE-63,3,1
S40,Manufactura,Datos,MAN-ERP,ERP-148,5,1
S40,Manufactura,Datos,MAN-ERP,ERP-185,3,1
S40,Manufactura,Datos,MAN-ERP,ERP-186,2,1
S40,Manufactura,Datos,MAN-PRE,PRE-70,2,0
S40,Manufactura,Datos,MAN-PRE,PRE-71,3,1
S40,Manufactura,Datos,MAN-PRE,PRE-72,2,1
S41,Manufactura,Datos,MAN-PRE,PRE-74,3,1
S41,Manufactura,Datos,MAN-PRE,PRE-79,2,1
S41,Manufactura,Datos,MAN-PRE,PRE-80,5,1
S41,Manufactura,Datos,MAN-PRE,PRE-81,1,1
S41,Manufactura,Datos,MAN-PRE,PRE-82,2,1
S41,Manufactura,Datos,MAN-PRE,PRE-83,1,1
S41,Manufactura,Datos,MAN-PRE,PRE-84,2,0
S41,Manufactura,Datos,MAN-PRE,PRE-85,2,0
S42,Manufactura,Datos,MAN-PRE,PRE-86,5,1
S42,Manufactura,Datos,MAN-PRE,PRE-88,2,1
S42,Manufactura,Datos,MAN-PRE,PRE-89,2,1
S42,Manufactura,Datos,MAN-PRE,PRE-90,2,1
S42,Manufactura,Datos,MAN-PRE,PRE-91,5,1
S43,Manufactura,Datos,MAN-PRE,PRE-93,3,1
S43,Manufactura,Datos,MAN-PRE,PRE-95,3,1
S43,Manufactura,Datos,MAN-PRE,PRE-96,2,1
S43,Manufactura,Datos,MAN-PRE,PRE-98,2,1
S43,Manufactura,Datos,MAN-PRE,PRE-100,2,1
S43,Manufactura,Datos,MAN-PRE,PRE-101,3,0
S44,Manufactura,Datos,MAN-PRE,PRE-101,3,1
S44,Manufactura,Datos,MAN-PRE,PRE-103,5,1
S44,Manufactura,Datos,MAN-PRE,PRE-105,3,1
S45,Manufactura,Datos,MAN-ERP,ERP-171,5,1
S45,Manufactura,Datos,MAN-PRE,PRE-112,5,1
S45,Manufactura,Datos,MAN-PRE,PRE-113,3,1
S01,Manufactura,Integraciones,MAN-LOT,LOT-141,2,1
S01,Manufactura,Integraciones,MAN-LOT,LOT-142,3,1
S01,Manufactura,Integraciones,MAN-LOT,LOT-143,3,0
S01,Manufactura,Integraciones,MAN-LOT,LOT-144,2,1
S01,Manufactura,Integraciones,MAN-LOT,LOT-145,2,1
S01,Manufactura,Integraciones,MAN-LOT,LOT-146,2,0
S01,Manufactura,Integraciones,MAN-LOT,LOT-147,2,1
S02,Manufactura,Integraciones,MAN-LOT,LOT-143,3,1
S02,Manufactura,Integraciones,MAN-LOT,LOT-146,2,1
S03,Manufactura,Integraciones,MAN-LOT,LOT-153,3,1
S03,Manufactura,Integraciones,MAN-LOT,LOT-154,3,1
S03,Manufactura,Integraciones,MAN-LOT,LOT-156,5,1
S04,Manufactura,Integraciones,MAN-LOT,LOT-162,2,1
S04,Manufactura,Integraciones,MAN-LOT,LOT-164,2,1
S04,Manufactura,Integraciones,MAN-LOT,LOT-165,5,1
S04,Manufactura,Integraciones,MAN-LOT,LOT-166,1,1
S04,Manufactura,Integraciones,MAN-LOT,LOT-168,1,1
S05,Manufactura,Integraciones,MAN-LOT,LOT-175,2,1
S05,Manufactura,Integraciones,MAN-LOT,LOT-177,2,1
S05,Manufactura,Integraciones,MAN-LOT,LOT-178,3,0
S05,Manufactura,Integraciones,MAN-LOT,LOT-179,3,1
S05,Manufactura,Integraciones,MAN-LOT,LOT-180,2,1
S05,Manufactura,Integraciones,MAN-LOT,LOT-181,1,1
S06,Manufactura,Integraciones,MAN-ERP,ERP-187,5,1
S06,Manufactura,Integraciones,MAN-ERP,ERP-190,2,1
S06,Manufactura,Integraciones,MAN-ERP,ERP-191,2,1
S07,Manufactura,Integraciones,MAN-ERP,ERP-192,2,1
S07,Manufactura,Integraciones,MAN-ERP,ERP-193,3,1
S07,Manufactura,Integraciones,MAN-ERP,ERP-194,2,1
S07,Manufactura,Integraciones,MAN-ERP,ERP-195,2,1
S07,Manufactura,Integraciones,MAN-LOT,LOT-185,5,0
S08,Manufactura,Integraciones,MAN-ERP,ERP-197,3,1
S08,Manufactura,Integraciones,MAN-ERP,ERP-198,2,1
S08,Manufactura,Integraciones,MAN-ERP,ERP-200,5,1
S09,Manufactura,Integraciones,MAN-ERP,ERP-201,5,1
S09,Manufactura,Integraciones,MAN-ERP,ERP-203,3,1
S09,Manufactura,Integraciones,MAN-ERP,ERP-204,2,1
S09,Manufactura,Integraciones,MAN-ERP,ERP-206,1,1
S09,Manufactura,Integraciones,MAN-ERP,ERP-207,2,1
S09,Manufactura,Integraciones,MAN-ERP,ERP-208,1,1
S10,Manufactura,Integraciones,MAN-ERP,ERP-209,3,1
S10,Manufactura,Integraciones,MAN-ERP,ERP-210,5,1
S10,Manufactura,Integraciones,MAN-ERP,ERP-212,2,1
S11,Manufactura,Integraciones,MAN-ERP,ERP-213,5,1
S11,Manufactura,Integraciones,MAN-ERP,ERP-218,3,1
S11,Manufactura,Integraciones,MAN-ERP,ERP-219,2,1
S11,Manufactura,Integraciones,MAN-ERP,ERP-220,3,1
S11,Manufactura,Integraciones,MAN-LOT,LOT-194,3,1
S12,Manufactura,Integraciones,MAN-ERP,ERP-223,2,1
S12,Manufactura,Integraciones,MAN-ERP,ERP-224,2,1
S12,Manufactura,Integraciones,MAN-LOT,LOT-198,2,1
S12,Manufactura,Integraciones,MAN-LOT,LOT-199,2,1
S12,Manufactura,Integraciones,MAN-LOT,LOT-200,3,1
S12,Manufactura,Integraciones,MAN-LOT,LOT-201,3,1
S13,Manufactura,Integraciones,MAN-ERP,ERP-225,5,1
S13,Manufactura,Integraciones,MAN-ERP,ERP-226,2,1
S13,Manufactura,Integraciones,MAN-ERP,ERP-227,3,1
S13,Manufactura,Integraciones,MAN-ERP,ERP-228,2,1
S13,Manufactura,Integraciones,MAN-ERP,ERP-229,2,1
S13,Manufactura,Integraciones,MAN-LOT,LOT-204,1,1
S14,Manufactura,Integraciones,MAN-ERP,ERP-230,5,1
S14,Manufactura,Integraciones,MAN-ERP,ERP-231,3,1
S14,Manufactura,Integraciones,MAN-ERP,ERP-233,3,0
S14,Manufactura,Integraciones,MAN-ERP,ERP-234,2,1
S15,Manufactura,Integraciones,MAN-ERP,ERP-233,3,1
S15,Manufactura,Integraciones,MAN-ERP,ERP-235,3,1
S15,Manufactura,Integraciones,MAN-ERP,ERP-238,2,1
S15,Manufactura,Integraciones,MAN-ERP,ERP-241,3,0
S16,Manufactura,Integraciones,MAN-ERP,ERP-241,3,1
S16,Manufactura,Integraciones,MAN-ERP,ERP-246,5,0
S16,Manufactura,Integraciones,MAN-ERP,ERP-248,3,1
S16,Manufactura,Integraciones,MAN-ERP,ERP-249,1,1
S16,Manufactura,Integraciones,MAN-ERP,ERP-250,3,1
S17,Manufactura,Integraciones,MAN-ERP,ERP-246,5,1
S17,Manufactura,Integraciones,MAN-ERP,ERP-252,3,1
S17,Manufactura,Integraciones,MAN-ERP,ERP-253,5,1
S18,Manufactura,Integraciones,MAN-ERP,ERP-257,3,1
S18,Manufactura,Integraciones,MAN-ERP,ERP-258,2,1
S18,Manufactura,Integraciones,MAN-LOT,LOT-215,3,1
S18,Manufactura,Integraciones,MAN-LOT,LOT-216,3,1
S18,Manufactura,Integraciones,MAN-LOT,LOT-217,3,1
S19,Manufactura,Integraciones,MAN-ERP,ERP-260,2,1
S19,Manufactura,Integraciones,MAN-LOT,LOT-219,2,1
S19,Manufactura,Integraciones,MAN-LOT,LOT-220,5,1
S19,Manufactura,Integraciones,MAN-POR,POR-43,2,1
S20,Manufactura,Integraciones,MAN-ERP,ERP-263,2,1
S20,Manufactura,Integraciones,MAN-ERP,ERP-264,5,1
S20,Manufactura,Integraciones,MAN-LOT,LOT-221,5,1
S21,Manufactura,Integraciones,MAN-ERP,ERP-265,2,1
S21,Manufactura,Integraciones,MAN-ERP,ERP-266,3,1
S21,Manufactura,Integraciones,MAN-ERP,ERP-267,3,1
S21,Manufactura,Integraciones,MAN-ERP,ERP-268,2,1
S21,Manufactura,Integraciones,MAN-ERP,ERP-269,3,1
S22,Manufactura,Integraciones,MAN-ERP,ERP-273,3,1
S22,Manufactura,Integraciones,MAN-ERP,ERP-274,3,1
S22,Manufactura,Integraciones,MAN-ERP,ERP-275,2,1
S22,Manufactura,Integraciones,MAN-ERP,ERP-276,3,1
S22,Manufactura,Integraciones,MAN-ERP,ERP-277,3,1
S22,Manufactura,Integraciones,MAN-POR,POR-48,2,1
S23,Manufactura,Integraciones,MAN-ERP,ERP-278,3,1
S23,Manufactura,Integraciones,MAN-ERP,ERP-279,5,0
S23,Manufactura,Integraciones,MAN-ERP,ERP-282,3,1
S23,Manufactura,Integraciones,MAN-ERP,ERP-284,2,1
S23,Manufactura,Integraciones,MAN-ERP,ERP-285,2,1
S24,Manufactura,Integraciones,MAN-ERP,ERP-279,5,1
S24,Manufactura,Integraciones,MAN-ERP,ERP-281,5,1
S24,Manufactura,Integraciones,MAN-ERP,ERP-286,3,1
S25,Manufactura,Integraciones,MAN-ERP,ERP-290,3,1
S25,Manufactura,Integraciones,MAN-ERP,ERP-293,3,0
S25,Manufactura,Integraciones,MAN-ERP,ERP-294,2,1
S25,Manufactura,Integraciones,MAN-ERP,ERP-295,2,1
S25,Manufactura,Integraciones,MAN-POR,POR-52,5,0
S26,Manufactura,Integraciones,MAN-ERP,ERP-293,3,1
S26,Manufactura,Integraciones,MAN-ERP,ERP-296,5,1
S26,Manufactura,Integraciones,MAN-ERP,ERP-297,3,1
S27,Manufactura,Integraciones,MAN-ERP,ERP-298,3,1
S27,Manufactura,Integraciones,MAN-ERP,ERP-299,5,1
S27,Manufactura,Integraciones,MAN-ERP,ERP-302,3,1
S28,Manufactura,Integraciones,MAN-ERP,ERP-303,5,1
S28,Manufactura,Integraciones,MAN-ERP,ERP-305,3,1
S28,Manufactura,Integraciones,MAN-ERP,ERP-308,1,1
S28,Manufactura,Integraciones,MAN-ERP,ERP-309,3,1
S29,Manufactura,Integraciones,MAN-ERP,ERP-310,3,1
S29,Manufactura,Integraciones,MAN-ERP,ERP-312,3,1
S29,Manufactura,Integraciones,MAN-ERP,ERP-313,3,1
S29,Manufactura,Integraciones,MAN-ERP,ERP-314,5,1
S30,Manufactura,Integraciones,MAN-ERP,ERP-315,5,1
S30,Manufactura,Integraciones,MAN-ERP,ERP-317,2,1
S30,Manufactura,Integraciones,MAN-ERP,ERP-318,5,1
S30,Manufactura,Integraciones,MAN-ERP,ERP-319,2,1
S31,Manufactura,Integraciones,MAN-ERP,ERP-321,1,1
S31,Manufactura,Integraciones,MAN-ERP,ERP-322,5,0
S31,Manufactura,Integraciones,MAN-POR,POR-64,2,1
S31,Manufactura,Integraciones,MAN-POR,POR-65,3,1
S31,Manufactura,Integraciones,MAN-PRE,PRE-151,3,1
S31,Manufactura,Integraciones,MAN-PRE,PRE-152,2,1
S32,Manufactura,Integraciones,MAN-ERP,ERP-322,5,1
S32,Manufactura,Integraciones,MAN-ERP,ERP-325,3,0
S32,Manufactura,Integraciones,MAN-ERP,ERP-326,2,1
S32,Manufactura,Integraciones,MAN-ERP,ERP-327,3,1
S33,Manufactura,Integraciones,MAN-ERP,ERP-325,3,1
S33,Manufactura,Integraciones,MAN-ERP,ERP-329,5,1
S33,Manufactura,Integraciones,MAN-ERP,ERP-330,3,1
S33,Manufactura,Integraciones,MAN-ERP,ERP-331,3,1
S34,Manufactura,Integraciones,MAN-ERP,ERP-333,3,0
S34,Manufactura,Integraciones,MAN-ERP,ERP-334,2,1
S34,Manufactura,Integraciones,MAN-ERP,ERP-335,2,1
S34,Manufactura,Integraciones,MAN-ERP,ERP-336,3,1
S34,Manufactura,Integraciones,MAN-PRE,PRE-153,3,1
S35,Manufactura,Integraciones,MAN-ERP,ERP-333,3,1
S35,Manufactura,Integraciones,MAN-ERP,ERP-338,5,0
S35,Manufactura,Integraciones,MAN-ERP,ERP-339,2,1
S35,Manufactura,Integraciones,MAN-POR,POR-72,2,1
S36,Manufactura,Integraciones,MAN-ERP,ERP-338,5,1
S36,Manufactura,Integraciones,MAN-ERP,ERP-343,2,1
S36,Manufactura,Integraciones,MAN-ERP,ERP-344,3,1
S36,Manufactura,Integraciones,MAN-POR,POR-74,3,1
S36,Manufactura,Integraciones,MAN-POR,POR-76,2,1
S37,Manufactura,Integraciones,MAN-ERP,ERP-347,3,1
S37,Manufactura,Integraciones,MAN-ERP,ERP-349,5,0
S37,Manufactura,Integraciones,MAN-ERP,ERP-350,5,0
S38,Manufactura,Integraciones,MAN-ERP,ERP-349,5,1
S38,Manufactura,Integraciones,MAN-ERP,ERP-350,5,1
S38,Manufactura,Integraciones,MAN-ERP,ERP-354,5,1
S39,Manufactura,Integraciones,MAN-ERP,ERP-358,5,1
S39,Manufactura,Integraciones,MAN-ERP,ERP-359,2,1
S39,Manufactura,Integraciones,MAN-ERP,ERP-360,2,1
S39,Manufactura,Integraciones,MAN-ERP,ERP-361,2,1
S39,Manufactura,Integraciones,MAN-ERP,ERP-362,3,1
S39,Manufactura,Integraciones,MAN-ERP,ERP-363,2,1
S40,Manufactura,Integraciones,MAN-ERP,ERP-365,5,0
S40,Manufactura,Integraciones,MAN-ERP,ERP-368,5,0
S40,Manufactura,Integraciones,MAN-ERP,ERP-369,2,1
S40,Manufactura,Integraciones,MAN-ERP,ERP-370,2,1
S40,Manufactura,Integraciones,MAN-PRE,PRE-166,2,1
S41,Manufactura,Integraciones,MAN-ERP,ERP-365,5,1
S41,Manufactura,Integraciones,MAN-ERP,ERP-368,5,1
S41,Manufactura,Integraciones,MAN-ERP,ERP-371,2,1
S41,Manufactura,Integraciones,MAN-ERP,ERP-373,2,1
S42,Manufactura,Integraciones,MAN-ERP,ERP-374,3,1
S42,Manufactura,Integraciones,MAN-ERP,ERP-375,3,1
S42,Manufactura,Integraciones,MAN-ERP,ERP-377,2,1
S42,Manufactura,Integraciones,MAN-ERP,ERP-378,3,1
S42,Manufactura,Integraciones,MAN-ERP,ERP-379,3,1
S43,Manufactura,Integraciones,MAN-ERP,ERP-382,5,1
S43,Manufactura,Integraciones,MAN-ERP,ERP-383,3,0
S43,Manufactura,Integraciones,MAN-ERP,ERP-384,3,1
S44,Manufactura,Integraciones,MAN-ERP,ERP-383,3,1
S44,Manufactura,Integraciones,MAN-ERP,ERP-387,3,1
S44,Manufactura,Integraciones,MAN-ERP,ERP-388,3,1
S44,Manufactura,Integraciones,MAN-ERP,ERP-389,3,1
S44,Manufactura,Integraciones,MAN-ERP,ERP-390,2,1
S45,Manufactura,Integraciones,MAN-ERP,ERP-391,5,1
S45,Manufactura,Integraciones,MAN-ERP,ERP-393,5,1
S01,Manufactura,Plataforma,MAN-LOT,LOT-223,1,1
S01,Manufactura,Plataforma,MAN-LOT,LOT-224,3,1
S01,Manufactura,Plataforma,MAN-LOT,LOT-225,3,1
S01,Manufactura,Plataforma,MAN-LOT,LOT-226,2,1
S01,Manufactura,Plataforma,MAN-LOT,LOT-227,3,1
S01,Manufactura,Plataforma,MAN-LOT,LOT-228,2,1
S02,Manufactura,Plataforma,MAN-LOT,LOT-229,5,1
S02,Manufactura,Plataforma,MAN-LOT,LOT-230,1,1
S02,Manufactura,Plataforma,MAN-LOT,LOT-231,2,1
S03,Manufactura,Plataforma,MAN-LOT,LOT-236,5,1
S04,Manufactura,Plataforma,MAN-LOT,LOT-239,5,0
S04,Manufactura,Plataforma,MAN-LOT,LOT-241,5,1
S05,Manufactura,Plataforma,MAN-LOT,LOT-239,5,1
S05,Manufactura,Plataforma,MAN-LOT,LOT-247,5,1
S05,Manufactura,Plataforma,MAN-LOT,LOT-248,1,1
S06,Manufactura,Plataforma,MAN-ERP,ERP-396,3,1
S06,Manufactura,Plataforma,MAN-ERP,ERP-397,2,1
S06,Manufactura,Plataforma,MAN-LOT,LOT-242,1,1
S06,Manufactura,Plataforma,MAN-LOT,LOT-252,5,1
S06,Manufactura,Plataforma,MAN-ERP,ERP-398,3,1
S07,Manufactura,Plataforma,MAN-ERP,ERP-400,1,1
S07,Manufactura,Plataforma,MAN-ERP,ERP-401,5,0
S07,Manufactura,Plataforma,MAN-LOT,LOT-253,5,1
S08,Manufactura,Plataforma,MAN-ERP,ERP-401,5,1
S08,Manufactura,Plataforma,MAN-ERP,ERP-403,5,1
S09,Manufactura,Plataforma,MAN-ERP,ERP-405,5,1
S09,Manufactura,Plataforma,MAN-ERP,ERP-408,5,0
S10,Manufactura,Plataforma,MAN-ERP,ERP-408,5,1
S10,Manufactura,Plataforma,MAN-ERP,ERP-412,2,1
S10,Manufactura,Plataforma,MAN-ERP,ERP-413,3,1
S11,Manufactura,Plataforma,MAN-ERP,ERP-415,3,1
S11,Manufactura,Plataforma,MAN-ERP,ERP-416,2,1
S11,Manufactura,Plataforma,MAN-ERP,ERP-417,5,1
S12,Manufactura,Plataforma,MAN-ERP,ERP-420,2,1
S12,Manufactura,Plataforma,MAN-ERP,ERP-422,2,1
S12,Manufactura,Plataforma,MAN-LOT,LOT-265,5,1
S12,Manufactura,Plataforma,MAN-LOT,LOT-266,2,1
S13,Manufactura,Plataforma,MAN-ERP,ERP-425,3,1
S13,Manufactura,Plataforma,MAN-ERP,ERP-426,3,1
S13,Manufactura,Plataforma,MAN-ERP,ERP-427,2,1
S13,Manufactura,Plataforma,MAN-ERP,ERP-428,2,1
S14,Manufactura,Plataforma,MAN-ERP,ERP-429,5,1
S14,Manufactura,Plataforma,MAN-ERP,ERP-432,1,1
S14,Manufactura,Plataforma,MAN-ERP,ERP-433,2,1
S14,Manufactura,Plataforma,MAN-ERP,ERP-434,2,1
S14,Manufactura,Plataforma,MAN-ERP,ERP-435,2,1
S14,Manufactura,Plataforma,MAN-ERP,ERP-436,2,1
S15,Manufactura,Plataforma,MAN-ERP,ERP-439,3,1
S15,Manufactura,Plataforma,MAN-ERP,ERP-440,5,1
S15,Manufactura,Plataforma,MAN-LOT,LOT-269,3,1
S15,Manufactura,Plataforma,MAN-LOT,LOT-270,3,1
S16,Manufactura,Plataforma,MAN-ERP,ERP-441,3,1
S16,Manufactura,Plataforma,MAN-ERP,ERP-442,5,1
S16,Manufactura,Plataforma,MAN-LOT,LOT-272,5,1
S17,Manufactura,Plataforma,MAN-ERP,ERP-437,5,1
S17,Manufactura,Plataforma,MAN-ERP,ERP-444,5,1
S17,Manufactura,Plataforma,MAN-ERP,ERP-445,2,1
S18,Manufactura,Plataforma,MAN-ERP,ERP-447,3,1
S18,Manufactura,Plataforma,MAN-ERP,ERP-449,3,1
S18,Manufactura,Plataforma,MAN-ERP,ERP-450,1,1
S18,Manufactura,Plataforma,MAN-ERP,ERP-451,3,1
S19,Manufactura,Plataforma,MAN-ERP,ERP-452,5,1
S19,Manufactura,Plataforma,MAN-ERP,ERP-454,3,1
S19,Manufactura,Plataforma,MAN-ERP,ERP-455,2,1
S20,Manufactura,Plataforma,MAN-ERP,ERP-457,2,1
S20,Manufactura,Plataforma,MAN-ERP,ERP-458,2,1
S20,Manufactura,Plataforma,MAN-ERP,ERP-459,3,1
S20,Manufactura,Plataforma,MAN-POR,POR-83,5,1
S21,Manufactura,Plataforma,MAN-ERP,ERP-462,2,1
S21,Manufactura,Plataforma,MAN-ERP,ERP-463,5,0
S21,Manufactura,Plataforma,MAN-POR,POR-82,2,1
S22,Manufactura,Plataforma,MAN-ERP,ERP-463,5,1
S22,Manufactura,Plataforma,MAN-ERP,ERP-465,3,0
S22,Manufactura,Plataforma,MAN-POR,POR-86,2,1
S23,Manufactura,Plataforma,MAN-ERP,ERP-465,3,1
S23,Manufactura,Plataforma,MAN-ERP,ERP-467,3,1
S23,Manufactura,Plataforma,MAN-POR,POR-90,5,1
S23,Manufactura,Plataforma,MAN-POR,POR-94,2,1
S24,Manufactura,Plataforma,MAN-ERP,ERP-470,2,1
S24,Manufactura,Plataforma,MAN-ERP,ERP-471,2,1
S24,Manufactura,Plataforma,MAN-ERP,ERP-472,3,1
S24,Manufactura,Plataforma,MAN-ERP,ERP-473,2,1
S24,Manufactura,Plataforma,MAN-POR,POR-97,3,1
S25,Manufactura,Plataforma,MAN-ERP,ERP-475,5,1
S25,Manufactura,Plataforma,MAN-POR,POR-99,2,1
S25,Manufactura,Plataforma,MAN-POR,POR-100,5,1
S26,Manufactura,Plataforma,MAN-ERP,ERP-478,5,1
S26,Manufactura,Plataforma,MAN-ERP,ERP-479,5,1
S26,Manufactura,Plataforma,MAN-ERP,ERP-480,3,1
S27,Manufactura,Plataforma,MAN-POR,POR-106,5,1
S27,Manufactura,Plataforma,MAN-POR,POR-107,3,0
S27,Manufactura,Plataforma,MAN-POR,POR-108,2,1
S27,Manufactura,Plataforma,MAN-POR,POR-109,2,0
S28,Manufactura,Plataforma,MAN-ERP,ERP-482,3,1
S28,Manufactura,Plataforma,MAN-ERP,ERP-486,5,1
S28,Manufactura,Plataforma,MAN-ERP,ERP-488,3,1
S29,Manufactura,Plataforma,MAN-ERP,ERP-491,3,1
S29,Manufactura,Plataforma,MAN-ERP,ERP-492,2,1
S29,Manufactura,Plataforma,MAN-ERP,ERP-493,2,1
S29,Manufactura,Plataforma,MAN-POR,POR-113,3,1
S29,Manufactura,Plataforma,MAN-POR,POR-114,2,1
S30,Manufactura,Plataforma,MAN-ERP,ERP-494,3,1
S30,Manufactura,Plataforma,MAN-ERP,ERP-495,2,1
S30,Manufactura,Plataforma,MAN-ERP,ERP-496,2,1
S30,Manufactura,Plataforma,MAN-ERP,ERP-497,2,1
S30,Manufactura,Plataforma,MAN-ERP,ERP-498,2,1
S31,Manufactura,Plataforma,MAN-ERP,ERP-501,5,1
S31,Manufactura,Plataforma,MAN-POR,POR-117,3,1
S31,Manufactura,Plataforma,MAN-PRE,PRE-208,5,1
S32,Manufactura,Plataforma,MAN-ERP,ERP-502,3,1
S32,Manufactura,Plataforma,MAN-ERP,ERP-503,5,0
S32,Manufactura,Plataforma,MAN-PRE,PRE-211,5,1
S33,Manufactura,Plataforma,MAN-ERP,ERP-503,5,1
S33,Manufactura,Plataforma,MAN-ERP,ERP-504,3,1
S33,Manufactura,Plataforma,MAN-ERP,ERP-505,2,1
S33,Manufactura,Plataforma,MAN-ERP,ERP-506,1,1
S34,Manufactura,Plataforma,MAN-ERP,ERP-508,5,1
S34,Manufactura,Plataforma,MAN-ERP,ERP-511,2,1
S34,Manufactura,Plataforma,MAN-ERP,ERP-512,3,1
S35,Manufactura,Plataforma,MAN-POR,POR-120,2,1
S35,Manufactura,Plataforma,MAN-PRE,PRE-214,3,1
S35,Manufactura,Plataforma,MAN-PRE,PRE-215,2,1
S35,Manufactura,Plataforma,MAN-PRE,PRE-216,2,1
S35,Manufactura,Plataforma,MAN-PRE,PRE-217,1,1
S35,Manufactura,Plataforma,MAN-ERP,ERP-515,3,1
S36,Manufactura,Plataforma,MAN-ERP,ERP-516,3,1
S36,Manufactura,Plataforma,MAN-ERP,ERP-517,2,1
S36,Manufactura,Plataforma,MAN-PRE,PRE-220,5,1
S36,Manufactura,Plataforma,MAN-PRE,PRE-221,3,1
S37,Manufactura,Plataforma,MAN-ERP,ERP-518,2,1
S37,Manufactura,Plataforma,MAN-ERP,ERP-519,5,1
S37,Manufactura,Plataforma,MAN-ERP,ERP-520,2,1
S37,Manufactura,Plataforma,MAN-PRE,PRE-225,2,1
S37,Manufactura,Plataforma,MAN-PRE,PRE-226,1,1
S38,Manufactura,Plataforma,MAN-ERP,ERP-523,5,1
S38,Manufactura,Plataforma,MAN-ERP,ERP-524,2,1
S38,Manufactura,Plataforma,MAN-ERP,ERP-525,5,1
S39,Manufactura,Plataforma,MAN-ERP,ERP-527,3,1
S39,Manufactura,Plataforma,MAN-ERP,ERP-529,2,1
S39,Manufactura,Plataforma,MAN-ERP,ERP-530,3,1
S39,Manufactura,Plataforma,MAN-ERP,ERP-531,2,1
S39,Manufactura,Plataforma,MAN-ERP,ERP-532,1,1
S39,Manufactura,Plataforma,MAN-PRE,PRE-233,2,1
S40,Manufactura,Plataforma,MAN-ERP,ERP-534,3,1
S40,Manufactura,Plataforma,MAN-ERP,ERP-536,5,1
S40,Manufactura,Plataforma,MAN-PRE,PRE-234,5,1
S41,Manufactura,Plataforma,MAN-ERP,ERP-538,5,1
S41,Manufactura,Plataforma,MAN-ERP,ERP-539,5,1
S41,Manufactura,Plataforma,MAN-ERP,ERP-540,2,1
S42,Manufactura,Plataforma,MAN-ERP,ERP-544,3,1
S42,Manufactura,Plataforma,MAN-ERP,ERP-545,1,1
S42,Manufactura,Plataforma,MAN-ERP,ERP-547,1,1
S42,Manufactura,Plataforma,MAN-PRE,PRE-237,5,1
S42,Manufactura,Plataforma,MAN-PRE,PRE-238,2,1
S43,Manufactura,Plataforma,MAN-ERP,ERP-549,3,1
S43,Manufactura,Plataforma,MAN-ERP,ERP-551,5,1
S44,Manufactura,Plataforma,MAN-ERP,ERP-552,3,1
S44,Manufactura,Plataforma,MAN-ERP,ERP-553,5,0
S45,Manufactura,Plataforma,MAN-ERP,ERP-553,5,1
S45,Manufactura,Plataforma,MAN-ERP,ERP-555,3,1
S45,Manufactura,Plataforma,MAN-ERP,ERP-556,1,1
S01,Manufactura,Producto,MAN-LOT,LOT-277,5,0
S01,Manufactura,Producto,MAN-LOT,LOT-278,3,1
S01,Manufactura,Producto,MAN-LOT,LOT-279,2,1
S01,Manufactura,Producto,MAN-LOT,LOT-280,3,1
S01,Manufactura,Producto,MAN-LOT,LOT-281,2,1
S01,Manufactura,Producto,MAN-LOT,LOT-282,2,1
S01,Manufactura,Producto,MAN-LOT,LOT-283,2,1
S01,Manufactura,Producto,MAN-LOT,LOT-284,3,1
S01,Manufactura,Producto,MAN-LOT,LOT-285,1,1
S01,Manufactura,Producto,MAN-LOT,LOT-286,3,0
S02,Manufactura,Producto,MAN-LOT,LOT-277,5,1
S02,Manufactura,Producto,MAN-LOT,LOT-286,3,1
S02,Manufactura,Producto,MAN-LOT,LOT-288,1,1
S02,Manufactura,Producto,MAN-LOT,LOT-290,5,1
S02,Manufactura,Producto,MAN-LOT,LOT-291,2,1
S03,Manufactura,Producto,MAN-LOT,LOT-293,3,1
S03,Manufactura,Producto,MAN-LOT,LOT-298,3,1
S03,Manufactura,Producto,MAN-LOT,LOT-300,5,1
S03,Manufactura,Producto,MAN-LOT,LOT-301,5,0
S04,Manufactura,Producto,MAN-LOT,LOT-301,5,1
S04,Manufactura,Producto,MAN-LOT,LOT-313,2,1
S04,Manufactura,Producto,MAN-LOT,LOT-314,3,1
S04,Manufactura,Producto,MAN-LOT,LOT-315,3,1
S04,Manufactura,Producto,MAN-LOT,LOT-316,2,1
S04,Manufactura,Producto,MAN-LOT,LOT-317,1,1
S04,Manufactura,Producto,MAN-LOT,LOT-318,3,1
S05,Manufactura,Producto,MAN-LOT,LOT-324,3,1
S05,Manufactura,Producto,MAN-LOT,LOT-327,2,1
S05,Manufactura,Producto,MAN-LOT,LOT-328,2,1
S05,Manufactura,Producto,MAN-LOT,LOT-330,1,1
S05,Manufactura,Producto,MAN-LOT,LOT-331,1,1
S05,Manufactura,Producto,MAN-LOT,LOT-332,3,1
S05,Manufactura,Producto,MAN-LOT,LOT-333,3,1
S05,Manufactura,Producto,MAN-LOT,LOT-334,3,1
S05,Manufactura,Producto,MAN-LOT,LOT-335,2,1
S05,Manufactura,Producto,MAN-LOT,LOT-336,5,0
S06,Manufactura,Producto,MAN-ERP,ERP-566,3,1
S06,Manufactura,Producto,MAN-ERP,ERP-567,1,1
S06,Manufactura,Producto,MAN-ERP,ERP-568,5,1
S06,Manufactura,Producto,MAN-ERP,ERP-569,2,1
S06,Manufactura,Producto,MAN-ERP,ERP-570,2,1
S06,Manufactura,Producto,MAN-ERP,ERP-571,5,1
S06,Manufactura,Producto,MAN-LOT,LOT-336,5,1
S07,Manufactura,Producto,MAN-ERP,ERP-574,3,1
S07,Manufactura,Producto,MAN-ERP,ERP-576,3,1
S07,Manufactura,Producto,MAN-ERP,ERP-577,2,1
S07,Manufactura,Producto,MAN-ERP,ERP-578,1,1
S07,Manufactura,Producto,MAN-LOT,LOT-342,3,1
S07,Manufactura,Producto,MAN-LOT,LOT-347,2,1
S07,Manufactura,Producto,MAN-LOT,LOT-349,3,1
S07,Manufactura,Producto,MAN-LOT,LOT-350,3,1
S08,Manufactura,Producto,MAN-ERP,ERP-579,5,1
S08,Manufactura,Producto,MAN-ERP,ERP-582,2,1
S08,Manufactura,Producto,MAN-ERP,ERP-583,5,1
S08,Manufactura,Producto,MAN-ERP,ERP-584,2,1
S08,Manufactura,Producto,MAN-ERP,ERP-585,3,1
S09,Manufactura,Producto,MAN-ERP,ERP-587,5,1
S09,Manufactura,Producto,MAN-ERP,ERP-590,3,1
S09,Manufactura,Producto,MAN-ERP,ERP-592,3,1
S09,Manufactura,Producto,MAN-ERP,ERP-593,5,1
S09,Manufactura,Producto,MAN-ERP,ERP-594,5,1
S09,Manufactura,Producto,MAN-ERP,ERP-595,2,1
S10,Manufactura,Producto,MAN-ERP,ERP-597,5,0
S10,Manufactura,Producto,MAN-ERP,ERP-598,5,1
S10,Manufactura,Producto,MAN-ERP,ERP-599,3,1
S10,Manufactura,Producto,MAN-ERP,ERP-600,2,1
S10,Manufactura,Producto,MAN-ERP,ERP-601,3,1
S10,Manufactura,Producto,MAN-LOT,LOT-358,2,1
S10,Manufactura,Producto,MAN-LOT,LOT-359,2,1
S11,Manufactura,Producto,MAN-ERP,ERP-597,5,1
S11,Manufactura,Producto,MAN-ERP,ERP-606,2,1
S11,Manufactura,Producto,MAN-ERP,ERP-608,2,1
S11,Manufactura,Producto,MAN-ERP,ERP-609,3,1
S11,Manufactura,Producto,MAN-ERP,ERP-610,3,1
S11,Manufactura,Producto,MAN-ERP,ERP-611,3,1
S11,Manufactura,Producto,MAN-ERP,ERP-612,1,1
S11,Manufactura,Producto,MAN-LOT,LOT-362,3,1
S11,Manufactura,Producto,MAN-LOT,LOT-363,1,1
S12,Manufactura,Producto,MAN-ERP,ERP-613,2,1
S12,Manufactura,Producto,MAN-ERP,ERP-616,1,1
S12,Manufactura,Producto,MAN-ERP,ERP-617,2,1
S12,Manufactura,Producto,MAN-ERP,ERP-618,5,1
S12,Manufactura,Producto,MAN-ERP,ERP-620,2,1
S12,Manufactura,Producto,MAN-LOT,LOT-364,5,1
S12,Manufactura,Producto,MAN-LOT,LOT-368,2,1
S12,Manufactura,Producto,MAN-LOT,LOT-369,3,1
S13,Manufactura,Producto,MAN-ERP,ERP-624,3,1
S13,Manufactura,Producto,MAN-ERP,ERP-625,5,1
S13,Manufactura,Producto,MAN-ERP,ERP-627,3,1
S13,Manufactura,Producto,MAN-ERP,ERP-628,5,0
S13,Manufactura,Producto,MAN-LOT,LOT-370,5,1
S13,Manufactura,Producto,MAN-LOT,LOT-375,3,1
S14,Manufactura,Producto,MAN-ERP,ERP-628,5,1
S14,Manufactura,Producto,MAN-ERP,ERP-633,2,1
S14,Manufactura,Producto,MAN-ERP,ERP-634,2,1
S14,Manufactura,Producto,MAN-ERP,ERP-635,2,1
S14,Manufactura,Producto,MAN-ERP,ERP-636,2,1
S14,Manufactura,Producto,MAN-ERP,ERP-637,3,1
S14,Manufactura,Producto,MAN-LOT,LOT-378,5,1
S14,Manufactura,Producto,MAN-LOT,LOT-379,2,1
S14,Manufactura,Producto,MAN-ERP,ERP-638,1,1
S15,Manufactura,Producto,MAN-ERP,ERP-639,2,1
S15,Manufactura,Producto,MAN-ERP,ERP-640,5,1
S15,Manufactura,Producto,MAN-ERP,ERP-641,3,1
S15,Manufactura,Producto,MAN-ERP,ERP-644,5,1
S15,Manufactura,Producto,MAN-ERP,ERP-645,1,1
S15,Manufactura,Producto,MAN-ERP,ERP-646,3,1
S15,Manufactura,Producto,MAN-ERP,ERP-647,2,1
S15,Manufactura,Producto,MAN-LOT,LOT-383,3,1
S16,Manufactura,Producto,MAN-ERP,ERP-649,5,1
S16,Manufactura,Producto,MAN-ERP,ERP-650,5,1
S16,Manufactura,Producto,MAN-ERP,ERP-651,3,1
S16,Manufactura,Producto,MAN-ERP,ERP-653,5,1
S16,Manufactura,Producto,MAN-ERP,ERP-655,3,1
S17,Manufactura,Producto,MAN-ERP,ERP-659,5,1
S17,Manufactura,Producto,MAN-ERP,ERP-662,3,1
S17,Manufactura,Producto,MAN-ERP,ERP-663,3,1
S17,Manufactura,Producto,MAN-ERP,ERP-664,2,1
S17,Manufactura,Producto,MAN-ERP,ERP-665,2,1
S17,Manufactura,Producto,MAN-ERP,ERP-666,2,1
S17,Manufactura,Producto,MAN-ERP,ERP-667,2,1
S18,Manufactura,Producto,MAN-ERP,ERP-671,3,1
S18,Manufactura,Producto,MAN-ERP,ERP-672,5,1
S18,Manufactura,Producto,MAN-ERP,ERP-674,3,1
S18,Manufactura,Producto,MAN-ERP,ERP-675,2,1
S18,Manufactura,Producto,MAN-ERP,ERP-676,2,1
S18,Manufactura,Producto,MAN-LOT,LOT-389,3,1
S18,Manufactura,Producto,MAN-LOT,LOT-390,3,1
S18,Manufactura,Producto,MAN-POR,POR-121,2,1
S19,Manufactura,Producto,MAN-ERP,ERP-678,5,1
S19,Manufactura,Producto,MAN-ERP,ERP-680,2,1
S19,Manufactura,Producto,MAN-LOT,LOT-382,3,1
S19,Manufactura,Producto,MAN-LOT,LOT-391,3,1
S19,Manufactura,Producto,MAN-LOT,LOT-392,2,1
S19,Manufactura,Producto,MAN-LOT,LOT-393,3,1
S19,Manufactura,Producto,MAN-POR,POR-123,3,1
S19,Manufactura,Producto,MAN-POR,POR-124,3,1
S20,Manufactura,Producto,MAN-ERP,ERP-682,5,1
S20,Manufactura,Producto,MAN-ERP,ERP-683,5,1
S20,Manufactura,Producto,MAN-ERP,ERP-684,5,1
S20,Manufactura,Producto,MAN-ERP,ERP-685,3,1
S20,Manufactura,Producto,MAN-LOT,LOT-385,3,1
S21,Manufactura,Producto,MAN-ERP,ERP-690,2,1
S21,Manufactura,Producto,MAN-LOT,LOT-396,5,1
S21,Manufactura,Producto,MAN-LOT,LOT-397,3,1
S21,Manufactura,Producto,MAN-POR,POR-130,5,0
S21,Manufactura,Producto,MAN-POR,POR-131,5,1
S21,Manufactura,Producto,MAN-POR,POR-133,3,1
S22,Manufactura,Producto,MAN-ERP,ERP-694,5,1
S22,Manufactura,Producto,MAN-ERP,ERP-695,2,1
S22,Manufactura,Producto,MAN-POR,POR-130,5,1
S22,Manufactura,Producto,MAN-POR,POR-137,5,1
S22,Manufactura,Producto,MAN-POR,POR-139,3,1
S22,Manufactura,Producto,MAN-POR,POR-140,3,1
S23,Manufactura,Producto,MAN-ERP,ERP-699,2,1
S23,Manufactura,Producto,MAN-ERP,ERP-700,5,1
S23,Manufactura,Producto,MAN-ERP,ERP-701,1,1
S23,Manufactura,Producto,MAN-ERP,ERP-702,3,1
S23,Manufactura,Producto,MAN-POR,POR-142,3,1
S23,Manufactura,Producto,MAN-POR,POR-146,2,1
S23,Manufactura,Producto,MAN-POR,POR-147,2,1
S23,Manufactura,Producto,MAN-ERP,ERP-703,3,1
S23,Manufactura,Producto,MAN-ERP,ERP-704,2,1
S24,Manufactura,Producto,MAN-ERP,ERP-706,2,1
S24,Manufactura,Producto,MAN-ERP,ERP-707,2,1
S24,Manufactura,Producto,MAN-POR,POR-151,2,1
S24,Manufactura,Producto,MAN-POR,POR-152,2,1
S24,Manufactura,Producto,MAN-POR,POR-153,2,1
S24,Manufactura,Producto,MAN-POR,POR-154,3,1
S24,Manufactura,Producto,MAN-POR,POR-155,2,1
S24,Manufactura,Producto,MAN-POR,POR-156,2,1
S24,Manufactura,Producto,MAN-POR,POR-157,3,1
S24,Manufactura,Producto,MAN-ERP,ERP-708,3,1
S24,Manufactura,Producto,MAN-POR,POR-158,2,1
S25,Manufactura,Producto,MAN-ERP,ERP-709,5,1
S25,Manufactura,Producto,MAN-ERP,ERP-711,3,1
S25,Manufactura,Producto,MAN-ERP,ERP-712,3,1
S25,Manufactura,Producto,MAN-ERP,ERP-713,2,1
S25,Manufactura,Producto,MAN-ERP,ERP-714,1,1
S25,Manufactura,Producto,MAN-ERP,ERP-715,2,1
S25,Manufactura,Producto,MAN-POR,POR-161,2,1
S25,Manufactura,Producto,MAN-POR,POR-162,1,1
S25,Manufactura,Producto,MAN-POR,POR-163,3,1
S25,Manufactura,Producto,MAN-ERP,ERP-716,1,1
S26,Manufactura,Producto,MAN-ERP,ERP-717,5,1
S26,Manufactura,Producto,MAN-ERP,ERP-718,5,1
S26,Manufactura,Producto,MAN-ERP,ERP-719,5,1
S26,Manufactura,Producto,MAN-ERP,ERP-721,5,1
S26,Manufactura,Producto,MAN-POR,POR-165,2,1
S27,Manufactura,Producto,MAN-ERP,ERP-728,3,1
S27,Manufactura,Producto,MAN-ERP,ERP-729,3,1
S27,Manufactura,Producto,MAN-POR,POR-166,5,1
S27,Manufactura,Producto,MAN-POR,POR-171,2,1
S27,Manufactura,Producto,MAN-POR,POR-172,3,1
S27,Manufactura,Producto,MAN-POR,POR-174,1,1
S27,Manufactura,Producto,MAN-POR,POR-175,3,1
S27,Manufactura,Producto,MAN-POR,POR-176,3,1
S28,Manufactura,Producto,MAN-ERP,ERP-731,1,1
S28,Manufactura,Producto,MAN-ERP,ERP-732,2,1
S28,Manufactura,Producto,MAN-POR,POR-178,5,1
S28,Manufactura,Producto,MAN-POR,POR-179,3,1
S28,Manufactura,Producto,MAN-POR,POR-180,2,1
S28,Manufactura,Producto,MAN-POR,POR-181,2,1
S28,Manufactura,Producto,MAN-POR,POR-182,2,1
S28,Manufactura,Producto,MAN-POR,POR-183,3,1
S29,Manufactura,Producto,MAN-ERP,ERP-734,2,1
S29,Manufactura,Producto,MAN-ERP,ERP-735,3,1
S29,Manufactura,Producto,MAN-ERP,ERP-736,3,1
S29,Manufactura,Producto,MAN-POR,POR-187,3,1
S29,Manufactura,Producto,MAN-POR,POR-188,3,1
S29,Manufactura,Producto,MAN-POR,POR-189,5,1
S29,Manufactura,Producto,MAN-POR,POR-190,2,1
S30,Manufactura,Producto,MAN-ERP,ERP-738,2,1
S30,Manufactura,Producto,MAN-ERP,ERP-739,3,1
S30,Manufactura,Producto,MAN-ERP,ERP-740,3,1
S30,Manufactura,Producto,MAN-ERP,ERP-741,2,1
S30,Manufactura,Producto,MAN-ERP,ERP-742,2,1
S30,Manufactura,Producto,MAN-ERP,ERP-743,1,1
S30,Manufactura,Producto,MAN-ERP,ERP-744,1,1
S30,Manufactura,Producto,MAN-POR,POR-196,2,1
S30,Manufactura,Producto,MAN-POR,POR-197,3,1
S30,Manufactura,Producto,MAN-PRE,PRE-270,1,1
S30,Manufactura,Producto,MAN-PRE,PRE-271,3,1
S31,Manufactura,Producto,MAN-ERP,ERP-746,5,1
S31,Manufactura,Producto,MAN-ERP,ERP-747,3,1
S31,Manufactura,Producto,MAN-ERP,ERP-748,3,1
S31,Manufactura,Producto,MAN-ERP,ERP-749,2,1
S31,Manufactura,Producto,MAN-POR,POR-198,5,1
S31,Manufactura,Producto,MAN-POR,POR-199,3,1
S31,Manufactura,Producto,MAN-POR,POR-201,2,1
S32,Manufactura,Producto,MAN-ERP,ERP-752,2,1
S32,Manufactura,Producto,MAN-ERP,ERP-753,3,1
S32,Manufactura,Producto,MAN-ERP,ERP-754,1,1
S32,Manufactura,Producto,MAN-ERP,ERP-755,3,1
S32,Manufactura,Producto,MAN-ERP,ERP-756,3,1
S32,Manufactura,Producto,MAN-ERP,ERP-757,5,0
S32,Manufactura,Producto,MAN-POR,POR-207,5,1
S32,Manufactura,Producto,MAN-ERP,ERP-758,1,1
S32,Manufactura,Producto,MAN-ERP,ERP-759,3,1
S33,Manufactura,Producto,MAN-ERP,ERP-757,5,1
S33,Manufactura,Producto,MAN-ERP,ERP-761,3,1
S33,Manufactura,Producto,MAN-POR,POR-211,2,1
S33,Manufactura,Producto,MAN-POR,POR-212,5,0
S33,Manufactura,Producto,MAN-POR,POR-213,5,0
S33,Manufactura,Producto,MAN-POR,POR-214,3,1
S34,Manufactura,Producto,MAN-ERP,ERP-763,2,1
S34,Manufactura,Producto,MAN-ERP,ERP-764,3,1
S34,Manufactura,Producto,MAN-ERP,ERP-765,3,1
S34,Manufactura,Producto,MAN-ERP,ERP-766,1,1
S34,Manufactura,Producto,MAN-POR,POR-212,5,1
S34,Manufactura,Producto,MAN-POR,POR-219,3,1
S34,Manufactura,Producto,MAN-POR,POR-220,2,1
S34,Manufactura,Producto,MAN-POR,POR-221,2,1
S35,Manufactura,Producto,MAN-ERP,ERP-767,3,1
S35,Manufactura,Producto,MAN-ERP,ERP-768,2,1
S35,Manufactura,Producto,MAN-ERP,ERP-769,5,1
S35,Manufactura,Producto,MAN-ERP,ERP-770,5,1
S35,Manufactura,Producto,MAN-ERP,ERP-771,3,1
S36,Manufactura,Producto,MAN-ERP,ERP-772,5,1
S36,Manufactura,Producto,MAN-ERP,ERP-773,5,1
S36,Manufactura,Producto,MAN-POR,POR-226,2,1
S36,Manufactura,Producto,MAN-POR,POR-227,3,1
S36,Manufactura,Producto,MAN-POR,POR-228,3,1
S36,Manufactura,Producto,MAN-POR,POR-230,1,1
S37,Manufactura,Producto,MAN-ERP,ERP-776,3,1
S37,Manufactura,Producto,MAN-ERP,ERP-778,2,1
S37,Manufactura,Producto,MAN-ERP,ERP-779,2,1
S37,Manufactura,Producto,MAN-ERP,ERP-781,3,1
S37,Manufactura,Producto,MAN-ERP,ERP-782,2,1
S37,Manufactura,Producto,MAN-ERP,ERP-783,3,1
S37,Manufactura,Producto,MAN-POR,POR-233,5,1
S37,Manufactura,Producto,MAN-PRE,PRE-281,5,1
S38,Manufactura,Producto,MAN-ERP,ERP-785,3,1
S38,Manufactura,Producto,MAN-ERP,ERP-787,5,1
S38,Manufactura,Producto,MAN-ERP,ERP-788,2,1
S38,Manufactura,Producto,MAN-ERP,ERP-789,3,1
S38,Manufactura,Producto,MAN-ERP,ERP-790,5,1
S38,Manufactura,Producto,MAN-ERP,ERP-791,2,1
S38,Manufactura,Producto,MAN-ERP,ERP-792,3,1
S39,Manufactura,Producto,MAN-ERP,ERP-795,5,1
S39,Manufactura,Producto,MAN-ERP,ERP-797,3,1
S39,Manufactura,Producto,MAN-ERP,ERP-798,5,1
S39,Manufactura,Producto,MAN-ERP,ERP-799,1,1
S39,Manufactura,Producto,MAN-ERP,ERP-800,2,1
S39,Manufactura,Producto,MAN-ERP,ERP-801,3,0
S39,Manufactura,Producto,MAN-ERP,ERP-802,1,1
S39,Manufactura,Producto,MAN-ERP,ERP-803,3,1
S39,Manufactura,Producto,MAN-PRE,PRE-286,1,1
S40,Manufactura,Producto,MAN-ERP,ERP-801,3,1
S40,Manufactura,Producto,MAN-ERP,ERP-806,3,1
S40,Manufactura,Producto,MAN-ERP,ERP-809,2,1
S40,Manufactura,Producto,MAN-ERP,ERP-810,5,1
S40,Manufactura,Producto,MAN-ERP,ERP-811,2,1
S40,Manufactura,Producto,MAN-ERP,ERP-812,1,1
S40,Manufactura,Producto,MAN-PRE,PRE-289,2,1
S40,Manufactura,Producto,MAN-PRE,PRE-290,2,1
S40,Manufactura,Producto,MAN-ERP,ERP-813,1,1
S40,Manufactura,Producto,MAN-ERP,ERP-814,2,1
S41,Manufactura,Producto,MAN-ERP,ERP-815,5,1
S41,Manufactura,Producto,MAN-ERP,ERP-817,3,1
S41,Manufactura,Producto,MAN-ERP,ERP-819,2,1
S41,Manufactura,Producto,MAN-ERP,ERP-820,2,1
S41,Manufactura,Producto,MAN-ERP,ERP-821,2,1
S41,Manufactura,Producto,MAN-ERP,ERP-822,5,0
S41,Manufactura,Producto,MAN-PRE,PRE-291,3,1
S42,Manufactura,Producto,MAN-ERP,ERP-822,5,1
S42,Manufactura,Producto,MAN-ERP,ERP-828,5,1
S42,Manufactura,Producto,MAN-ERP,ERP-829,3,1
S42,Manufactura,Producto,MAN-ERP,ERP-830,5,1
S42,Manufactura,Producto,MAN-ERP,ERP-831,2,1
S42,Manufactura,Producto,MAN-ERP,ERP-833,2,1
S43,Manufactura,Producto,MAN-ERP,ERP-836,2,1
S43,Manufactura,Producto,MAN-ERP,ERP-838,5,1
S43,Manufactura,Producto,MAN-ERP,ERP-840,5,1
S43,Manufactura,Producto,MAN-ERP,ERP-841,3,1
S43,Manufactura,Producto,MAN-ERP,ERP-842,2,1
S43,Manufactura,Producto,MAN-ERP,ERP-843,2,1
S43,Manufactura,Producto,MAN-ERP,ERP-844,2,1
S43,Manufactura,Producto,MAN-ERP,ERP-845,2,1
S44,Manufactura,Producto,MAN-ERP,ERP-853,2,1
S44,Manufactura,Producto,MAN-ERP,ERP-854,5,1
S44,Manufactura,Producto,MAN-ERP,ERP-855,2,1
S44,Manufactura,Producto,MAN-ERP,ERP-856,1,1
S44,Manufactura,Producto,MAN-ERP,ERP-857,5,1
S44,Manufactura,Producto,MAN-ERP,ERP-858,2,1
S44,Manufactura,Producto,MAN-ERP,ERP-859,2,1
S44,Manufactura,Producto,MAN-ERP,ERP-860,5,1
S44,Manufactura,Producto,MAN-PRE,PRE-299,2,1
S45,Manufactura,Producto,MAN-ERP,ERP-862,2,1
S45,Manufactura,Producto,MAN-ERP,ERP-864,5,1
S45,Manufactura,Producto,MAN-ERP,ERP-865,3,1
S45,Manufactura,Producto,MAN-ERP,ERP-866,2,1
S45,Manufactura,Producto,MAN-ERP,ERP-867,1,1
S45,Manufactura,Producto,MAN-ERP,ERP-868,1,1
S45,Manufactura,Producto,MAN-PRE,PRE-301,3,1
S45,Manufactura,Producto,MAN-PRE,PRE-302,3,1
S45,Manufactura,Producto,MAN-PRE,PRE-303,2,1
S45,Manufactura,Producto,MAN-PRE,PRE-304,2,1
S01,Manufactura,QA,MAN-LOT,LOT-398,5,0
S01,Manufactura,QA,MAN-LOT,LOT-399,3,1
S01,Manufactura,QA,MAN-LOT,LOT-400,3,1
S01,Manufactura,QA,MAN-LOT,LOT-401,3,1
S02,Manufactura,QA,MAN-LOT,LOT-398,5,1
S02,Manufactura,QA,MAN-LOT,LOT-402,1,1
S03,Manufactura,QA,MAN-LOT,LOT-410,3,1
S03,Manufactura,QA,MAN-LOT,LOT-411,3,1
S03,Manufactura,QA,MAN-LOT,LOT-412,3,1
S04,Manufactura,QA,MAN-LOT,LOT-414,3,1
S04,Manufactura,QA,MAN-LOT,LOT-416,3,1
S05,Manufactura,QA,MAN-LOT,LOT-417,5,1
S05,Manufactura,QA,MAN-LOT,LOT-424,3,1
S05,Manufactura,QA,MAN-LOT,LOT-425,3,1
S06,Manufactura,QA,MAN-ERP,ERP-884,5,1
S06,Manufactura,QA,MAN-ERP,ERP-886,2,1
S06,Manufactura,QA,MAN-ERP,ERP-888,2,1
S06,Manufactura,QA,MAN-ERP,ERP-889,1,1
S06,Manufactura,QA,MAN-LOT,LOT-429,2,1
S07,Manufactura,QA,MAN-ERP,ERP-890,2,1
S07,Manufactura,QA,MAN-ERP,ERP-891,1,1
S07,Manufactura,QA,MAN-ERP,ERP-892,2,1
S07,Manufactura,QA,MAN-LOT,LOT-434,3,1
S07,Manufactura,QA,MAN-LOT,LOT-435,2,1
S08,Manufactura,QA,MAN-ERP,ERP-896,2,1
S08,Manufactura,QA,MAN-ERP,ERP-897,1,1
S08,Manufactura,QA,MAN-ERP,ERP-898,3,1
S08,Manufactura,QA,MAN-ERP,ERP-899,3,1
S08,Manufactura,QA,MAN-LOT,LOT-437,5,0
S09,Manufactura,QA,MAN-ERP,ERP-900,3,1
S09,Manufactura,QA,MAN-ERP,ERP-901,5,1
S09,Manufactura,QA,MAN-LOT,LOT-437,5,1
S10,Manufactura,QA,MAN-ERP,ERP-905,3,1
S10,Manufactura,QA,MAN-LOT,LOT-440,5,1
S10,Manufactura,QA,MAN-LOT,LOT-441,3,1
S11,Manufactura,QA,MAN-ERP,ERP-909,3,1
S11,Manufactura,QA,MAN-ERP,ERP-910,3,1
S11,Manufactura,QA,MAN-ERP,ERP-912,1,1
S11,Manufactura,QA,MAN-LOT,LOT-444,2,1
S12,Manufactura,QA,MAN-ERP,ERP-913,5,1
S12,Manufactura,QA,MAN-ERP,ERP-915,5,1
S13,Manufactura,QA,MAN-ERP,ERP-911,2,1
S13,Manufactura,QA,MAN-ERP,ERP-918,5,1
S13,Manufactura,QA,MAN-LOT,LOT-445,5,1
S14,Manufactura,QA,MAN-ERP,ERP-924,5,1
S14,Manufactura,QA,MAN-ERP,ERP-925,2,1
S14,Manufactura,QA,MAN-LOT,LOT-448,3,1
S14,Manufactura,QA,MAN-LOT,LOT-449,3,1
S15,Manufactura,QA,MAN-LOT,LOT-450,3,1
S15,Manufactura,QA,MAN-LOT,LOT-451,5,1
S15,Manufactura,QA,MAN-LOT,LOT-452,5,0
S16,Manufactura,QA,MAN-ERP,ERP-929,2,1
S16,Manufactura,QA,MAN-ERP,ERP-930,2,1
S16,Manufactura,QA,MAN-LOT,LOT-452,5,1
S16,Manufactura,QA,MAN-LOT,LOT-456,3,1
S17,Manufactura,QA,MAN-ERP,ERP-933,3,1
S17,Manufactura,QA,MAN-ERP,ERP-934,2,1
S17,Manufactura,QA,MAN-ERP,ERP-935,3,0
S17,Manufactura,QA,MAN-ERP,ERP-936,1,1
S18,Manufactura,QA,MAN-ERP,ERP-935,3,1
S18,Manufactura,QA,MAN-ERP,ERP-940,2,1
S18,Manufactura,QA,MAN-ERP,ERP-941,2,1
S18,Manufactura,QA,MAN-ERP,ERP-942,5,1
S19,Manufactura,QA,MAN-ERP,ERP-944,5,0
S19,Manufactura,QA,MAN-ERP,ERP-946,3,1
S19,Manufactura,QA,MAN-POR,POR-236,2,1
S19,Manufactura,QA,MAN-POR,POR-237,2,1
S20,Manufactura,QA,MAN-ERP,ERP-944,5,1
S20,Manufactura,QA,MAN-ERP,ERP-948,2,1
S20,Manufactura,QA,MAN-ERP,ERP-949,3,1
S21,Manufactura,QA,MAN-ERP,ERP-951,2,1
S21,Manufactura,QA,MAN-ERP,ERP-952,5,1
S21,Manufactura,QA,MAN-POR,POR-242,5,0
S22,Manufactura,QA,MAN-ERP,ERP-954,3,1
S22,Manufactura,QA,MAN-POR,POR-242,5,1
S22,Manufactura,QA,MAN-POR,POR-243,5,1
S23,Manufactura,QA,MAN-ERP,ERP-958,5,0
S23,Manufactura,QA,MAN-LOT,LOT-463,5,1
S23,Manufactura,QA,MAN-POR,POR-246,2,1
S23,Manufactura,QA,MAN-POR,POR-247,3,1
S24,Manufactura,QA,MAN-ERP,ERP-958,5,1
S24,Manufactura,QA,MAN-ERP,ERP-961,2,1
S24,Manufactura,QA,MAN-POR,POR-248,3,1
S24,Manufactura,QA,MAN-POR,POR-250,1,1
S25,Manufactura,QA,MAN-ERP,ERP-963,2,1
S25,Manufactura,QA,MAN-POR,POR-251,5,1
S25,Manufactura,QA,MAN-POR,POR-252,2,1
S25,Manufactura,QA,MAN-POR,POR-253,1,1
S26,Manufactura,QA,MAN-ERP,ERP-966,5,1
S26,Manufactura,QA,MAN-ERP,ERP-967,5,1
S27,Manufactura,QA,MAN-ERP,ERP-969,3,1
S27,Manufactura,QA,MAN-ERP,ERP-970,5,1
S27,Manufactura,QA,MAN-ERP,ERP-971,3,1
S28,Manufactura,QA,MAN-ERP,ERP-972,5,1
S28,Manufactura,QA,MAN-ERP,ERP-974,2,1
S28,Manufactura,QA,MAN-POR,POR-261,3,1
S28,Manufactura,QA,MAN-POR,POR-262,3,1
S29,Manufactura,QA,MAN-ERP,ERP-978,1,1
S29,Manufactura,QA,MAN-ERP,ERP-979,3,1
S29,Manufactura,QA,MAN-POR,POR-264,3,1
S29,Manufactura,QA,MAN-POR,POR-265,2,1
S29,Manufactura,QA,MAN-ERP,ERP-980,3,0
S30,Manufactura,QA,MAN-ERP,ERP-980,3,1
S30,Manufactura,QA,MAN-ERP,ERP-983,5,0
S31,Manufactura,QA,MAN-ERP,ERP-983,5,1
S31,Manufactura,QA,MAN-ERP,ERP-984,5,1
S32,Manufactura,QA,MAN-ERP,ERP-988,2,1
S32,Manufactura,QA,MAN-ERP,ERP-989,3,1
S32,Manufactura,QA,MAN-POR,POR-270,5,0
S32,Manufactura,QA,MAN-POR,POR-271,1,1
S33,Manufactura,QA,MAN-ERP,ERP-992,5,1
S33,Manufactura,QA,MAN-POR,POR-270,5,1
S34,Manufactura,QA,MAN-ERP,ERP-994,1,1
S34,Manufactura,QA,MAN-ERP,ERP-995,3,1
S34,Manufactura,QA,MAN-POR,POR-274,3,1
S34,Manufactura,QA,MAN-POR,POR-275,1,1
S34,Manufactura,QA,MAN-PRE,PRE-367,2,1
S34,Manufactura,QA,MAN-ERP,ERP-996,2,1
S34,Manufactura,QA,MAN-PRE,PRE-368,3,1
S35,Manufactura,QA,MAN-ERP,ERP-997,2,1
S35,Manufactura,QA,MAN-ERP,ERP-998,2,1
S35,Manufactura,QA,MAN-POR,POR-277,2,1
S35,Manufactura,QA,MAN-POR,POR-278,3,1
S35,Manufactura,QA,MAN-POR,POR-279,2,1
S36,Manufactura,QA,MAN-ERP,ERP-1000,5,1
S36,Manufactura,QA,MAN-ERP,ERP-1002,2,1
S36,Manufactura,QA,MAN-ERP,ERP-1003,5,0
S37,Manufactura,QA,MAN-ERP,ERP-1003,5,1
S37,Manufactura,QA,MAN-ERP,ERP-1005,3,1
S38,Manufactura,QA,MAN-ERP,ERP-1010,3,1
S38,Manufactura,QA,MAN-ERP,ERP-1012,3,1
S38,Manufactura,QA,MAN-ERP,ERP-1014,2,1
S38,Manufactura,QA,MAN-PRE,PRE-372,1,1
S38,Manufactura,QA,MAN-PRE,PRE-373,2,1
S39,Manufactura,QA,MAN-ERP,ERP-1017,3,1
S39,Manufactura,QA,MAN-ERP,ERP-1018,3,1
S39,Manufactura,QA,MAN-ERP,ERP-1019,3,1
S40,Manufactura,QA,MAN-ERP,ERP-1022,3,1
S40,Manufactura,QA,MAN-ERP,ERP-1025,5,1
S40,Manufactura,QA,MAN-ERP,ERP-1028,2,1
S40,Manufactura,QA,MAN-ERP,ERP-1029,2,1
S41,Manufactura,QA,MAN-ERP,ERP-1031,2,1
S41,Manufactura,QA,MAN-ERP,ERP-1032,3,1
S41,Manufactura,QA,MAN-ERP,ERP-1033,1,1
S41,Manufactura,QA,MAN-PRE,PRE-375,3,1
S41,Manufactura,QA,MAN-PRE,PRE-377,2,1
S41,Manufactura,QA,MAN-ERP,ERP-1034,1,1
S42,Manufactura,QA,MAN-ERP,ERP-1035,2,1
S42,Manufactura,QA,MAN-ERP,ERP-1040,3,1
S42,Manufactura,QA,MAN-ERP,ERP-1041,2,1
S42,Manufactura,QA,MAN-ERP,ERP-1042,3,1
S43,Manufactura,QA,MAN-ERP,ERP-1043,5,1
S43,Manufactura,QA,MAN-ERP,ERP-1044,2,1
S43,Manufactura,QA,MAN-ERP,ERP-1045,5,0
S44,Manufactura,QA,MAN-ERP,ERP-1045,5,1
S44,Manufactura,QA,MAN-ERP,ERP-1049,3,1
S44,Manufactura,QA,MAN-ERP,ERP-1051,1,1
S45,Manufactura,QA,MAN-ERP,ERP-1052,3,1
S45,Manufactura,QA,MAN-ERP,ERP-1056,3,1
S45,Manufactura,QA,MAN-ERP,ERP-1057,5,1
S03,Energia,Datos,ENE-TEL,TEL-26,5,0
S04,Energia,Datos,ENE-TEL,TEL-26,5,1
S05,Energia,Datos,ENE-TEL,TEL-35,3,1
S06,Energia,Datos,ENE-TEL,TEL-36,8,0
S06,Energia,Datos,ENE-TEL,TEL-45,3,1
S06,Energia,Datos,ENE-TEL,TEL-47,3,1
S06,Energia,Datos,ENE-TEL,TEL-48,2,1
S07,Energia,Datos,ENE-TEL,TEL-36,8,1
S07,Energia,Datos,ENE-TEL,TEL-42,2,1
S07,Energia,Datos,ENE-TEL,TEL-52,3,1
S07,Energia,Datos,ENE-TEL,TEL-58,8,0
S08,Energia,Datos,ENE-TEL,TEL-58,8,1
S08,Energia,Datos,ENE-TEL,TEL-59,8,1
S08,Energia,Datos,ENE-TEL,TEL-64,3,1
S08,Energia,Datos,ENE-TEL,TEL-65,3,1
S09,Energia,Datos,ENE-TEL,TEL-66,5,1
S09,Energia,Datos,ENE-TEL,TEL-67,5,1
S09,Energia,Datos,ENE-TEL,TEL-69,2,1
S09,Energia,Datos,ENE-TEL,TEL-70,5,0
S09,Energia,Datos,ENE-TEL,TEL-71,2,1
S09,Energia,Datos,ENE-TEL,TEL-72,2,1
S09,Energia,Datos,ENE-TEL,TEL-73,3,1
S10,Energia,Datos,ENE-TEL,TEL-70,5,1
S10,Energia,Datos,ENE-TEL,TEL-74,8,1
S10,Energia,Datos,ENE-TEL,TEL-75,5,1
S11,Energia,Datos,ENE-TEL,TEL-76,8,0
S11,Energia,Datos,ENE-TEL,TEL-83,2,1
S11,Energia,Datos,ENE-TEL,TEL-84,3,1
S11,Energia,Datos,ENE-TEL,TEL-85,1,1
S11,Energia,Datos,ENE-TEL,TEL-86,3,1
S11,Energia,Datos,ENE-TEL,TEL-87,2,1
S11,Energia,Datos,ENE-TEL,TEL-88,5,0
S12,Energia,Datos,ENE-TEL,TEL-76,8,1
S12,Energia,Datos,ENE-TEL,TEL-88,5,1
S12,Energia,Datos,ENE-TEL,TEL-90,1,1
S12,Energia,Datos,ENE-TEL,TEL-91,3,1
S12,Energia,Datos,ENE-TEL,TEL-92,3,1
S13,Energia,Datos,ENE-TEL,TEL-79,5,1
S13,Energia,Datos,ENE-TEL,TEL-94,5,0
S13,Energia,Datos,ENE-TEL,TEL-95,2,1
S13,Energia,Datos,ENE-TEL,TEL-96,1,1
S13,Energia,Datos,ENE-DES,DES-25,2,1
S13,Energia,Datos,ENE-DES,DES-30,2,1
S13,Energia,Datos,ENE-DES,DES-31,1,1
S13,Energia,Datos,ENE-DES,DES-32,5,0
S14,Energia,Datos,ENE-TEL,TEL-94,5,1
S14,Energia,Datos,ENE-DES,DES-34,3,1
S14,Energia,Datos,ENE-DES,DES-35,5,0
S14,Energia,Datos,ENE-DES,DES-36,3,1
S14,Energia,Datos,ENE-DES,DES-37,2,1
S14,Energia,Datos,ENE-TEL,TEL-98,2,1
S15,Energia,Datos,ENE-TEL,TEL-101,3,1
S15,Energia,Datos,ENE-TEL,TEL-102,2,1
S15,Energia,Datos,ENE-DES,DES-35,5,1
S15,Energia,Datos,ENE-DES,DES-39,8,0
S15,Energia,Datos,ENE-DES,DES-40,2,1
S15,Energia,Datos,ENE-TEL,TEL-103,2,1
S16,Energia,Datos,ENE-TEL,TEL-104,2,1
S16,Energia,Datos,ENE-TEL,TEL-106,2,1
S16,Energia,Datos,ENE-TEL,TEL-107,2,1
S16,Energia,Datos,ENE-DES,DES-39,8,1
S16,Energia,Datos,ENE-DES,DES-42,3,1
S17,Energia,Datos,ENE-TEL,TEL-108,8,0
S17,Energia,Datos,ENE-TEL,TEL-110,3,1
S17,Energia,Datos,ENE-TEL,TEL-111,8,1
S18,Energia,Datos,ENE-TEL,TEL-108,8,0
S18,Energia,Datos,ENE-TEL,TEL-113,5,0
S18,Energia,Datos,ENE-DES,DES-47,3,1
S18,Energia,Datos,ENE-DES,DES-48,5,1
S19,Energia,Datos,ENE-TEL,TEL-108,8,1
S19,Energia,Datos,ENE-TEL,TEL-114,5,1
S19,Energia,Datos,ENE-TEL,TEL-115,2,1
S19,Energia,Datos,ENE-TEL,TEL-117,3,1
S19,Energia,Datos,ENE-TEL,TEL-118,2,1
S19,Energia,Datos,ENE-TEL,TEL-119,2,1
S20,Energia,Datos,ENE-TEL,TEL-120,3,1
S20,Energia,Datos,ENE-TEL,TEL-121,8,0
S20,Energia,Datos,ENE-TEL,TEL-122,1,1
S20,Energia,Datos,ENE-DES,DES-50,8,1
S20,Energia,Datos,ENE-DES,DES-51,2,1
S21,Energia,Datos,ENE-TEL,TEL-121,8,1
S21,Energia,Datos,ENE-TEL,TEL-124,8,0
S21,Energia,Datos,ENE-TEL,TEL-125,2,1
S22,Energia,Datos,ENE-TEL,TEL-124,8,0
S22,Energia,Datos,ENE-TEL,TEL-126,3,1
S22,Energia,Datos,ENE-TEL,TEL-129,8,0
S22,Energia,Datos,ENE-TEL,TEL-130,2,1
S22,Energia,Datos,ENE-FAC,FAC-15,2,1
S22,Energia,Datos,ENE-DES,DES-57,2,1
S23,Energia,Datos,ENE-TEL,TEL-124,8,0
S23,Energia,Datos,ENE-TEL,TEL-129,8,1
S23,Energia,Datos,ENE-DES,DES-58,2,1
S24,Energia,Datos,ENE-TEL,TEL-124,8,1
S24,Energia,Datos,ENE-TEL,TEL-132,5,0
S24,Energia,Datos,ENE-TEL,TEL-134,2,1
S24,Energia,Datos,ENE-TEL,TEL-136,3,1
S25,Energia,Datos,ENE-TEL,TEL-132,5,1
S25,Energia,Datos,ENE-TEL,TEL-137,2,1
S25,Energia,Datos,ENE-DES,DES-61,8,1
S25,Energia,Datos,ENE-FAC,FAC-19,2,1
S26,Energia,Datos,ENE-TEL,TEL-139,2,1
S26,Energia,Datos,ENE-TEL,TEL-140,1,1
S26,Energia,Datos,ENE-TEL,TEL-141,2,1
S26,Energia,Datos,ENE-DES,DES-63,3,1
S26,Energia,Datos,ENE-FAC,FAC-20,5,1
S26,Energia,Datos,ENE-FAC,FAC-21,3,1
S26,Energia,Datos,ENE-TEL,TEL-142,8,0
S27,Energia,Datos,ENE-TEL,TEL-142,8,1
S27,Energia,Datos,ENE-TEL,TEL-143,3,1
S27,Energia,Datos,ENE-TEL,TEL-144,3,0
S27,Energia,Datos,ENE-TEL,TEL-145,3,1
S27,Energia,Datos,ENE-DES,DES-64,2,1
S28,Energia,Datos,ENE-TEL,TEL-144,3,1
S28,Energia,Datos,ENE-TEL,TEL-147,3,1
S28,Energia,Datos,ENE-DES,DES-65,3,1
S28,Energia,Datos,ENE-DES,DES-66,2,1
S28,Energia,Datos,ENE-DES,DES-67,3,1
S28,Energia,Datos,ENE-FAC,FAC-23,3,1
S28,Energia,Datos,ENE-TEL,TEL-148,3,1
S29,Energia,Datos,ENE-TEL,TEL-151,8,0
S29,Energia,Datos,ENE-TEL,TEL-152,2,1
S29,Energia,Datos,ENE-DES,DES-71,5,0
S29,Energia,Datos,ENE-FAC,FAC-24,3,1
S29,Energia,Datos,ENE-FAC,FAC-25,2,1
S30,Energia,Datos,ENE-TEL,TEL-151,8,1
S30,Energia,Datos,ENE-TEL,TEL-154,3,1
S30,Energia,Datos,ENE-DES,DES-71,5,1
S30,Energia,Datos,ENE-DES,DES-72,2,1
S30,Energia,Datos,ENE-DES,DES-73,2,1
S30,Energia,Datos,ENE-DES,DES-74,1,1
S31,Energia,Datos,ENE-DES,DES-78,3,1
S31,Energia,Datos,ENE-DES,DES-79,2,1
S31,Energia,Datos,ENE-DES,DES-80,1,1
S31,Energia,Datos,ENE-FAC,FAC-27,2,1
S31,Energia,Datos,ENE-FAC,FAC-28,2,1
S31,Energia,Datos,ENE-FAC,FAC-29,5,1
S31,Energia,Datos,ENE-DES,DES-81,1,1
S31,Energia,Datos,ENE-DES,DES-82,2,1
S31,Energia,Datos,ENE-DES,DES-83,1,1
S31,Energia,Datos,ENE-FAC,FAC-30,3,1
S31,Energia,Datos,ENE-DES,DES-84,2,1
S32,Energia,Datos,ENE-DES,DES-85,8,0
S32,Energia,Datos,ENE-FAC,FAC-32,5,0
S32,Energia,Datos,ENE-FAC,FAC-33,3,1
S32,Energia,Datos,ENE-FAC,FAC-34,2,1
S32,Energia,Datos,ENE-FAC,FAC-35,2,1
S33,Energia,Datos,ENE-DES,DES-85,8,0
S33,Energia,Datos,ENE-DES,DES-87,3,1
S33,Energia,Datos,ENE-DES,DES-88,2,1
S33,Energia,Datos,ENE-DES,DES-89,3,1
S33,Energia,Datos,ENE-FAC,FAC-32,5,0
S33,Energia,Datos,ENE-FAC,FAC-38,1,1
S33,Energia,Datos,ENE-FAC,FAC-39,1,1
S34,Energia,Datos,ENE-DES,DES-85,8,1
S34,Energia,Datos,ENE-DES,DES-92,2,0
S34,Energia,Datos,ENE-FAC,FAC-32,5,1
S34,Energia,Datos,ENE-FAC,FAC-41,2,1
S35,Energia,Datos,ENE-DES,DES-94,3,1
S35,Energia,Datos,ENE-DES,DES-97,3,1
S35,Energia,Datos,ENE-DES,DES-98,3,1
S36,Energia,Datos,ENE-DES,DES-99,5,0
S36,Energia,Datos,ENE-DES,DES-100,5,1
S36,Energia,Datos,ENE-DES,DES-101,1,1
S36,Energia,Datos,ENE-FAC,FAC-44,8,0
S37,Energia,Datos,ENE-DES,DES-99,5,1
S37,Energia,Datos,ENE-DES,DES-104,2,1
S37,Energia,Datos,ENE-DES,DES-105,5,0
S37,Energia,Datos,ENE-DES,DES-106,2,1
S37,Energia,Datos,ENE-DES,DES-107,5,0
S38,Energia,Datos,ENE-DES,DES-105,5,1
S38,Energia,Datos,ENE-DES,DES-107,5,1
S38,Energia,Datos,ENE-DES,DES-108,5,1
S38,Energia,Datos,ENE-DES,DES-110,3,1
S39,Energia,Datos,ENE-DES,DES-113,3,1
S39,Energia,Datos,ENE-FAC,FAC-49,2,1
S39,Energia,Datos,ENE-FAC,FAC-51,5,1
S39,Energia,Datos,ENE-FAC,FAC-52,3,1
S39,Energia,Datos,ENE-CIB,CIB-13,3,1
S39,Energia,Datos,ENE-CIB,CIB-14,2,1
S39,Energia,Datos,ENE-CIB,CIB-15,2,1
S40,Energia,Datos,ENE-DES,DES-115,1,1
S40,Energia,Datos,ENE-DES,DES-116,2,0
S40,Energia,Datos,ENE-DES,DES-117,1,1
S40,Energia,Datos,ENE-FAC,FAC-54,2,1
S40,Energia,Datos,ENE-FAC,FAC-55,3,1
S40,Energia,Datos,ENE-CIB,CIB-16,1,1
S40,Energia,Datos,ENE-DES,DES-118,3,1
S40,Energia,Datos,ENE-FAC,FAC-56,3,1
S40,Energia,Datos,ENE-DES,DES-119,5,0
S40,Energia,Datos,ENE-DES,DES-120,1,0
S41,Energia,Datos,ENE-DES,DES-116,2,1
S41,Energia,Datos,ENE-DES,DES-121,2,1
S41,Energia,Datos,ENE-DES,DES-122,5,1
S41,Energia,Datos,ENE-DES,DES-123,3,0
S41,Energia,Datos,ENE-DES,DES-124,3,0
S41,Energia,Datos,ENE-CIB,CIB-17,5,1
S41,Energia,Datos,ENE-DES,DES-125,5,0
S42,Energia,Datos,ENE-DES,DES-123,3,1
S42,Energia,Datos,ENE-DES,DES-125,5,1
S42,Energia,Datos,ENE-DES,DES-127,2,1
S42,Energia,Datos,ENE-DES,DES-128,2,1
S42,Energia,Datos,ENE-CIB,CIB-18,5,1
S42,Energia,Datos,ENE-CIB,CIB-19,1,1
S42,Energia,Datos,ENE-DES,DES-129,5,0
S43,Energia,Datos,ENE-DES,DES-119,5,1
S43,Energia,Datos,ENE-DES,DES-129,5,1
S43,Energia,Datos,ENE-DES,DES-130,5,0
S44,Energia,Datos,ENE-DES,DES-130,5,1
S44,Energia,Datos,ENE-DES,DES-137,3,1
S44,Energia,Datos,ENE-DES,DES-138,3,1
S44,Energia,Datos,ENE-DES,DES-139,2,1
S44,Energia,Datos,ENE-DES,DES-141,5,0
S44,Energia,Datos,ENE-DES,DES-142,3,0
S45,Energia,Datos,ENE-DES,DES-143,3,1
S45,Energia,Datos,ENE-CIB,CIB-21,8,0
S45,Energia,Datos,ENE-CIB,CIB-23,8,0
S45,Energia,Datos,ENE-CIB,CIB-24,3,1
S03,Energia,Integraciones,ENE-TEL,TEL-155,2,1
S04,Energia,Integraciones,ENE-TEL,TEL-156,8,1
S05,Energia,Integraciones,ENE-TEL,TEL-163,2,1
S05,Energia,Integraciones,ENE-TEL,TEL-165,5,1
S05,Energia,Integraciones,ENE-TEL,TEL-167,2,1
S06,Energia,Integraciones,ENE-TEL,TEL-169,3,1
S06,Energia,Integraciones,ENE-TEL,TEL-171,2,1
S06,Energia,Integraciones,ENE-TEL,TEL-173,3,1
S06,Energia,Integraciones,ENE-TEL,TEL-174,5,1
S07,Energia,Integraciones,ENE-TEL,TEL-177,3,1
S07,Energia,Integraciones,ENE-TEL,TEL-180,2,1
S07,Energia,Integraciones,ENE-TEL,TEL-181,2,1
S07,Energia,Integraciones,ENE-TEL,TEL-182,2,0
S07,Energia,Integraciones,ENE-TEL,TEL-183,2,1
S07,Energia,Integraciones,ENE-TEL,TEL-184,3,0
S07,Energia,Integraciones,ENE-TEL,TEL-185,2,1
S07,Energia,Integraciones,ENE-TEL,TEL-186,1,1
S07,Energia,Integraciones,ENE-TEL,TEL-187,2,1
S07,Energia,Integraciones,ENE-TEL,TEL-188,3,0
S08,Energia,Integraciones,ENE-TEL,TEL-189,3,1
S08,Energia,Integraciones,ENE-TEL,TEL-190,5,1
S08,Energia,Integraciones,ENE-TEL,TEL-191,5,0
S08,Energia,Integraciones,ENE-TEL,TEL-192,5,0
S09,Energia,Integraciones,ENE-TEL,TEL-184,3,1
S09,Energia,Integraciones,ENE-TEL,TEL-191,5,1
S09,Energia,Integraciones,ENE-TEL,TEL-192,5,1
S10,Energia,Integraciones,ENE-TEL,TEL-193,8,1
S10,Energia,Integraciones,ENE-TEL,TEL-196,5,1
S11,Energia,Integraciones,ENE-TEL,TEL-198,3,0
S11,Energia,Integraciones,ENE-TEL,TEL-202,3,1
S11,Energia,Integraciones,ENE-TEL,TEL-204,3,1
S11,Energia,Integraciones,ENE-TEL,TEL-205,3,1
S11,Energia,Integraciones,ENE-TEL,TEL-206,2,0
S11,Energia,Integraciones,ENE-TEL,TEL-207,2,0
S12,Energia,Integraciones,ENE-TEL,TEL-198,3,1
S12,Energia,Integraciones,ENE-TEL,TEL-209,3,1
S12,Energia,Integraciones,ENE-TEL,TEL-210,3,1
S12,Energia,Integraciones,ENE-DES,DES-145,2,1
S12,Energia,Integraciones,ENE-DES,DES-146,2,1
S12,Energia,Integraciones,ENE-TEL,TEL-211,2,1
S13,Energia,Integraciones,ENE-TEL,TEL-208,2,1
S13,Energia,Integraciones,ENE-TEL,TEL-212,2,0
S13,Energia,Integraciones,ENE-TEL,TEL-213,2,1
S13,Energia,Integraciones,ENE-TEL,TEL-214,2,1
S13,Energia,Integraciones,ENE-DES,DES-148,1,1
S13,Energia,Integraciones,ENE-DES,DES-149,3,0
S13,Energia,Integraciones,ENE-DES,DES-150,5,0
S14,Energia,Integraciones,ENE-TEL,TEL-212,2,1
S14,Energia,Integraciones,ENE-TEL,TEL-216,2,0
S14,Energia,Integraciones,ENE-DES,DES-149,3,1
S14,Energia,Integraciones,ENE-DES,DES-150,5,1
S14,Energia,Integraciones,ENE-DES,DES-151,2,1
S15,Energia,Integraciones,ENE-TEL,TEL-216,2,1
S15,Energia,Integraciones,ENE-DES,DES-153,3,1
S15,Energia,Integraciones,ENE-DES,DES-154,5,0
S15,Energia,Integraciones,ENE-DES,DES-155,2,1
S15,Energia,Integraciones,ENE-DES,DES-156,2,1
S15,Energia,Integraciones,ENE-TEL,TEL-219,2,1
S15,Energia,Integraciones,ENE-DES,DES-157,2,1
S16,Energia,Integraciones,ENE-TEL,TEL-220,5,1
S16,Energia,Integraciones,ENE-DES,DES-154,5,1
S16,Energia,Integraciones,ENE-DES,DES-158,2,1
S16,Energia,Integraciones,ENE-DES,DES-159,2,1
S16,Energia,Integraciones,ENE-TEL,TEL-222,2,1
S17,Energia,Integraciones,ENE-TEL,TEL-226,1,0
S17,Energia,Integraciones,ENE-DES,DES-161,5,1
S17,Energia,Integraciones,ENE-DES,DES-162,2,1
S17,Energia,Integraciones,ENE-DES,DES-163,5,0
S17,Energia,Integraciones,ENE-DES,DES-164,2,1
S17,Energia,Integraciones,ENE-TEL,TEL-227,5,0
S18,Energia,Integraciones,ENE-TEL,TEL-227,5,1
S18,Energia,Integraciones,ENE-TEL,TEL-228,2,1
S18,Energia,Integraciones,ENE-DES,DES-163,5,1
S18,Energia,Integraciones,ENE-DES,DES-166,2,1
S18,Energia,Integraciones,ENE-TEL,TEL-229,2,0
S19,Energia,Integraciones,ENE-TEL,TEL-229,2,1
S19,Energia,Integraciones,ENE-TEL,TEL-232,2,1
S19,Energia,Integraciones,ENE-DES,DES-169,5,1
S19,Energia,Integraciones,ENE-DES,DES-170,2,1
S19,Energia,Integraciones,ENE-DES,DES-171,2,1
S19,Energia,Integraciones,ENE-DES,DES-172,5,1
S20,Energia,Integraciones,ENE-TEL,TEL-234,5,0
S20,Energia,Integraciones,ENE-DES,DES-173,3,1
S20,Energia,Integraciones,ENE-DES,DES-174,3,1
S20,Energia,Integraciones,ENE-DES,DES-175,3,1
S20,Energia,Integraciones,ENE-DES,DES-176,2,0
S21,Energia,Integraciones,ENE-TEL,TEL-234,5,0
S21,Energia,Integraciones,ENE-TEL,TEL-236,2,1
S21,Energia,Integraciones,ENE-TEL,TEL-237,2,1
S21,Energia,Integraciones,ENE-DES,DES-178,5,1
S21,Energia,Integraciones,ENE-DES,DES-179,2,1
S22,Energia,Integraciones,ENE-TEL,TEL-234,5,1
S22,Energia,Integraciones,ENE-TEL,TEL-238,8,0
S22,Energia,Integraciones,ENE-DES,DES-182,5,0
S23,Energia,Integraciones,ENE-DES,DES-182,5,1
S23,Energia,Integraciones,ENE-DES,DES-184,3,1
S23,Energia,Integraciones,ENE-DES,DES-186,1,1
S23,Energia,Integraciones,ENE-FAC,FAC-58,3,1
S24,Energia,Integraciones,ENE-TEL,TEL-235,5,1
S24,Energia,Integraciones,ENE-TEL,TEL-240,2,1
S24,Energia,Integraciones,ENE-DES,DES-188,2,1
S24,Energia,Integraciones,ENE-FAC,FAC-60,2,1
S24,Energia,Integraciones,ENE-FAC,FAC-61,2,1
S25,Energia,Integraciones,ENE-TEL,TEL-241,3,1
S25,Energia,Integraciones,ENE-DES,DES-189,8,1
S26,Energia,Integraciones,ENE-TEL,TEL-242,3,0
S26,Energia,Integraciones,ENE-TEL,TEL-243,3,0
S26,Energia,Integraciones,ENE-DES,DES-191,3,1
S26,Energia,Integraciones,ENE-DES,DES-192,3,0
S26,Energia,Integraciones,ENE-TEL,TEL-244,8,0
S26,Energia,Integraciones,ENE-DES,DES-193,3,0
S27,Energia,Integraciones,ENE-TEL,TEL-242,3,1
S27,Energia,Integraciones,ENE-TEL,TEL-243,3,1
S27,Energia,Integraciones,ENE-TEL,TEL-244,8,1
S27,Energia,Integraciones,ENE-TEL,TEL-245,3,1
S28,Energia,Integraciones,ENE-TEL,TEL-246,1,1
S28,Energia,Integraciones,ENE-DES,DES-196,1,1
S28,Energia,Integraciones,ENE-FAC,FAC-65,2,1
S28,Energia,Integraciones,ENE-FAC,FAC-66,3,1
S28,Energia,Integraciones,ENE-CIB,CIB-45,3,1
S28,Energia,Integraciones,ENE-CIB,CIB-46,2,1
S28,Energia,Integraciones,ENE-DES,DES-197,3,1
S28,Energia,Integraciones,ENE-TEL,TEL-247,5,0
S28,Energia,Integraciones,ENE-TEL,TEL-248,1,1
S28,Energia,Integraciones,ENE-TEL,TEL-249,2,1
S29,Energia,Integraciones,ENE-TEL,TEL-247,5,1
S29,Energia,Integraciones,ENE-TEL,TEL-250,2,1
S29,Energia,Integraciones,ENE-TEL,TEL-251,5,0
S29,Energia,Integraciones,ENE-TEL,TEL-252,2,1
S29,Energia,Integraciones,ENE-DES,DES-198,3,1
S30,Energia,Integraciones,ENE-TEL,TEL-251,5,1
S30,Energia,Integraciones,ENE-DES,DES-199,5,1
S30,Energia,Integraciones,ENE-FAC,FAC-67,8,1
S30,Energia,Integraciones,ENE-CIB,CIB-47,1,1
S31,Energia,Integraciones,ENE-TEL,TEL-253,3,1
S31,Energia,Integraciones,ENE-DES,DES-201,3,1
S31,Energia,Integraciones,ENE-DES,DES-202,5,0
S31,Energia,Integraciones,ENE-FAC,FAC-71,3,1
S31,Energia,Integraciones,ENE-FAC,FAC-72,3,1
S31,Energia,Integraciones,ENE-CIB,CIB-51,3,1
S32,Energia,Integraciones,ENE-DES,DES-203,3,0
S32,Energia,Integraciones,ENE-DES,DES-204,5,1
S32,Energia,Integraciones,ENE-DES,DES-205,3,1
S32,Energia,Integraciones,ENE-FAC,FAC-73,3,1
S33,Energia,Integraciones,ENE-DES,DES-200,2,1
S33,Energia,Integraciones,ENE-DES,DES-203,3,1
S33,Energia,Integraciones,ENE-DES,DES-206,2,1
S33,Energia,Integraciones,ENE-DES,DES-207,3,1
S33,Energia,Integraciones,ENE-FAC,FAC-74,2,1
S33,Energia,Integraciones,ENE-DES,DES-208,3,1
S33,Energia,Integraciones,ENE-FAC,FAC-75,2,1
S34,Energia,Integraciones,ENE-DES,DES-202,5,1
S34,Energia,Integraciones,ENE-DES,DES-209,3,1
S34,Energia,Integraciones,ENE-DES,DES-211,3,0
S34,Energia,Integraciones,ENE-DES,DES-212,1,1
S35,Energia,Integraciones,ENE-DES,DES-211,3,1
S35,Energia,Integraciones,ENE-DES,DES-213,8,1
S36,Energia,Integraciones,ENE-DES,DES-217,2,0
S36,Energia,Integraciones,ENE-DES,DES-218,8,0
S36,Energia,Integraciones,ENE-FAC,FAC-77,3,1
S36,Energia,Integraciones,ENE-FAC,FAC-78,3,1
S36,Energia,Integraciones,ENE-CIB,CIB-54,5,1
S37,Energia,Integraciones,ENE-DES,DES-218,8,0
S37,Energia,Integraciones,ENE-DES,DES-219,2,1
S37,Energia,Integraciones,ENE-FAC,FAC-79,5,0
S37,Energia,Integraciones,ENE-CIB,CIB-56,3,1
S38,Energia,Integraciones,ENE-DES,DES-218,8,0
S38,Energia,Integraciones,ENE-FAC,FAC-79,5,1
S38,Energia,Integraciones,ENE-FAC,FAC-80,2,1
S39,Energia,Integraciones,ENE-DES,DES-218,8,1
S39,Energia,Integraciones,ENE-FAC,FAC-82,8,1
S40,Energia,Integraciones,ENE-DES,DES-224,5,1
S40,Energia,Integraciones,ENE-DES,DES-225,1,1
S40,Energia,Integraciones,ENE-FAC,FAC-84,2,0
S40,Energia,Integraciones,ENE-CIB,CIB-65,3,1
S40,Energia,Integraciones,ENE-DES,DES-226,5,0
S40,Energia,Integraciones,ENE-FAC,FAC-85,1,1
S41,Energia,Integraciones,ENE-DES,DES-226,5,0
S41,Energia,Integraciones,ENE-DES,DES-228,5,1
S41,Energia,Integraciones,ENE-DES,DES-229,3,1
S41,Energia,Integraciones,ENE-FAC,FAC-84,2,1
S42,Energia,Integraciones,ENE-DES,DES-226,5,1
S42,Energia,Integraciones,ENE-DES,DES-231,3,1
S42,Energia,Integraciones,ENE-FAC,FAC-87,8,1
S43,Energia,Integraciones,ENE-DES,DES-232,3,1
S43,Energia,Integraciones,ENE-FAC,FAC-89,5,0
S43,Energia,Integraciones,ENE-FAC,FAC-90,3,1
S43,Energia,Integraciones,ENE-CIB,CIB-68,5,1
S43,Energia,Integraciones,ENE-DES,DES-233,1,1
S44,Energia,Integraciones,ENE-DES,DES-235,3,1
S44,Energia,Integraciones,ENE-DES,DES-236,2,0
S44,Energia,Integraciones,ENE-DES,DES-237,1,1
S44,Energia,Integraciones,ENE-FAC,FAC-89,5,0
S44,Energia,Integraciones,ENE-DES,DES-238,3,1
S44,Energia,Integraciones,ENE-DES,DES-239,3,1
S45,Energia,Integraciones,ENE-DES,DES-240,3,1
S45,Energia,Integraciones,ENE-DES,DES-241,3,1
S45,Energia,Integraciones,ENE-DES,DES-242,5,1
S45,Energia,Integraciones,ENE-FAC,FAC-89,5,0
S03,Energia,Plataforma,ENE-TEL,TEL-254,1,1
S04,Energia,Plataforma,ENE-TEL,TEL-262,3,1
S05,Energia,Plataforma,ENE-TEL,TEL-263,8,1
S06,Energia,Plataforma,ENE-TEL,TEL-269,8,1
S06,Energia,Plataforma,ENE-TEL,TEL-270,1,1
S06,Energia,Plataforma,ENE-TEL,TEL-271,2,1
S06,Energia,Plataforma,ENE-TEL,TEL-272,2,1
S07,Energia,Plataforma,ENE-TEL,TEL-276,8,1
S07,Energia,Plataforma,ENE-TEL,TEL-278,2,1
S07,Energia,Plataforma,ENE-TEL,TEL-279,3,1
S07,Energia,Plataforma,ENE-TEL,TEL-282,2,1
S08,Energia,Plataforma,ENE-TEL,TEL-283,5,0
S08,Energia,Plataforma,ENE-TEL,TEL-284,5,1
S08,Energia,Plataforma,ENE-TEL,TEL-286,3,1
S08,Energia,Plataforma,ENE-TEL,TEL-287,3,1
S09,Energia,Plataforma,ENE-TEL,TEL-283,5,1
S09,Energia,Plataforma,ENE-TEL,TEL-292,3,1
S09,Energia,Plataforma,ENE-TEL,TEL-293,5,1
S09,Energia,Plataforma,ENE-TEL,TEL-294,3,1
S09,Energia,Plataforma,ENE-TEL,TEL-295,2,1
S10,Energia,Plataforma,ENE-TEL,TEL-297,8,0
S10,Energia,Plataforma,ENE-TEL,TEL-299,5,1
S10,Energia,Plataforma,ENE-TEL,TEL-301,3,1
S11,Energia,Plataforma,ENE-TEL,TEL-297,8,1
S11,Energia,Plataforma,ENE-TEL,TEL-303,5,1
S11,Energia,Plataforma,ENE-TEL,TEL-304,5,1
S11,Energia,Plataforma,ENE-TEL,TEL-305,2,1
S12,Energia,Plataforma,ENE-TEL,TEL-307,3,1
S12,Energia,Plataforma,ENE-TEL,TEL-308,2,1
S12,Energia,Plataforma,ENE-TEL,TEL-309,8,0
S12,Energia,Plataforma,ENE-TEL,TEL-310,2,1
S12,Energia,Plataforma,ENE-DES,DES-249,5,0
S12,Energia,Plataforma,ENE-TEL,TEL-311,3,0
S13,Energia,Plataforma,ENE-TEL,TEL-309,8,1
S13,Energia,Plataforma,ENE-TEL,TEL-311,3,1
S13,Energia,Plataforma,ENE-TEL,TEL-313,2,1
S14,Energia,Plataforma,ENE-TEL,TEL-318,5,1
S14,Energia,Plataforma,ENE-TEL,TEL-319,2,1
S14,Energia,Plataforma,ENE-TEL,TEL-320,8,0
S14,Energia,Plataforma,ENE-TEL,TEL-321,3,1
S14,Energia,Plataforma,ENE-TEL,TEL-322,2,1
S15,Energia,Plataforma,ENE-TEL,TEL-320,8,0
S15,Energia,Plataforma,ENE-TEL,TEL-325,2,1
S15,Energia,Plataforma,ENE-DES,DES-252,3,1
S15,Energia,Plataforma,ENE-DES,DES-253,2,1
S16,Energia,Plataforma,ENE-TEL,TEL-320,8,1
S16,Energia,Plataforma,ENE-TEL,TEL-326,5,1
S16,Energia,Plataforma,ENE-TEL,TEL-328,5,1
S17,Energia,Plataforma,ENE-TEL,TEL-329,3,1
S17,Energia,Plataforma,ENE-TEL,TEL-333,5,1
S17,Energia,Plataforma,ENE-TEL,TEL-334,5,1
S17,Energia,Plataforma,ENE-TEL,TEL-335,2,1
S17,Energia,Plataforma,ENE-DES,DES-256,1,1
S18,Energia,Plataforma,ENE-TEL,TEL-338,2,1
S18,Energia,Plataforma,ENE-TEL,TEL-340,8,0
S18,Energia,Plataforma,ENE-DES,DES-257,5,1
S18,Energia,Plataforma,ENE-DES,DES-258,2,1
S19,Energia,Plataforma,ENE-TEL,TEL-340,8,1
S19,Energia,Plataforma,ENE-DES,DES-259,8,0
S19,Energia,Plataforma,ENE-DES,DES-260,3,1
S19,Energia,Plataforma,ENE-DES,DES-261,3,1
S20,Energia,Plataforma,ENE-TEL,TEL-344,3,1
S20,Energia,Plataforma,ENE-TEL,TEL-345,5,0
S20,Energia,Plataforma,ENE-DES,DES-259,8,1
S21,Energia,Plataforma,ENE-TEL,TEL-345,5,1
S21,Energia,Plataforma,ENE-TEL,TEL-347,1,1
S21,Energia,Plataforma,ENE-TEL,TEL-348,3,1
S21,Energia,Plataforma,ENE-DES,DES-264,8,1
S22,Energia,Plataforma,ENE-TEL,TEL-353,3,1
S22,Energia,Plataforma,ENE-DES,DES-266,2,1
S22,Energia,Plataforma,ENE-DES,DES-267,5,1
S22,Energia,Plataforma,ENE-DES,DES-268,2,1
S22,Energia,Plataforma,ENE-FAC,FAC-104,3,1
S22,Energia,Plataforma,ENE-FAC,FAC-105,2,1
S22,Energia,Plataforma,ENE-TEL,TEL-354,1,1
S22,Energia,Plataforma,ENE-FAC,FAC-106,2,0
S22,Energia,Plataforma,ENE-TEL,TEL-355,2,0
S23,Energia,Plataforma,ENE-TEL,TEL-355,2,1
S23,Energia,Plataforma,ENE-TEL,TEL-356,3,1
S23,Energia,Plataforma,ENE-TEL,TEL-357,2,1
S23,Energia,Plataforma,ENE-DES,DES-269,5,1
S23,Energia,Plataforma,ENE-DES,DES-270,3,1
S23,Energia,Plataforma,ENE-TEL,TEL-358,3,0
S23,Energia,Plataforma,ENE-TEL,TEL-359,1,1
S24,Energia,Plataforma,ENE-TEL,TEL-358,3,1
S24,Energia,Plataforma,ENE-TEL,TEL-360,5,1
S24,Energia,Plataforma,ENE-DES,DES-271,5,1
S24,Energia,Plataforma,ENE-FAC,FAC-109,3,1
S24,Energia,Plataforma,ENE-DES,DES-272,1,1
S24,Energia,Plataforma,ENE-TEL,TEL-362,3,1
S25,Energia,Plataforma,ENE-TEL,TEL-365,2,1
S25,Energia,Plataforma,ENE-TEL,TEL-366,8,1
S25,Energia,Plataforma,ENE-DES,DES-273,3,1
S25,Energia,Plataforma,ENE-FAC,FAC-110,3,1
S25,Energia,Plataforma,ENE-FAC,FAC-111,2,1
S25,Energia,Plataforma,ENE-FAC,FAC-112,5,0
S26,Energia,Plataforma,ENE-TEL,TEL-369,2,1
S26,Energia,Plataforma,ENE-DES,DES-274,3,1
S26,Energia,Plataforma,ENE-FAC,FAC-112,5,1
S26,Energia,Plataforma,ENE-FAC,FAC-114,2,1
S26,Energia,Plataforma,ENE-DES,DES-275,2,1
S26,Energia,Plataforma,ENE-DES,DES-276,8,0
S26,Energia,Plataforma,ENE-DES,DES-277,1,1
S27,Energia,Plataforma,ENE-TEL,TEL-370,5,1
S27,Energia,Plataforma,ENE-DES,DES-276,8,0
S27,Energia,Plataforma,ENE-DES,DES-278,2,1
S27,Energia,Plataforma,ENE-DES,DES-279,3,1
S27,Energia,Plataforma,ENE-DES,DES-280,2,1
S27,Energia,Plataforma,ENE-CIB,CIB-80,3,0
S28,Energia,Plataforma,ENE-TEL,TEL-371,5,1
S28,Energia,Plataforma,ENE-TEL,TEL-372,2,1
S28,Energia,Plataforma,ENE-DES,DES-276,8,1
S28,Energia,Plataforma,ENE-CIB,CIB-80,3,1
S29,Energia,Plataforma,ENE-FAC,FAC-115,5,1
S29,Energia,Plataforma,ENE-CIB,CIB-81,5,1
S29,Energia,Plataforma,ENE-CIB,CIB-84,5,1
S30,Energia,Plataforma,ENE-DES,DES-281,3,1
S30,Energia,Plataforma,ENE-DES,DES-282,3,1
S30,Energia,Plataforma,ENE-CIB,CIB-88,2,1
S30,Energia,Plataforma,ENE-CIB,CIB-89,8,0
S31,Energia,Plataforma,ENE-DES,DES-283,5,1
S31,Energia,Plataforma,ENE-FAC,FAC-122,5,0
S31,Energia,Plataforma,ENE-CIB,CIB-89,8,1
S31,Energia,Plataforma,ENE-CIB,CIB-91,3,1
S31,Energia,Plataforma,ENE-CIB,CIB-92,2,1
S32,Energia,Plataforma,ENE-DES,DES-285,3,1
S32,Energia,Plataforma,ENE-DES,DES-286,5,1
S32,Energia,Plataforma,ENE-DES,DES-288,3,1
S32,Energia,Plataforma,ENE-DES,DES-289,2,1
S32,Energia,Plataforma,ENE-CIB,CIB-93,8,0
S33,Energia,Plataforma,ENE-DES,DES-290,5,1
S33,Energia,Plataforma,ENE-CIB,CIB-93,8,1
S34,Energia,Plataforma,ENE-DES,DES-292,3,1
S34,Energia,Plataforma,ENE-DES,DES-293,2,1
S34,Energia,Plataforma,ENE-FAC,FAC-122,5,1
S34,Energia,Plataforma,ENE-CIB,CIB-98,3,1
S34,Energia,Plataforma,ENE-CIB,CIB-99,8,0
S34,Energia,Plataforma,ENE-CIB,CIB-100,2,1
S35,Energia,Plataforma,ENE-CIB,CIB-99,8,0
S35,Energia,Plataforma,ENE-CIB,CIB-103,5,1
S35,Energia,Plataforma,ENE-CIB,CIB-104,2,1
S35,Energia,Plataforma,ENE-CIB,CIB-105,5,1
S36,Energia,Plataforma,ENE-FAC,FAC-123,5,1
S36,Energia,Plataforma,ENE-FAC,FAC-124,2,1
S36,Energia,Plataforma,ENE-CIB,CIB-99,8,1
S36,Energia,Plataforma,ENE-CIB,CIB-108,8,0
S37,Energia,Plataforma,ENE-DES,DES-295,5,1
S37,Energia,Plataforma,ENE-DES,DES-296,3,1
S37,Energia,Plataforma,ENE-CIB,CIB-108,8,1
S38,Energia,Plataforma,ENE-DES,DES-297,5,1
S38,Energia,Plataforma,ENE-DES,DES-298,3,1
S38,Energia,Plataforma,ENE-FAC,FAC-125,3,1
S38,Energia,Plataforma,ENE-CIB,CIB-114,8,1
S38,Energia,Plataforma,ENE-DES,DES-299,5,0
S38,Energia,Plataforma,ENE-CIB,CIB-118,2,1
S39,Energia,Plataforma,ENE-DES,DES-299,5,1
S39,Energia,Plataforma,ENE-DES,DES-300,2,1
S39,Energia,Plataforma,ENE-FAC,FAC-126,1,1
S39,Energia,Plataforma,ENE-CIB,CIB-120,2,1
S39,Energia,Plataforma,ENE-CIB,CIB-121,3,1
S39,Energia,Plataforma,ENE-CIB,CIB-122,3,0
S39,Energia,Plataforma,ENE-DES,DES-301,1,1
S39,Energia,Plataforma,ENE-CIB,CIB-123,2,1
S39,Energia,Plataforma,ENE-CIB,CIB-124,2,1
S40,Energia,Plataforma,ENE-DES,DES-302,5,1
S40,Energia,Plataforma,ENE-DES,DES-303,3,1
S40,Energia,Plataforma,ENE-DES,DES-304,5,0
S40,Energia,Plataforma,ENE-CIB,CIB-122,3,1
S40,Energia,Plataforma,ENE-DES,DES-305,3,0
S41,Energia,Plataforma,ENE-DES,DES-304,5,1
S41,Energia,Plataforma,ENE-DES,DES-305,3,1
S41,Energia,Plataforma,ENE-DES,DES-306,3,1
S42,Energia,Plataforma,ENE-DES,DES-308,2,1
S42,Energia,Plataforma,ENE-DES,DES-309,2,1
S42,Energia,Plataforma,ENE-CIB,CIB-131,3,1
S42,Energia,Plataforma,ENE-CIB,CIB-132,3,1
S42,Energia,Plataforma,ENE-DES,DES-310,5,0
S42,Energia,Plataforma,ENE-CIB,CIB-134,2,0
S42,Energia,Plataforma,ENE-DES,DES-311,3,0
S42,Energia,Plataforma,ENE-CIB,CIB-135,1,1
S42,Energia,Plataforma,ENE-DES,DES-312,2,1
S43,Energia,Plataforma,ENE-DES,DES-310,5,1
S43,Energia,Plataforma,ENE-DES,DES-311,3,1
S43,Energia,Plataforma,ENE-CIB,CIB-137,2,1
S43,Energia,Plataforma,ENE-CIB,CIB-138,2,1
S43,Energia,Plataforma,ENE-CIB,CIB-139,2,1
S43,Energia,Plataforma,ENE-DES,DES-313,2,1
S43,Energia,Plataforma,ENE-CIB,CIB-140,3,1
S43,Energia,Plataforma,ENE-DES,DES-314,2,1
S44,Energia,Plataforma,ENE-DES,DES-316,5,1
S44,Energia,Plataforma,ENE-DES,DES-317,3,1
S44,Energia,Plataforma,ENE-CIB,CIB-141,3,1
S44,Energia,Plataforma,ENE-CIB,CIB-143,2,1
S44,Energia,Plataforma,ENE-DES,DES-318,2,1
S44,Energia,Plataforma,ENE-FAC,FAC-127,2,1
S44,Energia,Plataforma,ENE-CIB,CIB-144,2,1
S44,Energia,Plataforma,ENE-DES,DES-319,1,1
S44,Energia,Plataforma,ENE-FAC,FAC-128,2,1
S45,Energia,Plataforma,ENE-DES,DES-320,1,1
S45,Energia,Plataforma,ENE-DES,DES-321,2,1
S45,Energia,Plataforma,ENE-CIB,CIB-145,2,1
S45,Energia,Plataforma,ENE-CIB,CIB-146,5,1
S45,Energia,Plataforma,ENE-CIB,CIB-147,2,1
S45,Energia,Plataforma,ENE-DES,DES-322,3,1
S45,Energia,Plataforma,ENE-CIB,CIB-148,5,0
S03,Energia,Producto,ENE-TEL,TEL-373,2,0
S04,Energia,Producto,ENE-TEL,TEL-377,3,1
S05,Energia,Producto,ENE-TEL,TEL-373,2,1
S05,Energia,Producto,ENE-TEL,TEL-376,2,1
S05,Energia,Producto,ENE-TEL,TEL-378,5,1
S06,Energia,Producto,ENE-TEL,TEL-395,5,0
S06,Energia,Producto,ENE-TEL,TEL-400,3,1
S06,Energia,Producto,ENE-TEL,TEL-401,5,1
S06,Energia,Producto,ENE-TEL,TEL-402,2,1
S06,Energia,Producto,ENE-TEL,TEL-403,3,1
S07,Energia,Producto,ENE-TEL,TEL-395,5,1
S07,Energia,Producto,ENE-TEL,TEL-404,8,1
S07,Energia,Producto,ENE-TEL,TEL-405,3,1
S07,Energia,Producto,ENE-TEL,TEL-412,5,1
S07,Energia,Producto,ENE-TEL,TEL-413,3,1
S07,Energia,Producto,ENE-TEL,TEL-414,5,1
S07,Energia,Producto,ENE-TEL,TEL-415,3,0
S08,Energia,Producto,ENE-TEL,TEL-389,3,1
S08,Energia,Producto,ENE-TEL,TEL-415,3,1
S08,Energia,Producto,ENE-TEL,TEL-416,8,0
S08,Energia,Producto,ENE-TEL,TEL-419,3,1
S08,Energia,Producto,ENE-TEL,TEL-422,2,1
S08,Energia,Producto,ENE-TEL,TEL-424,3,1
S08,Energia,Producto,ENE-TEL,TEL-425,1,1
S08,Energia,Producto,ENE-TEL,TEL-426,5,1
S08,Energia,Producto,ENE-TEL,TEL-427,3,1
S08,Energia,Producto,ENE-TEL,TEL-428,2,1
S08,Energia,Producto,ENE-TEL,TEL-429,3,1
S09,Energia,Producto,ENE-TEL,TEL-416,8,1
S09,Energia,Producto,ENE-TEL,TEL-430,8,0
S09,Energia,Producto,ENE-TEL,TEL-431,5,1
S09,Energia,Producto,ENE-TEL,TEL-433,1,1
S09,Energia,Producto,ENE-TEL,TEL-434,2,1
S09,Energia,Producto,ENE-TEL,TEL-435,3,1
S09,Energia,Producto,ENE-TEL,TEL-436,2,0
S09,Energia,Producto,ENE-TEL,TEL-437,2,1
S09,Energia,Producto,ENE-TEL,TEL-438,2,1
S09,Energia,Producto,ENE-TEL,TEL-439,2,1
S10,Energia,Producto,ENE-TEL,TEL-430,8,1
S10,Energia,Producto,ENE-TEL,TEL-442,3,1
S10,Energia,Producto,ENE-TEL,TEL-443,3,1
S10,Energia,Producto,ENE-TEL,TEL-444,1,1
S10,Energia,Producto,ENE-TEL,TEL-446,5,0
S10,Energia,Producto,ENE-TEL,TEL-447,3,0
S10,Energia,Producto,ENE-TEL,TEL-448,3,1
S10,Energia,Producto,ENE-TEL,TEL-449,3,1
S11,Energia,Producto,ENE-TEL,TEL-450,8,1
S11,Energia,Producto,ENE-TEL,TEL-455,3,1
S11,Energia,Producto,ENE-TEL,TEL-456,3,1
S11,Energia,Producto,ENE-TEL,TEL-457,1,1
S11,Energia,Producto,ENE-TEL,TEL-459,2,1
S11,Energia,Producto,ENE-TEL,TEL-460,2,1
S11,Energia,Producto,ENE-TEL,TEL-461,2,1
S11,Energia,Producto,ENE-TEL,TEL-462,1,0
S11,Energia,Producto,ENE-TEL,TEL-463,5,1
S11,Energia,Producto,ENE-TEL,TEL-464,2,1
S11,Energia,Producto,ENE-TEL,TEL-465,3,0
S12,Energia,Producto,ENE-TEL,TEL-447,3,1
S12,Energia,Producto,ENE-TEL,TEL-468,5,1
S12,Energia,Producto,ENE-TEL,TEL-470,5,1
S12,Energia,Producto,ENE-TEL,TEL-471,5,1
S12,Energia,Producto,ENE-TEL,TEL-472,3,1
S12,Energia,Producto,ENE-TEL,TEL-473,2,1
S12,Energia,Producto,ENE-DES,DES-331,2,1
S12,Energia,Producto,ENE-DES,DES-332,2,1
S12,Energia,Producto,ENE-DES,DES-333,1,1
S12,Energia,Producto,ENE-DES,DES-334,1,1
S12,Energia,Producto,ENE-TEL,TEL-474,1,1
S12,Energia,Producto,ENE-DES,DES-335,2,0
S12,Energia,Producto,ENE-DES,DES-336,1,1
S12,Energia,Producto,ENE-DES,DES-337,2,0
S13,Energia,Producto,ENE-DES,DES-335,2,1
S13,Energia,Producto,ENE-DES,DES-337,2,1
S13,Energia,Producto,ENE-DES,DES-338,5,0
S13,Energia,Producto,ENE-DES,DES-340,5,1
S13,Energia,Producto,ENE-DES,DES-341,5,0
S13,Energia,Producto,ENE-DES,DES-342,2,1
S13,Energia,Producto,ENE-DES,DES-343,2,0
S13,Energia,Producto,ENE-DES,DES-344,5,1
S13,Energia,Producto,ENE-DES,DES-345,2,1
S13,Energia,Producto,ENE-DES,DES-346,2,1
S13,Energia,Producto,ENE-DES,DES-347,2,0
S13,Energia,Producto,ENE-DES,DES-348,2,0
S14,Energia,Producto,ENE-TEL,TEL-476,2,1
S14,Energia,Producto,ENE-TEL,TEL-478,5,1
S14,Energia,Producto,ENE-TEL,TEL-479,2,1
S14,Energia,Producto,ENE-DES,DES-338,5,0
S14,Energia,Producto,ENE-DES,DES-343,2,1
S14,Energia,Producto,ENE-DES,DES-347,2,1
S14,Energia,Producto,ENE-DES,DES-348,2,1
S14,Energia,Producto,ENE-DES,DES-349,3,0
S14,Energia,Producto,ENE-DES,DES-350,2,1
S14,Energia,Producto,ENE-DES,DES-351,1,1
S14,Energia,Producto,ENE-TEL,TEL-480,3,1
S14,Energia,Producto,ENE-TEL,TEL-481,2,1
S14,Energia,Producto,ENE-TEL,TEL-482,1,1
S15,Energia,Producto,ENE-TEL,TEL-483,3,1
S15,Energia,Producto,ENE-TEL,TEL-485,1,1
S15,Energia,Producto,ENE-DES,DES-338,5,1
S15,Energia,Producto,ENE-DES,DES-349,3,1
S15,Energia,Producto,ENE-DES,DES-352,5,1
S15,Energia,Producto,ENE-DES,DES-353,5,1
S15,Energia,Producto,ENE-DES,DES-354,2,1
S15,Energia,Producto,ENE-DES,DES-355,1,1
S16,Energia,Producto,ENE-TEL,TEL-486,3,1
S16,Energia,Producto,ENE-TEL,TEL-488,8,0
S16,Energia,Producto,ENE-DES,DES-358,2,1
S16,Energia,Producto,ENE-DES,DES-359,5,1
S16,Energia,Producto,ENE-DES,DES-360,5,1
S16,Energia,Producto,ENE-DES,DES-361,5,1
S17,Energia,Producto,ENE-TEL,TEL-446,5,1
S17,Energia,Producto,ENE-TEL,TEL-488,8,0
S17,Energia,Producto,ENE-TEL,TEL-490,2,1
S17,Energia,Producto,ENE-TEL,TEL-493,3,0
S17,Energia,Producto,ENE-TEL,TEL-494,2,1
S17,Energia,Producto,ENE-DES,DES-366,3,1
S17,Energia,Producto,ENE-DES,DES-367,2,1
S17,Energia,Producto,ENE-DES,DES-368,1,1
S17,Energia,Producto,ENE-TEL,TEL-495,3,1
S17,Energia,Producto,ENE-TEL,TEL-496,1,1
S17,Energia,Producto,ENE-DES,DES-369,2,0
S18,Energia,Producto,ENE-TEL,TEL-469,2,1
S18,Energia,Producto,ENE-TEL,TEL-488,8,1
S18,Energia,Producto,ENE-TEL,TEL-493,3,1
S18,Energia,Producto,ENE-DES,DES-369,2,1
S18,Energia,Producto,ENE-DES,DES-370,3,1
S18,Energia,Producto,ENE-DES,DES-371,1,1
S18,Energia,Producto,ENE-DES,DES-372,5,1
S18,Energia,Producto,ENE-DES,DES-373,5,1
S18,Energia,Producto,ENE-DES,DES-374,1,1
S19,Energia,Producto,ENE-TEL,TEL-500,2,1
S19,Energia,Producto,ENE-DES,DES-375,5,1
S19,Energia,Producto,ENE-DES,DES-376,3,0
S19,Energia,Producto,ENE-DES,DES-377,2,0
S19,Energia,Producto,ENE-DES,DES-378,2,1
S19,Energia,Producto,ENE-DES,DES-379,2,1
S19,Energia,Producto,ENE-DES,DES-380,5,0
S19,Energia,Producto,ENE-DES,DES-381,3,0
S19,Energia,Producto,ENE-DES,DES-382,3,0
S19,Energia,Producto,ENE-TEL,TEL-501,5,0
S19,Energia,Producto,ENE-TEL,TEL-502,2,1
S20,Energia,Producto,ENE-TEL,TEL-501,5,0
S20,Energia,Producto,ENE-TEL,TEL-503,2,1
S20,Energia,Producto,ENE-TEL,TEL-504,5,1
S20,Energia,Producto,ENE-TEL,TEL-505,3,1
S20,Energia,Producto,ENE-DES,DES-380,5,1
S20,Energia,Producto,ENE-DES,DES-385,8,0
S21,Energia,Producto,ENE-TEL,TEL-506,5,0
S21,Energia,Producto,ENE-TEL,TEL-507,3,0
S21,Energia,Producto,ENE-DES,DES-385,8,1
S21,Energia,Producto,ENE-DES,DES-394,2,1
S21,Energia,Producto,ENE-DES,DES-395,5,0
S21,Energia,Producto,ENE-FAC,FAC-134,1,1
S21,Energia,Producto,ENE-FAC,FAC-136,2,1
S22,Energia,Producto,ENE-TEL,TEL-506,5,1
S22,Energia,Producto,ENE-TEL,TEL-507,3,1
S22,Energia,Producto,ENE-DES,DES-376,3,1
S22,Energia,Producto,ENE-DES,DES-377,2,1
S22,Energia,Producto,ENE-DES,DES-395,5,1
S22,Energia,Producto,ENE-DES,DES-397,5,0
S22,Energia,Producto,ENE-DES,DES-398,1,1
S23,Energia,Producto,ENE-DES,DES-397,5,1
S23,Energia,Producto,ENE-DES,DES-402,5,1
S23,Energia,Producto,ENE-DES,DES-403,5,1
S23,Energia,Producto,ENE-FAC,FAC-139,3,1
S23,Energia,Producto,ENE-FAC,FAC-140,5,1
S23,Energia,Producto,ENE-FAC,FAC-141,5,0
S23,Energia,Producto,ENE-FAC,FAC-142,2,1
S23,Energia,Producto,ENE-FAC,FAC-143,1,1
S24,Energia,Producto,ENE-DES,DES-405,5,1
S24,Energia,Producto,ENE-DES,DES-407,3,1
S24,Energia,Producto,ENE-DES,DES-408,1,1
S24,Energia,Producto,ENE-DES,DES-409,5,1
S24,Energia,Producto,ENE-FAC,FAC-141,5,1
S24,Energia,Producto,ENE-FAC,FAC-146,8,1
S24,Energia,Producto,ENE-FAC,FAC-148,2,1
S24,Energia,Producto,ENE-FAC,FAC-149,1,1
S25,Energia,Producto,ENE-TEL,TEL-498,3,1
S25,Energia,Producto,ENE-DES,DES-381,3,1
S25,Energia,Producto,ENE-DES,DES-410,3,1
S25,Energia,Producto,ENE-DES,DES-411,3,1
S25,Energia,Producto,ENE-FAC,FAC-150,8,0
S25,Energia,Producto,ENE-FAC,FAC-154,8,0
S25,Energia,Producto,ENE-FAC,FAC-155,3,0
S25,Energia,Producto,ENE-FAC,FAC-156,5,1
S25,Energia,Producto,ENE-FAC,FAC-157,2,1
S26,Energia,Producto,ENE-TEL,TEL-499,2,1
S26,Energia,Producto,ENE-DES,DES-412,5,1
S26,Energia,Producto,ENE-FAC,FAC-150,8,1
S26,Energia,Producto,ENE-FAC,FAC-154,8,1
S26,Energia,Producto,ENE-FAC,FAC-155,3,1
S26,Energia,Producto,ENE-FAC,FAC-158,2,1
S26,Energia,Producto,ENE-FAC,FAC-159,2,1
S26,Energia,Producto,ENE-FAC,FAC-160,2,1
S27,Energia,Producto,ENE-DES,DES-413,8,1
S27,Energia,Producto,ENE-DES,DES-415,8,1
S27,Energia,Producto,ENE-DES,DES-416,2,1
S27,Energia,Producto,ENE-DES,DES-417,1,1
S27,Energia,Producto,ENE-FAC,FAC-162,5,0
S27,Energia,Producto,ENE-FAC,FAC-164,3,1
S27,Energia,Producto,ENE-FAC,FAC-165,2,1
S27,Energia,Producto,ENE-FAC,FAC-166,1,1
S27,Energia,Producto,ENE-DES,DES-418,1,1
S27,Energia,Producto,ENE-FAC,FAC-167,2,1
S28,Energia,Producto,ENE-FAC,FAC-162,5,1
S28,Energia,Producto,ENE-FAC,FAC-170,5,1
S28,Energia,Producto,ENE-FAC,FAC-171,3,1
S28,Energia,Producto,ENE-FAC,FAC-174,3,1
S28,Energia,Producto,ENE-FAC,FAC-175,2,1
S28,Energia,Producto,ENE-CIB,CIB-172,3,1
S28,Energia,Producto,ENE-CIB,CIB-173,2,1
S28,Energia,Producto,ENE-DES,DES-419,5,1
S28,Energia,Producto,ENE-FAC,FAC-176,3,0
S29,Energia,Producto,ENE-DES,DES-420,3,1
S29,Energia,Producto,ENE-DES,DES-423,2,1
S29,Energia,Producto,ENE-DES,DES-424,2,0
S29,Energia,Producto,ENE-FAC,FAC-176,3,1
S29,Energia,Producto,ENE-FAC,FAC-180,2,1
S29,Energia,Producto,ENE-FAC,FAC-181,2,1
S29,Energia,Producto,ENE-FAC,FAC-182,5,0
S29,Energia,Producto,ENE-FAC,FAC-183,8,1
S29,Energia,Producto,ENE-FAC,FAC-184,2,1
S29,Energia,Producto,ENE-FAC,FAC-185,5,0
S29,Energia,Producto,ENE-FAC,FAC-186,2,1
S29,Energia,Producto,ENE-FAC,FAC-187,1,1
S29,Energia,Producto,ENE-FAC,FAC-188,3,1
S30,Energia,Producto,ENE-FAC,FAC-182,5,1
S30,Energia,Producto,ENE-FAC,FAC-185,5,1
S30,Energia,Producto,ENE-FAC,FAC-189,5,1
S30,Energia,Producto,ENE-FAC,FAC-191,3,1
S30,Energia,Producto,ENE-FAC,FAC-192,2,1
S30,Energia,Producto,ENE-FAC,FAC-193,8,0
S30,Energia,Producto,ENE-CIB,CIB-174,3,1
S31,Energia,Producto,ENE-DES,DES-426,8,1
S31,Energia,Producto,ENE-DES,DES-430,3,1
S31,Energia,Producto,ENE-FAC,FAC-193,8,0
S31,Energia,Producto,ENE-FAC,FAC-195,5,0
S31,Energia,Producto,ENE-FAC,FAC-196,3,1
S31,Energia,Producto,ENE-FAC,FAC-197,5,0
S32,Energia,Producto,ENE-FAC,FAC-193,8,1
S32,Energia,Producto,ENE-FAC,FAC-195,5,1
S32,Energia,Producto,ENE-FAC,FAC-197,5,0
S32,Energia,Producto,ENE-FAC,FAC-200,2,1
S32,Energia,Producto,ENE-FAC,FAC-201,2,1
S32,Energia,Producto,ENE-FAC,FAC-202,1,1
S32,Energia,Producto,ENE-FAC,FAC-203,5,1
S32,Energia,Producto,ENE-FAC,FAC-204,2,1
S32,Energia,Producto,ENE-FAC,FAC-205,1,1
S33,Energia,Producto,ENE-DES,DES-433,2,1
S33,Energia,Producto,ENE-DES,DES-434,2,1
S33,Energia,Producto,ENE-FAC,FAC-197,5,1
S33,Energia,Producto,ENE-FAC,FAC-209,1,1
S33,Energia,Producto,ENE-FAC,FAC-211,2,1
S33,Energia,Producto,ENE-FAC,FAC-212,2,1
S33,Energia,Producto,ENE-FAC,FAC-213,1,1
S33,Energia,Producto,ENE-FAC,FAC-214,5,0
S33,Energia,Producto,ENE-FAC,FAC-215,3,1
S33,Energia,Producto,ENE-FAC,FAC-216,2,0
S33,Energia,Producto,ENE-FAC,FAC-217,2,1
S33,Energia,Producto,ENE-FAC,FAC-218,3,1
S34,Energia,Producto,ENE-DES,DES-425,2,1
S34,Energia,Producto,ENE-DES,DES-435,8,1
S34,Energia,Producto,ENE-DES,DES-436,8,0
S34,Energia,Producto,ENE-FAC,FAC-210,2,1
S34,Energia,Producto,ENE-FAC,FAC-214,5,1
S34,Energia,Producto,ENE-FAC,FAC-219,3,0
S34,Energia,Producto,ENE-FAC,FAC-220,1,1
S34,Energia,Producto,ENE-FAC,FAC-221,1,1
S35,Energia,Producto,ENE-DES,DES-431,3,1
S35,Energia,Producto,ENE-DES,DES-436,8,0
S35,Energia,Producto,ENE-DES,DES-438,5,1
S35,Energia,Producto,ENE-FAC,FAC-219,3,1
S35,Energia,Producto,ENE-FAC,FAC-223,1,1
S35,Energia,Producto,ENE-FAC,FAC-224,3,1
S35,Energia,Producto,ENE-FAC,FAC-225,5,0
S35,Energia,Producto,ENE-FAC,FAC-226,2,0
S36,Energia,Producto,ENE-DES,DES-436,8,0
S36,Energia,Producto,ENE-DES,DES-439,2,1
S36,Energia,Producto,ENE-DES,DES-442,5,0
S36,Energia,Producto,ENE-FAC,FAC-225,5,1
S36,Energia,Producto,ENE-FAC,FAC-229,3,0
S36,Energia,Producto,ENE-FAC,FAC-230,5,0
S36,Energia,Producto,ENE-CIB,CIB-181,1,1
S37,Energia,Producto,ENE-DES,DES-436,8,1
S37,Energia,Producto,ENE-DES,DES-442,5,1
S37,Energia,Producto,ENE-DES,DES-444,5,1
S37,Energia,Producto,ENE-DES,DES-445,2,1
S37,Energia,Producto,ENE-FAC,FAC-230,5,1
S38,Energia,Producto,ENE-DES,DES-448,3,0
S38,Energia,Producto,ENE-DES,DES-449,2,1
S38,Energia,Producto,ENE-DES,DES-450,2,1
S38,Energia,Producto,ENE-DES,DES-451,2,1
S38,Energia,Producto,ENE-DES,DES-452,5,1
S38,Energia,Producto,ENE-FAC,FAC-239,8,1
S38,Energia,Producto,ENE-FAC,FAC-241,2,1
S38,Energia,Producto,ENE-FAC,FAC-242,3,1
S38,Energia,Producto,ENE-FAC,FAC-243,2,1
S39,Energia,Producto,ENE-DES,DES-448,3,1
S39,Energia,Producto,ENE-DES,DES-453,3,1
S39,Energia,Producto,ENE-FAC,FAC-245,3,1
S39,Energia,Producto,ENE-FAC,FAC-247,5,1
S39,Energia,Producto,ENE-FAC,FAC-251,5,0
S39,Energia,Producto,ENE-FAC,FAC-252,3,1
S39,Energia,Producto,ENE-FAC,FAC-253,1,1
S39,Energia,Producto,ENE-CIB,CIB-182,2,1
S39,Energia,Producto,ENE-DES,DES-454,2,1
S39,Energia,Producto,ENE-FAC,FAC-254,2,0
S40,Energia,Producto,ENE-DES,DES-455,2,1
S40,Energia,Producto,ENE-DES,DES-456,3,1
S40,Energia,Producto,ENE-DES,DES-457,1,1
S40,Energia,Producto,ENE-FAC,FAC-254,2,1
S40,Energia,Producto,ENE-FAC,FAC-256,8,1
S40,Energia,Producto,ENE-FAC,FAC-259,2,1
S40,Energia,Producto,ENE-CIB,CIB-183,2,1
S40,Energia,Producto,ENE-FAC,FAC-261,2,1
S40,Energia,Producto,ENE-FAC,FAC-262,5,0
S40,Energia,Producto,ENE-FAC,FAC-263,3,0
S40,Energia,Producto,ENE-FAC,FAC-264,2,0
S40,Energia,Producto,ENE-FAC,FAC-265,1,1
S41,Energia,Producto,ENE-DES,DES-458,2,1
S41,Energia,Producto,ENE-DES,DES-459,3,1
S41,Energia,Producto,ENE-FAC,FAC-266,8,0
S41,Energia,Producto,ENE-FAC,FAC-267,2,1
S41,Energia,Producto,ENE-FAC,FAC-269,3,1
S41,Energia,Producto,ENE-FAC,FAC-271,2,1
S41,Energia,Producto,ENE-FAC,FAC-272,2,0
S41,Energia,Producto,ENE-FAC,FAC-273,3,1
S41,Energia,Producto,ENE-DES,DES-460,5,0
S42,Energia,Producto,ENE-DES,DES-460,5,0
S42,Energia,Producto,ENE-DES,DES-461,2,1
S42,Energia,Producto,ENE-FAC,FAC-238,3,1
S42,Energia,Producto,ENE-FAC,FAC-266,8,0
S42,Energia,Producto,ENE-FAC,FAC-277,2,1
S42,Energia,Producto,ENE-FAC,FAC-278,2,1
S42,Energia,Producto,ENE-CIB,CIB-184,2,1
S42,Energia,Producto,ENE-CIB,CIB-185,2,1
S42,Energia,Producto,ENE-DES,DES-462,2,0
S43,Energia,Producto,ENE-DES,DES-460,5,1
S43,Energia,Producto,ENE-DES,DES-466,2,1
S43,Energia,Producto,ENE-DES,DES-467,3,0
S43,Energia,Producto,ENE-DES,DES-468,5,1
S43,Energia,Producto,ENE-DES,DES-469,8,0
S43,Energia,Producto,ENE-DES,DES-470,2,1
S44,Energia,Producto,ENE-DES,DES-475,5,0
S44,Energia,Producto,ENE-DES,DES-476,5,1
S44,Energia,Producto,ENE-DES,DES-478,5,1
S44,Energia,Producto,ENE-DES,DES-479,3,1
S44,Energia,Producto,ENE-DES,DES-480,5,0
S45,Energia,Producto,ENE-DES,DES-462,2,1
S45,Energia,Producto,ENE-DES,DES-467,3,1
S45,Energia,Producto,ENE-DES,DES-480,5,1
S45,Energia,Producto,ENE-DES,DES-481,8,0
S45,Energia,Producto,ENE-DES,DES-483,8,0
S45,Energia,Producto,ENE-DES,DES-484,2,1
S03,Energia,QA,ENE-TEL,TEL-509,3,0
S04,Energia,QA,ENE-TEL,TEL-509,3,1
S05,Energia,QA,ENE-TEL,TEL-518,8,0
S06,Energia,QA,ENE-TEL,TEL-518,8,1
S06,Energia,QA,ENE-TEL,TEL-519,2,1
S06,Energia,QA,ENE-TEL,TEL-523,2,1
S07,Energia,QA,ENE-TEL,TEL-529,8,1
S07,Energia,QA,ENE-TEL,TEL-531,1,1
S07,Energia,QA,ENE-TEL,TEL-532,3,1
S07,Energia,QA,ENE-TEL,TEL-533,5,0
S07,Energia,QA,ENE-TEL,TEL-534,2,0
S08,Energia,QA,ENE-TEL,TEL-533,5,0
S08,Energia,QA,ENE-TEL,TEL-536,2,1
S08,Energia,QA,ENE-TEL,TEL-538,2,1
S08,Energia,QA,ENE-TEL,TEL-539,2,1
S08,Energia,QA,ENE-TEL,TEL-540,2,1
S08,Energia,QA,ENE-TEL,TEL-541,2,1
S08,Energia,QA,ENE-TEL,TEL-542,3,0
S08,Energia,QA,ENE-TEL,TEL-543,1,0
S08,Energia,QA,ENE-TEL,TEL-544,1,1
S09,Energia,QA,ENE-TEL,TEL-533,5,1
S09,Energia,QA,ENE-TEL,TEL-534,2,1
S09,Energia,QA,ENE-TEL,TEL-542,3,1
S09,Energia,QA,ENE-TEL,TEL-545,1,1
S09,Energia,QA,ENE-TEL,TEL-546,3,1
S09,Energia,QA,ENE-TEL,TEL-547,1,1
S10,Energia,QA,ENE-TEL,TEL-548,8,1
S10,Energia,QA,ENE-TEL,TEL-549,8,0
S11,Energia,QA,ENE-TEL,TEL-549,8,1
S11,Energia,QA,ENE-TEL,TEL-554,3,1
S12,Energia,QA,ENE-TEL,TEL-561,2,1
S12,Energia,QA,ENE-TEL,TEL-562,2,1
S12,Energia,QA,ENE-TEL,TEL-563,8,0
S12,Energia,QA,ENE-TEL,TEL-564,2,1
S12,Energia,QA,ENE-TEL,TEL-565,5,1
S12,Energia,QA,ENE-DES,DES-493,2,1
S13,Energia,QA,ENE-TEL,TEL-563,8,0
S13,Energia,QA,ENE-TEL,TEL-567,2,1
S13,Energia,QA,ENE-TEL,TEL-568,2,1
S13,Energia,QA,ENE-DES,DES-494,5,1
S13,Energia,QA,ENE-DES,DES-495,2,1
S14,Energia,QA,ENE-TEL,TEL-563,8,0
S14,Energia,QA,ENE-TEL,TEL-571,5,1
S14,Energia,QA,ENE-TEL,TEL-572,3,1
S14,Energia,QA,ENE-DES,DES-496,3,1
S15,Energia,QA,ENE-TEL,TEL-563,8,0
S15,Energia,QA,ENE-TEL,TEL-574,3,0
S15,Energia,QA,ENE-TEL,TEL-575,2,1
S16,Energia,QA,ENE-TEL,TEL-563,8,0
S16,Energia,QA,ENE-TEL,TEL-578,3,1
S17,Energia,QA,ENE-TEL,TEL-563,8,0
S18,Energia,QA,ENE-TEL,TEL-563,8,0
S19,Energia,QA,ENE-TEL,TEL-563,8,1
S19,Energia,QA,ENE-TEL,TEL-588,3,1
S20,Energia,QA,ENE-TEL,TEL-589,5,1
S20,Energia,QA,ENE-TEL,TEL-590,2,0
S20,Energia,QA,ENE-DES,DES-508,8,1
S20,Energia,QA,ENE-DES,DES-510,2,1
S21,Energia,QA,ENE-TEL,TEL-573,5,1
S21,Energia,QA,ENE-TEL,TEL-590,2,1
S21,Energia,QA,ENE-DES,DES-512,3,1
S21,Energia,QA,ENE-FAC,FAC-280,2,1
S21,Energia,QA,ENE-DES,DES-513,3,0
S21,Energia,QA,ENE-DES,DES-514,2,1
S21,Energia,QA,ENE-DES,DES-515,3,1
S21,Energia,QA,ENE-FAC,FAC-281,3,0
S22,Energia,QA,ENE-DES,DES-513,3,1
S22,Energia,QA,ENE-DES,DES-516,3,1
S22,Energia,QA,ENE-FAC,FAC-281,3,1
S22,Energia,QA,ENE-FAC,FAC-282,5,0
S22,Energia,QA,ENE-FAC,FAC-283,5,1
S22,Energia,QA,ENE-TEL,TEL-594,3,1
S23,Energia,QA,ENE-TEL,TEL-595,5,1
S23,Energia,QA,ENE-TEL,TEL-596,5,1
S23,Energia,QA,ENE-DES,DES-517,3,1
S23,Energia,QA,ENE-FAC,FAC-282,5,1
S23,Energia,QA,ENE-FAC,FAC-284,3,1
S23,Energia,QA,ENE-FAC,FAC-285,3,1
S24,Energia,QA,ENE-TEL,TEL-597,3,1
S24,Energia,QA,ENE-TEL,TEL-598,5,1
S24,Energia,QA,ENE-DES,DES-518,3,1
S24,Energia,QA,ENE-FAC,FAC-286,3,1
S24,Energia,QA,ENE-FAC,FAC-287,5,0
S24,Energia,QA,ENE-TEL,TEL-600,2,1
S24,Energia,QA,ENE-DES,DES-519,1,1
S25,Energia,QA,ENE-DES,DES-520,3,1
S25,Energia,QA,ENE-DES,DES-523,3,1
S25,Energia,QA,ENE-DES,DES-524,2,1
S25,Energia,QA,ENE-FAC,FAC-287,5,1
S25,Energia,QA,ENE-FAC,FAC-288,2,1
S25,Energia,QA,ENE-DES,DES-525,5,0
S26,Energia,QA,ENE-DES,DES-525,5,1
S26,Energia,QA,ENE-DES,DES-526,5,0
S26,Energia,QA,ENE-DES,DES-527,8,1
S26,Energia,QA,ENE-FAC,FAC-289,1,1
S26,Energia,QA,ENE-TEL,TEL-602,3,0
S27,Energia,QA,ENE-TEL,TEL-602,3,1
S27,Energia,QA,ENE-DES,DES-526,5,1
S27,Energia,QA,ENE-DES,DES-528,5,1
S27,Energia,QA,ENE-DES,DES-529,5,0
S28,Energia,QA,ENE-DES,DES-529,5,1
S28,Energia,QA,ENE-DES,DES-531,2,1
S28,Energia,QA,ENE-FAC,FAC-292,3,1
S28,Energia,QA,ENE-FAC,FAC-293,2,1
S28,Energia,QA,ENE-FAC,FAC-294,3,1
S28,Energia,QA,ENE-DES,DES-532,3,1
S29,Energia,QA,ENE-TEL,TEL-599,2,1
S29,Energia,QA,ENE-TEL,TEL-603,2,1
S29,Energia,QA,ENE-DES,DES-533,3,1
S29,Energia,QA,ENE-DES,DES-534,3,1
S29,Energia,QA,ENE-CIB,CIB-220,8,1
S30,Energia,QA,ENE-DES,DES-537,3,1
S30,Energia,QA,ENE-FAC,FAC-298,1,1
S30,Energia,QA,ENE-FAC,FAC-299,1,1
S30,Energia,QA,ENE-CIB,CIB-221,2,1
S30,Energia,QA,ENE-CIB,CIB-222,2,1
S30,Energia,QA,ENE-FAC,FAC-300,2,1
S30,Energia,QA,ENE-FAC,FAC-301,2,0
S30,Energia,QA,ENE-DES,DES-538,5,0
S30,Energia,QA,ENE-DES,DES-539,2,1
S31,Energia,QA,ENE-DES,DES-538,5,0
S31,Energia,QA,ENE-DES,DES-540,3,1
S31,Energia,QA,ENE-DES,DES-541,3,0
S31,Energia,QA,ENE-FAC,FAC-301,2,1
S31,Energia,QA,ENE-DES,DES-542,2,1
S31,Energia,QA,ENE-DES,DES-543,3,0
S32,Energia,QA,ENE-DES,DES-538,5,1
S32,Energia,QA,ENE-DES,DES-541,3,1
S32,Energia,QA,ENE-DES,DES-544,2,1
S33,Energia,QA,ENE-DES,DES-545,5,0
S33,Energia,QA,ENE-FAC,FAC-303,2,1
S33,Energia,QA,ENE-CIB,CIB-225,8,0
S34,Energia,QA,ENE-DES,DES-545,5,0
S35,Energia,QA,ENE-DES,DES-545,5,1
S35,Energia,QA,ENE-FAC,FAC-306,1,1
S35,Energia,QA,ENE-FAC,FAC-307,3,1
S35,Energia,QA,ENE-CIB,CIB-228,8,1
S36,Energia,QA,ENE-DES,DES-547,1,1
S36,Energia,QA,ENE-DES,DES-548,3,1
S36,Energia,QA,ENE-DES,DES-549,2,1
S36,Energia,QA,ENE-DES,DES-550,8,0
S36,Energia,QA,ENE-CIB,CIB-231,5,1
S37,Energia,QA,ENE-DES,DES-550,8,1
S37,Energia,QA,ENE-FAC,FAC-310,5,0
S37,Energia,QA,ENE-CIB,CIB-233,5,1
S37,Energia,QA,ENE-CIB,CIB-234,3,1
S37,Energia,QA,ENE-DES,DES-551,1,1
S37,Energia,QA,ENE-DES,DES-552,2,1
S38,Energia,QA,ENE-DES,DES-553,1,1
S38,Energia,QA,ENE-DES,DES-554,2,1
S38,Energia,QA,ENE-FAC,FAC-310,5,1
S38,Energia,QA,ENE-FAC,FAC-311,8,1
S39,Energia,QA,ENE-DES,DES-555,2,1
S39,Energia,QA,ENE-CIB,CIB-236,8,1
S39,Energia,QA,ENE-CIB,CIB-237,2,1
S39,Energia,QA,ENE-CIB,CIB-238,3,0
S39,Energia,QA,ENE-DES,DES-556,2,1
S40,Energia,QA,ENE-DES,DES-558,1,1
S40,Energia,QA,ENE-DES,DES-559,8,0
S40,Energia,QA,ENE-FAC,FAC-312,2,1
S40,Energia,QA,ENE-CIB,CIB-238,3,1
S40,Energia,QA,ENE-FAC,FAC-313,3,1
S41,Energia,QA,ENE-DES,DES-559,8,1
S42,Energia,QA,ENE-FAC,FAC-315,3,1
S42,Energia,QA,ENE-FAC,FAC-316,5,0
S42,Energia,QA,ENE-FAC,FAC-318,5,0
S42,Energia,QA,ENE-CIB,CIB-241,2,1
S42,Energia,QA,ENE-CIB,CIB-242,1,1
S43,Energia,QA,ENE-DES,DES-561,5,1
S43,Energia,QA,ENE-FAC,FAC-316,5,1
S43,Energia,QA,ENE-FAC,FAC-322,3,1
S43,Energia,QA,ENE-CIB,CIB-244,3,1
S44,Energia,QA,ENE-DES,DES-562,5,0
S44,Energia,QA,ENE-FAC,FAC-323,5,1
S44,Energia,QA,ENE-CIB,CIB-246,3,0
S44,Energia,QA,ENE-CIB,CIB-247,3,1
S44,Energia,QA,ENE-DES,DES-563,3,1
S45,Energia,QA,ENE-DES,DES-562,5,1
S45,Energia,QA,ENE-DES,DES-564,5,1
S45,Energia,QA,ENE-DES,DES-565,3,1
S45,Energia,QA,ENE-FAC,FAC-314,2,1
S45,Energia,QA,ENE-CIB,CIB-246,3,1
S01,Salud,Datos,SAL-AGE,AGE-17,3,1
S01,Salud,Datos,SAL-AGE,AGE-18,8,0
S01,Salud,Datos,SAL-AGE,AGE-19,2,1
S01,Salud,Datos,SAL-AGE,AGE-20,5,1
S01,Salud,Datos,SAL-AGE,AGE-21,2,1
S01,Salud,Datos,SAL-AGE,AGE-22,2,1
S01,Salud,Datos,SAL-AGE,AGE-23,2,1
S01,Salud,Datos,SAL-AGE,AGE-24,2,1
S02,Salud,Datos,SAL-AGE,AGE-18,8,1
S02,Salud,Datos,SAL-AGE,AGE-26,3,1
S02,Salud,Datos,SAL-AGE,AGE-27,1,1
S02,Salud,Datos,SAL-AGE,AGE-28,2,1
S02,Salud,Datos,SAL-AGE,AGE-29,1,1
S02,Salud,Datos,SAL-AGE,AGE-30,2,1
S03,Salud,Datos,SAL-AGE,AGE-31,8,1
S03,Salud,Datos,SAL-AGE,AGE-32,8,1
S04,Salud,Datos,SAL-AGE,AGE-34,5,0
S04,Salud,Datos,SAL-AGE,AGE-37,3,1
S04,Salud,Datos,SAL-AGE,AGE-40,2,1
S04,Salud,Datos,SAL-AGE,AGE-42,2,1
S04,Salud,Datos,SAL-AGE,AGE-43,3,1
S04,Salud,Datos,SAL-AGE,AGE-44,2,1
S04,Salud,Datos,SAL-AGE,AGE-45,3,1
S04,Salud,Datos,SAL-AGE,AGE-46,2,1
S05,Salud,Datos,SAL-AGE,AGE-34,5,1
S05,Salud,Datos,SAL-AGE,AGE-48,2,1
S05,Salud,Datos,SAL-AGE,AGE-49,5,1
S05,Salud,Datos,SAL-AGE,AGE-51,3,1
S05,Salud,Datos,SAL-AGE,AGE-53,2,1
S05,Salud,Datos,SAL-AGE,AGE-54,3,1
S05,Salud,Datos,SAL-AGE,AGE-55,1,0
S06,Salud,Datos,SAL-AGE,AGE-56,8,1
S06,Salud,Datos,SAL-AGE,AGE-58,5,1
S06,Salud,Datos,SAL-AGE,AGE-59,3,0
S06,Salud,Datos,SAL-AGE,AGE-61,5,1
S06,Salud,Datos,SAL-AGE,AGE-62,2,1
S06,Salud,Datos,SAL-AGE,AGE-63,1,1
S06,Salud,Datos,SAL-AGE,AGE-64,1,1
S06,Salud,Datos,SAL-AGE,AGE-65,3,1
S07,Salud,Datos,SAL-AGE,AGE-59,3,1
S07,Salud,Datos,SAL-AGE,AGE-66,8,1
S07,Salud,Datos,SAL-AGE,AGE-67,3,1
S07,Salud,Datos,SAL-AGE,AGE-71,5,0
S07,Salud,Datos,SAL-AGE,AGE-72,3,0
S07,Salud,Datos,SAL-AGE,AGE-73,1,1
S07,Salud,Datos,SAL-AGE,AGE-74,1,1
S08,Salud,Datos,SAL-FIC,FIC-35,5,1
S08,Salud,Datos,SAL-FIC,FIC-36,2,1
S08,Salud,Datos,SAL-AGE,AGE-70,5,1
S08,Salud,Datos,SAL-AGE,AGE-71,5,1
S08,Salud,Datos,SAL-AGE,AGE-72,3,1
S08,Salud,Datos,SAL-AGE,AGE-78,5,0
S09,Salud,Datos,SAL-FIC,FIC-38,2,1
S09,Salud,Datos,SAL-FIC,FIC-39,2,1
S09,Salud,Datos,SAL-FIC,FIC-40,3,1
S09,Salud,Datos,SAL-FIC,FIC-41,3,1
S09,Salud,Datos,SAL-AGE,AGE-78,5,1
S09,Salud,Datos,SAL-AGE,AGE-80,8,0
S10,Salud,Datos,SAL-FIC,FIC-45,2,1
S10,Salud,Datos,SAL-FIC,FIC-46,2,1
S10,Salud,Datos,SAL-FIC,FIC-47,3,1
S10,Salud,Datos,SAL-FIC,FIC-48,8,0
S10,Salud,Datos,SAL-AGE,AGE-80,8,1
S11,Salud,Datos,SAL-FIC,FIC-51,5,0
S11,Salud,Datos,SAL-FIC,FIC-52,3,1
S11,Salud,Datos,SAL-FIC,FIC-53,2,1
S11,Salud,Datos,SAL-FIC,FIC-54,3,1
S11,Salud,Datos,SAL-FIC,FIC-55,1,1
S11,Salud,Datos,SAL-FIC,FIC-56,2,1
S11,Salud,Datos,SAL-AGE,AGE-69,2,1
S11,Salud,Datos,SAL-FIC,FIC-57,3,1
S11,Salud,Datos,SAL-FIC,FIC-58,3,0
S12,Salud,Datos,SAL-FIC,FIC-51,5,1
S12,Salud,Datos,SAL-FIC,FIC-58,3,1
S12,Salud,Datos,SAL-FIC,FIC-63,5,1
S12,Salud,Datos,SAL-FIC,FIC-64,5,1
S12,Salud,Datos,SAL-FIC,FIC-65,2,1
S12,Salud,Datos,SAL-FIC,FIC-66,2,1
S12,Salud,Datos,SAL-AGE,AGE-87,3,1
S13,Salud,Datos,SAL-FIC,FIC-48,8,1
S13,Salud,Datos,SAL-FIC,FIC-67,2,1
S13,Salud,Datos,SAL-FIC,FIC-68,2,1
S13,Salud,Datos,SAL-FIC,FIC-70,5,1
S13,Salud,Datos,SAL-FIC,FIC-71,3,0
S14,Salud,Datos,SAL-FIC,FIC-73,3,1
S14,Salud,Datos,SAL-FIC,FIC-75,5,0
S14,Salud,Datos,SAL-FIC,FIC-76,2,1
S14,Salud,Datos,SAL-FIC,FIC-77,3,1
S14,Salud,Datos,SAL-AGE,AGE-93,2,1
S14,Salud,Datos,SAL-AGE,AGE-94,2,1
S14,Salud,Datos,SAL-AGE,AGE-95,2,0
S14,Salud,Datos,SAL-AGE,AGE-96,1,1
S14,Salud,Datos,SAL-FIC,FIC-78,2,1
S14,Salud,Datos,SAL-AGE,AGE-97,3,0
S15,Salud,Datos,SAL-FIC,FIC-59,5,1
S15,Salud,Datos,SAL-FIC,FIC-69,2,1
S15,Salud,Datos,SAL-FIC,FIC-75,5,1
S15,Salud,Datos,SAL-FIC,FIC-79,2,1
S15,Salud,Datos,SAL-FIC,FIC-80,2,1
S15,Salud,Datos,SAL-FIC,FIC-81,3,1
S15,Salud,Datos,SAL-AGE,AGE-95,2,1
S15,Salud,Datos,SAL-AGE,AGE-97,3,1
S16,Salud,Datos,SAL-FIC,FIC-83,2,1
S16,Salud,Datos,SAL-FIC,FIC-86,5,1
S16,Salud,Datos,SAL-FIC,FIC-88,3,1
S16,Salud,Datos,SAL-FIC,FIC-90,3,1
S16,Salud,Datos,SAL-FIC,FIC-91,3,0
S16,Salud,Datos,SAL-FIC,FIC-92,5,0
S16,Salud,Datos,SAL-FIC,FIC-93,1,1
S16,Salud,Datos,SAL-LAB,LAB-12,3,0
S17,Salud,Datos,SAL-FIC,FIC-91,3,1
S17,Salud,Datos,SAL-FIC,FIC-92,5,1
S17,Salud,Datos,SAL-FIC,FIC-96,3,1
S17,Salud,Datos,SAL-FIC,FIC-97,1,1
S17,Salud,Datos,SAL-FIC,FIC-98,2,1
S17,Salud,Datos,SAL-FIC,FIC-99,1,1
S17,Salud,Datos,SAL-LAB,LAB-12,3,1
S17,Salud,Datos,SAL-LAB,LAB-15,3,1
S18,Salud,Datos,SAL-FIC,FIC-104,1,1
S18,Salud,Datos,SAL-FIC,FIC-105,5,1
S18,Salud,Datos,SAL-FIC,FIC-106,2,1
S18,Salud,Datos,SAL-FIC,FIC-107,3,1
S18,Salud,Datos,SAL-FIC,FIC-108,1,1
S18,Salud,Datos,SAL-LAB,LAB-18,8,0
S18,Salud,Datos,SAL-FIC,FIC-109,5,0
S19,Salud,Datos,SAL-FIC,FIC-109,5,1
S19,Salud,Datos,SAL-FIC,FIC-112,3,1
S19,Salud,Datos,SAL-FIC,FIC-113,2,1
S19,Salud,Datos,SAL-LAB,LAB-18,8,1
S19,Salud,Datos,SAL-LAB,LAB-19,2,1
S20,Salud,Datos,SAL-FIC,FIC-115,5,1
S20,Salud,Datos,SAL-LAB,LAB-21,5,1
S20,Salud,Datos,SAL-LAB,LAB-23,5,1
S20,Salud,Datos,SAL-LAB,LAB-24,2,1
S20,Salud,Datos,SAL-LAB,LAB-25,3,1
S20,Salud,Datos,SAL-LAB,LAB-27,3,1
S21,Salud,Datos,SAL-FIC,FIC-116,8,0
S21,Salud,Datos,SAL-FIC,FIC-118,1,1
S21,Salud,Datos,SAL-FIC,FIC-119,2,1
S21,Salud,Datos,SAL-FIC,FIC-120,8,0
S21,Salud,Datos,SAL-LAB,LAB-28,2,1
S21,Salud,Datos,SAL-LAB,LAB-30,1,1
S21,Salud,Datos,SAL-LAB,LAB-31,2,1
S22,Salud,Datos,SAL-FIC,FIC-116,8,1
S22,Salud,Datos,SAL-FIC,FIC-120,8,1
S22,Salud,Datos,SAL-FIC,FIC-121,5,1
S23,Salud,Datos,SAL-FIC,FIC-126,5,1
S23,Salud,Datos,SAL-FIC,FIC-128,8,0
S23,Salud,Datos,SAL-FIC,FIC-129,2,1
S23,Salud,Datos,SAL-FIC,FIC-130,5,1
S24,Salud,Datos,SAL-FIC,FIC-128,8,1
S24,Salud,Datos,SAL-FIC,FIC-131,2,1
S24,Salud,Datos,SAL-LAB,LAB-36,8,0
S25,Salud,Datos,SAL-FIC,FIC-132,8,0
S25,Salud,Datos,SAL-FIC,FIC-134,5,1
S25,Salud,Datos,SAL-FIC,FIC-135,2,1
S25,Salud,Datos,SAL-LAB,LAB-36,8,0
S25,Salud,Datos,SAL-LAB,LAB-44,5,1
S26,Salud,Datos,SAL-FIC,FIC-132,8,1
S26,Salud,Datos,SAL-FIC,FIC-137,2,1
S26,Salud,Datos,SAL-FIC,FIC-139,3,1
S26,Salud,Datos,SAL-FIC,FIC-140,3,0
S26,Salud,Datos,SAL-LAB,LAB-36,8,1
S26,Salud,Datos,SAL-LAB,LAB-49,2,1
S27,Salud,Datos,SAL-FIC,FIC-143,3,1
S27,Salud,Datos,SAL-FIC,FIC-144,5,0
S27,Salud,Datos,SAL-FIC,FIC-145,2,1
S27,Salud,Datos,SAL-LAB,LAB-51,8,1
S27,Salud,Datos,SAL-LAB,LAB-55,5,0
S27,Salud,Datos,SAL-LAB,LAB-56,8,0
S28,Salud,Datos,SAL-FIC,FIC-144,5,0
S28,Salud,Datos,SAL-FIC,FIC-147,5,1
S28,Salud,Datos,SAL-FIC,FIC-148,5,0
S28,Salud,Datos,SAL-FIC,FIC-149,8,0
S28,Salud,Datos,SAL-FIC,FIC-150,2,1
S29,Salud,Datos,SAL-FIC,FIC-127,3,1
S29,Salud,Datos,SAL-FIC,FIC-144,5,1
S29,Salud,Datos,SAL-FIC,FIC-148,5,1
S29,Salud,Datos,SAL-FIC,FIC-149,8,1
S30,Salud,Datos,SAL-FIC,FIC-153,5,1
S30,Salud,Datos,SAL-FIC,FIC-155,8,1
S30,Salud,Datos,SAL-FIC,FIC-156,2,0
S30,Salud,Datos,SAL-FIC,FIC-157,3,1
S30,Salud,Datos,SAL-FIC,FIC-158,2,1
S31,Salud,Datos,SAL-FIC,FIC-159,5,0
S31,Salud,Datos,SAL-FIC,FIC-160,3,1
S31,Salud,Datos,SAL-FIC,FIC-162,5,0
S31,Salud,Datos,SAL-LAB,LAB-63,5,1
S31,Salud,Datos,SAL-LAB,LAB-64,5,1
S32,Salud,Datos,SAL-FIC,FIC-159,5,1
S32,Salud,Datos,SAL-FIC,FIC-164,3,1
S32,Salud,Datos,SAL-FIC,FIC-165,5,0
S32,Salud,Datos,SAL-FIC,FIC-166,1,1
S32,Salud,Datos,SAL-CAM,CAM-16,2,1
S32,Salud,Datos,SAL-CAM,CAM-17,3,1
S32,Salud,Datos,SAL-FIC,FIC-167,2,1
S32,Salud,Datos,SAL-LAB,LAB-68,2,1
S32,Salud,Datos,SAL-LAB,LAB-69,2,1
S32,Salud,Datos,SAL-LAB,LAB-70,2,1
S32,Salud,Datos,SAL-FIC,FIC-168,2,0
S33,Salud,Datos,SAL-FIC,FIC-168,2,1
S33,Salud,Datos,SAL-FIC,FIC-169,5,1
S33,Salud,Datos,SAL-LAB,LAB-71,3,1
S33,Salud,Datos,SAL-CAM,CAM-18,3,1
S33,Salud,Datos,SAL-CAM,CAM-21,3,1
S33,Salud,Datos,SAL-CAM,CAM-22,3,1
S33,Salud,Datos,SAL-LAB,LAB-72,1,1
S33,Salud,Datos,SAL-CAM,CAM-23,5,0
S34,Salud,Datos,SAL-FIC,FIC-170,8,0
S34,Salud,Datos,SAL-CAM,CAM-23,5,1
S34,Salud,Datos,SAL-CAM,CAM-25,5,1
S34,Salud,Datos,SAL-CAM,CAM-26,2,1
S34,Salud,Datos,SAL-CAM,CAM-27,2,1
S35,Salud,Datos,SAL-FIC,FIC-170,8,0
S35,Salud,Datos,SAL-FIC,FIC-172,2,1
S35,Salud,Datos,SAL-FIC,FIC-173,2,0
S35,Salud,Datos,SAL-LAB,LAB-73,2,1
S35,Salud,Datos,SAL-LAB,LAB-74,2,1
S35,Salud,Datos,SAL-CAM,CAM-32,5,0
S36,Salud,Datos,SAL-FIC,FIC-165,5,1
S36,Salud,Datos,SAL-FIC,FIC-170,8,1
S36,Salud,Datos,SAL-FIC,FIC-175,3,1
S37,Salud,Datos,SAL-FIC,FIC-162,5,1
S37,Salud,Datos,SAL-FIC,FIC-177,2,1
S37,Salud,Datos,SAL-FIC,FIC-178,1,1
S37,Salud,Datos,SAL-CAM,CAM-35,8,1
S37,Salud,Datos,SAL-CAM,CAM-38,2,1
S37,Salud,Datos,SAL-CAM,CAM-39,3,1
S38,Salud,Datos,SAL-FIC,FIC-173,2,1
S38,Salud,Datos,SAL-FIC,FIC-181,8,1
S38,Salud,Datos,SAL-CAM,CAM-20,3,1
S38,Salud,Datos,SAL-CAM,CAM-41,5,0
S38,Salud,Datos,SAL-CAM,CAM-42,3,1
S38,Salud,Datos,SAL-CAM,CAM-43,1,1
S39,Salud,Datos,SAL-FIC,FIC-183,2,1
S39,Salud,Datos,SAL-FIC,FIC-184,2,1
S39,Salud,Datos,SAL-CAM,CAM-41,5,1
S39,Salud,Datos,SAL-CAM,CAM-44,5,1
S39,Salud,Datos,SAL-CAM,CAM-45,5,1
S39,Salud,Datos,SAL-CAM,CAM-48,2,1
S39,Salud,Datos,SAL-CAM,CAM-49,1,1
S39,Salud,Datos,SAL-FIC,FIC-185,2,0
S40,Salud,Datos,SAL-FIC,FIC-186,5,1
S40,Salud,Datos,SAL-FIC,FIC-188,5,1
S40,Salud,Datos,SAL-FIC,FIC-189,2,1
S40,Salud,Datos,SAL-FIC,FIC-190,2,1
S40,Salud,Datos,SAL-FIC,FIC-191,2,1
S40,Salud,Datos,SAL-CAM,CAM-52,2,1
S40,Salud,Datos,SAL-CAM,CAM-54,3,1
S41,Salud,Datos,SAL-FIC,FIC-185,2,1
S41,Salud,Datos,SAL-CAM,CAM-55,8,1
S41,Salud,Datos,SAL-CAM,CAM-57,3,1
S41,Salud,Datos,SAL-CAM,CAM-58,3,1
S41,Salud,Datos,SAL-CAM,CAM-60,2,1
S41,Salud,Datos,SAL-CAM,CAM-61,1,1
S41,Salud,Datos,SAL-CAM,CAM-62,3,0
S42,Salud,Datos,SAL-FIC,FIC-192,8,1
S42,Salud,Datos,SAL-FIC,FIC-193,3,1
S42,Salud,Datos,SAL-FIC,FIC-194,3,1
S42,Salud,Datos,SAL-CAM,CAM-64,2,1
S42,Salud,Datos,SAL-CAM,CAM-65,2,1
S42,Salud,Datos,SAL-CAM,CAM-66,2,1
S42,Salud,Datos,SAL-FIC,FIC-197,3,0
S42,Salud,Datos,SAL-FIC,FIC-198,2,1
S43,Salud,Datos,SAL-FIC,FIC-197,3,1
S43,Salud,Datos,SAL-FIC,FIC-199,8,1
S43,Salud,Datos,SAL-FIC,FIC-201,5,0
S43,Salud,Datos,SAL-FIC,FIC-202,2,1
S44,Salud,Datos,SAL-FIC,FIC-201,5,0
S44,Salud,Datos,SAL-FIC,FIC-203,5,1
S44,Salud,Datos,SAL-FIC,FIC-839,1,1
S44,Salud,Datos,SAL-FIC,FIC-840,1,1
S44,Salud,Datos,SAL-CAM,CAM-74,3,1
S44,Salud,Datos,SAL-CAM,CAM-75,8,0
S44,Salud,Datos,SAL-CAM,CAM-76,2,1
S44,Salud,Datos,SAL-CAM,CAM-77,1,1
S45,Salud,Datos,SAL-FIC,FIC-201,5,1
S45,Salud,Datos,SAL-FIC,FIC-841,2,1
S45,Salud,Datos,SAL-FIC,FIC-842,2,1
S45,Salud,Datos,SAL-CAM,CAM-75,8,1
S45,Salud,Datos,SAL-CAM,CAM-80,3,1
S45,Salud,Datos,SAL-CAM,CAM-81,2,0
S45,Salud,Datos,SAL-FIC,FIC-843,3,1
S45,Salud,Datos,SAL-CAM,CAM-82,3,1
S45,Salud,Datos,SAL-FIC,FIC-844,1,1
S01,Salud,Integraciones,SAL-AGE,AGE-98,2,1
S01,Salud,Integraciones,SAL-AGE,AGE-99,3,0
S01,Salud,Integraciones,SAL-AGE,AGE-100,5,0
S01,Salud,Integraciones,SAL-AGE,AGE-101,1,1
S01,Salud,Integraciones,SAL-AGE,AGE-102,1,1
S01,Salud,Integraciones,SAL-AGE,AGE-103,3,0
S02,Salud,Integraciones,SAL-AGE,AGE-100,5,1
S03,Salud,Integraciones,SAL-AGE,AGE-99,3,1
S03,Salud,Integraciones,SAL-AGE,AGE-104,2,1
S03,Salud,Integraciones,SAL-AGE,AGE-108,3,1
S03,Salud,Integraciones,SAL-AGE,AGE-109,2,1
S03,Salud,Integraciones,SAL-AGE,AGE-112,2,0
S04,Salud,Integraciones,SAL-AGE,AGE-118,3,1
S04,Salud,Integraciones,SAL-AGE,AGE-119,5,1
S04,Salud,Integraciones,SAL-AGE,AGE-121,3,1
S04,Salud,Integraciones,SAL-AGE,AGE-122,2,1
S05,Salud,Integraciones,SAL-AGE,AGE-115,2,1
S05,Salud,Integraciones,SAL-AGE,AGE-126,3,1
S05,Salud,Integraciones,SAL-AGE,AGE-129,2,1
S05,Salud,Integraciones,SAL-AGE,AGE-131,2,1
S05,Salud,Integraciones,SAL-AGE,AGE-132,1,0
S05,Salud,Integraciones,SAL-AGE,AGE-133,2,0
S05,Salud,Integraciones,SAL-AGE,AGE-134,1,1
S05,Salud,Integraciones,SAL-AGE,AGE-135,5,1
S05,Salud,Integraciones,SAL-AGE,AGE-136,3,1
S06,Salud,Integraciones,SAL-AGE,AGE-120,2,1
S06,Salud,Integraciones,SAL-AGE,AGE-137,5,1
S06,Salud,Integraciones,SAL-AGE,AGE-139,1,1
S06,Salud,Integraciones,SAL-AGE,AGE-140,8,0
S06,Salud,Integraciones,SAL-AGE,AGE-141,2,0
S06,Salud,Integraciones,SAL-AGE,AGE-142,2,1
S07,Salud,Integraciones,SAL-AGE,AGE-140,8,0
S07,Salud,Integraciones,SAL-AGE,AGE-141,2,1
S07,Salud,Integraciones,SAL-AGE,AGE-145,5,1
S08,Salud,Integraciones,SAL-FIC,FIC-204,3,0
S08,Salud,Integraciones,SAL-AGE,AGE-140,8,1
S09,Salud,Integraciones,SAL-FIC,FIC-204,3,1
S09,Salud,Integraciones,SAL-FIC,FIC-206,3,1
S09,Salud,Integraciones,SAL-FIC,FIC-207,2,1
S10,Salud,Integraciones,SAL-FIC,FIC-211,3,0
S10,Salud,Integraciones,SAL-FIC,FIC-213,2,1
S10,Salud,Integraciones,SAL-FIC,FIC-214,2,1
S10,Salud,Integraciones,SAL-FIC,FIC-215,2,1
S10,Salud,Integraciones,SAL-FIC,FIC-216,2,1
S10,Salud,Integraciones,SAL-FIC,FIC-217,1,1
S10,Salud,Integraciones,SAL-AGE,AGE-153,2,1
S10,Salud,Integraciones,SAL-FIC,FIC-218,2,1
S11,Salud,Integraciones,SAL-FIC,FIC-211,3,1
S11,Salud,Integraciones,SAL-FIC,FIC-219,2,1
S11,Salud,Integraciones,SAL-FIC,FIC-220,5,1
S11,Salud,Integraciones,SAL-FIC,FIC-221,1,1
S11,Salud,Integraciones,SAL-AGE,AGE-154,3,1
S11,Salud,Integraciones,SAL-FIC,FIC-222,2,0
S11,Salud,Integraciones,SAL-FIC,FIC-223,3,0
S12,Salud,Integraciones,SAL-FIC,FIC-222,2,1
S12,Salud,Integraciones,SAL-FIC,FIC-223,3,1
S12,Salud,Integraciones,SAL-FIC,FIC-224,2,1
S12,Salud,Integraciones,SAL-AGE,AGE-155,8,1
S12,Salud,Integraciones,SAL-FIC,FIC-225,1,1
S12,Salud,Integraciones,SAL-FIC,FIC-226,3,0
S12,Salud,Integraciones,SAL-FIC,FIC-227,1,1
S13,Salud,Integraciones,SAL-FIC,FIC-226,3,1
S13,Salud,Integraciones,SAL-FIC,FIC-229,3,1
S13,Salud,Integraciones,SAL-FIC,FIC-231,1,1
S13,Salud,Integraciones,SAL-FIC,FIC-232,3,1
S13,Salud,Integraciones,SAL-FIC,FIC-233,3,1
S13,Salud,Integraciones,SAL-FIC,FIC-234,2,1
S14,Salud,Integraciones,SAL-FIC,FIC-235,2,1
S14,Salud,Integraciones,SAL-FIC,FIC-237,3,1
S14,Salud,Integraciones,SAL-FIC,FIC-238,3,1
S14,Salud,Integraciones,SAL-FIC,FIC-239,2,1
S14,Salud,Integraciones,SAL-FIC,FIC-240,8,0
S15,Salud,Integraciones,SAL-FIC,FIC-240,8,1
S15,Salud,Integraciones,SAL-FIC,FIC-242,5,0
S15,Salud,Integraciones,SAL-FIC,FIC-243,2,1
S15,Salud,Integraciones,SAL-FIC,FIC-244,1,1
S16,Salud,Integraciones,SAL-FIC,FIC-242,5,1
S16,Salud,Integraciones,SAL-FIC,FIC-246,8,1
S17,Salud,Integraciones,SAL-FIC,FIC-250,5,1
S17,Salud,Integraciones,SAL-FIC,FIC-251,5,1
S17,Salud,Integraciones,SAL-LAB,LAB-80,3,1
S18,Salud,Integraciones,SAL-FIC,FIC-248,5,1
S18,Salud,Integraciones,SAL-FIC,FIC-255,5,1
S18,Salud,Integraciones,SAL-FIC,FIC-256,5,0
S18,Salud,Integraciones,SAL-LAB,LAB-83,3,1
S19,Salud,Integraciones,SAL-FIC,FIC-256,5,1
S19,Salud,Integraciones,SAL-FIC,FIC-258,8,1
S19,Salud,Integraciones,SAL-FIC,FIC-260,3,1
S19,Salud,Integraciones,SAL-FIC,FIC-261,3,0
S19,Salud,Integraciones,SAL-FIC,FIC-262,1,1
S20,Salud,Integraciones,SAL-FIC,FIC-261,3,1
S20,Salud,Integraciones,SAL-FIC,FIC-264,2,1
S20,Salud,Integraciones,SAL-FIC,FIC-265,1,0
S20,Salud,Integraciones,SAL-LAB,LAB-86,5,1
S20,Salud,Integraciones,SAL-LAB,LAB-87,5,1
S20,Salud,Integraciones,SAL-FIC,FIC-266,3,1
S20,Salud,Integraciones,SAL-LAB,LAB-88,1,0
S21,Salud,Integraciones,SAL-FIC,FIC-267,5,0
S21,Salud,Integraciones,SAL-FIC,FIC-269,2,1
S21,Salud,Integraciones,SAL-LAB,LAB-89,3,1
S21,Salud,Integraciones,SAL-LAB,LAB-90,5,1
S21,Salud,Integraciones,SAL-LAB,LAB-91,1,1
S22,Salud,Integraciones,SAL-FIC,FIC-267,5,0
S22,Salud,Integraciones,SAL-FIC,FIC-270,5,1
S22,Salud,Integraciones,SAL-FIC,FIC-271,2,1
S23,Salud,Integraciones,SAL-FIC,FIC-267,5,1
S23,Salud,Integraciones,SAL-LAB,LAB-94,2,1
S23,Salud,Integraciones,SAL-LAB,LAB-95,3,1
S23,Salud,Integraciones,SAL-LAB,LAB-96,5,1
S24,Salud,Integraciones,SAL-FIC,FIC-274,8,0
S24,Salud,Integraciones,SAL-FIC,FIC-275,2,1
S25,Salud,Integraciones,SAL-FIC,FIC-274,8,1
S25,Salud,Integraciones,SAL-FIC,FIC-276,3,1
S26,Salud,Integraciones,SAL-FIC,FIC-279,5,0
S26,Salud,Integraciones,SAL-FIC,FIC-280,1,1
S26,Salud,Integraciones,SAL-LAB,LAB-99,8,1
S27,Salud,Integraciones,SAL-FIC,FIC-279,5,1
S27,Salud,Integraciones,SAL-FIC,FIC-283,2,1
S27,Salud,Integraciones,SAL-LAB,LAB-102,3,1
S27,Salud,Integraciones,SAL-LAB,LAB-103,2,1
S27,Salud,Integraciones,SAL-FIC,FIC-284,2,1
S27,Salud,Integraciones,SAL-LAB,LAB-104,1,1
S28,Salud,Integraciones,SAL-FIC,FIC-288,3,0
S28,Salud,Integraciones,SAL-FIC,FIC-289,2,1
S28,Salud,Integraciones,SAL-LAB,LAB-105,3,1
S28,Salud,Integraciones,SAL-LAB,LAB-107,3,1
S28,Salud,Integraciones,SAL-FIC,FIC-290,2,0
S28,Salud,Integraciones,SAL-FIC,FIC-291,2,0
S29,Salud,Integraciones,SAL-FIC,FIC-290,2,1
S29,Salud,Integraciones,SAL-FIC,FIC-291,2,1
S29,Salud,Integraciones,SAL-FIC,FIC-292,3,1
S29,Salud,Integraciones,SAL-FIC,FIC-294,8,0
S30,Salud,Integraciones,SAL-FIC,FIC-294,8,0
S30,Salud,Integraciones,SAL-FIC,FIC-296,3,1
S31,Salud,Integraciones,SAL-FIC,FIC-294,8,0
S32,Salud,Integraciones,SAL-FIC,FIC-294,8,0
S33,Salud,Integraciones,SAL-FIC,FIC-294,8,0
S34,Salud,Integraciones,SAL-FIC,FIC-294,8,1
S34,Salud,Integraciones,SAL-FIC,FIC-304,2,1
S34,Salud,Integraciones,SAL-FIC,FIC-305,2,1
S35,Salud,Integraciones,SAL-FIC,FIC-307,3,1
S35,Salud,Integraciones,SAL-LAB,LAB-115,3,1
S35,Salud,Integraciones,SAL-LAB,LAB-117,3,1
S35,Salud,Integraciones,SAL-LAB,LAB-118,3,1
S35,Salud,Integraciones,SAL-FIC,FIC-308,1,1
S36,Salud,Integraciones,SAL-FIC,FIC-309,8,1
S36,Salud,Integraciones,SAL-FIC,FIC-310,3,1
S36,Salud,Integraciones,SAL-FIC,FIC-311,3,1
S37,Salud,Integraciones,SAL-FIC,FIC-312,5,1
S37,Salud,Integraciones,SAL-FIC,FIC-314,5,1
S37,Salud,Integraciones,SAL-FIC,FIC-316,3,1
S38,Salud,Integraciones,SAL-FIC,FIC-319,3,1
S38,Salud,Integraciones,SAL-FIC,FIC-320,3,1
S38,Salud,Integraciones,SAL-FIC,FIC-321,2,0
S38,Salud,Integraciones,SAL-FIC,FIC-322,2,1
S38,Salud,Integraciones,SAL-FIC,FIC-323,2,1
S38,Salud,Integraciones,SAL-FIC,FIC-324,3,1
S38,Salud,Integraciones,SAL-FIC,FIC-325,1,1
S39,Salud,Integraciones,SAL-FIC,FIC-321,2,1
S39,Salud,Integraciones,SAL-FIC,FIC-326,5,1
S39,Salud,Integraciones,SAL-FIC,FIC-327,5,1
S39,Salud,Integraciones,SAL-FIC,FIC-328,3,1
S40,Salud,Integraciones,SAL-FIC,FIC-329,8,1
S40,Salud,Integraciones,SAL-FIC,FIC-332,1,1
S40,Salud,Integraciones,SAL-FIC,FIC-334,1,1
S40,Salud,Integraciones,SAL-FIC,FIC-335,5,1
S40,Salud,Integraciones,SAL-FIC,FIC-336,2,1
S41,Salud,Integraciones,SAL-FIC,FIC-337,5,1
S41,Salud,Integraciones,SAL-FIC,FIC-340,2,1
S41,Salud,Integraciones,SAL-FIC,FIC-341,3,1
S41,Salud,Integraciones,SAL-FIC,FIC-342,5,0
S42,Salud,Integraciones,SAL-FIC,FIC-342,5,1
S42,Salud,Integraciones,SAL-FIC,FIC-343,8,0
S42,Salud,Integraciones,SAL-FIC,FIC-344,3,1
S43,Salud,Integraciones,SAL-FIC,FIC-343,8,1
S43,Salud,Integraciones,SAL-FIC,FIC-898,2,1
S43,Salud,Integraciones,SAL-FIC,FIC-899,3,1
S43,Salud,Integraciones,SAL-FIC,FIC-900,3,1
S44,Salud,Integraciones,SAL-FIC,FIC-901,5,1
S44,Salud,Integraciones,SAL-FIC,FIC-902,5,0
S44,Salud,Integraciones,SAL-FIC,FIC-903,5,1
S45,Salud,Integraciones,SAL-FIC,FIC-902,5,1
S45,Salud,Integraciones,SAL-FIC,FIC-906,3,1
S45,Salud,Integraciones,SAL-FIC,FIC-907,3,1
S45,Salud,Integraciones,SAL-FIC,FIC-908,5,0
S01,Salud,Plataforma,SAL-AGE,AGE-157,3,0
S01,Salud,Plataforma,SAL-AGE,AGE-158,3,1
S01,Salud,Plataforma,SAL-AGE,AGE-159,5,0
S01,Salud,Plataforma,SAL-AGE,AGE-160,2,1
S01,Salud,Plataforma,SAL-AGE,AGE-161,2,1
S01,Salud,Plataforma,SAL-AGE,AGE-162,5,0
S01,Salud,Plataforma,SAL-AGE,AGE-163,5,0
S02,Salud,Plataforma,SAL-AGE,AGE-157,3,1
S03,Salud,Plataforma,SAL-AGE,AGE-162,5,1
S04,Salud,Plataforma,SAL-AGE,AGE-173,5,0
S04,Salud,Plataforma,SAL-AGE,AGE-178,5,1
S05,Salud,Plataforma,SAL-AGE,AGE-173,5,0
S05,Salud,Plataforma,SAL-AGE,AGE-181,5,1
S05,Salud,Plataforma,SAL-AGE,AGE-184,5,1
S05,Salud,Plataforma,SAL-AGE,AGE-185,5,0
S06,Salud,Plataforma,SAL-AGE,AGE-173,5,1
S06,Salud,Plataforma,SAL-AGE,AGE-185,5,1
S06,Salud,Plataforma,SAL-AGE,AGE-187,5,0
S06,Salud,Plataforma,SAL-AGE,AGE-190,2,1
S07,Salud,Plataforma,SAL-AGE,AGE-187,5,1
S07,Salud,Plataforma,SAL-AGE,AGE-197,2,1
S07,Salud,Plataforma,SAL-AGE,AGE-199,5,1
S07,Salud,Plataforma,SAL-AGE,AGE-200,3,1
S07,Salud,Plataforma,SAL-AGE,AGE-201,1,1
S07,Salud,Plataforma,SAL-AGE,AGE-202,3,1
S08,Salud,Plataforma,SAL-FIC,FIC-348,8,0
S08,Salud,Plataforma,SAL-AGE,AGE-203,8,0
S08,Salud,Plataforma,SAL-AGE,AGE-206,5,1
S08,Salud,Plataforma,SAL-AGE,AGE-209,2,1
S08,Salud,Plataforma,SAL-AGE,AGE-210,2,1
S09,Salud,Plataforma,SAL-FIC,FIC-348,8,1
S09,Salud,Plataforma,SAL-FIC,FIC-351,2,1
S09,Salud,Plataforma,SAL-FIC,FIC-352,1,1
S09,Salud,Plataforma,SAL-FIC,FIC-353,8,0
S10,Salud,Plataforma,SAL-FIC,FIC-353,8,1
S10,Salud,Plataforma,SAL-FIC,FIC-357,3,1
S10,Salud,Plataforma,SAL-FIC,FIC-358,8,1
S11,Salud,Plataforma,SAL-FIC,FIC-359,5,1
S11,Salud,Plataforma,SAL-FIC,FIC-361,8,0
S12,Salud,Plataforma,SAL-FIC,FIC-361,8,1
S12,Salud,Plataforma,SAL-FIC,FIC-363,1,1
S12,Salud,Plataforma,SAL-AGE,AGE-203,8,1
S12,Salud,Plataforma,SAL-AGE,AGE-220,3,1
S12,Salud,Plataforma,SAL-AGE,AGE-221,2,1
S13,Salud,Plataforma,SAL-AGE,AGE-222,5,1
S13,Salud,Plataforma,SAL-AGE,AGE-225,3,1
S13,Salud,Plataforma,SAL-AGE,AGE-226,3,1
S13,Salud,Plataforma,SAL-AGE,AGE-228,2,1
S13,Salud,Plataforma,SAL-AGE,AGE-229,2,1
S13,Salud,Plataforma,SAL-AGE,AGE-230,2,1
S13,Salud,Plataforma,SAL-AGE,AGE-231,3,1
S13,Salud,Plataforma,SAL-AGE,AGE-232,3,0
S14,Salud,Plataforma,SAL-FIC,FIC-364,5,1
S14,Salud,Plataforma,SAL-AGE,AGE-232,3,1
S14,Salud,Plataforma,SAL-AGE,AGE-233,3,1
S14,Salud,Plataforma,SAL-AGE,AGE-234,5,0
S14,Salud,Plataforma,SAL-AGE,AGE-235,2,1
S14,Salud,Plataforma,SAL-AGE,AGE-236,5,1
S15,Salud,Plataforma,SAL-FIC,FIC-365,5,0
S15,Salud,Plataforma,SAL-FIC,FIC-367,5,0
S15,Salud,Plataforma,SAL-FIC,FIC-368,2,1
S15,Salud,Plataforma,SAL-AGE,AGE-234,5,1
S15,Salud,Plataforma,SAL-AGE,AGE-239,2,1
S15,Salud,Plataforma,SAL-AGE,AGE-240,2,1
S16,Salud,Plataforma,SAL-FIC,FIC-365,5,1
S16,Salud,Plataforma,SAL-FIC,FIC-367,5,1
S16,Salud,Plataforma,SAL-FIC,FIC-369,3,1
S16,Salud,Plataforma,SAL-FIC,FIC-370,2,1
S17,Salud,Plataforma,SAL-FIC,FIC-376,2,1
S17,Salud,Plataforma,SAL-FIC,FIC-377,3,1
S17,Salud,Plataforma,SAL-FIC,FIC-378,3,1
S17,Salud,Plataforma,SAL-FIC,FIC-379,5,0
S17,Salud,Plataforma,SAL-AGE,AGE-244,2,1
S17,Salud,Plataforma,SAL-LAB,LAB-121,5,0
S17,Salud,Plataforma,SAL-LAB,LAB-122,2,1
S17,Salud,Plataforma,SAL-FIC,FIC-380,1,1
S17,Salud,Plataforma,SAL-FIC,FIC-381,2,1
S18,Salud,Plataforma,SAL-FIC,FIC-379,5,1
S18,Salud,Plataforma,SAL-FIC,FIC-382,3,1
S18,Salud,Plataforma,SAL-FIC,FIC-384,2,1
S18,Salud,Plataforma,SAL-LAB,LAB-121,5,1
S18,Salud,Plataforma,SAL-LAB,LAB-123,3,1
S18,Salud,Plataforma,SAL-LAB,LAB-124,5,0
S19,Salud,Plataforma,SAL-FIC,FIC-386,5,0
S19,Salud,Plataforma,SAL-FIC,FIC-387,8,1
S19,Salud,Plataforma,SAL-LAB,LAB-124,5,1
S19,Salud,Plataforma,SAL-LAB,LAB-128,2,1
S19,Salud,Plataforma,SAL-LAB,LAB-129,5,1
S20,Salud,Plataforma,SAL-FIC,FIC-386,5,1
S20,Salud,Plataforma,SAL-FIC,FIC-388,2,1
S20,Salud,Plataforma,SAL-FIC,FIC-389,2,1
S20,Salud,Plataforma,SAL-FIC,FIC-390,8,0
S20,Salud,Plataforma,SAL-LAB,LAB-131,2,1
S21,Salud,Plataforma,SAL-FIC,FIC-390,8,0
S21,Salud,Plataforma,SAL-FIC,FIC-392,2,1
S21,Salud,Plataforma,SAL-FIC,FIC-393,5,1
S21,Salud,Plataforma,SAL-LAB,LAB-139,3,1
S21,Salud,Plataforma,SAL-LAB,LAB-140,5,1
S22,Salud,Plataforma,SAL-FIC,FIC-390,8,1
S22,Salud,Plataforma,SAL-FIC,FIC-397,5,1
S22,Salud,Plataforma,SAL-FIC,FIC-398,5,0
S22,Salud,Plataforma,SAL-FIC,FIC-399,2,1
S22,Salud,Plataforma,SAL-LAB,LAB-143,2,1
S23,Salud,Plataforma,SAL-FIC,FIC-398,5,1
S23,Salud,Plataforma,SAL-FIC,FIC-400,2,1
S23,Salud,Plataforma,SAL-FIC,FIC-401,2,1
S23,Salud,Plataforma,SAL-LAB,LAB-145,8,0
S23,Salud,Plataforma,SAL-LAB,LAB-147,2,1
S23,Salud,Plataforma,SAL-LAB,LAB-148,1,1
S24,Salud,Plataforma,SAL-FIC,FIC-402,5,1
S24,Salud,Plataforma,SAL-FIC,FIC-403,3,1
S24,Salud,Plataforma,SAL-FIC,FIC-404,5,0
S24,Salud,Plataforma,SAL-FIC,FIC-405,1,1
S24,Salud,Plataforma,SAL-FIC,FIC-406,5,1
S25,Salud,Plataforma,SAL-FIC,FIC-404,5,1
S25,Salud,Plataforma,SAL-FIC,FIC-408,5,1
S25,Salud,Plataforma,SAL-FIC,FIC-409,2,1
S25,Salud,Plataforma,SAL-LAB,LAB-146,8,1
S26,Salud,Plataforma,SAL-FIC,FIC-411,5,1
S26,Salud,Plataforma,SAL-FIC,FIC-412,2,1
S26,Salud,Plataforma,SAL-FIC,FIC-414,1,1
S26,Salud,Plataforma,SAL-FIC,FIC-415,8,0
S26,Salud,Plataforma,SAL-FIC,FIC-416,2,1
S26,Salud,Plataforma,SAL-LAB,LAB-159,8,1
S27,Salud,Plataforma,SAL-FIC,FIC-415,8,1
S27,Salud,Plataforma,SAL-FIC,FIC-417,2,1
S27,Salud,Plataforma,SAL-FIC,FIC-419,1,1
S27,Salud,Plataforma,SAL-FIC,FIC-420,3,1
S27,Salud,Plataforma,SAL-LAB,LAB-160,8,0
S27,Salud,Plataforma,SAL-LAB,LAB-162,5,0
S27,Salud,Plataforma,SAL-LAB,LAB-163,1,1
S28,Salud,Plataforma,SAL-FIC,FIC-423,2,1
S28,Salud,Plataforma,SAL-FIC,FIC-424,1,1
S28,Salud,Plataforma,SAL-FIC,FIC-425,5,1
S28,Salud,Plataforma,SAL-LAB,LAB-160,8,1
S28,Salud,Plataforma,SAL-LAB,LAB-162,5,1
S28,Salud,Plataforma,SAL-LAB,LAB-166,3,1
S29,Salud,Plataforma,SAL-FIC,FIC-428,5,0
S29,Salud,Plataforma,SAL-FIC,FIC-430,2,1
S29,Salud,Plataforma,SAL-FIC,FIC-431,5,1
S29,Salud,Plataforma,SAL-LAB,LAB-167,3,1
S29,Salud,Plataforma,SAL-LAB,LAB-168,2,1
S29,Salud,Plataforma,SAL-LAB,LAB-169,2,1
S29,Salud,Plataforma,SAL-FIC,FIC-432,2,1
S30,Salud,Plataforma,SAL-FIC,FIC-428,5,1
S30,Salud,Plataforma,SAL-FIC,FIC-435,2,1
S30,Salud,Plataforma,SAL-FIC,FIC-436,3,1
S30,Salud,Plataforma,SAL-FIC,FIC-437,2,1
S30,Salud,Plataforma,SAL-FIC,FIC-438,3,1
S30,Salud,Plataforma,SAL-LAB,LAB-172,3,1
S30,Salud,Plataforma,SAL-LAB,LAB-173,2,1
S30,Salud,Plataforma,SAL-LAB,LAB-174,3,1
S31,Salud,Plataforma,SAL-FIC,FIC-439,2,1
S31,Salud,Plataforma,SAL-FIC,FIC-440,2,0
S31,Salud,Plataforma,SAL-LAB,LAB-175,3,1
S31,Salud,Plataforma,SAL-LAB,LAB-176,8,0
S31,Salud,Plataforma,SAL-LAB,LAB-177,2,1
S31,Salud,Plataforma,SAL-LAB,LAB-178,3,0
S31,Salud,Plataforma,SAL-LAB,LAB-179,2,1
S32,Salud,Plataforma,SAL-FIC,FIC-440,2,1
S32,Salud,Plataforma,SAL-FIC,FIC-443,5,1
S32,Salud,Plataforma,SAL-FIC,FIC-444,1,1
S32,Salud,Plataforma,SAL-LAB,LAB-176,8,1
S32,Salud,Plataforma,SAL-LAB,LAB-178,3,1
S32,Salud,Plataforma,SAL-LAB,LAB-181,2,1
S33,Salud,Plataforma,SAL-FIC,FIC-445,3,1
S33,Salud,Plataforma,SAL-FIC,FIC-446,3,1
S33,Salud,Plataforma,SAL-FIC,FIC-447,3,1
S33,Salud,Plataforma,SAL-FIC,FIC-448,3,1
S33,Salud,Plataforma,SAL-FIC,FIC-449,5,0
S33,Salud,Plataforma,SAL-FIC,FIC-450,2,1
S33,Salud,Plataforma,SAL-LAB,LAB-188,1,1
S33,Salud,Plataforma,SAL-CAM,CAM-160,3,1
S33,Salud,Plataforma,SAL-FIC,FIC-451,2,0
S34,Salud,Plataforma,SAL-FIC,FIC-449,5,0
S34,Salud,Plataforma,SAL-FIC,FIC-451,2,1
S34,Salud,Plataforma,SAL-FIC,FIC-452,2,1
S34,Salud,Plataforma,SAL-FIC,FIC-453,2,1
S34,Salud,Plataforma,SAL-FIC,FIC-454,3,1
S34,Salud,Plataforma,SAL-LAB,LAB-189,2,1
S34,Salud,Plataforma,SAL-CAM,CAM-161,1,1
S34,Salud,Plataforma,SAL-CAM,CAM-162,1,1
S34,Salud,Plataforma,SAL-FIC,FIC-455,1,1
S34,Salud,Plataforma,SAL-FIC,FIC-456,3,0
S34,Salud,Plataforma,SAL-FIC,FIC-457,3,1
S35,Salud,Plataforma,SAL-FIC,FIC-449,5,1
S35,Salud,Plataforma,SAL-FIC,FIC-456,3,1
S35,Salud,Plataforma,SAL-FIC,FIC-458,5,1
S35,Salud,Plataforma,SAL-FIC,FIC-459,5,1
S35,Salud,Plataforma,SAL-FIC,FIC-461,2,1
S35,Salud,Plataforma,SAL-FIC,FIC-462,2,1
S35,Salud,Plataforma,SAL-FIC,FIC-463,3,0
S36,Salud,Plataforma,SAL-FIC,FIC-463,3,1
S36,Salud,Plataforma,SAL-FIC,FIC-464,3,1
S36,Salud,Plataforma,SAL-FIC,FIC-465,3,1
S36,Salud,Plataforma,SAL-FIC,FIC-466,1,1
S36,Salud,Plataforma,SAL-CAM,CAM-163,8,1
S37,Salud,Plataforma,SAL-FIC,FIC-468,5,0
S37,Salud,Plataforma,SAL-FIC,FIC-469,5,1
S37,Salud,Plataforma,SAL-FIC,FIC-470,5,1
S37,Salud,Plataforma,SAL-FIC,FIC-471,2,1
S37,Salud,Plataforma,SAL-CAM,CAM-166,3,1
S37,Salud,Plataforma,SAL-CAM,CAM-167,1,0
S38,Salud,Plataforma,SAL-FIC,FIC-468,5,1
S38,Salud,Plataforma,SAL-FIC,FIC-473,8,1
S38,Salud,Plataforma,SAL-FIC,FIC-474,2,1
S38,Salud,Plataforma,SAL-CAM,CAM-167,1,1
S38,Salud,Plataforma,SAL-CAM,CAM-170,2,1
S39,Salud,Plataforma,SAL-FIC,FIC-477,3,1
S39,Salud,Plataforma,SAL-FIC,FIC-478,5,1
S39,Salud,Plataforma,SAL-FIC,FIC-479,2,1
S39,Salud,Plataforma,SAL-FIC,FIC-480,5,0
S39,Salud,Plataforma,SAL-FIC,FIC-481,5,1
S40,Salud,Plataforma,SAL-FIC,FIC-480,5,1
S40,Salud,Plataforma,SAL-FIC,FIC-483,1,1
S40,Salud,Plataforma,SAL-FIC,FIC-484,1,1
S40,Salud,Plataforma,SAL-FIC,FIC-485,2,1
S40,Salud,Plataforma,SAL-FIC,FIC-486,8,1
S40,Salud,Plataforma,SAL-FIC,FIC-487,3,1
S40,Salud,Plataforma,SAL-CAM,CAM-176,3,1
S41,Salud,Plataforma,SAL-FIC,FIC-488,3,1
S41,Salud,Plataforma,SAL-FIC,FIC-490,5,0
S41,Salud,Plataforma,SAL-FIC,FIC-492,5,1
S41,Salud,Plataforma,SAL-CAM,CAM-178,3,1
S41,Salud,Plataforma,SAL-CAM,CAM-179,5,1
S41,Salud,Plataforma,SAL-CAM,CAM-180,2,1
S41,Salud,Plataforma,SAL-CAM,CAM-181,2,1
S42,Salud,Plataforma,SAL-FIC,FIC-490,5,1
S42,Salud,Plataforma,SAL-FIC,FIC-494,8,0
S42,Salud,Plataforma,SAL-FIC,FIC-496,5,1
S42,Salud,Plataforma,SAL-FIC,FIC-497,2,1
S42,Salud,Plataforma,SAL-CAM,CAM-183,5,1
S43,Salud,Plataforma,SAL-FIC,FIC-494,8,0
S43,Salud,Plataforma,SAL-FIC,FIC-499,1,1
S43,Salud,Plataforma,SAL-FIC,FIC-500,3,0
S43,Salud,Plataforma,SAL-FIC,FIC-501,3,1
S43,Salud,Plataforma,SAL-CAM,CAM-184,8,1
S44,Salud,Plataforma,SAL-FIC,FIC-494,8,1
S44,Salud,Plataforma,SAL-FIC,FIC-500,3,1
S44,Salud,Plataforma,SAL-FIC,FIC-504,3,1
S44,Salud,Plataforma,SAL-FIC,FIC-505,3,1
S44,Salud,Plataforma,SAL-FIC,FIC-506,3,0
S44,Salud,Plataforma,SAL-CAM,CAM-189,2,1
S45,Salud,Plataforma,SAL-FIC,FIC-506,3,1
S45,Salud,Plataforma,SAL-FIC,FIC-934,5,1
S45,Salud,Plataforma,SAL-FIC,FIC-935,5,0
S45,Salud,Plataforma,SAL-CAM,CAM-191,8,1
S01,Salud,Producto,SAL-AGE,AGE-245,1,1
S01,Salud,Producto,SAL-AGE,AGE-246,3,1
S01,Salud,Producto,SAL-AGE,AGE-247,8,0
S01,Salud,Producto,SAL-AGE,AGE-248,3,1
S01,Salud,Producto,SAL-AGE,AGE-249,2,0
S01,Salud,Producto,SAL-AGE,AGE-250,2,1
S01,Salud,Producto,SAL-AGE,AGE-251,2,1
S01,Salud,Producto,SAL-AGE,AGE-252,5,0
S02,Salud,Producto,SAL-AGE,AGE-247,8,0
S03,Salud,Producto,SAL-AGE,AGE-247,8,1
S03,Salud,Producto,SAL-AGE,AGE-257,5,1
S03,Salud,Producto,SAL-AGE,AGE-259,2,1
S04,Salud,Producto,SAL-AGE,AGE-266,3,1
S04,Salud,Producto,SAL-AGE,AGE-270,5,1
S04,Salud,Producto,SAL-AGE,AGE-271,3,1
S04,Salud,Producto,SAL-AGE,AGE-273,8,0
S04,Salud,Producto,SAL-AGE,AGE-274,3,1
S04,Salud,Producto,SAL-AGE,AGE-275,2,1
S05,Salud,Producto,SAL-AGE,AGE-273,8,1
S05,Salud,Producto,SAL-AGE,AGE-279,3,1
S05,Salud,Producto,SAL-AGE,AGE-282,3,1
S05,Salud,Producto,SAL-AGE,AGE-283,2,1
S05,Salud,Producto,SAL-AGE,AGE-284,3,1
S05,Salud,Producto,SAL-AGE,AGE-285,2,1
S05,Salud,Producto,SAL-AGE,AGE-286,2,0
S05,Salud,Producto,SAL-AGE,AGE-287,3,1
S06,Salud,Producto,SAL-AGE,AGE-290,5,1
S06,Salud,Producto,SAL-AGE,AGE-293,5,1
S06,Salud,Producto,SAL-AGE,AGE-295,3,1
S06,Salud,Producto,SAL-AGE,AGE-296,3,1
S06,Salud,Producto,SAL-AGE,AGE-297,5,1
S06,Salud,Producto,SAL-AGE,AGE-298,2,1
S06,Salud,Producto,SAL-AGE,AGE-299,3,1
S06,Salud,Producto,SAL-AGE,AGE-300,1,1
S06,Salud,Producto,SAL-AGE,AGE-301,3,1
S07,Salud,Producto,SAL-AGE,AGE-303,3,1
S07,Salud,Producto,SAL-AGE,AGE-304,8,0
S07,Salud,Producto,SAL-AGE,AGE-305,2,1
S07,Salud,Producto,SAL-AGE,AGE-306,3,1
S07,Salud,Producto,SAL-AGE,AGE-308,3,1
S07,Salud,Producto,SAL-AGE,AGE-309,1,1
S07,Salud,Producto,SAL-AGE,AGE-310,3,0
S07,Salud,Producto,SAL-AGE,AGE-311,3,1
S07,Salud,Producto,SAL-AGE,AGE-312,2,1
S08,Salud,Producto,SAL-FIC,FIC-509,2,1
S08,Salud,Producto,SAL-AGE,AGE-286,2,1
S08,Salud,Producto,SAL-AGE,AGE-289,2,1
S08,Salud,Producto,SAL-AGE,AGE-304,8,0
S08,Salud,Producto,SAL-AGE,AGE-313,3,1
S08,Salud,Producto,SAL-AGE,AGE-314,8,1
S09,Salud,Producto,SAL-FIC,FIC-512,2,1
S09,Salud,Producto,SAL-AGE,AGE-304,8,1
S09,Salud,Producto,SAL-AGE,AGE-320,1,1
S09,Salud,Producto,SAL-AGE,AGE-321,3,1
S09,Salud,Producto,SAL-AGE,AGE-322,2,1
S09,Salud,Producto,SAL-AGE,AGE-323,2,1
S09,Salud,Producto,SAL-AGE,AGE-324,2,1
S09,Salud,Producto,SAL-AGE,AGE-325,1,1
S09,Salud,Producto,SAL-AGE,AGE-326,5,1
S09,Salud,Producto,SAL-AGE,AGE-327,2,1
S10,Salud,Producto,SAL-FIC,FIC-514,8,0
S10,Salud,Producto,SAL-FIC,FIC-515,3,0
S10,Salud,Producto,SAL-FIC,FIC-517,2,1
S10,Salud,Producto,SAL-FIC,FIC-518,2,1
S10,Salud,Producto,SAL-FIC,FIC-519,1,1
S10,Salud,Producto,SAL-FIC,FIC-520,3,1
S10,Salud,Producto,SAL-AGE,AGE-330,3,1
S10,Salud,Producto,SAL-FIC,FIC-521,2,1
S10,Salud,Producto,SAL-AGE,AGE-331,2,1
S10,Salud,Producto,SAL-FIC,FIC-522,2,1
S10,Salud,Producto,SAL-FIC,FIC-523,2,1
S11,Salud,Producto,SAL-FIC,FIC-514,8,1
S11,Salud,Producto,SAL-FIC,FIC-515,3,1
S11,Salud,Producto,SAL-FIC,FIC-525,1,1
S11,Salud,Producto,SAL-FIC,FIC-526,2,1
S11,Salud,Producto,SAL-AGE,AGE-335,2,1
S11,Salud,Producto,SAL-AGE,AGE-336,3,1
S11,Salud,Producto,SAL-AGE,AGE-337,8,0
S12,Salud,Producto,SAL-FIC,FIC-528,2,1
S12,Salud,Producto,SAL-FIC,FIC-529,1,1
S12,Salud,Producto,SAL-AGE,AGE-337,8,1
S12,Salud,Producto,SAL-AGE,AGE-338,8,1
S12,Salud,Producto,SAL-AGE,AGE-339,3,1
S12,Salud,Producto,SAL-AGE,AGE-340,2,1
S13,Salud,Producto,SAL-FIC,FIC-532,3,1
S13,Salud,Producto,SAL-FIC,FIC-533,2,1
S13,Salud,Producto,SAL-FIC,FIC-534,3,1
S13,Salud,Producto,SAL-FIC,FIC-536,3,0
S13,Salud,Producto,SAL-FIC,FIC-537,3,1
S13,Salud,Producto,SAL-FIC,FIC-538,2,1
S13,Salud,Producto,SAL-AGE,AGE-342,8,1
S14,Salud,Producto,SAL-FIC,FIC-540,3,1
S14,Salud,Producto,SAL-FIC,FIC-542,2,1
S14,Salud,Producto,SAL-FIC,FIC-544,2,1
S14,Salud,Producto,SAL-FIC,FIC-545,5,1
S14,Salud,Producto,SAL-FIC,FIC-546,3,1
S14,Salud,Producto,SAL-FIC,FIC-547,2,1
S14,Salud,Producto,SAL-FIC,FIC-548,5,1
S14,Salud,Producto,SAL-FIC,FIC-549,1,1
S14,Salud,Producto,SAL-FIC,FIC-550,3,1
S15,Salud,Producto,SAL-FIC,FIC-553,3,1
S15,Salud,Producto,SAL-FIC,FIC-555,5,1
S15,Salud,Producto,SAL-FIC,FIC-557,2,1
S15,Salud,Producto,SAL-FIC,FIC-558,3,1
S15,Salud,Producto,SAL-FIC,FIC-559,2,1
S15,Salud,Producto,SAL-FIC,FIC-560,3,1
S15,Salud,Producto,SAL-FIC,FIC-561,3,1
S15,Salud,Producto,SAL-FIC,FIC-562,2,1
S15,Salud,Producto,SAL-FIC,FIC-563,2,0
S15,Salud,Producto,SAL-FIC,FIC-564,3,0
S16,Salud,Producto,SAL-FIC,FIC-564,3,1
S16,Salud,Producto,SAL-FIC,FIC-565,3,1
S16,Salud,Producto,SAL-FIC,FIC-566,3,1
S16,Salud,Producto,SAL-FIC,FIC-569,5,1
S16,Salud,Producto,SAL-FIC,FIC-570,8,0
S16,Salud,Producto,SAL-FIC,FIC-571,1,1
S16,Salud,Producto,SAL-FIC,FIC-572,5,1
S17,Salud,Producto,SAL-FIC,FIC-536,3,1
S17,Salud,Producto,SAL-FIC,FIC-570,8,1
S17,Salud,Producto,SAL-FIC,FIC-575,3,1
S17,Salud,Producto,SAL-FIC,FIC-577,1,1
S17,Salud,Producto,SAL-FIC,FIC-578,5,1
S17,Salud,Producto,SAL-FIC,FIC-579,3,1
S17,Salud,Producto,SAL-FIC,FIC-580,3,1
S17,Salud,Producto,SAL-FIC,FIC-581,1,1
S17,Salud,Producto,SAL-FIC,FIC-582,3,1
S18,Salud,Producto,SAL-FIC,FIC-585,2,1
S18,Salud,Producto,SAL-FIC,FIC-587,2,1
S18,Salud,Producto,SAL-FIC,FIC-588,3,1
S18,Salud,Producto,SAL-FIC,FIC-589,2,1
S18,Salud,Producto,SAL-FIC,FIC-590,2,1
S18,Salud,Producto,SAL-LAB,LAB-190,2,1
S18,Salud,Producto,SAL-LAB,LAB-191,2,1
S18,Salud,Producto,SAL-LAB,LAB-192,2,1
S18,Salud,Producto,SAL-FIC,FIC-591,5,1
S18,Salud,Producto,SAL-LAB,LAB-193,3,1
S18,Salud,Producto,SAL-FIC,FIC-592,2,1
S18,Salud,Producto,SAL-FIC,FIC-593,2,1
S18,Salud,Producto,SAL-FIC,FIC-594,1,1
S19,Salud,Producto,SAL-FIC,FIC-595,5,1
S19,Salud,Producto,SAL-FIC,FIC-596,5,1
S19,Salud,Producto,SAL-FIC,FIC-598,3,1
S19,Salud,Producto,SAL-FIC,FIC-599,3,0
S19,Salud,Producto,SAL-FIC,FIC-600,5,1
S19,Salud,Producto,SAL-LAB,LAB-194,8,1
S20,Salud,Producto,SAL-FIC,FIC-599,3,1
S20,Salud,Producto,SAL-FIC,FIC-604,5,0
S20,Salud,Producto,SAL-FIC,FIC-605,2,1
S20,Salud,Producto,SAL-FIC,FIC-606,5,1
S20,Salud,Producto,SAL-FIC,FIC-607,2,0
S20,Salud,Producto,SAL-LAB,LAB-195,2,1
S20,Salud,Producto,SAL-FIC,FIC-608,2,1
S20,Salud,Producto,SAL-FIC,FIC-609,3,1
S20,Salud,Producto,SAL-LAB,LAB-196,2,1
S20,Salud,Producto,SAL-FIC,FIC-610,2,0
S21,Salud,Producto,SAL-FIC,FIC-604,5,1
S21,Salud,Producto,SAL-FIC,FIC-607,2,1
S21,Salud,Producto,SAL-FIC,FIC-610,2,1
S21,Salud,Producto,SAL-FIC,FIC-611,3,1
S21,Salud,Producto,SAL-FIC,FIC-612,2,1
S21,Salud,Producto,SAL-LAB,LAB-197,8,1
S22,Salud,Producto,SAL-FIC,FIC-614,3,1
S22,Salud,Producto,SAL-FIC,FIC-616,2,1
S22,Salud,Producto,SAL-FIC,FIC-617,3,1
S22,Salud,Producto,SAL-FIC,FIC-618,5,1
S22,Salud,Producto,SAL-LAB,LAB-198,8,1
S22,Salud,Producto,SAL-LAB,LAB-201,3,1
S22,Salud,Producto,SAL-LAB,LAB-202,2,1
S23,Salud,Producto,SAL-FIC,FIC-619,5,1
S23,Salud,Producto,SAL-FIC,FIC-620,2,1
S23,Salud,Producto,SAL-FIC,FIC-621,5,1
S23,Salud,Producto,SAL-LAB,LAB-205,5,0
S23,Salud,Producto,SAL-LAB,LAB-207,2,1
S23,Salud,Producto,SAL-LAB,LAB-208,3,1
S24,Salud,Producto,SAL-FIC,FIC-624,8,0
S24,Salud,Producto,SAL-FIC,FIC-625,2,1
S24,Salud,Producto,SAL-FIC,FIC-626,3,1
S24,Salud,Producto,SAL-FIC,FIC-627,2,1
S24,Salud,Producto,SAL-FIC,FIC-628,2,1
S24,Salud,Producto,SAL-LAB,LAB-205,5,1
S24,Salud,Producto,SAL-LAB,LAB-212,2,1
S24,Salud,Producto,SAL-FIC,FIC-629,2,1
S25,Salud,Producto,SAL-FIC,FIC-624,8,1
S25,Salud,Producto,SAL-FIC,FIC-630,5,1
S25,Salud,Producto,SAL-FIC,FIC-632,5,0
S25,Salud,Producto,SAL-FIC,FIC-633,2,1
S26,Salud,Producto,SAL-FIC,FIC-634,3,1
S26,Salud,Producto,SAL-FIC,FIC-635,5,1
S26,Salud,Producto,SAL-FIC,FIC-637,8,0
S26,Salud,Producto,SAL-FIC,FIC-639,8,0
S27,Salud,Producto,SAL-FIC,FIC-637,8,0
S27,Salud,Producto,SAL-FIC,FIC-639,8,1
S27,Salud,Producto,SAL-FIC,FIC-645,5,1
S28,Salud,Producto,SAL-FIC,FIC-637,8,1
S28,Salud,Producto,SAL-FIC,FIC-649,2,1
S28,Salud,Producto,SAL-FIC,FIC-651,5,0
S28,Salud,Producto,SAL-FIC,FIC-652,2,1
S28,Salud,Producto,SAL-FIC,FIC-653,2,1
S28,Salud,Producto,SAL-FIC,FIC-654,1,1
S28,Salud,Producto,SAL-FIC,FIC-655,3,1
S28,Salud,Producto,SAL-FIC,FIC-656,2,1
S28,Salud,Producto,SAL-FIC,FIC-657,3,0
S29,Salud,Producto,SAL-FIC,FIC-651,5,1
S29,Salud,Producto,SAL-FIC,FIC-657,3,1
S29,Salud,Producto,SAL-FIC,FIC-658,3,1
S29,Salud,Producto,SAL-FIC,FIC-659,8,0
S29,Salud,Producto,SAL-FIC,FIC-660,2,1
S29,Salud,Producto,SAL-FIC,FIC-661,3,1
S30,Salud,Producto,SAL-FIC,FIC-659,8,1
S30,Salud,Producto,SAL-FIC,FIC-667,3,1
S30,Salud,Producto,SAL-FIC,FIC-668,5,1
S30,Salud,Producto,SAL-FIC,FIC-669,5,1
S30,Salud,Producto,SAL-FIC,FIC-670,5,1
S30,Salud,Producto,SAL-FIC,FIC-671,3,1
S31,Salud,Producto,SAL-FIC,FIC-672,3,1
S31,Salud,Producto,SAL-FIC,FIC-673,5,1
S31,Salud,Producto,SAL-FIC,FIC-674,2,1
S31,Salud,Producto,SAL-FIC,FIC-676,3,1
S31,Salud,Producto,SAL-FIC,FIC-677,3,1
S31,Salud,Producto,SAL-FIC,FIC-678,2,1
S31,Salud,Producto,SAL-LAB,LAB-226,5,0
S31,Salud,Producto,SAL-FIC,FIC-679,3,1
S32,Salud,Producto,SAL-FIC,FIC-680,3,1
S32,Salud,Producto,SAL-FIC,FIC-682,3,1
S32,Salud,Producto,SAL-FIC,FIC-685,5,1
S32,Salud,Producto,SAL-FIC,FIC-686,3,1
S32,Salud,Producto,SAL-LAB,LAB-218,5,1
S32,Salud,Producto,SAL-CAM,CAM-228,5,1
S32,Salud,Producto,SAL-FIC,FIC-687,1,1
S32,Salud,Producto,SAL-CAM,CAM-230,2,1
S32,Salud,Producto,SAL-CAM,CAM-231,3,1
S33,Salud,Producto,SAL-FIC,FIC-689,3,1
S33,Salud,Producto,SAL-FIC,FIC-691,5,1
S33,Salud,Producto,SAL-FIC,FIC-692,3,1
S33,Salud,Producto,SAL-FIC,FIC-693,2,1
S33,Salud,Producto,SAL-LAB,LAB-222,1,1
S33,Salud,Producto,SAL-CAM,CAM-233,5,0
S33,Salud,Producto,SAL-CAM,CAM-235,5,1
S33,Salud,Producto,SAL-FIC,FIC-694,1,1
S33,Salud,Producto,SAL-FIC,FIC-695,5,0
S33,Salud,Producto,SAL-FIC,FIC-696,1,1
S34,Salud,Producto,SAL-FIC,FIC-695,5,0
S34,Salud,Producto,SAL-FIC,FIC-699,3,1
S34,Salud,Producto,SAL-FIC,FIC-700,3,1
S34,Salud,Producto,SAL-FIC,FIC-701,2,1
S34,Salud,Producto,SAL-FIC,FIC-702,3,0
S34,Salud,Producto,SAL-CAM,CAM-233,5,1
S34,Salud,Producto,SAL-CAM,CAM-236,2,1
S34,Salud,Producto,SAL-CAM,CAM-238,1,1
S34,Salud,Producto,SAL-CAM,CAM-239,2,1
S35,Salud,Producto,SAL-FIC,FIC-684,3,1
S35,Salud,Producto,SAL-FIC,FIC-688,2,1
S35,Salud,Producto,SAL-FIC,FIC-695,5,1
S35,Salud,Producto,SAL-FIC,FIC-702,3,1
S35,Salud,Producto,SAL-FIC,FIC-703,3,1
S35,Salud,Producto,SAL-FIC,FIC-704,8,1
S35,Salud,Producto,SAL-FIC,FIC-705,2,1
S36,Salud,Producto,SAL-FIC,FIC-709,5,0
S36,Salud,Producto,SAL-CAM,CAM-242,3,1
S36,Salud,Producto,SAL-CAM,CAM-244,5,1
S36,Salud,Producto,SAL-CAM,CAM-246,2,1
S36,Salud,Producto,SAL-CAM,CAM-247,2,1
S36,Salud,Producto,SAL-CAM,CAM-248,2,1
S36,Salud,Producto,SAL-CAM,CAM-249,2,1
S36,Salud,Producto,SAL-CAM,CAM-250,2,1
S36,Salud,Producto,SAL-CAM,CAM-251,3,0
S37,Salud,Producto,SAL-FIC,FIC-698,2,1
S37,Salud,Producto,SAL-FIC,FIC-709,5,1
S37,Salud,Producto,SAL-FIC,FIC-710,2,1
S37,Salud,Producto,SAL-FIC,FIC-711,5,1
S37,Salud,Producto,SAL-FIC,FIC-712,3,1
S37,Salud,Producto,SAL-CAM,CAM-251,3,1
S37,Salud,Producto,SAL-CAM,CAM-255,3,1
S38,Salud,Producto,SAL-FIC,FIC-706,5,1
S38,Salud,Producto,SAL-FIC,FIC-713,5,1
S38,Salud,Producto,SAL-FIC,FIC-716,5,1
S38,Salud,Producto,SAL-FIC,FIC-717,3,1
S38,Salud,Producto,SAL-FIC,FIC-718,2,1
S38,Salud,Producto,SAL-FIC,FIC-719,2,1
S38,Salud,Producto,SAL-CAM,CAM-257,2,1
S38,Salud,Producto,SAL-FIC,FIC-720,3,1
S39,Salud,Producto,SAL-FIC,FIC-723,2,1
S39,Salud,Producto,SAL-FIC,FIC-725,8,1
S39,Salud,Producto,SAL-FIC,FIC-729,5,1
S39,Salud,Producto,SAL-FIC,FIC-730,2,1
S39,Salud,Producto,SAL-FIC,FIC-731,5,0
S39,Salud,Producto,SAL-CAM,CAM-258,3,1
S39,Salud,Producto,SAL-CAM,CAM-259,2,1
S40,Salud,Producto,SAL-FIC,FIC-731,5,1
S40,Salud,Producto,SAL-FIC,FIC-979,3,1
S40,Salud,Producto,SAL-FIC,FIC-980,2,1
S40,Salud,Producto,SAL-FIC,FIC-981,2,1
S40,Salud,Producto,SAL-FIC,FIC-982,8,0
S40,Salud,Producto,SAL-CAM,CAM-260,8,1
S40,Salud,Producto,SAL-CAM,CAM-261,1,1
S41,Salud,Producto,SAL-FIC,FIC-982,8,1
S41,Salud,Producto,SAL-FIC,FIC-987,3,1
S41,Salud,Producto,SAL-FIC,FIC-988,2,1
S41,Salud,Producto,SAL-FIC,FIC-989,5,1
S41,Salud,Producto,SAL-FIC,FIC-990,3,0
S41,Salud,Producto,SAL-FIC,FIC-991,3,1
S41,Salud,Producto,SAL-FIC,FIC-992,3,1
S41,Salud,Producto,SAL-FIC,FIC-993,2,0
S42,Salud,Producto,SAL-FIC,FIC-990,3,1
S42,Salud,Producto,SAL-FIC,FIC-993,2,1
S42,Salud,Producto,SAL-FIC,FIC-994,3,1
S42,Salud,Producto,SAL-FIC,FIC-995,3,1
S42,Salud,Producto,SAL-CAM,CAM-266,8,1
S42,Salud,Producto,SAL-CAM,CAM-267,2,1
S42,Salud,Producto,SAL-CAM,CAM-268,5,1
S42,Salud,Producto,SAL-CAM,CAM-269,2,1
S42,Salud,Producto,SAL-CAM,CAM-270,1,1
S43,Salud,Producto,SAL-FIC,FIC-1000,5,1
S43,Salud,Producto,SAL-FIC,FIC-1001,2,1
S43,Salud,Producto,SAL-FIC,FIC-1002,5,1
S43,Salud,Producto,SAL-FIC,FIC-1004,2,1
S43,Salud,Producto,SAL-CAM,CAM-271,3,1
S43,Salud,Producto,SAL-CAM,CAM-272,5,1
S43,Salud,Producto,SAL-FIC,FIC-1005,3,0
S43,Salud,Producto,SAL-CAM,CAM-273,1,1
S43,Salud,Producto,SAL-FIC,FIC-1006,2,1
S43,Salud,Producto,SAL-CAM,CAM-274,2,0
S44,Salud,Producto,SAL-FIC,FIC-1005,3,1
S44,Salud,Producto,SAL-FIC,FIC-1007,3,1
S44,Salud,Producto,SAL-FIC,FIC-1008,5,0
S44,Salud,Producto,SAL-FIC,FIC-1009,3,0
S44,Salud,Producto,SAL-CAM,CAM-254,5,1
S44,Salud,Producto,SAL-CAM,CAM-274,2,1
S44,Salud,Producto,SAL-CAM,CAM-275,2,1
S44,Salud,Producto,SAL-CAM,CAM-276,1,1
S45,Salud,Producto,SAL-FIC,FIC-1010,3,1
S45,Salud,Producto,SAL-FIC,FIC-1011,3,1
S45,Salud,Producto,SAL-FIC,FIC-1013,5,1
S45,Salud,Producto,SAL-FIC,FIC-1014,3,1
S45,Salud,Producto,SAL-FIC,FIC-1015,5,1
S45,Salud,Producto,SAL-CAM,CAM-277,8,1
S01,Salud,QA,SAL-AGE,AGE-346,2,1
S01,Salud,QA,SAL-AGE,AGE-347,5,0
S01,Salud,QA,SAL-AGE,AGE-348,3,1
S01,Salud,QA,SAL-AGE,AGE-349,3,1
S02,Salud,QA,SAL-AGE,AGE-347,5,1
S02,Salud,QA,SAL-AGE,AGE-350,2,1
S03,Salud,QA,SAL-AGE,AGE-356,3,1
S03,Salud,QA,SAL-AGE,AGE-357,2,1
S03,Salud,QA,SAL-AGE,AGE-358,5,0
S04,Salud,QA,SAL-AGE,AGE-358,5,1
S04,Salud,QA,SAL-AGE,AGE-360,2,1
S04,Salud,QA,SAL-AGE,AGE-361,2,1
S04,Salud,QA,SAL-AGE,AGE-362,2,1
S05,Salud,QA,SAL-AGE,AGE-364,3,1
S05,Salud,QA,SAL-AGE,AGE-365,3,1
S05,Salud,QA,SAL-AGE,AGE-366,2,1
S05,Salud,QA,SAL-AGE,AGE-367,2,0
S05,Salud,QA,SAL-AGE,AGE-368,2,1
S06,Salud,QA,SAL-AGE,AGE-367,2,1
S06,Salud,QA,SAL-AGE,AGE-369,3,1
S06,Salud,QA,SAL-AGE,AGE-370,5,1
S07,Salud,QA,SAL-AGE,AGE-371,5,1
S07,Salud,QA,SAL-AGE,AGE-372,3,1
S07,Salud,QA,SAL-AGE,AGE-373,2,0
S08,Salud,QA,SAL-FIC,FIC-734,3,1
S08,Salud,QA,SAL-FIC,FIC-735,3,1
S08,Salud,QA,SAL-AGE,AGE-373,2,1
S09,Salud,QA,SAL-FIC,FIC-736,8,0
S09,Salud,QA,SAL-FIC,FIC-737,2,1
S10,Salud,QA,SAL-FIC,FIC-736,8,1
S11,Salud,QA,SAL-FIC,FIC-739,5,1
S11,Salud,QA,SAL-FIC,FIC-741,3,1
S12,Salud,QA,SAL-FIC,FIC-742,3,1
S12,Salud,QA,SAL-FIC,FIC-743,2,1
S12,Salud,QA,SAL-AGE,AGE-380,3,1
S13,Salud,QA,SAL-FIC,FIC-744,3,1
S13,Salud,QA,SAL-AGE,AGE-381,3,1
S13,Salud,QA,SAL-AGE,AGE-384,3,1
S13,Salud,QA,SAL-FIC,FIC-745,2,1
S14,Salud,QA,SAL-FIC,FIC-746,3,1
S14,Salud,QA,SAL-FIC,FIC-747,3,1
S15,Salud,QA,SAL-FIC,FIC-748,8,0
S16,Salud,QA,SAL-FIC,FIC-748,8,1
S17,Salud,QA,SAL-FIC,FIC-755,3,1
S17,Salud,QA,SAL-AGE,AGE-388,5,0
S17,Salud,QA,SAL-LAB,LAB-228,3,0
S18,Salud,QA,SAL-FIC,FIC-756,3,1
S18,Salud,QA,SAL-AGE,AGE-388,5,1
S18,Salud,QA,SAL-LAB,LAB-228,3,1
S19,Salud,QA,SAL-FIC,FIC-758,8,1
S19,Salud,QA,SAL-FIC,FIC-759,3,1
S20,Salud,QA,SAL-FIC,FIC-761,8,0
S20,Salud,QA,SAL-FIC,FIC-763,1,1
S20,Salud,QA,SAL-LAB,LAB-231,3,1
S21,Salud,QA,SAL-FIC,FIC-761,8,1
S21,Salud,QA,SAL-FIC,FIC-764,2,1
S21,Salud,QA,SAL-FIC,FIC-765,2,1
S22,Salud,QA,SAL-FIC,FIC-767,3,1
S22,Salud,QA,SAL-FIC,FIC-768,3,1
S22,Salud,QA,SAL-FIC,FIC-769,5,0
S23,Salud,QA,SAL-FIC,FIC-769,5,0
S23,Salud,QA,SAL-FIC,FIC-771,3,1
S24,Salud,QA,SAL-FIC,FIC-769,5,1
S24,Salud,QA,SAL-FIC,FIC-774,5,0
S25,Salud,QA,SAL-FIC,FIC-774,5,1
S25,Salud,QA,SAL-FIC,FIC-776,3,1
S26,Salud,QA,SAL-FIC,FIC-779,5,0
S26,Salud,QA,SAL-FIC,FIC-780,3,0
S27,Salud,QA,SAL-FIC,FIC-779,5,0
S27,Salud,QA,SAL-FIC,FIC-783,3,0
S27,Salud,QA,SAL-FIC,FIC-784,3,1
S28,Salud,QA,SAL-FIC,FIC-779,5,0
S29,Salud,QA,SAL-FIC,FIC-779,5,1
S29,Salud,QA,SAL-FIC,FIC-780,3,1
S30,Salud,QA,SAL-FIC,FIC-790,3,1
S30,Salud,QA,SAL-LAB,LAB-246,3,1
S30,Salud,QA,SAL-LAB,LAB-247,1,1
S30,Salud,QA,SAL-FIC,FIC-791,1,0
S30,Salud,QA,SAL-FIC,FIC-792,2,1
S31,Salud,QA,SAL-FIC,FIC-791,1,1
S31,Salud,QA,SAL-FIC,FIC-793,2,1
S31,Salud,QA,SAL-FIC,FIC-794,2,1
S31,Salud,QA,SAL-LAB,LAB-248,3,1
S31,Salud,QA,SAL-LAB,LAB-249,3,1
S31,Salud,QA,SAL-LAB,LAB-250,1,1
S31,Salud,QA,SAL-LAB,LAB-251,1,1
S32,Salud,QA,SAL-FIC,FIC-796,3,1
S32,Salud,QA,SAL-LAB,LAB-252,3,1
S32,Salud,QA,SAL-LAB,LAB-253,1,1
S32,Salud,QA,SAL-CAM,CAM-304,2,1
S32,Salud,QA,SAL-FIC,FIC-797,1,1
S32,Salud,QA,SAL-FIC,FIC-798,3,1
S32,Salud,QA,SAL-LAB,LAB-254,2,1
S32,Salud,QA,SAL-LAB,LAB-255,1,1
S33,Salud,QA,SAL-FIC,FIC-799,3,1
S33,Salud,QA,SAL-FIC,FIC-800,3,1
S33,Salud,QA,SAL-LAB,LAB-256,3,1
S33,Salud,QA,SAL-FIC,FIC-801,2,1
S34,Salud,QA,SAL-FIC,FIC-804,8,1
S34,Salud,QA,SAL-CAM,CAM-305,1,1
S34,Salud,QA,SAL-CAM,CAM-306,2,1
S34,Salud,QA,SAL-CAM,CAM-307,2,1
S35,Salud,QA,SAL-FIC,FIC-806,5,0
S35,Salud,QA,SAL-LAB,LAB-257,8,1
S36,Salud,QA,SAL-FIC,FIC-806,5,0
S37,Salud,QA,SAL-FIC,FIC-806,5,1
S37,Salud,QA,SAL-FIC,FIC-808,2,1
S38,Salud,QA,SAL-FIC,FIC-810,5,1
S38,Salud,QA,SAL-CAM,CAM-310,2,1
S38,Salud,QA,SAL-CAM,CAM-311,5,1
S39,Salud,QA,SAL-FIC,FIC-813,5,1
S39,Salud,QA,SAL-FIC,FIC-814,2,1
S39,Salud,QA,SAL-CAM,CAM-313,8,1
S40,Salud,QA,SAL-FIC,FIC-815,3,1
S40,Salud,QA,SAL-FIC,FIC-816,5,1
S40,Salud,QA,SAL-FIC,FIC-817,2,1
S40,Salud,QA,SAL-CAM,CAM-314,2,0
S40,Salud,QA,SAL-FIC,FIC-818,5,0
S40,Salud,QA,SAL-CAM,CAM-315,1,0
S41,Salud,QA,SAL-FIC,FIC-818,5,1
S41,Salud,QA,SAL-FIC,FIC-819,3,1
S41,Salud,QA,SAL-CAM,CAM-315,1,1
S41,Salud,QA,SAL-CAM,CAM-316,2,1
S41,Salud,QA,SAL-CAM,CAM-317,3,1
S42,Salud,QA,SAL-FIC,FIC-820,5,1
S42,Salud,QA,SAL-FIC,FIC-822,1,1
S42,Salud,QA,SAL-FIC,FIC-823,3,1
S42,Salud,QA,SAL-FIC,FIC-824,2,1
S43,Salud,QA,SAL-FIC,FIC-827,5,1
S43,Salud,QA,SAL-FIC,FIC-828,2,1
S43,Salud,QA,SAL-CAM,CAM-318,2,1
S44,Salud,QA,SAL-FIC,FIC-1038,5,1
S44,Salud,QA,SAL-CAM,CAM-320,5,1
S44,Salud,QA,SAL-CAM,CAM-321,3,0
S44,Salud,QA,SAL-FIC,FIC-1039,1,1
S45,Salud,QA,SAL-FIC,FIC-1041,2,1
S45,Salud,QA,SAL-FIC,FIC-1042,2,1
S45,Salud,QA,SAL-CAM,CAM-322,3,1
S45,Salud,QA,SAL-FIC,FIC-1043,3,1
S45,Salud,QA,SAL-FIC,FIC-1044,1,0
S45,Salud,QA,SAL-FIC,FIC-1045,2,1
