issue,industria,proyecto,equipo,tipo,epica_padre,puntos,creado,fecha_inicio,fecha_fin,estado_al_corte,dias_ciclo,horas_bloqueado,sprint
CIB-1,Energia,ENE-CIB,Producto,epica,,,2026-01-05,2026-01-07,2026-02-19,hecho,,,
CIB-2,Energia,ENE-CIB,Producto,epica,,,2026-01-05,2026-01-21,2026-07-03,hecho,,,
CIB-3,Energia,ENE-CIB,Producto,epica,,,2026-01-05,2026-02-13,2026-09-30,hecho,,,
CIB-4,Energia,ENE-CIB,Producto,epica,,,2026-01-05,2026-04-15,,en_curso,,,
CIB-5,Energia,ENE-CIB,Producto,epica,,,2026-01-05,2026-05-04,,en_curso,,,
CIB-6,Energia,ENE-CIB,Producto,epica,,,2026-01-05,2026-05-26,,en_curso,,,
CIB-7,Energia,ENE-CIB,Producto,epica,,,2026-01-05,2026-06-19,,en_curso,,,
CIB-8,Energia,ENE-CIB,Producto,epica,,,2026-01-05,2026-07-22,,en_curso,,,
CIB-9,Energia,ENE-CIB,Producto,epica,,,2026-01-05,2026-09-07,,en_curso,,,
CIB-10,Energia,ENE-CIB,Producto,epica,,,2026-01-05,,,por_hacer,,,
CIB-11,Energia,ENE-CIB,Producto,epica,,,2026-01-05,,,por_hacer,,,
CIB-12,Energia,ENE-CIB,Datos,tarea,CIB-1,3,2026-01-05,2026-01-20,2026-01-28,hecho,8,0,S28
CIB-13,Energia,ENE-CIB,Datos,tarea,CIB-2,3,2026-01-05,2026-06-16,2026-07-01,hecho,15,0,S39
CIB-14,Energia,ENE-CIB,Datos,historia,CIB-2,2,2026-01-05,2026-06-18,2026-06-22,hecho,4,0,S39
CIB-15,Energia,ENE-CIB,Datos,historia,CIB-2,2,2026-01-05,2026-06-26,2026-07-03,hecho,7,0,S39
CIB-16,Energia,ENE-CIB,Datos,tarea,CIB-3,1,2026-01-05,2026-07-06,2026-07-10,hecho,4,0,S40
CIB-17,Energia,ENE-CIB,Datos,historia,CIB-3,5,2026-01-05,2026-07-14,2026-07-29,hecho,15,0,S41
CIB-18,Energia,ENE-CIB,Datos,historia,CIB-3,5,2026-01-05,2026-07-22,2026-08-06,hecho,15,0,S42
CIB-19,Energia,ENE-CIB,Datos,tarea,CIB-3,1,2026-01-05,2026-08-03,2026-08-10,hecho,7,0,S42
CIB-20,Energia,ENE-CIB,Datos,tarea,CIB-3,1,2026-01-05,2026-08-19,2026-08-25,hecho,6,0,S43
CIB-21,Energia,ENE-CIB,Datos,historia,CIB-3,8,2026-01-05,2026-08-28,2026-09-30,hecho,33,0,S46
CIB-22,Energia,ENE-CIB,Datos,historia,CIB-4,3,2026-01-05,2026-08-31,2026-09-08,hecho,8,0,S44
CIB-23,Energia,ENE-CIB,Datos,historia,CIB-4,8,2026-01-05,2026-09-03,,en_revision,,0,S46
CIB-24,Energia,ENE-CIB,Datos,historia,CIB-5,3,2026-01-05,2026-09-04,2026-09-16,hecho,12,0,S45
CIB-25,Energia,ENE-CIB,Datos,historia,CIB-5,8,2026-01-05,2026-09-08,2026-09-25,hecho,17,0,S45
CIB-26,Energia,ENE-CIB,Datos,historia,CIB-5,3,2026-01-05,2026-09-15,2026-09-21,hecho,6,0,S45
CIB-27,Energia,ENE-CIB,Datos,historia,CIB-6,8,2026-01-05,2026-09-15,2026-09-29,hecho,14,0,S46
CIB-28,Energia,ENE-CIB,Datos,historia,CIB-6,2,2026-01-05,2026-09-21,2026-09-29,hecho,8,0,S46
CIB-29,Energia,ENE-CIB,Datos,historia,CIB-6,5,2026-01-05,2026-09-23,,en_curso,,0,S46
CIB-30,Energia,ENE-CIB,Datos,historia,CIB-7,2,2026-01-05,2026-09-25,2026-09-30,hecho,5,0,S46
CIB-31,Energia,ENE-CIB,Datos,historia,CIB-7,2,2026-01-05,2026-09-28,,en_curso,,0,S46
CIB-32,Energia,ENE-CIB,Datos,historia,CIB-7,2,2026-01-05,2026-09-29,,en_curso,,0,S46
CIB-33,Energia,ENE-CIB,Datos,tarea,CIB-7,2,2026-01-05,,,por_hacer,,0,
CIB-34,Energia,ENE-CIB,Datos,bug,CIB-8,1,2026-01-05,,,por_hacer,,0,
CIB-35,Energia,ENE-CIB,Datos,historia,CIB-8,3,2026-01-05,,,por_hacer,,0,
CIB-36,Energia,ENE-CIB,Datos,historia,CIB-8,3,2026-01-05,,,por_hacer,,0,
CIB-37,Energia,ENE-CIB,Datos,bug,CIB-9,2,2026-01-05,,,por_hacer,,0,
CIB-38,Energia,ENE-CIB,Datos,historia,CIB-9,2,2026-01-05,,,por_hacer,,0,
CIB-39,Energia,ENE-CIB,Datos,historia,CIB-10,5,2026-01-05,,,por_hacer,,0,
CIB-40,Energia,ENE-CIB,Datos,tarea,CIB-10,1,2026-01-05,,,por_hacer,,0,
CIB-41,Energia,ENE-CIB,Datos,bug,CIB-11,1,2026-01-05,,,por_hacer,,0,
CIB-42,Energia,ENE-CIB,Datos,tarea,CIB-11,1,2026-01-05,,,por_hacer,,0,
CIB-43,Energia,ENE-CIB,Datos,historia,CIB-11,3,2026-01-05,,,por_hacer,,0,
CIB-44,Energia,ENE-CIB,Datos,bug,CIB-11,2,2026-01-05,,,por_hacer,,0,
CIB-45,Energia,ENE-CIB,Integraciones,historia,CIB-1,3,2026-01-05,2026-01-08,2026-01-20,hecho,12,0,S28
CIB-46,Energia,ENE-CIB,Integraciones,bug,CIB-1,2,2026-01-05,2026-01-16,2026-01-27,hecho,11,0,S28
CIB-47,Energia,ENE-CIB,Integraciones,tarea,CIB-1,1,2026-01-05,2026-02-09,2026-02-16,hecho,7,0,S30
CIB-48,Energia,ENE-CIB,Integraciones,historia,CIB-2,3,2026-01-05,2026-02-12,2026-03-13,hecho,29,136,S31
CIB-49,Energia,ENE-CIB,Integraciones,bug,CIB-2,1,2026-01-05,2026-02-18,2026-02-23,hecho,5,0,S30
CIB-50,Energia,ENE-CIB,Integraciones,bug,CIB-2,1,2026-01-05,2026-02-20,2026-02-24,hecho,4,0,S30
CIB-51,Energia,ENE-CIB,Integraciones,historia,CIB-3,3,2026-01-05,2026-03-03,2026-03-12,hecho,9,0,S31
CIB-52,Energia,ENE-CIB,Integraciones,historia,CIB-3,3,2026-01-05,2026-03-04,2026-03-12,hecho,8,0,S31
CIB-53,Energia,ENE-CIB,Integraciones,historia,CIB-3,5,2026-01-05,2026-04-27,2026-05-08,hecho,11,0,S35
CIB-54,Energia,ENE-CIB,Integraciones,historia,CIB-4,5,2026-01-05,2026-05-11,2026-05-18,hecho,7,0,S36
CIB-55,Energia,ENE-CIB,Integraciones,historia,CIB-4,5,2026-01-05,2026-05-13,2026-05-20,hecho,7,0,S36
CIB-56,Energia,ENE-CIB,Integraciones,historia,CIB-4,3,2026-01-05,2026-05-18,2026-05-26,hecho,8,0,S37
CIB-57,Energia,ENE-CIB,Integraciones,historia,CIB-4,2,2026-01-05,2026-05-18,2026-05-22,hecho,4,0,S36
CIB-58,Energia,ENE-CIB,Integraciones,historia,CIB-5,8,2026-01-05,2026-05-22,2026-06-09,hecho,18,0,S38
CIB-59,Energia,ENE-CIB,Integraciones,tarea,CIB-5,3,2026-01-05,2026-06-03,2026-06-11,hecho,8,0,S38
CIB-60,Energia,ENE-CIB,Integraciones,historia,CIB-5,2,2026-01-05,2026-06-12,2026-06-22,hecho,10,0,S39
CIB-61,Energia,ENE-CIB,Integraciones,bug,CIB-6,2,2026-01-05,2026-06-17,2026-06-25,hecho,8,0,S39
CIB-62,Energia,ENE-CIB,Integraciones,historia,CIB-6,2,2026-01-05,2026-06-22,2026-06-29,hecho,7,0,S39
CIB-63,Energia,ENE-CIB,Integraciones,historia,CIB-6,3,2026-01-05,2026-06-23,2026-07-01,hecho,8,0,S39
CIB-64,Energia,ENE-CIB,Integraciones,historia,CIB-6,3,2026-01-05,2026-06-24,,bloqueado,,520,S46
CIB-65,Energia,ENE-CIB,Integraciones,historia,CIB-6,3,2026-01-05,2026-06-29,2026-07-07,hecho,8,0,S40
CIB-66,Energia,ENE-CIB,Integraciones,historia,CIB-7,3,2026-01-05,2026-08-05,2026-08-14,hecho,9,0,S42
CIB-67,Energia,ENE-CIB,Integraciones,historia,CIB-7,2,2026-01-05,2026-08-07,,bloqueado,,304,S46
CIB-68,Energia,ENE-CIB,Integraciones,historia,CIB-7,5,2026-01-05,2026-08-10,2026-08-21,hecho,11,0,S43
CIB-69,Energia,ENE-CIB,Integraciones,bug,CIB-7,1,2026-01-05,2026-08-21,2026-08-26,hecho,5,0,S43
CIB-70,Energia,ENE-CIB,Integraciones,historia,CIB-8,5,2026-01-05,2026-09-14,2026-09-23,hecho,9,0,S45
CIB-71,Energia,ENE-CIB,Integraciones,tarea,CIB-8,3,2026-01-05,,,por_hacer,,0,
CIB-72,Energia,ENE-CIB,Integraciones,historia,CIB-8,2,2026-01-05,,,por_hacer,,0,
CIB-73,Energia,ENE-CIB,Integraciones,tarea,CIB-9,2,2026-01-05,,,por_hacer,,0,
CIB-74,Energia,ENE-CIB,Integraciones,historia,CIB-9,5,2026-01-05,,,por_hacer,,0,
CIB-75,Energia,ENE-CIB,Integraciones,historia,CIB-9,8,2026-01-05,,,por_hacer,,0,
CIB-76,Energia,ENE-CIB,Integraciones,tarea,CIB-9,1,2026-01-05,,,por_hacer,,0,
CIB-77,Energia,ENE-CIB,Integraciones,historia,CIB-10,3,2026-01-05,,,por_hacer,,0,
CIB-78,Energia,ENE-CIB,Integraciones,historia,CIB-11,2,2026-01-05,,,por_hacer,,0,
CIB-79,Energia,ENE-CIB,Integraciones,historia,CIB-11,5,2026-01-05,,,por_hacer,,0,
CIB-80,Energia,ENE-CIB,Plataforma,historia,CIB-1,3,2026-01-05,2026-01-09,2026-01-19,hecho,10,0,S28
CIB-81,Energia,ENE-CIB,Plataforma,historia,CIB-1,5,2026-01-05,2026-01-12,2026-02-04,hecho,23,0,S29
CIB-82,Energia,ENE-CIB,Plataforma,tarea,CIB-1,3,2026-01-05,2026-01-16,2026-01-28,hecho,12,0,S28
CIB-83,Energia,ENE-CIB,Plataforma,tarea,CIB-2,1,2026-01-05,2026-01-21,2026-01-26,hecho,5,0,S28
CIB-84,Energia,ENE-CIB,Plataforma,historia,CIB-2,5,2026-01-05,2026-01-26,2026-02-05,hecho,10,0,S29
CIB-85,Energia,ENE-CIB,Plataforma,historia,CIB-2,5,2026-01-05,2026-01-26,2026-02-05,hecho,10,0,S29
CIB-86,Energia,ENE-CIB,Plataforma,historia,CIB-2,3,2026-01-05,2026-02-04,2026-02-10,hecho,6,0,S29
CIB-87,Energia,ENE-CIB,Plataforma,bug,CIB-2,1,2026-01-05,2026-02-04,2026-02-09,hecho,5,0,S29
CIB-88,Energia,ENE-CIB,Plataforma,bug,CIB-2,2,2026-01-05,2026-02-09,2026-02-16,hecho,7,0,S30
CIB-89,Energia,ENE-CIB,Plataforma,historia,CIB-3,8,2026-01-05,2026-02-13,2026-03-05,hecho,20,0,S31
CIB-90,Energia,ENE-CIB,Plataforma,historia,CIB-3,8,2026-01-05,2026-02-16,2026-07-20,hecho,154,744,S41
CIB-91,Energia,ENE-CIB,Plataforma,historia,CIB-3,3,2026-01-05,2026-02-19,2026-03-03,hecho,12,0,S31
CIB-92,Energia,ENE-CIB,Plataforma,bug,CIB-3,2,2026-01-05,2026-02-27,2026-03-04,hecho,5,0,S31
CIB-93,Energia,ENE-CIB,Plataforma,historia,CIB-3,8,2026-01-05,2026-03-05,2026-04-09,hecho,35,0,S33
CIB-94,Energia,ENE-CIB,Plataforma,bug,CIB-3,2,2026-01-05,2026-03-20,2026-03-26,hecho,6,0,S32
CIB-95,Energia,ENE-CIB,Plataforma,historia,CIB-3,8,2026-01-05,2026-03-23,2026-04-10,hecho,18,0,S33
CIB-96,Energia,ENE-CIB,Plataforma,historia,CIB-3,2,2026-01-05,2026-03-25,2026-03-30,hecho,5,0,S33
CIB-97,Energia,ENE-CIB,Plataforma,historia,CIB-3,2,2026-01-05,2026-03-30,2026-04-06,hecho,7,0,S33
CIB-98,Energia,ENE-CIB,Plataforma,historia,CIB-3,3,2026-01-05,2026-04-03,2026-04-13,hecho,10,0,S34
CIB-99,Energia,ENE-CIB,Plataforma,historia,CIB-3,8,2026-01-05,2026-04-10,2026-05-11,hecho,31,0,S36
CIB-100,Energia,ENE-CIB,Plataforma,historia,CIB-3,2,2026-01-05,2026-04-13,2026-04-16,hecho,3,0,S34
CIB-101,Energia,ENE-CIB,Plataforma,historia,CIB-4,3,2026-01-05,2026-04-15,2026-04-23,hecho,8,0,S34
CIB-102,Energia,ENE-CIB,Plataforma,historia,CIB-4,2,2026-01-05,2026-04-16,2026-04-21,hecho,5,0,S34
CIB-103,Energia,ENE-CIB,Plataforma,historia,CIB-4,5,2026-01-05,2026-04-16,2026-04-28,hecho,12,0,S35
CIB-104,Energia,ENE-CIB,Plataforma,tarea,CIB-4,2,2026-01-05,2026-04-21,2026-04-27,hecho,6,0,S35
CIB-105,Energia,ENE-CIB,Plataforma,historia,CIB-4,5,2026-01-05,2026-04-23,2026-05-07,hecho,14,0,S35
CIB-106,Energia,ENE-CIB,Plataforma,historia,CIB-4,3,2026-01-05,2026-04-23,2026-04-30,hecho,7,0,S35
CIB-107,Energia,ENE-CIB,Plataforma,bug,CIB-5,1,2026-01-05,2026-05-04,2026-05-08,hecho,4,0,S35
CIB-108,Energia,ENE-CIB,Plataforma,historia,CIB-5,8,2026-01-05,2026-05-06,2026-05-26,hecho,20,0,S37
CIB-109,Energia,ENE-CIB,Plataforma,historia,CIB-5,5,2026-01-05,2026-05-11,2026-05-20,hecho,9,0,S36
CIB-110,Energia,ENE-CIB,Plataforma,historia,CIB-5,5,2026-01-05,2026-05-11,2026-05-19,hecho,8,0,S36
CIB-111,Energia,ENE-CIB,Plataforma,historia,CIB-5,8,2026-01-05,2026-05-18,2026-06-03,hecho,16,0,S37
CIB-112,Energia,ENE-CIB,Plataforma,tarea,CIB-5,2,2026-01-05,2026-05-22,2026-05-27,hecho,5,0,S37
CIB-113,Energia,ENE-CIB,Plataforma,historia,CIB-6,5,2026-01-05,2026-05-26,2026-06-02,hecho,7,0,S37
CIB-114,Energia,ENE-CIB,Plataforma,historia,CIB-6,8,2026-01-05,2026-05-26,2026-06-09,hecho,14,0,S38
CIB-115,Energia,ENE-CIB,Plataforma,historia,CIB-6,2,2026-01-05,2026-05-26,2026-09-28,hecho,125,688,S46
CIB-116,Energia,ENE-CIB,Plataforma,bug,CIB-6,1,2026-01-05,2026-05-27,2026-06-01,hecho,5,0,S37
CIB-117,Energia,ENE-CIB,Plataforma,bug,CIB-6,1,2026-01-05,2026-06-03,2026-06-05,hecho,2,0,S37
CIB-118,Energia,ENE-CIB,Plataforma,historia,CIB-6,2,2026-01-05,2026-06-09,2026-06-12,hecho,3,0,S38
CIB-119,Energia,ENE-CIB,Plataforma,tarea,CIB-6,1,2026-01-05,2026-06-10,2026-06-16,hecho,6,0,S38
CIB-120,Energia,ENE-CIB,Plataforma,historia,CIB-6,2,2026-01-05,2026-06-11,2026-06-22,hecho,11,0,S39
CIB-121,Energia,ENE-CIB,Plataforma,historia,CIB-6,3,2026-01-05,2026-06-16,2026-07-03,hecho,17,0,S39
CIB-122,Energia,ENE-CIB,Plataforma,historia,CIB-7,3,2026-01-05,2026-06-19,2026-07-06,hecho,17,0,S40
CIB-123,Energia,ENE-CIB,Plataforma,historia,CIB-7,2,2026-01-05,2026-06-25,2026-07-03,hecho,8,0,S39
CIB-124,Energia,ENE-CIB,Plataforma,bug,CIB-7,2,2026-01-05,2026-06-25,2026-07-02,hecho,7,0,S39
CIB-125,Energia,ENE-CIB,Plataforma,historia,CIB-7,3,2026-01-05,2026-07-13,2026-07-21,hecho,8,0,S41
CIB-126,Energia,ENE-CIB,Plataforma,historia,CIB-7,3,2026-01-05,2026-07-16,2026-07-27,hecho,11,0,S41
CIB-127,Energia,ENE-CIB,Plataforma,tarea,CIB-7,2,2026-01-05,2026-07-17,2026-07-23,hecho,6,0,S41
CIB-128,Energia,ENE-CIB,Plataforma,historia,CIB-7,3,2026-01-05,2026-07-21,2026-07-31,hecho,10,0,S41
CIB-129,Energia,ENE-CIB,Plataforma,tarea,CIB-7,3,2026-01-05,2026-07-21,2026-07-27,hecho,6,0,S41
CIB-130,Energia,ENE-CIB,Plataforma,historia,CIB-8,3,2026-01-05,2026-07-22,2026-07-30,hecho,8,0,S41
CIB-131,Energia,ENE-CIB,Plataforma,historia,CIB-8,3,2026-01-05,2026-07-23,2026-08-05,hecho,13,0,S42
CIB-132,Energia,ENE-CIB,Plataforma,historia,CIB-8,3,2026-01-05,2026-07-28,2026-08-04,hecho,7,0,S42
CIB-133,Energia,ENE-CIB,Plataforma,tarea,CIB-8,1,2026-01-05,2026-07-29,,bloqueado,,360,S46
CIB-134,Energia,ENE-CIB,Plataforma,bug,CIB-8,2,2026-01-05,2026-08-04,2026-09-09,hecho,36,184,S44
CIB-135,Energia,ENE-CIB,Plataforma,tarea,CIB-8,1,2026-01-05,2026-08-05,2026-08-10,hecho,5,0,S42
CIB-136,Energia,ENE-CIB,Plataforma,bug,CIB-8,2,2026-01-05,2026-08-07,2026-08-13,hecho,6,0,S42
CIB-137,Energia,ENE-CIB,Plataforma,historia,CIB-8,2,2026-01-05,2026-08-12,2026-08-19,hecho,7,0,S43
CIB-138,Energia,ENE-CIB,Plataforma,tarea,CIB-8,2,2026-01-05,2026-08-14,2026-08-24,hecho,10,0,S43
CIB-139,Energia,ENE-CIB,Plataforma,historia,CIB-8,2,2026-01-05,2026-08-14,2026-08-20,hecho,6,0,S43
CIB-140,Energia,ENE-CIB,Plataforma,historia,CIB-8,3,2026-01-05,2026-08-18,2026-08-25,hecho,7,0,S43
CIB-141,Energia,ENE-CIB,Plataforma,historia,CIB-8,3,2026-01-05,2026-08-20,2026-09-03,hecho,14,0,S44
CIB-142,Energia,ENE-CIB,Plataforma,historia,CIB-8,3,2026-01-05,2026-08-24,,bloqueado,,200,S46
CIB-143,Energia,ENE-CIB,Plataforma,historia,CIB-8,2,2026-01-05,2026-08-27,2026-09-02,hecho,6,0,S44
CIB-144,Energia,ENE-CIB,Plataforma,historia,CIB-8,2,2026-01-05,2026-09-01,2026-09-07,hecho,6,0,S44
CIB-145,Energia,ENE-CIB,Plataforma,historia,CIB-9,2,2026-01-05,2026-09-07,2026-09-14,hecho,7,0,S45
CIB-146,Energia,ENE-CIB,Plataforma,historia,CIB-9,5,2026-01-05,2026-09-08,2026-09-14,hecho,6,0,S45
CIB-147,Energia,ENE-CIB,Plataforma,historia,CIB-9,2,2026-01-05,2026-09-10,2026-09-16,hecho,6,0,S45
CIB-148,Energia,ENE-CIB,Plataforma,historia,CIB-9,5,2026-01-05,2026-09-15,2026-09-28,hecho,13,0,S46
CIB-149,Energia,ENE-CIB,Plataforma,bug,CIB-9,1,2026-01-05,2026-09-16,2026-09-22,hecho,6,0,S45
CIB-150,Energia,ENE-CIB,Plataforma,historia,CIB-9,2,2026-01-05,2026-09-23,,en_revision,,0,S46
CIB-151,Energia,ENE-CIB,Plataforma,bug,CIB-9,1,2026-01-05,2026-09-23,2026-09-24,hecho,1,0,S45
CIB-152,Energia,ENE-CIB,Plataforma,historia,CIB-9,2,2026-01-05,2026-09-25,,en_curso,,0,S46
CIB-153,Energia,ENE-CIB,Plataforma,historia,CIB-9,3,2026-01-05,,,por_hacer,,0,
CIB-154,Energia,ENE-CIB,Plataforma,historia,CIB-10,2,2026-01-05,,,por_hacer,,0,
CIB-155,Energia,ENE-CIB,Plataforma,historia,CIB-10,3,2026-01-05,,,por_hacer,,0,
CIB-156,Energia,ENE-CIB,Plataforma,historia,CIB-10,5,2026-01-05,,,por_hacer,,0,
CIB-157,Energia,ENE-CIB,Plataforma,historia,CIB-10,5,2026-01-05,,,por_hacer,,0,
CIB-158,Energia,ENE-CIB,Plataforma,bug,CIB-10,2,2026-01-05,,,por_hacer,,0,
CIB-159,Energia,ENE-CIB,Plataforma,historia,CIB-10,2,2026-01-05,,,por_hacer,,0,
CIB-160,Energia,ENE-CIB,Plataforma,bug,CIB-10,2,2026-01-05,,,por_hacer,,0,
CIB-161,Energia,ENE-CIB,Plataforma,bug,CIB-11,1,2026-01-05,,,por_hacer,,0,
CIB-162,Energia,ENE-CIB,Plataforma,historia,CIB-11,3,2026-01-05,,,por_hacer,,0,
CIB-163,Energia,ENE-CIB,Plataforma,historia,CIB-11,2,2026-01-05,,,por_hacer,,0,
CIB-164,Energia,ENE-CIB,Plataforma,tarea,CIB-11,1,2026-01-05,,,por_hacer,,0,
CIB-165,Energia,ENE-CIB,Plataforma,historia,CIB-11,2,2026-01-05,,,por_hacer,,0,
CIB-166,Energia,ENE-CIB,Plataforma,tarea,CIB-11,2,2026-01-05,,,por_hacer,,0,
CIB-167,Energia,ENE-CIB,Plataforma,historia,CIB-11,3,2026-01-05,,,por_hacer,,0,
CIB-168,Energia,ENE-CIB,Plataforma,tarea,CIB-11,1,2026-01-05,,,por_hacer,,0,
CIB-169,Energia,ENE-CIB,Plataforma,bug,CIB-11,1,2026-01-05,,,por_hacer,,0,
CIB-170,Energia,ENE-CIB,Plataforma,tarea,CIB-11,3,2026-01-05,,,por_hacer,,0,
CIB-171,Energia,ENE-CIB,Plataforma,tarea,CIB-11,3,2026-01-05,,,por_hacer,,0,
CIB-172,Energia,ENE-CIB,Producto,historia,CIB-1,3,2026-01-05,2026-01-07,2026-01-21,hecho,14,0,S28
CIB-173,Energia,ENE-CIB,Producto,tarea,CIB-1,2,2026-01-05,2026-01-13,2026-01-21,hecho,8,0,S28
CIB-174,Energia,ENE-CIB,Producto,tarea,CIB-1,3,2026-01-05,2026-02-10,2026-02-17,hecho,7,0,S30
CIB-175,Energia,ENE-CIB,Producto,bug,CIB-1,1,2026-01-05,2026-02-17,2026-02-18,hecho,1,0,S30
CIB-176,Energia,ENE-CIB,Producto,tarea,CIB-2,3,2026-01-05,2026-03-03,2026-03-10,hecho,7,0,S31
CIB-177,Energia,ENE-CIB,Producto,tarea,CIB-2,2,2026-01-05,2026-03-17,2026-03-24,hecho,7,0,S32
CIB-178,Energia,ENE-CIB,Producto,historia,CIB-2,3,2026-01-05,2026-04-22,2026-04-28,hecho,6,0,S35
CIB-179,Energia,ENE-CIB,Producto,historia,CIB-2,2,2026-01-05,2026-04-29,2026-05-08,hecho,9,0,S35
CIB-180,Energia,ENE-CIB,Producto,historia,CIB-2,2,2026-01-05,2026-04-30,2026-05-08,hecho,8,0,S35
CIB-181,Energia,ENE-CIB,Producto,tarea,CIB-2,1,2026-01-05,2026-05-07,2026-05-13,hecho,6,0,S36
CIB-182,Energia,ENE-CIB,Producto,historia,CIB-2,2,2026-01-05,2026-06-11,2026-06-23,hecho,12,0,S39
CIB-183,Energia,ENE-CIB,Producto,historia,CIB-3,2,2026-01-05,2026-06-30,2026-07-08,hecho,8,0,S40
CIB-184,Energia,ENE-CIB,Producto,historia,CIB-3,2,2026-01-05,2026-07-28,2026-08-04,hecho,7,0,S42
CIB-185,Energia,ENE-CIB,Producto,tarea,CIB-3,2,2026-01-05,2026-07-30,2026-08-05,hecho,6,0,S42
CIB-186,Energia,ENE-CIB,Producto,historia,CIB-4,3,2026-01-05,2026-08-10,2026-08-17,hecho,7,0,S43
CIB-187,Energia,ENE-CIB,Producto,tarea,CIB-4,1,2026-01-05,2026-08-10,2026-08-13,hecho,3,0,S42
CIB-188,Energia,ENE-CIB,Producto,bug,CIB-4,1,2026-01-05,2026-08-12,2026-08-19,hecho,7,0,S43
CIB-189,Energia,ENE-CIB,Producto,tarea,CIB-5,3,2026-01-05,2026-08-26,2026-09-04,hecho,9,0,S44
CIB-190,Energia,ENE-CIB,Producto,historia,CIB-5,8,2026-01-05,2026-09-09,2026-09-22,hecho,13,0,S45
CIB-191,Energia,ENE-CIB,Producto,historia,CIB-5,2,2026-01-05,2026-09-18,,en_curso,,0,S46
CIB-192,Energia,ENE-CIB,Producto,tarea,CIB-5,1,2026-01-05,2026-09-29,,en_revision,,0,S46
CIB-193,Energia,ENE-CIB,Producto,historia,CIB-5,8,2026-01-05,,,por_hacer,,0,
CIB-194,Energia,ENE-CIB,Producto,historia,CIB-5,5,2026-01-05,,,por_hacer,,0,
CIB-195,Energia,ENE-CIB,Producto,historia,CIB-5,2,2026-01-05,,,por_hacer,,0,
CIB-196,Energia,ENE-CIB,Producto,historia,CIB-5,5,2026-01-05,,,por_hacer,,0,
CIB-197,Energia,ENE-CIB,Producto,bug,CIB-6,1,2026-01-05,,,por_hacer,,0,
CIB-198,Energia,ENE-CIB,Producto,historia,CIB-6,3,2026-01-05,,,por_hacer,,0,
CIB-199,Energia,ENE-CIB,Producto,historia,CIB-6,2,2026-01-05,,,por_hacer,,0,
CIB-200,Energia,ENE-CIB,Producto,historia,CIB-6,5,2026-01-05,,,por_hacer,,0,
CIB-201,Energia,ENE-CIB,Producto,historia,CIB-7,2,2026-01-05,,,por_hacer,,0,
CIB-202,Energia,ENE-CIB,Producto,historia,CIB-8,3,2026-01-05,,,por_hacer,,0,
CIB-203,Energia,ENE-CIB,Producto,historia,CIB-8,3,2026-01-05,,,por_hacer,,0,
CIB-204,Energia,ENE-CIB,Producto,historia,CIB-8,2,2026-01-05,,,por_hacer,,0,
CIB-205,Energia,ENE-CIB,Producto,historia,CIB-8,2,2026-01-05,,,por_hacer,,0,
CIB-206,Energia,ENE-CIB,Producto,tarea,CIB-8,2,2026-01-05,,,por_hacer,,0,
CIB-207,Energia,ENE-CIB,Producto,historia,CIB-8,2,2026-01-05,,,por_hacer,,0,
CIB-208,Energia,ENE-CIB,Producto,historia,CIB-9,3,2026-01-05,,,por_hacer,,0,
CIB-209,Energia,ENE-CIB,Producto,historia,CIB-9,5,2026-01-05,,,por_hacer,,0,
CIB-210,Energia,ENE-CIB,Producto,historia,CIB-9,2,2026-01-05,,,por_hacer,,0,
CIB-211,Energia,ENE-CIB,Producto,historia,CIB-9,3,2026-01-05,,,por_hacer,,0,
CIB-212,Energia,ENE-CIB,Producto,historia,CIB-10,5,2026-01-05,,,por_hacer,,0,
CIB-213,Energia,ENE-CIB,Producto,bug,CIB-10,1,2026-01-05,,,por_hacer,,0,
CIB-214,Energia,ENE-CIB,Producto,historia,CIB-11,8,2026-01-05,,,por_hacer,,0,
CIB-215,Energia,ENE-CIB,Producto,historia,CIB-11,5,2026-01-05,,,por_hacer,,0,
CIB-216,Energia,ENE-CIB,Producto,tarea,CIB-11,1,2026-01-05,,,por_hacer,,0,
CIB-217,Energia,ENE-CIB,Producto,historia,CIB-11,2,2026-01-05,,,por_hacer,,0,
CIB-218,Energia,ENE-CIB,Producto,historia,CIB-11,2,2026-01-05,,,por_hacer,,0,
CIB-219,Energia,ENE-CIB,QA,historia,CIB-1,2,2026-01-05,2026-01-12,2026-01-15,hecho,3,0,S27
CIB-220,Energia,ENE-CIB,QA,historia,CIB-1,8,2026-01-05,2026-01-22,2026-02-13,hecho,22,0,S29
CIB-221,Energia,ENE-CIB,QA,bug,CIB-1,2,2026-01-05,2026-02-12,2026-02-19,hecho,7,0,S30
CIB-222,Energia,ENE-CIB,QA,historia,CIB-1,2,2026-01-05,2026-02-13,2026-02-18,hecho,5,0,S30
CIB-223,Energia,ENE-CIB,QA,tarea,CIB-2,3,2026-01-05,2026-02-24,2026-02-26,hecho,2,0,S30
CIB-224,Energia,ENE-CIB,QA,historia,CIB-2,8,2026-01-05,2026-03-04,2026-03-26,hecho,22,0,S32
CIB-225,Energia,ENE-CIB,QA,historia,CIB-3,8,2026-01-05,2026-03-05,2026-04-14,hecho,40,0,S34
CIB-226,Energia,ENE-CIB,QA,historia,CIB-3,5,2026-01-05,2026-03-23,2026-04-16,hecho,24,0,S34
CIB-227,Energia,ENE-CIB,QA,bug,CIB-3,2,2026-01-05,2026-04-15,2026-04-21,hecho,6,0,S34
CIB-228,Energia,ENE-CIB,QA,historia,CIB-4,8,2026-01-05,2026-04-20,2026-05-08,hecho,18,0,S35
CIB-229,Energia,ENE-CIB,QA,historia,CIB-4,2,2026-01-05,2026-04-28,2026-05-08,hecho,10,0,S35
CIB-230,Energia,ENE-CIB,QA,bug,CIB-4,2,2026-01-05,2026-04-30,2026-05-08,hecho,8,0,S35
CIB-231,Energia,ENE-CIB,QA,historia,CIB-4,5,2026-01-05,2026-05-06,2026-05-21,hecho,15,0,S36
CIB-232,Energia,ENE-CIB,QA,historia,CIB-4,3,2026-01-05,2026-05-07,2026-05-18,hecho,11,0,S36
CIB-233,Energia,ENE-CIB,QA,historia,CIB-4,5,2026-01-05,2026-05-14,2026-05-26,hecho,12,0,S37
CIB-234,Energia,ENE-CIB,QA,historia,CIB-5,3,2026-01-05,2026-05-21,2026-05-29,hecho,8,0,S37
CIB-235,Energia,ENE-CIB,QA,tarea,CIB-5,1,2026-01-05,2026-06-01,2026-06-03,hecho,2,0,S37
CIB-236,Energia,ENE-CIB,QA,historia,CIB-5,8,2026-01-05,2026-06-03,2026-07-03,hecho,30,0,S39
CIB-237,Energia,ENE-CIB,QA,bug,CIB-5,2,2026-01-05,2026-06-18,2026-06-25,hecho,7,0,S39
CIB-238,Energia,ENE-CIB,QA,historia,CIB-6,3,2026-01-05,2026-06-19,2026-07-14,hecho,25,0,S40
CIB-239,Energia,ENE-CIB,QA,historia,CIB-6,2,2026-01-05,2026-07-08,2026-09-25,hecho,79,432,S45
CIB-240,Energia,ENE-CIB,QA,historia,CIB-6,3,2026-01-05,2026-07-09,2026-07-20,hecho,11,0,S41
CIB-241,Energia,ENE-CIB,QA,tarea,CIB-7,2,2026-01-05,2026-07-30,2026-08-06,hecho,7,0,S42
CIB-242,Energia,ENE-CIB,QA,bug,CIB-7,1,2026-01-05,2026-08-03,2026-08-07,hecho,4,0,S42
CIB-243,Energia,ENE-CIB,QA,historia,CIB-7,3,2026-01-05,2026-08-04,2026-08-07,hecho,3,0,S42
CIB-244,Energia,ENE-CIB,QA,historia,CIB-7,3,2026-01-05,2026-08-12,2026-08-20,hecho,8,0,S43
CIB-245,Energia,ENE-CIB,QA,historia,CIB-8,5,2026-01-05,2026-08-20,2026-08-28,hecho,8,0,S43
CIB-246,Energia,ENE-CIB,QA,historia,CIB-8,3,2026-01-05,2026-08-24,2026-09-14,hecho,21,0,S45
CIB-247,Energia,ENE-CIB,QA,historia,CIB-8,3,2026-01-05,2026-08-28,2026-09-09,hecho,12,0,S44
CIB-248,Energia,ENE-CIB,QA,historia,CIB-10,8,2026-01-05,,,por_hacer,,0,
CIB-249,Energia,ENE-CIB,QA,historia,CIB-10,3,2026-01-05,,,por_hacer,,0,
CIB-250,Energia,ENE-CIB,QA,historia,CIB-10,5,2026-01-05,,,por_hacer,,0,
CIB-251,Energia,ENE-CIB,QA,bug,CIB-11,2,2026-01-05,,,por_hacer,,0,
CIB-252,Energia,ENE-CIB,QA,historia,CIB-11,8,2026-01-05,,,por_hacer,,0,
DES-1,Energia,ENE-DES,Producto,epica,,,2025-06-02,2025-06-02,2025-07-15,hecho,,,
DES-2,Energia,ENE-DES,Producto,epica,,,2025-06-02,2025-06-12,2025-08-07,hecho,,,
DES-3,Energia,ENE-DES,Producto,epica,,,2025-06-02,2025-06-11,2025-08-12,hecho,,,
DES-4,Energia,ENE-DES,Producto,epica,,,2025-06-02,2025-06-25,2025-08-27,hecho,,,
DES-5,Energia,ENE-DES,Producto,epica,,,2025-06-02,2025-07-10,2025-10-03,hecho,,,
DES-6,Energia,ENE-DES,Producto,epica,,,2025-06-02,2025-08-08,2025-10-30,hecho,,,
DES-7,Energia,ENE-DES,Producto,epica,,,2025-06-02,2025-08-28,2025-10-30,hecho,,,
DES-8,Energia,ENE-DES,Producto,epica,,,2025-06-02,2025-09-09,2025-12-08,hecho,,,
DES-9,Energia,ENE-DES,Producto,epica,,,2025-06-02,2025-09-17,2025-12-30,hecho,,,
DES-10,Energia,ENE-DES,Producto,epica,,,2025-06-02,2025-10-02,2026-01-21,hecho,,,
DES-11,Energia,ENE-DES,Producto,epica,,,2025-06-02,2025-10-24,2026-03-11,hecho,,,
DES-12,Energia,ENE-DES,Producto,epica,,,2025-06-02,2025-11-21,2026-03-20,hecho,,,
DES-13,Energia,ENE-DES,Producto,epica,,,2025-06-02,2026-01-02,2026-04-17,hecho,,,
DES-14,Energia,ENE-DES,Producto,epica,,,2025-06-02,2026-01-29,2026-05-26,hecho,,,
DES-15,Energia,ENE-DES,Producto,epica,,,2025-06-02,2026-02-18,2026-06-25,hecho,,,
DES-16,Energia,ENE-DES,Producto,epica,,,2025-06-02,2026-03-17,2026-07-20,hecho,,,
DES-17,Energia,ENE-DES,Producto,epica,,,2025-06-02,2026-04-06,2026-07-31,hecho,,,
DES-18,Energia,ENE-DES,Producto,epica,,,2025-06-02,2026-05-06,2026-09-15,hecho,,,
DES-19,Energia,ENE-DES,Producto,epica,,,2025-06-02,2026-05-29,2026-09-28,hecho,,,
DES-20,Energia,ENE-DES,Producto,epica,,,2025-06-02,2026-06-29,2026-09-30,hecho,,,
DES-21,Energia,ENE-DES,Producto,epica,,,2025-06-02,2026-07-23,,en_curso,,,
DES-22,Energia,ENE-DES,Producto,epica,,,2025-06-02,2026-08-07,,en_curso,,,
DES-23,Energia,ENE-DES,Producto,epica,,,2025-06-02,2026-08-18,,en_curso,,,
DES-24,Energia,ENE-DES,Producto,epica,,,2025-06-02,2026-08-26,,en_curso,,,
DES-25,Energia,ENE-DES,Datos,historia,DES-1,2,2025-06-02,2025-06-03,2025-06-23,hecho,20,0,S13
DES-26,Energia,ENE-DES,Datos,historia,DES-1,3,2025-06-02,2025-06-05,2025-06-13,hecho,8,0,S12
DES-27,Energia,ENE-DES,Datos,bug,DES-1,1,2025-06-02,2025-06-06,2025-06-10,hecho,4,0,S12
DES-28,Energia,ENE-DES,Datos,historia,DES-1,3,2025-06-02,2025-06-10,2025-06-20,hecho,10,0,S12
DES-29,Energia,ENE-DES,Datos,tarea,DES-3,3,2025-06-02,2025-06-11,2025-06-17,hecho,6,0,S12
DES-30,Energia,ENE-DES,Datos,historia,DES-3,2,2025-06-02,2025-06-17,2025-06-26,hecho,9,0,S13
DES-31,Energia,ENE-DES,Datos,tarea,DES-3,1,2025-06-02,2025-06-20,2025-06-26,hecho,6,0,S13
DES-32,Energia,ENE-DES,Datos,historia,DES-3,5,2025-06-02,2025-06-23,2025-08-12,hecho,50,184,S16
DES-33,Energia,ENE-DES,Datos,tarea,DES-4,1,2025-06-02,2025-06-25,2025-06-30,hecho,5,0,S13
DES-34,Energia,ENE-DES,Datos,historia,DES-4,3,2025-06-02,2025-06-26,2025-07-15,hecho,19,0,S14
DES-35,Energia,ENE-DES,Datos,historia,DES-4,5,2025-06-02,2025-06-27,2025-07-24,hecho,27,0,S15
DES-36,Energia,ENE-DES,Datos,historia,DES-4,3,2025-06-02,2025-06-30,2025-07-08,hecho,8,0,S14
DES-37,Energia,ENE-DES,Datos,bug,DES-4,2,2025-06-02,2025-07-02,2025-07-10,hecho,8,0,S14
DES-38,Energia,ENE-DES,Datos,tarea,DES-5,1,2025-06-02,2025-07-10,2025-09-18,hecho,70,360,S19
DES-39,Energia,ENE-DES,Datos,historia,DES-5,8,2025-06-02,2025-07-14,2025-08-06,hecho,23,0,S16
DES-40,Energia,ENE-DES,Datos,historia,DES-5,2,2025-06-02,2025-07-15,2025-07-31,hecho,16,0,S15
DES-41,Energia,ENE-DES,Datos,historia,DES-5,3,2025-06-02,2025-07-23,2025-09-23,hecho,62,272,S19
DES-42,Energia,ENE-DES,Datos,historia,DES-5,3,2025-06-02,2025-07-30,2025-08-07,hecho,8,0,S16
DES-43,Energia,ENE-DES,Datos,historia,DES-5,5,2025-06-02,2025-08-07,2025-08-25,hecho,18,0,S17
DES-44,Energia,ENE-DES,Datos,historia,DES-6,3,2025-06-02,2025-08-08,2025-08-27,hecho,19,0,S17
DES-45,Energia,ENE-DES,Datos,tarea,DES-6,1,2025-06-02,2025-08-18,2025-08-25,hecho,7,0,S17
DES-46,Energia,ENE-DES,Datos,bug,DES-6,1,2025-06-02,2025-08-21,2025-08-28,hecho,7,0,S17
DES-47,Energia,ENE-DES,Datos,historia,DES-6,3,2025-06-02,2025-08-22,2025-09-08,hecho,17,0,S18
DES-48,Energia,ENE-DES,Datos,historia,DES-6,5,2025-06-02,2025-08-25,2025-09-09,hecho,15,0,S18
DES-49,Energia,ENE-DES,Datos,historia,DES-6,5,2025-06-02,2025-08-26,2025-09-09,hecho,14,0,S18
DES-50,Energia,ENE-DES,Datos,historia,DES-6,8,2025-06-02,2025-09-16,2025-10-10,hecho,24,0,S20
DES-51,Energia,ENE-DES,Datos,historia,DES-7,2,2025-06-02,2025-09-24,2025-10-06,hecho,12,0,S20
DES-52,Energia,ENE-DES,Datos,bug,DES-8,1,2025-06-02,2025-09-29,2025-10-03,hecho,4,0,S20
DES-53,Energia,ENE-DES,Datos,historia,DES-8,5,2025-06-02,2025-10-02,2025-10-13,hecho,11,0,S21
DES-54,Energia,ENE-DES,Datos,historia,DES-8,2,2025-06-02,2025-10-07,2025-10-10,hecho,3,0,S20
DES-55,Energia,ENE-DES,Datos,tarea,DES-8,2,2025-06-02,2025-10-09,2025-10-17,hecho,8,0,S21
DES-56,Energia,ENE-DES,Datos,bug,DES-9,2,2025-06-02,2025-10-15,2025-10-22,hecho,7,0,S21
DES-57,Energia,ENE-DES,Datos,bug,DES-9,2,2025-06-02,2025-10-27,2025-11-04,hecho,8,0,S22
DES-58,Energia,ENE-DES,Datos,historia,DES-9,2,2025-06-02,2025-11-03,2025-11-12,hecho,9,0,S23
DES-59,Energia,ENE-DES,Datos,historia,DES-10,3,2025-06-02,2025-11-10,2025-11-20,hecho,10,0,S23
DES-60,Energia,ENE-DES,Datos,historia,DES-10,2,2025-06-02,2025-11-10,2025-11-17,hecho,7,0,S23
DES-61,Energia,ENE-DES,Datos,historia,DES-10,8,2025-06-02,2025-11-21,2025-12-19,hecho,28,0,S25
DES-62,Energia,ENE-DES,Datos,historia,DES-10,3,2025-06-02,2025-11-21,2025-12-01,hecho,10,0,S24
DES-63,Energia,ENE-DES,Datos,historia,DES-10,3,2025-06-02,2025-12-18,2026-01-02,hecho,15,0,S26
DES-64,Energia,ENE-DES,Datos,tarea,DES-10,2,2025-06-02,2026-01-02,2026-01-15,hecho,13,0,S27
DES-65,Energia,ENE-DES,Datos,historia,DES-10,3,2025-06-02,2026-01-09,2026-01-20,hecho,11,0,S28
DES-66,Energia,ENE-DES,Datos,tarea,DES-10,2,2025-06-02,2026-01-14,2026-01-21,hecho,7,0,S28
DES-67,Energia,ENE-DES,Datos,historia,DES-10,3,2025-06-02,2026-01-16,2026-01-20,hecho,4,0,S28
DES-68,Energia,ENE-DES,Datos,historia,DES-11,3,2025-06-02,2026-01-21,2026-01-27,hecho,6,0,S28
DES-69,Energia,ENE-DES,Datos,bug,DES-11,1,2025-06-02,2026-01-23,2026-01-28,hecho,5,0,S28
DES-70,Energia,ENE-DES,Datos,historia,DES-11,2,2025-06-02,2026-01-27,2026-01-30,hecho,3,0,S28
DES-71,Energia,ENE-DES,Datos,historia,DES-11,5,2025-06-02,2026-01-30,2026-02-17,hecho,18,0,S30
DES-72,Energia,ENE-DES,Datos,bug,DES-11,2,2025-06-02,2026-02-09,2026-02-16,hecho,7,0,S30
DES-73,Energia,ENE-DES,Datos,historia,DES-12,2,2025-06-02,2026-02-09,2026-02-18,hecho,9,0,S30
DES-74,Energia,ENE-DES,Datos,bug,DES-12,1,2025-06-02,2026-02-12,2026-02-18,hecho,6,0,S30
DES-75,Energia,ENE-DES,Datos,tarea,DES-12,2,2025-06-02,2026-02-16,2026-02-24,hecho,8,0,S30
DES-76,Energia,ENE-DES,Datos,tarea,DES-12,2,2025-06-02,2026-02-16,2026-02-20,hecho,4,0,S30
DES-77,Energia,ENE-DES,Datos,historia,DES-12,3,2025-06-02,2026-02-18,2026-02-25,hecho,7,0,S30
DES-78,Energia,ENE-DES,Datos,historia,DES-12,3,2025-06-02,2026-02-23,2026-03-04,hecho,9,0,S31
DES-79,Energia,ENE-DES,Datos,historia,DES-12,2,2025-06-02,2026-02-25,2026-03-04,hecho,7,0,S31
DES-80,Energia,ENE-DES,Datos,bug,DES-12,1,2025-06-02,2026-02-27,2026-03-11,hecho,12,0,S31
DES-81,Energia,ENE-DES,Datos,tarea,DES-13,1,2025-06-02,2026-03-02,2026-03-06,hecho,4,0,S31
DES-82,Energia,ENE-DES,Datos,bug,DES-13,2,2025-06-02,2026-03-03,2026-03-12,hecho,9,0,S31
DES-83,Energia,ENE-DES,Datos,bug,DES-13,1,2025-06-02,2026-03-04,2026-03-09,hecho,5,0,S31
DES-84,Energia,ENE-DES,Datos,tarea,DES-13,2,2025-06-02,2026-03-05,2026-03-11,hecho,6,0,S31
DES-85,Energia,ENE-DES,Datos,historia,DES-13,8,2025-06-02,2026-03-10,2026-04-17,hecho,38,0,S34
DES-86,Energia,ENE-DES,Datos,historia,DES-13,2,2025-06-02,2026-03-18,2026-03-26,hecho,8,0,S32
DES-87,Energia,ENE-DES,Datos,tarea,DES-13,3,2025-06-02,2026-03-24,2026-04-07,hecho,14,0,S33
DES-88,Energia,ENE-DES,Datos,historia,DES-14,2,2025-06-02,2026-03-25,2026-04-01,hecho,7,0,S33
DES-89,Energia,ENE-DES,Datos,historia,DES-14,3,2025-06-02,2026-03-27,2026-04-02,hecho,6,0,S33
DES-90,Energia,ENE-DES,Datos,historia,DES-15,2,2025-06-02,2026-04-02,2026-04-06,hecho,4,0,S33
DES-91,Energia,ENE-DES,Datos,historia,DES-15,2,2025-06-02,2026-04-06,2026-04-09,hecho,3,0,S33
DES-92,Energia,ENE-DES,Datos,bug,DES-15,2,2025-06-02,2026-04-09,2026-05-01,hecho,22,80,S35
DES-93,Energia,ENE-DES,Datos,historia,DES-15,2,2025-06-02,2026-04-13,2026-04-17,hecho,4,0,S34
DES-94,Energia,ENE-DES,Datos,tarea,DES-15,3,2025-06-02,2026-04-13,2026-04-28,hecho,15,0,S35
DES-95,Energia,ENE-DES,Datos,bug,DES-15,1,2025-06-02,2026-04-16,2026-04-21,hecho,5,0,S34
DES-96,Energia,ENE-DES,Datos,tarea,DES-15,1,2025-06-02,2026-04-16,2026-04-23,hecho,7,0,S34
DES-97,Energia,ENE-DES,Datos,historia,DES-15,3,2025-06-02,2026-04-21,2026-04-29,hecho,8,0,S35
DES-98,Energia,ENE-DES,Datos,historia,DES-15,3,2025-06-02,2026-04-21,2026-05-04,hecho,13,0,S35
DES-99,Energia,ENE-DES,Datos,historia,DES-16,5,2025-06-02,2026-04-29,2026-05-26,hecho,27,0,S37
DES-100,Energia,ENE-DES,Datos,historia,DES-16,5,2025-06-02,2026-04-30,2026-05-18,hecho,18,0,S36
DES-101,Energia,ENE-DES,Datos,tarea,DES-16,1,2025-06-02,2026-05-06,2026-05-11,hecho,5,0,S36
DES-102,Energia,ENE-DES,Datos,historia,DES-16,3,2025-06-02,2026-05-12,2026-06-23,hecho,42,216,S39
DES-103,Energia,ENE-DES,Datos,tarea,DES-16,2,2025-06-02,2026-05-14,2026-05-21,hecho,7,0,S36
DES-104,Energia,ENE-DES,Datos,historia,DES-16,2,2025-06-02,2026-05-15,2026-05-25,hecho,10,0,S37
DES-105,Energia,ENE-DES,Datos,historia,DES-17,5,2025-06-02,2026-05-18,2026-06-18,hecho,31,0,S38
DES-106,Energia,ENE-DES,Datos,tarea,DES-17,2,2025-06-02,2026-05-20,2026-06-01,hecho,12,0,S37
DES-107,Energia,ENE-DES,Datos,historia,DES-17,5,2025-06-02,2026-05-22,2026-06-09,hecho,18,0,S38
DES-108,Energia,ENE-DES,Datos,historia,DES-17,5,2025-06-02,2026-05-29,2026-06-12,hecho,14,0,S38
DES-109,Energia,ENE-DES,Datos,historia,DES-17,3,2025-06-02,2026-05-29,2026-07-01,hecho,33,144,S39
DES-110,Energia,ENE-DES,Datos,historia,DES-17,3,2025-06-02,2026-06-01,2026-06-16,hecho,15,0,S38
DES-111,Energia,ENE-DES,Datos,bug,DES-18,1,2025-06-02,2026-06-05,2026-06-12,hecho,7,0,S38
DES-112,Energia,ENE-DES,Datos,historia,DES-18,3,2025-06-02,2026-06-15,2026-06-18,hecho,3,0,S38
DES-113,Energia,ENE-DES,Datos,historia,DES-18,3,2025-06-02,2026-06-18,2026-07-02,hecho,14,0,S39
DES-114,Energia,ENE-DES,Datos,tarea,DES-18,1,2025-06-02,2026-06-29,2026-07-03,hecho,4,0,S39
DES-115,Energia,ENE-DES,Datos,bug,DES-18,1,2025-06-02,2026-06-30,2026-07-13,hecho,13,0,S40
DES-116,Energia,ENE-DES,Datos,historia,DES-18,2,2025-06-02,2026-07-01,2026-07-20,hecho,19,0,S41
DES-117,Energia,ENE-DES,Datos,tarea,DES-18,1,2025-06-02,2026-07-02,2026-07-08,hecho,6,0,S40
DES-118,Energia,ENE-DES,Datos,historia,DES-19,3,2025-06-02,2026-07-07,2026-07-15,hecho,8,0,S40
DES-119,Energia,ENE-DES,Datos,historia,DES-19,5,2025-06-02,2026-07-09,2026-08-19,hecho,41,168,S43
DES-120,Energia,ENE-DES,Datos,bug,DES-19,1,2025-06-02,2026-07-10,2026-08-19,hecho,40,192,S43
DES-121,Energia,ENE-DES,Datos,tarea,DES-19,2,2025-06-02,2026-07-15,2026-07-21,hecho,6,0,S41
DES-122,Energia,ENE-DES,Datos,historia,DES-19,5,2025-06-02,2026-07-15,2026-07-24,hecho,9,0,S41
DES-123,Energia,ENE-DES,Datos,historia,DES-19,3,2025-06-02,2026-07-16,2026-08-04,hecho,19,0,S42
DES-124,Energia,ENE-DES,Datos,historia,DES-19,3,2025-06-02,2026-07-16,2026-08-24,hecho,39,160,S43
DES-125,Energia,ENE-DES,Datos,historia,DES-19,5,2025-06-02,2026-07-22,2026-08-04,hecho,13,0,S42
DES-126,Energia,ENE-DES,Datos,historia,DES-20,3,2025-06-02,2026-07-23,2026-07-31,hecho,8,0,S41
DES-127,Energia,ENE-DES,Datos,historia,DES-20,2,2025-06-02,2026-07-29,2026-08-05,hecho,7,0,S42
DES-128,Energia,ENE-DES,Datos,bug,DES-20,2,2025-06-02,2026-07-31,2026-08-07,hecho,7,0,S42
DES-129,Energia,ENE-DES,Datos,historia,DES-20,5,2025-06-02,2026-08-04,2026-08-26,hecho,22,0,S43
DES-130,Energia,ENE-DES,Datos,historia,DES-20,5,2025-06-02,2026-08-04,2026-09-03,hecho,30,0,S44
DES-131,Energia,ENE-DES,Datos,historia,DES-21,2,2025-06-02,2026-08-06,2026-08-13,hecho,7,0,S42
DES-132,Energia,ENE-DES,Datos,historia,DES-21,5,2025-06-02,2026-08-06,2026-08-19,hecho,13,0,S43
DES-133,Energia,ENE-DES,Datos,historia,DES-22,2,2025-06-02,2026-08-07,2026-08-14,hecho,7,0,S42
DES-134,Energia,ENE-DES,Datos,tarea,DES-22,1,2025-06-02,2026-08-11,2026-08-17,hecho,6,0,S43
DES-135,Energia,ENE-DES,Datos,tarea,DES-23,1,2025-06-02,2026-08-18,2026-08-21,hecho,3,0,S43
DES-136,Energia,ENE-DES,Datos,historia,DES-23,2,2025-06-02,2026-08-19,2026-08-21,hecho,2,0,S43
DES-137,Energia,ENE-DES,Datos,historia,DES-23,3,2025-06-02,2026-08-21,2026-08-31,hecho,10,0,S44
DES-138,Energia,ENE-DES,Datos,historia,DES-23,3,2025-06-02,2026-08-21,2026-08-31,hecho,10,0,S44
DES-139,Energia,ENE-DES,Datos,historia,DES-23,2,2025-06-02,2026-08-24,2026-08-31,hecho,7,0,S44
DES-140,Energia,ENE-DES,Datos,tarea,DES-23,1,2025-06-02,2026-08-25,2026-08-26,hecho,1,0,S43
DES-141,Energia,ENE-DES,Datos,historia,DES-24,5,2025-06-02,2026-08-26,,en_curso,,176,S46
DES-142,Energia,ENE-DES,Datos,historia,DES-24,3,2025-06-02,2026-08-27,,en_curso,,176,S46
DES-143,Energia,ENE-DES,Datos,tarea,DES-24,3,2025-06-02,2026-08-31,2026-09-16,hecho,16,0,S45
DES-144,Energia,ENE-DES,Datos,tarea,DES-24,2,2025-06-02,2026-08-31,2026-09-07,hecho,7,0,S44
DES-145,Energia,ENE-DES,Integraciones,bug,DES-1,2,2025-06-02,2025-06-02,2025-06-09,hecho,7,0,S12
DES-146,Energia,ENE-DES,Integraciones,historia,DES-1,2,2025-06-02,2025-06-04,2025-06-12,hecho,8,0,S12
DES-147,Energia,ENE-DES,Integraciones,historia,DES-1,3,2025-06-02,2025-06-17,2025-06-20,hecho,3,0,S12
DES-148,Energia,ENE-DES,Integraciones,tarea,DES-1,1,2025-06-02,2025-06-19,2025-06-23,hecho,4,0,S13
DES-149,Energia,ENE-DES,Integraciones,historia,DES-1,3,2025-06-02,2025-06-20,2025-07-10,hecho,20,0,S14
DES-150,Energia,ENE-DES,Integraciones,historia,DES-1,5,2025-06-02,2025-06-23,2025-07-09,hecho,16,0,S14
DES-151,Energia,ENE-DES,Integraciones,bug,DES-2,2,2025-06-02,2025-07-04,2025-07-15,hecho,11,0,S14
DES-152,Energia,ENE-DES,Integraciones,historia,DES-2,5,2025-06-02,2025-07-07,2025-07-17,hecho,10,0,S14
DES-153,Energia,ENE-DES,Integraciones,historia,DES-2,3,2025-06-02,2025-07-15,2025-07-25,hecho,10,0,S15
DES-154,Energia,ENE-DES,Integraciones,historia,DES-2,5,2025-06-02,2025-07-17,2025-08-07,hecho,21,0,S16
DES-155,Energia,ENE-DES,Integraciones,historia,DES-3,2,2025-06-02,2025-07-18,2025-07-25,hecho,7,0,S15
DES-156,Energia,ENE-DES,Integraciones,tarea,DES-3,2,2025-06-02,2025-07-22,2025-07-31,hecho,9,0,S15
DES-157,Energia,ENE-DES,Integraciones,tarea,DES-3,2,2025-06-02,2025-07-25,2025-08-01,hecho,7,0,S15
DES-158,Energia,ENE-DES,Integraciones,bug,DES-4,2,2025-06-02,2025-07-30,2025-08-14,hecho,15,0,S16
DES-159,Energia,ENE-DES,Integraciones,historia,DES-4,2,2025-06-02,2025-07-31,2025-08-07,hecho,7,0,S16
DES-160,Energia,ENE-DES,Integraciones,bug,DES-4,2,2025-06-02,2025-08-06,2025-08-12,hecho,6,0,S16
DES-161,Energia,ENE-DES,Integraciones,historia,DES-4,5,2025-06-02,2025-08-12,2025-08-26,hecho,14,0,S17
DES-162,Energia,ENE-DES,Integraciones,historia,DES-4,2,2025-06-02,2025-08-12,2025-08-22,hecho,10,0,S17
DES-163,Energia,ENE-DES,Integraciones,historia,DES-5,5,2025-06-02,2025-08-14,2025-09-04,hecho,21,0,S18
DES-164,Energia,ENE-DES,Integraciones,tarea,DES-5,2,2025-06-02,2025-08-19,2025-08-22,hecho,3,0,S17
DES-165,Energia,ENE-DES,Integraciones,bug,DES-5,2,2025-06-02,2025-08-22,2025-08-27,hecho,5,0,S17
DES-166,Energia,ENE-DES,Integraciones,tarea,DES-5,2,2025-06-02,2025-08-27,2025-09-03,hecho,7,0,S18
DES-167,Energia,ENE-DES,Integraciones,historia,DES-5,3,2025-06-02,2025-09-02,2025-09-11,hecho,9,0,S18
DES-168,Energia,ENE-DES,Integraciones,bug,DES-6,1,2025-06-02,2025-09-02,2025-09-03,hecho,1,0,S18
DES-169,Energia,ENE-DES,Integraciones,historia,DES-6,5,2025-06-02,2025-09-08,2025-09-19,hecho,11,0,S19
DES-170,Energia,ENE-DES,Integraciones,tarea,DES-6,2,2025-06-02,2025-09-09,2025-09-15,hecho,6,0,S19
DES-171,Energia,ENE-DES,Integraciones,bug,DES-6,2,2025-06-02,2025-09-10,2025-09-16,hecho,6,0,S19
DES-172,Energia,ENE-DES,Integraciones,historia,DES-7,5,2025-06-02,2025-09-15,2025-09-25,hecho,10,0,S19
DES-173,Energia,ENE-DES,Integraciones,historia,DES-7,3,2025-06-02,2025-09-17,2025-10-03,hecho,16,0,S20
DES-174,Energia,ENE-DES,Integraciones,tarea,DES-7,3,2025-06-02,2025-09-23,2025-10-02,hecho,9,0,S20
DES-175,Energia,ENE-DES,Integraciones,historia,DES-7,3,2025-06-02,2025-09-26,2025-10-02,hecho,6,0,S20
DES-176,Energia,ENE-DES,Integraciones,tarea,DES-7,2,2025-06-02,2025-09-30,2025-10-20,hecho,20,64,S21
DES-177,Energia,ENE-DES,Integraciones,historia,DES-8,3,2025-06-02,2025-10-01,2025-10-09,hecho,8,0,S20
DES-178,Energia,ENE-DES,Integraciones,historia,DES-8,5,2025-06-02,2025-10-02,2025-10-14,hecho,12,0,S21
DES-179,Energia,ENE-DES,Integraciones,historia,DES-8,2,2025-06-02,2025-10-10,2025-10-20,hecho,10,0,S21
DES-180,Energia,ENE-DES,Integraciones,tarea,DES-8,3,2025-06-02,2025-10-13,2025-10-24,hecho,11,0,S21
DES-181,Energia,ENE-DES,Integraciones,historia,DES-8,3,2025-06-02,2025-10-13,2025-10-22,hecho,9,0,S21
DES-182,Energia,ENE-DES,Integraciones,historia,DES-8,5,2025-06-02,2025-10-21,2025-11-17,hecho,27,0,S23
DES-183,Energia,ENE-DES,Integraciones,bug,DES-9,2,2025-06-02,2025-10-22,2025-10-30,hecho,8,0,S22
DES-184,Energia,ENE-DES,Integraciones,historia,DES-10,3,2025-06-02,2025-10-23,2025-11-14,hecho,22,0,S23
DES-185,Energia,ENE-DES,Integraciones,tarea,DES-10,1,2025-06-02,2025-10-28,2025-12-12,hecho,45,240,S25
DES-186,Energia,ENE-DES,Integraciones,bug,DES-10,1,2025-06-02,2025-11-07,2025-11-12,hecho,5,0,S23
DES-187,Energia,ENE-DES,Integraciones,historia,DES-11,2,2025-06-02,2025-11-11,2025-11-17,hecho,6,0,S23
DES-188,Energia,ENE-DES,Integraciones,historia,DES-11,2,2025-06-02,2025-11-14,2025-11-24,hecho,10,0,S24
DES-189,Energia,ENE-DES,Integraciones,historia,DES-11,8,2025-06-02,2025-12-01,2025-12-18,hecho,17,0,S25
DES-190,Energia,ENE-DES,Integraciones,tarea,DES-11,2,2025-06-02,2025-12-11,2025-12-18,hecho,7,0,S25
DES-191,Energia,ENE-DES,Integraciones,historia,DES-11,3,2025-06-02,2025-12-12,2025-12-23,hecho,11,0,S26
DES-192,Energia,ENE-DES,Integraciones,historia,DES-11,3,2025-06-02,2025-12-17,2026-01-27,hecho,41,184,S28
DES-193,Energia,ENE-DES,Integraciones,historia,DES-11,3,2025-06-02,2025-12-26,2026-01-05,hecho,10,0,S27
DES-194,Energia,ENE-DES,Integraciones,historia,DES-11,3,2025-06-02,2026-01-02,2026-01-15,hecho,13,0,S27
DES-195,Energia,ENE-DES,Integraciones,historia,DES-11,3,2025-06-02,2026-01-06,2026-01-16,hecho,10,0,S27
DES-196,Energia,ENE-DES,Integraciones,bug,DES-12,1,2025-06-02,2026-01-16,2026-01-23,hecho,7,0,S28
DES-197,Energia,ENE-DES,Integraciones,historia,DES-12,3,2025-06-02,2026-01-20,2026-01-27,hecho,7,0,S28
DES-198,Energia,ENE-DES,Integraciones,historia,DES-13,3,2025-06-02,2026-01-30,2026-02-10,hecho,11,0,S29
DES-199,Energia,ENE-DES,Integraciones,historia,DES-13,5,2025-06-02,2026-02-05,2026-02-19,hecho,14,0,S30
DES-200,Energia,ENE-DES,Integraciones,historia,DES-13,2,2025-06-02,2026-02-05,2026-03-30,hecho,53,248,S33
DES-201,Energia,ENE-DES,Integraciones,historia,DES-13,3,2025-06-02,2026-02-24,2026-03-10,hecho,14,0,S31
DES-202,Energia,ENE-DES,Integraciones,historia,DES-14,5,2025-06-02,2026-02-25,2026-04-16,hecho,50,208,S34
DES-203,Energia,ENE-DES,Integraciones,historia,DES-14,3,2025-06-02,2026-03-09,2026-03-31,hecho,22,0,S33
DES-204,Energia,ENE-DES,Integraciones,historia,DES-14,5,2025-06-02,2026-03-10,2026-03-25,hecho,15,0,S32
DES-205,Energia,ENE-DES,Integraciones,historia,DES-15,3,2025-06-02,2026-03-13,2026-03-26,hecho,13,0,S32
DES-206,Energia,ENE-DES,Integraciones,tarea,DES-15,2,2025-06-02,2026-03-25,2026-04-02,hecho,8,0,S33
DES-207,Energia,ENE-DES,Integraciones,historia,DES-15,3,2025-06-02,2026-03-26,2026-04-02,hecho,7,0,S33
DES-208,Energia,ENE-DES,Integraciones,historia,DES-16,3,2025-06-02,2026-03-30,2026-04-09,hecho,10,0,S33
DES-209,Energia,ENE-DES,Integraciones,historia,DES-16,3,2025-06-02,2026-04-02,2026-04-14,hecho,12,0,S34
DES-210,Energia,ENE-DES,Integraciones,tarea,DES-16,2,2025-06-02,2026-04-02,2026-04-09,hecho,7,0,S33
DES-211,Energia,ENE-DES,Integraciones,tarea,DES-16,3,2025-06-02,2026-04-07,2026-04-29,hecho,22,0,S35
DES-212,Energia,ENE-DES,Integraciones,bug,DES-16,1,2025-06-02,2026-04-09,2026-04-14,hecho,5,0,S34
DES-213,Energia,ENE-DES,Integraciones,historia,DES-17,8,2025-06-02,2026-04-10,2026-05-06,hecho,26,0,S35
DES-214,Energia,ENE-DES,Integraciones,historia,DES-17,8,2025-06-02,2026-04-13,2026-05-06,hecho,23,0,S35
DES-215,Energia,ENE-DES,Integraciones,historia,DES-17,5,2025-06-02,2026-04-14,2026-04-30,hecho,16,0,S35
DES-216,Energia,ENE-DES,Integraciones,tarea,DES-17,2,2025-06-02,2026-05-04,2026-05-06,hecho,2,0,S35
DES-217,Energia,ENE-DES,Integraciones,historia,DES-18,2,2025-06-02,2026-05-06,2026-06-04,hecho,29,128,S37
DES-218,Energia,ENE-DES,Integraciones,historia,DES-18,8,2025-06-02,2026-05-07,2026-06-24,hecho,48,0,S39
DES-219,Energia,ENE-DES,Integraciones,historia,DES-18,2,2025-06-02,2026-05-22,2026-06-03,hecho,12,0,S37
DES-220,Energia,ENE-DES,Integraciones,historia,DES-18,2,2025-06-02,2026-06-10,2026-08-07,hecho,58,288,S42
DES-221,Energia,ENE-DES,Integraciones,historia,DES-18,2,2025-06-02,2026-06-12,2026-06-18,hecho,6,0,S38
DES-222,Energia,ENE-DES,Integraciones,historia,DES-19,2,2025-06-02,2026-06-25,2026-08-14,hecho,50,256,S42
DES-223,Energia,ENE-DES,Integraciones,tarea,DES-19,1,2025-06-02,2026-06-25,2026-06-29,hecho,4,0,S39
DES-224,Energia,ENE-DES,Integraciones,historia,DES-20,5,2025-06-02,2026-06-29,2026-07-08,hecho,9,0,S40
DES-225,Energia,ENE-DES,Integraciones,tarea,DES-20,1,2025-06-02,2026-07-02,2026-07-06,hecho,4,0,S40
DES-226,Energia,ENE-DES,Integraciones,historia,DES-20,5,2025-06-02,2026-07-06,2026-08-03,hecho,28,0,S42
DES-227,Energia,ENE-DES,Integraciones,historia,DES-20,2,2025-06-02,2026-07-08,2026-07-13,hecho,5,0,S40
DES-228,Energia,ENE-DES,Integraciones,historia,DES-20,5,2025-06-02,2026-07-13,2026-07-24,hecho,11,0,S41
DES-229,Energia,ENE-DES,Integraciones,historia,DES-20,3,2025-06-02,2026-07-17,2026-07-31,hecho,14,0,S41
DES-230,Energia,ENE-DES,Integraciones,historia,DES-21,2,2025-06-02,2026-07-23,2026-07-29,hecho,6,0,S41
DES-231,Energia,ENE-DES,Integraciones,tarea,DES-21,3,2025-06-02,2026-07-30,2026-08-07,hecho,8,0,S42
DES-232,Energia,ENE-DES,Integraciones,historia,DES-21,3,2025-06-02,2026-08-13,2026-08-27,hecho,14,0,S43
DES-233,Energia,ENE-DES,Integraciones,bug,DES-21,1,2025-06-02,2026-08-18,2026-08-25,hecho,7,0,S43
DES-234,Energia,ENE-DES,Integraciones,bug,DES-21,1,2025-06-02,2026-08-25,2026-08-28,hecho,3,0,S43
DES-235,Energia,ENE-DES,Integraciones,tarea,DES-22,3,2025-06-02,2026-08-27,2026-09-07,hecho,11,0,S44
DES-236,Energia,ENE-DES,Integraciones,bug,DES-22,2,2025-06-02,2026-08-27,2026-09-23,hecho,27,128,S45
DES-237,Energia,ENE-DES,Integraciones,bug,DES-22,1,2025-06-02,2026-08-28,2026-09-01,hecho,4,0,S44
DES-238,Energia,ENE-DES,Integraciones,tarea,DES-22,3,2025-06-02,2026-08-31,2026-09-07,hecho,7,0,S44
DES-239,Energia,ENE-DES,Integraciones,tarea,DES-22,3,2025-06-02,2026-09-01,2026-09-10,hecho,9,0,S44
DES-240,Energia,ENE-DES,Integraciones,historia,DES-22,3,2025-06-02,2026-09-07,2026-09-14,hecho,7,0,S45
DES-241,Energia,ENE-DES,Integraciones,historia,DES-23,3,2025-06-02,2026-09-10,2026-09-24,hecho,14,0,S45
DES-242,Energia,ENE-DES,Integraciones,historia,DES-23,5,2025-06-02,2026-09-10,2026-09-22,hecho,12,0,S45
DES-243,Energia,ENE-DES,Integraciones,historia,DES-23,3,2025-06-02,,,por_hacer,,0,
DES-244,Energia,ENE-DES,Integraciones,tarea,DES-23,2,2025-06-02,,,por_hacer,,0,
DES-245,Energia,ENE-DES,Integraciones,bug,DES-23,1,2025-06-02,,,por_hacer,,0,
DES-246,Energia,ENE-DES,Integraciones,historia,DES-23,8,2025-06-02,,,por_hacer,,0,
DES-247,Energia,ENE-DES,Integraciones,tarea,DES-24,1,2025-06-02,,,por_hacer,,0,
DES-248,Energia,ENE-DES,Integraciones,historia,DES-24,8,2025-06-02,,,por_hacer,,0,
DES-249,Energia,ENE-DES,Plataforma,historia,DES-1,5,2025-06-02,2025-06-02,2025-06-24,hecho,22,0,S13
DES-250,Energia,ENE-DES,Plataforma,historia,DES-1,3,2025-06-02,2025-06-16,2025-06-20,hecho,4,0,S12
DES-251,Energia,ENE-DES,Plataforma,bug,DES-1,2,2025-06-02,2025-07-10,2025-07-15,hecho,5,0,S14
DES-252,Energia,ENE-DES,Plataforma,historia,DES-2,3,2025-06-02,2025-07-14,2025-07-23,hecho,9,0,S15
DES-253,Energia,ENE-DES,Plataforma,tarea,DES-2,2,2025-06-02,2025-07-15,2025-07-23,hecho,8,0,S15
DES-254,Energia,ENE-DES,Plataforma,bug,DES-3,2,2025-06-02,2025-07-22,2025-07-31,hecho,9,0,S15
DES-255,Energia,ENE-DES,Plataforma,bug,DES-4,1,2025-06-02,2025-08-07,2025-08-11,hecho,4,0,S16
DES-256,Energia,ENE-DES,Plataforma,bug,DES-4,1,2025-06-02,2025-08-15,2025-08-20,hecho,5,0,S17
DES-257,Energia,ENE-DES,Plataforma,historia,DES-5,5,2025-06-02,2025-08-21,2025-09-09,hecho,19,0,S18
DES-258,Energia,ENE-DES,Plataforma,historia,DES-5,2,2025-06-02,2025-08-28,2025-09-08,hecho,11,0,S18
DES-259,Energia,ENE-DES,Plataforma,historia,DES-5,8,2025-06-02,2025-09-01,2025-09-30,hecho,29,0,S20
DES-260,Energia,ENE-DES,Plataforma,tarea,DES-5,3,2025-06-02,2025-09-05,2025-09-15,hecho,10,0,S19
DES-261,Energia,ENE-DES,Plataforma,tarea,DES-5,3,2025-06-02,2025-09-11,2025-09-22,hecho,11,0,S19
DES-262,Energia,ENE-DES,Plataforma,historia,DES-6,5,2025-06-02,2025-09-12,2025-09-25,hecho,13,0,S19
DES-263,Energia,ENE-DES,Plataforma,historia,DES-6,5,2025-06-02,2025-09-24,2025-10-10,hecho,16,0,S20
DES-264,Energia,ENE-DES,Plataforma,historia,DES-6,8,2025-06-02,2025-09-30,2025-10-23,hecho,23,0,S21
DES-265,Energia,ENE-DES,Plataforma,bug,DES-6,1,2025-06-02,2025-10-10,2025-10-16,hecho,6,0,S21
DES-266,Energia,ENE-DES,Plataforma,tarea,DES-6,2,2025-06-02,2025-10-14,2025-10-30,hecho,16,0,S22
DES-267,Energia,ENE-DES,Plataforma,historia,DES-6,5,2025-06-02,2025-10-16,2025-10-27,hecho,11,0,S22
DES-268,Energia,ENE-DES,Plataforma,bug,DES-7,2,2025-06-02,2025-10-22,2025-10-30,hecho,8,0,S22
DES-269,Energia,ENE-DES,Plataforma,historia,DES-8,5,2025-06-02,2025-10-31,2025-11-18,hecho,18,0,S23
DES-270,Energia,ENE-DES,Plataforma,historia,DES-8,3,2025-06-02,2025-11-04,2025-11-12,hecho,8,0,S23
DES-271,Energia,ENE-DES,Plataforma,historia,DES-8,5,2025-06-02,2025-11-17,2025-11-27,hecho,10,0,S24
DES-272,Energia,ENE-DES,Plataforma,bug,DES-8,1,2025-06-02,2025-11-24,2025-11-27,hecho,3,0,S24
DES-273,Energia,ENE-DES,Plataforma,historia,DES-9,3,2025-06-02,2025-12-04,2025-12-09,hecho,5,0,S25
DES-274,Energia,ENE-DES,Plataforma,historia,DES-9,3,2025-06-02,2025-12-15,2025-12-26,hecho,11,0,S26
DES-275,Energia,ENE-DES,Plataforma,historia,DES-9,2,2025-06-02,2025-12-24,2025-12-30,hecho,6,0,S26
DES-276,Energia,ENE-DES,Plataforma,historia,DES-10,8,2025-06-02,2025-12-24,2026-01-19,hecho,26,0,S28
DES-277,Energia,ENE-DES,Plataforma,bug,DES-10,1,2025-06-02,2025-12-24,2026-01-01,hecho,8,0,S26
DES-278,Energia,ENE-DES,Plataforma,bug,DES-11,2,2025-06-02,2025-12-29,2026-01-06,hecho,8,0,S27
DES-279,Energia,ENE-DES,Plataforma,historia,DES-11,3,2025-06-02,2025-12-30,2026-01-09,hecho,10,0,S27
DES-280,Energia,ENE-DES,Plataforma,historia,DES-11,2,2025-06-02,2026-01-02,2026-01-15,hecho,13,0,S27
DES-281,Energia,ENE-DES,Plataforma,historia,DES-11,3,2025-06-02,2026-02-11,2026-02-18,hecho,7,0,S30
DES-282,Energia,ENE-DES,Plataforma,historia,DES-11,3,2025-06-02,2026-02-13,2026-02-20,hecho,7,0,S30
DES-283,Energia,ENE-DES,Plataforma,historia,DES-11,5,2025-06-02,2026-02-26,2026-03-10,hecho,12,0,S31
DES-284,Energia,ENE-DES,Plataforma,tarea,DES-11,2,2025-06-02,2026-03-03,2026-03-11,hecho,8,0,S31
DES-285,Energia,ENE-DES,Plataforma,tarea,DES-12,3,2025-06-02,2026-03-04,2026-03-16,hecho,12,0,S32
DES-286,Energia,ENE-DES,Plataforma,historia,DES-12,5,2025-06-02,2026-03-09,2026-03-20,hecho,11,0,S32
DES-287,Energia,ENE-DES,Plataforma,bug,DES-12,2,2025-06-02,2026-03-09,2026-03-13,hecho,4,0,S31
DES-288,Energia,ENE-DES,Plataforma,tarea,DES-13,3,2025-06-02,2026-03-12,2026-03-23,hecho,11,0,S32
DES-289,Energia,ENE-DES,Plataforma,historia,DES-13,2,2025-06-02,2026-03-12,2026-03-18,hecho,6,0,S32
DES-290,Energia,ENE-DES,Plataforma,historia,DES-13,5,2025-06-02,2026-03-19,2026-04-01,hecho,13,0,S33
DES-291,Energia,ENE-DES,Plataforma,historia,DES-13,3,2025-06-02,2026-03-30,2026-04-03,hecho,4,0,S33
DES-292,Energia,ENE-DES,Plataforma,historia,DES-13,3,2025-06-02,2026-04-02,2026-04-15,hecho,13,0,S34
DES-293,Energia,ENE-DES,Plataforma,historia,DES-14,2,2025-06-02,2026-04-10,2026-04-16,hecho,6,0,S34
DES-294,Energia,ENE-DES,Plataforma,tarea,DES-14,3,2025-06-02,2026-04-28,2026-05-05,hecho,7,0,S35
DES-295,Energia,ENE-DES,Plataforma,historia,DES-14,5,2025-06-02,2026-05-15,2026-05-26,hecho,11,0,S37
DES-296,Energia,ENE-DES,Plataforma,historia,DES-14,3,2025-06-02,2026-05-18,2026-05-26,hecho,8,0,S37
DES-297,Energia,ENE-DES,Plataforma,historia,DES-15,5,2025-06-02,2026-06-02,2026-06-11,hecho,9,0,S38
DES-298,Energia,ENE-DES,Plataforma,historia,DES-15,3,2025-06-02,2026-06-05,2026-06-16,hecho,11,0,S38
DES-299,Energia,ENE-DES,Plataforma,historia,DES-15,5,2025-06-02,2026-06-09,2026-06-25,hecho,16,0,S39
DES-300,Energia,ENE-DES,Plataforma,historia,DES-16,2,2025-06-02,2026-06-15,2026-06-22,hecho,7,0,S39
DES-301,Energia,ENE-DES,Plataforma,tarea,DES-16,1,2025-06-02,2026-06-23,2026-06-29,hecho,6,0,S39
DES-302,Energia,ENE-DES,Plataforma,historia,DES-16,5,2025-06-02,2026-07-01,2026-07-13,hecho,12,0,S40
DES-303,Energia,ENE-DES,Plataforma,historia,DES-16,3,2025-06-02,2026-07-02,2026-07-10,hecho,8,0,S40
DES-304,Energia,ENE-DES,Plataforma,historia,DES-16,5,2025-06-02,2026-07-03,2026-07-20,hecho,17,0,S41
DES-305,Energia,ENE-DES,Plataforma,tarea,DES-16,3,2025-06-02,2026-07-10,2026-07-20,hecho,10,0,S41
DES-306,Energia,ENE-DES,Plataforma,historia,DES-17,3,2025-06-02,2026-07-16,2026-07-24,hecho,8,0,S41
DES-307,Energia,ENE-DES,Plataforma,bug,DES-17,1,2025-06-02,2026-07-27,2026-07-30,hecho,3,0,S41
DES-308,Energia,ENE-DES,Plataforma,historia,DES-18,2,2025-06-02,2026-07-30,2026-08-10,hecho,11,0,S42
DES-309,Energia,ENE-DES,Plataforma,bug,DES-18,2,2025-06-02,2026-07-30,2026-08-05,hecho,6,0,S42
DES-310,Energia,ENE-DES,Plataforma,historia,DES-18,5,2025-06-02,2026-08-04,2026-08-18,hecho,14,0,S43
DES-311,Energia,ENE-DES,Plataforma,tarea,DES-18,3,2025-06-02,2026-08-05,2026-08-18,hecho,13,0,S43
DES-312,Energia,ENE-DES,Plataforma,historia,DES-18,2,2025-06-02,2026-08-07,2026-08-14,hecho,7,0,S42
DES-313,Energia,ENE-DES,Plataforma,historia,DES-19,2,2025-06-02,2026-08-18,2026-08-25,hecho,7,0,S43
DES-314,Energia,ENE-DES,Plataforma,tarea,DES-19,2,2025-06-02,2026-08-20,2026-08-27,hecho,7,0,S43
DES-315,Energia,ENE-DES,Plataforma,bug,DES-19,1,2025-06-02,2026-08-21,2026-08-26,hecho,5,0,S43
DES-316,Energia,ENE-DES,Plataforma,historia,DES-19,5,2025-06-02,2026-08-25,2026-09-08,hecho,14,0,S44
DES-317,Energia,ENE-DES,Plataforma,tarea,DES-20,3,2025-06-02,2026-08-27,2026-09-02,hecho,6,0,S44
DES-318,Energia,ENE-DES,Plataforma,tarea,DES-20,2,2025-06-02,2026-09-01,2026-09-09,hecho,8,0,S44
DES-319,Energia,ENE-DES,Plataforma,tarea,DES-21,1,2025-06-02,2026-09-04,2026-09-09,hecho,5,0,S44
DES-320,Energia,ENE-DES,Plataforma,bug,DES-21,1,2025-06-02,2026-09-09,2026-09-17,hecho,8,0,S45
DES-321,Energia,ENE-DES,Plataforma,historia,DES-21,2,2025-06-02,2026-09-10,2026-09-17,hecho,7,0,S45
DES-322,Energia,ENE-DES,Plataforma,historia,DES-21,3,2025-06-02,2026-09-14,2026-09-24,hecho,10,0,S45
DES-323,Energia,ENE-DES,Plataforma,tarea,DES-23,2,2025-06-02,2026-09-16,2026-09-25,hecho,9,0,S45
DES-324,Energia,ENE-DES,Plataforma,bug,DES-24,2,2025-06-02,2026-09-18,2026-09-28,hecho,10,0,S46
DES-325,Energia,ENE-DES,Plataforma,historia,DES-24,2,2025-06-02,2026-09-24,2026-09-29,hecho,5,0,S46
DES-326,Energia,ENE-DES,Plataforma,tarea,DES-24,2,2025-06-02,2026-09-28,,en_curso,,0,S46
DES-327,Energia,ENE-DES,Plataforma,historia,DES-24,2,2025-06-02,2026-09-28,,en_curso,,0,S46
DES-328,Energia,ENE-DES,Plataforma,historia,DES-24,2,2025-06-02,,,por_hacer,,0,
DES-329,Energia,ENE-DES,Plataforma,historia,DES-24,2,2025-06-02,,,por_hacer,,0,
DES-330,Energia,ENE-DES,Producto,tarea,DES-1,1,2025-06-02,2025-06-03,2025-06-26,hecho,23,120,S13
DES-331,Energia,ENE-DES,Producto,historia,DES-1,2,2025-06-02,2025-06-04,2025-06-11,hecho,7,0,S12
DES-332,Energia,ENE-DES,Producto,bug,DES-1,2,2025-06-02,2025-06-04,2025-06-10,hecho,6,0,S12
DES-333,Energia,ENE-DES,Producto,tarea,DES-1,1,2025-06-02,2025-06-06,2025-06-20,hecho,14,0,S12
DES-334,Energia,ENE-DES,Producto,bug,DES-1,1,2025-06-02,2025-06-09,2025-06-16,hecho,7,0,S12
DES-335,Energia,ENE-DES,Producto,historia,DES-1,2,2025-06-02,2025-06-12,2025-06-25,hecho,13,0,S13
DES-336,Energia,ENE-DES,Producto,tarea,DES-1,1,2025-06-02,2025-06-12,2025-06-18,hecho,6,0,S12
DES-337,Energia,ENE-DES,Producto,historia,DES-2,2,2025-06-02,2025-06-12,2025-06-24,hecho,12,0,S13
DES-338,Energia,ENE-DES,Producto,historia,DES-2,5,2025-06-02,2025-06-13,2025-07-21,hecho,38,0,S15
DES-339,Energia,ENE-DES,Producto,historia,DES-2,3,2025-06-02,2025-06-16,2025-06-19,hecho,3,0,S12
DES-340,Energia,ENE-DES,Producto,historia,DES-2,5,2025-06-02,2025-06-16,2025-06-24,hecho,8,0,S13
DES-341,Energia,ENE-DES,Producto,historia,DES-2,5,2025-06-02,2025-06-18,2025-07-30,hecho,42,136,S15
DES-342,Energia,ENE-DES,Producto,historia,DES-2,2,2025-06-02,2025-06-18,2025-07-01,hecho,13,0,S13
DES-343,Energia,ENE-DES,Producto,historia,DES-2,2,2025-06-02,2025-06-19,2025-07-07,hecho,18,0,S14
DES-344,Energia,ENE-DES,Producto,historia,DES-2,5,2025-06-02,2025-06-20,2025-07-01,hecho,11,0,S13
DES-345,Energia,ENE-DES,Producto,historia,DES-2,2,2025-06-02,2025-06-24,2025-06-30,hecho,6,0,S13
DES-346,Energia,ENE-DES,Producto,historia,DES-2,2,2025-06-02,2025-06-26,2025-07-04,hecho,8,0,S13
DES-347,Energia,ENE-DES,Producto,bug,DES-2,2,2025-06-02,2025-06-26,2025-07-07,hecho,11,0,S14
DES-348,Energia,ENE-DES,Producto,historia,DES-3,2,2025-06-02,2025-06-27,2025-07-07,hecho,10,0,S14
DES-349,Energia,ENE-DES,Producto,historia,DES-3,3,2025-06-02,2025-06-27,2025-07-24,hecho,27,0,S15
DES-350,Energia,ENE-DES,Producto,bug,DES-3,2,2025-06-02,2025-07-02,2025-07-10,hecho,8,0,S14
DES-351,Energia,ENE-DES,Producto,tarea,DES-3,1,2025-06-02,2025-07-07,2025-07-10,hecho,3,0,S14
DES-352,Energia,ENE-DES,Producto,historia,DES-4,5,2025-06-02,2025-07-10,2025-07-29,hecho,19,0,S15
DES-353,Energia,ENE-DES,Producto,historia,DES-4,5,2025-06-02,2025-07-11,2025-07-28,hecho,17,0,S15
DES-354,Energia,ENE-DES,Producto,historia,DES-4,2,2025-06-02,2025-07-15,2025-07-21,hecho,6,0,S15
DES-355,Energia,ENE-DES,Producto,bug,DES-4,1,2025-06-02,2025-07-17,2025-07-24,hecho,7,0,S15
DES-356,Energia,ENE-DES,Producto,historia,DES-4,5,2025-06-02,2025-07-18,2025-08-27,hecho,40,152,S17
DES-357,Energia,ENE-DES,Producto,bug,DES-4,1,2025-06-02,2025-07-22,2025-07-30,hecho,8,0,S15
DES-358,Energia,ENE-DES,Producto,historia,DES-4,2,2025-06-02,2025-07-25,2025-08-04,hecho,10,0,S16
DES-359,Energia,ENE-DES,Producto,historia,DES-4,5,2025-06-02,2025-07-25,2025-08-11,hecho,17,0,S16
DES-360,Energia,ENE-DES,Producto,historia,DES-5,5,2025-06-02,2025-07-28,2025-08-12,hecho,15,0,S16
DES-361,Energia,ENE-DES,Producto,historia,DES-5,5,2025-06-02,2025-07-29,2025-08-13,hecho,15,0,S16
DES-362,Energia,ENE-DES,Producto,historia,DES-5,2,2025-06-02,2025-07-30,2025-08-13,hecho,14,0,S16
DES-363,Energia,ENE-DES,Producto,historia,DES-5,3,2025-06-02,2025-07-30,2025-09-09,hecho,41,160,S18
DES-364,Energia,ENE-DES,Producto,bug,DES-5,1,2025-06-02,2025-08-01,2025-08-06,hecho,5,0,S16
DES-365,Energia,ENE-DES,Producto,historia,DES-5,3,2025-06-02,2025-08-05,2025-08-11,hecho,6,0,S16
DES-366,Energia,ENE-DES,Producto,historia,DES-5,3,2025-06-02,2025-08-12,2025-08-25,hecho,13,0,S17
DES-367,Energia,ENE-DES,Producto,historia,DES-5,2,2025-06-02,2025-08-14,2025-08-20,hecho,6,0,S17
DES-368,Energia,ENE-DES,Producto,tarea,DES-6,1,2025-06-02,2025-08-19,2025-08-25,hecho,6,0,S17
DES-369,Energia,ENE-DES,Producto,historia,DES-6,2,2025-06-02,2025-08-21,2025-09-03,hecho,13,0,S18
DES-370,Energia,ENE-DES,Producto,tarea,DES-6,3,2025-06-02,2025-08-26,2025-09-08,hecho,13,0,S18
DES-371,Energia,ENE-DES,Producto,bug,DES-7,1,2025-06-02,2025-08-28,2025-09-02,hecho,5,0,S18
DES-372,Energia,ENE-DES,Producto,historia,DES-7,5,2025-06-02,2025-08-28,2025-09-09,hecho,12,0,S18
DES-373,Energia,ENE-DES,Producto,historia,DES-7,5,2025-06-02,2025-08-28,2025-09-08,hecho,11,0,S18
DES-374,Energia,ENE-DES,Producto,bug,DES-7,1,2025-06-02,2025-09-01,2025-09-08,hecho,7,0,S18
DES-375,Energia,ENE-DES,Producto,historia,DES-7,5,2025-06-02,2025-09-01,2025-09-19,hecho,18,0,S19
DES-376,Energia,ENE-DES,Producto,historia,DES-7,3,2025-06-02,2025-09-02,2025-10-28,hecho,56,168,S22
DES-377,Energia,ENE-DES,Producto,tarea,DES-8,2,2025-06-02,2025-09-09,2025-10-28,hecho,49,216,S22
DES-378,Energia,ENE-DES,Producto,bug,DES-8,2,2025-06-02,2025-09-09,2025-09-16,hecho,7,0,S19
DES-379,Energia,ENE-DES,Producto,bug,DES-8,2,2025-06-02,2025-09-11,2025-09-18,hecho,7,0,S19
DES-380,Energia,ENE-DES,Producto,historia,DES-8,5,2025-06-02,2025-09-11,2025-09-30,hecho,19,0,S20
DES-381,Energia,ENE-DES,Producto,historia,DES-8,3,2025-06-02,2025-09-11,2025-12-08,hecho,88,368,S25
DES-382,Energia,ENE-DES,Producto,tarea,DES-8,3,2025-06-02,2025-09-12,2025-10-21,hecho,39,168,S21
DES-383,Energia,ENE-DES,Producto,bug,DES-9,1,2025-06-02,2025-09-17,2025-09-18,hecho,1,0,S19
DES-384,Energia,ENE-DES,Producto,historia,DES-9,2,2025-06-02,2025-09-18,2025-10-30,hecho,42,208,S22
DES-385,Energia,ENE-DES,Producto,historia,DES-9,8,2025-06-02,2025-09-19,2025-10-20,hecho,31,0,S21
DES-386,Energia,ENE-DES,Producto,tarea,DES-9,1,2025-06-02,2025-09-22,2025-09-25,hecho,3,0,S19
DES-387,Energia,ENE-DES,Producto,historia,DES-9,8,2025-06-02,2025-09-23,2025-10-24,hecho,31,40,S21
DES-388,Energia,ENE-DES,Producto,historia,DES-9,3,2025-06-02,2025-09-24,2025-11-04,hecho,41,184,S22
DES-389,Energia,ENE-DES,Producto,historia,DES-9,2,2025-06-02,2025-09-29,2025-12-03,hecho,65,328,S24
DES-390,Energia,ENE-DES,Producto,tarea,DES-9,1,2025-06-02,2025-10-01,2025-10-06,hecho,5,0,S20
DES-391,Energia,ENE-DES,Producto,tarea,DES-10,3,2025-06-02,2025-10-02,2025-10-09,hecho,7,0,S20
DES-392,Energia,ENE-DES,Producto,historia,DES-10,2,2025-06-02,2025-10-02,2025-10-10,hecho,8,0,S20
DES-393,Energia,ENE-DES,Producto,historia,DES-10,3,2025-06-02,2025-10-03,2025-11-07,hecho,35,152,S22
DES-394,Energia,ENE-DES,Producto,historia,DES-10,2,2025-06-02,2025-10-09,2025-10-20,hecho,11,0,S21
DES-395,Energia,ENE-DES,Producto,historia,DES-10,5,2025-06-02,2025-10-09,2025-10-28,hecho,19,0,S22
DES-396,Energia,ENE-DES,Producto,tarea,DES-10,1,2025-06-02,2025-10-17,2025-10-20,hecho,3,0,S21
DES-397,Energia,ENE-DES,Producto,historia,DES-10,5,2025-06-02,2025-10-24,2025-11-11,hecho,18,0,S23
DES-398,Energia,ENE-DES,Producto,bug,DES-10,1,2025-06-02,2025-10-24,2025-11-03,hecho,10,0,S22
DES-399,Energia,ENE-DES,Producto,historia,DES-11,2,2025-06-02,2025-10-24,2025-11-07,hecho,14,0,S22
DES-400,Energia,ENE-DES,Producto,historia,DES-11,2,2025-06-02,2025-10-28,2025-11-07,hecho,10,0,S22
DES-401,Energia,ENE-DES,Producto,bug,DES-11,1,2025-06-02,2025-10-31,2025-11-05,hecho,5,0,S22
DES-402,Energia,ENE-DES,Producto,historia,DES-11,5,2025-06-02,2025-11-04,2025-11-17,hecho,13,0,S23
DES-403,Energia,ENE-DES,Producto,historia,DES-11,5,2025-06-02,2025-11-06,2025-11-19,hecho,13,0,S23
DES-404,Energia,ENE-DES,Producto,tarea,DES-11,1,2025-06-02,2025-11-13,2025-11-19,hecho,6,0,S23
DES-405,Energia,ENE-DES,Producto,historia,DES-11,5,2025-06-02,2025-11-17,2025-11-24,hecho,7,0,S24
DES-406,Energia,ENE-DES,Producto,tarea,DES-11,1,2025-06-02,2025-11-18,2025-11-21,hecho,3,0,S23
DES-407,Energia,ENE-DES,Producto,tarea,DES-11,3,2025-06-02,2025-11-20,2025-11-27,hecho,7,0,S24
DES-408,Energia,ENE-DES,Producto,bug,DES-11,1,2025-06-02,2025-11-20,2025-12-04,hecho,14,40,S24
DES-409,Energia,ENE-DES,Producto,historia,DES-12,5,2025-06-02,2025-11-21,2025-12-05,hecho,14,0,S24
DES-410,Energia,ENE-DES,Producto,historia,DES-12,3,2025-06-02,2025-12-03,2025-12-11,hecho,8,0,S25
DES-411,Energia,ENE-DES,Producto,historia,DES-12,3,2025-06-02,2025-12-03,2025-12-12,hecho,9,0,S25
DES-412,Energia,ENE-DES,Producto,historia,DES-12,5,2025-06-02,2025-12-16,2025-12-31,hecho,15,0,S26
DES-413,Energia,ENE-DES,Producto,historia,DES-12,8,2025-06-02,2025-12-23,2026-01-12,hecho,20,0,S27
DES-414,Energia,ENE-DES,Producto,historia,DES-12,2,2025-06-02,2025-12-24,2026-01-28,hecho,35,144,S28
DES-415,Energia,ENE-DES,Producto,historia,DES-12,8,2025-06-02,2025-12-25,2026-01-09,hecho,15,0,S27
DES-416,Energia,ENE-DES,Producto,historia,DES-12,2,2025-06-02,2025-12-31,2026-01-07,hecho,7,0,S27
DES-417,Energia,ENE-DES,Producto,tarea,DES-13,1,2025-06-02,2026-01-02,2026-01-06,hecho,4,0,S27
DES-418,Energia,ENE-DES,Producto,bug,DES-13,1,2025-06-02,2026-01-06,2026-01-13,hecho,7,0,S27
DES-419,Energia,ENE-DES,Producto,historia,DES-13,5,2025-06-02,2026-01-19,2026-01-28,hecho,9,0,S28
DES-420,Energia,ENE-DES,Producto,historia,DES-13,3,2025-06-02,2026-01-20,2026-02-05,hecho,16,0,S29
DES-421,Energia,ENE-DES,Producto,tarea,DES-13,2,2025-06-02,2026-01-21,2026-01-28,hecho,7,0,S28
DES-422,Energia,ENE-DES,Producto,historia,DES-13,3,2025-06-02,2026-01-27,2026-03-12,hecho,44,208,S31
DES-423,Energia,ENE-DES,Producto,historia,DES-14,2,2025-06-02,2026-01-29,2026-02-03,hecho,5,0,S29
DES-424,Energia,ENE-DES,Producto,bug,DES-14,2,2025-06-02,2026-01-30,2026-04-07,hecho,67,352,S33
DES-425,Energia,ENE-DES,Producto,tarea,DES-14,2,2025-06-02,2026-02-05,2026-04-16,hecho,70,352,S34
DES-426,Energia,ENE-DES,Producto,historia,DES-14,8,2025-06-02,2026-02-17,2026-03-04,hecho,15,0,S31
DES-427,Energia,ENE-DES,Producto,historia,DES-14,3,2025-06-02,2026-02-18,2026-02-25,hecho,7,0,S30
DES-428,Energia,ENE-DES,Producto,historia,DES-15,5,2025-06-02,2026-02-18,2026-02-27,hecho,9,0,S30
DES-429,Energia,ENE-DES,Producto,historia,DES-15,2,2025-06-02,2026-02-19,2026-05-20,hecho,90,448,S36
DES-430,Energia,ENE-DES,Producto,tarea,DES-15,3,2025-06-02,2026-02-25,2026-03-09,hecho,12,0,S31
DES-431,Energia,ENE-DES,Producto,historia,DES-16,3,2025-06-02,2026-03-17,2026-05-01,hecho,45,208,S35
DES-432,Energia,ENE-DES,Producto,bug,DES-16,2,2025-06-02,2026-03-19,2026-03-27,hecho,8,0,S32
DES-433,Energia,ENE-DES,Producto,historia,DES-16,2,2025-06-02,2026-03-26,2026-04-07,hecho,12,0,S33
DES-434,Energia,ENE-DES,Producto,historia,DES-16,2,2025-06-02,2026-03-27,2026-04-06,hecho,10,0,S33
DES-435,Energia,ENE-DES,Producto,historia,DES-16,8,2025-06-02,2026-04-06,2026-04-23,hecho,17,0,S34
DES-436,Energia,ENE-DES,Producto,historia,DES-17,8,2025-06-02,2026-04-06,2026-05-25,hecho,49,0,S37
DES-437,Energia,ENE-DES,Producto,historia,DES-17,3,2025-06-02,2026-04-13,2026-04-21,hecho,8,0,S34
DES-438,Energia,ENE-DES,Producto,historia,DES-17,5,2025-06-02,2026-04-16,2026-05-07,hecho,21,0,S35
DES-439,Energia,ENE-DES,Producto,bug,DES-17,2,2025-06-02,2026-04-17,2026-05-14,hecho,27,96,S36
DES-440,Energia,ENE-DES,Producto,historia,DES-17,2,2025-06-02,2026-04-27,2026-05-01,hecho,4,0,S35
DES-441,Energia,ENE-DES,Producto,historia,DES-17,5,2025-06-02,2026-04-28,2026-05-06,hecho,8,0,S35
DES-442,Energia,ENE-DES,Producto,historia,DES-17,5,2025-06-02,2026-05-08,2026-05-26,hecho,18,0,S37
DES-443,Energia,ENE-DES,Producto,historia,DES-17,3,2025-06-02,2026-05-13,2026-05-22,hecho,9,0,S36
DES-444,Energia,ENE-DES,Producto,historia,DES-18,5,2025-06-02,2026-05-14,2026-06-03,hecho,20,0,S37
DES-445,Energia,ENE-DES,Producto,historia,DES-18,2,2025-06-02,2026-05-20,2026-05-29,hecho,9,0,S37
DES-446,Energia,ENE-DES,Producto,tarea,DES-18,2,2025-06-02,2026-05-25,2026-05-28,hecho,3,0,S37
DES-447,Energia,ENE-DES,Producto,bug,DES-18,1,2025-06-02,2026-05-28,2026-06-01,hecho,4,0,S37
DES-448,Energia,ENE-DES,Producto,historia,DES-19,3,2025-06-02,2026-05-29,2026-06-26,hecho,28,0,S39
DES-449,Energia,ENE-DES,Producto,historia,DES-19,2,2025-06-02,2026-06-01,2026-06-09,hecho,8,0,S38
DES-450,Energia,ENE-DES,Producto,historia,DES-19,2,2025-06-02,2026-06-03,2026-06-10,hecho,7,0,S38
DES-451,Energia,ENE-DES,Producto,bug,DES-19,2,2025-06-02,2026-06-05,2026-06-10,hecho,5,0,S38
DES-452,Energia,ENE-DES,Producto,historia,DES-19,5,2025-06-02,2026-06-05,2026-06-11,hecho,6,0,S38
DES-453,Energia,ENE-DES,Producto,historia,DES-19,3,2025-06-02,2026-06-18,2026-06-30,hecho,12,0,S39
DES-454,Energia,ENE-DES,Producto,bug,DES-19,2,2025-06-02,2026-06-23,2026-07-01,hecho,8,0,S39
DES-455,Energia,ENE-DES,Producto,tarea,DES-19,2,2025-06-02,2026-06-26,2026-07-07,hecho,11,0,S40
DES-456,Energia,ENE-DES,Producto,tarea,DES-19,3,2025-06-02,2026-07-03,2026-07-16,hecho,13,0,S40
DES-457,Energia,ENE-DES,Producto,bug,DES-20,1,2025-06-02,2026-07-03,2026-07-07,hecho,4,0,S40
DES-458,Energia,ENE-DES,Producto,bug,DES-20,2,2025-06-02,2026-07-13,2026-07-21,hecho,8,0,S41
DES-459,Energia,ENE-DES,Producto,historia,DES-20,3,2025-06-02,2026-07-14,2026-07-20,hecho,6,0,S41
DES-460,Energia,ENE-DES,Producto,historia,DES-20,5,2025-06-02,2026-07-21,2026-08-21,hecho,31,0,S43
DES-461,Energia,ENE-DES,Producto,historia,DES-20,2,2025-06-02,2026-07-30,2026-08-05,hecho,6,0,S42
DES-462,Energia,ENE-DES,Producto,historia,DES-20,2,2025-06-02,2026-08-04,2026-09-15,hecho,42,184,S45
DES-463,Energia,ENE-DES,Producto,bug,DES-20,1,2025-06-02,2026-08-04,2026-08-07,hecho,3,0,S42
DES-464,Energia,ENE-DES,Producto,tarea,DES-21,3,2025-06-02,2026-08-04,2026-08-12,hecho,8,0,S42
DES-465,Energia,ENE-DES,Producto,historia,DES-21,3,2025-06-02,2026-08-05,2026-08-12,hecho,7,0,S42
DES-466,Energia,ENE-DES,Producto,tarea,DES-21,2,2025-06-02,2026-08-05,2026-08-17,hecho,12,0,S43
DES-467,Energia,ENE-DES,Producto,historia,DES-21,3,2025-06-02,2026-08-10,2026-09-17,hecho,38,56,S45
DES-468,Energia,ENE-DES,Producto,historia,DES-21,5,2025-06-02,2026-08-13,2026-08-26,hecho,13,0,S43
DES-469,Energia,ENE-DES,Producto,historia,DES-22,8,2025-06-02,2026-08-14,2026-09-29,hecho,46,184,S46
DES-470,Energia,ENE-DES,Producto,historia,DES-22,2,2025-06-02,2026-08-14,2026-08-26,hecho,12,0,S43
DES-471,Energia,ENE-DES,Producto,tarea,DES-22,1,2025-06-02,2026-08-14,2026-08-19,hecho,5,0,S43
DES-472,Energia,ENE-DES,Producto,historia,DES-22,3,2025-06-02,2026-08-17,2026-08-26,hecho,9,0,S43
DES-473,Energia,ENE-DES,Producto,historia,DES-22,2,2025-06-02,2026-08-17,2026-08-26,hecho,9,0,S43
DES-474,Energia,ENE-DES,Producto,historia,DES-22,3,2025-06-02,2026-08-20,2026-08-27,hecho,7,0,S43
DES-475,Energia,ENE-DES,Producto,historia,DES-22,5,2025-06-02,2026-08-21,,bloqueado,,184,S46
DES-476,Energia,ENE-DES,Producto,historia,DES-22,5,2025-06-02,2026-08-24,2026-09-07,hecho,14,0,S44
DES-477,Energia,ENE-DES,Producto,bug,DES-22,1,2025-06-02,2026-08-24,2026-08-26,hecho,2,0,S43
DES-478,Energia,ENE-DES,Producto,historia,DES-22,5,2025-06-02,2026-08-24,2026-09-10,hecho,17,0,S44
DES-479,Energia,ENE-DES,Producto,tarea,DES-22,3,2025-06-02,2026-08-26,2026-09-09,hecho,14,0,S44
DES-480,Energia,ENE-DES,Producto,historia,DES-23,5,2025-06-02,2026-08-27,2026-09-18,hecho,22,0,S45
DES-481,Energia,ENE-DES,Producto,historia,DES-23,8,2025-06-02,2026-08-27,,en_revision,,0,S46
DES-482,Energia,ENE-DES,Producto,historia,DES-23,2,2025-06-02,2026-08-31,2026-09-11,hecho,11,0,S44
DES-483,Energia,ENE-DES,Producto,historia,DES-23,8,2025-06-02,2026-09-04,,en_curso,,0,S46
DES-484,Energia,ENE-DES,Producto,tarea,DES-23,2,2025-06-02,2026-09-07,2026-09-14,hecho,7,0,S45
DES-485,Energia,ENE-DES,Producto,historia,DES-24,2,2025-06-02,2026-09-10,2026-09-30,hecho,20,48,S46
DES-486,Energia,ENE-DES,Producto,historia,DES-24,8,2025-06-02,2026-09-14,,en_revision,,0,S46
DES-487,Energia,ENE-DES,Producto,historia,DES-24,3,2025-06-02,2026-09-17,2026-09-30,hecho,13,0,S46
DES-488,Energia,ENE-DES,Producto,historia,DES-24,5,2025-06-02,2026-09-17,2026-09-30,hecho,13,0,S46
DES-489,Energia,ENE-DES,Producto,historia,DES-24,8,2025-06-02,2026-09-28,,en_curso,,0,S46
DES-490,Energia,ENE-DES,Producto,bug,DES-24,1,2025-06-02,2026-09-29,,en_curso,,0,S46
DES-491,Energia,ENE-DES,Producto,tarea,DES-24,2,2025-06-02,2026-09-30,,en_curso,,0,S46
DES-492,Energia,ENE-DES,QA,bug,DES-1,1,2025-06-02,2025-06-03,2025-06-06,hecho,3,0,S11
DES-493,Energia,ENE-DES,QA,tarea,DES-1,2,2025-06-02,2025-06-06,2025-06-12,hecho,6,0,S12
DES-494,Energia,ENE-DES,QA,historia,DES-2,5,2025-06-02,2025-06-17,2025-07-03,hecho,16,0,S13
DES-495,Energia,ENE-DES,QA,bug,DES-2,2,2025-06-02,2025-06-23,2025-07-01,hecho,8,0,S13
DES-496,Energia,ENE-DES,QA,historia,DES-2,3,2025-06-02,2025-07-03,2025-07-09,hecho,6,0,S14
DES-497,Energia,ENE-DES,QA,historia,DES-2,2,2025-06-02,2025-07-09,2025-07-18,hecho,9,0,S14
DES-498,Energia,ENE-DES,QA,historia,DES-2,2,2025-06-02,2025-07-25,2025-08-04,hecho,10,0,S16
DES-499,Energia,ENE-DES,QA,bug,DES-3,1,2025-06-02,2025-07-31,2025-08-07,hecho,7,0,S16
DES-500,Energia,ENE-DES,QA,tarea,DES-3,1,2025-06-02,2025-08-05,2025-08-08,hecho,3,0,S16
DES-501,Energia,ENE-DES,QA,tarea,DES-4,2,2025-06-02,2025-08-07,2025-08-20,hecho,13,0,S17
DES-502,Energia,ENE-DES,QA,bug,DES-4,2,2025-06-02,2025-08-18,2025-08-26,hecho,8,0,S17
DES-503,Energia,ENE-DES,QA,historia,DES-5,2,2025-06-02,2025-08-28,2025-09-04,hecho,7,0,S18
DES-504,Energia,ENE-DES,QA,tarea,DES-5,1,2025-06-02,2025-09-02,2025-09-05,hecho,3,0,S18
DES-505,Energia,ENE-DES,QA,historia,DES-5,2,2025-06-02,2025-09-05,2025-09-10,hecho,5,0,S18
DES-506,Energia,ENE-DES,QA,historia,DES-5,2,2025-06-02,2025-09-08,2025-09-15,hecho,7,0,S19
DES-507,Energia,ENE-DES,QA,bug,DES-5,1,2025-06-02,2025-09-09,2025-09-10,hecho,1,0,S18
DES-508,Energia,ENE-DES,QA,historia,DES-5,8,2025-06-02,2025-09-12,2025-10-03,hecho,21,0,S20
DES-509,Energia,ENE-DES,QA,historia,DES-5,5,2025-06-02,2025-09-12,2025-09-26,hecho,14,0,S19
DES-510,Energia,ENE-DES,QA,tarea,DES-6,2,2025-06-02,2025-09-24,2025-10-01,hecho,7,0,S20
DES-511,Energia,ENE-DES,QA,historia,DES-6,8,2025-06-02,2025-09-25,2025-10-10,hecho,15,0,S20
DES-512,Energia,ENE-DES,QA,tarea,DES-6,3,2025-06-02,2025-10-07,2025-10-16,hecho,9,0,S21
DES-513,Energia,ENE-DES,QA,historia,DES-6,3,2025-06-02,2025-10-14,2025-10-27,hecho,13,0,S22
DES-514,Energia,ENE-DES,QA,historia,DES-6,2,2025-06-02,2025-10-14,2025-10-21,hecho,7,0,S21
DES-515,Energia,ENE-DES,QA,historia,DES-7,3,2025-06-02,2025-10-14,2025-10-21,hecho,7,0,S21
DES-516,Energia,ENE-DES,QA,historia,DES-8,3,2025-06-02,2025-10-24,2025-10-31,hecho,7,0,S22
DES-517,Energia,ENE-DES,QA,tarea,DES-8,3,2025-06-02,2025-10-29,2025-11-18,hecho,20,0,S23
DES-518,Energia,ENE-DES,QA,tarea,DES-8,3,2025-06-02,2025-11-21,2025-11-25,hecho,4,0,S24
DES-519,Energia,ENE-DES,QA,bug,DES-8,1,2025-06-02,2025-11-25,2025-12-01,hecho,6,0,S24
DES-520,Energia,ENE-DES,QA,historia,DES-8,3,2025-06-02,2025-11-26,2025-12-08,hecho,12,0,S25
DES-521,Energia,ENE-DES,QA,bug,DES-8,1,2025-06-02,2025-11-28,2025-12-02,hecho,4,0,S24
DES-522,Energia,ENE-DES,QA,tarea,DES-9,1,2025-06-02,2025-12-02,2025-12-05,hecho,3,0,S24
DES-523,Energia,ENE-DES,QA,historia,DES-9,3,2025-06-02,2025-12-04,2025-12-15,hecho,11,0,S25
DES-524,Energia,ENE-DES,QA,historia,DES-9,2,2025-06-02,2025-12-05,2025-12-18,hecho,13,0,S25
DES-525,Energia,ENE-DES,QA,historia,DES-10,5,2025-06-02,2025-12-09,2025-12-29,hecho,20,0,S26
DES-526,Energia,ENE-DES,QA,historia,DES-10,5,2025-06-02,2025-12-10,2026-01-09,hecho,30,0,S27
DES-527,Energia,ENE-DES,QA,historia,DES-10,8,2025-06-02,2025-12-11,2025-12-26,hecho,15,0,S26
DES-528,Energia,ENE-DES,QA,historia,DES-10,5,2025-06-02,2025-12-29,2026-01-06,hecho,8,0,S27
DES-529,Energia,ENE-DES,QA,historia,DES-10,5,2025-06-02,2025-12-31,2026-01-19,hecho,19,0,S28
DES-530,Energia,ENE-DES,QA,bug,DES-11,1,2025-06-02,2026-01-08,2026-01-14,hecho,6,0,S27
DES-531,Energia,ENE-DES,QA,historia,DES-11,2,2025-06-02,2026-01-12,2026-01-22,hecho,10,0,S28
DES-532,Energia,ENE-DES,QA,historia,DES-12,3,2025-06-02,2026-01-20,2026-01-30,hecho,10,0,S28
DES-533,Energia,ENE-DES,QA,historia,DES-12,3,2025-06-02,2026-01-27,2026-02-02,hecho,6,0,S29
DES-534,Energia,ENE-DES,QA,historia,DES-12,3,2025-06-02,2026-01-28,2026-02-12,hecho,15,0,S29
DES-535,Energia,ENE-DES,QA,historia,DES-12,3,2025-06-02,2026-02-02,2026-02-13,hecho,11,0,S29
DES-536,Energia,ENE-DES,QA,historia,DES-12,3,2025-06-02,2026-02-09,2026-02-13,hecho,4,0,S29
DES-537,Energia,ENE-DES,QA,historia,DES-12,3,2025-06-02,2026-02-12,2026-02-23,hecho,11,0,S30
DES-538,Energia,ENE-DES,QA,historia,DES-12,5,2025-06-02,2026-02-19,2026-03-17,hecho,26,0,S32
DES-539,Energia,ENE-DES,QA,historia,DES-12,2,2025-06-02,2026-02-19,2026-02-26,hecho,7,0,S30
DES-540,Energia,ENE-DES,QA,historia,DES-12,3,2025-06-02,2026-02-26,2026-03-09,hecho,11,0,S31
DES-541,Energia,ENE-DES,QA,historia,DES-13,3,2025-06-02,2026-02-26,2026-03-16,hecho,18,56,S32
DES-542,Energia,ENE-DES,QA,tarea,DES-14,2,2025-06-02,2026-03-03,2026-03-12,hecho,9,0,S31
DES-543,Energia,ENE-DES,QA,historia,DES-14,3,2025-06-02,2026-03-03,2026-04-15,hecho,43,224,S34
DES-544,Energia,ENE-DES,QA,tarea,DES-14,2,2025-06-02,2026-03-13,2026-03-20,hecho,7,0,S32
DES-545,Energia,ENE-DES,QA,historia,DES-14,5,2025-06-02,2026-03-16,2026-04-29,hecho,44,0,S35
DES-546,Energia,ENE-DES,QA,historia,DES-14,3,2025-06-02,2026-04-30,2026-05-05,hecho,5,0,S35
DES-547,Energia,ENE-DES,QA,tarea,DES-14,1,2025-06-02,2026-05-05,2026-05-11,hecho,6,0,S36
DES-548,Energia,ENE-DES,QA,historia,DES-15,3,2025-06-02,2026-05-06,2026-05-22,hecho,16,0,S36
DES-549,Energia,ENE-DES,QA,historia,DES-15,2,2025-06-02,2026-05-06,2026-05-12,hecho,6,0,S36
DES-550,Energia,ENE-DES,QA,historia,DES-16,8,2025-06-02,2026-05-08,2026-06-04,hecho,27,0,S37
DES-551,Energia,ENE-DES,QA,bug,DES-16,1,2025-06-02,2026-05-26,2026-06-02,hecho,7,0,S37
DES-552,Energia,ENE-DES,QA,historia,DES-16,2,2025-06-02,2026-05-27,2026-06-02,hecho,6,0,S37
DES-553,Energia,ENE-DES,QA,tarea,DES-16,1,2025-06-02,2026-06-03,2026-06-08,hecho,5,0,S38
DES-554,Energia,ENE-DES,QA,historia,DES-16,2,2025-06-02,2026-06-05,2026-06-18,hecho,13,0,S38
DES-555,Energia,ENE-DES,QA,bug,DES-16,2,2025-06-02,2026-06-17,2026-06-24,hecho,7,0,S39
DES-556,Energia,ENE-DES,QA,historia,DES-17,2,2025-06-02,2026-06-22,2026-07-03,hecho,11,0,S39
DES-557,Energia,ENE-DES,QA,bug,DES-17,2,2025-06-02,2026-06-25,2026-07-02,hecho,7,0,S39
DES-558,Energia,ENE-DES,QA,tarea,DES-17,1,2025-06-02,2026-07-01,2026-07-07,hecho,6,0,S40
DES-559,Energia,ENE-DES,QA,historia,DES-17,8,2025-06-02,2026-07-01,2026-07-31,hecho,30,0,S41
DES-560,Energia,ENE-DES,QA,historia,DES-17,8,2025-06-02,2026-07-15,2026-07-24,hecho,9,0,S41
DES-561,Energia,ENE-DES,QA,historia,DES-18,5,2025-06-02,2026-08-12,2026-08-26,hecho,14,0,S43
DES-562,Energia,ENE-DES,QA,historia,DES-18,5,2025-06-02,2026-08-25,2026-09-15,hecho,21,0,S45
DES-563,Energia,ENE-DES,QA,historia,DES-19,3,2025-06-02,2026-09-01,2026-09-07,hecho,6,0,S44
DES-564,Energia,ENE-DES,QA,historia,DES-19,5,2025-06-02,2026-09-03,2026-09-18,hecho,15,0,S45
DES-565,Energia,ENE-DES,QA,historia,DES-19,3,2025-06-02,2026-09-07,2026-09-21,hecho,14,0,S45
DES-566,Energia,ENE-DES,QA,historia,DES-19,2,2025-06-02,2026-09-14,2026-09-28,hecho,14,0,S46
DES-567,Energia,ENE-DES,QA,bug,DES-20,2,2025-06-02,2026-09-17,2026-09-23,hecho,6,0,S45
DES-568,Energia,ENE-DES,QA,historia,DES-20,2,2025-06-02,2026-09-21,2026-09-23,hecho,2,0,S45
DES-569,Energia,ENE-DES,QA,historia,DES-20,3,2025-06-02,2026-09-21,2026-09-30,hecho,9,0,S46
DES-570,Energia,ENE-DES,QA,tarea,DES-21,2,2025-06-02,2026-09-24,,en_curso,,0,S46
DES-571,Energia,ENE-DES,QA,historia,DES-21,5,2025-06-02,2026-09-30,,en_curso,,0,S46
DES-572,Energia,ENE-DES,QA,historia,DES-21,2,2025-06-02,,,por_hacer,,0,
DES-573,Energia,ENE-DES,QA,historia,DES-21,5,2025-06-02,,,por_hacer,,0,
DES-574,Energia,ENE-DES,QA,historia,DES-22,2,2025-06-02,,,por_hacer,,0,
DES-575,Energia,ENE-DES,QA,historia,DES-22,3,2025-06-02,,,por_hacer,,0,
DES-576,Energia,ENE-DES,QA,tarea,DES-23,2,2025-06-02,,,por_hacer,,0,
DES-577,Energia,ENE-DES,QA,historia,DES-23,2,2025-06-02,,,por_hacer,,0,
DES-578,Energia,ENE-DES,QA,historia,DES-23,5,2025-06-02,,,por_hacer,,0,
DES-579,Energia,ENE-DES,QA,historia,DES-24,5,2025-06-02,,,por_hacer,,0,
DES-580,Energia,ENE-DES,QA,historia,DES-24,3,2025-06-02,,,por_hacer,,0,
DES-581,Energia,ENE-DES,QA,tarea,DES-24,3,2025-06-02,,,por_hacer,,0,
DES-582,Energia,ENE-DES,QA,historia,DES-24,2,2025-06-02,,,por_hacer,,0,
FAC-1,Energia,ENE-FAC,Producto,epica,,,2025-10-06,2025-10-08,2025-12-03,hecho,,,
FAC-2,Energia,ENE-FAC,Producto,epica,,,2025-10-06,2025-10-24,2026-01-09,hecho,,,
FAC-3,Energia,ENE-FAC,Producto,epica,,,2025-10-06,2025-11-21,2026-02-10,hecho,,,
FAC-4,Energia,ENE-FAC,Producto,epica,,,2025-10-06,2025-11-25,2026-03-05,hecho,,,
FAC-5,Energia,ENE-FAC,Producto,epica,,,2025-10-06,2026-02-06,2026-04-01,hecho,,,
FAC-6,Energia,ENE-FAC,Producto,epica,,,2025-10-06,2026-02-11,2026-05-15,hecho,,,
FAC-7,Energia,ENE-FAC,Producto,epica,,,2025-10-06,2026-03-10,2026-07-01,hecho,,,
FAC-8,Energia,ENE-FAC,Producto,epica,,,2025-10-06,2026-03-13,2026-09-17,hecho,,,
FAC-9,Energia,ENE-FAC,Producto,epica,,,2025-10-06,2026-04-16,,en_curso,,,
FAC-10,Energia,ENE-FAC,Producto,epica,,,2025-10-06,2026-05-21,,en_curso,,,
FAC-11,Energia,ENE-FAC,Producto,epica,,,2025-10-06,2026-06-12,,en_curso,,,
FAC-12,Energia,ENE-FAC,Producto,epica,,,2025-10-06,2026-06-29,,en_curso,,,
FAC-13,Energia,ENE-FAC,Producto,epica,,,2025-10-06,2026-07-09,,en_curso,,,
FAC-14,Energia,ENE-FAC,Datos,historia,FAC-1,3,2025-10-06,2025-10-13,2025-10-21,hecho,8,0,S21
FAC-15,Energia,ENE-FAC,Datos,tarea,FAC-1,2,2025-10-06,2025-10-22,2025-10-27,hecho,5,0,S22
FAC-16,Energia,ENE-FAC,Datos,tarea,FAC-1,3,2025-10-06,2025-10-27,2025-11-14,hecho,18,0,S23
FAC-17,Energia,ENE-FAC,Datos,historia,FAC-1,5,2025-10-06,2025-10-29,2025-11-12,hecho,14,0,S23
FAC-18,Energia,ENE-FAC,Datos,tarea,FAC-2,3,2025-10-06,2025-11-27,2025-12-04,hecho,7,0,S24
FAC-19,Energia,ENE-FAC,Datos,bug,FAC-2,2,2025-10-06,2025-11-28,2025-12-09,hecho,11,0,S25
FAC-20,Energia,ENE-FAC,Datos,historia,FAC-2,5,2025-10-06,2025-12-04,2025-12-22,hecho,18,0,S26
FAC-21,Energia,ENE-FAC,Datos,historia,FAC-2,3,2025-10-06,2025-12-18,2025-12-23,hecho,5,0,S26
FAC-22,Energia,ENE-FAC,Datos,historia,FAC-2,5,2025-10-06,2025-12-23,2026-01-09,hecho,17,0,S27
FAC-23,Energia,ENE-FAC,Datos,historia,FAC-3,3,2025-10-06,2026-01-08,2026-01-19,hecho,11,0,S28
FAC-24,Energia,ENE-FAC,Datos,tarea,FAC-3,3,2025-10-06,2026-01-27,2026-02-04,hecho,8,0,S29
FAC-25,Energia,ENE-FAC,Datos,historia,FAC-4,2,2025-10-06,2026-01-27,2026-02-02,hecho,6,0,S29
FAC-26,Energia,ENE-FAC,Datos,historia,FAC-4,3,2025-10-06,2026-02-13,2026-02-23,hecho,10,0,S30
FAC-27,Energia,ENE-FAC,Datos,historia,FAC-4,2,2025-10-06,2026-02-18,2026-03-03,hecho,13,0,S31
FAC-28,Energia,ENE-FAC,Datos,bug,FAC-4,2,2025-10-06,2026-02-20,2026-03-05,hecho,13,0,S31
FAC-29,Energia,ENE-FAC,Datos,historia,FAC-5,5,2025-10-06,2026-02-20,2026-03-05,hecho,13,0,S31
FAC-30,Energia,ENE-FAC,Datos,historia,FAC-5,3,2025-10-06,2026-03-04,2026-03-13,hecho,9,0,S31
FAC-31,Energia,ENE-FAC,Datos,historia,FAC-5,3,2025-10-06,2026-03-06,2026-03-13,hecho,7,0,S31
FAC-32,Energia,ENE-FAC,Datos,historia,FAC-6,5,2025-10-06,2026-03-10,2026-04-13,hecho,34,0,S34
FAC-33,Energia,ENE-FAC,Datos,tarea,FAC-7,3,2025-10-06,2026-03-10,2026-03-17,hecho,7,0,S32
FAC-34,Energia,ENE-FAC,Datos,bug,FAC-7,2,2025-10-06,2026-03-11,2026-03-18,hecho,7,0,S32
FAC-35,Energia,ENE-FAC,Datos,historia,FAC-7,2,2025-10-06,2026-03-12,2026-03-19,hecho,7,0,S32
FAC-36,Energia,ENE-FAC,Datos,historia,FAC-8,8,2025-10-06,2026-03-13,2026-06-29,hecho,108,512,S39
FAC-37,Energia,ENE-FAC,Datos,tarea,FAC-8,3,2025-10-06,2026-03-16,2026-03-25,hecho,9,0,S32
FAC-38,Energia,ENE-FAC,Datos,bug,FAC-8,1,2025-10-06,2026-03-25,2026-03-30,hecho,5,0,S33
FAC-39,Energia,ENE-FAC,Datos,bug,FAC-8,1,2025-10-06,2026-03-31,2026-04-06,hecho,6,0,S33
FAC-40,Energia,ENE-FAC,Datos,historia,FAC-8,3,2025-10-06,2026-04-01,2026-05-08,hecho,37,176,S35
FAC-41,Energia,ENE-FAC,Datos,tarea,FAC-8,2,2025-10-06,2026-04-06,2026-04-16,hecho,10,0,S34
FAC-42,Energia,ENE-FAC,Datos,historia,FAC-8,3,2025-10-06,2026-04-06,2026-04-17,hecho,11,0,S34
FAC-43,Energia,ENE-FAC,Datos,tarea,FAC-8,2,2025-10-06,2026-04-15,2026-09-16,hecho,154,832,S45
FAC-44,Energia,ENE-FAC,Datos,historia,FAC-9,8,2025-10-06,2026-04-16,2026-06-08,hecho,53,0,S38
FAC-45,Energia,ENE-FAC,Datos,historia,FAC-9,8,2025-10-06,2026-04-21,2026-05-04,hecho,13,0,S35
FAC-46,Energia,ENE-FAC,Datos,historia,FAC-9,8,2025-10-06,2026-05-04,2026-05-15,hecho,11,0,S36
FAC-47,Energia,ENE-FAC,Datos,historia,FAC-9,2,2025-10-06,2026-05-07,2026-05-13,hecho,6,0,S36
FAC-48,Energia,ENE-FAC,Datos,historia,FAC-10,3,2025-10-06,2026-05-21,2026-06-02,hecho,12,0,S37
FAC-49,Energia,ENE-FAC,Datos,tarea,FAC-10,2,2025-10-06,2026-06-05,2026-06-25,hecho,20,0,S39
FAC-50,Energia,ENE-FAC,Datos,historia,FAC-10,3,2025-10-06,2026-06-10,2026-06-18,hecho,8,0,S38
FAC-51,Energia,ENE-FAC,Datos,historia,FAC-10,5,2025-10-06,2026-06-11,2026-06-22,hecho,11,0,S39
FAC-52,Energia,ENE-FAC,Datos,historia,FAC-10,3,2025-10-06,2026-06-17,2026-06-29,hecho,12,0,S39
FAC-53,Energia,ENE-FAC,Datos,bug,FAC-11,2,2025-10-06,2026-06-29,2026-07-02,hecho,3,0,S39
FAC-54,Energia,ENE-FAC,Datos,historia,FAC-11,2,2025-10-06,2026-07-01,2026-07-07,hecho,6,0,S40
FAC-55,Energia,ENE-FAC,Datos,historia,FAC-11,3,2025-10-06,2026-07-01,2026-07-10,hecho,9,0,S40
FAC-56,Energia,ENE-FAC,Datos,historia,FAC-12,3,2025-10-06,2026-07-08,2026-07-15,hecho,7,0,S40
FAC-57,Energia,ENE-FAC,Datos,bug,FAC-13,2,2025-10-06,2026-07-13,2026-07-22,hecho,9,32,S41
FAC-58,Energia,ENE-FAC,Integraciones,tarea,FAC-1,3,2025-10-06,2025-10-29,2025-11-10,hecho,12,0,S23
FAC-59,Energia,ENE-FAC,Integraciones,historia,FAC-2,3,2025-10-06,2025-11-06,2025-11-14,hecho,8,0,S23
FAC-60,Energia,ENE-FAC,Integraciones,historia,FAC-2,2,2025-10-06,2025-11-17,2025-11-26,hecho,9,0,S24
FAC-61,Energia,ENE-FAC,Integraciones,historia,FAC-3,2,2025-10-06,2025-11-21,2025-12-02,hecho,11,0,S24
FAC-62,Energia,ENE-FAC,Integraciones,historia,FAC-3,8,2025-10-06,2025-11-24,2025-12-09,hecho,15,0,S25
FAC-63,Energia,ENE-FAC,Integraciones,historia,FAC-4,5,2025-10-06,2025-11-25,2025-12-12,hecho,17,0,S25
FAC-64,Energia,ENE-FAC,Integraciones,tarea,FAC-4,1,2025-10-06,2025-12-11,2026-02-12,hecho,63,336,S29
FAC-65,Energia,ENE-FAC,Integraciones,historia,FAC-4,2,2025-10-06,2026-01-12,2026-01-19,hecho,7,0,S28
FAC-66,Energia,ENE-FAC,Integraciones,historia,FAC-4,3,2025-10-06,2026-01-14,2026-01-23,hecho,9,0,S28
FAC-67,Energia,ENE-FAC,Integraciones,historia,FAC-5,8,2025-10-06,2026-02-12,2026-02-25,hecho,13,8,S30
FAC-68,Energia,ENE-FAC,Integraciones,bug,FAC-5,1,2025-10-06,2026-02-17,2026-02-19,hecho,2,0,S30
FAC-69,Energia,ENE-FAC,Integraciones,historia,FAC-5,2,2025-10-06,2026-02-17,2026-02-26,hecho,9,0,S30
FAC-70,Energia,ENE-FAC,Integraciones,tarea,FAC-5,1,2025-10-06,2026-02-23,2026-02-25,hecho,2,0,S30
FAC-71,Energia,ENE-FAC,Integraciones,historia,FAC-5,3,2025-10-06,2026-02-24,2026-03-03,hecho,7,0,S31
FAC-72,Energia,ENE-FAC,Integraciones,historia,FAC-6,3,2025-10-06,2026-03-03,2026-03-12,hecho,9,0,S31
FAC-73,Energia,ENE-FAC,Integraciones,historia,FAC-6,3,2025-10-06,2026-03-12,2026-03-27,hecho,15,0,S32
FAC-74,Energia,ENE-FAC,Integraciones,tarea,FAC-6,2,2025-10-06,2026-03-25,2026-04-01,hecho,7,0,S33
FAC-75,Energia,ENE-FAC,Integraciones,bug,FAC-6,2,2025-10-06,2026-03-30,2026-04-08,hecho,9,0,S33
FAC-76,Energia,ENE-FAC,Integraciones,tarea,FAC-6,2,2025-10-06,2026-04-30,2026-05-07,hecho,7,0,S35
FAC-77,Energia,ENE-FAC,Integraciones,historia,FAC-7,3,2025-10-06,2026-05-04,2026-05-15,hecho,11,0,S36
FAC-78,Energia,ENE-FAC,Integraciones,historia,FAC-7,3,2025-10-06,2026-05-06,2026-05-19,hecho,13,0,S36
FAC-79,Energia,ENE-FAC,Integraciones,historia,FAC-7,5,2025-10-06,2026-05-20,2026-06-12,hecho,23,0,S38
FAC-80,Energia,ENE-FAC,Integraciones,historia,FAC-7,2,2025-10-06,2026-06-05,2026-06-16,hecho,11,0,S38
FAC-81,Energia,ENE-FAC,Integraciones,historia,FAC-7,2,2025-10-06,2026-06-10,2026-06-16,hecho,6,0,S38
FAC-82,Energia,ENE-FAC,Integraciones,historia,FAC-7,8,2025-10-06,2026-06-15,2026-06-25,hecho,10,0,S39
FAC-83,Energia,ENE-FAC,Integraciones,bug,FAC-8,2,2025-10-06,2026-06-30,2026-07-02,hecho,2,0,S39
FAC-84,Energia,ENE-FAC,Integraciones,tarea,FAC-8,2,2025-10-06,2026-07-02,2026-07-20,hecho,18,0,S41
FAC-85,Energia,ENE-FAC,Integraciones,tarea,FAC-8,1,2025-10-06,2026-07-06,2026-07-10,hecho,4,0,S40
FAC-86,Energia,ENE-FAC,Integraciones,historia,FAC-8,3,2025-10-06,2026-07-07,2026-07-13,hecho,6,0,S40
FAC-87,Energia,ENE-FAC,Integraciones,historia,FAC-8,8,2025-10-06,2026-07-13,2026-08-12,hecho,30,0,S42
FAC-88,Energia,ENE-FAC,Integraciones,bug,FAC-9,1,2025-10-06,2026-07-28,2026-07-30,hecho,2,0,S41
FAC-89,Energia,ENE-FAC,Integraciones,historia,FAC-9,5,2025-10-06,2026-07-31,,en_curso,,0,S46
FAC-90,Energia,ENE-FAC,Integraciones,historia,FAC-9,3,2025-10-06,2026-08-14,2026-08-18,hecho,4,0,S43
FAC-91,Energia,ENE-FAC,Integraciones,tarea,FAC-9,1,2025-10-06,2026-08-24,2026-08-28,hecho,4,0,S43
FAC-92,Energia,ENE-FAC,Integraciones,historia,FAC-9,3,2025-10-06,2026-08-26,2026-09-30,hecho,35,136,S46
FAC-93,Energia,ENE-FAC,Integraciones,historia,FAC-10,3,2025-10-06,2026-09-04,,bloqueado,,120,S46
FAC-94,Energia,ENE-FAC,Integraciones,historia,FAC-11,2,2025-10-06,2026-09-23,2026-09-28,hecho,5,0,S46
FAC-95,Energia,ENE-FAC,Integraciones,historia,FAC-11,3,2025-10-06,2026-09-24,,en_curso,,0,S46
FAC-96,Energia,ENE-FAC,Integraciones,historia,FAC-12,5,2025-10-06,2026-09-25,,en_revision,,0,S46
FAC-97,Energia,ENE-FAC,Integraciones,historia,FAC-12,8,2025-10-06,2026-09-28,,en_curso,,0,S46
FAC-98,Energia,ENE-FAC,Integraciones,historia,FAC-12,3,2025-10-06,,,por_hacer,,0,
FAC-99,Energia,ENE-FAC,Integraciones,tarea,FAC-12,2,2025-10-06,,,por_hacer,,0,
FAC-100,Energia,ENE-FAC,Integraciones,tarea,FAC-13,2,2025-10-06,,,por_hacer,,0,
FAC-101,Energia,ENE-FAC,Integraciones,historia,FAC-13,2,2025-10-06,,,por_hacer,,0,
FAC-102,Energia,ENE-FAC,Integraciones,historia,FAC-13,5,2025-10-06,,,por_hacer,,0,
FAC-103,Energia,ENE-FAC,Plataforma,bug,FAC-1,1,2025-10-06,2025-10-09,2025-10-15,hecho,6,0,S21
FAC-104,Energia,ENE-FAC,Plataforma,historia,FAC-1,3,2025-10-06,2025-10-22,2025-10-30,hecho,8,0,S22
FAC-105,Energia,ENE-FAC,Plataforma,bug,FAC-1,2,2025-10-06,2025-10-28,2025-11-06,hecho,9,0,S22
FAC-106,Energia,ENE-FAC,Plataforma,historia,FAC-2,2,2025-10-06,2025-10-29,2025-11-17,hecho,19,80,S23
FAC-107,Energia,ENE-FAC,Plataforma,historia,FAC-2,2,2025-10-06,2025-11-04,2025-11-07,hecho,3,0,S22
FAC-108,Energia,ENE-FAC,Plataforma,historia,FAC-2,2,2025-10-06,2025-11-17,2025-11-19,hecho,2,0,S23
FAC-109,Energia,ENE-FAC,Plataforma,historia,FAC-2,3,2025-10-06,2025-11-21,2025-12-05,hecho,14,0,S24
FAC-110,Energia,ENE-FAC,Plataforma,historia,FAC-3,3,2025-10-06,2025-12-05,2025-12-10,hecho,5,0,S25
FAC-111,Energia,ENE-FAC,Plataforma,tarea,FAC-3,2,2025-10-06,2025-12-05,2025-12-16,hecho,11,0,S25
FAC-112,Energia,ENE-FAC,Plataforma,historia,FAC-3,5,2025-10-06,2025-12-09,2025-12-24,hecho,15,0,S26
FAC-113,Energia,ENE-FAC,Plataforma,historia,FAC-3,2,2025-10-06,2025-12-16,2025-12-19,hecho,3,0,S25
FAC-114,Energia,ENE-FAC,Plataforma,historia,FAC-3,2,2025-10-06,2025-12-17,2025-12-25,hecho,8,0,S26
FAC-115,Energia,ENE-FAC,Plataforma,historia,FAC-3,5,2025-10-06,2026-01-26,2026-02-10,hecho,15,0,S29
FAC-116,Energia,ENE-FAC,Plataforma,bug,FAC-4,1,2025-10-06,2026-02-03,2026-02-06,hecho,3,0,S29
FAC-117,Energia,ENE-FAC,Plataforma,historia,FAC-4,3,2025-10-06,2026-02-03,2026-02-13,hecho,10,0,S29
FAC-118,Energia,ENE-FAC,Plataforma,tarea,FAC-4,2,2025-10-06,2026-02-06,2026-02-13,hecho,7,0,S29
FAC-119,Energia,ENE-FAC,Plataforma,historia,FAC-4,3,2025-10-06,2026-02-09,2026-02-13,hecho,4,0,S29
FAC-120,Energia,ENE-FAC,Plataforma,historia,FAC-6,2,2025-10-06,2026-02-11,2026-03-23,hecho,40,184,S32
FAC-121,Energia,ENE-FAC,Plataforma,historia,FAC-6,3,2025-10-06,2026-02-18,2026-02-26,hecho,8,0,S30
FAC-122,Energia,ENE-FAC,Plataforma,historia,FAC-6,5,2025-10-06,2026-02-25,2026-04-17,hecho,51,216,S34
FAC-123,Energia,ENE-FAC,Plataforma,historia,FAC-6,5,2025-10-06,2026-04-29,2026-05-15,hecho,16,0,S36
FAC-124,Energia,ENE-FAC,Plataforma,historia,FAC-7,2,2025-10-06,2026-05-07,2026-05-12,hecho,5,0,S36
FAC-125,Energia,ENE-FAC,Plataforma,historia,FAC-8,3,2025-10-06,2026-06-01,2026-06-11,hecho,10,0,S38
FAC-126,Energia,ENE-FAC,Plataforma,tarea,FAC-8,1,2025-10-06,2026-06-19,2026-06-24,hecho,5,0,S39
FAC-127,Energia,ENE-FAC,Plataforma,historia,FAC-8,2,2025-10-06,2026-09-01,2026-09-08,hecho,7,0,S44
FAC-128,Energia,ENE-FAC,Plataforma,historia,FAC-9,2,2025-10-06,2026-09-04,2026-09-11,hecho,7,0,S44
FAC-129,Energia,ENE-FAC,Plataforma,tarea,FAC-9,2,2025-10-06,,,por_hacer,,0,
FAC-130,Energia,ENE-FAC,Plataforma,historia,FAC-10,8,2025-10-06,,,por_hacer,,0,
FAC-131,Energia,ENE-FAC,Plataforma,historia,FAC-12,5,2025-10-06,,,por_hacer,,0,
FAC-132,Energia,ENE-FAC,Plataforma,bug,FAC-12,1,2025-10-06,,,por_hacer,,0,
FAC-133,Energia,ENE-FAC,Plataforma,historia,FAC-13,3,2025-10-06,,,por_hacer,,0,
FAC-134,Energia,ENE-FAC,Producto,bug,FAC-1,1,2025-10-06,2025-10-08,2025-10-14,hecho,6,0,S21
FAC-135,Energia,ENE-FAC,Producto,historia,FAC-1,2,2025-10-06,2025-10-08,2025-10-09,hecho,1,0,S20
FAC-136,Energia,ENE-FAC,Producto,historia,FAC-1,2,2025-10-06,2025-10-09,2025-10-17,hecho,8,0,S21
FAC-137,Energia,ENE-FAC,Producto,tarea,FAC-1,2,2025-10-06,2025-10-10,2025-10-20,hecho,10,0,S21
FAC-138,Energia,ENE-FAC,Producto,historia,FAC-1,5,2025-10-06,2025-10-20,2025-10-28,hecho,8,0,S22
FAC-139,Energia,ENE-FAC,Producto,historia,FAC-1,3,2025-10-06,2025-10-27,2025-11-10,hecho,14,0,S23
FAC-140,Energia,ENE-FAC,Producto,historia,FAC-1,5,2025-10-06,2025-10-28,2025-11-11,hecho,14,0,S23
FAC-141,Energia,ENE-FAC,Producto,historia,FAC-1,5,2025-10-06,2025-10-29,2025-12-03,hecho,35,0,S24
FAC-142,Energia,ENE-FAC,Producto,historia,FAC-1,2,2025-10-06,2025-11-05,2025-11-17,hecho,12,0,S23
FAC-143,Energia,ENE-FAC,Producto,bug,FAC-1,1,2025-10-06,2025-11-07,2025-11-11,hecho,4,0,S23
FAC-144,Energia,ENE-FAC,Producto,tarea,FAC-1,1,2025-10-06,2025-11-07,2025-11-12,hecho,5,0,S23
FAC-145,Energia,ENE-FAC,Producto,tarea,FAC-1,2,2025-10-06,2025-11-10,2025-11-14,hecho,4,0,S23
FAC-146,Energia,ENE-FAC,Producto,historia,FAC-2,8,2025-10-06,2025-11-10,2025-12-05,hecho,25,0,S24
FAC-147,Energia,ENE-FAC,Producto,historia,FAC-2,5,2025-10-06,2025-11-11,2025-11-21,hecho,10,0,S23
FAC-148,Energia,ENE-FAC,Producto,tarea,FAC-2,2,2025-10-06,2025-11-14,2025-11-24,hecho,10,0,S24
FAC-149,Energia,ENE-FAC,Producto,bug,FAC-2,1,2025-10-06,2025-11-14,2025-11-24,hecho,10,0,S24
FAC-150,Energia,ENE-FAC,Producto,historia,FAC-2,8,2025-10-06,2025-11-19,2025-12-29,hecho,40,0,S26
FAC-151,Energia,ENE-FAC,Producto,historia,FAC-2,2,2025-10-06,2025-11-24,2025-12-02,hecho,8,0,S24
FAC-152,Energia,ENE-FAC,Producto,historia,FAC-2,2,2025-10-06,2025-11-24,2025-12-02,hecho,8,0,S24
FAC-153,Energia,ENE-FAC,Producto,bug,FAC-2,1,2025-10-06,2025-12-02,2025-12-05,hecho,3,0,S24
FAC-154,Energia,ENE-FAC,Producto,historia,FAC-2,8,2025-10-06,2025-12-02,2025-12-31,hecho,29,0,S26
FAC-155,Energia,ENE-FAC,Producto,historia,FAC-2,3,2025-10-06,2025-12-03,2025-12-24,hecho,21,0,S26
FAC-156,Energia,ENE-FAC,Producto,historia,FAC-2,5,2025-10-06,2025-12-04,2025-12-18,hecho,14,0,S25
FAC-157,Energia,ENE-FAC,Producto,historia,FAC-2,2,2025-10-06,2025-12-09,2025-12-17,hecho,8,0,S25
FAC-158,Energia,ENE-FAC,Producto,tarea,FAC-2,2,2025-10-06,2025-12-10,2025-12-22,hecho,12,0,S26
FAC-159,Energia,ENE-FAC,Producto,bug,FAC-2,2,2025-10-06,2025-12-12,2025-12-22,hecho,10,0,S26
FAC-160,Energia,ENE-FAC,Producto,historia,FAC-2,2,2025-10-06,2025-12-18,2025-12-26,hecho,8,0,S26
FAC-161,Energia,ENE-FAC,Producto,historia,FAC-2,2,2025-10-06,2025-12-18,2025-12-25,hecho,7,0,S26
FAC-162,Energia,ENE-FAC,Producto,historia,FAC-3,5,2025-10-06,2025-12-24,2026-01-21,hecho,28,0,S28
FAC-163,Energia,ENE-FAC,Producto,historia,FAC-3,2,2025-10-06,2025-12-26,2025-12-31,hecho,5,0,S26
FAC-164,Energia,ENE-FAC,Producto,historia,FAC-3,3,2025-10-06,2025-12-30,2026-01-08,hecho,9,0,S27
FAC-165,Energia,ENE-FAC,Producto,bug,FAC-3,2,2025-10-06,2025-12-30,2026-01-06,hecho,7,0,S27
FAC-166,Energia,ENE-FAC,Producto,tarea,FAC-3,1,2025-10-06,2025-12-31,2026-01-07,hecho,7,0,S27
FAC-167,Energia,ENE-FAC,Producto,tarea,FAC-3,2,2025-10-06,2026-01-06,2026-01-09,hecho,3,0,S27
FAC-168,Energia,ENE-FAC,Producto,historia,FAC-3,3,2025-10-06,2026-01-06,2026-01-15,hecho,9,0,S27
FAC-169,Energia,ENE-FAC,Producto,tarea,FAC-3,2,2025-10-06,2026-01-08,2026-01-13,hecho,5,0,S27
FAC-170,Energia,ENE-FAC,Producto,historia,FAC-3,5,2025-10-06,2026-01-09,2026-01-23,hecho,14,0,S28
FAC-171,Energia,ENE-FAC,Producto,historia,FAC-3,3,2025-10-06,2026-01-09,2026-01-23,hecho,14,0,S28
FAC-172,Energia,ENE-FAC,Producto,historia,FAC-3,2,2025-10-06,2026-01-09,2026-01-13,hecho,4,0,S27
FAC-173,Energia,ENE-FAC,Producto,historia,FAC-3,2,2025-10-06,2026-01-13,2026-01-15,hecho,2,0,S27
FAC-174,Energia,ENE-FAC,Producto,tarea,FAC-3,3,2025-10-06,2026-01-15,2026-01-28,hecho,13,0,S28
FAC-175,Energia,ENE-FAC,Producto,tarea,FAC-4,2,2025-10-06,2026-01-15,2026-01-26,hecho,11,0,S28
FAC-176,Energia,ENE-FAC,Producto,tarea,FAC-4,3,2025-10-06,2026-01-19,2026-02-06,hecho,18,0,S29
FAC-177,Energia,ENE-FAC,Producto,historia,FAC-4,2,2025-10-06,2026-01-21,2026-01-28,hecho,7,0,S28
FAC-178,Energia,ENE-FAC,Producto,historia,FAC-4,3,2025-10-06,2026-01-26,2026-01-30,hecho,4,0,S28
FAC-179,Energia,ENE-FAC,Producto,tarea,FAC-4,2,2025-10-06,2026-01-26,2026-01-29,hecho,3,0,S28
FAC-180,Energia,ENE-FAC,Producto,bug,FAC-4,2,2025-10-06,2026-01-28,2026-02-06,hecho,9,0,S29
FAC-181,Energia,ENE-FAC,Producto,tarea,FAC-4,2,2025-10-06,2026-01-28,2026-02-03,hecho,6,0,S29
FAC-182,Energia,ENE-FAC,Producto,historia,FAC-4,5,2025-10-06,2026-01-28,2026-02-18,hecho,21,56,S30
FAC-183,Energia,ENE-FAC,Producto,historia,FAC-4,8,2025-10-06,2026-02-02,2026-02-12,hecho,10,0,S29
FAC-184,Energia,ENE-FAC,Producto,tarea,FAC-4,2,2025-10-06,2026-02-03,2026-02-09,hecho,6,0,S29
FAC-185,Energia,ENE-FAC,Producto,historia,FAC-4,5,2025-10-06,2026-02-03,2026-02-20,hecho,17,0,S30
FAC-186,Energia,ENE-FAC,Producto,historia,FAC-4,2,2025-10-06,2026-02-03,2026-02-10,hecho,7,0,S29
FAC-187,Energia,ENE-FAC,Producto,bug,FAC-4,1,2025-10-06,2026-02-04,2026-02-11,hecho,7,0,S29
FAC-188,Energia,ENE-FAC,Producto,tarea,FAC-4,3,2025-10-06,2026-02-04,2026-02-10,hecho,6,0,S29
FAC-189,Energia,ENE-FAC,Producto,historia,FAC-4,5,2025-10-06,2026-02-04,2026-02-19,hecho,15,0,S30
FAC-190,Energia,ENE-FAC,Producto,tarea,FAC-5,2,2025-10-06,2026-02-06,2026-03-12,hecho,34,128,S31
FAC-191,Energia,ENE-FAC,Producto,historia,FAC-5,3,2025-10-06,2026-02-09,2026-02-18,hecho,9,0,S30
FAC-192,Energia,ENE-FAC,Producto,historia,FAC-5,2,2025-10-06,2026-02-09,2026-02-24,hecho,15,0,S30
FAC-193,Energia,ENE-FAC,Producto,historia,FAC-5,8,2025-10-06,2026-02-11,2026-03-19,hecho,36,0,S32
FAC-194,Energia,ENE-FAC,Producto,bug,FAC-5,2,2025-10-06,2026-02-17,2026-02-24,hecho,7,0,S30
FAC-195,Energia,ENE-FAC,Producto,historia,FAC-5,5,2025-10-06,2026-02-20,2026-03-18,hecho,26,0,S32
FAC-196,Energia,ENE-FAC,Producto,historia,FAC-5,3,2025-10-06,2026-02-20,2026-03-02,hecho,10,0,S31
FAC-197,Energia,ENE-FAC,Producto,historia,FAC-5,5,2025-10-06,2026-02-24,2026-04-01,hecho,36,0,S33
FAC-198,Energia,ENE-FAC,Producto,historia,FAC-6,5,2025-10-06,2026-02-27,2026-03-10,hecho,11,0,S31
FAC-199,Energia,ENE-FAC,Producto,tarea,FAC-6,3,2025-10-06,2026-03-02,2026-03-12,hecho,10,0,S31
FAC-200,Energia,ENE-FAC,Producto,historia,FAC-6,2,2025-10-06,2026-03-10,2026-03-19,hecho,9,0,S32
FAC-201,Energia,ENE-FAC,Producto,tarea,FAC-6,2,2025-10-06,2026-03-10,2026-03-19,hecho,9,0,S32
FAC-202,Energia,ENE-FAC,Producto,bug,FAC-6,1,2025-10-06,2026-03-10,2026-03-17,hecho,7,0,S32
FAC-203,Energia,ENE-FAC,Producto,historia,FAC-6,5,2025-10-06,2026-03-12,2026-03-27,hecho,15,0,S32
FAC-204,Energia,ENE-FAC,Producto,bug,FAC-6,2,2025-10-06,2026-03-16,2026-03-24,hecho,8,0,S32
FAC-205,Energia,ENE-FAC,Producto,bug,FAC-6,1,2025-10-06,2026-03-16,2026-03-18,hecho,2,0,S32
FAC-206,Energia,ENE-FAC,Producto,bug,FAC-6,2,2025-10-06,2026-03-17,2026-03-24,hecho,7,0,S32
FAC-207,Energia,ENE-FAC,Producto,historia,FAC-6,2,2025-10-06,2026-03-19,2026-03-25,hecho,6,0,S32
FAC-208,Energia,ENE-FAC,Producto,tarea,FAC-6,3,2025-10-06,2026-03-20,2026-03-27,hecho,7,0,S32
FAC-209,Energia,ENE-FAC,Producto,tarea,FAC-6,1,2025-10-06,2026-03-24,2026-03-31,hecho,7,0,S33
FAC-210,Energia,ENE-FAC,Producto,historia,FAC-7,2,2025-10-06,2026-03-24,2026-04-14,hecho,21,80,S34
FAC-211,Energia,ENE-FAC,Producto,tarea,FAC-7,2,2025-10-06,2026-03-25,2026-04-01,hecho,7,0,S33
FAC-212,Energia,ENE-FAC,Producto,bug,FAC-7,2,2025-10-06,2026-03-26,2026-04-10,hecho,15,0,S33
FAC-213,Energia,ENE-FAC,Producto,tarea,FAC-7,1,2025-10-06,2026-03-26,2026-03-31,hecho,5,0,S33
FAC-214,Energia,ENE-FAC,Producto,historia,FAC-7,5,2025-10-06,2026-03-26,2026-04-23,hecho,28,0,S34
FAC-215,Energia,ENE-FAC,Producto,historia,FAC-7,3,2025-10-06,2026-03-31,2026-04-09,hecho,9,0,S33
FAC-216,Energia,ENE-FAC,Producto,tarea,FAC-7,2,2025-10-06,2026-03-31,2026-07-01,hecho,92,472,S39
FAC-217,Energia,ENE-FAC,Producto,historia,FAC-7,2,2025-10-06,2026-04-01,2026-04-03,hecho,2,0,S33
FAC-218,Energia,ENE-FAC,Producto,historia,FAC-7,3,2025-10-06,2026-04-03,2026-04-10,hecho,7,0,S33
FAC-219,Energia,ENE-FAC,Producto,tarea,FAC-7,3,2025-10-06,2026-04-07,2026-04-28,hecho,21,0,S35
FAC-220,Energia,ENE-FAC,Producto,bug,FAC-7,1,2025-10-06,2026-04-07,2026-04-13,hecho,6,0,S34
FAC-221,Energia,ENE-FAC,Producto,tarea,FAC-7,1,2025-10-06,2026-04-10,2026-04-14,hecho,4,0,S34
FAC-222,Energia,ENE-FAC,Producto,historia,FAC-7,5,2025-10-06,2026-04-14,2026-04-21,hecho,7,0,S34
FAC-223,Energia,ENE-FAC,Producto,tarea,FAC-8,1,2025-10-06,2026-04-21,2026-04-27,hecho,6,0,S35
FAC-224,Energia,ENE-FAC,Producto,historia,FAC-8,3,2025-10-06,2026-04-21,2026-05-08,hecho,17,48,S35
FAC-225,Energia,ENE-FAC,Producto,historia,FAC-8,5,2025-10-06,2026-04-23,2026-05-14,hecho,21,0,S36
FAC-226,Energia,ENE-FAC,Producto,tarea,FAC-8,2,2025-10-06,2026-04-24,2026-07-09,hecho,76,408,S40
FAC-227,Energia,ENE-FAC,Producto,historia,FAC-8,2,2025-10-06,2026-04-27,2026-06-25,hecho,59,312,S39
FAC-228,Energia,ENE-FAC,Producto,historia,FAC-8,3,2025-10-06,2026-05-01,2026-05-07,hecho,6,0,S35
FAC-229,Energia,ENE-FAC,Producto,historia,FAC-8,3,2025-10-06,2026-05-07,2026-07-22,hecho,76,408,S41
FAC-230,Energia,ENE-FAC,Producto,historia,FAC-8,5,2025-10-06,2026-05-08,2026-06-04,hecho,27,0,S37
FAC-231,Energia,ENE-FAC,Producto,bug,FAC-8,2,2025-10-06,2026-05-11,2026-05-15,hecho,4,0,S36
FAC-232,Energia,ENE-FAC,Producto,historia,FAC-8,2,2025-10-06,2026-05-11,2026-08-21,hecho,102,552,S43
FAC-233,Energia,ENE-FAC,Producto,historia,FAC-9,2,2025-10-06,2026-05-14,2026-05-19,hecho,5,0,S36
FAC-234,Energia,ENE-FAC,Producto,tarea,FAC-9,2,2025-10-06,2026-05-19,2026-05-25,hecho,6,0,S37
FAC-235,Energia,ENE-FAC,Producto,tarea,FAC-9,1,2025-10-06,2026-05-22,2026-05-29,hecho,7,0,S37
FAC-236,Energia,ENE-FAC,Producto,historia,FAC-9,3,2025-10-06,2026-05-22,2026-06-01,hecho,10,0,S37
FAC-237,Energia,ENE-FAC,Producto,historia,FAC-9,2,2025-10-06,2026-05-25,2026-05-29,hecho,4,0,S37
FAC-238,Energia,ENE-FAC,Producto,tarea,FAC-9,3,2025-10-06,2026-05-27,2026-08-06,hecho,71,320,S42
FAC-239,Energia,ENE-FAC,Producto,historia,FAC-9,8,2025-10-06,2026-05-28,2026-06-11,hecho,14,0,S38
FAC-240,Energia,ENE-FAC,Producto,tarea,FAC-9,1,2025-10-06,2026-05-29,2026-09-14,hecho,108,576,S45
FAC-241,Energia,ENE-FAC,Producto,tarea,FAC-9,2,2025-10-06,2026-06-01,2026-06-08,hecho,7,0,S38
FAC-242,Energia,ENE-FAC,Producto,historia,FAC-10,3,2025-10-06,2026-06-01,2026-06-15,hecho,14,0,S38
FAC-243,Energia,ENE-FAC,Producto,bug,FAC-10,2,2025-10-06,2026-06-04,2026-06-09,hecho,5,0,S38
FAC-244,Energia,ENE-FAC,Producto,tarea,FAC-10,2,2025-10-06,2026-06-08,2026-06-12,hecho,4,0,S38
FAC-245,Energia,ENE-FAC,Producto,historia,FAC-10,3,2025-10-06,2026-06-09,2026-06-23,hecho,14,0,S39
FAC-246,Energia,ENE-FAC,Producto,historia,FAC-10,2,2025-10-06,2026-06-10,2026-06-18,hecho,8,0,S38
FAC-247,Energia,ENE-FAC,Producto,historia,FAC-10,5,2025-10-06,2026-06-11,2026-07-03,hecho,22,0,S39
FAC-248,Energia,ENE-FAC,Producto,tarea,FAC-10,3,2025-10-06,2026-06-11,2026-06-17,hecho,6,0,S38
FAC-249,Energia,ENE-FAC,Producto,bug,FAC-11,2,2025-10-06,2026-06-12,,bloqueado,,616,S46
FAC-250,Energia,ENE-FAC,Producto,bug,FAC-11,1,2025-10-06,2026-06-16,2026-06-17,hecho,1,0,S38
FAC-251,Energia,ENE-FAC,Producto,historia,FAC-11,5,2025-10-06,2026-06-16,,bloqueado,,568,S46
FAC-252,Energia,ENE-FAC,Producto,historia,FAC-11,3,2025-10-06,2026-06-17,2026-06-23,hecho,6,0,S39
FAC-253,Energia,ENE-FAC,Producto,tarea,FAC-11,1,2025-10-06,2026-06-19,2026-06-25,hecho,6,0,S39
FAC-254,Energia,ENE-FAC,Producto,historia,FAC-11,2,2025-10-06,2026-06-23,2026-07-14,hecho,21,40,S40
FAC-255,Energia,ENE-FAC,Producto,historia,FAC-11,2,2025-10-06,2026-06-23,2026-07-01,hecho,8,0,S39
FAC-256,Energia,ENE-FAC,Producto,historia,FAC-11,8,2025-10-06,2026-06-25,2026-07-10,hecho,15,0,S40
FAC-257,Energia,ENE-FAC,Producto,bug,FAC-11,2,2025-10-06,2026-06-26,2026-07-02,hecho,6,0,S39
FAC-258,Energia,ENE-FAC,Producto,tarea,FAC-12,1,2025-10-06,2026-06-29,2026-07-03,hecho,4,0,S39
FAC-259,Energia,ENE-FAC,Producto,historia,FAC-12,2,2025-10-06,2026-06-30,2026-07-07,hecho,7,0,S40
FAC-260,Energia,ENE-FAC,Producto,tarea,FAC-12,2,2025-10-06,2026-06-30,,bloqueado,,512,S46
FAC-261,Energia,ENE-FAC,Producto,historia,FAC-12,2,2025-10-06,2026-07-07,2026-07-16,hecho,9,0,S40
FAC-262,Energia,ENE-FAC,Producto,historia,FAC-12,5,2025-10-06,2026-07-07,,bloqueado,,456,S46
FAC-263,Energia,ENE-FAC,Producto,historia,FAC-12,3,2025-10-06,2026-07-07,,bloqueado,,464,S46
FAC-264,Energia,ENE-FAC,Producto,tarea,FAC-12,2,2025-10-06,2026-07-07,,bloqueado,,488,S46
FAC-265,Energia,ENE-FAC,Producto,bug,FAC-12,1,2025-10-06,2026-07-09,2026-07-15,hecho,6,0,S40
FAC-266,Energia,ENE-FAC,Producto,historia,FAC-13,8,2025-10-06,2026-07-09,2026-08-18,hecho,40,0,S43
FAC-267,Energia,ENE-FAC,Producto,historia,FAC-13,2,2025-10-06,2026-07-14,2026-07-31,hecho,17,0,S41
FAC-268,Energia,ENE-FAC,Producto,historia,FAC-13,3,2025-10-06,2026-07-14,,bloqueado,,432,S46
FAC-269,Energia,ENE-FAC,Producto,historia,FAC-13,3,2025-10-06,2026-07-14,2026-07-24,hecho,10,0,S41
FAC-270,Energia,ENE-FAC,Producto,tarea,FAC-13,2,2025-10-06,2026-07-14,2026-07-16,hecho,2,0,S40
FAC-271,Energia,ENE-FAC,Producto,historia,FAC-13,2,2025-10-06,2026-07-16,2026-07-28,hecho,12,0,S41
FAC-272,Energia,ENE-FAC,Producto,historia,FAC-13,2,2025-10-06,2026-07-17,,bloqueado,,416,S46
FAC-273,Energia,ENE-FAC,Producto,historia,FAC-13,3,2025-10-06,2026-07-17,2026-07-29,hecho,12,0,S41
FAC-274,Energia,ENE-FAC,Producto,historia,FAC-13,3,2025-10-06,2026-07-22,,bloqueado,,376,S46
FAC-275,Energia,ENE-FAC,Producto,historia,FAC-13,2,2025-10-06,2026-07-24,2026-07-31,hecho,7,0,S41
FAC-276,Energia,ENE-FAC,Producto,tarea,FAC-13,2,2025-10-06,2026-07-24,2026-07-30,hecho,6,0,S41
FAC-277,Energia,ENE-FAC,Producto,bug,FAC-13,2,2025-10-06,2026-07-28,2026-08-05,hecho,8,0,S42
FAC-278,Energia,ENE-FAC,Producto,historia,FAC-13,2,2025-10-06,2026-07-31,2026-08-07,hecho,7,0,S42
FAC-279,Energia,ENE-FAC,Producto,historia,FAC-13,3,2025-10-06,2026-08-04,2026-08-10,hecho,6,0,S42
FAC-280,Energia,ENE-FAC,QA,historia,FAC-1,2,2025-10-06,2025-10-08,2025-10-16,hecho,8,0,S21
FAC-281,Energia,ENE-FAC,QA,historia,FAC-1,3,2025-10-06,2025-10-15,2025-10-30,hecho,15,0,S22
FAC-282,Energia,ENE-FAC,QA,historia,FAC-1,5,2025-10-06,2025-10-17,2025-11-10,hecho,24,0,S23
FAC-283,Energia,ENE-FAC,QA,historia,FAC-2,5,2025-10-06,2025-10-24,2025-11-04,hecho,11,0,S22
FAC-284,Energia,ENE-FAC,QA,historia,FAC-2,3,2025-10-06,2025-11-06,2025-11-17,hecho,11,0,S23
FAC-285,Energia,ENE-FAC,QA,tarea,FAC-2,3,2025-10-06,2025-11-13,2025-11-19,hecho,6,0,S23
FAC-286,Energia,ENE-FAC,QA,tarea,FAC-2,3,2025-10-06,2025-11-18,2025-11-27,hecho,9,0,S24
FAC-287,Energia,ENE-FAC,QA,historia,FAC-2,5,2025-10-06,2025-11-21,2025-12-12,hecho,21,0,S25
FAC-288,Energia,ENE-FAC,QA,bug,FAC-2,2,2025-10-06,2025-12-03,2025-12-09,hecho,6,0,S25
FAC-289,Energia,ENE-FAC,QA,tarea,FAC-2,1,2025-10-06,2025-12-19,2025-12-26,hecho,7,0,S26
FAC-290,Energia,ENE-FAC,QA,historia,FAC-3,2,2025-10-06,2025-12-29,2026-01-01,hecho,3,0,S26
FAC-291,Energia,ENE-FAC,QA,historia,FAC-3,3,2025-10-06,2026-01-06,2026-01-15,hecho,9,0,S27
FAC-292,Energia,ENE-FAC,QA,historia,FAC-3,3,2025-10-06,2026-01-14,2026-01-22,hecho,8,0,S28
FAC-293,Energia,ENE-FAC,QA,historia,FAC-3,2,2025-10-06,2026-01-14,2026-01-22,hecho,8,0,S28
FAC-294,Energia,ENE-FAC,QA,historia,FAC-3,3,2025-10-06,2026-01-16,2026-01-22,hecho,6,0,S28
FAC-295,Energia,ENE-FAC,QA,tarea,FAC-4,1,2025-10-06,2026-01-21,2026-01-28,hecho,7,0,S28
FAC-296,Energia,ENE-FAC,QA,tarea,FAC-4,2,2025-10-06,2026-01-21,2026-01-28,hecho,7,0,S28
FAC-297,Energia,ENE-FAC,QA,tarea,FAC-4,2,2025-10-06,2026-02-04,2026-02-11,hecho,7,0,S29
FAC-298,Energia,ENE-FAC,QA,bug,FAC-4,1,2025-10-06,2026-02-12,2026-02-17,hecho,5,0,S30
FAC-299,Energia,ENE-FAC,QA,bug,FAC-5,1,2025-10-06,2026-02-13,2026-02-19,hecho,6,0,S30
FAC-300,Energia,ENE-FAC,QA,tarea,FAC-5,2,2025-10-06,2026-02-17,2026-02-26,hecho,9,0,S30
FAC-301,Energia,ENE-FAC,QA,historia,FAC-5,2,2025-10-06,2026-02-18,2026-03-04,hecho,14,0,S31
FAC-302,Energia,ENE-FAC,QA,historia,FAC-5,2,2025-10-06,2026-03-18,2026-03-23,hecho,5,0,S32
FAC-303,Energia,ENE-FAC,QA,historia,FAC-6,2,2025-10-06,2026-03-24,2026-04-01,hecho,8,0,S33
FAC-304,Energia,ENE-FAC,QA,historia,FAC-6,8,2025-10-06,2026-04-01,2026-04-24,hecho,23,0,S34
FAC-305,Energia,ENE-FAC,QA,historia,FAC-6,2,2025-10-06,2026-04-15,2026-04-21,hecho,6,0,S34
FAC-306,Energia,ENE-FAC,QA,tarea,FAC-6,1,2025-10-06,2026-04-21,2026-04-29,hecho,8,0,S35
FAC-307,Energia,ENE-FAC,QA,historia,FAC-7,3,2025-10-06,2026-04-23,2026-04-30,hecho,7,0,S35
FAC-308,Energia,ENE-FAC,QA,historia,FAC-7,2,2025-10-06,2026-04-27,2026-05-01,hecho,4,0,S35
FAC-309,Energia,ENE-FAC,QA,bug,FAC-7,1,2025-10-06,2026-04-29,2026-05-04,hecho,5,0,S35
FAC-310,Energia,ENE-FAC,QA,historia,FAC-7,5,2025-10-06,2026-05-22,2026-06-19,hecho,28,0,S38
FAC-311,Energia,ENE-FAC,QA,historia,FAC-7,8,2025-10-06,2026-06-01,2026-06-18,hecho,17,0,S38
FAC-312,Energia,ENE-FAC,QA,tarea,FAC-8,2,2025-10-06,2026-07-03,2026-07-10,hecho,7,0,S40
FAC-313,Energia,ENE-FAC,QA,tarea,FAC-8,3,2025-10-06,2026-07-06,2026-07-17,hecho,11,0,S40
FAC-314,Energia,ENE-FAC,QA,bug,FAC-8,2,2025-10-06,2026-07-13,2026-09-17,hecho,66,296,S45
FAC-315,Energia,ENE-FAC,QA,historia,FAC-9,3,2025-10-06,2026-07-17,2026-08-10,hecho,24,0,S42
FAC-316,Energia,ENE-FAC,QA,historia,FAC-9,5,2025-10-06,2026-07-22,2026-08-26,hecho,35,0,S43
FAC-317,Energia,ENE-FAC,QA,tarea,FAC-10,2,2025-10-06,2026-07-24,2026-07-31,hecho,7,0,S41
FAC-318,Energia,ENE-FAC,QA,historia,FAC-10,5,2025-10-06,2026-07-30,,bloqueado,,344,S46
FAC-319,Energia,ENE-FAC,QA,historia,FAC-11,3,2025-10-06,2026-08-05,2026-08-14,hecho,9,0,S42
FAC-320,Energia,ENE-FAC,QA,historia,FAC-11,5,2025-10-06,2026-08-06,2026-08-12,hecho,6,0,S42
FAC-321,Energia,ENE-FAC,QA,historia,FAC-11,3,2025-10-06,2026-08-07,2026-08-14,hecho,7,0,S42
FAC-322,Energia,ENE-FAC,QA,historia,FAC-11,3,2025-10-06,2026-08-13,2026-08-24,hecho,11,0,S43
FAC-323,Energia,ENE-FAC,QA,historia,FAC-11,5,2025-10-06,2026-08-18,2026-09-01,hecho,14,0,S44
FAC-324,Energia,ENE-FAC,QA,historia,FAC-12,2,2025-10-06,2026-09-15,2026-09-23,hecho,8,0,S45
FAC-325,Energia,ENE-FAC,QA,historia,FAC-12,3,2025-10-06,2026-09-16,2026-09-22,hecho,6,0,S45
FAC-326,Energia,ENE-FAC,QA,historia,FAC-12,3,2025-10-06,2026-09-21,,en_revision,,0,S46
FAC-327,Energia,ENE-FAC,QA,historia,FAC-13,5,2025-10-06,2026-09-25,,en_curso,,0,S46
FAC-328,Energia,ENE-FAC,QA,tarea,FAC-13,2,2025-10-06,,,por_hacer,,0,
FAC-329,Energia,ENE-FAC,QA,historia,FAC-13,3,2025-10-06,,,por_hacer,,0,
TEL-1,Energia,ENE-TEL,Producto,epica,,,2025-02-03,2025-02-03,2025-03-13,hecho,,,
TEL-2,Energia,ENE-TEL,Producto,epica,,,2025-02-03,2025-02-03,2025-03-14,hecho,,,
TEL-3,Energia,ENE-TEL,Producto,epica,,,2025-02-03,2025-02-06,2025-04-11,hecho,,,
TEL-4,Energia,ENE-TEL,Producto,epica,,,2025-02-03,2025-02-12,2025-04-16,hecho,,,
TEL-5,Energia,ENE-TEL,Producto,epica,,,2025-02-03,2025-02-19,2025-04-10,hecho,,,
TEL-6,Energia,ENE-TEL,Producto,epica,,,2025-02-03,2025-02-28,2025-04-28,hecho,,,
TEL-7,Energia,ENE-TEL,Producto,epica,,,2025-02-03,2025-03-13,2025-05-06,hecho,,,
TEL-8,Energia,ENE-TEL,Producto,epica,,,2025-02-03,2025-03-24,2025-05-29,hecho,,,
TEL-9,Energia,ENE-TEL,Producto,epica,,,2025-02-03,2025-04-02,2025-06-05,hecho,,,
TEL-10,Energia,ENE-TEL,Producto,epica,,,2025-02-03,2025-04-04,2025-07-04,hecho,,,
TEL-11,Energia,ENE-TEL,Producto,epica,,,2025-02-03,2025-04-07,2025-07-04,hecho,,,
TEL-12,Energia,ENE-TEL,Producto,epica,,,2025-02-03,2025-04-22,2025-08-04,hecho,,,
TEL-13,Energia,ENE-TEL,Producto,epica,,,2025-02-03,2025-04-29,2025-08-05,hecho,,,
TEL-14,Energia,ENE-TEL,Producto,epica,,,2025-02-03,2025-05-01,2025-08-21,hecho,,,
TEL-15,Energia,ENE-TEL,Producto,epica,,,2025-02-03,2025-05-13,2025-09-19,hecho,,,
TEL-16,Energia,ENE-TEL,Producto,epica,,,2025-02-03,2025-05-26,2025-09-26,hecho,,,
TEL-17,Energia,ENE-TEL,Producto,epica,,,2025-02-03,2025-05-30,2025-10-14,hecho,,,
TEL-18,Energia,ENE-TEL,Producto,epica,,,2025-02-03,2025-06-03,2025-10-20,hecho,,,
TEL-19,Energia,ENE-TEL,Producto,epica,,,2025-02-03,2025-06-16,2025-12-05,hecho,,,
TEL-20,Energia,ENE-TEL,Producto,epica,,,2025-02-03,2025-07-09,2025-12-19,hecho,,,
TEL-21,Energia,ENE-TEL,Producto,epica,,,2025-02-03,2025-07-21,2025-12-29,hecho,,,
TEL-22,Energia,ENE-TEL,Producto,epica,,,2025-02-03,2025-07-21,2025-12-25,hecho,,,
TEL-23,Energia,ENE-TEL,Producto,epica,,,2025-02-03,2025-08-11,2026-01-12,hecho,,,
TEL-24,Energia,ENE-TEL,Producto,epica,,,2025-02-03,2025-08-21,2026-02-05,hecho,,,
TEL-25,Energia,ENE-TEL,Producto,epica,,,2025-02-03,2025-09-17,2026-03-03,hecho,,,
TEL-26,Energia,ENE-TEL,Datos,historia,TEL-1,5,2025-02-03,2025-02-03,2025-02-21,hecho,18,0,S04
TEL-27,Energia,ENE-TEL,Datos,historia,TEL-1,2,2025-02-03,2025-02-03,2025-02-14,hecho,11,0,S03
TEL-28,Energia,ENE-TEL,Datos,historia,TEL-1,2,2025-02-03,2025-02-03,2025-02-12,hecho,9,0,S03
TEL-29,Energia,ENE-TEL,Datos,historia,TEL-1,2,2025-02-03,2025-02-03,2025-03-11,hecho,36,152,S05
TEL-30,Energia,ENE-TEL,Datos,historia,TEL-1,3,2025-02-03,2025-02-03,2025-02-19,hecho,16,0,S04
TEL-31,Energia,ENE-TEL,Datos,bug,TEL-2,1,2025-02-03,2025-02-06,2025-02-10,hecho,4,0,S03
TEL-32,Energia,ENE-TEL,Datos,bug,TEL-2,1,2025-02-03,2025-02-07,2025-02-18,hecho,11,40,S04
TEL-33,Energia,ENE-TEL,Datos,historia,TEL-2,3,2025-02-03,2025-02-10,2025-02-19,hecho,9,0,S04
TEL-34,Energia,ENE-TEL,Datos,historia,TEL-2,5,2025-02-03,2025-02-10,2025-02-24,hecho,14,0,S04
TEL-35,Energia,ENE-TEL,Datos,historia,TEL-2,3,2025-02-03,2025-02-13,2025-03-07,hecho,22,0,S05
TEL-36,Energia,ENE-TEL,Datos,historia,TEL-3,8,2025-02-03,2025-02-18,2025-04-11,hecho,52,0,S07
TEL-37,Energia,ENE-TEL,Datos,historia,TEL-3,2,2025-02-03,2025-02-18,2025-02-21,hecho,3,0,S04
TEL-38,Energia,ENE-TEL,Datos,historia,TEL-3,3,2025-02-03,2025-02-21,2025-03-06,hecho,13,0,S05
TEL-39,Energia,ENE-TEL,Datos,historia,TEL-3,3,2025-02-03,2025-02-21,2025-02-27,hecho,6,0,S04
TEL-40,Energia,ENE-TEL,Datos,historia,TEL-3,5,2025-02-03,2025-02-21,2025-03-04,hecho,11,0,S05
TEL-41,Energia,ENE-TEL,Datos,historia,TEL-3,3,2025-02-03,2025-02-27,2025-03-12,hecho,13,0,S05
TEL-42,Energia,ENE-TEL,Datos,historia,TEL-4,2,2025-02-03,2025-02-28,2025-04-04,hecho,35,112,S07
TEL-43,Energia,ENE-TEL,Datos,tarea,TEL-4,1,2025-02-03,2025-03-04,2025-03-14,hecho,10,0,S05
TEL-44,Energia,ENE-TEL,Datos,tarea,TEL-4,2,2025-02-03,2025-03-06,2025-03-07,hecho,1,0,S05
TEL-45,Energia,ENE-TEL,Datos,historia,TEL-4,3,2025-02-03,2025-03-07,2025-03-18,hecho,11,0,S06
TEL-46,Energia,ENE-TEL,Datos,bug,TEL-4,1,2025-02-03,2025-03-11,2025-03-14,hecho,3,0,S05
TEL-47,Energia,ENE-TEL,Datos,historia,TEL-4,3,2025-02-03,2025-03-12,2025-03-20,hecho,8,0,S06
TEL-48,Energia,ENE-TEL,Datos,historia,TEL-5,2,2025-02-03,2025-03-12,2025-03-19,hecho,7,0,S06
TEL-49,Energia,ENE-TEL,Datos,historia,TEL-5,3,2025-02-03,2025-03-14,2025-03-24,hecho,10,0,S06
TEL-50,Energia,ENE-TEL,Datos,historia,TEL-5,3,2025-02-03,2025-03-14,2025-03-24,hecho,10,0,S06
TEL-51,Energia,ENE-TEL,Datos,bug,TEL-5,2,2025-02-03,2025-03-17,2025-03-20,hecho,3,0,S06
TEL-52,Energia,ENE-TEL,Datos,historia,TEL-6,3,2025-02-03,2025-03-18,2025-04-01,hecho,14,0,S07
TEL-53,Energia,ENE-TEL,Datos,historia,TEL-6,2,2025-02-03,2025-03-19,2025-03-26,hecho,7,0,S06
TEL-54,Energia,ENE-TEL,Datos,historia,TEL-6,3,2025-02-03,2025-03-20,2025-03-28,hecho,8,0,S06
TEL-55,Energia,ENE-TEL,Datos,historia,TEL-6,2,2025-02-03,2025-03-24,2025-03-27,hecho,3,0,S06
TEL-56,Energia,ENE-TEL,Datos,bug,TEL-6,1,2025-02-03,2025-03-26,2025-03-27,hecho,1,0,S06
TEL-57,Energia,ENE-TEL,Datos,bug,TEL-6,1,2025-02-03,2025-03-27,2025-03-28,hecho,1,0,S06
TEL-58,Energia,ENE-TEL,Datos,historia,TEL-6,8,2025-02-03,2025-03-27,2025-04-18,hecho,22,0,S08
TEL-59,Energia,ENE-TEL,Datos,historia,TEL-7,8,2025-02-03,2025-03-28,2025-04-16,hecho,19,0,S08
TEL-60,Energia,ENE-TEL,Datos,historia,TEL-7,3,2025-02-03,2025-03-28,2025-04-23,hecho,26,80,S08
TEL-61,Energia,ENE-TEL,Datos,bug,TEL-7,1,2025-02-03,2025-04-02,2025-04-08,hecho,6,0,S07
TEL-62,Energia,ENE-TEL,Datos,tarea,TEL-7,3,2025-02-03,2025-04-04,2025-04-10,hecho,6,0,S07
TEL-63,Energia,ENE-TEL,Datos,historia,TEL-8,2,2025-02-03,2025-04-04,2025-04-08,hecho,4,0,S07
TEL-64,Energia,ENE-TEL,Datos,historia,TEL-8,3,2025-02-03,2025-04-08,2025-04-25,hecho,17,0,S08
TEL-65,Energia,ENE-TEL,Datos,historia,TEL-8,3,2025-02-03,2025-04-09,2025-04-17,hecho,8,0,S08
TEL-66,Energia,ENE-TEL,Datos,historia,TEL-8,5,2025-02-03,2025-04-10,2025-05-02,hecho,22,0,S09
TEL-67,Energia,ENE-TEL,Datos,historia,TEL-9,5,2025-02-03,2025-04-16,2025-04-28,hecho,12,0,S09
TEL-68,Energia,ENE-TEL,Datos,historia,TEL-9,2,2025-02-03,2025-04-17,2025-05-02,hecho,15,48,S09
TEL-69,Energia,ENE-TEL,Datos,historia,TEL-9,2,2025-02-03,2025-04-21,2025-04-28,hecho,7,0,S09
TEL-70,Energia,ENE-TEL,Datos,historia,TEL-9,5,2025-02-03,2025-04-21,2025-05-15,hecho,24,0,S10
TEL-71,Energia,ENE-TEL,Datos,tarea,TEL-10,2,2025-02-03,2025-04-23,2025-04-28,hecho,5,0,S09
TEL-72,Energia,ENE-TEL,Datos,historia,TEL-10,2,2025-02-03,2025-04-25,2025-04-30,hecho,5,0,S09
TEL-73,Energia,ENE-TEL,Datos,historia,TEL-10,3,2025-02-03,2025-04-25,2025-05-06,hecho,11,0,S09
TEL-74,Energia,ENE-TEL,Datos,historia,TEL-10,8,2025-02-03,2025-04-28,2025-05-13,hecho,15,0,S10
TEL-75,Energia,ENE-TEL,Datos,historia,TEL-11,5,2025-02-03,2025-04-30,2025-05-14,hecho,14,0,S10
TEL-76,Energia,ENE-TEL,Datos,historia,TEL-11,8,2025-02-03,2025-04-30,2025-06-09,hecho,40,0,S12
TEL-77,Energia,ENE-TEL,Datos,historia,TEL-11,3,2025-02-03,2025-05-05,2025-05-22,hecho,17,0,S10
TEL-78,Energia,ENE-TEL,Datos,tarea,TEL-11,1,2025-02-03,2025-05-13,2025-05-16,hecho,3,0,S10
TEL-79,Energia,ENE-TEL,Datos,historia,TEL-11,5,2025-02-03,2025-05-13,2025-06-23,hecho,41,144,S13
TEL-80,Energia,ENE-TEL,Datos,bug,TEL-12,1,2025-02-03,2025-05-14,2025-05-23,hecho,9,0,S10
TEL-81,Energia,ENE-TEL,Datos,bug,TEL-12,1,2025-02-03,2025-05-15,2025-05-22,hecho,7,0,S10
TEL-82,Energia,ENE-TEL,Datos,tarea,TEL-12,1,2025-02-03,2025-05-19,2025-05-21,hecho,2,0,S10
TEL-83,Energia,ENE-TEL,Datos,historia,TEL-12,2,2025-02-03,2025-05-20,2025-05-29,hecho,9,0,S11
TEL-84,Energia,ENE-TEL,Datos,historia,TEL-12,3,2025-02-03,2025-05-21,2025-05-29,hecho,8,0,S11
TEL-85,Energia,ENE-TEL,Datos,tarea,TEL-12,1,2025-02-03,2025-05-22,2025-05-28,hecho,6,0,S11
TEL-86,Energia,ENE-TEL,Datos,historia,TEL-12,3,2025-02-03,2025-05-23,2025-06-04,hecho,12,0,S11
TEL-87,Energia,ENE-TEL,Datos,bug,TEL-12,2,2025-02-03,2025-05-27,2025-06-03,hecho,7,0,S11
TEL-88,Energia,ENE-TEL,Datos,historia,TEL-12,5,2025-02-03,2025-05-28,2025-06-09,hecho,12,0,S12
TEL-89,Energia,ENE-TEL,Datos,bug,TEL-13,2,2025-02-03,2025-05-29,2025-06-06,hecho,8,0,S11
TEL-90,Energia,ENE-TEL,Datos,bug,TEL-13,1,2025-02-03,2025-06-03,2025-06-10,hecho,7,0,S12
TEL-91,Energia,ENE-TEL,Datos,historia,TEL-13,3,2025-02-03,2025-06-05,2025-06-16,hecho,11,0,S12
TEL-92,Energia,ENE-TEL,Datos,historia,TEL-13,3,2025-02-03,2025-06-06,2025-06-17,hecho,11,0,S12
TEL-93,Energia,ENE-TEL,Datos,historia,TEL-14,2,2025-02-03,2025-06-17,2025-06-19,hecho,2,0,S12
TEL-94,Energia,ENE-TEL,Datos,historia,TEL-14,5,2025-02-03,2025-06-19,2025-07-10,hecho,21,0,S14
TEL-95,Energia,ENE-TEL,Datos,tarea,TEL-14,2,2025-02-03,2025-06-19,2025-06-27,hecho,8,0,S13
TEL-96,Energia,ENE-TEL,Datos,bug,TEL-14,1,2025-02-03,2025-06-19,2025-06-23,hecho,4,0,S13
TEL-97,Energia,ENE-TEL,Datos,bug,TEL-14,2,2025-02-03,2025-06-25,2025-07-02,hecho,7,0,S13
TEL-98,Energia,ENE-TEL,Datos,historia,TEL-15,2,2025-02-03,2025-07-08,2025-07-11,hecho,3,0,S14
TEL-99,Energia,ENE-TEL,Datos,tarea,TEL-15,2,2025-02-03,2025-07-08,2025-07-10,hecho,2,0,S14
TEL-100,Energia,ENE-TEL,Datos,tarea,TEL-15,1,2025-02-03,2025-07-10,2025-07-16,hecho,6,0,S14
TEL-101,Energia,ENE-TEL,Datos,tarea,TEL-15,3,2025-02-03,2025-07-10,2025-07-23,hecho,13,0,S15
TEL-102,Energia,ENE-TEL,Datos,historia,TEL-15,2,2025-02-03,2025-07-14,2025-07-25,hecho,11,0,S15
TEL-103,Energia,ENE-TEL,Datos,historia,TEL-15,2,2025-02-03,2025-07-21,2025-07-30,hecho,9,0,S15
TEL-104,Energia,ENE-TEL,Datos,bug,TEL-15,2,2025-02-03,2025-07-24,2025-08-08,hecho,15,0,S16
TEL-105,Energia,ENE-TEL,Datos,historia,TEL-15,3,2025-02-03,2025-07-28,2025-08-01,hecho,4,0,S15
TEL-106,Energia,ENE-TEL,Datos,tarea,TEL-16,2,2025-02-03,2025-07-29,2025-08-06,hecho,8,0,S16
TEL-107,Energia,ENE-TEL,Datos,bug,TEL-16,2,2025-02-03,2025-07-30,2025-08-06,hecho,7,0,S16
TEL-108,Energia,ENE-TEL,Datos,historia,TEL-16,8,2025-02-03,2025-08-04,2025-09-26,hecho,53,0,S19
TEL-109,Energia,ENE-TEL,Datos,historia,TEL-16,3,2025-02-03,2025-08-04,2025-08-11,hecho,7,0,S16
TEL-110,Energia,ENE-TEL,Datos,historia,TEL-16,3,2025-02-03,2025-08-06,2025-08-20,hecho,14,0,S17
TEL-111,Energia,ENE-TEL,Datos,historia,TEL-16,8,2025-02-03,2025-08-11,2025-08-22,hecho,11,0,S17
TEL-112,Energia,ENE-TEL,Datos,historia,TEL-16,3,2025-02-03,2025-08-20,2025-08-22,hecho,2,0,S17
TEL-113,Energia,ENE-TEL,Datos,historia,TEL-17,5,2025-02-03,2025-08-25,2025-10-06,hecho,42,160,S20
TEL-114,Energia,ENE-TEL,Datos,historia,TEL-18,5,2025-02-03,2025-09-03,2025-09-26,hecho,23,0,S19
TEL-115,Energia,ENE-TEL,Datos,historia,TEL-18,2,2025-02-03,2025-09-08,2025-09-16,hecho,8,0,S19
TEL-116,Energia,ENE-TEL,Datos,bug,TEL-18,1,2025-02-03,2025-09-08,2025-09-11,hecho,3,0,S18
TEL-117,Energia,ENE-TEL,Datos,historia,TEL-18,3,2025-02-03,2025-09-09,2025-09-17,hecho,8,0,S19
TEL-118,Energia,ENE-TEL,Datos,tarea,TEL-18,2,2025-02-03,2025-09-10,2025-09-16,hecho,6,0,S19
TEL-119,Energia,ENE-TEL,Datos,historia,TEL-19,2,2025-02-03,2025-09-16,2025-09-26,hecho,10,0,S19
TEL-120,Energia,ENE-TEL,Datos,historia,TEL-19,3,2025-02-03,2025-09-19,2025-09-29,hecho,10,0,S20
TEL-121,Energia,ENE-TEL,Datos,historia,TEL-19,8,2025-02-03,2025-09-25,2025-10-14,hecho,19,0,S21
TEL-122,Energia,ENE-TEL,Datos,bug,TEL-19,1,2025-02-03,2025-09-26,2025-10-08,hecho,12,0,S20
TEL-123,Energia,ENE-TEL,Datos,historia,TEL-19,2,2025-02-03,2025-10-03,2025-10-09,hecho,6,0,S20
TEL-124,Energia,ENE-TEL,Datos,historia,TEL-19,8,2025-02-03,2025-10-08,2025-12-05,hecho,58,0,S24
TEL-125,Energia,ENE-TEL,Datos,bug,TEL-20,2,2025-02-03,2025-10-08,2025-10-14,hecho,6,0,S21
TEL-126,Energia,ENE-TEL,Datos,historia,TEL-20,3,2025-02-03,2025-10-13,2025-10-28,hecho,15,0,S22
TEL-127,Energia,ENE-TEL,Datos,bug,TEL-20,2,2025-02-03,2025-10-13,2025-10-23,hecho,10,0,S21
TEL-128,Energia,ENE-TEL,Datos,bug,TEL-20,1,2025-02-03,2025-10-21,2025-10-24,hecho,3,0,S21
TEL-129,Energia,ENE-TEL,Datos,historia,TEL-20,8,2025-02-03,2025-10-21,2025-11-11,hecho,21,0,S23
TEL-130,Energia,ENE-TEL,Datos,tarea,TEL-20,2,2025-02-03,2025-10-23,2025-10-29,hecho,6,0,S22
TEL-131,Energia,ENE-TEL,Datos,historia,TEL-20,3,2025-02-03,2025-11-11,2025-11-18,hecho,7,0,S23
TEL-132,Energia,ENE-TEL,Datos,historia,TEL-20,5,2025-02-03,2025-11-12,2025-12-19,hecho,37,0,S25
TEL-133,Energia,ENE-TEL,Datos,historia,TEL-21,3,2025-02-03,2025-11-13,2025-11-19,hecho,6,0,S23
TEL-134,Energia,ENE-TEL,Datos,historia,TEL-21,2,2025-02-03,2025-11-18,2025-11-25,hecho,7,0,S24
TEL-135,Energia,ENE-TEL,Datos,tarea,TEL-21,2,2025-02-03,2025-11-18,2025-11-21,hecho,3,0,S23
TEL-136,Energia,ENE-TEL,Datos,historia,TEL-21,3,2025-02-03,2025-11-19,2025-11-27,hecho,8,0,S24
TEL-137,Energia,ENE-TEL,Datos,tarea,TEL-22,2,2025-02-03,2025-12-05,2025-12-17,hecho,12,0,S25
TEL-138,Energia,ENE-TEL,Datos,historia,TEL-22,3,2025-02-03,2025-12-08,2025-12-19,hecho,11,0,S25
TEL-139,Energia,ENE-TEL,Datos,historia,TEL-22,2,2025-02-03,2025-12-16,2025-12-25,hecho,9,0,S26
TEL-140,Energia,ENE-TEL,Datos,tarea,TEL-22,1,2025-02-03,2025-12-18,2025-12-25,hecho,7,0,S26
TEL-141,Energia,ENE-TEL,Datos,historia,TEL-23,2,2025-02-03,2025-12-18,2025-12-23,hecho,5,0,S26
TEL-142,Energia,ENE-TEL,Datos,historia,TEL-23,8,2025-02-03,2025-12-23,2026-01-07,hecho,15,0,S27
TEL-143,Energia,ENE-TEL,Datos,historia,TEL-23,3,2025-02-03,2025-12-23,2026-01-06,hecho,14,0,S27
TEL-144,Energia,ENE-TEL,Datos,historia,TEL-24,3,2025-02-03,2025-12-24,2026-01-22,hecho,29,0,S28
TEL-145,Energia,ENE-TEL,Datos,historia,TEL-24,3,2025-02-03,2026-01-01,2026-01-15,hecho,14,0,S27
TEL-146,Energia,ENE-TEL,Datos,historia,TEL-24,2,2025-02-03,2026-01-07,2026-01-09,hecho,2,0,S27
TEL-147,Energia,ENE-TEL,Datos,historia,TEL-24,3,2025-02-03,2026-01-15,2026-01-29,hecho,14,0,S28
TEL-148,Energia,ENE-TEL,Datos,historia,TEL-24,3,2025-02-03,2026-01-20,2026-01-29,hecho,9,0,S28
TEL-149,Energia,ENE-TEL,Datos,bug,TEL-25,1,2025-02-03,2026-01-20,2026-01-26,hecho,6,0,S28
TEL-150,Energia,ENE-TEL,Datos,bug,TEL-25,1,2025-02-03,2026-01-22,2026-01-27,hecho,5,0,S28
TEL-151,Energia,ENE-TEL,Datos,historia,TEL-25,8,2025-02-03,2026-01-27,2026-02-23,hecho,27,0,S30
TEL-152,Energia,ENE-TEL,Datos,historia,TEL-25,2,2025-02-03,2026-01-28,2026-02-09,hecho,12,0,S29
TEL-153,Energia,ENE-TEL,Datos,historia,TEL-25,5,2025-02-03,2026-02-02,2026-02-09,hecho,7,0,S29
TEL-154,Energia,ENE-TEL,Datos,historia,TEL-25,3,2025-02-03,2026-02-03,2026-02-16,hecho,13,0,S30
TEL-155,Energia,ENE-TEL,Integraciones,historia,TEL-1,2,2025-02-03,2025-02-03,2025-02-06,hecho,3,0,S03
TEL-156,Energia,ENE-TEL,Integraciones,historia,TEL-1,8,2025-02-03,2025-02-03,2025-02-21,hecho,18,0,S04
TEL-157,Energia,ENE-TEL,Integraciones,tarea,TEL-1,2,2025-02-03,2025-02-03,2025-03-13,hecho,38,176,S05
TEL-158,Energia,ENE-TEL,Integraciones,historia,TEL-1,3,2025-02-03,2025-02-03,2025-02-20,hecho,17,0,S04
TEL-159,Energia,ENE-TEL,Integraciones,historia,TEL-1,8,2025-02-03,2025-02-05,2025-02-21,hecho,16,0,S04
TEL-160,Energia,ENE-TEL,Integraciones,historia,TEL-1,2,2025-02-03,2025-02-06,2025-02-14,hecho,8,0,S03
TEL-161,Energia,ENE-TEL,Integraciones,tarea,TEL-1,2,2025-02-03,2025-02-14,2025-02-25,hecho,11,0,S04
TEL-162,Energia,ENE-TEL,Integraciones,historia,TEL-1,2,2025-02-03,2025-02-19,2025-02-27,hecho,8,0,S04
TEL-163,Energia,ENE-TEL,Integraciones,historia,TEL-2,2,2025-02-03,2025-02-19,2025-03-04,hecho,13,0,S05
TEL-164,Energia,ENE-TEL,Integraciones,bug,TEL-2,1,2025-02-03,2025-02-20,2025-02-27,hecho,7,0,S04
TEL-165,Energia,ENE-TEL,Integraciones,historia,TEL-3,5,2025-02-03,2025-02-21,2025-03-06,hecho,13,0,S05
TEL-166,Energia,ENE-TEL,Integraciones,historia,TEL-3,3,2025-02-03,2025-02-25,2025-03-24,hecho,27,104,S06
TEL-167,Energia,ENE-TEL,Integraciones,historia,TEL-3,2,2025-02-03,2025-02-26,2025-03-06,hecho,8,0,S05
TEL-168,Energia,ENE-TEL,Integraciones,tarea,TEL-3,2,2025-02-03,2025-02-27,2025-03-05,hecho,6,0,S05
TEL-169,Energia,ENE-TEL,Integraciones,historia,TEL-3,3,2025-02-03,2025-02-28,2025-03-17,hecho,17,0,S06
TEL-170,Energia,ENE-TEL,Integraciones,bug,TEL-4,2,2025-02-03,2025-03-05,2025-03-11,hecho,6,0,S05
TEL-171,Energia,ENE-TEL,Integraciones,historia,TEL-5,2,2025-02-03,2025-03-06,2025-03-17,hecho,11,0,S06
TEL-172,Energia,ENE-TEL,Integraciones,tarea,TEL-5,2,2025-02-03,2025-03-06,2025-03-13,hecho,7,0,S05
TEL-173,Energia,ENE-TEL,Integraciones,historia,TEL-5,3,2025-02-03,2025-03-11,2025-03-18,hecho,7,0,S06
TEL-174,Energia,ENE-TEL,Integraciones,historia,TEL-5,5,2025-02-03,2025-03-12,2025-03-24,hecho,12,0,S06
TEL-175,Energia,ENE-TEL,Integraciones,tarea,TEL-6,3,2025-02-03,2025-03-13,2025-03-21,hecho,8,0,S06
TEL-176,Energia,ENE-TEL,Integraciones,tarea,TEL-6,2,2025-02-03,2025-03-14,2025-04-08,hecho,25,64,S07
TEL-177,Energia,ENE-TEL,Integraciones,tarea,TEL-6,3,2025-02-03,2025-03-19,2025-03-31,hecho,12,0,S07
TEL-178,Energia,ENE-TEL,Integraciones,tarea,TEL-7,2,2025-02-03,2025-03-20,2025-03-28,hecho,8,0,S06
TEL-179,Energia,ENE-TEL,Integraciones,historia,TEL-7,3,2025-02-03,2025-03-21,2025-03-28,hecho,7,0,S06
TEL-180,Energia,ENE-TEL,Integraciones,bug,TEL-7,2,2025-02-03,2025-03-24,2025-03-31,hecho,7,0,S07
TEL-181,Energia,ENE-TEL,Integraciones,historia,TEL-7,2,2025-02-03,2025-03-26,2025-04-01,hecho,6,0,S07
TEL-182,Energia,ENE-TEL,Integraciones,tarea,TEL-7,2,2025-02-03,2025-03-27,2025-04-25,hecho,29,120,S08
TEL-183,Energia,ENE-TEL,Integraciones,historia,TEL-8,2,2025-02-03,2025-03-27,2025-04-04,hecho,8,0,S07
TEL-184,Energia,ENE-TEL,Integraciones,historia,TEL-8,3,2025-02-03,2025-03-31,2025-04-29,hecho,29,88,S09
TEL-185,Energia,ENE-TEL,Integraciones,tarea,TEL-8,2,2025-02-03,2025-03-31,2025-04-04,hecho,4,0,S07
TEL-186,Energia,ENE-TEL,Integraciones,bug,TEL-8,1,2025-02-03,2025-03-31,2025-04-07,hecho,7,0,S07
TEL-187,Energia,ENE-TEL,Integraciones,historia,TEL-8,2,2025-02-03,2025-04-02,2025-04-07,hecho,5,0,S07
TEL-188,Energia,ENE-TEL,Integraciones,historia,TEL-9,3,2025-02-03,2025-04-04,2025-06-05,hecho,62,280,S11
TEL-189,Energia,ENE-TEL,Integraciones,historia,TEL-10,3,2025-02-03,2025-04-04,2025-04-21,hecho,17,0,S08
TEL-190,Energia,ENE-TEL,Integraciones,historia,TEL-10,5,2025-02-03,2025-04-07,2025-04-22,hecho,15,0,S08
TEL-191,Energia,ENE-TEL,Integraciones,historia,TEL-11,5,2025-02-03,2025-04-07,2025-04-30,hecho,23,0,S09
TEL-192,Energia,ENE-TEL,Integraciones,historia,TEL-11,5,2025-02-03,2025-04-09,2025-04-30,hecho,21,0,S09
TEL-193,Energia,ENE-TEL,Integraciones,historia,TEL-11,8,2025-02-03,2025-04-24,2025-05-14,hecho,20,0,S10
TEL-194,Energia,ENE-TEL,Integraciones,tarea,TEL-12,2,2025-02-03,2025-04-28,2025-05-07,hecho,9,0,S09
TEL-195,Energia,ENE-TEL,Integraciones,historia,TEL-12,2,2025-02-03,2025-04-29,2025-05-06,hecho,7,0,S09
TEL-196,Energia,ENE-TEL,Integraciones,historia,TEL-12,5,2025-02-03,2025-04-29,2025-05-23,hecho,24,0,S10
TEL-197,Energia,ENE-TEL,Integraciones,historia,TEL-13,2,2025-02-03,2025-05-05,2025-05-09,hecho,4,0,S09
TEL-198,Energia,ENE-TEL,Integraciones,historia,TEL-13,3,2025-02-03,2025-05-06,2025-06-13,hecho,38,0,S12
TEL-199,Energia,ENE-TEL,Integraciones,tarea,TEL-13,2,2025-02-03,2025-05-07,2025-05-13,hecho,6,0,S10
TEL-200,Energia,ENE-TEL,Integraciones,tarea,TEL-13,3,2025-02-03,2025-05-09,2025-05-16,hecho,7,0,S10
TEL-201,Energia,ENE-TEL,Integraciones,historia,TEL-13,3,2025-02-03,2025-05-13,2025-06-18,hecho,36,152,S12
TEL-202,Energia,ENE-TEL,Integraciones,historia,TEL-13,3,2025-02-03,2025-05-16,2025-05-28,hecho,12,0,S11
TEL-203,Energia,ENE-TEL,Integraciones,tarea,TEL-13,1,2025-02-03,2025-05-19,2025-05-22,hecho,3,0,S10
TEL-204,Energia,ENE-TEL,Integraciones,historia,TEL-14,3,2025-02-03,2025-05-21,2025-05-29,hecho,8,0,S11
TEL-205,Energia,ENE-TEL,Integraciones,tarea,TEL-15,3,2025-02-03,2025-05-21,2025-05-28,hecho,7,0,S11
TEL-206,Energia,ENE-TEL,Integraciones,historia,TEL-15,2,2025-02-03,2025-05-28,2025-08-13,hecho,77,400,S16
TEL-207,Energia,ENE-TEL,Integraciones,historia,TEL-15,2,2025-02-03,2025-05-29,2025-06-18,hecho,20,72,S12
TEL-208,Energia,ENE-TEL,Integraciones,historia,TEL-15,2,2025-02-03,2025-05-30,2025-06-23,hecho,24,80,S13
TEL-209,Energia,ENE-TEL,Integraciones,tarea,TEL-16,3,2025-02-03,2025-06-03,2025-06-16,hecho,13,0,S12
TEL-210,Energia,ENE-TEL,Integraciones,historia,TEL-16,3,2025-02-03,2025-06-06,2025-06-17,hecho,11,0,S12
TEL-211,Energia,ENE-TEL,Integraciones,bug,TEL-16,2,2025-02-03,2025-06-10,2025-06-17,hecho,7,0,S12
TEL-212,Energia,ENE-TEL,Integraciones,historia,TEL-17,2,2025-02-03,2025-06-16,2025-07-07,hecho,21,0,S14
TEL-213,Energia,ENE-TEL,Integraciones,bug,TEL-17,2,2025-02-03,2025-06-17,2025-06-23,hecho,6,0,S13
TEL-214,Energia,ENE-TEL,Integraciones,bug,TEL-17,2,2025-02-03,2025-06-19,2025-06-25,hecho,6,0,S13
TEL-215,Energia,ENE-TEL,Integraciones,historia,TEL-17,2,2025-02-03,2025-06-25,2025-07-04,hecho,9,0,S13
TEL-216,Energia,ENE-TEL,Integraciones,historia,TEL-18,2,2025-02-03,2025-07-03,2025-07-23,hecho,20,0,S15
TEL-217,Energia,ENE-TEL,Integraciones,historia,TEL-18,5,2025-02-03,2025-07-08,2025-07-18,hecho,10,0,S14
TEL-218,Energia,ENE-TEL,Integraciones,historia,TEL-18,2,2025-02-03,2025-07-11,2025-07-17,hecho,6,0,S14
TEL-219,Energia,ENE-TEL,Integraciones,historia,TEL-18,2,2025-02-03,2025-07-25,2025-07-31,hecho,6,0,S15
TEL-220,Energia,ENE-TEL,Integraciones,historia,TEL-18,5,2025-02-03,2025-07-30,2025-08-08,hecho,9,0,S16
TEL-221,Energia,ENE-TEL,Integraciones,historia,TEL-19,2,2025-02-03,2025-07-30,2025-10-23,hecho,85,456,S21
TEL-222,Energia,ENE-TEL,Integraciones,bug,TEL-19,2,2025-02-03,2025-08-05,2025-08-12,hecho,7,0,S16
TEL-223,Energia,ENE-TEL,Integraciones,bug,TEL-19,1,2025-02-03,2025-08-06,2025-08-12,hecho,6,0,S16
TEL-224,Energia,ENE-TEL,Integraciones,bug,TEL-19,1,2025-02-03,2025-08-11,2025-08-14,hecho,3,0,S16
TEL-225,Energia,ENE-TEL,Integraciones,historia,TEL-19,2,2025-02-03,2025-08-13,2025-08-15,hecho,2,0,S16
TEL-226,Energia,ENE-TEL,Integraciones,tarea,TEL-19,1,2025-02-03,2025-08-15,2025-09-18,hecho,34,160,S19
TEL-227,Energia,ENE-TEL,Integraciones,historia,TEL-20,5,2025-02-03,2025-08-20,2025-09-09,hecho,20,0,S18
TEL-228,Energia,ENE-TEL,Integraciones,historia,TEL-20,2,2025-02-03,2025-08-25,2025-09-04,hecho,10,0,S18
TEL-229,Energia,ENE-TEL,Integraciones,historia,TEL-21,2,2025-02-03,2025-09-02,2025-09-15,hecho,13,0,S19
TEL-230,Energia,ENE-TEL,Integraciones,tarea,TEL-21,2,2025-02-03,2025-09-03,2025-12-29,hecho,117,624,S26
TEL-231,Energia,ENE-TEL,Integraciones,historia,TEL-21,3,2025-02-03,2025-09-04,2025-09-11,hecho,7,0,S18
TEL-232,Energia,ENE-TEL,Integraciones,tarea,TEL-21,2,2025-02-03,2025-09-12,2025-09-22,hecho,10,0,S19
TEL-233,Energia,ENE-TEL,Integraciones,bug,TEL-21,2,2025-02-03,2025-09-17,2025-09-25,hecho,8,0,S19
TEL-234,Energia,ENE-TEL,Integraciones,historia,TEL-21,5,2025-02-03,2025-09-22,2025-10-27,hecho,35,0,S22
TEL-235,Energia,ENE-TEL,Integraciones,historia,TEL-21,5,2025-02-03,2025-09-24,2025-11-25,hecho,62,312,S24
TEL-236,Energia,ENE-TEL,Integraciones,tarea,TEL-22,2,2025-02-03,2025-10-07,2025-10-14,hecho,7,0,S21
TEL-237,Energia,ENE-TEL,Integraciones,historia,TEL-22,2,2025-02-03,2025-10-07,2025-10-13,hecho,6,0,S21
TEL-238,Energia,ENE-TEL,Integraciones,historia,TEL-22,8,2025-02-03,2025-10-24,2025-12-11,hecho,48,168,S25
TEL-239,Energia,ENE-TEL,Integraciones,historia,TEL-22,3,2025-02-03,2025-11-12,2025-11-20,hecho,8,0,S23
TEL-240,Energia,ENE-TEL,Integraciones,historia,TEL-22,2,2025-02-03,2025-11-13,2025-11-27,hecho,14,0,S24
TEL-241,Energia,ENE-TEL,Integraciones,historia,TEL-23,3,2025-02-03,2025-11-27,2025-12-11,hecho,14,0,S25
TEL-242,Energia,ENE-TEL,Integraciones,tarea,TEL-23,3,2025-02-03,2025-12-11,2026-01-09,hecho,29,0,S27
TEL-243,Energia,ENE-TEL,Integraciones,historia,TEL-23,3,2025-02-03,2025-12-18,2026-01-05,hecho,18,0,S27
TEL-244,Energia,ENE-TEL,Integraciones,historia,TEL-23,8,2025-02-03,2025-12-24,2026-01-07,hecho,14,0,S27
TEL-245,Energia,ENE-TEL,Integraciones,historia,TEL-23,3,2025-02-03,2026-01-02,2026-01-12,hecho,10,0,S27
TEL-246,Energia,ENE-TEL,Integraciones,bug,TEL-24,1,2025-02-03,2026-01-15,2026-01-21,hecho,6,0,S28
TEL-247,Energia,ENE-TEL,Integraciones,historia,TEL-24,5,2025-02-03,2026-01-21,2026-02-05,hecho,15,0,S29
TEL-248,Energia,ENE-TEL,Integraciones,bug,TEL-24,1,2025-02-03,2026-01-22,2026-01-28,hecho,6,0,S28
TEL-249,Energia,ENE-TEL,Integraciones,historia,TEL-24,2,2025-02-03,2026-01-23,2026-01-30,hecho,7,0,S28
TEL-250,Energia,ENE-TEL,Integraciones,tarea,TEL-25,2,2025-02-03,2026-01-27,2026-02-03,hecho,7,0,S29
TEL-251,Energia,ENE-TEL,Integraciones,historia,TEL-25,5,2025-02-03,2026-01-27,2026-02-18,hecho,22,0,S30
TEL-252,Energia,ENE-TEL,Integraciones,historia,TEL-25,2,2025-02-03,2026-01-30,2026-02-05,hecho,6,0,S29
TEL-253,Energia,ENE-TEL,Integraciones,historia,TEL-25,3,2025-02-03,2026-02-18,2026-03-03,hecho,13,0,S31
TEL-254,Energia,ENE-TEL,Plataforma,bug,TEL-1,1,2025-02-03,2025-02-03,2025-02-06,hecho,3,0,S03
TEL-255,Energia,ENE-TEL,Plataforma,historia,TEL-1,3,2025-02-03,2025-02-03,2025-02-13,hecho,10,0,S03
TEL-256,Energia,ENE-TEL,Plataforma,bug,TEL-1,1,2025-02-03,2025-02-03,2025-02-11,hecho,8,0,S03
TEL-257,Energia,ENE-TEL,Plataforma,historia,TEL-1,2,2025-02-03,2025-02-03,2025-02-06,hecho,3,0,S03
TEL-258,Energia,ENE-TEL,Plataforma,historia,TEL-1,3,2025-02-03,2025-02-06,2025-02-11,hecho,5,0,S03
TEL-259,Energia,ENE-TEL,Plataforma,historia,TEL-1,2,2025-02-03,2025-02-06,2025-02-14,hecho,8,0,S03
TEL-260,Energia,ENE-TEL,Plataforma,tarea,TEL-1,2,2025-02-03,2025-02-07,2025-02-14,hecho,7,0,S03
TEL-261,Energia,ENE-TEL,Plataforma,historia,TEL-2,2,2025-02-03,2025-02-10,2025-02-13,hecho,3,0,S03
TEL-262,Energia,ENE-TEL,Plataforma,historia,TEL-2,3,2025-02-03,2025-02-11,2025-02-20,hecho,9,0,S04
TEL-263,Energia,ENE-TEL,Plataforma,historia,TEL-3,8,2025-02-03,2025-02-12,2025-03-10,hecho,26,0,S05
TEL-264,Energia,ENE-TEL,Plataforma,historia,TEL-3,3,2025-02-03,2025-02-13,2025-02-28,hecho,15,0,S04
TEL-265,Energia,ENE-TEL,Plataforma,historia,TEL-3,5,2025-02-03,2025-02-13,2025-02-27,hecho,14,0,S04
TEL-266,Energia,ENE-TEL,Plataforma,bug,TEL-3,1,2025-02-03,2025-02-18,2025-02-24,hecho,6,0,S04
TEL-267,Energia,ENE-TEL,Plataforma,historia,TEL-3,2,2025-02-03,2025-02-21,2025-03-13,hecho,20,0,S05
TEL-268,Energia,ENE-TEL,Plataforma,historia,TEL-3,3,2025-02-03,2025-02-27,2025-03-14,hecho,15,0,S05
TEL-269,Energia,ENE-TEL,Plataforma,historia,TEL-3,8,2025-02-03,2025-02-28,2025-03-25,hecho,25,0,S06
TEL-270,Energia,ENE-TEL,Plataforma,tarea,TEL-4,1,2025-02-03,2025-03-10,2025-03-17,hecho,7,0,S06
TEL-271,Energia,ENE-TEL,Plataforma,historia,TEL-4,2,2025-02-03,2025-03-12,2025-03-20,hecho,8,0,S06
TEL-272,Energia,ENE-TEL,Plataforma,bug,TEL-4,2,2025-02-03,2025-03-12,2025-03-17,hecho,5,0,S06
TEL-273,Energia,ENE-TEL,Plataforma,bug,TEL-4,2,2025-02-03,2025-03-13,2025-03-20,hecho,7,0,S06
TEL-274,Energia,ENE-TEL,Plataforma,tarea,TEL-4,1,2025-02-03,2025-03-17,2025-03-18,hecho,1,0,S06
TEL-275,Energia,ENE-TEL,Plataforma,historia,TEL-5,3,2025-02-03,2025-03-18,2025-03-26,hecho,8,0,S06
TEL-276,Energia,ENE-TEL,Plataforma,historia,TEL-5,8,2025-02-03,2025-03-18,2025-04-10,hecho,23,0,S07
TEL-277,Energia,ENE-TEL,Plataforma,tarea,TEL-5,2,2025-02-03,2025-03-19,2025-03-26,hecho,7,0,S06
TEL-278,Energia,ENE-TEL,Plataforma,tarea,TEL-5,2,2025-02-03,2025-03-24,2025-04-03,hecho,10,0,S07
TEL-279,Energia,ENE-TEL,Plataforma,historia,TEL-5,3,2025-02-03,2025-03-24,2025-04-01,hecho,8,0,S07
TEL-280,Energia,ENE-TEL,Plataforma,bug,TEL-5,2,2025-02-03,2025-03-25,2025-03-27,hecho,2,0,S06
TEL-281,Energia,ENE-TEL,Plataforma,bug,TEL-5,1,2025-02-03,2025-03-27,2025-03-28,hecho,1,0,S06
TEL-282,Energia,ENE-TEL,Plataforma,tarea,TEL-6,2,2025-02-03,2025-03-28,2025-04-03,hecho,6,0,S07
TEL-283,Energia,ENE-TEL,Plataforma,historia,TEL-6,5,2025-02-03,2025-03-31,2025-04-28,hecho,28,0,S09
TEL-284,Energia,ENE-TEL,Plataforma,historia,TEL-6,5,2025-02-03,2025-04-02,2025-04-14,hecho,12,0,S08
TEL-285,Energia,ENE-TEL,Plataforma,bug,TEL-6,1,2025-02-03,2025-04-03,2025-04-08,hecho,5,0,S07
TEL-286,Energia,ENE-TEL,Plataforma,historia,TEL-6,3,2025-02-03,2025-04-07,2025-04-15,hecho,8,0,S08
TEL-287,Energia,ENE-TEL,Plataforma,historia,TEL-6,3,2025-02-03,2025-04-08,2025-04-15,hecho,7,0,S08
TEL-288,Energia,ENE-TEL,Plataforma,historia,TEL-6,5,2025-02-03,2025-04-10,2025-04-23,hecho,13,0,S08
TEL-289,Energia,ENE-TEL,Plataforma,bug,TEL-7,1,2025-02-03,2025-04-11,2025-04-17,hecho,6,0,S08
TEL-290,Energia,ENE-TEL,Plataforma,bug,TEL-7,1,2025-02-03,2025-04-15,2025-04-21,hecho,6,0,S08
TEL-291,Energia,ENE-TEL,Plataforma,historia,TEL-7,2,2025-02-03,2025-04-15,2025-04-24,hecho,9,0,S08
TEL-292,Energia,ENE-TEL,Plataforma,historia,TEL-7,3,2025-02-03,2025-04-21,2025-04-28,hecho,7,0,S09
TEL-293,Energia,ENE-TEL,Plataforma,historia,TEL-7,5,2025-02-03,2025-04-21,2025-05-02,hecho,11,0,S09
TEL-294,Energia,ENE-TEL,Plataforma,historia,TEL-7,3,2025-02-03,2025-04-22,2025-05-06,hecho,14,0,S09
TEL-295,Energia,ENE-TEL,Plataforma,tarea,TEL-7,2,2025-02-03,2025-04-25,2025-05-02,hecho,7,0,S09
TEL-296,Energia,ENE-TEL,Plataforma,historia,TEL-8,5,2025-02-03,2025-04-28,2025-05-09,hecho,11,0,S09
TEL-297,Energia,ENE-TEL,Plataforma,historia,TEL-8,8,2025-02-03,2025-04-30,2025-05-29,hecho,29,0,S11
TEL-298,Energia,ENE-TEL,Plataforma,historia,TEL-8,2,2025-02-03,2025-05-02,2025-05-09,hecho,7,0,S09
TEL-299,Energia,ENE-TEL,Plataforma,historia,TEL-8,5,2025-02-03,2025-05-02,2025-05-22,hecho,20,0,S10
TEL-300,Energia,ENE-TEL,Plataforma,tarea,TEL-8,2,2025-02-03,2025-05-07,2025-05-09,hecho,2,0,S09
TEL-301,Energia,ENE-TEL,Plataforma,tarea,TEL-9,3,2025-02-03,2025-05-08,2025-05-23,hecho,15,0,S10
TEL-302,Energia,ENE-TEL,Plataforma,historia,TEL-9,8,2025-02-03,2025-05-09,2025-05-22,hecho,13,0,S10
TEL-303,Energia,ENE-TEL,Plataforma,historia,TEL-9,5,2025-02-03,2025-05-20,2025-06-03,hecho,14,0,S11
TEL-304,Energia,ENE-TEL,Plataforma,historia,TEL-9,5,2025-02-03,2025-05-21,2025-06-02,hecho,12,0,S11
TEL-305,Energia,ENE-TEL,Plataforma,tarea,TEL-9,2,2025-02-03,2025-05-21,2025-05-29,hecho,8,0,S11
TEL-306,Energia,ENE-TEL,Plataforma,historia,TEL-10,3,2025-02-03,2025-05-27,2025-06-03,hecho,7,0,S11
TEL-307,Energia,ENE-TEL,Plataforma,historia,TEL-10,3,2025-02-03,2025-05-28,2025-06-12,hecho,15,0,S12
TEL-308,Energia,ENE-TEL,Plataforma,historia,TEL-10,2,2025-02-03,2025-05-30,2025-06-09,hecho,10,0,S12
TEL-309,Energia,ENE-TEL,Plataforma,historia,TEL-10,8,2025-02-03,2025-06-02,2025-07-04,hecho,32,0,S13
TEL-310,Energia,ENE-TEL,Plataforma,tarea,TEL-10,2,2025-02-03,2025-06-06,2025-06-11,hecho,5,0,S12
TEL-311,Energia,ENE-TEL,Plataforma,historia,TEL-10,3,2025-02-03,2025-06-11,2025-06-24,hecho,13,0,S13
TEL-312,Energia,ENE-TEL,Plataforma,bug,TEL-10,2,2025-02-03,2025-06-12,2025-06-18,hecho,6,0,S12
TEL-313,Energia,ENE-TEL,Plataforma,historia,TEL-11,2,2025-02-03,2025-06-19,2025-06-25,hecho,6,0,S13
TEL-314,Energia,ENE-TEL,Plataforma,tarea,TEL-11,1,2025-02-03,2025-06-23,2025-06-25,hecho,2,0,S13
TEL-315,Energia,ENE-TEL,Plataforma,historia,TEL-11,2,2025-02-03,2025-06-24,2025-07-04,hecho,10,0,S13
TEL-316,Energia,ENE-TEL,Plataforma,bug,TEL-11,2,2025-02-03,2025-06-24,2025-07-02,hecho,8,0,S13
TEL-317,Energia,ENE-TEL,Plataforma,historia,TEL-11,2,2025-02-03,2025-06-25,2025-07-04,hecho,9,0,S13
TEL-318,Energia,ENE-TEL,Plataforma,historia,TEL-12,5,2025-02-03,2025-06-30,2025-07-11,hecho,11,0,S14
TEL-319,Energia,ENE-TEL,Plataforma,tarea,TEL-12,2,2025-02-03,2025-07-02,2025-07-09,hecho,7,0,S14
TEL-320,Energia,ENE-TEL,Plataforma,historia,TEL-12,8,2025-02-03,2025-07-03,2025-08-04,hecho,32,0,S16
TEL-321,Energia,ENE-TEL,Plataforma,historia,TEL-12,3,2025-02-03,2025-07-04,2025-07-14,hecho,10,0,S14
TEL-322,Energia,ENE-TEL,Plataforma,historia,TEL-13,2,2025-02-03,2025-07-09,2025-07-16,hecho,7,0,S14
TEL-323,Energia,ENE-TEL,Plataforma,tarea,TEL-13,1,2025-02-03,2025-07-11,2025-07-17,hecho,6,0,S14
TEL-324,Energia,ENE-TEL,Plataforma,historia,TEL-13,3,2025-02-03,2025-07-15,2025-07-18,hecho,3,0,S14
TEL-325,Energia,ENE-TEL,Plataforma,historia,TEL-13,2,2025-02-03,2025-07-18,2025-07-28,hecho,10,0,S15
TEL-326,Energia,ENE-TEL,Plataforma,historia,TEL-13,5,2025-02-03,2025-07-21,2025-08-05,hecho,15,0,S16
TEL-327,Energia,ENE-TEL,Plataforma,historia,TEL-14,3,2025-02-03,2025-07-24,2025-08-01,hecho,8,0,S15
TEL-328,Energia,ENE-TEL,Plataforma,historia,TEL-14,5,2025-02-03,2025-07-29,2025-08-06,hecho,8,0,S16
TEL-329,Energia,ENE-TEL,Plataforma,historia,TEL-14,3,2025-02-03,2025-08-01,2025-08-18,hecho,17,0,S17
TEL-330,Energia,ENE-TEL,Plataforma,tarea,TEL-14,1,2025-02-03,2025-08-01,2025-08-07,hecho,6,0,S16
TEL-331,Energia,ENE-TEL,Plataforma,historia,TEL-15,5,2025-02-03,2025-08-01,2025-08-15,hecho,14,0,S16
TEL-332,Energia,ENE-TEL,Plataforma,bug,TEL-15,2,2025-02-03,2025-08-05,2025-08-12,hecho,7,0,S16
TEL-333,Energia,ENE-TEL,Plataforma,historia,TEL-15,5,2025-02-03,2025-08-11,2025-08-21,hecho,10,0,S17
TEL-334,Energia,ENE-TEL,Plataforma,historia,TEL-15,5,2025-02-03,2025-08-11,2025-08-25,hecho,14,0,S17
TEL-335,Energia,ENE-TEL,Plataforma,tarea,TEL-15,2,2025-02-03,2025-08-14,2025-08-20,hecho,6,0,S17
TEL-336,Energia,ENE-TEL,Plataforma,historia,TEL-16,5,2025-02-03,2025-08-18,2025-08-28,hecho,10,0,S17
TEL-337,Energia,ENE-TEL,Plataforma,tarea,TEL-16,1,2025-02-03,2025-08-19,2025-08-22,hecho,3,0,S17
TEL-338,Energia,ENE-TEL,Plataforma,historia,TEL-16,2,2025-02-03,2025-08-22,2025-09-03,hecho,12,0,S18
TEL-339,Energia,ENE-TEL,Plataforma,historia,TEL-16,3,2025-02-03,2025-08-22,2025-08-29,hecho,7,0,S17
TEL-340,Energia,ENE-TEL,Plataforma,historia,TEL-16,8,2025-02-03,2025-08-29,2025-09-26,hecho,28,0,S19
TEL-341,Energia,ENE-TEL,Plataforma,bug,TEL-17,1,2025-02-03,2025-09-05,2025-09-11,hecho,6,0,S18
TEL-342,Energia,ENE-TEL,Plataforma,tarea,TEL-17,1,2025-02-03,2025-09-09,2025-09-11,hecho,2,0,S18
TEL-343,Energia,ENE-TEL,Plataforma,historia,TEL-17,2,2025-02-03,2025-09-22,2025-09-26,hecho,4,0,S19
TEL-344,Energia,ENE-TEL,Plataforma,historia,TEL-17,3,2025-02-03,2025-09-25,2025-10-03,hecho,8,0,S20
TEL-345,Energia,ENE-TEL,Plataforma,historia,TEL-17,5,2025-02-03,2025-09-25,2025-10-14,hecho,19,0,S21
TEL-346,Energia,ENE-TEL,Plataforma,historia,TEL-18,2,2025-02-03,2025-10-01,2025-10-09,hecho,8,0,S20
TEL-347,Energia,ENE-TEL,Plataforma,tarea,TEL-18,1,2025-02-03,2025-10-09,2025-10-14,hecho,5,0,S21
TEL-348,Energia,ENE-TEL,Plataforma,historia,TEL-18,3,2025-02-03,2025-10-10,2025-10-15,hecho,5,0,S21
TEL-349,Energia,ENE-TEL,Plataforma,tarea,TEL-18,2,2025-02-03,2025-10-13,2025-10-20,hecho,7,0,S21
TEL-350,Energia,ENE-TEL,Plataforma,bug,TEL-18,1,2025-02-03,2025-10-15,2025-10-16,hecho,1,0,S21
TEL-351,Energia,ENE-TEL,Plataforma,bug,TEL-20,1,2025-02-03,2025-10-16,2025-10-21,hecho,5,0,S21
TEL-352,Energia,ENE-TEL,Plataforma,historia,TEL-20,3,2025-02-03,2025-10-17,2025-10-23,hecho,6,0,S21
TEL-353,Energia,ENE-TEL,Plataforma,tarea,TEL-20,3,2025-02-03,2025-10-24,2025-11-06,hecho,13,0,S22
TEL-354,Energia,ENE-TEL,Plataforma,tarea,TEL-20,1,2025-02-03,2025-10-29,2025-11-04,hecho,6,0,S22
TEL-355,Energia,ENE-TEL,Plataforma,historia,TEL-20,2,2025-02-03,2025-10-31,2025-11-10,hecho,10,0,S23
TEL-356,Energia,ENE-TEL,Plataforma,historia,TEL-21,3,2025-02-03,2025-11-06,2025-11-17,hecho,11,0,S23
TEL-357,Energia,ENE-TEL,Plataforma,tarea,TEL-21,2,2025-02-03,2025-11-06,2025-11-18,hecho,12,0,S23
TEL-358,Energia,ENE-TEL,Plataforma,historia,TEL-21,3,2025-02-03,2025-11-12,2025-11-25,hecho,13,0,S24
TEL-359,Energia,ENE-TEL,Plataforma,tarea,TEL-21,1,2025-02-03,2025-11-13,2025-11-19,hecho,6,0,S23
TEL-360,Energia,ENE-TEL,Plataforma,historia,TEL-22,5,2025-02-03,2025-11-17,2025-11-27,hecho,10,0,S24
TEL-361,Energia,ENE-TEL,Plataforma,tarea,TEL-22,2,2025-02-03,2025-11-19,2025-11-21,hecho,2,0,S23
TEL-362,Energia,ENE-TEL,Plataforma,historia,TEL-22,3,2025-02-03,2025-11-26,2025-12-02,hecho,6,0,S24
TEL-363,Energia,ENE-TEL,Plataforma,historia,TEL-23,5,2025-02-03,2025-11-27,2025-12-05,hecho,8,0,S24
TEL-364,Energia,ENE-TEL,Plataforma,bug,TEL-23,1,2025-02-03,2025-11-27,2025-12-01,hecho,4,0,S24
TEL-365,Energia,ENE-TEL,Plataforma,historia,TEL-23,2,2025-02-03,2025-12-01,2025-12-08,hecho,7,0,S25
TEL-366,Energia,ENE-TEL,Plataforma,historia,TEL-23,8,2025-02-03,2025-12-01,2025-12-16,hecho,15,0,S25
TEL-367,Energia,ENE-TEL,Plataforma,historia,TEL-23,3,2025-02-03,2025-12-10,2025-12-16,hecho,6,0,S25
TEL-368,Energia,ENE-TEL,Plataforma,historia,TEL-24,3,2025-02-03,2025-12-12,2025-12-18,hecho,6,0,S25
TEL-369,Energia,ENE-TEL,Plataforma,tarea,TEL-24,2,2025-02-03,2025-12-19,2025-12-25,hecho,6,0,S26
TEL-370,Energia,ENE-TEL,Plataforma,historia,TEL-24,5,2025-02-03,2025-12-25,2026-01-14,hecho,20,0,S27
TEL-371,Energia,ENE-TEL,Plataforma,historia,TEL-24,5,2025-02-03,2026-01-15,2026-01-28,hecho,13,0,S28
TEL-372,Energia,ENE-TEL,Plataforma,bug,TEL-24,2,2025-02-03,2026-01-16,2026-01-23,hecho,7,0,S28
TEL-373,Energia,ENE-TEL,Producto,bug,TEL-1,2,2025-02-03,2025-02-03,2025-03-04,hecho,29,136,S05
TEL-374,Energia,ENE-TEL,Producto,historia,TEL-1,2,2025-02-03,2025-02-03,2025-02-07,hecho,4,0,S03
TEL-375,Energia,ENE-TEL,Producto,historia,TEL-1,5,2025-02-03,2025-02-03,2025-02-12,hecho,9,0,S03
TEL-376,Energia,ENE-TEL,Producto,historia,TEL-1,2,2025-02-03,2025-02-03,2025-03-03,hecho,28,128,S05
TEL-377,Energia,ENE-TEL,Producto,tarea,TEL-1,3,2025-02-03,2025-02-03,2025-02-18,hecho,15,0,S04
TEL-378,Energia,ENE-TEL,Producto,historia,TEL-2,5,2025-02-03,2025-02-03,2025-03-04,hecho,29,0,S05
TEL-379,Energia,ENE-TEL,Producto,tarea,TEL-2,1,2025-02-03,2025-02-03,2025-02-10,hecho,7,0,S03
TEL-380,Energia,ENE-TEL,Producto,historia,TEL-2,5,2025-02-03,2025-02-04,2025-03-13,hecho,37,32,S05
TEL-381,Energia,ENE-TEL,Producto,tarea,TEL-2,3,2025-02-03,2025-02-05,2025-03-14,hecho,37,0,S05
TEL-382,Energia,ENE-TEL,Producto,bug,TEL-3,1,2025-02-03,2025-02-06,2025-02-10,hecho,4,0,S03
TEL-383,Energia,ENE-TEL,Producto,historia,TEL-3,2,2025-02-03,2025-02-07,2025-02-13,hecho,6,0,S03
TEL-384,Energia,ENE-TEL,Producto,historia,TEL-3,2,2025-02-03,2025-02-07,2025-02-18,hecho,11,0,S04
TEL-385,Energia,ENE-TEL,Producto,historia,TEL-3,5,2025-02-03,2025-02-11,2025-02-20,hecho,9,0,S04
TEL-386,Energia,ENE-TEL,Producto,historia,TEL-4,3,2025-02-03,2025-02-12,2025-02-20,hecho,8,0,S04
TEL-387,Energia,ENE-TEL,Producto,historia,TEL-4,3,2025-02-03,2025-02-14,2025-02-20,hecho,6,0,S04
TEL-388,Energia,ENE-TEL,Producto,historia,TEL-4,3,2025-02-03,2025-02-17,2025-03-03,hecho,14,0,S05
TEL-389,Energia,ENE-TEL,Producto,historia,TEL-4,3,2025-02-03,2025-02-18,2025-04-16,hecho,57,264,S08
TEL-390,Energia,ENE-TEL,Producto,historia,TEL-4,3,2025-02-03,2025-02-18,2025-02-26,hecho,8,0,S04
TEL-391,Energia,ENE-TEL,Producto,historia,TEL-5,3,2025-02-03,2025-02-19,2025-02-27,hecho,8,0,S04
TEL-392,Energia,ENE-TEL,Producto,bug,TEL-5,1,2025-02-03,2025-02-19,2025-02-24,hecho,5,0,S04
TEL-393,Energia,ENE-TEL,Producto,historia,TEL-5,5,2025-02-03,2025-02-21,2025-03-07,hecho,14,0,S05
TEL-394,Energia,ENE-TEL,Producto,historia,TEL-5,3,2025-02-03,2025-02-21,2025-03-03,hecho,10,0,S05
TEL-395,Energia,ENE-TEL,Producto,historia,TEL-5,5,2025-02-03,2025-02-28,2025-03-31,hecho,31,0,S07
TEL-396,Energia,ENE-TEL,Producto,historia,TEL-6,3,2025-02-03,2025-02-28,2025-03-07,hecho,7,0,S05
TEL-397,Energia,ENE-TEL,Producto,historia,TEL-6,2,2025-02-03,2025-03-03,2025-03-12,hecho,9,0,S05
TEL-398,Energia,ENE-TEL,Producto,historia,TEL-6,3,2025-02-03,2025-03-04,2025-03-11,hecho,7,0,S05
TEL-399,Energia,ENE-TEL,Producto,tarea,TEL-6,1,2025-02-03,2025-03-06,2025-04-04,hecho,29,128,S07
TEL-400,Energia,ENE-TEL,Producto,historia,TEL-6,3,2025-02-03,2025-03-07,2025-03-25,hecho,18,0,S06
TEL-401,Energia,ENE-TEL,Producto,historia,TEL-6,5,2025-02-03,2025-03-07,2025-03-17,hecho,10,0,S06
TEL-402,Energia,ENE-TEL,Producto,historia,TEL-6,2,2025-02-03,2025-03-07,2025-03-17,hecho,10,0,S06
TEL-403,Energia,ENE-TEL,Producto,historia,TEL-6,3,2025-02-03,2025-03-10,2025-03-18,hecho,8,0,S06
TEL-404,Energia,ENE-TEL,Producto,historia,TEL-6,8,2025-02-03,2025-03-11,2025-04-03,hecho,23,56,S07
TEL-405,Energia,ENE-TEL,Producto,tarea,TEL-6,3,2025-02-03,2025-03-13,2025-04-03,hecho,21,0,S07
TEL-406,Energia,ENE-TEL,Producto,tarea,TEL-7,3,2025-02-03,2025-03-13,2025-03-20,hecho,7,0,S06
TEL-407,Energia,ENE-TEL,Producto,historia,TEL-7,5,2025-02-03,2025-03-14,2025-03-28,hecho,14,0,S06
TEL-408,Energia,ENE-TEL,Producto,historia,TEL-7,2,2025-02-03,2025-03-17,2025-03-24,hecho,7,0,S06
TEL-409,Energia,ENE-TEL,Producto,historia,TEL-7,5,2025-02-03,2025-03-18,2025-03-27,hecho,9,0,S06
TEL-410,Energia,ENE-TEL,Producto,bug,TEL-7,2,2025-02-03,2025-03-18,2025-03-25,hecho,7,0,S06
TEL-411,Energia,ENE-TEL,Producto,tarea,TEL-7,3,2025-02-03,2025-03-21,2025-03-28,hecho,7,0,S06
TEL-412,Energia,ENE-TEL,Producto,historia,TEL-7,5,2025-02-03,2025-03-24,2025-04-02,hecho,9,0,S07
TEL-413,Energia,ENE-TEL,Producto,historia,TEL-8,3,2025-02-03,2025-03-24,2025-04-04,hecho,11,0,S07
TEL-414,Energia,ENE-TEL,Producto,historia,TEL-8,5,2025-02-03,2025-03-27,2025-04-09,hecho,13,0,S07
TEL-415,Energia,ENE-TEL,Producto,historia,TEL-8,3,2025-02-03,2025-03-27,2025-04-15,hecho,19,0,S08
TEL-416,Energia,ENE-TEL,Producto,historia,TEL-8,8,2025-02-03,2025-04-02,2025-05-06,hecho,34,0,S09
TEL-417,Energia,ENE-TEL,Producto,tarea,TEL-8,1,2025-02-03,2025-04-02,2025-04-04,hecho,2,0,S07
TEL-418,Energia,ENE-TEL,Producto,tarea,TEL-8,2,2025-02-03,2025-04-02,2025-04-07,hecho,5,0,S07
TEL-419,Energia,ENE-TEL,Producto,historia,TEL-8,3,2025-02-03,2025-04-02,2025-04-24,hecho,22,0,S08
TEL-420,Energia,ENE-TEL,Producto,bug,TEL-9,1,2025-02-03,2025-04-02,2025-04-15,hecho,13,56,S08
TEL-421,Energia,ENE-TEL,Producto,tarea,TEL-9,2,2025-02-03,2025-04-03,2025-04-08,hecho,5,0,S07
TEL-422,Energia,ENE-TEL,Producto,historia,TEL-9,2,2025-02-03,2025-04-04,2025-04-14,hecho,10,0,S08
TEL-423,Energia,ENE-TEL,Producto,historia,TEL-9,2,2025-02-03,2025-04-07,2025-04-11,hecho,4,0,S07
TEL-424,Energia,ENE-TEL,Producto,historia,TEL-9,3,2025-02-03,2025-04-08,2025-04-17,hecho,9,0,S08
TEL-425,Energia,ENE-TEL,Producto,bug,TEL-9,1,2025-02-03,2025-04-09,2025-04-15,hecho,6,0,S08
TEL-426,Energia,ENE-TEL,Producto,historia,TEL-10,5,2025-02-03,2025-04-14,2025-04-23,hecho,9,0,S08
TEL-427,Energia,ENE-TEL,Producto,tarea,TEL-10,3,2025-02-03,2025-04-14,2025-04-22,hecho,8,0,S08
TEL-428,Energia,ENE-TEL,Producto,historia,TEL-10,2,2025-02-03,2025-04-15,2025-04-21,hecho,6,0,S08
TEL-429,Energia,ENE-TEL,Producto,historia,TEL-10,3,2025-02-03,2025-04-15,2025-04-24,hecho,9,0,S08
TEL-430,Energia,ENE-TEL,Producto,historia,TEL-11,8,2025-02-03,2025-04-16,2025-05-13,hecho,27,0,S10
TEL-431,Energia,ENE-TEL,Producto,historia,TEL-11,5,2025-02-03,2025-04-17,2025-04-30,hecho,13,0,S09
TEL-432,Energia,ENE-TEL,Producto,bug,TEL-11,2,2025-02-03,2025-04-21,2025-04-25,hecho,4,0,S08
TEL-433,Energia,ENE-TEL,Producto,tarea,TEL-11,1,2025-02-03,2025-04-22,2025-04-28,hecho,6,0,S09
TEL-434,Energia,ENE-TEL,Producto,historia,TEL-11,2,2025-02-03,2025-04-22,2025-05-02,hecho,10,0,S09
TEL-435,Energia,ENE-TEL,Producto,tarea,TEL-12,3,2025-02-03,2025-04-22,2025-04-30,hecho,8,0,S09
TEL-436,Energia,ENE-TEL,Producto,tarea,TEL-12,2,2025-02-03,2025-04-24,2025-06-03,hecho,40,184,S11
TEL-437,Energia,ENE-TEL,Producto,tarea,TEL-12,2,2025-02-03,2025-04-24,2025-05-01,hecho,7,0,S09
TEL-438,Energia,ENE-TEL,Producto,bug,TEL-12,2,2025-02-03,2025-04-29,2025-05-07,hecho,8,0,S09
TEL-439,Energia,ENE-TEL,Producto,historia,TEL-12,2,2025-02-03,2025-04-29,2025-05-06,hecho,7,0,S09
TEL-440,Energia,ENE-TEL,Producto,historia,TEL-13,2,2025-02-03,2025-04-29,2025-05-23,hecho,24,96,S10
TEL-441,Energia,ENE-TEL,Producto,historia,TEL-13,2,2025-02-03,2025-04-29,2025-05-08,hecho,9,0,S09
TEL-442,Energia,ENE-TEL,Producto,tarea,TEL-14,3,2025-02-03,2025-05-01,2025-05-12,hecho,11,0,S10
TEL-443,Energia,ENE-TEL,Producto,tarea,TEL-14,3,2025-02-03,2025-05-01,2025-05-13,hecho,12,0,S10
TEL-444,Energia,ENE-TEL,Producto,bug,TEL-14,1,2025-02-03,2025-05-02,2025-05-14,hecho,12,0,S10
TEL-445,Energia,ENE-TEL,Producto,historia,TEL-14,5,2025-02-03,2025-05-05,2025-05-08,hecho,3,0,S09
TEL-446,Energia,ENE-TEL,Producto,historia,TEL-14,5,2025-02-03,2025-05-06,2025-08-21,hecho,107,464,S17
TEL-447,Energia,ENE-TEL,Producto,historia,TEL-14,3,2025-02-03,2025-05-08,2025-06-12,hecho,35,152,S12
TEL-448,Energia,ENE-TEL,Producto,historia,TEL-14,3,2025-02-03,2025-05-08,2025-05-21,hecho,13,0,S10
TEL-449,Energia,ENE-TEL,Producto,historia,TEL-14,3,2025-02-03,2025-05-08,2025-05-14,hecho,6,0,S10
TEL-450,Energia,ENE-TEL,Producto,historia,TEL-14,8,2025-02-03,2025-05-12,2025-05-28,hecho,16,0,S11
TEL-451,Energia,ENE-TEL,Producto,historia,TEL-14,2,2025-02-03,2025-05-12,2025-05-15,hecho,3,0,S10
TEL-452,Energia,ENE-TEL,Producto,historia,TEL-14,3,2025-02-03,2025-05-13,2025-05-22,hecho,9,0,S10
TEL-453,Energia,ENE-TEL,Producto,tarea,TEL-15,1,2025-02-03,2025-05-13,2025-05-20,hecho,7,0,S10
TEL-454,Energia,ENE-TEL,Producto,historia,TEL-15,2,2025-02-03,2025-05-14,2025-05-21,hecho,7,0,S10
TEL-455,Energia,ENE-TEL,Producto,historia,TEL-15,3,2025-02-03,2025-05-14,2025-05-28,hecho,14,0,S11
TEL-456,Energia,ENE-TEL,Producto,historia,TEL-15,3,2025-02-03,2025-05-20,2025-05-28,hecho,8,0,S11
TEL-457,Energia,ENE-TEL,Producto,bug,TEL-15,1,2025-02-03,2025-05-20,2025-05-27,hecho,7,0,S11
TEL-458,Energia,ENE-TEL,Producto,tarea,TEL-15,2,2025-02-03,2025-05-21,2025-05-23,hecho,2,0,S10
TEL-459,Energia,ENE-TEL,Producto,historia,TEL-15,2,2025-02-03,2025-05-22,2025-06-02,hecho,11,0,S11
TEL-460,Energia,ENE-TEL,Producto,historia,TEL-15,2,2025-02-03,2025-05-22,2025-05-30,hecho,8,0,S11
TEL-461,Energia,ENE-TEL,Producto,bug,TEL-15,2,2025-02-03,2025-05-23,2025-06-02,hecho,10,0,S11
TEL-462,Energia,ENE-TEL,Producto,bug,TEL-16,1,2025-02-03,2025-05-26,2025-07-04,hecho,39,200,S13
TEL-463,Energia,ENE-TEL,Producto,historia,TEL-16,5,2025-02-03,2025-05-26,2025-06-06,hecho,11,0,S11
TEL-464,Energia,ENE-TEL,Producto,bug,TEL-16,2,2025-02-03,2025-05-27,2025-05-30,hecho,3,0,S11
TEL-465,Energia,ENE-TEL,Producto,tarea,TEL-16,3,2025-02-03,2025-05-27,2025-08-22,hecho,87,440,S17
TEL-466,Energia,ENE-TEL,Producto,historia,TEL-16,3,2025-02-03,2025-05-28,2025-06-05,hecho,8,0,S11
TEL-467,Energia,ENE-TEL,Producto,tarea,TEL-16,2,2025-02-03,2025-05-29,2025-06-04,hecho,6,0,S11
TEL-468,Energia,ENE-TEL,Producto,historia,TEL-16,5,2025-02-03,2025-05-29,2025-06-13,hecho,15,0,S12
TEL-469,Energia,ENE-TEL,Producto,tarea,TEL-17,2,2025-02-03,2025-05-30,2025-09-01,hecho,94,464,S18
TEL-470,Energia,ENE-TEL,Producto,historia,TEL-17,5,2025-02-03,2025-06-03,2025-06-17,hecho,14,0,S12
TEL-471,Energia,ENE-TEL,Producto,historia,TEL-17,5,2025-02-03,2025-06-03,2025-06-13,hecho,10,0,S12
TEL-472,Energia,ENE-TEL,Producto,historia,TEL-18,3,2025-02-03,2025-06-03,2025-06-09,hecho,6,0,S12
TEL-473,Energia,ENE-TEL,Producto,historia,TEL-18,2,2025-02-03,2025-06-06,2025-06-12,hecho,6,0,S12
TEL-474,Energia,ENE-TEL,Producto,bug,TEL-18,1,2025-02-03,2025-06-12,2025-06-16,hecho,4,0,S12
TEL-475,Energia,ENE-TEL,Producto,historia,TEL-19,2,2025-02-03,2025-06-16,2025-06-19,hecho,3,0,S12
TEL-476,Energia,ENE-TEL,Producto,historia,TEL-19,2,2025-02-03,2025-07-03,2025-07-11,hecho,8,0,S14
TEL-477,Energia,ENE-TEL,Producto,historia,TEL-19,3,2025-02-03,2025-07-03,2025-08-21,hecho,49,264,S17
TEL-478,Energia,ENE-TEL,Producto,historia,TEL-19,5,2025-02-03,2025-07-03,2025-07-16,hecho,13,0,S14
TEL-479,Energia,ENE-TEL,Producto,historia,TEL-19,2,2025-02-03,2025-07-04,2025-07-15,hecho,11,0,S14
TEL-480,Energia,ENE-TEL,Producto,historia,TEL-19,3,2025-02-03,2025-07-09,2025-07-14,hecho,5,0,S14
TEL-481,Energia,ENE-TEL,Producto,tarea,TEL-19,2,2025-02-03,2025-07-09,2025-07-17,hecho,8,0,S14
TEL-482,Energia,ENE-TEL,Producto,tarea,TEL-20,1,2025-02-03,2025-07-09,2025-07-11,hecho,2,0,S14
TEL-483,Energia,ENE-TEL,Producto,historia,TEL-20,3,2025-02-03,2025-07-14,2025-07-22,hecho,8,0,S15
TEL-484,Energia,ENE-TEL,Producto,tarea,TEL-20,2,2025-02-03,2025-07-14,2025-09-23,hecho,71,376,S19
TEL-485,Energia,ENE-TEL,Producto,bug,TEL-20,1,2025-02-03,2025-07-16,2025-07-23,hecho,7,0,S15
TEL-486,Energia,ENE-TEL,Producto,historia,TEL-21,3,2025-02-03,2025-07-21,2025-08-04,hecho,14,0,S16
TEL-487,Energia,ENE-TEL,Producto,historia,TEL-22,3,2025-02-03,2025-07-21,2025-07-30,hecho,9,0,S15
TEL-488,Energia,ENE-TEL,Producto,historia,TEL-22,8,2025-02-03,2025-08-01,2025-09-02,hecho,32,0,S18
TEL-489,Energia,ENE-TEL,Producto,historia,TEL-22,2,2025-02-03,2025-08-05,2025-08-14,hecho,9,0,S16
TEL-490,Energia,ENE-TEL,Producto,bug,TEL-22,2,2025-02-03,2025-08-11,2025-08-20,hecho,9,0,S17
TEL-491,Energia,ENE-TEL,Producto,historia,TEL-23,5,2025-02-03,2025-08-11,2025-08-14,hecho,3,0,S16
TEL-492,Energia,ENE-TEL,Producto,bug,TEL-23,2,2025-02-03,2025-08-12,2025-08-15,hecho,3,0,S16
TEL-493,Energia,ENE-TEL,Producto,historia,TEL-23,3,2025-02-03,2025-08-12,2025-09-04,hecho,23,0,S18
TEL-494,Energia,ENE-TEL,Producto,bug,TEL-23,2,2025-02-03,2025-08-14,2025-08-22,hecho,8,0,S17
TEL-495,Energia,ENE-TEL,Producto,tarea,TEL-23,3,2025-02-03,2025-08-21,2025-08-28,hecho,7,0,S17
TEL-496,Energia,ENE-TEL,Producto,bug,TEL-24,1,2025-02-03,2025-08-21,2025-08-29,hecho,8,0,S17
TEL-497,Energia,ENE-TEL,Producto,bug,TEL-24,2,2025-02-03,2025-09-04,2025-09-09,hecho,5,0,S18
TEL-498,Energia,ENE-TEL,Producto,historia,TEL-24,3,2025-02-03,2025-09-05,2025-12-11,hecho,97,488,S25
TEL-499,Energia,ENE-TEL,Producto,historia,TEL-24,2,2025-02-03,2025-09-08,2025-12-23,hecho,106,560,S26
TEL-500,Energia,ENE-TEL,Producto,bug,TEL-24,2,2025-02-03,2025-09-09,2025-09-15,hecho,6,0,S19
TEL-501,Energia,ENE-TEL,Producto,historia,TEL-24,5,2025-02-03,2025-09-15,2025-12-29,hecho,105,456,S26
TEL-502,Energia,ENE-TEL,Producto,tarea,TEL-24,2,2025-02-03,2025-09-17,2025-09-24,hecho,7,0,S19
TEL-503,Energia,ENE-TEL,Producto,bug,TEL-25,2,2025-02-03,2025-09-17,2025-09-29,hecho,12,0,S20
TEL-504,Energia,ENE-TEL,Producto,historia,TEL-25,5,2025-02-03,2025-09-24,2025-10-09,hecho,15,0,S20
TEL-505,Energia,ENE-TEL,Producto,historia,TEL-25,3,2025-02-03,2025-09-25,2025-10-01,hecho,6,0,S20
TEL-506,Energia,ENE-TEL,Producto,historia,TEL-25,5,2025-02-03,2025-09-29,2025-10-27,hecho,28,0,S22
TEL-507,Energia,ENE-TEL,Producto,historia,TEL-25,3,2025-02-03,2025-10-10,2025-10-30,hecho,20,0,S22
TEL-508,Energia,ENE-TEL,Producto,historia,TEL-25,2,2025-02-03,2025-10-16,2025-10-24,hecho,8,0,S21
TEL-509,Energia,ENE-TEL,QA,historia,TEL-1,3,2025-02-03,2025-02-03,2025-02-20,hecho,17,0,S04
TEL-510,Energia,ENE-TEL,QA,bug,TEL-1,1,2025-02-03,2025-02-03,2025-02-04,hecho,1,0,S03
TEL-511,Energia,ENE-TEL,QA,historia,TEL-1,2,2025-02-03,2025-02-03,2025-02-11,hecho,8,0,S03
TEL-512,Energia,ENE-TEL,QA,tarea,TEL-1,2,2025-02-03,2025-02-03,2025-02-11,hecho,8,0,S03
TEL-513,Energia,ENE-TEL,QA,historia,TEL-1,8,2025-02-03,2025-02-04,2025-02-28,hecho,24,0,S04
TEL-514,Energia,ENE-TEL,QA,bug,TEL-2,1,2025-02-03,2025-02-07,2025-02-13,hecho,6,0,S03
TEL-515,Energia,ENE-TEL,QA,historia,TEL-2,5,2025-02-03,2025-02-10,2025-02-20,hecho,10,0,S04
TEL-516,Energia,ENE-TEL,QA,tarea,TEL-2,1,2025-02-03,2025-02-12,2025-02-14,hecho,2,0,S03
TEL-517,Energia,ENE-TEL,QA,historia,TEL-2,3,2025-02-03,2025-02-14,2025-02-20,hecho,6,0,S04
TEL-518,Energia,ENE-TEL,QA,historia,TEL-3,8,2025-02-03,2025-02-18,2025-03-26,hecho,36,0,S06
TEL-519,Energia,ENE-TEL,QA,historia,TEL-3,2,2025-02-03,2025-02-19,2025-03-19,hecho,28,104,S06
TEL-520,Energia,ENE-TEL,QA,historia,TEL-4,3,2025-02-03,2025-02-20,2025-03-04,hecho,12,0,S05
TEL-521,Energia,ENE-TEL,QA,historia,TEL-4,3,2025-02-03,2025-02-25,2025-03-05,hecho,8,0,S05
TEL-522,Energia,ENE-TEL,QA,historia,TEL-4,3,2025-02-03,2025-02-28,2025-03-10,hecho,10,0,S05
TEL-523,Energia,ENE-TEL,QA,bug,TEL-5,2,2025-02-03,2025-03-03,2025-03-17,hecho,14,48,S06
TEL-524,Energia,ENE-TEL,QA,historia,TEL-5,3,2025-02-03,2025-03-05,2025-03-10,hecho,5,0,S05
TEL-525,Energia,ENE-TEL,QA,bug,TEL-5,2,2025-02-03,2025-03-05,2025-03-12,hecho,7,0,S05
TEL-526,Energia,ENE-TEL,QA,historia,TEL-6,8,2025-02-03,2025-03-06,2025-03-28,hecho,22,0,S06
TEL-527,Energia,ENE-TEL,QA,historia,TEL-6,3,2025-02-03,2025-03-10,2025-03-17,hecho,7,0,S06
TEL-528,Energia,ENE-TEL,QA,historia,TEL-6,3,2025-02-03,2025-03-10,2025-04-11,hecho,32,152,S07
TEL-529,Energia,ENE-TEL,QA,historia,TEL-6,8,2025-02-03,2025-03-17,2025-04-04,hecho,18,0,S07
TEL-530,Energia,ENE-TEL,QA,historia,TEL-6,3,2025-02-03,2025-03-17,2025-03-24,hecho,7,0,S06
TEL-531,Energia,ENE-TEL,QA,tarea,TEL-7,1,2025-02-03,2025-03-21,2025-04-01,hecho,11,24,S07
TEL-532,Energia,ENE-TEL,QA,tarea,TEL-7,3,2025-02-03,2025-03-24,2025-04-04,hecho,11,0,S07
TEL-533,Energia,ENE-TEL,QA,historia,TEL-7,5,2025-02-03,2025-03-25,2025-04-28,hecho,34,0,S09
TEL-534,Energia,ENE-TEL,QA,historia,TEL-7,2,2025-02-03,2025-03-28,2025-04-28,hecho,31,144,S09
TEL-535,Energia,ENE-TEL,QA,historia,TEL-7,5,2025-02-03,2025-03-31,2025-04-11,hecho,11,0,S07
TEL-536,Energia,ENE-TEL,QA,historia,TEL-7,2,2025-02-03,2025-04-03,2025-04-15,hecho,12,0,S08
TEL-537,Energia,ENE-TEL,QA,tarea,TEL-8,2,2025-02-03,2025-04-04,2025-04-09,hecho,5,0,S07
TEL-538,Energia,ENE-TEL,QA,historia,TEL-8,2,2025-02-03,2025-04-09,2025-04-16,hecho,7,0,S08
TEL-539,Energia,ENE-TEL,QA,historia,TEL-9,2,2025-02-03,2025-04-11,2025-04-21,hecho,10,0,S08
TEL-540,Energia,ENE-TEL,QA,tarea,TEL-9,2,2025-02-03,2025-04-14,2025-04-16,hecho,2,0,S08
TEL-541,Energia,ENE-TEL,QA,historia,TEL-9,2,2025-02-03,2025-04-16,2025-04-22,hecho,6,0,S08
TEL-542,Energia,ENE-TEL,QA,historia,TEL-9,3,2025-02-03,2025-04-16,2025-04-28,hecho,12,0,S09
TEL-543,Energia,ENE-TEL,QA,tarea,TEL-9,1,2025-02-03,2025-04-18,2025-05-05,hecho,17,64,S09
TEL-544,Energia,ENE-TEL,QA,bug,TEL-10,1,2025-02-03,2025-04-18,2025-04-25,hecho,7,0,S08
TEL-545,Energia,ENE-TEL,QA,tarea,TEL-10,1,2025-02-03,2025-04-21,2025-04-28,hecho,7,0,S09
TEL-546,Energia,ENE-TEL,QA,historia,TEL-10,3,2025-02-03,2025-04-23,2025-05-06,hecho,13,0,S09
TEL-547,Energia,ENE-TEL,QA,bug,TEL-10,1,2025-02-03,2025-04-25,2025-05-05,hecho,10,0,S09
TEL-548,Energia,ENE-TEL,QA,historia,TEL-11,8,2025-02-03,2025-04-25,2025-05-15,hecho,20,0,S10
TEL-549,Energia,ENE-TEL,QA,historia,TEL-11,8,2025-02-03,2025-04-28,2025-05-28,hecho,30,0,S11
TEL-550,Energia,ENE-TEL,QA,historia,TEL-11,3,2025-02-03,2025-05-02,2025-05-20,hecho,18,0,S10
TEL-551,Energia,ENE-TEL,QA,historia,TEL-11,2,2025-02-03,2025-05-02,2025-05-08,hecho,6,0,S09
TEL-552,Energia,ENE-TEL,QA,historia,TEL-12,2,2025-02-03,2025-05-08,2025-05-12,hecho,4,0,S10
TEL-553,Energia,ENE-TEL,QA,tarea,TEL-12,2,2025-02-03,2025-05-12,2025-05-16,hecho,4,0,S10
TEL-554,Energia,ENE-TEL,QA,historia,TEL-12,3,2025-02-03,2025-05-14,2025-05-30,hecho,16,0,S11
TEL-555,Energia,ENE-TEL,QA,historia,TEL-12,5,2025-02-03,2025-05-15,2025-05-27,hecho,12,0,S11
TEL-556,Energia,ENE-TEL,QA,tarea,TEL-12,2,2025-02-03,2025-05-20,2025-05-27,hecho,7,0,S11
TEL-557,Energia,ENE-TEL,QA,historia,TEL-12,3,2025-02-03,2025-05-23,2025-05-30,hecho,7,0,S11
TEL-558,Energia,ENE-TEL,QA,tarea,TEL-12,1,2025-02-03,2025-05-27,2025-06-05,hecho,9,0,S11
TEL-559,Energia,ENE-TEL,QA,historia,TEL-12,2,2025-02-03,2025-05-27,2025-06-02,hecho,6,0,S11
TEL-560,Energia,ENE-TEL,QA,historia,TEL-15,2,2025-02-03,2025-05-29,2025-06-04,hecho,6,0,S11
TEL-561,Energia,ENE-TEL,QA,historia,TEL-15,2,2025-02-03,2025-05-30,2025-06-09,hecho,10,0,S12
TEL-562,Energia,ENE-TEL,QA,historia,TEL-15,2,2025-02-03,2025-06-02,2025-06-10,hecho,8,0,S12
TEL-563,Energia,ENE-TEL,QA,historia,TEL-15,8,2025-02-03,2025-06-04,2025-09-19,hecho,107,0,S19
TEL-564,Energia,ENE-TEL,QA,historia,TEL-15,2,2025-02-03,2025-06-06,2025-06-17,hecho,11,0,S12
TEL-565,Energia,ENE-TEL,QA,historia,TEL-15,5,2025-02-03,2025-06-06,2025-06-19,hecho,13,0,S12
TEL-566,Energia,ENE-TEL,QA,historia,TEL-16,2,2025-02-03,2025-06-10,2025-06-13,hecho,3,0,S12
TEL-567,Energia,ENE-TEL,QA,tarea,TEL-16,2,2025-02-03,2025-06-13,2025-06-25,hecho,12,0,S13
TEL-568,Energia,ENE-TEL,QA,tarea,TEL-16,2,2025-02-03,2025-06-18,2025-06-26,hecho,8,0,S13
TEL-569,Energia,ENE-TEL,QA,historia,TEL-16,3,2025-02-03,2025-06-24,2025-07-11,hecho,17,56,S14
TEL-570,Energia,ENE-TEL,QA,historia,TEL-16,3,2025-02-03,2025-06-26,2025-07-01,hecho,5,0,S13
TEL-571,Energia,ENE-TEL,QA,historia,TEL-17,5,2025-02-03,2025-06-27,2025-07-07,hecho,10,0,S14
TEL-572,Energia,ENE-TEL,QA,historia,TEL-17,3,2025-02-03,2025-07-01,2025-07-15,hecho,14,0,S14
TEL-573,Energia,ENE-TEL,QA,historia,TEL-18,5,2025-02-03,2025-07-10,2025-10-13,hecho,95,464,S21
TEL-574,Energia,ENE-TEL,QA,historia,TEL-18,3,2025-02-03,2025-07-11,2025-10-09,hecho,90,408,S20
TEL-575,Energia,ENE-TEL,QA,historia,TEL-18,2,2025-02-03,2025-07-17,2025-07-22,hecho,5,0,S15
TEL-576,Energia,ENE-TEL,QA,historia,TEL-19,5,2025-02-03,2025-07-18,2025-08-01,hecho,14,0,S15
TEL-577,Energia,ENE-TEL,QA,tarea,TEL-19,2,2025-02-03,2025-07-21,2025-07-29,hecho,8,0,S15
TEL-578,Energia,ENE-TEL,QA,historia,TEL-19,3,2025-02-03,2025-07-22,2025-08-04,hecho,13,0,S16
TEL-579,Energia,ENE-TEL,QA,historia,TEL-19,3,2025-02-03,2025-08-01,2025-10-07,hecho,67,320,S20
TEL-580,Energia,ENE-TEL,QA,historia,TEL-19,8,2025-02-03,2025-08-01,2025-09-05,hecho,35,0,S18
TEL-581,Energia,ENE-TEL,QA,historia,TEL-20,5,2025-02-03,2025-08-07,2025-08-20,hecho,13,0,S17
TEL-582,Energia,ENE-TEL,QA,historia,TEL-20,3,2025-02-03,2025-08-19,2025-08-25,hecho,6,0,S17
TEL-583,Energia,ENE-TEL,QA,bug,TEL-21,1,2025-02-03,2025-08-25,2025-08-26,hecho,1,0,S17
TEL-584,Energia,ENE-TEL,QA,tarea,TEL-21,2,2025-02-03,2025-08-26,2025-09-01,hecho,6,0,S18
TEL-585,Energia,ENE-TEL,QA,historia,TEL-21,3,2025-02-03,2025-08-26,2025-10-16,hecho,51,256,S21
TEL-586,Energia,ENE-TEL,QA,tarea,TEL-22,3,2025-02-03,2025-08-29,2025-09-04,hecho,6,0,S18
TEL-587,Energia,ENE-TEL,QA,tarea,TEL-22,1,2025-02-03,2025-09-04,2025-11-13,hecho,70,376,S23
TEL-588,Energia,ENE-TEL,QA,tarea,TEL-22,3,2025-02-03,2025-09-05,2025-09-15,hecho,10,0,S19
TEL-589,Energia,ENE-TEL,QA,historia,TEL-22,5,2025-02-03,2025-09-10,2025-09-29,hecho,19,0,S20
TEL-590,Energia,ENE-TEL,QA,tarea,TEL-23,2,2025-02-03,2025-09-18,2025-10-15,hecho,27,0,S21
TEL-591,Energia,ENE-TEL,QA,bug,TEL-23,1,2025-02-03,2025-10-06,2025-10-09,hecho,3,0,S20
TEL-592,Energia,ENE-TEL,QA,historia,TEL-23,2,2025-02-03,2025-10-17,2025-10-23,hecho,6,0,S21
TEL-593,Energia,ENE-TEL,QA,historia,TEL-23,3,2025-02-03,2025-10-22,2025-12-19,hecho,58,304,S25
TEL-594,Energia,ENE-TEL,QA,tarea,TEL-24,3,2025-02-03,2025-10-29,2025-11-05,hecho,7,0,S22
TEL-595,Energia,ENE-TEL,QA,historia,TEL-24,5,2025-02-03,2025-10-31,2025-11-14,hecho,14,0,S23
TEL-596,Energia,ENE-TEL,QA,historia,TEL-24,5,2025-02-03,2025-11-05,2025-11-18,hecho,13,0,S23
TEL-597,Energia,ENE-TEL,QA,tarea,TEL-24,3,2025-02-03,2025-11-14,2025-11-26,hecho,12,0,S24
TEL-598,Energia,ENE-TEL,QA,historia,TEL-24,5,2025-02-03,2025-11-17,2025-11-25,hecho,8,0,S24
TEL-599,Energia,ENE-TEL,QA,historia,TEL-24,2,2025-02-03,2025-11-18,2026-02-02,hecho,76,392,S29
TEL-600,Energia,ENE-TEL,QA,historia,TEL-25,2,2025-02-03,2025-11-24,2025-12-04,hecho,10,0,S24
TEL-601,Energia,ENE-TEL,QA,historia,TEL-25,2,2025-02-03,2025-12-02,2025-12-05,hecho,3,0,S24
TEL-602,Energia,ENE-TEL,QA,historia,TEL-25,3,2025-02-03,2025-12-24,2026-01-14,hecho,21,0,S27
TEL-603,Energia,ENE-TEL,QA,bug,TEL-25,2,2025-02-03,2025-12-26,2026-02-04,hecho,40,192,S29
ERP-1,Manufactura,MAN-ERP,Producto,epica,,,2025-03-03,2025-03-03,2025-03-26,hecho,,,
ERP-2,Manufactura,MAN-ERP,Producto,epica,,,2025-03-03,2025-03-11,2025-04-17,hecho,,,
ERP-3,Manufactura,MAN-ERP,Producto,epica,,,2025-03-03,2025-03-24,2025-05-05,hecho,,,
ERP-4,Manufactura,MAN-ERP,Producto,epica,,,2025-03-03,2025-03-31,2025-05-29,hecho,,,
ERP-5,Manufactura,MAN-ERP,Producto,epica,,,2025-03-03,2025-04-17,2025-06-16,hecho,,,
ERP-6,Manufactura,MAN-ERP,Producto,epica,,,2025-03-03,2025-04-02,2025-07-21,hecho,,,
ERP-7,Manufactura,MAN-ERP,Producto,epica,,,2025-03-03,2025-04-23,2025-07-24,hecho,,,
ERP-8,Manufactura,MAN-ERP,Producto,epica,,,2025-03-03,2025-05-07,2025-08-06,hecho,,,
ERP-9,Manufactura,MAN-ERP,Producto,epica,,,2025-03-03,2025-05-21,2025-08-22,hecho,,,
ERP-10,Manufactura,MAN-ERP,Producto,epica,,,2025-03-03,2025-06-03,2025-08-14,hecho,,,
ERP-11,Manufactura,MAN-ERP,Producto,epica,,,2025-03-03,2025-06-11,2025-08-27,hecho,,,
ERP-12,Manufactura,MAN-ERP,Producto,epica,,,2025-03-03,2025-06-24,2025-09-18,hecho,,,
ERP-13,Manufactura,MAN-ERP,Producto,epica,,,2025-03-03,2025-06-27,2025-10-23,hecho,,,
ERP-14,Manufactura,MAN-ERP,Producto,epica,,,2025-03-03,2025-07-04,2025-11-06,hecho,,,
ERP-15,Manufactura,MAN-ERP,Producto,epica,,,2025-03-03,2025-07-18,2025-11-27,hecho,,,
ERP-16,Manufactura,MAN-ERP,Producto,epica,,,2025-03-03,2025-07-25,2025-12-19,hecho,,,
ERP-17,Manufactura,MAN-ERP,Producto,epica,,,2025-03-03,2025-07-31,2025-12-23,hecho,,,
ERP-18,Manufactura,MAN-ERP,Producto,epica,,,2025-03-03,2025-08-07,2026-01-07,hecho,,,
ERP-19,Manufactura,MAN-ERP,Producto,epica,,,2025-03-03,2025-08-15,2026-01-21,hecho,,,
ERP-20,Manufactura,MAN-ERP,Producto,epica,,,2025-03-03,2025-09-29,2026-02-04,hecho,,,
ERP-21,Manufactura,MAN-ERP,Producto,epica,,,2025-03-03,2025-10-03,2026-02-26,hecho,,,
ERP-22,Manufactura,MAN-ERP,Producto,epica,,,2025-03-03,2025-10-27,2026-02-19,hecho,,,
ERP-23,Manufactura,MAN-ERP,Producto,epica,,,2025-03-03,2025-11-11,2026-04-01,hecho,,,
ERP-24,Manufactura,MAN-ERP,Producto,epica,,,2025-03-03,2025-11-24,2026-04-17,hecho,,,
ERP-25,Manufactura,MAN-ERP,Producto,epica,,,2025-03-03,2025-11-28,2026-05-15,hecho,,,
ERP-26,Manufactura,MAN-ERP,Producto,epica,,,2025-03-03,2025-12-03,2026-06-08,hecho,,,
ERP-27,Manufactura,MAN-ERP,Producto,epica,,,2025-03-03,2025-12-15,2026-06-22,hecho,,,
ERP-28,Manufactura,MAN-ERP,Producto,epica,,,2025-03-03,2025-12-25,2026-07-01,hecho,,,
ERP-29,Manufactura,MAN-ERP,Producto,epica,,,2025-03-03,2026-01-12,2026-07-07,hecho,,,
ERP-30,Manufactura,MAN-ERP,Producto,epica,,,2025-03-03,2026-01-21,2026-07-16,hecho,,,
ERP-31,Manufactura,MAN-ERP,Producto,epica,,,2025-03-03,2026-02-02,2026-08-03,hecho,,,
ERP-32,Manufactura,MAN-ERP,Producto,epica,,,2025-03-03,2026-02-11,2026-08-13,hecho,,,
ERP-33,Manufactura,MAN-ERP,Producto,epica,,,2025-03-03,2026-02-23,2026-08-24,hecho,,,
ERP-34,Manufactura,MAN-ERP,Producto,epica,,,2025-03-03,2026-03-09,2026-08-27,hecho,,,
ERP-35,Manufactura,MAN-ERP,Producto,epica,,,2025-03-03,2026-03-17,2026-09-10,hecho,,,
ERP-36,Manufactura,MAN-ERP,Producto,epica,,,2025-03-03,2026-04-09,2026-09-24,hecho,,,
ERP-37,Manufactura,MAN-ERP,Producto,epica,,,2025-03-03,2026-04-24,2026-09-29,hecho,,,
ERP-38,Manufactura,MAN-ERP,Producto,epica,,,2025-03-03,2026-05-05,,en_curso,,,
ERP-39,Manufactura,MAN-ERP,Producto,epica,,,2025-03-03,2026-06-02,,en_curso,,,
ERP-40,Manufactura,MAN-ERP,Datos,bug,ERP-1,1,2025-03-03,2025-03-03,2025-03-06,hecho,3,0,S05
ERP-41,Manufactura,MAN-ERP,Datos,historia,ERP-1,2,2025-03-03,2025-03-04,2025-03-12,hecho,8,0,S05
ERP-42,Manufactura,MAN-ERP,Datos,bug,ERP-1,2,2025-03-03,2025-03-06,2025-03-11,hecho,5,0,S05
ERP-43,Manufactura,MAN-ERP,Datos,historia,ERP-1,2,2025-03-03,2025-03-06,2025-03-17,hecho,11,0,S06
ERP-44,Manufactura,MAN-ERP,Datos,historia,ERP-2,5,2025-03-03,2025-03-11,2025-04-08,hecho,28,0,S07
ERP-45,Manufactura,MAN-ERP,Datos,historia,ERP-2,2,2025-03-03,2025-03-13,2025-03-19,hecho,6,0,S06
ERP-46,Manufactura,MAN-ERP,Datos,tarea,ERP-2,1,2025-03-03,2025-03-18,2025-03-27,hecho,9,0,S06
ERP-47,Manufactura,MAN-ERP,Datos,historia,ERP-3,3,2025-03-03,2025-03-28,2025-04-08,hecho,11,0,S07
ERP-48,Manufactura,MAN-ERP,Datos,historia,ERP-3,2,2025-03-03,2025-04-01,2025-04-09,hecho,8,0,S07
ERP-49,Manufactura,MAN-ERP,Datos,bug,ERP-3,1,2025-03-03,2025-04-07,2025-04-10,hecho,3,0,S07
ERP-50,Manufactura,MAN-ERP,Datos,historia,ERP-3,5,2025-03-03,2025-04-07,2025-04-22,hecho,15,0,S08
ERP-51,Manufactura,MAN-ERP,Datos,historia,ERP-3,2,2025-03-03,2025-04-09,2025-04-16,hecho,7,0,S08
ERP-52,Manufactura,MAN-ERP,Datos,historia,ERP-3,3,2025-03-03,2025-04-11,2025-04-17,hecho,6,0,S08
ERP-53,Manufactura,MAN-ERP,Datos,bug,ERP-3,1,2025-03-03,2025-04-15,2025-04-21,hecho,6,0,S08
ERP-54,Manufactura,MAN-ERP,Datos,historia,ERP-4,5,2025-03-03,2025-04-21,2025-05-20,hecho,29,0,S10
ERP-55,Manufactura,MAN-ERP,Datos,historia,ERP-4,3,2025-03-03,2025-04-23,2025-05-08,hecho,15,0,S09
ERP-56,Manufactura,MAN-ERP,Datos,tarea,ERP-4,3,2025-03-03,2025-04-30,2025-05-12,hecho,12,0,S10
ERP-57,Manufactura,MAN-ERP,Datos,historia,ERP-4,2,2025-03-03,2025-05-01,2025-05-12,hecho,11,0,S10
ERP-58,Manufactura,MAN-ERP,Datos,historia,ERP-5,5,2025-03-03,2025-05-02,2025-05-22,hecho,20,0,S10
ERP-59,Manufactura,MAN-ERP,Datos,bug,ERP-6,2,2025-03-03,2025-05-08,2025-05-22,hecho,14,0,S10
ERP-60,Manufactura,MAN-ERP,Datos,tarea,ERP-7,3,2025-03-03,2025-05-12,2025-05-21,hecho,9,0,S10
ERP-61,Manufactura,MAN-ERP,Datos,bug,ERP-7,1,2025-03-03,2025-05-19,2025-05-23,hecho,4,0,S10
ERP-62,Manufactura,MAN-ERP,Datos,historia,ERP-7,3,2025-03-03,2025-05-20,2025-05-29,hecho,9,0,S11
ERP-63,Manufactura,MAN-ERP,Datos,historia,ERP-7,3,2025-03-03,2025-05-21,2025-06-09,hecho,19,0,S12
ERP-64,Manufactura,MAN-ERP,Datos,historia,ERP-8,5,2025-03-03,2025-05-21,2025-06-04,hecho,14,0,S11
ERP-65,Manufactura,MAN-ERP,Datos,historia,ERP-8,3,2025-03-03,2025-05-22,2025-06-06,hecho,15,0,S11
ERP-66,Manufactura,MAN-ERP,Datos,historia,ERP-9,2,2025-03-03,2025-05-22,2025-06-02,hecho,11,0,S11
ERP-67,Manufactura,MAN-ERP,Datos,historia,ERP-9,2,2025-03-03,2025-05-27,2025-05-30,hecho,3,0,S11
ERP-68,Manufactura,MAN-ERP,Datos,historia,ERP-10,2,2025-03-03,2025-06-03,2025-06-10,hecho,7,0,S12
ERP-69,Manufactura,MAN-ERP,Datos,bug,ERP-10,2,2025-03-03,2025-06-06,2025-06-17,hecho,11,0,S12
ERP-70,Manufactura,MAN-ERP,Datos,bug,ERP-10,1,2025-03-03,2025-06-10,2025-06-16,hecho,6,0,S12
ERP-71,Manufactura,MAN-ERP,Datos,tarea,ERP-11,2,2025-03-03,2025-06-11,2025-06-19,hecho,8,0,S12
ERP-72,Manufactura,MAN-ERP,Datos,bug,ERP-11,1,2025-03-03,2025-06-18,2025-06-24,hecho,6,0,S13
ERP-73,Manufactura,MAN-ERP,Datos,historia,ERP-11,5,2025-03-03,2025-06-19,2025-07-02,hecho,13,0,S13
ERP-74,Manufactura,MAN-ERP,Datos,historia,ERP-12,2,2025-03-03,2025-06-24,2025-06-30,hecho,6,0,S13
ERP-75,Manufactura,MAN-ERP,Datos,bug,ERP-12,2,2025-03-03,2025-06-25,2025-07-08,hecho,13,0,S14
ERP-76,Manufactura,MAN-ERP,Datos,historia,ERP-12,3,2025-03-03,2025-06-26,2025-07-02,hecho,6,0,S13
ERP-77,Manufactura,MAN-ERP,Datos,tarea,ERP-13,2,2025-03-03,2025-06-27,2025-07-07,hecho,10,0,S14
ERP-78,Manufactura,MAN-ERP,Datos,historia,ERP-13,2,2025-03-03,2025-07-02,2025-07-09,hecho,7,0,S14
ERP-79,Manufactura,MAN-ERP,Datos,bug,ERP-13,1,2025-03-03,2025-07-04,2025-07-15,hecho,11,40,S14
ERP-80,Manufactura,MAN-ERP,Datos,historia,ERP-14,3,2025-03-03,2025-07-04,2025-07-15,hecho,11,0,S14
ERP-81,Manufactura,MAN-ERP,Datos,historia,ERP-14,3,2025-03-03,2025-07-07,2025-07-23,hecho,16,0,S15
ERP-82,Manufactura,MAN-ERP,Datos,historia,ERP-14,2,2025-03-03,2025-07-08,2025-07-22,hecho,14,0,S15
ERP-83,Manufactura,MAN-ERP,Datos,historia,ERP-15,3,2025-03-03,2025-07-18,2025-07-25,hecho,7,0,S15
ERP-84,Manufactura,MAN-ERP,Datos,historia,ERP-15,3,2025-03-03,2025-07-21,2025-08-05,hecho,15,0,S16
ERP-85,Manufactura,MAN-ERP,Datos,historia,ERP-15,3,2025-03-03,2025-07-22,2025-11-04,hecho,105,520,S22
ERP-86,Manufactura,MAN-ERP,Datos,tarea,ERP-16,2,2025-03-03,2025-07-25,2025-07-30,hecho,5,0,S15
ERP-87,Manufactura,MAN-ERP,Datos,historia,ERP-16,3,2025-03-03,2025-07-30,2025-08-07,hecho,8,0,S16
ERP-88,Manufactura,MAN-ERP,Datos,historia,ERP-17,3,2025-03-03,2025-07-31,2025-08-25,hecho,25,0,S17
ERP-89,Manufactura,MAN-ERP,Datos,historia,ERP-17,2,2025-03-03,2025-08-04,2025-08-18,hecho,14,0,S17
ERP-90,Manufactura,MAN-ERP,Datos,bug,ERP-18,1,2025-03-03,2025-08-07,2025-08-13,hecho,6,0,S16
ERP-91,Manufactura,MAN-ERP,Datos,historia,ERP-18,5,2025-03-03,2025-08-08,2025-08-21,hecho,13,0,S17
ERP-92,Manufactura,MAN-ERP,Datos,historia,ERP-18,5,2025-03-03,2025-08-12,2025-08-29,hecho,17,0,S17
ERP-93,Manufactura,MAN-ERP,Datos,historia,ERP-19,3,2025-03-03,2025-08-15,2025-09-02,hecho,18,0,S18
ERP-94,Manufactura,MAN-ERP,Datos,historia,ERP-19,2,2025-03-03,2025-08-19,2025-08-26,hecho,7,0,S17
ERP-95,Manufactura,MAN-ERP,Datos,historia,ERP-19,2,2025-03-03,2025-09-02,2025-09-11,hecho,9,0,S18
ERP-96,Manufactura,MAN-ERP,Datos,historia,ERP-19,2,2025-03-03,2025-09-11,2025-10-03,hecho,22,80,S20
ERP-97,Manufactura,MAN-ERP,Datos,historia,ERP-19,3,2025-03-03,2025-09-12,2025-09-23,hecho,11,0,S19
ERP-98,Manufactura,MAN-ERP,Datos,bug,ERP-19,2,2025-03-03,2025-09-16,2025-09-24,hecho,8,0,S19
ERP-99,Manufactura,MAN-ERP,Datos,tarea,ERP-20,2,2025-03-03,2025-09-29,2025-10-09,hecho,10,0,S20
ERP-100,Manufactura,MAN-ERP,Datos,historia,ERP-21,2,2025-03-03,2025-10-03,2025-10-10,hecho,7,0,S20
ERP-101,Manufactura,MAN-ERP,Datos,historia,ERP-21,2,2025-03-03,2025-10-10,2025-10-17,hecho,7,0,S21
ERP-102,Manufactura,MAN-ERP,Datos,historia,ERP-21,3,2025-03-03,2025-10-14,2025-10-20,hecho,6,0,S21
ERP-103,Manufactura,MAN-ERP,Datos,historia,ERP-21,2,2025-03-03,2025-10-15,2025-10-22,hecho,7,0,S21
ERP-104,Manufactura,MAN-ERP,Datos,bug,ERP-21,2,2025-03-03,2025-10-20,2025-10-28,hecho,8,0,S22
ERP-105,Manufactura,MAN-ERP,Datos,historia,ERP-21,3,2025-03-03,2025-10-20,2025-10-30,hecho,10,0,S22
ERP-106,Manufactura,MAN-ERP,Datos,bug,ERP-21,2,2025-03-03,2025-10-21,2025-10-31,hecho,10,0,S22
ERP-107,Manufactura,MAN-ERP,Datos,historia,ERP-22,3,2025-03-03,2025-10-27,2025-11-11,hecho,15,0,S23
ERP-108,Manufactura,MAN-ERP,Datos,historia,ERP-22,3,2025-03-03,2025-10-29,2025-11-10,hecho,12,0,S23
ERP-109,Manufactura,MAN-ERP,Datos,historia,ERP-22,5,2025-03-03,2025-10-30,2025-12-02,hecho,33,0,S24
ERP-110,Manufactura,MAN-ERP,Datos,historia,ERP-22,3,2025-03-03,2025-11-04,2025-11-12,hecho,8,0,S23
ERP-111,Manufactura,MAN-ERP,Datos,historia,ERP-22,5,2025-03-03,2025-11-10,2026-01-13,hecho,64,264,S27
ERP-112,Manufactura,MAN-ERP,Datos,historia,ERP-23,2,2025-03-03,2025-11-11,2025-11-17,hecho,6,0,S23
ERP-113,Manufactura,MAN-ERP,Datos,historia,ERP-23,5,2025-03-03,2025-11-12,2025-11-26,hecho,14,0,S24
ERP-114,Manufactura,MAN-ERP,Datos,historia,ERP-23,3,2025-03-03,2025-11-14,2025-11-24,hecho,10,0,S24
ERP-115,Manufactura,MAN-ERP,Datos,historia,ERP-23,5,2025-03-03,2025-11-21,2025-12-17,hecho,26,0,S25
ERP-116,Manufactura,MAN-ERP,Datos,bug,ERP-24,2,2025-03-03,2025-11-24,2025-12-01,hecho,7,0,S24
ERP-117,Manufactura,MAN-ERP,Datos,historia,ERP-24,3,2025-03-03,2025-11-26,2025-12-05,hecho,9,0,S24
ERP-118,Manufactura,MAN-ERP,Datos,historia,ERP-25,3,2025-03-03,2025-11-28,2025-12-10,hecho,12,0,S25
ERP-119,Manufactura,MAN-ERP,Datos,historia,ERP-25,5,2025-03-03,2025-12-01,2026-02-11,hecho,72,296,S29
ERP-120,Manufactura,MAN-ERP,Datos,historia,ERP-26,3,2025-03-03,2025-12-03,2025-12-09,hecho,6,0,S25
ERP-121,Manufactura,MAN-ERP,Datos,historia,ERP-26,5,2025-03-03,2025-12-08,2025-12-22,hecho,14,0,S26
ERP-122,Manufactura,MAN-ERP,Datos,historia,ERP-26,2,2025-03-03,2025-12-09,2025-12-17,hecho,8,0,S25
ERP-123,Manufactura,MAN-ERP,Datos,historia,ERP-26,2,2025-03-03,2025-12-09,2025-12-19,hecho,10,0,S25
ERP-124,Manufactura,MAN-ERP,Datos,tarea,ERP-26,3,2025-03-03,2025-12-11,2025-12-26,hecho,15,0,S26
ERP-125,Manufactura,MAN-ERP,Datos,historia,ERP-26,2,2025-03-03,2025-12-12,2025-12-23,hecho,11,0,S26
ERP-126,Manufactura,MAN-ERP,Datos,historia,ERP-27,5,2025-03-03,2025-12-15,2026-01-09,hecho,25,0,S27
ERP-127,Manufactura,MAN-ERP,Datos,historia,ERP-27,2,2025-03-03,2025-12-16,2025-12-23,hecho,7,0,S26
ERP-128,Manufactura,MAN-ERP,Datos,historia,ERP-27,3,2025-03-03,2025-12-18,2025-12-25,hecho,7,0,S26
ERP-129,Manufactura,MAN-ERP,Datos,historia,ERP-27,3,2025-03-03,2025-12-18,2026-01-07,hecho,20,0,S27
ERP-130,Manufactura,MAN-ERP,Datos,historia,ERP-27,2,2025-03-03,2025-12-19,2025-12-29,hecho,10,0,S26
ERP-131,Manufactura,MAN-ERP,Datos,tarea,ERP-27,2,2025-03-03,2025-12-22,2025-12-29,hecho,7,0,S26
ERP-132,Manufactura,MAN-ERP,Datos,historia,ERP-28,2,2025-03-03,2025-12-25,2026-01-02,hecho,8,0,S26
ERP-133,Manufactura,MAN-ERP,Datos,historia,ERP-28,3,2025-03-03,2026-01-01,2026-01-14,hecho,13,0,S27
ERP-134,Manufactura,MAN-ERP,Datos,tarea,ERP-28,1,2025-03-03,2026-01-05,2026-01-12,hecho,7,0,S27
ERP-135,Manufactura,MAN-ERP,Datos,historia,ERP-28,2,2025-03-03,2026-01-08,2026-01-20,hecho,12,0,S28
ERP-136,Manufactura,MAN-ERP,Datos,tarea,ERP-28,2,2025-03-03,2026-01-09,2026-01-14,hecho,5,0,S27
ERP-137,Manufactura,MAN-ERP,Datos,tarea,ERP-28,1,2025-03-03,2026-01-09,2026-01-15,hecho,6,0,S27
ERP-138,Manufactura,MAN-ERP,Datos,historia,ERP-29,5,2025-03-03,2026-01-12,2026-01-22,hecho,10,0,S28
ERP-139,Manufactura,MAN-ERP,Datos,tarea,ERP-29,3,2025-03-03,2026-01-13,2026-01-26,hecho,13,0,S28
ERP-140,Manufactura,MAN-ERP,Datos,tarea,ERP-29,3,2025-03-03,2026-01-14,2026-01-21,hecho,7,0,S28
ERP-141,Manufactura,MAN-ERP,Datos,historia,ERP-29,2,2025-03-03,2026-01-15,2026-06-23,hecho,159,840,S39
ERP-142,Manufactura,MAN-ERP,Datos,tarea,ERP-29,3,2025-03-03,2026-01-16,2026-02-02,hecho,17,0,S29
ERP-143,Manufactura,MAN-ERP,Datos,bug,ERP-30,2,2025-03-03,2026-01-21,2026-02-03,hecho,13,0,S29
ERP-144,Manufactura,MAN-ERP,Datos,bug,ERP-30,2,2025-03-03,2026-01-22,2026-01-30,hecho,8,0,S28
ERP-145,Manufactura,MAN-ERP,Datos,tarea,ERP-30,3,2025-03-03,2026-01-26,2026-02-03,hecho,8,0,S29
ERP-146,Manufactura,MAN-ERP,Datos,historia,ERP-30,3,2025-03-03,2026-01-28,2026-02-06,hecho,9,0,S29
ERP-147,Manufactura,MAN-ERP,Datos,historia,ERP-31,3,2025-03-03,2026-02-02,2026-02-13,hecho,11,0,S29
ERP-148,Manufactura,MAN-ERP,Datos,historia,ERP-31,5,2025-03-03,2026-02-05,2026-07-09,hecho,154,784,S40
ERP-149,Manufactura,MAN-ERP,Datos,tarea,ERP-31,1,2025-03-03,2026-02-06,2026-02-16,hecho,10,0,S30
ERP-150,Manufactura,MAN-ERP,Datos,historia,ERP-31,2,2025-03-03,2026-02-10,2026-02-23,hecho,13,0,S30
ERP-151,Manufactura,MAN-ERP,Datos,tarea,ERP-32,3,2025-03-03,2026-02-11,2026-02-20,hecho,9,0,S30
ERP-152,Manufactura,MAN-ERP,Datos,tarea,ERP-32,1,2025-03-03,2026-02-13,2026-02-17,hecho,4,0,S30
ERP-153,Manufactura,MAN-ERP,Datos,historia,ERP-32,5,2025-03-03,2026-02-20,2026-03-06,hecho,14,0,S31
ERP-154,Manufactura,MAN-ERP,Datos,historia,ERP-33,3,2025-03-03,2026-02-23,2026-03-11,hecho,16,0,S31
ERP-155,Manufactura,MAN-ERP,Datos,bug,ERP-33,1,2025-03-03,2026-03-02,2026-03-06,hecho,4,0,S31
ERP-156,Manufactura,MAN-ERP,Datos,historia,ERP-33,3,2025-03-03,2026-03-04,2026-06-19,hecho,107,560,S38
ERP-157,Manufactura,MAN-ERP,Datos,bug,ERP-34,1,2025-03-03,2026-03-09,2026-07-17,hecho,130,704,S40
ERP-158,Manufactura,MAN-ERP,Datos,historia,ERP-34,5,2025-03-03,2026-03-09,2026-04-01,hecho,23,0,S33
ERP-159,Manufactura,MAN-ERP,Datos,tarea,ERP-34,3,2025-03-03,2026-03-11,2026-03-17,hecho,6,0,S32
ERP-160,Manufactura,MAN-ERP,Datos,historia,ERP-35,3,2025-03-03,2026-03-17,2026-03-25,hecho,8,0,S32
ERP-161,Manufactura,MAN-ERP,Datos,historia,ERP-35,3,2025-03-03,2026-03-17,2026-03-26,hecho,9,0,S32
ERP-162,Manufactura,MAN-ERP,Datos,historia,ERP-35,3,2025-03-03,2026-03-25,2026-04-06,hecho,12,0,S33
ERP-163,Manufactura,MAN-ERP,Datos,historia,ERP-35,3,2025-03-03,2026-03-25,2026-03-31,hecho,6,0,S33
ERP-164,Manufactura,MAN-ERP,Datos,tarea,ERP-35,2,2025-03-03,2026-03-26,2026-04-07,hecho,12,0,S33
ERP-165,Manufactura,MAN-ERP,Datos,historia,ERP-35,3,2025-03-03,2026-04-02,2026-04-10,hecho,8,0,S33
ERP-166,Manufactura,MAN-ERP,Datos,historia,ERP-36,3,2025-03-03,2026-04-09,2026-04-24,hecho,15,0,S34
ERP-167,Manufactura,MAN-ERP,Datos,bug,ERP-36,1,2025-03-03,2026-04-14,2026-04-21,hecho,7,0,S34
ERP-168,Manufactura,MAN-ERP,Datos,bug,ERP-36,1,2025-03-03,2026-04-16,2026-04-22,hecho,6,0,S34
ERP-169,Manufactura,MAN-ERP,Datos,tarea,ERP-36,2,2025-03-03,2026-04-20,2026-04-30,hecho,10,0,S35
ERP-170,Manufactura,MAN-ERP,Datos,tarea,ERP-36,1,2025-03-03,2026-04-22,2026-04-27,hecho,5,0,S35
ERP-171,Manufactura,MAN-ERP,Datos,historia,ERP-36,5,2025-03-03,2026-04-23,2026-09-24,hecho,154,696,S45
ERP-172,Manufactura,MAN-ERP,Datos,historia,ERP-37,5,2025-03-03,2026-04-24,2026-05-12,hecho,18,0,S36
ERP-173,Manufactura,MAN-ERP,Datos,historia,ERP-37,3,2025-03-03,2026-04-30,2026-05-13,hecho,13,0,S36
ERP-174,Manufactura,MAN-ERP,Datos,historia,ERP-37,2,2025-03-03,2026-05-04,2026-05-14,hecho,10,0,S36
ERP-175,Manufactura,MAN-ERP,Datos,historia,ERP-38,5,2025-03-03,2026-05-05,2026-05-19,hecho,14,0,S36
ERP-176,Manufactura,MAN-ERP,Datos,historia,ERP-38,5,2025-03-03,2026-05-11,2026-05-28,hecho,17,0,S37
ERP-177,Manufactura,MAN-ERP,Datos,tarea,ERP-38,1,2025-03-03,2026-05-13,2026-05-20,hecho,7,0,S36
ERP-178,Manufactura,MAN-ERP,Datos,historia,ERP-38,5,2025-03-03,2026-05-18,2026-09-21,hecho,126,592,S45
ERP-179,Manufactura,MAN-ERP,Datos,historia,ERP-38,5,2025-03-03,2026-05-18,,bloqueado,,696,S46
ERP-180,Manufactura,MAN-ERP,Datos,historia,ERP-38,3,2025-03-03,2026-05-26,2026-06-05,hecho,10,0,S37
ERP-181,Manufactura,MAN-ERP,Datos,historia,ERP-39,3,2025-03-03,2026-06-02,2026-06-18,hecho,16,0,S38
ERP-182,Manufactura,MAN-ERP,Datos,historia,ERP-39,2,2025-03-03,2026-06-11,2026-06-16,hecho,5,0,S38
ERP-183,Manufactura,MAN-ERP,Datos,tarea,ERP-39,3,2025-03-03,2026-06-11,2026-06-22,hecho,11,0,S39
ERP-184,Manufactura,MAN-ERP,Datos,historia,ERP-39,2,2025-03-03,2026-06-18,2026-07-01,hecho,13,0,S39
ERP-185,Manufactura,MAN-ERP,Datos,historia,ERP-39,3,2025-03-03,2026-06-22,2026-07-07,hecho,15,0,S40
ERP-186,Manufactura,MAN-ERP,Datos,tarea,ERP-39,2,2025-03-03,2026-07-01,2026-07-08,hecho,7,0,S40
ERP-187,Manufactura,MAN-ERP,Integraciones,historia,ERP-1,5,2025-03-03,2025-03-05,2025-03-19,hecho,14,0,S06
ERP-188,Manufactura,MAN-ERP,Integraciones,tarea,ERP-1,2,2025-03-03,2025-03-06,2025-03-12,hecho,6,0,S05
ERP-189,Manufactura,MAN-ERP,Integraciones,tarea,ERP-1,1,2025-03-03,2025-03-06,2025-03-14,hecho,8,0,S05
ERP-190,Manufactura,MAN-ERP,Integraciones,bug,ERP-1,2,2025-03-03,2025-03-07,2025-03-21,hecho,14,0,S06
ERP-191,Manufactura,MAN-ERP,Integraciones,tarea,ERP-1,2,2025-03-03,2025-03-13,2025-03-26,hecho,13,0,S06
ERP-192,Manufactura,MAN-ERP,Integraciones,historia,ERP-2,2,2025-03-03,2025-03-24,2025-04-04,hecho,11,0,S07
ERP-193,Manufactura,MAN-ERP,Integraciones,tarea,ERP-2,3,2025-03-03,2025-03-25,2025-04-02,hecho,8,0,S07
ERP-194,Manufactura,MAN-ERP,Integraciones,tarea,ERP-2,2,2025-03-03,2025-03-26,2025-04-02,hecho,7,0,S07
ERP-195,Manufactura,MAN-ERP,Integraciones,bug,ERP-2,2,2025-03-03,2025-03-27,2025-04-04,hecho,8,0,S07
ERP-196,Manufactura,MAN-ERP,Integraciones,bug,ERP-2,1,2025-03-03,2025-04-01,2025-04-04,hecho,3,0,S07
ERP-197,Manufactura,MAN-ERP,Integraciones,historia,ERP-2,3,2025-03-03,2025-04-03,2025-04-16,hecho,13,0,S08
ERP-198,Manufactura,MAN-ERP,Integraciones,historia,ERP-2,2,2025-03-03,2025-04-04,2025-04-17,hecho,13,0,S08
ERP-199,Manufactura,MAN-ERP,Integraciones,bug,ERP-3,2,2025-03-03,2025-04-04,2025-04-10,hecho,6,0,S07
ERP-200,Manufactura,MAN-ERP,Integraciones,historia,ERP-3,5,2025-03-03,2025-04-09,2025-04-22,hecho,13,0,S08
ERP-201,Manufactura,MAN-ERP,Integraciones,historia,ERP-3,5,2025-03-03,2025-04-10,2025-05-05,hecho,25,0,S09
ERP-202,Manufactura,MAN-ERP,Integraciones,historia,ERP-3,3,2025-03-03,2025-04-11,2025-04-25,hecho,14,0,S08
ERP-203,Manufactura,MAN-ERP,Integraciones,historia,ERP-3,3,2025-03-03,2025-04-14,2025-04-28,hecho,14,0,S09
ERP-204,Manufactura,MAN-ERP,Integraciones,tarea,ERP-4,2,2025-03-03,2025-04-15,2025-04-30,hecho,15,0,S09
ERP-205,Manufactura,MAN-ERP,Integraciones,historia,ERP-4,2,2025-03-03,2025-04-18,2025-04-24,hecho,6,0,S08
ERP-206,Manufactura,MAN-ERP,Integraciones,tarea,ERP-4,1,2025-03-03,2025-04-18,2025-04-28,hecho,10,0,S09
ERP-207,Manufactura,MAN-ERP,Integraciones,historia,ERP-4,2,2025-03-03,2025-04-24,2025-05-01,hecho,7,0,S09
ERP-208,Manufactura,MAN-ERP,Integraciones,tarea,ERP-4,1,2025-03-03,2025-04-25,2025-05-05,hecho,10,0,S09
ERP-209,Manufactura,MAN-ERP,Integraciones,historia,ERP-4,3,2025-03-03,2025-04-28,2025-05-13,hecho,15,0,S10
ERP-210,Manufactura,MAN-ERP,Integraciones,historia,ERP-4,5,2025-03-03,2025-04-29,2025-05-19,hecho,20,0,S10
ERP-211,Manufactura,MAN-ERP,Integraciones,historia,ERP-4,2,2025-03-03,2025-04-29,2025-05-06,hecho,7,0,S09
ERP-212,Manufactura,MAN-ERP,Integraciones,historia,ERP-4,2,2025-03-03,2025-05-01,2025-05-19,hecho,18,0,S10
ERP-213,Manufactura,MAN-ERP,Integraciones,historia,ERP-4,5,2025-03-03,2025-05-01,2025-05-29,hecho,28,0,S11
ERP-214,Manufactura,MAN-ERP,Integraciones,historia,ERP-4,5,2025-03-03,2025-05-02,2025-05-19,hecho,17,0,S10
ERP-215,Manufactura,MAN-ERP,Integraciones,historia,ERP-4,2,2025-03-03,2025-05-08,2025-05-16,hecho,8,0,S10
ERP-216,Manufactura,MAN-ERP,Integraciones,historia,ERP-5,2,2025-03-03,2025-05-16,2025-05-22,hecho,6,0,S10
ERP-217,Manufactura,MAN-ERP,Integraciones,tarea,ERP-5,1,2025-03-03,2025-05-16,2025-05-21,hecho,5,0,S10
ERP-218,Manufactura,MAN-ERP,Integraciones,historia,ERP-5,3,2025-03-03,2025-05-19,2025-05-30,hecho,11,0,S11
ERP-219,Manufactura,MAN-ERP,Integraciones,bug,ERP-5,2,2025-03-03,2025-05-21,2025-05-28,hecho,7,0,S11
ERP-220,Manufactura,MAN-ERP,Integraciones,historia,ERP-5,3,2025-03-03,2025-05-21,2025-06-06,hecho,16,0,S11
ERP-221,Manufactura,MAN-ERP,Integraciones,historia,ERP-5,2,2025-03-03,2025-05-26,2025-06-03,hecho,8,0,S11
ERP-222,Manufactura,MAN-ERP,Integraciones,historia,ERP-5,3,2025-03-03,2025-05-27,2025-06-04,hecho,8,0,S11
ERP-223,Manufactura,MAN-ERP,Integraciones,historia,ERP-5,2,2025-03-03,2025-06-03,2025-06-16,hecho,13,0,S12
ERP-224,Manufactura,MAN-ERP,Integraciones,tarea,ERP-6,2,2025-03-03,2025-06-05,2025-06-16,hecho,11,0,S12
ERP-225,Manufactura,MAN-ERP,Integraciones,historia,ERP-6,5,2025-03-03,2025-06-12,2025-07-02,hecho,20,0,S13
ERP-226,Manufactura,MAN-ERP,Integraciones,bug,ERP-6,2,2025-03-03,2025-06-12,2025-06-25,hecho,13,0,S13
ERP-227,Manufactura,MAN-ERP,Integraciones,historia,ERP-6,3,2025-03-03,2025-06-13,2025-06-23,hecho,10,0,S13
ERP-228,Manufactura,MAN-ERP,Integraciones,historia,ERP-6,2,2025-03-03,2025-06-16,2025-06-26,hecho,10,0,S13
ERP-229,Manufactura,MAN-ERP,Integraciones,historia,ERP-6,2,2025-03-03,2025-06-17,2025-06-23,hecho,6,0,S13
ERP-230,Manufactura,MAN-ERP,Integraciones,historia,ERP-6,5,2025-03-03,2025-06-23,2025-07-07,hecho,14,0,S14
ERP-231,Manufactura,MAN-ERP,Integraciones,historia,ERP-6,3,2025-03-03,2025-06-24,2025-07-08,hecho,14,0,S14
ERP-232,Manufactura,MAN-ERP,Integraciones,historia,ERP-6,2,2025-03-03,2025-06-25,2025-07-04,hecho,9,0,S13
ERP-233,Manufactura,MAN-ERP,Integraciones,historia,ERP-6,3,2025-03-03,2025-06-30,2025-07-21,hecho,21,0,S15
ERP-234,Manufactura,MAN-ERP,Integraciones,tarea,ERP-6,2,2025-03-03,2025-07-03,2025-07-11,hecho,8,0,S14
ERP-235,Manufactura,MAN-ERP,Integraciones,historia,ERP-7,3,2025-03-03,2025-07-07,2025-07-22,hecho,15,0,S15
ERP-236,Manufactura,MAN-ERP,Integraciones,historia,ERP-7,2,2025-03-03,2025-07-07,2025-07-14,hecho,7,0,S14
ERP-237,Manufactura,MAN-ERP,Integraciones,tarea,ERP-7,1,2025-03-03,2025-07-08,2025-07-11,hecho,3,0,S14
ERP-238,Manufactura,MAN-ERP,Integraciones,bug,ERP-7,2,2025-03-03,2025-07-09,2025-07-24,hecho,15,0,S15
ERP-239,Manufactura,MAN-ERP,Integraciones,bug,ERP-8,1,2025-03-03,2025-07-10,2025-07-15,hecho,5,0,S14
ERP-240,Manufactura,MAN-ERP,Integraciones,tarea,ERP-8,1,2025-03-03,2025-07-14,2025-07-16,hecho,2,0,S14
ERP-241,Manufactura,MAN-ERP,Integraciones,tarea,ERP-8,3,2025-03-03,2025-07-14,2025-08-06,hecho,23,0,S16
ERP-242,Manufactura,MAN-ERP,Integraciones,historia,ERP-8,3,2025-03-03,2025-07-16,2025-07-23,hecho,7,0,S15
ERP-243,Manufactura,MAN-ERP,Integraciones,bug,ERP-8,1,2025-03-03,2025-07-17,2025-07-24,hecho,7,0,S15
ERP-244,Manufactura,MAN-ERP,Integraciones,historia,ERP-9,3,2025-03-03,2025-07-21,2025-07-25,hecho,4,0,S15
ERP-245,Manufactura,MAN-ERP,Integraciones,historia,ERP-9,2,2025-03-03,2025-07-22,2025-07-30,hecho,8,0,S15
ERP-246,Manufactura,MAN-ERP,Integraciones,historia,ERP-9,5,2025-03-03,2025-07-23,2025-08-22,hecho,30,0,S17
ERP-247,Manufactura,MAN-ERP,Integraciones,bug,ERP-10,1,2025-03-03,2025-07-23,2025-07-28,hecho,5,0,S15
ERP-248,Manufactura,MAN-ERP,Integraciones,historia,ERP-10,3,2025-03-03,2025-07-25,2025-08-05,hecho,11,0,S16
ERP-249,Manufactura,MAN-ERP,Integraciones,bug,ERP-10,1,2025-03-03,2025-07-28,2025-08-05,hecho,8,0,S16
ERP-250,Manufactura,MAN-ERP,Integraciones,historia,ERP-10,3,2025-03-03,2025-07-29,2025-08-14,hecho,16,0,S16
ERP-251,Manufactura,MAN-ERP,Integraciones,tarea,ERP-10,1,2025-03-03,2025-08-01,2025-08-05,hecho,4,0,S16
ERP-252,Manufactura,MAN-ERP,Integraciones,historia,ERP-11,3,2025-03-03,2025-08-04,2025-08-27,hecho,23,0,S17
ERP-253,Manufactura,MAN-ERP,Integraciones,historia,ERP-11,5,2025-03-03,2025-08-12,2025-08-25,hecho,13,0,S17
ERP-254,Manufactura,MAN-ERP,Integraciones,historia,ERP-11,3,2025-03-03,2025-08-12,2025-08-27,hecho,15,0,S17
ERP-255,Manufactura,MAN-ERP,Integraciones,historia,ERP-11,3,2025-03-03,2025-08-13,2025-08-22,hecho,9,0,S17
ERP-256,Manufactura,MAN-ERP,Integraciones,bug,ERP-12,1,2025-03-03,2025-08-20,2025-08-25,hecho,5,0,S17
ERP-257,Manufactura,MAN-ERP,Integraciones,tarea,ERP-12,3,2025-03-03,2025-08-22,2025-09-08,hecho,17,0,S18
ERP-258,Manufactura,MAN-ERP,Integraciones,historia,ERP-12,2,2025-03-03,2025-08-25,2025-09-04,hecho,10,0,S18
ERP-259,Manufactura,MAN-ERP,Integraciones,bug,ERP-12,1,2025-03-03,2025-09-02,2025-09-08,hecho,6,0,S18
ERP-260,Manufactura,MAN-ERP,Integraciones,bug,ERP-12,2,2025-03-03,2025-09-05,2025-09-18,hecho,13,0,S19
ERP-261,Manufactura,MAN-ERP,Integraciones,bug,ERP-12,1,2025-03-03,2025-09-08,2025-09-10,hecho,2,0,S18
ERP-262,Manufactura,MAN-ERP,Integraciones,tarea,ERP-13,2,2025-03-03,2025-09-15,2025-09-23,hecho,8,0,S19
ERP-263,Manufactura,MAN-ERP,Integraciones,historia,ERP-13,2,2025-03-03,2025-09-18,2025-09-30,hecho,12,0,S20
ERP-264,Manufactura,MAN-ERP,Integraciones,historia,ERP-13,5,2025-03-03,2025-09-23,2025-10-06,hecho,13,0,S20
ERP-265,Manufactura,MAN-ERP,Integraciones,historia,ERP-13,2,2025-03-03,2025-09-29,2025-10-13,hecho,14,0,S21
ERP-266,Manufactura,MAN-ERP,Integraciones,historia,ERP-13,3,2025-03-03,2025-09-29,2025-10-13,hecho,14,0,S21
ERP-267,Manufactura,MAN-ERP,Integraciones,tarea,ERP-13,3,2025-03-03,2025-10-03,2025-10-22,hecho,19,0,S21
ERP-268,Manufactura,MAN-ERP,Integraciones,historia,ERP-13,2,2025-03-03,2025-10-06,2025-10-13,hecho,7,0,S21
ERP-269,Manufactura,MAN-ERP,Integraciones,historia,ERP-13,3,2025-03-03,2025-10-06,2025-10-21,hecho,15,0,S21
ERP-270,Manufactura,MAN-ERP,Integraciones,historia,ERP-13,5,2025-03-03,2025-10-08,2025-10-21,hecho,13,0,S21
ERP-271,Manufactura,MAN-ERP,Integraciones,historia,ERP-13,5,2025-03-03,2025-10-10,2025-10-23,hecho,13,0,S21
ERP-272,Manufactura,MAN-ERP,Integraciones,tarea,ERP-14,2,2025-03-03,2025-10-10,2025-10-22,hecho,12,0,S21
ERP-273,Manufactura,MAN-ERP,Integraciones,tarea,ERP-14,3,2025-03-03,2025-10-13,2025-10-29,hecho,16,0,S22
ERP-274,Manufactura,MAN-ERP,Integraciones,tarea,ERP-14,3,2025-03-03,2025-10-20,2025-11-06,hecho,17,0,S22
ERP-275,Manufactura,MAN-ERP,Integraciones,historia,ERP-15,2,2025-03-03,2025-10-20,2025-10-29,hecho,9,0,S22
ERP-276,Manufactura,MAN-ERP,Integraciones,historia,ERP-15,3,2025-03-03,2025-10-20,2025-10-28,hecho,8,0,S22
ERP-277,Manufactura,MAN-ERP,Integraciones,historia,ERP-15,3,2025-03-03,2025-10-22,2025-11-03,hecho,12,0,S22
ERP-278,Manufactura,MAN-ERP,Integraciones,historia,ERP-15,3,2025-03-03,2025-10-27,2025-11-10,hecho,14,0,S23
ERP-279,Manufactura,MAN-ERP,Integraciones,historia,ERP-15,5,2025-03-03,2025-10-28,2025-11-24,hecho,27,0,S24
ERP-280,Manufactura,MAN-ERP,Integraciones,historia,ERP-15,3,2025-03-03,2025-10-28,2025-11-04,hecho,7,0,S22
ERP-281,Manufactura,MAN-ERP,Integraciones,historia,ERP-15,5,2025-03-03,2025-10-29,2025-11-27,hecho,29,72,S24
ERP-282,Manufactura,MAN-ERP,Integraciones,historia,ERP-16,3,2025-03-03,2025-10-31,2025-11-13,hecho,13,0,S23
ERP-283,Manufactura,MAN-ERP,Integraciones,historia,ERP-16,2,2025-03-03,2025-11-03,2025-11-07,hecho,4,0,S22
ERP-284,Manufactura,MAN-ERP,Integraciones,historia,ERP-16,2,2025-03-03,2025-11-04,2025-11-14,hecho,10,0,S23
ERP-285,Manufactura,MAN-ERP,Integraciones,historia,ERP-17,2,2025-03-03,2025-11-07,2025-11-13,hecho,6,0,S23
ERP-286,Manufactura,MAN-ERP,Integraciones,historia,ERP-17,3,2025-03-03,2025-11-10,2025-11-27,hecho,17,0,S24
ERP-287,Manufactura,MAN-ERP,Integraciones,historia,ERP-17,5,2025-03-03,2025-11-12,2025-11-25,hecho,13,0,S24
ERP-288,Manufactura,MAN-ERP,Integraciones,historia,ERP-17,2,2025-03-03,2025-11-13,2025-11-21,hecho,8,0,S23
ERP-289,Manufactura,MAN-ERP,Integraciones,historia,ERP-17,2,2025-03-03,2025-11-19,2025-11-27,hecho,8,0,S24
ERP-290,Manufactura,MAN-ERP,Integraciones,historia,ERP-17,3,2025-03-03,2025-11-21,2025-12-08,hecho,17,0,S25
ERP-291,Manufactura,MAN-ERP,Integraciones,historia,ERP-17,3,2025-03-03,2025-11-21,2025-12-03,hecho,12,0,S24
ERP-292,Manufactura,MAN-ERP,Integraciones,historia,ERP-17,3,2025-03-03,2025-11-27,2025-12-05,hecho,8,0,S24
ERP-293,Manufactura,MAN-ERP,Integraciones,historia,ERP-17,3,2025-03-03,2025-11-27,2025-12-22,hecho,25,0,S26
ERP-294,Manufactura,MAN-ERP,Integraciones,bug,ERP-17,2,2025-03-03,2025-12-02,2025-12-10,hecho,8,0,S25
ERP-295,Manufactura,MAN-ERP,Integraciones,bug,ERP-18,2,2025-03-03,2025-12-05,2025-12-11,hecho,6,0,S25
ERP-296,Manufactura,MAN-ERP,Integraciones,historia,ERP-18,5,2025-03-03,2025-12-08,2025-12-31,hecho,23,0,S26
ERP-297,Manufactura,MAN-ERP,Integraciones,tarea,ERP-18,3,2025-03-03,2025-12-11,2025-12-24,hecho,13,0,S26
ERP-298,Manufactura,MAN-ERP,Integraciones,historia,ERP-18,3,2025-03-03,2025-12-19,2026-01-05,hecho,17,0,S27
ERP-299,Manufactura,MAN-ERP,Integraciones,historia,ERP-18,5,2025-03-03,2025-12-19,2026-01-07,hecho,19,0,S27
ERP-300,Manufactura,MAN-ERP,Integraciones,historia,ERP-18,2,2025-03-03,2025-12-22,2025-12-25,hecho,3,0,S26
ERP-301,Manufactura,MAN-ERP,Integraciones,historia,ERP-18,3,2025-03-03,2025-12-22,2025-12-31,hecho,9,0,S26
ERP-302,Manufactura,MAN-ERP,Integraciones,historia,ERP-18,3,2025-03-03,2025-12-25,2026-01-06,hecho,12,0,S27
ERP-303,Manufactura,MAN-ERP,Integraciones,historia,ERP-19,5,2025-03-03,2025-12-30,2026-01-19,hecho,20,0,S28
ERP-304,Manufactura,MAN-ERP,Integraciones,historia,ERP-19,5,2025-03-03,2025-12-31,2026-01-16,hecho,16,0,S27
ERP-305,Manufactura,MAN-ERP,Integraciones,historia,ERP-19,3,2025-03-03,2026-01-01,2026-01-21,hecho,20,0,S28
ERP-306,Manufactura,MAN-ERP,Integraciones,historia,ERP-19,3,2025-03-03,2026-01-02,2026-01-13,hecho,11,0,S27
ERP-307,Manufactura,MAN-ERP,Integraciones,historia,ERP-19,2,2025-03-03,2026-01-07,2026-01-14,hecho,7,0,S27
ERP-308,Manufactura,MAN-ERP,Integraciones,bug,ERP-20,1,2025-03-03,2026-01-14,2026-01-21,hecho,7,0,S28
ERP-309,Manufactura,MAN-ERP,Integraciones,historia,ERP-20,3,2025-03-03,2026-01-15,2026-01-26,hecho,11,0,S28
ERP-310,Manufactura,MAN-ERP,Integraciones,historia,ERP-20,3,2025-03-03,2026-01-16,2026-02-04,hecho,19,0,S29
ERP-311,Manufactura,MAN-ERP,Integraciones,bug,ERP-21,1,2025-03-03,2026-01-19,2026-01-28,hecho,9,0,S28
ERP-312,Manufactura,MAN-ERP,Integraciones,historia,ERP-22,3,2025-03-03,2026-01-19,2026-02-05,hecho,17,0,S29
ERP-313,Manufactura,MAN-ERP,Integraciones,historia,ERP-22,3,2025-03-03,2026-01-23,2026-02-04,hecho,12,0,S29
ERP-314,Manufactura,MAN-ERP,Integraciones,historia,ERP-22,5,2025-03-03,2026-01-26,2026-02-10,hecho,15,0,S29
ERP-315,Manufactura,MAN-ERP,Integraciones,historia,ERP-23,5,2025-03-03,2026-02-03,2026-02-23,hecho,20,0,S30
ERP-316,Manufactura,MAN-ERP,Integraciones,historia,ERP-23,5,2025-03-03,2026-02-03,2026-02-13,hecho,10,0,S29
ERP-317,Manufactura,MAN-ERP,Integraciones,tarea,ERP-23,2,2025-03-03,2026-02-04,2026-02-16,hecho,12,0,S30
ERP-318,Manufactura,MAN-ERP,Integraciones,historia,ERP-24,5,2025-03-03,2026-02-04,2026-02-27,hecho,23,0,S30
ERP-319,Manufactura,MAN-ERP,Integraciones,historia,ERP-24,2,2025-03-03,2026-02-13,2026-02-18,hecho,5,0,S30
ERP-320,Manufactura,MAN-ERP,Integraciones,tarea,ERP-24,3,2025-03-03,2026-02-16,2026-02-27,hecho,11,0,S30
ERP-321,Manufactura,MAN-ERP,Integraciones,tarea,ERP-25,1,2025-03-03,2026-02-26,2026-03-05,hecho,7,0,S31
ERP-322,Manufactura,MAN-ERP,Integraciones,historia,ERP-25,5,2025-03-03,2026-02-27,2026-03-27,hecho,28,0,S32
ERP-323,Manufactura,MAN-ERP,Integraciones,historia,ERP-25,3,2025-03-03,2026-03-03,2026-03-11,hecho,8,0,S31
ERP-324,Manufactura,MAN-ERP,Integraciones,tarea,ERP-25,3,2025-03-03,2026-03-06,2026-03-12,hecho,6,0,S31
ERP-325,Manufactura,MAN-ERP,Integraciones,tarea,ERP-25,3,2025-03-03,2026-03-10,2026-03-31,hecho,21,0,S33
ERP-326,Manufactura,MAN-ERP,Integraciones,historia,ERP-26,2,2025-03-03,2026-03-11,2026-03-18,hecho,7,0,S32
ERP-327,Manufactura,MAN-ERP,Integraciones,historia,ERP-26,3,2025-03-03,2026-03-12,2026-03-20,hecho,8,0,S32
ERP-328,Manufactura,MAN-ERP,Integraciones,bug,ERP-26,1,2025-03-03,2026-03-17,2026-03-23,hecho,6,0,S32
ERP-329,Manufactura,MAN-ERP,Integraciones,historia,ERP-27,5,2025-03-03,2026-03-19,2026-03-30,hecho,11,0,S33
ERP-330,Manufactura,MAN-ERP,Integraciones,tarea,ERP-27,3,2025-03-03,2026-03-20,2026-04-02,hecho,13,0,S33
ERP-331,Manufactura,MAN-ERP,Integraciones,historia,ERP-27,3,2025-03-03,2026-03-27,2026-04-10,hecho,14,0,S33
ERP-332,Manufactura,MAN-ERP,Integraciones,bug,ERP-27,2,2025-03-03,2026-03-27,2026-04-09,hecho,13,0,S33
ERP-333,Manufactura,MAN-ERP,Integraciones,historia,ERP-27,3,2025-03-03,2026-04-08,2026-04-28,hecho,20,0,S35
ERP-334,Manufactura,MAN-ERP,Integraciones,historia,ERP-27,2,2025-03-03,2026-04-08,2026-04-23,hecho,15,0,S34
ERP-335,Manufactura,MAN-ERP,Integraciones,historia,ERP-27,2,2025-03-03,2026-04-09,2026-04-24,hecho,15,0,S34
ERP-336,Manufactura,MAN-ERP,Integraciones,historia,ERP-27,3,2025-03-03,2026-04-10,2026-04-21,hecho,11,0,S34
ERP-337,Manufactura,MAN-ERP,Integraciones,historia,ERP-28,2,2025-03-03,2026-04-17,2026-04-22,hecho,5,0,S34
ERP-338,Manufactura,MAN-ERP,Integraciones,historia,ERP-28,5,2025-03-03,2026-04-22,2026-05-14,hecho,22,0,S36
ERP-339,Manufactura,MAN-ERP,Integraciones,historia,ERP-28,2,2025-03-03,2026-04-22,2026-04-27,hecho,5,0,S35
ERP-340,Manufactura,MAN-ERP,Integraciones,historia,ERP-28,2,2025-03-03,2026-04-27,2026-05-01,hecho,4,0,S35
ERP-341,Manufactura,MAN-ERP,Integraciones,tarea,ERP-29,2,2025-03-03,2026-04-30,2026-05-08,hecho,8,16,S35
ERP-342,Manufactura,MAN-ERP,Integraciones,historia,ERP-29,3,2025-03-03,2026-05-04,2026-06-26,hecho,53,256,S39
ERP-343,Manufactura,MAN-ERP,Integraciones,historia,ERP-29,2,2025-03-03,2026-05-07,2026-05-14,hecho,7,0,S36
ERP-344,Manufactura,MAN-ERP,Integraciones,historia,ERP-29,3,2025-03-03,2026-05-08,2026-05-15,hecho,7,0,S36
ERP-345,Manufactura,MAN-ERP,Integraciones,tarea,ERP-30,2,2025-03-03,2026-05-11,2026-05-21,hecho,10,0,S36
ERP-346,Manufactura,MAN-ERP,Integraciones,bug,ERP-30,1,2025-03-03,2026-05-11,2026-05-15,hecho,4,0,S36
ERP-347,Manufactura,MAN-ERP,Integraciones,historia,ERP-30,3,2025-03-03,2026-05-14,2026-06-04,hecho,21,0,S37
ERP-348,Manufactura,MAN-ERP,Integraciones,historia,ERP-30,2,2025-03-03,2026-05-15,2026-05-20,hecho,5,0,S36
ERP-349,Manufactura,MAN-ERP,Integraciones,historia,ERP-30,5,2025-03-03,2026-05-20,2026-06-11,hecho,22,0,S38
ERP-350,Manufactura,MAN-ERP,Integraciones,historia,ERP-31,5,2025-03-03,2026-05-20,2026-06-10,hecho,21,0,S38
ERP-351,Manufactura,MAN-ERP,Integraciones,tarea,ERP-31,3,2025-03-03,2026-05-20,2026-05-28,hecho,8,0,S37
ERP-352,Manufactura,MAN-ERP,Integraciones,historia,ERP-31,2,2025-03-03,2026-05-22,2026-06-03,hecho,12,0,S37
ERP-353,Manufactura,MAN-ERP,Integraciones,historia,ERP-31,2,2025-03-03,2026-05-27,2026-06-04,hecho,8,0,S37
ERP-354,Manufactura,MAN-ERP,Integraciones,historia,ERP-31,5,2025-03-03,2026-06-02,2026-06-17,hecho,15,0,S38
ERP-355,Manufactura,MAN-ERP,Integraciones,historia,ERP-31,3,2025-03-03,2026-06-02,2026-06-17,hecho,15,0,S38
ERP-356,Manufactura,MAN-ERP,Integraciones,tarea,ERP-32,2,2025-03-03,2026-06-09,2026-06-16,hecho,7,0,S38
ERP-357,Manufactura,MAN-ERP,Integraciones,tarea,ERP-32,1,2025-03-03,2026-06-09,2026-06-15,hecho,6,0,S38
ERP-358,Manufactura,MAN-ERP,Integraciones,historia,ERP-32,5,2025-03-03,2026-06-09,2026-06-29,hecho,20,0,S39
ERP-359,Manufactura,MAN-ERP,Integraciones,bug,ERP-33,2,2025-03-03,2026-06-12,2026-06-23,hecho,11,0,S39
ERP-360,Manufactura,MAN-ERP,Integraciones,historia,ERP-33,2,2025-03-03,2026-06-15,2026-06-24,hecho,9,0,S39
ERP-361,Manufactura,MAN-ERP,Integraciones,tarea,ERP-33,2,2025-03-03,2026-06-15,2026-06-22,hecho,7,0,S39
ERP-362,Manufactura,MAN-ERP,Integraciones,historia,ERP-33,3,2025-03-03,2026-06-16,2026-06-25,hecho,9,0,S39
ERP-363,Manufactura,MAN-ERP,Integraciones,historia,ERP-34,2,2025-03-03,2026-06-17,2026-06-25,hecho,8,0,S39
ERP-364,Manufactura,MAN-ERP,Integraciones,tarea,ERP-34,1,2025-03-03,2026-06-19,2026-06-23,hecho,4,0,S39
ERP-365,Manufactura,MAN-ERP,Integraciones,historia,ERP-34,5,2025-03-03,2026-06-24,2026-07-23,hecho,29,0,S41
ERP-366,Manufactura,MAN-ERP,Integraciones,historia,ERP-34,3,2025-03-03,2026-06-25,2026-07-03,hecho,8,0,S39
ERP-367,Manufactura,MAN-ERP,Integraciones,historia,ERP-34,2,2025-03-03,2026-06-25,2026-07-01,hecho,6,0,S39
ERP-368,Manufactura,MAN-ERP,Integraciones,historia,ERP-34,5,2025-03-03,2026-06-26,2026-07-21,hecho,25,0,S41
ERP-369,Manufactura,MAN-ERP,Integraciones,historia,ERP-34,2,2025-03-03,2026-06-29,2026-07-09,hecho,10,0,S40
ERP-370,Manufactura,MAN-ERP,Integraciones,historia,ERP-35,2,2025-03-03,2026-07-01,2026-07-07,hecho,6,0,S40
ERP-371,Manufactura,MAN-ERP,Integraciones,bug,ERP-35,2,2025-03-03,2026-07-09,2026-07-22,hecho,13,0,S41
ERP-372,Manufactura,MAN-ERP,Integraciones,bug,ERP-35,1,2025-03-03,2026-07-10,2026-07-15,hecho,5,0,S40
ERP-373,Manufactura,MAN-ERP,Integraciones,bug,ERP-35,2,2025-03-03,2026-07-15,2026-07-24,hecho,9,0,S41
ERP-374,Manufactura,MAN-ERP,Integraciones,historia,ERP-35,3,2025-03-03,2026-07-20,2026-08-03,hecho,14,0,S42
ERP-375,Manufactura,MAN-ERP,Integraciones,historia,ERP-35,3,2025-03-03,2026-07-21,2026-08-03,hecho,13,0,S42
ERP-376,Manufactura,MAN-ERP,Integraciones,tarea,ERP-36,1,2025-03-03,2026-07-21,2026-07-24,hecho,3,0,S41
ERP-377,Manufactura,MAN-ERP,Integraciones,bug,ERP-36,2,2025-03-03,2026-07-22,2026-08-03,hecho,12,0,S42
ERP-378,Manufactura,MAN-ERP,Integraciones,tarea,ERP-36,3,2025-03-03,2026-07-23,2026-08-13,hecho,21,0,S42
ERP-379,Manufactura,MAN-ERP,Integraciones,tarea,ERP-37,3,2025-03-03,2026-07-24,2026-08-13,hecho,20,0,S42
ERP-380,Manufactura,MAN-ERP,Integraciones,historia,ERP-37,5,2025-03-03,2026-07-27,2026-08-12,hecho,16,0,S42
ERP-381,Manufactura,MAN-ERP,Integraciones,historia,ERP-38,3,2025-03-03,2026-07-30,2026-08-07,hecho,8,0,S42
ERP-382,Manufactura,MAN-ERP,Integraciones,historia,ERP-38,5,2025-03-03,2026-07-31,2026-08-24,hecho,24,0,S43
ERP-383,Manufactura,MAN-ERP,Integraciones,historia,ERP-38,3,2025-03-03,2026-08-03,2026-08-31,hecho,28,0,S44
ERP-384,Manufactura,MAN-ERP,Integraciones,historia,ERP-38,3,2025-03-03,2026-08-06,2026-08-17,hecho,11,0,S43
ERP-385,Manufactura,MAN-ERP,Integraciones,historia,ERP-38,5,2025-03-03,2026-08-10,2026-08-21,hecho,11,0,S43
ERP-386,Manufactura,MAN-ERP,Integraciones,historia,ERP-38,2,2025-03-03,2026-08-14,2026-08-21,hecho,7,0,S43
ERP-387,Manufactura,MAN-ERP,Integraciones,historia,ERP-38,3,2025-03-03,2026-08-19,2026-08-31,hecho,12,0,S44
ERP-388,Manufactura,MAN-ERP,Integraciones,historia,ERP-38,3,2025-03-03,2026-08-20,2026-09-08,hecho,19,0,S44
ERP-389,Manufactura,MAN-ERP,Integraciones,tarea,ERP-39,3,2025-03-03,2026-08-21,2026-09-08,hecho,18,0,S44
ERP-390,Manufactura,MAN-ERP,Integraciones,bug,ERP-39,2,2025-03-03,2026-08-24,2026-08-31,hecho,7,0,S44
ERP-391,Manufactura,MAN-ERP,Integraciones,historia,ERP-39,5,2025-03-03,2026-08-26,2026-09-21,hecho,26,0,S45
ERP-392,Manufactura,MAN-ERP,Integraciones,historia,ERP-39,3,2025-03-03,2026-08-27,,bloqueado,,184,S46
ERP-393,Manufactura,MAN-ERP,Integraciones,historia,ERP-39,5,2025-03-03,2026-08-28,2026-09-23,hecho,26,0,S45
ERP-394,Manufactura,MAN-ERP,Plataforma,tarea,ERP-1,1,2025-03-03,2025-03-05,2025-03-13,hecho,8,0,S05
ERP-395,Manufactura,MAN-ERP,Plataforma,historia,ERP-1,3,2025-03-03,2025-03-05,2025-03-14,hecho,9,0,S05
ERP-396,Manufactura,MAN-ERP,Plataforma,historia,ERP-2,3,2025-03-03,2025-03-11,2025-03-27,hecho,16,0,S06
ERP-397,Manufactura,MAN-ERP,Plataforma,bug,ERP-2,2,2025-03-03,2025-03-12,2025-03-18,hecho,6,0,S06
ERP-398,Manufactura,MAN-ERP,Plataforma,tarea,ERP-2,3,2025-03-03,2025-03-17,2025-03-28,hecho,11,0,S06
ERP-399,Manufactura,MAN-ERP,Plataforma,tarea,ERP-2,1,2025-03-03,2025-03-18,2025-03-20,hecho,2,0,S06
ERP-400,Manufactura,MAN-ERP,Plataforma,bug,ERP-3,1,2025-03-03,2025-03-27,2025-04-01,hecho,5,0,S07
ERP-401,Manufactura,MAN-ERP,Plataforma,historia,ERP-3,5,2025-03-03,2025-03-28,2025-04-15,hecho,18,0,S08
ERP-402,Manufactura,MAN-ERP,Plataforma,historia,ERP-4,2,2025-03-03,2025-03-31,2025-04-03,hecho,3,0,S07
ERP-403,Manufactura,MAN-ERP,Plataforma,historia,ERP-4,5,2025-03-03,2025-04-02,2025-04-24,hecho,22,0,S08
ERP-404,Manufactura,MAN-ERP,Plataforma,historia,ERP-6,2,2025-03-03,2025-04-02,2025-04-08,hecho,6,0,S07
ERP-405,Manufactura,MAN-ERP,Plataforma,historia,ERP-6,5,2025-03-03,2025-04-10,2025-04-28,hecho,18,0,S09
ERP-406,Manufactura,MAN-ERP,Plataforma,tarea,ERP-6,2,2025-03-03,2025-04-11,2025-04-22,hecho,11,0,S08
ERP-407,Manufactura,MAN-ERP,Plataforma,historia,ERP-6,2,2025-03-03,2025-04-18,2025-04-23,hecho,5,0,S08
ERP-408,Manufactura,MAN-ERP,Plataforma,historia,ERP-6,5,2025-03-03,2025-04-22,2025-05-16,hecho,24,0,S10
ERP-409,Manufactura,MAN-ERP,Plataforma,historia,ERP-7,5,2025-03-03,2025-04-23,2025-05-08,hecho,15,0,S09
ERP-410,Manufactura,MAN-ERP,Plataforma,historia,ERP-7,3,2025-03-03,2025-04-24,2025-05-06,hecho,12,0,S09
ERP-411,Manufactura,MAN-ERP,Plataforma,tarea,ERP-7,1,2025-03-03,2025-05-05,2025-05-08,hecho,3,0,S09
ERP-412,Manufactura,MAN-ERP,Plataforma,historia,ERP-8,2,2025-03-03,2025-05-07,2025-05-14,hecho,7,0,S10
ERP-413,Manufactura,MAN-ERP,Plataforma,tarea,ERP-8,3,2025-03-03,2025-05-07,2025-05-16,hecho,9,0,S10
ERP-414,Manufactura,MAN-ERP,Plataforma,tarea,ERP-8,1,2025-03-03,2025-05-13,2025-05-19,hecho,6,0,S10
ERP-415,Manufactura,MAN-ERP,Plataforma,historia,ERP-8,3,2025-03-03,2025-05-16,2025-06-02,hecho,17,0,S11
ERP-416,Manufactura,MAN-ERP,Plataforma,historia,ERP-8,2,2025-03-03,2025-05-20,2025-05-28,hecho,8,0,S11
ERP-417,Manufactura,MAN-ERP,Plataforma,historia,ERP-9,5,2025-03-03,2025-05-21,2025-06-05,hecho,15,0,S11
ERP-418,Manufactura,MAN-ERP,Plataforma,historia,ERP-9,2,2025-03-03,2025-05-26,2025-05-29,hecho,3,0,S11
ERP-419,Manufactura,MAN-ERP,Plataforma,tarea,ERP-9,1,2025-03-03,2025-05-29,2025-06-04,hecho,6,0,S11
ERP-420,Manufactura,MAN-ERP,Plataforma,tarea,ERP-9,2,2025-03-03,2025-05-30,2025-06-11,hecho,12,0,S12
ERP-421,Manufactura,MAN-ERP,Plataforma,bug,ERP-9,1,2025-03-03,2025-06-02,2025-06-04,hecho,2,0,S11
ERP-422,Manufactura,MAN-ERP,Plataforma,historia,ERP-10,2,2025-03-03,2025-06-04,2025-06-10,hecho,6,0,S12
ERP-423,Manufactura,MAN-ERP,Plataforma,tarea,ERP-10,3,2025-03-03,2025-06-09,2025-06-19,hecho,10,0,S12
ERP-424,Manufactura,MAN-ERP,Plataforma,historia,ERP-10,3,2025-03-03,2025-06-09,2025-06-19,hecho,10,0,S12
ERP-425,Manufactura,MAN-ERP,Plataforma,historia,ERP-10,3,2025-03-03,2025-06-11,2025-06-27,hecho,16,0,S13
ERP-426,Manufactura,MAN-ERP,Plataforma,historia,ERP-10,3,2025-03-03,2025-06-13,2025-06-24,hecho,11,0,S13
ERP-427,Manufactura,MAN-ERP,Plataforma,tarea,ERP-10,2,2025-03-03,2025-06-17,2025-06-23,hecho,6,0,S13
ERP-428,Manufactura,MAN-ERP,Plataforma,historia,ERP-10,2,2025-03-03,2025-06-19,2025-06-26,hecho,7,0,S13
ERP-429,Manufactura,MAN-ERP,Plataforma,historia,ERP-10,5,2025-03-03,2025-06-23,2025-07-07,hecho,14,0,S14
ERP-430,Manufactura,MAN-ERP,Plataforma,historia,ERP-11,5,2025-03-03,2025-06-23,2025-07-04,hecho,11,0,S13
ERP-431,Manufactura,MAN-ERP,Plataforma,historia,ERP-11,5,2025-03-03,2025-06-24,2025-07-04,hecho,10,0,S13
ERP-432,Manufactura,MAN-ERP,Plataforma,tarea,ERP-12,1,2025-03-03,2025-06-26,2025-07-07,hecho,11,0,S14
ERP-433,Manufactura,MAN-ERP,Plataforma,tarea,ERP-12,2,2025-03-03,2025-07-03,2025-07-17,hecho,14,0,S14
ERP-434,Manufactura,MAN-ERP,Plataforma,tarea,ERP-12,2,2025-03-03,2025-07-03,2025-07-10,hecho,7,0,S14
ERP-435,Manufactura,MAN-ERP,Plataforma,bug,ERP-12,2,2025-03-03,2025-07-04,2025-07-11,hecho,7,0,S14
ERP-436,Manufactura,MAN-ERP,Plataforma,historia,ERP-12,2,2025-03-03,2025-07-07,2025-07-15,hecho,8,0,S14
ERP-437,Manufactura,MAN-ERP,Plataforma,historia,ERP-12,5,2025-03-03,2025-07-09,2025-08-22,hecho,44,120,S17
ERP-438,Manufactura,MAN-ERP,Plataforma,historia,ERP-13,2,2025-03-03,2025-07-11,2025-07-17,hecho,6,0,S14
ERP-439,Manufactura,MAN-ERP,Plataforma,historia,ERP-13,3,2025-03-03,2025-07-16,2025-07-29,hecho,13,0,S15
ERP-440,Manufactura,MAN-ERP,Plataforma,historia,ERP-13,5,2025-03-03,2025-07-17,2025-07-30,hecho,13,0,S15
ERP-441,Manufactura,MAN-ERP,Plataforma,historia,ERP-14,3,2025-03-03,2025-07-29,2025-08-07,hecho,9,0,S16
ERP-442,Manufactura,MAN-ERP,Plataforma,historia,ERP-14,5,2025-03-03,2025-07-31,2025-08-11,hecho,11,0,S16
ERP-443,Manufactura,MAN-ERP,Plataforma,historia,ERP-14,2,2025-03-03,2025-08-08,2025-08-14,hecho,6,0,S16
ERP-444,Manufactura,MAN-ERP,Plataforma,historia,ERP-14,5,2025-03-03,2025-08-11,2025-08-25,hecho,14,0,S17
ERP-445,Manufactura,MAN-ERP,Plataforma,historia,ERP-15,2,2025-03-03,2025-08-14,2025-08-20,hecho,6,0,S17
ERP-446,Manufactura,MAN-ERP,Plataforma,bug,ERP-15,1,2025-03-03,2025-08-20,2025-08-28,hecho,8,0,S17
ERP-447,Manufactura,MAN-ERP,Plataforma,historia,ERP-15,3,2025-03-03,2025-08-21,2025-09-01,hecho,11,0,S18
ERP-448,Manufactura,MAN-ERP,Plataforma,tarea,ERP-15,3,2025-03-03,2025-08-22,2025-08-28,hecho,6,0,S17
ERP-449,Manufactura,MAN-ERP,Plataforma,historia,ERP-15,3,2025-03-03,2025-08-22,2025-09-03,hecho,12,0,S18
ERP-450,Manufactura,MAN-ERP,Plataforma,bug,ERP-15,1,2025-03-03,2025-08-26,2025-09-02,hecho,7,0,S18
ERP-451,Manufactura,MAN-ERP,Plataforma,historia,ERP-16,3,2025-03-03,2025-08-28,2025-09-09,hecho,12,0,S18
ERP-452,Manufactura,MAN-ERP,Plataforma,historia,ERP-16,5,2025-03-03,2025-09-01,2025-09-16,hecho,15,0,S19
ERP-453,Manufactura,MAN-ERP,Plataforma,bug,ERP-16,1,2025-03-03,2025-09-01,2025-09-05,hecho,4,0,S18
ERP-454,Manufactura,MAN-ERP,Plataforma,historia,ERP-17,3,2025-03-03,2025-09-04,2025-09-25,hecho,21,0,S19
ERP-455,Manufactura,MAN-ERP,Plataforma,historia,ERP-17,2,2025-03-03,2025-09-12,2025-09-22,hecho,10,0,S19
ERP-456,Manufactura,MAN-ERP,Plataforma,historia,ERP-17,3,2025-03-03,2025-09-18,2025-09-26,hecho,8,0,S19
ERP-457,Manufactura,MAN-ERP,Plataforma,bug,ERP-17,2,2025-03-03,2025-09-22,2025-09-30,hecho,8,0,S20
ERP-458,Manufactura,MAN-ERP,Plataforma,historia,ERP-17,2,2025-03-03,2025-09-23,2025-10-06,hecho,13,0,S20
ERP-459,Manufactura,MAN-ERP,Plataforma,historia,ERP-17,3,2025-03-03,2025-09-25,2025-10-01,hecho,6,0,S20
ERP-460,Manufactura,MAN-ERP,Plataforma,tarea,ERP-18,2,2025-03-03,2025-10-02,2025-10-10,hecho,8,0,S20
ERP-461,Manufactura,MAN-ERP,Plataforma,historia,ERP-18,2,2025-03-03,2025-10-03,2025-10-10,hecho,7,0,S20
ERP-462,Manufactura,MAN-ERP,Plataforma,historia,ERP-18,2,2025-03-03,2025-10-06,2025-10-14,hecho,8,0,S21
ERP-463,Manufactura,MAN-ERP,Plataforma,historia,ERP-18,5,2025-03-03,2025-10-10,2025-10-27,hecho,17,0,S22
ERP-464,Manufactura,MAN-ERP,Plataforma,historia,ERP-18,2,2025-03-03,2025-10-14,2025-10-23,hecho,9,0,S21
ERP-465,Manufactura,MAN-ERP,Plataforma,historia,ERP-18,3,2025-03-03,2025-10-23,2025-11-13,hecho,21,40,S23
ERP-466,Manufactura,MAN-ERP,Plataforma,bug,ERP-18,1,2025-03-03,2025-10-30,2025-11-04,hecho,5,0,S22
ERP-467,Manufactura,MAN-ERP,Plataforma,historia,ERP-19,3,2025-03-03,2025-10-30,2025-11-18,hecho,19,0,S23
ERP-468,Manufactura,MAN-ERP,Plataforma,bug,ERP-19,1,2025-03-03,2025-11-05,2025-12-12,hecho,37,192,S25
ERP-469,Manufactura,MAN-ERP,Plataforma,historia,ERP-19,2,2025-03-03,2025-11-11,2025-11-14,hecho,3,0,S23
ERP-470,Manufactura,MAN-ERP,Plataforma,historia,ERP-19,2,2025-03-03,2025-11-14,2025-11-27,hecho,13,0,S24
ERP-471,Manufactura,MAN-ERP,Plataforma,tarea,ERP-19,2,2025-03-03,2025-11-14,2025-11-24,hecho,10,0,S24
ERP-472,Manufactura,MAN-ERP,Plataforma,tarea,ERP-19,3,2025-03-03,2025-11-20,2025-12-02,hecho,12,0,S24
ERP-473,Manufactura,MAN-ERP,Plataforma,historia,ERP-19,2,2025-03-03,2025-11-20,2025-11-28,hecho,8,0,S24
ERP-474,Manufactura,MAN-ERP,Plataforma,historia,ERP-19,3,2025-03-03,2025-11-24,2025-12-01,hecho,7,0,S24
ERP-475,Manufactura,MAN-ERP,Plataforma,historia,ERP-20,5,2025-03-03,2025-11-26,2025-12-10,hecho,14,0,S25
ERP-476,Manufactura,MAN-ERP,Plataforma,tarea,ERP-20,2,2025-03-03,2025-12-01,2025-12-04,hecho,3,0,S24
ERP-477,Manufactura,MAN-ERP,Plataforma,tarea,ERP-20,1,2025-03-03,2025-12-08,2025-12-11,hecho,3,0,S25
ERP-478,Manufactura,MAN-ERP,Plataforma,historia,ERP-21,5,2025-03-03,2025-12-12,2025-12-22,hecho,10,0,S26
ERP-479,Manufactura,MAN-ERP,Plataforma,historia,ERP-21,5,2025-03-03,2025-12-15,2025-12-26,hecho,11,0,S26
ERP-480,Manufactura,MAN-ERP,Plataforma,historia,ERP-21,3,2025-03-03,2025-12-17,2026-01-02,hecho,16,0,S26
ERP-481,Manufactura,MAN-ERP,Plataforma,tarea,ERP-21,2,2025-03-03,2025-12-26,2025-12-31,hecho,5,0,S26
ERP-482,Manufactura,MAN-ERP,Plataforma,historia,ERP-21,3,2025-03-03,2026-01-05,2026-01-20,hecho,15,0,S28
ERP-483,Manufactura,MAN-ERP,Plataforma,tarea,ERP-21,1,2025-03-03,2026-01-05,2026-01-08,hecho,3,0,S27
ERP-484,Manufactura,MAN-ERP,Plataforma,tarea,ERP-21,2,2025-03-03,2026-01-07,2026-01-13,hecho,6,0,S27
ERP-485,Manufactura,MAN-ERP,Plataforma,historia,ERP-22,2,2025-03-03,2026-01-07,2026-01-13,hecho,6,0,S27
ERP-486,Manufactura,MAN-ERP,Plataforma,historia,ERP-22,5,2025-03-03,2026-01-08,2026-01-21,hecho,13,0,S28
ERP-487,Manufactura,MAN-ERP,Plataforma,historia,ERP-22,2,2025-03-03,2026-01-12,2026-01-15,hecho,3,0,S27
ERP-488,Manufactura,MAN-ERP,Plataforma,historia,ERP-22,3,2025-03-03,2026-01-15,2026-01-23,hecho,8,0,S28
ERP-489,Manufactura,MAN-ERP,Plataforma,historia,ERP-22,3,2025-03-03,2026-01-21,2026-01-28,hecho,7,0,S28
ERP-490,Manufactura,MAN-ERP,Plataforma,historia,ERP-23,3,2025-03-03,2026-01-22,2026-01-30,hecho,8,0,S28
ERP-491,Manufactura,MAN-ERP,Plataforma,historia,ERP-23,3,2025-03-03,2026-01-27,2026-02-04,hecho,8,0,S29
ERP-492,Manufactura,MAN-ERP,Plataforma,historia,ERP-23,2,2025-03-03,2026-01-27,2026-02-09,hecho,13,0,S29
ERP-493,Manufactura,MAN-ERP,Plataforma,historia,ERP-23,2,2025-03-03,2026-01-30,2026-02-06,hecho,7,0,S29
ERP-494,Manufactura,MAN-ERP,Plataforma,historia,ERP-24,3,2025-03-03,2026-02-05,2026-02-16,hecho,11,0,S30
ERP-495,Manufactura,MAN-ERP,Plataforma,tarea,ERP-24,2,2025-03-03,2026-02-06,2026-02-19,hecho,13,0,S30
ERP-496,Manufactura,MAN-ERP,Plataforma,historia,ERP-24,2,2025-03-03,2026-02-06,2026-02-16,hecho,10,0,S30
ERP-497,Manufactura,MAN-ERP,Plataforma,historia,ERP-24,2,2025-03-03,2026-02-12,2026-02-19,hecho,7,0,S30
ERP-498,Manufactura,MAN-ERP,Plataforma,historia,ERP-24,2,2025-03-03,2026-02-12,2026-02-20,hecho,8,0,S30
ERP-499,Manufactura,MAN-ERP,Plataforma,bug,ERP-25,2,2025-03-03,2026-02-18,2026-04-21,hecho,62,320,S34
ERP-500,Manufactura,MAN-ERP,Plataforma,historia,ERP-25,3,2025-03-03,2026-02-20,2026-02-27,hecho,7,0,S30
ERP-501,Manufactura,MAN-ERP,Plataforma,historia,ERP-26,5,2025-03-03,2026-02-23,2026-03-09,hecho,14,0,S31
ERP-502,Manufactura,MAN-ERP,Plataforma,historia,ERP-26,3,2025-03-03,2026-03-10,2026-03-18,hecho,8,0,S32
ERP-503,Manufactura,MAN-ERP,Plataforma,historia,ERP-26,5,2025-03-03,2026-03-11,2026-04-06,hecho,26,0,S33
ERP-504,Manufactura,MAN-ERP,Plataforma,historia,ERP-27,3,2025-03-03,2026-03-20,2026-03-30,hecho,10,0,S33
ERP-505,Manufactura,MAN-ERP,Plataforma,tarea,ERP-27,2,2025-03-03,2026-03-23,2026-04-02,hecho,10,0,S33
ERP-506,Manufactura,MAN-ERP,Plataforma,tarea,ERP-27,1,2025-03-03,2026-03-27,2026-04-01,hecho,5,0,S33
ERP-507,Manufactura,MAN-ERP,Plataforma,tarea,ERP-27,1,2025-03-03,2026-03-30,2026-04-01,hecho,2,0,S33
ERP-508,Manufactura,MAN-ERP,Plataforma,historia,ERP-27,5,2025-03-03,2026-03-31,2026-04-15,hecho,15,0,S34
ERP-509,Manufactura,MAN-ERP,Plataforma,tarea,ERP-27,3,2025-03-03,2026-03-31,2026-04-07,hecho,7,0,S33
ERP-510,Manufactura,MAN-ERP,Plataforma,bug,ERP-27,2,2025-03-03,2026-04-01,2026-04-20,hecho,19,72,S34
ERP-511,Manufactura,MAN-ERP,Plataforma,historia,ERP-27,2,2025-03-03,2026-04-02,2026-04-13,hecho,11,0,S34
ERP-512,Manufactura,MAN-ERP,Plataforma,historia,ERP-28,3,2025-03-03,2026-04-07,2026-04-17,hecho,10,0,S34
ERP-513,Manufactura,MAN-ERP,Plataforma,historia,ERP-28,3,2025-03-03,2026-04-13,2026-04-20,hecho,7,0,S34
ERP-514,Manufactura,MAN-ERP,Plataforma,historia,ERP-28,3,2025-03-03,2026-04-15,2026-04-22,hecho,7,0,S34
ERP-515,Manufactura,MAN-ERP,Plataforma,historia,ERP-28,3,2025-03-03,2026-04-27,2026-05-04,hecho,7,0,S35
ERP-516,Manufactura,MAN-ERP,Plataforma,tarea,ERP-28,3,2025-03-03,2026-05-04,2026-05-11,hecho,7,0,S36
ERP-517,Manufactura,MAN-ERP,Plataforma,historia,ERP-28,2,2025-03-03,2026-05-05,2026-05-19,hecho,14,0,S36
ERP-518,Manufactura,MAN-ERP,Plataforma,historia,ERP-28,2,2025-03-03,2026-05-14,2026-05-25,hecho,11,0,S37
ERP-519,Manufactura,MAN-ERP,Plataforma,historia,ERP-29,5,2025-03-03,2026-05-15,2026-05-27,hecho,12,0,S37
ERP-520,Manufactura,MAN-ERP,Plataforma,historia,ERP-29,2,2025-03-03,2026-05-18,2026-05-27,hecho,9,0,S37
ERP-521,Manufactura,MAN-ERP,Plataforma,historia,ERP-29,3,2025-03-03,2026-05-26,2026-06-03,hecho,8,0,S37
ERP-522,Manufactura,MAN-ERP,Plataforma,bug,ERP-29,1,2025-03-03,2026-05-26,2026-06-02,hecho,7,0,S37
ERP-523,Manufactura,MAN-ERP,Plataforma,historia,ERP-29,5,2025-03-03,2026-05-29,2026-06-10,hecho,12,0,S38
ERP-524,Manufactura,MAN-ERP,Plataforma,historia,ERP-29,2,2025-03-03,2026-06-01,2026-06-10,hecho,9,0,S38
ERP-525,Manufactura,MAN-ERP,Plataforma,historia,ERP-30,5,2025-03-03,2026-06-02,2026-06-17,hecho,15,0,S38
ERP-526,Manufactura,MAN-ERP,Plataforma,historia,ERP-30,3,2025-03-03,2026-06-04,2026-06-12,hecho,8,0,S38
ERP-527,Manufactura,MAN-ERP,Plataforma,tarea,ERP-30,3,2025-03-03,2026-06-09,2026-06-23,hecho,14,0,S39
ERP-528,Manufactura,MAN-ERP,Plataforma,tarea,ERP-30,1,2025-03-03,2026-06-15,2026-06-17,hecho,2,0,S38
ERP-529,Manufactura,MAN-ERP,Plataforma,bug,ERP-31,2,2025-03-03,2026-06-17,2026-06-24,hecho,7,0,S39
ERP-530,Manufactura,MAN-ERP,Plataforma,historia,ERP-31,3,2025-03-03,2026-06-18,2026-06-25,hecho,7,0,S39
ERP-531,Manufactura,MAN-ERP,Plataforma,bug,ERP-32,2,2025-03-03,2026-06-18,2026-06-25,hecho,7,0,S39
ERP-532,Manufactura,MAN-ERP,Plataforma,bug,ERP-32,1,2025-03-03,2026-06-19,2026-06-25,hecho,6,0,S39
ERP-533,Manufactura,MAN-ERP,Plataforma,bug,ERP-32,2,2025-03-03,2026-06-24,2026-07-01,hecho,7,0,S39
ERP-534,Manufactura,MAN-ERP,Plataforma,historia,ERP-33,3,2025-03-03,2026-06-24,2026-07-09,hecho,15,0,S40
ERP-535,Manufactura,MAN-ERP,Plataforma,tarea,ERP-33,1,2025-03-03,2026-06-26,2026-08-10,hecho,45,216,S42
ERP-536,Manufactura,MAN-ERP,Plataforma,historia,ERP-33,5,2025-03-03,2026-06-29,2026-07-15,hecho,16,0,S40
ERP-537,Manufactura,MAN-ERP,Plataforma,bug,ERP-33,1,2025-03-03,2026-06-30,2026-07-03,hecho,3,0,S39
ERP-538,Manufactura,MAN-ERP,Plataforma,historia,ERP-34,5,2025-03-03,2026-07-07,2026-07-23,hecho,16,0,S41
ERP-539,Manufactura,MAN-ERP,Plataforma,historia,ERP-35,5,2025-03-03,2026-07-07,2026-07-24,hecho,17,0,S41
ERP-540,Manufactura,MAN-ERP,Plataforma,historia,ERP-35,2,2025-03-03,2026-07-13,2026-07-21,hecho,8,0,S41
ERP-541,Manufactura,MAN-ERP,Plataforma,historia,ERP-35,2,2025-03-03,2026-07-20,2026-07-28,hecho,8,0,S41
ERP-542,Manufactura,MAN-ERP,Plataforma,bug,ERP-35,2,2025-03-03,2026-07-22,2026-07-27,hecho,5,0,S41
ERP-543,Manufactura,MAN-ERP,Plataforma,historia,ERP-35,2,2025-03-03,2026-07-22,2026-07-28,hecho,6,0,S41
ERP-544,Manufactura,MAN-ERP,Plataforma,historia,ERP-36,3,2025-03-03,2026-07-27,2026-08-07,hecho,11,0,S42
ERP-545,Manufactura,MAN-ERP,Plataforma,bug,ERP-36,1,2025-03-03,2026-07-27,2026-08-03,hecho,7,0,S42
ERP-546,Manufactura,MAN-ERP,Plataforma,bug,ERP-36,1,2025-03-03,2026-07-28,2026-07-30,hecho,2,0,S41
ERP-547,Manufactura,MAN-ERP,Plataforma,bug,ERP-37,1,2025-03-03,2026-07-30,2026-08-05,hecho,6,0,S42
ERP-548,Manufactura,MAN-ERP,Plataforma,tarea,ERP-37,2,2025-03-03,2026-08-04,2026-08-12,hecho,8,0,S42
ERP-549,Manufactura,MAN-ERP,Plataforma,historia,ERP-37,3,2025-03-03,2026-08-10,2026-08-24,hecho,14,0,S43
ERP-550,Manufactura,MAN-ERP,Plataforma,historia,ERP-38,2,2025-03-03,2026-08-10,2026-08-14,hecho,4,0,S42
ERP-551,Manufactura,MAN-ERP,Plataforma,historia,ERP-38,5,2025-03-03,2026-08-13,2026-08-28,hecho,15,0,S43
ERP-552,Manufactura,MAN-ERP,Plataforma,historia,ERP-38,3,2025-03-03,2026-08-27,2026-09-04,hecho,8,0,S44
ERP-553,Manufactura,MAN-ERP,Plataforma,historia,ERP-39,5,2025-03-03,2026-08-27,2026-09-14,hecho,18,0,S45
ERP-554,Manufactura,MAN-ERP,Plataforma,bug,ERP-39,1,2025-03-03,2026-09-04,2026-09-08,hecho,4,0,S44
ERP-555,Manufactura,MAN-ERP,Plataforma,historia,ERP-39,3,2025-03-03,2026-09-08,2026-09-17,hecho,9,0,S45
ERP-556,Manufactura,MAN-ERP,Plataforma,bug,ERP-39,1,2025-03-03,2026-09-11,2026-09-17,hecho,6,0,S45
ERP-557,Manufactura,MAN-ERP,Plataforma,historia,ERP-39,2,2025-03-03,2026-09-14,2026-09-22,hecho,8,0,S45
ERP-558,Manufactura,MAN-ERP,Plataforma,historia,ERP-39,5,2025-03-03,2026-09-15,2026-09-29,hecho,14,0,S46
ERP-559,Manufactura,MAN-ERP,Plataforma,historia,ERP-39,3,2025-03-03,2026-09-17,,en_curso,,0,S46
ERP-560,Manufactura,MAN-ERP,Plataforma,tarea,ERP-39,3,2025-03-03,2026-09-18,2026-09-30,hecho,12,0,S46
ERP-561,Manufactura,MAN-ERP,Plataforma,historia,ERP-39,2,2025-03-03,2026-09-23,2026-09-29,hecho,6,0,S46
ERP-562,Manufactura,MAN-ERP,Plataforma,historia,ERP-39,5,2025-03-03,2026-09-28,,en_curso,,0,S46
ERP-563,Manufactura,MAN-ERP,Producto,tarea,ERP-1,2,2025-03-03,2025-03-06,2025-03-11,hecho,5,0,S05
ERP-564,Manufactura,MAN-ERP,Producto,tarea,ERP-1,1,2025-03-03,2025-03-06,2025-03-12,hecho,6,0,S05
ERP-565,Manufactura,MAN-ERP,Producto,bug,ERP-1,2,2025-03-03,2025-03-07,2025-03-20,hecho,13,32,S06
ERP-566,Manufactura,MAN-ERP,Producto,historia,ERP-1,3,2025-03-03,2025-03-07,2025-03-17,hecho,10,0,S06
ERP-567,Manufactura,MAN-ERP,Producto,bug,ERP-1,1,2025-03-03,2025-03-11,2025-03-17,hecho,6,0,S06
ERP-568,Manufactura,MAN-ERP,Producto,historia,ERP-1,5,2025-03-03,2025-03-11,2025-03-25,hecho,14,0,S06
ERP-569,Manufactura,MAN-ERP,Producto,historia,ERP-2,2,2025-03-03,2025-03-11,2025-03-19,hecho,8,0,S06
ERP-570,Manufactura,MAN-ERP,Producto,bug,ERP-2,2,2025-03-03,2025-03-13,2025-03-21,hecho,8,0,S06
ERP-571,Manufactura,MAN-ERP,Producto,historia,ERP-2,5,2025-03-03,2025-03-13,2025-03-28,hecho,15,0,S06
ERP-572,Manufactura,MAN-ERP,Producto,bug,ERP-2,1,2025-03-03,2025-03-21,2025-03-27,hecho,6,0,S06
ERP-573,Manufactura,MAN-ERP,Producto,bug,ERP-2,1,2025-03-03,2025-03-21,2025-03-27,hecho,6,0,S06
ERP-574,Manufactura,MAN-ERP,Producto,historia,ERP-3,3,2025-03-03,2025-03-24,2025-04-03,hecho,10,0,S07
ERP-575,Manufactura,MAN-ERP,Producto,tarea,ERP-3,2,2025-03-03,2025-03-24,2025-03-28,hecho,4,0,S06
ERP-576,Manufactura,MAN-ERP,Producto,historia,ERP-3,3,2025-03-03,2025-03-27,2025-04-03,hecho,7,0,S07
ERP-577,Manufactura,MAN-ERP,Producto,tarea,ERP-3,2,2025-03-03,2025-03-28,2025-04-03,hecho,6,0,S07
ERP-578,Manufactura,MAN-ERP,Producto,bug,ERP-3,1,2025-03-03,2025-03-28,2025-04-01,hecho,4,0,S07
ERP-579,Manufactura,MAN-ERP,Producto,historia,ERP-3,5,2025-03-03,2025-04-01,2025-04-16,hecho,15,0,S08
ERP-580,Manufactura,MAN-ERP,Producto,historia,ERP-3,2,2025-03-03,2025-04-01,2025-04-10,hecho,9,0,S07
ERP-581,Manufactura,MAN-ERP,Producto,tarea,ERP-3,2,2025-03-03,2025-04-02,2025-04-09,hecho,7,0,S07
ERP-582,Manufactura,MAN-ERP,Producto,historia,ERP-3,2,2025-03-03,2025-04-03,2025-04-15,hecho,12,0,S08
ERP-583,Manufactura,MAN-ERP,Producto,historia,ERP-3,5,2025-03-03,2025-04-04,2025-04-22,hecho,18,0,S08
ERP-584,Manufactura,MAN-ERP,Producto,historia,ERP-3,2,2025-03-03,2025-04-07,2025-04-17,hecho,10,0,S08
ERP-585,Manufactura,MAN-ERP,Producto,historia,ERP-3,3,2025-03-03,2025-04-08,2025-04-16,hecho,8,0,S08
ERP-586,Manufactura,MAN-ERP,Producto,bug,ERP-3,1,2025-03-03,2025-04-14,2025-04-16,hecho,2,0,S08
ERP-587,Manufactura,MAN-ERP,Producto,historia,ERP-4,5,2025-03-03,2025-04-16,2025-05-01,hecho,15,0,S09
ERP-588,Manufactura,MAN-ERP,Producto,bug,ERP-4,1,2025-03-03,2025-04-16,2025-04-21,hecho,5,0,S08
ERP-589,Manufactura,MAN-ERP,Producto,tarea,ERP-4,1,2025-03-03,2025-04-16,2025-04-21,hecho,5,0,S08
ERP-590,Manufactura,MAN-ERP,Producto,tarea,ERP-4,3,2025-03-03,2025-04-17,2025-05-05,hecho,18,0,S09
ERP-591,Manufactura,MAN-ERP,Producto,historia,ERP-4,2,2025-03-03,2025-04-18,2025-04-24,hecho,6,0,S08
ERP-592,Manufactura,MAN-ERP,Producto,historia,ERP-4,3,2025-03-03,2025-04-18,2025-05-01,hecho,13,0,S09
ERP-593,Manufactura,MAN-ERP,Producto,historia,ERP-4,5,2025-03-03,2025-04-21,2025-05-02,hecho,11,0,S09
ERP-594,Manufactura,MAN-ERP,Producto,historia,ERP-4,5,2025-03-03,2025-04-23,2025-05-06,hecho,13,0,S09
ERP-595,Manufactura,MAN-ERP,Producto,historia,ERP-4,2,2025-03-03,2025-04-23,2025-05-01,hecho,8,0,S09
ERP-596,Manufactura,MAN-ERP,Producto,historia,ERP-4,3,2025-03-03,2025-04-30,2025-05-09,hecho,9,0,S09
ERP-597,Manufactura,MAN-ERP,Producto,historia,ERP-5,5,2025-03-03,2025-05-01,2025-05-27,hecho,26,0,S11
ERP-598,Manufactura,MAN-ERP,Producto,historia,ERP-5,5,2025-03-03,2025-05-01,2025-05-15,hecho,14,0,S10
ERP-599,Manufactura,MAN-ERP,Producto,historia,ERP-5,3,2025-03-03,2025-05-01,2025-05-14,hecho,13,0,S10
ERP-600,Manufactura,MAN-ERP,Producto,historia,ERP-5,2,2025-03-03,2025-05-06,2025-05-12,hecho,6,0,S10
ERP-601,Manufactura,MAN-ERP,Producto,historia,ERP-5,3,2025-03-03,2025-05-09,2025-05-15,hecho,6,0,S10
ERP-602,Manufactura,MAN-ERP,Producto,historia,ERP-5,2,2025-03-03,2025-05-12,2025-05-20,hecho,8,0,S10
ERP-603,Manufactura,MAN-ERP,Producto,historia,ERP-5,3,2025-03-03,2025-05-12,2025-05-20,hecho,8,0,S10
ERP-604,Manufactura,MAN-ERP,Producto,historia,ERP-5,3,2025-03-03,2025-05-13,2025-05-21,hecho,8,0,S10
ERP-605,Manufactura,MAN-ERP,Producto,historia,ERP-5,2,2025-03-03,2025-05-15,2025-05-22,hecho,7,0,S10
ERP-606,Manufactura,MAN-ERP,Producto,tarea,ERP-6,2,2025-03-03,2025-05-15,2025-05-26,hecho,11,0,S11
ERP-607,Manufactura,MAN-ERP,Producto,tarea,ERP-6,2,2025-03-03,2025-05-16,2025-05-22,hecho,6,0,S10
ERP-608,Manufactura,MAN-ERP,Producto,bug,ERP-6,2,2025-03-03,2025-05-20,2025-05-26,hecho,6,0,S11
ERP-609,Manufactura,MAN-ERP,Producto,historia,ERP-6,3,2025-03-03,2025-05-20,2025-05-30,hecho,10,0,S11
ERP-610,Manufactura,MAN-ERP,Producto,tarea,ERP-6,3,2025-03-03,2025-05-21,2025-05-30,hecho,9,0,S11
ERP-611,Manufactura,MAN-ERP,Producto,historia,ERP-6,3,2025-03-03,2025-05-22,2025-06-02,hecho,11,0,S11
ERP-612,Manufactura,MAN-ERP,Producto,bug,ERP-6,1,2025-03-03,2025-05-23,2025-05-28,hecho,5,0,S11
ERP-613,Manufactura,MAN-ERP,Producto,historia,ERP-6,2,2025-03-03,2025-05-26,2025-06-09,hecho,14,0,S12
ERP-614,Manufactura,MAN-ERP,Producto,historia,ERP-6,3,2025-03-03,2025-05-28,2025-06-06,hecho,9,0,S11
ERP-615,Manufactura,MAN-ERP,Producto,tarea,ERP-6,2,2025-03-03,2025-05-29,2025-06-04,hecho,6,0,S11
ERP-616,Manufactura,MAN-ERP,Producto,tarea,ERP-7,1,2025-03-03,2025-06-03,2025-06-09,hecho,6,0,S12
ERP-617,Manufactura,MAN-ERP,Producto,tarea,ERP-7,2,2025-03-03,2025-06-03,2025-06-09,hecho,6,0,S12
ERP-618,Manufactura,MAN-ERP,Producto,historia,ERP-7,5,2025-03-03,2025-06-04,2025-06-18,hecho,14,0,S12
ERP-619,Manufactura,MAN-ERP,Producto,historia,ERP-7,3,2025-03-03,2025-06-04,2025-07-17,hecho,43,192,S14
ERP-620,Manufactura,MAN-ERP,Producto,historia,ERP-7,2,2025-03-03,2025-06-06,2025-06-13,hecho,7,0,S12
ERP-621,Manufactura,MAN-ERP,Producto,historia,ERP-7,3,2025-03-03,2025-06-09,2025-06-17,hecho,8,0,S12
ERP-622,Manufactura,MAN-ERP,Producto,historia,ERP-7,3,2025-03-03,2025-06-10,2025-06-16,hecho,6,0,S12
ERP-623,Manufactura,MAN-ERP,Producto,tarea,ERP-7,1,2025-03-03,2025-06-11,2025-06-17,hecho,6,0,S12
ERP-624,Manufactura,MAN-ERP,Producto,historia,ERP-7,3,2025-03-03,2025-06-13,2025-06-30,hecho,17,0,S13
ERP-625,Manufactura,MAN-ERP,Producto,historia,ERP-7,5,2025-03-03,2025-06-16,2025-06-30,hecho,14,0,S13
ERP-626,Manufactura,MAN-ERP,Producto,historia,ERP-8,2,2025-03-03,2025-06-18,2025-07-14,hecho,26,120,S14
ERP-627,Manufactura,MAN-ERP,Producto,historia,ERP-8,3,2025-03-03,2025-06-19,2025-06-30,hecho,11,0,S13
ERP-628,Manufactura,MAN-ERP,Producto,historia,ERP-8,5,2025-03-03,2025-06-19,2025-07-10,hecho,21,0,S14
ERP-629,Manufactura,MAN-ERP,Producto,historia,ERP-8,3,2025-03-03,2025-06-26,2025-07-03,hecho,7,0,S13
ERP-630,Manufactura,MAN-ERP,Producto,tarea,ERP-8,1,2025-03-03,2025-06-26,2025-06-30,hecho,4,0,S13
ERP-631,Manufactura,MAN-ERP,Producto,tarea,ERP-8,2,2025-03-03,2025-06-26,2025-07-03,hecho,7,0,S13
ERP-632,Manufactura,MAN-ERP,Producto,historia,ERP-8,3,2025-03-03,2025-06-27,2025-07-04,hecho,7,0,S13
ERP-633,Manufactura,MAN-ERP,Producto,historia,ERP-9,2,2025-03-03,2025-06-30,2025-07-07,hecho,7,0,S14
ERP-634,Manufactura,MAN-ERP,Producto,tarea,ERP-9,2,2025-03-03,2025-07-01,2025-07-11,hecho,10,0,S14
ERP-635,Manufactura,MAN-ERP,Producto,historia,ERP-9,2,2025-03-03,2025-07-02,2025-07-07,hecho,5,0,S14
ERP-636,Manufactura,MAN-ERP,Producto,historia,ERP-9,2,2025-03-03,2025-07-03,2025-07-08,hecho,5,0,S14
ERP-637,Manufactura,MAN-ERP,Producto,tarea,ERP-9,3,2025-03-03,2025-07-03,2025-07-10,hecho,7,0,S14
ERP-638,Manufactura,MAN-ERP,Producto,bug,ERP-9,1,2025-03-03,2025-07-07,2025-07-10,hecho,3,0,S14
ERP-639,Manufactura,MAN-ERP,Producto,tarea,ERP-9,2,2025-03-03,2025-07-08,2025-07-23,hecho,15,0,S15
ERP-640,Manufactura,MAN-ERP,Producto,historia,ERP-9,5,2025-03-03,2025-07-08,2025-07-21,hecho,13,0,S15
ERP-641,Manufactura,MAN-ERP,Producto,tarea,ERP-9,3,2025-03-03,2025-07-11,2025-07-23,hecho,12,0,S15
ERP-642,Manufactura,MAN-ERP,Producto,tarea,ERP-9,1,2025-03-03,2025-07-14,2025-07-18,hecho,4,0,S14
ERP-643,Manufactura,MAN-ERP,Producto,tarea,ERP-10,1,2025-03-03,2025-07-14,2025-07-18,hecho,4,0,S14
ERP-644,Manufactura,MAN-ERP,Producto,historia,ERP-10,5,2025-03-03,2025-07-15,2025-07-28,hecho,13,0,S15
ERP-645,Manufactura,MAN-ERP,Producto,bug,ERP-10,1,2025-03-03,2025-07-16,2025-07-21,hecho,5,0,S15
ERP-646,Manufactura,MAN-ERP,Producto,tarea,ERP-10,3,2025-03-03,2025-07-16,2025-07-25,hecho,9,0,S15
ERP-647,Manufactura,MAN-ERP,Producto,historia,ERP-10,2,2025-03-03,2025-07-16,2025-07-24,hecho,8,0,S15
ERP-648,Manufactura,MAN-ERP,Producto,historia,ERP-10,3,2025-03-03,2025-07-21,2025-08-01,hecho,11,0,S15
ERP-649,Manufactura,MAN-ERP,Producto,historia,ERP-10,5,2025-03-03,2025-07-21,2025-08-04,hecho,14,0,S16
ERP-650,Manufactura,MAN-ERP,Producto,historia,ERP-11,5,2025-03-03,2025-07-22,2025-08-07,hecho,16,0,S16
ERP-651,Manufactura,MAN-ERP,Producto,historia,ERP-11,3,2025-03-03,2025-07-23,2025-08-11,hecho,19,0,S16
ERP-652,Manufactura,MAN-ERP,Producto,bug,ERP-11,2,2025-03-03,2025-07-24,2025-08-01,hecho,8,0,S15
ERP-653,Manufactura,MAN-ERP,Producto,historia,ERP-11,5,2025-03-03,2025-07-24,2025-08-05,hecho,12,0,S16
ERP-654,Manufactura,MAN-ERP,Producto,tarea,ERP-11,2,2025-03-03,2025-07-28,2025-08-14,hecho,17,56,S16
ERP-655,Manufactura,MAN-ERP,Producto,historia,ERP-12,3,2025-03-03,2025-07-31,2025-08-08,hecho,8,0,S16
ERP-656,Manufactura,MAN-ERP,Producto,historia,ERP-12,2,2025-03-03,2025-07-31,2025-08-05,hecho,5,0,S16
ERP-657,Manufactura,MAN-ERP,Producto,tarea,ERP-12,1,2025-03-03,2025-08-01,2025-08-06,hecho,5,0,S16
ERP-658,Manufactura,MAN-ERP,Producto,tarea,ERP-12,3,2025-03-03,2025-08-04,2025-08-12,hecho,8,0,S16
ERP-659,Manufactura,MAN-ERP,Producto,historia,ERP-12,5,2025-03-03,2025-08-05,2025-08-20,hecho,15,0,S17
ERP-660,Manufactura,MAN-ERP,Producto,historia,ERP-12,3,2025-03-03,2025-08-05,2025-08-14,hecho,9,0,S16
ERP-661,Manufactura,MAN-ERP,Producto,bug,ERP-12,2,2025-03-03,2025-08-07,2025-08-12,hecho,5,0,S16
ERP-662,Manufactura,MAN-ERP,Producto,historia,ERP-12,3,2025-03-03,2025-08-08,2025-08-25,hecho,17,0,S17
ERP-663,Manufactura,MAN-ERP,Producto,historia,ERP-12,3,2025-03-03,2025-08-11,2025-08-28,hecho,17,0,S17
ERP-664,Manufactura,MAN-ERP,Producto,bug,ERP-13,2,2025-03-03,2025-08-12,2025-08-21,hecho,9,0,S17
ERP-665,Manufactura,MAN-ERP,Producto,tarea,ERP-13,2,2025-03-03,2025-08-12,2025-08-18,hecho,6,0,S17
ERP-666,Manufactura,MAN-ERP,Producto,historia,ERP-13,2,2025-03-03,2025-08-12,2025-08-21,hecho,9,0,S17
ERP-667,Manufactura,MAN-ERP,Producto,bug,ERP-13,2,2025-03-03,2025-08-15,2025-08-22,hecho,7,0,S17
ERP-668,Manufactura,MAN-ERP,Producto,tarea,ERP-13,2,2025-03-03,2025-08-18,2025-08-25,hecho,7,0,S17
ERP-669,Manufactura,MAN-ERP,Producto,historia,ERP-13,3,2025-03-03,2025-08-19,2025-08-29,hecho,10,0,S17
ERP-670,Manufactura,MAN-ERP,Producto,bug,ERP-13,1,2025-03-03,2025-08-20,2025-08-26,hecho,6,0,S17
ERP-671,Manufactura,MAN-ERP,Producto,historia,ERP-13,3,2025-03-03,2025-08-21,2025-09-04,hecho,14,0,S18
ERP-672,Manufactura,MAN-ERP,Producto,historia,ERP-13,5,2025-03-03,2025-08-21,2025-09-08,hecho,18,0,S18
ERP-673,Manufactura,MAN-ERP,Producto,historia,ERP-13,3,2025-03-03,2025-08-22,2025-08-29,hecho,7,0,S17
ERP-674,Manufactura,MAN-ERP,Producto,tarea,ERP-13,3,2025-03-03,2025-08-25,2025-09-01,hecho,7,0,S18
ERP-675,Manufactura,MAN-ERP,Producto,historia,ERP-13,2,2025-03-03,2025-08-27,2025-09-05,hecho,9,0,S18
ERP-676,Manufactura,MAN-ERP,Producto,historia,ERP-13,2,2025-03-03,2025-08-29,2025-09-04,hecho,6,0,S18
ERP-677,Manufactura,MAN-ERP,Producto,tarea,ERP-14,2,2025-03-03,2025-09-03,2025-09-10,hecho,7,0,S18
ERP-678,Manufactura,MAN-ERP,Producto,historia,ERP-14,5,2025-03-03,2025-09-05,2025-09-16,hecho,11,0,S19
ERP-679,Manufactura,MAN-ERP,Producto,tarea,ERP-14,1,2025-03-03,2025-09-08,2025-09-12,hecho,4,0,S18
ERP-680,Manufactura,MAN-ERP,Producto,historia,ERP-14,2,2025-03-03,2025-09-08,2025-09-17,hecho,9,0,S19
ERP-681,Manufactura,MAN-ERP,Producto,tarea,ERP-14,2,2025-03-03,2025-09-15,2025-09-23,hecho,8,0,S19
ERP-682,Manufactura,MAN-ERP,Producto,historia,ERP-14,5,2025-03-03,2025-09-16,2025-09-30,hecho,14,0,S20
ERP-683,Manufactura,MAN-ERP,Producto,historia,ERP-14,5,2025-03-03,2025-09-16,2025-10-01,hecho,15,0,S20
ERP-684,Manufactura,MAN-ERP,Producto,historia,ERP-14,5,2025-03-03,2025-09-17,2025-09-30,hecho,13,0,S20
ERP-685,Manufactura,MAN-ERP,Producto,historia,ERP-14,3,2025-03-03,2025-09-19,2025-09-30,hecho,11,0,S20
ERP-686,Manufactura,MAN-ERP,Producto,bug,ERP-15,1,2025-03-03,2025-09-30,2025-10-07,hecho,7,0,S20
ERP-687,Manufactura,MAN-ERP,Producto,historia,ERP-15,2,2025-03-03,2025-09-30,2025-10-08,hecho,8,0,S20
ERP-688,Manufactura,MAN-ERP,Producto,historia,ERP-15,2,2025-03-03,2025-09-30,2025-10-07,hecho,7,0,S20
ERP-689,Manufactura,MAN-ERP,Producto,historia,ERP-15,2,2025-03-03,2025-10-01,2025-10-08,hecho,7,0,S20
ERP-690,Manufactura,MAN-ERP,Producto,historia,ERP-15,2,2025-03-03,2025-10-09,2025-10-20,hecho,11,0,S21
ERP-691,Manufactura,MAN-ERP,Producto,historia,ERP-15,3,2025-03-03,2025-10-14,2025-10-22,hecho,8,0,S21
ERP-692,Manufactura,MAN-ERP,Producto,tarea,ERP-15,1,2025-03-03,2025-10-16,2025-10-21,hecho,5,0,S21
ERP-693,Manufactura,MAN-ERP,Producto,historia,ERP-15,2,2025-03-03,2025-10-17,2025-10-22,hecho,5,0,S21
ERP-694,Manufactura,MAN-ERP,Producto,historia,ERP-15,5,2025-03-03,2025-10-21,2025-11-05,hecho,15,0,S22
ERP-695,Manufactura,MAN-ERP,Producto,bug,ERP-15,2,2025-03-03,2025-10-22,2025-10-29,hecho,7,0,S22
ERP-696,Manufactura,MAN-ERP,Producto,historia,ERP-15,2,2025-03-03,2025-10-28,2025-11-04,hecho,7,0,S22
ERP-697,Manufactura,MAN-ERP,Producto,historia,ERP-15,5,2025-03-03,2025-10-28,2025-11-07,hecho,10,0,S22
ERP-698,Manufactura,MAN-ERP,Producto,historia,ERP-15,2,2025-03-03,2025-10-29,2025-11-07,hecho,9,0,S22
ERP-699,Manufactura,MAN-ERP,Producto,historia,ERP-15,2,2025-03-03,2025-11-05,2025-11-12,hecho,7,0,S23
ERP-700,Manufactura,MAN-ERP,Producto,historia,ERP-15,5,2025-03-03,2025-11-05,2025-11-17,hecho,12,0,S23
ERP-701,Manufactura,MAN-ERP,Producto,tarea,ERP-15,1,2025-03-03,2025-11-07,2025-11-13,hecho,6,0,S23
ERP-702,Manufactura,MAN-ERP,Producto,tarea,ERP-16,3,2025-03-03,2025-11-07,2025-11-17,hecho,10,0,S23
ERP-703,Manufactura,MAN-ERP,Producto,historia,ERP-16,3,2025-03-03,2025-11-10,2025-11-18,hecho,8,0,S23
ERP-704,Manufactura,MAN-ERP,Producto,historia,ERP-16,2,2025-03-03,2025-11-11,2025-11-18,hecho,7,0,S23
ERP-705,Manufactura,MAN-ERP,Producto,bug,ERP-16,2,2025-03-03,2025-11-14,2025-11-21,hecho,7,0,S23
ERP-706,Manufactura,MAN-ERP,Producto,historia,ERP-16,2,2025-03-03,2025-11-18,2025-11-27,hecho,9,0,S24
ERP-707,Manufactura,MAN-ERP,Producto,historia,ERP-16,2,2025-03-03,2025-11-20,2025-11-27,hecho,7,0,S24
ERP-708,Manufactura,MAN-ERP,Producto,historia,ERP-16,3,2025-03-03,2025-11-25,2025-12-02,hecho,7,0,S24
ERP-709,Manufactura,MAN-ERP,Producto,historia,ERP-16,5,2025-03-03,2025-11-28,2025-12-19,hecho,21,0,S25
ERP-710,Manufactura,MAN-ERP,Producto,bug,ERP-16,2,2025-03-03,2025-11-28,2025-12-05,hecho,7,0,S24
ERP-711,Manufactura,MAN-ERP,Producto,tarea,ERP-17,3,2025-03-03,2025-12-01,2025-12-11,hecho,10,0,S25
ERP-712,Manufactura,MAN-ERP,Producto,historia,ERP-17,3,2025-03-03,2025-12-02,2025-12-11,hecho,9,0,S25
ERP-713,Manufactura,MAN-ERP,Producto,historia,ERP-17,2,2025-03-03,2025-12-02,2025-12-08,hecho,6,0,S25
ERP-714,Manufactura,MAN-ERP,Producto,bug,ERP-17,1,2025-03-03,2025-12-04,2025-12-10,hecho,6,0,S25
ERP-715,Manufactura,MAN-ERP,Producto,historia,ERP-17,2,2025-03-03,2025-12-04,2025-12-09,hecho,5,0,S25
ERP-716,Manufactura,MAN-ERP,Producto,bug,ERP-17,1,2025-03-03,2025-12-08,2025-12-12,hecho,4,0,S25
ERP-717,Manufactura,MAN-ERP,Producto,historia,ERP-17,5,2025-03-03,2025-12-09,2025-12-23,hecho,14,0,S26
ERP-718,Manufactura,MAN-ERP,Producto,historia,ERP-18,5,2025-03-03,2025-12-09,2025-12-31,hecho,22,0,S26
ERP-719,Manufactura,MAN-ERP,Producto,historia,ERP-18,5,2025-03-03,2025-12-09,2025-12-22,hecho,13,0,S26
ERP-720,Manufactura,MAN-ERP,Producto,historia,ERP-18,2,2025-03-03,2025-12-09,2025-12-16,hecho,7,0,S25
ERP-721,Manufactura,MAN-ERP,Producto,historia,ERP-18,5,2025-03-03,2025-12-11,2025-12-26,hecho,15,0,S26
ERP-722,Manufactura,MAN-ERP,Producto,historia,ERP-19,3,2025-03-03,2025-12-12,2025-12-19,hecho,7,0,S25
ERP-723,Manufactura,MAN-ERP,Producto,tarea,ERP-19,2,2025-03-03,2025-12-22,2025-12-31,hecho,9,0,S26
ERP-724,Manufactura,MAN-ERP,Producto,historia,ERP-19,3,2025-03-03,2025-12-23,2025-12-30,hecho,7,0,S26
ERP-725,Manufactura,MAN-ERP,Producto,historia,ERP-19,3,2025-03-03,2025-12-26,2026-01-02,hecho,7,0,S26
ERP-726,Manufactura,MAN-ERP,Producto,bug,ERP-19,2,2025-03-03,2025-12-26,2026-01-02,hecho,7,0,S26
ERP-727,Manufactura,MAN-ERP,Producto,tarea,ERP-19,2,2025-03-03,2025-12-26,2026-01-02,hecho,7,0,S26
ERP-728,Manufactura,MAN-ERP,Producto,historia,ERP-20,3,2025-03-03,2025-12-31,2026-01-08,hecho,8,0,S27
ERP-729,Manufactura,MAN-ERP,Producto,historia,ERP-20,3,2025-03-03,2026-01-01,2026-01-07,hecho,6,0,S27
ERP-730,Manufactura,MAN-ERP,Producto,historia,ERP-20,2,2025-03-03,2026-01-06,2026-01-12,hecho,6,0,S27
ERP-731,Manufactura,MAN-ERP,Producto,tarea,ERP-20,1,2025-03-03,2026-01-12,2026-01-19,hecho,7,0,S28
ERP-732,Manufactura,MAN-ERP,Producto,tarea,ERP-20,2,2025-03-03,2026-01-12,2026-01-26,hecho,14,0,S28
ERP-733,Manufactura,MAN-ERP,Producto,historia,ERP-20,3,2025-03-03,2026-01-19,2026-01-26,hecho,7,0,S28
ERP-734,Manufactura,MAN-ERP,Producto,historia,ERP-21,2,2025-03-03,2026-01-23,2026-02-02,hecho,10,0,S29
ERP-735,Manufactura,MAN-ERP,Producto,historia,ERP-21,3,2025-03-03,2026-01-26,2026-02-09,hecho,14,0,S29
ERP-736,Manufactura,MAN-ERP,Producto,historia,ERP-21,3,2025-03-03,2026-01-30,2026-02-10,hecho,11,0,S29
ERP-737,Manufactura,MAN-ERP,Producto,historia,ERP-21,5,2025-03-03,2026-02-02,2026-02-13,hecho,11,0,S29
ERP-738,Manufactura,MAN-ERP,Producto,historia,ERP-21,2,2025-03-03,2026-02-06,2026-02-16,hecho,10,0,S30
ERP-739,Manufactura,MAN-ERP,Producto,historia,ERP-21,3,2025-03-03,2026-02-09,2026-02-26,hecho,17,0,S30
ERP-740,Manufactura,MAN-ERP,Producto,historia,ERP-21,3,2025-03-03,2026-02-11,2026-02-19,hecho,8,0,S30
ERP-741,Manufactura,MAN-ERP,Producto,bug,ERP-22,2,2025-03-03,2026-02-12,2026-02-18,hecho,6,0,S30
ERP-742,Manufactura,MAN-ERP,Producto,tarea,ERP-22,2,2025-03-03,2026-02-12,2026-02-18,hecho,6,0,S30
ERP-743,Manufactura,MAN-ERP,Producto,bug,ERP-22,1,2025-03-03,2026-02-13,2026-02-18,hecho,5,0,S30
ERP-744,Manufactura,MAN-ERP,Producto,tarea,ERP-22,1,2025-03-03,2026-02-13,2026-02-19,hecho,6,0,S30
ERP-745,Manufactura,MAN-ERP,Producto,historia,ERP-23,3,2025-03-03,2026-02-17,2026-02-27,hecho,10,0,S30
ERP-746,Manufactura,MAN-ERP,Producto,historia,ERP-23,5,2025-03-03,2026-02-17,2026-03-02,hecho,13,0,S31
ERP-747,Manufactura,MAN-ERP,Producto,historia,ERP-23,3,2025-03-03,2026-02-26,2026-03-12,hecho,14,0,S31
ERP-748,Manufactura,MAN-ERP,Producto,tarea,ERP-23,3,2025-03-03,2026-02-26,2026-03-11,hecho,13,0,S31
ERP-749,Manufactura,MAN-ERP,Producto,historia,ERP-23,2,2025-03-03,2026-02-27,2026-03-06,hecho,7,0,S31
ERP-750,Manufactura,MAN-ERP,Producto,historia,ERP-23,3,2025-03-03,2026-03-02,2026-03-11,hecho,9,0,S31
ERP-751,Manufactura,MAN-ERP,Producto,tarea,ERP-23,3,2025-03-03,2026-03-05,2026-03-13,hecho,8,0,S31
ERP-752,Manufactura,MAN-ERP,Producto,historia,ERP-23,2,2025-03-03,2026-03-10,2026-03-17,hecho,7,0,S32
ERP-753,Manufactura,MAN-ERP,Producto,tarea,ERP-23,3,2025-03-03,2026-03-10,2026-03-18,hecho,8,0,S32
ERP-754,Manufactura,MAN-ERP,Producto,bug,ERP-23,1,2025-03-03,2026-03-11,2026-03-17,hecho,6,0,S32
ERP-755,Manufactura,MAN-ERP,Producto,historia,ERP-23,3,2025-03-03,2026-03-12,2026-03-27,hecho,15,0,S32
ERP-756,Manufactura,MAN-ERP,Producto,historia,ERP-23,3,2025-03-03,2026-03-12,2026-03-23,hecho,11,0,S32
ERP-757,Manufactura,MAN-ERP,Producto,historia,ERP-23,5,2025-03-03,2026-03-12,2026-04-01,hecho,20,0,S33
ERP-758,Manufactura,MAN-ERP,Producto,bug,ERP-24,1,2025-03-03,2026-03-16,2026-03-19,hecho,3,0,S32
ERP-759,Manufactura,MAN-ERP,Producto,historia,ERP-24,3,2025-03-03,2026-03-17,2026-03-26,hecho,9,0,S32
ERP-760,Manufactura,MAN-ERP,Producto,tarea,ERP-24,2,2025-03-03,2026-03-18,2026-03-25,hecho,7,0,S32
ERP-761,Manufactura,MAN-ERP,Producto,tarea,ERP-24,3,2025-03-03,2026-03-23,2026-04-01,hecho,9,0,S33
ERP-762,Manufactura,MAN-ERP,Producto,historia,ERP-24,2,2025-03-03,2026-03-31,2026-04-07,hecho,7,0,S33
ERP-763,Manufactura,MAN-ERP,Producto,tarea,ERP-24,2,2025-03-03,2026-04-03,2026-04-13,hecho,10,0,S34
ERP-764,Manufactura,MAN-ERP,Producto,historia,ERP-24,3,2025-03-03,2026-04-08,2026-04-15,hecho,7,0,S34
ERP-765,Manufactura,MAN-ERP,Producto,tarea,ERP-24,3,2025-03-03,2026-04-09,2026-04-17,hecho,8,0,S34
ERP-766,Manufactura,MAN-ERP,Producto,tarea,ERP-24,1,2025-03-03,2026-04-10,2026-04-14,hecho,4,0,S34
ERP-767,Manufactura,MAN-ERP,Producto,historia,ERP-25,3,2025-03-03,2026-04-15,2026-04-27,hecho,12,0,S35
ERP-768,Manufactura,MAN-ERP,Producto,tarea,ERP-25,2,2025-03-03,2026-04-21,2026-05-04,hecho,13,0,S35
ERP-769,Manufactura,MAN-ERP,Producto,historia,ERP-25,5,2025-03-03,2026-04-22,2026-05-07,hecho,15,0,S35
ERP-770,Manufactura,MAN-ERP,Producto,historia,ERP-25,5,2025-03-03,2026-04-23,2026-05-04,hecho,11,0,S35
ERP-771,Manufactura,MAN-ERP,Producto,historia,ERP-25,3,2025-03-03,2026-04-24,2026-05-04,hecho,10,0,S35
ERP-772,Manufactura,MAN-ERP,Producto,historia,ERP-25,5,2025-03-03,2026-04-24,2026-05-11,hecho,17,0,S36
ERP-773,Manufactura,MAN-ERP,Producto,historia,ERP-25,5,2025-03-03,2026-04-28,2026-05-12,hecho,14,0,S36
ERP-774,Manufactura,MAN-ERP,Producto,historia,ERP-25,2,2025-03-03,2026-05-11,2026-05-15,hecho,4,0,S36
ERP-775,Manufactura,MAN-ERP,Producto,historia,ERP-26,2,2025-03-03,2026-05-13,2026-05-20,hecho,7,0,S36
ERP-776,Manufactura,MAN-ERP,Producto,tarea,ERP-26,3,2025-03-03,2026-05-18,2026-05-26,hecho,8,0,S37
ERP-777,Manufactura,MAN-ERP,Producto,tarea,ERP-26,1,2025-03-03,2026-05-18,2026-05-20,hecho,2,0,S36
ERP-778,Manufactura,MAN-ERP,Producto,tarea,ERP-26,2,2025-03-03,2026-05-19,2026-05-26,hecho,7,0,S37
ERP-779,Manufactura,MAN-ERP,Producto,historia,ERP-26,2,2025-03-03,2026-05-19,2026-05-25,hecho,6,0,S37
ERP-780,Manufactura,MAN-ERP,Producto,bug,ERP-26,1,2025-03-03,2026-05-20,2026-05-22,hecho,2,0,S36
ERP-781,Manufactura,MAN-ERP,Producto,tarea,ERP-26,3,2025-03-03,2026-05-20,2026-06-01,hecho,12,0,S37
ERP-782,Manufactura,MAN-ERP,Producto,historia,ERP-26,2,2025-03-03,2026-05-21,2026-05-28,hecho,7,0,S37
ERP-783,Manufactura,MAN-ERP,Producto,historia,ERP-26,3,2025-03-03,2026-05-22,2026-06-02,hecho,11,0,S37
ERP-784,Manufactura,MAN-ERP,Producto,tarea,ERP-26,2,2025-03-03,2026-05-25,2026-06-01,hecho,7,0,S37
ERP-785,Manufactura,MAN-ERP,Producto,historia,ERP-26,3,2025-03-03,2026-05-26,2026-06-08,hecho,13,0,S38
ERP-786,Manufactura,MAN-ERP,Producto,tarea,ERP-27,1,2025-03-03,2026-05-28,2026-06-02,hecho,5,0,S37
ERP-787,Manufactura,MAN-ERP,Producto,historia,ERP-27,5,2025-03-03,2026-05-29,2026-06-11,hecho,13,0,S38
ERP-788,Manufactura,MAN-ERP,Producto,bug,ERP-27,2,2025-03-03,2026-06-02,2026-06-11,hecho,9,0,S38
ERP-789,Manufactura,MAN-ERP,Producto,historia,ERP-27,3,2025-03-03,2026-06-03,2026-06-17,hecho,14,0,S38
ERP-790,Manufactura,MAN-ERP,Producto,historia,ERP-27,5,2025-03-03,2026-06-03,2026-06-17,hecho,14,0,S38
ERP-791,Manufactura,MAN-ERP,Producto,bug,ERP-27,2,2025-03-03,2026-06-03,2026-06-11,hecho,8,0,S38
ERP-792,Manufactura,MAN-ERP,Producto,historia,ERP-27,3,2025-03-03,2026-06-04,2026-06-12,hecho,8,0,S38
ERP-793,Manufactura,MAN-ERP,Producto,historia,ERP-27,5,2025-03-03,2026-06-04,2026-06-17,hecho,13,0,S38
ERP-794,Manufactura,MAN-ERP,Producto,historia,ERP-27,2,2025-03-03,2026-06-09,2026-06-16,hecho,7,0,S38
ERP-795,Manufactura,MAN-ERP,Producto,historia,ERP-27,5,2025-03-03,2026-06-09,2026-06-22,hecho,13,0,S39
ERP-796,Manufactura,MAN-ERP,Producto,historia,ERP-27,2,2025-03-03,2026-06-11,2026-06-17,hecho,6,0,S38
ERP-797,Manufactura,MAN-ERP,Producto,historia,ERP-28,3,2025-03-03,2026-06-16,2026-06-26,hecho,10,0,S39
ERP-798,Manufactura,MAN-ERP,Producto,historia,ERP-28,5,2025-03-03,2026-06-16,2026-07-01,hecho,15,0,S39
ERP-799,Manufactura,MAN-ERP,Producto,tarea,ERP-28,1,2025-03-03,2026-06-16,2026-06-22,hecho,6,0,S39
ERP-800,Manufactura,MAN-ERP,Producto,historia,ERP-28,2,2025-03-03,2026-06-16,2026-06-23,hecho,7,0,S39
ERP-801,Manufactura,MAN-ERP,Producto,tarea,ERP-29,3,2025-03-03,2026-06-17,2026-07-07,hecho,20,0,S40
ERP-802,Manufactura,MAN-ERP,Producto,bug,ERP-29,1,2025-03-03,2026-06-17,2026-06-22,hecho,5,0,S39
ERP-803,Manufactura,MAN-ERP,Producto,tarea,ERP-29,3,2025-03-03,2026-06-19,2026-06-29,hecho,10,0,S39
ERP-804,Manufactura,MAN-ERP,Producto,bug,ERP-29,2,2025-03-03,2026-06-22,2026-06-26,hecho,4,0,S39
ERP-805,Manufactura,MAN-ERP,Producto,historia,ERP-29,2,2025-03-03,2026-06-22,2026-06-25,hecho,3,0,S39
ERP-806,Manufactura,MAN-ERP,Producto,historia,ERP-29,3,2025-03-03,2026-06-25,2026-07-06,hecho,11,0,S40
ERP-807,Manufactura,MAN-ERP,Producto,bug,ERP-30,1,2025-03-03,2026-06-25,2026-07-01,hecho,6,0,S39
ERP-808,Manufactura,MAN-ERP,Producto,bug,ERP-30,1,2025-03-03,2026-06-29,2026-07-02,hecho,3,0,S39
ERP-809,Manufactura,MAN-ERP,Producto,tarea,ERP-30,2,2025-03-03,2026-06-30,2026-07-08,hecho,8,0,S40
ERP-810,Manufactura,MAN-ERP,Producto,historia,ERP-30,5,2025-03-03,2026-07-01,2026-07-16,hecho,15,0,S40
ERP-811,Manufactura,MAN-ERP,Producto,historia,ERP-30,2,2025-03-03,2026-07-02,2026-07-07,hecho,5,0,S40
ERP-812,Manufactura,MAN-ERP,Producto,bug,ERP-30,1,2025-03-03,2026-07-02,2026-07-09,hecho,7,0,S40
ERP-813,Manufactura,MAN-ERP,Producto,bug,ERP-30,1,2025-03-03,2026-07-06,2026-07-14,hecho,8,0,S40
ERP-814,Manufactura,MAN-ERP,Producto,tarea,ERP-30,2,2025-03-03,2026-07-06,2026-07-14,hecho,8,0,S40
ERP-815,Manufactura,MAN-ERP,Producto,historia,ERP-31,5,2025-03-03,2026-07-06,2026-07-22,hecho,16,0,S41
ERP-816,Manufactura,MAN-ERP,Producto,tarea,ERP-31,2,2025-03-03,2026-07-07,2026-07-14,hecho,7,0,S40
ERP-817,Manufactura,MAN-ERP,Producto,historia,ERP-31,3,2025-03-03,2026-07-07,2026-07-20,hecho,13,0,S41
ERP-818,Manufactura,MAN-ERP,Producto,historia,ERP-31,3,2025-03-03,2026-07-08,2026-07-17,hecho,9,0,S40
ERP-819,Manufactura,MAN-ERP,Producto,historia,ERP-31,2,2025-03-03,2026-07-14,2026-07-21,hecho,7,0,S41
ERP-820,Manufactura,MAN-ERP,Producto,tarea,ERP-31,2,2025-03-03,2026-07-15,2026-07-20,hecho,5,0,S41
ERP-821,Manufactura,MAN-ERP,Producto,historia,ERP-31,2,2025-03-03,2026-07-15,2026-07-23,hecho,8,0,S41
ERP-822,Manufactura,MAN-ERP,Producto,historia,ERP-31,5,2025-03-03,2026-07-17,2026-08-03,hecho,17,0,S42
ERP-823,Manufactura,MAN-ERP,Producto,tarea,ERP-31,2,2025-03-03,2026-07-20,2026-07-24,hecho,4,0,S41
ERP-824,Manufactura,MAN-ERP,Producto,historia,ERP-31,2,2025-03-03,2026-07-22,2026-07-29,hecho,7,0,S41
ERP-825,Manufactura,MAN-ERP,Producto,historia,ERP-32,3,2025-03-03,2026-07-23,2026-07-31,hecho,8,0,S41
ERP-826,Manufactura,MAN-ERP,Producto,historia,ERP-32,2,2025-03-03,2026-07-23,2026-07-28,hecho,5,0,S41
ERP-827,Manufactura,MAN-ERP,Producto,bug,ERP-32,1,2025-03-03,2026-07-27,2026-07-31,hecho,4,0,S41
ERP-828,Manufactura,MAN-ERP,Producto,historia,ERP-32,5,2025-03-03,2026-07-28,2026-08-10,hecho,13,0,S42
ERP-829,Manufactura,MAN-ERP,Producto,historia,ERP-32,3,2025-03-03,2026-07-28,2026-08-07,hecho,10,0,S42
ERP-830,Manufactura,MAN-ERP,Producto,historia,ERP-32,5,2025-03-03,2026-07-29,2026-08-13,hecho,15,0,S42
ERP-831,Manufactura,MAN-ERP,Producto,historia,ERP-33,2,2025-03-03,2026-07-29,2026-08-04,hecho,6,0,S42
ERP-832,Manufactura,MAN-ERP,Producto,tarea,ERP-33,1,2025-03-03,2026-07-29,2026-07-31,hecho,2,0,S41
ERP-833,Manufactura,MAN-ERP,Producto,historia,ERP-33,2,2025-03-03,2026-07-31,2026-08-06,hecho,6,0,S42
ERP-834,Manufactura,MAN-ERP,Producto,historia,ERP-33,2,2025-03-03,2026-07-31,2026-08-06,hecho,6,0,S42
ERP-835,Manufactura,MAN-ERP,Producto,bug,ERP-33,2,2025-03-03,2026-08-05,2026-08-11,hecho,6,0,S42
ERP-836,Manufactura,MAN-ERP,Producto,historia,ERP-33,2,2025-03-03,2026-08-06,2026-08-19,hecho,13,0,S43
ERP-837,Manufactura,MAN-ERP,Producto,bug,ERP-33,1,2025-03-03,2026-08-06,2026-08-13,hecho,7,0,S42
ERP-838,Manufactura,MAN-ERP,Producto,historia,ERP-33,5,2025-03-03,2026-08-06,2026-08-21,hecho,15,0,S43
ERP-839,Manufactura,MAN-ERP,Producto,tarea,ERP-33,1,2025-03-03,2026-08-06,2026-08-12,hecho,6,0,S42
ERP-840,Manufactura,MAN-ERP,Producto,historia,ERP-33,5,2025-03-03,2026-08-10,2026-08-24,hecho,14,0,S43
ERP-841,Manufactura,MAN-ERP,Producto,historia,ERP-34,3,2025-03-03,2026-08-10,2026-08-19,hecho,9,0,S43
ERP-842,Manufactura,MAN-ERP,Producto,historia,ERP-34,2,2025-03-03,2026-08-11,2026-08-17,hecho,6,0,S43
ERP-843,Manufactura,MAN-ERP,Producto,historia,ERP-34,2,2025-03-03,2026-08-12,2026-08-18,hecho,6,0,S43
ERP-844,Manufactura,MAN-ERP,Producto,tarea,ERP-34,2,2025-03-03,2026-08-13,2026-08-20,hecho,7,0,S43
ERP-845,Manufactura,MAN-ERP,Producto,historia,ERP-34,2,2025-03-03,2026-08-17,2026-08-26,hecho,9,0,S43
ERP-846,Manufactura,MAN-ERP,Producto,historia,ERP-34,2,2025-03-03,2026-08-17,2026-08-20,hecho,3,0,S43
ERP-847,Manufactura,MAN-ERP,Producto,tarea,ERP-34,1,2025-03-03,2026-08-17,2026-08-21,hecho,4,0,S43
ERP-848,Manufactura,MAN-ERP,Producto,historia,ERP-34,3,2025-03-03,2026-08-17,2026-08-26,hecho,9,0,S43
ERP-849,Manufactura,MAN-ERP,Producto,historia,ERP-34,2,2025-03-03,2026-08-20,2026-08-27,hecho,7,0,S43
ERP-850,Manufactura,MAN-ERP,Producto,tarea,ERP-34,2,2025-03-03,2026-08-20,2026-08-27,hecho,7,0,S43
ERP-851,Manufactura,MAN-ERP,Producto,tarea,ERP-34,2,2025-03-03,2026-08-20,2026-08-25,hecho,5,0,S43
ERP-852,Manufactura,MAN-ERP,Producto,tarea,ERP-35,1,2025-03-03,2026-08-24,2026-08-26,hecho,2,0,S43
ERP-853,Manufactura,MAN-ERP,Producto,historia,ERP-35,2,2025-03-03,2026-08-25,2026-08-31,hecho,6,0,S44
ERP-854,Manufactura,MAN-ERP,Producto,historia,ERP-35,5,2025-03-03,2026-08-25,2026-09-09,hecho,15,0,S44
ERP-855,Manufactura,MAN-ERP,Producto,bug,ERP-35,2,2025-03-03,2026-08-25,2026-08-31,hecho,6,0,S44
ERP-856,Manufactura,MAN-ERP,Producto,tarea,ERP-35,1,2025-03-03,2026-08-26,2026-09-03,hecho,8,0,S44
ERP-857,Manufactura,MAN-ERP,Producto,historia,ERP-35,5,2025-03-03,2026-08-26,2026-09-08,hecho,13,0,S44
ERP-858,Manufactura,MAN-ERP,Producto,tarea,ERP-35,2,2025-03-03,2026-08-26,2026-08-31,hecho,5,0,S44
ERP-859,Manufactura,MAN-ERP,Producto,tarea,ERP-35,2,2025-03-03,2026-08-28,2026-09-03,hecho,6,0,S44
ERP-860,Manufactura,MAN-ERP,Producto,historia,ERP-35,5,2025-03-03,2026-08-28,2026-09-10,hecho,13,0,S44
ERP-861,Manufactura,MAN-ERP,Producto,bug,ERP-36,1,2025-03-03,2026-08-31,2026-09-03,hecho,3,0,S44
ERP-862,Manufactura,MAN-ERP,Producto,historia,ERP-36,2,2025-03-03,2026-09-01,2026-09-15,hecho,14,0,S45
ERP-863,Manufactura,MAN-ERP,Producto,tarea,ERP-36,2,2025-03-03,2026-09-01,2026-09-08,hecho,7,0,S44
ERP-864,Manufactura,MAN-ERP,Producto,historia,ERP-36,5,2025-03-03,2026-09-07,2026-09-21,hecho,14,0,S45
ERP-865,Manufactura,MAN-ERP,Producto,historia,ERP-36,3,2025-03-03,2026-09-08,2026-09-21,hecho,13,0,S45
ERP-866,Manufactura,MAN-ERP,Producto,historia,ERP-36,2,2025-03-03,2026-09-08,2026-09-14,hecho,6,0,S45
ERP-867,Manufactura,MAN-ERP,Producto,tarea,ERP-37,1,2025-03-03,2026-09-10,2026-09-17,hecho,7,0,S45
ERP-868,Manufactura,MAN-ERP,Producto,tarea,ERP-37,1,2025-03-03,2026-09-11,2026-09-17,hecho,6,0,S45
ERP-869,Manufactura,MAN-ERP,Producto,tarea,ERP-37,1,2025-03-03,2026-09-15,2026-09-21,hecho,6,0,S45
ERP-870,Manufactura,MAN-ERP,Producto,tarea,ERP-37,2,2025-03-03,2026-09-15,2026-09-18,hecho,3,0,S45
ERP-871,Manufactura,MAN-ERP,Producto,historia,ERP-37,3,2025-03-03,2026-09-15,2026-09-23,hecho,8,0,S45
ERP-872,Manufactura,MAN-ERP,Producto,historia,ERP-37,3,2025-03-03,2026-09-17,2026-09-25,hecho,8,0,S45
ERP-873,Manufactura,MAN-ERP,Producto,historia,ERP-37,5,2025-03-03,2026-09-17,2026-09-29,hecho,12,0,S46
ERP-874,Manufactura,MAN-ERP,Producto,tarea,ERP-38,2,2025-03-03,2026-09-18,2026-09-28,hecho,10,0,S46
ERP-875,Manufactura,MAN-ERP,Producto,tarea,ERP-38,3,2025-03-03,2026-09-22,2026-09-30,hecho,8,0,S46
ERP-876,Manufactura,MAN-ERP,Producto,historia,ERP-38,5,2025-03-03,2026-09-24,,en_curso,,0,S46
ERP-877,Manufactura,MAN-ERP,Producto,bug,ERP-39,2,2025-03-03,2026-09-28,,en_revision,,0,S46
ERP-878,Manufactura,MAN-ERP,Producto,bug,ERP-39,1,2025-03-03,2026-09-29,,en_revision,,0,S46
ERP-879,Manufactura,MAN-ERP,Producto,tarea,ERP-39,2,2025-03-03,2026-09-29,,en_curso,,0,S46
ERP-880,Manufactura,MAN-ERP,Producto,bug,ERP-39,1,2025-03-03,,,por_hacer,,0,
ERP-881,Manufactura,MAN-ERP,Producto,historia,ERP-39,2,2025-03-03,,,por_hacer,,0,
ERP-882,Manufactura,MAN-ERP,Producto,historia,ERP-39,2,2025-03-03,,,por_hacer,,0,
ERP-883,Manufactura,MAN-ERP,Producto,bug,ERP-39,1,2025-03-03,,,por_hacer,,0,
ERP-884,Manufactura,MAN-ERP,QA,historia,ERP-1,5,2025-03-03,2025-03-04,2025-03-21,hecho,17,24,S06
ERP-885,Manufactura,MAN-ERP,QA,historia,ERP-1,2,2025-03-03,2025-03-05,2025-03-12,hecho,7,0,S05
ERP-886,Manufactura,MAN-ERP,QA,historia,ERP-1,2,2025-03-03,2025-03-06,2025-03-20,hecho,14,0,S06
ERP-887,Manufactura,MAN-ERP,QA,historia,ERP-1,2,2025-03-03,2025-03-06,2025-03-12,hecho,6,0,S05
ERP-888,Manufactura,MAN-ERP,QA,historia,ERP-1,2,2025-03-03,2025-03-11,2025-03-18,hecho,7,0,S06
ERP-889,Manufactura,MAN-ERP,QA,bug,ERP-1,1,2025-03-03,2025-03-11,2025-03-18,hecho,7,0,S06
ERP-890,Manufactura,MAN-ERP,QA,tarea,ERP-2,2,2025-03-03,2025-03-18,2025-04-01,hecho,14,0,S07
ERP-891,Manufactura,MAN-ERP,QA,bug,ERP-2,1,2025-03-03,2025-03-27,2025-04-02,hecho,6,0,S07
ERP-892,Manufactura,MAN-ERP,QA,bug,ERP-2,2,2025-03-03,2025-03-28,2025-04-04,hecho,7,0,S07
ERP-893,Manufactura,MAN-ERP,QA,historia,ERP-2,5,2025-03-03,2025-03-31,2025-04-11,hecho,11,0,S07
ERP-894,Manufactura,MAN-ERP,QA,tarea,ERP-3,1,2025-03-03,2025-03-31,2025-04-04,hecho,4,0,S07
ERP-895,Manufactura,MAN-ERP,QA,historia,ERP-3,3,2025-03-03,2025-04-02,2025-04-11,hecho,9,0,S07
ERP-896,Manufactura,MAN-ERP,QA,tarea,ERP-3,2,2025-03-03,2025-04-04,2025-04-17,hecho,13,0,S08
ERP-897,Manufactura,MAN-ERP,QA,tarea,ERP-3,1,2025-03-03,2025-04-08,2025-04-15,hecho,7,0,S08
ERP-898,Manufactura,MAN-ERP,QA,historia,ERP-4,3,2025-03-03,2025-04-09,2025-04-17,hecho,8,0,S08
ERP-899,Manufactura,MAN-ERP,QA,historia,ERP-4,3,2025-03-03,2025-04-11,2025-04-17,hecho,6,0,S08
ERP-900,Manufactura,MAN-ERP,QA,tarea,ERP-4,3,2025-03-03,2025-04-17,2025-05-01,hecho,14,0,S09
ERP-901,Manufactura,MAN-ERP,QA,historia,ERP-4,5,2025-03-03,2025-04-17,2025-05-02,hecho,15,0,S09
ERP-902,Manufactura,MAN-ERP,QA,tarea,ERP-5,2,2025-03-03,2025-04-17,2025-04-25,hecho,8,0,S08
ERP-903,Manufactura,MAN-ERP,QA,tarea,ERP-5,2,2025-03-03,2025-04-29,2025-05-07,hecho,8,0,S09
ERP-904,Manufactura,MAN-ERP,QA,historia,ERP-6,2,2025-03-03,2025-04-30,2025-05-08,hecho,8,0,S09
ERP-905,Manufactura,MAN-ERP,QA,historia,ERP-6,3,2025-03-03,2025-05-07,2025-05-20,hecho,13,0,S10
ERP-906,Manufactura,MAN-ERP,QA,historia,ERP-6,3,2025-03-03,2025-05-12,2025-05-19,hecho,7,0,S10
ERP-907,Manufactura,MAN-ERP,QA,tarea,ERP-6,2,2025-03-03,2025-05-14,2025-05-20,hecho,6,0,S10
ERP-908,Manufactura,MAN-ERP,QA,tarea,ERP-7,1,2025-03-03,2025-05-15,2025-05-21,hecho,6,0,S10
ERP-909,Manufactura,MAN-ERP,QA,tarea,ERP-7,3,2025-03-03,2025-05-19,2025-05-28,hecho,9,0,S11
ERP-910,Manufactura,MAN-ERP,QA,historia,ERP-7,3,2025-03-03,2025-05-19,2025-05-29,hecho,10,0,S11
ERP-911,Manufactura,MAN-ERP,QA,bug,ERP-7,2,2025-03-03,2025-05-21,2025-06-26,hecho,36,168,S13
ERP-912,Manufactura,MAN-ERP,QA,bug,ERP-7,1,2025-03-03,2025-05-22,2025-05-26,hecho,4,0,S11
ERP-913,Manufactura,MAN-ERP,QA,historia,ERP-8,5,2025-03-03,2025-05-26,2025-06-12,hecho,17,0,S12
ERP-914,Manufactura,MAN-ERP,QA,bug,ERP-8,1,2025-03-03,2025-05-26,2025-06-19,hecho,24,112,S12
ERP-915,Manufactura,MAN-ERP,QA,historia,ERP-8,5,2025-03-03,2025-05-27,2025-06-10,hecho,14,0,S12
ERP-916,Manufactura,MAN-ERP,QA,historia,ERP-9,5,2025-03-03,2025-05-27,2025-06-11,hecho,15,0,S12
ERP-917,Manufactura,MAN-ERP,QA,tarea,ERP-9,2,2025-03-03,2025-06-09,2025-06-16,hecho,7,0,S12
ERP-918,Manufactura,MAN-ERP,QA,historia,ERP-9,5,2025-03-03,2025-06-09,2025-06-23,hecho,14,0,S13
ERP-919,Manufactura,MAN-ERP,QA,historia,ERP-9,3,2025-03-03,2025-06-10,2025-06-20,hecho,10,0,S12
ERP-920,Manufactura,MAN-ERP,QA,bug,ERP-9,1,2025-03-03,2025-06-18,2025-06-20,hecho,2,0,S12
ERP-921,Manufactura,MAN-ERP,QA,tarea,ERP-9,2,2025-03-03,2025-06-23,2025-07-04,hecho,11,0,S13
ERP-922,Manufactura,MAN-ERP,QA,tarea,ERP-9,2,2025-03-03,2025-06-23,2025-06-30,hecho,7,0,S13
ERP-923,Manufactura,MAN-ERP,QA,historia,ERP-10,3,2025-03-03,2025-06-26,2025-07-03,hecho,7,0,S13
ERP-924,Manufactura,MAN-ERP,QA,historia,ERP-10,5,2025-03-03,2025-06-30,2025-07-10,hecho,10,0,S14
ERP-925,Manufactura,MAN-ERP,QA,historia,ERP-10,2,2025-03-03,2025-07-01,2025-07-10,hecho,9,0,S14
ERP-926,Manufactura,MAN-ERP,QA,tarea,ERP-11,1,2025-03-03,2025-07-08,2025-07-14,hecho,6,0,S14
ERP-927,Manufactura,MAN-ERP,QA,historia,ERP-11,2,2025-03-03,2025-07-10,2025-07-18,hecho,8,0,S14
ERP-928,Manufactura,MAN-ERP,QA,tarea,ERP-11,2,2025-03-03,2025-07-24,2025-07-30,hecho,6,0,S15
ERP-929,Manufactura,MAN-ERP,QA,historia,ERP-11,2,2025-03-03,2025-07-29,2025-08-04,hecho,6,0,S16
ERP-930,Manufactura,MAN-ERP,QA,historia,ERP-11,2,2025-03-03,2025-07-30,2025-08-07,hecho,8,0,S16
ERP-931,Manufactura,MAN-ERP,QA,historia,ERP-11,3,2025-03-03,2025-08-05,2025-08-13,hecho,8,0,S16
ERP-932,Manufactura,MAN-ERP,QA,tarea,ERP-12,1,2025-03-03,2025-08-07,2025-08-13,hecho,6,0,S16
ERP-933,Manufactura,MAN-ERP,QA,historia,ERP-12,3,2025-03-03,2025-08-11,2025-08-19,hecho,8,0,S17
ERP-934,Manufactura,MAN-ERP,QA,bug,ERP-13,2,2025-03-03,2025-08-12,2025-08-19,hecho,7,0,S17
ERP-935,Manufactura,MAN-ERP,QA,historia,ERP-13,3,2025-03-03,2025-08-14,2025-09-01,hecho,18,0,S18
ERP-936,Manufactura,MAN-ERP,QA,bug,ERP-13,1,2025-03-03,2025-08-15,2025-08-20,hecho,5,0,S17
ERP-937,Manufactura,MAN-ERP,QA,historia,ERP-14,3,2025-03-03,2025-08-19,2025-08-28,hecho,9,0,S17
ERP-938,Manufactura,MAN-ERP,QA,historia,ERP-14,3,2025-03-03,2025-08-19,2025-08-29,hecho,10,0,S17
ERP-939,Manufactura,MAN-ERP,QA,tarea,ERP-14,1,2025-03-03,2025-08-22,2025-08-27,hecho,5,0,S17
ERP-940,Manufactura,MAN-ERP,QA,historia,ERP-15,2,2025-03-03,2025-08-26,2025-09-03,hecho,8,0,S18
ERP-941,Manufactura,MAN-ERP,QA,historia,ERP-15,2,2025-03-03,2025-08-26,2025-09-01,hecho,6,0,S18
ERP-942,Manufactura,MAN-ERP,QA,historia,ERP-15,5,2025-03-03,2025-08-27,2025-09-11,hecho,15,0,S18
ERP-943,Manufactura,MAN-ERP,QA,bug,ERP-16,1,2025-03-03,2025-08-29,2025-09-02,hecho,4,0,S18
ERP-944,Manufactura,MAN-ERP,QA,historia,ERP-16,5,2025-03-03,2025-09-01,2025-09-29,hecho,28,0,S20
ERP-945,Manufactura,MAN-ERP,QA,tarea,ERP-16,2,2025-03-03,2025-09-02,2025-09-09,hecho,7,0,S18
ERP-946,Manufactura,MAN-ERP,QA,historia,ERP-16,3,2025-03-03,2025-09-08,2025-09-17,hecho,9,0,S19
ERP-947,Manufactura,MAN-ERP,QA,historia,ERP-16,3,2025-03-03,2025-09-15,2025-09-23,hecho,8,0,S19
ERP-948,Manufactura,MAN-ERP,QA,historia,ERP-16,2,2025-03-03,2025-09-23,2025-09-29,hecho,6,0,S20
ERP-949,Manufactura,MAN-ERP,QA,historia,ERP-17,3,2025-03-03,2025-09-26,2025-10-08,hecho,12,0,S20
ERP-950,Manufactura,MAN-ERP,QA,tarea,ERP-17,2,2025-03-03,2025-10-06,2025-10-10,hecho,4,0,S20
ERP-951,Manufactura,MAN-ERP,QA,tarea,ERP-17,2,2025-03-03,2025-10-07,2025-10-15,hecho,8,0,S21
ERP-952,Manufactura,MAN-ERP,QA,historia,ERP-18,5,2025-03-03,2025-10-10,2025-10-21,hecho,11,0,S21
ERP-953,Manufactura,MAN-ERP,QA,historia,ERP-18,5,2025-03-03,2025-10-13,2025-10-24,hecho,11,0,S21
ERP-954,Manufactura,MAN-ERP,QA,historia,ERP-18,3,2025-03-03,2025-10-21,2025-10-31,hecho,10,0,S22
ERP-955,Manufactura,MAN-ERP,QA,tarea,ERP-19,1,2025-03-03,2025-10-22,2025-10-24,hecho,2,0,S21
ERP-956,Manufactura,MAN-ERP,QA,historia,ERP-19,3,2025-03-03,2025-10-27,2025-11-04,hecho,8,0,S22
ERP-957,Manufactura,MAN-ERP,QA,bug,ERP-19,2,2025-03-03,2025-10-29,2025-11-07,hecho,9,0,S22
ERP-958,Manufactura,MAN-ERP,QA,historia,ERP-19,5,2025-03-03,2025-11-06,2025-11-28,hecho,22,0,S24
ERP-959,Manufactura,MAN-ERP,QA,tarea,ERP-20,1,2025-03-03,2025-11-11,2025-11-17,hecho,6,0,S23
ERP-960,Manufactura,MAN-ERP,QA,bug,ERP-20,1,2025-03-03,2025-11-13,2025-11-18,hecho,5,0,S23
ERP-961,Manufactura,MAN-ERP,QA,tarea,ERP-20,2,2025-03-03,2025-11-21,2025-12-04,hecho,13,0,S24
ERP-962,Manufactura,MAN-ERP,QA,historia,ERP-20,3,2025-03-03,2025-11-24,2025-12-03,hecho,9,0,S24
ERP-963,Manufactura,MAN-ERP,QA,bug,ERP-21,2,2025-03-03,2025-12-05,2025-12-12,hecho,7,0,S25
ERP-964,Manufactura,MAN-ERP,QA,historia,ERP-21,2,2025-03-03,2025-12-08,2025-12-15,hecho,7,0,S25
ERP-965,Manufactura,MAN-ERP,QA,historia,ERP-21,3,2025-03-03,2025-12-11,2025-12-19,hecho,8,0,S25
ERP-966,Manufactura,MAN-ERP,QA,historia,ERP-21,5,2025-03-03,2025-12-12,2025-12-24,hecho,12,0,S26
ERP-967,Manufactura,MAN-ERP,QA,historia,ERP-21,5,2025-03-03,2025-12-15,2025-12-25,hecho,10,0,S26
ERP-968,Manufactura,MAN-ERP,QA,historia,ERP-22,3,2025-03-03,2025-12-23,2026-01-02,hecho,10,0,S26
ERP-969,Manufactura,MAN-ERP,QA,historia,ERP-22,3,2025-03-03,2025-12-26,2026-01-08,hecho,13,0,S27
ERP-970,Manufactura,MAN-ERP,QA,historia,ERP-22,5,2025-03-03,2025-12-31,2026-01-13,hecho,13,0,S27
ERP-971,Manufactura,MAN-ERP,QA,historia,ERP-22,3,2025-03-03,2025-12-31,2026-01-07,hecho,7,0,S27
ERP-972,Manufactura,MAN-ERP,QA,historia,ERP-22,5,2025-03-03,2026-01-06,2026-01-23,hecho,17,0,S28
ERP-973,Manufactura,MAN-ERP,QA,historia,ERP-22,2,2025-03-03,2026-01-09,2026-01-15,hecho,6,0,S27
ERP-974,Manufactura,MAN-ERP,QA,tarea,ERP-23,2,2025-03-03,2026-01-13,2026-01-22,hecho,9,0,S28
ERP-975,Manufactura,MAN-ERP,QA,bug,ERP-23,1,2025-03-03,2026-01-21,2026-01-23,hecho,2,0,S28
ERP-976,Manufactura,MAN-ERP,QA,bug,ERP-23,1,2025-03-03,2026-01-22,2026-01-26,hecho,4,0,S28
ERP-977,Manufactura,MAN-ERP,QA,tarea,ERP-23,2,2025-03-03,2026-01-23,2026-01-30,hecho,7,0,S28
ERP-978,Manufactura,MAN-ERP,QA,tarea,ERP-23,1,2025-03-03,2026-01-27,2026-02-04,hecho,8,0,S29
ERP-979,Manufactura,MAN-ERP,QA,historia,ERP-23,3,2025-03-03,2026-01-29,2026-02-10,hecho,12,0,S29
ERP-980,Manufactura,MAN-ERP,QA,tarea,ERP-24,3,2025-03-03,2026-02-02,2026-02-16,hecho,14,0,S30
ERP-981,Manufactura,MAN-ERP,QA,historia,ERP-24,3,2025-03-03,2026-02-03,2026-02-10,hecho,7,0,S29
ERP-982,Manufactura,MAN-ERP,QA,bug,ERP-24,1,2025-03-03,2026-02-03,2026-02-06,hecho,3,0,S29
ERP-983,Manufactura,MAN-ERP,QA,historia,ERP-24,5,2025-03-03,2026-02-12,2026-03-11,hecho,27,0,S31
ERP-984,Manufactura,MAN-ERP,QA,historia,ERP-24,5,2025-03-03,2026-02-18,2026-03-06,hecho,16,0,S31
ERP-985,Manufactura,MAN-ERP,QA,tarea,ERP-24,1,2025-03-03,2026-02-24,2026-02-27,hecho,3,0,S30
ERP-986,Manufactura,MAN-ERP,QA,historia,ERP-25,5,2025-03-03,2026-02-26,2026-03-12,hecho,14,0,S31
ERP-987,Manufactura,MAN-ERP,QA,historia,ERP-25,5,2025-03-03,2026-03-03,2026-03-13,hecho,10,0,S31
ERP-988,Manufactura,MAN-ERP,QA,bug,ERP-25,2,2025-03-03,2026-03-09,2026-03-16,hecho,7,0,S32
ERP-989,Manufactura,MAN-ERP,QA,tarea,ERP-25,3,2025-03-03,2026-03-12,2026-03-20,hecho,8,0,S32
ERP-990,Manufactura,MAN-ERP,QA,historia,ERP-26,2,2025-03-03,2026-03-16,2026-03-19,hecho,3,0,S32
ERP-991,Manufactura,MAN-ERP,QA,historia,ERP-26,2,2025-03-03,2026-03-19,2026-03-25,hecho,6,0,S32
ERP-992,Manufactura,MAN-ERP,QA,historia,ERP-26,5,2025-03-03,2026-03-23,2026-04-02,hecho,10,0,S33
ERP-993,Manufactura,MAN-ERP,QA,tarea,ERP-26,2,2025-03-03,2026-04-03,2026-04-10,hecho,7,0,S33
ERP-994,Manufactura,MAN-ERP,QA,tarea,ERP-27,1,2025-03-03,2026-04-08,2026-04-14,hecho,6,0,S34
ERP-995,Manufactura,MAN-ERP,QA,historia,ERP-27,3,2025-03-03,2026-04-09,2026-04-16,hecho,7,0,S34
ERP-996,Manufactura,MAN-ERP,QA,historia,ERP-27,2,2025-03-03,2026-04-13,2026-04-21,hecho,8,0,S34
ERP-997,Manufactura,MAN-ERP,QA,historia,ERP-27,2,2025-03-03,2026-04-17,2026-04-28,hecho,11,0,S35
ERP-998,Manufactura,MAN-ERP,QA,historia,ERP-27,2,2025-03-03,2026-04-21,2026-04-27,hecho,6,0,S35
ERP-999,Manufactura,MAN-ERP,QA,bug,ERP-27,1,2025-03-03,2026-04-30,2026-05-06,hecho,6,0,S35
ERP-1000,Manufactura,MAN-ERP,QA,historia,ERP-27,5,2025-03-03,2026-04-30,2026-05-18,hecho,18,0,S36
ERP-1001,Manufactura,MAN-ERP,QA,tarea,ERP-28,2,2025-03-03,2026-05-04,2026-05-08,hecho,4,0,S35
ERP-1002,Manufactura,MAN-ERP,QA,tarea,ERP-28,2,2025-03-03,2026-05-05,2026-05-13,hecho,8,0,S36
ERP-1003,Manufactura,MAN-ERP,QA,historia,ERP-28,5,2025-03-03,2026-05-08,2026-05-26,hecho,18,0,S37
ERP-1004,Manufactura,MAN-ERP,QA,historia,ERP-29,2,2025-03-03,2026-05-11,2026-05-15,hecho,4,0,S36
ERP-1005,Manufactura,MAN-ERP,QA,tarea,ERP-29,3,2025-03-03,2026-05-12,2026-06-02,hecho,21,0,S37
ERP-1006,Manufactura,MAN-ERP,QA,bug,ERP-29,1,2025-03-03,2026-05-14,2026-05-18,hecho,4,0,S36
ERP-1007,Manufactura,MAN-ERP,QA,bug,ERP-29,1,2025-03-03,2026-05-15,2026-05-21,hecho,6,0,S36
ERP-1008,Manufactura,MAN-ERP,QA,historia,ERP-30,5,2025-03-03,2026-05-18,2026-05-29,hecho,11,0,S37
ERP-1009,Manufactura,MAN-ERP,QA,bug,ERP-30,2,2025-03-03,2026-05-27,2026-06-03,hecho,7,0,S37
ERP-1010,Manufactura,MAN-ERP,QA,historia,ERP-30,3,2025-03-03,2026-05-28,2026-06-08,hecho,11,0,S38
ERP-1011,Manufactura,MAN-ERP,QA,tarea,ERP-31,2,2025-03-03,2026-05-29,2026-07-02,hecho,34,136,S39
ERP-1012,Manufactura,MAN-ERP,QA,historia,ERP-31,3,2025-03-03,2026-05-29,2026-06-08,hecho,10,0,S38
ERP-1013,Manufactura,MAN-ERP,QA,tarea,ERP-31,1,2025-03-03,2026-06-01,2026-06-04,hecho,3,0,S37
ERP-1014,Manufactura,MAN-ERP,QA,historia,ERP-31,2,2025-03-03,2026-06-03,2026-06-08,hecho,5,0,S38
ERP-1015,Manufactura,MAN-ERP,QA,historia,ERP-31,2,2025-03-03,2026-06-08,2026-06-16,hecho,8,0,S38
ERP-1016,Manufactura,MAN-ERP,QA,historia,ERP-32,3,2025-03-03,2026-06-08,2026-07-15,hecho,37,168,S40
ERP-1017,Manufactura,MAN-ERP,QA,historia,ERP-32,3,2025-03-03,2026-06-09,2026-06-23,hecho,14,0,S39
ERP-1018,Manufactura,MAN-ERP,QA,historia,ERP-32,3,2025-03-03,2026-06-10,2026-06-23,hecho,13,0,S39
ERP-1019,Manufactura,MAN-ERP,QA,historia,ERP-32,3,2025-03-03,2026-06-15,2026-06-25,hecho,10,0,S39
ERP-1020,Manufactura,MAN-ERP,QA,tarea,ERP-32,2,2025-03-03,2026-06-15,2026-06-19,hecho,4,0,S38
ERP-1021,Manufactura,MAN-ERP,QA,tarea,ERP-33,3,2025-03-03,2026-06-19,2026-06-30,hecho,11,0,S39
ERP-1022,Manufactura,MAN-ERP,QA,historia,ERP-33,3,2025-03-03,2026-06-23,2026-07-06,hecho,13,0,S40
ERP-1023,Manufactura,MAN-ERP,QA,tarea,ERP-33,2,2025-03-03,2026-06-23,2026-06-29,hecho,6,0,S39
ERP-1024,Manufactura,MAN-ERP,QA,tarea,ERP-33,3,2025-03-03,2026-06-23,2026-07-02,hecho,9,0,S39
ERP-1025,Manufactura,MAN-ERP,QA,historia,ERP-33,5,2025-03-03,2026-06-29,2026-07-14,hecho,15,0,S40
ERP-1026,Manufactura,MAN-ERP,QA,bug,ERP-33,2,2025-03-03,2026-06-30,2026-07-03,hecho,3,0,S39
ERP-1027,Manufactura,MAN-ERP,QA,historia,ERP-33,2,2025-03-03,2026-06-30,2026-07-03,hecho,3,0,S39
ERP-1028,Manufactura,MAN-ERP,QA,historia,ERP-33,2,2025-03-03,2026-07-03,2026-07-10,hecho,7,0,S40
ERP-1029,Manufactura,MAN-ERP,QA,historia,ERP-33,2,2025-03-03,2026-07-03,2026-07-13,hecho,10,0,S40
ERP-1030,Manufactura,MAN-ERP,QA,bug,ERP-33,2,2025-03-03,2026-07-09,2026-07-14,hecho,5,0,S40
ERP-1031,Manufactura,MAN-ERP,QA,historia,ERP-34,2,2025-03-03,2026-07-14,2026-07-21,hecho,7,0,S41
ERP-1032,Manufactura,MAN-ERP,QA,tarea,ERP-34,3,2025-03-03,2026-07-14,2026-07-23,hecho,9,0,S41
ERP-1033,Manufactura,MAN-ERP,QA,tarea,ERP-34,1,2025-03-03,2026-07-15,2026-07-20,hecho,5,0,S41
ERP-1034,Manufactura,MAN-ERP,QA,bug,ERP-35,1,2025-03-03,2026-07-20,2026-07-24,hecho,4,0,S41
ERP-1035,Manufactura,MAN-ERP,QA,bug,ERP-35,2,2025-03-03,2026-07-22,2026-08-04,hecho,13,0,S42
ERP-1036,Manufactura,MAN-ERP,QA,historia,ERP-35,2,2025-03-03,2026-07-22,2026-07-28,hecho,6,0,S41
ERP-1037,Manufactura,MAN-ERP,QA,historia,ERP-35,3,2025-03-03,2026-07-22,2026-07-30,hecho,8,0,S41
ERP-1038,Manufactura,MAN-ERP,QA,tarea,ERP-35,2,2025-03-03,2026-07-22,2026-07-27,hecho,5,0,S41
ERP-1039,Manufactura,MAN-ERP,QA,historia,ERP-35,2,2025-03-03,2026-07-27,2026-07-31,hecho,4,0,S41
ERP-1040,Manufactura,MAN-ERP,QA,historia,ERP-36,3,2025-03-03,2026-07-28,2026-08-10,hecho,13,0,S42
ERP-1041,Manufactura,MAN-ERP,QA,tarea,ERP-36,2,2025-03-03,2026-07-31,2026-08-14,hecho,14,0,S42
ERP-1042,Manufactura,MAN-ERP,QA,historia,ERP-36,3,2025-03-03,2026-07-31,2026-08-12,hecho,12,0,S42
ERP-1043,Manufactura,MAN-ERP,QA,historia,ERP-37,5,2025-03-03,2026-07-31,2026-08-17,hecho,17,0,S43
ERP-1044,Manufactura,MAN-ERP,QA,historia,ERP-37,2,2025-03-03,2026-08-11,2026-08-18,hecho,7,0,S43
ERP-1045,Manufactura,MAN-ERP,QA,historia,ERP-37,5,2025-03-03,2026-08-12,2026-09-03,hecho,22,0,S44
ERP-1046,Manufactura,MAN-ERP,QA,tarea,ERP-37,2,2025-03-03,2026-08-13,2026-08-21,hecho,8,0,S43
ERP-1047,Manufactura,MAN-ERP,QA,historia,ERP-37,2,2025-03-03,2026-08-14,2026-08-21,hecho,7,0,S43
ERP-1048,Manufactura,MAN-ERP,QA,bug,ERP-37,1,2025-03-03,2026-08-19,2026-08-26,hecho,7,0,S43
ERP-1049,Manufactura,MAN-ERP,QA,historia,ERP-37,3,2025-03-03,2026-08-21,2026-08-31,hecho,10,0,S44
ERP-1050,Manufactura,MAN-ERP,QA,bug,ERP-38,2,2025-03-03,2026-08-24,2026-08-28,hecho,4,0,S43
ERP-1051,Manufactura,MAN-ERP,QA,tarea,ERP-38,1,2025-03-03,2026-08-28,2026-09-01,hecho,4,0,S44
ERP-1052,Manufactura,MAN-ERP,QA,historia,ERP-38,3,2025-03-03,2026-09-01,2026-09-14,hecho,13,0,S45
ERP-1053,Manufactura,MAN-ERP,QA,historia,ERP-38,3,2025-03-03,2026-09-02,2026-09-09,hecho,7,0,S44
ERP-1054,Manufactura,MAN-ERP,QA,bug,ERP-38,1,2025-03-03,2026-09-03,2026-09-09,hecho,6,0,S44
ERP-1055,Manufactura,MAN-ERP,QA,historia,ERP-38,2,2025-03-03,2026-09-03,2026-09-09,hecho,6,0,S44
ERP-1056,Manufactura,MAN-ERP,QA,historia,ERP-39,3,2025-03-03,2026-09-08,2026-09-25,hecho,17,0,S45
ERP-1057,Manufactura,MAN-ERP,QA,historia,ERP-39,5,2025-03-03,2026-09-09,2026-09-22,hecho,13,0,S45
ERP-1058,Manufactura,MAN-ERP,QA,historia,ERP-39,3,2025-03-03,2026-09-10,2026-09-18,hecho,8,0,S45
LOT-1,Manufactura,MAN-LOT,Producto,epica,,,2025-01-06,2025-01-06,2025-01-28,hecho,,,
LOT-2,Manufactura,MAN-LOT,Producto,epica,,,2025-01-06,2025-01-06,2025-02-06,hecho,,,
LOT-3,Manufactura,MAN-LOT,Producto,epica,,,2025-01-06,2025-01-10,2025-02-11,hecho,,,
LOT-4,Manufactura,MAN-LOT,Producto,epica,,,2025-01-06,2025-01-20,2025-02-19,hecho,,,
LOT-5,Manufactura,MAN-LOT,Producto,epica,,,2025-01-06,2025-01-24,2025-03-13,hecho,,,
LOT-6,Manufactura,MAN-LOT,Producto,epica,,,2025-01-06,2025-02-07,2025-03-26,hecho,,,
LOT-7,Manufactura,MAN-LOT,Producto,epica,,,2025-01-06,2025-02-17,2025-03-21,hecho,,,
LOT-8,Manufactura,MAN-LOT,Producto,epica,,,2025-01-06,2025-02-21,2025-04-24,hecho,,,
LOT-9,Manufactura,MAN-LOT,Producto,epica,,,2025-01-06,2025-02-28,2025-05-13,hecho,,,
LOT-10,Manufactura,MAN-LOT,Producto,epica,,,2025-01-06,2025-03-03,2025-06-27,hecho,,,
LOT-11,Manufactura,MAN-LOT,Producto,epica,,,2025-01-06,2025-03-18,2025-07-14,hecho,,,
LOT-12,Manufactura,MAN-LOT,Producto,epica,,,2025-01-06,2025-04-08,2025-07-29,hecho,,,
LOT-13,Manufactura,MAN-LOT,Producto,epica,,,2025-01-06,2025-05-09,2025-08-19,hecho,,,
LOT-14,Manufactura,MAN-LOT,Producto,epica,,,2025-01-06,2025-05-19,2025-09-09,hecho,,,
LOT-15,Manufactura,MAN-LOT,Producto,epica,,,2025-01-06,2025-06-25,2025-10-01,hecho,,,
LOT-16,Manufactura,MAN-LOT,Producto,epica,,,2025-01-06,2025-07-18,2025-10-30,hecho,,,
LOT-17,Manufactura,MAN-LOT,Producto,epica,,,2025-01-06,2025-08-20,2025-12-03,hecho,,,
LOT-18,Manufactura,MAN-LOT,Datos,bug,LOT-1,1,2025-01-06,2025-01-06,2025-01-09,hecho,3,0,S01
LOT-19,Manufactura,MAN-LOT,Datos,historia,LOT-1,2,2025-01-06,2025-01-06,2025-01-16,hecho,10,0,S01
LOT-20,Manufactura,MAN-LOT,Datos,bug,LOT-1,1,2025-01-06,2025-01-06,2025-01-10,hecho,4,0,S01
LOT-21,Manufactura,MAN-LOT,Datos,historia,LOT-1,2,2025-01-06,2025-01-06,2025-01-17,hecho,11,0,S01
LOT-22,Manufactura,MAN-LOT,Datos,tarea,LOT-1,3,2025-01-06,2025-01-06,2025-01-16,hecho,10,0,S01
LOT-23,Manufactura,MAN-LOT,Datos,historia,LOT-1,3,2025-01-06,2025-01-06,2025-01-27,hecho,21,0,S02
LOT-24,Manufactura,MAN-LOT,Datos,bug,LOT-1,1,2025-01-06,2025-01-08,2025-01-13,hecho,5,0,S01
LOT-25,Manufactura,MAN-LOT,Datos,historia,LOT-1,3,2025-01-06,2025-01-08,2025-01-16,hecho,8,0,S01
LOT-26,Manufactura,MAN-LOT,Datos,bug,LOT-2,1,2025-01-06,2025-01-10,2025-01-22,hecho,12,32,S02
LOT-27,Manufactura,MAN-LOT,Datos,historia,LOT-2,3,2025-01-06,2025-01-13,2025-01-23,hecho,10,0,S02
LOT-28,Manufactura,MAN-LOT,Datos,historia,LOT-2,5,2025-01-06,2025-01-14,2025-01-24,hecho,10,0,S02
LOT-29,Manufactura,MAN-LOT,Datos,historia,LOT-2,3,2025-01-06,2025-01-15,2025-02-06,hecho,22,0,S03
LOT-30,Manufactura,MAN-LOT,Datos,tarea,LOT-2,1,2025-01-06,2025-01-15,2025-01-17,hecho,2,0,S01
LOT-31,Manufactura,MAN-LOT,Datos,tarea,LOT-2,1,2025-01-06,2025-01-15,2025-01-24,hecho,9,0,S02
LOT-32,Manufactura,MAN-LOT,Datos,historia,LOT-3,3,2025-01-06,2025-01-21,2025-01-31,hecho,10,0,S02
LOT-33,Manufactura,MAN-LOT,Datos,historia,LOT-3,5,2025-01-06,2025-01-21,2025-02-04,hecho,14,0,S03
LOT-34,Manufactura,MAN-LOT,Datos,historia,LOT-3,2,2025-01-06,2025-01-23,2025-02-04,hecho,12,0,S03
LOT-35,Manufactura,MAN-LOT,Datos,historia,LOT-3,5,2025-01-06,2025-01-23,2025-02-06,hecho,14,0,S03
LOT-36,Manufactura,MAN-LOT,Datos,bug,LOT-3,1,2025-01-06,2025-01-23,2025-01-28,hecho,5,0,S02
LOT-37,Manufactura,MAN-LOT,Datos,tarea,LOT-3,2,2025-01-06,2025-01-28,2025-02-11,hecho,14,0,S03
LOT-38,Manufactura,MAN-LOT,Datos,bug,LOT-3,1,2025-01-06,2025-01-30,2025-02-05,hecho,6,0,S03
LOT-39,Manufactura,MAN-LOT,Datos,bug,LOT-4,1,2025-01-06,2025-01-31,2025-02-06,hecho,6,0,S03
LOT-40,Manufactura,MAN-LOT,Datos,historia,LOT-4,5,2025-01-06,2025-02-03,2025-02-19,hecho,16,0,S04
LOT-41,Manufactura,MAN-LOT,Datos,bug,LOT-4,1,2025-01-06,2025-02-04,2025-02-10,hecho,6,0,S03
LOT-42,Manufactura,MAN-LOT,Datos,tarea,LOT-4,2,2025-01-06,2025-02-04,2025-02-17,hecho,13,0,S04
LOT-43,Manufactura,MAN-LOT,Datos,bug,LOT-4,2,2025-01-06,2025-02-04,2025-02-11,hecho,7,0,S03
LOT-44,Manufactura,MAN-LOT,Datos,tarea,LOT-4,2,2025-01-06,2025-02-05,2025-02-19,hecho,14,0,S04
LOT-45,Manufactura,MAN-LOT,Datos,historia,LOT-5,5,2025-01-06,2025-02-06,2025-02-21,hecho,15,0,S04
LOT-46,Manufactura,MAN-LOT,Datos,historia,LOT-5,5,2025-01-06,2025-02-10,2025-03-13,hecho,31,0,S05
LOT-47,Manufactura,MAN-LOT,Datos,tarea,LOT-5,1,2025-01-06,2025-02-11,2025-02-18,hecho,7,0,S04
LOT-48,Manufactura,MAN-LOT,Datos,tarea,LOT-5,3,2025-01-06,2025-02-14,2025-03-07,hecho,21,0,S05
LOT-49,Manufactura,MAN-LOT,Datos,historia,LOT-6,3,2025-01-06,2025-02-17,2025-02-28,hecho,11,0,S04
LOT-50,Manufactura,MAN-LOT,Datos,historia,LOT-6,2,2025-01-06,2025-02-17,2025-02-21,hecho,4,0,S04
LOT-51,Manufactura,MAN-LOT,Datos,historia,LOT-6,2,2025-01-06,2025-02-19,2025-02-26,hecho,7,0,S04
LOT-52,Manufactura,MAN-LOT,Datos,bug,LOT-6,1,2025-01-06,2025-02-21,2025-02-25,hecho,4,0,S04
LOT-53,Manufactura,MAN-LOT,Datos,bug,LOT-6,1,2025-01-06,2025-02-21,2025-02-26,hecho,5,0,S04
LOT-54,Manufactura,MAN-LOT,Datos,historia,LOT-6,3,2025-01-06,2025-02-25,2025-03-07,hecho,10,0,S05
LOT-55,Manufactura,MAN-LOT,Datos,historia,LOT-6,3,2025-01-06,2025-02-25,2025-03-04,hecho,7,0,S05
LOT-56,Manufactura,MAN-LOT,Datos,historia,LOT-7,2,2025-01-06,2025-02-25,2025-03-03,hecho,6,0,S05
LOT-57,Manufactura,MAN-LOT,Datos,tarea,LOT-7,1,2025-01-06,2025-02-27,2025-03-06,hecho,7,0,S05
LOT-58,Manufactura,MAN-LOT,Datos,bug,LOT-7,2,2025-01-06,2025-03-04,2025-03-11,hecho,7,0,S05
LOT-59,Manufactura,MAN-LOT,Datos,tarea,LOT-7,1,2025-01-06,2025-03-05,2025-03-12,hecho,7,0,S05
LOT-60,Manufactura,MAN-LOT,Datos,historia,LOT-7,5,2025-01-06,2025-03-10,2025-03-21,hecho,11,0,S06
LOT-61,Manufactura,MAN-LOT,Datos,historia,LOT-7,2,2025-01-06,2025-03-11,2025-03-17,hecho,6,0,S06
LOT-62,Manufactura,MAN-LOT,Datos,tarea,LOT-7,1,2025-01-06,2025-03-12,2025-03-19,hecho,7,0,S06
LOT-63,Manufactura,MAN-LOT,Datos,tarea,LOT-7,1,2025-01-06,2025-03-12,2025-03-18,hecho,6,0,S06
LOT-64,Manufactura,MAN-LOT,Datos,historia,LOT-8,5,2025-01-06,2025-03-14,2025-03-31,hecho,17,0,S07
LOT-65,Manufactura,MAN-LOT,Datos,historia,LOT-8,5,2025-01-06,2025-03-17,2025-04-10,hecho,24,0,S07
LOT-66,Manufactura,MAN-LOT,Datos,tarea,LOT-8,2,2025-01-06,2025-03-18,2025-03-25,hecho,7,0,S06
LOT-67,Manufactura,MAN-LOT,Datos,historia,LOT-8,3,2025-01-06,2025-03-21,2025-04-03,hecho,13,0,S07
LOT-68,Manufactura,MAN-LOT,Datos,historia,LOT-8,5,2025-01-06,2025-03-25,2025-04-07,hecho,13,0,S07
LOT-69,Manufactura,MAN-LOT,Datos,historia,LOT-8,3,2025-01-06,2025-03-25,2025-04-10,hecho,16,0,S07
LOT-70,Manufactura,MAN-LOT,Datos,historia,LOT-8,3,2025-01-06,2025-04-04,2025-04-24,hecho,20,0,S08
LOT-71,Manufactura,MAN-LOT,Datos,tarea,LOT-8,2,2025-01-06,2025-04-08,2025-04-15,hecho,7,0,S08
LOT-72,Manufactura,MAN-LOT,Datos,bug,LOT-8,2,2025-01-06,2025-04-09,2025-04-21,hecho,12,0,S08
LOT-73,Manufactura,MAN-LOT,Datos,tarea,LOT-9,2,2025-01-06,2025-04-10,2025-04-18,hecho,8,0,S08
LOT-74,Manufactura,MAN-LOT,Datos,historia,LOT-9,5,2025-01-06,2025-04-17,2025-04-30,hecho,13,0,S09
LOT-75,Manufactura,MAN-LOT,Datos,historia,LOT-9,2,2025-01-06,2025-04-17,2025-04-23,hecho,6,0,S08
LOT-76,Manufactura,MAN-LOT,Datos,historia,LOT-9,2,2025-01-06,2025-04-18,2025-05-01,hecho,13,0,S09
LOT-77,Manufactura,MAN-LOT,Datos,historia,LOT-9,5,2025-01-06,2025-04-18,2025-05-06,hecho,18,0,S09
LOT-78,Manufactura,MAN-LOT,Datos,historia,LOT-9,5,2025-01-06,2025-04-22,2025-05-05,hecho,13,0,S09
LOT-79,Manufactura,MAN-LOT,Datos,tarea,LOT-9,1,2025-01-06,2025-04-28,2025-05-01,hecho,3,0,S09
LOT-80,Manufactura,MAN-LOT,Datos,historia,LOT-9,3,2025-01-06,2025-05-02,2025-05-13,hecho,11,0,S10
LOT-81,Manufactura,MAN-LOT,Datos,tarea,LOT-10,2,2025-01-06,2025-05-08,2025-05-15,hecho,7,0,S10
LOT-82,Manufactura,MAN-LOT,Datos,historia,LOT-10,3,2025-01-06,2025-05-12,2025-05-26,hecho,14,0,S11
LOT-83,Manufactura,MAN-LOT,Datos,bug,LOT-10,2,2025-01-06,2025-05-13,2025-05-20,hecho,7,0,S10
LOT-84,Manufactura,MAN-LOT,Datos,historia,LOT-10,2,2025-01-06,2025-05-16,2025-05-23,hecho,7,0,S10
LOT-85,Manufactura,MAN-LOT,Datos,historia,LOT-10,5,2025-01-06,2025-05-22,2025-06-06,hecho,15,0,S11
LOT-86,Manufactura,MAN-LOT,Datos,bug,LOT-10,1,2025-01-06,2025-05-30,2025-06-04,hecho,5,0,S11
LOT-87,Manufactura,MAN-LOT,Datos,historia,LOT-10,3,2025-01-06,2025-06-02,2025-06-16,hecho,14,0,S12
LOT-88,Manufactura,MAN-LOT,Datos,historia,LOT-10,2,2025-01-06,2025-06-04,2025-06-13,hecho,9,0,S12
LOT-89,Manufactura,MAN-LOT,Datos,historia,LOT-10,3,2025-01-06,2025-06-04,2025-06-12,hecho,8,0,S12
LOT-90,Manufactura,MAN-LOT,Datos,tarea,LOT-10,2,2025-01-06,2025-06-05,2025-06-12,hecho,7,0,S12
LOT-91,Manufactura,MAN-LOT,Datos,historia,LOT-10,5,2025-01-06,2025-06-12,2025-06-27,hecho,15,0,S13
LOT-92,Manufactura,MAN-LOT,Datos,bug,LOT-10,2,2025-01-06,2025-06-13,2025-06-23,hecho,10,0,S13
LOT-93,Manufactura,MAN-LOT,Datos,bug,LOT-10,2,2025-01-06,2025-06-13,2025-06-26,hecho,13,0,S13
LOT-94,Manufactura,MAN-LOT,Datos,historia,LOT-11,3,2025-01-06,2025-06-16,2025-06-30,hecho,14,0,S13
LOT-95,Manufactura,MAN-LOT,Datos,historia,LOT-11,2,2025-01-06,2025-06-16,2025-06-23,hecho,7,0,S13
LOT-96,Manufactura,MAN-LOT,Datos,bug,LOT-11,1,2025-01-06,2025-06-20,2025-06-24,hecho,4,0,S13
LOT-97,Manufactura,MAN-LOT,Datos,historia,LOT-11,5,2025-01-06,2025-06-23,2025-07-14,hecho,21,0,S14
LOT-98,Manufactura,MAN-LOT,Datos,tarea,LOT-11,2,2025-01-06,2025-06-27,2025-07-08,hecho,11,0,S14
LOT-99,Manufactura,MAN-LOT,Datos,historia,LOT-12,2,2025-01-06,2025-07-01,2025-07-04,hecho,3,0,S13
LOT-100,Manufactura,MAN-LOT,Datos,tarea,LOT-12,1,2025-01-06,2025-07-07,2025-07-09,hecho,2,0,S14
LOT-101,Manufactura,MAN-LOT,Datos,historia,LOT-12,3,2025-01-06,2025-07-07,2025-07-15,hecho,8,0,S14
LOT-102,Manufactura,MAN-LOT,Datos,historia,LOT-12,2,2025-01-06,2025-07-09,2025-07-15,hecho,6,0,S14
LOT-103,Manufactura,MAN-LOT,Datos,historia,LOT-12,3,2025-01-06,2025-07-14,2025-07-29,hecho,15,0,S15
LOT-104,Manufactura,MAN-LOT,Datos,historia,LOT-12,2,2025-01-06,2025-07-14,2025-07-18,hecho,4,0,S14
LOT-105,Manufactura,MAN-LOT,Datos,tarea,LOT-12,2,2025-01-06,2025-07-15,2025-07-21,hecho,6,0,S15
LOT-106,Manufactura,MAN-LOT,Datos,historia,LOT-12,5,2025-01-06,2025-07-15,2025-07-25,hecho,10,0,S15
LOT-107,Manufactura,MAN-LOT,Datos,historia,LOT-13,3,2025-01-06,2025-07-17,2025-07-24,hecho,7,0,S15
LOT-108,Manufactura,MAN-LOT,Datos,historia,LOT-13,5,2025-01-06,2025-07-24,2025-08-11,hecho,18,0,S16
LOT-109,Manufactura,MAN-LOT,Datos,historia,LOT-13,2,2025-01-06,2025-07-25,2025-08-04,hecho,10,0,S16
LOT-110,Manufactura,MAN-LOT,Datos,historia,LOT-13,3,2025-01-06,2025-07-28,2025-08-13,hecho,16,0,S16
LOT-111,Manufactura,MAN-LOT,Datos,historia,LOT-13,2,2025-01-06,2025-07-31,2025-08-06,hecho,6,0,S16
LOT-112,Manufactura,MAN-LOT,Datos,historia,LOT-13,3,2025-01-06,2025-08-06,2025-08-14,hecho,8,0,S16
LOT-113,Manufactura,MAN-LOT,Datos,historia,LOT-13,2,2025-01-06,2025-08-12,2025-08-19,hecho,7,0,S17
LOT-114,Manufactura,MAN-LOT,Datos,tarea,LOT-14,1,2025-01-06,2025-08-12,2025-08-19,hecho,7,0,S17
LOT-115,Manufactura,MAN-LOT,Datos,historia,LOT-14,2,2025-01-06,2025-08-18,2025-08-29,hecho,11,0,S17
LOT-116,Manufactura,MAN-LOT,Datos,historia,LOT-14,5,2025-01-06,2025-08-19,2025-09-03,hecho,15,0,S18
LOT-117,Manufactura,MAN-LOT,Datos,bug,LOT-14,2,2025-01-06,2025-08-21,2025-09-02,hecho,12,0,S18
LOT-118,Manufactura,MAN-LOT,Datos,historia,LOT-14,5,2025-01-06,2025-08-26,2025-09-09,hecho,14,0,S18
LOT-119,Manufactura,MAN-LOT,Datos,historia,LOT-15,5,2025-01-06,2025-08-27,2025-09-09,hecho,13,0,S18
LOT-120,Manufactura,MAN-LOT,Datos,historia,LOT-15,2,2025-01-06,2025-08-27,2025-09-11,hecho,15,0,S18
LOT-121,Manufactura,MAN-LOT,Datos,historia,LOT-15,3,2025-01-06,2025-08-29,2025-09-17,hecho,19,0,S19
LOT-122,Manufactura,MAN-LOT,Datos,tarea,LOT-15,2,2025-01-06,2025-09-09,2025-09-15,hecho,6,0,S19
LOT-123,Manufactura,MAN-LOT,Datos,tarea,LOT-15,3,2025-01-06,2025-09-09,2025-10-01,hecho,22,0,S20
LOT-124,Manufactura,MAN-LOT,Datos,historia,LOT-15,3,2025-01-06,2025-09-16,2025-09-23,hecho,7,0,S19
LOT-125,Manufactura,MAN-LOT,Datos,historia,LOT-15,2,2025-01-06,2025-09-17,2025-09-29,hecho,12,0,S20
LOT-126,Manufactura,MAN-LOT,Datos,tarea,LOT-15,2,2025-01-06,2025-09-17,2025-09-26,hecho,9,0,S19
LOT-127,Manufactura,MAN-LOT,Datos,historia,LOT-16,2,2025-01-06,2025-09-22,2025-09-26,hecho,4,0,S19
LOT-128,Manufactura,MAN-LOT,Datos,bug,LOT-16,1,2025-01-06,2025-09-23,2025-09-30,hecho,7,0,S20
LOT-129,Manufactura,MAN-LOT,Datos,historia,LOT-16,5,2025-01-06,2025-09-23,2025-10-09,hecho,16,0,S20
LOT-130,Manufactura,MAN-LOT,Datos,historia,LOT-16,2,2025-01-06,2025-09-25,2025-10-07,hecho,12,0,S20
LOT-131,Manufactura,MAN-LOT,Datos,historia,LOT-16,5,2025-01-06,2025-09-26,2025-10-09,hecho,13,0,S20
LOT-132,Manufactura,MAN-LOT,Datos,historia,LOT-16,2,2025-01-06,2025-09-26,2025-10-10,hecho,14,0,S20
LOT-133,Manufactura,MAN-LOT,Datos,bug,LOT-16,2,2025-01-06,2025-10-08,2025-10-13,hecho,5,0,S21
LOT-134,Manufactura,MAN-LOT,Datos,historia,LOT-16,5,2025-01-06,2025-10-08,2025-10-30,hecho,22,0,S22
LOT-135,Manufactura,MAN-LOT,Datos,historia,LOT-16,2,2025-01-06,2025-10-08,2025-10-15,hecho,7,0,S21
LOT-136,Manufactura,MAN-LOT,Datos,historia,LOT-17,2,2025-01-06,2025-10-09,2025-10-21,hecho,12,0,S21
LOT-137,Manufactura,MAN-LOT,Datos,tarea,LOT-17,2,2025-01-06,2025-10-10,2025-10-23,hecho,13,0,S21
LOT-138,Manufactura,MAN-LOT,Datos,bug,LOT-17,1,2025-01-06,2025-10-13,2025-10-17,hecho,4,0,S21
LOT-139,Manufactura,MAN-LOT,Datos,historia,LOT-17,2,2025-01-06,2025-10-27,2025-11-04,hecho,8,0,S22
LOT-140,Manufactura,MAN-LOT,Datos,historia,LOT-17,3,2025-01-06,2025-11-03,2025-11-12,hecho,9,0,S23
LOT-141,Manufactura,MAN-LOT,Integraciones,historia,LOT-1,2,2025-01-06,2025-01-06,2025-01-16,hecho,10,0,S01
LOT-142,Manufactura,MAN-LOT,Integraciones,historia,LOT-1,3,2025-01-06,2025-01-06,2025-01-15,hecho,9,0,S01
LOT-143,Manufactura,MAN-LOT,Integraciones,historia,LOT-1,3,2025-01-06,2025-01-06,2025-01-24,hecho,18,0,S02
LOT-144,Manufactura,MAN-LOT,Integraciones,historia,LOT-2,2,2025-01-06,2025-01-06,2025-01-17,hecho,11,0,S01
LOT-145,Manufactura,MAN-LOT,Integraciones,tarea,LOT-2,2,2025-01-06,2025-01-06,2025-01-10,hecho,4,0,S01
LOT-146,Manufactura,MAN-LOT,Integraciones,tarea,LOT-2,2,2025-01-06,2025-01-06,2025-01-20,hecho,14,0,S02
LOT-147,Manufactura,MAN-LOT,Integraciones,historia,LOT-3,2,2025-01-06,2025-01-10,2025-01-16,hecho,6,0,S01
LOT-148,Manufactura,MAN-LOT,Integraciones,historia,LOT-3,5,2025-01-06,2025-01-13,2025-01-23,hecho,10,0,S02
LOT-149,Manufactura,MAN-LOT,Integraciones,bug,LOT-3,2,2025-01-06,2025-01-14,2025-01-27,hecho,13,0,S02
LOT-150,Manufactura,MAN-LOT,Integraciones,historia,LOT-3,2,2025-01-06,2025-01-15,2025-01-27,hecho,12,0,S02
LOT-151,Manufactura,MAN-LOT,Integraciones,tarea,LOT-3,3,2025-01-06,2025-01-15,2025-01-23,hecho,8,0,S02
LOT-152,Manufactura,MAN-LOT,Integraciones,historia,LOT-3,3,2025-01-06,2025-01-17,2025-01-30,hecho,13,0,S02
LOT-153,Manufactura,MAN-LOT,Integraciones,historia,LOT-3,3,2025-01-06,2025-01-22,2025-02-10,hecho,19,0,S03
LOT-154,Manufactura,MAN-LOT,Integraciones,historia,LOT-4,3,2025-01-06,2025-01-23,2025-02-10,hecho,18,0,S03
LOT-155,Manufactura,MAN-LOT,Integraciones,historia,LOT-4,3,2025-01-06,2025-01-23,2025-01-30,hecho,7,0,S02
LOT-156,Manufactura,MAN-LOT,Integraciones,historia,LOT-4,5,2025-01-06,2025-01-23,2025-02-10,hecho,18,0,S03
LOT-157,Manufactura,MAN-LOT,Integraciones,historia,LOT-4,3,2025-01-06,2025-01-27,2025-02-11,hecho,15,0,S03
LOT-158,Manufactura,MAN-LOT,Integraciones,bug,LOT-4,2,2025-01-06,2025-01-29,2025-02-14,hecho,16,0,S03
LOT-159,Manufactura,MAN-LOT,Integraciones,bug,LOT-4,1,2025-01-06,2025-01-30,2025-02-03,hecho,4,0,S03
LOT-160,Manufactura,MAN-LOT,Integraciones,historia,LOT-4,2,2025-01-06,2025-02-03,2025-02-07,hecho,4,0,S03
LOT-161,Manufactura,MAN-LOT,Integraciones,bug,LOT-5,1,2025-01-06,2025-02-06,2025-02-12,hecho,6,0,S03
LOT-162,Manufactura,MAN-LOT,Integraciones,tarea,LOT-5,2,2025-01-06,2025-02-06,2025-02-20,hecho,14,0,S04
LOT-163,Manufactura,MAN-LOT,Integraciones,historia,LOT-5,2,2025-01-06,2025-02-06,2025-02-13,hecho,7,0,S03
LOT-164,Manufactura,MAN-LOT,Integraciones,historia,LOT-6,2,2025-01-06,2025-02-10,2025-02-21,hecho,11,0,S04
LOT-165,Manufactura,MAN-LOT,Integraciones,historia,LOT-6,5,2025-01-06,2025-02-10,2025-02-25,hecho,15,0,S04
LOT-166,Manufactura,MAN-LOT,Integraciones,tarea,LOT-6,1,2025-01-06,2025-02-10,2025-02-17,hecho,7,0,S04
LOT-167,Manufactura,MAN-LOT,Integraciones,historia,LOT-6,5,2025-01-06,2025-02-11,2025-03-26,hecho,43,96,S06
LOT-168,Manufactura,MAN-LOT,Integraciones,bug,LOT-6,1,2025-01-06,2025-02-13,2025-02-20,hecho,7,0,S04
LOT-169,Manufactura,MAN-LOT,Integraciones,historia,LOT-6,3,2025-01-06,2025-02-14,2025-02-27,hecho,13,0,S04
LOT-170,Manufactura,MAN-LOT,Integraciones,tarea,LOT-6,1,2025-01-06,2025-02-14,2025-02-18,hecho,4,0,S04
LOT-171,Manufactura,MAN-LOT,Integraciones,historia,LOT-6,2,2025-01-06,2025-02-18,2025-02-27,hecho,9,0,S04
LOT-172,Manufactura,MAN-LOT,Integraciones,bug,LOT-7,1,2025-01-06,2025-02-18,2025-02-24,hecho,6,0,S04
LOT-173,Manufactura,MAN-LOT,Integraciones,historia,LOT-7,2,2025-01-06,2025-02-19,2025-02-28,hecho,9,0,S04
LOT-174,Manufactura,MAN-LOT,Integraciones,tarea,LOT-7,2,2025-01-06,2025-02-20,2025-02-28,hecho,8,0,S04
LOT-175,Manufactura,MAN-LOT,Integraciones,tarea,LOT-7,2,2025-01-06,2025-02-21,2025-03-04,hecho,11,0,S05
LOT-176,Manufactura,MAN-LOT,Integraciones,historia,LOT-7,2,2025-01-06,2025-02-24,2025-02-28,hecho,4,0,S04
LOT-177,Manufactura,MAN-LOT,Integraciones,historia,LOT-7,2,2025-01-06,2025-02-25,2025-03-10,hecho,13,0,S05
LOT-178,Manufactura,MAN-LOT,Integraciones,historia,LOT-8,3,2025-01-06,2025-02-26,2025-03-17,hecho,19,0,S06
LOT-179,Manufactura,MAN-LOT,Integraciones,tarea,LOT-8,3,2025-01-06,2025-02-26,2025-03-10,hecho,12,0,S05
LOT-180,Manufactura,MAN-LOT,Integraciones,historia,LOT-8,2,2025-01-06,2025-02-28,2025-03-06,hecho,6,0,S05
LOT-181,Manufactura,MAN-LOT,Integraciones,tarea,LOT-8,1,2025-01-06,2025-02-28,2025-03-10,hecho,10,0,S05
LOT-182,Manufactura,MAN-LOT,Integraciones,historia,LOT-9,5,2025-01-06,2025-03-12,2025-03-27,hecho,15,0,S06
LOT-183,Manufactura,MAN-LOT,Integraciones,historia,LOT-10,3,2025-01-06,2025-03-12,2025-03-28,hecho,16,0,S06
LOT-184,Manufactura,MAN-LOT,Integraciones,historia,LOT-10,3,2025-01-06,2025-03-19,2025-03-26,hecho,7,0,S06
LOT-185,Manufactura,MAN-LOT,Integraciones,historia,LOT-10,5,2025-01-06,2025-03-19,2025-04-14,hecho,26,0,S08
LOT-186,Manufactura,MAN-LOT,Integraciones,historia,LOT-10,2,2025-01-06,2025-03-24,2025-04-08,hecho,15,0,S07
LOT-187,Manufactura,MAN-LOT,Integraciones,bug,LOT-10,1,2025-01-06,2025-04-01,2025-04-04,hecho,3,0,S07
LOT-188,Manufactura,MAN-LOT,Integraciones,bug,LOT-11,1,2025-01-06,2025-04-03,2025-04-15,hecho,12,0,S08
LOT-189,Manufactura,MAN-LOT,Integraciones,tarea,LOT-11,3,2025-01-06,2025-04-04,2025-04-18,hecho,14,0,S08
LOT-190,Manufactura,MAN-LOT,Integraciones,historia,LOT-11,3,2025-01-06,2025-04-23,2025-04-30,hecho,7,0,S09
LOT-191,Manufactura,MAN-LOT,Integraciones,tarea,LOT-11,3,2025-01-06,2025-04-29,2025-05-12,hecho,13,0,S10
LOT-192,Manufactura,MAN-LOT,Integraciones,bug,LOT-11,2,2025-01-06,2025-05-09,2025-05-21,hecho,12,0,S10
LOT-193,Manufactura,MAN-LOT,Integraciones,historia,LOT-11,3,2025-01-06,2025-05-14,2025-05-22,hecho,8,0,S10
LOT-194,Manufactura,MAN-LOT,Integraciones,tarea,LOT-11,3,2025-01-06,2025-05-15,2025-06-03,hecho,19,0,S11
LOT-195,Manufactura,MAN-LOT,Integraciones,tarea,LOT-11,2,2025-01-06,2025-05-22,2025-05-29,hecho,7,0,S11
LOT-196,Manufactura,MAN-LOT,Integraciones,bug,LOT-12,1,2025-01-06,2025-05-29,2025-06-03,hecho,5,0,S11
LOT-197,Manufactura,MAN-LOT,Integraciones,tarea,LOT-12,1,2025-01-06,2025-05-29,2025-06-04,hecho,6,0,S11
LOT-198,Manufactura,MAN-LOT,Integraciones,historia,LOT-12,2,2025-01-06,2025-06-02,2025-06-09,hecho,7,0,S12
LOT-199,Manufactura,MAN-LOT,Integraciones,bug,LOT-12,2,2025-01-06,2025-06-03,2025-06-13,hecho,10,0,S12
LOT-200,Manufactura,MAN-LOT,Integraciones,historia,LOT-12,3,2025-01-06,2025-06-04,2025-06-12,hecho,8,0,S12
LOT-201,Manufactura,MAN-LOT,Integraciones,historia,LOT-12,3,2025-01-06,2025-06-04,2025-06-20,hecho,16,0,S12
LOT-202,Manufactura,MAN-LOT,Integraciones,historia,LOT-12,3,2025-01-06,2025-06-05,2025-06-17,hecho,12,0,S12
LOT-203,Manufactura,MAN-LOT,Integraciones,tarea,LOT-13,1,2025-01-06,2025-06-11,2025-06-17,hecho,6,0,S12
LOT-204,Manufactura,MAN-LOT,Integraciones,tarea,LOT-13,1,2025-01-06,2025-06-19,2025-06-26,hecho,7,0,S13
LOT-205,Manufactura,MAN-LOT,Integraciones,historia,LOT-13,5,2025-01-06,2025-06-23,2025-07-04,hecho,11,0,S13
LOT-206,Manufactura,MAN-LOT,Integraciones,historia,LOT-13,3,2025-01-06,2025-06-24,2025-07-10,hecho,16,0,S14
LOT-207,Manufactura,MAN-LOT,Integraciones,bug,LOT-14,1,2025-01-06,2025-07-04,2025-07-09,hecho,5,0,S14
LOT-208,Manufactura,MAN-LOT,Integraciones,historia,LOT-14,3,2025-01-06,2025-07-11,2025-07-23,hecho,12,0,S15
LOT-209,Manufactura,MAN-LOT,Integraciones,bug,LOT-14,1,2025-01-06,2025-07-22,2025-07-29,hecho,7,0,S15
LOT-210,Manufactura,MAN-LOT,Integraciones,historia,LOT-14,3,2025-01-06,2025-07-25,2025-07-31,hecho,6,0,S15
LOT-211,Manufactura,MAN-LOT,Integraciones,historia,LOT-14,3,2025-01-06,2025-07-31,2025-08-14,hecho,14,0,S16
LOT-212,Manufactura,MAN-LOT,Integraciones,historia,LOT-15,2,2025-01-06,2025-08-01,2025-08-13,hecho,12,0,S16
LOT-213,Manufactura,MAN-LOT,Integraciones,tarea,LOT-15,1,2025-01-06,2025-08-05,2025-08-07,hecho,2,0,S16
LOT-214,Manufactura,MAN-LOT,Integraciones,historia,LOT-15,3,2025-01-06,2025-08-07,2025-08-14,hecho,7,0,S16
LOT-215,Manufactura,MAN-LOT,Integraciones,tarea,LOT-16,3,2025-01-06,2025-08-13,2025-09-09,hecho,27,0,S18
LOT-216,Manufactura,MAN-LOT,Integraciones,historia,LOT-16,3,2025-01-06,2025-08-22,2025-09-09,hecho,18,0,S18
LOT-217,Manufactura,MAN-LOT,Integraciones,historia,LOT-16,3,2025-01-06,2025-08-22,2025-09-04,hecho,13,0,S18
LOT-218,Manufactura,MAN-LOT,Integraciones,historia,LOT-17,2,2025-01-06,2025-08-27,2025-09-09,hecho,13,0,S18
LOT-219,Manufactura,MAN-LOT,Integraciones,bug,LOT-17,2,2025-01-06,2025-09-05,2025-09-18,hecho,13,0,S19
LOT-220,Manufactura,MAN-LOT,Integraciones,historia,LOT-17,5,2025-01-06,2025-09-10,2025-09-24,hecho,14,0,S19
LOT-221,Manufactura,MAN-LOT,Integraciones,historia,LOT-17,5,2025-01-06,2025-09-15,2025-10-08,hecho,23,0,S20
LOT-222,Manufactura,MAN-LOT,Integraciones,historia,LOT-17,3,2025-01-06,2025-09-24,2025-10-01,hecho,7,0,S20
LOT-223,Manufactura,MAN-LOT,Plataforma,bug,LOT-1,1,2025-01-06,2025-01-06,2025-01-10,hecho,4,0,S01
LOT-224,Manufactura,MAN-LOT,Plataforma,historia,LOT-1,3,2025-01-06,2025-01-06,2025-01-17,hecho,11,0,S01
LOT-225,Manufactura,MAN-LOT,Plataforma,historia,LOT-1,3,2025-01-06,2025-01-06,2025-01-14,hecho,8,0,S01
LOT-226,Manufactura,MAN-LOT,Plataforma,tarea,LOT-1,2,2025-01-06,2025-01-06,2025-01-14,hecho,8,0,S01
LOT-227,Manufactura,MAN-LOT,Plataforma,historia,LOT-2,3,2025-01-06,2025-01-08,2025-01-15,hecho,7,0,S01
LOT-228,Manufactura,MAN-LOT,Plataforma,tarea,LOT-2,2,2025-01-06,2025-01-10,2025-01-17,hecho,7,0,S01
LOT-229,Manufactura,MAN-LOT,Plataforma,historia,LOT-2,5,2025-01-06,2025-01-13,2025-01-27,hecho,14,0,S02
LOT-230,Manufactura,MAN-LOT,Plataforma,tarea,LOT-2,1,2025-01-06,2025-01-15,2025-01-22,hecho,7,0,S02
LOT-231,Manufactura,MAN-LOT,Plataforma,tarea,LOT-3,2,2025-01-06,2025-01-15,2025-01-23,hecho,8,0,S02
LOT-232,Manufactura,MAN-LOT,Plataforma,historia,LOT-3,2,2025-01-06,2025-01-16,2025-01-31,hecho,15,0,S02
LOT-233,Manufactura,MAN-LOT,Plataforma,historia,LOT-4,2,2025-01-06,2025-01-20,2025-01-27,hecho,7,0,S02
LOT-234,Manufactura,MAN-LOT,Plataforma,historia,LOT-4,2,2025-01-06,2025-01-21,2025-01-27,hecho,6,0,S02
LOT-235,Manufactura,MAN-LOT,Plataforma,tarea,LOT-5,2,2025-01-06,2025-01-24,2025-02-10,hecho,17,56,S03
LOT-236,Manufactura,MAN-LOT,Plataforma,historia,LOT-5,5,2025-01-06,2025-01-27,2025-02-11,hecho,15,0,S03
LOT-237,Manufactura,MAN-LOT,Plataforma,historia,LOT-5,5,2025-01-06,2025-01-27,2025-02-10,hecho,14,0,S03
LOT-238,Manufactura,MAN-LOT,Plataforma,historia,LOT-5,2,2025-01-06,2025-01-29,2025-02-06,hecho,8,0,S03
LOT-239,Manufactura,MAN-LOT,Plataforma,historia,LOT-5,5,2025-01-06,2025-01-29,2025-03-03,hecho,33,0,S05
LOT-240,Manufactura,MAN-LOT,Plataforma,historia,LOT-5,3,2025-01-06,2025-02-04,2025-02-13,hecho,9,0,S03
LOT-241,Manufactura,MAN-LOT,Plataforma,historia,LOT-6,5,2025-01-06,2025-02-07,2025-02-19,hecho,12,0,S04
LOT-242,Manufactura,MAN-LOT,Plataforma,tarea,LOT-6,1,2025-01-06,2025-02-10,2025-03-19,hecho,37,168,S06
LOT-243,Manufactura,MAN-LOT,Plataforma,historia,LOT-6,5,2025-01-06,2025-02-12,2025-02-26,hecho,14,0,S04
LOT-244,Manufactura,MAN-LOT,Plataforma,historia,LOT-6,2,2025-01-06,2025-02-13,2025-02-18,hecho,5,0,S04
LOT-245,Manufactura,MAN-LOT,Plataforma,historia,LOT-6,5,2025-01-06,2025-02-17,2025-02-27,hecho,10,0,S04
LOT-246,Manufactura,MAN-LOT,Plataforma,historia,LOT-6,5,2025-01-06,2025-02-18,2025-02-28,hecho,10,0,S04
LOT-247,Manufactura,MAN-LOT,Plataforma,historia,LOT-6,5,2025-01-06,2025-02-24,2025-03-10,hecho,14,0,S05
LOT-248,Manufactura,MAN-LOT,Plataforma,bug,LOT-7,1,2025-01-06,2025-02-27,2025-03-05,hecho,6,0,S05
LOT-249,Manufactura,MAN-LOT,Plataforma,tarea,LOT-7,2,2025-01-06,2025-02-27,2025-03-05,hecho,6,0,S05
LOT-250,Manufactura,MAN-LOT,Plataforma,historia,LOT-7,3,2025-01-06,2025-02-28,2025-03-10,hecho,10,0,S05
LOT-251,Manufactura,MAN-LOT,Plataforma,bug,LOT-8,2,2025-01-06,2025-03-06,2025-03-14,hecho,8,0,S05
LOT-252,Manufactura,MAN-LOT,Plataforma,historia,LOT-8,5,2025-01-06,2025-03-07,2025-03-20,hecho,13,0,S06
LOT-253,Manufactura,MAN-LOT,Plataforma,historia,LOT-9,5,2025-01-06,2025-03-19,2025-04-03,hecho,15,0,S07
LOT-254,Manufactura,MAN-LOT,Plataforma,tarea,LOT-9,3,2025-01-06,2025-03-20,2025-04-01,hecho,12,0,S07
LOT-255,Manufactura,MAN-LOT,Plataforma,bug,LOT-9,1,2025-01-06,2025-03-27,2025-04-02,hecho,6,0,S07
LOT-256,Manufactura,MAN-LOT,Plataforma,historia,LOT-9,3,2025-01-06,2025-04-03,2025-04-14,hecho,11,0,S08
LOT-257,Manufactura,MAN-LOT,Plataforma,bug,LOT-10,2,2025-01-06,2025-04-07,2025-04-11,hecho,4,0,S07
LOT-258,Manufactura,MAN-LOT,Plataforma,historia,LOT-10,5,2025-01-06,2025-04-11,2025-04-25,hecho,14,0,S08
LOT-259,Manufactura,MAN-LOT,Plataforma,historia,LOT-11,2,2025-01-06,2025-04-23,2025-04-29,hecho,6,0,S09
LOT-260,Manufactura,MAN-LOT,Plataforma,historia,LOT-11,5,2025-01-06,2025-04-28,2025-05-14,hecho,16,0,S10
LOT-261,Manufactura,MAN-LOT,Plataforma,tarea,LOT-11,1,2025-01-06,2025-05-14,2025-05-21,hecho,7,0,S10
LOT-262,Manufactura,MAN-LOT,Plataforma,historia,LOT-13,5,2025-01-06,2025-05-14,2025-06-16,hecho,33,104,S12
LOT-263,Manufactura,MAN-LOT,Plataforma,tarea,LOT-13,1,2025-01-06,2025-05-15,2025-05-21,hecho,6,0,S10
LOT-264,Manufactura,MAN-LOT,Plataforma,historia,LOT-14,5,2025-01-06,2025-05-19,2025-05-29,hecho,10,0,S11
LOT-265,Manufactura,MAN-LOT,Plataforma,historia,LOT-14,5,2025-01-06,2025-05-29,2025-06-10,hecho,12,0,S12
LOT-266,Manufactura,MAN-LOT,Plataforma,historia,LOT-14,2,2025-01-06,2025-06-04,2025-06-11,hecho,7,0,S12
LOT-267,Manufactura,MAN-LOT,Plataforma,tarea,LOT-14,2,2025-01-06,2025-07-10,2025-07-15,hecho,5,0,S14
LOT-268,Manufactura,MAN-LOT,Plataforma,tarea,LOT-14,2,2025-01-06,2025-07-15,2025-07-28,hecho,13,40,S15
LOT-269,Manufactura,MAN-LOT,Plataforma,historia,LOT-14,3,2025-01-06,2025-07-17,2025-07-29,hecho,12,0,S15
LOT-270,Manufactura,MAN-LOT,Plataforma,tarea,LOT-15,3,2025-01-06,2025-07-17,2025-07-24,hecho,7,0,S15
LOT-271,Manufactura,MAN-LOT,Plataforma,historia,LOT-15,3,2025-01-06,2025-07-25,2025-07-31,hecho,6,0,S15
LOT-272,Manufactura,MAN-LOT,Plataforma,historia,LOT-15,5,2025-01-06,2025-07-28,2025-08-12,hecho,15,0,S16
LOT-273,Manufactura,MAN-LOT,Plataforma,historia,LOT-15,2,2025-01-06,2025-07-29,2025-08-08,hecho,10,0,S16
LOT-274,Manufactura,MAN-LOT,Plataforma,historia,LOT-15,2,2025-01-06,2025-08-05,2025-08-15,hecho,10,0,S16
LOT-275,Manufactura,MAN-LOT,Plataforma,historia,LOT-16,3,2025-01-06,2025-08-13,2025-08-22,hecho,9,0,S17
LOT-276,Manufactura,MAN-LOT,Plataforma,bug,LOT-17,1,2025-01-06,2025-08-20,2025-08-22,hecho,2,0,S17
LOT-277,Manufactura,MAN-LOT,Producto,historia,LOT-1,5,2025-01-06,2025-01-06,2025-01-28,hecho,22,0,S02
LOT-278,Manufactura,MAN-LOT,Producto,tarea,LOT-1,3,2025-01-06,2025-01-06,2025-01-14,hecho,8,0,S01
LOT-279,Manufactura,MAN-LOT,Producto,bug,LOT-1,2,2025-01-06,2025-01-06,2025-01-09,hecho,3,0,S01
LOT-280,Manufactura,MAN-LOT,Producto,historia,LOT-1,3,2025-01-06,2025-01-06,2025-01-13,hecho,7,0,S01
LOT-281,Manufactura,MAN-LOT,Producto,tarea,LOT-1,2,2025-01-06,2025-01-06,2025-01-14,hecho,8,0,S01
LOT-282,Manufactura,MAN-LOT,Producto,historia,LOT-1,2,2025-01-06,2025-01-06,2025-01-14,hecho,8,0,S01
LOT-283,Manufactura,MAN-LOT,Producto,historia,LOT-2,2,2025-01-06,2025-01-06,2025-01-14,hecho,8,0,S01
LOT-284,Manufactura,MAN-LOT,Producto,historia,LOT-2,3,2025-01-06,2025-01-09,2025-01-17,hecho,8,0,S01
LOT-285,Manufactura,MAN-LOT,Producto,bug,LOT-2,1,2025-01-06,2025-01-10,2025-01-15,hecho,5,0,S01
LOT-286,Manufactura,MAN-LOT,Producto,historia,LOT-2,3,2025-01-06,2025-01-10,2025-01-21,hecho,11,16,S02
LOT-287,Manufactura,MAN-LOT,Producto,historia,LOT-2,3,2025-01-06,2025-01-10,2025-01-17,hecho,7,0,S01
LOT-288,Manufactura,MAN-LOT,Producto,tarea,LOT-2,1,2025-01-06,2025-01-13,2025-01-20,hecho,7,0,S02
LOT-289,Manufactura,MAN-LOT,Producto,historia,LOT-2,2,2025-01-06,2025-01-13,2025-01-17,hecho,4,0,S01
LOT-290,Manufactura,MAN-LOT,Producto,historia,LOT-2,5,2025-01-06,2025-01-14,2025-01-24,hecho,10,0,S02
LOT-291,Manufactura,MAN-LOT,Producto,tarea,LOT-2,2,2025-01-06,2025-01-15,2025-01-23,hecho,8,0,S02
LOT-292,Manufactura,MAN-LOT,Producto,historia,LOT-3,3,2025-01-06,2025-01-15,2025-01-28,hecho,13,40,S02
LOT-293,Manufactura,MAN-LOT,Producto,tarea,LOT-3,3,2025-01-06,2025-01-17,2025-02-03,hecho,17,0,S03
LOT-294,Manufactura,MAN-LOT,Producto,historia,LOT-3,3,2025-01-06,2025-01-20,2025-01-28,hecho,8,0,S02
LOT-295,Manufactura,MAN-LOT,Producto,historia,LOT-3,3,2025-01-06,2025-01-20,2025-01-29,hecho,9,0,S02
LOT-296,Manufactura,MAN-LOT,Producto,historia,LOT-3,2,2025-01-06,2025-01-21,2025-01-27,hecho,6,0,S02
LOT-297,Manufactura,MAN-LOT,Producto,historia,LOT-3,3,2025-01-06,2025-01-21,2025-01-31,hecho,10,0,S02
LOT-298,Manufactura,MAN-LOT,Producto,historia,LOT-3,3,2025-01-06,2025-01-24,2025-02-04,hecho,11,0,S03
LOT-299,Manufactura,MAN-LOT,Producto,bug,LOT-4,1,2025-01-06,2025-01-27,2025-01-29,hecho,2,0,S02
LOT-300,Manufactura,MAN-LOT,Producto,historia,LOT-4,5,2025-01-06,2025-01-27,2025-02-06,hecho,10,0,S03
LOT-301,Manufactura,MAN-LOT,Producto,historia,LOT-4,5,2025-01-06,2025-01-28,2025-02-19,hecho,22,0,S04
LOT-302,Manufactura,MAN-LOT,Producto,historia,LOT-4,3,2025-01-06,2025-01-28,2025-02-04,hecho,7,0,S03
LOT-303,Manufactura,MAN-LOT,Producto,historia,LOT-4,5,2025-01-06,2025-01-29,2025-02-11,hecho,13,0,S03
LOT-304,Manufactura,MAN-LOT,Producto,tarea,LOT-4,2,2025-01-06,2025-01-29,2025-02-06,hecho,8,0,S03
LOT-305,Manufactura,MAN-LOT,Producto,tarea,LOT-4,1,2025-01-06,2025-01-30,2025-02-04,hecho,5,0,S03
LOT-306,Manufactura,MAN-LOT,Producto,historia,LOT-4,3,2025-01-06,2025-01-31,2025-02-07,hecho,7,0,S03
LOT-307,Manufactura,MAN-LOT,Producto,bug,LOT-5,1,2025-01-06,2025-02-03,2025-02-05,hecho,2,0,S03
LOT-308,Manufactura,MAN-LOT,Producto,tarea,LOT-5,3,2025-01-06,2025-02-03,2025-02-12,hecho,9,0,S03
LOT-309,Manufactura,MAN-LOT,Producto,historia,LOT-5,3,2025-01-06,2025-02-04,2025-02-12,hecho,8,0,S03
LOT-310,Manufactura,MAN-LOT,Producto,historia,LOT-5,5,2025-01-06,2025-02-05,2025-02-14,hecho,9,0,S03
LOT-311,Manufactura,MAN-LOT,Producto,historia,LOT-5,2,2025-01-06,2025-02-05,2025-02-10,hecho,5,0,S03
LOT-312,Manufactura,MAN-LOT,Producto,bug,LOT-5,2,2025-01-06,2025-02-07,2025-02-14,hecho,7,0,S03
LOT-313,Manufactura,MAN-LOT,Producto,tarea,LOT-5,2,2025-01-06,2025-02-10,2025-02-17,hecho,7,0,S04
LOT-314,Manufactura,MAN-LOT,Producto,historia,LOT-5,3,2025-01-06,2025-02-10,2025-02-17,hecho,7,0,S04
LOT-315,Manufactura,MAN-LOT,Producto,historia,LOT-5,3,2025-01-06,2025-02-11,2025-02-19,hecho,8,0,S04
LOT-316,Manufactura,MAN-LOT,Producto,historia,LOT-5,2,2025-01-06,2025-02-11,2025-02-19,hecho,8,0,S04
LOT-317,Manufactura,MAN-LOT,Producto,tarea,LOT-5,1,2025-01-06,2025-02-13,2025-02-19,hecho,6,0,S04
LOT-318,Manufactura,MAN-LOT,Producto,tarea,LOT-6,3,2025-01-06,2025-02-13,2025-02-21,hecho,8,0,S04
LOT-319,Manufactura,MAN-LOT,Producto,historia,LOT-6,5,2025-01-06,2025-02-14,2025-02-25,hecho,11,0,S04
LOT-320,Manufactura,MAN-LOT,Producto,historia,LOT-6,2,2025-01-06,2025-02-17,2025-02-25,hecho,8,0,S04
LOT-321,Manufactura,MAN-LOT,Producto,historia,LOT-6,5,2025-01-06,2025-02-17,2025-02-28,hecho,11,0,S04
LOT-322,Manufactura,MAN-LOT,Producto,tarea,LOT-7,2,2025-01-06,2025-02-17,2025-02-21,hecho,4,0,S04
LOT-323,Manufactura,MAN-LOT,Producto,bug,LOT-7,1,2025-01-06,2025-02-18,2025-02-24,hecho,6,0,S04
LOT-324,Manufactura,MAN-LOT,Producto,historia,LOT-7,3,2025-01-06,2025-02-19,2025-03-05,hecho,14,0,S05
LOT-325,Manufactura,MAN-LOT,Producto,historia,LOT-7,2,2025-01-06,2025-02-20,2025-02-27,hecho,7,0,S04
LOT-326,Manufactura,MAN-LOT,Producto,historia,LOT-7,3,2025-01-06,2025-02-21,2025-02-28,hecho,7,0,S04
LOT-327,Manufactura,MAN-LOT,Producto,historia,LOT-7,2,2025-01-06,2025-02-21,2025-03-03,hecho,10,0,S05
LOT-328,Manufactura,MAN-LOT,Producto,historia,LOT-8,2,2025-01-06,2025-02-21,2025-03-03,hecho,10,0,S05
LOT-329,Manufactura,MAN-LOT,Producto,bug,LOT-8,2,2025-01-06,2025-02-25,2025-02-28,hecho,3,0,S04
LOT-330,Manufactura,MAN-LOT,Producto,tarea,LOT-8,1,2025-01-06,2025-02-26,2025-03-03,hecho,5,0,S05
LOT-331,Manufactura,MAN-LOT,Producto,bug,LOT-8,1,2025-01-06,2025-02-27,2025-03-04,hecho,5,0,S05
LOT-332,Manufactura,MAN-LOT,Producto,historia,LOT-8,3,2025-01-06,2025-02-27,2025-03-06,hecho,7,0,S05
LOT-333,Manufactura,MAN-LOT,Producto,historia,LOT-8,3,2025-01-06,2025-02-28,2025-03-11,hecho,11,0,S05
LOT-334,Manufactura,MAN-LOT,Producto,tarea,LOT-9,3,2025-01-06,2025-02-28,2025-03-13,hecho,13,0,S05
LOT-335,Manufactura,MAN-LOT,Producto,tarea,LOT-9,2,2025-01-06,2025-02-28,2025-03-07,hecho,7,0,S05
LOT-336,Manufactura,MAN-LOT,Producto,historia,LOT-10,5,2025-01-06,2025-03-03,2025-03-17,hecho,14,0,S06
LOT-337,Manufactura,MAN-LOT,Producto,historia,LOT-10,2,2025-01-06,2025-03-03,2025-03-11,hecho,8,0,S05
LOT-338,Manufactura,MAN-LOT,Producto,historia,LOT-10,3,2025-01-06,2025-03-04,2025-03-21,hecho,17,0,S06
LOT-339,Manufactura,MAN-LOT,Producto,historia,LOT-10,2,2025-01-06,2025-03-11,2025-03-19,hecho,8,0,S06
LOT-340,Manufactura,MAN-LOT,Producto,bug,LOT-10,2,2025-01-06,2025-03-17,2025-03-25,hecho,8,0,S06
LOT-341,Manufactura,MAN-LOT,Producto,tarea,LOT-10,1,2025-01-06,2025-03-17,2025-03-20,hecho,3,0,S06
LOT-342,Manufactura,MAN-LOT,Producto,historia,LOT-11,3,2025-01-06,2025-03-18,2025-03-31,hecho,13,0,S07
LOT-343,Manufactura,MAN-LOT,Producto,bug,LOT-11,1,2025-01-06,2025-03-19,2025-03-25,hecho,6,0,S06
LOT-344,Manufactura,MAN-LOT,Producto,tarea,LOT-11,1,2025-01-06,2025-03-20,2025-03-25,hecho,5,0,S06
LOT-345,Manufactura,MAN-LOT,Producto,historia,LOT-11,3,2025-01-06,2025-03-24,2025-04-18,hecho,25,104,S08
LOT-346,Manufactura,MAN-LOT,Producto,bug,LOT-11,1,2025-01-06,2025-03-25,2025-05-01,hecho,37,192,S09
LOT-347,Manufactura,MAN-LOT,Producto,historia,LOT-11,2,2025-01-06,2025-03-26,2025-04-09,hecho,14,0,S07
LOT-348,Manufactura,MAN-LOT,Producto,tarea,LOT-11,1,2025-01-06,2025-03-26,2025-03-28,hecho,2,0,S06
LOT-349,Manufactura,MAN-LOT,Producto,historia,LOT-11,3,2025-01-06,2025-03-27,2025-04-07,hecho,11,0,S07
LOT-350,Manufactura,MAN-LOT,Producto,historia,LOT-11,3,2025-01-06,2025-03-28,2025-04-04,hecho,7,0,S07
LOT-351,Manufactura,MAN-LOT,Producto,bug,LOT-11,2,2025-01-06,2025-04-02,2025-04-09,hecho,7,0,S07
LOT-352,Manufactura,MAN-LOT,Producto,historia,LOT-11,5,2025-01-06,2025-04-08,2025-04-22,hecho,14,0,S08
LOT-353,Manufactura,MAN-LOT,Producto,historia,LOT-12,3,2025-01-06,2025-04-08,2025-04-21,hecho,13,0,S08
LOT-354,Manufactura,MAN-LOT,Producto,historia,LOT-12,2,2025-01-06,2025-04-18,2025-04-25,hecho,7,0,S08
LOT-355,Manufactura,MAN-LOT,Producto,historia,LOT-12,5,2025-01-06,2025-04-18,2025-05-05,hecho,17,0,S09
LOT-356,Manufactura,MAN-LOT,Producto,historia,LOT-12,2,2025-01-06,2025-04-30,2025-05-05,hecho,5,0,S09
LOT-357,Manufactura,MAN-LOT,Producto,tarea,LOT-12,2,2025-01-06,2025-04-30,2025-05-07,hecho,7,0,S09
LOT-358,Manufactura,MAN-LOT,Producto,historia,LOT-12,2,2025-01-06,2025-05-05,2025-05-13,hecho,8,0,S10
LOT-359,Manufactura,MAN-LOT,Producto,historia,LOT-12,2,2025-01-06,2025-05-05,2025-05-12,hecho,7,0,S10
LOT-360,Manufactura,MAN-LOT,Producto,historia,LOT-13,3,2025-01-06,2025-05-09,2025-05-21,hecho,12,0,S10
LOT-361,Manufactura,MAN-LOT,Producto,tarea,LOT-13,2,2025-01-06,2025-05-12,2025-05-16,hecho,4,0,S10
LOT-362,Manufactura,MAN-LOT,Producto,tarea,LOT-13,3,2025-01-06,2025-05-20,2025-06-02,hecho,13,0,S11
LOT-363,Manufactura,MAN-LOT,Producto,bug,LOT-13,1,2025-01-06,2025-05-22,2025-05-28,hecho,6,0,S11
LOT-364,Manufactura,MAN-LOT,Producto,historia,LOT-13,5,2025-01-06,2025-05-26,2025-06-10,hecho,15,0,S12
LOT-365,Manufactura,MAN-LOT,Producto,tarea,LOT-13,3,2025-01-06,2025-05-27,2025-06-03,hecho,7,0,S11
LOT-366,Manufactura,MAN-LOT,Producto,historia,LOT-13,3,2025-01-06,2025-05-28,2025-06-05,hecho,8,0,S11
LOT-367,Manufactura,MAN-LOT,Producto,historia,LOT-13,2,2025-01-06,2025-05-29,2025-06-03,hecho,5,0,S11
LOT-368,Manufactura,MAN-LOT,Producto,historia,LOT-13,2,2025-01-06,2025-06-03,2025-06-11,hecho,8,0,S12
LOT-369,Manufactura,MAN-LOT,Producto,historia,LOT-13,3,2025-01-06,2025-06-05,2025-06-17,hecho,12,0,S12
LOT-370,Manufactura,MAN-LOT,Producto,historia,LOT-14,5,2025-01-06,2025-06-06,2025-06-30,hecho,24,0,S13
LOT-371,Manufactura,MAN-LOT,Producto,bug,LOT-14,1,2025-01-06,2025-06-06,2025-06-12,hecho,6,0,S12
LOT-372,Manufactura,MAN-LOT,Producto,tarea,LOT-14,2,2025-01-06,2025-06-09,2025-06-13,hecho,4,0,S12
LOT-373,Manufactura,MAN-LOT,Producto,tarea,LOT-14,2,2025-01-06,2025-06-13,2025-06-19,hecho,6,0,S12
LOT-374,Manufactura,MAN-LOT,Producto,historia,LOT-14,2,2025-01-06,2025-06-13,2025-06-19,hecho,6,0,S12
LOT-375,Manufactura,MAN-LOT,Producto,historia,LOT-14,3,2025-01-06,2025-06-16,2025-06-24,hecho,8,0,S13
LOT-376,Manufactura,MAN-LOT,Producto,historia,LOT-14,3,2025-01-06,2025-06-17,2025-06-26,hecho,9,0,S13
LOT-377,Manufactura,MAN-LOT,Producto,historia,LOT-14,2,2025-01-06,2025-06-20,2025-06-25,hecho,5,0,S13
LOT-378,Manufactura,MAN-LOT,Producto,historia,LOT-15,5,2025-01-06,2025-06-25,2025-07-11,hecho,16,0,S14
LOT-379,Manufactura,MAN-LOT,Producto,historia,LOT-15,2,2025-01-06,2025-06-27,2025-07-08,hecho,11,0,S14
LOT-380,Manufactura,MAN-LOT,Producto,tarea,LOT-15,2,2025-01-06,2025-07-08,2025-07-15,hecho,7,0,S14
LOT-381,Manufactura,MAN-LOT,Producto,historia,LOT-15,2,2025-01-06,2025-07-09,2025-07-17,hecho,8,0,S14
LOT-382,Manufactura,MAN-LOT,Producto,historia,LOT-15,3,2025-01-06,2025-07-09,2025-09-18,hecho,71,352,S19
LOT-383,Manufactura,MAN-LOT,Producto,historia,LOT-15,3,2025-01-06,2025-07-18,2025-07-28,hecho,10,0,S15
LOT-384,Manufactura,MAN-LOT,Producto,historia,LOT-15,3,2025-01-06,2025-07-30,2025-08-11,hecho,12,0,S16
LOT-385,Manufactura,MAN-LOT,Producto,historia,LOT-15,3,2025-01-06,2025-08-05,2025-09-30,hecho,56,256,S20
LOT-386,Manufactura,MAN-LOT,Producto,historia,LOT-16,5,2025-01-06,2025-08-07,2025-08-21,hecho,14,0,S17
LOT-387,Manufactura,MAN-LOT,Producto,historia,LOT-16,3,2025-01-06,2025-08-19,2025-08-28,hecho,9,0,S17
LOT-388,Manufactura,MAN-LOT,Producto,historia,LOT-16,3,2025-01-06,2025-08-19,2025-08-27,hecho,8,0,S17
LOT-389,Manufactura,MAN-LOT,Producto,historia,LOT-16,3,2025-01-06,2025-08-26,2025-09-11,hecho,16,0,S18
LOT-390,Manufactura,MAN-LOT,Producto,tarea,LOT-16,3,2025-01-06,2025-08-28,2025-09-05,hecho,8,0,S18
LOT-391,Manufactura,MAN-LOT,Producto,tarea,LOT-16,3,2025-01-06,2025-09-09,2025-09-24,hecho,15,0,S19
LOT-392,Manufactura,MAN-LOT,Producto,tarea,LOT-16,2,2025-01-06,2025-09-10,2025-09-17,hecho,7,0,S19
LOT-393,Manufactura,MAN-LOT,Producto,historia,LOT-17,3,2025-01-06,2025-09-10,2025-09-19,hecho,9,0,S19
LOT-394,Manufactura,MAN-LOT,Producto,historia,LOT-17,3,2025-01-06,2025-09-16,2025-09-24,hecho,8,0,S19
LOT-395,Manufactura,MAN-LOT,Producto,tarea,LOT-17,2,2025-01-06,2025-09-24,2025-10-01,hecho,7,0,S20
LOT-396,Manufactura,MAN-LOT,Producto,historia,LOT-17,5,2025-01-06,2025-09-30,2025-10-15,hecho,15,0,S21
LOT-397,Manufactura,MAN-LOT,Producto,historia,LOT-17,3,2025-01-06,2025-10-06,2025-10-14,hecho,8,0,S21
LOT-398,Manufactura,MAN-LOT,QA,historia,LOT-1,5,2025-01-06,2025-01-06,2025-01-27,hecho,21,0,S02
LOT-399,Manufactura,MAN-LOT,QA,historia,LOT-1,3,2025-01-06,2025-01-06,2025-01-15,hecho,9,0,S01
LOT-400,Manufactura,MAN-LOT,QA,historia,LOT-1,3,2025-01-06,2025-01-06,2025-01-14,hecho,8,0,S01
LOT-401,Manufactura,MAN-LOT,QA,historia,LOT-1,3,2025-01-06,2025-01-06,2025-01-14,hecho,8,0,S01
LOT-402,Manufactura,MAN-LOT,QA,bug,LOT-1,1,2025-01-06,2025-01-13,2025-01-22,hecho,9,16,S02
LOT-403,Manufactura,MAN-LOT,QA,historia,LOT-2,2,2025-01-06,2025-01-14,2025-01-20,hecho,6,0,S02
LOT-404,Manufactura,MAN-LOT,QA,tarea,LOT-2,2,2025-01-06,2025-01-14,2025-01-20,hecho,6,0,S02
LOT-405,Manufactura,MAN-LOT,QA,bug,LOT-3,1,2025-01-06,2025-01-15,2025-01-17,hecho,2,0,S01
LOT-406,Manufactura,MAN-LOT,QA,tarea,LOT-3,3,2025-01-06,2025-01-17,2025-01-27,hecho,10,0,S02
LOT-407,Manufactura,MAN-LOT,QA,historia,LOT-3,3,2025-01-06,2025-01-20,2025-01-27,hecho,7,0,S02
LOT-408,Manufactura,MAN-LOT,QA,historia,LOT-3,2,2025-01-06,2025-01-20,2025-02-07,hecho,18,64,S03
LOT-409,Manufactura,MAN-LOT,QA,tarea,LOT-4,3,2025-01-06,2025-01-23,2025-01-31,hecho,8,0,S02
LOT-410,Manufactura,MAN-LOT,QA,historia,LOT-4,3,2025-01-06,2025-01-24,2025-02-10,hecho,17,0,S03
LOT-411,Manufactura,MAN-LOT,QA,historia,LOT-4,3,2025-01-06,2025-01-27,2025-02-05,hecho,9,0,S03
LOT-412,Manufactura,MAN-LOT,QA,historia,LOT-4,3,2025-01-06,2025-01-27,2025-02-05,hecho,9,0,S03
LOT-413,Manufactura,MAN-LOT,QA,historia,LOT-4,3,2025-01-06,2025-01-29,2025-02-07,hecho,9,0,S03
LOT-414,Manufactura,MAN-LOT,QA,historia,LOT-4,3,2025-01-06,2025-02-04,2025-02-17,hecho,13,0,S04
LOT-415,Manufactura,MAN-LOT,QA,bug,LOT-4,2,2025-01-06,2025-02-05,2025-02-10,hecho,5,0,S03
LOT-416,Manufactura,MAN-LOT,QA,historia,LOT-4,3,2025-01-06,2025-02-06,2025-02-17,hecho,11,0,S04
LOT-417,Manufactura,MAN-LOT,QA,historia,LOT-5,5,2025-01-06,2025-02-10,2025-03-03,hecho,21,0,S05
LOT-418,Manufactura,MAN-LOT,QA,tarea,LOT-5,1,2025-01-06,2025-02-10,2025-02-14,hecho,4,0,S03
LOT-419,Manufactura,MAN-LOT,QA,historia,LOT-5,3,2025-01-06,2025-02-12,2025-02-20,hecho,8,0,S04
LOT-420,Manufactura,MAN-LOT,QA,tarea,LOT-6,3,2025-01-06,2025-02-13,2025-02-21,hecho,8,0,S04
LOT-421,Manufactura,MAN-LOT,QA,tarea,LOT-6,1,2025-01-06,2025-02-14,2025-02-24,hecho,10,0,S04
LOT-422,Manufactura,MAN-LOT,QA,historia,LOT-7,2,2025-01-06,2025-02-20,2025-02-26,hecho,6,0,S04
LOT-423,Manufactura,MAN-LOT,QA,tarea,LOT-7,1,2025-01-06,2025-02-20,2025-02-26,hecho,6,0,S04
LOT-424,Manufactura,MAN-LOT,QA,historia,LOT-7,3,2025-01-06,2025-02-20,2025-03-04,hecho,12,0,S05
LOT-425,Manufactura,MAN-LOT,QA,historia,LOT-8,3,2025-01-06,2025-02-24,2025-03-07,hecho,11,0,S05
LOT-426,Manufactura,MAN-LOT,QA,historia,LOT-8,3,2025-01-06,2025-02-26,2025-03-04,hecho,6,0,S05
LOT-427,Manufactura,MAN-LOT,QA,bug,LOT-8,1,2025-01-06,2025-02-28,2025-03-06,hecho,6,0,S05
LOT-428,Manufactura,MAN-LOT,QA,tarea,LOT-8,2,2025-01-06,2025-02-28,2025-03-10,hecho,10,0,S05
LOT-429,Manufactura,MAN-LOT,QA,bug,LOT-8,2,2025-01-06,2025-03-11,2025-03-18,hecho,7,0,S06
LOT-430,Manufactura,MAN-LOT,QA,historia,LOT-8,3,2025-01-06,2025-03-14,2025-03-24,hecho,10,0,S06
LOT-431,Manufactura,MAN-LOT,QA,historia,LOT-9,3,2025-01-06,2025-03-17,2025-03-25,hecho,8,0,S06
LOT-432,Manufactura,MAN-LOT,QA,historia,LOT-9,3,2025-01-06,2025-03-20,2025-03-26,hecho,6,0,S06
LOT-433,Manufactura,MAN-LOT,QA,historia,LOT-10,2,2025-01-06,2025-03-24,2025-03-28,hecho,4,0,S06
LOT-434,Manufactura,MAN-LOT,QA,historia,LOT-10,3,2025-01-06,2025-03-24,2025-04-01,hecho,8,0,S07
LOT-435,Manufactura,MAN-LOT,QA,historia,LOT-10,2,2025-01-06,2025-03-26,2025-04-01,hecho,6,0,S07
LOT-436,Manufactura,MAN-LOT,QA,historia,LOT-10,3,2025-01-06,2025-04-01,2025-04-10,hecho,9,0,S07
LOT-437,Manufactura,MAN-LOT,QA,historia,LOT-10,5,2025-01-06,2025-04-09,2025-04-30,hecho,21,0,S09
LOT-438,Manufactura,MAN-LOT,QA,historia,LOT-10,3,2025-01-06,2025-04-23,2025-05-06,hecho,13,0,S09
LOT-439,Manufactura,MAN-LOT,QA,bug,LOT-10,2,2025-01-06,2025-04-28,2025-05-02,hecho,4,0,S09
LOT-440,Manufactura,MAN-LOT,QA,historia,LOT-11,5,2025-01-06,2025-05-02,2025-05-16,hecho,14,0,S10
LOT-441,Manufactura,MAN-LOT,QA,historia,LOT-11,3,2025-01-06,2025-05-05,2025-05-12,hecho,7,0,S10
LOT-442,Manufactura,MAN-LOT,QA,historia,LOT-11,3,2025-01-06,2025-05-07,2025-05-15,hecho,8,0,S10
LOT-443,Manufactura,MAN-LOT,QA,tarea,LOT-11,2,2025-01-06,2025-05-16,2025-05-22,hecho,6,0,S10
LOT-444,Manufactura,MAN-LOT,QA,historia,LOT-12,2,2025-01-06,2025-05-20,2025-06-03,hecho,14,0,S11
LOT-445,Manufactura,MAN-LOT,QA,historia,LOT-12,5,2025-01-06,2025-05-30,2025-06-23,hecho,24,0,S13
LOT-446,Manufactura,MAN-LOT,QA,historia,LOT-12,3,2025-01-06,2025-06-17,2025-06-30,hecho,13,0,S13
LOT-447,Manufactura,MAN-LOT,QA,historia,LOT-12,3,2025-01-06,2025-06-24,2025-07-02,hecho,8,0,S13
LOT-448,Manufactura,MAN-LOT,QA,historia,LOT-12,3,2025-01-06,2025-07-02,2025-07-18,hecho,16,0,S14
LOT-449,Manufactura,MAN-LOT,QA,tarea,LOT-12,3,2025-01-06,2025-07-03,2025-07-14,hecho,11,0,S14
LOT-450,Manufactura,MAN-LOT,QA,tarea,LOT-13,3,2025-01-06,2025-07-10,2025-07-22,hecho,12,0,S15
LOT-451,Manufactura,MAN-LOT,QA,historia,LOT-13,5,2025-01-06,2025-07-10,2025-07-24,hecho,14,0,S15
LOT-452,Manufactura,MAN-LOT,QA,historia,LOT-15,5,2025-01-06,2025-07-18,2025-08-14,hecho,27,0,S16
LOT-453,Manufactura,MAN-LOT,QA,historia,LOT-15,3,2025-01-06,2025-07-18,2025-07-24,hecho,6,0,S15
LOT-454,Manufactura,MAN-LOT,QA,historia,LOT-16,3,2025-01-06,2025-07-18,2025-07-29,hecho,11,0,S15
LOT-455,Manufactura,MAN-LOT,QA,bug,LOT-16,1,2025-01-06,2025-07-23,2025-07-29,hecho,6,0,S15
LOT-456,Manufactura,MAN-LOT,QA,historia,LOT-16,3,2025-01-06,2025-07-29,2025-08-11,hecho,13,0,S16
LOT-457,Manufactura,MAN-LOT,QA,historia,LOT-16,5,2025-01-06,2025-08-04,2025-08-19,hecho,15,0,S17
LOT-458,Manufactura,MAN-LOT,QA,historia,LOT-16,3,2025-01-06,2025-08-18,2025-08-25,hecho,7,0,S17
LOT-459,Manufactura,MAN-LOT,QA,historia,LOT-16,2,2025-01-06,2025-09-02,2025-09-10,hecho,8,0,S18
LOT-460,Manufactura,MAN-LOT,QA,historia,LOT-17,2,2025-01-06,2025-09-15,2025-09-19,hecho,4,0,S19
LOT-461,Manufactura,MAN-LOT,QA,historia,LOT-17,3,2025-01-06,2025-09-24,2025-10-06,hecho,12,0,S20
LOT-462,Manufactura,MAN-LOT,QA,historia,LOT-17,2,2025-01-06,2025-10-02,2025-10-08,hecho,6,0,S20
LOT-463,Manufactura,MAN-LOT,QA,historia,LOT-17,5,2025-01-06,2025-10-30,2025-11-12,hecho,13,0,S23
LOT-464,Manufactura,MAN-LOT,QA,bug,LOT-17,2,2025-01-06,2025-11-10,2025-11-18,hecho,8,0,S23
LOT-465,Manufactura,MAN-LOT,QA,tarea,LOT-17,2,2025-01-06,2025-11-27,2025-12-03,hecho,6,0,S24
POR-1,Manufactura,MAN-POR,Producto,epica,,,2025-09-01,2025-09-01,2025-10-31,hecho,,,
POR-2,Manufactura,MAN-POR,Producto,epica,,,2025-09-01,2025-09-02,2025-11-20,hecho,,,
POR-3,Manufactura,MAN-POR,Producto,epica,,,2025-09-01,2025-09-18,2025-12-03,hecho,,,
POR-4,Manufactura,MAN-POR,Producto,epica,,,2025-09-01,2025-09-30,2025-12-23,hecho,,,
POR-5,Manufactura,MAN-POR,Producto,epica,,,2025-09-01,2025-10-23,2026-01-22,hecho,,,
POR-6,Manufactura,MAN-POR,Producto,epica,,,2025-09-01,2025-10-29,2026-02-27,hecho,,,
POR-7,Manufactura,MAN-POR,Producto,epica,,,2025-09-01,2025-11-14,2026-02-05,hecho,,,
POR-8,Manufactura,MAN-POR,Producto,epica,,,2025-09-01,2025-12-25,2026-03-13,hecho,,,
POR-9,Manufactura,MAN-POR,Producto,epica,,,2025-09-01,2026-01-30,2026-04-23,hecho,,,
POR-10,Manufactura,MAN-POR,Producto,epica,,,2025-09-01,2026-02-18,2026-05-13,hecho,,,
POR-11,Manufactura,MAN-POR,Producto,epica,,,2025-09-01,2026-04-16,2026-06-05,hecho,,,
POR-12,Manufactura,MAN-POR,Datos,historia,POR-2,5,2025-09-01,2025-09-02,2025-09-18,hecho,16,0,S19
POR-13,Manufactura,MAN-POR,Datos,historia,POR-2,3,2025-09-01,2025-09-09,2025-09-17,hecho,8,0,S19
POR-14,Manufactura,MAN-POR,Datos,historia,POR-2,2,2025-09-01,2025-09-26,2025-10-13,hecho,17,32,S21
POR-15,Manufactura,MAN-POR,Datos,tarea,POR-3,1,2025-09-01,2025-10-08,2025-10-10,hecho,2,0,S20
POR-16,Manufactura,MAN-POR,Datos,historia,POR-3,5,2025-09-01,2025-10-16,2025-10-29,hecho,13,0,S22
POR-17,Manufactura,MAN-POR,Datos,tarea,POR-4,1,2025-09-01,2025-10-22,2025-10-27,hecho,5,0,S22
POR-18,Manufactura,MAN-POR,Datos,historia,POR-4,2,2025-09-01,2025-10-24,2025-10-31,hecho,7,0,S22
POR-19,Manufactura,MAN-POR,Datos,bug,POR-5,2,2025-09-01,2025-10-29,2025-11-04,hecho,6,0,S22
POR-20,Manufactura,MAN-POR,Datos,historia,POR-5,3,2025-09-01,2025-11-03,2025-11-12,hecho,9,0,S23
POR-21,Manufactura,MAN-POR,Datos,historia,POR-5,5,2025-09-01,2025-11-10,2025-11-24,hecho,14,0,S24
POR-22,Manufactura,MAN-POR,Datos,historia,POR-5,5,2025-09-01,2025-11-11,2025-12-09,hecho,28,0,S25
POR-23,Manufactura,MAN-POR,Datos,historia,POR-6,5,2025-09-01,2025-11-24,2025-12-09,hecho,15,0,S25
POR-24,Manufactura,MAN-POR,Datos,historia,POR-6,2,2025-09-01,2025-12-09,2025-12-12,hecho,3,0,S25
POR-25,Manufactura,MAN-POR,Datos,historia,POR-6,2,2025-09-01,2025-12-24,2025-12-29,hecho,5,0,S26
POR-26,Manufactura,MAN-POR,Datos,historia,POR-6,5,2025-09-01,2025-12-25,2026-01-07,hecho,13,0,S27
POR-27,Manufactura,MAN-POR,Datos,historia,POR-7,3,2025-09-01,2025-12-25,2026-01-02,hecho,8,0,S26
POR-28,Manufactura,MAN-POR,Datos,historia,POR-8,5,2025-09-01,2025-12-29,2026-01-13,hecho,15,0,S27
POR-29,Manufactura,MAN-POR,Datos,historia,POR-8,2,2025-09-01,2026-01-01,2026-01-13,hecho,12,0,S27
POR-30,Manufactura,MAN-POR,Datos,historia,POR-8,3,2025-09-01,2026-01-14,2026-02-03,hecho,20,0,S29
POR-31,Manufactura,MAN-POR,Datos,historia,POR-8,2,2025-09-01,2026-01-21,2026-01-26,hecho,5,0,S28
POR-32,Manufactura,MAN-POR,Datos,historia,POR-8,3,2025-09-01,2026-01-22,2026-02-05,hecho,14,0,S29
POR-33,Manufactura,MAN-POR,Datos,historia,POR-8,3,2025-09-01,2026-01-30,2026-02-13,hecho,14,0,S29
POR-34,Manufactura,MAN-POR,Datos,tarea,POR-8,1,2025-09-01,2026-02-11,2026-02-17,hecho,6,0,S30
POR-35,Manufactura,MAN-POR,Datos,tarea,POR-8,2,2025-09-01,2026-02-16,2026-02-26,hecho,10,0,S30
POR-36,Manufactura,MAN-POR,Datos,tarea,POR-8,2,2025-09-01,2026-02-23,2026-02-27,hecho,4,0,S30
POR-37,Manufactura,MAN-POR,Datos,historia,POR-9,2,2025-09-01,2026-03-05,2026-03-13,hecho,8,0,S31
POR-38,Manufactura,MAN-POR,Datos,historia,POR-9,3,2025-09-01,2026-04-03,2026-04-14,hecho,11,0,S34
POR-39,Manufactura,MAN-POR,Datos,historia,POR-9,3,2025-09-01,2026-04-10,2026-04-21,hecho,11,0,S34
POR-40,Manufactura,MAN-POR,Datos,historia,POR-10,3,2025-09-01,2026-04-10,2026-04-20,hecho,10,0,S34
POR-41,Manufactura,MAN-POR,Datos,tarea,POR-10,3,2025-09-01,2026-04-14,2026-05-01,hecho,17,0,S35
POR-42,Manufactura,MAN-POR,Datos,tarea,POR-11,2,2025-09-01,2026-04-28,2026-05-07,hecho,9,0,S35
POR-43,Manufactura,MAN-POR,Integraciones,tarea,POR-1,2,2025-09-01,2025-09-03,2025-09-15,hecho,12,0,S19
POR-44,Manufactura,MAN-POR,Integraciones,historia,POR-1,5,2025-09-01,2025-09-04,2025-09-17,hecho,13,0,S19
POR-45,Manufactura,MAN-POR,Integraciones,historia,POR-1,5,2025-09-01,2025-09-05,2025-09-30,hecho,25,0,S20
POR-46,Manufactura,MAN-POR,Integraciones,historia,POR-2,3,2025-09-01,2025-09-17,2025-10-06,hecho,19,0,S20
POR-47,Manufactura,MAN-POR,Integraciones,historia,POR-2,3,2025-09-01,2025-10-01,2025-10-09,hecho,8,0,S20
POR-48,Manufactura,MAN-POR,Integraciones,historia,POR-2,2,2025-09-01,2025-10-17,2025-10-27,hecho,10,0,S22
POR-49,Manufactura,MAN-POR,Integraciones,historia,POR-2,3,2025-09-01,2025-11-06,2025-11-20,hecho,14,0,S23
POR-50,Manufactura,MAN-POR,Integraciones,historia,POR-3,3,2025-09-01,2025-11-12,2025-11-20,hecho,8,0,S23
POR-51,Manufactura,MAN-POR,Integraciones,tarea,POR-3,2,2025-09-01,2025-11-24,2025-12-03,hecho,9,0,S24
POR-52,Manufactura,MAN-POR,Integraciones,historia,POR-4,5,2025-09-01,2025-11-26,2025-12-23,hecho,27,0,S26
POR-53,Manufactura,MAN-POR,Integraciones,historia,POR-4,2,2025-09-01,2025-12-03,2025-12-12,hecho,9,0,S25
POR-54,Manufactura,MAN-POR,Integraciones,historia,POR-4,3,2025-09-01,2025-12-10,2025-12-22,hecho,12,0,S26
POR-55,Manufactura,MAN-POR,Integraciones,historia,POR-5,5,2025-09-01,2025-12-12,2026-01-06,hecho,25,0,S27
POR-56,Manufactura,MAN-POR,Integraciones,historia,POR-5,3,2025-09-01,2026-01-05,2026-01-16,hecho,11,0,S27
POR-57,Manufactura,MAN-POR,Integraciones,historia,POR-5,5,2025-09-01,2026-01-09,2026-01-22,hecho,13,0,S28
POR-58,Manufactura,MAN-POR,Integraciones,historia,POR-6,5,2025-09-01,2026-01-20,2026-02-19,hecho,30,0,S30
POR-59,Manufactura,MAN-POR,Integraciones,bug,POR-6,1,2025-09-01,2026-01-22,2026-01-27,hecho,5,0,S28
POR-60,Manufactura,MAN-POR,Integraciones,tarea,POR-6,2,2025-09-01,2026-01-28,2026-02-04,hecho,7,0,S29
POR-61,Manufactura,MAN-POR,Integraciones,historia,POR-6,2,2025-09-01,2026-02-09,2026-02-17,hecho,8,0,S30
POR-62,Manufactura,MAN-POR,Integraciones,tarea,POR-6,1,2025-09-01,2026-02-13,2026-02-19,hecho,6,0,S30
POR-63,Manufactura,MAN-POR,Integraciones,bug,POR-6,2,2025-09-01,2026-02-18,2026-02-27,hecho,9,0,S30
POR-64,Manufactura,MAN-POR,Integraciones,historia,POR-8,2,2025-09-01,2026-02-20,2026-03-03,hecho,11,0,S31
POR-65,Manufactura,MAN-POR,Integraciones,historia,POR-8,3,2025-09-01,2026-02-23,2026-03-04,hecho,9,0,S31
POR-66,Manufactura,MAN-POR,Integraciones,historia,POR-8,2,2025-09-01,2026-03-03,2026-03-13,hecho,10,0,S31
POR-67,Manufactura,MAN-POR,Integraciones,tarea,POR-8,1,2025-09-01,2026-03-04,2026-03-10,hecho,6,0,S31
POR-68,Manufactura,MAN-POR,Integraciones,historia,POR-9,5,2025-09-01,2026-03-05,2026-04-01,hecho,27,0,S33
POR-69,Manufactura,MAN-POR,Integraciones,historia,POR-9,5,2025-09-01,2026-03-12,2026-04-08,hecho,27,0,S33
POR-70,Manufactura,MAN-POR,Integraciones,tarea,POR-9,3,2025-09-01,2026-03-30,2026-04-09,hecho,10,0,S33
POR-71,Manufactura,MAN-POR,Integraciones,tarea,POR-10,3,2025-09-01,2026-03-31,2026-04-10,hecho,10,0,S33
POR-72,Manufactura,MAN-POR,Integraciones,tarea,POR-10,2,2025-09-01,2026-04-16,2026-04-30,hecho,14,0,S35
POR-73,Manufactura,MAN-POR,Integraciones,historia,POR-10,2,2025-09-01,2026-04-21,2026-05-04,hecho,13,0,S35
POR-74,Manufactura,MAN-POR,Integraciones,historia,POR-11,3,2025-09-01,2026-04-24,2026-05-11,hecho,17,0,S36
POR-75,Manufactura,MAN-POR,Integraciones,tarea,POR-11,3,2025-09-01,2026-04-27,2026-05-08,hecho,11,0,S35
POR-76,Manufactura,MAN-POR,Integraciones,bug,POR-11,2,2025-09-01,2026-04-28,2026-05-11,hecho,13,0,S36
POR-77,Manufactura,MAN-POR,Integraciones,tarea,POR-11,3,2025-09-01,2026-04-30,2026-05-22,hecho,22,0,S36
POR-78,Manufactura,MAN-POR,Plataforma,historia,POR-1,3,2025-09-01,2025-09-01,2025-09-08,hecho,7,0,S18
POR-79,Manufactura,MAN-POR,Plataforma,historia,POR-1,3,2025-09-01,2025-09-05,2025-09-15,hecho,10,0,S19
POR-80,Manufactura,MAN-POR,Plataforma,historia,POR-2,2,2025-09-01,2025-09-08,2025-09-15,hecho,7,0,S19
POR-81,Manufactura,MAN-POR,Plataforma,tarea,POR-2,3,2025-09-01,2025-09-12,2025-09-23,hecho,11,0,S19
POR-82,Manufactura,MAN-POR,Plataforma,historia,POR-2,2,2025-09-01,2025-09-15,2025-10-14,hecho,29,128,S21
POR-83,Manufactura,MAN-POR,Plataforma,historia,POR-3,5,2025-09-01,2025-09-18,2025-10-02,hecho,14,0,S20
POR-84,Manufactura,MAN-POR,Plataforma,historia,POR-3,5,2025-09-01,2025-09-26,2025-10-08,hecho,12,0,S20
POR-85,Manufactura,MAN-POR,Plataforma,tarea,POR-4,3,2025-09-01,2025-09-30,2025-10-08,hecho,8,0,S20
POR-86,Manufactura,MAN-POR,Plataforma,historia,POR-4,2,2025-09-01,2025-10-01,2025-10-27,hecho,26,96,S22
POR-87,Manufactura,MAN-POR,Plataforma,historia,POR-4,5,2025-09-01,2025-10-08,2025-10-23,hecho,15,0,S21
POR-88,Manufactura,MAN-POR,Plataforma,historia,POR-4,3,2025-09-01,2025-10-09,2025-10-24,hecho,15,0,S21
POR-89,Manufactura,MAN-POR,Plataforma,historia,POR-4,5,2025-09-01,2025-10-22,2025-11-03,hecho,12,0,S22
POR-90,Manufactura,MAN-POR,Plataforma,historia,POR-5,5,2025-09-01,2025-10-23,2025-11-10,hecho,18,0,S23
POR-91,Manufactura,MAN-POR,Plataforma,historia,POR-5,2,2025-09-01,2025-10-24,2025-10-30,hecho,6,0,S22
POR-92,Manufactura,MAN-POR,Plataforma,historia,POR-6,3,2025-09-01,2025-10-29,2025-11-06,hecho,8,0,S22
POR-93,Manufactura,MAN-POR,Plataforma,historia,POR-6,2,2025-09-01,2025-11-03,2025-11-07,hecho,4,0,S22
POR-94,Manufactura,MAN-POR,Plataforma,tarea,POR-6,2,2025-09-01,2025-11-06,2025-11-12,hecho,6,0,S23
POR-95,Manufactura,MAN-POR,Plataforma,historia,POR-6,2,2025-09-01,2025-11-07,2025-11-17,hecho,10,0,S23
POR-96,Manufactura,MAN-POR,Plataforma,tarea,POR-6,1,2025-09-01,2025-11-12,2025-11-17,hecho,5,0,S23
POR-97,Manufactura,MAN-POR,Plataforma,historia,POR-7,3,2025-09-01,2025-11-14,2025-11-25,hecho,11,0,S24
POR-98,Manufactura,MAN-POR,Plataforma,historia,POR-7,2,2025-09-01,2025-11-14,2025-11-20,hecho,6,0,S23
POR-99,Manufactura,MAN-POR,Plataforma,historia,POR-7,2,2025-09-01,2025-11-27,2025-12-08,hecho,11,0,S25
POR-100,Manufactura,MAN-POR,Plataforma,historia,POR-7,5,2025-09-01,2025-12-01,2025-12-15,hecho,14,0,S25
POR-101,Manufactura,MAN-POR,Plataforma,historia,POR-7,5,2025-09-01,2025-12-04,2025-12-15,hecho,11,0,S25
POR-102,Manufactura,MAN-POR,Plataforma,historia,POR-7,2,2025-09-01,2025-12-05,2025-12-19,hecho,14,0,S25
POR-103,Manufactura,MAN-POR,Plataforma,historia,POR-7,2,2025-09-01,2025-12-11,2025-12-24,hecho,13,0,S26
POR-104,Manufactura,MAN-POR,Plataforma,historia,POR-7,2,2025-09-01,2025-12-22,2025-12-30,hecho,8,0,S26
POR-105,Manufactura,MAN-POR,Plataforma,bug,POR-7,2,2025-09-01,2025-12-22,2025-12-30,hecho,8,0,S26
POR-106,Manufactura,MAN-POR,Plataforma,historia,POR-8,5,2025-09-01,2025-12-25,2026-01-08,hecho,14,0,S27
POR-107,Manufactura,MAN-POR,Plataforma,historia,POR-8,3,2025-09-01,2025-12-30,2026-01-30,hecho,31,144,S28
POR-108,Manufactura,MAN-POR,Plataforma,historia,POR-8,2,2025-09-01,2025-12-31,2026-01-12,hecho,12,0,S27
POR-109,Manufactura,MAN-POR,Plataforma,historia,POR-8,2,2025-09-01,2025-12-31,2026-03-12,hecho,71,344,S31
POR-110,Manufactura,MAN-POR,Plataforma,historia,POR-8,5,2025-09-01,2026-01-13,2026-02-25,hecho,43,160,S30
POR-111,Manufactura,MAN-POR,Plataforma,historia,POR-8,2,2025-09-01,2026-01-20,2026-01-27,hecho,7,0,S28
POR-112,Manufactura,MAN-POR,Plataforma,bug,POR-8,1,2025-09-01,2026-01-21,2026-01-26,hecho,5,0,S28
POR-113,Manufactura,MAN-POR,Plataforma,historia,POR-8,3,2025-09-01,2026-01-26,2026-02-02,hecho,7,0,S29
POR-114,Manufactura,MAN-POR,Plataforma,tarea,POR-9,2,2025-09-01,2026-01-30,2026-02-06,hecho,7,0,S29
POR-115,Manufactura,MAN-POR,Plataforma,historia,POR-9,3,2025-09-01,2026-02-17,2026-04-16,hecho,58,272,S34
POR-116,Manufactura,MAN-POR,Plataforma,bug,POR-10,1,2025-09-01,2026-02-18,2026-02-23,hecho,5,0,S30
POR-117,Manufactura,MAN-POR,Plataforma,tarea,POR-10,3,2025-09-01,2026-02-20,2026-03-11,hecho,19,0,S31
POR-118,Manufactura,MAN-POR,Plataforma,historia,POR-10,5,2025-09-01,2026-03-18,2026-03-31,hecho,13,0,S33
POR-119,Manufactura,MAN-POR,Plataforma,bug,POR-10,1,2025-09-01,2026-04-02,2026-04-06,hecho,4,0,S33
POR-120,Manufactura,MAN-POR,Plataforma,bug,POR-11,2,2025-09-01,2026-04-20,2026-04-30,hecho,10,0,S35
POR-121,Manufactura,MAN-POR,Producto,tarea,POR-1,2,2025-09-01,2025-09-01,2025-09-08,hecho,7,0,S18
POR-122,Manufactura,MAN-POR,Producto,historia,POR-1,3,2025-09-01,2025-09-02,2025-09-10,hecho,8,0,S18
POR-123,Manufactura,MAN-POR,Producto,historia,POR-1,3,2025-09-01,2025-09-04,2025-09-16,hecho,12,0,S19
POR-124,Manufactura,MAN-POR,Producto,historia,POR-1,3,2025-09-01,2025-09-04,2025-09-15,hecho,11,0,S19
POR-125,Manufactura,MAN-POR,Producto,tarea,POR-1,1,2025-09-01,2025-09-04,2025-09-08,hecho,4,0,S18
POR-126,Manufactura,MAN-POR,Producto,tarea,POR-1,3,2025-09-01,2025-09-17,2025-09-29,hecho,12,0,S20
POR-127,Manufactura,MAN-POR,Producto,historia,POR-1,3,2025-09-01,2025-09-25,2025-10-08,hecho,13,0,S20
POR-128,Manufactura,MAN-POR,Producto,historia,POR-1,2,2025-09-01,2025-09-26,2025-10-03,hecho,7,0,S20
POR-129,Manufactura,MAN-POR,Producto,historia,POR-1,3,2025-09-01,2025-09-30,2025-10-07,hecho,7,0,S20
POR-130,Manufactura,MAN-POR,Producto,historia,POR-1,5,2025-09-01,2025-10-06,2025-10-31,hecho,25,0,S22
POR-131,Manufactura,MAN-POR,Producto,historia,POR-1,5,2025-09-01,2025-10-07,2025-10-20,hecho,13,0,S21
POR-132,Manufactura,MAN-POR,Producto,tarea,POR-1,1,2025-09-01,2025-10-07,2025-10-09,hecho,2,0,S20
POR-133,Manufactura,MAN-POR,Producto,historia,POR-1,3,2025-09-01,2025-10-07,2025-10-15,hecho,8,0,S21
POR-134,Manufactura,MAN-POR,Producto,tarea,POR-1,3,2025-09-01,2025-10-08,2025-10-14,hecho,6,0,S21
POR-135,Manufactura,MAN-POR,Producto,historia,POR-1,3,2025-09-01,2025-10-14,2025-10-24,hecho,10,0,S21
POR-136,Manufactura,MAN-POR,Producto,historia,POR-2,3,2025-09-01,2025-10-14,2025-10-23,hecho,9,0,S21
POR-137,Manufactura,MAN-POR,Producto,historia,POR-2,5,2025-09-01,2025-10-14,2025-10-30,hecho,16,0,S22
POR-138,Manufactura,MAN-POR,Producto,bug,POR-2,1,2025-09-01,2025-10-20,2025-10-24,hecho,4,0,S21
POR-139,Manufactura,MAN-POR,Producto,historia,POR-2,3,2025-09-01,2025-10-22,2025-10-30,hecho,8,0,S22
POR-140,Manufactura,MAN-POR,Producto,historia,POR-2,3,2025-09-01,2025-10-22,2025-10-29,hecho,7,0,S22
POR-141,Manufactura,MAN-POR,Producto,bug,POR-3,2,2025-09-01,2025-10-23,2025-10-30,hecho,7,0,S22
POR-142,Manufactura,MAN-POR,Producto,historia,POR-3,3,2025-09-01,2025-10-30,2025-11-19,hecho,20,0,S23
POR-143,Manufactura,MAN-POR,Producto,tarea,POR-3,3,2025-09-01,2025-10-30,2025-11-07,hecho,8,0,S22
POR-144,Manufactura,MAN-POR,Producto,historia,POR-3,3,2025-09-01,2025-10-30,2025-11-05,hecho,6,0,S22
POR-145,Manufactura,MAN-POR,Producto,tarea,POR-3,2,2025-09-01,2025-10-31,2025-11-06,hecho,6,0,S22
POR-146,Manufactura,MAN-POR,Producto,historia,POR-3,2,2025-09-01,2025-11-04,2025-11-13,hecho,9,0,S23
POR-147,Manufactura,MAN-POR,Producto,historia,POR-3,2,2025-09-01,2025-11-05,2025-11-17,hecho,12,0,S23
POR-148,Manufactura,MAN-POR,Producto,historia,POR-3,5,2025-09-01,2025-11-11,2025-11-21,hecho,10,0,S23
POR-149,Manufactura,MAN-POR,Producto,historia,POR-3,3,2025-09-01,2025-11-13,2025-11-20,hecho,7,0,S23
POR-150,Manufactura,MAN-POR,Producto,bug,POR-3,1,2025-09-01,2025-11-13,2025-11-17,hecho,4,0,S23
POR-151,Manufactura,MAN-POR,Producto,historia,POR-3,2,2025-09-01,2025-11-17,2025-11-24,hecho,7,0,S24
POR-152,Manufactura,MAN-POR,Producto,historia,POR-3,2,2025-09-01,2025-11-18,2025-12-01,hecho,13,0,S24
POR-153,Manufactura,MAN-POR,Producto,bug,POR-4,2,2025-09-01,2025-11-18,2025-11-24,hecho,6,0,S24
POR-154,Manufactura,MAN-POR,Producto,historia,POR-4,3,2025-09-01,2025-11-19,2025-11-25,hecho,6,0,S24
POR-155,Manufactura,MAN-POR,Producto,bug,POR-4,2,2025-09-01,2025-11-20,2025-11-26,hecho,6,0,S24
POR-156,Manufactura,MAN-POR,Producto,historia,POR-4,2,2025-09-01,2025-11-21,2025-12-01,hecho,10,0,S24
POR-157,Manufactura,MAN-POR,Producto,historia,POR-4,3,2025-09-01,2025-11-21,2025-12-03,hecho,12,0,S24
POR-158,Manufactura,MAN-POR,Producto,historia,POR-4,2,2025-09-01,2025-11-25,2025-12-03,hecho,8,0,S24
POR-159,Manufactura,MAN-POR,Producto,bug,POR-4,2,2025-09-01,2025-11-25,2025-12-02,hecho,7,0,S24
POR-160,Manufactura,MAN-POR,Producto,historia,POR-4,2,2025-09-01,2025-11-25,2025-12-02,hecho,7,0,S24
POR-161,Manufactura,MAN-POR,Producto,bug,POR-5,2,2025-09-01,2025-12-01,2025-12-09,hecho,8,0,S25
POR-162,Manufactura,MAN-POR,Producto,bug,POR-5,1,2025-09-01,2025-12-01,2025-12-08,hecho,7,0,S25
POR-163,Manufactura,MAN-POR,Producto,historia,POR-5,3,2025-09-01,2025-12-05,2025-12-12,hecho,7,0,S25
POR-164,Manufactura,MAN-POR,Producto,historia,POR-5,2,2025-09-01,2025-12-12,2025-12-19,hecho,7,0,S25
POR-165,Manufactura,MAN-POR,Producto,bug,POR-5,2,2025-09-01,2025-12-17,2025-12-22,hecho,5,0,S26
POR-166,Manufactura,MAN-POR,Producto,historia,POR-5,5,2025-09-01,2025-12-19,2026-01-08,hecho,20,0,S27
POR-167,Manufactura,MAN-POR,Producto,bug,POR-5,1,2025-09-01,2025-12-19,2025-12-25,hecho,6,0,S26
POR-168,Manufactura,MAN-POR,Producto,tarea,POR-5,1,2025-09-01,2025-12-22,2025-12-25,hecho,3,0,S26
POR-169,Manufactura,MAN-POR,Producto,historia,POR-5,2,2025-09-01,2025-12-22,2025-12-30,hecho,8,0,S26
POR-170,Manufactura,MAN-POR,Producto,historia,POR-5,2,2025-09-01,2025-12-24,2026-01-15,hecho,22,72,S27
POR-171,Manufactura,MAN-POR,Producto,historia,POR-5,2,2025-09-01,2025-12-29,2026-01-06,hecho,8,0,S27
POR-172,Manufactura,MAN-POR,Producto,historia,POR-6,3,2025-09-01,2025-12-29,2026-01-07,hecho,9,0,S27
POR-173,Manufactura,MAN-POR,Producto,tarea,POR-6,1,2025-09-01,2025-12-30,2026-01-01,hecho,2,0,S26
POR-174,Manufactura,MAN-POR,Producto,bug,POR-6,1,2025-09-01,2026-01-02,2026-01-09,hecho,7,0,S27
POR-175,Manufactura,MAN-POR,Producto,tarea,POR-6,3,2025-09-01,2026-01-02,2026-01-12,hecho,10,0,S27
POR-176,Manufactura,MAN-POR,Producto,tarea,POR-6,3,2025-09-01,2026-01-05,2026-01-14,hecho,9,0,S27
POR-177,Manufactura,MAN-POR,Producto,historia,POR-6,2,2025-09-01,2026-01-07,2026-01-14,hecho,7,0,S27
POR-178,Manufactura,MAN-POR,Producto,historia,POR-6,5,2025-09-01,2026-01-07,2026-01-21,hecho,14,0,S28
POR-179,Manufactura,MAN-POR,Producto,historia,POR-7,3,2025-09-01,2026-01-08,2026-01-19,hecho,11,0,S28
POR-180,Manufactura,MAN-POR,Producto,historia,POR-7,2,2025-09-01,2026-01-13,2026-01-19,hecho,6,0,S28
POR-181,Manufactura,MAN-POR,Producto,historia,POR-7,2,2025-09-01,2026-01-14,2026-01-27,hecho,13,0,S28
POR-182,Manufactura,MAN-POR,Producto,historia,POR-7,2,2025-09-01,2026-01-14,2026-01-19,hecho,5,0,S28
POR-183,Manufactura,MAN-POR,Producto,historia,POR-7,3,2025-09-01,2026-01-15,2026-01-26,hecho,11,0,S28
POR-184,Manufactura,MAN-POR,Producto,tarea,POR-7,2,2025-09-01,2026-01-19,2026-01-23,hecho,4,0,S28
POR-185,Manufactura,MAN-POR,Producto,tarea,POR-7,3,2025-09-01,2026-01-19,2026-01-29,hecho,10,0,S28
POR-186,Manufactura,MAN-POR,Producto,historia,POR-7,3,2025-09-01,2026-01-20,2026-01-28,hecho,8,0,S28
POR-187,Manufactura,MAN-POR,Producto,historia,POR-7,3,2025-09-01,2026-01-23,2026-02-02,hecho,10,0,S29
POR-188,Manufactura,MAN-POR,Producto,historia,POR-8,3,2025-09-01,2026-01-23,2026-02-03,hecho,11,0,S29
POR-189,Manufactura,MAN-POR,Producto,historia,POR-8,5,2025-09-01,2026-01-23,2026-02-06,hecho,14,0,S29
POR-190,Manufactura,MAN-POR,Producto,historia,POR-8,2,2025-09-01,2026-01-27,2026-02-04,hecho,8,0,S29
POR-191,Manufactura,MAN-POR,Producto,historia,POR-8,5,2025-09-01,2026-01-27,2026-02-09,hecho,13,0,S29
POR-192,Manufactura,MAN-POR,Producto,bug,POR-8,1,2025-09-01,2026-01-29,2026-02-04,hecho,6,0,S29
POR-193,Manufactura,MAN-POR,Producto,historia,POR-8,5,2025-09-01,2026-01-29,2026-02-12,hecho,14,0,S29
POR-194,Manufactura,MAN-POR,Producto,historia,POR-8,3,2025-09-01,2026-02-02,2026-02-09,hecho,7,0,S29
POR-195,Manufactura,MAN-POR,Producto,bug,POR-8,2,2025-09-01,2026-02-06,2026-02-13,hecho,7,0,S29
POR-196,Manufactura,MAN-POR,Producto,historia,POR-8,2,2025-09-01,2026-02-06,2026-02-16,hecho,10,0,S30
POR-197,Manufactura,MAN-POR,Producto,tarea,POR-8,3,2025-09-01,2026-02-06,2026-02-16,hecho,10,0,S30
POR-198,Manufactura,MAN-POR,Producto,historia,POR-8,5,2025-09-01,2026-02-17,2026-03-05,hecho,16,0,S31
POR-199,Manufactura,MAN-POR,Producto,historia,POR-8,3,2025-09-01,2026-02-18,2026-03-02,hecho,12,0,S31
POR-200,Manufactura,MAN-POR,Producto,historia,POR-8,2,2025-09-01,2026-02-18,2026-02-24,hecho,6,0,S30
POR-201,Manufactura,MAN-POR,Producto,historia,POR-8,2,2025-09-01,2026-02-23,2026-03-03,hecho,8,0,S31
POR-202,Manufactura,MAN-POR,Producto,historia,POR-8,3,2025-09-01,2026-02-24,2026-03-04,hecho,8,0,S31
POR-203,Manufactura,MAN-POR,Producto,tarea,POR-8,3,2025-09-01,2026-02-27,2026-03-13,hecho,14,0,S31
POR-204,Manufactura,MAN-POR,Producto,historia,POR-8,2,2025-09-01,2026-03-02,2026-03-09,hecho,7,0,S31
POR-205,Manufactura,MAN-POR,Producto,historia,POR-9,2,2025-09-01,2026-03-04,2026-03-10,hecho,6,0,S31
POR-206,Manufactura,MAN-POR,Producto,historia,POR-9,2,2025-09-01,2026-03-06,2026-03-13,hecho,7,0,S31
POR-207,Manufactura,MAN-POR,Producto,historia,POR-9,5,2025-09-01,2026-03-11,2026-03-25,hecho,14,0,S32
POR-208,Manufactura,MAN-POR,Producto,tarea,POR-9,2,2025-09-01,2026-03-17,2026-03-24,hecho,7,0,S32
POR-209,Manufactura,MAN-POR,Producto,historia,POR-9,3,2025-09-01,2026-03-19,2026-03-26,hecho,7,0,S32
POR-210,Manufactura,MAN-POR,Producto,tarea,POR-9,1,2025-09-01,2026-03-23,2026-03-26,hecho,3,0,S32
POR-211,Manufactura,MAN-POR,Producto,historia,POR-9,2,2025-09-01,2026-03-23,2026-03-31,hecho,8,0,S33
POR-212,Manufactura,MAN-POR,Producto,historia,POR-9,5,2025-09-01,2026-03-25,2026-04-21,hecho,27,0,S34
POR-213,Manufactura,MAN-POR,Producto,historia,POR-9,5,2025-09-01,2026-03-25,2026-04-23,hecho,29,104,S34
POR-214,Manufactura,MAN-POR,Producto,historia,POR-10,3,2025-09-01,2026-03-26,2026-04-07,hecho,12,0,S33
POR-215,Manufactura,MAN-POR,Producto,historia,POR-10,5,2025-09-01,2026-03-27,2026-04-09,hecho,13,0,S33
POR-216,Manufactura,MAN-POR,Producto,historia,POR-10,2,2025-09-01,2026-03-31,2026-04-10,hecho,10,0,S33
POR-217,Manufactura,MAN-POR,Producto,bug,POR-10,1,2025-09-01,2026-04-01,2026-04-06,hecho,5,0,S33
POR-218,Manufactura,MAN-POR,Producto,tarea,POR-10,1,2025-09-01,2026-04-06,2026-04-08,hecho,2,0,S33
POR-219,Manufactura,MAN-POR,Producto,historia,POR-10,3,2025-09-01,2026-04-08,2026-04-17,hecho,9,0,S34
POR-220,Manufactura,MAN-POR,Producto,historia,POR-10,2,2025-09-01,2026-04-08,2026-04-15,hecho,7,0,S34
POR-221,Manufactura,MAN-POR,Producto,historia,POR-10,2,2025-09-01,2026-04-10,2026-04-17,hecho,7,0,S34
POR-222,Manufactura,MAN-POR,Producto,tarea,POR-10,3,2025-09-01,2026-04-15,2026-04-22,hecho,7,0,S34
POR-223,Manufactura,MAN-POR,Producto,historia,POR-10,2,2025-09-01,2026-04-16,2026-04-27,hecho,11,0,S35
POR-224,Manufactura,MAN-POR,Producto,historia,POR-10,2,2025-09-01,2026-04-22,2026-04-29,hecho,7,0,S35
POR-225,Manufactura,MAN-POR,Producto,bug,POR-10,2,2025-09-01,2026-04-28,2026-05-06,hecho,8,0,S35
POR-226,Manufactura,MAN-POR,Producto,historia,POR-10,2,2025-09-01,2026-05-01,2026-05-11,hecho,10,0,S36
POR-227,Manufactura,MAN-POR,Producto,tarea,POR-10,3,2025-09-01,2026-05-04,2026-05-13,hecho,9,0,S36
POR-228,Manufactura,MAN-POR,Producto,historia,POR-11,3,2025-09-01,2026-05-04,2026-05-13,hecho,9,0,S36
POR-229,Manufactura,MAN-POR,Producto,historia,POR-11,3,2025-09-01,2026-05-04,2026-05-08,hecho,4,0,S35
POR-230,Manufactura,MAN-POR,Producto,bug,POR-11,1,2025-09-01,2026-05-05,2026-05-11,hecho,6,0,S36
POR-231,Manufactura,MAN-POR,Producto,historia,POR-11,5,2025-09-01,2026-05-07,2026-05-21,hecho,14,0,S36
POR-232,Manufactura,MAN-POR,Producto,historia,POR-11,2,2025-09-01,2026-05-07,2026-05-15,hecho,8,0,S36
POR-233,Manufactura,MAN-POR,Producto,historia,POR-11,5,2025-09-01,2026-05-11,2026-06-05,hecho,25,0,S37
POR-234,Manufactura,MAN-POR,Producto,historia,POR-11,3,2025-09-01,2026-05-11,2026-05-19,hecho,8,0,S36
POR-235,Manufactura,MAN-POR,Producto,historia,POR-11,2,2025-09-01,2026-05-12,2026-05-19,hecho,7,0,S36
POR-236,Manufactura,MAN-POR,QA,tarea,POR-1,2,2025-09-01,2025-09-09,2025-09-16,hecho,7,0,S19
POR-237,Manufactura,MAN-POR,QA,historia,POR-2,2,2025-09-01,2025-09-09,2025-09-16,hecho,7,0,S19
POR-238,Manufactura,MAN-POR,QA,historia,POR-2,5,2025-09-01,2025-09-15,2025-09-30,hecho,15,0,S20
POR-239,Manufactura,MAN-POR,QA,tarea,POR-2,2,2025-09-01,2025-09-18,2025-09-25,hecho,7,0,S19
POR-240,Manufactura,MAN-POR,QA,tarea,POR-2,2,2025-09-01,2025-09-25,2025-10-09,hecho,14,0,S20
POR-241,Manufactura,MAN-POR,QA,historia,POR-2,5,2025-09-01,2025-09-26,2025-10-10,hecho,14,0,S20
POR-242,Manufactura,MAN-POR,QA,historia,POR-2,5,2025-09-01,2025-10-07,2025-10-31,hecho,24,0,S22
POR-243,Manufactura,MAN-POR,QA,historia,POR-2,5,2025-09-01,2025-10-10,2025-10-28,hecho,18,0,S22
POR-244,Manufactura,MAN-POR,QA,historia,POR-2,3,2025-09-01,2025-10-24,2025-10-31,hecho,7,0,S22
POR-245,Manufactura,MAN-POR,QA,historia,POR-3,3,2025-09-01,2025-10-31,2025-11-07,hecho,7,0,S22
POR-246,Manufactura,MAN-POR,QA,historia,POR-3,2,2025-09-01,2025-11-04,2025-11-12,hecho,8,0,S23
POR-247,Manufactura,MAN-POR,QA,historia,POR-3,3,2025-09-01,2025-11-07,2025-11-21,hecho,14,0,S23
POR-248,Manufactura,MAN-POR,QA,historia,POR-3,3,2025-09-01,2025-11-14,2025-11-27,hecho,13,0,S24
POR-249,Manufactura,MAN-POR,QA,bug,POR-3,1,2025-09-01,2025-11-17,2025-11-20,hecho,3,0,S23
POR-250,Manufactura,MAN-POR,QA,tarea,POR-3,1,2025-09-01,2025-11-20,2025-11-26,hecho,6,0,S24
POR-251,Manufactura,MAN-POR,QA,historia,POR-4,5,2025-09-01,2025-11-25,2025-12-10,hecho,15,0,S25
POR-252,Manufactura,MAN-POR,QA,bug,POR-4,2,2025-09-01,2025-12-03,2025-12-17,hecho,14,0,S25
POR-253,Manufactura,MAN-POR,QA,tarea,POR-4,1,2025-09-01,2025-12-03,2025-12-08,hecho,5,0,S25
POR-254,Manufactura,MAN-POR,QA,historia,POR-4,3,2025-09-01,2025-12-03,2025-12-11,hecho,8,0,S25
POR-255,Manufactura,MAN-POR,QA,historia,POR-5,2,2025-09-01,2025-12-09,2025-12-15,hecho,6,0,S25
POR-256,Manufactura,MAN-POR,QA,historia,POR-5,5,2025-09-01,2025-12-16,2026-01-15,hecho,30,0,S27
POR-257,Manufactura,MAN-POR,QA,tarea,POR-5,3,2025-09-01,2025-12-18,2025-12-29,hecho,11,0,S26
POR-258,Manufactura,MAN-POR,QA,tarea,POR-5,3,2025-09-01,2025-12-24,2026-01-01,hecho,8,0,S26
POR-259,Manufactura,MAN-POR,QA,tarea,POR-6,1,2025-09-01,2026-01-07,2026-01-09,hecho,2,0,S27
POR-260,Manufactura,MAN-POR,QA,tarea,POR-6,1,2025-09-01,2026-01-14,2026-01-16,hecho,2,0,S27
POR-261,Manufactura,MAN-POR,QA,historia,POR-6,3,2025-09-01,2026-01-15,2026-01-29,hecho,14,0,S28
POR-262,Manufactura,MAN-POR,QA,historia,POR-6,3,2025-09-01,2026-01-16,2026-01-23,hecho,7,0,S28
POR-263,Manufactura,MAN-POR,QA,historia,POR-7,3,2025-09-01,2026-01-20,2026-01-30,hecho,10,0,S28
POR-264,Manufactura,MAN-POR,QA,tarea,POR-7,3,2025-09-01,2026-01-26,2026-02-05,hecho,10,0,S29
POR-265,Manufactura,MAN-POR,QA,historia,POR-8,2,2025-09-01,2026-01-29,2026-02-04,hecho,6,0,S29
POR-266,Manufactura,MAN-POR,QA,historia,POR-8,5,2025-09-01,2026-02-05,2026-02-19,hecho,14,0,S30
POR-267,Manufactura,MAN-POR,QA,historia,POR-8,3,2025-09-01,2026-02-16,2026-02-24,hecho,8,0,S30
POR-268,Manufactura,MAN-POR,QA,tarea,POR-9,3,2025-09-01,2026-02-17,2026-03-02,hecho,13,0,S31
POR-269,Manufactura,MAN-POR,QA,bug,POR-9,2,2025-09-01,2026-03-04,2026-03-10,hecho,6,0,S31
POR-270,Manufactura,MAN-POR,QA,historia,POR-10,5,2025-09-01,2026-03-10,2026-04-08,hecho,29,0,S33
POR-271,Manufactura,MAN-POR,QA,tarea,POR-10,1,2025-09-01,2026-03-12,2026-03-17,hecho,5,0,S32
POR-272,Manufactura,MAN-POR,QA,historia,POR-10,5,2025-09-01,2026-03-19,2026-04-01,hecho,13,0,S33
POR-273,Manufactura,MAN-POR,QA,bug,POR-10,2,2025-09-01,2026-03-24,2026-04-01,hecho,8,0,S33
POR-274,Manufactura,MAN-POR,QA,historia,POR-10,3,2025-09-01,2026-04-06,2026-04-22,hecho,16,0,S34
POR-275,Manufactura,MAN-POR,QA,bug,POR-10,1,2025-09-01,2026-04-10,2026-04-24,hecho,14,56,S34
POR-276,Manufactura,MAN-POR,QA,historia,POR-11,3,2025-09-01,2026-04-16,2026-05-14,hecho,28,88,S36
POR-277,Manufactura,MAN-POR,QA,bug,POR-11,2,2025-09-01,2026-04-20,2026-05-01,hecho,11,0,S35
POR-278,Manufactura,MAN-POR,QA,historia,POR-11,3,2025-09-01,2026-04-23,2026-05-01,hecho,8,0,S35
POR-279,Manufactura,MAN-POR,QA,bug,POR-11,2,2025-09-01,2026-04-24,2026-04-29,hecho,5,0,S35
POR-280,Manufactura,MAN-POR,QA,historia,POR-11,2,2025-09-01,2026-04-29,2026-05-05,hecho,6,0,S35
PRE-1,Manufactura,MAN-PRE,Producto,epica,,,2026-02-02,2026-02-03,2026-06-01,hecho,,,
PRE-2,Manufactura,MAN-PRE,Producto,epica,,,2026-02-02,2026-02-12,2026-06-17,hecho,,,
PRE-3,Manufactura,MAN-PRE,Producto,epica,,,2026-02-02,2026-03-20,2026-07-03,hecho,,,
PRE-4,Manufactura,MAN-PRE,Producto,epica,,,2026-02-02,2026-04-20,2026-07-30,hecho,,,
PRE-5,Manufactura,MAN-PRE,Producto,epica,,,2026-02-02,2026-05-13,2026-09-14,hecho,,,
PRE-6,Manufactura,MAN-PRE,Producto,epica,,,2026-02-02,2026-06-04,,en_curso,,,
PRE-7,Manufactura,MAN-PRE,Producto,epica,,,2026-02-02,2026-06-22,,en_curso,,,
PRE-8,Manufactura,MAN-PRE,Producto,epica,,,2026-02-02,2026-07-08,,en_curso,,,
PRE-9,Manufactura,MAN-PRE,Producto,epica,,,2026-02-02,2026-07-24,,en_curso,,,
PRE-10,Manufactura,MAN-PRE,Producto,epica,,,2026-02-02,2026-08-14,,en_curso,,,
PRE-11,Manufactura,MAN-PRE,Producto,epica,,,2026-02-02,2026-08-31,,en_curso,,,
PRE-12,Manufactura,MAN-PRE,Producto,epica,,,2026-02-02,2026-09-15,,en_curso,,,
PRE-13,Manufactura,MAN-PRE,Producto,epica,,,2026-02-02,2026-09-17,,en_curso,,,
PRE-14,Manufactura,MAN-PRE,Producto,epica,,,2026-02-02,,,por_hacer,,,
PRE-15,Manufactura,MAN-PRE,Producto,epica,,,2026-02-02,,,por_hacer,,,
PRE-16,Manufactura,MAN-PRE,Datos,bug,PRE-1,2,2026-02-02,2026-02-03,2026-02-11,hecho,8,0,S29
PRE-17,Manufactura,MAN-PRE,Datos,bug,PRE-1,2,2026-02-02,2026-02-04,2026-02-23,hecho,19,56,S30
PRE-18,Manufactura,MAN-PRE,Datos,tarea,PRE-1,3,2026-02-02,2026-02-10,2026-02-18,hecho,8,0,S30
PRE-19,Manufactura,MAN-PRE,Datos,historia,PRE-1,5,2026-02-02,2026-02-13,2026-03-09,hecho,24,0,S31
PRE-20,Manufactura,MAN-PRE,Datos,tarea,PRE-1,2,2026-02-02,2026-02-17,2026-02-25,hecho,8,0,S30
PRE-21,Manufactura,MAN-PRE,Datos,bug,PRE-1,1,2026-02-02,2026-02-19,2026-02-23,hecho,4,0,S30
PRE-22,Manufactura,MAN-PRE,Datos,historia,PRE-1,3,2026-02-02,2026-02-23,2026-03-03,hecho,8,0,S31
PRE-23,Manufactura,MAN-PRE,Datos,tarea,PRE-1,3,2026-02-02,2026-02-25,2026-03-09,hecho,12,0,S31
PRE-24,Manufactura,MAN-PRE,Datos,historia,PRE-2,2,2026-02-02,2026-02-27,2026-03-05,hecho,6,0,S31
PRE-25,Manufactura,MAN-PRE,Datos,bug,PRE-2,2,2026-02-02,2026-03-05,2026-03-10,hecho,5,0,S31
PRE-26,Manufactura,MAN-PRE,Datos,tarea,PRE-2,2,2026-02-02,2026-03-09,2026-03-12,hecho,3,0,S31
PRE-27,Manufactura,MAN-PRE,Datos,tarea,PRE-2,2,2026-02-02,2026-03-09,2026-03-23,hecho,14,0,S32
PRE-28,Manufactura,MAN-PRE,Datos,historia,PRE-2,2,2026-02-02,2026-03-10,2026-03-16,hecho,6,0,S32
PRE-29,Manufactura,MAN-PRE,Datos,historia,PRE-2,2,2026-02-02,2026-03-12,2026-03-18,hecho,6,0,S32
PRE-30,Manufactura,MAN-PRE,Datos,historia,PRE-2,3,2026-02-02,2026-03-12,2026-03-30,hecho,18,0,S33
PRE-31,Manufactura,MAN-PRE,Datos,historia,PRE-2,3,2026-02-02,2026-03-13,2026-03-20,hecho,7,0,S32
PRE-32,Manufactura,MAN-PRE,Datos,historia,PRE-3,3,2026-02-02,2026-03-20,2026-04-07,hecho,18,0,S33
PRE-33,Manufactura,MAN-PRE,Datos,bug,PRE-3,1,2026-02-02,2026-03-20,2026-03-25,hecho,5,0,S32
PRE-34,Manufactura,MAN-PRE,Datos,historia,PRE-3,3,2026-02-02,2026-03-24,2026-04-01,hecho,8,0,S33
PRE-35,Manufactura,MAN-PRE,Datos,historia,PRE-3,3,2026-02-02,2026-03-30,2026-04-16,hecho,17,0,S34
PRE-36,Manufactura,MAN-PRE,Datos,tarea,PRE-3,2,2026-02-02,2026-03-31,2026-04-09,hecho,9,0,S33
PRE-37,Manufactura,MAN-PRE,Datos,bug,PRE-3,1,2026-02-02,2026-04-01,2026-04-06,hecho,5,0,S33
PRE-38,Manufactura,MAN-PRE,Datos,tarea,PRE-3,2,2026-02-02,2026-04-03,2026-04-14,hecho,11,0,S34
PRE-39,Manufactura,MAN-PRE,Datos,tarea,PRE-3,1,2026-02-02,2026-04-03,2026-04-10,hecho,7,0,S33
PRE-40,Manufactura,MAN-PRE,Datos,tarea,PRE-3,2,2026-02-02,2026-04-07,2026-04-14,hecho,7,0,S34
PRE-41,Manufactura,MAN-PRE,Datos,historia,PRE-3,2,2026-02-02,2026-04-08,2026-04-13,hecho,5,0,S34
PRE-42,Manufactura,MAN-PRE,Datos,historia,PRE-3,2,2026-02-02,2026-04-13,2026-04-20,hecho,7,0,S34
PRE-43,Manufactura,MAN-PRE,Datos,historia,PRE-3,2,2026-02-02,2026-04-17,2026-04-24,hecho,7,0,S34
PRE-44,Manufactura,MAN-PRE,Datos,historia,PRE-3,3,2026-02-02,2026-04-20,2026-05-06,hecho,16,0,S35
PRE-45,Manufactura,MAN-PRE,Datos,historia,PRE-4,3,2026-02-02,2026-04-20,2026-04-27,hecho,7,0,S35
PRE-46,Manufactura,MAN-PRE,Datos,historia,PRE-4,5,2026-02-02,2026-04-24,2026-05-08,hecho,14,0,S35
PRE-47,Manufactura,MAN-PRE,Datos,historia,PRE-4,2,2026-02-02,2026-05-06,2026-05-13,hecho,7,0,S36
PRE-48,Manufactura,MAN-PRE,Datos,historia,PRE-4,2,2026-02-02,2026-05-12,2026-07-08,hecho,57,304,S40
PRE-49,Manufactura,MAN-PRE,Datos,historia,PRE-4,2,2026-02-02,2026-05-12,2026-05-20,hecho,8,0,S36
PRE-50,Manufactura,MAN-PRE,Datos,bug,PRE-5,1,2026-02-02,2026-05-13,2026-05-19,hecho,6,0,S36
PRE-51,Manufactura,MAN-PRE,Datos,historia,PRE-5,2,2026-02-02,2026-05-14,2026-05-21,hecho,7,0,S36
PRE-52,Manufactura,MAN-PRE,Datos,historia,PRE-5,5,2026-02-02,2026-05-15,2026-05-27,hecho,12,0,S37
PRE-53,Manufactura,MAN-PRE,Datos,historia,PRE-5,5,2026-02-02,2026-05-20,2026-06-01,hecho,12,0,S37
PRE-54,Manufactura,MAN-PRE,Datos,historia,PRE-5,3,2026-02-02,2026-05-20,2026-06-01,hecho,12,0,S37
PRE-55,Manufactura,MAN-PRE,Datos,bug,PRE-5,1,2026-02-02,2026-05-27,2026-05-29,hecho,2,0,S37
PRE-56,Manufactura,MAN-PRE,Datos,historia,PRE-5,5,2026-02-02,2026-05-29,2026-06-11,hecho,13,0,S38
PRE-57,Manufactura,MAN-PRE,Datos,historia,PRE-5,2,2026-02-02,2026-06-01,2026-06-08,hecho,7,0,S38
PRE-58,Manufactura,MAN-PRE,Datos,bug,PRE-5,1,2026-02-02,2026-06-01,2026-06-08,hecho,7,0,S38
PRE-59,Manufactura,MAN-PRE,Datos,bug,PRE-5,2,2026-02-02,2026-06-02,2026-06-16,hecho,14,0,S38
PRE-60,Manufactura,MAN-PRE,Datos,bug,PRE-6,1,2026-02-02,2026-06-04,2026-06-11,hecho,7,0,S38
PRE-61,Manufactura,MAN-PRE,Datos,historia,PRE-6,3,2026-02-02,2026-06-04,2026-06-17,hecho,13,0,S38
PRE-62,Manufactura,MAN-PRE,Datos,historia,PRE-6,5,2026-02-02,2026-06-08,2026-06-22,hecho,14,0,S39
PRE-63,Manufactura,MAN-PRE,Datos,historia,PRE-6,3,2026-02-02,2026-06-12,2026-06-22,hecho,10,0,S39
PRE-64,Manufactura,MAN-PRE,Datos,historia,PRE-6,3,2026-02-02,2026-06-16,2026-06-23,hecho,7,0,S39
PRE-65,Manufactura,MAN-PRE,Datos,historia,PRE-6,2,2026-02-02,2026-06-18,2026-06-23,hecho,5,0,S39
PRE-66,Manufactura,MAN-PRE,Datos,bug,PRE-6,2,2026-02-02,2026-06-22,2026-07-03,hecho,11,0,S39
PRE-67,Manufactura,MAN-PRE,Datos,historia,PRE-7,2,2026-02-02,2026-06-22,2026-06-29,hecho,7,0,S39
PRE-68,Manufactura,MAN-PRE,Datos,historia,PRE-7,3,2026-02-02,2026-06-23,2026-07-01,hecho,8,0,S39
PRE-69,Manufactura,MAN-PRE,Datos,historia,PRE-7,3,2026-02-02,2026-06-23,2026-07-01,hecho,8,0,S39
PRE-70,Manufactura,MAN-PRE,Datos,historia,PRE-7,2,2026-02-02,2026-07-01,2026-09-01,hecho,62,304,S44
PRE-71,Manufactura,MAN-PRE,Datos,historia,PRE-7,3,2026-02-02,2026-07-01,2026-07-10,hecho,9,0,S40
PRE-72,Manufactura,MAN-PRE,Datos,historia,PRE-7,2,2026-02-02,2026-07-01,2026-07-15,hecho,14,0,S40
PRE-73,Manufactura,MAN-PRE,Datos,historia,PRE-7,2,2026-02-02,2026-07-06,2026-07-15,hecho,9,0,S40
PRE-74,Manufactura,MAN-PRE,Datos,historia,PRE-7,3,2026-02-02,2026-07-06,2026-07-20,hecho,14,0,S41
PRE-75,Manufactura,MAN-PRE,Datos,tarea,PRE-7,1,2026-02-02,2026-07-08,2026-07-15,hecho,7,0,S40
PRE-76,Manufactura,MAN-PRE,Datos,tarea,PRE-8,2,2026-02-02,2026-07-08,2026-07-16,hecho,8,0,S40
PRE-77,Manufactura,MAN-PRE,Datos,tarea,PRE-8,1,2026-02-02,2026-07-08,2026-07-14,hecho,6,0,S40
PRE-78,Manufactura,MAN-PRE,Datos,historia,PRE-8,3,2026-02-02,2026-07-10,2026-07-17,hecho,7,0,S40
PRE-79,Manufactura,MAN-PRE,Datos,historia,PRE-8,2,2026-02-02,2026-07-14,2026-07-24,hecho,10,0,S41
PRE-80,Manufactura,MAN-PRE,Datos,historia,PRE-8,5,2026-02-02,2026-07-15,2026-07-30,hecho,15,0,S41
PRE-81,Manufactura,MAN-PRE,Datos,bug,PRE-8,1,2026-02-02,2026-07-15,2026-07-20,hecho,5,0,S41
PRE-82,Manufactura,MAN-PRE,Datos,historia,PRE-8,2,2026-02-02,2026-07-16,2026-07-23,hecho,7,0,S41
PRE-83,Manufactura,MAN-PRE,Datos,bug,PRE-8,1,2026-02-02,2026-07-17,2026-07-23,hecho,6,0,S41
PRE-84,Manufactura,MAN-PRE,Datos,historia,PRE-8,2,2026-02-02,2026-07-20,,en_revision,,360,S46
PRE-85,Manufactura,MAN-PRE,Datos,historia,PRE-8,2,2026-02-02,2026-07-20,2026-09-11,hecho,53,256,S44
PRE-86,Manufactura,MAN-PRE,Datos,historia,PRE-8,5,2026-02-02,2026-07-21,2026-08-06,hecho,16,0,S42
PRE-87,Manufactura,MAN-PRE,Datos,historia,PRE-8,2,2026-02-02,2026-07-22,2026-07-28,hecho,6,0,S41
PRE-88,Manufactura,MAN-PRE,Datos,bug,PRE-8,2,2026-02-02,2026-07-23,2026-08-07,hecho,15,0,S42
PRE-89,Manufactura,MAN-PRE,Datos,tarea,PRE-8,2,2026-02-02,2026-07-23,2026-08-04,hecho,12,0,S42
PRE-90,Manufactura,MAN-PRE,Datos,bug,PRE-9,2,2026-02-02,2026-07-24,2026-08-06,hecho,13,0,S42
PRE-91,Manufactura,MAN-PRE,Datos,historia,PRE-9,5,2026-02-02,2026-07-27,2026-08-07,hecho,11,0,S42
PRE-92,Manufactura,MAN-PRE,Datos,tarea,PRE-9,3,2026-02-02,2026-07-30,2026-08-10,hecho,11,0,S42
PRE-93,Manufactura,MAN-PRE,Datos,historia,PRE-9,3,2026-02-02,2026-08-04,2026-08-21,hecho,17,0,S43
PRE-94,Manufactura,MAN-PRE,Datos,historia,PRE-9,3,2026-02-02,2026-08-04,2026-08-12,hecho,8,0,S42
PRE-95,Manufactura,MAN-PRE,Datos,historia,PRE-9,3,2026-02-02,2026-08-04,2026-08-19,hecho,15,0,S43
PRE-96,Manufactura,MAN-PRE,Datos,historia,PRE-9,2,2026-02-02,2026-08-05,2026-08-18,hecho,13,0,S43
PRE-97,Manufactura,MAN-PRE,Datos,historia,PRE-9,2,2026-02-02,2026-08-05,2026-08-12,hecho,7,0,S42
PRE-98,Manufactura,MAN-PRE,Datos,tarea,PRE-9,2,2026-02-02,2026-08-10,2026-08-19,hecho,9,0,S43
PRE-99,Manufactura,MAN-PRE,Datos,historia,PRE-9,3,2026-02-02,2026-08-11,,bloqueado,,272,S46
PRE-100,Manufactura,MAN-PRE,Datos,bug,PRE-9,2,2026-02-02,2026-08-11,2026-08-20,hecho,9,0,S43
PRE-101,Manufactura,MAN-PRE,Datos,historia,PRE-10,3,2026-02-02,2026-08-14,2026-09-01,hecho,18,0,S44
PRE-102,Manufactura,MAN-PRE,Datos,bug,PRE-10,1,2026-02-02,2026-08-14,2026-08-19,hecho,5,0,S43
PRE-103,Manufactura,MAN-PRE,Datos,historia,PRE-10,5,2026-02-02,2026-08-17,2026-08-31,hecho,14,0,S44
PRE-104,Manufactura,MAN-PRE,Datos,historia,PRE-10,3,2026-02-02,2026-08-18,,bloqueado,,240,S46
PRE-105,Manufactura,MAN-PRE,Datos,historia,PRE-10,3,2026-02-02,2026-08-18,2026-09-02,hecho,15,0,S44
PRE-106,Manufactura,MAN-PRE,Datos,tarea,PRE-10,3,2026-02-02,2026-08-19,2026-08-26,hecho,7,0,S43
PRE-107,Manufactura,MAN-PRE,Datos,historia,PRE-10,2,2026-02-02,2026-08-20,2026-08-25,hecho,5,0,S43
PRE-108,Manufactura,MAN-PRE,Datos,historia,PRE-10,3,2026-02-02,2026-08-21,2026-09-09,hecho,19,0,S44
PRE-109,Manufactura,MAN-PRE,Datos,historia,PRE-10,5,2026-02-02,2026-08-25,,bloqueado,,184,S46
PRE-110,Manufactura,MAN-PRE,Datos,tarea,PRE-10,1,2026-02-02,2026-08-26,2026-09-01,hecho,6,0,S44
PRE-111,Manufactura,MAN-PRE,Datos,historia,PRE-10,2,2026-02-02,2026-08-28,2026-09-04,hecho,7,0,S44
PRE-112,Manufactura,MAN-PRE,Datos,historia,PRE-11,5,2026-02-02,2026-08-31,2026-09-15,hecho,15,0,S45
PRE-113,Manufactura,MAN-PRE,Datos,historia,PRE-11,3,2026-02-02,2026-09-01,2026-09-17,hecho,16,0,S45
PRE-114,Manufactura,MAN-PRE,Datos,bug,PRE-11,1,2026-02-02,2026-09-01,2026-09-07,hecho,6,0,S44
PRE-115,Manufactura,MAN-PRE,Datos,historia,PRE-11,3,2026-02-02,2026-09-01,2026-09-21,hecho,20,0,S45
PRE-116,Manufactura,MAN-PRE,Datos,historia,PRE-11,5,2026-02-02,2026-09-02,2026-09-14,hecho,12,0,S45
PRE-117,Manufactura,MAN-PRE,Datos,tarea,PRE-11,3,2026-02-02,2026-09-04,2026-09-15,hecho,11,0,S45
PRE-118,Manufactura,MAN-PRE,Datos,historia,PRE-11,5,2026-02-02,2026-09-11,,bloqueado,,88,S46
PRE-119,Manufactura,MAN-PRE,Datos,bug,PRE-11,1,2026-02-02,2026-09-11,2026-09-17,hecho,6,0,S45
PRE-120,Manufactura,MAN-PRE,Datos,historia,PRE-12,3,2026-02-02,2026-09-15,,en_curso,,0,S46
PRE-121,Manufactura,MAN-PRE,Datos,historia,PRE-12,5,2026-02-02,2026-09-16,2026-09-29,hecho,13,0,S46
PRE-122,Manufactura,MAN-PRE,Datos,historia,PRE-12,5,2026-02-02,2026-09-16,2026-09-29,hecho,13,0,S46
PRE-123,Manufactura,MAN-PRE,Datos,historia,PRE-13,3,2026-02-02,2026-09-17,,en_curso,,0,S46
PRE-124,Manufactura,MAN-PRE,Datos,historia,PRE-13,2,2026-02-02,2026-09-18,2026-09-28,hecho,10,0,S46
PRE-125,Manufactura,MAN-PRE,Datos,tarea,PRE-13,3,2026-02-02,2026-09-22,,bloqueado,,16,S46
PRE-126,Manufactura,MAN-PRE,Datos,tarea,PRE-13,2,2026-02-02,2026-09-28,,en_revision,,0,S46
PRE-127,Manufactura,MAN-PRE,Datos,historia,PRE-13,2,2026-02-02,2026-09-29,,en_curso,,0,S46
PRE-128,Manufactura,MAN-PRE,Datos,historia,PRE-13,5,2026-02-02,2026-09-29,,en_curso,,0,S46
PRE-129,Manufactura,MAN-PRE,Datos,historia,PRE-13,3,2026-02-02,2026-09-29,,en_curso,,0,S46
PRE-130,Manufactura,MAN-PRE,Datos,historia,PRE-13,3,2026-02-02,,,por_hacer,,0,
PRE-131,Manufactura,MAN-PRE,Datos,historia,PRE-13,5,2026-02-02,,,por_hacer,,0,
PRE-132,Manufactura,MAN-PRE,Datos,historia,PRE-13,5,2026-02-02,,,por_hacer,,0,
PRE-133,Manufactura,MAN-PRE,Datos,historia,PRE-13,3,2026-02-02,,,por_hacer,,0,
PRE-134,Manufactura,MAN-PRE,Datos,historia,PRE-13,5,2026-02-02,,,por_hacer,,0,
PRE-135,Manufactura,MAN-PRE,Datos,historia,PRE-14,3,2026-02-02,,,por_hacer,,0,
PRE-136,Manufactura,MAN-PRE,Datos,bug,PRE-14,1,2026-02-02,,,por_hacer,,0,
PRE-137,Manufactura,MAN-PRE,Datos,historia,PRE-14,2,2026-02-02,,,por_hacer,,0,
PRE-138,Manufactura,MAN-PRE,Datos,historia,PRE-14,2,2026-02-02,,,por_hacer,,0,
PRE-139,Manufactura,MAN-PRE,Datos,historia,PRE-14,3,2026-02-02,,,por_hacer,,0,
PRE-140,Manufactura,MAN-PRE,Datos,historia,PRE-14,2,2026-02-02,,,por_hacer,,0,
PRE-141,Manufactura,MAN-PRE,Datos,historia,PRE-14,2,2026-02-02,,,por_hacer,,0,
PRE-142,Manufactura,MAN-PRE,Datos,historia,PRE-14,3,2026-02-02,,,por_hacer,,0,
PRE-143,Manufactura,MAN-PRE,Datos,historia,PRE-15,5,2026-02-02,,,por_hacer,,0,
PRE-144,Manufactura,MAN-PRE,Datos,historia,PRE-15,3,2026-02-02,,,por_hacer,,0,
PRE-145,Manufactura,MAN-PRE,Datos,historia,PRE-15,5,2026-02-02,,,por_hacer,,0,
PRE-146,Manufactura,MAN-PRE,Datos,bug,PRE-15,2,2026-02-02,,,por_hacer,,0,
PRE-147,Manufactura,MAN-PRE,Datos,historia,PRE-15,3,2026-02-02,,,por_hacer,,0,
PRE-148,Manufactura,MAN-PRE,Datos,tarea,PRE-15,1,2026-02-02,,,por_hacer,,0,
PRE-149,Manufactura,MAN-PRE,Datos,tarea,PRE-15,2,2026-02-02,,,por_hacer,,0,
PRE-150,Manufactura,MAN-PRE,Integraciones,historia,PRE-1,2,2026-02-02,2026-02-17,2026-02-25,hecho,8,0,S30
PRE-151,Manufactura,MAN-PRE,Integraciones,historia,PRE-1,3,2026-02-02,2026-02-19,2026-03-06,hecho,15,0,S31
PRE-152,Manufactura,MAN-PRE,Integraciones,tarea,PRE-1,2,2026-02-02,2026-02-25,2026-03-12,hecho,15,0,S31
PRE-153,Manufactura,MAN-PRE,Integraciones,historia,PRE-1,3,2026-02-02,2026-04-01,2026-04-17,hecho,16,0,S34
PRE-154,Manufactura,MAN-PRE,Integraciones,historia,PRE-1,3,2026-02-02,2026-04-07,2026-04-20,hecho,13,0,S34
PRE-155,Manufactura,MAN-PRE,Integraciones,historia,PRE-1,5,2026-02-02,2026-04-16,2026-04-28,hecho,12,0,S35
PRE-156,Manufactura,MAN-PRE,Integraciones,historia,PRE-1,3,2026-02-02,2026-05-12,2026-05-26,hecho,14,0,S37
PRE-157,Manufactura,MAN-PRE,Integraciones,historia,PRE-1,2,2026-02-02,2026-05-13,2026-05-22,hecho,9,0,S36
PRE-158,Manufactura,MAN-PRE,Integraciones,tarea,PRE-1,3,2026-02-02,2026-05-20,2026-05-27,hecho,7,0,S37
PRE-159,Manufactura,MAN-PRE,Integraciones,tarea,PRE-1,2,2026-02-02,2026-05-27,2026-06-01,hecho,5,0,S37
PRE-160,Manufactura,MAN-PRE,Integraciones,historia,PRE-2,2,2026-02-02,2026-06-01,2026-06-05,hecho,4,0,S37
PRE-161,Manufactura,MAN-PRE,Integraciones,historia,PRE-2,2,2026-02-02,2026-06-03,2026-06-15,hecho,12,0,S38
PRE-162,Manufactura,MAN-PRE,Integraciones,tarea,PRE-3,2,2026-02-02,2026-06-04,2026-06-09,hecho,5,0,S38
PRE-163,Manufactura,MAN-PRE,Integraciones,historia,PRE-3,2,2026-02-02,2026-06-22,2026-07-03,hecho,11,0,S39
PRE-164,Manufactura,MAN-PRE,Integraciones,bug,PRE-4,1,2026-02-02,2026-06-23,2026-06-26,hecho,3,0,S39
PRE-165,Manufactura,MAN-PRE,Integraciones,tarea,PRE-4,1,2026-02-02,2026-06-24,2026-06-30,hecho,6,0,S39
PRE-166,Manufactura,MAN-PRE,Integraciones,historia,PRE-4,2,2026-02-02,2026-07-01,2026-07-09,hecho,8,0,S40
PRE-167,Manufactura,MAN-PRE,Integraciones,tarea,PRE-4,2,2026-02-02,2026-07-03,2026-07-14,hecho,11,0,S40
PRE-168,Manufactura,MAN-PRE,Integraciones,historia,PRE-4,2,2026-02-02,2026-07-07,2026-07-13,hecho,6,0,S40
PRE-169,Manufactura,MAN-PRE,Integraciones,historia,PRE-5,2,2026-02-02,2026-07-08,2026-07-17,hecho,9,0,S40
PRE-170,Manufactura,MAN-PRE,Integraciones,historia,PRE-5,5,2026-02-02,2026-07-10,2026-07-29,hecho,19,0,S41
PRE-171,Manufactura,MAN-PRE,Integraciones,historia,PRE-6,3,2026-02-02,2026-07-15,2026-07-22,hecho,7,0,S41
PRE-172,Manufactura,MAN-PRE,Integraciones,historia,PRE-6,3,2026-02-02,2026-08-11,2026-08-28,hecho,17,0,S43
PRE-173,Manufactura,MAN-PRE,Integraciones,tarea,PRE-6,2,2026-02-02,2026-08-11,2026-08-21,hecho,10,0,S43
PRE-174,Manufactura,MAN-PRE,Integraciones,tarea,PRE-6,1,2026-02-02,2026-08-20,2026-08-24,hecho,4,0,S43
PRE-175,Manufactura,MAN-PRE,Integraciones,historia,PRE-6,5,2026-02-02,2026-08-31,2026-09-11,hecho,11,0,S44
PRE-176,Manufactura,MAN-PRE,Integraciones,historia,PRE-6,5,2026-02-02,2026-08-31,2026-09-16,hecho,16,0,S45
PRE-177,Manufactura,MAN-PRE,Integraciones,historia,PRE-7,5,2026-02-02,2026-09-07,,en_curso,,0,S46
PRE-178,Manufactura,MAN-PRE,Integraciones,historia,PRE-7,3,2026-02-02,2026-09-08,2026-09-24,hecho,16,0,S45
PRE-179,Manufactura,MAN-PRE,Integraciones,historia,PRE-7,5,2026-02-02,2026-09-11,2026-09-25,hecho,14,0,S45
PRE-180,Manufactura,MAN-PRE,Integraciones,historia,PRE-7,5,2026-02-02,2026-09-14,2026-09-28,hecho,14,0,S46
PRE-181,Manufactura,MAN-PRE,Integraciones,historia,PRE-9,3,2026-02-02,2026-09-21,,en_revision,,0,S46
PRE-182,Manufactura,MAN-PRE,Integraciones,tarea,PRE-9,2,2026-02-02,2026-09-21,,en_revision,,0,S46
PRE-183,Manufactura,MAN-PRE,Integraciones,tarea,PRE-9,3,2026-02-02,2026-09-23,,en_curso,,0,S46
PRE-184,Manufactura,MAN-PRE,Integraciones,bug,PRE-10,1,2026-02-02,2026-09-24,2026-09-30,hecho,6,0,S46
PRE-185,Manufactura,MAN-PRE,Integraciones,historia,PRE-10,3,2026-02-02,2026-09-25,,en_curso,,0,S46
PRE-186,Manufactura,MAN-PRE,Integraciones,historia,PRE-10,2,2026-02-02,2026-09-30,,en_curso,,0,S46
PRE-187,Manufactura,MAN-PRE,Integraciones,historia,PRE-10,5,2026-02-02,2026-09-30,,en_curso,,0,S46
PRE-188,Manufactura,MAN-PRE,Integraciones,historia,PRE-11,3,2026-02-02,,,por_hacer,,0,
PRE-189,Manufactura,MAN-PRE,Integraciones,historia,PRE-11,2,2026-02-02,,,por_hacer,,0,
PRE-190,Manufactura,MAN-PRE,Integraciones,historia,PRE-11,3,2026-02-02,,,por_hacer,,0,
PRE-191,Manufactura,MAN-PRE,Integraciones,historia,PRE-11,2,2026-02-02,,,por_hacer,,0,
PRE-192,Manufactura,MAN-PRE,Integraciones,historia,PRE-11,2,2026-02-02,,,por_hacer,,0,
PRE-193,Manufactura,MAN-PRE,Integraciones,historia,PRE-12,3,2026-02-02,,,por_hacer,,0,
PRE-194,Manufactura,MAN-PRE,Integraciones,historia,PRE-12,5,2026-02-02,,,por_hacer,,0,
PRE-195,Manufactura,MAN-PRE,Integraciones,historia,PRE-13,3,2026-02-02,,,por_hacer,,0,
PRE-196,Manufactura,MAN-PRE,Integraciones,bug,PRE-13,2,2026-02-02,,,por_hacer,,0,
PRE-197,Manufactura,MAN-PRE,Integraciones,historia,PRE-13,3,2026-02-02,,,por_hacer,,0,
PRE-198,Manufactura,MAN-PRE,Integraciones,historia,PRE-13,3,2026-02-02,,,por_hacer,,0,
PRE-199,Manufactura,MAN-PRE,Integraciones,tarea,PRE-13,2,2026-02-02,,,por_hacer,,0,
PRE-200,Manufactura,MAN-PRE,Integraciones,tarea,PRE-14,1,2026-02-02,,,por_hacer,,0,
PRE-201,Manufactura,MAN-PRE,Integraciones,bug,PRE-14,1,2026-02-02,,,por_hacer,,0,
PRE-202,Manufactura,MAN-PRE,Integraciones,tarea,PRE-14,3,2026-02-02,,,por_hacer,,0,
PRE-203,Manufactura,MAN-PRE,Integraciones,historia,PRE-15,3,2026-02-02,,,por_hacer,,0,
PRE-204,Manufactura,MAN-PRE,Integraciones,historia,PRE-15,5,2026-02-02,,,por_hacer,,0,
PRE-205,Manufactura,MAN-PRE,Integraciones,historia,PRE-15,2,2026-02-02,,,por_hacer,,0,
PRE-206,Manufactura,MAN-PRE,Integraciones,historia,PRE-15,3,2026-02-02,,,por_hacer,,0,
PRE-207,Manufactura,MAN-PRE,Plataforma,historia,PRE-1,5,2026-02-02,2026-02-04,2026-02-18,hecho,14,0,S30
PRE-208,Manufactura,MAN-PRE,Plataforma,historia,PRE-1,5,2026-02-02,2026-02-23,2026-03-06,hecho,11,0,S31
PRE-209,Manufactura,MAN-PRE,Plataforma,historia,PRE-2,2,2026-02-02,2026-02-27,2026-03-05,hecho,6,0,S31
PRE-210,Manufactura,MAN-PRE,Plataforma,historia,PRE-2,2,2026-02-02,2026-03-04,2026-03-12,hecho,8,0,S31
PRE-211,Manufactura,MAN-PRE,Plataforma,historia,PRE-2,5,2026-02-02,2026-03-09,2026-03-24,hecho,15,0,S32
PRE-212,Manufactura,MAN-PRE,Plataforma,historia,PRE-2,5,2026-02-02,2026-03-11,2026-03-23,hecho,12,0,S32
PRE-213,Manufactura,MAN-PRE,Plataforma,historia,PRE-2,2,2026-02-02,2026-04-06,2026-04-09,hecho,3,0,S33
PRE-214,Manufactura,MAN-PRE,Plataforma,historia,PRE-3,3,2026-02-02,2026-04-09,2026-05-01,hecho,22,0,S35
PRE-215,Manufactura,MAN-PRE,Plataforma,historia,PRE-3,2,2026-02-02,2026-04-21,2026-04-27,hecho,6,0,S35
PRE-216,Manufactura,MAN-PRE,Plataforma,bug,PRE-3,2,2026-02-02,2026-04-21,2026-04-28,hecho,7,0,S35
PRE-217,Manufactura,MAN-PRE,Plataforma,tarea,PRE-3,1,2026-02-02,2026-04-24,2026-04-30,hecho,6,0,S35
PRE-218,Manufactura,MAN-PRE,Plataforma,bug,PRE-3,1,2026-02-02,2026-04-28,2026-05-04,hecho,6,0,S35
PRE-219,Manufactura,MAN-PRE,Plataforma,tarea,PRE-3,1,2026-02-02,2026-04-29,2026-05-07,hecho,8,0,S35
PRE-220,Manufactura,MAN-PRE,Plataforma,historia,PRE-3,5,2026-02-02,2026-04-29,2026-05-15,hecho,16,0,S36
PRE-221,Manufactura,MAN-PRE,Plataforma,historia,PRE-3,3,2026-02-02,2026-04-30,2026-05-11,hecho,11,0,S36
PRE-222,Manufactura,MAN-PRE,Plataforma,bug,PRE-4,2,2026-02-02,2026-05-07,2026-05-18,hecho,11,0,S36
PRE-223,Manufactura,MAN-PRE,Plataforma,historia,PRE-4,3,2026-02-02,2026-05-11,2026-05-15,hecho,4,0,S36
PRE-224,Manufactura,MAN-PRE,Plataforma,tarea,PRE-4,1,2026-02-02,2026-05-13,2026-05-18,hecho,5,0,S36
PRE-225,Manufactura,MAN-PRE,Plataforma,historia,PRE-4,2,2026-02-02,2026-05-15,2026-05-25,hecho,10,0,S37
PRE-226,Manufactura,MAN-PRE,Plataforma,tarea,PRE-4,1,2026-02-02,2026-05-22,2026-05-27,hecho,5,0,S37
PRE-227,Manufactura,MAN-PRE,Plataforma,tarea,PRE-4,2,2026-02-02,2026-05-22,2026-05-28,hecho,6,0,S37
PRE-228,Manufactura,MAN-PRE,Plataforma,tarea,PRE-5,1,2026-02-02,2026-05-26,2026-06-01,hecho,6,0,S37
PRE-229,Manufactura,MAN-PRE,Plataforma,historia,PRE-5,3,2026-02-02,2026-05-28,2026-06-05,hecho,8,0,S37
PRE-230,Manufactura,MAN-PRE,Plataforma,historia,PRE-5,3,2026-02-02,2026-06-08,2026-06-17,hecho,9,0,S38
PRE-231,Manufactura,MAN-PRE,Plataforma,historia,PRE-5,3,2026-02-02,2026-06-12,2026-06-19,hecho,7,0,S38
PRE-232,Manufactura,MAN-PRE,Plataforma,bug,PRE-5,1,2026-02-02,2026-06-16,2026-06-19,hecho,3,0,S38
PRE-233,Manufactura,MAN-PRE,Plataforma,tarea,PRE-6,2,2026-02-02,2026-06-22,2026-06-26,hecho,4,0,S39
PRE-234,Manufactura,MAN-PRE,Plataforma,historia,PRE-6,5,2026-02-02,2026-06-24,2026-07-15,hecho,21,0,S40
PRE-235,Manufactura,MAN-PRE,Plataforma,historia,PRE-6,2,2026-02-02,2026-07-02,2026-07-07,hecho,5,0,S40
PRE-236,Manufactura,MAN-PRE,Plataforma,historia,PRE-6,3,2026-02-02,2026-07-13,2026-07-22,hecho,9,0,S41
PRE-237,Manufactura,MAN-PRE,Plataforma,historia,PRE-7,5,2026-02-02,2026-07-21,2026-08-11,hecho,21,0,S42
PRE-238,Manufactura,MAN-PRE,Plataforma,tarea,PRE-7,2,2026-02-02,2026-07-30,2026-08-04,hecho,5,0,S42
PRE-239,Manufactura,MAN-PRE,Plataforma,historia,PRE-7,5,2026-02-02,2026-08-03,2026-08-17,hecho,14,0,S43
PRE-240,Manufactura,MAN-PRE,Plataforma,historia,PRE-7,5,2026-02-02,2026-08-06,2026-08-31,hecho,25,0,S44
PRE-241,Manufactura,MAN-PRE,Plataforma,historia,PRE-7,5,2026-02-02,2026-08-17,2026-08-31,hecho,14,0,S44
PRE-242,Manufactura,MAN-PRE,Plataforma,historia,PRE-7,5,2026-02-02,2026-08-20,2026-09-15,hecho,26,0,S45
PRE-243,Manufactura,MAN-PRE,Plataforma,historia,PRE-8,3,2026-02-02,2026-08-28,2026-09-07,hecho,10,0,S44
PRE-244,Manufactura,MAN-PRE,Plataforma,historia,PRE-8,3,2026-02-02,2026-09-04,2026-09-15,hecho,11,0,S45
PRE-245,Manufactura,MAN-PRE,Plataforma,tarea,PRE-8,1,2026-02-02,2026-09-10,2026-09-16,hecho,6,0,S45
PRE-246,Manufactura,MAN-PRE,Plataforma,historia,PRE-8,2,2026-02-02,2026-09-14,2026-09-25,hecho,11,0,S45
PRE-247,Manufactura,MAN-PRE,Plataforma,tarea,PRE-8,2,2026-02-02,2026-09-28,,en_revision,,0,S46
PRE-248,Manufactura,MAN-PRE,Plataforma,historia,PRE-8,5,2026-02-02,2026-09-29,,en_curso,,0,S46
PRE-249,Manufactura,MAN-PRE,Plataforma,bug,PRE-9,1,2026-02-02,,,por_hacer,,0,
PRE-250,Manufactura,MAN-PRE,Plataforma,historia,PRE-9,2,2026-02-02,,,por_hacer,,0,
PRE-251,Manufactura,MAN-PRE,Plataforma,bug,PRE-9,1,2026-02-02,,,por_hacer,,0,
PRE-252,Manufactura,MAN-PRE,Plataforma,historia,PRE-9,2,2026-02-02,,,por_hacer,,0,
PRE-253,Manufactura,MAN-PRE,Plataforma,historia,PRE-10,2,2026-02-02,,,por_hacer,,0,
PRE-254,Manufactura,MAN-PRE,Plataforma,tarea,PRE-10,3,2026-02-02,,,por_hacer,,0,
PRE-255,Manufactura,MAN-PRE,Plataforma,historia,PRE-10,5,2026-02-02,,,por_hacer,,0,
PRE-256,Manufactura,MAN-PRE,Plataforma,tarea,PRE-10,1,2026-02-02,,,por_hacer,,0,
PRE-257,Manufactura,MAN-PRE,Plataforma,tarea,PRE-11,2,2026-02-02,,,por_hacer,,0,
PRE-258,Manufactura,MAN-PRE,Plataforma,bug,PRE-11,1,2026-02-02,,,por_hacer,,0,
PRE-259,Manufactura,MAN-PRE,Plataforma,tarea,PRE-11,1,2026-02-02,,,por_hacer,,0,
PRE-260,Manufactura,MAN-PRE,Plataforma,historia,PRE-11,5,2026-02-02,,,por_hacer,,0,
PRE-261,Manufactura,MAN-PRE,Plataforma,bug,PRE-12,2,2026-02-02,,,por_hacer,,0,
PRE-262,Manufactura,MAN-PRE,Plataforma,historia,PRE-12,5,2026-02-02,,,por_hacer,,0,
PRE-263,Manufactura,MAN-PRE,Plataforma,historia,PRE-14,2,2026-02-02,,,por_hacer,,0,
PRE-264,Manufactura,MAN-PRE,Plataforma,bug,PRE-14,1,2026-02-02,,,por_hacer,,0,
PRE-265,Manufactura,MAN-PRE,Plataforma,historia,PRE-15,3,2026-02-02,,,por_hacer,,0,
PRE-266,Manufactura,MAN-PRE,Plataforma,historia,PRE-15,3,2026-02-02,,,por_hacer,,0,
PRE-267,Manufactura,MAN-PRE,Plataforma,historia,PRE-15,5,2026-02-02,,,por_hacer,,0,
PRE-268,Manufactura,MAN-PRE,Plataforma,historia,PRE-15,2,2026-02-02,,,por_hacer,,0,
PRE-269,Manufactura,MAN-PRE,Plataforma,tarea,PRE-15,1,2026-02-02,,,por_hacer,,0,
PRE-270,Manufactura,MAN-PRE,Producto,tarea,PRE-1,1,2026-02-02,2026-02-12,2026-02-17,hecho,5,0,S30
PRE-271,Manufactura,MAN-PRE,Producto,tarea,PRE-1,3,2026-02-02,2026-02-16,2026-02-23,hecho,7,0,S30
PRE-272,Manufactura,MAN-PRE,Producto,tarea,PRE-1,1,2026-02-02,2026-03-10,2026-03-13,hecho,3,0,S31
PRE-273,Manufactura,MAN-PRE,Producto,bug,PRE-1,2,2026-02-02,2026-03-26,2026-04-03,hecho,8,0,S33
PRE-274,Manufactura,MAN-PRE,Producto,historia,PRE-1,3,2026-02-02,2026-04-03,2026-04-13,hecho,10,0,S34
PRE-275,Manufactura,MAN-PRE,Producto,historia,PRE-1,2,2026-02-02,2026-04-03,2026-04-13,hecho,10,0,S34
PRE-276,Manufactura,MAN-PRE,Producto,bug,PRE-1,2,2026-02-02,2026-04-14,2026-04-17,hecho,3,0,S34
PRE-277,Manufactura,MAN-PRE,Producto,historia,PRE-1,5,2026-02-02,2026-04-15,2026-04-28,hecho,13,0,S35
PRE-278,Manufactura,MAN-PRE,Producto,bug,PRE-2,2,2026-02-02,2026-04-17,2026-04-28,hecho,11,0,S35
PRE-279,Manufactura,MAN-PRE,Producto,historia,PRE-2,5,2026-02-02,2026-05-08,2026-05-21,hecho,13,0,S36
PRE-280,Manufactura,MAN-PRE,Producto,bug,PRE-2,2,2026-02-02,2026-05-15,2026-05-22,hecho,7,0,S36
PRE-281,Manufactura,MAN-PRE,Producto,historia,PRE-2,5,2026-02-02,2026-05-22,2026-06-05,hecho,14,0,S37
PRE-282,Manufactura,MAN-PRE,Producto,historia,PRE-2,3,2026-02-02,2026-05-26,2026-06-03,hecho,8,0,S37
PRE-283,Manufactura,MAN-PRE,Producto,historia,PRE-2,2,2026-02-02,2026-06-01,2026-06-04,hecho,3,0,S37
PRE-284,Manufactura,MAN-PRE,Producto,tarea,PRE-2,3,2026-02-02,2026-06-09,2026-06-17,hecho,8,0,S38
PRE-285,Manufactura,MAN-PRE,Producto,historia,PRE-2,2,2026-02-02,2026-06-12,2026-06-17,hecho,5,0,S38
PRE-286,Manufactura,MAN-PRE,Producto,bug,PRE-3,1,2026-02-02,2026-06-18,2026-06-22,hecho,4,0,S39
PRE-287,Manufactura,MAN-PRE,Producto,historia,PRE-3,3,2026-02-02,2026-06-19,2026-06-30,hecho,11,0,S39
PRE-288,Manufactura,MAN-PRE,Producto,historia,PRE-3,3,2026-02-02,2026-06-24,2026-07-02,hecho,8,0,S39
PRE-289,Manufactura,MAN-PRE,Producto,bug,PRE-4,2,2026-02-02,2026-06-29,2026-07-06,hecho,7,0,S40
PRE-290,Manufactura,MAN-PRE,Producto,historia,PRE-4,2,2026-02-02,2026-06-30,2026-07-07,hecho,7,0,S40
PRE-291,Manufactura,MAN-PRE,Producto,historia,PRE-4,3,2026-02-02,2026-07-13,2026-07-30,hecho,17,0,S41
PRE-292,Manufactura,MAN-PRE,Producto,historia,PRE-4,5,2026-02-02,2026-07-13,2026-07-28,hecho,15,0,S41
PRE-293,Manufactura,MAN-PRE,Producto,historia,PRE-5,2,2026-02-02,2026-07-16,2026-07-23,hecho,7,0,S41
PRE-294,Manufactura,MAN-PRE,Producto,historia,PRE-5,5,2026-02-02,2026-07-20,2026-07-30,hecho,10,0,S41
PRE-295,Manufactura,MAN-PRE,Producto,bug,PRE-5,2,2026-02-02,2026-07-28,2026-08-07,hecho,10,0,S42
PRE-296,Manufactura,MAN-PRE,Producto,historia,PRE-5,5,2026-02-02,2026-08-03,2026-08-12,hecho,9,0,S42
PRE-297,Manufactura,MAN-PRE,Producto,historia,PRE-5,3,2026-02-02,2026-08-18,2026-08-28,hecho,10,0,S43
PRE-298,Manufactura,MAN-PRE,Producto,tarea,PRE-5,1,2026-02-02,2026-08-21,2026-08-27,hecho,6,0,S43
PRE-299,Manufactura,MAN-PRE,Producto,historia,PRE-5,2,2026-02-02,2026-08-26,2026-09-02,hecho,7,0,S44
PRE-300,Manufactura,MAN-PRE,Producto,historia,PRE-5,3,2026-02-02,2026-09-02,2026-09-11,hecho,9,0,S44
PRE-301,Manufactura,MAN-PRE,Producto,historia,PRE-5,3,2026-02-02,2026-09-03,2026-09-14,hecho,11,0,S45
PRE-302,Manufactura,MAN-PRE,Producto,historia,PRE-6,3,2026-02-02,2026-09-09,2026-09-18,hecho,9,0,S45
PRE-303,Manufactura,MAN-PRE,Producto,historia,PRE-6,2,2026-02-02,2026-09-10,2026-09-16,hecho,6,0,S45
PRE-304,Manufactura,MAN-PRE,Producto,historia,PRE-6,2,2026-02-02,2026-09-14,2026-09-24,hecho,10,0,S45
PRE-305,Manufactura,MAN-PRE,Producto,tarea,PRE-6,1,2026-02-02,2026-09-16,2026-09-22,hecho,6,0,S45
PRE-306,Manufactura,MAN-PRE,Producto,historia,PRE-6,5,2026-02-02,2026-09-17,,en_revision,,0,S46
PRE-307,Manufactura,MAN-PRE,Producto,tarea,PRE-6,3,2026-02-02,2026-09-21,2026-09-30,hecho,9,0,S46
PRE-308,Manufactura,MAN-PRE,Producto,tarea,PRE-7,2,2026-02-02,2026-09-22,,en_curso,,0,S46
PRE-309,Manufactura,MAN-PRE,Producto,historia,PRE-7,3,2026-02-02,2026-09-24,,en_revision,,0,S46
PRE-310,Manufactura,MAN-PRE,Producto,tarea,PRE-8,3,2026-02-02,,,por_hacer,,0,
PRE-311,Manufactura,MAN-PRE,Producto,tarea,PRE-8,1,2026-02-02,,,por_hacer,,0,
PRE-312,Manufactura,MAN-PRE,Producto,bug,PRE-8,2,2026-02-02,,,por_hacer,,0,
PRE-313,Manufactura,MAN-PRE,Producto,bug,PRE-8,2,2026-02-02,,,por_hacer,,0,
PRE-314,Manufactura,MAN-PRE,Producto,historia,PRE-8,2,2026-02-02,,,por_hacer,,0,
PRE-315,Manufactura,MAN-PRE,Producto,bug,PRE-8,2,2026-02-02,,,por_hacer,,0,
PRE-316,Manufactura,MAN-PRE,Producto,bug,PRE-8,2,2026-02-02,,,por_hacer,,0,
PRE-317,Manufactura,MAN-PRE,Producto,tarea,PRE-8,1,2026-02-02,,,por_hacer,,0,
PRE-318,Manufactura,MAN-PRE,Producto,historia,PRE-9,3,2026-02-02,,,por_hacer,,0,
PRE-319,Manufactura,MAN-PRE,Producto,historia,PRE-9,2,2026-02-02,,,por_hacer,,0,
PRE-320,Manufactura,MAN-PRE,Producto,historia,PRE-9,2,2026-02-02,,,por_hacer,,0,
PRE-321,Manufactura,MAN-PRE,Producto,bug,PRE-9,1,2026-02-02,,,por_hacer,,0,
PRE-322,Manufactura,MAN-PRE,Producto,tarea,PRE-10,1,2026-02-02,,,por_hacer,,0,
PRE-323,Manufactura,MAN-PRE,Producto,historia,PRE-10,2,2026-02-02,,,por_hacer,,0,
PRE-324,Manufactura,MAN-PRE,Producto,historia,PRE-10,2,2026-02-02,,,por_hacer,,0,
PRE-325,Manufactura,MAN-PRE,Producto,tarea,PRE-10,2,2026-02-02,,,por_hacer,,0,
PRE-326,Manufactura,MAN-PRE,Producto,bug,PRE-10,1,2026-02-02,,,por_hacer,,0,
PRE-327,Manufactura,MAN-PRE,Producto,historia,PRE-10,3,2026-02-02,,,por_hacer,,0,
PRE-328,Manufactura,MAN-PRE,Producto,bug,PRE-11,2,2026-02-02,,,por_hacer,,0,
PRE-329,Manufactura,MAN-PRE,Producto,historia,PRE-11,5,2026-02-02,,,por_hacer,,0,
PRE-330,Manufactura,MAN-PRE,Producto,historia,PRE-11,3,2026-02-02,,,por_hacer,,0,
PRE-331,Manufactura,MAN-PRE,Producto,historia,PRE-11,2,2026-02-02,,,por_hacer,,0,
PRE-332,Manufactura,MAN-PRE,Producto,historia,PRE-11,3,2026-02-02,,,por_hacer,,0,
PRE-333,Manufactura,MAN-PRE,Producto,tarea,PRE-11,3,2026-02-02,,,por_hacer,,0,
PRE-334,Manufactura,MAN-PRE,Producto,historia,PRE-11,2,2026-02-02,,,por_hacer,,0,
PRE-335,Manufactura,MAN-PRE,Producto,historia,PRE-11,3,2026-02-02,,,por_hacer,,0,
PRE-336,Manufactura,MAN-PRE,Producto,historia,PRE-11,5,2026-02-02,,,por_hacer,,0,
PRE-337,Manufactura,MAN-PRE,Producto,historia,PRE-12,2,2026-02-02,,,por_hacer,,0,
PRE-338,Manufactura,MAN-PRE,Producto,historia,PRE-12,2,2026-02-02,,,por_hacer,,0,
PRE-339,Manufactura,MAN-PRE,Producto,tarea,PRE-12,1,2026-02-02,,,por_hacer,,0,
PRE-340,Manufactura,MAN-PRE,Producto,historia,PRE-12,5,2026-02-02,,,por_hacer,,0,
PRE-341,Manufactura,MAN-PRE,Producto,historia,PRE-12,2,2026-02-02,,,por_hacer,,0,
PRE-342,Manufactura,MAN-PRE,Producto,tarea,PRE-12,3,2026-02-02,,,por_hacer,,0,
PRE-343,Manufactura,MAN-PRE,Producto,tarea,PRE-12,2,2026-02-02,,,por_hacer,,0,
PRE-344,Manufactura,MAN-PRE,Producto,tarea,PRE-13,2,2026-02-02,,,por_hacer,,0,
PRE-345,Manufactura,MAN-PRE,Producto,bug,PRE-13,1,2026-02-02,,,por_hacer,,0,
PRE-346,Manufactura,MAN-PRE,Producto,bug,PRE-13,1,2026-02-02,,,por_hacer,,0,
PRE-347,Manufactura,MAN-PRE,Producto,tarea,PRE-13,2,2026-02-02,,,por_hacer,,0,
PRE-348,Manufactura,MAN-PRE,Producto,tarea,PRE-13,1,2026-02-02,,,por_hacer,,0,
PRE-349,Manufactura,MAN-PRE,Producto,historia,PRE-14,5,2026-02-02,,,por_hacer,,0,
PRE-350,Manufactura,MAN-PRE,Producto,tarea,PRE-14,1,2026-02-02,,,por_hacer,,0,
PRE-351,Manufactura,MAN-PRE,Producto,historia,PRE-14,3,2026-02-02,,,por_hacer,,0,
PRE-352,Manufactura,MAN-PRE,Producto,tarea,PRE-14,3,2026-02-02,,,por_hacer,,0,
PRE-353,Manufactura,MAN-PRE,Producto,historia,PRE-15,2,2026-02-02,,,por_hacer,,0,
PRE-354,Manufactura,MAN-PRE,Producto,tarea,PRE-15,3,2026-02-02,,,por_hacer,,0,
PRE-355,Manufactura,MAN-PRE,Producto,bug,PRE-15,1,2026-02-02,,,por_hacer,,0,
PRE-356,Manufactura,MAN-PRE,Producto,tarea,PRE-15,3,2026-02-02,,,por_hacer,,0,
PRE-357,Manufactura,MAN-PRE,Producto,historia,PRE-15,2,2026-02-02,,,por_hacer,,0,
PRE-358,Manufactura,MAN-PRE,Producto,historia,PRE-15,3,2026-02-02,,,por_hacer,,0,
PRE-359,Manufactura,MAN-PRE,QA,historia,PRE-1,2,2026-02-02,2026-02-06,2026-02-16,hecho,10,0,S30
PRE-360,Manufactura,MAN-PRE,QA,historia,PRE-1,3,2026-02-02,2026-02-10,2026-02-19,hecho,9,0,S30
PRE-361,Manufactura,MAN-PRE,QA,bug,PRE-2,2,2026-02-02,2026-02-12,2026-02-17,hecho,5,0,S30
PRE-362,Manufactura,MAN-PRE,QA,historia,PRE-2,2,2026-02-02,2026-02-26,2026-03-05,hecho,7,0,S31
PRE-363,Manufactura,MAN-PRE,QA,historia,PRE-2,3,2026-02-02,2026-03-13,2026-03-23,hecho,10,0,S32
PRE-364,Manufactura,MAN-PRE,QA,historia,PRE-3,5,2026-02-02,2026-03-30,2026-04-09,hecho,10,0,S33
PRE-365,Manufactura,MAN-PRE,QA,bug,PRE-3,2,2026-02-02,2026-03-31,2026-04-03,hecho,3,0,S33
PRE-366,Manufactura,MAN-PRE,QA,historia,PRE-3,2,2026-02-02,2026-04-02,2026-04-10,hecho,8,0,S33
PRE-367,Manufactura,MAN-PRE,QA,historia,PRE-3,2,2026-02-02,2026-04-09,2026-04-16,hecho,7,0,S34
PRE-368,Manufactura,MAN-PRE,QA,historia,PRE-3,3,2026-02-02,2026-04-15,2026-04-23,hecho,8,0,S34
PRE-369,Manufactura,MAN-PRE,QA,historia,PRE-4,3,2026-02-02,2026-04-24,2026-05-04,hecho,10,0,S35
PRE-370,Manufactura,MAN-PRE,QA,historia,PRE-4,2,2026-02-02,2026-05-20,2026-05-28,hecho,8,0,S37
PRE-371,Manufactura,MAN-PRE,QA,historia,PRE-5,3,2026-02-02,2026-05-22,2026-06-01,hecho,10,0,S37
PRE-372,Manufactura,MAN-PRE,QA,tarea,PRE-5,1,2026-02-02,2026-06-04,2026-06-09,hecho,5,0,S38
PRE-373,Manufactura,MAN-PRE,QA,bug,PRE-5,2,2026-02-02,2026-06-04,2026-06-12,hecho,8,0,S38
PRE-374,Manufactura,MAN-PRE,QA,bug,PRE-6,1,2026-02-02,2026-06-11,2026-06-16,hecho,5,0,S38
PRE-375,Manufactura,MAN-PRE,QA,historia,PRE-6,3,2026-02-02,2026-07-06,2026-07-22,hecho,16,0,S41
PRE-376,Manufactura,MAN-PRE,QA,tarea,PRE-6,1,2026-02-02,2026-07-09,2026-07-15,hecho,6,0,S40
PRE-377,Manufactura,MAN-PRE,QA,historia,PRE-7,2,2026-02-02,2026-07-17,2026-07-23,hecho,6,0,S41
PRE-378,Manufactura,MAN-PRE,QA,bug,PRE-7,2,2026-02-02,2026-07-28,2026-08-04,hecho,7,0,S42
PRE-379,Manufactura,MAN-PRE,QA,historia,PRE-7,2,2026-02-02,2026-08-06,2026-08-13,hecho,7,0,S42
PRE-380,Manufactura,MAN-PRE,QA,tarea,PRE-7,1,2026-02-02,2026-08-13,2026-08-17,hecho,4,0,S43
PRE-381,Manufactura,MAN-PRE,QA,historia,PRE-7,5,2026-02-02,2026-08-17,2026-09-03,hecho,17,0,S44
PRE-382,Manufactura,MAN-PRE,QA,historia,PRE-8,2,2026-02-02,2026-08-28,2026-09-04,hecho,7,0,S44
PRE-383,Manufactura,MAN-PRE,QA,tarea,PRE-8,1,2026-02-02,2026-09-01,2026-09-03,hecho,2,0,S44
PRE-384,Manufactura,MAN-PRE,QA,historia,PRE-8,5,2026-02-02,2026-09-09,2026-09-21,hecho,12,0,S45
PRE-385,Manufactura,MAN-PRE,QA,tarea,PRE-8,2,2026-02-02,2026-09-17,2026-09-25,hecho,8,0,S45
PRE-386,Manufactura,MAN-PRE,QA,bug,PRE-9,1,2026-02-02,2026-09-18,2026-09-24,hecho,6,0,S45
PRE-387,Manufactura,MAN-PRE,QA,historia,PRE-9,5,2026-02-02,2026-09-22,,en_curso,,0,S46
PRE-388,Manufactura,MAN-PRE,QA,bug,PRE-10,1,2026-02-02,2026-09-23,2026-09-29,hecho,6,0,S46
PRE-389,Manufactura,MAN-PRE,QA,tarea,PRE-10,2,2026-02-02,2026-09-23,2026-09-29,hecho,6,0,S46
PRE-390,Manufactura,MAN-PRE,QA,historia,PRE-10,5,2026-02-02,2026-09-24,,en_curso,,0,S46
PRE-391,Manufactura,MAN-PRE,QA,historia,PRE-10,2,2026-02-02,2026-09-29,,en_curso,,0,S46
PRE-392,Manufactura,MAN-PRE,QA,historia,PRE-10,5,2026-02-02,2026-09-29,,en_curso,,0,S46
PRE-393,Manufactura,MAN-PRE,QA,historia,PRE-10,2,2026-02-02,,,por_hacer,,0,
PRE-394,Manufactura,MAN-PRE,QA,bug,PRE-11,2,2026-02-02,,,por_hacer,,0,
PRE-395,Manufactura,MAN-PRE,QA,historia,PRE-11,3,2026-02-02,,,por_hacer,,0,
PRE-396,Manufactura,MAN-PRE,QA,historia,PRE-11,3,2026-02-02,,,por_hacer,,0,
PRE-397,Manufactura,MAN-PRE,QA,historia,PRE-11,5,2026-02-02,,,por_hacer,,0,
PRE-398,Manufactura,MAN-PRE,QA,historia,PRE-11,3,2026-02-02,,,por_hacer,,0,
PRE-399,Manufactura,MAN-PRE,QA,historia,PRE-11,2,2026-02-02,,,por_hacer,,0,
PRE-400,Manufactura,MAN-PRE,QA,tarea,PRE-11,2,2026-02-02,,,por_hacer,,0,
PRE-401,Manufactura,MAN-PRE,QA,bug,PRE-11,1,2026-02-02,,,por_hacer,,0,
PRE-402,Manufactura,MAN-PRE,QA,historia,PRE-11,5,2026-02-02,,,por_hacer,,0,
PRE-403,Manufactura,MAN-PRE,QA,tarea,PRE-12,2,2026-02-02,,,por_hacer,,0,
PRE-404,Manufactura,MAN-PRE,QA,historia,PRE-13,2,2026-02-02,,,por_hacer,,0,
PRE-405,Manufactura,MAN-PRE,QA,historia,PRE-13,5,2026-02-02,,,por_hacer,,0,
PRE-406,Manufactura,MAN-PRE,QA,bug,PRE-14,1,2026-02-02,,,por_hacer,,0,
PRE-407,Manufactura,MAN-PRE,QA,historia,PRE-14,2,2026-02-02,,,por_hacer,,0,
PRE-408,Manufactura,MAN-PRE,QA,tarea,PRE-14,1,2026-02-02,,,por_hacer,,0,
PRE-409,Manufactura,MAN-PRE,QA,historia,PRE-14,2,2026-02-02,,,por_hacer,,0,
PRE-410,Manufactura,MAN-PRE,QA,historia,PRE-14,2,2026-02-02,,,por_hacer,,0,
PRE-411,Manufactura,MAN-PRE,QA,bug,PRE-14,2,2026-02-02,,,por_hacer,,0,
PRE-412,Manufactura,MAN-PRE,QA,historia,PRE-15,3,2026-02-02,,,por_hacer,,0,
PRE-413,Manufactura,MAN-PRE,QA,bug,PRE-15,2,2026-02-02,,,por_hacer,,0,
PRE-414,Manufactura,MAN-PRE,QA,historia,PRE-15,3,2026-02-02,,,por_hacer,,0,
PRE-415,Manufactura,MAN-PRE,QA,tarea,PRE-15,1,2026-02-02,,,por_hacer,,0,
AGE-1,Salud,SAL-AGE,Producto,epica,,,2025-01-06,2025-01-06,2025-02-12,hecho,,,
AGE-2,Salud,SAL-AGE,Producto,epica,,,2025-01-06,2025-01-06,2025-02-11,hecho,,,
AGE-3,Salud,SAL-AGE,Producto,epica,,,2025-01-06,2025-01-13,2025-03-18,hecho,,,
AGE-4,Salud,SAL-AGE,Producto,epica,,,2025-01-06,2025-01-17,2025-03-10,hecho,,,
AGE-5,Salud,SAL-AGE,Producto,epica,,,2025-01-06,2025-01-15,2025-04-01,hecho,,,
AGE-6,Salud,SAL-AGE,Producto,epica,,,2025-01-06,2025-01-22,2025-03-25,hecho,,,
AGE-7,Salud,SAL-AGE,Producto,epica,,,2025-01-06,2025-02-03,2025-04-09,hecho,,,
AGE-8,Salud,SAL-AGE,Producto,epica,,,2025-01-06,2025-02-07,2025-06-10,hecho,,,
AGE-9,Salud,SAL-AGE,Producto,epica,,,2025-01-06,2025-02-24,2025-05-06,hecho,,,
AGE-10,Salud,SAL-AGE,Producto,epica,,,2025-01-06,2025-02-28,2025-06-17,hecho,,,
AGE-11,Salud,SAL-AGE,Producto,epica,,,2025-01-06,2025-03-03,2025-06-30,hecho,,,
AGE-12,Salud,SAL-AGE,Producto,epica,,,2025-01-06,2025-03-03,2025-07-07,hecho,,,
AGE-13,Salud,SAL-AGE,Producto,epica,,,2025-01-06,2025-03-11,2025-07-21,hecho,,,
AGE-14,Salud,SAL-AGE,Producto,epica,,,2025-01-06,2025-03-24,2025-07-30,hecho,,,
AGE-15,Salud,SAL-AGE,Producto,epica,,,2025-01-06,2025-05-01,2025-08-05,hecho,,,
AGE-16,Salud,SAL-AGE,Producto,epica,,,2025-01-06,2025-05-26,2025-09-04,hecho,,,
AGE-17,Salud,SAL-AGE,Datos,historia,AGE-1,3,2025-01-06,2025-01-06,2025-01-13,hecho,7,0,S01
AGE-18,Salud,SAL-AGE,Datos,historia,AGE-1,8,2025-01-06,2025-01-06,2025-01-28,hecho,22,0,S02
AGE-19,Salud,SAL-AGE,Datos,historia,AGE-1,2,2025-01-06,2025-01-06,2025-01-09,hecho,3,0,S01
AGE-20,Salud,SAL-AGE,Datos,historia,AGE-1,5,2025-01-06,2025-01-06,2025-01-13,hecho,7,0,S01
AGE-21,Salud,SAL-AGE,Datos,historia,AGE-1,2,2025-01-06,2025-01-06,2025-01-15,hecho,9,0,S01
AGE-22,Salud,SAL-AGE,Datos,historia,AGE-2,2,2025-01-06,2025-01-06,2025-01-15,hecho,9,0,S01
AGE-23,Salud,SAL-AGE,Datos,bug,AGE-2,2,2025-01-06,2025-01-09,2025-01-15,hecho,6,0,S01
AGE-24,Salud,SAL-AGE,Datos,historia,AGE-2,2,2025-01-06,2025-01-10,2025-01-16,hecho,6,0,S01
AGE-25,Salud,SAL-AGE,Datos,tarea,AGE-2,2,2025-01-06,2025-01-13,2025-01-16,hecho,3,0,S01
AGE-26,Salud,SAL-AGE,Datos,historia,AGE-2,3,2025-01-06,2025-01-13,2025-01-23,hecho,10,0,S02
AGE-27,Salud,SAL-AGE,Datos,bug,AGE-2,1,2025-01-06,2025-01-14,2025-01-21,hecho,7,0,S02
AGE-28,Salud,SAL-AGE,Datos,historia,AGE-2,2,2025-01-06,2025-01-14,2025-01-27,hecho,13,0,S02
AGE-29,Salud,SAL-AGE,Datos,tarea,AGE-2,1,2025-01-06,2025-01-16,2025-01-21,hecho,5,0,S02
AGE-30,Salud,SAL-AGE,Datos,historia,AGE-2,2,2025-01-06,2025-01-16,2025-01-29,hecho,13,0,S02
AGE-31,Salud,SAL-AGE,Datos,historia,AGE-2,8,2025-01-06,2025-01-17,2025-02-06,hecho,20,0,S03
AGE-32,Salud,SAL-AGE,Datos,historia,AGE-2,8,2025-01-06,2025-01-20,2025-02-11,hecho,22,0,S03
AGE-33,Salud,SAL-AGE,Datos,historia,AGE-3,5,2025-01-06,2025-01-21,2025-02-03,hecho,13,0,S03
AGE-34,Salud,SAL-AGE,Datos,historia,AGE-3,5,2025-01-06,2025-01-23,2025-03-07,hecho,43,0,S05
AGE-35,Salud,SAL-AGE,Datos,historia,AGE-3,8,2025-01-06,2025-01-27,2025-02-14,hecho,18,0,S03
AGE-36,Salud,SAL-AGE,Datos,bug,AGE-3,2,2025-01-06,2025-01-27,2025-02-04,hecho,8,0,S03
AGE-37,Salud,SAL-AGE,Datos,historia,AGE-3,3,2025-01-06,2025-01-31,2025-02-17,hecho,17,0,S04
AGE-38,Salud,SAL-AGE,Datos,historia,AGE-3,2,2025-01-06,2025-01-31,2025-02-11,hecho,11,0,S03
AGE-39,Salud,SAL-AGE,Datos,historia,AGE-4,5,2025-01-06,2025-02-06,2025-02-20,hecho,14,24,S04
AGE-40,Salud,SAL-AGE,Datos,historia,AGE-4,2,2025-01-06,2025-02-07,2025-02-18,hecho,11,0,S04
AGE-41,Salud,SAL-AGE,Datos,bug,AGE-4,2,2025-01-06,2025-02-10,2025-02-14,hecho,4,0,S03
AGE-42,Salud,SAL-AGE,Datos,bug,AGE-5,2,2025-01-06,2025-02-12,2025-02-18,hecho,6,0,S04
AGE-43,Salud,SAL-AGE,Datos,historia,AGE-5,3,2025-01-06,2025-02-13,2025-02-25,hecho,12,0,S04
AGE-44,Salud,SAL-AGE,Datos,bug,AGE-5,2,2025-01-06,2025-02-13,2025-02-18,hecho,5,0,S04
AGE-45,Salud,SAL-AGE,Datos,historia,AGE-5,3,2025-01-06,2025-02-14,2025-02-24,hecho,10,0,S04
AGE-46,Salud,SAL-AGE,Datos,historia,AGE-5,2,2025-01-06,2025-02-14,2025-02-24,hecho,10,0,S04
AGE-47,Salud,SAL-AGE,Datos,historia,AGE-5,3,2025-01-06,2025-02-14,2025-02-21,hecho,7,0,S04
AGE-48,Salud,SAL-AGE,Datos,historia,AGE-6,2,2025-01-06,2025-02-20,2025-03-03,hecho,11,0,S05
AGE-49,Salud,SAL-AGE,Datos,historia,AGE-6,5,2025-01-06,2025-02-21,2025-03-10,hecho,17,0,S05
AGE-50,Salud,SAL-AGE,Datos,tarea,AGE-6,2,2025-01-06,2025-02-21,2025-02-28,hecho,7,0,S04
AGE-51,Salud,SAL-AGE,Datos,historia,AGE-6,3,2025-01-06,2025-02-21,2025-03-05,hecho,12,0,S05
AGE-52,Salud,SAL-AGE,Datos,bug,AGE-7,1,2025-01-06,2025-02-24,2025-02-28,hecho,4,0,S04
AGE-53,Salud,SAL-AGE,Datos,historia,AGE-7,2,2025-01-06,2025-02-26,2025-03-05,hecho,7,0,S05
AGE-54,Salud,SAL-AGE,Datos,historia,AGE-7,3,2025-01-06,2025-02-27,2025-03-06,hecho,7,0,S05
AGE-55,Salud,SAL-AGE,Datos,tarea,AGE-7,1,2025-01-06,2025-02-28,2025-04-07,hecho,38,160,S07
AGE-56,Salud,SAL-AGE,Datos,historia,AGE-9,8,2025-01-06,2025-03-03,2025-03-17,hecho,14,0,S06
AGE-57,Salud,SAL-AGE,Datos,historia,AGE-9,5,2025-01-06,2025-03-04,2025-03-12,hecho,8,0,S05
AGE-58,Salud,SAL-AGE,Datos,historia,AGE-9,5,2025-01-06,2025-03-05,2025-03-19,hecho,14,0,S06
AGE-59,Salud,SAL-AGE,Datos,historia,AGE-9,3,2025-01-06,2025-03-05,2025-04-04,hecho,30,0,S07
AGE-60,Salud,SAL-AGE,Datos,historia,AGE-9,3,2025-01-06,2025-03-06,2025-03-12,hecho,6,0,S05
AGE-61,Salud,SAL-AGE,Datos,historia,AGE-9,5,2025-01-06,2025-03-10,2025-03-27,hecho,17,0,S06
AGE-62,Salud,SAL-AGE,Datos,bug,AGE-9,2,2025-01-06,2025-03-10,2025-03-18,hecho,8,0,S06
AGE-63,Salud,SAL-AGE,Datos,tarea,AGE-10,1,2025-01-06,2025-03-12,2025-03-17,hecho,5,0,S06
AGE-64,Salud,SAL-AGE,Datos,bug,AGE-10,1,2025-01-06,2025-03-14,2025-03-19,hecho,5,0,S06
AGE-65,Salud,SAL-AGE,Datos,historia,AGE-10,3,2025-01-06,2025-03-14,2025-03-25,hecho,11,0,S06
AGE-66,Salud,SAL-AGE,Datos,historia,AGE-11,8,2025-01-06,2025-03-14,2025-04-10,hecho,27,0,S07
AGE-67,Salud,SAL-AGE,Datos,tarea,AGE-11,3,2025-01-06,2025-03-17,2025-03-31,hecho,14,0,S07
AGE-68,Salud,SAL-AGE,Datos,historia,AGE-11,2,2025-01-06,2025-03-19,2025-03-26,hecho,7,0,S06
AGE-69,Salud,SAL-AGE,Datos,historia,AGE-11,2,2025-01-06,2025-03-24,2025-05-29,hecho,66,336,S11
AGE-70,Salud,SAL-AGE,Datos,historia,AGE-11,5,2025-01-06,2025-03-24,2025-04-16,hecho,23,80,S08
AGE-71,Salud,SAL-AGE,Datos,historia,AGE-11,5,2025-01-06,2025-03-25,2025-04-17,hecho,23,0,S08
AGE-72,Salud,SAL-AGE,Datos,historia,AGE-11,3,2025-01-06,2025-03-26,2025-04-14,hecho,19,0,S08
AGE-73,Salud,SAL-AGE,Datos,tarea,AGE-12,1,2025-01-06,2025-03-27,2025-04-02,hecho,6,0,S07
AGE-74,Salud,SAL-AGE,Datos,tarea,AGE-12,1,2025-01-06,2025-03-28,2025-04-03,hecho,6,0,S07
AGE-75,Salud,SAL-AGE,Datos,historia,AGE-13,3,2025-01-06,2025-04-01,2025-04-04,hecho,3,0,S07
AGE-76,Salud,SAL-AGE,Datos,tarea,AGE-13,1,2025-01-06,2025-04-03,2025-04-07,hecho,4,0,S07
AGE-77,Salud,SAL-AGE,Datos,tarea,AGE-13,2,2025-01-06,2025-04-04,2025-04-10,hecho,6,0,S07
AGE-78,Salud,SAL-AGE,Datos,historia,AGE-13,5,2025-01-06,2025-04-04,2025-04-30,hecho,26,0,S09
AGE-79,Salud,SAL-AGE,Datos,tarea,AGE-13,2,2025-01-06,2025-04-07,2025-04-10,hecho,3,0,S07
AGE-80,Salud,SAL-AGE,Datos,historia,AGE-13,8,2025-01-06,2025-04-10,2025-05-15,hecho,35,0,S10
AGE-81,Salud,SAL-AGE,Datos,historia,AGE-13,5,2025-01-06,2025-04-16,2025-05-02,hecho,16,0,S09
AGE-82,Salud,SAL-AGE,Datos,bug,AGE-14,1,2025-01-06,2025-04-21,2025-04-25,hecho,4,0,S08
AGE-83,Salud,SAL-AGE,Datos,bug,AGE-14,1,2025-01-06,2025-04-22,2025-04-28,hecho,6,0,S09
AGE-84,Salud,SAL-AGE,Datos,historia,AGE-14,2,2025-01-06,2025-04-28,2025-05-02,hecho,4,0,S09
AGE-85,Salud,SAL-AGE,Datos,historia,AGE-14,3,2025-01-06,2025-04-29,2025-05-09,hecho,10,0,S09
AGE-86,Salud,SAL-AGE,Datos,historia,AGE-14,3,2025-01-06,2025-05-02,2025-05-20,hecho,18,0,S10
AGE-87,Salud,SAL-AGE,Datos,historia,AGE-14,3,2025-01-06,2025-05-07,2025-06-09,hecho,33,80,S12
AGE-88,Salud,SAL-AGE,Datos,bug,AGE-15,2,2025-01-06,2025-05-14,2025-05-22,hecho,8,0,S10
AGE-89,Salud,SAL-AGE,Datos,tarea,AGE-15,1,2025-01-06,2025-05-20,2025-05-23,hecho,3,0,S10
AGE-90,Salud,SAL-AGE,Datos,historia,AGE-15,8,2025-01-06,2025-06-11,2025-06-30,hecho,19,0,S13
AGE-91,Salud,SAL-AGE,Datos,historia,AGE-15,5,2025-01-06,2025-06-13,2025-06-19,hecho,6,0,S12
AGE-92,Salud,SAL-AGE,Datos,tarea,AGE-15,3,2025-01-06,2025-06-19,2025-06-26,hecho,7,0,S13
AGE-93,Salud,SAL-AGE,Datos,historia,AGE-15,2,2025-01-06,2025-07-01,2025-07-11,hecho,10,0,S14
AGE-94,Salud,SAL-AGE,Datos,bug,AGE-15,2,2025-01-06,2025-07-02,2025-07-08,hecho,6,0,S14
AGE-95,Salud,SAL-AGE,Datos,historia,AGE-16,2,2025-01-06,2025-07-07,2025-07-29,hecho,22,0,S15
AGE-96,Salud,SAL-AGE,Datos,bug,AGE-16,1,2025-01-06,2025-07-08,2025-07-11,hecho,3,0,S14
AGE-97,Salud,SAL-AGE,Datos,tarea,AGE-16,3,2025-01-06,2025-07-11,2025-07-23,hecho,12,0,S15
AGE-98,Salud,SAL-AGE,Integraciones,historia,AGE-1,2,2025-01-06,2025-01-06,2025-01-14,hecho,8,0,S01
AGE-99,Salud,SAL-AGE,Integraciones,historia,AGE-1,3,2025-01-06,2025-01-06,2025-02-04,hecho,29,112,S03
AGE-100,Salud,SAL-AGE,Integraciones,historia,AGE-1,5,2025-01-06,2025-01-06,2025-01-24,hecho,18,0,S02
AGE-101,Salud,SAL-AGE,Integraciones,tarea,AGE-1,1,2025-01-06,2025-01-06,2025-01-10,hecho,4,0,S01
AGE-102,Salud,SAL-AGE,Integraciones,tarea,AGE-2,1,2025-01-06,2025-01-09,2025-01-15,hecho,6,0,S01
AGE-103,Salud,SAL-AGE,Integraciones,historia,AGE-2,3,2025-01-06,2025-01-09,2025-01-22,hecho,13,0,S02
AGE-104,Salud,SAL-AGE,Integraciones,bug,AGE-3,2,2025-01-06,2025-01-13,2025-02-05,hecho,23,88,S03
AGE-105,Salud,SAL-AGE,Integraciones,historia,AGE-3,5,2025-01-06,2025-01-14,2025-01-24,hecho,10,0,S02
AGE-106,Salud,SAL-AGE,Integraciones,historia,AGE-5,3,2025-01-06,2025-01-15,2025-02-18,hecho,34,168,S04
AGE-107,Salud,SAL-AGE,Integraciones,historia,AGE-5,5,2025-01-06,2025-01-17,2025-01-24,hecho,7,0,S02
AGE-108,Salud,SAL-AGE,Integraciones,historia,AGE-5,3,2025-01-06,2025-01-22,2025-02-03,hecho,12,0,S03
AGE-109,Salud,SAL-AGE,Integraciones,historia,AGE-5,2,2025-01-06,2025-01-22,2025-02-03,hecho,12,0,S03
AGE-110,Salud,SAL-AGE,Integraciones,historia,AGE-6,5,2025-01-06,2025-01-22,2025-01-30,hecho,8,0,S02
AGE-111,Salud,SAL-AGE,Integraciones,bug,AGE-6,2,2025-01-06,2025-01-24,2025-01-30,hecho,6,0,S02
AGE-112,Salud,SAL-AGE,Integraciones,historia,AGE-6,2,2025-01-06,2025-01-30,2025-02-26,hecho,27,104,S04
AGE-113,Salud,SAL-AGE,Integraciones,historia,AGE-6,2,2025-01-06,2025-01-30,2025-02-06,hecho,7,0,S03
AGE-114,Salud,SAL-AGE,Integraciones,historia,AGE-6,3,2025-01-06,2025-01-31,2025-02-10,hecho,10,0,S03
AGE-115,Salud,SAL-AGE,Integraciones,tarea,AGE-7,2,2025-01-06,2025-02-03,2025-03-04,hecho,29,120,S05
AGE-116,Salud,SAL-AGE,Integraciones,tarea,AGE-7,2,2025-01-06,2025-02-04,2025-02-11,hecho,7,0,S03
AGE-117,Salud,SAL-AGE,Integraciones,historia,AGE-7,2,2025-01-06,2025-02-05,2025-02-07,hecho,2,0,S03
AGE-118,Salud,SAL-AGE,Integraciones,tarea,AGE-7,3,2025-01-06,2025-02-05,2025-02-20,hecho,15,0,S04
AGE-119,Salud,SAL-AGE,Integraciones,historia,AGE-8,5,2025-01-06,2025-02-07,2025-02-18,hecho,11,0,S04
AGE-120,Salud,SAL-AGE,Integraciones,historia,AGE-8,2,2025-01-06,2025-02-07,2025-03-18,hecho,39,144,S06
AGE-121,Salud,SAL-AGE,Integraciones,historia,AGE-8,3,2025-01-06,2025-02-10,2025-02-19,hecho,9,0,S04
AGE-122,Salud,SAL-AGE,Integraciones,historia,AGE-8,2,2025-01-06,2025-02-12,2025-02-26,hecho,14,0,S04
AGE-123,Salud,SAL-AGE,Integraciones,tarea,AGE-8,3,2025-01-06,2025-02-17,2025-02-26,hecho,9,0,S04
AGE-124,Salud,SAL-AGE,Integraciones,bug,AGE-8,1,2025-01-06,2025-02-18,2025-02-21,hecho,3,0,S04
AGE-125,Salud,SAL-AGE,Integraciones,historia,AGE-8,2,2025-01-06,2025-02-19,2025-02-26,hecho,7,0,S04
AGE-126,Salud,SAL-AGE,Integraciones,historia,AGE-8,3,2025-01-06,2025-02-20,2025-03-04,hecho,12,0,S05
AGE-127,Salud,SAL-AGE,Integraciones,tarea,AGE-9,1,2025-01-06,2025-02-24,2025-02-27,hecho,3,0,S04
AGE-128,Salud,SAL-AGE,Integraciones,bug,AGE-9,1,2025-01-06,2025-02-25,2025-02-28,hecho,3,0,S04
AGE-129,Salud,SAL-AGE,Integraciones,historia,AGE-9,2,2025-01-06,2025-02-26,2025-03-04,hecho,6,0,S05
AGE-130,Salud,SAL-AGE,Integraciones,bug,AGE-9,1,2025-01-06,2025-02-27,2025-03-11,hecho,12,40,S05
AGE-131,Salud,SAL-AGE,Integraciones,historia,AGE-10,2,2025-01-06,2025-02-28,2025-03-04,hecho,4,0,S05
AGE-132,Salud,SAL-AGE,Integraciones,bug,AGE-10,1,2025-01-06,2025-02-28,2025-03-24,hecho,24,96,S06
AGE-133,Salud,SAL-AGE,Integraciones,tarea,AGE-11,2,2025-01-06,2025-03-03,2025-05-22,hecho,80,432,S10
AGE-134,Salud,SAL-AGE,Integraciones,bug,AGE-11,1,2025-01-06,2025-03-03,2025-03-10,hecho,7,0,S05
AGE-135,Salud,SAL-AGE,Integraciones,historia,AGE-12,5,2025-01-06,2025-03-03,2025-03-14,hecho,11,0,S05
AGE-136,Salud,SAL-AGE,Integraciones,tarea,AGE-12,3,2025-01-06,2025-03-04,2025-03-11,hecho,7,0,S05
AGE-137,Salud,SAL-AGE,Integraciones,historia,AGE-12,5,2025-01-06,2025-03-05,2025-03-21,hecho,16,0,S06
AGE-138,Salud,SAL-AGE,Integraciones,tarea,AGE-13,2,2025-01-06,2025-03-11,2025-04-11,hecho,31,152,S07
AGE-139,Salud,SAL-AGE,Integraciones,bug,AGE-13,1,2025-01-06,2025-03-12,2025-03-18,hecho,6,0,S06
AGE-140,Salud,SAL-AGE,Integraciones,historia,AGE-13,8,2025-01-06,2025-03-13,2025-04-16,hecho,34,0,S08
AGE-141,Salud,SAL-AGE,Integraciones,historia,AGE-13,2,2025-01-06,2025-03-14,2025-04-03,hecho,20,0,S07
AGE-142,Salud,SAL-AGE,Integraciones,historia,AGE-13,2,2025-01-06,2025-03-14,2025-03-24,hecho,10,0,S06
AGE-143,Salud,SAL-AGE,Integraciones,historia,AGE-13,3,2025-01-06,2025-03-20,2025-05-20,hecho,61,272,S10
AGE-144,Salud,SAL-AGE,Integraciones,bug,AGE-13,1,2025-01-06,2025-03-20,2025-03-24,hecho,4,0,S06
AGE-145,Salud,SAL-AGE,Integraciones,historia,AGE-14,5,2025-01-06,2025-03-24,2025-04-01,hecho,8,0,S07
AGE-146,Salud,SAL-AGE,Integraciones,historia,AGE-14,5,2025-01-06,2025-03-27,2025-04-17,hecho,21,0,S08
AGE-147,Salud,SAL-AGE,Integraciones,historia,AGE-14,8,2025-01-06,2025-03-31,2025-04-28,hecho,28,0,S09
AGE-148,Salud,SAL-AGE,Integraciones,historia,AGE-14,2,2025-01-06,2025-04-01,2025-04-11,hecho,10,0,S07
AGE-149,Salud,SAL-AGE,Integraciones,historia,AGE-14,8,2025-01-06,2025-04-21,2025-05-01,hecho,10,0,S09
AGE-150,Salud,SAL-AGE,Integraciones,tarea,AGE-14,2,2025-01-06,2025-04-25,2025-07-30,hecho,96,480,S15
AGE-151,Salud,SAL-AGE,Integraciones,tarea,AGE-15,3,2025-01-06,2025-05-01,2025-05-08,hecho,7,0,S09
AGE-152,Salud,SAL-AGE,Integraciones,historia,AGE-15,2,2025-01-06,2025-05-05,2025-07-22,hecho,78,384,S15
AGE-153,Salud,SAL-AGE,Integraciones,historia,AGE-15,2,2025-01-06,2025-05-13,2025-05-22,hecho,9,0,S10
AGE-154,Salud,SAL-AGE,Integraciones,historia,AGE-15,3,2025-01-06,2025-05-16,2025-05-27,hecho,11,0,S11
AGE-155,Salud,SAL-AGE,Integraciones,historia,AGE-16,8,2025-01-06,2025-05-26,2025-06-12,hecho,17,0,S12
AGE-156,Salud,SAL-AGE,Integraciones,historia,AGE-16,3,2025-01-06,2025-05-27,2025-06-06,hecho,10,0,S11
AGE-157,Salud,SAL-AGE,Plataforma,historia,AGE-1,3,2025-01-06,2025-01-06,2025-01-22,hecho,16,0,S02
AGE-158,Salud,SAL-AGE,Plataforma,historia,AGE-1,3,2025-01-06,2025-01-06,2025-01-14,hecho,8,0,S01
AGE-159,Salud,SAL-AGE,Plataforma,historia,AGE-1,5,2025-01-06,2025-01-06,2025-01-22,hecho,16,0,S02
AGE-160,Salud,SAL-AGE,Plataforma,historia,AGE-1,2,2025-01-06,2025-01-06,2025-01-15,hecho,9,0,S01
AGE-161,Salud,SAL-AGE,Plataforma,historia,AGE-1,2,2025-01-06,2025-01-06,2025-01-13,hecho,7,0,S01
AGE-162,Salud,SAL-AGE,Plataforma,historia,AGE-1,5,2025-01-06,2025-01-06,2025-02-04,hecho,29,0,S03
AGE-163,Salud,SAL-AGE,Plataforma,historia,AGE-1,5,2025-01-06,2025-01-09,2025-01-24,hecho,15,0,S02
AGE-164,Salud,SAL-AGE,Plataforma,bug,AGE-1,1,2025-01-06,2025-01-13,2025-01-20,hecho,7,0,S02
AGE-165,Salud,SAL-AGE,Plataforma,historia,AGE-1,2,2025-01-06,2025-01-14,2025-02-04,hecho,21,96,S03
AGE-166,Salud,SAL-AGE,Plataforma,historia,AGE-1,8,2025-01-06,2025-01-16,2025-02-12,hecho,27,0,S03
AGE-167,Salud,SAL-AGE,Plataforma,bug,AGE-1,2,2025-01-06,2025-01-17,2025-01-24,hecho,7,0,S02
AGE-168,Salud,SAL-AGE,Plataforma,historia,AGE-2,2,2025-01-06,2025-01-20,2025-01-29,hecho,9,0,S02
AGE-169,Salud,SAL-AGE,Plataforma,bug,AGE-2,1,2025-01-06,2025-01-22,2025-01-27,hecho,5,0,S02
AGE-170,Salud,SAL-AGE,Plataforma,bug,AGE-2,1,2025-01-06,2025-01-22,2025-01-27,hecho,5,0,S02
AGE-171,Salud,SAL-AGE,Plataforma,tarea,AGE-2,2,2025-01-06,2025-01-23,2025-02-06,hecho,14,0,S03
AGE-172,Salud,SAL-AGE,Plataforma,historia,AGE-3,5,2025-01-06,2025-01-24,2025-02-12,hecho,19,0,S03
AGE-173,Salud,SAL-AGE,Plataforma,historia,AGE-3,5,2025-01-06,2025-01-27,2025-03-18,hecho,50,0,S06
AGE-174,Salud,SAL-AGE,Plataforma,bug,AGE-3,2,2025-01-06,2025-01-27,2025-02-07,hecho,11,0,S03
AGE-175,Salud,SAL-AGE,Plataforma,tarea,AGE-3,2,2025-01-06,2025-02-04,2025-02-13,hecho,9,0,S03
AGE-176,Salud,SAL-AGE,Plataforma,bug,AGE-3,2,2025-01-06,2025-02-06,2025-02-12,hecho,6,0,S03
AGE-177,Salud,SAL-AGE,Plataforma,tarea,AGE-3,1,2025-01-06,2025-02-06,2025-02-13,hecho,7,0,S03
AGE-178,Salud,SAL-AGE,Plataforma,historia,AGE-4,5,2025-01-06,2025-02-10,2025-02-21,hecho,11,0,S04
AGE-179,Salud,SAL-AGE,Plataforma,historia,AGE-4,8,2025-01-06,2025-02-11,2025-02-27,hecho,16,0,S04
AGE-180,Salud,SAL-AGE,Plataforma,historia,AGE-4,3,2025-01-06,2025-02-11,2025-02-21,hecho,10,0,S04
AGE-181,Salud,SAL-AGE,Plataforma,historia,AGE-4,5,2025-01-06,2025-02-11,2025-03-05,hecho,22,0,S05
AGE-182,Salud,SAL-AGE,Plataforma,historia,AGE-4,2,2025-01-06,2025-02-13,2025-02-27,hecho,14,0,S04
AGE-183,Salud,SAL-AGE,Plataforma,bug,AGE-4,1,2025-01-06,2025-02-19,2025-02-25,hecho,6,0,S04
AGE-184,Salud,SAL-AGE,Plataforma,historia,AGE-5,5,2025-01-06,2025-02-20,2025-03-07,hecho,15,0,S05
AGE-185,Salud,SAL-AGE,Plataforma,historia,AGE-5,5,2025-01-06,2025-02-21,2025-03-20,hecho,27,0,S06
AGE-186,Salud,SAL-AGE,Plataforma,historia,AGE-5,3,2025-01-06,2025-02-27,2025-03-12,hecho,13,0,S05
AGE-187,Salud,SAL-AGE,Plataforma,historia,AGE-5,5,2025-01-06,2025-02-27,2025-04-01,hecho,33,0,S07
AGE-188,Salud,SAL-AGE,Plataforma,historia,AGE-5,3,2025-01-06,2025-03-04,2025-03-11,hecho,7,0,S05
AGE-189,Salud,SAL-AGE,Plataforma,historia,AGE-6,2,2025-01-06,2025-03-05,2025-03-10,hecho,5,0,S05
AGE-190,Salud,SAL-AGE,Plataforma,historia,AGE-6,2,2025-01-06,2025-03-10,2025-03-24,hecho,14,0,S06
AGE-191,Salud,SAL-AGE,Plataforma,historia,AGE-6,5,2025-01-06,2025-03-10,2025-03-25,hecho,15,0,S06
AGE-192,Salud,SAL-AGE,Plataforma,historia,AGE-6,3,2025-01-06,2025-03-10,2025-03-19,hecho,9,0,S06
AGE-193,Salud,SAL-AGE,Plataforma,historia,AGE-7,2,2025-01-06,2025-03-17,2025-03-28,hecho,11,0,S06
AGE-194,Salud,SAL-AGE,Plataforma,historia,AGE-7,8,2025-01-06,2025-03-17,2025-03-28,hecho,11,0,S06
AGE-195,Salud,SAL-AGE,Plataforma,historia,AGE-7,3,2025-01-06,2025-03-20,2025-03-27,hecho,7,0,S06
AGE-196,Salud,SAL-AGE,Plataforma,bug,AGE-7,2,2025-01-06,2025-03-20,2025-03-26,hecho,6,0,S06
AGE-197,Salud,SAL-AGE,Plataforma,historia,AGE-7,2,2025-01-06,2025-03-25,2025-04-02,hecho,8,0,S07
AGE-198,Salud,SAL-AGE,Plataforma,bug,AGE-7,1,2025-01-06,2025-03-25,2025-03-28,hecho,3,0,S06
AGE-199,Salud,SAL-AGE,Plataforma,historia,AGE-7,5,2025-01-06,2025-03-26,2025-04-09,hecho,14,0,S07
AGE-200,Salud,SAL-AGE,Plataforma,historia,AGE-7,3,2025-01-06,2025-03-27,2025-04-07,hecho,11,0,S07
AGE-201,Salud,SAL-AGE,Plataforma,bug,AGE-7,1,2025-01-06,2025-03-27,2025-04-03,hecho,7,0,S07
AGE-202,Salud,SAL-AGE,Plataforma,historia,AGE-8,3,2025-01-06,2025-03-28,2025-04-09,hecho,12,0,S07
AGE-203,Salud,SAL-AGE,Plataforma,historia,AGE-8,8,2025-01-06,2025-03-31,2025-06-10,hecho,71,0,S12
AGE-204,Salud,SAL-AGE,Plataforma,tarea,AGE-8,1,2025-01-06,2025-04-01,2025-04-03,hecho,2,0,S07
AGE-205,Salud,SAL-AGE,Plataforma,historia,AGE-8,2,2025-01-06,2025-04-02,2025-04-08,hecho,6,0,S07
AGE-206,Salud,SAL-AGE,Plataforma,historia,AGE-8,5,2025-01-06,2025-04-02,2025-04-14,hecho,12,0,S08
AGE-207,Salud,SAL-AGE,Plataforma,historia,AGE-8,2,2025-01-06,2025-04-04,2025-04-11,hecho,7,0,S07
AGE-208,Salud,SAL-AGE,Plataforma,tarea,AGE-8,2,2025-01-06,2025-04-04,2025-04-11,hecho,7,0,S07
AGE-209,Salud,SAL-AGE,Plataforma,historia,AGE-8,2,2025-01-06,2025-04-08,2025-04-23,hecho,15,0,S08
AGE-210,Salud,SAL-AGE,Plataforma,tarea,AGE-9,2,2025-01-06,2025-04-10,2025-04-15,hecho,5,0,S08
AGE-211,Salud,SAL-AGE,Plataforma,historia,AGE-9,5,2025-01-06,2025-04-11,2025-05-06,hecho,25,0,S09
AGE-212,Salud,SAL-AGE,Plataforma,historia,AGE-9,2,2025-01-06,2025-04-22,2025-04-28,hecho,6,0,S09
AGE-213,Salud,SAL-AGE,Plataforma,historia,AGE-10,2,2025-01-06,2025-04-28,2025-05-02,hecho,4,0,S09
AGE-214,Salud,SAL-AGE,Plataforma,historia,AGE-10,8,2025-01-06,2025-05-01,2025-05-26,hecho,25,0,S11
AGE-215,Salud,SAL-AGE,Plataforma,bug,AGE-10,1,2025-01-06,2025-05-14,2025-05-16,hecho,2,0,S10
AGE-216,Salud,SAL-AGE,Plataforma,historia,AGE-10,5,2025-01-06,2025-05-19,2025-06-04,hecho,16,0,S11
AGE-217,Salud,SAL-AGE,Plataforma,historia,AGE-10,2,2025-01-06,2025-05-19,2025-05-27,hecho,8,0,S11
AGE-218,Salud,SAL-AGE,Plataforma,historia,AGE-10,5,2025-01-06,2025-05-23,2025-06-05,hecho,13,0,S11
AGE-219,Salud,SAL-AGE,Plataforma,bug,AGE-10,1,2025-01-06,2025-05-29,2025-06-04,hecho,6,0,S11
AGE-220,Salud,SAL-AGE,Plataforma,historia,AGE-10,3,2025-01-06,2025-06-03,2025-06-17,hecho,14,0,S12
AGE-221,Salud,SAL-AGE,Plataforma,historia,AGE-10,2,2025-01-06,2025-06-03,2025-06-09,hecho,6,0,S12
AGE-222,Salud,SAL-AGE,Plataforma,historia,AGE-11,5,2025-01-06,2025-06-05,2025-06-30,hecho,25,0,S13
AGE-223,Salud,SAL-AGE,Plataforma,bug,AGE-11,2,2025-01-06,2025-06-06,2025-06-12,hecho,6,0,S12
AGE-224,Salud,SAL-AGE,Plataforma,historia,AGE-11,5,2025-01-06,2025-06-09,2025-06-18,hecho,9,0,S12
AGE-225,Salud,SAL-AGE,Plataforma,historia,AGE-11,3,2025-01-06,2025-06-09,2025-06-25,hecho,16,0,S13
AGE-226,Salud,SAL-AGE,Plataforma,historia,AGE-12,3,2025-01-06,2025-06-11,2025-06-25,hecho,14,0,S13
AGE-227,Salud,SAL-AGE,Plataforma,historia,AGE-12,2,2025-01-06,2025-06-11,2025-06-17,hecho,6,0,S12
AGE-228,Salud,SAL-AGE,Plataforma,historia,AGE-12,2,2025-01-06,2025-06-16,2025-06-27,hecho,11,0,S13
AGE-229,Salud,SAL-AGE,Plataforma,historia,AGE-12,2,2025-01-06,2025-06-17,2025-06-24,hecho,7,0,S13
AGE-230,Salud,SAL-AGE,Plataforma,tarea,AGE-12,2,2025-01-06,2025-06-17,2025-06-23,hecho,6,0,S13
AGE-231,Salud,SAL-AGE,Plataforma,historia,AGE-12,3,2025-01-06,2025-06-20,2025-06-27,hecho,7,0,S13
AGE-232,Salud,SAL-AGE,Plataforma,historia,AGE-12,3,2025-01-06,2025-06-23,2025-07-07,hecho,14,0,S14
AGE-233,Salud,SAL-AGE,Plataforma,historia,AGE-13,3,2025-01-06,2025-06-23,2025-07-09,hecho,16,0,S14
AGE-234,Salud,SAL-AGE,Plataforma,historia,AGE-13,5,2025-01-06,2025-06-24,2025-07-21,hecho,27,0,S15
AGE-235,Salud,SAL-AGE,Plataforma,historia,AGE-13,2,2025-01-06,2025-06-25,2025-07-09,hecho,14,0,S14
AGE-236,Salud,SAL-AGE,Plataforma,historia,AGE-14,5,2025-01-06,2025-06-26,2025-07-08,hecho,12,0,S14
AGE-237,Salud,SAL-AGE,Plataforma,tarea,AGE-14,1,2025-01-06,2025-07-07,2025-07-08,hecho,1,0,S14
AGE-238,Salud,SAL-AGE,Plataforma,bug,AGE-14,1,2025-01-06,2025-07-08,2025-07-11,hecho,3,0,S14
AGE-239,Salud,SAL-AGE,Plataforma,historia,AGE-14,2,2025-01-06,2025-07-08,2025-07-21,hecho,13,0,S15
AGE-240,Salud,SAL-AGE,Plataforma,bug,AGE-14,2,2025-01-06,2025-07-11,2025-07-23,hecho,12,0,S15
AGE-241,Salud,SAL-AGE,Plataforma,historia,AGE-15,8,2025-01-06,2025-07-14,2025-08-04,hecho,21,0,S16
AGE-242,Salud,SAL-AGE,Plataforma,historia,AGE-15,8,2025-01-06,2025-07-15,2025-08-05,hecho,21,0,S16
AGE-243,Salud,SAL-AGE,Plataforma,historia,AGE-15,5,2025-01-06,2025-07-21,2025-07-29,hecho,8,0,S15
AGE-244,Salud,SAL-AGE,Plataforma,historia,AGE-16,2,2025-01-06,2025-08-01,2025-08-19,hecho,18,0,S17
AGE-245,Salud,SAL-AGE,Producto,tarea,AGE-1,1,2025-01-06,2025-01-06,2025-01-13,hecho,7,0,S01
AGE-246,Salud,SAL-AGE,Producto,tarea,AGE-1,3,2025-01-06,2025-01-06,2025-01-15,hecho,9,0,S01
AGE-247,Salud,SAL-AGE,Producto,historia,AGE-1,8,2025-01-06,2025-01-06,2025-02-03,hecho,28,0,S03
AGE-248,Salud,SAL-AGE,Producto,historia,AGE-1,3,2025-01-06,2025-01-06,2025-01-14,hecho,8,0,S01
AGE-249,Salud,SAL-AGE,Producto,historia,AGE-1,2,2025-01-06,2025-01-06,2025-01-23,hecho,17,56,S02
AGE-250,Salud,SAL-AGE,Producto,historia,AGE-1,2,2025-01-06,2025-01-06,2025-01-13,hecho,7,0,S01
AGE-251,Salud,SAL-AGE,Producto,historia,AGE-1,2,2025-01-06,2025-01-09,2025-01-15,hecho,6,0,S01
AGE-252,Salud,SAL-AGE,Producto,historia,AGE-1,5,2025-01-06,2025-01-09,2025-01-28,hecho,19,0,S02
AGE-253,Salud,SAL-AGE,Producto,tarea,AGE-1,3,2025-01-06,2025-01-13,2025-01-22,hecho,9,0,S02
AGE-254,Salud,SAL-AGE,Producto,historia,AGE-2,5,2025-01-06,2025-01-13,2025-01-30,hecho,17,0,S02
AGE-255,Salud,SAL-AGE,Producto,bug,AGE-2,2,2025-01-06,2025-01-13,2025-01-22,hecho,9,0,S02
AGE-256,Salud,SAL-AGE,Producto,historia,AGE-2,2,2025-01-06,2025-01-14,2025-01-22,hecho,8,0,S02
AGE-257,Salud,SAL-AGE,Producto,historia,AGE-2,5,2025-01-06,2025-01-20,2025-02-04,hecho,15,0,S03
AGE-258,Salud,SAL-AGE,Producto,tarea,AGE-2,2,2025-01-06,2025-01-21,2025-01-24,hecho,3,0,S02
AGE-259,Salud,SAL-AGE,Producto,historia,AGE-2,2,2025-01-06,2025-01-22,2025-02-03,hecho,12,0,S03
AGE-260,Salud,SAL-AGE,Producto,historia,AGE-2,5,2025-01-06,2025-01-24,2025-02-04,hecho,11,0,S03
AGE-261,Salud,SAL-AGE,Producto,historia,AGE-2,2,2025-01-06,2025-01-24,2025-01-30,hecho,6,0,S02
AGE-262,Salud,SAL-AGE,Producto,historia,AGE-3,3,2025-01-06,2025-01-29,2025-02-05,hecho,7,0,S03
AGE-263,Salud,SAL-AGE,Producto,historia,AGE-3,8,2025-01-06,2025-01-30,2025-02-14,hecho,15,0,S03
AGE-264,Salud,SAL-AGE,Producto,tarea,AGE-3,2,2025-01-06,2025-01-30,2025-02-04,hecho,5,0,S03
AGE-265,Salud,SAL-AGE,Producto,bug,AGE-3,2,2025-01-06,2025-02-03,2025-02-10,hecho,7,0,S03
AGE-266,Salud,SAL-AGE,Producto,historia,AGE-3,3,2025-01-06,2025-02-03,2025-02-17,hecho,14,0,S04
AGE-267,Salud,SAL-AGE,Producto,bug,AGE-3,1,2025-01-06,2025-02-03,2025-02-11,hecho,8,0,S03
AGE-268,Salud,SAL-AGE,Producto,tarea,AGE-3,2,2025-01-06,2025-02-04,2025-02-12,hecho,8,0,S03
AGE-269,Salud,SAL-AGE,Producto,tarea,AGE-4,2,2025-01-06,2025-02-04,2025-02-14,hecho,10,0,S03
AGE-270,Salud,SAL-AGE,Producto,historia,AGE-4,5,2025-01-06,2025-02-07,2025-02-18,hecho,11,0,S04
AGE-271,Salud,SAL-AGE,Producto,historia,AGE-4,3,2025-01-06,2025-02-07,2025-02-18,hecho,11,0,S04
AGE-272,Salud,SAL-AGE,Producto,bug,AGE-4,2,2025-01-06,2025-02-10,2025-02-13,hecho,3,0,S03
AGE-273,Salud,SAL-AGE,Producto,historia,AGE-4,8,2025-01-06,2025-02-13,2025-03-10,hecho,25,0,S05
AGE-274,Salud,SAL-AGE,Producto,historia,AGE-5,3,2025-01-06,2025-02-13,2025-02-20,hecho,7,0,S04
AGE-275,Salud,SAL-AGE,Producto,tarea,AGE-6,2,2025-01-06,2025-02-13,2025-02-25,hecho,12,0,S04
AGE-276,Salud,SAL-AGE,Producto,historia,AGE-6,3,2025-01-06,2025-02-14,2025-02-26,hecho,12,0,S04
AGE-277,Salud,SAL-AGE,Producto,bug,AGE-6,2,2025-01-06,2025-02-14,2025-02-24,hecho,10,0,S04
AGE-278,Salud,SAL-AGE,Producto,historia,AGE-6,2,2025-01-06,2025-02-18,2025-02-26,hecho,8,0,S04
AGE-279,Salud,SAL-AGE,Producto,historia,AGE-6,3,2025-01-06,2025-02-20,2025-03-03,hecho,11,0,S05
AGE-280,Salud,SAL-AGE,Producto,tarea,AGE-6,1,2025-01-06,2025-02-20,2025-02-26,hecho,6,0,S04
AGE-281,Salud,SAL-AGE,Producto,historia,AGE-7,2,2025-01-06,2025-02-24,2025-02-27,hecho,3,0,S04
AGE-282,Salud,SAL-AGE,Producto,historia,AGE-7,3,2025-01-06,2025-02-24,2025-03-05,hecho,9,0,S05
AGE-283,Salud,SAL-AGE,Producto,bug,AGE-7,2,2025-01-06,2025-02-24,2025-03-12,hecho,16,0,S05
AGE-284,Salud,SAL-AGE,Producto,historia,AGE-7,3,2025-01-06,2025-02-24,2025-03-06,hecho,10,0,S05
AGE-285,Salud,SAL-AGE,Producto,bug,AGE-7,2,2025-01-06,2025-02-26,2025-03-04,hecho,6,0,S05
AGE-286,Salud,SAL-AGE,Producto,historia,AGE-8,2,2025-01-06,2025-03-03,2025-04-14,hecho,42,200,S08
AGE-287,Salud,SAL-AGE,Producto,historia,AGE-8,3,2025-01-06,2025-03-03,2025-03-07,hecho,4,0,S05
AGE-288,Salud,SAL-AGE,Producto,historia,AGE-8,5,2025-01-06,2025-03-04,2025-03-26,hecho,22,48,S06
AGE-289,Salud,SAL-AGE,Producto,historia,AGE-8,2,2025-01-06,2025-03-04,2025-04-16,hecho,43,208,S08
AGE-290,Salud,SAL-AGE,Producto,historia,AGE-8,5,2025-01-06,2025-03-05,2025-03-19,hecho,14,0,S06
AGE-291,Salud,SAL-AGE,Producto,historia,AGE-8,3,2025-01-06,2025-03-05,2025-03-12,hecho,7,0,S05
AGE-292,Salud,SAL-AGE,Producto,tarea,AGE-8,2,2025-01-06,2025-03-06,2025-03-12,hecho,6,0,S05
AGE-293,Salud,SAL-AGE,Producto,historia,AGE-8,5,2025-01-06,2025-03-07,2025-03-19,hecho,12,0,S06
AGE-294,Salud,SAL-AGE,Producto,historia,AGE-8,2,2025-01-06,2025-03-10,2025-03-14,hecho,4,0,S05
AGE-295,Salud,SAL-AGE,Producto,tarea,AGE-8,3,2025-01-06,2025-03-10,2025-03-27,hecho,17,0,S06
AGE-296,Salud,SAL-AGE,Producto,historia,AGE-9,3,2025-01-06,2025-03-12,2025-03-19,hecho,7,0,S06
AGE-297,Salud,SAL-AGE,Producto,historia,AGE-9,5,2025-01-06,2025-03-12,2025-03-24,hecho,12,0,S06
AGE-298,Salud,SAL-AGE,Producto,historia,AGE-9,2,2025-01-06,2025-03-13,2025-03-24,hecho,11,0,S06
AGE-299,Salud,SAL-AGE,Producto,historia,AGE-9,3,2025-01-06,2025-03-17,2025-03-27,hecho,10,0,S06
AGE-300,Salud,SAL-AGE,Producto,bug,AGE-9,1,2025-01-06,2025-03-17,2025-03-21,hecho,4,0,S06
AGE-301,Salud,SAL-AGE,Producto,historia,AGE-9,3,2025-01-06,2025-03-19,2025-03-26,hecho,7,0,S06
AGE-302,Salud,SAL-AGE,Producto,historia,AGE-9,3,2025-01-06,2025-03-21,2025-03-27,hecho,6,0,S06
AGE-303,Salud,SAL-AGE,Producto,historia,AGE-9,3,2025-01-06,2025-03-24,2025-04-04,hecho,11,0,S07
AGE-304,Salud,SAL-AGE,Producto,historia,AGE-9,8,2025-01-06,2025-03-24,2025-05-01,hecho,38,0,S09
AGE-305,Salud,SAL-AGE,Producto,bug,AGE-10,2,2025-01-06,2025-03-25,2025-03-31,hecho,6,0,S07
AGE-306,Salud,SAL-AGE,Producto,historia,AGE-10,3,2025-01-06,2025-03-25,2025-04-04,hecho,10,0,S07
AGE-307,Salud,SAL-AGE,Producto,historia,AGE-11,2,2025-01-06,2025-03-25,2025-05-07,hecho,43,208,S09
AGE-308,Salud,SAL-AGE,Producto,historia,AGE-11,3,2025-01-06,2025-03-25,2025-04-03,hecho,9,0,S07
AGE-309,Salud,SAL-AGE,Producto,tarea,AGE-11,1,2025-01-06,2025-03-26,2025-03-31,hecho,5,0,S07
AGE-310,Salud,SAL-AGE,Producto,historia,AGE-11,3,2025-01-06,2025-03-27,2025-04-23,hecho,27,112,S08
AGE-311,Salud,SAL-AGE,Producto,historia,AGE-11,3,2025-01-06,2025-03-28,2025-04-11,hecho,14,0,S07
AGE-312,Salud,SAL-AGE,Producto,historia,AGE-12,2,2025-01-06,2025-04-01,2025-04-07,hecho,6,0,S07
AGE-313,Salud,SAL-AGE,Producto,historia,AGE-12,3,2025-01-06,2025-04-03,2025-04-23,hecho,20,0,S08
AGE-314,Salud,SAL-AGE,Producto,historia,AGE-12,8,2025-01-06,2025-04-04,2025-04-21,hecho,17,0,S08
AGE-315,Salud,SAL-AGE,Producto,historia,AGE-12,5,2025-01-06,2025-04-04,2025-04-18,hecho,14,0,S08
AGE-316,Salud,SAL-AGE,Producto,bug,AGE-12,2,2025-01-06,2025-04-04,2025-04-14,hecho,10,0,S08
AGE-317,Salud,SAL-AGE,Producto,historia,AGE-12,2,2025-01-06,2025-04-15,2025-04-22,hecho,7,0,S08
AGE-318,Salud,SAL-AGE,Producto,historia,AGE-12,2,2025-01-06,2025-04-16,2025-04-23,hecho,7,0,S08
AGE-319,Salud,SAL-AGE,Producto,bug,AGE-12,2,2025-01-06,2025-04-17,2025-04-24,hecho,7,0,S08
AGE-320,Salud,SAL-AGE,Producto,tarea,AGE-12,1,2025-01-06,2025-04-18,2025-04-28,hecho,10,0,S09
AGE-321,Salud,SAL-AGE,Producto,historia,AGE-13,3,2025-01-06,2025-04-21,2025-04-28,hecho,7,0,S09
AGE-322,Salud,SAL-AGE,Producto,historia,AGE-13,2,2025-01-06,2025-04-22,2025-04-28,hecho,6,0,S09
AGE-323,Salud,SAL-AGE,Producto,historia,AGE-13,2,2025-01-06,2025-04-22,2025-04-28,hecho,6,0,S09
AGE-324,Salud,SAL-AGE,Producto,tarea,AGE-13,2,2025-01-06,2025-04-24,2025-04-30,hecho,6,0,S09
AGE-325,Salud,SAL-AGE,Producto,bug,AGE-13,1,2025-01-06,2025-04-24,2025-04-29,hecho,5,0,S09
AGE-326,Salud,SAL-AGE,Producto,historia,AGE-13,5,2025-01-06,2025-04-25,2025-05-09,hecho,14,0,S09
AGE-327,Salud,SAL-AGE,Producto,tarea,AGE-14,2,2025-01-06,2025-04-28,2025-05-06,hecho,8,0,S09
AGE-328,Salud,SAL-AGE,Producto,historia,AGE-14,5,2025-01-06,2025-04-28,2025-05-07,hecho,9,0,S09
AGE-329,Salud,SAL-AGE,Producto,historia,AGE-14,2,2025-01-06,2025-04-28,2025-05-06,hecho,8,0,S09
AGE-330,Salud,SAL-AGE,Producto,historia,AGE-14,3,2025-01-06,2025-05-06,2025-05-12,hecho,6,0,S10
AGE-331,Salud,SAL-AGE,Producto,historia,AGE-14,2,2025-01-06,2025-05-12,2025-05-16,hecho,4,0,S10
AGE-332,Salud,SAL-AGE,Producto,tarea,AGE-14,1,2025-01-06,2025-05-15,2025-05-19,hecho,4,0,S10
AGE-333,Salud,SAL-AGE,Producto,tarea,AGE-14,2,2025-01-06,2025-05-19,2025-05-23,hecho,4,0,S10
AGE-334,Salud,SAL-AGE,Producto,historia,AGE-14,2,2025-01-06,2025-05-19,2025-05-22,hecho,3,0,S10
AGE-335,Salud,SAL-AGE,Producto,tarea,AGE-14,2,2025-01-06,2025-05-20,2025-05-30,hecho,10,0,S11
AGE-336,Salud,SAL-AGE,Producto,historia,AGE-14,3,2025-01-06,2025-05-20,2025-05-30,hecho,10,0,S11
AGE-337,Salud,SAL-AGE,Producto,historia,AGE-14,8,2025-01-06,2025-05-22,2025-06-17,hecho,26,0,S12
AGE-338,Salud,SAL-AGE,Producto,historia,AGE-14,8,2025-01-06,2025-05-27,2025-06-11,hecho,15,0,S12
AGE-339,Salud,SAL-AGE,Producto,historia,AGE-15,3,2025-01-06,2025-05-30,2025-06-10,hecho,11,0,S12
AGE-340,Salud,SAL-AGE,Producto,tarea,AGE-15,2,2025-01-06,2025-05-30,2025-06-18,hecho,19,0,S12
AGE-341,Salud,SAL-AGE,Producto,bug,AGE-15,1,2025-01-06,2025-06-02,2025-06-04,hecho,2,0,S11
AGE-342,Salud,SAL-AGE,Producto,historia,AGE-15,8,2025-01-06,2025-06-06,2025-07-02,hecho,26,0,S13
AGE-343,Salud,SAL-AGE,Producto,tarea,AGE-16,3,2025-01-06,2025-06-09,2025-06-19,hecho,10,0,S12
AGE-344,Salud,SAL-AGE,Producto,historia,AGE-16,2,2025-01-06,2025-06-11,2025-06-13,hecho,2,0,S12
AGE-345,Salud,SAL-AGE,Producto,bug,AGE-16,1,2025-01-06,2025-06-13,2025-06-18,hecho,5,0,S12
AGE-346,Salud,SAL-AGE,QA,historia,AGE-1,2,2025-01-06,2025-01-06,2025-01-08,hecho,2,0,S01
AGE-347,Salud,SAL-AGE,QA,historia,AGE-1,5,2025-01-06,2025-01-06,2025-01-29,hecho,23,0,S02
AGE-348,Salud,SAL-AGE,QA,historia,AGE-1,3,2025-01-06,2025-01-06,2025-01-13,hecho,7,0,S01
AGE-349,Salud,SAL-AGE,QA,historia,AGE-1,3,2025-01-06,2025-01-08,2025-01-16,hecho,8,0,S01
AGE-350,Salud,SAL-AGE,QA,historia,AGE-2,2,2025-01-06,2025-01-10,2025-01-20,hecho,10,0,S02
AGE-351,Salud,SAL-AGE,QA,historia,AGE-3,2,2025-01-06,2025-01-14,2025-02-25,hecho,42,192,S04
AGE-352,Salud,SAL-AGE,QA,historia,AGE-3,3,2025-01-06,2025-01-15,2025-01-22,hecho,7,0,S02
AGE-353,Salud,SAL-AGE,QA,historia,AGE-4,5,2025-01-06,2025-01-17,2025-01-30,hecho,13,0,S02
AGE-354,Salud,SAL-AGE,QA,historia,AGE-4,3,2025-01-06,2025-01-22,2025-01-28,hecho,6,0,S02
AGE-355,Salud,SAL-AGE,QA,historia,AGE-4,2,2025-01-06,2025-01-27,2025-01-31,hecho,4,0,S02
AGE-356,Salud,SAL-AGE,QA,tarea,AGE-5,3,2025-01-06,2025-01-28,2025-02-12,hecho,15,0,S03
AGE-357,Salud,SAL-AGE,QA,bug,AGE-5,2,2025-01-06,2025-01-28,2025-02-05,hecho,8,0,S03
AGE-358,Salud,SAL-AGE,QA,historia,AGE-5,5,2025-01-06,2025-01-31,2025-02-18,hecho,18,0,S04
AGE-359,Salud,SAL-AGE,QA,historia,AGE-5,5,2025-01-06,2025-02-03,2025-02-14,hecho,11,0,S03
AGE-360,Salud,SAL-AGE,QA,historia,AGE-5,2,2025-01-06,2025-02-10,2025-02-21,hecho,11,0,S04
AGE-361,Salud,SAL-AGE,QA,historia,AGE-5,2,2025-01-06,2025-02-13,2025-02-20,hecho,7,0,S04
AGE-362,Salud,SAL-AGE,QA,historia,AGE-6,2,2025-01-06,2025-02-14,2025-02-24,hecho,10,0,S04
AGE-363,Salud,SAL-AGE,QA,historia,AGE-7,2,2025-01-06,2025-02-19,2025-02-27,hecho,8,0,S04
AGE-364,Salud,SAL-AGE,QA,historia,AGE-8,3,2025-01-06,2025-02-21,2025-03-14,hecho,21,0,S05
AGE-365,Salud,SAL-AGE,QA,historia,AGE-8,3,2025-01-06,2025-02-24,2025-03-06,hecho,10,0,S05
AGE-366,Salud,SAL-AGE,QA,historia,AGE-9,2,2025-01-06,2025-02-26,2025-03-05,hecho,7,0,S05
AGE-367,Salud,SAL-AGE,QA,bug,AGE-10,2,2025-01-06,2025-03-04,2025-03-27,hecho,23,0,S06
AGE-368,Salud,SAL-AGE,QA,historia,AGE-10,2,2025-01-06,2025-03-06,2025-03-14,hecho,8,0,S05
AGE-369,Salud,SAL-AGE,QA,historia,AGE-10,3,2025-01-06,2025-03-12,2025-03-25,hecho,13,0,S06
AGE-370,Salud,SAL-AGE,QA,historia,AGE-10,5,2025-01-06,2025-03-13,2025-03-28,hecho,15,0,S06
AGE-371,Salud,SAL-AGE,QA,historia,AGE-10,5,2025-01-06,2025-03-24,2025-04-03,hecho,10,0,S07
AGE-372,Salud,SAL-AGE,QA,historia,AGE-11,3,2025-01-06,2025-03-26,2025-04-02,hecho,7,0,S07
AGE-373,Salud,SAL-AGE,QA,historia,AGE-11,2,2025-01-06,2025-03-27,2025-04-14,hecho,18,0,S08
AGE-374,Salud,SAL-AGE,QA,tarea,AGE-12,3,2025-01-06,2025-04-01,2025-04-24,hecho,23,56,S08
AGE-375,Salud,SAL-AGE,QA,tarea,AGE-12,1,2025-01-06,2025-04-02,2025-04-07,hecho,5,0,S07
AGE-376,Salud,SAL-AGE,QA,tarea,AGE-13,3,2025-01-06,2025-04-11,2025-04-22,hecho,11,0,S08
AGE-377,Salud,SAL-AGE,QA,historia,AGE-13,5,2025-01-06,2025-04-18,2025-05-29,hecho,41,0,S11
AGE-378,Salud,SAL-AGE,QA,bug,AGE-14,2,2025-01-06,2025-04-23,2025-04-29,hecho,6,0,S09
AGE-379,Salud,SAL-AGE,QA,historia,AGE-14,3,2025-01-06,2025-05-06,2025-05-14,hecho,8,0,S10
AGE-380,Salud,SAL-AGE,QA,historia,AGE-14,3,2025-01-06,2025-05-30,2025-06-13,hecho,14,0,S12
AGE-381,Salud,SAL-AGE,QA,tarea,AGE-15,3,2025-01-06,2025-06-10,2025-07-04,hecho,24,0,S13
AGE-382,Salud,SAL-AGE,QA,historia,AGE-15,2,2025-01-06,2025-06-10,2025-06-17,hecho,7,0,S12
AGE-383,Salud,SAL-AGE,QA,tarea,AGE-15,3,2025-01-06,2025-06-11,2025-06-17,hecho,6,0,S12
AGE-384,Salud,SAL-AGE,QA,historia,AGE-15,3,2025-01-06,2025-06-16,2025-06-25,hecho,9,0,S13
AGE-385,Salud,SAL-AGE,QA,historia,AGE-16,3,2025-01-06,2025-07-09,2025-07-21,hecho,12,0,S15
AGE-386,Salud,SAL-AGE,QA,historia,AGE-16,3,2025-01-06,2025-07-15,2025-07-29,hecho,14,0,S15
AGE-387,Salud,SAL-AGE,QA,historia,AGE-16,5,2025-01-06,2025-08-04,2025-08-11,hecho,7,0,S16
AGE-388,Salud,SAL-AGE,QA,historia,AGE-16,5,2025-01-06,2025-08-11,2025-09-04,hecho,24,0,S18
CAM-1,Salud,SAL-CAM,Producto,epica,,,2026-03-02,2026-03-03,2026-05-13,hecho,,,
CAM-2,Salud,SAL-CAM,Producto,epica,,,2026-03-02,2026-03-17,2026-09-01,hecho,,,
CAM-3,Salud,SAL-CAM,Producto,epica,,,2026-03-02,2026-04-06,2026-09-11,hecho,,,
CAM-4,Salud,SAL-CAM,Producto,epica,,,2026-03-02,2026-04-28,2026-09-04,hecho,,,
CAM-5,Salud,SAL-CAM,Producto,epica,,,2026-03-02,2026-05-11,,en_curso,,,
CAM-6,Salud,SAL-CAM,Producto,epica,,,2026-03-02,2026-05-19,,en_curso,,,
CAM-7,Salud,SAL-CAM,Producto,epica,,,2026-03-02,2026-07-06,,en_curso,,,
CAM-8,Salud,SAL-CAM,Producto,epica,,,2026-03-02,2026-07-10,,en_curso,,,
CAM-9,Salud,SAL-CAM,Producto,epica,,,2026-03-02,2026-08-18,,en_curso,,,
CAM-10,Salud,SAL-CAM,Producto,epica,,,2026-03-02,2026-09-01,,en_curso,,,
CAM-11,Salud,SAL-CAM,Producto,epica,,,2026-03-02,,,por_hacer,,,
CAM-12,Salud,SAL-CAM,Producto,epica,,,2026-03-02,,,por_hacer,,,
CAM-13,Salud,SAL-CAM,Producto,epica,,,2026-03-02,,,por_hacer,,,
CAM-14,Salud,SAL-CAM,Datos,bug,CAM-1,1,2026-03-02,2026-03-03,2026-03-10,hecho,7,0,S31
CAM-15,Salud,SAL-CAM,Datos,historia,CAM-1,5,2026-03-02,2026-03-04,2026-03-13,hecho,9,0,S31
CAM-16,Salud,SAL-CAM,Datos,tarea,CAM-1,2,2026-03-02,2026-03-10,2026-03-18,hecho,8,0,S32
CAM-17,Salud,SAL-CAM,Datos,historia,CAM-1,3,2026-03-02,2026-03-11,2026-03-25,hecho,14,0,S32
CAM-18,Salud,SAL-CAM,Datos,historia,CAM-1,3,2026-03-02,2026-03-19,2026-04-01,hecho,13,0,S33
CAM-19,Salud,SAL-CAM,Datos,historia,CAM-1,3,2026-03-02,2026-03-19,2026-03-27,hecho,8,0,S32
CAM-20,Salud,SAL-CAM,Datos,historia,CAM-2,3,2026-03-02,2026-03-24,2026-06-08,hecho,76,400,S38
CAM-21,Salud,SAL-CAM,Datos,historia,CAM-2,3,2026-03-02,2026-03-26,2026-04-09,hecho,14,0,S33
CAM-22,Salud,SAL-CAM,Datos,historia,CAM-2,3,2026-03-02,2026-03-27,2026-04-06,hecho,10,0,S33
CAM-23,Salud,SAL-CAM,Datos,historia,CAM-2,5,2026-03-02,2026-03-31,2026-04-23,hecho,23,0,S34
CAM-24,Salud,SAL-CAM,Datos,historia,CAM-2,3,2026-03-02,2026-04-02,2026-04-10,hecho,8,0,S33
CAM-25,Salud,SAL-CAM,Datos,historia,CAM-2,5,2026-03-02,2026-04-03,2026-04-17,hecho,14,0,S34
CAM-26,Salud,SAL-CAM,Datos,historia,CAM-3,2,2026-03-02,2026-04-06,2026-04-14,hecho,8,0,S34
CAM-27,Salud,SAL-CAM,Datos,tarea,CAM-3,2,2026-03-02,2026-04-06,2026-04-13,hecho,7,0,S34
CAM-28,Salud,SAL-CAM,Datos,historia,CAM-3,5,2026-03-02,2026-04-09,2026-04-23,hecho,14,0,S34
CAM-29,Salud,SAL-CAM,Datos,historia,CAM-3,2,2026-03-02,2026-04-10,2026-09-10,hecho,153,840,S44
CAM-30,Salud,SAL-CAM,Datos,historia,CAM-3,2,2026-03-02,2026-04-14,2026-06-12,hecho,59,312,S38
CAM-31,Salud,SAL-CAM,Datos,bug,CAM-3,1,2026-03-02,2026-04-16,2026-04-23,hecho,7,0,S34
CAM-32,Salud,SAL-CAM,Datos,historia,CAM-3,5,2026-03-02,2026-04-22,2026-09-10,hecho,141,696,S44
CAM-33,Salud,SAL-CAM,Datos,historia,CAM-3,5,2026-03-02,2026-04-23,2026-09-11,hecho,141,704,S44
CAM-34,Salud,SAL-CAM,Datos,historia,CAM-3,3,2026-03-02,2026-04-28,2026-05-04,hecho,6,0,S35
CAM-35,Salud,SAL-CAM,Datos,historia,CAM-3,8,2026-03-02,2026-05-01,2026-05-25,hecho,24,0,S37
CAM-36,Salud,SAL-CAM,Datos,historia,CAM-3,3,2026-03-02,2026-05-04,2026-05-13,hecho,9,0,S36
CAM-37,Salud,SAL-CAM,Datos,historia,CAM-3,2,2026-03-02,2026-05-15,2026-05-22,hecho,7,0,S36
CAM-38,Salud,SAL-CAM,Datos,tarea,CAM-4,2,2026-03-02,2026-05-21,2026-05-27,hecho,6,0,S37
CAM-39,Salud,SAL-CAM,Datos,historia,CAM-4,3,2026-03-02,2026-05-22,2026-06-02,hecho,11,0,S37
CAM-40,Salud,SAL-CAM,Datos,historia,CAM-4,2,2026-03-02,2026-05-27,2026-06-03,hecho,7,0,S37
CAM-41,Salud,SAL-CAM,Datos,historia,CAM-4,5,2026-03-02,2026-05-28,2026-06-23,hecho,26,0,S39
CAM-42,Salud,SAL-CAM,Datos,historia,CAM-4,3,2026-03-02,2026-06-01,2026-06-10,hecho,9,0,S38
CAM-43,Salud,SAL-CAM,Datos,tarea,CAM-4,1,2026-03-02,2026-06-02,2026-06-08,hecho,6,0,S38
CAM-44,Salud,SAL-CAM,Datos,historia,CAM-4,5,2026-03-02,2026-06-04,2026-06-24,hecho,20,0,S39
CAM-45,Salud,SAL-CAM,Datos,historia,CAM-4,5,2026-03-02,2026-06-08,2026-06-23,hecho,15,0,S39
CAM-46,Salud,SAL-CAM,Datos,historia,CAM-4,5,2026-03-02,2026-06-08,2026-06-18,hecho,10,0,S38
CAM-47,Salud,SAL-CAM,Datos,bug,CAM-4,2,2026-03-02,2026-06-12,2026-06-17,hecho,5,0,S38
CAM-48,Salud,SAL-CAM,Datos,historia,CAM-4,2,2026-03-02,2026-06-17,2026-06-24,hecho,7,0,S39
CAM-49,Salud,SAL-CAM,Datos,bug,CAM-4,1,2026-03-02,2026-06-17,2026-06-24,hecho,7,0,S39
CAM-50,Salud,SAL-CAM,Datos,bug,CAM-4,1,2026-03-02,2026-06-22,2026-06-26,hecho,4,0,S39
CAM-51,Salud,SAL-CAM,Datos,historia,CAM-4,3,2026-03-02,2026-06-22,2026-07-02,hecho,10,0,S39
CAM-52,Salud,SAL-CAM,Datos,historia,CAM-5,2,2026-03-02,2026-06-24,2026-07-06,hecho,12,0,S40
CAM-53,Salud,SAL-CAM,Datos,bug,CAM-5,2,2026-03-02,2026-06-30,2026-09-03,hecho,65,328,S44
CAM-54,Salud,SAL-CAM,Datos,historia,CAM-5,3,2026-03-02,2026-07-01,2026-07-10,hecho,9,0,S40
CAM-55,Salud,SAL-CAM,Datos,historia,CAM-5,8,2026-03-02,2026-07-02,2026-07-31,hecho,29,0,S41
CAM-56,Salud,SAL-CAM,Datos,historia,CAM-5,5,2026-03-02,2026-07-07,2026-07-17,hecho,10,0,S40
CAM-57,Salud,SAL-CAM,Datos,historia,CAM-5,3,2026-03-02,2026-07-08,2026-07-22,hecho,14,0,S41
CAM-58,Salud,SAL-CAM,Datos,historia,CAM-6,3,2026-03-02,2026-07-09,2026-07-22,hecho,13,0,S41
CAM-59,Salud,SAL-CAM,Datos,historia,CAM-6,3,2026-03-02,2026-07-10,2026-07-16,hecho,6,0,S40
CAM-60,Salud,SAL-CAM,Datos,historia,CAM-6,2,2026-03-02,2026-07-15,2026-07-23,hecho,8,0,S41
CAM-61,Salud,SAL-CAM,Datos,bug,CAM-6,1,2026-03-02,2026-07-16,2026-07-24,hecho,8,0,S41
CAM-62,Salud,SAL-CAM,Datos,tarea,CAM-6,3,2026-03-02,2026-07-17,,bloqueado,,384,S46
CAM-63,Salud,SAL-CAM,Datos,tarea,CAM-6,1,2026-03-02,2026-07-21,2026-07-24,hecho,3,0,S41
CAM-64,Salud,SAL-CAM,Datos,tarea,CAM-6,2,2026-03-02,2026-07-30,2026-08-05,hecho,6,0,S42
CAM-65,Salud,SAL-CAM,Datos,tarea,CAM-6,2,2026-03-02,2026-07-30,2026-08-07,hecho,8,0,S42
CAM-66,Salud,SAL-CAM,Datos,tarea,CAM-6,2,2026-03-02,2026-07-30,2026-08-07,hecho,8,0,S42
CAM-67,Salud,SAL-CAM,Datos,historia,CAM-6,3,2026-03-02,2026-08-04,2026-08-11,hecho,7,0,S42
CAM-68,Salud,SAL-CAM,Datos,historia,CAM-7,8,2026-03-02,2026-08-05,2026-08-25,hecho,20,0,S43
CAM-69,Salud,SAL-CAM,Datos,tarea,CAM-7,3,2026-03-02,2026-08-06,2026-08-14,hecho,8,0,S42
CAM-70,Salud,SAL-CAM,Datos,historia,CAM-7,2,2026-03-02,2026-08-13,2026-08-20,hecho,7,0,S43
CAM-71,Salud,SAL-CAM,Datos,historia,CAM-7,2,2026-03-02,2026-08-17,2026-08-25,hecho,8,0,S43
CAM-72,Salud,SAL-CAM,Datos,historia,CAM-7,3,2026-03-02,2026-08-18,2026-08-26,hecho,8,0,S43
CAM-73,Salud,SAL-CAM,Datos,historia,CAM-7,3,2026-03-02,2026-08-20,2026-08-27,hecho,7,0,S43
CAM-74,Salud,SAL-CAM,Datos,historia,CAM-7,3,2026-03-02,2026-08-24,2026-09-01,hecho,8,0,S44
CAM-75,Salud,SAL-CAM,Datos,historia,CAM-7,8,2026-03-02,2026-08-24,2026-09-17,hecho,24,0,S45
CAM-76,Salud,SAL-CAM,Datos,bug,CAM-8,2,2026-03-02,2026-08-25,2026-09-01,hecho,7,0,S44
CAM-77,Salud,SAL-CAM,Datos,tarea,CAM-8,1,2026-03-02,2026-08-28,2026-09-04,hecho,7,0,S44
CAM-78,Salud,SAL-CAM,Datos,historia,CAM-8,3,2026-03-02,2026-09-01,2026-09-09,hecho,8,0,S44
CAM-79,Salud,SAL-CAM,Datos,historia,CAM-8,2,2026-03-02,2026-09-03,2026-09-09,hecho,6,0,S44
CAM-80,Salud,SAL-CAM,Datos,historia,CAM-8,3,2026-03-02,2026-09-08,2026-09-21,hecho,13,0,S45
CAM-81,Salud,SAL-CAM,Datos,historia,CAM-8,2,2026-03-02,2026-09-10,,bloqueado,,96,S46
CAM-82,Salud,SAL-CAM,Datos,historia,CAM-8,3,2026-03-02,2026-09-15,2026-09-22,hecho,7,0,S45
CAM-83,Salud,SAL-CAM,Datos,historia,CAM-8,8,2026-03-02,2026-09-18,,en_curso,,0,S46
CAM-84,Salud,SAL-CAM,Datos,bug,CAM-8,1,2026-03-02,2026-09-21,2026-09-22,hecho,1,0,S45
CAM-85,Salud,SAL-CAM,Datos,tarea,CAM-8,1,2026-03-02,2026-09-22,2026-09-24,hecho,2,0,S45
CAM-86,Salud,SAL-CAM,Datos,historia,CAM-8,3,2026-03-02,2026-09-23,,bloqueado,,24,S46
CAM-87,Salud,SAL-CAM,Datos,tarea,CAM-8,3,2026-03-02,2026-09-29,,en_curso,,0,S46
CAM-88,Salud,SAL-CAM,Datos,historia,CAM-8,3,2026-03-02,2026-09-29,,en_curso,,0,S46
CAM-89,Salud,SAL-CAM,Datos,historia,CAM-8,2,2026-03-02,2026-09-29,,en_curso,,0,S46
CAM-90,Salud,SAL-CAM,Datos,historia,CAM-9,2,2026-03-02,,,por_hacer,,0,
CAM-91,Salud,SAL-CAM,Datos,bug,CAM-9,2,2026-03-02,,,por_hacer,,0,
CAM-92,Salud,SAL-CAM,Datos,historia,CAM-9,3,2026-03-02,,,por_hacer,,0,
CAM-93,Salud,SAL-CAM,Datos,tarea,CAM-9,2,2026-03-02,,,por_hacer,,0,
CAM-94,Salud,SAL-CAM,Datos,tarea,CAM-10,1,2026-03-02,,,por_hacer,,0,
CAM-95,Salud,SAL-CAM,Datos,historia,CAM-10,8,2026-03-02,,,por_hacer,,0,
CAM-96,Salud,SAL-CAM,Datos,historia,CAM-10,2,2026-03-02,,,por_hacer,,0,
CAM-97,Salud,SAL-CAM,Datos,bug,CAM-10,1,2026-03-02,,,por_hacer,,0,
CAM-98,Salud,SAL-CAM,Datos,historia,CAM-10,2,2026-03-02,,,por_hacer,,0,
CAM-99,Salud,SAL-CAM,Datos,historia,CAM-10,3,2026-03-02,,,por_hacer,,0,
CAM-100,Salud,SAL-CAM,Datos,bug,CAM-10,1,2026-03-02,,,por_hacer,,0,
CAM-101,Salud,SAL-CAM,Datos,historia,CAM-10,8,2026-03-02,,,por_hacer,,0,
CAM-102,Salud,SAL-CAM,Datos,tarea,CAM-10,2,2026-03-02,,,por_hacer,,0,
CAM-103,Salud,SAL-CAM,Datos,historia,CAM-11,3,2026-03-02,,,por_hacer,,0,
CAM-104,Salud,SAL-CAM,Datos,historia,CAM-11,2,2026-03-02,,,por_hacer,,0,
CAM-105,Salud,SAL-CAM,Datos,bug,CAM-11,2,2026-03-02,,,por_hacer,,0,
CAM-106,Salud,SAL-CAM,Datos,historia,CAM-11,3,2026-03-02,,,por_hacer,,0,
CAM-107,Salud,SAL-CAM,Datos,tarea,CAM-11,1,2026-03-02,,,por_hacer,,0,
CAM-108,Salud,SAL-CAM,Datos,historia,CAM-11,2,2026-03-02,,,por_hacer,,0,
CAM-109,Salud,SAL-CAM,Datos,bug,CAM-11,1,2026-03-02,,,por_hacer,,0,
CAM-110,Salud,SAL-CAM,Datos,tarea,CAM-12,2,2026-03-02,,,por_hacer,,0,
CAM-111,Salud,SAL-CAM,Datos,bug,CAM-12,2,2026-03-02,,,por_hacer,,0,
CAM-112,Salud,SAL-CAM,Datos,historia,CAM-12,5,2026-03-02,,,por_hacer,,0,
CAM-113,Salud,SAL-CAM,Datos,historia,CAM-12,3,2026-03-02,,,por_hacer,,0,
CAM-114,Salud,SAL-CAM,Datos,historia,CAM-12,2,2026-03-02,,,por_hacer,,0,
CAM-115,Salud,SAL-CAM,Datos,tarea,CAM-12,2,2026-03-02,,,por_hacer,,0,
CAM-116,Salud,SAL-CAM,Datos,historia,CAM-12,5,2026-03-02,,,por_hacer,,0,
CAM-117,Salud,SAL-CAM,Datos,bug,CAM-12,2,2026-03-02,,,por_hacer,,0,
CAM-118,Salud,SAL-CAM,Datos,historia,CAM-12,3,2026-03-02,,,por_hacer,,0,
CAM-119,Salud,SAL-CAM,Datos,historia,CAM-12,3,2026-03-02,,,por_hacer,,0,
CAM-120,Salud,SAL-CAM,Datos,historia,CAM-12,3,2026-03-02,,,por_hacer,,0,
CAM-121,Salud,SAL-CAM,Datos,historia,CAM-12,2,2026-03-02,,,por_hacer,,0,
CAM-122,Salud,SAL-CAM,Datos,historia,CAM-13,5,2026-03-02,,,por_hacer,,0,
CAM-123,Salud,SAL-CAM,Datos,historia,CAM-13,3,2026-03-02,,,por_hacer,,0,
CAM-124,Salud,SAL-CAM,Datos,historia,CAM-13,2,2026-03-02,,,por_hacer,,0,
CAM-125,Salud,SAL-CAM,Integraciones,historia,CAM-1,3,2026-03-02,2026-03-12,2026-04-01,hecho,20,0,S33
CAM-126,Salud,SAL-CAM,Integraciones,historia,CAM-2,2,2026-03-02,2026-05-25,2026-06-01,hecho,7,0,S37
CAM-127,Salud,SAL-CAM,Integraciones,historia,CAM-2,2,2026-03-02,2026-07-29,2026-08-07,hecho,9,0,S42
CAM-128,Salud,SAL-CAM,Integraciones,tarea,CAM-2,2,2026-03-02,2026-08-04,2026-08-10,hecho,6,0,S42
CAM-129,Salud,SAL-CAM,Integraciones,historia,CAM-2,3,2026-03-02,2026-08-18,2026-09-01,hecho,14,0,S44
CAM-130,Salud,SAL-CAM,Integraciones,tarea,CAM-4,3,2026-03-02,2026-08-18,2026-08-28,hecho,10,0,S43
CAM-131,Salud,SAL-CAM,Integraciones,historia,CAM-4,2,2026-03-02,2026-09-02,2026-09-04,hecho,2,0,S44
CAM-132,Salud,SAL-CAM,Integraciones,historia,CAM-5,8,2026-03-02,2026-09-04,2026-09-28,hecho,24,0,S46
CAM-133,Salud,SAL-CAM,Integraciones,tarea,CAM-5,2,2026-03-02,,,por_hacer,,0,
CAM-134,Salud,SAL-CAM,Integraciones,tarea,CAM-5,2,2026-03-02,,,por_hacer,,0,
CAM-135,Salud,SAL-CAM,Integraciones,tarea,CAM-5,2,2026-03-02,,,por_hacer,,0,
CAM-136,Salud,SAL-CAM,Integraciones,tarea,CAM-5,2,2026-03-02,,,por_hacer,,0,
CAM-137,Salud,SAL-CAM,Integraciones,historia,CAM-5,5,2026-03-02,,,por_hacer,,0,
CAM-138,Salud,SAL-CAM,Integraciones,historia,CAM-6,3,2026-03-02,,,por_hacer,,0,
CAM-139,Salud,SAL-CAM,Integraciones,bug,CAM-6,2,2026-03-02,,,por_hacer,,0,
CAM-140,Salud,SAL-CAM,Integraciones,bug,CAM-6,1,2026-03-02,,,por_hacer,,0,
CAM-141,Salud,SAL-CAM,Integraciones,tarea,CAM-7,3,2026-03-02,,,por_hacer,,0,
CAM-142,Salud,SAL-CAM,Integraciones,historia,CAM-7,2,2026-03-02,,,por_hacer,,0,
CAM-143,Salud,SAL-CAM,Integraciones,historia,CAM-8,5,2026-03-02,,,por_hacer,,0,
CAM-144,Salud,SAL-CAM,Integraciones,historia,CAM-8,5,2026-03-02,,,por_hacer,,0,
CAM-145,Salud,SAL-CAM,Integraciones,historia,CAM-8,3,2026-03-02,,,por_hacer,,0,
CAM-146,Salud,SAL-CAM,Integraciones,tarea,CAM-8,1,2026-03-02,,,por_hacer,,0,
CAM-147,Salud,SAL-CAM,Integraciones,historia,CAM-9,3,2026-03-02,,,por_hacer,,0,
CAM-148,Salud,SAL-CAM,Integraciones,historia,CAM-9,3,2026-03-02,,,por_hacer,,0,
CAM-149,Salud,SAL-CAM,Integraciones,historia,CAM-10,3,2026-03-02,,,por_hacer,,0,
CAM-150,Salud,SAL-CAM,Integraciones,historia,CAM-11,3,2026-03-02,,,por_hacer,,0,
CAM-151,Salud,SAL-CAM,Integraciones,tarea,CAM-11,3,2026-03-02,,,por_hacer,,0,
CAM-152,Salud,SAL-CAM,Integraciones,historia,CAM-11,3,2026-03-02,,,por_hacer,,0,
CAM-153,Salud,SAL-CAM,Integraciones,bug,CAM-12,1,2026-03-02,,,por_hacer,,0,
CAM-154,Salud,SAL-CAM,Integraciones,historia,CAM-12,3,2026-03-02,,,por_hacer,,0,
CAM-155,Salud,SAL-CAM,Integraciones,historia,CAM-12,3,2026-03-02,,,por_hacer,,0,
CAM-156,Salud,SAL-CAM,Integraciones,historia,CAM-13,3,2026-03-02,,,por_hacer,,0,
CAM-157,Salud,SAL-CAM,Integraciones,historia,CAM-13,5,2026-03-02,,,por_hacer,,0,
CAM-158,Salud,SAL-CAM,Integraciones,historia,CAM-13,5,2026-03-02,,,por_hacer,,0,
CAM-159,Salud,SAL-CAM,Plataforma,historia,CAM-1,3,2026-03-02,2026-03-09,2026-03-23,hecho,14,0,S32
CAM-160,Salud,SAL-CAM,Plataforma,historia,CAM-1,3,2026-03-02,2026-03-26,2026-04-09,hecho,14,0,S33
CAM-161,Salud,SAL-CAM,Plataforma,bug,CAM-1,1,2026-03-02,2026-04-08,2026-04-17,hecho,9,0,S34
CAM-162,Salud,SAL-CAM,Plataforma,bug,CAM-1,1,2026-03-02,2026-04-09,2026-04-13,hecho,4,0,S34
CAM-163,Salud,SAL-CAM,Plataforma,historia,CAM-1,8,2026-03-02,2026-04-29,2026-05-13,hecho,14,0,S36
CAM-164,Salud,SAL-CAM,Plataforma,historia,CAM-1,5,2026-03-02,2026-04-30,2026-05-13,hecho,13,0,S36
CAM-165,Salud,SAL-CAM,Plataforma,tarea,CAM-1,1,2026-03-02,2026-05-08,2026-05-13,hecho,5,0,S36
CAM-166,Salud,SAL-CAM,Plataforma,historia,CAM-2,3,2026-03-02,2026-05-14,2026-05-25,hecho,11,0,S37
CAM-167,Salud,SAL-CAM,Plataforma,tarea,CAM-2,1,2026-03-02,2026-05-21,2026-06-09,hecho,19,0,S38
CAM-168,Salud,SAL-CAM,Plataforma,bug,CAM-2,2,2026-03-02,2026-05-22,2026-06-02,hecho,11,0,S37
CAM-169,Salud,SAL-CAM,Plataforma,historia,CAM-3,2,2026-03-02,2026-05-27,2026-06-04,hecho,8,0,S37
CAM-170,Salud,SAL-CAM,Plataforma,historia,CAM-3,2,2026-03-02,2026-05-29,2026-06-12,hecho,14,0,S38
CAM-171,Salud,SAL-CAM,Plataforma,historia,CAM-3,5,2026-03-02,2026-06-05,2026-07-02,hecho,27,0,S39
CAM-172,Salud,SAL-CAM,Plataforma,bug,CAM-3,1,2026-03-02,2026-06-11,2026-06-12,hecho,1,0,S38
CAM-173,Salud,SAL-CAM,Plataforma,historia,CAM-3,5,2026-03-02,2026-06-11,2026-06-22,hecho,11,0,S39
CAM-174,Salud,SAL-CAM,Plataforma,bug,CAM-3,2,2026-03-02,2026-06-23,2026-07-03,hecho,10,0,S39
CAM-175,Salud,SAL-CAM,Plataforma,historia,CAM-3,3,2026-03-02,2026-06-23,2026-07-03,hecho,10,0,S39
CAM-176,Salud,SAL-CAM,Plataforma,historia,CAM-3,3,2026-03-02,2026-07-03,2026-07-09,hecho,6,0,S40
CAM-177,Salud,SAL-CAM,Plataforma,bug,CAM-3,1,2026-03-02,2026-07-08,2026-07-16,hecho,8,0,S40
CAM-178,Salud,SAL-CAM,Plataforma,tarea,CAM-4,3,2026-03-02,2026-07-09,2026-07-23,hecho,14,0,S41
CAM-179,Salud,SAL-CAM,Plataforma,historia,CAM-4,5,2026-03-02,2026-07-10,2026-07-30,hecho,20,0,S41
CAM-180,Salud,SAL-CAM,Plataforma,historia,CAM-4,2,2026-03-02,2026-07-14,2026-07-30,hecho,16,0,S41
CAM-181,Salud,SAL-CAM,Plataforma,historia,CAM-5,2,2026-03-02,2026-07-15,2026-07-21,hecho,6,0,S41
CAM-182,Salud,SAL-CAM,Plataforma,historia,CAM-5,2,2026-03-02,2026-07-17,2026-07-24,hecho,7,0,S41
CAM-183,Salud,SAL-CAM,Plataforma,historia,CAM-5,5,2026-03-02,2026-07-23,2026-08-03,hecho,11,0,S42
CAM-184,Salud,SAL-CAM,Plataforma,historia,CAM-5,8,2026-03-02,2026-07-31,2026-08-19,hecho,19,0,S43
CAM-185,Salud,SAL-CAM,Plataforma,tarea,CAM-5,2,2026-03-02,2026-08-07,2026-08-18,hecho,11,0,S43
CAM-186,Salud,SAL-CAM,Plataforma,bug,CAM-5,2,2026-03-02,2026-08-07,2026-08-13,hecho,6,0,S42
CAM-187,Salud,SAL-CAM,Plataforma,historia,CAM-5,3,2026-03-02,2026-08-07,2026-08-27,hecho,20,0,S43
CAM-188,Salud,SAL-CAM,Plataforma,historia,CAM-6,5,2026-03-02,2026-08-14,2026-08-25,hecho,11,0,S43
CAM-189,Salud,SAL-CAM,Plataforma,historia,CAM-6,2,2026-03-02,2026-08-25,2026-09-01,hecho,7,0,S44
CAM-190,Salud,SAL-CAM,Plataforma,historia,CAM-6,3,2026-03-02,2026-09-02,2026-09-10,hecho,8,0,S44
CAM-191,Salud,SAL-CAM,Plataforma,historia,CAM-6,8,2026-03-02,2026-09-02,2026-09-24,hecho,22,0,S45
CAM-192,Salud,SAL-CAM,Plataforma,tarea,CAM-6,2,2026-03-02,2026-09-03,2026-09-16,hecho,13,0,S45
CAM-193,Salud,SAL-CAM,Plataforma,bug,CAM-7,2,2026-03-02,2026-09-09,2026-09-15,hecho,6,0,S45
CAM-194,Salud,SAL-CAM,Plataforma,historia,CAM-7,5,2026-03-02,2026-09-17,2026-09-30,hecho,13,0,S46
CAM-195,Salud,SAL-CAM,Plataforma,bug,CAM-7,1,2026-03-02,,,por_hacer,,0,
CAM-196,Salud,SAL-CAM,Plataforma,historia,CAM-7,3,2026-03-02,,,por_hacer,,0,
CAM-197,Salud,SAL-CAM,Plataforma,bug,CAM-8,2,2026-03-02,,,por_hacer,,0,
CAM-198,Salud,SAL-CAM,Plataforma,historia,CAM-8,8,2026-03-02,,,por_hacer,,0,
CAM-199,Salud,SAL-CAM,Plataforma,tarea,CAM-8,2,2026-03-02,,,por_hacer,,0,
CAM-200,Salud,SAL-CAM,Plataforma,historia,CAM-8,3,2026-03-02,,,por_hacer,,0,
CAM-201,Salud,SAL-CAM,Plataforma,historia,CAM-8,8,2026-03-02,,,por_hacer,,0,
CAM-202,Salud,SAL-CAM,Plataforma,tarea,CAM-8,1,2026-03-02,,,por_hacer,,0,
CAM-203,Salud,SAL-CAM,Plataforma,tarea,CAM-9,2,2026-03-02,,,por_hacer,,0,
CAM-204,Salud,SAL-CAM,Plataforma,bug,CAM-9,1,2026-03-02,,,por_hacer,,0,
CAM-205,Salud,SAL-CAM,Plataforma,historia,CAM-9,5,2026-03-02,,,por_hacer,,0,
CAM-206,Salud,SAL-CAM,Plataforma,historia,CAM-9,5,2026-03-02,,,por_hacer,,0,
CAM-207,Salud,SAL-CAM,Plataforma,bug,CAM-9,1,2026-03-02,,,por_hacer,,0,
CAM-208,Salud,SAL-CAM,Plataforma,tarea,CAM-9,2,2026-03-02,,,por_hacer,,0,
CAM-209,Salud,SAL-CAM,Plataforma,tarea,CAM-9,1,2026-03-02,,,por_hacer,,0,
CAM-210,Salud,SAL-CAM,Plataforma,historia,CAM-10,2,2026-03-02,,,por_hacer,,0,
CAM-211,Salud,SAL-CAM,Plataforma,historia,CAM-10,2,2026-03-02,,,por_hacer,,0,
CAM-212,Salud,SAL-CAM,Plataforma,tarea,CAM-10,1,2026-03-02,,,por_hacer,,0,
CAM-213,Salud,SAL-CAM,Plataforma,historia,CAM-10,2,2026-03-02,,,por_hacer,,0,
CAM-214,Salud,SAL-CAM,Plataforma,historia,CAM-11,2,2026-03-02,,,por_hacer,,0,
CAM-215,Salud,SAL-CAM,Plataforma,bug,CAM-11,1,2026-03-02,,,por_hacer,,0,
CAM-216,Salud,SAL-CAM,Plataforma,historia,CAM-11,3,2026-03-02,,,por_hacer,,0,
CAM-217,Salud,SAL-CAM,Plataforma,tarea,CAM-12,2,2026-03-02,,,por_hacer,,0,
CAM-218,Salud,SAL-CAM,Plataforma,tarea,CAM-12,3,2026-03-02,,,por_hacer,,0,
CAM-219,Salud,SAL-CAM,Plataforma,historia,CAM-12,8,2026-03-02,,,por_hacer,,0,
CAM-220,Salud,SAL-CAM,Plataforma,tarea,CAM-13,1,2026-03-02,,,por_hacer,,0,
CAM-221,Salud,SAL-CAM,Plataforma,bug,CAM-13,1,2026-03-02,,,por_hacer,,0,
CAM-222,Salud,SAL-CAM,Plataforma,historia,CAM-13,2,2026-03-02,,,por_hacer,,0,
CAM-223,Salud,SAL-CAM,Plataforma,historia,CAM-13,3,2026-03-02,,,por_hacer,,0,
CAM-224,Salud,SAL-CAM,Plataforma,bug,CAM-13,1,2026-03-02,,,por_hacer,,0,
CAM-225,Salud,SAL-CAM,Plataforma,historia,CAM-13,8,2026-03-02,,,por_hacer,,0,
CAM-226,Salud,SAL-CAM,Plataforma,historia,CAM-13,3,2026-03-02,,,por_hacer,,0,
CAM-227,Salud,SAL-CAM,Plataforma,historia,CAM-13,2,2026-03-02,,,por_hacer,,0,
CAM-228,Salud,SAL-CAM,Producto,historia,CAM-1,5,2026-03-02,2026-03-04,2026-03-23,hecho,19,0,S32
CAM-229,Salud,SAL-CAM,Producto,historia,CAM-1,3,2026-03-02,2026-03-05,2026-03-25,hecho,20,64,S32
CAM-230,Salud,SAL-CAM,Producto,bug,CAM-1,2,2026-03-02,2026-03-16,2026-03-19,hecho,3,0,S32
CAM-231,Salud,SAL-CAM,Producto,historia,CAM-2,3,2026-03-02,2026-03-17,2026-03-27,hecho,10,0,S32
CAM-232,Salud,SAL-CAM,Producto,tarea,CAM-2,1,2026-03-02,2026-03-18,2026-03-24,hecho,6,0,S32
CAM-233,Salud,SAL-CAM,Producto,historia,CAM-2,5,2026-03-02,2026-03-19,2026-04-13,hecho,25,0,S34
CAM-234,Salud,SAL-CAM,Producto,historia,CAM-2,2,2026-03-02,2026-03-20,2026-03-27,hecho,7,0,S32
CAM-235,Salud,SAL-CAM,Producto,historia,CAM-2,5,2026-03-02,2026-03-20,2026-04-06,hecho,17,0,S33
CAM-236,Salud,SAL-CAM,Producto,historia,CAM-2,2,2026-03-02,2026-04-07,2026-04-14,hecho,7,0,S34
CAM-237,Salud,SAL-CAM,Producto,tarea,CAM-2,2,2026-03-02,2026-04-08,2026-08-14,hecho,128,704,S42
CAM-238,Salud,SAL-CAM,Producto,bug,CAM-3,1,2026-03-02,2026-04-13,2026-04-17,hecho,4,0,S34
CAM-239,Salud,SAL-CAM,Producto,tarea,CAM-3,2,2026-03-02,2026-04-14,2026-04-20,hecho,6,0,S34
CAM-240,Salud,SAL-CAM,Producto,historia,CAM-3,3,2026-03-02,2026-04-14,2026-04-22,hecho,8,0,S34
CAM-241,Salud,SAL-CAM,Producto,historia,CAM-3,2,2026-03-02,2026-04-14,2026-04-22,hecho,8,0,S34
CAM-242,Salud,SAL-CAM,Producto,historia,CAM-3,3,2026-03-02,2026-04-16,2026-05-11,hecho,25,0,S36
CAM-243,Salud,SAL-CAM,Producto,historia,CAM-3,3,2026-03-02,2026-04-20,2026-06-15,hecho,56,248,S38
CAM-244,Salud,SAL-CAM,Producto,historia,CAM-3,5,2026-03-02,2026-04-24,2026-05-12,hecho,18,0,S36
CAM-245,Salud,SAL-CAM,Producto,bug,CAM-4,2,2026-03-02,2026-04-28,2026-05-07,hecho,9,0,S35
CAM-246,Salud,SAL-CAM,Producto,historia,CAM-4,2,2026-03-02,2026-05-05,2026-05-11,hecho,6,0,S36
CAM-247,Salud,SAL-CAM,Producto,bug,CAM-4,2,2026-03-02,2026-05-05,2026-05-13,hecho,8,0,S36
CAM-248,Salud,SAL-CAM,Producto,historia,CAM-4,2,2026-03-02,2026-05-08,2026-05-18,hecho,10,0,S36
CAM-249,Salud,SAL-CAM,Producto,historia,CAM-4,2,2026-03-02,2026-05-08,2026-05-18,hecho,10,0,S36
CAM-250,Salud,SAL-CAM,Producto,historia,CAM-5,2,2026-03-02,2026-05-11,2026-05-14,hecho,3,0,S36
CAM-251,Salud,SAL-CAM,Producto,tarea,CAM-5,3,2026-03-02,2026-05-11,2026-05-25,hecho,14,0,S37
CAM-252,Salud,SAL-CAM,Producto,bug,CAM-5,2,2026-03-02,2026-05-13,2026-05-21,hecho,8,0,S36
CAM-253,Salud,SAL-CAM,Producto,historia,CAM-5,3,2026-03-02,2026-05-14,2026-05-21,hecho,7,0,S36
CAM-254,Salud,SAL-CAM,Producto,historia,CAM-5,5,2026-03-02,2026-05-14,2026-09-01,hecho,110,552,S44
CAM-255,Salud,SAL-CAM,Producto,historia,CAM-5,3,2026-03-02,2026-05-18,2026-05-28,hecho,10,0,S37
CAM-256,Salud,SAL-CAM,Producto,historia,CAM-6,2,2026-03-02,2026-05-19,2026-05-22,hecho,3,0,S36
CAM-257,Salud,SAL-CAM,Producto,historia,CAM-6,2,2026-03-02,2026-05-29,2026-06-10,hecho,12,0,S38
CAM-258,Salud,SAL-CAM,Producto,historia,CAM-6,3,2026-03-02,2026-06-16,2026-06-25,hecho,9,0,S39
CAM-259,Salud,SAL-CAM,Producto,historia,CAM-6,2,2026-03-02,2026-06-17,2026-06-22,hecho,5,0,S39
CAM-260,Salud,SAL-CAM,Producto,historia,CAM-6,8,2026-03-02,2026-06-19,2026-07-06,hecho,17,0,S40
CAM-261,Salud,SAL-CAM,Producto,bug,CAM-6,1,2026-03-02,2026-07-03,2026-07-08,hecho,5,0,S40
CAM-262,Salud,SAL-CAM,Producto,historia,CAM-7,5,2026-03-02,2026-07-06,2026-07-15,hecho,9,0,S40
CAM-263,Salud,SAL-CAM,Producto,historia,CAM-7,2,2026-03-02,2026-07-08,2026-08-27,hecho,50,240,S43
CAM-264,Salud,SAL-CAM,Producto,tarea,CAM-7,1,2026-03-02,2026-07-09,2026-07-14,hecho,5,0,S40
CAM-265,Salud,SAL-CAM,Producto,tarea,CAM-8,2,2026-03-02,2026-07-10,2026-07-14,hecho,4,0,S40
CAM-266,Salud,SAL-CAM,Producto,historia,CAM-8,8,2026-03-02,2026-07-23,2026-08-07,hecho,15,0,S42
CAM-267,Salud,SAL-CAM,Producto,tarea,CAM-8,2,2026-03-02,2026-07-30,2026-08-10,hecho,11,0,S42
CAM-268,Salud,SAL-CAM,Producto,historia,CAM-8,5,2026-03-02,2026-07-30,2026-08-11,hecho,12,0,S42
CAM-269,Salud,SAL-CAM,Producto,historia,CAM-8,2,2026-03-02,2026-07-31,2026-08-06,hecho,6,0,S42
CAM-270,Salud,SAL-CAM,Producto,tarea,CAM-8,1,2026-03-02,2026-07-31,2026-08-05,hecho,5,0,S42
CAM-271,Salud,SAL-CAM,Producto,historia,CAM-8,3,2026-03-02,2026-08-12,2026-08-24,hecho,12,0,S43
CAM-272,Salud,SAL-CAM,Producto,historia,CAM-8,5,2026-03-02,2026-08-14,2026-08-26,hecho,12,0,S43
CAM-273,Salud,SAL-CAM,Producto,bug,CAM-9,1,2026-03-02,2026-08-18,2026-08-24,hecho,6,0,S43
CAM-274,Salud,SAL-CAM,Producto,historia,CAM-9,2,2026-03-02,2026-08-21,2026-09-02,hecho,12,0,S44
CAM-275,Salud,SAL-CAM,Producto,tarea,CAM-9,2,2026-03-02,2026-08-26,2026-09-01,hecho,6,0,S44
CAM-276,Salud,SAL-CAM,Producto,bug,CAM-9,1,2026-03-02,2026-08-31,2026-09-02,hecho,2,0,S44
CAM-277,Salud,SAL-CAM,Producto,historia,CAM-9,8,2026-03-02,2026-08-31,2026-09-16,hecho,16,0,S45
CAM-278,Salud,SAL-CAM,Producto,historia,CAM-10,3,2026-03-02,2026-09-01,2026-09-04,hecho,3,0,S44
CAM-279,Salud,SAL-CAM,Producto,tarea,CAM-10,2,2026-03-02,2026-09-02,2026-09-15,hecho,13,0,S45
CAM-280,Salud,SAL-CAM,Producto,tarea,CAM-10,2,2026-03-02,2026-09-16,2026-09-23,hecho,7,0,S45
CAM-281,Salud,SAL-CAM,Producto,historia,CAM-10,3,2026-03-02,2026-09-21,2026-09-28,hecho,7,0,S46
CAM-282,Salud,SAL-CAM,Producto,historia,CAM-10,3,2026-03-02,,,por_hacer,,0,
CAM-283,Salud,SAL-CAM,Producto,historia,CAM-10,2,2026-03-02,,,por_hacer,,0,
CAM-284,Salud,SAL-CAM,Producto,historia,CAM-10,3,2026-03-02,,,por_hacer,,0,
CAM-285,Salud,SAL-CAM,Producto,historia,CAM-10,2,2026-03-02,,,por_hacer,,0,
CAM-286,Salud,SAL-CAM,Producto,historia,CAM-10,2,2026-03-02,,,por_hacer,,0,
CAM-287,Salud,SAL-CAM,Producto,bug,CAM-11,2,2026-03-02,,,por_hacer,,0,
CAM-288,Salud,SAL-CAM,Producto,historia,CAM-11,8,2026-03-02,,,por_hacer,,0,
CAM-289,Salud,SAL-CAM,Producto,historia,CAM-11,5,2026-03-02,,,por_hacer,,0,
CAM-290,Salud,SAL-CAM,Producto,historia,CAM-11,5,2026-03-02,,,por_hacer,,0,
CAM-291,Salud,SAL-CAM,Producto,historia,CAM-11,3,2026-03-02,,,por_hacer,,0,
CAM-292,Salud,SAL-CAM,Producto,tarea,CAM-11,1,2026-03-02,,,por_hacer,,0,
CAM-293,Salud,SAL-CAM,Producto,historia,CAM-11,3,2026-03-02,,,por_hacer,,0,
CAM-294,Salud,SAL-CAM,Producto,historia,CAM-11,8,2026-03-02,,,por_hacer,,0,
CAM-295,Salud,SAL-CAM,Producto,historia,CAM-11,3,2026-03-02,,,por_hacer,,0,
CAM-296,Salud,SAL-CAM,Producto,historia,CAM-11,2,2026-03-02,,,por_hacer,,0,
CAM-297,Salud,SAL-CAM,Producto,historia,CAM-11,3,2026-03-02,,,por_hacer,,0,
CAM-298,Salud,SAL-CAM,Producto,tarea,CAM-12,1,2026-03-02,,,por_hacer,,0,
CAM-299,Salud,SAL-CAM,Producto,historia,CAM-12,2,2026-03-02,,,por_hacer,,0,
CAM-300,Salud,SAL-CAM,Producto,historia,CAM-13,2,2026-03-02,,,por_hacer,,0,
CAM-301,Salud,SAL-CAM,Producto,historia,CAM-13,3,2026-03-02,,,por_hacer,,0,
CAM-302,Salud,SAL-CAM,Producto,historia,CAM-13,3,2026-03-02,,,por_hacer,,0,
CAM-303,Salud,SAL-CAM,Producto,bug,CAM-13,1,2026-03-02,,,por_hacer,,0,
CAM-304,Salud,SAL-CAM,QA,bug,CAM-1,2,2026-03-02,2026-03-12,2026-03-19,hecho,7,0,S32
CAM-305,Salud,SAL-CAM,QA,bug,CAM-2,1,2026-03-02,2026-04-09,2026-04-15,hecho,6,0,S34
CAM-306,Salud,SAL-CAM,QA,historia,CAM-2,2,2026-03-02,2026-04-09,2026-04-20,hecho,11,0,S34
CAM-307,Salud,SAL-CAM,QA,tarea,CAM-3,2,2026-03-02,2026-04-14,2026-04-21,hecho,7,0,S34
CAM-308,Salud,SAL-CAM,QA,historia,CAM-3,8,2026-03-02,2026-04-21,2026-05-26,hecho,35,120,S37
CAM-309,Salud,SAL-CAM,QA,historia,CAM-3,3,2026-03-02,2026-05-22,2026-05-28,hecho,6,0,S37
CAM-310,Salud,SAL-CAM,QA,bug,CAM-3,2,2026-03-02,2026-05-25,2026-06-09,hecho,15,0,S38
CAM-311,Salud,SAL-CAM,QA,historia,CAM-4,5,2026-03-02,2026-05-25,2026-06-09,hecho,15,0,S38
CAM-312,Salud,SAL-CAM,QA,tarea,CAM-5,2,2026-03-02,2026-06-03,2026-06-08,hecho,5,0,S38
CAM-313,Salud,SAL-CAM,QA,historia,CAM-5,8,2026-03-02,2026-06-05,2026-06-30,hecho,25,0,S39
CAM-314,Salud,SAL-CAM,QA,historia,CAM-7,2,2026-03-02,2026-07-06,,bloqueado,,496,S46
CAM-315,Salud,SAL-CAM,QA,bug,CAM-7,1,2026-03-02,2026-07-10,2026-07-21,hecho,11,0,S41
CAM-316,Salud,SAL-CAM,QA,historia,CAM-7,2,2026-03-02,2026-07-17,2026-07-30,hecho,13,0,S41
CAM-317,Salud,SAL-CAM,QA,historia,CAM-8,3,2026-03-02,2026-07-20,2026-07-29,hecho,9,0,S41
CAM-318,Salud,SAL-CAM,QA,tarea,CAM-8,2,2026-03-02,2026-08-10,2026-08-17,hecho,7,0,S43
CAM-319,Salud,SAL-CAM,QA,historia,CAM-8,5,2026-03-02,2026-08-13,2026-08-28,hecho,15,0,S43
CAM-320,Salud,SAL-CAM,QA,historia,CAM-9,5,2026-03-02,2026-08-19,2026-09-07,hecho,19,0,S44
CAM-321,Salud,SAL-CAM,QA,historia,CAM-9,3,2026-03-02,2026-08-28,,en_curso,,96,S46
CAM-322,Salud,SAL-CAM,QA,historia,CAM-9,3,2026-03-02,2026-09-04,2026-09-14,hecho,10,0,S45
CAM-323,Salud,SAL-CAM,QA,historia,CAM-10,3,2026-03-02,,,por_hacer,,0,
CAM-324,Salud,SAL-CAM,QA,historia,CAM-10,3,2026-03-02,,,por_hacer,,0,
CAM-325,Salud,SAL-CAM,QA,tarea,CAM-10,3,2026-03-02,,,por_hacer,,0,
CAM-326,Salud,SAL-CAM,QA,historia,CAM-11,3,2026-03-02,,,por_hacer,,0,
CAM-327,Salud,SAL-CAM,QA,bug,CAM-11,1,2026-03-02,,,por_hacer,,0,
CAM-328,Salud,SAL-CAM,QA,bug,CAM-12,2,2026-03-02,,,por_hacer,,0,
CAM-329,Salud,SAL-CAM,QA,historia,CAM-12,8,2026-03-02,,,por_hacer,,0,
CAM-330,Salud,SAL-CAM,QA,bug,CAM-13,2,2026-03-02,,,por_hacer,,0,
CAM-331,Salud,SAL-CAM,QA,historia,CAM-13,2,2026-03-02,,,por_hacer,,0,
FIC-1,Salud,SAL-FIC,Producto,epica,,,2025-04-07,2025-04-07,2025-06-03,hecho,,,
FIC-2,Salud,SAL-FIC,Producto,epica,,,2025-04-07,2025-04-16,2025-06-10,hecho,,,
FIC-3,Salud,SAL-FIC,Producto,epica,,,2025-04-07,2025-05-01,2025-07-15,hecho,,,
FIC-4,Salud,SAL-FIC,Producto,epica,,,2025-04-07,2025-05-14,2025-08-12,hecho,,,
FIC-5,Salud,SAL-FIC,Producto,epica,,,2025-04-07,2025-05-20,2025-08-20,hecho,,,
FIC-6,Salud,SAL-FIC,Producto,epica,,,2025-04-07,2025-05-26,2025-08-29,hecho,,,
FIC-7,Salud,SAL-FIC,Producto,epica,,,2025-04-07,2025-06-12,2025-09-10,hecho,,,
FIC-8,Salud,SAL-FIC,Producto,epica,,,2025-04-07,2025-06-20,2025-09-01,hecho,,,
FIC-9,Salud,SAL-FIC,Producto,epica,,,2025-04-07,2025-06-23,2025-09-08,hecho,,,
FIC-10,Salud,SAL-FIC,Producto,epica,,,2025-04-07,2025-06-27,2025-10-03,hecho,,,
FIC-11,Salud,SAL-FIC,Producto,epica,,,2025-04-07,2025-07-18,2025-10-30,hecho,,,
FIC-12,Salud,SAL-FIC,Producto,epica,,,2025-04-07,2025-07-22,2025-11-14,hecho,,,
FIC-13,Salud,SAL-FIC,Producto,epica,,,2025-04-07,2025-07-31,2025-12-09,hecho,,,
FIC-14,Salud,SAL-FIC,Producto,epica,,,2025-04-07,2025-08-07,2025-12-30,hecho,,,
FIC-15,Salud,SAL-FIC,Producto,epica,,,2025-04-07,2025-08-19,2026-01-09,hecho,,,
FIC-16,Salud,SAL-FIC,Producto,epica,,,2025-04-07,2025-08-28,2026-01-30,hecho,,,
FIC-17,Salud,SAL-FIC,Producto,epica,,,2025-04-07,2025-09-24,2026-02-17,hecho,,,
FIC-18,Salud,SAL-FIC,Producto,epica,,,2025-04-07,2025-10-03,2026-02-09,hecho,,,
FIC-19,Salud,SAL-FIC,Producto,epica,,,2025-04-07,2025-10-27,2026-02-23,hecho,,,
FIC-20,Salud,SAL-FIC,Producto,epica,,,2025-04-07,2025-11-21,2026-02-20,hecho,,,
FIC-21,Salud,SAL-FIC,Producto,epica,,,2025-04-07,2025-12-12,2026-03-16,hecho,,,
FIC-22,Salud,SAL-FIC,Producto,epica,,,2025-04-07,2025-12-30,2026-04-06,hecho,,,
FIC-23,Salud,SAL-FIC,Producto,epica,,,2025-04-07,2026-01-05,2026-04-27,hecho,,,
FIC-24,Salud,SAL-FIC,Producto,epica,,,2025-04-07,2026-01-07,2026-05-25,hecho,,,
FIC-25,Salud,SAL-FIC,Producto,epica,,,2025-04-07,2026-01-27,2026-06-18,hecho,,,
FIC-26,Salud,SAL-FIC,Producto,epica,,,2025-04-07,2026-02-12,2026-06-26,hecho,,,
FIC-27,Salud,SAL-FIC,Producto,epica,,,2025-04-07,2026-02-23,2026-07-16,hecho,,,
FIC-28,Salud,SAL-FIC,Producto,epica,,,2025-04-07,2026-03-12,2026-07-23,hecho,,,
FIC-29,Salud,SAL-FIC,Producto,epica,,,2025-04-07,2026-04-03,2026-08-03,hecho,,,
FIC-30,Salud,SAL-FIC,Producto,epica,,,2025-04-07,2026-04-20,2026-08-05,hecho,,,
FIC-31,Salud,SAL-FIC,Producto,epica,,,2025-04-07,2026-04-30,2026-08-11,hecho,,,
FIC-32,Salud,SAL-FIC,Producto,epica,,,2025-04-07,2026-05-26,2026-09-07,hecho,,,
FIC-33,Salud,SAL-FIC,Producto,epica,,,2025-04-07,2026-06-04,2026-09-03,hecho,,,
FIC-34,Salud,SAL-FIC,Producto,epica,,,2025-04-07,2026-06-12,2026-09-21,hecho,,,
FIC-35,Salud,SAL-FIC,Datos,historia,FIC-1,5,2025-04-07,2025-04-08,2025-04-23,hecho,15,0,S08
FIC-36,Salud,SAL-FIC,Datos,historia,FIC-1,2,2025-04-07,2025-04-10,2025-04-21,hecho,11,0,S08
FIC-37,Salud,SAL-FIC,Datos,historia,FIC-1,2,2025-04-07,2025-04-17,2025-04-24,hecho,7,0,S08
FIC-38,Salud,SAL-FIC,Datos,tarea,FIC-1,2,2025-04-07,2025-04-17,2025-04-29,hecho,12,0,S09
FIC-39,Salud,SAL-FIC,Datos,bug,FIC-1,2,2025-04-07,2025-04-23,2025-04-28,hecho,5,0,S09
FIC-40,Salud,SAL-FIC,Datos,historia,FIC-1,3,2025-04-07,2025-04-24,2025-05-01,hecho,7,0,S09
FIC-41,Salud,SAL-FIC,Datos,tarea,FIC-1,3,2025-04-07,2025-04-25,2025-05-06,hecho,11,0,S09
FIC-42,Salud,SAL-FIC,Datos,bug,FIC-2,1,2025-04-07,2025-04-30,2025-05-05,hecho,5,0,S09
FIC-43,Salud,SAL-FIC,Datos,historia,FIC-2,2,2025-04-07,2025-05-01,2025-05-15,hecho,14,40,S10
FIC-44,Salud,SAL-FIC,Datos,historia,FIC-2,3,2025-04-07,2025-05-02,2025-05-09,hecho,7,0,S09
FIC-45,Salud,SAL-FIC,Datos,historia,FIC-2,2,2025-04-07,2025-05-02,2025-05-12,hecho,10,0,S10
FIC-46,Salud,SAL-FIC,Datos,historia,FIC-3,2,2025-04-07,2025-05-05,2025-05-14,hecho,9,0,S10
FIC-47,Salud,SAL-FIC,Datos,historia,FIC-3,3,2025-04-07,2025-05-08,2025-05-23,hecho,15,0,S10
FIC-48,Salud,SAL-FIC,Datos,historia,FIC-3,8,2025-04-07,2025-05-09,2025-06-30,hecho,52,96,S13
FIC-49,Salud,SAL-FIC,Datos,historia,FIC-3,3,2025-04-07,2025-05-13,2025-05-21,hecho,8,0,S10
FIC-50,Salud,SAL-FIC,Datos,tarea,FIC-4,1,2025-04-07,2025-05-19,2025-05-22,hecho,3,0,S10
FIC-51,Salud,SAL-FIC,Datos,historia,FIC-4,5,2025-04-07,2025-05-19,2025-06-13,hecho,25,0,S12
FIC-52,Salud,SAL-FIC,Datos,historia,FIC-4,3,2025-04-07,2025-05-20,2025-05-28,hecho,8,0,S11
FIC-53,Salud,SAL-FIC,Datos,tarea,FIC-4,2,2025-04-07,2025-05-20,2025-05-26,hecho,6,0,S11
FIC-54,Salud,SAL-FIC,Datos,historia,FIC-4,3,2025-04-07,2025-05-21,2025-05-26,hecho,5,0,S11
FIC-55,Salud,SAL-FIC,Datos,tarea,FIC-4,1,2025-04-07,2025-05-23,2025-05-27,hecho,4,0,S11
FIC-56,Salud,SAL-FIC,Datos,historia,FIC-4,2,2025-04-07,2025-05-23,2025-05-29,hecho,6,0,S11
FIC-57,Salud,SAL-FIC,Datos,historia,FIC-4,3,2025-04-07,2025-05-26,2025-06-05,hecho,10,0,S11
FIC-58,Salud,SAL-FIC,Datos,historia,FIC-5,3,2025-04-07,2025-05-26,2025-06-13,hecho,18,40,S12
FIC-59,Salud,SAL-FIC,Datos,historia,FIC-5,5,2025-04-07,2025-05-27,2025-07-24,hecho,58,272,S15
FIC-60,Salud,SAL-FIC,Datos,bug,FIC-5,1,2025-04-07,2025-05-27,2025-06-02,hecho,6,0,S11
FIC-61,Salud,SAL-FIC,Datos,historia,FIC-5,5,2025-04-07,2025-05-28,2025-06-06,hecho,9,0,S11
FIC-62,Salud,SAL-FIC,Datos,tarea,FIC-5,1,2025-04-07,2025-05-29,2025-06-04,hecho,6,0,S11
FIC-63,Salud,SAL-FIC,Datos,historia,FIC-5,5,2025-04-07,2025-05-29,2025-06-13,hecho,15,0,S12
FIC-64,Salud,SAL-FIC,Datos,historia,FIC-5,5,2025-04-07,2025-06-02,2025-06-19,hecho,17,0,S12
FIC-65,Salud,SAL-FIC,Datos,historia,FIC-6,2,2025-04-07,2025-06-05,2025-06-10,hecho,5,0,S12
FIC-66,Salud,SAL-FIC,Datos,bug,FIC-6,2,2025-04-07,2025-06-05,2025-06-17,hecho,12,0,S12
FIC-67,Salud,SAL-FIC,Datos,historia,FIC-6,2,2025-04-07,2025-06-11,2025-06-23,hecho,12,0,S13
FIC-68,Salud,SAL-FIC,Datos,historia,FIC-6,2,2025-04-07,2025-06-12,2025-06-26,hecho,14,0,S13
FIC-69,Salud,SAL-FIC,Datos,historia,FIC-7,2,2025-04-07,2025-06-18,2025-07-21,hecho,33,160,S15
FIC-70,Salud,SAL-FIC,Datos,historia,FIC-7,5,2025-04-07,2025-06-19,2025-07-04,hecho,15,0,S13
FIC-71,Salud,SAL-FIC,Datos,historia,FIC-7,3,2025-04-07,2025-06-20,2025-08-12,hecho,53,264,S16
FIC-72,Salud,SAL-FIC,Datos,historia,FIC-7,2,2025-04-07,2025-06-24,2025-07-03,hecho,9,0,S13
FIC-73,Salud,SAL-FIC,Datos,historia,FIC-7,3,2025-04-07,2025-06-25,2025-07-15,hecho,20,0,S14
FIC-74,Salud,SAL-FIC,Datos,historia,FIC-8,3,2025-04-07,2025-06-26,2025-07-03,hecho,7,0,S13
FIC-75,Salud,SAL-FIC,Datos,historia,FIC-9,5,2025-04-07,2025-06-26,2025-07-22,hecho,26,0,S15
FIC-76,Salud,SAL-FIC,Datos,tarea,FIC-10,2,2025-04-07,2025-06-27,2025-07-08,hecho,11,0,S14
FIC-77,Salud,SAL-FIC,Datos,tarea,FIC-10,3,2025-04-07,2025-07-04,2025-07-15,hecho,11,0,S14
FIC-78,Salud,SAL-FIC,Datos,bug,FIC-10,2,2025-04-07,2025-07-11,2025-07-17,hecho,6,0,S14
FIC-79,Salud,SAL-FIC,Datos,bug,FIC-10,2,2025-04-07,2025-07-14,2025-07-23,hecho,9,0,S15
FIC-80,Salud,SAL-FIC,Datos,historia,FIC-10,2,2025-04-07,2025-07-14,2025-07-23,hecho,9,0,S15
FIC-81,Salud,SAL-FIC,Datos,tarea,FIC-10,3,2025-04-07,2025-07-18,2025-07-28,hecho,10,0,S15
FIC-82,Salud,SAL-FIC,Datos,historia,FIC-11,3,2025-04-07,2025-07-21,2025-07-28,hecho,7,0,S15
FIC-83,Salud,SAL-FIC,Datos,historia,FIC-11,2,2025-04-07,2025-07-21,2025-08-04,hecho,14,0,S16
FIC-84,Salud,SAL-FIC,Datos,bug,FIC-12,1,2025-04-07,2025-07-22,2025-07-28,hecho,6,0,S15
FIC-85,Salud,SAL-FIC,Datos,bug,FIC-12,2,2025-04-07,2025-07-22,2025-07-30,hecho,8,0,S15
FIC-86,Salud,SAL-FIC,Datos,historia,FIC-12,5,2025-04-07,2025-07-25,2025-08-07,hecho,13,0,S16
FIC-87,Salud,SAL-FIC,Datos,historia,FIC-12,2,2025-04-07,2025-07-28,2025-10-21,hecho,85,440,S21
FIC-88,Salud,SAL-FIC,Datos,historia,FIC-12,3,2025-04-07,2025-07-28,2025-08-08,hecho,11,0,S16
FIC-89,Salud,SAL-FIC,Datos,historia,FIC-12,2,2025-04-07,2025-07-28,2025-07-31,hecho,3,0,S15
FIC-90,Salud,SAL-FIC,Datos,historia,FIC-12,3,2025-04-07,2025-07-29,2025-08-06,hecho,8,0,S16
FIC-91,Salud,SAL-FIC,Datos,historia,FIC-12,3,2025-04-07,2025-07-30,2025-08-19,hecho,20,40,S17
FIC-92,Salud,SAL-FIC,Datos,historia,FIC-12,5,2025-04-07,2025-07-31,2025-08-20,hecho,20,0,S17
FIC-93,Salud,SAL-FIC,Datos,tarea,FIC-13,1,2025-04-07,2025-07-31,2025-08-04,hecho,4,0,S16
FIC-94,Salud,SAL-FIC,Datos,tarea,FIC-13,2,2025-04-07,2025-08-05,2025-08-26,hecho,21,96,S17
FIC-95,Salud,SAL-FIC,Datos,bug,FIC-13,1,2025-04-07,2025-08-06,2025-08-21,hecho,15,64,S17
FIC-96,Salud,SAL-FIC,Datos,historia,FIC-14,3,2025-04-07,2025-08-07,2025-08-26,hecho,19,0,S17
FIC-97,Salud,SAL-FIC,Datos,tarea,FIC-14,1,2025-04-07,2025-08-12,2025-08-19,hecho,7,0,S17
FIC-98,Salud,SAL-FIC,Datos,historia,FIC-14,2,2025-04-07,2025-08-13,2025-08-19,hecho,6,0,S17
FIC-99,Salud,SAL-FIC,Datos,tarea,FIC-14,1,2025-04-07,2025-08-14,2025-08-19,hecho,5,0,S17
FIC-100,Salud,SAL-FIC,Datos,historia,FIC-14,5,2025-04-07,2025-08-19,2025-09-12,hecho,24,48,S18
FIC-101,Salud,SAL-FIC,Datos,bug,FIC-15,1,2025-04-07,2025-08-19,2025-08-26,hecho,7,0,S17
FIC-102,Salud,SAL-FIC,Datos,tarea,FIC-15,2,2025-04-07,2025-08-20,2025-08-28,hecho,8,0,S17
FIC-103,Salud,SAL-FIC,Datos,historia,FIC-15,2,2025-04-07,2025-08-22,2025-08-28,hecho,6,0,S17
FIC-104,Salud,SAL-FIC,Datos,bug,FIC-15,1,2025-04-07,2025-08-25,2025-09-03,hecho,9,0,S18
FIC-105,Salud,SAL-FIC,Datos,historia,FIC-15,5,2025-04-07,2025-08-25,2025-09-01,hecho,7,0,S18
FIC-106,Salud,SAL-FIC,Datos,tarea,FIC-15,2,2025-04-07,2025-08-26,2025-09-04,hecho,9,0,S18
FIC-107,Salud,SAL-FIC,Datos,tarea,FIC-15,3,2025-04-07,2025-08-27,2025-09-05,hecho,9,0,S18
FIC-108,Salud,SAL-FIC,Datos,tarea,FIC-16,1,2025-04-07,2025-08-28,2025-09-08,hecho,11,0,S18
FIC-109,Salud,SAL-FIC,Datos,historia,FIC-16,5,2025-04-07,2025-09-01,2025-09-15,hecho,14,0,S19
FIC-110,Salud,SAL-FIC,Datos,historia,FIC-16,2,2025-04-07,2025-09-03,2025-09-12,hecho,9,0,S18
FIC-111,Salud,SAL-FIC,Datos,bug,FIC-16,2,2025-04-07,2025-09-04,2025-09-10,hecho,6,0,S18
FIC-112,Salud,SAL-FIC,Datos,historia,FIC-16,3,2025-04-07,2025-09-04,2025-09-19,hecho,15,0,S19
FIC-113,Salud,SAL-FIC,Datos,historia,FIC-16,2,2025-04-07,2025-09-12,2025-09-19,hecho,7,0,S19
FIC-114,Salud,SAL-FIC,Datos,historia,FIC-16,3,2025-04-07,2025-09-17,2025-09-26,hecho,9,0,S19
FIC-115,Salud,SAL-FIC,Datos,historia,FIC-17,5,2025-04-07,2025-09-24,2025-10-03,hecho,9,0,S20
FIC-116,Salud,SAL-FIC,Datos,historia,FIC-17,8,2025-04-07,2025-10-02,2025-10-29,hecho,27,0,S22
FIC-117,Salud,SAL-FIC,Datos,bug,FIC-18,2,2025-04-07,2025-10-03,2025-10-10,hecho,7,0,S20
FIC-118,Salud,SAL-FIC,Datos,tarea,FIC-18,1,2025-04-07,2025-10-07,2025-10-13,hecho,6,0,S21
FIC-119,Salud,SAL-FIC,Datos,bug,FIC-18,2,2025-04-07,2025-10-09,2025-10-16,hecho,7,0,S21
FIC-120,Salud,SAL-FIC,Datos,historia,FIC-18,8,2025-04-07,2025-10-10,2025-11-04,hecho,25,0,S22
FIC-121,Salud,SAL-FIC,Datos,historia,FIC-18,5,2025-04-07,2025-10-14,2025-10-27,hecho,13,0,S22
FIC-122,Salud,SAL-FIC,Datos,historia,FIC-18,3,2025-04-07,2025-10-17,2025-12-12,hecho,56,272,S25
FIC-123,Salud,SAL-FIC,Datos,historia,FIC-18,3,2025-04-07,2025-10-23,2025-10-28,hecho,5,0,S22
FIC-124,Salud,SAL-FIC,Datos,historia,FIC-19,3,2025-04-07,2025-10-27,2025-11-04,hecho,8,0,S22
FIC-125,Salud,SAL-FIC,Datos,historia,FIC-19,3,2025-04-07,2025-10-27,2025-11-05,hecho,9,0,S22
FIC-126,Salud,SAL-FIC,Datos,historia,FIC-19,5,2025-04-07,2025-10-28,2025-11-10,hecho,13,0,S23
FIC-127,Salud,SAL-FIC,Datos,tarea,FIC-19,3,2025-04-07,2025-11-04,2026-02-02,hecho,90,448,S29
FIC-128,Salud,SAL-FIC,Datos,historia,FIC-19,8,2025-04-07,2025-11-05,2025-11-25,hecho,20,0,S24
FIC-129,Salud,SAL-FIC,Datos,historia,FIC-19,2,2025-04-07,2025-11-06,2025-11-17,hecho,11,0,S23
FIC-130,Salud,SAL-FIC,Datos,historia,FIC-19,5,2025-04-07,2025-11-07,2025-11-20,hecho,13,0,S23
FIC-131,Salud,SAL-FIC,Datos,historia,FIC-20,2,2025-04-07,2025-11-21,2025-11-26,hecho,5,0,S24
FIC-132,Salud,SAL-FIC,Datos,historia,FIC-20,8,2025-04-07,2025-11-25,2025-12-23,hecho,28,0,S26
FIC-133,Salud,SAL-FIC,Datos,historia,FIC-20,2,2025-04-07,2025-11-26,2025-12-01,hecho,5,0,S24
FIC-134,Salud,SAL-FIC,Datos,historia,FIC-20,5,2025-04-07,2025-11-28,2025-12-16,hecho,18,0,S25
FIC-135,Salud,SAL-FIC,Datos,bug,FIC-20,2,2025-04-07,2025-12-01,2025-12-09,hecho,8,0,S25
FIC-136,Salud,SAL-FIC,Datos,bug,FIC-21,1,2025-04-07,2025-12-12,2025-12-16,hecho,4,0,S25
FIC-137,Salud,SAL-FIC,Datos,historia,FIC-21,2,2025-04-07,2025-12-15,2025-12-23,hecho,8,0,S26
FIC-138,Salud,SAL-FIC,Datos,tarea,FIC-21,3,2025-04-07,2025-12-16,2025-12-19,hecho,3,0,S25
FIC-139,Salud,SAL-FIC,Datos,historia,FIC-21,3,2025-04-07,2025-12-16,2025-12-25,hecho,9,0,S26
FIC-140,Salud,SAL-FIC,Datos,historia,FIC-21,3,2025-04-07,2025-12-19,2026-01-28,hecho,40,184,S28
FIC-141,Salud,SAL-FIC,Datos,historia,FIC-21,3,2025-04-07,2025-12-22,2025-12-31,hecho,9,0,S26
FIC-142,Salud,SAL-FIC,Datos,historia,FIC-21,3,2025-04-07,2025-12-24,2026-01-01,hecho,8,0,S26
FIC-143,Salud,SAL-FIC,Datos,historia,FIC-21,3,2025-04-07,2025-12-30,2026-01-15,hecho,16,0,S27
FIC-144,Salud,SAL-FIC,Datos,historia,FIC-22,5,2025-04-07,2025-12-30,2026-02-05,hecho,37,0,S29
FIC-145,Salud,SAL-FIC,Datos,tarea,FIC-22,2,2025-04-07,2026-01-01,2026-01-06,hecho,5,0,S27
FIC-146,Salud,SAL-FIC,Datos,tarea,FIC-23,2,2025-04-07,2026-01-05,2026-02-26,hecho,52,272,S30
FIC-147,Salud,SAL-FIC,Datos,historia,FIC-24,5,2025-04-07,2026-01-07,2026-01-23,hecho,16,0,S28
FIC-148,Salud,SAL-FIC,Datos,historia,FIC-24,5,2025-04-07,2026-01-09,2026-02-02,hecho,24,0,S29
FIC-149,Salud,SAL-FIC,Datos,historia,FIC-24,8,2025-04-07,2026-01-12,2026-02-06,hecho,25,0,S29
FIC-150,Salud,SAL-FIC,Datos,tarea,FIC-24,2,2025-04-07,2026-01-15,2026-01-22,hecho,7,0,S28
FIC-151,Salud,SAL-FIC,Datos,historia,FIC-25,5,2025-04-07,2026-01-27,2026-02-11,hecho,15,0,S29
FIC-152,Salud,SAL-FIC,Datos,historia,FIC-25,3,2025-04-07,2026-01-29,2026-02-10,hecho,12,0,S29
FIC-153,Salud,SAL-FIC,Datos,historia,FIC-25,5,2025-04-07,2026-02-04,2026-02-16,hecho,12,0,S30
FIC-154,Salud,SAL-FIC,Datos,bug,FIC-25,1,2025-04-07,2026-02-05,2026-05-14,hecho,98,528,S36
FIC-155,Salud,SAL-FIC,Datos,historia,FIC-25,8,2025-04-07,2026-02-09,2026-02-27,hecho,18,0,S30
FIC-156,Salud,SAL-FIC,Datos,tarea,FIC-25,2,2025-04-07,2026-02-10,2026-04-10,hecho,59,304,S33
FIC-157,Salud,SAL-FIC,Datos,historia,FIC-25,3,2025-04-07,2026-02-12,2026-02-24,hecho,12,0,S30
FIC-158,Salud,SAL-FIC,Datos,historia,FIC-26,2,2025-04-07,2026-02-12,2026-02-23,hecho,11,0,S30
FIC-159,Salud,SAL-FIC,Datos,historia,FIC-26,5,2025-04-07,2026-02-18,2026-03-19,hecho,29,0,S32
FIC-160,Salud,SAL-FIC,Datos,historia,FIC-26,3,2025-04-07,2026-02-19,2026-03-02,hecho,11,0,S31
FIC-161,Salud,SAL-FIC,Datos,bug,FIC-26,2,2025-04-07,2026-02-20,2026-03-10,hecho,18,48,S31
FIC-162,Salud,SAL-FIC,Datos,historia,FIC-27,5,2025-04-07,2026-02-23,2026-05-28,hecho,94,416,S37
FIC-163,Salud,SAL-FIC,Datos,historia,FIC-27,3,2025-04-07,2026-03-02,2026-05-22,hecho,81,448,S36
FIC-164,Salud,SAL-FIC,Datos,tarea,FIC-27,3,2025-04-07,2026-03-10,2026-03-20,hecho,10,0,S32
FIC-165,Salud,SAL-FIC,Datos,historia,FIC-28,5,2025-04-07,2026-03-12,2026-05-20,hecho,69,288,S36
FIC-166,Salud,SAL-FIC,Datos,tarea,FIC-28,1,2025-04-07,2026-03-13,2026-03-16,hecho,3,0,S32
FIC-167,Salud,SAL-FIC,Datos,tarea,FIC-28,2,2025-04-07,2026-03-16,2026-03-19,hecho,3,0,S32
FIC-168,Salud,SAL-FIC,Datos,historia,FIC-28,2,2025-04-07,2026-03-19,2026-04-06,hecho,18,0,S33
FIC-169,Salud,SAL-FIC,Datos,historia,FIC-28,5,2025-04-07,2026-03-24,2026-04-06,hecho,13,0,S33
FIC-170,Salud,SAL-FIC,Datos,historia,FIC-28,8,2025-04-07,2026-04-07,2026-05-19,hecho,42,0,S36
FIC-171,Salud,SAL-FIC,Datos,historia,FIC-28,2,2025-04-07,2026-04-13,2026-04-20,hecho,7,0,S34
FIC-172,Salud,SAL-FIC,Datos,historia,FIC-28,2,2025-04-07,2026-04-17,2026-05-08,hecho,21,0,S35
FIC-173,Salud,SAL-FIC,Datos,historia,FIC-28,2,2025-04-07,2026-04-24,2026-06-10,hecho,47,208,S38
FIC-174,Salud,SAL-FIC,Datos,bug,FIC-29,2,2025-04-07,2026-05-04,2026-05-08,hecho,4,0,S35
FIC-175,Salud,SAL-FIC,Datos,historia,FIC-29,3,2025-04-07,2026-05-07,2026-05-22,hecho,15,0,S36
FIC-176,Salud,SAL-FIC,Datos,historia,FIC-29,3,2025-04-07,2026-05-14,2026-05-21,hecho,7,0,S36
FIC-177,Salud,SAL-FIC,Datos,historia,FIC-29,2,2025-04-07,2026-05-18,2026-05-28,hecho,10,0,S37
FIC-178,Salud,SAL-FIC,Datos,tarea,FIC-29,1,2025-04-07,2026-05-22,2026-05-28,hecho,6,0,S37
FIC-179,Salud,SAL-FIC,Datos,historia,FIC-29,3,2025-04-07,2026-05-25,2026-06-03,hecho,9,0,S37
FIC-180,Salud,SAL-FIC,Datos,historia,FIC-30,3,2025-04-07,2026-05-27,2026-06-02,hecho,6,0,S37
FIC-181,Salud,SAL-FIC,Datos,historia,FIC-30,8,2025-04-07,2026-05-27,2026-06-17,hecho,21,0,S38
FIC-182,Salud,SAL-FIC,Datos,historia,FIC-30,3,2025-04-07,2026-06-02,2026-06-30,hecho,28,128,S39
FIC-183,Salud,SAL-FIC,Datos,tarea,FIC-30,2,2025-04-07,2026-06-17,2026-06-24,hecho,7,0,S39
FIC-184,Salud,SAL-FIC,Datos,historia,FIC-30,2,2025-04-07,2026-06-19,2026-07-01,hecho,12,0,S39
FIC-185,Salud,SAL-FIC,Datos,bug,FIC-31,2,2025-04-07,2026-06-22,2026-07-20,hecho,28,96,S41
FIC-186,Salud,SAL-FIC,Datos,historia,FIC-31,5,2025-04-07,2026-06-22,2026-07-09,hecho,17,0,S40
FIC-187,Salud,SAL-FIC,Datos,tarea,FIC-31,1,2025-04-07,2026-06-24,2026-07-02,hecho,8,0,S39
FIC-188,Salud,SAL-FIC,Datos,historia,FIC-31,5,2025-04-07,2026-06-29,2026-07-06,hecho,7,0,S40
FIC-189,Salud,SAL-FIC,Datos,historia,FIC-32,2,2025-04-07,2026-07-03,2026-07-09,hecho,6,0,S40
FIC-190,Salud,SAL-FIC,Datos,bug,FIC-32,2,2025-04-07,2026-07-03,2026-07-09,hecho,6,0,S40
FIC-191,Salud,SAL-FIC,Datos,bug,FIC-33,2,2025-04-07,2026-07-03,2026-07-16,hecho,13,0,S40
FIC-192,Salud,SAL-FIC,Datos,historia,FIC-33,8,2025-04-07,2026-07-21,2026-08-04,hecho,14,0,S42
FIC-193,Salud,SAL-FIC,Datos,historia,FIC-33,3,2025-04-07,2026-07-22,2026-08-04,hecho,13,0,S42
FIC-194,Salud,SAL-FIC,Datos,historia,FIC-33,3,2025-04-07,2026-07-23,2026-08-06,hecho,14,0,S42
FIC-195,Salud,SAL-FIC,Datos,bug,FIC-33,2,2025-04-07,2026-07-23,2026-07-31,hecho,8,0,S41
FIC-196,Salud,SAL-FIC,Datos,historia,FIC-33,2,2025-04-07,2026-07-27,2026-07-30,hecho,3,0,S41
FIC-197,Salud,SAL-FIC,Datos,historia,FIC-33,3,2025-04-07,2026-08-03,2026-08-18,hecho,15,0,S43
FIC-198,Salud,SAL-FIC,Datos,bug,FIC-33,2,2025-04-07,2026-08-03,2026-08-14,hecho,11,0,S42
FIC-199,Salud,SAL-FIC,Datos,historia,FIC-33,8,2025-04-07,2026-08-05,2026-08-21,hecho,16,0,S43
FIC-200,Salud,SAL-FIC,Datos,tarea,FIC-33,1,2025-04-07,2026-08-11,2026-08-13,hecho,2,0,S42
FIC-201,Salud,SAL-FIC,Datos,historia,FIC-34,5,2025-04-07,2026-08-12,2026-09-21,hecho,40,0,S45
FIC-202,Salud,SAL-FIC,Datos,historia,FIC-34,2,2025-04-07,2026-08-13,2026-08-20,hecho,7,0,S43
FIC-203,Salud,SAL-FIC,Datos,historia,FIC-34,5,2025-04-07,2026-08-18,2026-09-01,hecho,14,0,S44
FIC-204,Salud,SAL-FIC,Integraciones,historia,FIC-1,3,2025-04-07,2025-04-11,2025-05-05,hecho,24,0,S09
FIC-205,Salud,SAL-FIC,Integraciones,historia,FIC-1,2,2025-04-07,2025-04-14,2025-04-16,hecho,2,0,S08
FIC-206,Salud,SAL-FIC,Integraciones,historia,FIC-1,3,2025-04-07,2025-04-16,2025-04-28,hecho,12,0,S09
FIC-207,Salud,SAL-FIC,Integraciones,bug,FIC-2,2,2025-04-07,2025-04-16,2025-04-29,hecho,13,32,S09
FIC-208,Salud,SAL-FIC,Integraciones,tarea,FIC-2,1,2025-04-07,2025-04-29,2025-05-05,hecho,6,0,S09
FIC-209,Salud,SAL-FIC,Integraciones,historia,FIC-2,2,2025-04-07,2025-04-30,2025-05-06,hecho,6,0,S09
FIC-210,Salud,SAL-FIC,Integraciones,bug,FIC-2,1,2025-04-07,2025-05-01,2025-05-06,hecho,5,0,S09
FIC-211,Salud,SAL-FIC,Integraciones,historia,FIC-3,3,2025-04-07,2025-05-01,2025-05-27,hecho,26,0,S11
FIC-212,Salud,SAL-FIC,Integraciones,bug,FIC-3,1,2025-04-07,2025-05-05,2025-05-06,hecho,1,0,S09
FIC-213,Salud,SAL-FIC,Integraciones,historia,FIC-3,2,2025-04-07,2025-05-06,2025-05-12,hecho,6,0,S10
FIC-214,Salud,SAL-FIC,Integraciones,bug,FIC-3,2,2025-04-07,2025-05-06,2025-05-12,hecho,6,0,S10
FIC-215,Salud,SAL-FIC,Integraciones,historia,FIC-3,2,2025-04-07,2025-05-08,2025-05-16,hecho,8,0,S10
FIC-216,Salud,SAL-FIC,Integraciones,historia,FIC-3,2,2025-04-07,2025-05-09,2025-05-15,hecho,6,0,S10
FIC-217,Salud,SAL-FIC,Integraciones,tarea,FIC-3,1,2025-04-07,2025-05-12,2025-05-15,hecho,3,0,S10
FIC-218,Salud,SAL-FIC,Integraciones,historia,FIC-4,2,2025-04-07,2025-05-14,2025-05-19,hecho,5,0,S10
FIC-219,Salud,SAL-FIC,Integraciones,historia,FIC-5,2,2025-04-07,2025-05-20,2025-05-28,hecho,8,0,S11
FIC-220,Salud,SAL-FIC,Integraciones,historia,FIC-5,5,2025-04-07,2025-05-21,2025-05-27,hecho,6,0,S11
FIC-221,Salud,SAL-FIC,Integraciones,tarea,FIC-5,1,2025-04-07,2025-05-23,2025-05-26,hecho,3,0,S11
FIC-222,Salud,SAL-FIC,Integraciones,historia,FIC-6,2,2025-04-07,2025-05-26,2025-06-11,hecho,16,0,S12
FIC-223,Salud,SAL-FIC,Integraciones,historia,FIC-6,3,2025-04-07,2025-05-26,2025-06-10,hecho,15,0,S12
FIC-224,Salud,SAL-FIC,Integraciones,bug,FIC-6,2,2025-04-07,2025-06-05,2025-06-16,hecho,11,0,S12
FIC-225,Salud,SAL-FIC,Integraciones,bug,FIC-6,1,2025-04-07,2025-06-10,2025-06-12,hecho,2,0,S12
FIC-226,Salud,SAL-FIC,Integraciones,historia,FIC-6,3,2025-04-07,2025-06-10,2025-07-01,hecho,21,0,S13
FIC-227,Salud,SAL-FIC,Integraciones,bug,FIC-6,1,2025-04-07,2025-06-10,2025-06-13,hecho,3,0,S12
FIC-228,Salud,SAL-FIC,Integraciones,historia,FIC-7,3,2025-04-07,2025-06-12,2025-06-20,hecho,8,0,S12
FIC-229,Salud,SAL-FIC,Integraciones,historia,FIC-7,3,2025-04-07,2025-06-12,2025-06-23,hecho,11,0,S13
FIC-230,Salud,SAL-FIC,Integraciones,tarea,FIC-7,3,2025-04-07,2025-06-13,2025-06-20,hecho,7,0,S12
FIC-231,Salud,SAL-FIC,Integraciones,tarea,FIC-7,1,2025-04-07,2025-06-19,2025-06-23,hecho,4,0,S13
FIC-232,Salud,SAL-FIC,Integraciones,historia,FIC-8,3,2025-04-07,2025-06-20,2025-07-03,hecho,13,0,S13
FIC-233,Salud,SAL-FIC,Integraciones,historia,FIC-8,3,2025-04-07,2025-06-20,2025-07-02,hecho,12,0,S13
FIC-234,Salud,SAL-FIC,Integraciones,tarea,FIC-9,2,2025-04-07,2025-06-23,2025-07-03,hecho,10,0,S13
FIC-235,Salud,SAL-FIC,Integraciones,tarea,FIC-9,2,2025-04-07,2025-06-30,2025-07-15,hecho,15,0,S14
FIC-236,Salud,SAL-FIC,Integraciones,bug,FIC-9,2,2025-04-07,2025-06-30,2025-07-03,hecho,3,0,S13
FIC-237,Salud,SAL-FIC,Integraciones,historia,FIC-9,3,2025-04-07,2025-07-01,2025-07-10,hecho,9,0,S14
FIC-238,Salud,SAL-FIC,Integraciones,historia,FIC-9,3,2025-04-07,2025-07-02,2025-07-16,hecho,14,0,S14
FIC-239,Salud,SAL-FIC,Integraciones,bug,FIC-10,2,2025-04-07,2025-07-03,2025-07-10,hecho,7,0,S14
FIC-240,Salud,SAL-FIC,Integraciones,historia,FIC-10,8,2025-04-07,2025-07-08,2025-07-28,hecho,20,0,S15
FIC-241,Salud,SAL-FIC,Integraciones,bug,FIC-10,2,2025-04-07,2025-07-09,2025-07-16,hecho,7,0,S14
FIC-242,Salud,SAL-FIC,Integraciones,historia,FIC-10,5,2025-04-07,2025-07-15,2025-08-05,hecho,21,0,S16
FIC-243,Salud,SAL-FIC,Integraciones,bug,FIC-10,2,2025-04-07,2025-07-15,2025-07-22,hecho,7,0,S15
FIC-244,Salud,SAL-FIC,Integraciones,bug,FIC-11,1,2025-04-07,2025-07-18,2025-07-23,hecho,5,0,S15
FIC-245,Salud,SAL-FIC,Integraciones,tarea,FIC-11,2,2025-04-07,2025-07-21,2025-07-29,hecho,8,0,S15
FIC-246,Salud,SAL-FIC,Integraciones,historia,FIC-11,8,2025-04-07,2025-07-25,2025-08-15,hecho,21,24,S16
FIC-247,Salud,SAL-FIC,Integraciones,historia,FIC-11,3,2025-04-07,2025-07-28,2025-08-06,hecho,9,0,S16
FIC-248,Salud,SAL-FIC,Integraciones,historia,FIC-11,5,2025-04-07,2025-07-29,2025-09-03,hecho,36,152,S18
FIC-249,Salud,SAL-FIC,Integraciones,tarea,FIC-11,2,2025-04-07,2025-07-31,2025-08-05,hecho,5,0,S16
FIC-250,Salud,SAL-FIC,Integraciones,historia,FIC-12,5,2025-04-07,2025-08-08,2025-08-21,hecho,13,0,S17
FIC-251,Salud,SAL-FIC,Integraciones,historia,FIC-12,5,2025-04-07,2025-08-13,2025-08-19,hecho,6,0,S17
FIC-252,Salud,SAL-FIC,Integraciones,historia,FIC-12,3,2025-04-07,2025-08-19,2025-08-26,hecho,7,0,S17
FIC-253,Salud,SAL-FIC,Integraciones,historia,FIC-13,3,2025-04-07,2025-08-19,2025-08-22,hecho,3,0,S17
FIC-254,Salud,SAL-FIC,Integraciones,bug,FIC-13,1,2025-04-07,2025-08-22,2025-08-27,hecho,5,0,S17
FIC-255,Salud,SAL-FIC,Integraciones,historia,FIC-13,5,2025-04-07,2025-08-22,2025-09-03,hecho,12,0,S18
FIC-256,Salud,SAL-FIC,Integraciones,historia,FIC-13,5,2025-04-07,2025-08-22,2025-09-16,hecho,25,0,S19
FIC-257,Salud,SAL-FIC,Integraciones,historia,FIC-14,3,2025-04-07,2025-09-01,2025-09-11,hecho,10,0,S18
FIC-258,Salud,SAL-FIC,Integraciones,historia,FIC-14,8,2025-04-07,2025-09-03,2025-09-25,hecho,22,0,S19
FIC-259,Salud,SAL-FIC,Integraciones,tarea,FIC-14,1,2025-04-07,2025-09-09,2025-09-12,hecho,3,0,S18
FIC-260,Salud,SAL-FIC,Integraciones,historia,FIC-14,3,2025-04-07,2025-09-10,2025-09-18,hecho,8,0,S19
FIC-261,Salud,SAL-FIC,Integraciones,historia,FIC-14,3,2025-04-07,2025-09-11,2025-09-30,hecho,19,0,S20
FIC-262,Salud,SAL-FIC,Integraciones,tarea,FIC-14,1,2025-04-07,2025-09-15,2025-09-19,hecho,4,0,S19
FIC-263,Salud,SAL-FIC,Integraciones,historia,FIC-15,3,2025-04-07,2025-09-16,2025-12-19,hecho,94,512,S25
FIC-264,Salud,SAL-FIC,Integraciones,historia,FIC-15,2,2025-04-07,2025-09-24,2025-10-01,hecho,7,0,S20
FIC-265,Salud,SAL-FIC,Integraciones,bug,FIC-16,1,2025-04-07,2025-09-26,2025-12-29,hecho,94,488,S26
FIC-266,Salud,SAL-FIC,Integraciones,historia,FIC-16,3,2025-04-07,2025-09-30,2025-10-03,hecho,3,0,S20
FIC-267,Salud,SAL-FIC,Integraciones,historia,FIC-16,5,2025-04-07,2025-10-02,2025-11-10,hecho,39,0,S23
FIC-268,Salud,SAL-FIC,Integraciones,historia,FIC-16,3,2025-04-07,2025-10-03,2025-10-08,hecho,5,0,S20
FIC-269,Salud,SAL-FIC,Integraciones,historia,FIC-16,2,2025-04-07,2025-10-08,2025-10-15,hecho,7,0,S21
FIC-270,Salud,SAL-FIC,Integraciones,historia,FIC-17,5,2025-04-07,2025-10-14,2025-10-28,hecho,14,0,S22
FIC-271,Salud,SAL-FIC,Integraciones,bug,FIC-17,2,2025-04-07,2025-10-16,2025-10-29,hecho,13,0,S22
FIC-272,Salud,SAL-FIC,Integraciones,bug,FIC-17,1,2025-04-07,2025-10-28,2025-10-31,hecho,3,0,S22
FIC-273,Salud,SAL-FIC,Integraciones,historia,FIC-18,3,2025-04-07,2025-10-28,2025-11-05,hecho,8,0,S22
FIC-274,Salud,SAL-FIC,Integraciones,historia,FIC-18,8,2025-04-07,2025-11-10,2025-12-16,hecho,36,0,S25
FIC-275,Salud,SAL-FIC,Integraciones,bug,FIC-18,2,2025-04-07,2025-11-21,2025-11-28,hecho,7,0,S24
FIC-276,Salud,SAL-FIC,Integraciones,historia,FIC-18,3,2025-04-07,2025-11-25,2025-12-09,hecho,14,0,S25
FIC-277,Salud,SAL-FIC,Integraciones,historia,FIC-19,3,2025-04-07,2025-11-27,2025-12-10,hecho,13,0,S25
FIC-278,Salud,SAL-FIC,Integraciones,historia,FIC-19,3,2025-04-07,2025-12-05,2025-12-16,hecho,11,0,S25
FIC-279,Salud,SAL-FIC,Integraciones,historia,FIC-19,5,2025-04-07,2025-12-10,2026-01-13,hecho,34,0,S27
FIC-280,Salud,SAL-FIC,Integraciones,tarea,FIC-19,1,2025-04-07,2025-12-12,2025-12-22,hecho,10,0,S26
FIC-281,Salud,SAL-FIC,Integraciones,bug,FIC-19,1,2025-04-07,2025-12-26,2025-12-31,hecho,5,0,S26
FIC-282,Salud,SAL-FIC,Integraciones,bug,FIC-20,1,2025-04-07,2025-12-29,2026-02-19,hecho,52,280,S30
FIC-283,Salud,SAL-FIC,Integraciones,tarea,FIC-20,2,2025-04-07,2025-12-31,2026-01-07,hecho,7,0,S27
FIC-284,Salud,SAL-FIC,Integraciones,historia,FIC-21,2,2025-04-07,2026-01-06,2026-01-14,hecho,8,0,S27
FIC-285,Salud,SAL-FIC,Integraciones,historia,FIC-21,3,2025-04-07,2026-01-07,2026-01-15,hecho,8,0,S27
FIC-286,Salud,SAL-FIC,Integraciones,tarea,FIC-22,1,2025-04-07,2026-01-09,2026-01-14,hecho,5,0,S27
FIC-287,Salud,SAL-FIC,Integraciones,tarea,FIC-22,3,2025-04-07,2026-01-12,2026-03-26,hecho,73,368,S32
FIC-288,Salud,SAL-FIC,Integraciones,historia,FIC-22,3,2025-04-07,2026-01-15,2026-03-06,hecho,50,224,S31
FIC-289,Salud,SAL-FIC,Integraciones,historia,FIC-23,2,2025-04-07,2026-01-15,2026-01-28,hecho,13,0,S28
FIC-290,Salud,SAL-FIC,Integraciones,historia,FIC-23,2,2025-04-07,2026-01-20,2026-02-03,hecho,14,24,S29
FIC-291,Salud,SAL-FIC,Integraciones,historia,FIC-23,2,2025-04-07,2026-01-22,2026-02-02,hecho,11,0,S29
FIC-292,Salud,SAL-FIC,Integraciones,historia,FIC-23,3,2025-04-07,2026-01-26,2026-02-04,hecho,9,0,S29
FIC-293,Salud,SAL-FIC,Integraciones,tarea,FIC-24,2,2025-04-07,2026-01-27,2026-01-30,hecho,3,0,S28
FIC-294,Salud,SAL-FIC,Integraciones,historia,FIC-24,8,2025-04-07,2026-01-27,2026-04-20,hecho,83,0,S34
FIC-295,Salud,SAL-FIC,Integraciones,bug,FIC-24,2,2025-04-07,2026-02-04,2026-02-10,hecho,6,0,S29
FIC-296,Salud,SAL-FIC,Integraciones,historia,FIC-24,3,2025-04-07,2026-02-06,2026-02-16,hecho,10,0,S30
FIC-297,Salud,SAL-FIC,Integraciones,historia,FIC-24,5,2025-04-07,2026-02-24,2026-03-03,hecho,7,0,S31
FIC-298,Salud,SAL-FIC,Integraciones,historia,FIC-25,3,2025-04-07,2026-03-03,2026-03-11,hecho,8,0,S31
FIC-299,Salud,SAL-FIC,Integraciones,historia,FIC-25,8,2025-04-07,2026-03-05,2026-03-24,hecho,19,0,S32
FIC-300,Salud,SAL-FIC,Integraciones,historia,FIC-26,8,2025-04-07,2026-03-10,2026-03-31,hecho,21,0,S33
FIC-301,Salud,SAL-FIC,Integraciones,historia,FIC-26,3,2025-04-07,2026-03-24,2026-04-06,hecho,13,0,S33
FIC-302,Salud,SAL-FIC,Integraciones,historia,FIC-26,3,2025-04-07,2026-03-31,2026-04-23,hecho,23,80,S34
FIC-303,Salud,SAL-FIC,Integraciones,bug,FIC-26,2,2025-04-07,2026-04-01,2026-04-07,hecho,6,0,S33
FIC-304,Salud,SAL-FIC,Integraciones,historia,FIC-26,2,2025-04-07,2026-04-02,2026-04-15,hecho,13,0,S34
FIC-305,Salud,SAL-FIC,Integraciones,historia,FIC-27,2,2025-04-07,2026-04-07,2026-04-17,hecho,10,0,S34
FIC-306,Salud,SAL-FIC,Integraciones,historia,FIC-27,5,2025-04-07,2026-04-08,2026-04-20,hecho,12,0,S34
FIC-307,Salud,SAL-FIC,Integraciones,historia,FIC-27,3,2025-04-07,2026-04-20,2026-05-05,hecho,15,0,S35
FIC-308,Salud,SAL-FIC,Integraciones,bug,FIC-27,1,2025-04-07,2026-04-27,2026-04-30,hecho,3,0,S35
FIC-309,Salud,SAL-FIC,Integraciones,historia,FIC-28,8,2025-04-07,2026-04-30,2026-05-18,hecho,18,0,S36
FIC-310,Salud,SAL-FIC,Integraciones,historia,FIC-28,3,2025-04-07,2026-05-04,2026-05-13,hecho,9,0,S36
FIC-311,Salud,SAL-FIC,Integraciones,historia,FIC-28,3,2025-04-07,2026-05-04,2026-05-12,hecho,8,0,S36
FIC-312,Salud,SAL-FIC,Integraciones,historia,FIC-28,5,2025-04-07,2026-05-08,2026-05-26,hecho,18,0,S37
FIC-313,Salud,SAL-FIC,Integraciones,tarea,FIC-28,1,2025-04-07,2026-05-11,2026-05-13,hecho,2,0,S36
FIC-314,Salud,SAL-FIC,Integraciones,historia,FIC-28,5,2025-04-07,2026-05-13,2026-05-25,hecho,12,0,S37
FIC-315,Salud,SAL-FIC,Integraciones,historia,FIC-28,2,2025-04-07,2026-05-14,2026-05-22,hecho,8,0,S36
FIC-316,Salud,SAL-FIC,Integraciones,tarea,FIC-29,3,2025-04-07,2026-05-21,2026-06-04,hecho,14,0,S37
FIC-317,Salud,SAL-FIC,Integraciones,historia,FIC-29,3,2025-04-07,2026-05-26,2026-06-04,hecho,9,0,S37
FIC-318,Salud,SAL-FIC,Integraciones,historia,FIC-29,5,2025-04-07,2026-05-26,2026-06-05,hecho,10,0,S37
FIC-319,Salud,SAL-FIC,Integraciones,tarea,FIC-29,3,2025-04-07,2026-05-28,2026-06-09,hecho,12,0,S38
FIC-320,Salud,SAL-FIC,Integraciones,historia,FIC-29,3,2025-04-07,2026-06-02,2026-06-09,hecho,7,0,S38
FIC-321,Salud,SAL-FIC,Integraciones,historia,FIC-29,2,2025-04-07,2026-06-04,2026-06-26,hecho,22,0,S39
FIC-322,Salud,SAL-FIC,Integraciones,historia,FIC-29,2,2025-04-07,2026-06-05,2026-06-16,hecho,11,0,S38
FIC-323,Salud,SAL-FIC,Integraciones,historia,FIC-29,2,2025-04-07,2026-06-05,2026-06-12,hecho,7,0,S38
FIC-324,Salud,SAL-FIC,Integraciones,tarea,FIC-29,3,2025-04-07,2026-06-08,2026-06-16,hecho,8,0,S38
FIC-325,Salud,SAL-FIC,Integraciones,bug,FIC-30,1,2025-04-07,2026-06-12,2026-06-17,hecho,5,0,S38
FIC-326,Salud,SAL-FIC,Integraciones,historia,FIC-30,5,2025-04-07,2026-06-12,2026-06-25,hecho,13,0,S39
FIC-327,Salud,SAL-FIC,Integraciones,historia,FIC-30,5,2025-04-07,2026-06-12,2026-06-29,hecho,17,0,S39
FIC-328,Salud,SAL-FIC,Integraciones,historia,FIC-31,3,2025-04-07,2026-06-17,2026-06-26,hecho,9,0,S39
FIC-329,Salud,SAL-FIC,Integraciones,historia,FIC-31,8,2025-04-07,2026-06-24,2026-07-07,hecho,13,0,S40
FIC-330,Salud,SAL-FIC,Integraciones,tarea,FIC-31,3,2025-04-07,2026-06-25,2026-07-03,hecho,8,0,S39
FIC-331,Salud,SAL-FIC,Integraciones,bug,FIC-31,1,2025-04-07,2026-06-26,2026-07-01,hecho,5,0,S39
FIC-332,Salud,SAL-FIC,Integraciones,bug,FIC-31,1,2025-04-07,2026-06-26,2026-07-07,hecho,11,0,S40
FIC-333,Salud,SAL-FIC,Integraciones,tarea,FIC-31,1,2025-04-07,2026-06-30,2026-07-01,hecho,1,0,S39
FIC-334,Salud,SAL-FIC,Integraciones,bug,FIC-32,1,2025-04-07,2026-07-01,2026-07-07,hecho,6,0,S40
FIC-335,Salud,SAL-FIC,Integraciones,historia,FIC-32,5,2025-04-07,2026-07-01,2026-07-13,hecho,12,0,S40
FIC-336,Salud,SAL-FIC,Integraciones,historia,FIC-32,2,2025-04-07,2026-07-03,2026-07-09,hecho,6,0,S40
FIC-337,Salud,SAL-FIC,Integraciones,historia,FIC-32,5,2025-04-07,2026-07-03,2026-07-20,hecho,17,0,S41
FIC-338,Salud,SAL-FIC,Integraciones,historia,FIC-32,2,2025-04-07,2026-07-07,2026-07-13,hecho,6,0,S40
FIC-339,Salud,SAL-FIC,Integraciones,historia,FIC-32,2,2025-04-07,2026-07-08,2026-07-16,hecho,8,0,S40
FIC-340,Salud,SAL-FIC,Integraciones,tarea,FIC-33,2,2025-04-07,2026-07-09,2026-07-21,hecho,12,0,S41
FIC-341,Salud,SAL-FIC,Integraciones,tarea,FIC-34,3,2025-04-07,2026-07-13,2026-07-22,hecho,9,0,S41
FIC-342,Salud,SAL-FIC,Integraciones,historia,FIC-34,5,2025-04-07,2026-07-16,2026-08-03,hecho,18,0,S42
FIC-343,Salud,SAL-FIC,Integraciones,historia,FIC-34,8,2025-04-07,2026-07-17,2026-08-24,hecho,38,0,S43
FIC-344,Salud,SAL-FIC,Integraciones,historia,FIC-34,3,2025-04-07,2026-07-17,2026-08-03,hecho,17,0,S42
FIC-345,Salud,SAL-FIC,Integraciones,tarea,FIC-34,3,2025-04-07,2026-07-22,2026-07-30,hecho,8,0,S41
FIC-346,Salud,SAL-FIC,Integraciones,historia,FIC-34,2,2025-04-07,2026-07-30,2026-08-06,hecho,7,0,S42
FIC-347,Salud,SAL-FIC,Integraciones,tarea,FIC-34,1,2025-04-07,2026-07-31,2026-08-06,hecho,6,0,S42
FIC-348,Salud,SAL-FIC,Plataforma,historia,FIC-1,8,2025-04-07,2025-04-09,2025-04-28,hecho,19,0,S09
FIC-349,Salud,SAL-FIC,Plataforma,historia,FIC-1,5,2025-04-07,2025-04-14,2025-04-25,hecho,11,0,S08
FIC-350,Salud,SAL-FIC,Plataforma,bug,FIC-1,2,2025-04-07,2025-04-15,2025-04-23,hecho,8,0,S08
FIC-351,Salud,SAL-FIC,Plataforma,bug,FIC-1,2,2025-04-07,2025-04-21,2025-05-09,hecho,18,0,S09
FIC-352,Salud,SAL-FIC,Plataforma,bug,FIC-1,1,2025-04-07,2025-04-24,2025-05-01,hecho,7,0,S09
FIC-353,Salud,SAL-FIC,Plataforma,historia,FIC-1,8,2025-04-07,2025-04-24,2025-05-20,hecho,26,0,S10
FIC-354,Salud,SAL-FIC,Plataforma,historia,FIC-1,2,2025-04-07,2025-04-29,2025-05-01,hecho,2,0,S09
FIC-355,Salud,SAL-FIC,Plataforma,historia,FIC-1,3,2025-04-07,2025-05-01,2025-05-06,hecho,5,0,S09
FIC-356,Salud,SAL-FIC,Plataforma,tarea,FIC-2,2,2025-04-07,2025-05-02,2025-05-08,hecho,6,0,S09
FIC-357,Salud,SAL-FIC,Plataforma,historia,FIC-2,3,2025-04-07,2025-05-06,2025-05-12,hecho,6,0,S10
FIC-358,Salud,SAL-FIC,Plataforma,historia,FIC-2,8,2025-04-07,2025-05-06,2025-05-19,hecho,13,0,S10
FIC-359,Salud,SAL-FIC,Plataforma,historia,FIC-2,5,2025-04-07,2025-05-07,2025-06-03,hecho,27,0,S11
FIC-360,Salud,SAL-FIC,Plataforma,historia,FIC-2,2,2025-04-07,2025-05-12,2025-05-16,hecho,4,0,S10
FIC-361,Salud,SAL-FIC,Plataforma,historia,FIC-2,8,2025-04-07,2025-05-16,2025-06-10,hecho,25,0,S12
FIC-362,Salud,SAL-FIC,Plataforma,historia,FIC-2,3,2025-04-07,2025-05-26,2025-06-02,hecho,7,0,S11
FIC-363,Salud,SAL-FIC,Plataforma,bug,FIC-3,1,2025-04-07,2025-06-02,2025-06-12,hecho,10,0,S12
FIC-364,Salud,SAL-FIC,Plataforma,historia,FIC-3,5,2025-04-07,2025-06-27,2025-07-15,hecho,18,0,S14
FIC-365,Salud,SAL-FIC,Plataforma,historia,FIC-4,5,2025-04-07,2025-07-07,2025-08-12,hecho,36,0,S16
FIC-366,Salud,SAL-FIC,Plataforma,bug,FIC-4,2,2025-04-07,2025-07-08,2025-07-14,hecho,6,0,S14
FIC-367,Salud,SAL-FIC,Plataforma,historia,FIC-4,5,2025-04-07,2025-07-17,2025-08-05,hecho,19,0,S16
FIC-368,Salud,SAL-FIC,Plataforma,historia,FIC-4,2,2025-04-07,2025-07-17,2025-07-31,hecho,14,0,S15
FIC-369,Salud,SAL-FIC,Plataforma,historia,FIC-4,3,2025-04-07,2025-07-28,2025-08-05,hecho,8,0,S16
FIC-370,Salud,SAL-FIC,Plataforma,historia,FIC-5,2,2025-04-07,2025-07-29,2025-08-12,hecho,14,0,S16
FIC-371,Salud,SAL-FIC,Plataforma,historia,FIC-5,5,2025-04-07,2025-08-01,2025-08-12,hecho,11,0,S16
FIC-372,Salud,SAL-FIC,Plataforma,bug,FIC-5,1,2025-04-07,2025-08-04,2025-08-07,hecho,3,0,S16
FIC-373,Salud,SAL-FIC,Plataforma,tarea,FIC-5,2,2025-04-07,2025-08-06,2025-08-12,hecho,6,0,S16
FIC-374,Salud,SAL-FIC,Plataforma,bug,FIC-5,2,2025-04-07,2025-08-06,2025-08-13,hecho,7,0,S16
FIC-375,Salud,SAL-FIC,Plataforma,historia,FIC-6,2,2025-04-07,2025-08-08,2025-08-14,hecho,6,0,S16
FIC-376,Salud,SAL-FIC,Plataforma,bug,FIC-6,2,2025-04-07,2025-08-11,2025-08-29,hecho,18,0,S17
FIC-377,Salud,SAL-FIC,Plataforma,historia,FIC-7,3,2025-04-07,2025-08-11,2025-08-19,hecho,8,0,S17
FIC-378,Salud,SAL-FIC,Plataforma,historia,FIC-7,3,2025-04-07,2025-08-11,2025-08-20,hecho,9,0,S17
FIC-379,Salud,SAL-FIC,Plataforma,historia,FIC-7,5,2025-04-07,2025-08-11,2025-09-10,hecho,30,0,S18
FIC-380,Salud,SAL-FIC,Plataforma,tarea,FIC-8,1,2025-04-07,2025-08-19,2025-08-25,hecho,6,0,S17
FIC-381,Salud,SAL-FIC,Plataforma,tarea,FIC-8,2,2025-04-07,2025-08-19,2025-08-28,hecho,9,0,S17
FIC-382,Salud,SAL-FIC,Plataforma,tarea,FIC-8,3,2025-04-07,2025-08-25,2025-09-01,hecho,7,0,S18
FIC-383,Salud,SAL-FIC,Plataforma,tarea,FIC-10,1,2025-04-07,2025-08-27,2025-08-29,hecho,2,0,S17
FIC-384,Salud,SAL-FIC,Plataforma,bug,FIC-10,2,2025-04-07,2025-08-28,2025-09-04,hecho,7,0,S18
FIC-385,Salud,SAL-FIC,Plataforma,bug,FIC-10,1,2025-04-07,2025-09-01,2025-09-05,hecho,4,0,S18
FIC-386,Salud,SAL-FIC,Plataforma,historia,FIC-10,5,2025-04-07,2025-09-04,2025-10-03,hecho,29,0,S20
FIC-387,Salud,SAL-FIC,Plataforma,historia,FIC-10,8,2025-04-07,2025-09-05,2025-09-25,hecho,20,0,S19
FIC-388,Salud,SAL-FIC,Plataforma,historia,FIC-10,2,2025-04-07,2025-09-23,2025-09-30,hecho,7,0,S20
FIC-389,Salud,SAL-FIC,Plataforma,historia,FIC-11,2,2025-04-07,2025-09-24,2025-10-07,hecho,13,0,S20
FIC-390,Salud,SAL-FIC,Plataforma,historia,FIC-11,8,2025-04-07,2025-09-25,2025-10-30,hecho,35,0,S22
FIC-391,Salud,SAL-FIC,Plataforma,bug,FIC-11,1,2025-04-07,2025-09-29,2025-10-01,hecho,2,0,S20
FIC-392,Salud,SAL-FIC,Plataforma,historia,FIC-11,2,2025-04-07,2025-10-01,2025-10-13,hecho,12,0,S21
FIC-393,Salud,SAL-FIC,Plataforma,historia,FIC-11,5,2025-04-07,2025-10-07,2025-10-20,hecho,13,0,S21
FIC-394,Salud,SAL-FIC,Plataforma,bug,FIC-11,2,2025-04-07,2025-10-13,2025-10-21,hecho,8,0,S21
FIC-395,Salud,SAL-FIC,Plataforma,historia,FIC-12,2,2025-04-07,2025-10-15,2025-10-21,hecho,6,0,S21
FIC-396,Salud,SAL-FIC,Plataforma,bug,FIC-12,2,2025-04-07,2025-10-15,2025-10-20,hecho,5,0,S21
FIC-397,Salud,SAL-FIC,Plataforma,historia,FIC-12,5,2025-04-07,2025-10-20,2025-11-05,hecho,16,0,S22
FIC-398,Salud,SAL-FIC,Plataforma,historia,FIC-12,5,2025-04-07,2025-10-22,2025-11-14,hecho,23,0,S23
FIC-399,Salud,SAL-FIC,Plataforma,bug,FIC-12,2,2025-04-07,2025-10-23,2025-11-05,hecho,13,0,S22
FIC-400,Salud,SAL-FIC,Plataforma,historia,FIC-13,2,2025-04-07,2025-11-03,2025-11-11,hecho,8,0,S23
FIC-401,Salud,SAL-FIC,Plataforma,historia,FIC-13,2,2025-04-07,2025-11-06,2025-11-21,hecho,15,0,S23
FIC-402,Salud,SAL-FIC,Plataforma,historia,FIC-13,5,2025-04-07,2025-11-11,2025-11-24,hecho,13,0,S24
FIC-403,Salud,SAL-FIC,Plataforma,historia,FIC-13,3,2025-04-07,2025-11-18,2025-12-01,hecho,13,0,S24
FIC-404,Salud,SAL-FIC,Plataforma,historia,FIC-13,5,2025-04-07,2025-11-19,2025-12-09,hecho,20,0,S25
FIC-405,Salud,SAL-FIC,Plataforma,bug,FIC-13,1,2025-04-07,2025-11-20,2025-11-28,hecho,8,0,S24
FIC-406,Salud,SAL-FIC,Plataforma,historia,FIC-14,5,2025-04-07,2025-11-21,2025-12-02,hecho,11,0,S24
FIC-407,Salud,SAL-FIC,Plataforma,tarea,FIC-14,1,2025-04-07,2025-11-27,2025-12-03,hecho,6,0,S24
FIC-408,Salud,SAL-FIC,Plataforma,historia,FIC-14,5,2025-04-07,2025-11-28,2025-12-15,hecho,17,0,S25
FIC-409,Salud,SAL-FIC,Plataforma,bug,FIC-14,2,2025-04-07,2025-12-04,2025-12-16,hecho,12,0,S25
FIC-410,Salud,SAL-FIC,Plataforma,historia,FIC-14,3,2025-04-07,2025-12-08,2025-12-19,hecho,11,0,S25
FIC-411,Salud,SAL-FIC,Plataforma,historia,FIC-14,5,2025-04-07,2025-12-12,2025-12-30,hecho,18,0,S26
FIC-412,Salud,SAL-FIC,Plataforma,historia,FIC-15,2,2025-04-07,2025-12-12,2025-12-26,hecho,14,0,S26
FIC-413,Salud,SAL-FIC,Plataforma,historia,FIC-15,3,2025-04-07,2025-12-15,2025-12-19,hecho,4,0,S25
FIC-414,Salud,SAL-FIC,Plataforma,bug,FIC-15,1,2025-04-07,2025-12-18,2025-12-25,hecho,7,0,S26
FIC-415,Salud,SAL-FIC,Plataforma,historia,FIC-15,8,2025-04-07,2025-12-18,2026-01-07,hecho,20,0,S27
FIC-416,Salud,SAL-FIC,Plataforma,historia,FIC-15,2,2025-04-07,2025-12-19,2025-12-29,hecho,10,0,S26
FIC-417,Salud,SAL-FIC,Plataforma,tarea,FIC-15,2,2025-04-07,2025-12-26,2026-01-09,hecho,14,0,S27
FIC-418,Salud,SAL-FIC,Plataforma,historia,FIC-15,2,2025-04-07,2025-12-29,2026-01-02,hecho,4,0,S26
FIC-419,Salud,SAL-FIC,Plataforma,tarea,FIC-15,1,2025-04-07,2025-12-31,2026-01-06,hecho,6,0,S27
FIC-420,Salud,SAL-FIC,Plataforma,historia,FIC-16,3,2025-04-07,2026-01-01,2026-01-13,hecho,12,0,S27
FIC-421,Salud,SAL-FIC,Plataforma,historia,FIC-16,2,2025-04-07,2026-01-06,2026-01-15,hecho,9,0,S27
FIC-422,Salud,SAL-FIC,Plataforma,historia,FIC-16,2,2025-04-07,2026-01-06,2026-01-14,hecho,8,0,S27
FIC-423,Salud,SAL-FIC,Plataforma,historia,FIC-16,2,2025-04-07,2026-01-12,2026-01-22,hecho,10,0,S28
FIC-424,Salud,SAL-FIC,Plataforma,bug,FIC-16,1,2025-04-07,2026-01-14,2026-01-22,hecho,8,0,S28
FIC-425,Salud,SAL-FIC,Plataforma,historia,FIC-16,5,2025-04-07,2026-01-15,2026-01-23,hecho,8,0,S28
FIC-426,Salud,SAL-FIC,Plataforma,tarea,FIC-16,3,2025-04-07,2026-01-20,2026-01-27,hecho,7,0,S28
FIC-427,Salud,SAL-FIC,Plataforma,historia,FIC-16,3,2025-04-07,2026-01-20,2026-01-30,hecho,10,0,S28
FIC-428,Salud,SAL-FIC,Plataforma,historia,FIC-17,5,2025-04-07,2026-01-21,2026-02-17,hecho,27,0,S30
FIC-429,Salud,SAL-FIC,Plataforma,historia,FIC-18,2,2025-04-07,2026-01-22,2026-01-28,hecho,6,0,S28
FIC-430,Salud,SAL-FIC,Plataforma,tarea,FIC-18,2,2025-04-07,2026-01-26,2026-02-02,hecho,7,0,S29
FIC-431,Salud,SAL-FIC,Plataforma,historia,FIC-19,5,2025-04-07,2026-01-26,2026-02-11,hecho,16,0,S29
FIC-432,Salud,SAL-FIC,Plataforma,historia,FIC-19,2,2025-04-07,2026-02-02,2026-02-06,hecho,4,0,S29
FIC-433,Salud,SAL-FIC,Plataforma,bug,FIC-19,1,2025-04-07,2026-02-05,2026-02-10,hecho,5,0,S29
FIC-434,Salud,SAL-FIC,Plataforma,historia,FIC-19,3,2025-04-07,2026-02-05,2026-02-13,hecho,8,0,S29
FIC-435,Salud,SAL-FIC,Plataforma,historia,FIC-20,2,2025-04-07,2026-02-10,2026-02-19,hecho,9,0,S30
FIC-436,Salud,SAL-FIC,Plataforma,tarea,FIC-20,3,2025-04-07,2026-02-11,2026-02-20,hecho,9,0,S30
FIC-437,Salud,SAL-FIC,Plataforma,historia,FIC-21,2,2025-04-07,2026-02-13,2026-02-19,hecho,6,0,S30
FIC-438,Salud,SAL-FIC,Plataforma,historia,FIC-21,3,2025-04-07,2026-02-13,2026-02-26,hecho,13,0,S30
FIC-439,Salud,SAL-FIC,Plataforma,historia,FIC-21,2,2025-04-07,2026-02-18,2026-03-04,hecho,14,0,S31
FIC-440,Salud,SAL-FIC,Plataforma,historia,FIC-21,2,2025-04-07,2026-02-20,2026-03-16,hecho,24,0,S32
FIC-441,Salud,SAL-FIC,Plataforma,historia,FIC-21,5,2025-04-07,2026-03-02,2026-03-13,hecho,11,0,S31
FIC-442,Salud,SAL-FIC,Plataforma,historia,FIC-21,2,2025-04-07,2026-03-03,2026-03-09,hecho,6,0,S31
FIC-443,Salud,SAL-FIC,Plataforma,historia,FIC-22,5,2025-04-07,2026-03-06,2026-03-18,hecho,12,0,S32
FIC-444,Salud,SAL-FIC,Plataforma,bug,FIC-22,1,2025-04-07,2026-03-12,2026-03-16,hecho,4,0,S32
FIC-445,Salud,SAL-FIC,Plataforma,tarea,FIC-22,3,2025-04-07,2026-03-16,2026-03-30,hecho,14,0,S33
FIC-446,Salud,SAL-FIC,Plataforma,historia,FIC-22,3,2025-04-07,2026-03-23,2026-04-06,hecho,14,0,S33
FIC-447,Salud,SAL-FIC,Plataforma,historia,FIC-23,3,2025-04-07,2026-03-26,2026-04-08,hecho,13,0,S33
FIC-448,Salud,SAL-FIC,Plataforma,historia,FIC-23,3,2025-04-07,2026-03-27,2026-04-10,hecho,14,0,S33
FIC-449,Salud,SAL-FIC,Plataforma,historia,FIC-23,5,2025-04-07,2026-03-27,2026-04-27,hecho,31,0,S35
FIC-450,Salud,SAL-FIC,Plataforma,historia,FIC-23,2,2025-04-07,2026-03-27,2026-04-06,hecho,10,0,S33
FIC-451,Salud,SAL-FIC,Plataforma,tarea,FIC-23,2,2025-04-07,2026-04-02,2026-04-13,hecho,11,0,S34
FIC-452,Salud,SAL-FIC,Plataforma,bug,FIC-23,2,2025-04-07,2026-04-03,2026-04-24,hecho,21,0,S34
FIC-453,Salud,SAL-FIC,Plataforma,historia,FIC-24,2,2025-04-07,2026-04-06,2026-04-13,hecho,7,0,S34
FIC-454,Salud,SAL-FIC,Plataforma,historia,FIC-24,3,2025-04-07,2026-04-09,2026-04-24,hecho,15,0,S34
FIC-455,Salud,SAL-FIC,Plataforma,bug,FIC-24,1,2025-04-07,2026-04-13,2026-04-16,hecho,3,0,S34
FIC-456,Salud,SAL-FIC,Plataforma,historia,FIC-24,3,2025-04-07,2026-04-16,2026-05-07,hecho,21,0,S35
FIC-457,Salud,SAL-FIC,Plataforma,tarea,FIC-24,3,2025-04-07,2026-04-16,2026-04-22,hecho,6,0,S34
FIC-458,Salud,SAL-FIC,Plataforma,historia,FIC-24,5,2025-04-07,2026-04-16,2026-05-01,hecho,15,0,S35
FIC-459,Salud,SAL-FIC,Plataforma,historia,FIC-24,5,2025-04-07,2026-04-22,2026-05-08,hecho,16,0,S35
FIC-460,Salud,SAL-FIC,Plataforma,bug,FIC-25,1,2025-04-07,2026-04-22,2026-04-24,hecho,2,0,S34
FIC-461,Salud,SAL-FIC,Plataforma,historia,FIC-25,2,2025-04-07,2026-04-24,2026-04-29,hecho,5,0,S35
FIC-462,Salud,SAL-FIC,Plataforma,bug,FIC-25,2,2025-04-07,2026-04-24,2026-05-05,hecho,11,0,S35
FIC-463,Salud,SAL-FIC,Plataforma,historia,FIC-25,3,2025-04-07,2026-04-24,2026-05-18,hecho,24,0,S36
FIC-464,Salud,SAL-FIC,Plataforma,historia,FIC-25,3,2025-04-07,2026-05-01,2026-05-11,hecho,10,0,S36
FIC-465,Salud,SAL-FIC,Plataforma,historia,FIC-25,3,2025-04-07,2026-05-05,2026-05-22,hecho,17,0,S36
FIC-466,Salud,SAL-FIC,Plataforma,bug,FIC-26,1,2025-04-07,2026-05-07,2026-05-14,hecho,7,0,S36
FIC-467,Salud,SAL-FIC,Plataforma,historia,FIC-26,5,2025-04-07,2026-05-12,2026-05-21,hecho,9,0,S36
FIC-468,Salud,SAL-FIC,Plataforma,historia,FIC-26,5,2025-04-07,2026-05-12,2026-06-15,hecho,34,0,S38
FIC-469,Salud,SAL-FIC,Plataforma,historia,FIC-27,5,2025-04-07,2026-05-12,2026-05-27,hecho,15,0,S37
FIC-470,Salud,SAL-FIC,Plataforma,historia,FIC-27,5,2025-04-07,2026-05-12,2026-06-04,hecho,23,0,S37
FIC-471,Salud,SAL-FIC,Plataforma,historia,FIC-27,2,2025-04-07,2026-05-21,2026-06-01,hecho,11,0,S37
FIC-472,Salud,SAL-FIC,Plataforma,historia,FIC-27,2,2025-04-07,2026-06-02,2026-07-01,hecho,29,128,S39
FIC-473,Salud,SAL-FIC,Plataforma,historia,FIC-27,8,2025-04-07,2026-06-02,2026-06-15,hecho,13,0,S38
FIC-474,Salud,SAL-FIC,Plataforma,tarea,FIC-28,2,2025-04-07,2026-06-02,2026-06-16,hecho,14,0,S38
FIC-475,Salud,SAL-FIC,Plataforma,bug,FIC-28,1,2025-04-07,2026-06-08,2026-06-12,hecho,4,0,S38
FIC-476,Salud,SAL-FIC,Plataforma,tarea,FIC-28,1,2025-04-07,2026-06-10,2026-06-16,hecho,6,0,S38
FIC-477,Salud,SAL-FIC,Plataforma,historia,FIC-28,3,2025-04-07,2026-06-12,2026-06-25,hecho,13,0,S39
FIC-478,Salud,SAL-FIC,Plataforma,historia,FIC-29,5,2025-04-07,2026-06-12,2026-06-29,hecho,17,0,S39
FIC-479,Salud,SAL-FIC,Plataforma,bug,FIC-29,2,2025-04-07,2026-06-15,2026-06-22,hecho,7,0,S39
FIC-480,Salud,SAL-FIC,Plataforma,historia,FIC-29,5,2025-04-07,2026-06-15,2026-07-09,hecho,24,0,S40
FIC-481,Salud,SAL-FIC,Plataforma,historia,FIC-29,5,2025-04-07,2026-06-18,2026-07-03,hecho,15,0,S39
FIC-482,Salud,SAL-FIC,Plataforma,tarea,FIC-30,2,2025-04-07,2026-06-18,2026-06-25,hecho,7,0,S39
FIC-483,Salud,SAL-FIC,Plataforma,tarea,FIC-31,1,2025-04-07,2026-07-01,2026-07-07,hecho,6,0,S40
FIC-484,Salud,SAL-FIC,Plataforma,tarea,FIC-31,1,2025-04-07,2026-07-01,2026-07-07,hecho,6,0,S40
FIC-485,Salud,SAL-FIC,Plataforma,historia,FIC-31,2,2025-04-07,2026-07-01,2026-07-09,hecho,8,0,S40
FIC-486,Salud,SAL-FIC,Plataforma,historia,FIC-31,8,2025-04-07,2026-07-02,2026-07-14,hecho,12,0,S40
FIC-487,Salud,SAL-FIC,Plataforma,tarea,FIC-31,3,2025-04-07,2026-07-02,2026-07-13,hecho,11,0,S40
FIC-488,Salud,SAL-FIC,Plataforma,historia,FIC-31,3,2025-04-07,2026-07-06,2026-07-21,hecho,15,0,S41
FIC-489,Salud,SAL-FIC,Plataforma,tarea,FIC-31,2,2025-04-07,2026-07-07,2026-07-13,hecho,6,0,S40
FIC-490,Salud,SAL-FIC,Plataforma,historia,FIC-32,5,2025-04-07,2026-07-10,2026-08-12,hecho,33,0,S42
FIC-491,Salud,SAL-FIC,Plataforma,tarea,FIC-32,3,2025-04-07,2026-07-10,2026-07-17,hecho,7,0,S40
FIC-492,Salud,SAL-FIC,Plataforma,historia,FIC-32,5,2025-04-07,2026-07-17,2026-07-24,hecho,7,0,S41
FIC-493,Salud,SAL-FIC,Plataforma,bug,FIC-32,1,2025-04-07,2026-07-21,2026-07-23,hecho,2,0,S41
FIC-494,Salud,SAL-FIC,Plataforma,historia,FIC-32,8,2025-04-07,2026-07-23,2026-09-07,hecho,46,0,S44
FIC-495,Salud,SAL-FIC,Plataforma,tarea,FIC-32,2,2025-04-07,2026-07-23,2026-07-31,hecho,8,0,S41
FIC-496,Salud,SAL-FIC,Plataforma,historia,FIC-32,5,2025-04-07,2026-07-28,2026-08-11,hecho,14,0,S42
FIC-497,Salud,SAL-FIC,Plataforma,historia,FIC-33,2,2025-04-07,2026-07-28,2026-08-10,hecho,13,0,S42
FIC-498,Salud,SAL-FIC,Plataforma,bug,FIC-33,1,2025-04-07,2026-08-03,2026-08-07,hecho,4,0,S42
FIC-499,Salud,SAL-FIC,Plataforma,bug,FIC-33,1,2025-04-07,2026-08-11,2026-08-17,hecho,6,0,S43
FIC-500,Salud,SAL-FIC,Plataforma,historia,FIC-33,3,2025-04-07,2026-08-12,2026-09-03,hecho,22,0,S44
FIC-501,Salud,SAL-FIC,Plataforma,historia,FIC-33,3,2025-04-07,2026-08-14,2026-08-20,hecho,6,0,S43
FIC-502,Salud,SAL-FIC,Plataforma,historia,FIC-33,2,2025-04-07,2026-08-17,2026-08-20,hecho,3,0,S43
FIC-503,Salud,SAL-FIC,Plataforma,historia,FIC-34,3,2025-04-07,2026-08-19,2026-08-27,hecho,8,0,S43
FIC-504,Salud,SAL-FIC,Plataforma,historia,FIC-34,3,2025-04-07,2026-08-20,2026-09-11,hecho,22,0,S44
FIC-505,Salud,SAL-FIC,Plataforma,tarea,FIC-34,3,2025-04-07,2026-08-27,2026-09-03,hecho,7,0,S44
FIC-506,Salud,SAL-FIC,Plataforma,historia,FIC-34,3,2025-04-07,2026-08-27,2026-09-16,hecho,20,0,S45
FIC-507,Salud,SAL-FIC,Plataforma,historia,FIC-34,2,2025-04-07,2026-08-31,2026-09-07,hecho,7,0,S44
FIC-508,Salud,SAL-FIC,Plataforma,tarea,FIC-34,1,2025-04-07,2026-09-03,2026-09-11,hecho,8,0,S44
FIC-509,Salud,SAL-FIC,Producto,historia,FIC-1,2,2025-04-07,2025-04-10,2025-04-17,hecho,7,0,S08
FIC-510,Salud,SAL-FIC,Producto,historia,FIC-1,3,2025-04-07,2025-04-14,2025-04-18,hecho,4,0,S08
FIC-511,Salud,SAL-FIC,Producto,tarea,FIC-1,1,2025-04-07,2025-04-18,2025-04-24,hecho,6,0,S08
FIC-512,Salud,SAL-FIC,Producto,tarea,FIC-1,2,2025-04-07,2025-04-22,2025-04-29,hecho,7,0,S09
FIC-513,Salud,SAL-FIC,Producto,historia,FIC-1,3,2025-04-07,2025-04-30,2025-05-08,hecho,8,0,S09
FIC-514,Salud,SAL-FIC,Producto,historia,FIC-1,8,2025-04-07,2025-05-02,2025-06-03,hecho,32,0,S11
FIC-515,Salud,SAL-FIC,Producto,historia,FIC-1,3,2025-04-07,2025-05-05,2025-05-27,hecho,22,0,S11
FIC-516,Salud,SAL-FIC,Producto,tarea,FIC-2,1,2025-04-07,2025-05-05,2025-05-09,hecho,4,0,S09
FIC-517,Salud,SAL-FIC,Producto,historia,FIC-2,2,2025-04-07,2025-05-06,2025-05-14,hecho,8,0,S10
FIC-518,Salud,SAL-FIC,Producto,bug,FIC-2,2,2025-04-07,2025-05-07,2025-05-13,hecho,6,0,S10
FIC-519,Salud,SAL-FIC,Producto,bug,FIC-2,1,2025-04-07,2025-05-07,2025-05-13,hecho,6,0,S10
FIC-520,Salud,SAL-FIC,Producto,historia,FIC-2,3,2025-04-07,2025-05-08,2025-05-14,hecho,6,0,S10
FIC-521,Salud,SAL-FIC,Producto,historia,FIC-2,2,2025-04-07,2025-05-12,2025-05-19,hecho,7,0,S10
FIC-522,Salud,SAL-FIC,Producto,bug,FIC-2,2,2025-04-07,2025-05-13,2025-05-21,hecho,8,0,S10
FIC-523,Salud,SAL-FIC,Producto,tarea,FIC-3,2,2025-04-07,2025-05-13,2025-05-19,hecho,6,0,S10
FIC-524,Salud,SAL-FIC,Producto,tarea,FIC-3,1,2025-04-07,2025-05-16,2025-05-22,hecho,6,0,S10
FIC-525,Salud,SAL-FIC,Producto,bug,FIC-3,1,2025-04-07,2025-05-23,2025-05-28,hecho,5,0,S11
FIC-526,Salud,SAL-FIC,Producto,bug,FIC-3,2,2025-04-07,2025-05-23,2025-06-03,hecho,11,0,S11
FIC-527,Salud,SAL-FIC,Producto,tarea,FIC-3,2,2025-04-07,2025-05-29,2025-06-06,hecho,8,0,S11
FIC-528,Salud,SAL-FIC,Producto,historia,FIC-3,2,2025-04-07,2025-06-04,2025-06-13,hecho,9,0,S12
FIC-529,Salud,SAL-FIC,Producto,tarea,FIC-3,1,2025-04-07,2025-06-05,2025-06-10,hecho,5,0,S12
FIC-530,Salud,SAL-FIC,Producto,bug,FIC-4,1,2025-04-07,2025-06-10,2025-06-13,hecho,3,0,S12
FIC-531,Salud,SAL-FIC,Producto,bug,FIC-4,2,2025-04-07,2025-06-12,2025-06-17,hecho,5,0,S12
FIC-532,Salud,SAL-FIC,Producto,tarea,FIC-5,3,2025-04-07,2025-06-16,2025-06-24,hecho,8,0,S13
FIC-533,Salud,SAL-FIC,Producto,historia,FIC-5,2,2025-04-07,2025-06-17,2025-06-25,hecho,8,0,S13
FIC-534,Salud,SAL-FIC,Producto,historia,FIC-5,3,2025-04-07,2025-06-17,2025-06-23,hecho,6,0,S13
FIC-535,Salud,SAL-FIC,Producto,historia,FIC-5,2,2025-04-07,2025-06-17,2025-06-20,hecho,3,0,S12
FIC-536,Salud,SAL-FIC,Producto,historia,FIC-5,3,2025-04-07,2025-06-18,2025-08-20,hecho,63,264,S17
FIC-537,Salud,SAL-FIC,Producto,historia,FIC-5,3,2025-04-07,2025-06-19,2025-06-24,hecho,5,0,S13
FIC-538,Salud,SAL-FIC,Producto,historia,FIC-5,2,2025-04-07,2025-06-20,2025-06-26,hecho,6,0,S13
FIC-539,Salud,SAL-FIC,Producto,tarea,FIC-6,3,2025-04-07,2025-06-23,2025-06-26,hecho,3,0,S13
FIC-540,Salud,SAL-FIC,Producto,historia,FIC-6,3,2025-04-07,2025-06-23,2025-07-07,hecho,14,0,S14
FIC-541,Salud,SAL-FIC,Producto,bug,FIC-6,2,2025-04-07,2025-06-24,2025-06-27,hecho,3,0,S13
FIC-542,Salud,SAL-FIC,Producto,tarea,FIC-6,2,2025-04-07,2025-06-26,2025-07-08,hecho,12,0,S14
FIC-543,Salud,SAL-FIC,Producto,bug,FIC-6,2,2025-04-07,2025-06-26,2025-07-03,hecho,7,0,S13
FIC-544,Salud,SAL-FIC,Producto,bug,FIC-6,2,2025-04-07,2025-06-27,2025-07-07,hecho,10,0,S14
FIC-545,Salud,SAL-FIC,Producto,historia,FIC-6,5,2025-04-07,2025-06-30,2025-07-10,hecho,10,0,S14
FIC-546,Salud,SAL-FIC,Producto,historia,FIC-6,3,2025-04-07,2025-07-01,2025-07-10,hecho,9,0,S14
FIC-547,Salud,SAL-FIC,Producto,historia,FIC-6,2,2025-04-07,2025-07-02,2025-07-10,hecho,8,0,S14
FIC-548,Salud,SAL-FIC,Producto,historia,FIC-6,5,2025-04-07,2025-07-04,2025-07-16,hecho,12,0,S14
FIC-549,Salud,SAL-FIC,Producto,bug,FIC-6,1,2025-04-07,2025-07-04,2025-07-08,hecho,4,0,S14
FIC-550,Salud,SAL-FIC,Producto,historia,FIC-6,3,2025-04-07,2025-07-07,2025-07-10,hecho,3,0,S14
FIC-551,Salud,SAL-FIC,Producto,tarea,FIC-6,2,2025-04-07,2025-07-08,2025-07-17,hecho,9,0,S14
FIC-552,Salud,SAL-FIC,Producto,historia,FIC-6,3,2025-04-07,2025-07-08,2025-07-17,hecho,9,0,S14
FIC-553,Salud,SAL-FIC,Producto,tarea,FIC-7,3,2025-04-07,2025-07-09,2025-07-22,hecho,13,0,S15
FIC-554,Salud,SAL-FIC,Producto,bug,FIC-7,1,2025-04-07,2025-07-10,2025-07-11,hecho,1,0,S14
FIC-555,Salud,SAL-FIC,Producto,historia,FIC-7,5,2025-04-07,2025-07-10,2025-07-21,hecho,11,0,S15
FIC-556,Salud,SAL-FIC,Producto,historia,FIC-7,2,2025-04-07,2025-07-11,2025-07-16,hecho,5,0,S14
FIC-557,Salud,SAL-FIC,Producto,bug,FIC-7,2,2025-04-07,2025-07-15,2025-07-21,hecho,6,0,S15
FIC-558,Salud,SAL-FIC,Producto,historia,FIC-8,3,2025-04-07,2025-07-15,2025-07-28,hecho,13,0,S15
FIC-559,Salud,SAL-FIC,Producto,tarea,FIC-8,2,2025-04-07,2025-07-15,2025-07-23,hecho,8,0,S15
FIC-560,Salud,SAL-FIC,Producto,historia,FIC-8,3,2025-04-07,2025-07-17,2025-07-23,hecho,6,0,S15
FIC-561,Salud,SAL-FIC,Producto,historia,FIC-8,3,2025-04-07,2025-07-18,2025-07-28,hecho,10,0,S15
FIC-562,Salud,SAL-FIC,Producto,historia,FIC-8,2,2025-04-07,2025-07-21,2025-07-28,hecho,7,0,S15
FIC-563,Salud,SAL-FIC,Producto,historia,FIC-8,2,2025-04-07,2025-07-21,2025-08-15,hecho,25,128,S16
FIC-564,Salud,SAL-FIC,Producto,historia,FIC-8,3,2025-04-07,2025-07-22,2025-08-12,hecho,21,0,S16
FIC-565,Salud,SAL-FIC,Producto,tarea,FIC-8,3,2025-04-07,2025-07-23,2025-08-04,hecho,12,0,S16
FIC-566,Salud,SAL-FIC,Producto,historia,FIC-8,3,2025-04-07,2025-07-23,2025-08-04,hecho,12,0,S16
FIC-567,Salud,SAL-FIC,Producto,historia,FIC-9,3,2025-04-07,2025-07-24,2025-07-30,hecho,6,0,S15
FIC-568,Salud,SAL-FIC,Producto,tarea,FIC-9,2,2025-04-07,2025-07-24,2025-08-01,hecho,8,0,S15
FIC-569,Salud,SAL-FIC,Producto,historia,FIC-9,5,2025-04-07,2025-07-28,2025-08-12,hecho,15,0,S16
FIC-570,Salud,SAL-FIC,Producto,historia,FIC-9,8,2025-04-07,2025-07-29,2025-08-25,hecho,27,0,S17
FIC-571,Salud,SAL-FIC,Producto,bug,FIC-9,1,2025-04-07,2025-07-31,2025-08-05,hecho,5,0,S16
FIC-572,Salud,SAL-FIC,Producto,historia,FIC-9,5,2025-04-07,2025-07-31,2025-08-07,hecho,7,0,S16
FIC-573,Salud,SAL-FIC,Producto,historia,FIC-10,2,2025-04-07,2025-08-01,2025-08-07,hecho,6,0,S16
FIC-574,Salud,SAL-FIC,Producto,historia,FIC-10,8,2025-04-07,2025-08-01,2025-08-13,hecho,12,0,S16
FIC-575,Salud,SAL-FIC,Producto,historia,FIC-10,3,2025-04-07,2025-08-05,2025-08-18,hecho,13,0,S17
FIC-576,Salud,SAL-FIC,Producto,historia,FIC-10,2,2025-04-07,2025-08-07,2025-08-12,hecho,5,0,S16
FIC-577,Salud,SAL-FIC,Producto,bug,FIC-10,1,2025-04-07,2025-08-08,2025-08-18,hecho,10,0,S17
FIC-578,Salud,SAL-FIC,Producto,historia,FIC-10,5,2025-04-07,2025-08-11,2025-08-25,hecho,14,0,S17
FIC-579,Salud,SAL-FIC,Producto,historia,FIC-10,3,2025-04-07,2025-08-11,2025-08-19,hecho,8,0,S17
FIC-580,Salud,SAL-FIC,Producto,historia,FIC-10,3,2025-04-07,2025-08-12,2025-08-20,hecho,8,0,S17
FIC-581,Salud,SAL-FIC,Producto,bug,FIC-10,1,2025-04-07,2025-08-15,2025-08-22,hecho,7,0,S17
FIC-582,Salud,SAL-FIC,Producto,historia,FIC-11,3,2025-04-07,2025-08-15,2025-08-25,hecho,10,0,S17
FIC-583,Salud,SAL-FIC,Producto,tarea,FIC-11,3,2025-04-07,2025-08-18,2025-08-26,hecho,8,0,S17
FIC-584,Salud,SAL-FIC,Producto,historia,FIC-11,3,2025-04-07,2025-08-20,2025-08-26,hecho,6,0,S17
FIC-585,Salud,SAL-FIC,Producto,tarea,FIC-11,2,2025-04-07,2025-08-20,2025-09-11,hecho,22,0,S18
FIC-586,Salud,SAL-FIC,Producto,bug,FIC-11,1,2025-04-07,2025-08-21,2025-08-25,hecho,4,0,S17
FIC-587,Salud,SAL-FIC,Producto,bug,FIC-11,2,2025-04-07,2025-08-25,2025-09-02,hecho,8,0,S18
FIC-588,Salud,SAL-FIC,Producto,historia,FIC-11,3,2025-04-07,2025-08-25,2025-09-03,hecho,9,0,S18
FIC-589,Salud,SAL-FIC,Producto,bug,FIC-12,2,2025-04-07,2025-08-26,2025-09-03,hecho,8,0,S18
FIC-590,Salud,SAL-FIC,Producto,tarea,FIC-12,2,2025-04-07,2025-08-29,2025-09-03,hecho,5,0,S18
FIC-591,Salud,SAL-FIC,Producto,historia,FIC-12,5,2025-04-07,2025-09-01,2025-09-08,hecho,7,0,S18
FIC-592,Salud,SAL-FIC,Producto,tarea,FIC-12,2,2025-04-07,2025-09-03,2025-09-10,hecho,7,0,S18
FIC-593,Salud,SAL-FIC,Producto,historia,FIC-12,2,2025-04-07,2025-09-03,2025-09-11,hecho,8,0,S18
FIC-594,Salud,SAL-FIC,Producto,tarea,FIC-12,1,2025-04-07,2025-09-03,2025-09-08,hecho,5,0,S18
FIC-595,Salud,SAL-FIC,Producto,historia,FIC-13,5,2025-04-07,2025-09-05,2025-09-17,hecho,12,0,S19
FIC-596,Salud,SAL-FIC,Producto,historia,FIC-13,5,2025-04-07,2025-09-08,2025-09-22,hecho,14,0,S19
FIC-597,Salud,SAL-FIC,Producto,bug,FIC-13,2,2025-04-07,2025-09-08,2025-09-12,hecho,4,0,S18
FIC-598,Salud,SAL-FIC,Producto,historia,FIC-13,3,2025-04-07,2025-09-10,2025-09-19,hecho,9,0,S19
FIC-599,Salud,SAL-FIC,Producto,historia,FIC-13,3,2025-04-07,2025-09-10,2025-09-30,hecho,20,0,S20
FIC-600,Salud,SAL-FIC,Producto,historia,FIC-13,5,2025-04-07,2025-09-11,2025-09-23,hecho,12,0,S19
FIC-601,Salud,SAL-FIC,Producto,historia,FIC-13,5,2025-04-07,2025-09-15,2025-09-26,hecho,11,0,S19
FIC-602,Salud,SAL-FIC,Producto,bug,FIC-13,2,2025-04-07,2025-09-18,2025-09-24,hecho,6,0,S19
FIC-603,Salud,SAL-FIC,Producto,historia,FIC-14,5,2025-04-07,2025-09-18,2025-09-25,hecho,7,0,S19
FIC-604,Salud,SAL-FIC,Producto,historia,FIC-14,5,2025-04-07,2025-09-23,2025-10-15,hecho,22,0,S21
FIC-605,Salud,SAL-FIC,Producto,tarea,FIC-14,2,2025-04-07,2025-09-24,2025-09-30,hecho,6,0,S20
FIC-606,Salud,SAL-FIC,Producto,historia,FIC-14,5,2025-04-07,2025-09-24,2025-10-07,hecho,13,0,S20
FIC-607,Salud,SAL-FIC,Producto,historia,FIC-14,2,2025-04-07,2025-09-25,2025-10-13,hecho,18,0,S21
FIC-608,Salud,SAL-FIC,Producto,historia,FIC-14,2,2025-04-07,2025-09-29,2025-10-03,hecho,4,0,S20
FIC-609,Salud,SAL-FIC,Producto,historia,FIC-14,3,2025-04-07,2025-09-29,2025-10-08,hecho,9,0,S20
FIC-610,Salud,SAL-FIC,Producto,bug,FIC-14,2,2025-04-07,2025-10-03,2025-10-15,hecho,12,0,S21
FIC-611,Salud,SAL-FIC,Producto,historia,FIC-14,3,2025-04-07,2025-10-07,2025-10-16,hecho,9,0,S21
FIC-612,Salud,SAL-FIC,Producto,historia,FIC-14,2,2025-04-07,2025-10-08,2025-10-17,hecho,9,0,S21
FIC-613,Salud,SAL-FIC,Producto,historia,FIC-15,2,2025-04-07,2025-10-15,2025-10-20,hecho,5,0,S21
FIC-614,Salud,SAL-FIC,Producto,historia,FIC-15,3,2025-04-07,2025-10-16,2025-10-30,hecho,14,0,S22
FIC-615,Salud,SAL-FIC,Producto,tarea,FIC-15,2,2025-04-07,2025-10-17,2025-10-23,hecho,6,0,S21
FIC-616,Salud,SAL-FIC,Producto,tarea,FIC-15,2,2025-04-07,2025-10-20,2025-10-27,hecho,7,0,S22
FIC-617,Salud,SAL-FIC,Producto,historia,FIC-15,3,2025-04-07,2025-10-21,2025-11-03,hecho,13,0,S22
FIC-618,Salud,SAL-FIC,Producto,historia,FIC-15,5,2025-04-07,2025-10-23,2025-11-05,hecho,13,0,S22
FIC-619,Salud,SAL-FIC,Producto,historia,FIC-15,5,2025-04-07,2025-11-03,2025-11-13,hecho,10,0,S23
FIC-620,Salud,SAL-FIC,Producto,bug,FIC-15,2,2025-04-07,2025-11-04,2025-11-12,hecho,8,0,S23
FIC-621,Salud,SAL-FIC,Producto,historia,FIC-15,5,2025-04-07,2025-11-05,2025-11-14,hecho,9,0,S23
FIC-622,Salud,SAL-FIC,Producto,historia,FIC-16,3,2025-04-07,2025-11-10,2025-11-17,hecho,7,0,S23
FIC-623,Salud,SAL-FIC,Producto,historia,FIC-16,3,2025-04-07,2025-11-13,2025-11-21,hecho,8,0,S23
FIC-624,Salud,SAL-FIC,Producto,historia,FIC-16,8,2025-04-07,2025-11-14,2025-12-11,hecho,27,0,S25
FIC-625,Salud,SAL-FIC,Producto,historia,FIC-16,2,2025-04-07,2025-11-18,2025-11-27,hecho,9,0,S24
FIC-626,Salud,SAL-FIC,Producto,historia,FIC-16,3,2025-04-07,2025-11-19,2025-12-01,hecho,12,0,S24
FIC-627,Salud,SAL-FIC,Producto,bug,FIC-16,2,2025-04-07,2025-11-21,2025-11-27,hecho,6,0,S24
FIC-628,Salud,SAL-FIC,Producto,bug,FIC-16,2,2025-04-07,2025-11-21,2025-11-28,hecho,7,0,S24
FIC-629,Salud,SAL-FIC,Producto,historia,FIC-16,2,2025-04-07,2025-11-25,2025-12-02,hecho,7,0,S24
FIC-630,Salud,SAL-FIC,Producto,historia,FIC-16,5,2025-04-07,2025-11-27,2025-12-11,hecho,14,0,S25
FIC-631,Salud,SAL-FIC,Producto,historia,FIC-17,5,2025-04-07,2025-12-02,2026-01-16,hecho,45,216,S27
FIC-632,Salud,SAL-FIC,Producto,historia,FIC-17,5,2025-04-07,2025-12-02,2026-01-13,hecho,42,168,S27
FIC-633,Salud,SAL-FIC,Producto,bug,FIC-17,2,2025-04-07,2025-12-04,2025-12-11,hecho,7,0,S25
FIC-634,Salud,SAL-FIC,Producto,historia,FIC-18,3,2025-04-07,2025-12-09,2025-12-23,hecho,14,0,S26
FIC-635,Salud,SAL-FIC,Producto,historia,FIC-18,5,2025-04-07,2025-12-10,2026-01-01,hecho,22,0,S26
FIC-636,Salud,SAL-FIC,Producto,historia,FIC-18,2,2025-04-07,2025-12-11,2025-12-19,hecho,8,0,S25
FIC-637,Salud,SAL-FIC,Producto,historia,FIC-18,8,2025-04-07,2025-12-16,2026-01-30,hecho,45,0,S28
FIC-638,Salud,SAL-FIC,Producto,historia,FIC-18,2,2025-04-07,2025-12-16,2026-01-12,hecho,27,128,S27
FIC-639,Salud,SAL-FIC,Producto,historia,FIC-19,8,2025-04-07,2025-12-17,2026-01-13,hecho,27,0,S27
FIC-640,Salud,SAL-FIC,Producto,bug,FIC-19,2,2025-04-07,2025-12-18,2025-12-24,hecho,6,0,S26
FIC-641,Salud,SAL-FIC,Producto,historia,FIC-19,3,2025-04-07,2025-12-19,2025-12-30,hecho,11,0,S26
FIC-642,Salud,SAL-FIC,Producto,tarea,FIC-19,3,2025-04-07,2025-12-19,2026-02-23,hecho,66,304,S30
FIC-643,Salud,SAL-FIC,Producto,historia,FIC-20,3,2025-04-07,2025-12-24,2026-01-01,hecho,8,0,S26
FIC-644,Salud,SAL-FIC,Producto,tarea,FIC-20,1,2025-04-07,2025-12-30,2026-01-02,hecho,3,0,S26
FIC-645,Salud,SAL-FIC,Producto,historia,FIC-20,5,2025-04-07,2025-12-30,2026-01-09,hecho,10,0,S27
FIC-646,Salud,SAL-FIC,Producto,tarea,FIC-20,2,2025-04-07,2025-12-31,2026-01-06,hecho,6,0,S27
FIC-647,Salud,SAL-FIC,Producto,historia,FIC-20,5,2025-04-07,2026-01-02,2026-01-08,hecho,6,0,S27
FIC-648,Salud,SAL-FIC,Producto,historia,FIC-20,3,2025-04-07,2026-01-12,2026-01-15,hecho,3,0,S27
FIC-649,Salud,SAL-FIC,Producto,historia,FIC-20,2,2025-04-07,2026-01-13,2026-01-27,hecho,14,0,S28
FIC-650,Salud,SAL-FIC,Producto,tarea,FIC-20,1,2025-04-07,2026-01-13,2026-01-16,hecho,3,0,S27
FIC-651,Salud,SAL-FIC,Producto,historia,FIC-20,5,2025-04-07,2026-01-15,2026-02-04,hecho,20,0,S29
FIC-652,Salud,SAL-FIC,Producto,historia,FIC-20,2,2025-04-07,2026-01-15,2026-01-21,hecho,6,0,S28
FIC-653,Salud,SAL-FIC,Producto,historia,FIC-20,2,2025-04-07,2026-01-15,2026-01-28,hecho,13,0,S28
FIC-654,Salud,SAL-FIC,Producto,bug,FIC-20,1,2025-04-07,2026-01-16,2026-01-20,hecho,4,0,S28
FIC-655,Salud,SAL-FIC,Producto,historia,FIC-21,3,2025-04-07,2026-01-20,2026-01-27,hecho,7,0,S28
FIC-656,Salud,SAL-FIC,Producto,historia,FIC-21,2,2025-04-07,2026-01-20,2026-01-29,hecho,9,0,S28
FIC-657,Salud,SAL-FIC,Producto,tarea,FIC-21,3,2025-04-07,2026-01-23,2026-02-03,hecho,11,0,S29
FIC-658,Salud,SAL-FIC,Producto,tarea,FIC-21,3,2025-04-07,2026-01-23,2026-02-02,hecho,10,0,S29
FIC-659,Salud,SAL-FIC,Producto,historia,FIC-21,8,2025-04-07,2026-01-26,2026-02-16,hecho,21,0,S30
FIC-660,Salud,SAL-FIC,Producto,historia,FIC-22,2,2025-04-07,2026-01-27,2026-02-05,hecho,9,0,S29
FIC-661,Salud,SAL-FIC,Producto,historia,FIC-22,3,2025-04-07,2026-01-29,2026-02-05,hecho,7,0,S29
FIC-662,Salud,SAL-FIC,Producto,historia,FIC-22,2,2025-04-07,2026-01-29,2026-02-10,hecho,12,0,S29
FIC-663,Salud,SAL-FIC,Producto,historia,FIC-22,2,2025-04-07,2026-01-30,2026-02-06,hecho,7,0,S29
FIC-664,Salud,SAL-FIC,Producto,bug,FIC-22,1,2025-04-07,2026-02-03,2026-03-20,hecho,45,248,S32
FIC-665,Salud,SAL-FIC,Producto,historia,FIC-22,2,2025-04-07,2026-02-04,2026-02-11,hecho,7,0,S29
FIC-666,Salud,SAL-FIC,Producto,historia,FIC-23,3,2025-04-07,2026-02-05,2026-02-12,hecho,7,0,S29
FIC-667,Salud,SAL-FIC,Producto,tarea,FIC-23,3,2025-04-07,2026-02-09,2026-02-16,hecho,7,0,S30
FIC-668,Salud,SAL-FIC,Producto,historia,FIC-23,5,2025-04-07,2026-02-09,2026-02-27,hecho,18,0,S30
FIC-669,Salud,SAL-FIC,Producto,historia,FIC-23,5,2025-04-07,2026-02-10,2026-02-23,hecho,13,0,S30
FIC-670,Salud,SAL-FIC,Producto,historia,FIC-23,5,2025-04-07,2026-02-11,2026-02-24,hecho,13,0,S30
FIC-671,Salud,SAL-FIC,Producto,historia,FIC-23,3,2025-04-07,2026-02-12,2026-02-19,hecho,7,0,S30
FIC-672,Salud,SAL-FIC,Producto,historia,FIC-23,3,2025-04-07,2026-02-19,2026-03-03,hecho,12,0,S31
FIC-673,Salud,SAL-FIC,Producto,historia,FIC-24,5,2025-04-07,2026-02-19,2026-03-06,hecho,15,0,S31
FIC-674,Salud,SAL-FIC,Producto,historia,FIC-24,2,2025-04-07,2026-02-20,2026-03-02,hecho,10,0,S31
FIC-675,Salud,SAL-FIC,Producto,bug,FIC-24,1,2025-04-07,2026-02-23,2026-02-27,hecho,4,0,S30
FIC-676,Salud,SAL-FIC,Producto,historia,FIC-25,3,2025-04-07,2026-02-23,2026-03-03,hecho,8,0,S31
FIC-677,Salud,SAL-FIC,Producto,historia,FIC-25,3,2025-04-07,2026-02-25,2026-03-05,hecho,8,0,S31
FIC-678,Salud,SAL-FIC,Producto,bug,FIC-25,2,2025-04-07,2026-02-27,2026-03-05,hecho,6,0,S31
FIC-679,Salud,SAL-FIC,Producto,tarea,FIC-25,3,2025-04-07,2026-03-02,2026-03-09,hecho,7,0,S31
FIC-680,Salud,SAL-FIC,Producto,historia,FIC-25,3,2025-04-07,2026-03-02,2026-03-18,hecho,16,0,S32
FIC-681,Salud,SAL-FIC,Producto,tarea,FIC-25,3,2025-04-07,2026-03-03,2026-03-12,hecho,9,0,S31
FIC-682,Salud,SAL-FIC,Producto,tarea,FIC-26,3,2025-04-07,2026-03-04,2026-03-17,hecho,13,0,S32
FIC-683,Salud,SAL-FIC,Producto,historia,FIC-27,2,2025-04-07,2026-03-04,2026-03-12,hecho,8,0,S31
FIC-684,Salud,SAL-FIC,Producto,tarea,FIC-27,3,2025-04-07,2026-03-10,2026-04-27,hecho,48,240,S35
FIC-685,Salud,SAL-FIC,Producto,historia,FIC-27,5,2025-04-07,2026-03-11,2026-03-23,hecho,12,0,S32
FIC-686,Salud,SAL-FIC,Producto,historia,FIC-27,3,2025-04-07,2026-03-12,2026-03-19,hecho,7,0,S32
FIC-687,Salud,SAL-FIC,Producto,bug,FIC-27,1,2025-04-07,2026-03-16,2026-03-20,hecho,4,0,S32
FIC-688,Salud,SAL-FIC,Producto,historia,FIC-27,2,2025-04-07,2026-03-18,2026-04-29,hecho,42,200,S35
FIC-689,Salud,SAL-FIC,Producto,historia,FIC-27,3,2025-04-07,2026-03-20,2026-03-31,hecho,11,0,S33
FIC-690,Salud,SAL-FIC,Producto,bug,FIC-27,1,2025-04-07,2026-03-25,2026-03-27,hecho,2,0,S32
FIC-691,Salud,SAL-FIC,Producto,historia,FIC-27,5,2025-04-07,2026-03-25,2026-04-03,hecho,9,0,S33
FIC-692,Salud,SAL-FIC,Producto,historia,FIC-28,3,2025-04-07,2026-03-26,2026-04-03,hecho,8,0,S33
FIC-693,Salud,SAL-FIC,Producto,tarea,FIC-28,2,2025-04-07,2026-03-27,2026-04-01,hecho,5,0,S33
FIC-694,Salud,SAL-FIC,Producto,tarea,FIC-28,1,2025-04-07,2026-03-30,2026-04-06,hecho,7,0,S33
FIC-695,Salud,SAL-FIC,Producto,historia,FIC-28,5,2025-04-07,2026-03-31,2026-04-27,hecho,27,0,S35
FIC-696,Salud,SAL-FIC,Producto,bug,FIC-28,1,2025-04-07,2026-04-02,2026-04-09,hecho,7,0,S33
FIC-697,Salud,SAL-FIC,Producto,tarea,FIC-29,1,2025-04-07,2026-04-03,2026-04-06,hecho,3,0,S33
FIC-698,Salud,SAL-FIC,Producto,historia,FIC-29,2,2025-04-07,2026-04-06,2026-05-26,hecho,50,240,S37
FIC-699,Salud,SAL-FIC,Producto,historia,FIC-29,3,2025-04-07,2026-04-06,2026-04-13,hecho,7,0,S34
FIC-700,Salud,SAL-FIC,Producto,tarea,FIC-29,3,2025-04-07,2026-04-08,2026-04-15,hecho,7,0,S34
FIC-701,Salud,SAL-FIC,Producto,bug,FIC-29,2,2025-04-07,2026-04-09,2026-04-15,hecho,6,0,S34
FIC-702,Salud,SAL-FIC,Producto,historia,FIC-29,3,2025-04-07,2026-04-09,2026-04-27,hecho,18,0,S35
FIC-703,Salud,SAL-FIC,Producto,historia,FIC-29,3,2025-04-07,2026-04-20,2026-04-30,hecho,10,0,S35
FIC-704,Salud,SAL-FIC,Producto,historia,FIC-30,8,2025-04-07,2026-04-20,2026-05-07,hecho,17,0,S35
FIC-705,Salud,SAL-FIC,Producto,historia,FIC-30,2,2025-04-07,2026-04-24,2026-05-04,hecho,10,0,S35
FIC-706,Salud,SAL-FIC,Producto,historia,FIC-30,5,2025-04-07,2026-04-28,2026-06-10,hecho,43,200,S38
FIC-707,Salud,SAL-FIC,Producto,historia,FIC-30,2,2025-04-07,2026-04-30,2026-05-07,hecho,7,0,S35
FIC-708,Salud,SAL-FIC,Producto,historia,FIC-31,3,2025-04-07,2026-04-30,2026-05-08,hecho,8,0,S35
FIC-709,Salud,SAL-FIC,Producto,historia,FIC-31,5,2025-04-07,2026-05-05,2026-05-26,hecho,21,0,S37
FIC-710,Salud,SAL-FIC,Producto,historia,FIC-31,2,2025-04-07,2026-05-21,2026-05-26,hecho,5,0,S37
FIC-711,Salud,SAL-FIC,Producto,historia,FIC-31,5,2025-04-07,2026-05-21,2026-06-01,hecho,11,0,S37
FIC-712,Salud,SAL-FIC,Producto,historia,FIC-31,3,2025-04-07,2026-05-22,2026-06-01,hecho,10,0,S37
FIC-713,Salud,SAL-FIC,Producto,historia,FIC-31,5,2025-04-07,2026-05-25,2026-06-08,hecho,14,0,S38
FIC-714,Salud,SAL-FIC,Producto,historia,FIC-31,2,2025-04-07,2026-05-25,2026-06-01,hecho,7,0,S37
FIC-715,Salud,SAL-FIC,Producto,historia,FIC-32,3,2025-04-07,2026-05-26,2026-06-05,hecho,10,0,S37
FIC-716,Salud,SAL-FIC,Producto,historia,FIC-32,5,2025-04-07,2026-05-27,2026-06-12,hecho,16,0,S38
FIC-717,Salud,SAL-FIC,Producto,historia,FIC-32,3,2025-04-07,2026-05-28,2026-06-12,hecho,15,0,S38
FIC-718,Salud,SAL-FIC,Producto,bug,FIC-32,2,2025-04-07,2026-05-29,2026-06-10,hecho,12,0,S38
FIC-719,Salud,SAL-FIC,Producto,bug,FIC-33,2,2025-04-07,2026-06-04,2026-06-08,hecho,4,0,S38
FIC-720,Salud,SAL-FIC,Producto,tarea,FIC-33,3,2025-04-07,2026-06-08,2026-06-18,hecho,10,0,S38
FIC-721,Salud,SAL-FIC,Producto,historia,FIC-33,3,2025-04-07,2026-06-08,2026-06-15,hecho,7,0,S38
FIC-722,Salud,SAL-FIC,Producto,historia,FIC-33,3,2025-04-07,2026-06-08,2026-06-15,hecho,7,0,S38
FIC-723,Salud,SAL-FIC,Producto,historia,FIC-33,2,2025-04-07,2026-06-10,2026-06-22,hecho,12,0,S39
FIC-724,Salud,SAL-FIC,Producto,historia,FIC-33,3,2025-04-07,2026-06-11,2026-06-17,hecho,6,0,S38
FIC-725,Salud,SAL-FIC,Producto,historia,FIC-33,8,2025-04-07,2026-06-11,2026-06-29,hecho,18,0,S39
FIC-726,Salud,SAL-FIC,Producto,historia,FIC-33,2,2025-04-07,2026-06-11,2026-06-17,hecho,6,0,S38
FIC-727,Salud,SAL-FIC,Producto,historia,FIC-34,3,2025-04-07,2026-06-12,2026-07-16,hecho,34,152,S40
FIC-728,Salud,SAL-FIC,Producto,historia,FIC-34,2,2025-04-07,2026-06-16,2026-07-23,hecho,37,200,S41
FIC-729,Salud,SAL-FIC,Producto,historia,FIC-34,5,2025-04-07,2026-06-16,2026-06-30,hecho,14,0,S39
FIC-730,Salud,SAL-FIC,Producto,historia,FIC-34,2,2025-04-07,2026-06-17,2026-06-23,hecho,6,0,S39
FIC-731,Salud,SAL-FIC,Producto,historia,FIC-34,5,2025-04-07,2026-06-18,2026-07-07,hecho,19,0,S40
FIC-732,Salud,SAL-FIC,Producto,historia,FIC-34,2,2025-04-07,2026-06-22,2026-07-02,hecho,10,0,S39
FIC-733,Salud,SAL-FIC,Producto,tarea,FIC-34,2,2025-04-07,2026-06-25,2026-07-01,hecho,6,0,S39
FIC-734,Salud,SAL-FIC,QA,historia,FIC-1,3,2025-04-07,2025-04-07,2025-04-15,hecho,8,0,S08
FIC-735,Salud,SAL-FIC,QA,historia,FIC-1,3,2025-04-07,2025-04-09,2025-04-21,hecho,12,0,S08
FIC-736,Salud,SAL-FIC,QA,historia,FIC-1,8,2025-04-07,2025-04-14,2025-05-19,hecho,35,0,S10
FIC-737,Salud,SAL-FIC,QA,tarea,FIC-1,2,2025-04-07,2025-04-25,2025-05-02,hecho,7,0,S09
FIC-738,Salud,SAL-FIC,QA,historia,FIC-1,2,2025-04-07,2025-04-30,2025-05-07,hecho,7,0,S09
FIC-739,Salud,SAL-FIC,QA,historia,FIC-2,5,2025-04-07,2025-05-12,2025-06-02,hecho,21,0,S11
FIC-740,Salud,SAL-FIC,QA,tarea,FIC-3,2,2025-04-07,2025-05-16,2025-05-23,hecho,7,0,S10
FIC-741,Salud,SAL-FIC,QA,historia,FIC-4,3,2025-04-07,2025-05-23,2025-06-05,hecho,13,0,S11
FIC-742,Salud,SAL-FIC,QA,historia,FIC-5,3,2025-04-07,2025-05-29,2025-06-12,hecho,14,0,S12
FIC-743,Salud,SAL-FIC,QA,historia,FIC-6,2,2025-04-07,2025-06-03,2025-06-10,hecho,7,0,S12
FIC-744,Salud,SAL-FIC,QA,historia,FIC-6,3,2025-04-07,2025-06-16,2025-07-03,hecho,17,0,S13
FIC-745,Salud,SAL-FIC,QA,historia,FIC-6,2,2025-04-07,2025-06-24,2025-06-30,hecho,6,0,S13
FIC-746,Salud,SAL-FIC,QA,historia,FIC-7,3,2025-04-07,2025-06-27,2025-07-16,hecho,19,0,S14
FIC-747,Salud,SAL-FIC,QA,historia,FIC-7,3,2025-04-07,2025-07-01,2025-07-07,hecho,6,0,S14
FIC-748,Salud,SAL-FIC,QA,historia,FIC-7,8,2025-04-07,2025-07-04,2025-08-11,hecho,38,0,S16
FIC-749,Salud,SAL-FIC,QA,tarea,FIC-8,1,2025-04-07,2025-07-07,2025-07-11,hecho,4,0,S14
FIC-750,Salud,SAL-FIC,QA,historia,FIC-8,5,2025-04-07,2025-07-17,2025-07-30,hecho,13,0,S15
FIC-751,Salud,SAL-FIC,QA,tarea,FIC-8,3,2025-04-07,2025-07-28,2025-08-06,hecho,9,0,S16
FIC-752,Salud,SAL-FIC,QA,historia,FIC-9,2,2025-04-07,2025-07-28,2025-07-30,hecho,2,0,S15
FIC-753,Salud,SAL-FIC,QA,historia,FIC-9,3,2025-04-07,2025-07-30,2025-08-08,hecho,9,0,S16
FIC-754,Salud,SAL-FIC,QA,historia,FIC-9,3,2025-04-07,2025-08-11,2025-09-08,hecho,28,112,S18
FIC-755,Salud,SAL-FIC,QA,historia,FIC-10,3,2025-04-07,2025-08-13,2025-08-28,hecho,15,0,S17
FIC-756,Salud,SAL-FIC,QA,historia,FIC-11,3,2025-04-07,2025-08-26,2025-09-05,hecho,10,0,S18
FIC-757,Salud,SAL-FIC,QA,bug,FIC-11,1,2025-04-07,2025-09-02,2025-09-08,hecho,6,0,S18
FIC-758,Salud,SAL-FIC,QA,historia,FIC-11,8,2025-04-07,2025-09-05,2025-09-17,hecho,12,0,S19
FIC-759,Salud,SAL-FIC,QA,historia,FIC-11,3,2025-04-07,2025-09-10,2025-09-25,hecho,15,0,S19
FIC-760,Salud,SAL-FIC,QA,historia,FIC-11,2,2025-04-07,2025-09-16,2025-09-23,hecho,7,0,S19
FIC-761,Salud,SAL-FIC,QA,historia,FIC-12,8,2025-04-07,2025-09-23,2025-10-14,hecho,21,0,S21
FIC-762,Salud,SAL-FIC,QA,bug,FIC-13,1,2025-04-07,2025-09-23,2025-09-26,hecho,3,0,S19
FIC-763,Salud,SAL-FIC,QA,tarea,FIC-13,1,2025-04-07,2025-09-24,2025-09-29,hecho,5,0,S20
FIC-764,Salud,SAL-FIC,QA,historia,FIC-13,2,2025-04-07,2025-10-06,2025-10-14,hecho,8,0,S21
FIC-765,Salud,SAL-FIC,QA,tarea,FIC-13,2,2025-04-07,2025-10-10,2025-10-17,hecho,7,0,S21
FIC-766,Salud,SAL-FIC,QA,bug,FIC-14,2,2025-04-07,2025-10-10,2025-10-15,hecho,5,0,S21
FIC-767,Salud,SAL-FIC,QA,historia,FIC-14,3,2025-04-07,2025-10-14,2025-10-27,hecho,13,0,S22
FIC-768,Salud,SAL-FIC,QA,tarea,FIC-14,3,2025-04-07,2025-10-23,2025-10-30,hecho,7,0,S22
FIC-769,Salud,SAL-FIC,QA,historia,FIC-14,5,2025-04-07,2025-10-24,2025-11-25,hecho,32,0,S24
FIC-770,Salud,SAL-FIC,QA,bug,FIC-14,1,2025-04-07,2025-10-28,2025-11-03,hecho,6,0,S22
FIC-771,Salud,SAL-FIC,QA,historia,FIC-14,3,2025-04-07,2025-10-30,2025-11-11,hecho,12,0,S23
FIC-772,Salud,SAL-FIC,QA,tarea,FIC-15,1,2025-04-07,2025-10-30,2025-11-03,hecho,4,0,S22
FIC-773,Salud,SAL-FIC,QA,tarea,FIC-15,1,2025-04-07,2025-10-31,2025-11-06,hecho,6,0,S22
FIC-774,Salud,SAL-FIC,QA,historia,FIC-16,5,2025-04-07,2025-11-21,2025-12-18,hecho,27,0,S25
FIC-775,Salud,SAL-FIC,QA,historia,FIC-17,3,2025-04-07,2025-11-24,2025-12-04,hecho,10,0,S24
FIC-776,Salud,SAL-FIC,QA,historia,FIC-17,3,2025-04-07,2025-12-04,2025-12-10,hecho,6,0,S25
FIC-777,Salud,SAL-FIC,QA,bug,FIC-17,1,2025-04-07,2025-12-09,2025-12-12,hecho,3,0,S25
FIC-778,Salud,SAL-FIC,QA,tarea,FIC-17,1,2025-04-07,2025-12-10,2025-12-12,hecho,2,0,S25
FIC-779,Salud,SAL-FIC,QA,historia,FIC-18,5,2025-04-07,2025-12-18,2026-02-03,hecho,47,0,S29
FIC-780,Salud,SAL-FIC,QA,historia,FIC-18,3,2025-04-07,2025-12-18,2026-02-09,hecho,53,232,S29
FIC-781,Salud,SAL-FIC,QA,bug,FIC-19,2,2025-04-07,2025-12-24,2025-12-29,hecho,5,0,S26
FIC-782,Salud,SAL-FIC,QA,historia,FIC-19,3,2025-04-07,2025-12-29,2026-01-02,hecho,4,0,S26
FIC-783,Salud,SAL-FIC,QA,historia,FIC-19,3,2025-04-07,2025-12-31,2026-02-05,hecho,36,160,S29
FIC-784,Salud,SAL-FIC,QA,historia,FIC-19,3,2025-04-07,2026-01-02,2026-01-13,hecho,11,0,S27
FIC-785,Salud,SAL-FIC,QA,tarea,FIC-19,2,2025-04-07,2026-01-09,2026-01-14,hecho,5,0,S27
FIC-786,Salud,SAL-FIC,QA,historia,FIC-20,8,2025-04-07,2026-01-14,2026-02-02,hecho,19,0,S29
FIC-787,Salud,SAL-FIC,QA,bug,FIC-20,1,2025-04-07,2026-01-16,2026-01-21,hecho,5,0,S28
FIC-788,Salud,SAL-FIC,QA,tarea,FIC-20,3,2025-04-07,2026-01-19,2026-01-27,hecho,8,0,S28
FIC-789,Salud,SAL-FIC,QA,historia,FIC-20,5,2025-04-07,2026-01-26,2026-02-10,hecho,15,0,S29
FIC-790,Salud,SAL-FIC,QA,historia,FIC-21,3,2025-04-07,2026-02-05,2026-02-24,hecho,19,0,S30
FIC-791,Salud,SAL-FIC,QA,bug,FIC-21,1,2025-04-07,2026-02-16,2026-03-02,hecho,14,40,S31
FIC-792,Salud,SAL-FIC,QA,historia,FIC-21,2,2025-04-07,2026-02-17,2026-02-25,hecho,8,0,S30
FIC-793,Salud,SAL-FIC,QA,tarea,FIC-22,2,2025-04-07,2026-02-24,2026-03-03,hecho,7,0,S31
FIC-794,Salud,SAL-FIC,QA,historia,FIC-22,2,2025-04-07,2026-02-26,2026-03-09,hecho,11,0,S31
FIC-795,Salud,SAL-FIC,QA,historia,FIC-22,2,2025-04-07,2026-03-09,2026-03-12,hecho,3,0,S31
FIC-796,Salud,SAL-FIC,QA,historia,FIC-22,3,2025-04-07,2026-03-09,2026-03-17,hecho,8,0,S32
FIC-797,Salud,SAL-FIC,QA,tarea,FIC-22,1,2025-04-07,2026-03-16,2026-03-20,hecho,4,0,S32
FIC-798,Salud,SAL-FIC,QA,tarea,FIC-23,3,2025-04-07,2026-03-17,2026-03-26,hecho,9,0,S32
FIC-799,Salud,SAL-FIC,QA,historia,FIC-23,3,2025-04-07,2026-03-23,2026-04-02,hecho,10,0,S33
FIC-800,Salud,SAL-FIC,QA,historia,FIC-23,3,2025-04-07,2026-03-26,2026-04-02,hecho,7,0,S33
FIC-801,Salud,SAL-FIC,QA,historia,FIC-23,2,2025-04-07,2026-03-31,2026-04-08,hecho,8,0,S33
FIC-802,Salud,SAL-FIC,QA,bug,FIC-24,2,2025-04-07,2026-04-02,2026-04-10,hecho,8,0,S33
FIC-803,Salud,SAL-FIC,QA,historia,FIC-24,3,2025-04-07,2026-04-02,2026-04-09,hecho,7,0,S33
FIC-804,Salud,SAL-FIC,QA,historia,FIC-24,8,2025-04-07,2026-04-06,2026-04-23,hecho,17,0,S34
FIC-805,Salud,SAL-FIC,QA,tarea,FIC-24,2,2025-04-07,2026-04-16,2026-04-23,hecho,7,0,S34
FIC-806,Salud,SAL-FIC,QA,historia,FIC-24,5,2025-04-07,2026-04-21,2026-05-25,hecho,34,0,S37
FIC-807,Salud,SAL-FIC,QA,historia,FIC-25,8,2025-04-07,2026-04-27,2026-05-13,hecho,16,0,S36
FIC-808,Salud,SAL-FIC,QA,historia,FIC-25,2,2025-04-07,2026-05-13,2026-05-26,hecho,13,0,S37
FIC-809,Salud,SAL-FIC,QA,tarea,FIC-25,3,2025-04-07,2026-05-28,2026-06-04,hecho,7,0,S37
FIC-810,Salud,SAL-FIC,QA,historia,FIC-25,5,2025-04-07,2026-06-05,2026-06-18,hecho,13,0,S38
FIC-811,Salud,SAL-FIC,QA,historia,FIC-26,5,2025-04-07,2026-06-08,2026-06-16,hecho,8,0,S38
FIC-812,Salud,SAL-FIC,QA,historia,FIC-26,2,2025-04-07,2026-06-16,2026-06-19,hecho,3,0,S38
FIC-813,Salud,SAL-FIC,QA,historia,FIC-26,5,2025-04-07,2026-06-18,2026-06-26,hecho,8,0,S39
FIC-814,Salud,SAL-FIC,QA,historia,FIC-26,2,2025-04-07,2026-06-19,2026-06-26,hecho,7,0,S39
FIC-815,Salud,SAL-FIC,QA,historia,FIC-27,3,2025-04-07,2026-06-26,2026-07-16,hecho,20,0,S40
FIC-816,Salud,SAL-FIC,QA,historia,FIC-28,5,2025-04-07,2026-06-26,2026-07-08,hecho,12,0,S40
FIC-817,Salud,SAL-FIC,QA,historia,FIC-28,2,2025-04-07,2026-06-30,2026-07-13,hecho,13,0,S40
FIC-818,Salud,SAL-FIC,QA,historia,FIC-28,5,2025-04-07,2026-07-07,2026-07-23,hecho,16,0,S41
FIC-819,Salud,SAL-FIC,QA,historia,FIC-29,3,2025-04-07,2026-07-14,2026-07-20,hecho,6,0,S41
FIC-820,Salud,SAL-FIC,QA,historia,FIC-29,5,2025-04-07,2026-07-22,2026-08-03,hecho,12,0,S42
FIC-821,Salud,SAL-FIC,QA,tarea,FIC-29,1,2025-04-07,2026-07-27,2026-07-31,hecho,4,0,S41
FIC-822,Salud,SAL-FIC,QA,bug,FIC-30,1,2025-04-07,2026-07-29,2026-08-05,hecho,7,0,S42
FIC-823,Salud,SAL-FIC,QA,historia,FIC-31,3,2025-04-07,2026-07-30,2026-08-05,hecho,6,0,S42
FIC-824,Salud,SAL-FIC,QA,tarea,FIC-31,2,2025-04-07,2026-08-03,2026-08-11,hecho,8,0,S42
FIC-825,Salud,SAL-FIC,QA,historia,FIC-32,3,2025-04-07,2026-08-03,2026-08-11,hecho,8,0,S42
FIC-826,Salud,SAL-FIC,QA,historia,FIC-32,2,2025-04-07,2026-08-04,2026-08-10,hecho,6,0,S42
FIC-827,Salud,SAL-FIC,QA,historia,FIC-32,5,2025-04-07,2026-08-07,2026-08-21,hecho,14,0,S43
FIC-828,Salud,SAL-FIC,QA,historia,FIC-33,2,2025-04-07,2026-08-11,2026-08-21,hecho,10,0,S43
FIC-829,Salud,SAL-FIC,Producto,epica,,,2025-12-01,2026-06-25,,en_curso,,,
FIC-830,Salud,SAL-FIC,Producto,epica,,,2025-12-01,2026-07-07,,en_curso,,,
FIC-831,Salud,SAL-FIC,Producto,epica,,,2025-12-01,2026-07-14,,en_curso,,,
FIC-832,Salud,SAL-FIC,Producto,epica,,,2025-12-01,2026-07-16,,en_curso,,,
FIC-833,Salud,SAL-FIC,Producto,epica,,,2025-12-01,2026-08-10,,en_curso,,,
FIC-834,Salud,SAL-FIC,Producto,epica,,,2025-12-01,2026-08-24,,en_curso,,,
FIC-835,Salud,SAL-FIC,Producto,epica,,,2025-12-01,2026-09-11,,en_curso,,,
FIC-836,Salud,SAL-FIC,Producto,epica,,,2025-12-01,2026-09-22,,en_curso,,,
FIC-837,Salud,SAL-FIC,Producto,epica,,,2025-12-01,,,por_hacer,,,
FIC-838,Salud,SAL-FIC,Producto,epica,,,2025-12-01,,,por_hacer,,,
FIC-839,Salud,SAL-FIC,Datos,bug,FIC-829,1,2025-12-01,2026-08-26,2026-08-31,hecho,5,0,S44
FIC-840,Salud,SAL-FIC,Datos,bug,FIC-829,1,2025-12-01,2026-08-28,2026-09-02,hecho,5,0,S44
FIC-841,Salud,SAL-FIC,Datos,historia,FIC-829,2,2025-12-01,2026-09-09,2026-09-18,hecho,9,0,S45
FIC-842,Salud,SAL-FIC,Datos,historia,FIC-830,2,2025-12-01,2026-09-10,2026-09-16,hecho,6,0,S45
FIC-843,Salud,SAL-FIC,Datos,historia,FIC-830,3,2025-12-01,2026-09-15,2026-09-22,hecho,7,0,S45
FIC-844,Salud,SAL-FIC,Datos,tarea,FIC-830,1,2025-12-01,2026-09-16,2026-09-17,hecho,1,0,S45
FIC-845,Salud,SAL-FIC,Datos,historia,FIC-830,5,2025-12-01,2026-09-16,2026-09-30,hecho,14,0,S46
FIC-846,Salud,SAL-FIC,Datos,historia,FIC-830,3,2025-12-01,2026-09-17,2026-09-30,hecho,13,0,S46
FIC-847,Salud,SAL-FIC,Datos,tarea,FIC-831,1,2025-12-01,2026-09-21,2026-09-24,hecho,3,0,S45
FIC-848,Salud,SAL-FIC,Datos,historia,FIC-831,5,2025-12-01,2026-09-21,,en_curso,,0,S46
FIC-849,Salud,SAL-FIC,Datos,historia,FIC-831,2,2025-12-01,2026-09-23,2026-09-30,hecho,7,0,S46
FIC-850,Salud,SAL-FIC,Datos,historia,FIC-831,3,2025-12-01,2026-09-28,,en_revision,,0,S46
FIC-851,Salud,SAL-FIC,Datos,historia,FIC-831,2,2025-12-01,,,por_hacer,,0,
FIC-852,Salud,SAL-FIC,Datos,historia,FIC-831,2,2025-12-01,,,por_hacer,,0,
FIC-853,Salud,SAL-FIC,Datos,bug,FIC-831,2,2025-12-01,,,por_hacer,,0,
FIC-854,Salud,SAL-FIC,Datos,bug,FIC-831,1,2025-12-01,,,por_hacer,,0,
FIC-855,Salud,SAL-FIC,Datos,tarea,FIC-831,3,2025-12-01,,,por_hacer,,0,
FIC-856,Salud,SAL-FIC,Datos,bug,FIC-831,1,2025-12-01,,,por_hacer,,0,
FIC-857,Salud,SAL-FIC,Datos,historia,FIC-831,5,2025-12-01,,,por_hacer,,0,
FIC-858,Salud,SAL-FIC,Datos,historia,FIC-831,5,2025-12-01,,,por_hacer,,0,
FIC-859,Salud,SAL-FIC,Datos,tarea,FIC-831,2,2025-12-01,,,por_hacer,,0,
FIC-860,Salud,SAL-FIC,Datos,historia,FIC-832,3,2025-12-01,,,por_hacer,,0,
FIC-861,Salud,SAL-FIC,Datos,historia,FIC-832,5,2025-12-01,,,por_hacer,,0,
FIC-862,Salud,SAL-FIC,Datos,historia,FIC-832,2,2025-12-01,,,por_hacer,,0,
FIC-863,Salud,SAL-FIC,Datos,bug,FIC-833,1,2025-12-01,,,por_hacer,,0,
FIC-864,Salud,SAL-FIC,Datos,historia,FIC-833,3,2025-12-01,,,por_hacer,,0,
FIC-865,Salud,SAL-FIC,Datos,historia,FIC-833,8,2025-12-01,,,por_hacer,,0,
FIC-866,Salud,SAL-FIC,Datos,historia,FIC-833,3,2025-12-01,,,por_hacer,,0,
FIC-867,Salud,SAL-FIC,Datos,bug,FIC-833,2,2025-12-01,,,por_hacer,,0,
FIC-868,Salud,SAL-FIC,Datos,tarea,FIC-834,3,2025-12-01,,,por_hacer,,0,
FIC-869,Salud,SAL-FIC,Datos,historia,FIC-834,2,2025-12-01,,,por_hacer,,0,
FIC-870,Salud,SAL-FIC,Datos,historia,FIC-834,3,2025-12-01,,,por_hacer,,0,
FIC-871,Salud,SAL-FIC,Datos,historia,FIC-834,2,2025-12-01,,,por_hacer,,0,
FIC-872,Salud,SAL-FIC,Datos,tarea,FIC-834,1,2025-12-01,,,por_hacer,,0,
FIC-873,Salud,SAL-FIC,Datos,historia,FIC-834,3,2025-12-01,,,por_hacer,,0,
FIC-874,Salud,SAL-FIC,Datos,historia,FIC-835,2,2025-12-01,,,por_hacer,,0,
FIC-875,Salud,SAL-FIC,Datos,historia,FIC-835,2,2025-12-01,,,por_hacer,,0,
FIC-876,Salud,SAL-FIC,Datos,bug,FIC-835,1,2025-12-01,,,por_hacer,,0,
FIC-877,Salud,SAL-FIC,Datos,historia,FIC-836,5,2025-12-01,,,por_hacer,,0,
FIC-878,Salud,SAL-FIC,Datos,bug,FIC-836,1,2025-12-01,,,por_hacer,,0,
FIC-879,Salud,SAL-FIC,Datos,historia,FIC-836,8,2025-12-01,,,por_hacer,,0,
FIC-880,Salud,SAL-FIC,Datos,bug,FIC-836,2,2025-12-01,,,por_hacer,,0,
FIC-881,Salud,SAL-FIC,Datos,historia,FIC-836,3,2025-12-01,,,por_hacer,,0,
FIC-882,Salud,SAL-FIC,Datos,tarea,FIC-837,1,2025-12-01,,,por_hacer,,0,
FIC-883,Salud,SAL-FIC,Datos,historia,FIC-837,3,2025-12-01,,,por_hacer,,0,
FIC-884,Salud,SAL-FIC,Datos,historia,FIC-837,2,2025-12-01,,,por_hacer,,0,
FIC-885,Salud,SAL-FIC,Datos,historia,FIC-837,3,2025-12-01,,,por_hacer,,0,
FIC-886,Salud,SAL-FIC,Datos,historia,FIC-837,3,2025-12-01,,,por_hacer,,0,
FIC-887,Salud,SAL-FIC,Datos,historia,FIC-837,2,2025-12-01,,,por_hacer,,0,
FIC-888,Salud,SAL-FIC,Datos,bug,FIC-838,1,2025-12-01,,,por_hacer,,0,
FIC-889,Salud,SAL-FIC,Datos,historia,FIC-838,3,2025-12-01,,,por_hacer,,0,
FIC-890,Salud,SAL-FIC,Datos,tarea,FIC-838,1,2025-12-01,,,por_hacer,,0,
FIC-891,Salud,SAL-FIC,Datos,historia,FIC-838,2,2025-12-01,,,por_hacer,,0,
FIC-892,Salud,SAL-FIC,Datos,tarea,FIC-838,3,2025-12-01,,,por_hacer,,0,
FIC-893,Salud,SAL-FIC,Datos,historia,FIC-838,5,2025-12-01,,,por_hacer,,0,
FIC-894,Salud,SAL-FIC,Integraciones,tarea,FIC-829,1,2025-12-01,2026-08-04,2026-08-12,hecho,8,0,S42
FIC-895,Salud,SAL-FIC,Integraciones,bug,FIC-829,2,2025-12-01,2026-08-06,2026-08-14,hecho,8,0,S42
FIC-896,Salud,SAL-FIC,Integraciones,bug,FIC-830,1,2025-12-01,2026-08-07,2026-08-11,hecho,4,0,S42
FIC-897,Salud,SAL-FIC,Integraciones,tarea,FIC-830,1,2025-12-01,2026-08-10,2026-08-12,hecho,2,0,S42
FIC-898,Salud,SAL-FIC,Integraciones,historia,FIC-830,2,2025-12-01,2026-08-11,2026-08-18,hecho,7,0,S43
FIC-899,Salud,SAL-FIC,Integraciones,historia,FIC-830,3,2025-12-01,2026-08-12,2026-08-20,hecho,8,0,S43
FIC-900,Salud,SAL-FIC,Integraciones,historia,FIC-830,3,2025-12-01,2026-08-13,2026-08-20,hecho,7,0,S43
FIC-901,Salud,SAL-FIC,Integraciones,historia,FIC-830,5,2025-12-01,2026-08-14,2026-09-01,hecho,18,0,S44
FIC-902,Salud,SAL-FIC,Integraciones,historia,FIC-831,5,2025-12-01,2026-08-20,2026-09-22,hecho,33,0,S45
FIC-903,Salud,SAL-FIC,Integraciones,historia,FIC-831,5,2025-12-01,2026-08-26,2026-09-11,hecho,16,0,S44
FIC-904,Salud,SAL-FIC,Integraciones,historia,FIC-831,2,2025-12-01,2026-08-28,2026-09-03,hecho,6,0,S44
FIC-905,Salud,SAL-FIC,Integraciones,historia,FIC-832,2,2025-12-01,2026-08-31,2026-09-08,hecho,8,0,S44
FIC-906,Salud,SAL-FIC,Integraciones,historia,FIC-832,3,2025-12-01,2026-09-04,2026-09-14,hecho,10,0,S45
FIC-907,Salud,SAL-FIC,Integraciones,historia,FIC-832,3,2025-12-01,2026-09-09,2026-09-18,hecho,9,0,S45
FIC-908,Salud,SAL-FIC,Integraciones,historia,FIC-832,5,2025-12-01,2026-09-10,,bloqueado,,88,S46
FIC-909,Salud,SAL-FIC,Integraciones,historia,FIC-833,5,2025-12-01,2026-09-16,2026-09-29,hecho,13,0,S46
FIC-910,Salud,SAL-FIC,Integraciones,historia,FIC-833,2,2025-12-01,2026-09-17,2026-09-24,hecho,7,0,S45
FIC-911,Salud,SAL-FIC,Integraciones,bug,FIC-833,2,2025-12-01,2026-09-18,2026-09-28,hecho,10,0,S46
FIC-912,Salud,SAL-FIC,Integraciones,historia,FIC-834,3,2025-12-01,2026-09-23,2026-09-30,hecho,7,0,S46
FIC-913,Salud,SAL-FIC,Integraciones,historia,FIC-834,2,2025-12-01,2026-09-24,,en_curso,,0,S46
FIC-914,Salud,SAL-FIC,Integraciones,historia,FIC-834,2,2025-12-01,2026-09-25,,en_curso,,0,S46
FIC-915,Salud,SAL-FIC,Integraciones,historia,FIC-834,3,2025-12-01,2026-09-25,,en_curso,,0,S46
FIC-916,Salud,SAL-FIC,Integraciones,historia,FIC-834,5,2025-12-01,2026-09-29,,en_curso,,0,S46
FIC-917,Salud,SAL-FIC,Integraciones,tarea,FIC-834,1,2025-12-01,,,por_hacer,,0,
FIC-918,Salud,SAL-FIC,Integraciones,tarea,FIC-835,2,2025-12-01,,,por_hacer,,0,
FIC-919,Salud,SAL-FIC,Integraciones,tarea,FIC-835,1,2025-12-01,,,por_hacer,,0,
FIC-920,Salud,SAL-FIC,Integraciones,historia,FIC-836,3,2025-12-01,,,por_hacer,,0,
FIC-921,Salud,SAL-FIC,Integraciones,bug,FIC-836,1,2025-12-01,,,por_hacer,,0,
FIC-922,Salud,SAL-FIC,Integraciones,tarea,FIC-836,2,2025-12-01,,,por_hacer,,0,
FIC-923,Salud,SAL-FIC,Integraciones,historia,FIC-836,5,2025-12-01,,,por_hacer,,0,
FIC-924,Salud,SAL-FIC,Integraciones,historia,FIC-837,2,2025-12-01,,,por_hacer,,0,
FIC-925,Salud,SAL-FIC,Integraciones,historia,FIC-837,2,2025-12-01,,,por_hacer,,0,
FIC-926,Salud,SAL-FIC,Integraciones,historia,FIC-837,2,2025-12-01,,,por_hacer,,0,
FIC-927,Salud,SAL-FIC,Integraciones,historia,FIC-838,5,2025-12-01,,,por_hacer,,0,
FIC-928,Salud,SAL-FIC,Integraciones,historia,FIC-838,8,2025-12-01,,,por_hacer,,0,
FIC-929,Salud,SAL-FIC,Integraciones,tarea,FIC-838,2,2025-12-01,,,por_hacer,,0,
FIC-930,Salud,SAL-FIC,Integraciones,historia,FIC-838,5,2025-12-01,,,por_hacer,,0,
FIC-931,Salud,SAL-FIC,Integraciones,historia,FIC-838,8,2025-12-01,,,por_hacer,,0,
FIC-932,Salud,SAL-FIC,Integraciones,historia,FIC-838,2,2025-12-01,,,por_hacer,,0,
FIC-933,Salud,SAL-FIC,Integraciones,historia,FIC-838,3,2025-12-01,,,por_hacer,,0,
FIC-934,Salud,SAL-FIC,Plataforma,historia,FIC-829,5,2025-12-01,2026-09-09,2026-09-22,hecho,13,0,S45
FIC-935,Salud,SAL-FIC,Plataforma,historia,FIC-829,5,2025-12-01,2026-09-11,,en_revision,,0,S46
FIC-936,Salud,SAL-FIC,Plataforma,tarea,FIC-829,3,2025-12-01,2026-09-15,2026-09-25,hecho,10,0,S45
FIC-937,Salud,SAL-FIC,Plataforma,tarea,FIC-829,2,2025-12-01,2026-09-15,2026-09-17,hecho,2,0,S45
FIC-938,Salud,SAL-FIC,Plataforma,historia,FIC-830,5,2025-12-01,2026-09-15,,en_curso,,0,S46
FIC-939,Salud,SAL-FIC,Plataforma,historia,FIC-830,5,2025-12-01,2026-09-21,,en_revision,,0,S46
FIC-940,Salud,SAL-FIC,Plataforma,historia,FIC-830,2,2025-12-01,2026-09-23,,en_curso,,0,S46
FIC-941,Salud,SAL-FIC,Plataforma,historia,FIC-831,2,2025-12-01,2026-09-25,,en_curso,,0,S46
FIC-942,Salud,SAL-FIC,Plataforma,historia,FIC-831,2,2025-12-01,2026-09-30,,en_curso,,0,S46
FIC-943,Salud,SAL-FIC,Plataforma,historia,FIC-831,2,2025-12-01,2026-09-30,,en_curso,,0,S46
FIC-944,Salud,SAL-FIC,Plataforma,historia,FIC-831,5,2025-12-01,,,por_hacer,,0,
FIC-945,Salud,SAL-FIC,Plataforma,historia,FIC-831,2,2025-12-01,,,por_hacer,,0,
FIC-946,Salud,SAL-FIC,Plataforma,historia,FIC-831,5,2025-12-01,,,por_hacer,,0,
FIC-947,Salud,SAL-FIC,Plataforma,tarea,FIC-831,3,2025-12-01,,,por_hacer,,0,
FIC-948,Salud,SAL-FIC,Plataforma,tarea,FIC-832,1,2025-12-01,,,por_hacer,,0,
FIC-949,Salud,SAL-FIC,Plataforma,tarea,FIC-832,2,2025-12-01,,,por_hacer,,0,
FIC-950,Salud,SAL-FIC,Plataforma,historia,FIC-832,3,2025-12-01,,,por_hacer,,0,
FIC-951,Salud,SAL-FIC,Plataforma,tarea,FIC-833,3,2025-12-01,,,por_hacer,,0,
FIC-952,Salud,SAL-FIC,Plataforma,historia,FIC-833,2,2025-12-01,,,por_hacer,,0,
FIC-953,Salud,SAL-FIC,Plataforma,historia,FIC-833,5,2025-12-01,,,por_hacer,,0,
FIC-954,Salud,SAL-FIC,Plataforma,historia,FIC-834,2,2025-12-01,,,por_hacer,,0,
FIC-955,Salud,SAL-FIC,Plataforma,tarea,FIC-834,1,2025-12-01,,,por_hacer,,0,
FIC-956,Salud,SAL-FIC,Plataforma,historia,FIC-834,3,2025-12-01,,,por_hacer,,0,
FIC-957,Salud,SAL-FIC,Plataforma,historia,FIC-834,3,2025-12-01,,,por_hacer,,0,
FIC-958,Salud,SAL-FIC,Plataforma,historia,FIC-834,2,2025-12-01,,,por_hacer,,0,
FIC-959,Salud,SAL-FIC,Plataforma,historia,FIC-835,3,2025-12-01,,,por_hacer,,0,
FIC-960,Salud,SAL-FIC,Plataforma,historia,FIC-835,3,2025-12-01,,,por_hacer,,0,
FIC-961,Salud,SAL-FIC,Plataforma,historia,FIC-835,8,2025-12-01,,,por_hacer,,0,
FIC-962,Salud,SAL-FIC,Plataforma,historia,FIC-836,3,2025-12-01,,,por_hacer,,0,
FIC-963,Salud,SAL-FIC,Plataforma,historia,FIC-836,3,2025-12-01,,,por_hacer,,0,
FIC-964,Salud,SAL-FIC,Plataforma,historia,FIC-836,3,2025-12-01,,,por_hacer,,0,
FIC-965,Salud,SAL-FIC,Plataforma,bug,FIC-836,2,2025-12-01,,,por_hacer,,0,
FIC-966,Salud,SAL-FIC,Plataforma,historia,FIC-837,2,2025-12-01,,,por_hacer,,0,
FIC-967,Salud,SAL-FIC,Plataforma,historia,FIC-837,3,2025-12-01,,,por_hacer,,0,
FIC-968,Salud,SAL-FIC,Plataforma,bug,FIC-837,1,2025-12-01,,,por_hacer,,0,
FIC-969,Salud,SAL-FIC,Plataforma,historia,FIC-837,5,2025-12-01,,,por_hacer,,0,
FIC-970,Salud,SAL-FIC,Plataforma,historia,FIC-837,5,2025-12-01,,,por_hacer,,0,
FIC-971,Salud,SAL-FIC,Plataforma,historia,FIC-837,2,2025-12-01,,,por_hacer,,0,
FIC-972,Salud,SAL-FIC,Plataforma,historia,FIC-837,3,2025-12-01,,,por_hacer,,0,
FIC-973,Salud,SAL-FIC,Plataforma,historia,FIC-838,5,2025-12-01,,,por_hacer,,0,
FIC-974,Salud,SAL-FIC,Plataforma,historia,FIC-838,5,2025-12-01,,,por_hacer,,0,
FIC-975,Salud,SAL-FIC,Plataforma,historia,FIC-838,8,2025-12-01,,,por_hacer,,0,
FIC-976,Salud,SAL-FIC,Plataforma,historia,FIC-838,2,2025-12-01,,,por_hacer,,0,
FIC-977,Salud,SAL-FIC,Producto,historia,FIC-829,3,2025-12-01,2026-06-25,2026-07-02,hecho,7,0,S39
FIC-978,Salud,SAL-FIC,Producto,tarea,FIC-829,2,2025-12-01,2026-06-26,2026-07-03,hecho,7,0,S39
FIC-979,Salud,SAL-FIC,Producto,historia,FIC-829,3,2025-12-01,2026-06-29,2026-07-07,hecho,8,0,S40
FIC-980,Salud,SAL-FIC,Producto,historia,FIC-829,2,2025-12-01,2026-07-01,2026-07-08,hecho,7,0,S40
FIC-981,Salud,SAL-FIC,Producto,historia,FIC-829,2,2025-12-01,2026-07-02,2026-07-13,hecho,11,0,S40
FIC-982,Salud,SAL-FIC,Producto,historia,FIC-829,8,2025-12-01,2026-07-03,2026-07-31,hecho,28,0,S41
FIC-983,Salud,SAL-FIC,Producto,historia,FIC-829,5,2025-12-01,2026-07-07,2026-09-29,hecho,84,424,S46
FIC-984,Salud,SAL-FIC,Producto,bug,FIC-830,1,2025-12-01,2026-07-07,2026-09-24,hecho,79,416,S45
FIC-985,Salud,SAL-FIC,Producto,historia,FIC-830,5,2025-12-01,2026-07-08,2026-07-17,hecho,9,0,S40
FIC-986,Salud,SAL-FIC,Producto,bug,FIC-830,1,2025-12-01,2026-07-09,2026-07-13,hecho,4,0,S40
FIC-987,Salud,SAL-FIC,Producto,tarea,FIC-831,3,2025-12-01,2026-07-14,2026-07-23,hecho,9,0,S41
FIC-988,Salud,SAL-FIC,Producto,bug,FIC-831,2,2025-12-01,2026-07-14,2026-07-20,hecho,6,0,S41
FIC-989,Salud,SAL-FIC,Producto,historia,FIC-831,5,2025-12-01,2026-07-14,2026-07-30,hecho,16,0,S41
FIC-990,Salud,SAL-FIC,Producto,historia,FIC-831,3,2025-12-01,2026-07-14,2026-08-03,hecho,20,0,S42
FIC-991,Salud,SAL-FIC,Producto,tarea,FIC-831,3,2025-12-01,2026-07-16,2026-07-24,hecho,8,0,S41
FIC-992,Salud,SAL-FIC,Producto,tarea,FIC-832,3,2025-12-01,2026-07-16,2026-07-31,hecho,15,0,S41
FIC-993,Salud,SAL-FIC,Producto,historia,FIC-832,2,2025-12-01,2026-07-22,2026-08-03,hecho,12,0,S42
FIC-994,Salud,SAL-FIC,Producto,historia,FIC-832,3,2025-12-01,2026-07-28,2026-08-03,hecho,6,0,S42
FIC-995,Salud,SAL-FIC,Producto,historia,FIC-832,3,2025-12-01,2026-07-31,2026-08-12,hecho,12,0,S42
FIC-996,Salud,SAL-FIC,Producto,historia,FIC-832,2,2025-12-01,2026-08-03,2026-08-11,hecho,8,0,S42
FIC-997,Salud,SAL-FIC,Producto,historia,FIC-832,3,2025-12-01,2026-08-05,2026-08-12,hecho,7,0,S42
FIC-998,Salud,SAL-FIC,Producto,tarea,FIC-832,1,2025-12-01,2026-08-06,2026-08-13,hecho,7,0,S42
FIC-999,Salud,SAL-FIC,Producto,tarea,FIC-832,1,2025-12-01,2026-08-07,2026-08-14,hecho,7,0,S42
FIC-1000,Salud,SAL-FIC,Producto,historia,FIC-832,5,2025-12-01,2026-08-10,2026-08-28,hecho,18,0,S43
FIC-1001,Salud,SAL-FIC,Producto,bug,FIC-832,2,2025-12-01,2026-08-10,2026-08-17,hecho,7,0,S43
FIC-1002,Salud,SAL-FIC,Producto,historia,FIC-833,5,2025-12-01,2026-08-10,2026-08-24,hecho,14,0,S43
FIC-1003,Salud,SAL-FIC,Producto,historia,FIC-833,3,2025-12-01,2026-08-11,2026-08-14,hecho,3,0,S42
FIC-1004,Salud,SAL-FIC,Producto,historia,FIC-833,2,2025-12-01,2026-08-13,2026-08-18,hecho,5,0,S43
FIC-1005,Salud,SAL-FIC,Producto,historia,FIC-833,3,2025-12-01,2026-08-17,2026-09-02,hecho,16,0,S44
FIC-1006,Salud,SAL-FIC,Producto,historia,FIC-833,2,2025-12-01,2026-08-20,2026-08-26,hecho,6,0,S43
FIC-1007,Salud,SAL-FIC,Producto,historia,FIC-834,3,2025-12-01,2026-08-24,2026-08-31,hecho,7,0,S44
FIC-1008,Salud,SAL-FIC,Producto,historia,FIC-834,5,2025-12-01,2026-08-27,,bloqueado,,128,S46
FIC-1009,Salud,SAL-FIC,Producto,historia,FIC-834,3,2025-12-01,2026-08-28,,bloqueado,,136,S46
FIC-1010,Salud,SAL-FIC,Producto,tarea,FIC-834,3,2025-12-01,2026-09-02,2026-09-25,hecho,23,0,S45
FIC-1011,Salud,SAL-FIC,Producto,historia,FIC-834,3,2025-12-01,2026-09-04,2026-09-16,hecho,12,0,S45
FIC-1012,Salud,SAL-FIC,Producto,historia,FIC-834,2,2025-12-01,2026-09-08,,bloqueado,,120,S46
FIC-1013,Salud,SAL-FIC,Producto,historia,FIC-834,5,2025-12-01,2026-09-09,2026-09-24,hecho,15,0,S45
FIC-1014,Salud,SAL-FIC,Producto,historia,FIC-834,3,2025-12-01,2026-09-10,2026-09-22,hecho,12,0,S45
FIC-1015,Salud,SAL-FIC,Producto,historia,FIC-835,5,2025-12-01,2026-09-11,2026-09-23,hecho,12,0,S45
FIC-1016,Salud,SAL-FIC,Producto,tarea,FIC-835,2,2025-12-01,2026-09-15,,bloqueado,,88,S46
FIC-1017,Salud,SAL-FIC,Producto,historia,FIC-835,5,2025-12-01,2026-09-15,,en_revision,,0,S46
FIC-1018,Salud,SAL-FIC,Producto,historia,FIC-835,2,2025-12-01,2026-09-22,2026-09-29,hecho,7,0,S46
FIC-1019,Salud,SAL-FIC,Producto,historia,FIC-836,5,2025-12-01,2026-09-22,,en_revision,,0,S46
FIC-1020,Salud,SAL-FIC,Producto,historia,FIC-836,3,2025-12-01,2026-09-25,,en_curso,,0,S46
FIC-1021,Salud,SAL-FIC,Producto,bug,FIC-836,2,2025-12-01,2026-09-25,,en_curso,,0,S46
FIC-1022,Salud,SAL-FIC,Producto,historia,FIC-836,2,2025-12-01,2026-09-25,,en_curso,,0,S46
FIC-1023,Salud,SAL-FIC,Producto,bug,FIC-836,2,2025-12-01,2026-09-28,,en_curso,,0,S46
FIC-1024,Salud,SAL-FIC,Producto,tarea,FIC-836,2,2025-12-01,2026-09-29,,en_revision,,0,S46
FIC-1025,Salud,SAL-FIC,Producto,historia,FIC-836,5,2025-12-01,,,por_hacer,,0,
FIC-1026,Salud,SAL-FIC,Producto,historia,FIC-837,2,2025-12-01,,,por_hacer,,0,
FIC-1027,Salud,SAL-FIC,Producto,bug,FIC-837,1,2025-12-01,,,por_hacer,,0,
FIC-1028,Salud,SAL-FIC,Producto,historia,FIC-837,2,2025-12-01,,,por_hacer,,0,
FIC-1029,Salud,SAL-FIC,Producto,historia,FIC-837,3,2025-12-01,,,por_hacer,,0,
FIC-1030,Salud,SAL-FIC,Producto,tarea,FIC-838,3,2025-12-01,,,por_hacer,,0,
FIC-1031,Salud,SAL-FIC,Producto,historia,FIC-838,8,2025-12-01,,,por_hacer,,0,
FIC-1032,Salud,SAL-FIC,Producto,historia,FIC-838,3,2025-12-01,,,por_hacer,,0,
FIC-1033,Salud,SAL-FIC,Producto,bug,FIC-838,1,2025-12-01,,,por_hacer,,0,
FIC-1034,Salud,SAL-FIC,Producto,historia,FIC-838,2,2025-12-01,,,por_hacer,,0,
FIC-1035,Salud,SAL-FIC,Producto,historia,FIC-838,2,2025-12-01,,,por_hacer,,0,
FIC-1036,Salud,SAL-FIC,Producto,historia,FIC-838,2,2025-12-01,,,por_hacer,,0,
FIC-1037,Salud,SAL-FIC,Producto,historia,FIC-838,8,2025-12-01,,,por_hacer,,0,
FIC-1038,Salud,SAL-FIC,QA,historia,FIC-829,5,2025-12-01,2026-08-19,2026-09-04,hecho,16,0,S44
FIC-1039,Salud,SAL-FIC,QA,bug,FIC-829,1,2025-12-01,2026-09-04,2026-09-11,hecho,7,0,S44
FIC-1040,Salud,SAL-FIC,QA,historia,FIC-829,3,2025-12-01,2026-09-04,2026-09-10,hecho,6,0,S44
FIC-1041,Salud,SAL-FIC,QA,tarea,FIC-829,2,2025-12-01,2026-09-09,2026-09-18,hecho,9,0,S45
FIC-1042,Salud,SAL-FIC,QA,tarea,FIC-829,2,2025-12-01,2026-09-11,2026-09-23,hecho,12,0,S45
FIC-1043,Salud,SAL-FIC,QA,historia,FIC-829,3,2025-12-01,2026-09-14,2026-09-23,hecho,9,0,S45
FIC-1044,Salud,SAL-FIC,QA,tarea,FIC-829,1,2025-12-01,2026-09-16,2026-09-28,hecho,12,40,S46
FIC-1045,Salud,SAL-FIC,QA,bug,FIC-830,2,2025-12-01,2026-09-17,2026-09-25,hecho,8,0,S45
FIC-1046,Salud,SAL-FIC,QA,tarea,FIC-830,1,2025-12-01,2026-09-21,2026-09-28,hecho,7,0,S46
FIC-1047,Salud,SAL-FIC,QA,historia,FIC-830,2,2025-12-01,2026-09-28,,en_curso,,0,S46
FIC-1048,Salud,SAL-FIC,QA,bug,FIC-830,1,2025-12-01,2026-09-28,,en_revision,,0,S46
FIC-1049,Salud,SAL-FIC,QA,historia,FIC-831,5,2025-12-01,,,por_hacer,,0,
FIC-1050,Salud,SAL-FIC,QA,historia,FIC-832,8,2025-12-01,,,por_hacer,,0,
FIC-1051,Salud,SAL-FIC,QA,bug,FIC-833,1,2025-12-01,,,por_hacer,,0,
FIC-1052,Salud,SAL-FIC,QA,tarea,FIC-833,1,2025-12-01,,,por_hacer,,0,
FIC-1053,Salud,SAL-FIC,QA,historia,FIC-833,5,2025-12-01,,,por_hacer,,0,
FIC-1054,Salud,SAL-FIC,QA,tarea,FIC-834,1,2025-12-01,,,por_hacer,,0,
FIC-1055,Salud,SAL-FIC,QA,historia,FIC-834,5,2025-12-01,,,por_hacer,,0,
FIC-1056,Salud,SAL-FIC,QA,historia,FIC-834,3,2025-12-01,,,por_hacer,,0,
FIC-1057,Salud,SAL-FIC,QA,historia,FIC-834,2,2025-12-01,,,por_hacer,,0,
FIC-1058,Salud,SAL-FIC,QA,tarea,FIC-834,1,2025-12-01,,,por_hacer,,0,
FIC-1059,Salud,SAL-FIC,QA,historia,FIC-834,2,2025-12-01,,,por_hacer,,0,
FIC-1060,Salud,SAL-FIC,QA,historia,FIC-835,2,2025-12-01,,,por_hacer,,0,
FIC-1061,Salud,SAL-FIC,QA,historia,FIC-836,3,2025-12-01,,,por_hacer,,0,
FIC-1062,Salud,SAL-FIC,QA,bug,FIC-836,1,2025-12-01,,,por_hacer,,0,
FIC-1063,Salud,SAL-FIC,QA,historia,FIC-837,3,2025-12-01,,,por_hacer,,0,
FIC-1064,Salud,SAL-FIC,QA,historia,FIC-837,3,2025-12-01,,,por_hacer,,0,
FIC-1065,Salud,SAL-FIC,QA,historia,FIC-838,3,2025-12-01,,,por_hacer,,0,
FIC-1066,Salud,SAL-FIC,QA,historia,FIC-838,5,2025-12-01,,,por_hacer,,0,
FIC-1067,Salud,SAL-FIC,QA,tarea,FIC-838,2,2025-12-01,,,por_hacer,,0,
FIC-1068,Salud,SAL-FIC,QA,historia,FIC-838,3,2025-12-01,,,por_hacer,,0,
FIC-1069,Salud,SAL-FIC,QA,tarea,FIC-838,2,2025-12-01,,,por_hacer,,0,
LAB-1,Salud,SAL-LAB,Producto,epica,,,2025-08-04,2025-08-04,2025-10-27,hecho,,,
LAB-2,Salud,SAL-LAB,Producto,epica,,,2025-08-04,2025-09-09,2025-12-09,hecho,,,
LAB-3,Salud,SAL-LAB,Producto,epica,,,2025-08-04,2025-09-24,2025-11-06,hecho,,,
LAB-4,Salud,SAL-LAB,Producto,epica,,,2025-08-04,2025-10-01,2025-12-26,hecho,,,
LAB-5,Salud,SAL-LAB,Producto,epica,,,2025-08-04,2025-10-13,2025-12-31,hecho,,,
LAB-6,Salud,SAL-LAB,Producto,epica,,,2025-08-04,2025-11-07,2026-01-19,hecho,,,
LAB-7,Salud,SAL-LAB,Producto,epica,,,2025-08-04,2025-11-26,2026-02-25,hecho,,,
LAB-8,Salud,SAL-LAB,Producto,epica,,,2025-08-04,2025-12-01,2026-03-17,hecho,,,
LAB-9,Salud,SAL-LAB,Producto,epica,,,2025-08-04,2025-12-24,2026-04-29,hecho,,,
LAB-10,Salud,SAL-LAB,Producto,epica,,,2025-08-04,2026-02-04,2026-04-03,hecho,,,
LAB-11,Salud,SAL-LAB,Producto,epica,,,2025-08-04,2026-02-13,2026-05-27,hecho,,,
LAB-12,Salud,SAL-LAB,Datos,historia,LAB-1,3,2025-08-04,2025-08-04,2025-08-18,hecho,14,0,S17
LAB-13,Salud,SAL-LAB,Datos,historia,LAB-1,2,2025-08-04,2025-08-06,2025-08-14,hecho,8,0,S16
LAB-14,Salud,SAL-LAB,Datos,tarea,LAB-1,1,2025-08-04,2025-08-06,2025-08-11,hecho,5,0,S16
LAB-15,Salud,SAL-LAB,Datos,historia,LAB-1,3,2025-08-04,2025-08-08,2025-08-22,hecho,14,0,S17
LAB-16,Salud,SAL-LAB,Datos,tarea,LAB-1,1,2025-08-04,2025-08-19,2025-08-20,hecho,1,0,S17
LAB-17,Salud,SAL-LAB,Datos,tarea,LAB-1,2,2025-08-04,2025-08-20,2025-08-25,hecho,5,0,S17
LAB-18,Salud,SAL-LAB,Datos,historia,LAB-1,8,2025-08-04,2025-08-26,2025-09-18,hecho,23,0,S19
LAB-19,Salud,SAL-LAB,Datos,historia,LAB-1,2,2025-08-04,2025-09-10,2025-09-17,hecho,7,0,S19
LAB-20,Salud,SAL-LAB,Datos,historia,LAB-1,5,2025-08-04,2025-09-10,2025-09-23,hecho,13,0,S19
LAB-21,Salud,SAL-LAB,Datos,historia,LAB-2,5,2025-08-04,2025-09-12,2025-10-06,hecho,24,0,S20
LAB-22,Salud,SAL-LAB,Datos,historia,LAB-2,2,2025-08-04,2025-09-17,2025-09-24,hecho,7,0,S19
LAB-23,Salud,SAL-LAB,Datos,historia,LAB-2,5,2025-08-04,2025-09-18,2025-10-10,hecho,22,0,S20
LAB-24,Salud,SAL-LAB,Datos,tarea,LAB-2,2,2025-08-04,2025-09-19,2025-10-02,hecho,13,0,S20
LAB-25,Salud,SAL-LAB,Datos,historia,LAB-2,3,2025-08-04,2025-09-22,2025-10-03,hecho,11,0,S20
LAB-26,Salud,SAL-LAB,Datos,bug,LAB-3,2,2025-08-04,2025-09-24,2025-10-08,hecho,14,32,S20
LAB-27,Salud,SAL-LAB,Datos,historia,LAB-3,3,2025-08-04,2025-09-25,2025-10-03,hecho,8,0,S20
LAB-28,Salud,SAL-LAB,Datos,historia,LAB-3,2,2025-08-04,2025-10-02,2025-10-16,hecho,14,0,S21
LAB-29,Salud,SAL-LAB,Datos,tarea,LAB-3,1,2025-08-04,2025-10-02,2025-10-09,hecho,7,0,S20
LAB-30,Salud,SAL-LAB,Datos,bug,LAB-3,1,2025-08-04,2025-10-06,2025-10-15,hecho,9,0,S21
LAB-31,Salud,SAL-LAB,Datos,bug,LAB-3,2,2025-08-04,2025-10-08,2025-10-15,hecho,7,0,S21
LAB-32,Salud,SAL-LAB,Datos,tarea,LAB-4,2,2025-08-04,2025-10-14,2025-10-24,hecho,10,0,S21
LAB-33,Salud,SAL-LAB,Datos,tarea,LAB-4,3,2025-08-04,2025-10-14,2025-10-31,hecho,17,0,S22
LAB-34,Salud,SAL-LAB,Datos,historia,LAB-4,3,2025-08-04,2025-10-21,2025-10-28,hecho,7,0,S22
LAB-35,Salud,SAL-LAB,Datos,historia,LAB-4,8,2025-08-04,2025-10-24,2025-11-21,hecho,28,0,S23
LAB-36,Salud,SAL-LAB,Datos,historia,LAB-4,8,2025-08-04,2025-10-30,2025-12-26,hecho,57,0,S26
LAB-37,Salud,SAL-LAB,Datos,tarea,LAB-4,1,2025-08-04,2025-11-04,2025-11-10,hecho,6,0,S23
LAB-38,Salud,SAL-LAB,Datos,historia,LAB-4,5,2025-08-04,2025-11-06,2025-11-27,hecho,21,0,S24
LAB-39,Salud,SAL-LAB,Datos,tarea,LAB-5,2,2025-08-04,2025-11-13,2025-11-21,hecho,8,0,S23
LAB-40,Salud,SAL-LAB,Datos,historia,LAB-5,8,2025-08-04,2025-11-18,2025-11-26,hecho,8,0,S24
LAB-41,Salud,SAL-LAB,Datos,bug,LAB-5,1,2025-08-04,2025-11-19,2025-11-25,hecho,6,0,S24
LAB-42,Salud,SAL-LAB,Datos,tarea,LAB-6,2,2025-08-04,2025-11-19,2025-11-25,hecho,6,0,S24
LAB-43,Salud,SAL-LAB,Datos,historia,LAB-6,5,2025-08-04,2025-11-25,2025-12-01,hecho,6,0,S24
LAB-44,Salud,SAL-LAB,Datos,historia,LAB-6,5,2025-08-04,2025-11-25,2025-12-11,hecho,16,0,S25
LAB-45,Salud,SAL-LAB,Datos,historia,LAB-6,2,2025-08-04,2025-11-26,2025-12-05,hecho,9,0,S24
LAB-46,Salud,SAL-LAB,Datos,historia,LAB-6,3,2025-08-04,2025-12-04,2025-12-10,hecho,6,0,S25
LAB-47,Salud,SAL-LAB,Datos,tarea,LAB-7,3,2025-08-04,2025-12-08,2025-12-18,hecho,10,0,S25
LAB-48,Salud,SAL-LAB,Datos,historia,LAB-7,3,2025-08-04,2025-12-09,2025-12-15,hecho,6,0,S25
LAB-49,Salud,SAL-LAB,Datos,bug,LAB-7,2,2025-08-04,2025-12-17,2025-12-29,hecho,12,0,S26
LAB-50,Salud,SAL-LAB,Datos,tarea,LAB-7,2,2025-08-04,2025-12-22,2025-12-31,hecho,9,0,S26
LAB-51,Salud,SAL-LAB,Datos,historia,LAB-7,8,2025-08-04,2025-12-23,2026-01-13,hecho,21,0,S27
LAB-52,Salud,SAL-LAB,Datos,tarea,LAB-8,1,2025-08-04,2025-12-25,2026-01-01,hecho,7,0,S26
LAB-53,Salud,SAL-LAB,Datos,bug,LAB-8,2,2025-08-04,2025-12-26,2026-01-01,hecho,6,0,S26
LAB-54,Salud,SAL-LAB,Datos,tarea,LAB-8,2,2025-08-04,2025-12-29,2026-01-01,hecho,3,0,S26
LAB-55,Salud,SAL-LAB,Datos,historia,LAB-8,5,2025-08-04,2025-12-29,2026-02-02,hecho,35,128,S29
LAB-56,Salud,SAL-LAB,Datos,historia,LAB-8,8,2025-08-04,2025-12-30,2026-01-29,hecho,30,0,S28
LAB-57,Salud,SAL-LAB,Datos,bug,LAB-8,2,2025-08-04,2026-01-06,2026-01-14,hecho,8,0,S27
LAB-58,Salud,SAL-LAB,Datos,historia,LAB-8,5,2025-08-04,2026-01-30,2026-02-25,hecho,26,0,S30
LAB-59,Salud,SAL-LAB,Datos,bug,LAB-8,2,2025-08-04,2026-01-30,2026-02-12,hecho,13,0,S29
LAB-60,Salud,SAL-LAB,Datos,historia,LAB-9,2,2025-08-04,2026-02-09,2026-02-12,hecho,3,0,S29
LAB-61,Salud,SAL-LAB,Datos,historia,LAB-9,2,2025-08-04,2026-02-09,2026-02-20,hecho,11,0,S30
LAB-62,Salud,SAL-LAB,Datos,historia,LAB-9,3,2025-08-04,2026-02-16,2026-03-11,hecho,23,80,S31
LAB-63,Salud,SAL-LAB,Datos,historia,LAB-9,5,2025-08-04,2026-02-20,2026-03-05,hecho,13,0,S31
LAB-64,Salud,SAL-LAB,Datos,historia,LAB-9,5,2025-08-04,2026-02-25,2026-03-12,hecho,15,0,S31
LAB-65,Salud,SAL-LAB,Datos,historia,LAB-9,5,2025-08-04,2026-02-26,2026-03-11,hecho,13,0,S31
LAB-66,Salud,SAL-LAB,Datos,historia,LAB-10,3,2025-08-04,2026-02-26,2026-03-06,hecho,8,0,S31
LAB-67,Salud,SAL-LAB,Datos,bug,LAB-10,1,2025-08-04,2026-03-06,2026-03-12,hecho,6,0,S31
LAB-68,Salud,SAL-LAB,Datos,bug,LAB-10,2,2025-08-04,2026-03-16,2026-03-18,hecho,2,0,S32
LAB-69,Salud,SAL-LAB,Datos,bug,LAB-10,2,2025-08-04,2026-03-17,2026-03-23,hecho,6,0,S32
LAB-70,Salud,SAL-LAB,Datos,historia,LAB-10,2,2025-08-04,2026-03-18,2026-03-24,hecho,6,0,S32
LAB-71,Salud,SAL-LAB,Datos,historia,LAB-10,3,2025-08-04,2026-03-19,2026-03-31,hecho,12,0,S33
LAB-72,Salud,SAL-LAB,Datos,bug,LAB-11,1,2025-08-04,2026-03-30,2026-04-06,hecho,7,0,S33
LAB-73,Salud,SAL-LAB,Datos,historia,LAB-11,2,2025-08-04,2026-04-16,2026-04-28,hecho,12,0,S35
LAB-74,Salud,SAL-LAB,Datos,historia,LAB-11,2,2025-08-04,2026-04-21,2026-04-29,hecho,8,0,S35
LAB-75,Salud,SAL-LAB,Datos,historia,LAB-11,2,2025-08-04,2026-04-28,2026-05-01,hecho,3,0,S35
LAB-76,Salud,SAL-LAB,Datos,historia,LAB-11,5,2025-08-04,2026-05-04,2026-05-18,hecho,14,0,S36
LAB-77,Salud,SAL-LAB,Integraciones,historia,LAB-1,3,2025-08-04,2025-08-04,2025-08-12,hecho,8,0,S16
LAB-78,Salud,SAL-LAB,Integraciones,tarea,LAB-1,2,2025-08-04,2025-08-04,2025-08-07,hecho,3,0,S16
LAB-79,Salud,SAL-LAB,Integraciones,tarea,LAB-1,1,2025-08-04,2025-08-05,2025-08-11,hecho,6,0,S16
LAB-80,Salud,SAL-LAB,Integraciones,historia,LAB-1,3,2025-08-04,2025-08-05,2025-08-19,hecho,14,0,S17
LAB-81,Salud,SAL-LAB,Integraciones,historia,LAB-1,5,2025-08-04,2025-08-08,2025-08-25,hecho,17,0,S17
LAB-82,Salud,SAL-LAB,Integraciones,bug,LAB-1,1,2025-08-04,2025-08-19,2025-09-10,hecho,22,88,S18
LAB-83,Salud,SAL-LAB,Integraciones,historia,LAB-1,3,2025-08-04,2025-08-25,2025-09-10,hecho,16,0,S18
LAB-84,Salud,SAL-LAB,Integraciones,historia,LAB-2,2,2025-08-04,2025-09-17,2025-09-23,hecho,6,0,S19
LAB-85,Salud,SAL-LAB,Integraciones,historia,LAB-2,2,2025-08-04,2025-09-19,2025-09-24,hecho,5,0,S19
LAB-86,Salud,SAL-LAB,Integraciones,historia,LAB-2,5,2025-08-04,2025-09-22,2025-10-08,hecho,16,0,S20
LAB-87,Salud,SAL-LAB,Integraciones,historia,LAB-2,5,2025-08-04,2025-09-24,2025-10-01,hecho,7,0,S20
LAB-88,Salud,SAL-LAB,Integraciones,bug,LAB-3,1,2025-08-04,2025-10-01,2025-10-28,hecho,27,128,S22
LAB-89,Salud,SAL-LAB,Integraciones,historia,LAB-3,3,2025-08-04,2025-10-03,2025-10-14,hecho,11,0,S21
LAB-90,Salud,SAL-LAB,Integraciones,historia,LAB-3,5,2025-08-04,2025-10-07,2025-10-16,hecho,9,0,S21
LAB-91,Salud,SAL-LAB,Integraciones,tarea,LAB-3,1,2025-08-04,2025-10-13,2025-10-16,hecho,3,0,S21
LAB-92,Salud,SAL-LAB,Integraciones,historia,LAB-4,5,2025-08-04,2025-10-15,2025-11-03,hecho,19,0,S22
LAB-93,Salud,SAL-LAB,Integraciones,historia,LAB-4,3,2025-08-04,2025-10-30,2025-11-06,hecho,7,0,S22
LAB-94,Salud,SAL-LAB,Integraciones,historia,LAB-4,2,2025-08-04,2025-11-03,2025-11-10,hecho,7,0,S23
LAB-95,Salud,SAL-LAB,Integraciones,historia,LAB-5,3,2025-08-04,2025-11-04,2025-11-17,hecho,13,0,S23
LAB-96,Salud,SAL-LAB,Integraciones,historia,LAB-5,5,2025-08-04,2025-11-06,2025-11-21,hecho,15,0,S23
LAB-97,Salud,SAL-LAB,Integraciones,historia,LAB-5,5,2025-08-04,2025-11-07,2025-12-11,hecho,34,0,S25
LAB-98,Salud,SAL-LAB,Integraciones,historia,LAB-5,3,2025-08-04,2025-11-14,2025-11-27,hecho,13,0,S24
LAB-99,Salud,SAL-LAB,Integraciones,historia,LAB-6,8,2025-08-04,2025-12-08,2025-12-29,hecho,21,0,S26
LAB-100,Salud,SAL-LAB,Integraciones,historia,LAB-6,5,2025-08-04,2025-12-15,2025-12-29,hecho,14,0,S26
LAB-101,Salud,SAL-LAB,Integraciones,tarea,LAB-7,2,2025-08-04,2025-12-19,2025-12-29,hecho,10,0,S26
LAB-102,Salud,SAL-LAB,Integraciones,historia,LAB-7,3,2025-08-04,2025-12-29,2026-01-06,hecho,8,0,S27
LAB-103,Salud,SAL-LAB,Integraciones,historia,LAB-7,2,2025-08-04,2025-12-31,2026-01-07,hecho,7,0,S27
LAB-104,Salud,SAL-LAB,Integraciones,bug,LAB-7,1,2025-08-04,2026-01-06,2026-01-13,hecho,7,0,S27
LAB-105,Salud,SAL-LAB,Integraciones,historia,LAB-7,3,2025-08-04,2026-01-12,2026-01-27,hecho,15,0,S28
LAB-106,Salud,SAL-LAB,Integraciones,bug,LAB-7,2,2025-08-04,2026-01-13,2026-01-15,hecho,2,0,S27
LAB-107,Salud,SAL-LAB,Integraciones,historia,LAB-7,3,2025-08-04,2026-01-14,2026-01-22,hecho,8,0,S28
LAB-108,Salud,SAL-LAB,Integraciones,historia,LAB-7,5,2025-08-04,2026-02-02,2026-02-25,hecho,23,0,S30
LAB-109,Salud,SAL-LAB,Integraciones,bug,LAB-8,2,2025-08-04,2026-02-02,2026-02-06,hecho,4,0,S29
LAB-110,Salud,SAL-LAB,Integraciones,historia,LAB-8,2,2025-08-04,2026-02-10,2026-02-19,hecho,9,0,S30
LAB-111,Salud,SAL-LAB,Integraciones,historia,LAB-8,3,2025-08-04,2026-02-12,2026-02-19,hecho,7,0,S30
LAB-112,Salud,SAL-LAB,Integraciones,historia,LAB-8,5,2025-08-04,2026-02-19,2026-03-05,hecho,14,0,S31
LAB-113,Salud,SAL-LAB,Integraciones,tarea,LAB-8,3,2025-08-04,2026-02-19,2026-03-16,hecho,25,0,S32
LAB-114,Salud,SAL-LAB,Integraciones,bug,LAB-9,1,2025-08-04,2026-04-03,2026-04-09,hecho,6,0,S33
LAB-115,Salud,SAL-LAB,Integraciones,historia,LAB-9,3,2025-08-04,2026-04-13,2026-04-29,hecho,16,0,S35
LAB-116,Salud,SAL-LAB,Integraciones,historia,LAB-9,3,2025-08-04,2026-04-17,2026-04-24,hecho,7,0,S34
LAB-117,Salud,SAL-LAB,Integraciones,historia,LAB-11,3,2025-08-04,2026-04-23,2026-05-07,hecho,14,0,S35
LAB-118,Salud,SAL-LAB,Integraciones,historia,LAB-11,3,2025-08-04,2026-04-24,2026-05-06,hecho,12,0,S35
LAB-119,Salud,SAL-LAB,Integraciones,historia,LAB-11,8,2025-08-04,2026-05-05,2026-05-27,hecho,22,0,S37
LAB-120,Salud,SAL-LAB,Plataforma,historia,LAB-1,2,2025-08-04,2025-08-04,2025-08-07,hecho,3,0,S16
LAB-121,Salud,SAL-LAB,Plataforma,historia,LAB-1,5,2025-08-04,2025-08-13,2025-09-09,hecho,27,0,S18
LAB-122,Salud,SAL-LAB,Plataforma,historia,LAB-1,2,2025-08-04,2025-08-15,2025-08-20,hecho,5,0,S17
LAB-123,Salud,SAL-LAB,Plataforma,historia,LAB-1,3,2025-08-04,2025-08-19,2025-09-01,hecho,13,0,S18
LAB-124,Salud,SAL-LAB,Plataforma,historia,LAB-1,5,2025-08-04,2025-08-28,2025-09-22,hecho,25,0,S19
LAB-125,Salud,SAL-LAB,Plataforma,tarea,LAB-1,2,2025-08-04,2025-08-28,2025-09-05,hecho,8,0,S18
LAB-126,Salud,SAL-LAB,Plataforma,historia,LAB-1,5,2025-08-04,2025-09-03,2025-09-10,hecho,7,0,S18
LAB-127,Salud,SAL-LAB,Plataforma,bug,LAB-1,1,2025-08-04,2025-09-05,2025-09-10,hecho,5,0,S18
LAB-128,Salud,SAL-LAB,Plataforma,historia,LAB-1,2,2025-08-04,2025-09-08,2025-09-18,hecho,10,0,S19
LAB-129,Salud,SAL-LAB,Plataforma,historia,LAB-1,5,2025-08-04,2025-09-09,2025-09-25,hecho,16,0,S19
LAB-130,Salud,SAL-LAB,Plataforma,historia,LAB-2,3,2025-08-04,2025-09-09,2025-09-23,hecho,14,0,S19
LAB-131,Salud,SAL-LAB,Plataforma,tarea,LAB-2,2,2025-08-04,2025-09-17,2025-09-29,hecho,12,0,S20
LAB-132,Salud,SAL-LAB,Plataforma,historia,LAB-2,2,2025-08-04,2025-09-22,2025-09-29,hecho,7,0,S20
LAB-133,Salud,SAL-LAB,Plataforma,historia,LAB-2,3,2025-08-04,2025-09-23,2025-10-08,hecho,15,48,S20
LAB-134,Salud,SAL-LAB,Plataforma,historia,LAB-3,2,2025-08-04,2025-09-25,2025-11-06,hecho,42,192,S22
LAB-135,Salud,SAL-LAB,Plataforma,tarea,LAB-3,2,2025-08-04,2025-09-26,2025-10-07,hecho,11,0,S20
LAB-136,Salud,SAL-LAB,Plataforma,bug,LAB-3,1,2025-08-04,2025-09-30,2025-10-03,hecho,3,0,S20
LAB-137,Salud,SAL-LAB,Plataforma,tarea,LAB-4,1,2025-08-04,2025-10-01,2025-10-20,hecho,19,88,S21
LAB-138,Salud,SAL-LAB,Plataforma,historia,LAB-4,3,2025-08-04,2025-10-02,2025-10-07,hecho,5,0,S20
LAB-139,Salud,SAL-LAB,Plataforma,tarea,LAB-4,3,2025-08-04,2025-10-02,2025-10-17,hecho,15,0,S21
LAB-140,Salud,SAL-LAB,Plataforma,historia,LAB-4,5,2025-08-04,2025-10-06,2025-10-16,hecho,10,0,S21
LAB-141,Salud,SAL-LAB,Plataforma,bug,LAB-4,2,2025-08-04,2025-10-07,2025-10-13,hecho,6,0,S21
LAB-142,Salud,SAL-LAB,Plataforma,historia,LAB-4,3,2025-08-04,2025-10-09,2025-12-04,hecho,56,280,S24
LAB-143,Salud,SAL-LAB,Plataforma,historia,LAB-5,2,2025-08-04,2025-10-13,2025-10-27,hecho,14,0,S22
LAB-144,Salud,SAL-LAB,Plataforma,tarea,LAB-5,1,2025-08-04,2025-10-17,2025-10-24,hecho,7,0,S21
LAB-145,Salud,SAL-LAB,Plataforma,historia,LAB-5,8,2025-08-04,2025-10-20,2025-11-24,hecho,35,0,S24
LAB-146,Salud,SAL-LAB,Plataforma,historia,LAB-5,8,2025-08-04,2025-10-20,2025-12-15,hecho,56,128,S25
LAB-147,Salud,SAL-LAB,Plataforma,bug,LAB-5,2,2025-08-04,2025-10-30,2025-11-11,hecho,12,0,S23
LAB-148,Salud,SAL-LAB,Plataforma,tarea,LAB-5,1,2025-08-04,2025-11-07,2025-11-12,hecho,5,0,S23
LAB-149,Salud,SAL-LAB,Plataforma,historia,LAB-5,2,2025-08-04,2025-11-07,2025-11-19,hecho,12,0,S23
LAB-150,Salud,SAL-LAB,Plataforma,historia,LAB-5,3,2025-08-04,2025-11-10,2025-11-20,hecho,10,0,S23
LAB-151,Salud,SAL-LAB,Plataforma,historia,LAB-5,3,2025-08-04,2025-11-12,2025-11-21,hecho,9,0,S23
LAB-152,Salud,SAL-LAB,Plataforma,historia,LAB-5,3,2025-08-04,2025-11-19,2025-11-28,hecho,9,0,S24
LAB-153,Salud,SAL-LAB,Plataforma,tarea,LAB-6,1,2025-08-04,2025-11-20,2025-12-01,hecho,11,32,S24
LAB-154,Salud,SAL-LAB,Plataforma,historia,LAB-6,3,2025-08-04,2025-11-20,2025-11-27,hecho,7,0,S24
LAB-155,Salud,SAL-LAB,Plataforma,historia,LAB-7,3,2025-08-04,2025-11-26,2025-12-16,hecho,20,0,S25
LAB-156,Salud,SAL-LAB,Plataforma,historia,LAB-7,3,2025-08-04,2025-12-02,2025-12-09,hecho,7,0,S25
LAB-157,Salud,SAL-LAB,Plataforma,bug,LAB-7,2,2025-08-04,2025-12-05,2025-12-17,hecho,12,0,S25
LAB-158,Salud,SAL-LAB,Plataforma,bug,LAB-7,1,2025-08-04,2025-12-12,2025-12-18,hecho,6,0,S25
LAB-159,Salud,SAL-LAB,Plataforma,historia,LAB-7,8,2025-08-04,2025-12-15,2025-12-29,hecho,14,0,S26
LAB-160,Salud,SAL-LAB,Plataforma,historia,LAB-7,8,2025-08-04,2025-12-24,2026-01-27,hecho,34,0,S28
LAB-161,Salud,SAL-LAB,Plataforma,historia,LAB-8,2,2025-08-04,2025-12-26,2026-01-02,hecho,7,0,S26
LAB-162,Salud,SAL-LAB,Plataforma,historia,LAB-8,5,2025-08-04,2025-12-26,2026-01-23,hecho,28,0,S28
LAB-163,Salud,SAL-LAB,Plataforma,bug,LAB-8,1,2025-08-04,2026-01-05,2026-01-07,hecho,2,0,S27
LAB-164,Salud,SAL-LAB,Plataforma,historia,LAB-8,2,2025-08-04,2026-01-07,2026-01-16,hecho,9,0,S27
LAB-165,Salud,SAL-LAB,Plataforma,tarea,LAB-8,2,2025-08-04,2026-01-13,2026-02-09,hecho,27,112,S29
LAB-166,Salud,SAL-LAB,Plataforma,tarea,LAB-9,3,2025-08-04,2026-01-15,2026-01-27,hecho,12,0,S28
LAB-167,Salud,SAL-LAB,Plataforma,historia,LAB-9,3,2025-08-04,2026-01-26,2026-02-05,hecho,10,0,S29
LAB-168,Salud,SAL-LAB,Plataforma,historia,LAB-9,2,2025-08-04,2026-01-28,2026-02-02,hecho,5,0,S29
LAB-169,Salud,SAL-LAB,Plataforma,historia,LAB-9,2,2025-08-04,2026-01-29,2026-02-06,hecho,8,0,S29
LAB-170,Salud,SAL-LAB,Plataforma,historia,LAB-9,3,2025-08-04,2026-02-02,2026-02-13,hecho,11,0,S29
LAB-171,Salud,SAL-LAB,Plataforma,historia,LAB-9,2,2025-08-04,2026-02-03,2026-02-11,hecho,8,0,S29
LAB-172,Salud,SAL-LAB,Plataforma,historia,LAB-9,3,2025-08-04,2026-02-09,2026-02-16,hecho,7,0,S30
LAB-173,Salud,SAL-LAB,Plataforma,bug,LAB-9,2,2025-08-04,2026-02-09,2026-02-17,hecho,8,0,S30
LAB-174,Salud,SAL-LAB,Plataforma,historia,LAB-9,3,2025-08-04,2026-02-11,2026-02-18,hecho,7,0,S30
LAB-175,Salud,SAL-LAB,Plataforma,historia,LAB-9,3,2025-08-04,2026-02-16,2026-03-03,hecho,15,0,S31
LAB-176,Salud,SAL-LAB,Plataforma,historia,LAB-9,8,2025-08-04,2026-02-19,2026-03-16,hecho,25,0,S32
LAB-177,Salud,SAL-LAB,Plataforma,historia,LAB-10,2,2025-08-04,2026-02-19,2026-03-04,hecho,13,0,S31
LAB-178,Salud,SAL-LAB,Plataforma,historia,LAB-10,3,2025-08-04,2026-02-26,2026-03-24,hecho,26,48,S32
LAB-179,Salud,SAL-LAB,Plataforma,historia,LAB-10,2,2025-08-04,2026-02-27,2026-03-03,hecho,4,0,S31
LAB-180,Salud,SAL-LAB,Plataforma,bug,LAB-10,2,2025-08-04,2026-03-02,2026-03-10,hecho,8,0,S31
LAB-181,Salud,SAL-LAB,Plataforma,historia,LAB-10,2,2025-08-04,2026-03-04,2026-03-19,hecho,15,0,S32
LAB-182,Salud,SAL-LAB,Plataforma,historia,LAB-10,5,2025-08-04,2026-03-13,2026-03-20,hecho,7,0,S32
LAB-183,Salud,SAL-LAB,Plataforma,historia,LAB-11,2,2025-08-04,2026-03-16,2026-03-20,hecho,4,0,S32
LAB-184,Salud,SAL-LAB,Plataforma,historia,LAB-11,5,2025-08-04,2026-03-19,2026-03-27,hecho,8,0,S32
LAB-185,Salud,SAL-LAB,Plataforma,tarea,LAB-11,1,2025-08-04,2026-03-19,2026-03-25,hecho,6,0,S32
LAB-186,Salud,SAL-LAB,Plataforma,historia,LAB-11,5,2025-08-04,2026-03-20,2026-03-27,hecho,7,0,S32
LAB-187,Salud,SAL-LAB,Plataforma,historia,LAB-11,2,2025-08-04,2026-03-20,2026-03-26,hecho,6,0,S32
LAB-188,Salud,SAL-LAB,Plataforma,bug,LAB-11,1,2025-08-04,2026-03-23,2026-03-30,hecho,7,0,S33
LAB-189,Salud,SAL-LAB,Plataforma,bug,LAB-11,2,2025-08-04,2026-03-25,2026-04-20,hecho,26,72,S34
LAB-190,Salud,SAL-LAB,Producto,historia,LAB-1,2,2025-08-04,2025-08-25,2025-09-05,hecho,11,0,S18
LAB-191,Salud,SAL-LAB,Producto,bug,LAB-1,2,2025-08-04,2025-08-25,2025-09-02,hecho,8,0,S18
LAB-192,Salud,SAL-LAB,Producto,historia,LAB-1,2,2025-08-04,2025-08-29,2025-09-04,hecho,6,0,S18
LAB-193,Salud,SAL-LAB,Producto,historia,LAB-1,3,2025-08-04,2025-09-01,2025-09-10,hecho,9,0,S18
LAB-194,Salud,SAL-LAB,Producto,historia,LAB-1,8,2025-08-04,2025-09-08,2025-09-25,hecho,17,0,S19
LAB-195,Salud,SAL-LAB,Producto,bug,LAB-1,2,2025-08-04,2025-09-23,2025-10-01,hecho,8,0,S20
LAB-196,Salud,SAL-LAB,Producto,historia,LAB-2,2,2025-08-04,2025-09-29,2025-10-06,hecho,7,0,S20
LAB-197,Salud,SAL-LAB,Producto,historia,LAB-2,8,2025-08-04,2025-10-03,2025-10-24,hecho,21,0,S21
LAB-198,Salud,SAL-LAB,Producto,historia,LAB-2,8,2025-08-04,2025-10-09,2025-11-05,hecho,27,0,S22
LAB-199,Salud,SAL-LAB,Producto,historia,LAB-2,5,2025-08-04,2025-10-13,2025-10-21,hecho,8,0,S21
LAB-200,Salud,SAL-LAB,Producto,historia,LAB-3,2,2025-08-04,2025-10-13,2025-10-21,hecho,8,0,S21
LAB-201,Salud,SAL-LAB,Producto,historia,LAB-4,3,2025-08-04,2025-10-22,2025-10-30,hecho,8,0,S22
LAB-202,Salud,SAL-LAB,Producto,historia,LAB-4,2,2025-08-04,2025-10-24,2025-10-29,hecho,5,0,S22
LAB-203,Salud,SAL-LAB,Producto,tarea,LAB-4,3,2025-08-04,2025-10-29,2025-11-05,hecho,7,0,S22
LAB-204,Salud,SAL-LAB,Producto,historia,LAB-4,2,2025-08-04,2025-10-29,2025-11-04,hecho,6,0,S22
LAB-205,Salud,SAL-LAB,Producto,historia,LAB-4,5,2025-08-04,2025-10-30,2025-12-03,hecho,34,0,S24
LAB-206,Salud,SAL-LAB,Producto,bug,LAB-4,1,2025-08-04,2025-10-31,2025-11-06,hecho,6,0,S22
LAB-207,Salud,SAL-LAB,Producto,historia,LAB-5,2,2025-08-04,2025-11-04,2025-11-10,hecho,6,0,S23
LAB-208,Salud,SAL-LAB,Producto,historia,LAB-5,3,2025-08-04,2025-11-05,2025-11-17,hecho,12,0,S23
LAB-209,Salud,SAL-LAB,Producto,historia,LAB-6,5,2025-08-04,2025-11-07,2025-11-21,hecho,14,0,S23
LAB-210,Salud,SAL-LAB,Producto,historia,LAB-6,3,2025-08-04,2025-11-13,2025-11-18,hecho,5,0,S23
LAB-211,Salud,SAL-LAB,Producto,bug,LAB-6,1,2025-08-04,2025-11-13,2025-11-20,hecho,7,0,S23
LAB-212,Salud,SAL-LAB,Producto,historia,LAB-6,2,2025-08-04,2025-11-18,2025-11-24,hecho,6,0,S24
LAB-213,Salud,SAL-LAB,Producto,bug,LAB-7,2,2025-08-04,2025-11-27,2025-12-02,hecho,5,0,S24
LAB-214,Salud,SAL-LAB,Producto,historia,LAB-7,8,2025-08-04,2025-11-27,2025-12-17,hecho,20,0,S25
LAB-215,Salud,SAL-LAB,Producto,historia,LAB-8,2,2025-08-04,2025-12-01,2025-12-17,hecho,16,0,S25
LAB-216,Salud,SAL-LAB,Producto,tarea,LAB-8,3,2025-08-04,2025-12-09,2025-12-18,hecho,9,0,S25
LAB-217,Salud,SAL-LAB,Producto,historia,LAB-9,3,2025-08-04,2025-12-24,2026-01-06,hecho,13,0,S27
LAB-218,Salud,SAL-LAB,Producto,historia,LAB-9,5,2025-08-04,2026-01-01,2026-03-16,hecho,74,328,S32
LAB-219,Salud,SAL-LAB,Producto,historia,LAB-9,5,2025-08-04,2026-01-02,2026-01-16,hecho,14,0,S27
LAB-220,Salud,SAL-LAB,Producto,bug,LAB-9,1,2025-08-04,2026-02-03,2026-02-04,hecho,1,0,S29
LAB-221,Salud,SAL-LAB,Producto,historia,LAB-9,5,2025-08-04,2026-02-04,2026-02-10,hecho,6,0,S29
LAB-222,Salud,SAL-LAB,Producto,bug,LAB-10,1,2025-08-04,2026-02-04,2026-04-01,hecho,56,288,S33
LAB-223,Salud,SAL-LAB,Producto,historia,LAB-10,2,2025-08-04,2026-02-04,2026-02-11,hecho,7,0,S29
LAB-224,Salud,SAL-LAB,Producto,historia,LAB-11,2,2025-08-04,2026-02-13,2026-02-19,hecho,6,0,S30
LAB-225,Salud,SAL-LAB,Producto,tarea,LAB-11,1,2025-08-04,2026-02-18,2026-02-23,hecho,5,0,S30
LAB-226,Salud,SAL-LAB,Producto,historia,LAB-11,5,2025-08-04,2026-02-26,2026-04-07,hecho,40,168,S33
LAB-227,Salud,SAL-LAB,QA,historia,LAB-1,2,2025-08-04,2025-08-08,2025-08-13,hecho,5,0,S16
LAB-228,Salud,SAL-LAB,QA,historia,LAB-1,3,2025-08-04,2025-08-15,2025-09-10,hecho,26,0,S18
LAB-229,Salud,SAL-LAB,QA,historia,LAB-1,5,2025-08-04,2025-09-08,2025-09-22,hecho,14,0,S19
LAB-230,Salud,SAL-LAB,QA,tarea,LAB-1,2,2025-08-04,2025-09-18,2025-09-24,hecho,6,0,S19
LAB-231,Salud,SAL-LAB,QA,historia,LAB-1,3,2025-08-04,2025-09-26,2025-10-07,hecho,11,0,S20
LAB-232,Salud,SAL-LAB,QA,historia,LAB-1,3,2025-08-04,2025-09-29,2025-10-27,hecho,28,0,S22
LAB-233,Salud,SAL-LAB,QA,historia,LAB-2,2,2025-08-04,2025-10-16,2025-10-24,hecho,8,0,S21
LAB-234,Salud,SAL-LAB,QA,historia,LAB-2,2,2025-08-04,2025-10-23,2025-10-30,hecho,7,0,S22
LAB-235,Salud,SAL-LAB,QA,historia,LAB-2,3,2025-08-04,2025-11-05,2025-11-20,hecho,15,0,S23
LAB-236,Salud,SAL-LAB,QA,historia,LAB-2,5,2025-08-04,2025-11-07,2025-11-25,hecho,18,0,S24
LAB-237,Salud,SAL-LAB,QA,historia,LAB-2,3,2025-08-04,2025-11-18,2025-12-09,hecho,21,0,S25
LAB-238,Salud,SAL-LAB,QA,bug,LAB-4,1,2025-08-04,2025-12-10,2025-12-16,hecho,6,0,S25
LAB-239,Salud,SAL-LAB,QA,historia,LAB-5,3,2025-08-04,2025-12-12,2025-12-25,hecho,13,0,S26
LAB-240,Salud,SAL-LAB,QA,historia,LAB-5,3,2025-08-04,2025-12-12,2025-12-22,hecho,10,0,S26
LAB-241,Salud,SAL-LAB,QA,historia,LAB-5,2,2025-08-04,2025-12-22,2025-12-31,hecho,9,0,S26
LAB-242,Salud,SAL-LAB,QA,bug,LAB-6,1,2025-08-04,2025-12-30,2026-01-02,hecho,3,0,S26
LAB-243,Salud,SAL-LAB,QA,historia,LAB-6,3,2025-08-04,2026-01-05,2026-01-12,hecho,7,0,S27
LAB-244,Salud,SAL-LAB,QA,historia,LAB-6,2,2025-08-04,2026-01-13,2026-01-19,hecho,6,0,S28
LAB-245,Salud,SAL-LAB,QA,historia,LAB-7,3,2025-08-04,2026-02-04,2026-02-13,hecho,9,0,S29
LAB-246,Salud,SAL-LAB,QA,tarea,LAB-7,3,2025-08-04,2026-02-10,2026-02-20,hecho,10,0,S30
LAB-247,Salud,SAL-LAB,QA,tarea,LAB-7,1,2025-08-04,2026-02-11,2026-02-18,hecho,7,0,S30
LAB-248,Salud,SAL-LAB,QA,historia,LAB-8,3,2025-08-04,2026-02-20,2026-03-03,hecho,11,0,S31
LAB-249,Salud,SAL-LAB,QA,historia,LAB-8,3,2025-08-04,2026-03-02,2026-03-10,hecho,8,0,S31
LAB-250,Salud,SAL-LAB,QA,tarea,LAB-8,1,2025-08-04,2026-03-03,2026-03-05,hecho,2,0,S31
LAB-251,Salud,SAL-LAB,QA,bug,LAB-8,1,2025-08-04,2026-03-05,2026-03-10,hecho,5,0,S31
LAB-252,Salud,SAL-LAB,QA,historia,LAB-8,3,2025-08-04,2026-03-05,2026-03-17,hecho,12,0,S32
LAB-253,Salud,SAL-LAB,QA,tarea,LAB-9,1,2025-08-04,2026-03-13,2026-03-25,hecho,12,0,S32
LAB-254,Salud,SAL-LAB,QA,bug,LAB-10,2,2025-08-04,2026-03-18,2026-03-23,hecho,5,0,S32
LAB-255,Salud,SAL-LAB,QA,tarea,LAB-10,1,2025-08-04,2026-03-20,2026-03-24,hecho,4,0,S32
LAB-256,Salud,SAL-LAB,QA,historia,LAB-10,3,2025-08-04,2026-03-24,2026-04-03,hecho,10,0,S33
LAB-257,Salud,SAL-LAB,QA,historia,LAB-11,8,2025-08-04,2026-04-23,2026-05-06,hecho,13,0,S35
LAB-258,Salud,SAL-LAB,QA,historia,LAB-11,5,2025-08-04,2026-05-05,2026-05-19,hecho,14,0,S36
