id_ot,id_activo,sede,id_contratista,clase,servicio,fecha_programada,fecha_inicio,fecha_cierre,estado,horas_ejecutadas,cantidad_ejecutada,horas_detencion
OT-000001,A-0001,Santiago,C11,Preventiva,Mantención preventiva,2025-01-01,2025-01-02,2025-01-02,Cerrada,1.5,1,0
OT-000002,A-0001,Santiago,C11,Preventiva,Mantención preventiva,2025-02-01,2025-02-05,2025-02-05,Cerrada,2.0,1,0
OT-000003,A-0001,Santiago,C11,Preventiva,Mantención preventiva,2025-03-01,2025-03-02,2025-03-02,Cerrada,2.5,1,0
OT-000004,A-0001,Santiago,C11,Preventiva,Mantención preventiva,2025-04-01,2025-04-06,2025-04-06,Cerrada,6.0,1,0
OT-000005,A-0001,Santiago,C11,Preventiva,Mantención preventiva,2025-05-01,2025-05-05,2025-05-05,Cerrada,5.5,1,0
OT-000006,A-0001,Santiago,C11,Preventiva,Mantención preventiva,2025-06-01,2025-06-03,2025-06-03,Cerrada,3.5,1,0
OT-000007,A-0001,Santiago,C11,Preventiva,Mantención preventiva,2025-07-01,2025-07-07,2025-07-07,Cerrada,3.5,1,0
OT-000008,A-0001,Santiago,C11,Preventiva,Mantención preventiva,2025-08-01,2025-08-04,2025-08-04,Cerrada,15.5,1,0
OT-000009,A-0001,Santiago,C11,Preventiva,Mantención preventiva,2025-09-01,2025-09-05,2025-09-05,Cerrada,2.5,1,0
OT-000010,A-0001,Santiago,C11,Preventiva,Mantención preventiva,2025-10-01,2025-10-03,2025-10-03,Cerrada,5.5,1,0
OT-000011,A-0001,Santiago,C11,Preventiva,Mantención preventiva,2025-11-01,2025-11-02,2025-11-02,Cerrada,3.5,1,0
OT-000012,A-0001,Santiago,C11,Preventiva,Mantención preventiva,2025-12-01,2025-12-02,2025-12-02,Cerrada,3.5,1,0
OT-000013,A-0001,Santiago,C11,Preventiva,Mantención preventiva,2026-01-01,2026-01-06,2026-01-06,Cerrada,6.0,1,0
OT-000014,A-0001,Santiago,C11,Preventiva,Mantención preventiva,2026-02-01,2026-02-06,2026-02-06,Cerrada,2.5,1,0
OT-000015,A-0001,Santiago,C11,Preventiva,Mantención preventiva,2026-03-01,2026-03-06,2026-03-06,Cerrada,5.5,1,0
OT-000016,A-0001,Santiago,C11,Preventiva,Mantención preventiva,2026-04-01,2026-04-07,2026-04-07,Cerrada,6.0,1,0
OT-000017,A-0001,Santiago,C11,Preventiva,Mantención preventiva,2026-05-01,2026-05-03,2026-05-03,Cerrada,4.0,1,0
OT-000018,A-0001,Santiago,C11,Preventiva,Mantención preventiva,2026-06-01,2026-06-05,2026-06-05,Cerrada,7.0,1,0
OT-000019,A-0001,Santiago,C11,Preventiva,Mantención preventiva,2026-07-01,2026-07-04,2026-07-04,Cerrada,12.0,1,0
OT-000020,A-0001,Santiago,C11,Preventiva,Mantención preventiva,2026-08-01,2026-08-02,2026-08-02,Cerrada,2.5,1,0
OT-000021,A-0001,Santiago,C11,Preventiva,Mantención preventiva,2026-09-01,2026-09-05,2026-09-05,Cerrada,3.5,1,0
OT-000022,A-0001,Santiago,C11,Preventiva,Mantención preventiva,2026-10-01,2026-10-02,2026-10-02,Cerrada,4.5,1,0
OT-000023,A-0001,Santiago,C11,Preventiva,Mantención preventiva,2026-11-01,2026-11-01,2026-11-01,Cerrada,3.0,1,0
OT-000024,A-0001,Santiago,C11,Preventiva,Mantención preventiva,2026-12-01,2026-12-05,2026-12-05,Cerrada,2.0,1,0
OT-000025,A-0001,Santiago,C11,Correctiva,Reparación correctiva,2025-09-07,2025-09-08,2025-09-08,Cerrada,12.5,12.5,19.8
OT-000026,A-0001,Santiago,C11,Correctiva,Reparación correctiva,2025-09-21,2025-09-22,2025-09-22,Cerrada,4.5,4.5,12.9
OT-000027,A-0001,Santiago,C11,Correctiva,Reparación correctiva,2025-10-19,2025-10-19,2025-10-20,Cerrada,14.0,14.0,25.5
OT-000028,A-0001,Santiago,C11,Correctiva,Reparación correctiva,2025-11-19,2025-11-19,2025-11-19,Cerrada,5.0,5.0,8.8
OT-000029,A-0001,Santiago,C11,Correctiva,Reparación correctiva,2025-12-31,2025-12-31,2026-01-01,Cerrada,14.5,14.5,18.0
OT-000030,A-0001,Santiago,C11,Correctiva,Reparación correctiva,2026-03-09,2026-03-09,2026-03-09,Cerrada,7.0,7.0,14.3
OT-000031,A-0001,Santiago,C11,Correctiva,Reparación correctiva,2026-06-12,2026-06-12,2026-06-12,Cerrada,4.0,4.0,15.5
OT-000032,A-0001,Santiago,C11,Correctiva,Reparación correctiva,2026-06-15,2026-06-15,2026-06-16,Cerrada,11.5,11.5,21.1
OT-000033,A-0001,Santiago,C11,Correctiva,Reparación correctiva,2026-07-14,2026-07-14,2026-07-14,Cerrada,8.0,8.0,15.5
OT-000034,A-0001,Santiago,C11,Correctiva,Reparación correctiva,2026-08-18,2026-08-18,2026-08-18,Cerrada,5.5,5.5,14.8
OT-000035,A-0002,Santiago,C11,Preventiva,Mantención preventiva,2025-01-15,2025-01-18,2025-01-18,Cerrada,2.5,1,0
OT-000036,A-0002,Santiago,C11,Preventiva,Mantención preventiva,2025-02-15,2025-02-19,2025-02-19,Cerrada,5.0,1,0
OT-000037,A-0002,Santiago,C11,Preventiva,Mantención preventiva,2025-03-15,2025-03-20,2025-03-20,Cerrada,5.0,1,0
OT-000038,A-0002,Santiago,C11,Preventiva,Mantención preventiva,2025-04-15,2025-04-21,2025-04-21,Cerrada,3.0,1,0
OT-000039,A-0002,Santiago,C11,Preventiva,Mantención preventiva,2025-05-15,2025-05-18,2025-05-18,Cerrada,3.0,1,0
OT-000040,A-0002,Santiago,C11,Preventiva,Mantención preventiva,2025-06-15,2025-07-23,2025-07-23,Cerrada,2.5,1,0
OT-000041,A-0002,Santiago,C11,Preventiva,Mantención preventiva,2025-07-15,2025-07-15,2025-07-15,Cerrada,2.0,1,0
OT-000042,A-0002,Santiago,C11,Preventiva,Mantención preventiva,2025-08-15,2025-08-18,2025-08-18,Cerrada,6.5,1,0
OT-000043,A-0002,Santiago,C11,Preventiva,Mantención preventiva,2025-09-15,2025-09-20,2025-09-20,Cerrada,1.5,1,0
OT-000044,A-0002,Santiago,C11,Preventiva,Mantención preventiva,2025-10-15,2025-10-16,2025-10-16,Cerrada,4.5,1,0
OT-000045,A-0002,Santiago,C11,Preventiva,Mantención preventiva,2025-11-15,2025-11-18,2025-11-18,Cerrada,3.0,1,0
OT-000046,A-0002,Santiago,C11,Preventiva,Mantención preventiva,2025-12-15,2025-12-15,2025-12-15,Cerrada,6.0,1,0
OT-000047,A-0002,Santiago,C11,Preventiva,Mantención preventiva,2026-01-15,2026-01-15,2026-01-15,Cerrada,2.5,1,0
OT-000048,A-0002,Santiago,C11,Preventiva,Mantención preventiva,2026-02-15,2026-02-18,2026-02-18,Cerrada,7.0,1,0
OT-000049,A-0002,Santiago,C11,Preventiva,Mantención preventiva,2026-03-15,2026-03-18,2026-03-18,Cerrada,1.5,1,0
OT-000050,A-0002,Santiago,C11,Preventiva,Mantención preventiva,2026-04-15,2026-04-18,2026-04-18,Cerrada,8.5,1,0
OT-000051,A-0002,Santiago,C11,Preventiva,Mantención preventiva,2026-05-15,2026-05-20,2026-05-20,Cerrada,5.5,1,0
OT-000052,A-0002,Santiago,C11,Preventiva,Mantención preventiva,2026-06-15,2026-06-15,2026-06-15,Cerrada,5.0,1,0
OT-000053,A-0002,Santiago,C11,Preventiva,Mantención preventiva,2026-07-15,2026-07-15,2026-07-15,Cerrada,2.0,1,0
OT-000054,A-0002,Santiago,C11,Preventiva,Mantención preventiva,2026-08-15,2026-08-19,2026-08-19,Cerrada,2.5,1,0
OT-000055,A-0002,Santiago,C11,Preventiva,Mantención preventiva,2026-09-15,2026-09-20,2026-09-20,Cerrada,7.5,1,0
OT-000056,A-0002,Santiago,C11,Preventiva,Mantención preventiva,2026-10-15,2026-11-07,2026-11-07,Cerrada,4.5,1,0
OT-000057,A-0002,Santiago,C11,Preventiva,Mantención preventiva,2026-11-15,2026-11-20,2026-11-20,Cerrada,5.0,1,0
OT-000058,A-0002,Santiago,C11,Preventiva,Mantención preventiva,2026-12-15,,,Abierta,0,0,0
OT-000059,A-0002,Santiago,C11,Correctiva,Reparación correctiva,2025-01-14,2025-01-15,2025-01-15,Cerrada,11.0,11.0,14.3
OT-000060,A-0002,Santiago,C11,Correctiva,Reparación correctiva,2025-05-13,2025-05-14,2025-05-14,Cerrada,9.0,9.0,20.4
OT-000061,A-0002,Santiago,C11,Correctiva,Reparación correctiva,2025-06-17,2025-06-17,2025-06-18,Cerrada,5.0,5.0,12.1
OT-000062,A-0002,Santiago,C11,Correctiva,Reparación correctiva,2025-06-20,2025-06-21,2025-06-21,Cerrada,6.0,6.0,10.4
OT-000063,A-0002,Santiago,C11,Correctiva,Reparación correctiva,2025-07-26,2025-07-26,2025-07-26,Cerrada,9.5,9.5,14.5
OT-000064,A-0002,Santiago,C11,Correctiva,Reparación correctiva,2025-08-31,2025-08-31,2025-09-01,Cerrada,11.5,11.5,22.8
OT-000065,A-0002,Santiago,C11,Correctiva,Reparación correctiva,2025-09-15,2025-09-15,2025-09-15,Cerrada,5.5,5.5,9.6
OT-000066,A-0002,Santiago,C11,Correctiva,Reparación correctiva,2025-12-10,2025-12-10,2025-12-11,Cerrada,7.0,7.0,14.1
OT-000067,A-0002,Santiago,C11,Correctiva,Reparación correctiva,2026-06-04,2026-06-04,2026-06-04,Cerrada,7.0,7.0,10.6
OT-000068,A-0002,Santiago,C11,Correctiva,Reparación correctiva,2026-07-11,2026-07-11,2026-07-11,Cerrada,6.5,6.5,9.6
OT-000069,A-0002,Santiago,C11,Correctiva,Reparación correctiva,2026-08-05,2026-08-05,2026-08-05,Cerrada,5.5,5.5,7.9
OT-000070,A-0002,Santiago,C11,Correctiva,Reparación correctiva,2026-09-24,2026-09-24,2026-09-24,Cerrada,13.5,13.5,19.0
OT-000071,A-0003,Santiago,C11,Preventiva,Mantención preventiva,2025-01-08,2025-01-14,2025-01-14,Cerrada,6.5,1,0
OT-000072,A-0003,Santiago,C11,Preventiva,Mantención preventiva,2025-02-08,2025-02-08,2025-02-08,Cerrada,4.0,1,0
OT-000073,A-0003,Santiago,C11,Preventiva,Mantención preventiva,2025-03-08,2025-03-09,2025-03-09,Cerrada,7.5,1,0
OT-000074,A-0003,Santiago,C11,Preventiva,Mantención preventiva,2025-04-08,2025-04-14,2025-04-14,Cerrada,6.5,1,0
OT-000075,A-0003,Santiago,C11,Preventiva,Mantención preventiva,2025-05-08,2025-05-11,2025-05-11,Cerrada,1.5,1,0
OT-000076,A-0003,Santiago,C11,Preventiva,Mantención preventiva,2025-06-08,2025-07-03,2025-07-03,Cerrada,3.0,1,0
OT-000077,A-0003,Santiago,C11,Preventiva,Mantención preventiva,2025-07-08,2025-07-14,2025-07-14,Cerrada,7.5,1,0
OT-000078,A-0003,Santiago,C11,Preventiva,Mantención preventiva,2025-08-08,2025-08-10,2025-08-10,Cerrada,3.5,1,0
OT-000079,A-0003,Santiago,C11,Preventiva,Mantención preventiva,2025-09-08,2025-09-13,2025-09-13,Cerrada,7.0,1,0
OT-000080,A-0003,Santiago,C11,Preventiva,Mantención preventiva,2025-10-08,,,Abierta,0,0,0
OT-000081,A-0003,Santiago,C11,Preventiva,Mantención preventiva,2025-11-08,2025-11-12,2025-11-12,Cerrada,4.0,1,0
OT-000082,A-0003,Santiago,C11,Preventiva,Mantención preventiva,2025-12-08,2025-12-13,2025-12-13,Cerrada,9.5,1,0
OT-000083,A-0003,Santiago,C11,Preventiva,Mantención preventiva,2026-01-08,2026-01-10,2026-01-10,Cerrada,1.0,1,0
OT-000084,A-0003,Santiago,C11,Preventiva,Mantención preventiva,2026-02-08,2026-03-08,2026-03-08,Cerrada,5.0,1,0
OT-000085,A-0003,Santiago,C11,Preventiva,Mantención preventiva,2026-03-08,2026-03-12,2026-03-12,Cerrada,3.0,1,0
OT-000086,A-0003,Santiago,C11,Preventiva,Mantención preventiva,2026-04-08,2026-04-10,2026-04-10,Cerrada,4.5,1,0
OT-000087,A-0003,Santiago,C11,Preventiva,Mantención preventiva,2026-05-08,2026-05-11,2026-05-11,Cerrada,5.0,1,0
OT-000088,A-0003,Santiago,C11,Preventiva,Mantención preventiva,2026-06-08,2026-06-08,2026-06-08,Cerrada,3.5,1,0
OT-000089,A-0003,Santiago,C11,Preventiva,Mantención preventiva,2026-07-08,2026-07-12,2026-07-12,Cerrada,5.5,1,0
OT-000090,A-0003,Santiago,C11,Preventiva,Mantención preventiva,2026-08-08,2026-08-09,2026-08-09,Cerrada,4.5,1,0
OT-000091,A-0003,Santiago,C11,Preventiva,Mantención preventiva,2026-09-08,2026-09-26,2026-09-26,Cerrada,5.5,1,0
OT-000092,A-0003,Santiago,C11,Preventiva,Mantención preventiva,2026-10-08,2026-10-12,2026-10-12,Cerrada,2.0,1,0
OT-000093,A-0003,Santiago,C11,Preventiva,Mantención preventiva,2026-11-08,2026-11-13,2026-11-13,Cerrada,1.5,1,0
OT-000094,A-0003,Santiago,C11,Preventiva,Mantención preventiva,2026-12-08,2026-12-08,2026-12-08,Cerrada,2.5,1,0
OT-000095,A-0003,Santiago,C11,Correctiva,Reparación correctiva,2025-03-27,2025-03-27,2025-03-27,Cerrada,7.0,7.0,9.7
OT-000096,A-0003,Santiago,C11,Correctiva,Reparación correctiva,2025-04-06,2025-04-06,2025-04-06,Cerrada,8.5,8.5,17.5
OT-000097,A-0003,Santiago,C11,Correctiva,Reparación correctiva,2025-05-24,2025-05-24,2025-05-25,Cerrada,24.0,24.0,26.1
OT-000098,A-0003,Santiago,C11,Correctiva,Reparación correctiva,2025-05-29,2025-05-29,2025-05-29,Cerrada,9.0,9.0,15.3
OT-000099,A-0003,Santiago,C11,Correctiva,Reparación correctiva,2025-06-11,2025-06-11,2025-06-11,Cerrada,7.0,7.0,17.5
OT-000100,A-0003,Santiago,C11,Correctiva,Reparación correctiva,2025-07-30,2025-07-31,2025-08-02,Cerrada,52.0,52.0,63.9
OT-000101,A-0003,Santiago,C11,Correctiva,Reparación correctiva,2025-11-07,2025-11-07,2025-11-08,Cerrada,13.0,13.0,21.1
OT-000102,A-0003,Santiago,C11,Correctiva,Reparación correctiva,2026-01-26,2026-01-26,2026-01-27,Cerrada,8.5,8.5,16.0
OT-000103,A-0003,Santiago,C11,Correctiva,Reparación correctiva,2026-02-08,2026-02-08,2026-02-09,Cerrada,14.5,14.5,22.9
OT-000104,A-0003,Santiago,C11,Correctiva,Reparación correctiva,2026-03-24,2026-03-24,2026-03-24,Cerrada,5.0,5.0,9.7
OT-000105,A-0003,Santiago,C11,Correctiva,Reparación correctiva,2026-04-07,2026-04-07,2026-04-08,Cerrada,9.0,9.0,14.2
OT-000106,A-0003,Santiago,C11,Correctiva,Reparación correctiva,2026-04-19,2026-04-19,2026-04-20,Cerrada,10.5,10.5,19.4
OT-000107,A-0003,Santiago,C11,Correctiva,Reparación correctiva,2026-05-13,2026-05-13,2026-05-13,Cerrada,8.0,8.0,15.4
OT-000108,A-0003,Santiago,C11,Correctiva,Reparación correctiva,2026-06-06,2026-06-07,2026-06-07,Cerrada,11.0,11.0,22.0
OT-000109,A-0003,Santiago,C11,Correctiva,Reparación correctiva,2026-09-02,2026-09-02,2026-09-02,Cerrada,5.0,5.0,14.7
OT-000110,A-0003,Santiago,C11,Correctiva,Reparación correctiva,2026-11-27,2026-11-28,2026-11-28,Cerrada,6.5,6.5,18.0
OT-000111,A-0004,Santiago,C11,Preventiva,Mantención preventiva,2025-01-16,2025-01-19,2025-01-19,Cerrada,4.0,1,0
OT-000112,A-0004,Santiago,C11,Preventiva,Mantención preventiva,2025-02-16,2025-02-22,2025-02-22,Cerrada,4.0,1,0
OT-000113,A-0004,Santiago,C11,Preventiva,Mantención preventiva,2025-03-16,2025-03-17,2025-03-17,Cerrada,11.0,1,0
OT-000114,A-0004,Santiago,C11,Preventiva,Mantención preventiva,2025-04-16,2025-04-16,2025-04-16,Cerrada,5.0,1,0
OT-000115,A-0004,Santiago,C11,Preventiva,Mantención preventiva,2025-05-16,2025-05-16,2025-05-16,Cerrada,3.0,1,0
OT-000116,A-0004,Santiago,C11,Preventiva,Mantención preventiva,2025-06-16,2025-06-18,2025-06-18,Cerrada,6.5,1,0
OT-000117,A-0004,Santiago,C11,Preventiva,Mantención preventiva,2025-07-16,2025-07-22,2025-07-22,Cerrada,2.5,1,0
OT-000118,A-0004,Santiago,C11,Preventiva,Mantención preventiva,2025-08-16,2025-08-21,2025-08-21,Cerrada,3.0,1,0
OT-000119,A-0004,Santiago,C11,Preventiva,Mantención preventiva,2025-09-16,2025-09-21,2025-09-21,Cerrada,1.0,1,0
OT-000120,A-0004,Santiago,C11,Preventiva,Mantención preventiva,2025-10-16,2025-10-17,2025-10-17,Cerrada,1.5,1,0
OT-000121,A-0004,Santiago,C11,Preventiva,Mantención preventiva,2025-11-16,2025-11-17,2025-11-17,Cerrada,4.0,1,0
OT-000122,A-0004,Santiago,C11,Preventiva,Mantención preventiva,2025-12-16,2025-12-20,2025-12-20,Cerrada,6.5,1,0
OT-000123,A-0004,Santiago,C11,Preventiva,Mantención preventiva,2026-01-16,2026-01-22,2026-01-22,Cerrada,2.5,1,0
OT-000124,A-0004,Santiago,C11,Preventiva,Mantención preventiva,2026-02-16,2026-02-18,2026-02-18,Cerrada,9.5,1,0
OT-000125,A-0004,Santiago,C11,Preventiva,Mantención preventiva,2026-03-16,2026-03-21,2026-03-21,Cerrada,2.0,1,0
OT-000126,A-0004,Santiago,C11,Preventiva,Mantención preventiva,2026-04-16,2026-04-17,2026-04-17,Cerrada,10.0,1,0
OT-000127,A-0004,Santiago,C11,Preventiva,Mantención preventiva,2026-05-16,2026-05-20,2026-05-20,Cerrada,6.5,1,0
OT-000128,A-0004,Santiago,C11,Preventiva,Mantención preventiva,2026-06-16,2026-06-18,2026-06-18,Cerrada,2.0,1,0
OT-000129,A-0004,Santiago,C11,Preventiva,Mantención preventiva,2026-07-16,2026-07-19,2026-07-19,Cerrada,12.5,1,0
OT-000130,A-0004,Santiago,C11,Preventiva,Mantención preventiva,2026-08-16,2026-08-21,2026-08-21,Cerrada,4.5,1,0
OT-000131,A-0004,Santiago,C11,Preventiva,Mantención preventiva,2026-09-16,2026-09-20,2026-09-20,Cerrada,7.0,1,0
OT-000132,A-0004,Santiago,C11,Preventiva,Mantención preventiva,2026-10-16,2026-10-20,2026-10-20,Cerrada,1.0,1,0
OT-000133,A-0004,Santiago,C11,Preventiva,Mantención preventiva,2026-11-16,2026-11-16,2026-11-16,Cerrada,3.0,1,0
OT-000134,A-0004,Santiago,C11,Preventiva,Mantención preventiva,2026-12-16,2026-12-20,2026-12-20,Cerrada,5.0,1,0
OT-000135,A-0004,Santiago,C11,Correctiva,Reparación correctiva,2025-01-02,2025-01-02,2025-01-02,Cerrada,6.0,6.0,16.5
OT-000136,A-0004,Santiago,C11,Correctiva,Reparación correctiva,2025-03-15,2025-03-15,2025-03-16,Cerrada,28.5,28.5,33.9
OT-000137,A-0004,Santiago,C11,Correctiva,Reparación correctiva,2025-03-29,2025-03-29,2025-03-30,Cerrada,13.0,13.0,15.1
OT-000138,A-0004,Santiago,C11,Correctiva,Reparación correctiva,2025-06-01,2025-06-02,2025-06-02,Cerrada,11.5,11.5,20.4
OT-000139,A-0004,Santiago,C11,Correctiva,Reparación correctiva,2025-08-11,2025-08-11,2025-08-11,Cerrada,3.5,3.5,6.4
OT-000140,A-0004,Santiago,C11,Correctiva,Reparación correctiva,2025-08-27,2025-08-28,2025-08-28,Cerrada,8.0,8.0,15.8
OT-000141,A-0004,Santiago,C11,Correctiva,Reparación correctiva,2025-09-21,2025-09-22,2025-09-22,Cerrada,5.0,5.0,14.5
OT-000142,A-0004,Santiago,C11,Correctiva,Reparación correctiva,2025-10-06,2025-10-06,2025-10-06,Cerrada,5.5,5.5,10.0
OT-000143,A-0004,Santiago,C11,Correctiva,Reparación correctiva,2025-10-11,2025-10-12,2025-10-12,Cerrada,11.5,11.5,18.9
OT-000144,A-0004,Santiago,C11,Correctiva,Reparación correctiva,2025-10-22,2025-10-23,2025-10-23,Cerrada,9.0,9.0,15.8
OT-000145,A-0004,Santiago,C11,Correctiva,Reparación correctiva,2025-10-27,2025-10-27,2025-10-28,Cerrada,6.5,6.5,10.4
OT-000146,A-0004,Santiago,C11,Correctiva,Reparación correctiva,2025-10-28,2025-10-28,2025-10-29,Cerrada,10.0,10.0,17.3
OT-000147,A-0004,Santiago,C11,Correctiva,Reparación correctiva,2025-11-03,2025-11-04,2025-11-04,Cerrada,8.0,8.0,18.7
OT-000148,A-0004,Santiago,C11,Correctiva,Reparación correctiva,2025-12-12,2025-12-12,2025-12-12,Cerrada,8.0,8.0,14.7
OT-000149,A-0004,Santiago,C11,Correctiva,Reparación correctiva,2025-12-14,2025-12-14,2025-12-15,Cerrada,7.5,7.5,18.9
OT-000150,A-0004,Santiago,C11,Correctiva,Reparación correctiva,2026-01-06,2026-01-06,2026-01-07,Cerrada,10.0,10.0,12.7
OT-000151,A-0004,Santiago,C11,Correctiva,Reparación correctiva,2026-01-13,2026-01-14,2026-01-14,Cerrada,14.0,14.0,21.6
OT-000152,A-0004,Santiago,C11,Correctiva,Reparación correctiva,2026-01-25,2026-01-25,2026-01-25,Cerrada,8.0,8.0,15.2
OT-000153,A-0004,Santiago,C11,Correctiva,Reparación correctiva,2026-04-23,2026-04-24,2026-04-24,Cerrada,5.5,5.5,17.4
OT-000154,A-0004,Santiago,C11,Correctiva,Reparación correctiva,2026-06-05,2026-06-05,2026-06-05,Cerrada,4.0,4.0,13.4
OT-000155,A-0004,Santiago,C11,Correctiva,Reparación correctiva,2026-06-12,2026-06-12,2026-06-13,Cerrada,7.5,7.5,11.2
OT-000156,A-0004,Santiago,C11,Correctiva,Reparación correctiva,2026-06-28,2026-06-28,2026-06-29,Cerrada,16.5,16.5,20.8
OT-000157,A-0004,Santiago,C11,Correctiva,Reparación correctiva,2026-07-25,2026-07-25,2026-07-26,Cerrada,12.0,12.0,20.9
OT-000158,A-0004,Santiago,C11,Correctiva,Reparación correctiva,2026-11-24,2026-11-24,2026-11-25,Cerrada,9.5,9.5,15.8
OT-000159,A-0005,Concepción,C11,Preventiva,Mantención preventiva,2025-01-03,2025-01-09,2025-01-09,Cerrada,2.0,1,0
OT-000160,A-0005,Concepción,C11,Preventiva,Mantención preventiva,2025-02-03,2025-02-05,2025-02-05,Cerrada,4.0,1,0
OT-000161,A-0005,Concepción,C11,Preventiva,Mantención preventiva,2025-03-03,2025-03-06,2025-03-06,Cerrada,10.0,1,0
OT-000162,A-0005,Concepción,C11,Preventiva,Mantención preventiva,2025-04-03,2025-04-03,2025-04-03,Cerrada,10.0,1,0
OT-000163,A-0005,Concepción,C11,Preventiva,Mantención preventiva,2025-05-03,2025-05-07,2025-05-07,Cerrada,3.5,1,0
OT-000164,A-0005,Concepción,C11,Preventiva,Mantención preventiva,2025-06-03,2025-06-12,2025-06-12,Cerrada,7.0,1,0
OT-000165,A-0005,Concepción,C11,Preventiva,Mantención preventiva,2025-07-03,2025-07-05,2025-07-05,Cerrada,2.0,1,0
OT-000166,A-0005,Concepción,C11,Preventiva,Mantención preventiva,2025-08-03,2025-08-06,2025-08-06,Cerrada,10.0,1,0
OT-000167,A-0005,Concepción,C11,Preventiva,Mantención preventiva,2025-09-03,2025-09-05,2025-09-05,Cerrada,13.5,1,0
OT-000168,A-0005,Concepción,C11,Preventiva,Mantención preventiva,2025-10-03,2025-10-08,2025-10-08,Cerrada,4.0,1,0
OT-000169,A-0005,Concepción,C11,Preventiva,Mantención preventiva,2025-11-03,2025-11-09,2025-11-09,Cerrada,4.5,1,0
OT-000170,A-0005,Concepción,C11,Preventiva,Mantención preventiva,2025-12-03,2025-12-05,2025-12-05,Cerrada,4.0,1,0
OT-000171,A-0005,Concepción,C11,Preventiva,Mantención preventiva,2026-01-03,2026-01-07,2026-01-07,Cerrada,8.0,1,0
OT-000172,A-0005,Concepción,C11,Preventiva,Mantención preventiva,2026-02-03,2026-02-04,2026-02-04,Cerrada,3.5,1,0
OT-000173,A-0005,Concepción,C11,Preventiva,Mantención preventiva,2026-03-03,2026-03-08,2026-03-08,Cerrada,4.0,1,0
OT-000174,A-0005,Concepción,C11,Preventiva,Mantención preventiva,2026-04-03,2026-04-09,2026-04-09,Cerrada,3.0,1,0
OT-000175,A-0005,Concepción,C11,Preventiva,Mantención preventiva,2026-05-03,2026-05-07,2026-05-07,Cerrada,4.0,1,0
OT-000176,A-0005,Concepción,C11,Preventiva,Mantención preventiva,2026-06-03,2026-06-03,2026-06-03,Cerrada,4.0,1,0
OT-000177,A-0005,Concepción,C11,Preventiva,Mantención preventiva,2026-07-03,2026-07-06,2026-07-06,Cerrada,7.5,1,0
OT-000178,A-0005,Concepción,C11,Preventiva,Mantención preventiva,2026-08-03,2026-08-06,2026-08-06,Cerrada,2.5,1,0
OT-000179,A-0005,Concepción,C11,Preventiva,Mantención preventiva,2026-09-03,2026-09-07,2026-09-07,Cerrada,4.5,1,0
OT-000180,A-0005,Concepción,C11,Preventiva,Mantención preventiva,2026-10-03,2026-10-05,2026-10-05,Cerrada,2.0,1,0
OT-000181,A-0005,Concepción,C11,Preventiva,Mantención preventiva,2026-11-03,2026-11-03,2026-11-03,Cerrada,3.0,1,0
OT-000182,A-0005,Concepción,C11,Preventiva,Mantención preventiva,2026-12-03,2026-12-08,2026-12-08,Cerrada,4.0,1,0
OT-000183,A-0005,Concepción,C11,Correctiva,Reparación correctiva,2025-02-04,2025-02-05,2025-02-05,Cerrada,9.5,9.5,15.0
OT-000184,A-0005,Concepción,C11,Correctiva,Reparación correctiva,2025-03-04,2025-03-04,2025-03-04,Cerrada,3.5,3.5,8.7
OT-000185,A-0005,Concepción,C11,Correctiva,Reparación correctiva,2025-04-11,2025-04-11,2025-04-12,Cerrada,19.0,19.0,23.3
OT-000186,A-0005,Concepción,C11,Correctiva,Reparación correctiva,2025-06-25,2025-06-25,2025-06-26,Cerrada,20.5,20.5,26.4
OT-000187,A-0005,Concepción,C11,Correctiva,Reparación correctiva,2025-12-20,2025-12-20,2025-12-20,Cerrada,3.5,3.5,10.5
OT-000188,A-0005,Concepción,C11,Correctiva,Reparación correctiva,2026-01-29,2026-01-29,2026-01-30,Cerrada,16.0,16.0,26.7
OT-000189,A-0005,Concepción,C11,Correctiva,Reparación correctiva,2026-03-04,2026-03-04,2026-03-04,Cerrada,12.5,12.5,19.1
OT-000190,A-0005,Concepción,C11,Correctiva,Reparación correctiva,2026-04-20,2026-04-21,2026-04-21,Cerrada,3.5,3.5,7.0
OT-000191,A-0005,Concepción,C11,Correctiva,Reparación correctiva,2026-05-09,2026-05-09,2026-05-10,Cerrada,22.5,22.5,31.4
OT-000192,A-0005,Concepción,C11,Correctiva,Reparación correctiva,2026-08-03,2026-08-04,2026-08-04,Cerrada,7.5,7.5,18.1
OT-000193,A-0005,Concepción,C11,Correctiva,Reparación correctiva,2026-09-29,2026-09-30,2026-09-30,Cerrada,13.0,13.0,22.6
OT-000194,A-0005,Concepción,C11,Correctiva,Reparación correctiva,2026-10-04,2026-10-04,2026-10-05,Cerrada,16.0,16.0,24.3
OT-000195,A-0005,Concepción,C11,Correctiva,Reparación correctiva,2026-11-26,2026-11-27,2026-11-27,Cerrada,6.5,6.5,17.5
OT-000196,A-0005,Concepción,C11,Correctiva,Reparación correctiva,2026-12-03,2026-12-03,2026-12-04,Cerrada,11.5,11.5,18.8
OT-000197,A-0005,Concepción,C11,Correctiva,Reparación correctiva,2026-12-12,2026-12-12,2026-12-13,Cerrada,21.5,21.5,24.3
OT-000198,A-0005,Concepción,C11,Correctiva,Reparación correctiva,2026-12-24,2026-12-24,2026-12-25,Cerrada,4.5,4.5,15.6
OT-000199,A-0006,Concepción,C11,Preventiva,Mantención preventiva,2025-01-22,2025-01-28,2025-01-28,Cerrada,4.0,1,0
OT-000200,A-0006,Concepción,C11,Preventiva,Mantención preventiva,2025-02-22,2025-02-22,2025-02-22,Cerrada,4.0,1,0
OT-000201,A-0006,Concepción,C11,Preventiva,Mantención preventiva,2025-03-22,2025-03-27,2025-03-27,Cerrada,4.0,1,0
OT-000202,A-0006,Concepción,C11,Preventiva,Mantención preventiva,2025-04-22,,,Abierta,0,0,0
OT-000203,A-0006,Concepción,C11,Preventiva,Mantención preventiva,2025-05-22,2025-05-22,2025-05-22,Cerrada,2.5,1,0
OT-000204,A-0006,Concepción,C11,Preventiva,Mantención preventiva,2025-06-22,2025-06-27,2025-06-27,Cerrada,5.5,1,0
OT-000205,A-0006,Concepción,C11,Preventiva,Mantención preventiva,2025-07-22,2025-07-27,2025-07-27,Cerrada,6.0,1,0
OT-000206,A-0006,Concepción,C11,Preventiva,Mantención preventiva,2025-08-22,2025-08-23,2025-08-23,Cerrada,6.0,1,0
OT-000207,A-0006,Concepción,C11,Preventiva,Mantención preventiva,2025-09-22,2025-09-27,2025-09-27,Cerrada,9.5,1,0
OT-000208,A-0006,Concepción,C11,Preventiva,Mantención preventiva,2025-10-22,2025-10-22,2025-10-22,Cerrada,12.5,1,0
OT-000209,A-0006,Concepción,C11,Preventiva,Mantención preventiva,2025-11-22,2025-11-25,2025-11-25,Cerrada,2.0,1,0
OT-000210,A-0006,Concepción,C11,Preventiva,Mantención preventiva,2025-12-22,2025-12-24,2025-12-24,Cerrada,3.0,1,0
OT-000211,A-0006,Concepción,C11,Preventiva,Mantención preventiva,2026-01-22,2026-01-28,2026-01-28,Cerrada,16.0,1,0
OT-000212,A-0006,Concepción,C11,Preventiva,Mantención preventiva,2026-02-22,2026-02-24,2026-02-24,Cerrada,6.5,1,0
OT-000213,A-0006,Concepción,C11,Preventiva,Mantención preventiva,2026-03-22,2026-03-25,2026-03-25,Cerrada,8.0,1,0
OT-000214,A-0006,Concepción,C11,Preventiva,Mantención preventiva,2026-04-22,2026-04-28,2026-04-28,Cerrada,14.5,1,0
OT-000215,A-0006,Concepción,C11,Preventiva,Mantención preventiva,2026-05-22,2026-06-22,2026-06-22,Cerrada,2.5,1,0
OT-000216,A-0006,Concepción,C11,Preventiva,Mantención preventiva,2026-06-22,2026-06-22,2026-06-22,Cerrada,4.0,1,0
OT-000217,A-0006,Concepción,C11,Preventiva,Mantención preventiva,2026-07-22,2026-07-26,2026-07-26,Cerrada,3.0,1,0
OT-000218,A-0006,Concepción,C11,Preventiva,Mantención preventiva,2026-08-22,2026-08-27,2026-08-27,Cerrada,10.0,1,0
OT-000219,A-0006,Concepción,C11,Preventiva,Mantención preventiva,2026-09-22,2026-09-23,2026-09-23,Cerrada,6.5,1,0
OT-000220,A-0006,Concepción,C11,Preventiva,Mantención preventiva,2026-10-22,2026-10-27,2026-10-27,Cerrada,3.0,1,0
OT-000221,A-0006,Concepción,C11,Preventiva,Mantención preventiva,2026-11-22,2026-11-22,2026-11-22,Cerrada,3.0,1,0
OT-000222,A-0006,Concepción,C11,Preventiva,Mantención preventiva,2026-12-22,2026-12-26,2026-12-26,Cerrada,2.5,1,0
OT-000223,A-0006,Concepción,C11,Correctiva,Reparación correctiva,2025-02-19,2025-02-20,2025-02-21,Cerrada,17.5,17.5,26.9
OT-000224,A-0006,Concepción,C11,Correctiva,Reparación correctiva,2025-04-21,2025-04-22,2025-04-22,Cerrada,8.0,8.0,11.5
OT-000225,A-0006,Concepción,C11,Correctiva,Reparación correctiva,2025-05-22,2025-05-22,2025-05-22,Cerrada,7.0,7.0,13.1
OT-000226,A-0006,Concepción,C11,Correctiva,Reparación correctiva,2025-10-04,2025-10-04,2025-10-07,Cerrada,57.0,57.0,67.6
OT-000227,A-0006,Concepción,C11,Correctiva,Reparación correctiva,2025-10-24,2025-10-24,2025-10-25,Cerrada,6.0,6.0,12.0
OT-000228,A-0006,Concepción,C11,Correctiva,Reparación correctiva,2026-01-17,2026-01-17,2026-01-18,Cerrada,13.0,13.0,19.5
OT-000229,A-0006,Concepción,C11,Correctiva,Reparación correctiva,2026-02-27,2026-02-27,2026-02-27,Cerrada,12.5,12.5,14.7
OT-000230,A-0006,Concepción,C11,Correctiva,Reparación correctiva,2026-03-05,2026-03-05,2026-03-05,Cerrada,6.0,6.0,13.6
OT-000231,A-0006,Concepción,C11,Correctiva,Reparación correctiva,2026-06-04,2026-06-05,2026-06-05,Cerrada,6.0,6.0,11.3
OT-000232,A-0006,Concepción,C11,Correctiva,Reparación correctiva,2026-06-17,2026-06-18,2026-06-18,Cerrada,10.0,10.0,13.7
OT-000233,A-0006,Concepción,C11,Correctiva,Reparación correctiva,2026-06-18,2026-06-19,2026-06-19,Cerrada,6.0,6.0,15.9
OT-000234,A-0006,Concepción,C11,Correctiva,Reparación correctiva,2026-06-27,2026-06-27,2026-06-28,Cerrada,14.0,14.0,16.5
OT-000235,A-0006,Concepción,C11,Correctiva,Reparación correctiva,2026-08-28,2026-08-28,2026-08-29,Cerrada,14.5,14.5,21.3
OT-000236,A-0006,Concepción,C11,Correctiva,Reparación correctiva,2026-09-02,2026-09-02,2026-09-03,Cerrada,9.0,9.0,16.0
OT-000237,A-0007,Concepción,C11,Preventiva,Mantención preventiva,2025-01-16,2025-01-19,2025-01-19,Cerrada,6.0,1,0
OT-000238,A-0007,Concepción,C11,Preventiva,Mantención preventiva,2025-02-16,2025-02-16,2025-02-16,Cerrada,7.5,1,0
OT-000239,A-0007,Concepción,C11,Preventiva,Mantención preventiva,2025-03-16,2025-03-17,2025-03-17,Cerrada,2.5,1,0
OT-000240,A-0007,Concepción,C11,Preventiva,Mantención preventiva,2025-04-16,2025-04-18,2025-04-18,Cerrada,3.5,1,0
OT-000241,A-0007,Concepción,C11,Preventiva,Mantención preventiva,2025-05-16,2025-05-20,2025-05-20,Cerrada,5.0,1,0
OT-000242,A-0007,Concepción,C11,Preventiva,Mantención preventiva,2025-06-16,2025-06-22,2025-06-22,Cerrada,14.0,1,0
OT-000243,A-0007,Concepción,C11,Preventiva,Mantención preventiva,2025-07-16,2025-07-22,2025-07-22,Cerrada,2.5,1,0
OT-000244,A-0007,Concepción,C11,Preventiva,Mantención preventiva,2025-08-16,2025-08-18,2025-08-18,Cerrada,7.0,1,0
OT-000245,A-0007,Concepción,C11,Preventiva,Mantención preventiva,2025-09-16,2025-09-18,2025-09-18,Cerrada,3.5,1,0
OT-000246,A-0007,Concepción,C11,Preventiva,Mantención preventiva,2025-10-16,2025-10-17,2025-10-17,Cerrada,6.0,1,0
OT-000247,A-0007,Concepción,C11,Preventiva,Mantención preventiva,2025-11-16,2025-11-16,2025-11-16,Cerrada,14.0,1,0
OT-000248,A-0007,Concepción,C11,Preventiva,Mantención preventiva,2025-12-16,2025-12-20,2025-12-20,Cerrada,11.5,1,0
OT-000249,A-0007,Concepción,C11,Preventiva,Mantención preventiva,2026-01-16,2026-01-19,2026-01-19,Cerrada,3.0,1,0
OT-000250,A-0007,Concepción,C11,Preventiva,Mantención preventiva,2026-02-16,2026-02-22,2026-02-22,Cerrada,3.0,1,0
OT-000251,A-0007,Concepción,C11,Preventiva,Mantención preventiva,2026-03-16,2026-03-20,2026-03-20,Cerrada,2.0,1,0
OT-000252,A-0007,Concepción,C11,Preventiva,Mantención preventiva,2026-04-16,2026-04-16,2026-04-16,Cerrada,3.0,1,0
OT-000253,A-0007,Concepción,C11,Preventiva,Mantención preventiva,2026-05-16,2026-05-18,2026-05-18,Cerrada,6.0,1,0
OT-000254,A-0007,Concepción,C11,Preventiva,Mantención preventiva,2026-06-16,2026-06-22,2026-06-22,Cerrada,9.5,1,0
OT-000255,A-0007,Concepción,C11,Preventiva,Mantención preventiva,2026-07-16,2026-07-16,2026-07-16,Cerrada,6.0,1,0
OT-000256,A-0007,Concepción,C11,Preventiva,Mantención preventiva,2026-08-16,2026-08-16,2026-08-16,Cerrada,1.5,1,0
OT-000257,A-0007,Concepción,C11,Preventiva,Mantención preventiva,2026-09-16,2026-09-18,2026-09-18,Cerrada,3.5,1,0
OT-000258,A-0007,Concepción,C11,Preventiva,Mantención preventiva,2026-10-16,2026-10-21,2026-10-21,Cerrada,4.0,1,0
OT-000259,A-0007,Concepción,C11,Preventiva,Mantención preventiva,2026-11-16,2026-11-16,2026-11-16,Cerrada,2.0,1,0
OT-000260,A-0007,Concepción,C11,Preventiva,Mantención preventiva,2026-12-16,2026-12-19,2026-12-19,Cerrada,3.5,1,0
OT-000261,A-0007,Concepción,C11,Correctiva,Reparación correctiva,2025-02-27,2025-02-27,2025-02-28,Cerrada,9.0,9.0,18.8
OT-000262,A-0007,Concepción,C11,Correctiva,Reparación correctiva,2025-03-01,2025-03-02,2025-03-02,Cerrada,12.0,12.0,15.6
OT-000263,A-0007,Concepción,C11,Correctiva,Reparación correctiva,2025-03-16,2025-03-16,2025-03-16,Cerrada,8.5,8.5,17.1
OT-000264,A-0007,Concepción,C11,Correctiva,Reparación correctiva,2025-03-30,2025-03-31,2025-03-31,Cerrada,4.5,4.5,14.0
OT-000265,A-0007,Concepción,C11,Correctiva,Reparación correctiva,2025-04-14,2025-04-14,2025-04-15,Cerrada,8.5,8.5,17.3
OT-000266,A-0007,Concepción,C11,Correctiva,Reparación correctiva,2025-04-16,2025-04-16,2025-04-17,Cerrada,9.5,9.5,15.5
OT-000267,A-0007,Concepción,C11,Correctiva,Reparación correctiva,2025-05-02,2025-05-03,2025-05-03,Cerrada,5.5,5.5,9.6
OT-000268,A-0007,Concepción,C11,Correctiva,Reparación correctiva,2025-05-20,2025-05-20,2025-05-21,Cerrada,11.5,11.5,13.6
OT-000269,A-0007,Concepción,C11,Correctiva,Reparación correctiva,2025-06-11,2025-06-11,2025-06-11,Cerrada,8.5,8.5,17.5
OT-000270,A-0007,Concepción,C11,Correctiva,Reparación correctiva,2025-08-24,2025-08-24,2025-08-25,Cerrada,19.0,19.0,21.7
OT-000271,A-0007,Concepción,C11,Correctiva,Reparación correctiva,2025-10-01,2025-10-01,2025-10-02,Cerrada,8.0,8.0,17.1
OT-000272,A-0007,Concepción,C11,Correctiva,Reparación correctiva,2025-10-02,2025-10-02,2025-10-03,Cerrada,18.0,18.0,23.2
OT-000273,A-0007,Concepción,C11,Correctiva,Reparación correctiva,2025-12-21,2025-12-22,2025-12-22,Cerrada,5.0,5.0,16.2
OT-000274,A-0007,Concepción,C11,Correctiva,Reparación correctiva,2026-01-24,2026-01-24,2026-01-24,Cerrada,6.5,6.5,12.5
OT-000275,A-0007,Concepción,C11,Correctiva,Reparación correctiva,2026-02-11,2026-02-11,2026-02-11,Cerrada,8.5,8.5,12.2
OT-000276,A-0007,Concepción,C11,Correctiva,Reparación correctiva,2026-03-15,2026-03-15,2026-03-16,Cerrada,5.0,5.0,16.1
OT-000277,A-0007,Concepción,C11,Correctiva,Reparación correctiva,2026-05-31,2026-05-31,2026-06-01,Cerrada,6.5,6.5,16.7
OT-000278,A-0007,Concepción,C11,Correctiva,Reparación correctiva,2026-06-10,2026-06-10,2026-06-11,Cerrada,17.5,17.5,25.5
OT-000279,A-0007,Concepción,C11,Correctiva,Reparación correctiva,2026-06-19,2026-06-19,2026-06-19,Cerrada,8.5,8.5,18.2
OT-000280,A-0007,Concepción,C11,Correctiva,Reparación correctiva,2026-08-22,2026-08-22,2026-08-23,Cerrada,21.5,21.5,28.0
OT-000281,A-0007,Concepción,C11,Correctiva,Reparación correctiva,2026-10-06,2026-10-06,2026-10-07,Cerrada,21.5,21.5,29.7
OT-000282,A-0007,Concepción,C11,Correctiva,Reparación correctiva,2026-10-13,2026-10-14,2026-10-14,Cerrada,8.0,8.0,10.7
OT-000283,A-0007,Concepción,C11,Correctiva,Reparación correctiva,2026-10-28,2026-10-28,2026-10-28,Cerrada,8.5,8.5,11.1
OT-000284,A-0007,Concepción,C11,Correctiva,Reparación correctiva,2026-11-24,2026-11-24,2026-11-25,Cerrada,10.5,10.5,13.1
OT-000285,A-0007,Concepción,C11,Correctiva,Reparación correctiva,2026-12-22,2026-12-22,2026-12-23,Cerrada,6.5,6.5,14.0
OT-000286,A-0008,Concepción,C11,Preventiva,Mantención preventiva,2025-01-20,2025-01-21,2025-01-21,Cerrada,9.5,1,0
OT-000287,A-0008,Concepción,C11,Preventiva,Mantención preventiva,2025-02-20,2025-02-26,2025-02-26,Cerrada,2.5,1,0
OT-000288,A-0008,Concepción,C11,Preventiva,Mantención preventiva,2025-03-20,2025-03-21,2025-03-21,Cerrada,5.0,1,0
OT-000289,A-0008,Concepción,C11,Preventiva,Mantención preventiva,2025-04-20,2025-04-23,2025-04-23,Cerrada,4.0,1,0
OT-000290,A-0008,Concepción,C11,Preventiva,Mantención preventiva,2025-05-20,2025-05-26,2025-05-26,Cerrada,5.0,1,0
OT-000291,A-0008,Concepción,C11,Preventiva,Mantención preventiva,2025-06-20,2025-06-24,2025-06-24,Cerrada,5.5,1,0
OT-000292,A-0008,Concepción,C11,Preventiva,Mantención preventiva,2025-07-20,2025-07-25,2025-07-25,Cerrada,2.5,1,0
OT-000293,A-0008,Concepción,C11,Preventiva,Mantención preventiva,2025-08-20,2025-08-21,2025-08-21,Cerrada,18.5,1,0
OT-000294,A-0008,Concepción,C11,Preventiva,Mantención preventiva,2025-09-20,2025-09-23,2025-09-23,Cerrada,5.5,1,0
OT-000295,A-0008,Concepción,C11,Preventiva,Mantención preventiva,2025-10-20,2025-10-25,2025-10-25,Cerrada,14.0,1,0
OT-000296,A-0008,Concepción,C11,Preventiva,Mantención preventiva,2025-11-20,2025-11-24,2025-11-24,Cerrada,4.5,1,0
OT-000297,A-0008,Concepción,C11,Preventiva,Mantención preventiva,2025-12-20,2025-12-21,2025-12-21,Cerrada,2.5,1,0
OT-000298,A-0008,Concepción,C11,Preventiva,Mantención preventiva,2026-01-20,2026-01-21,2026-01-21,Cerrada,2.5,1,0
OT-000299,A-0008,Concepción,C11,Preventiva,Mantención preventiva,2026-02-20,2026-02-24,2026-02-24,Cerrada,2.0,1,0
OT-000300,A-0008,Concepción,C11,Preventiva,Mantención preventiva,2026-03-20,2026-03-23,2026-03-23,Cerrada,3.0,1,0
OT-000301,A-0008,Concepción,C11,Preventiva,Mantención preventiva,2026-04-20,2026-04-24,2026-04-24,Cerrada,6.0,1,0
OT-000302,A-0008,Concepción,C11,Preventiva,Mantención preventiva,2026-05-20,2026-05-23,2026-05-23,Cerrada,2.5,1,0
OT-000303,A-0008,Concepción,C11,Preventiva,Mantención preventiva,2026-06-20,2026-07-16,2026-07-16,Cerrada,13.0,1,0
OT-000304,A-0008,Concepción,C11,Preventiva,Mantención preventiva,2026-07-20,2026-07-21,2026-07-21,Cerrada,1.5,1,0
OT-000305,A-0008,Concepción,C11,Preventiva,Mantención preventiva,2026-08-20,2026-08-26,2026-08-26,Cerrada,2.0,1,0
OT-000306,A-0008,Concepción,C11,Preventiva,Mantención preventiva,2026-09-20,2026-09-23,2026-09-23,Cerrada,4.0,1,0
OT-000307,A-0008,Concepción,C11,Preventiva,Mantención preventiva,2026-10-20,2026-10-24,2026-10-24,Cerrada,4.0,1,0
OT-000308,A-0008,Concepción,C11,Preventiva,Mantención preventiva,2026-11-20,2026-11-24,2026-11-24,Cerrada,2.5,1,0
OT-000309,A-0008,Concepción,C11,Preventiva,Mantención preventiva,2026-12-20,2026-12-26,2026-12-26,Cerrada,6.5,1,0
OT-000310,A-0008,Concepción,C11,Correctiva,Reparación correctiva,2025-01-06,2025-01-07,2025-01-07,Cerrada,5.0,5.0,7.8
OT-000311,A-0008,Concepción,C11,Correctiva,Reparación correctiva,2025-02-08,2025-02-08,2025-02-09,Cerrada,17.0,17.0,27.3
OT-000312,A-0008,Concepción,C11,Correctiva,Reparación correctiva,2025-03-03,2025-03-03,2025-03-03,Cerrada,7.5,7.5,13.2
OT-000313,A-0008,Concepción,C11,Correctiva,Reparación correctiva,2025-03-14,2025-03-14,2025-03-15,Cerrada,7.0,7.0,12.2
OT-000314,A-0008,Concepción,C11,Correctiva,Reparación correctiva,2025-03-16,2025-03-16,2025-03-17,Cerrada,7.5,7.5,18.7
OT-000315,A-0008,Concepción,C11,Correctiva,Reparación correctiva,2025-05-19,2025-05-19,2025-05-20,Cerrada,27.5,27.5,34.2
OT-000316,A-0008,Concepción,C11,Correctiva,Reparación correctiva,2025-05-20,2025-05-20,2025-05-20,Cerrada,10.5,10.5,14.7
OT-000317,A-0008,Concepción,C11,Correctiva,Reparación correctiva,2025-07-26,2025-07-26,2025-07-27,Cerrada,5.5,5.5,9.9
OT-000318,A-0008,Concepción,C11,Correctiva,Reparación correctiva,2025-09-10,2025-09-10,2025-09-11,Cerrada,8.5,8.5,16.7
OT-000319,A-0008,Concepción,C11,Correctiva,Reparación correctiva,2025-10-25,2025-10-25,2025-10-26,Cerrada,11.5,11.5,19.3
OT-000320,A-0008,Concepción,C11,Correctiva,Reparación correctiva,2025-10-26,2025-10-26,2025-10-27,Cerrada,9.5,9.5,15.0
OT-000321,A-0008,Concepción,C11,Correctiva,Reparación correctiva,2025-12-15,2025-12-15,2025-12-15,Cerrada,10.5,10.5,17.7
OT-000322,A-0008,Concepción,C11,Correctiva,Reparación correctiva,2026-01-16,2026-01-16,2026-01-16,Cerrada,7.5,7.5,9.7
OT-000323,A-0008,Concepción,C11,Correctiva,Reparación correctiva,2026-03-18,2026-03-19,2026-03-19,Cerrada,5.0,5.0,10.6
OT-000324,A-0008,Concepción,C11,Correctiva,Reparación correctiva,2026-05-06,2026-05-06,2026-05-06,Cerrada,12.0,12.0,15.0
OT-000325,A-0008,Concepción,C11,Correctiva,Reparación correctiva,2026-05-12,2026-05-12,2026-05-13,Cerrada,5.5,5.5,11.0
OT-000326,A-0008,Concepción,C11,Correctiva,Reparación correctiva,2026-07-31,2026-07-31,2026-08-01,Cerrada,20.5,20.5,29.3
OT-000327,A-0008,Concepción,C11,Correctiva,Reparación correctiva,2026-08-09,2026-08-09,2026-08-09,Cerrada,6.5,6.5,9.8
OT-000328,A-0008,Concepción,C11,Correctiva,Reparación correctiva,2026-09-01,2026-09-01,2026-09-02,Cerrada,8.5,8.5,18.7
OT-000329,A-0008,Concepción,C11,Correctiva,Reparación correctiva,2026-10-18,2026-10-18,2026-10-18,Cerrada,10.5,10.5,15.4
OT-000330,A-0008,Concepción,C11,Correctiva,Reparación correctiva,2026-12-29,2026-12-29,2026-12-30,Cerrada,7.5,7.5,13.9
OT-000331,A-0009,Antofagasta,C11,Preventiva,Mantención preventiva,2025-01-06,2025-01-09,2025-01-09,Cerrada,2.5,1,0
OT-000332,A-0009,Antofagasta,C11,Preventiva,Mantención preventiva,2025-02-06,2025-02-06,2025-02-06,Cerrada,5.5,1,0
OT-000333,A-0009,Antofagasta,C11,Preventiva,Mantención preventiva,2025-03-06,2025-03-12,2025-03-12,Cerrada,3.0,1,0
OT-000334,A-0009,Antofagasta,C11,Preventiva,Mantención preventiva,2025-04-06,2025-04-08,2025-04-08,Cerrada,5.5,1,0
OT-000335,A-0009,Antofagasta,C11,Preventiva,Mantención preventiva,2025-05-06,2025-05-09,2025-05-09,Cerrada,2.5,1,0
OT-000336,A-0009,Antofagasta,C11,Preventiva,Mantención preventiva,2025-06-06,2025-06-11,2025-06-11,Cerrada,7.5,1,0
OT-000337,A-0009,Antofagasta,C11,Preventiva,Mantención preventiva,2025-07-06,,,Abierta,0,0,0
OT-000338,A-0009,Antofagasta,C11,Preventiva,Mantención preventiva,2025-08-06,2025-08-12,2025-08-12,Cerrada,5.5,1,0
OT-000339,A-0009,Antofagasta,C11,Preventiva,Mantención preventiva,2025-09-06,2025-09-11,2025-09-11,Cerrada,12.0,1,0
OT-000340,A-0009,Antofagasta,C11,Preventiva,Mantención preventiva,2025-10-06,2025-10-07,2025-10-07,Cerrada,3.5,1,0
OT-000341,A-0009,Antofagasta,C11,Preventiva,Mantención preventiva,2025-11-06,2025-11-10,2025-11-10,Cerrada,2.5,1,0
OT-000342,A-0009,Antofagasta,C11,Preventiva,Mantención preventiva,2025-12-06,2025-12-09,2025-12-09,Cerrada,7.5,1,0
OT-000343,A-0009,Antofagasta,C11,Preventiva,Mantención preventiva,2026-01-06,2026-01-09,2026-01-09,Cerrada,3.5,1,0
OT-000344,A-0009,Antofagasta,C11,Preventiva,Mantención preventiva,2026-02-06,2026-02-15,2026-02-15,Cerrada,6.5,1,0
OT-000345,A-0009,Antofagasta,C11,Preventiva,Mantención preventiva,2026-03-06,2026-03-10,2026-03-10,Cerrada,5.5,1,0
OT-000346,A-0009,Antofagasta,C11,Preventiva,Mantención preventiva,2026-04-06,2026-04-11,2026-04-11,Cerrada,9.5,1,0
OT-000347,A-0009,Antofagasta,C11,Preventiva,Mantención preventiva,2026-05-06,2026-05-12,2026-05-12,Cerrada,6.5,1,0
OT-000348,A-0009,Antofagasta,C11,Preventiva,Mantención preventiva,2026-06-06,2026-06-08,2026-06-08,Cerrada,13.5,1,0
OT-000349,A-0009,Antofagasta,C11,Preventiva,Mantención preventiva,2026-07-06,2026-07-25,2026-07-25,Cerrada,7.5,1,0
OT-000350,A-0009,Antofagasta,C11,Preventiva,Mantención preventiva,2026-08-06,2026-08-07,2026-08-07,Cerrada,6.0,1,0
OT-000351,A-0009,Antofagasta,C11,Preventiva,Mantención preventiva,2026-09-06,2026-09-08,2026-09-08,Cerrada,4.5,1,0
OT-000352,A-0009,Antofagasta,C11,Preventiva,Mantención preventiva,2026-10-06,2026-10-10,2026-10-10,Cerrada,2.0,1,0
OT-000353,A-0009,Antofagasta,C11,Preventiva,Mantención preventiva,2026-11-06,2026-11-09,2026-11-09,Cerrada,5.0,1,0
OT-000354,A-0009,Antofagasta,C11,Preventiva,Mantención preventiva,2026-12-06,2026-12-06,2026-12-06,Cerrada,2.5,1,0
OT-000355,A-0009,Antofagasta,C11,Correctiva,Reparación correctiva,2025-01-04,2025-01-04,2025-01-05,Cerrada,9.0,9.0,15.7
OT-000356,A-0009,Antofagasta,C11,Correctiva,Reparación correctiva,2025-03-24,2025-03-25,2025-03-25,Cerrada,12.5,12.5,20.0
OT-000357,A-0009,Antofagasta,C11,Correctiva,Reparación correctiva,2025-03-31,2025-03-31,2025-03-31,Cerrada,9.0,9.0,16.0
OT-000358,A-0009,Antofagasta,C11,Correctiva,Reparación correctiva,2025-04-08,2025-04-08,2025-04-08,Cerrada,9.0,9.0,20.3
OT-000359,A-0009,Antofagasta,C11,Correctiva,Reparación correctiva,2025-04-11,2025-04-11,2025-04-12,Cerrada,15.5,15.5,19.5
OT-000360,A-0009,Antofagasta,C11,Correctiva,Reparación correctiva,2025-05-25,2025-05-26,2025-05-26,Cerrada,3.0,3.0,11.1
OT-000361,A-0009,Antofagasta,C11,Correctiva,Reparación correctiva,2025-07-05,2025-07-05,2025-07-05,Cerrada,4.0,4.0,11.8
OT-000362,A-0009,Antofagasta,C11,Correctiva,Reparación correctiva,2025-10-17,2025-10-18,2025-10-18,Cerrada,6.5,6.5,11.9
OT-000363,A-0009,Antofagasta,C11,Correctiva,Reparación correctiva,2025-11-25,2025-11-25,2025-11-25,Cerrada,9.5,9.5,17.7
OT-000364,A-0009,Antofagasta,C11,Correctiva,Reparación correctiva,2025-12-11,2025-12-11,2025-12-11,Cerrada,14.0,14.0,18.4
OT-000365,A-0009,Antofagasta,C11,Correctiva,Reparación correctiva,2026-01-07,2026-01-07,2026-01-07,Cerrada,5.0,5.0,13.9
OT-000366,A-0009,Antofagasta,C11,Correctiva,Reparación correctiva,2026-02-04,2026-02-04,2026-02-04,Cerrada,6.5,6.5,11.9
OT-000367,A-0009,Antofagasta,C11,Correctiva,Reparación correctiva,2026-04-09,2026-04-10,2026-04-10,Cerrada,5.5,5.5,12.6
OT-000368,A-0009,Antofagasta,C11,Correctiva,Reparación correctiva,2026-04-15,2026-04-15,2026-04-16,Cerrada,6.0,6.0,12.5
OT-000369,A-0009,Antofagasta,C11,Correctiva,Reparación correctiva,2026-12-19,2026-12-20,2026-12-20,Cerrada,17.5,17.5,24.2
OT-000370,A-0009,Antofagasta,C11,Correctiva,Reparación correctiva,2026-12-24,2026-12-24,2026-12-24,Cerrada,8.0,8.0,13.9
OT-000371,A-0010,Antofagasta,C11,Preventiva,Mantención preventiva,2025-01-02,2025-01-06,2025-01-06,Cerrada,12.0,1,0
OT-000372,A-0010,Antofagasta,C11,Preventiva,Mantención preventiva,2025-02-02,2025-02-06,2025-02-06,Cerrada,2.5,1,0
OT-000373,A-0010,Antofagasta,C11,Preventiva,Mantención preventiva,2025-03-02,2025-03-05,2025-03-05,Cerrada,3.5,1,0
OT-000374,A-0010,Antofagasta,C11,Preventiva,Mantención preventiva,2025-04-02,2025-04-03,2025-04-03,Cerrada,3.5,1,0
OT-000375,A-0010,Antofagasta,C11,Preventiva,Mantención preventiva,2025-05-02,2025-05-05,2025-05-05,Cerrada,6.0,1,0
OT-000376,A-0010,Antofagasta,C11,Preventiva,Mantención preventiva,2025-06-02,,,Abierta,0,0,0
OT-000377,A-0010,Antofagasta,C11,Preventiva,Mantención preventiva,2025-07-02,2025-07-02,2025-07-02,Cerrada,4.5,1,0
OT-000378,A-0010,Antofagasta,C11,Preventiva,Mantención preventiva,2025-08-02,2025-08-06,2025-08-06,Cerrada,4.5,1,0
OT-000379,A-0010,Antofagasta,C11,Preventiva,Mantención preventiva,2025-09-02,2025-09-03,2025-09-03,Cerrada,12.0,1,0
OT-000380,A-0010,Antofagasta,C11,Preventiva,Mantención preventiva,2025-10-02,2025-10-03,2025-10-03,Cerrada,5.5,1,0
OT-000381,A-0010,Antofagasta,C11,Preventiva,Mantención preventiva,2025-11-02,2025-11-06,2025-11-06,Cerrada,3.0,1,0
OT-000382,A-0010,Antofagasta,C11,Preventiva,Mantención preventiva,2025-12-02,2025-12-08,2025-12-08,Cerrada,3.0,1,0
OT-000383,A-0010,Antofagasta,C11,Preventiva,Mantención preventiva,2026-01-02,2026-01-06,2026-01-06,Cerrada,4.0,1,0
OT-000384,A-0010,Antofagasta,C11,Preventiva,Mantención preventiva,2026-02-02,2026-02-02,2026-02-02,Cerrada,3.0,1,0
OT-000385,A-0010,Antofagasta,C11,Preventiva,Mantención preventiva,2026-03-02,2026-03-29,2026-03-29,Cerrada,12.0,1,0
OT-000386,A-0010,Antofagasta,C11,Preventiva,Mantención preventiva,2026-04-02,2026-04-02,2026-04-02,Cerrada,5.0,1,0
OT-000387,A-0010,Antofagasta,C11,Preventiva,Mantención preventiva,2026-05-02,2026-05-08,2026-05-08,Cerrada,4.5,1,0
OT-000388,A-0010,Antofagasta,C11,Preventiva,Mantención preventiva,2026-06-02,2026-06-05,2026-06-05,Cerrada,2.0,1,0
OT-000389,A-0010,Antofagasta,C11,Preventiva,Mantención preventiva,2026-07-02,2026-07-08,2026-07-08,Cerrada,2.5,1,0
OT-000390,A-0010,Antofagasta,C11,Preventiva,Mantención preventiva,2026-08-02,2026-08-06,2026-08-06,Cerrada,2.0,1,0
OT-000391,A-0010,Antofagasta,C11,Preventiva,Mantención preventiva,2026-09-02,2026-09-07,2026-09-07,Cerrada,2.5,1,0
OT-000392,A-0010,Antofagasta,C11,Preventiva,Mantención preventiva,2026-10-02,2026-10-05,2026-10-05,Cerrada,3.0,1,0
OT-000393,A-0010,Antofagasta,C11,Preventiva,Mantención preventiva,2026-11-02,2026-11-06,2026-11-06,Cerrada,4.0,1,0
OT-000394,A-0010,Antofagasta,C11,Preventiva,Mantención preventiva,2026-12-02,2026-12-07,2026-12-07,Cerrada,11.0,1,0
OT-000395,A-0010,Antofagasta,C11,Correctiva,Reparación correctiva,2025-02-16,2025-02-16,2025-02-17,Cerrada,10.0,10.0,18.9
OT-000396,A-0010,Antofagasta,C11,Correctiva,Reparación correctiva,2025-03-01,2025-03-01,2025-03-01,Cerrada,6.5,6.5,14.1
OT-000397,A-0010,Antofagasta,C11,Correctiva,Reparación correctiva,2025-03-11,2025-03-11,2025-03-12,Cerrada,6.5,6.5,15.5
OT-000398,A-0010,Antofagasta,C11,Correctiva,Reparación correctiva,2025-07-11,2025-07-12,2025-07-12,Cerrada,6.5,6.5,16.5
OT-000399,A-0010,Antofagasta,C11,Correctiva,Reparación correctiva,2025-08-31,2025-08-31,2025-09-01,Cerrada,6.5,6.5,12.3
OT-000400,A-0010,Antofagasta,C11,Correctiva,Reparación correctiva,2025-10-26,2025-10-27,2025-10-27,Cerrada,8.0,8.0,13.5
OT-000401,A-0010,Antofagasta,C11,Correctiva,Reparación correctiva,2025-11-25,2025-11-25,2025-11-25,Cerrada,15.0,15.0,19.0
OT-000402,A-0010,Antofagasta,C11,Correctiva,Reparación correctiva,2026-01-17,2026-01-17,2026-01-18,Cerrada,11.0,11.0,14.4
OT-000403,A-0010,Antofagasta,C11,Correctiva,Reparación correctiva,2026-01-30,2026-01-30,2026-01-31,Cerrada,9.5,9.5,18.2
OT-000404,A-0010,Antofagasta,C11,Correctiva,Reparación correctiva,2026-02-01,2026-02-01,2026-02-02,Cerrada,11.0,11.0,17.1
OT-000405,A-0010,Antofagasta,C11,Correctiva,Reparación correctiva,2026-04-09,2026-04-09,2026-04-09,Cerrada,17.0,17.0,19.1
OT-000406,A-0010,Antofagasta,C11,Correctiva,Reparación correctiva,2026-05-02,2026-05-02,2026-05-03,Cerrada,17.0,17.0,28.4
OT-000407,A-0010,Antofagasta,C11,Correctiva,Reparación correctiva,2026-05-12,2026-05-13,2026-05-13,Cerrada,5.5,5.5,17.1
OT-000408,A-0010,Antofagasta,C11,Correctiva,Reparación correctiva,2026-08-27,2026-08-27,2026-08-28,Cerrada,10.0,10.0,12.9
OT-000409,A-0010,Antofagasta,C11,Correctiva,Reparación correctiva,2026-10-24,2026-10-25,2026-10-25,Cerrada,14.0,14.0,25.4
OT-000410,A-0011,Antofagasta,C11,Preventiva,Mantención preventiva,2025-01-02,,,Abierta,0,0,0
OT-000411,A-0011,Antofagasta,C11,Preventiva,Mantención preventiva,2025-02-02,2025-02-05,2025-02-05,Cerrada,1.5,1,0
OT-000412,A-0011,Antofagasta,C11,Preventiva,Mantención preventiva,2025-03-02,2025-03-04,2025-03-04,Cerrada,4.5,1,0
OT-000413,A-0011,Antofagasta,C11,Preventiva,Mantención preventiva,2025-04-02,,,Abierta,0,0,0
OT-000414,A-0011,Antofagasta,C11,Preventiva,Mantención preventiva,2025-05-02,2025-05-07,2025-05-07,Cerrada,4.5,1,0
OT-000415,A-0011,Antofagasta,C11,Preventiva,Mantención preventiva,2025-06-02,2025-07-12,2025-07-12,Cerrada,4.0,1,0
OT-000416,A-0011,Antofagasta,C11,Preventiva,Mantención preventiva,2025-07-02,2025-07-03,2025-07-03,Cerrada,8.0,1,0
OT-000417,A-0011,Antofagasta,C11,Preventiva,Mantención preventiva,2025-08-02,2025-08-02,2025-08-02,Cerrada,12.5,1,0
OT-000418,A-0011,Antofagasta,C11,Preventiva,Mantención preventiva,2025-09-02,2025-09-08,2025-09-08,Cerrada,2.0,1,0
OT-000419,A-0011,Antofagasta,C11,Preventiva,Mantención preventiva,2025-10-02,2025-10-05,2025-10-05,Cerrada,8.0,1,0
OT-000420,A-0011,Antofagasta,C11,Preventiva,Mantención preventiva,2025-11-02,2025-11-07,2025-11-07,Cerrada,3.0,1,0
OT-000421,A-0011,Antofagasta,C11,Preventiva,Mantención preventiva,2025-12-02,2025-12-05,2025-12-05,Cerrada,1.5,1,0
OT-000422,A-0011,Antofagasta,C11,Preventiva,Mantención preventiva,2026-01-02,2026-01-29,2026-01-29,Cerrada,5.0,1,0
OT-000423,A-0011,Antofagasta,C11,Preventiva,Mantención preventiva,2026-02-02,2026-02-04,2026-02-04,Cerrada,5.0,1,0
OT-000424,A-0011,Antofagasta,C11,Preventiva,Mantención preventiva,2026-03-02,2026-03-04,2026-03-04,Cerrada,1.5,1,0
OT-000425,A-0011,Antofagasta,C11,Preventiva,Mantención preventiva,2026-04-02,2026-04-29,2026-04-29,Cerrada,7.0,1,0
OT-000426,A-0011,Antofagasta,C11,Preventiva,Mantención preventiva,2026-05-02,2026-06-02,2026-06-02,Cerrada,5.0,1,0
OT-000427,A-0011,Antofagasta,C11,Preventiva,Mantención preventiva,2026-06-02,2026-06-03,2026-06-03,Cerrada,3.0,1,0
OT-000428,A-0011,Antofagasta,C11,Preventiva,Mantención preventiva,2026-07-02,2026-07-08,2026-07-08,Cerrada,5.0,1,0
OT-000429,A-0011,Antofagasta,C11,Preventiva,Mantención preventiva,2026-08-02,2026-08-03,2026-08-03,Cerrada,6.5,1,0
OT-000430,A-0011,Antofagasta,C11,Preventiva,Mantención preventiva,2026-09-02,2026-09-06,2026-09-06,Cerrada,3.5,1,0
OT-000431,A-0011,Antofagasta,C11,Preventiva,Mantención preventiva,2026-10-02,2026-10-06,2026-10-06,Cerrada,7.0,1,0
OT-000432,A-0011,Antofagasta,C11,Preventiva,Mantención preventiva,2026-11-02,2026-11-03,2026-11-03,Cerrada,3.0,1,0
OT-000433,A-0011,Antofagasta,C11,Preventiva,Mantención preventiva,2026-12-02,2026-12-03,2026-12-03,Cerrada,6.5,1,0
OT-000434,A-0011,Antofagasta,C11,Correctiva,Reparación correctiva,2025-04-14,2025-04-14,2025-04-14,Cerrada,7.0,7.0,13.5
OT-000435,A-0011,Antofagasta,C11,Correctiva,Reparación correctiva,2025-05-20,2025-05-21,2025-05-21,Cerrada,6.5,6.5,15.2
OT-000436,A-0011,Antofagasta,C11,Correctiva,Reparación correctiva,2025-06-14,2025-06-15,2025-06-15,Cerrada,9.0,9.0,18.0
OT-000437,A-0011,Antofagasta,C11,Correctiva,Reparación correctiva,2025-09-23,2025-09-24,2025-09-24,Cerrada,8.5,8.5,20.4
OT-000438,A-0011,Antofagasta,C11,Correctiva,Reparación correctiva,2025-10-02,2025-10-02,2025-10-03,Cerrada,14.0,14.0,17.4
OT-000439,A-0011,Antofagasta,C11,Correctiva,Reparación correctiva,2026-03-01,2026-03-01,2026-03-02,Cerrada,17.0,17.0,22.7
OT-000440,A-0011,Antofagasta,C11,Correctiva,Reparación correctiva,2026-06-21,2026-06-21,2026-06-21,Cerrada,13.0,13.0,18.8
OT-000441,A-0011,Antofagasta,C11,Correctiva,Reparación correctiva,2026-09-17,2026-09-17,2026-09-18,Cerrada,18.5,18.5,21.7
OT-000442,A-0011,Antofagasta,C11,Correctiva,Reparación correctiva,2026-09-23,2026-09-24,2026-09-25,Cerrada,31.5,31.5,43.3
OT-000443,A-0012,Antofagasta,C11,Preventiva,Mantención preventiva,2025-01-22,2025-01-25,2025-01-25,Cerrada,5.0,1,0
OT-000444,A-0012,Antofagasta,C11,Preventiva,Mantención preventiva,2025-02-22,2025-02-24,2025-02-24,Cerrada,3.0,1,0
OT-000445,A-0012,Antofagasta,C11,Preventiva,Mantención preventiva,2025-03-22,2025-03-28,2025-03-28,Cerrada,3.0,1,0
OT-000446,A-0012,Antofagasta,C11,Preventiva,Mantención preventiva,2025-04-22,2025-04-22,2025-04-22,Cerrada,3.5,1,0
OT-000447,A-0012,Antofagasta,C11,Preventiva,Mantención preventiva,2025-05-22,2025-05-25,2025-05-25,Cerrada,6.0,1,0
OT-000448,A-0012,Antofagasta,C11,Preventiva,Mantención preventiva,2025-06-22,2025-06-27,2025-06-27,Cerrada,2.0,1,0
OT-000449,A-0012,Antofagasta,C11,Preventiva,Mantención preventiva,2025-07-22,2025-07-28,2025-07-28,Cerrada,4.5,1,0
OT-000450,A-0012,Antofagasta,C11,Preventiva,Mantención preventiva,2025-08-22,2025-08-27,2025-08-27,Cerrada,5.0,1,0
OT-000451,A-0012,Antofagasta,C11,Preventiva,Mantención preventiva,2025-09-22,2025-09-28,2025-09-28,Cerrada,3.5,1,0
OT-000452,A-0012,Antofagasta,C11,Preventiva,Mantención preventiva,2025-10-22,2025-10-27,2025-10-27,Cerrada,4.5,1,0
OT-000453,A-0012,Antofagasta,C11,Preventiva,Mantención preventiva,2025-11-22,2025-11-26,2025-11-26,Cerrada,12.0,1,0
OT-000454,A-0012,Antofagasta,C11,Preventiva,Mantención preventiva,2025-12-22,2025-12-25,2025-12-25,Cerrada,2.0,1,0
OT-000455,A-0012,Antofagasta,C11,Preventiva,Mantención preventiva,2026-01-22,2026-01-25,2026-01-25,Cerrada,6.5,1,0
OT-000456,A-0012,Antofagasta,C11,Preventiva,Mantención preventiva,2026-02-22,2026-02-23,2026-02-23,Cerrada,3.5,1,0
OT-000457,A-0012,Antofagasta,C11,Preventiva,Mantención preventiva,2026-03-22,2026-03-23,2026-03-23,Cerrada,7.0,1,0
OT-000458,A-0012,Antofagasta,C11,Preventiva,Mantención preventiva,2026-04-22,2026-04-28,2026-04-28,Cerrada,4.0,1,0
OT-000459,A-0012,Antofagasta,C11,Preventiva,Mantención preventiva,2026-05-22,2026-05-25,2026-05-25,Cerrada,4.5,1,0
OT-000460,A-0012,Antofagasta,C11,Preventiva,Mantención preventiva,2026-06-22,2026-06-23,2026-06-23,Cerrada,3.5,1,0
OT-000461,A-0012,Antofagasta,C11,Preventiva,Mantención preventiva,2026-07-22,2026-07-24,2026-07-24,Cerrada,3.0,1,0
OT-000462,A-0012,Antofagasta,C11,Preventiva,Mantención preventiva,2026-08-22,2026-08-26,2026-08-26,Cerrada,8.5,1,0
OT-000463,A-0012,Antofagasta,C11,Preventiva,Mantención preventiva,2026-09-22,2026-09-23,2026-09-23,Cerrada,3.5,1,0
OT-000464,A-0012,Antofagasta,C11,Preventiva,Mantención preventiva,2026-10-22,2026-10-22,2026-10-22,Cerrada,3.0,1,0
OT-000465,A-0012,Antofagasta,C11,Preventiva,Mantención preventiva,2026-11-22,2026-11-27,2026-11-27,Cerrada,2.5,1,0
OT-000466,A-0012,Antofagasta,C11,Preventiva,Mantención preventiva,2026-12-22,2026-12-23,2026-12-23,Cerrada,5.5,1,0
OT-000467,A-0012,Antofagasta,C11,Correctiva,Reparación correctiva,2025-01-22,2025-01-22,2025-01-23,Cerrada,7.0,7.0,14.3
OT-000468,A-0012,Antofagasta,C11,Correctiva,Reparación correctiva,2025-02-23,2025-02-24,2025-02-24,Cerrada,7.0,7.0,14.0
OT-000469,A-0012,Antofagasta,C11,Correctiva,Reparación correctiva,2025-06-14,2025-06-14,2025-06-15,Cerrada,7.0,7.0,12.7
OT-000470,A-0012,Antofagasta,C11,Correctiva,Reparación correctiva,2025-06-25,2025-06-25,2025-06-26,Cerrada,10.0,10.0,13.5
OT-000471,A-0012,Antofagasta,C11,Correctiva,Reparación correctiva,2025-07-03,2025-07-03,2025-07-03,Cerrada,4.5,4.5,9.8
OT-000472,A-0012,Antofagasta,C11,Correctiva,Reparación correctiva,2025-08-03,2025-08-03,2025-08-04,Cerrada,11.0,11.0,19.5
OT-000473,A-0012,Antofagasta,C11,Correctiva,Reparación correctiva,2025-10-19,2025-10-20,2025-10-20,Cerrada,11.0,11.0,22.7
OT-000474,A-0012,Antofagasta,C11,Correctiva,Reparación correctiva,2025-10-28,2025-10-28,2025-10-28,Cerrada,3.0,3.0,12.9
OT-000475,A-0012,Antofagasta,C11,Correctiva,Reparación correctiva,2025-11-27,2025-11-27,2025-11-28,Cerrada,9.5,9.5,20.7
OT-000476,A-0012,Antofagasta,C11,Correctiva,Reparación correctiva,2025-11-30,2025-11-30,2025-11-30,Cerrada,17.0,17.0,19.3
OT-000477,A-0012,Antofagasta,C11,Correctiva,Reparación correctiva,2025-12-23,2025-12-24,2025-12-24,Cerrada,3.5,3.5,13.9
OT-000478,A-0012,Antofagasta,C11,Correctiva,Reparación correctiva,2025-12-24,2025-12-25,2025-12-25,Cerrada,6.5,6.5,13.6
OT-000479,A-0012,Antofagasta,C11,Correctiva,Reparación correctiva,2026-02-12,2026-02-12,2026-02-13,Cerrada,8.5,8.5,16.7
OT-000480,A-0012,Antofagasta,C11,Correctiva,Reparación correctiva,2026-02-13,2026-02-13,2026-02-14,Cerrada,20.0,20.0,27.5
OT-000481,A-0012,Antofagasta,C11,Correctiva,Reparación correctiva,2026-06-01,2026-06-01,2026-06-01,Cerrada,4.5,4.5,7.6
OT-000482,A-0012,Antofagasta,C11,Correctiva,Reparación correctiva,2026-08-16,2026-08-16,2026-08-17,Cerrada,7.5,7.5,12.2
OT-000483,A-0012,Antofagasta,C11,Correctiva,Reparación correctiva,2026-09-09,2026-09-09,2026-09-10,Cerrada,27.0,27.0,34.7
OT-000484,A-0012,Antofagasta,C11,Correctiva,Reparación correctiva,2026-10-26,2026-10-27,2026-10-27,Cerrada,11.5,11.5,22.1
OT-000485,A-0012,Antofagasta,C11,Correctiva,Reparación correctiva,2026-11-17,2026-11-17,2026-11-17,Cerrada,4.5,4.5,12.0
OT-000486,A-0012,Antofagasta,C11,Correctiva,Reparación correctiva,2026-12-12,2026-12-13,2026-12-13,Cerrada,13.5,13.5,23.3
OT-000487,A-0012,Antofagasta,C11,Correctiva,Reparación correctiva,2026-12-17,2026-12-17,2026-12-18,Cerrada,8.5,8.5,15.8
OT-000488,A-0012,Antofagasta,C11,Correctiva,Reparación correctiva,2026-12-20,2026-12-21,2026-12-22,Cerrada,20.5,20.5,31.8
OT-000489,A-0012,Antofagasta,C11,Correctiva,Reparación correctiva,2026-12-22,2026-12-22,2026-12-23,Cerrada,12.0,12.0,23.3
OT-000490,A-0013,Santiago,C12,Preventiva,Mantención preventiva,2025-02-03,2025-02-07,2025-02-07,Cerrada,1.5,1,0
OT-000491,A-0013,Santiago,C12,Preventiva,Mantención preventiva,2025-04-03,2025-04-09,2025-04-09,Cerrada,12.5,1,0
OT-000492,A-0013,Santiago,C12,Preventiva,Mantención preventiva,2025-06-03,2025-06-03,2025-06-03,Cerrada,4.5,1,0
OT-000493,A-0013,Santiago,C12,Preventiva,Mantención preventiva,2025-08-03,2025-08-06,2025-08-06,Cerrada,3.5,1,0
OT-000494,A-0013,Santiago,C12,Preventiva,Mantención preventiva,2025-10-03,2025-10-07,2025-10-07,Cerrada,9.0,1,0
OT-000495,A-0013,Santiago,C12,Preventiva,Mantención preventiva,2025-12-03,2025-12-03,2025-12-03,Cerrada,7.5,1,0
OT-000496,A-0013,Santiago,C12,Preventiva,Mantención preventiva,2026-02-03,2026-02-04,2026-02-04,Cerrada,3.5,1,0
OT-000497,A-0013,Santiago,C12,Preventiva,Mantención preventiva,2026-04-03,2026-04-03,2026-04-03,Cerrada,6.0,1,0
OT-000498,A-0013,Santiago,C12,Preventiva,Mantención preventiva,2026-06-03,2026-06-03,2026-06-03,Cerrada,7.5,1,0
OT-000499,A-0013,Santiago,C12,Preventiva,Mantención preventiva,2026-08-03,2026-08-05,2026-08-05,Cerrada,3.5,1,0
OT-000500,A-0013,Santiago,C12,Preventiva,Mantención preventiva,2026-10-03,2026-11-08,2026-11-08,Cerrada,3.5,1,0
OT-000501,A-0013,Santiago,C12,Preventiva,Mantención preventiva,2026-12-03,2026-12-04,2026-12-04,Cerrada,3.5,1,0
OT-000502,A-0013,Santiago,C12,Correctiva,Reparación correctiva,2025-03-06,2025-03-06,2025-03-06,Cerrada,2.5,2.5,5.5
OT-000503,A-0013,Santiago,C12,Correctiva,Reparación correctiva,2025-05-27,2025-05-27,2025-05-28,Cerrada,4.0,4.0,13.8
OT-000504,A-0013,Santiago,C12,Correctiva,Reparación correctiva,2025-09-20,2025-09-20,2025-09-21,Cerrada,6.5,6.5,14.1
OT-000505,A-0013,Santiago,C12,Correctiva,Reparación correctiva,2025-10-07,2025-10-07,2025-10-07,Cerrada,4.5,4.5,9.2
OT-000506,A-0013,Santiago,C12,Correctiva,Reparación correctiva,2025-10-23,2025-10-23,2025-10-24,Cerrada,2.5,2.5,7.3
OT-000507,A-0013,Santiago,C12,Correctiva,Reparación correctiva,2025-12-03,2025-12-03,2025-12-03,Cerrada,9.0,9.0,20.4
OT-000508,A-0013,Santiago,C12,Correctiva,Reparación correctiva,2026-02-27,2026-02-27,2026-02-27,Cerrada,3.0,3.0,9.6
OT-000509,A-0013,Santiago,C12,Correctiva,Reparación correctiva,2026-04-11,2026-04-11,2026-04-12,Cerrada,5.5,5.5,16.1
OT-000510,A-0013,Santiago,C12,Correctiva,Reparación correctiva,2026-09-14,2026-09-14,2026-09-15,Cerrada,7.0,7.0,15.5
OT-000511,A-0013,Santiago,C12,Correctiva,Reparación correctiva,2026-12-06,2026-12-07,2026-12-07,Cerrada,6.0,6.0,15.0
OT-000512,A-0014,Santiago,C12,Preventiva,Mantención preventiva,2025-02-10,2025-02-15,2025-02-15,Cerrada,4.0,1,0
OT-000513,A-0014,Santiago,C12,Preventiva,Mantención preventiva,2025-04-10,2025-04-13,2025-04-13,Cerrada,1.5,1,0
OT-000514,A-0014,Santiago,C12,Preventiva,Mantención preventiva,2025-06-10,2025-06-14,2025-06-14,Cerrada,1.0,1,0
OT-000515,A-0014,Santiago,C12,Preventiva,Mantención preventiva,2025-08-10,2025-08-15,2025-08-15,Cerrada,4.0,1,0
OT-000516,A-0014,Santiago,C12,Preventiva,Mantención preventiva,2025-10-10,2025-10-12,2025-10-12,Cerrada,5.0,1,0
OT-000517,A-0014,Santiago,C12,Preventiva,Mantención preventiva,2025-12-10,2025-12-12,2025-12-12,Cerrada,7.5,1,0
OT-000518,A-0014,Santiago,C12,Preventiva,Mantención preventiva,2026-02-10,2026-02-10,2026-02-10,Cerrada,4.0,1,0
OT-000519,A-0014,Santiago,C12,Preventiva,Mantención preventiva,2026-04-10,2026-04-14,2026-04-14,Cerrada,4.5,1,0
OT-000520,A-0014,Santiago,C12,Preventiva,Mantención preventiva,2026-06-10,2026-06-14,2026-06-14,Cerrada,12.0,1,0
OT-000521,A-0014,Santiago,C12,Preventiva,Mantención preventiva,2026-08-10,2026-08-10,2026-08-10,Cerrada,2.5,1,0
OT-000522,A-0014,Santiago,C12,Preventiva,Mantención preventiva,2026-10-10,2026-10-11,2026-10-11,Cerrada,5.0,1,0
OT-000523,A-0014,Santiago,C12,Preventiva,Mantención preventiva,2026-12-10,,,Abierta,0,0,0
OT-000524,A-0014,Santiago,C12,Correctiva,Reparación correctiva,2025-04-12,2025-04-13,2025-04-13,Cerrada,5.5,5.5,11.5
OT-000525,A-0014,Santiago,C12,Correctiva,Reparación correctiva,2025-05-09,2025-05-10,2025-05-10,Cerrada,6.5,6.5,13.6
OT-000526,A-0014,Santiago,C12,Correctiva,Reparación correctiva,2025-07-25,2025-07-26,2025-07-26,Cerrada,4.0,4.0,10.5
OT-000527,A-0014,Santiago,C12,Correctiva,Reparación correctiva,2025-10-13,2025-10-14,2025-10-14,Cerrada,5.0,5.0,12.0
OT-000528,A-0014,Santiago,C12,Correctiva,Reparación correctiva,2025-10-23,2025-10-23,2025-10-24,Cerrada,4.5,4.5,10.7
OT-000529,A-0014,Santiago,C12,Correctiva,Reparación correctiva,2025-11-13,2025-11-13,2025-11-14,Cerrada,6.0,6.0,12.8
OT-000530,A-0014,Santiago,C12,Correctiva,Reparación correctiva,2026-02-28,2026-03-01,2026-03-01,Cerrada,2.0,2.0,7.2
OT-000531,A-0014,Santiago,C12,Correctiva,Reparación correctiva,2026-03-11,2026-03-12,2026-03-12,Cerrada,9.5,9.5,20.0
OT-000532,A-0014,Santiago,C12,Correctiva,Reparación correctiva,2026-03-28,2026-03-28,2026-03-28,Cerrada,4.5,4.5,16.3
OT-000533,A-0014,Santiago,C12,Correctiva,Reparación correctiva,2026-04-12,2026-04-13,2026-04-13,Cerrada,10.5,10.5,18.1
OT-000534,A-0014,Santiago,C12,Correctiva,Reparación correctiva,2026-05-29,2026-05-29,2026-05-30,Cerrada,7.5,7.5,11.3
OT-000535,A-0014,Santiago,C12,Correctiva,Reparación correctiva,2026-06-01,2026-06-01,2026-06-01,Cerrada,3.0,3.0,11.1
OT-000536,A-0014,Santiago,C12,Correctiva,Reparación correctiva,2026-07-15,2026-07-15,2026-07-16,Cerrada,2.0,2.0,11.0
OT-000537,A-0014,Santiago,C12,Correctiva,Reparación correctiva,2026-12-11,2026-12-11,2026-12-11,Cerrada,4.0,4.0,6.6
OT-000538,A-0015,Santiago,C12,Preventiva,Mantención preventiva,2025-02-22,2025-02-26,2025-02-26,Cerrada,8.0,1,0
OT-000539,A-0015,Santiago,C12,Preventiva,Mantención preventiva,2025-04-22,2025-04-25,2025-04-25,Cerrada,5.0,1,0
OT-000540,A-0015,Santiago,C12,Preventiva,Mantención preventiva,2025-06-22,2025-06-26,2025-06-26,Cerrada,1.5,1,0
OT-000541,A-0015,Santiago,C12,Preventiva,Mantención preventiva,2025-08-22,2025-08-26,2025-08-26,Cerrada,5.5,1,0
OT-000542,A-0015,Santiago,C12,Preventiva,Mantención preventiva,2025-10-22,2025-10-23,2025-10-23,Cerrada,3.5,1,0
OT-000543,A-0015,Santiago,C12,Preventiva,Mantención preventiva,2025-12-22,2025-12-26,2025-12-26,Cerrada,3.5,1,0
OT-000544,A-0015,Santiago,C12,Preventiva,Mantención preventiva,2026-02-22,2026-02-25,2026-02-25,Cerrada,2.0,1,0
OT-000545,A-0015,Santiago,C12,Preventiva,Mantención preventiva,2026-04-22,2026-04-27,2026-04-27,Cerrada,3.0,1,0
OT-000546,A-0015,Santiago,C12,Preventiva,Mantención preventiva,2026-06-22,2026-06-28,2026-06-28,Cerrada,4.0,1,0
OT-000547,A-0015,Santiago,C12,Preventiva,Mantención preventiva,2026-08-22,2026-08-22,2026-08-22,Cerrada,4.0,1,0
OT-000548,A-0015,Santiago,C12,Preventiva,Mantención preventiva,2026-10-22,2026-10-26,2026-10-26,Cerrada,4.5,1,0
OT-000549,A-0015,Santiago,C12,Preventiva,Mantención preventiva,2026-12-22,2026-12-25,2026-12-25,Cerrada,6.0,1,0
OT-000550,A-0015,Santiago,C12,Correctiva,Reparación correctiva,2025-01-17,2025-01-17,2025-01-18,Cerrada,8.5,8.5,16.2
OT-000551,A-0015,Santiago,C12,Correctiva,Reparación correctiva,2025-01-20,2025-01-20,2025-01-20,Cerrada,2.5,2.5,6.7
OT-000552,A-0015,Santiago,C12,Correctiva,Reparación correctiva,2025-04-05,2025-04-05,2025-04-06,Cerrada,6.0,6.0,15.7
OT-000553,A-0015,Santiago,C12,Correctiva,Reparación correctiva,2025-06-21,2025-06-21,2025-06-21,Cerrada,7.0,7.0,11.7
OT-000554,A-0015,Santiago,C12,Correctiva,Reparación correctiva,2025-10-27,2025-10-27,2025-10-27,Cerrada,4.0,4.0,10.4
OT-000555,A-0015,Santiago,C12,Correctiva,Reparación correctiva,2026-02-24,2026-02-24,2026-02-24,Cerrada,3.5,3.5,12.0
OT-000556,A-0015,Santiago,C12,Correctiva,Reparación correctiva,2026-08-21,2026-08-21,2026-08-22,Cerrada,8.5,8.5,11.4
OT-000557,A-0015,Santiago,C12,Correctiva,Reparación correctiva,2026-12-20,2026-12-20,2026-12-21,Cerrada,14.5,14.5,23.4
OT-000558,A-0016,Santiago,C12,Preventiva,Mantención preventiva,2025-01-26,2025-01-27,2025-01-27,Cerrada,8.5,1,0
OT-000559,A-0016,Santiago,C12,Preventiva,Mantención preventiva,2025-03-26,2025-03-30,2025-03-30,Cerrada,4.5,1,0
OT-000560,A-0016,Santiago,C12,Preventiva,Mantención preventiva,2025-05-26,2025-05-28,2025-05-28,Cerrada,18.0,1,0
OT-000561,A-0016,Santiago,C12,Preventiva,Mantención preventiva,2025-07-26,2025-07-31,2025-07-31,Cerrada,6.0,1,0
OT-000562,A-0016,Santiago,C12,Preventiva,Mantención preventiva,2025-09-26,2025-09-29,2025-09-29,Cerrada,6.5,1,0
OT-000563,A-0016,Santiago,C12,Preventiva,Mantención preventiva,2025-11-26,2025-11-27,2025-11-27,Cerrada,2.5,1,0
OT-000564,A-0016,Santiago,C12,Preventiva,Mantención preventiva,2026-01-26,2026-02-01,2026-02-01,Cerrada,6.0,1,0
OT-000565,A-0016,Santiago,C12,Preventiva,Mantención preventiva,2026-03-26,2026-03-28,2026-03-28,Cerrada,5.0,1,0
OT-000566,A-0016,Santiago,C12,Preventiva,Mantención preventiva,2026-05-26,2026-06-01,2026-06-01,Cerrada,4.5,1,0
OT-000567,A-0016,Santiago,C12,Preventiva,Mantención preventiva,2026-07-26,2026-08-26,2026-08-26,Cerrada,4.0,1,0
OT-000568,A-0016,Santiago,C12,Preventiva,Mantención preventiva,2026-09-26,2026-10-02,2026-10-02,Cerrada,11.5,1,0
OT-000569,A-0016,Santiago,C12,Preventiva,Mantención preventiva,2026-11-26,2026-11-29,2026-11-29,Cerrada,6.5,1,0
OT-000570,A-0016,Santiago,C12,Correctiva,Reparación correctiva,2025-06-20,2025-06-21,2025-06-21,Cerrada,11.0,11.0,21.0
OT-000571,A-0016,Santiago,C12,Correctiva,Reparación correctiva,2025-07-25,2025-07-26,2025-07-26,Cerrada,6.5,6.5,11.3
OT-000572,A-0016,Santiago,C12,Correctiva,Reparación correctiva,2026-01-14,2026-01-14,2026-01-14,Cerrada,1.5,1.5,11.4
OT-000573,A-0016,Santiago,C12,Correctiva,Reparación correctiva,2026-07-21,2026-07-21,2026-07-21,Cerrada,5.0,5.0,7.9
OT-000574,A-0016,Santiago,C12,Correctiva,Reparación correctiva,2026-10-27,2026-10-28,2026-10-28,Cerrada,14.5,14.5,23.0
OT-000575,A-0016,Santiago,C12,Correctiva,Reparación correctiva,2026-12-17,2026-12-17,2026-12-17,Cerrada,3.5,3.5,6.4
OT-000576,A-0016,Santiago,C12,Correctiva,Reparación correctiva,2026-12-24,2026-12-24,2026-12-25,Cerrada,6.0,6.0,13.9
OT-000577,A-0016,Santiago,C12,Correctiva,Reparación correctiva,2026-12-25,2026-12-25,2026-12-26,Cerrada,8.5,8.5,13.9
OT-000578,A-0017,Santiago,C12,Preventiva,Mantención preventiva,2025-01-24,2025-01-24,2025-01-24,Cerrada,1.0,1,0
OT-000579,A-0017,Santiago,C12,Preventiva,Mantención preventiva,2025-03-24,2025-03-30,2025-03-30,Cerrada,6.5,1,0
OT-000580,A-0017,Santiago,C12,Preventiva,Mantención preventiva,2025-05-24,2025-05-28,2025-05-28,Cerrada,3.5,1,0
OT-000581,A-0017,Santiago,C12,Preventiva,Mantención preventiva,2025-07-24,2025-07-25,2025-07-25,Cerrada,12.0,1,0
OT-000582,A-0017,Santiago,C12,Preventiva,Mantención preventiva,2025-09-24,2025-09-25,2025-09-25,Cerrada,7.5,1,0
OT-000583,A-0017,Santiago,C12,Preventiva,Mantención preventiva,2025-11-24,2025-11-27,2025-11-27,Cerrada,3.5,1,0
OT-000584,A-0017,Santiago,C12,Preventiva,Mantención preventiva,2026-01-24,2026-01-24,2026-01-24,Cerrada,2.5,1,0
OT-000585,A-0017,Santiago,C12,Preventiva,Mantención preventiva,2026-03-24,2026-03-26,2026-03-26,Cerrada,10.0,1,0
OT-000586,A-0017,Santiago,C12,Preventiva,Mantención preventiva,2026-05-24,2026-05-29,2026-05-29,Cerrada,6.5,1,0
OT-000587,A-0017,Santiago,C12,Preventiva,Mantención preventiva,2026-07-24,2026-07-25,2026-07-25,Cerrada,6.0,1,0
OT-000588,A-0017,Santiago,C12,Preventiva,Mantención preventiva,2026-09-24,2026-09-30,2026-09-30,Cerrada,10.0,1,0
OT-000589,A-0017,Santiago,C12,Preventiva,Mantención preventiva,2026-11-24,2026-11-27,2026-11-27,Cerrada,5.0,1,0
OT-000590,A-0017,Santiago,C12,Correctiva,Reparación correctiva,2025-07-17,2025-07-17,2025-07-17,Cerrada,5.0,5.0,7.1
OT-000591,A-0017,Santiago,C12,Correctiva,Reparación correctiva,2025-08-30,2025-08-31,2025-08-31,Cerrada,5.0,5.0,15.4
OT-000592,A-0017,Santiago,C12,Correctiva,Reparación correctiva,2025-09-16,2025-09-16,2025-09-17,Cerrada,6.5,6.5,13.2
OT-000593,A-0017,Santiago,C12,Correctiva,Reparación correctiva,2025-10-08,2025-10-09,2025-10-09,Cerrada,12.0,12.0,23.2
OT-000594,A-0017,Santiago,C12,Correctiva,Reparación correctiva,2025-11-07,2025-11-08,2025-11-08,Cerrada,9.5,9.5,18.6
OT-000595,A-0017,Santiago,C12,Correctiva,Reparación correctiva,2025-12-24,2025-12-24,2025-12-24,Cerrada,6.5,6.5,14.9
OT-000596,A-0017,Santiago,C12,Correctiva,Reparación correctiva,2026-01-01,2026-01-01,2026-01-01,Cerrada,3.5,3.5,6.3
OT-000597,A-0017,Santiago,C12,Correctiva,Reparación correctiva,2026-03-21,2026-03-22,2026-03-22,Cerrada,9.0,9.0,18.6
OT-000598,A-0017,Santiago,C12,Correctiva,Reparación correctiva,2026-04-24,2026-04-24,2026-04-24,Cerrada,10.5,10.5,16.9
OT-000599,A-0017,Santiago,C12,Correctiva,Reparación correctiva,2026-05-19,2026-05-19,2026-05-19,Cerrada,2.5,2.5,13.7
OT-000600,A-0017,Santiago,C12,Correctiva,Reparación correctiva,2026-05-24,2026-05-24,2026-05-24,Cerrada,7.0,7.0,15.7
OT-000601,A-0017,Santiago,C12,Correctiva,Reparación correctiva,2026-05-25,2026-05-25,2026-05-25,Cerrada,4.5,4.5,7.9
OT-000602,A-0017,Santiago,C12,Correctiva,Reparación correctiva,2026-10-28,2026-10-28,2026-10-28,Cerrada,3.5,3.5,8.1
OT-000603,A-0018,Santiago,C12,Preventiva,Mantención preventiva,2025-01-25,2025-01-27,2025-01-27,Cerrada,6.5,1,0
OT-000604,A-0018,Santiago,C12,Preventiva,Mantención preventiva,2025-03-25,2025-03-30,2025-03-30,Cerrada,4.5,1,0
OT-000605,A-0018,Santiago,C12,Preventiva,Mantención preventiva,2025-05-25,2025-05-31,2025-05-31,Cerrada,4.5,1,0
OT-000606,A-0018,Santiago,C12,Preventiva,Mantención preventiva,2025-07-25,2025-07-25,2025-07-25,Cerrada,13.5,1,0
OT-000607,A-0018,Santiago,C12,Preventiva,Mantención preventiva,2025-09-25,2025-09-30,2025-09-30,Cerrada,4.5,1,0
OT-000608,A-0018,Santiago,C12,Preventiva,Mantención preventiva,2025-11-25,2025-11-26,2025-11-26,Cerrada,2.0,1,0
OT-000609,A-0018,Santiago,C12,Preventiva,Mantención preventiva,2026-01-25,2026-02-13,2026-02-13,Cerrada,7.5,1,0
OT-000610,A-0018,Santiago,C12,Preventiva,Mantención preventiva,2026-03-25,2026-03-28,2026-03-28,Cerrada,3.0,1,0
OT-000611,A-0018,Santiago,C12,Preventiva,Mantención preventiva,2026-05-25,2026-05-27,2026-05-27,Cerrada,3.5,1,0
OT-000612,A-0018,Santiago,C12,Preventiva,Mantención preventiva,2026-07-25,2026-07-29,2026-07-29,Cerrada,5.0,1,0
OT-000613,A-0018,Santiago,C12,Preventiva,Mantención preventiva,2026-09-25,2026-09-29,2026-09-29,Cerrada,2.0,1,0
OT-000614,A-0018,Santiago,C12,Preventiva,Mantención preventiva,2026-11-25,2026-12-01,2026-12-01,Cerrada,3.5,1,0
OT-000615,A-0018,Santiago,C12,Correctiva,Reparación correctiva,2025-02-24,2025-02-25,2025-02-25,Cerrada,2.5,2.5,8.2
OT-000616,A-0018,Santiago,C12,Correctiva,Reparación correctiva,2025-06-26,2025-06-26,2025-06-26,Cerrada,10.0,10.0,14.4
OT-000617,A-0018,Santiago,C12,Correctiva,Reparación correctiva,2025-11-16,2025-11-16,2025-11-16,Cerrada,6.5,6.5,10.0
OT-000618,A-0018,Santiago,C12,Correctiva,Reparación correctiva,2026-03-02,2026-03-02,2026-03-02,Cerrada,3.0,3.0,5.1
OT-000619,A-0018,Santiago,C12,Correctiva,Reparación correctiva,2026-04-13,2026-04-14,2026-04-14,Cerrada,5.0,5.0,14.4
OT-000620,A-0019,Concepción,C12,Preventiva,Mantención preventiva,2025-02-16,2025-03-05,2025-03-05,Cerrada,5.5,1,0
OT-000621,A-0019,Concepción,C12,Preventiva,Mantención preventiva,2025-04-16,2025-05-20,2025-05-20,Cerrada,6.0,1,0
OT-000622,A-0019,Concepción,C12,Preventiva,Mantención preventiva,2025-06-16,2025-06-29,2025-06-29,Cerrada,5.0,1,0
OT-000623,A-0019,Concepción,C12,Preventiva,Mantención preventiva,2025-08-16,2025-08-19,2025-08-19,Cerrada,1.5,1,0
OT-000624,A-0019,Concepción,C12,Preventiva,Mantención preventiva,2025-10-16,2025-10-17,2025-10-17,Cerrada,3.0,1,0
OT-000625,A-0019,Concepción,C12,Preventiva,Mantención preventiva,2025-12-16,2025-12-22,2025-12-22,Cerrada,2.5,1,0
OT-000626,A-0019,Concepción,C12,Preventiva,Mantención preventiva,2026-02-16,2026-02-19,2026-02-19,Cerrada,3.5,1,0
OT-000627,A-0019,Concepción,C12,Preventiva,Mantención preventiva,2026-04-16,2026-04-22,2026-04-22,Cerrada,5.5,1,0
OT-000628,A-0019,Concepción,C12,Preventiva,Mantención preventiva,2026-06-16,2026-06-19,2026-06-19,Cerrada,4.0,1,0
OT-000629,A-0019,Concepción,C12,Preventiva,Mantención preventiva,2026-08-16,2026-08-22,2026-08-22,Cerrada,3.0,1,0
OT-000630,A-0019,Concepción,C12,Preventiva,Mantención preventiva,2026-10-16,2026-10-16,2026-10-16,Cerrada,2.5,1,0
OT-000631,A-0019,Concepción,C12,Preventiva,Mantención preventiva,2026-12-16,2026-12-17,2026-12-17,Cerrada,7.0,1,0
OT-000632,A-0019,Concepción,C12,Correctiva,Reparación correctiva,2025-01-09,2025-01-09,2025-01-09,Cerrada,4.5,4.5,9.0
OT-000633,A-0019,Concepción,C12,Correctiva,Reparación correctiva,2025-04-21,2025-04-21,2025-04-21,Cerrada,5.0,5.0,9.6
OT-000634,A-0019,Concepción,C12,Correctiva,Reparación correctiva,2025-08-23,2025-08-23,2025-08-23,Cerrada,5.0,5.0,9.5
OT-000635,A-0019,Concepción,C12,Correctiva,Reparación correctiva,2025-09-05,2025-09-06,2025-09-06,Cerrada,4.5,4.5,6.6
OT-000636,A-0019,Concepción,C12,Correctiva,Reparación correctiva,2025-12-08,2025-12-08,2025-12-08,Cerrada,2.0,2.0,9.8
OT-000637,A-0019,Concepción,C12,Correctiva,Reparación correctiva,2025-12-10,2025-12-10,2025-12-10,Cerrada,12.0,12.0,14.6
OT-000638,A-0019,Concepción,C12,Correctiva,Reparación correctiva,2025-12-22,2025-12-22,2025-12-23,Cerrada,9.5,9.5,20.6
OT-000639,A-0019,Concepción,C12,Correctiva,Reparación correctiva,2025-12-26,2025-12-26,2025-12-26,Cerrada,3.0,3.0,9.6
OT-000640,A-0019,Concepción,C12,Correctiva,Reparación correctiva,2026-05-30,2026-05-30,2026-05-31,Cerrada,4.0,4.0,9.9
OT-000641,A-0019,Concepción,C12,Correctiva,Reparación correctiva,2026-06-18,2026-06-18,2026-06-18,Cerrada,7.0,7.0,11.8
OT-000642,A-0019,Concepción,C12,Correctiva,Reparación correctiva,2026-07-19,2026-07-20,2026-07-20,Cerrada,6.5,6.5,12.6
OT-000643,A-0019,Concepción,C12,Correctiva,Reparación correctiva,2026-08-18,2026-08-18,2026-08-18,Cerrada,6.5,6.5,9.9
OT-000644,A-0020,Concepción,C12,Preventiva,Mantención preventiva,2025-01-13,2025-01-15,2025-01-15,Cerrada,4.0,1,0
OT-000645,A-0020,Concepción,C12,Preventiva,Mantención preventiva,2025-03-13,2025-03-17,2025-03-17,Cerrada,4.5,1,0
OT-000646,A-0020,Concepción,C12,Preventiva,Mantención preventiva,2025-05-13,2025-05-15,2025-05-15,Cerrada,4.5,1,0
OT-000647,A-0020,Concepción,C12,Preventiva,Mantención preventiva,2025-07-13,2025-07-15,2025-07-15,Cerrada,5.0,1,0
OT-000648,A-0020,Concepción,C12,Preventiva,Mantención preventiva,2025-09-13,,,Abierta,0,0,0
OT-000649,A-0020,Concepción,C12,Preventiva,Mantención preventiva,2025-11-13,2025-11-27,2025-11-27,Cerrada,3.0,1,0
OT-000650,A-0020,Concepción,C12,Preventiva,Mantención preventiva,2026-01-13,2026-01-19,2026-01-19,Cerrada,2.0,1,0
OT-000651,A-0020,Concepción,C12,Preventiva,Mantención preventiva,2026-03-13,2026-03-14,2026-03-14,Cerrada,3.0,1,0
OT-000652,A-0020,Concepción,C12,Preventiva,Mantención preventiva,2026-05-13,2026-05-15,2026-05-15,Cerrada,5.0,1,0
OT-000653,A-0020,Concepción,C12,Preventiva,Mantención preventiva,2026-07-13,2026-07-19,2026-07-19,Cerrada,8.5,1,0
OT-000654,A-0020,Concepción,C12,Preventiva,Mantención preventiva,2026-09-13,2026-09-16,2026-09-16,Cerrada,4.5,1,0
OT-000655,A-0020,Concepción,C12,Preventiva,Mantención preventiva,2026-11-13,2026-11-15,2026-11-15,Cerrada,7.0,1,0
OT-000656,A-0020,Concepción,C12,Correctiva,Reparación correctiva,2025-01-13,2025-01-13,2025-01-14,Cerrada,16.0,16.0,25.2
OT-000657,A-0020,Concepción,C12,Correctiva,Reparación correctiva,2025-05-27,2025-05-28,2025-05-28,Cerrada,5.5,5.5,16.0
OT-000658,A-0020,Concepción,C12,Correctiva,Reparación correctiva,2025-06-28,2025-06-29,2025-06-29,Cerrada,7.0,7.0,10.4
OT-000659,A-0020,Concepción,C12,Correctiva,Reparación correctiva,2026-05-06,2026-05-07,2026-05-07,Cerrada,3.0,3.0,11.9
OT-000660,A-0020,Concepción,C12,Correctiva,Reparación correctiva,2026-05-24,2026-05-24,2026-05-24,Cerrada,7.5,7.5,12.6
OT-000661,A-0020,Concepción,C12,Correctiva,Reparación correctiva,2026-09-18,2026-09-19,2026-09-19,Cerrada,12.0,12.0,23.5
OT-000662,A-0021,Concepción,C12,Preventiva,Mantención preventiva,2025-01-06,2025-01-12,2025-01-12,Cerrada,11.5,1,0
OT-000663,A-0021,Concepción,C12,Preventiva,Mantención preventiva,2025-03-06,2025-03-11,2025-03-11,Cerrada,2.5,1,0
OT-000664,A-0021,Concepción,C12,Preventiva,Mantención preventiva,2025-05-06,2025-05-11,2025-05-11,Cerrada,7.5,1,0
OT-000665,A-0021,Concepción,C12,Preventiva,Mantención preventiva,2025-07-06,2025-07-09,2025-07-09,Cerrada,5.5,1,0
OT-000666,A-0021,Concepción,C12,Preventiva,Mantención preventiva,2025-09-06,2025-09-11,2025-09-11,Cerrada,2.0,1,0
OT-000667,A-0021,Concepción,C12,Preventiva,Mantención preventiva,2025-11-06,2025-11-07,2025-11-07,Cerrada,9.0,1,0
OT-000668,A-0021,Concepción,C12,Preventiva,Mantención preventiva,2026-01-06,2026-01-10,2026-01-10,Cerrada,2.0,1,0
OT-000669,A-0021,Concepción,C12,Preventiva,Mantención preventiva,2026-03-06,2026-03-10,2026-03-10,Cerrada,7.0,1,0
OT-000670,A-0021,Concepción,C12,Preventiva,Mantención preventiva,2026-05-06,2026-05-06,2026-05-06,Cerrada,2.5,1,0
OT-000671,A-0021,Concepción,C12,Preventiva,Mantención preventiva,2026-07-06,2026-07-07,2026-07-07,Cerrada,7.0,1,0
OT-000672,A-0021,Concepción,C12,Preventiva,Mantención preventiva,2026-09-06,2026-09-06,2026-09-06,Cerrada,3.5,1,0
OT-000673,A-0021,Concepción,C12,Preventiva,Mantención preventiva,2026-11-06,2026-11-09,2026-11-09,Cerrada,3.0,1,0
OT-000674,A-0021,Concepción,C12,Correctiva,Reparación correctiva,2025-04-18,2025-04-18,2025-04-19,Cerrada,8.0,8.0,17.2
OT-000675,A-0021,Concepción,C12,Correctiva,Reparación correctiva,2025-05-18,2025-05-18,2025-05-18,Cerrada,2.0,2.0,6.4
OT-000676,A-0021,Concepción,C12,Correctiva,Reparación correctiva,2025-10-30,2025-10-30,2025-10-30,Cerrada,5.0,5.0,8.5
OT-000677,A-0021,Concepción,C12,Correctiva,Reparación correctiva,2025-11-30,2025-11-30,2025-12-01,Cerrada,7.0,7.0,15.6
OT-000678,A-0021,Concepción,C12,Correctiva,Reparación correctiva,2025-12-02,2025-12-03,2025-12-03,Cerrada,5.0,5.0,8.7
OT-000679,A-0021,Concepción,C12,Correctiva,Reparación correctiva,2026-05-18,2026-05-19,2026-05-19,Cerrada,5.0,5.0,10.1
OT-000680,A-0021,Concepción,C12,Correctiva,Reparación correctiva,2026-08-24,2026-08-24,2026-08-24,Cerrada,6.5,6.5,9.4
OT-000681,A-0022,Concepción,C12,Preventiva,Mantención preventiva,2025-02-06,2025-02-08,2025-02-08,Cerrada,4.0,1,0
OT-000682,A-0022,Concepción,C12,Preventiva,Mantención preventiva,2025-04-06,2025-04-10,2025-04-10,Cerrada,5.0,1,0
OT-000683,A-0022,Concepción,C12,Preventiva,Mantención preventiva,2025-06-06,2025-06-10,2025-06-10,Cerrada,3.0,1,0
OT-000684,A-0022,Concepción,C12,Preventiva,Mantención preventiva,2025-08-06,2025-08-06,2025-08-06,Cerrada,3.5,1,0
OT-000685,A-0022,Concepción,C12,Preventiva,Mantención preventiva,2025-10-06,2025-10-09,2025-10-09,Cerrada,4.5,1,0
OT-000686,A-0022,Concepción,C12,Preventiva,Mantención preventiva,2025-12-06,2025-12-09,2025-12-09,Cerrada,4.5,1,0
OT-000687,A-0022,Concepción,C12,Preventiva,Mantención preventiva,2026-02-06,2026-02-11,2026-02-11,Cerrada,9.5,1,0
OT-000688,A-0022,Concepción,C12,Preventiva,Mantención preventiva,2026-04-06,2026-04-24,2026-04-24,Cerrada,2.5,1,0
OT-000689,A-0022,Concepción,C12,Preventiva,Mantención preventiva,2026-06-06,,,Abierta,0,0,0
OT-000690,A-0022,Concepción,C12,Preventiva,Mantención preventiva,2026-08-06,2026-08-12,2026-08-12,Cerrada,9.0,1,0
OT-000691,A-0022,Concepción,C12,Preventiva,Mantención preventiva,2026-10-06,2026-10-11,2026-10-11,Cerrada,3.5,1,0
OT-000692,A-0022,Concepción,C12,Preventiva,Mantención preventiva,2026-12-06,2026-12-08,2026-12-08,Cerrada,5.5,1,0
OT-000693,A-0022,Concepción,C12,Correctiva,Reparación correctiva,2025-01-02,2025-01-02,2025-01-02,Cerrada,9.0,9.0,18.0
OT-000694,A-0022,Concepción,C12,Correctiva,Reparación correctiva,2025-01-12,2025-01-13,2025-01-13,Cerrada,7.0,7.0,10.5
OT-000695,A-0022,Concepción,C12,Correctiva,Reparación correctiva,2025-11-10,2025-11-10,2025-11-10,Cerrada,3.0,3.0,6.0
OT-000696,A-0022,Concepción,C12,Correctiva,Reparación correctiva,2026-01-25,2026-01-25,2026-01-25,Cerrada,3.5,3.5,10.2
OT-000697,A-0022,Concepción,C12,Correctiva,Reparación correctiva,2026-04-22,2026-04-22,2026-04-22,Cerrada,5.0,5.0,13.8
OT-000698,A-0022,Concepción,C12,Correctiva,Reparación correctiva,2026-10-29,2026-10-29,2026-10-29,Cerrada,2.5,2.5,11.4
OT-000699,A-0022,Concepción,C12,Correctiva,Reparación correctiva,2026-11-26,2026-11-26,2026-11-26,Cerrada,3.0,3.0,8.7
OT-000700,A-0022,Concepción,C12,Correctiva,Reparación correctiva,2026-12-29,2026-12-30,2026-12-31,Cerrada,17.5,17.5,27.9
OT-000701,A-0023,Concepción,C12,Preventiva,Mantención preventiva,2025-01-05,2025-01-10,2025-01-10,Cerrada,3.0,1,0
OT-000702,A-0023,Concepción,C12,Preventiva,Mantención preventiva,2025-03-05,2025-03-08,2025-03-08,Cerrada,5.0,1,0
OT-000703,A-0023,Concepción,C12,Preventiva,Mantención preventiva,2025-05-05,2025-05-11,2025-05-11,Cerrada,3.5,1,0
OT-000704,A-0023,Concepción,C12,Preventiva,Mantención preventiva,2025-07-05,2025-07-07,2025-07-07,Cerrada,8.0,1,0
OT-000705,A-0023,Concepción,C12,Preventiva,Mantención preventiva,2025-09-05,2025-09-07,2025-09-07,Cerrada,6.0,1,0
OT-000706,A-0023,Concepción,C12,Preventiva,Mantención preventiva,2025-11-05,2025-11-09,2025-11-09,Cerrada,6.5,1,0
OT-000707,A-0023,Concepción,C12,Preventiva,Mantención preventiva,2026-01-05,2026-01-07,2026-01-07,Cerrada,5.5,1,0
OT-000708,A-0023,Concepción,C12,Preventiva,Mantención preventiva,2026-03-05,2026-03-09,2026-03-09,Cerrada,1.0,1,0
OT-000709,A-0023,Concepción,C12,Preventiva,Mantención preventiva,2026-05-05,2026-05-06,2026-05-06,Cerrada,3.0,1,0
OT-000710,A-0023,Concepción,C12,Preventiva,Mantención preventiva,2026-07-05,2026-07-11,2026-07-11,Cerrada,4.0,1,0
OT-000711,A-0023,Concepción,C12,Preventiva,Mantención preventiva,2026-09-05,2026-09-11,2026-09-11,Cerrada,5.5,1,0
OT-000712,A-0023,Concepción,C12,Preventiva,Mantención preventiva,2026-11-05,2026-11-06,2026-11-06,Cerrada,3.0,1,0
OT-000713,A-0023,Concepción,C12,Correctiva,Reparación correctiva,2025-01-23,2025-01-24,2025-01-24,Cerrada,8.0,8.0,12.1
OT-000714,A-0023,Concepción,C12,Correctiva,Reparación correctiva,2025-07-22,2025-07-23,2025-07-23,Cerrada,8.5,8.5,20.2
OT-000715,A-0023,Concepción,C12,Correctiva,Reparación correctiva,2025-08-04,2025-08-04,2025-08-05,Cerrada,8.5,8.5,12.2
OT-000716,A-0023,Concepción,C12,Correctiva,Reparación correctiva,2025-10-28,2025-10-28,2025-10-29,Cerrada,12.0,12.0,23.4
OT-000717,A-0023,Concepción,C12,Correctiva,Reparación correctiva,2025-11-26,2025-11-26,2025-11-26,Cerrada,11.0,11.0,22.0
OT-000718,A-0023,Concepción,C12,Correctiva,Reparación correctiva,2025-12-18,2025-12-18,2025-12-18,Cerrada,6.5,6.5,11.5
OT-000719,A-0023,Concepción,C12,Correctiva,Reparación correctiva,2026-03-07,2026-03-07,2026-03-07,Cerrada,12.5,12.5,14.6
OT-000720,A-0023,Concepción,C12,Correctiva,Reparación correctiva,2026-05-27,2026-05-27,2026-05-27,Cerrada,8.5,8.5,13.3
OT-000721,A-0023,Concepción,C12,Correctiva,Reparación correctiva,2026-07-03,2026-07-03,2026-07-03,Cerrada,5.0,5.0,9.8
OT-000722,A-0023,Concepción,C12,Correctiva,Reparación correctiva,2026-10-07,2026-10-07,2026-10-08,Cerrada,7.0,7.0,18.5
OT-000723,A-0023,Concepción,C12,Correctiva,Reparación correctiva,2026-12-11,2026-12-12,2026-12-12,Cerrada,10.0,10.0,14.4
OT-000724,A-0024,Concepción,C12,Preventiva,Mantención preventiva,2025-01-24,2025-01-27,2025-01-27,Cerrada,4.0,1,0
OT-000725,A-0024,Concepción,C12,Preventiva,Mantención preventiva,2025-03-24,2025-03-29,2025-03-29,Cerrada,2.5,1,0
OT-000726,A-0024,Concepción,C12,Preventiva,Mantención preventiva,2025-05-24,2025-05-29,2025-05-29,Cerrada,6.0,1,0
OT-000727,A-0024,Concepción,C12,Preventiva,Mantención preventiva,2025-07-24,2025-07-30,2025-07-30,Cerrada,6.0,1,0
OT-000728,A-0024,Concepción,C12,Preventiva,Mantención preventiva,2025-09-24,2025-09-27,2025-09-27,Cerrada,2.5,1,0
OT-000729,A-0024,Concepción,C12,Preventiva,Mantención preventiva,2025-11-24,2025-11-30,2025-11-30,Cerrada,13.0,1,0
OT-000730,A-0024,Concepción,C12,Preventiva,Mantención preventiva,2026-01-24,2026-01-25,2026-01-25,Cerrada,6.0,1,0
OT-000731,A-0024,Concepción,C12,Preventiva,Mantención preventiva,2026-03-24,2026-03-26,2026-03-26,Cerrada,3.0,1,0
OT-000732,A-0024,Concepción,C12,Preventiva,Mantención preventiva,2026-05-24,2026-05-24,2026-05-24,Cerrada,3.5,1,0
OT-000733,A-0024,Concepción,C12,Preventiva,Mantención preventiva,2026-07-24,2026-07-28,2026-07-28,Cerrada,4.5,1,0
OT-000734,A-0024,Concepción,C12,Preventiva,Mantención preventiva,2026-09-24,2026-09-26,2026-09-26,Cerrada,2.5,1,0
OT-000735,A-0024,Concepción,C12,Preventiva,Mantención preventiva,2026-11-24,2026-11-25,2026-11-25,Cerrada,3.5,1,0
OT-000736,A-0024,Concepción,C12,Correctiva,Reparación correctiva,2025-02-24,2025-02-24,2025-02-24,Cerrada,11.0,11.0,15.1
OT-000737,A-0024,Concepción,C12,Correctiva,Reparación correctiva,2025-03-11,2025-03-12,2025-03-12,Cerrada,8.0,8.0,17.9
OT-000738,A-0024,Concepción,C12,Correctiva,Reparación correctiva,2025-05-01,2025-05-02,2025-05-02,Cerrada,5.5,5.5,11.8
OT-000739,A-0024,Concepción,C12,Correctiva,Reparación correctiva,2025-05-02,2025-05-03,2025-05-03,Cerrada,6.0,6.0,13.3
OT-000740,A-0024,Concepción,C12,Correctiva,Reparación correctiva,2025-05-03,2025-05-04,2025-05-04,Cerrada,5.0,5.0,14.3
OT-000741,A-0024,Concepción,C12,Correctiva,Reparación correctiva,2025-07-05,2025-07-06,2025-07-06,Cerrada,13.0,13.0,18.1
OT-000742,A-0024,Concepción,C12,Correctiva,Reparación correctiva,2025-09-09,2025-09-10,2025-09-10,Cerrada,5.0,5.0,12.2
OT-000743,A-0024,Concepción,C12,Correctiva,Reparación correctiva,2025-09-22,2025-09-23,2025-09-23,Cerrada,6.0,6.0,18.0
OT-000744,A-0024,Concepción,C12,Correctiva,Reparación correctiva,2025-10-09,2025-10-09,2025-10-09,Cerrada,6.0,6.0,17.1
OT-000745,A-0024,Concepción,C12,Correctiva,Reparación correctiva,2026-01-28,2026-01-29,2026-01-29,Cerrada,4.5,4.5,14.4
OT-000746,A-0024,Concepción,C12,Correctiva,Reparación correctiva,2026-06-10,2026-06-10,2026-06-11,Cerrada,6.5,6.5,14.7
OT-000747,A-0024,Concepción,C12,Correctiva,Reparación correctiva,2026-06-20,2026-06-21,2026-06-21,Cerrada,5.5,5.5,15.9
OT-000748,A-0024,Concepción,C12,Correctiva,Reparación correctiva,2026-07-17,2026-07-17,2026-07-17,Cerrada,2.5,2.5,11.5
OT-000749,A-0024,Concepción,C12,Correctiva,Reparación correctiva,2026-07-18,2026-07-18,2026-07-18,Cerrada,2.5,2.5,8.7
OT-000750,A-0024,Concepción,C12,Correctiva,Reparación correctiva,2026-10-13,2026-10-14,2026-10-14,Cerrada,3.0,3.0,12.0
OT-000751,A-0024,Concepción,C12,Correctiva,Reparación correctiva,2026-12-17,2026-12-17,2026-12-17,Cerrada,2.5,2.5,10.7
OT-000752,A-0025,Antofagasta,C12,Preventiva,Mantención preventiva,2025-01-25,2025-01-29,2025-01-29,Cerrada,8.5,1,0
OT-000753,A-0025,Antofagasta,C12,Preventiva,Mantención preventiva,2025-03-25,2025-03-26,2025-03-26,Cerrada,2.0,1,0
OT-000754,A-0025,Antofagasta,C12,Preventiva,Mantención preventiva,2025-05-25,2025-05-28,2025-05-28,Cerrada,11.0,1,0
OT-000755,A-0025,Antofagasta,C12,Preventiva,Mantención preventiva,2025-07-25,2025-07-25,2025-07-25,Cerrada,5.5,1,0
OT-000756,A-0025,Antofagasta,C12,Preventiva,Mantención preventiva,2025-09-25,2025-09-27,2025-09-27,Cerrada,5.5,1,0
OT-000757,A-0025,Antofagasta,C12,Preventiva,Mantención preventiva,2025-11-25,2025-12-19,2025-12-19,Cerrada,4.0,1,0
OT-000758,A-0025,Antofagasta,C12,Preventiva,Mantención preventiva,2026-01-25,2026-01-25,2026-01-25,Cerrada,7.0,1,0
OT-000759,A-0025,Antofagasta,C12,Preventiva,Mantención preventiva,2026-03-25,2026-03-28,2026-03-28,Cerrada,5.5,1,0
OT-000760,A-0025,Antofagasta,C12,Preventiva,Mantención preventiva,2026-05-25,2026-05-25,2026-05-25,Cerrada,5.5,1,0
OT-000761,A-0025,Antofagasta,C12,Preventiva,Mantención preventiva,2026-07-25,2026-07-29,2026-07-29,Cerrada,2.0,1,0
OT-000762,A-0025,Antofagasta,C12,Preventiva,Mantención preventiva,2026-09-25,2026-09-27,2026-09-27,Cerrada,2.5,1,0
OT-000763,A-0025,Antofagasta,C12,Preventiva,Mantención preventiva,2026-11-25,2026-12-20,2026-12-20,Cerrada,12.0,1,0
OT-000764,A-0025,Antofagasta,C12,Correctiva,Reparación correctiva,2025-02-28,2025-02-28,2025-03-01,Cerrada,9.5,9.5,15.7
OT-000765,A-0025,Antofagasta,C12,Correctiva,Reparación correctiva,2025-03-13,2025-03-13,2025-03-13,Cerrada,6.0,6.0,15.3
OT-000766,A-0025,Antofagasta,C12,Correctiva,Reparación correctiva,2025-05-04,2025-05-04,2025-05-05,Cerrada,12.0,12.0,20.1
OT-000767,A-0025,Antofagasta,C12,Correctiva,Reparación correctiva,2025-10-29,2025-10-30,2025-10-30,Cerrada,6.0,6.0,16.8
OT-000768,A-0025,Antofagasta,C12,Correctiva,Reparación correctiva,2026-05-14,2026-05-14,2026-05-15,Cerrada,6.5,6.5,12.9
OT-000769,A-0025,Antofagasta,C12,Correctiva,Reparación correctiva,2026-09-07,2026-09-07,2026-09-07,Cerrada,6.5,6.5,10.7
OT-000770,A-0025,Antofagasta,C12,Correctiva,Reparación correctiva,2026-12-03,2026-12-03,2026-12-03,Cerrada,9.0,9.0,15.3
OT-000771,A-0026,Antofagasta,C12,Preventiva,Mantención preventiva,2025-02-05,2025-02-09,2025-02-09,Cerrada,11.0,1,0
OT-000772,A-0026,Antofagasta,C12,Preventiva,Mantención preventiva,2025-04-05,2025-04-06,2025-04-06,Cerrada,4.5,1,0
OT-000773,A-0026,Antofagasta,C12,Preventiva,Mantención preventiva,2025-06-05,2025-06-06,2025-06-06,Cerrada,2.0,1,0
OT-000774,A-0026,Antofagasta,C12,Preventiva,Mantención preventiva,2025-08-05,2025-08-07,2025-08-07,Cerrada,2.5,1,0
OT-000775,A-0026,Antofagasta,C12,Preventiva,Mantención preventiva,2025-10-05,2025-10-08,2025-10-08,Cerrada,4.0,1,0
OT-000776,A-0026,Antofagasta,C12,Preventiva,Mantención preventiva,2025-12-05,2025-12-08,2025-12-08,Cerrada,4.0,1,0
OT-000777,A-0026,Antofagasta,C12,Preventiva,Mantención preventiva,2026-02-05,2026-02-10,2026-02-10,Cerrada,2.0,1,0
OT-000778,A-0026,Antofagasta,C12,Preventiva,Mantención preventiva,2026-04-05,2026-04-09,2026-04-09,Cerrada,5.5,1,0
OT-000779,A-0026,Antofagasta,C12,Preventiva,Mantención preventiva,2026-06-05,2026-06-09,2026-06-09,Cerrada,5.0,1,0
OT-000780,A-0026,Antofagasta,C12,Preventiva,Mantención preventiva,2026-08-05,2026-08-07,2026-08-07,Cerrada,4.0,1,0
OT-000781,A-0026,Antofagasta,C12,Preventiva,Mantención preventiva,2026-10-05,2026-10-08,2026-10-08,Cerrada,2.0,1,0
OT-000782,A-0026,Antofagasta,C12,Preventiva,Mantención preventiva,2026-12-05,2026-12-10,2026-12-10,Cerrada,7.0,1,0
OT-000783,A-0026,Antofagasta,C12,Correctiva,Reparación correctiva,2025-01-11,2025-01-12,2025-01-12,Cerrada,4.0,4.0,13.6
OT-000784,A-0026,Antofagasta,C12,Correctiva,Reparación correctiva,2025-06-20,2025-06-20,2025-06-20,Cerrada,4.0,4.0,15.6
OT-000785,A-0026,Antofagasta,C12,Correctiva,Reparación correctiva,2025-10-07,2025-10-07,2025-10-07,Cerrada,4.0,4.0,6.5
OT-000786,A-0026,Antofagasta,C12,Correctiva,Reparación correctiva,2026-01-28,2026-01-29,2026-01-29,Cerrada,2.5,2.5,11.7
OT-000787,A-0026,Antofagasta,C12,Correctiva,Reparación correctiva,2026-02-16,2026-02-17,2026-02-17,Cerrada,5.0,5.0,16.3
OT-000788,A-0026,Antofagasta,C12,Correctiva,Reparación correctiva,2026-07-03,2026-07-03,2026-07-03,Cerrada,3.0,3.0,12.2
OT-000789,A-0027,Antofagasta,C12,Preventiva,Mantención preventiva,2025-01-25,2025-01-28,2025-01-28,Cerrada,2.0,1,0
OT-000790,A-0027,Antofagasta,C12,Preventiva,Mantención preventiva,2025-03-25,2025-03-25,2025-03-25,Cerrada,4.5,1,0
OT-000791,A-0027,Antofagasta,C12,Preventiva,Mantención preventiva,2025-05-25,2025-05-29,2025-05-29,Cerrada,5.5,1,0
OT-000792,A-0027,Antofagasta,C12,Preventiva,Mantención preventiva,2025-07-25,2025-07-25,2025-07-25,Cerrada,3.5,1,0
OT-000793,A-0027,Antofagasta,C12,Preventiva,Mantención preventiva,2025-09-25,2025-09-29,2025-09-29,Cerrada,8.0,1,0
OT-000794,A-0027,Antofagasta,C12,Preventiva,Mantención preventiva,2025-11-25,2025-11-30,2025-11-30,Cerrada,6.0,1,0
OT-000795,A-0027,Antofagasta,C12,Preventiva,Mantención preventiva,2026-01-25,2026-02-20,2026-02-20,Cerrada,4.0,1,0
OT-000796,A-0027,Antofagasta,C12,Preventiva,Mantención preventiva,2026-03-25,2026-03-30,2026-03-30,Cerrada,9.0,1,0
OT-000797,A-0027,Antofagasta,C12,Preventiva,Mantención preventiva,2026-05-25,2026-05-29,2026-05-29,Cerrada,14.0,1,0
OT-000798,A-0027,Antofagasta,C12,Preventiva,Mantención preventiva,2026-07-25,2026-08-15,2026-08-15,Cerrada,2.0,1,0
OT-000799,A-0027,Antofagasta,C12,Preventiva,Mantención preventiva,2026-09-25,2026-09-27,2026-09-27,Cerrada,2.0,1,0
OT-000800,A-0027,Antofagasta,C12,Preventiva,Mantención preventiva,2026-11-25,2026-11-30,2026-11-30,Cerrada,2.5,1,0
OT-000801,A-0027,Antofagasta,C12,Correctiva,Reparación correctiva,2025-02-28,2025-03-01,2025-03-01,Cerrada,8.0,8.0,15.7
OT-000802,A-0027,Antofagasta,C12,Correctiva,Reparación correctiva,2025-07-02,2025-07-03,2025-07-03,Cerrada,1.5,1.5,11.9
OT-000803,A-0027,Antofagasta,C12,Correctiva,Reparación correctiva,2025-11-28,2025-11-28,2025-11-29,Cerrada,7.5,7.5,14.7
OT-000804,A-0027,Antofagasta,C12,Correctiva,Reparación correctiva,2026-04-02,2026-04-02,2026-04-02,Cerrada,4.5,4.5,8.1
OT-000805,A-0027,Antofagasta,C12,Correctiva,Reparación correctiva,2026-09-14,2026-09-14,2026-09-14,Cerrada,2.5,2.5,11.4
OT-000806,A-0027,Antofagasta,C12,Correctiva,Reparación correctiva,2026-09-16,2026-09-17,2026-09-17,Cerrada,10.0,10.0,20.1
OT-000807,A-0027,Antofagasta,C12,Correctiva,Reparación correctiva,2026-10-11,2026-10-11,2026-10-12,Cerrada,9.0,9.0,18.8
OT-000808,A-0028,Antofagasta,C12,Preventiva,Mantención preventiva,2025-02-13,2025-02-19,2025-02-19,Cerrada,8.5,1,0
OT-000809,A-0028,Antofagasta,C12,Preventiva,Mantención preventiva,2025-04-13,2025-04-13,2025-04-13,Cerrada,5.5,1,0
OT-000810,A-0028,Antofagasta,C12,Preventiva,Mantención preventiva,2025-06-13,2025-06-19,2025-06-19,Cerrada,7.5,1,0
OT-000811,A-0028,Antofagasta,C12,Preventiva,Mantención preventiva,2025-08-13,2025-08-17,2025-08-17,Cerrada,1.5,1,0
OT-000812,A-0028,Antofagasta,C12,Preventiva,Mantención preventiva,2025-10-13,2025-10-16,2025-10-16,Cerrada,1.5,1,0
OT-000813,A-0028,Antofagasta,C12,Preventiva,Mantención preventiva,2025-12-13,2025-12-14,2025-12-14,Cerrada,5.5,1,0
OT-000814,A-0028,Antofagasta,C12,Preventiva,Mantención preventiva,2026-02-13,2026-02-15,2026-02-15,Cerrada,4.5,1,0
OT-000815,A-0028,Antofagasta,C12,Preventiva,Mantención preventiva,2026-04-13,2026-04-15,2026-04-15,Cerrada,11.5,1,0
OT-000816,A-0028,Antofagasta,C12,Preventiva,Mantención preventiva,2026-06-13,2026-06-18,2026-06-18,Cerrada,6.0,1,0
OT-000817,A-0028,Antofagasta,C12,Preventiva,Mantención preventiva,2026-08-13,2026-08-17,2026-08-17,Cerrada,4.5,1,0
OT-000818,A-0028,Antofagasta,C12,Preventiva,Mantención preventiva,2026-10-13,2026-10-17,2026-10-17,Cerrada,3.0,1,0
OT-000819,A-0028,Antofagasta,C12,Preventiva,Mantención preventiva,2026-12-13,2026-12-17,2026-12-17,Cerrada,2.0,1,0
OT-000820,A-0028,Antofagasta,C12,Correctiva,Reparación correctiva,2025-02-16,2025-02-16,2025-02-17,Cerrada,17.5,17.5,23.0
OT-000821,A-0028,Antofagasta,C12,Correctiva,Reparación correctiva,2025-03-24,2025-03-24,2025-03-25,Cerrada,5.5,5.5,10.4
OT-000822,A-0028,Antofagasta,C12,Correctiva,Reparación correctiva,2025-07-28,2025-07-28,2025-07-28,Cerrada,3.5,3.5,12.0
OT-000823,A-0028,Antofagasta,C12,Correctiva,Reparación correctiva,2025-08-21,2025-08-22,2025-08-22,Cerrada,10.0,10.0,18.4
OT-000824,A-0028,Antofagasta,C12,Correctiva,Reparación correctiva,2025-08-25,2025-08-26,2025-08-26,Cerrada,3.5,3.5,14.4
OT-000825,A-0028,Antofagasta,C12,Correctiva,Reparación correctiva,2025-09-05,2025-09-05,2025-09-05,Cerrada,6.5,6.5,11.1
OT-000826,A-0028,Antofagasta,C12,Correctiva,Reparación correctiva,2025-11-09,2025-11-09,2025-11-09,Cerrada,6.0,6.0,13.1
OT-000827,A-0028,Antofagasta,C12,Correctiva,Reparación correctiva,2026-02-12,2026-02-12,2026-02-12,Cerrada,6.5,6.5,11.7
OT-000828,A-0028,Antofagasta,C12,Correctiva,Reparación correctiva,2026-03-05,2026-03-05,2026-03-06,Cerrada,2.5,2.5,10.8
OT-000829,A-0028,Antofagasta,C12,Correctiva,Reparación correctiva,2026-08-15,2026-08-15,2026-08-15,Cerrada,9.0,9.0,13.1
OT-000830,A-0029,Antofagasta,C12,Preventiva,Mantención preventiva,2025-01-24,2025-01-24,2025-01-24,Cerrada,4.0,1,0
OT-000831,A-0029,Antofagasta,C12,Preventiva,Mantención preventiva,2025-03-24,2025-03-24,2025-03-24,Cerrada,3.0,1,0
OT-000832,A-0029,Antofagasta,C12,Preventiva,Mantención preventiva,2025-05-24,2025-05-30,2025-05-30,Cerrada,3.0,1,0
OT-000833,A-0029,Antofagasta,C12,Preventiva,Mantención preventiva,2025-07-24,2025-07-29,2025-07-29,Cerrada,4.0,1,0
OT-000834,A-0029,Antofagasta,C12,Preventiva,Mantención preventiva,2025-09-24,2025-09-24,2025-09-24,Cerrada,4.5,1,0
OT-000835,A-0029,Antofagasta,C12,Preventiva,Mantención preventiva,2025-11-24,2025-11-30,2025-11-30,Cerrada,7.0,1,0
OT-000836,A-0029,Antofagasta,C12,Preventiva,Mantención preventiva,2026-01-24,2026-01-26,2026-01-26,Cerrada,6.5,1,0
OT-000837,A-0029,Antofagasta,C12,Preventiva,Mantención preventiva,2026-03-24,2026-03-30,2026-03-30,Cerrada,8.0,1,0
OT-000838,A-0029,Antofagasta,C12,Preventiva,Mantención preventiva,2026-05-24,2026-05-24,2026-05-24,Cerrada,4.0,1,0
OT-000839,A-0029,Antofagasta,C12,Preventiva,Mantención preventiva,2026-07-24,2026-07-27,2026-07-27,Cerrada,2.5,1,0
OT-000840,A-0029,Antofagasta,C12,Preventiva,Mantención preventiva,2026-09-24,2026-09-30,2026-09-30,Cerrada,11.5,1,0
OT-000841,A-0029,Antofagasta,C12,Preventiva,Mantención preventiva,2026-11-24,2026-12-02,2026-12-02,Cerrada,5.0,1,0
OT-000842,A-0029,Antofagasta,C12,Correctiva,Reparación correctiva,2025-01-12,2025-01-12,2025-01-13,Cerrada,7.5,7.5,9.6
OT-000843,A-0029,Antofagasta,C12,Correctiva,Reparación correctiva,2025-10-04,2025-10-04,2025-10-04,Cerrada,4.5,4.5,9.5
OT-000844,A-0029,Antofagasta,C12,Correctiva,Reparación correctiva,2026-01-05,2026-01-05,2026-01-06,Cerrada,4.0,4.0,11.1
OT-000845,A-0029,Antofagasta,C12,Correctiva,Reparación correctiva,2026-06-16,2026-06-16,2026-06-17,Cerrada,5.5,5.5,9.4
OT-000846,A-0029,Antofagasta,C12,Correctiva,Reparación correctiva,2026-07-17,2026-07-17,2026-07-17,Cerrada,6.0,6.0,8.7
OT-000847,A-0029,Antofagasta,C12,Correctiva,Reparación correctiva,2026-07-29,2026-07-30,2026-07-30,Cerrada,2.0,2.0,10.6
OT-000848,A-0030,Antofagasta,C12,Preventiva,Mantención preventiva,2025-02-16,2025-02-20,2025-02-20,Cerrada,7.0,1,0
OT-000849,A-0030,Antofagasta,C12,Preventiva,Mantención preventiva,2025-04-16,2025-04-20,2025-04-20,Cerrada,3.5,1,0
OT-000850,A-0030,Antofagasta,C12,Preventiva,Mantención preventiva,2025-06-16,2025-06-16,2025-06-16,Cerrada,2.0,1,0
OT-000851,A-0030,Antofagasta,C12,Preventiva,Mantención preventiva,2025-08-16,2025-08-21,2025-08-21,Cerrada,3.0,1,0
OT-000852,A-0030,Antofagasta,C12,Preventiva,Mantención preventiva,2025-10-16,2025-10-21,2025-10-21,Cerrada,3.0,1,0
OT-000853,A-0030,Antofagasta,C12,Preventiva,Mantención preventiva,2025-12-16,2025-12-22,2025-12-22,Cerrada,3.0,1,0
OT-000854,A-0030,Antofagasta,C12,Preventiva,Mantención preventiva,2026-02-16,2026-02-20,2026-02-20,Cerrada,2.5,1,0
OT-000855,A-0030,Antofagasta,C12,Preventiva,Mantención preventiva,2026-04-16,2026-04-20,2026-04-20,Cerrada,1.5,1,0
OT-000856,A-0030,Antofagasta,C12,Preventiva,Mantención preventiva,2026-06-16,2026-06-21,2026-06-21,Cerrada,4.5,1,0
OT-000857,A-0030,Antofagasta,C12,Preventiva,Mantención preventiva,2026-08-16,2026-08-19,2026-08-19,Cerrada,6.0,1,0
OT-000858,A-0030,Antofagasta,C12,Preventiva,Mantención preventiva,2026-10-16,2026-10-18,2026-10-18,Cerrada,4.0,1,0
OT-000859,A-0030,Antofagasta,C12,Preventiva,Mantención preventiva,2026-12-16,2026-12-17,2026-12-17,Cerrada,10.5,1,0
OT-000860,A-0030,Antofagasta,C12,Correctiva,Reparación correctiva,2025-06-25,2025-06-25,2025-06-25,Cerrada,6.0,6.0,9.3
OT-000861,A-0030,Antofagasta,C12,Correctiva,Reparación correctiva,2025-08-04,2025-08-04,2025-08-05,Cerrada,8.0,8.0,10.1
OT-000862,A-0030,Antofagasta,C12,Correctiva,Reparación correctiva,2025-08-20,2025-08-20,2025-08-21,Cerrada,10.0,10.0,17.7
OT-000863,A-0030,Antofagasta,C12,Correctiva,Reparación correctiva,2025-09-03,2025-09-04,2025-09-04,Cerrada,8.5,8.5,17.8
OT-000864,A-0030,Antofagasta,C12,Correctiva,Reparación correctiva,2025-10-01,2025-10-01,2025-10-01,Cerrada,8.5,8.5,12.8
OT-000865,A-0030,Antofagasta,C12,Correctiva,Reparación correctiva,2026-02-19,2026-02-19,2026-02-19,Cerrada,7.0,7.0,12.9
OT-000866,A-0030,Antofagasta,C12,Correctiva,Reparación correctiva,2026-06-21,2026-06-21,2026-06-21,Cerrada,6.5,6.5,14.3
OT-000867,A-0030,Antofagasta,C12,Correctiva,Reparación correctiva,2026-08-03,2026-08-03,2026-08-03,Cerrada,4.0,4.0,11.9
OT-000868,A-0031,Santiago,C13,Preventiva,Mantención preventiva,2025-01-16,2025-01-20,2025-01-20,Cerrada,4.0,1,0
OT-000869,A-0031,Santiago,C13,Preventiva,Mantención preventiva,2025-02-16,2025-02-18,2025-02-18,Cerrada,3.0,1,0
OT-000870,A-0031,Santiago,C13,Preventiva,Mantención preventiva,2025-03-16,2025-03-21,2025-03-21,Cerrada,10.5,1,0
OT-000871,A-0031,Santiago,C13,Preventiva,Mantención preventiva,2025-04-16,2025-04-18,2025-04-18,Cerrada,6.5,1,0
OT-000872,A-0031,Santiago,C13,Preventiva,Mantención preventiva,2025-05-16,2025-05-17,2025-05-17,Cerrada,5.5,1,0
OT-000873,A-0031,Santiago,C13,Preventiva,Mantención preventiva,2025-06-16,2025-06-17,2025-06-17,Cerrada,1.5,1,0
OT-000874,A-0031,Santiago,C13,Preventiva,Mantención preventiva,2025-07-16,2025-07-21,2025-07-21,Cerrada,5.0,1,0
OT-000875,A-0031,Santiago,C13,Preventiva,Mantención preventiva,2025-08-16,2025-08-17,2025-08-17,Cerrada,3.5,1,0
OT-000876,A-0031,Santiago,C13,Preventiva,Mantención preventiva,2025-09-16,2025-09-25,2025-09-25,Cerrada,2.0,1,0
OT-000877,A-0031,Santiago,C13,Preventiva,Mantención preventiva,2025-10-16,2025-10-19,2025-10-19,Cerrada,7.0,1,0
OT-000878,A-0031,Santiago,C13,Preventiva,Mantención preventiva,2025-11-16,2025-11-17,2025-11-17,Cerrada,5.5,1,0
OT-000879,A-0031,Santiago,C13,Preventiva,Mantención preventiva,2025-12-16,2025-12-21,2025-12-21,Cerrada,3.5,1,0
OT-000880,A-0031,Santiago,C13,Preventiva,Mantención preventiva,2026-01-16,2026-01-17,2026-01-17,Cerrada,4.0,1,0
OT-000881,A-0031,Santiago,C13,Preventiva,Mantención preventiva,2026-02-16,2026-02-20,2026-02-20,Cerrada,8.5,1,0
OT-000882,A-0031,Santiago,C13,Preventiva,Mantención preventiva,2026-03-16,2026-03-17,2026-03-17,Cerrada,5.0,1,0
OT-000883,A-0031,Santiago,C13,Preventiva,Mantención preventiva,2026-04-16,2026-04-20,2026-04-20,Cerrada,4.5,1,0
OT-000884,A-0031,Santiago,C13,Preventiva,Mantención preventiva,2026-05-16,2026-05-17,2026-05-17,Cerrada,10.0,1,0
OT-000885,A-0031,Santiago,C13,Preventiva,Mantención preventiva,2026-06-16,2026-06-22,2026-06-22,Cerrada,6.0,1,0
OT-000886,A-0031,Santiago,C13,Preventiva,Mantención preventiva,2026-07-16,2026-07-22,2026-07-22,Cerrada,1.5,1,0
OT-000887,A-0031,Santiago,C13,Preventiva,Mantención preventiva,2026-08-16,2026-08-22,2026-08-22,Cerrada,4.0,1,0
OT-000888,A-0031,Santiago,C13,Preventiva,Mantención preventiva,2026-09-16,2026-09-22,2026-09-22,Cerrada,11.0,1,0
OT-000889,A-0031,Santiago,C13,Preventiva,Mantención preventiva,2026-10-16,2026-10-16,2026-10-16,Cerrada,4.0,1,0
OT-000890,A-0031,Santiago,C13,Preventiva,Mantención preventiva,2026-11-16,2026-11-22,2026-11-22,Cerrada,1.5,1,0
OT-000891,A-0031,Santiago,C13,Preventiva,Mantención preventiva,2026-12-16,2026-12-18,2026-12-18,Cerrada,1.5,1,0
OT-000892,A-0031,Santiago,C13,Correctiva,Reparación correctiva,2025-07-06,2025-07-07,2025-07-07,Cerrada,13.5,13.5,21.3
OT-000893,A-0031,Santiago,C13,Correctiva,Reparación correctiva,2025-08-21,2025-08-21,2025-08-21,Cerrada,3.5,3.5,9.1
OT-000894,A-0031,Santiago,C13,Correctiva,Reparación correctiva,2025-09-25,2025-09-26,2025-09-26,Cerrada,7.5,7.5,18.0
OT-000895,A-0031,Santiago,C13,Correctiva,Reparación correctiva,2025-11-03,2025-11-03,2025-11-04,Cerrada,13.0,13.0,21.8
OT-000896,A-0031,Santiago,C13,Correctiva,Reparación correctiva,2026-05-06,2026-05-06,2026-05-06,Cerrada,6.5,6.5,13.3
OT-000897,A-0031,Santiago,C13,Correctiva,Reparación correctiva,2026-06-10,2026-06-10,2026-06-10,Cerrada,5.0,5.0,10.1
OT-000898,A-0031,Santiago,C13,Correctiva,Reparación correctiva,2026-11-16,2026-11-17,2026-11-18,Cerrada,15.5,15.5,26.0
OT-000899,A-0032,Santiago,C13,Preventiva,Mantención preventiva,2025-01-04,2025-01-07,2025-01-07,Cerrada,16.5,1,0
OT-000900,A-0032,Santiago,C13,Preventiva,Mantención preventiva,2025-02-04,2025-02-09,2025-02-09,Cerrada,5.5,1,0
OT-000901,A-0032,Santiago,C13,Preventiva,Mantención preventiva,2025-03-04,2025-03-12,2025-03-12,Cerrada,4.0,1,0
OT-000902,A-0032,Santiago,C13,Preventiva,Mantención preventiva,2025-04-04,2025-04-06,2025-04-06,Cerrada,3.0,1,0
OT-000903,A-0032,Santiago,C13,Preventiva,Mantención preventiva,2025-05-04,2025-05-07,2025-05-07,Cerrada,8.5,1,0
OT-000904,A-0032,Santiago,C13,Preventiva,Mantención preventiva,2025-06-04,2025-06-06,2025-06-06,Cerrada,7.0,1,0
OT-000905,A-0032,Santiago,C13,Preventiva,Mantención preventiva,2025-07-04,2025-07-23,2025-07-23,Cerrada,5.5,1,0
OT-000906,A-0032,Santiago,C13,Preventiva,Mantención preventiva,2025-08-04,2025-08-09,2025-08-09,Cerrada,10.0,1,0
OT-000907,A-0032,Santiago,C13,Preventiva,Mantención preventiva,2025-09-04,2025-09-10,2025-09-10,Cerrada,5.0,1,0
OT-000908,A-0032,Santiago,C13,Preventiva,Mantención preventiva,2025-10-04,2025-10-05,2025-10-05,Cerrada,5.5,1,0
OT-000909,A-0032,Santiago,C13,Preventiva,Mantención preventiva,2025-11-04,2025-11-05,2025-11-05,Cerrada,2.5,1,0
OT-000910,A-0032,Santiago,C13,Preventiva,Mantención preventiva,2025-12-04,2025-12-09,2025-12-09,Cerrada,3.5,1,0
OT-000911,A-0032,Santiago,C13,Preventiva,Mantención preventiva,2026-01-04,2026-01-09,2026-01-09,Cerrada,5.0,1,0
OT-000912,A-0032,Santiago,C13,Preventiva,Mantención preventiva,2026-02-04,2026-02-08,2026-02-08,Cerrada,2.5,1,0
OT-000913,A-0032,Santiago,C13,Preventiva,Mantención preventiva,2026-03-04,2026-03-07,2026-03-07,Cerrada,4.5,1,0
OT-000914,A-0032,Santiago,C13,Preventiva,Mantención preventiva,2026-04-04,2026-04-04,2026-04-04,Cerrada,5.0,1,0
OT-000915,A-0032,Santiago,C13,Preventiva,Mantención preventiva,2026-05-04,2026-05-04,2026-05-04,Cerrada,5.5,1,0
OT-000916,A-0032,Santiago,C13,Preventiva,Mantención preventiva,2026-06-04,2026-07-12,2026-07-12,Cerrada,12.5,1,0
OT-000917,A-0032,Santiago,C13,Preventiva,Mantención preventiva,2026-07-04,2026-08-10,2026-08-10,Cerrada,22.5,1,0
OT-000918,A-0032,Santiago,C13,Preventiva,Mantención preventiva,2026-08-04,2026-08-07,2026-08-07,Cerrada,5.5,1,0
OT-000919,A-0032,Santiago,C13,Preventiva,Mantención preventiva,2026-09-04,2026-09-06,2026-09-06,Cerrada,4.5,1,0
OT-000920,A-0032,Santiago,C13,Preventiva,Mantención preventiva,2026-10-04,2026-10-05,2026-10-05,Cerrada,3.0,1,0
OT-000921,A-0032,Santiago,C13,Preventiva,Mantención preventiva,2026-11-04,2026-11-06,2026-11-06,Cerrada,4.0,1,0
OT-000922,A-0032,Santiago,C13,Preventiva,Mantención preventiva,2026-12-04,2026-12-06,2026-12-06,Cerrada,1.5,1,0
OT-000923,A-0032,Santiago,C13,Correctiva,Reparación correctiva,2025-11-16,2025-11-16,2025-11-17,Cerrada,11.5,11.5,15.4
OT-000924,A-0032,Santiago,C13,Correctiva,Reparación correctiva,2025-12-19,2025-12-20,2025-12-20,Cerrada,14.0,14.0,18.7
OT-000925,A-0032,Santiago,C13,Correctiva,Reparación correctiva,2026-06-18,2026-06-19,2026-06-19,Cerrada,8.5,8.5,11.7
OT-000926,A-0033,Concepción,C13,Preventiva,Mantención preventiva,2025-01-28,2025-02-01,2025-02-01,Cerrada,10.0,1,0
OT-000927,A-0033,Concepción,C13,Preventiva,Mantención preventiva,2025-02-28,2025-03-01,2025-03-01,Cerrada,3.5,1,0
OT-000928,A-0033,Concepción,C13,Preventiva,Mantención preventiva,2025-03-28,2025-03-28,2025-03-28,Cerrada,4.5,1,0
OT-000929,A-0033,Concepción,C13,Preventiva,Mantención preventiva,2025-04-28,2025-05-08,2025-05-08,Cerrada,4.5,1,0
OT-000930,A-0033,Concepción,C13,Preventiva,Mantención preventiva,2025-05-28,2025-05-29,2025-05-29,Cerrada,4.0,1,0
OT-000931,A-0033,Concepción,C13,Preventiva,Mantención preventiva,2025-06-28,2025-06-30,2025-06-30,Cerrada,2.0,1,0
OT-000932,A-0033,Concepción,C13,Preventiva,Mantención preventiva,2025-07-28,2025-08-01,2025-08-01,Cerrada,6.5,1,0
OT-000933,A-0033,Concepción,C13,Preventiva,Mantención preventiva,2025-08-28,2025-08-30,2025-08-30,Cerrada,4.0,1,0
OT-000934,A-0033,Concepción,C13,Preventiva,Mantención preventiva,2025-09-28,2025-10-01,2025-10-01,Cerrada,4.0,1,0
OT-000935,A-0033,Concepción,C13,Preventiva,Mantención preventiva,2025-10-28,2025-10-30,2025-10-30,Cerrada,7.0,1,0
OT-000936,A-0033,Concepción,C13,Preventiva,Mantención preventiva,2025-11-28,2025-11-29,2025-11-29,Cerrada,12.5,1,0
OT-000937,A-0033,Concepción,C13,Preventiva,Mantención preventiva,2025-12-28,2026-01-01,2026-01-01,Cerrada,4.0,1,0
OT-000938,A-0033,Concepción,C13,Preventiva,Mantención preventiva,2026-01-28,2026-02-02,2026-02-02,Cerrada,2.5,1,0
OT-000939,A-0033,Concepción,C13,Preventiva,Mantención preventiva,2026-02-28,,,Abierta,0,0,0
OT-000940,A-0033,Concepción,C13,Preventiva,Mantención preventiva,2026-03-28,2026-04-01,2026-04-01,Cerrada,4.5,1,0
OT-000941,A-0033,Concepción,C13,Preventiva,Mantención preventiva,2026-04-28,2026-04-30,2026-04-30,Cerrada,5.0,1,0
OT-000942,A-0033,Concepción,C13,Preventiva,Mantención preventiva,2026-05-28,2026-06-02,2026-06-02,Cerrada,3.0,1,0
OT-000943,A-0033,Concepción,C13,Preventiva,Mantención preventiva,2026-06-28,2026-07-04,2026-07-04,Cerrada,5.5,1,0
OT-000944,A-0033,Concepción,C13,Preventiva,Mantención preventiva,2026-07-28,2026-07-30,2026-07-30,Cerrada,3.0,1,0
OT-000945,A-0033,Concepción,C13,Preventiva,Mantención preventiva,2026-08-28,2026-08-30,2026-08-30,Cerrada,2.0,1,0
OT-000946,A-0033,Concepción,C13,Preventiva,Mantención preventiva,2026-09-28,2026-09-29,2026-09-29,Cerrada,8.0,1,0
OT-000947,A-0033,Concepción,C13,Preventiva,Mantención preventiva,2026-10-28,2026-11-01,2026-11-01,Cerrada,4.0,1,0
OT-000948,A-0033,Concepción,C13,Preventiva,Mantención preventiva,2026-11-28,2026-12-01,2026-12-01,Cerrada,5.0,1,0
OT-000949,A-0033,Concepción,C13,Preventiva,Mantención preventiva,2026-12-28,,,Abierta,0,0,0
OT-000950,A-0033,Concepción,C13,Correctiva,Reparación correctiva,2025-03-04,2025-03-04,2025-03-04,Cerrada,4.5,4.5,15.6
OT-000951,A-0033,Concepción,C13,Correctiva,Reparación correctiva,2025-04-18,2025-04-18,2025-04-19,Cerrada,14.0,14.0,22.5
OT-000952,A-0033,Concepción,C13,Correctiva,Reparación correctiva,2025-06-17,2025-06-18,2025-06-18,Cerrada,14.0,14.0,24.9
OT-000953,A-0033,Concepción,C13,Correctiva,Reparación correctiva,2025-08-28,2025-08-28,2025-08-29,Cerrada,12.5,12.5,16.2
OT-000954,A-0033,Concepción,C13,Correctiva,Reparación correctiva,2025-09-29,2025-09-29,2025-09-30,Cerrada,21.5,21.5,26.0
OT-000955,A-0033,Concepción,C13,Correctiva,Reparación correctiva,2025-10-28,2025-10-28,2025-10-28,Cerrada,8.5,8.5,14.5
OT-000956,A-0033,Concepción,C13,Correctiva,Reparación correctiva,2026-04-22,2026-04-23,2026-04-23,Cerrada,9.5,9.5,16.7
OT-000957,A-0034,Concepción,C13,Preventiva,Mantención preventiva,2025-01-10,2025-01-15,2025-01-15,Cerrada,2.5,1,0
OT-000958,A-0034,Concepción,C13,Preventiva,Mantención preventiva,2025-02-10,2025-02-16,2025-02-16,Cerrada,1.0,1,0
OT-000959,A-0034,Concepción,C13,Preventiva,Mantención preventiva,2025-03-10,2025-03-13,2025-03-13,Cerrada,3.0,1,0
OT-000960,A-0034,Concepción,C13,Preventiva,Mantención preventiva,2025-04-10,2025-04-29,2025-04-29,Cerrada,5.0,1,0
OT-000961,A-0034,Concepción,C13,Preventiva,Mantención preventiva,2025-05-10,2025-05-14,2025-05-14,Cerrada,3.5,1,0
OT-000962,A-0034,Concepción,C13,Preventiva,Mantención preventiva,2025-06-10,2025-06-12,2025-06-12,Cerrada,4.0,1,0
OT-000963,A-0034,Concepción,C13,Preventiva,Mantención preventiva,2025-07-10,2025-07-12,2025-07-12,Cerrada,3.5,1,0
OT-000964,A-0034,Concepción,C13,Preventiva,Mantención preventiva,2025-08-10,2025-08-10,2025-08-10,Cerrada,4.5,1,0
OT-000965,A-0034,Concepción,C13,Preventiva,Mantención preventiva,2025-09-10,2025-09-12,2025-09-12,Cerrada,4.0,1,0
OT-000966,A-0034,Concepción,C13,Preventiva,Mantención preventiva,2025-10-10,2025-11-17,2025-11-17,Cerrada,2.0,1,0
OT-000967,A-0034,Concepción,C13,Preventiva,Mantención preventiva,2025-11-10,2025-11-14,2025-11-14,Cerrada,3.5,1,0
OT-000968,A-0034,Concepción,C13,Preventiva,Mantención preventiva,2025-12-10,2025-12-13,2025-12-13,Cerrada,2.0,1,0
OT-000969,A-0034,Concepción,C13,Preventiva,Mantención preventiva,2026-01-10,2026-01-16,2026-01-16,Cerrada,3.5,1,0
OT-000970,A-0034,Concepción,C13,Preventiva,Mantención preventiva,2026-02-10,2026-02-11,2026-02-11,Cerrada,4.5,1,0
OT-000971,A-0034,Concepción,C13,Preventiva,Mantención preventiva,2026-03-10,2026-03-15,2026-03-15,Cerrada,5.5,1,0
OT-000972,A-0034,Concepción,C13,Preventiva,Mantención preventiva,2026-04-10,2026-04-16,2026-04-16,Cerrada,3.5,1,0
OT-000973,A-0034,Concepción,C13,Preventiva,Mantención preventiva,2026-05-10,2026-05-11,2026-05-11,Cerrada,2.5,1,0
OT-000974,A-0034,Concepción,C13,Preventiva,Mantención preventiva,2026-06-10,2026-06-12,2026-06-12,Cerrada,6.0,1,0
OT-000975,A-0034,Concepción,C13,Preventiva,Mantención preventiva,2026-07-10,2026-07-11,2026-07-11,Cerrada,1.5,1,0
OT-000976,A-0034,Concepción,C13,Preventiva,Mantención preventiva,2026-08-10,2026-08-10,2026-08-10,Cerrada,3.5,1,0
OT-000977,A-0034,Concepción,C13,Preventiva,Mantención preventiva,2026-09-10,2026-09-10,2026-09-10,Cerrada,3.0,1,0
OT-000978,A-0034,Concepción,C13,Preventiva,Mantención preventiva,2026-10-10,2026-10-12,2026-10-12,Cerrada,3.0,1,0
OT-000979,A-0034,Concepción,C13,Preventiva,Mantención preventiva,2026-11-10,2026-11-12,2026-11-12,Cerrada,3.5,1,0
OT-000980,A-0034,Concepción,C13,Preventiva,Mantención preventiva,2026-12-10,2026-12-16,2026-12-16,Cerrada,5.5,1,0
OT-000981,A-0034,Concepción,C13,Correctiva,Reparación correctiva,2025-02-07,2025-02-07,2025-02-07,Cerrada,9.0,9.0,14.9
OT-000982,A-0034,Concepción,C13,Correctiva,Reparación correctiva,2025-11-05,2025-11-05,2025-11-05,Cerrada,7.5,7.5,12.0
OT-000983,A-0035,Antofagasta,C13,Preventiva,Mantención preventiva,2025-01-13,2025-01-16,2025-01-16,Cerrada,1.5,1,0
OT-000984,A-0035,Antofagasta,C13,Preventiva,Mantención preventiva,2025-02-13,2025-02-18,2025-02-18,Cerrada,10.0,1,0
OT-000985,A-0035,Antofagasta,C13,Preventiva,Mantención preventiva,2025-03-13,2025-03-15,2025-03-15,Cerrada,10.0,1,0
OT-000986,A-0035,Antofagasta,C13,Preventiva,Mantención preventiva,2025-04-13,2025-04-13,2025-04-13,Cerrada,2.5,1,0
OT-000987,A-0035,Antofagasta,C13,Preventiva,Mantención preventiva,2025-05-13,2025-05-13,2025-05-13,Cerrada,6.5,1,0
OT-000988,A-0035,Antofagasta,C13,Preventiva,Mantención preventiva,2025-06-13,2025-06-18,2025-06-18,Cerrada,4.0,1,0
OT-000989,A-0035,Antofagasta,C13,Preventiva,Mantención preventiva,2025-07-13,2025-07-17,2025-07-17,Cerrada,7.0,1,0
OT-000990,A-0035,Antofagasta,C13,Preventiva,Mantención preventiva,2025-08-13,2025-08-15,2025-08-15,Cerrada,6.0,1,0
OT-000991,A-0035,Antofagasta,C13,Preventiva,Mantención preventiva,2025-09-13,2025-09-18,2025-09-18,Cerrada,21.5,1,0
OT-000992,A-0035,Antofagasta,C13,Preventiva,Mantención preventiva,2025-10-13,,,Abierta,0,0,0
OT-000993,A-0035,Antofagasta,C13,Preventiva,Mantención preventiva,2025-11-13,2025-11-13,2025-11-13,Cerrada,3.5,1,0
OT-000994,A-0035,Antofagasta,C13,Preventiva,Mantención preventiva,2025-12-13,2025-12-13,2025-12-13,Cerrada,2.5,1,0
OT-000995,A-0035,Antofagasta,C13,Preventiva,Mantención preventiva,2026-01-13,,,Abierta,0,0,0
OT-000996,A-0035,Antofagasta,C13,Preventiva,Mantención preventiva,2026-02-13,2026-02-19,2026-02-19,Cerrada,1.0,1,0
OT-000997,A-0035,Antofagasta,C13,Preventiva,Mantención preventiva,2026-03-13,2026-03-13,2026-03-13,Cerrada,5.5,1,0
OT-000998,A-0035,Antofagasta,C13,Preventiva,Mantención preventiva,2026-04-13,2026-04-13,2026-04-13,Cerrada,4.0,1,0
OT-000999,A-0035,Antofagasta,C13,Preventiva,Mantención preventiva,2026-05-13,2026-05-18,2026-05-18,Cerrada,4.0,1,0
OT-001000,A-0035,Antofagasta,C13,Preventiva,Mantención preventiva,2026-06-13,2026-06-15,2026-06-15,Cerrada,6.0,1,0
OT-001001,A-0035,Antofagasta,C13,Preventiva,Mantención preventiva,2026-07-13,2026-07-19,2026-07-19,Cerrada,4.5,1,0
OT-001002,A-0035,Antofagasta,C13,Preventiva,Mantención preventiva,2026-08-13,2026-08-15,2026-08-15,Cerrada,8.5,1,0
OT-001003,A-0035,Antofagasta,C13,Preventiva,Mantención preventiva,2026-09-13,2026-09-19,2026-09-19,Cerrada,5.5,1,0
OT-001004,A-0035,Antofagasta,C13,Preventiva,Mantención preventiva,2026-10-13,2026-10-13,2026-10-13,Cerrada,5.0,1,0
OT-001005,A-0035,Antofagasta,C13,Preventiva,Mantención preventiva,2026-11-13,2026-11-15,2026-11-15,Cerrada,8.0,1,0
OT-001006,A-0035,Antofagasta,C13,Preventiva,Mantención preventiva,2026-12-13,2026-12-16,2026-12-16,Cerrada,1.5,1,0
OT-001007,A-0035,Antofagasta,C13,Correctiva,Reparación correctiva,2025-06-24,2025-06-24,2025-06-24,Cerrada,6.0,6.0,9.5
OT-001008,A-0035,Antofagasta,C13,Correctiva,Reparación correctiva,2025-08-09,2025-08-09,2025-08-10,Cerrada,10.0,10.0,13.0
OT-001009,A-0035,Antofagasta,C13,Correctiva,Reparación correctiva,2026-07-09,2026-07-09,2026-07-09,Cerrada,10.5,10.5,14.3
OT-001010,A-0035,Antofagasta,C13,Correctiva,Reparación correctiva,2026-09-27,2026-09-28,2026-09-28,Cerrada,9.5,9.5,17.7
OT-001011,A-0035,Antofagasta,C13,Correctiva,Reparación correctiva,2026-10-27,2026-10-28,2026-10-28,Cerrada,15.5,15.5,24.7
OT-001012,A-0036,Antofagasta,C13,Preventiva,Mantención preventiva,2025-01-18,2025-01-21,2025-01-21,Cerrada,5.0,1,0
OT-001013,A-0036,Antofagasta,C13,Preventiva,Mantención preventiva,2025-02-18,2025-02-18,2025-02-18,Cerrada,4.5,1,0
OT-001014,A-0036,Antofagasta,C13,Preventiva,Mantención preventiva,2025-03-18,2025-03-19,2025-03-19,Cerrada,15.0,1,0
OT-001015,A-0036,Antofagasta,C13,Preventiva,Mantención preventiva,2025-04-18,2025-04-22,2025-04-22,Cerrada,4.0,1,0
OT-001016,A-0036,Antofagasta,C13,Preventiva,Mantención preventiva,2025-05-18,2025-05-20,2025-05-20,Cerrada,7.5,1,0
OT-001017,A-0036,Antofagasta,C13,Preventiva,Mantención preventiva,2025-06-18,2025-06-18,2025-06-18,Cerrada,3.0,1,0
OT-001018,A-0036,Antofagasta,C13,Preventiva,Mantención preventiva,2025-07-18,2025-07-20,2025-07-20,Cerrada,6.0,1,0
OT-001019,A-0036,Antofagasta,C13,Preventiva,Mantención preventiva,2025-08-18,2025-08-20,2025-08-20,Cerrada,10.0,1,0
OT-001020,A-0036,Antofagasta,C13,Preventiva,Mantención preventiva,2025-09-18,,,Abierta,0,0,0
OT-001021,A-0036,Antofagasta,C13,Preventiva,Mantención preventiva,2025-10-18,2025-10-21,2025-10-21,Cerrada,6.5,1,0
OT-001022,A-0036,Antofagasta,C13,Preventiva,Mantención preventiva,2025-11-18,2025-11-22,2025-11-22,Cerrada,2.5,1,0
OT-001023,A-0036,Antofagasta,C13,Preventiva,Mantención preventiva,2025-12-18,2025-12-22,2025-12-22,Cerrada,7.5,1,0
OT-001024,A-0036,Antofagasta,C13,Preventiva,Mantención preventiva,2026-01-18,2026-02-23,2026-02-23,Cerrada,2.5,1,0
OT-001025,A-0036,Antofagasta,C13,Preventiva,Mantención preventiva,2026-02-18,2026-02-19,2026-02-19,Cerrada,3.5,1,0
OT-001026,A-0036,Antofagasta,C13,Preventiva,Mantención preventiva,2026-03-18,2026-03-18,2026-03-18,Cerrada,4.5,1,0
OT-001027,A-0036,Antofagasta,C13,Preventiva,Mantención preventiva,2026-04-18,2026-04-18,2026-04-18,Cerrada,2.0,1,0
OT-001028,A-0036,Antofagasta,C13,Preventiva,Mantención preventiva,2026-05-18,2026-05-20,2026-05-20,Cerrada,7.0,1,0
OT-001029,A-0036,Antofagasta,C13,Preventiva,Mantención preventiva,2026-06-18,2026-06-20,2026-06-20,Cerrada,2.5,1,0
OT-001030,A-0036,Antofagasta,C13,Preventiva,Mantención preventiva,2026-07-18,2026-07-23,2026-07-23,Cerrada,2.5,1,0
OT-001031,A-0036,Antofagasta,C13,Preventiva,Mantención preventiva,2026-08-18,2026-08-21,2026-08-21,Cerrada,11.5,1,0
OT-001032,A-0036,Antofagasta,C13,Preventiva,Mantención preventiva,2026-09-18,2026-09-18,2026-09-18,Cerrada,5.0,1,0
OT-001033,A-0036,Antofagasta,C13,Preventiva,Mantención preventiva,2026-10-18,2026-10-22,2026-10-22,Cerrada,2.5,1,0
OT-001034,A-0036,Antofagasta,C13,Preventiva,Mantención preventiva,2026-11-18,2026-12-17,2026-12-17,Cerrada,2.0,1,0
OT-001035,A-0036,Antofagasta,C13,Preventiva,Mantención preventiva,2026-12-18,2026-12-24,2026-12-24,Cerrada,5.0,1,0
OT-001036,A-0036,Antofagasta,C13,Correctiva,Reparación correctiva,2025-03-31,2025-03-31,2025-03-31,Cerrada,9.5,9.5,14.7
OT-001037,A-0036,Antofagasta,C13,Correctiva,Reparación correctiva,2025-08-21,2025-08-21,2025-08-22,Cerrada,9.5,9.5,13.0
OT-001038,A-0036,Antofagasta,C13,Correctiva,Reparación correctiva,2025-10-28,2025-10-29,2025-10-29,Cerrada,5.0,5.0,14.9
OT-001039,A-0036,Antofagasta,C13,Correctiva,Reparación correctiva,2026-01-14,2026-01-14,2026-01-14,Cerrada,9.0,9.0,18.5
OT-001040,A-0036,Antofagasta,C13,Correctiva,Reparación correctiva,2026-03-16,2026-03-16,2026-03-17,Cerrada,19.0,19.0,25.3
OT-001041,A-0036,Antofagasta,C13,Correctiva,Reparación correctiva,2026-06-02,2026-06-03,2026-06-03,Cerrada,7.0,7.0,11.0
OT-001042,A-0036,Antofagasta,C13,Correctiva,Reparación correctiva,2026-09-09,2026-09-10,2026-09-10,Cerrada,9.0,9.0,21.0
OT-001043,A-0036,Antofagasta,C13,Correctiva,Reparación correctiva,2026-10-16,2026-10-17,2026-10-17,Cerrada,13.0,13.0,19.3
OT-001044,A-0036,Antofagasta,C13,Correctiva,Reparación correctiva,2026-10-31,2026-10-31,2026-10-31,Cerrada,7.5,7.5,13.6
OT-001045,A-0036,Antofagasta,C13,Correctiva,Reparación correctiva,2026-12-20,2026-12-21,2026-12-21,Cerrada,11.5,11.5,20.1
OT-001046,A-0037,Santiago,C14,Preventiva,Mantención preventiva,2025-02-20,2025-02-20,2025-02-20,Cerrada,4.5,1,0
OT-001047,A-0037,Santiago,C14,Preventiva,Mantención preventiva,2025-05-20,2025-05-21,2025-05-21,Cerrada,1.5,1,0
OT-001048,A-0037,Santiago,C14,Preventiva,Mantención preventiva,2025-08-20,2025-08-21,2025-08-21,Cerrada,3.5,1,0
OT-001049,A-0037,Santiago,C14,Preventiva,Mantención preventiva,2025-11-20,2025-11-26,2025-11-26,Cerrada,1.5,1,0
OT-001050,A-0037,Santiago,C14,Preventiva,Mantención preventiva,2026-02-20,2026-03-09,2026-03-09,Cerrada,4.5,1,0
OT-001051,A-0037,Santiago,C14,Preventiva,Mantención preventiva,2026-05-20,2026-05-25,2026-05-25,Cerrada,2.5,1,0
OT-001052,A-0037,Santiago,C14,Preventiva,Mantención preventiva,2026-08-20,2026-08-21,2026-08-21,Cerrada,5.5,1,0
OT-001053,A-0037,Santiago,C14,Preventiva,Mantención preventiva,2026-11-20,2026-11-25,2026-11-25,Cerrada,4.0,1,0
OT-001054,A-0037,Santiago,C14,Correctiva,Reparación correctiva,2025-05-27,2025-05-28,2025-05-28,Cerrada,2.5,2.5,27.5
OT-001055,A-0037,Santiago,C14,Correctiva,Reparación correctiva,2025-10-03,2025-10-04,2025-10-04,Cerrada,11.0,11.0,36.9
OT-001056,A-0037,Santiago,C14,Correctiva,Reparación correctiva,2025-12-16,2025-12-18,2025-12-18,Cerrada,4.5,4.5,49.0
OT-001057,A-0037,Santiago,C14,Correctiva,Reparación correctiva,2025-12-22,2025-12-22,2025-12-23,Cerrada,5.5,5.5,24.7
OT-001058,A-0037,Santiago,C14,Correctiva,Reparación correctiva,2026-05-24,2026-05-25,2026-05-25,Cerrada,4.5,4.5,27.5
OT-001059,A-0037,Santiago,C14,Correctiva,Reparación correctiva,2026-05-25,2026-05-27,2026-05-27,Cerrada,3.5,3.5,40.1
OT-001060,A-0038,Santiago,C14,Preventiva,Mantención preventiva,2025-03-09,2025-04-02,2025-04-02,Cerrada,3.0,1,0
OT-001061,A-0038,Santiago,C14,Preventiva,Mantención preventiva,2025-06-09,2025-06-12,2025-06-12,Cerrada,3.0,1,0
OT-001062,A-0038,Santiago,C14,Preventiva,Mantención preventiva,2025-09-09,2025-09-14,2025-09-14,Cerrada,3.5,1,0
OT-001063,A-0038,Santiago,C14,Preventiva,Mantención preventiva,2025-12-09,2025-12-10,2025-12-10,Cerrada,3.0,1,0
OT-001064,A-0038,Santiago,C14,Preventiva,Mantención preventiva,2026-03-09,2026-03-13,2026-03-13,Cerrada,2.0,1,0
OT-001065,A-0038,Santiago,C14,Preventiva,Mantención preventiva,2026-06-09,2026-06-10,2026-06-10,Cerrada,3.5,1,0
OT-001066,A-0038,Santiago,C14,Preventiva,Mantención preventiva,2026-09-09,2026-09-10,2026-09-10,Cerrada,1.5,1,0
OT-001067,A-0038,Santiago,C14,Preventiva,Mantención preventiva,2026-12-09,2026-12-10,2026-12-10,Cerrada,1.0,1,0
OT-001068,A-0038,Santiago,C14,Correctiva,Reparación correctiva,2025-03-30,2025-03-31,2025-03-31,Cerrada,5.0,5.0,40.6
OT-001069,A-0038,Santiago,C14,Correctiva,Reparación correctiva,2025-04-03,2025-04-04,2025-04-04,Cerrada,6.0,6.0,37.2
OT-001070,A-0038,Santiago,C14,Correctiva,Reparación correctiva,2025-07-22,2025-07-22,2025-07-23,Cerrada,2.5,2.5,19.7
OT-001071,A-0038,Santiago,C14,Correctiva,Reparación correctiva,2026-02-23,2026-02-25,2026-02-25,Cerrada,2.0,2.0,48.6
OT-001072,A-0038,Santiago,C14,Correctiva,Reparación correctiva,2026-06-07,2026-06-08,2026-06-08,Cerrada,6.0,6.0,40.9
OT-001073,A-0038,Santiago,C14,Correctiva,Reparación correctiva,2026-06-19,2026-06-20,2026-06-20,Cerrada,6.0,6.0,22.7
OT-001074,A-0038,Santiago,C14,Correctiva,Reparación correctiva,2026-08-15,2026-08-16,2026-08-17,Cerrada,4.0,4.0,37.5
OT-001075,A-0038,Santiago,C14,Correctiva,Reparación correctiva,2026-08-27,2026-08-28,2026-08-28,Cerrada,4.5,4.5,30.4
OT-001076,A-0038,Santiago,C14,Correctiva,Reparación correctiva,2026-09-12,2026-09-13,2026-09-13,Cerrada,7.5,7.5,34.2
OT-001077,A-0038,Santiago,C14,Correctiva,Reparación correctiva,2026-11-17,2026-11-18,2026-11-18,Cerrada,3.0,3.0,22.3
OT-001078,A-0039,Santiago,C14,Preventiva,Mantención preventiva,2025-02-28,2025-03-05,2025-03-05,Cerrada,2.0,1,0
OT-001079,A-0039,Santiago,C14,Preventiva,Mantención preventiva,2025-05-28,2025-05-31,2025-05-31,Cerrada,5.0,1,0
OT-001080,A-0039,Santiago,C14,Preventiva,Mantención preventiva,2025-08-28,2025-09-25,2025-09-25,Cerrada,0.5,1,0
OT-001081,A-0039,Santiago,C14,Preventiva,Mantención preventiva,2025-11-28,2025-12-02,2025-12-02,Cerrada,3.0,1,0
OT-001082,A-0039,Santiago,C14,Preventiva,Mantención preventiva,2026-02-28,2026-03-14,2026-03-14,Cerrada,2.0,1,0
OT-001083,A-0039,Santiago,C14,Preventiva,Mantención preventiva,2026-05-28,2026-05-29,2026-05-29,Cerrada,2.5,1,0
OT-001084,A-0039,Santiago,C14,Preventiva,Mantención preventiva,2026-08-28,2026-09-29,2026-09-29,Cerrada,2.5,1,0
OT-001085,A-0039,Santiago,C14,Preventiva,Mantención preventiva,2026-11-28,2026-11-30,2026-11-30,Cerrada,1.5,1,0
OT-001086,A-0039,Santiago,C14,Correctiva,Reparación correctiva,2025-03-31,2025-04-01,2025-04-01,Cerrada,3.0,3.0,25.3
OT-001087,A-0039,Santiago,C14,Correctiva,Reparación correctiva,2025-08-28,2025-08-30,2025-08-30,Cerrada,9.0,9.0,45.8
OT-001088,A-0039,Santiago,C14,Correctiva,Reparación correctiva,2025-10-30,2025-10-30,2025-10-31,Cerrada,4.5,4.5,19.8
OT-001089,A-0039,Santiago,C14,Correctiva,Reparación correctiva,2025-12-22,2025-12-23,2025-12-24,Cerrada,5.0,5.0,49.2
OT-001090,A-0039,Santiago,C14,Correctiva,Reparación correctiva,2026-01-14,2026-01-15,2026-01-15,Cerrada,3.0,3.0,15.9
OT-001091,A-0039,Santiago,C14,Correctiva,Reparación correctiva,2026-05-30,2026-06-01,2026-06-01,Cerrada,2.5,2.5,46.3
OT-001092,A-0039,Santiago,C14,Correctiva,Reparación correctiva,2026-08-01,2026-08-02,2026-08-02,Cerrada,1.5,1.5,39.1
OT-001093,A-0039,Santiago,C14,Correctiva,Reparación correctiva,2026-08-06,2026-08-08,2026-08-08,Cerrada,5.0,5.0,42.4
OT-001094,A-0039,Santiago,C14,Correctiva,Reparación correctiva,2026-10-19,2026-10-21,2026-10-21,Cerrada,2.0,2.0,40.2
OT-001095,A-0039,Santiago,C14,Correctiva,Reparación correctiva,2026-10-22,2026-10-22,2026-10-22,Cerrada,1.5,1.5,19.7
OT-001096,A-0040,Santiago,C14,Preventiva,Mantención preventiva,2025-01-28,2025-02-03,2025-02-03,Cerrada,3.5,1,0
OT-001097,A-0040,Santiago,C14,Preventiva,Mantención preventiva,2025-04-28,2025-05-04,2025-05-04,Cerrada,5.0,1,0
OT-001098,A-0040,Santiago,C14,Preventiva,Mantención preventiva,2025-07-28,2025-07-29,2025-07-29,Cerrada,2.5,1,0
OT-001099,A-0040,Santiago,C14,Preventiva,Mantención preventiva,2025-10-28,2025-12-06,2025-12-06,Cerrada,1.5,1,0
OT-001100,A-0040,Santiago,C14,Preventiva,Mantención preventiva,2026-01-28,2026-01-31,2026-01-31,Cerrada,2.0,1,0
OT-001101,A-0040,Santiago,C14,Preventiva,Mantención preventiva,2026-04-28,2026-05-02,2026-05-02,Cerrada,1.5,1,0
OT-001102,A-0040,Santiago,C14,Preventiva,Mantención preventiva,2026-07-28,2026-08-18,2026-08-18,Cerrada,3.0,1,0
OT-001103,A-0040,Santiago,C14,Preventiva,Mantención preventiva,2026-10-28,2026-11-24,2026-11-24,Cerrada,2.0,1,0
OT-001104,A-0040,Santiago,C14,Correctiva,Reparación correctiva,2025-01-07,2025-01-09,2025-01-10,Cerrada,3.0,3.0,50.8
OT-001105,A-0040,Santiago,C14,Correctiva,Reparación correctiva,2025-03-13,2025-03-15,2025-03-15,Cerrada,5.0,5.0,42.2
OT-001106,A-0040,Santiago,C14,Correctiva,Reparación correctiva,2025-10-03,2025-10-04,2025-10-05,Cerrada,4.0,4.0,43.0
OT-001107,A-0040,Santiago,C14,Correctiva,Reparación correctiva,2025-12-30,2025-12-30,2025-12-31,Cerrada,2.0,2.0,25.6
OT-001108,A-0040,Santiago,C14,Correctiva,Reparación correctiva,2026-01-06,2026-01-08,2026-01-08,Cerrada,3.5,3.5,46.4
OT-001109,A-0040,Santiago,C14,Correctiva,Reparación correctiva,2026-01-20,2026-01-21,2026-01-21,Cerrada,1.5,1.5,21.0
OT-001110,A-0040,Santiago,C14,Correctiva,Reparación correctiva,2026-09-10,2026-09-12,2026-09-12,Cerrada,7.0,7.0,38.0
OT-001111,A-0040,Santiago,C14,Correctiva,Reparación correctiva,2026-11-23,2026-11-24,2026-11-24,Cerrada,7.0,7.0,34.4
OT-001112,A-0041,Santiago,C14,Preventiva,Mantención preventiva,2025-03-12,,,Abierta,0,0,0
OT-001113,A-0041,Santiago,C14,Preventiva,Mantención preventiva,2025-06-12,2025-06-15,2025-06-15,Cerrada,2.5,1,0
OT-001114,A-0041,Santiago,C14,Preventiva,Mantención preventiva,2025-09-12,2025-09-13,2025-09-13,Cerrada,4.0,1,0
OT-001115,A-0041,Santiago,C14,Preventiva,Mantención preventiva,2025-12-12,2025-12-13,2025-12-13,Cerrada,3.0,1,0
OT-001116,A-0041,Santiago,C14,Preventiva,Mantención preventiva,2026-03-12,2026-04-15,2026-04-15,Cerrada,2.5,1,0
OT-001117,A-0041,Santiago,C14,Preventiva,Mantención preventiva,2026-06-12,2026-06-17,2026-06-17,Cerrada,1.0,1,0
OT-001118,A-0041,Santiago,C14,Preventiva,Mantención preventiva,2026-09-12,2026-09-14,2026-09-14,Cerrada,4.0,1,0
OT-001119,A-0041,Santiago,C14,Preventiva,Mantención preventiva,2026-12-12,2026-12-14,2026-12-14,Cerrada,3.5,1,0
OT-001120,A-0041,Santiago,C14,Correctiva,Reparación correctiva,2025-01-25,2025-01-26,2025-01-27,Cerrada,23.0,23.0,49.3
OT-001121,A-0041,Santiago,C14,Correctiva,Reparación correctiva,2025-05-12,2025-05-13,2025-05-13,Cerrada,4.5,4.5,23.5
OT-001122,A-0041,Santiago,C14,Correctiva,Reparación correctiva,2025-05-14,2025-05-15,2025-05-15,Cerrada,2.5,2.5,19.4
OT-001123,A-0041,Santiago,C14,Correctiva,Reparación correctiva,2025-09-11,2025-09-13,2025-09-13,Cerrada,3.5,3.5,47.8
OT-001124,A-0041,Santiago,C14,Correctiva,Reparación correctiva,2026-02-16,2026-02-17,2026-02-17,Cerrada,4.5,4.5,18.5
OT-001125,A-0041,Santiago,C14,Correctiva,Reparación correctiva,2026-04-25,2026-04-26,2026-04-26,Cerrada,3.5,3.5,35.5
OT-001126,A-0041,Santiago,C14,Correctiva,Reparación correctiva,2026-06-10,2026-06-11,2026-06-11,Cerrada,5.0,5.0,23.0
OT-001127,A-0041,Santiago,C14,Correctiva,Reparación correctiva,2026-06-17,2026-06-19,2026-06-19,Cerrada,1.5,1.5,41.7
OT-001128,A-0041,Santiago,C14,Correctiva,Reparación correctiva,2026-08-31,2026-08-31,2026-09-01,Cerrada,2.0,2.0,23.8
OT-001129,A-0041,Santiago,C14,Correctiva,Reparación correctiva,2026-09-21,2026-09-22,2026-09-23,Cerrada,2.5,2.5,33.4
OT-001130,A-0041,Santiago,C14,Correctiva,Reparación correctiva,2026-09-23,2026-09-24,2026-09-24,Cerrada,2.0,2.0,21.3
OT-001131,A-0041,Santiago,C14,Correctiva,Reparación correctiva,2026-12-29,2026-12-31,2026-12-31,Cerrada,2.5,2.5,47.1
OT-001132,A-0042,Santiago,C14,Preventiva,Mantención preventiva,2025-03-10,2025-03-27,2025-03-27,Cerrada,3.5,1,0
OT-001133,A-0042,Santiago,C14,Preventiva,Mantención preventiva,2025-06-10,,,Abierta,0,0,0
OT-001134,A-0042,Santiago,C14,Preventiva,Mantención preventiva,2025-09-10,2025-09-11,2025-09-11,Cerrada,1.0,1,0
OT-001135,A-0042,Santiago,C14,Preventiva,Mantención preventiva,2025-12-10,2025-12-12,2025-12-12,Cerrada,3.0,1,0
OT-001136,A-0042,Santiago,C14,Preventiva,Mantención preventiva,2026-03-10,2026-03-10,2026-03-10,Cerrada,5.0,1,0
OT-001137,A-0042,Santiago,C14,Preventiva,Mantención preventiva,2026-06-10,2026-06-11,2026-06-11,Cerrada,1.5,1,0
OT-001138,A-0042,Santiago,C14,Preventiva,Mantención preventiva,2026-09-10,2026-09-13,2026-09-13,Cerrada,3.0,1,0
OT-001139,A-0042,Santiago,C14,Preventiva,Mantención preventiva,2026-12-10,2026-12-10,2026-12-10,Cerrada,2.5,1,0
OT-001140,A-0042,Santiago,C14,Correctiva,Reparación correctiva,2025-01-26,2025-01-27,2025-01-27,Cerrada,1.5,1.5,25.0
OT-001141,A-0042,Santiago,C14,Correctiva,Reparación correctiva,2025-02-15,2025-02-16,2025-02-16,Cerrada,1.5,1.5,22.3
OT-001142,A-0042,Santiago,C14,Correctiva,Reparación correctiva,2025-03-12,2025-03-13,2025-03-13,Cerrada,2.5,2.5,30.5
OT-001143,A-0042,Santiago,C14,Correctiva,Reparación correctiva,2025-05-19,2025-05-19,2025-05-19,Cerrada,2.0,2.0,17.8
OT-001144,A-0042,Santiago,C14,Correctiva,Reparación correctiva,2025-05-31,2025-06-01,2025-06-01,Cerrada,7.5,7.5,41.0
OT-001145,A-0042,Santiago,C14,Correctiva,Reparación correctiva,2025-08-11,2025-08-12,2025-08-12,Cerrada,1.5,1.5,35.7
OT-001146,A-0042,Santiago,C14,Correctiva,Reparación correctiva,2025-10-25,2025-10-26,2025-10-27,Cerrada,15.0,15.0,51.2
OT-001147,A-0042,Santiago,C14,Correctiva,Reparación correctiva,2026-01-17,2026-01-18,2026-01-19,Cerrada,9.5,9.5,38.3
OT-001148,A-0042,Santiago,C14,Correctiva,Reparación correctiva,2026-02-23,2026-02-24,2026-02-24,Cerrada,6.5,6.5,43.1
OT-001149,A-0042,Santiago,C14,Correctiva,Reparación correctiva,2026-03-10,2026-03-11,2026-03-12,Cerrada,11.0,11.0,31.1
OT-001150,A-0042,Santiago,C14,Correctiva,Reparación correctiva,2026-08-04,2026-08-05,2026-08-05,Cerrada,8.0,8.0,34.1
OT-001151,A-0042,Santiago,C14,Correctiva,Reparación correctiva,2026-11-05,2026-11-07,2026-11-07,Cerrada,4.5,4.5,48.3
OT-001152,A-0042,Santiago,C14,Correctiva,Reparación correctiva,2026-12-14,2026-12-15,2026-12-15,Cerrada,4.5,4.5,29.2
OT-001153,A-0043,Santiago,C14,Preventiva,Mantención preventiva,2025-03-19,2025-03-19,2025-03-19,Cerrada,2.0,1,0
OT-001154,A-0043,Santiago,C14,Preventiva,Mantención preventiva,2025-06-19,2025-06-23,2025-06-23,Cerrada,5.0,1,0
OT-001155,A-0043,Santiago,C14,Preventiva,Mantención preventiva,2025-09-19,2025-09-22,2025-09-22,Cerrada,3.0,1,0
OT-001156,A-0043,Santiago,C14,Preventiva,Mantención preventiva,2025-12-19,2025-12-20,2025-12-20,Cerrada,5.5,1,0
OT-001157,A-0043,Santiago,C14,Preventiva,Mantención preventiva,2026-03-19,2026-03-25,2026-03-25,Cerrada,3.5,1,0
OT-001158,A-0043,Santiago,C14,Preventiva,Mantención preventiva,2026-06-19,,,Abierta,0,0,0
OT-001159,A-0043,Santiago,C14,Preventiva,Mantención preventiva,2026-09-19,2026-09-21,2026-09-21,Cerrada,2.5,1,0
OT-001160,A-0043,Santiago,C14,Preventiva,Mantención preventiva,2026-12-19,2026-12-19,2026-12-19,Cerrada,5.5,1,0
OT-001161,A-0043,Santiago,C14,Correctiva,Reparación correctiva,2025-04-19,2025-04-20,2025-04-20,Cerrada,5.0,5.0,21.1
OT-001162,A-0043,Santiago,C14,Correctiva,Reparación correctiva,2025-04-25,2025-04-27,2025-04-27,Cerrada,3.5,3.5,31.5
OT-001163,A-0043,Santiago,C14,Correctiva,Reparación correctiva,2025-06-19,2025-06-21,2025-06-21,Cerrada,7.5,7.5,44.2
OT-001164,A-0043,Santiago,C14,Correctiva,Reparación correctiva,2025-07-13,2025-07-14,2025-07-14,Cerrada,2.5,2.5,37.7
OT-001165,A-0043,Santiago,C14,Correctiva,Reparación correctiva,2025-07-22,2025-07-23,2025-07-24,Cerrada,16.0,16.0,48.9
OT-001166,A-0043,Santiago,C14,Correctiva,Reparación correctiva,2025-10-15,2025-10-16,2025-10-16,Cerrada,4.0,4.0,39.8
OT-001167,A-0043,Santiago,C14,Correctiva,Reparación correctiva,2025-12-11,2025-12-12,2025-12-12,Cerrada,2.0,2.0,30.1
OT-001168,A-0043,Santiago,C14,Correctiva,Reparación correctiva,2026-02-17,2026-02-19,2026-02-20,Cerrada,5.5,5.5,50.6
OT-001169,A-0043,Santiago,C14,Correctiva,Reparación correctiva,2026-04-01,2026-04-03,2026-04-03,Cerrada,4.0,4.0,46.5
OT-001170,A-0043,Santiago,C14,Correctiva,Reparación correctiva,2026-05-30,2026-06-01,2026-06-01,Cerrada,4.0,4.0,41.6
OT-001171,A-0043,Santiago,C14,Correctiva,Reparación correctiva,2026-06-13,2026-06-14,2026-06-14,Cerrada,2.0,2.0,20.2
OT-001172,A-0043,Santiago,C14,Correctiva,Reparación correctiva,2026-10-03,2026-10-04,2026-10-04,Cerrada,4.0,4.0,29.0
OT-001173,A-0044,Santiago,C14,Preventiva,Mantención preventiva,2025-01-05,2025-01-10,2025-01-10,Cerrada,2.5,1,0
OT-001174,A-0044,Santiago,C14,Preventiva,Mantención preventiva,2025-04-05,,,Abierta,0,0,0
OT-001175,A-0044,Santiago,C14,Preventiva,Mantención preventiva,2025-07-05,2025-07-10,2025-07-10,Cerrada,7.5,1,0
OT-001176,A-0044,Santiago,C14,Preventiva,Mantención preventiva,2025-10-05,2025-10-08,2025-10-08,Cerrada,3.0,1,0
OT-001177,A-0044,Santiago,C14,Preventiva,Mantención preventiva,2026-01-05,2026-01-06,2026-01-06,Cerrada,2.5,1,0
OT-001178,A-0044,Santiago,C14,Preventiva,Mantención preventiva,2026-04-05,2026-04-10,2026-04-10,Cerrada,1.5,1,0
OT-001179,A-0044,Santiago,C14,Preventiva,Mantención preventiva,2026-07-05,2026-07-09,2026-07-09,Cerrada,3.0,1,0
OT-001180,A-0044,Santiago,C14,Preventiva,Mantención preventiva,2026-10-05,2026-10-08,2026-10-08,Cerrada,3.0,1,0
OT-001181,A-0044,Santiago,C14,Correctiva,Reparación correctiva,2025-02-09,2025-02-10,2025-02-11,Cerrada,1.5,1.5,38.4
OT-001182,A-0044,Santiago,C14,Correctiva,Reparación correctiva,2025-10-13,2025-10-15,2025-10-16,Cerrada,7.5,7.5,54.9
OT-001183,A-0044,Santiago,C14,Correctiva,Reparación correctiva,2025-10-18,2025-10-20,2025-10-20,Cerrada,2.0,2.0,46.0
OT-001184,A-0044,Santiago,C14,Correctiva,Reparación correctiva,2026-01-08,2026-01-10,2026-01-10,Cerrada,1.5,1.5,48.1
OT-001185,A-0044,Santiago,C14,Correctiva,Reparación correctiva,2026-04-14,2026-04-15,2026-04-15,Cerrada,2.5,2.5,25.7
OT-001186,A-0044,Santiago,C14,Correctiva,Reparación correctiva,2026-07-13,2026-07-14,2026-07-14,Cerrada,4.5,4.5,33.4
OT-001187,A-0044,Santiago,C14,Correctiva,Reparación correctiva,2026-09-30,2026-10-02,2026-10-02,Cerrada,3.5,3.5,30.7
OT-001188,A-0045,Santiago,C14,Preventiva,Mantención preventiva,2025-03-10,2025-04-03,2025-04-03,Cerrada,1.0,1,0
OT-001189,A-0045,Santiago,C14,Preventiva,Mantención preventiva,2025-06-10,2025-06-10,2025-06-10,Cerrada,3.0,1,0
OT-001190,A-0045,Santiago,C14,Preventiva,Mantención preventiva,2025-09-10,2025-09-19,2025-09-19,Cerrada,2.0,1,0
OT-001191,A-0045,Santiago,C14,Preventiva,Mantención preventiva,2025-12-10,2025-12-16,2025-12-16,Cerrada,3.5,1,0
OT-001192,A-0045,Santiago,C14,Preventiva,Mantención preventiva,2026-03-10,2026-03-12,2026-03-12,Cerrada,1.5,1,0
OT-001193,A-0045,Santiago,C14,Preventiva,Mantención preventiva,2026-06-10,2026-06-11,2026-06-11,Cerrada,3.5,1,0
OT-001194,A-0045,Santiago,C14,Preventiva,Mantención preventiva,2026-09-10,2026-09-16,2026-09-16,Cerrada,3.5,1,0
OT-001195,A-0045,Santiago,C14,Preventiva,Mantención preventiva,2026-12-10,2026-12-20,2026-12-20,Cerrada,2.0,1,0
OT-001196,A-0045,Santiago,C14,Correctiva,Reparación correctiva,2025-01-10,2025-01-12,2025-01-12,Cerrada,2.5,2.5,48.1
OT-001197,A-0045,Santiago,C14,Correctiva,Reparación correctiva,2025-11-09,2025-11-11,2025-11-11,Cerrada,3.0,3.0,42.7
OT-001198,A-0045,Santiago,C14,Correctiva,Reparación correctiva,2026-01-09,2026-01-10,2026-01-10,Cerrada,6.5,6.5,26.1
OT-001199,A-0045,Santiago,C14,Correctiva,Reparación correctiva,2026-03-11,2026-03-13,2026-03-13,Cerrada,3.0,3.0,42.2
OT-001200,A-0045,Santiago,C14,Correctiva,Reparación correctiva,2026-04-11,2026-04-12,2026-04-12,Cerrada,11.5,11.5,34.3
OT-001201,A-0045,Santiago,C14,Correctiva,Reparación correctiva,2026-05-27,2026-05-28,2026-05-28,Cerrada,6.5,6.5,32.2
OT-001202,A-0045,Santiago,C14,Correctiva,Reparación correctiva,2026-06-05,2026-06-07,2026-06-07,Cerrada,4.0,4.0,47.3
OT-001203,A-0045,Santiago,C14,Correctiva,Reparación correctiva,2026-12-18,2026-12-19,2026-12-19,Cerrada,2.0,2.0,38.6
OT-001204,A-0046,Santiago,C14,Preventiva,Mantención preventiva,2025-02-09,2025-02-09,2025-02-09,Cerrada,1.5,1,0
OT-001205,A-0046,Santiago,C14,Preventiva,Mantención preventiva,2025-05-09,2025-05-14,2025-05-14,Cerrada,6.0,1,0
OT-001206,A-0046,Santiago,C14,Preventiva,Mantención preventiva,2025-08-09,2025-08-10,2025-08-10,Cerrada,2.5,1,0
OT-001207,A-0046,Santiago,C14,Preventiva,Mantención preventiva,2025-11-09,,,Abierta,0,0,0
OT-001208,A-0046,Santiago,C14,Preventiva,Mantención preventiva,2026-02-09,2026-02-09,2026-02-09,Cerrada,7.0,1,0
OT-001209,A-0046,Santiago,C14,Preventiva,Mantención preventiva,2026-05-09,2026-05-09,2026-05-09,Cerrada,3.0,1,0
OT-001210,A-0046,Santiago,C14,Preventiva,Mantención preventiva,2026-08-09,2026-08-14,2026-08-14,Cerrada,2.0,1,0
OT-001211,A-0046,Santiago,C14,Preventiva,Mantención preventiva,2026-11-09,2026-11-09,2026-11-09,Cerrada,1.0,1,0
OT-001212,A-0046,Santiago,C14,Correctiva,Reparación correctiva,2025-05-15,2025-05-16,2025-05-16,Cerrada,5.0,5.0,24.8
OT-001213,A-0046,Santiago,C14,Correctiva,Reparación correctiva,2025-11-21,2025-11-22,2025-11-22,Cerrada,5.0,5.0,20.1
OT-001214,A-0046,Santiago,C14,Correctiva,Reparación correctiva,2026-02-16,2026-02-17,2026-02-17,Cerrada,6.5,6.5,41.8
OT-001215,A-0046,Santiago,C14,Correctiva,Reparación correctiva,2026-02-23,2026-02-23,2026-02-24,Cerrada,2.5,2.5,21.1
OT-001216,A-0046,Santiago,C14,Correctiva,Reparación correctiva,2026-02-27,2026-03-01,2026-03-01,Cerrada,7.5,7.5,35.8
OT-001217,A-0046,Santiago,C14,Correctiva,Reparación correctiva,2026-05-27,2026-05-28,2026-05-28,Cerrada,6.5,6.5,27.8
OT-001218,A-0046,Santiago,C14,Correctiva,Reparación correctiva,2026-05-31,2026-06-01,2026-06-01,Cerrada,6.5,6.5,32.5
OT-001219,A-0046,Santiago,C14,Correctiva,Reparación correctiva,2026-06-04,2026-06-06,2026-06-06,Cerrada,3.0,3.0,50.3
OT-001220,A-0046,Santiago,C14,Correctiva,Reparación correctiva,2026-08-05,2026-08-06,2026-08-06,Cerrada,5.0,5.0,20.9
OT-001221,A-0046,Santiago,C14,Correctiva,Reparación correctiva,2026-10-01,2026-10-02,2026-10-02,Cerrada,4.0,4.0,19.8
OT-001222,A-0046,Santiago,C14,Correctiva,Reparación correctiva,2026-10-03,2026-10-04,2026-10-04,Cerrada,11.5,11.5,26.0
OT-001223,A-0046,Santiago,C14,Correctiva,Reparación correctiva,2026-10-04,2026-10-06,2026-10-06,Cerrada,2.0,2.0,31.9
OT-001224,A-0046,Santiago,C14,Correctiva,Reparación correctiva,2026-10-14,2026-10-15,2026-10-16,Cerrada,10.5,10.5,34.4
OT-001225,A-0046,Santiago,C14,Correctiva,Reparación correctiva,2026-11-22,2026-11-23,2026-11-24,Cerrada,14.0,14.0,40.5
OT-001226,A-0046,Santiago,C14,Correctiva,Reparación correctiva,2026-11-27,2026-11-27,2026-11-28,Cerrada,3.0,3.0,23.1
OT-001227,A-0047,Concepción,C14,Preventiva,Mantención preventiva,2025-01-19,2025-01-21,2025-01-21,Cerrada,2.0,1,0
OT-001228,A-0047,Concepción,C14,Preventiva,Mantención preventiva,2025-04-19,2025-04-24,2025-04-24,Cerrada,1.0,1,0
OT-001229,A-0047,Concepción,C14,Preventiva,Mantención preventiva,2025-07-19,,,Abierta,0,0,0
OT-001230,A-0047,Concepción,C14,Preventiva,Mantención preventiva,2025-10-19,2025-10-22,2025-10-22,Cerrada,3.5,1,0
OT-001231,A-0047,Concepción,C14,Preventiva,Mantención preventiva,2026-01-19,2026-01-23,2026-01-23,Cerrada,1.5,1,0
OT-001232,A-0047,Concepción,C14,Preventiva,Mantención preventiva,2026-04-19,2026-04-24,2026-04-24,Cerrada,2.5,1,0
OT-001233,A-0047,Concepción,C14,Preventiva,Mantención preventiva,2026-07-19,2026-07-22,2026-07-22,Cerrada,1.0,1,0
OT-001234,A-0047,Concepción,C14,Preventiva,Mantención preventiva,2026-10-19,2026-11-04,2026-11-04,Cerrada,1.5,1,0
OT-001235,A-0047,Concepción,C14,Correctiva,Reparación correctiva,2025-03-03,2025-03-05,2025-03-05,Cerrada,3.5,3.5,33.5
OT-001236,A-0047,Concepción,C14,Correctiva,Reparación correctiva,2025-05-19,2025-05-20,2025-05-20,Cerrada,2.0,2.0,28.6
OT-001237,A-0047,Concepción,C14,Correctiva,Reparación correctiva,2025-07-02,2025-07-04,2025-07-05,Cerrada,9.5,9.5,55.3
OT-001238,A-0047,Concepción,C14,Correctiva,Reparación correctiva,2025-09-21,2025-09-22,2025-09-22,Cerrada,4.5,4.5,24.9
OT-001239,A-0047,Concepción,C14,Correctiva,Reparación correctiva,2026-02-11,2026-02-13,2026-02-13,Cerrada,2.0,2.0,36.3
OT-001240,A-0047,Concepción,C14,Correctiva,Reparación correctiva,2026-02-12,2026-02-14,2026-02-14,Cerrada,1.5,1.5,36.3
OT-001241,A-0047,Concepción,C14,Correctiva,Reparación correctiva,2026-05-31,2026-06-01,2026-06-01,Cerrada,6.5,6.5,20.8
OT-001242,A-0047,Concepción,C14,Correctiva,Reparación correctiva,2026-07-25,2026-07-26,2026-07-26,Cerrada,2.5,2.5,36.7
OT-001243,A-0047,Concepción,C14,Correctiva,Reparación correctiva,2026-08-18,2026-08-20,2026-08-20,Cerrada,6.5,6.5,48.6
OT-001244,A-0047,Concepción,C14,Correctiva,Reparación correctiva,2026-08-26,2026-08-27,2026-08-28,Cerrada,5.0,5.0,41.6
OT-001245,A-0048,Concepción,C14,Preventiva,Mantención preventiva,2025-01-25,2025-01-26,2025-01-26,Cerrada,2.0,1,0
OT-001246,A-0048,Concepción,C14,Preventiva,Mantención preventiva,2025-04-25,2025-04-28,2025-04-28,Cerrada,1.5,1,0
OT-001247,A-0048,Concepción,C14,Preventiva,Mantención preventiva,2025-07-25,2025-07-26,2025-07-26,Cerrada,4.0,1,0
OT-001248,A-0048,Concepción,C14,Preventiva,Mantención preventiva,2025-10-25,2025-10-28,2025-10-28,Cerrada,3.0,1,0
OT-001249,A-0048,Concepción,C14,Preventiva,Mantención preventiva,2026-01-25,2026-01-31,2026-01-31,Cerrada,6.0,1,0
OT-001250,A-0048,Concepción,C14,Preventiva,Mantención preventiva,2026-04-25,2026-04-30,2026-04-30,Cerrada,1.5,1,0
OT-001251,A-0048,Concepción,C14,Preventiva,Mantención preventiva,2026-07-25,2026-07-26,2026-07-26,Cerrada,3.0,1,0
OT-001252,A-0048,Concepción,C14,Preventiva,Mantención preventiva,2026-10-25,2026-10-28,2026-10-28,Cerrada,3.0,1,0
OT-001253,A-0048,Concepción,C14,Correctiva,Reparación correctiva,2025-04-16,2025-04-17,2025-04-17,Cerrada,4.0,4.0,26.8
OT-001254,A-0048,Concepción,C14,Correctiva,Reparación correctiva,2025-04-28,2025-04-30,2025-05-01,Cerrada,4.5,4.5,52.0
OT-001255,A-0048,Concepción,C14,Correctiva,Reparación correctiva,2025-06-26,2025-06-27,2025-06-28,Cerrada,9.5,9.5,29.0
OT-001256,A-0048,Concepción,C14,Correctiva,Reparación correctiva,2025-07-07,2025-07-09,2025-07-09,Cerrada,2.5,2.5,47.7
OT-001257,A-0048,Concepción,C14,Correctiva,Reparación correctiva,2025-07-21,2025-07-22,2025-07-22,Cerrada,12.0,12.0,33.0
OT-001258,A-0048,Concepción,C14,Correctiva,Reparación correctiva,2025-08-26,2025-08-27,2025-08-27,Cerrada,2.0,2.0,17.8
OT-001259,A-0048,Concepción,C14,Correctiva,Reparación correctiva,2025-09-06,2025-09-06,2025-09-06,Cerrada,4.5,4.5,17.5
OT-001260,A-0048,Concepción,C14,Correctiva,Reparación correctiva,2025-09-22,2025-09-23,2025-09-23,Cerrada,5.0,5.0,33.0
OT-001261,A-0048,Concepción,C14,Correctiva,Reparación correctiva,2025-12-13,2025-12-15,2025-12-15,Cerrada,3.5,3.5,47.8
OT-001262,A-0048,Concepción,C14,Correctiva,Reparación correctiva,2025-12-29,2025-12-29,2025-12-30,Cerrada,4.0,4.0,24.5
OT-001263,A-0048,Concepción,C14,Correctiva,Reparación correctiva,2026-05-11,2026-05-11,2026-05-12,Cerrada,5.0,5.0,19.6
OT-001264,A-0048,Concepción,C14,Correctiva,Reparación correctiva,2026-06-14,2026-06-15,2026-06-15,Cerrada,5.0,5.0,24.8
OT-001265,A-0048,Concepción,C14,Correctiva,Reparación correctiva,2026-07-12,2026-07-13,2026-07-14,Cerrada,3.0,3.0,31.5
OT-001266,A-0048,Concepción,C14,Correctiva,Reparación correctiva,2026-07-31,2026-08-01,2026-08-01,Cerrada,3.5,3.5,27.6
OT-001267,A-0048,Concepción,C14,Correctiva,Reparación correctiva,2026-09-07,2026-09-08,2026-09-08,Cerrada,6.0,6.0,33.1
OT-001268,A-0048,Concepción,C14,Correctiva,Reparación correctiva,2026-09-28,2026-09-28,2026-09-29,Cerrada,11.0,11.0,28.6
OT-001269,A-0048,Concepción,C14,Correctiva,Reparación correctiva,2026-11-15,2026-11-16,2026-11-16,Cerrada,4.0,4.0,24.3
OT-001270,A-0049,Concepción,C14,Preventiva,Mantención preventiva,2025-01-19,2025-01-22,2025-01-22,Cerrada,1.0,1,0
OT-001271,A-0049,Concepción,C14,Preventiva,Mantención preventiva,2025-04-19,2025-05-12,2025-05-12,Cerrada,1.5,1,0
OT-001272,A-0049,Concepción,C14,Preventiva,Mantención preventiva,2025-07-19,2025-07-23,2025-07-23,Cerrada,5.0,1,0
OT-001273,A-0049,Concepción,C14,Preventiva,Mantención preventiva,2025-10-19,2025-10-22,2025-10-22,Cerrada,4.0,1,0
OT-001274,A-0049,Concepción,C14,Preventiva,Mantención preventiva,2026-01-19,2026-01-22,2026-01-22,Cerrada,2.5,1,0
OT-001275,A-0049,Concepción,C14,Preventiva,Mantención preventiva,2026-04-19,2026-05-25,2026-05-25,Cerrada,2.5,1,0
OT-001276,A-0049,Concepción,C14,Preventiva,Mantención preventiva,2026-07-19,2026-08-22,2026-08-22,Cerrada,1.5,1,0
OT-001277,A-0049,Concepción,C14,Preventiva,Mantención preventiva,2026-10-19,2026-10-22,2026-10-22,Cerrada,3.0,1,0
OT-001278,A-0049,Concepción,C14,Correctiva,Reparación correctiva,2025-02-06,2025-02-08,2025-02-08,Cerrada,4.5,4.5,37.0
OT-001279,A-0049,Concepción,C14,Correctiva,Reparación correctiva,2025-04-20,2025-04-21,2025-04-22,Cerrada,11.5,11.5,30.2
OT-001280,A-0049,Concepción,C14,Correctiva,Reparación correctiva,2025-07-02,2025-07-03,2025-07-03,Cerrada,5.5,5.5,17.5
OT-001281,A-0049,Concepción,C14,Correctiva,Reparación correctiva,2025-09-11,2025-09-12,2025-09-12,Cerrada,2.0,2.0,33.1
OT-001282,A-0049,Concepción,C14,Correctiva,Reparación correctiva,2025-11-22,2025-11-23,2025-11-23,Cerrada,5.0,5.0,39.1
OT-001283,A-0049,Concepción,C14,Correctiva,Reparación correctiva,2026-01-30,2026-01-31,2026-01-31,Cerrada,5.0,5.0,39.3
OT-001284,A-0049,Concepción,C14,Correctiva,Reparación correctiva,2026-02-26,2026-02-27,2026-02-27,Cerrada,3.5,3.5,17.4
OT-001285,A-0049,Concepción,C14,Correctiva,Reparación correctiva,2026-02-28,2026-03-02,2026-03-02,Cerrada,7.0,7.0,32.2
OT-001286,A-0049,Concepción,C14,Correctiva,Reparación correctiva,2026-04-19,2026-04-20,2026-04-21,Cerrada,2.5,2.5,42.3
OT-001287,A-0049,Concepción,C14,Correctiva,Reparación correctiva,2026-06-04,2026-06-06,2026-06-06,Cerrada,11.0,11.0,46.4
OT-001288,A-0049,Concepción,C14,Correctiva,Reparación correctiva,2026-10-05,2026-10-07,2026-10-07,Cerrada,12.0,12.0,49.3
OT-001289,A-0049,Concepción,C14,Correctiva,Reparación correctiva,2026-10-28,2026-10-30,2026-10-31,Cerrada,4.5,4.5,48.8
OT-001290,A-0049,Concepción,C14,Correctiva,Reparación correctiva,2026-11-01,2026-11-02,2026-11-02,Cerrada,4.0,4.0,29.4
OT-001291,A-0050,Concepción,C14,Preventiva,Mantención preventiva,2025-02-23,2025-03-01,2025-03-01,Cerrada,2.5,1,0
OT-001292,A-0050,Concepción,C14,Preventiva,Mantención preventiva,2025-05-23,2025-05-29,2025-05-29,Cerrada,4.5,1,0
OT-001293,A-0050,Concepción,C14,Preventiva,Mantención preventiva,2025-08-23,,,Abierta,0,0,0
OT-001294,A-0050,Concepción,C14,Preventiva,Mantención preventiva,2025-11-23,2025-12-13,2025-12-13,Cerrada,5.0,1,0
OT-001295,A-0050,Concepción,C14,Preventiva,Mantención preventiva,2026-02-23,2026-02-24,2026-02-24,Cerrada,1.5,1,0
OT-001296,A-0050,Concepción,C14,Preventiva,Mantención preventiva,2026-05-23,2026-05-26,2026-05-26,Cerrada,1.5,1,0
OT-001297,A-0050,Concepción,C14,Preventiva,Mantención preventiva,2026-08-23,,,Abierta,0,0,0
OT-001298,A-0050,Concepción,C14,Preventiva,Mantención preventiva,2026-11-23,2026-11-26,2026-11-26,Cerrada,7.0,1,0
OT-001299,A-0050,Concepción,C14,Correctiva,Reparación correctiva,2025-01-09,2025-01-10,2025-01-10,Cerrada,4.0,4.0,28.5
OT-001300,A-0050,Concepción,C14,Correctiva,Reparación correctiva,2025-01-30,2025-01-30,2025-01-31,Cerrada,7.0,7.0,21.3
OT-001301,A-0050,Concepción,C14,Correctiva,Reparación correctiva,2025-07-25,2025-07-27,2025-07-27,Cerrada,4.0,4.0,39.2
OT-001302,A-0050,Concepción,C14,Correctiva,Reparación correctiva,2025-09-26,2025-09-27,2025-09-27,Cerrada,6.0,6.0,29.7
OT-001303,A-0050,Concepción,C14,Correctiva,Reparación correctiva,2026-01-14,2026-01-16,2026-01-16,Cerrada,3.5,3.5,31.5
OT-001304,A-0050,Concepción,C14,Correctiva,Reparación correctiva,2026-04-18,2026-04-19,2026-04-19,Cerrada,3.0,3.0,21.2
OT-001305,A-0050,Concepción,C14,Correctiva,Reparación correctiva,2026-11-16,2026-11-17,2026-11-17,Cerrada,2.5,2.5,42.2
OT-001306,A-0050,Concepción,C14,Correctiva,Reparación correctiva,2026-12-22,2026-12-23,2026-12-24,Cerrada,12.5,12.5,30.5
OT-001307,A-0051,Concepción,C14,Preventiva,Mantención preventiva,2025-01-06,2025-01-06,2025-01-06,Cerrada,2.5,1,0
OT-001308,A-0051,Concepción,C14,Preventiva,Mantención preventiva,2025-04-06,2025-04-11,2025-04-11,Cerrada,1.5,1,0
OT-001309,A-0051,Concepción,C14,Preventiva,Mantención preventiva,2025-07-06,2025-07-08,2025-07-08,Cerrada,0.5,1,0
OT-001310,A-0051,Concepción,C14,Preventiva,Mantención preventiva,2025-10-06,2025-10-06,2025-10-06,Cerrada,5.0,1,0
OT-001311,A-0051,Concepción,C14,Preventiva,Mantención preventiva,2026-01-06,2026-01-07,2026-01-07,Cerrada,3.0,1,0
OT-001312,A-0051,Concepción,C14,Preventiva,Mantención preventiva,2026-04-06,2026-04-08,2026-04-08,Cerrada,2.5,1,0
OT-001313,A-0051,Concepción,C14,Preventiva,Mantención preventiva,2026-07-06,,,Abierta,0,0,0
OT-001314,A-0051,Concepción,C14,Preventiva,Mantención preventiva,2026-10-06,,,Abierta,0,0,0
OT-001315,A-0051,Concepción,C14,Correctiva,Reparación correctiva,2025-02-21,2025-02-21,2025-02-22,Cerrada,8.5,8.5,25.8
OT-001316,A-0051,Concepción,C14,Correctiva,Reparación correctiva,2025-03-28,2025-03-29,2025-03-29,Cerrada,2.0,2.0,38.8
OT-001317,A-0051,Concepción,C14,Correctiva,Reparación correctiva,2025-04-19,2025-04-20,2025-04-20,Cerrada,8.0,8.0,34.5
OT-001318,A-0051,Concepción,C14,Correctiva,Reparación correctiva,2025-04-25,2025-04-25,2025-04-25,Cerrada,6.0,6.0,20.0
OT-001319,A-0051,Concepción,C14,Correctiva,Reparación correctiva,2025-05-10,2025-05-12,2025-05-12,Cerrada,5.0,5.0,50.7
OT-001320,A-0051,Concepción,C14,Correctiva,Reparación correctiva,2025-07-15,2025-07-16,2025-07-16,Cerrada,4.5,4.5,19.6
OT-001321,A-0051,Concepción,C14,Correctiva,Reparación correctiva,2025-08-07,2025-08-09,2025-08-09,Cerrada,4.0,4.0,37.8
OT-001322,A-0051,Concepción,C14,Correctiva,Reparación correctiva,2025-12-01,2025-12-02,2025-12-02,Cerrada,4.0,4.0,29.3
OT-001323,A-0051,Concepción,C14,Correctiva,Reparación correctiva,2025-12-27,2025-12-29,2025-12-29,Cerrada,6.5,6.5,53.7
OT-001324,A-0051,Concepción,C14,Correctiva,Reparación correctiva,2026-10-17,2026-10-19,2026-10-19,Cerrada,1.5,1.5,42.4
OT-001325,A-0052,Concepción,C14,Preventiva,Mantención preventiva,2025-02-24,2025-03-12,2025-03-12,Cerrada,5.5,1,0
OT-001326,A-0052,Concepción,C14,Preventiva,Mantención preventiva,2025-05-24,2025-05-26,2025-05-26,Cerrada,2.0,1,0
OT-001327,A-0052,Concepción,C14,Preventiva,Mantención preventiva,2025-08-24,,,Abierta,0,0,0
OT-001328,A-0052,Concepción,C14,Preventiva,Mantención preventiva,2025-11-24,2025-11-28,2025-11-28,Cerrada,3.5,1,0
OT-001329,A-0052,Concepción,C14,Preventiva,Mantención preventiva,2026-02-24,2026-02-26,2026-02-26,Cerrada,2.0,1,0
OT-001330,A-0052,Concepción,C14,Preventiva,Mantención preventiva,2026-05-24,2026-06-09,2026-06-09,Cerrada,1.5,1,0
OT-001331,A-0052,Concepción,C14,Preventiva,Mantención preventiva,2026-08-24,2026-09-20,2026-09-20,Cerrada,4.0,1,0
OT-001332,A-0052,Concepción,C14,Preventiva,Mantención preventiva,2026-11-24,2026-11-27,2026-11-27,Cerrada,0.5,1,0
OT-001333,A-0052,Concepción,C14,Correctiva,Reparación correctiva,2025-01-11,2025-01-11,2025-01-12,Cerrada,6.5,6.5,29.3
OT-001334,A-0052,Concepción,C14,Correctiva,Reparación correctiva,2025-01-18,2025-01-20,2025-01-20,Cerrada,3.5,3.5,39.5
OT-001335,A-0052,Concepción,C14,Correctiva,Reparación correctiva,2025-06-10,2025-06-11,2025-06-11,Cerrada,3.5,3.5,38.7
OT-001336,A-0052,Concepción,C14,Correctiva,Reparación correctiva,2025-08-04,2025-08-05,2025-08-05,Cerrada,4.5,4.5,29.5
OT-001337,A-0052,Concepción,C14,Correctiva,Reparación correctiva,2025-08-22,2025-08-23,2025-08-23,Cerrada,3.0,3.0,39.7
OT-001338,A-0052,Concepción,C14,Correctiva,Reparación correctiva,2025-08-23,2025-08-24,2025-08-24,Cerrada,5.0,5.0,26.3
OT-001339,A-0052,Concepción,C14,Correctiva,Reparación correctiva,2025-09-29,2025-09-30,2025-09-30,Cerrada,4.0,4.0,41.0
OT-001340,A-0052,Concepción,C14,Correctiva,Reparación correctiva,2025-10-26,2025-10-27,2025-10-27,Cerrada,2.5,2.5,37.4
OT-001341,A-0052,Concepción,C14,Correctiva,Reparación correctiva,2025-10-30,2025-10-31,2025-11-01,Cerrada,7.5,7.5,26.5
OT-001342,A-0052,Concepción,C14,Correctiva,Reparación correctiva,2025-12-24,2025-12-25,2025-12-25,Cerrada,3.5,3.5,21.5
OT-001343,A-0052,Concepción,C14,Correctiva,Reparación correctiva,2026-04-15,2026-04-17,2026-04-17,Cerrada,2.0,2.0,42.8
OT-001344,A-0052,Concepción,C14,Correctiva,Reparación correctiva,2026-05-12,2026-05-13,2026-05-14,Cerrada,4.0,4.0,35.2
OT-001345,A-0052,Concepción,C14,Correctiva,Reparación correctiva,2026-05-21,2026-05-22,2026-05-22,Cerrada,7.0,7.0,29.1
OT-001346,A-0052,Concepción,C14,Correctiva,Reparación correctiva,2026-10-20,2026-10-21,2026-10-21,Cerrada,2.5,2.5,20.4
OT-001347,A-0053,Concepción,C14,Preventiva,Mantención preventiva,2025-03-20,2025-03-24,2025-03-24,Cerrada,8.0,1,0
OT-001348,A-0053,Concepción,C14,Preventiva,Mantención preventiva,2025-06-20,2025-07-05,2025-07-05,Cerrada,1.0,1,0
OT-001349,A-0053,Concepción,C14,Preventiva,Mantención preventiva,2025-09-20,2025-09-21,2025-09-21,Cerrada,5.5,1,0
OT-001350,A-0053,Concepción,C14,Preventiva,Mantención preventiva,2025-12-20,2025-12-22,2025-12-22,Cerrada,1.5,1,0
OT-001351,A-0053,Concepción,C14,Preventiva,Mantención preventiva,2026-03-20,,,Abierta,0,0,0
OT-001352,A-0053,Concepción,C14,Preventiva,Mantención preventiva,2026-06-20,2026-06-22,2026-06-22,Cerrada,1.5,1,0
OT-001353,A-0053,Concepción,C14,Preventiva,Mantención preventiva,2026-09-20,2026-10-05,2026-10-05,Cerrada,1.5,1,0
OT-001354,A-0053,Concepción,C14,Preventiva,Mantención preventiva,2026-12-20,2026-12-21,2026-12-21,Cerrada,5.5,1,0
OT-001355,A-0053,Concepción,C14,Correctiva,Reparación correctiva,2025-03-28,2025-03-29,2025-03-29,Cerrada,2.0,2.0,18.0
OT-001356,A-0053,Concepción,C14,Correctiva,Reparación correctiva,2025-05-01,2025-05-02,2025-05-02,Cerrada,5.5,5.5,24.6
OT-001357,A-0053,Concepción,C14,Correctiva,Reparación correctiva,2025-09-21,2025-09-22,2025-09-22,Cerrada,5.5,5.5,19.1
OT-001358,A-0053,Concepción,C14,Correctiva,Reparación correctiva,2025-10-05,2025-10-06,2025-10-06,Cerrada,6.0,6.0,42.1
OT-001359,A-0053,Concepción,C14,Correctiva,Reparación correctiva,2025-11-26,2025-11-27,2025-11-27,Cerrada,5.5,5.5,30.2
OT-001360,A-0053,Concepción,C14,Correctiva,Reparación correctiva,2025-11-30,2025-12-02,2025-12-02,Cerrada,7.5,7.5,49.0
OT-001361,A-0053,Concepción,C14,Correctiva,Reparación correctiva,2026-02-13,2026-02-15,2026-02-15,Cerrada,1.5,1.5,48.2
OT-001362,A-0053,Concepción,C14,Correctiva,Reparación correctiva,2026-02-14,2026-02-16,2026-02-16,Cerrada,8.5,8.5,46.6
OT-001363,A-0053,Concepción,C14,Correctiva,Reparación correctiva,2026-04-27,2026-04-28,2026-04-28,Cerrada,5.5,5.5,24.2
OT-001364,A-0053,Concepción,C14,Correctiva,Reparación correctiva,2026-08-13,2026-08-15,2026-08-15,Cerrada,4.0,4.0,51.3
OT-001365,A-0053,Concepción,C14,Correctiva,Reparación correctiva,2026-09-14,2026-09-15,2026-09-15,Cerrada,3.0,3.0,42.4
OT-001366,A-0053,Concepción,C14,Correctiva,Reparación correctiva,2026-10-28,2026-10-29,2026-10-29,Cerrada,3.5,3.5,33.3
OT-001367,A-0054,Concepción,C14,Preventiva,Mantención preventiva,2025-01-11,2025-01-14,2025-01-14,Cerrada,1.5,1,0
OT-001368,A-0054,Concepción,C14,Preventiva,Mantención preventiva,2025-04-11,2025-04-17,2025-04-17,Cerrada,2.5,1,0
OT-001369,A-0054,Concepción,C14,Preventiva,Mantención preventiva,2025-07-11,2025-07-17,2025-07-17,Cerrada,1.5,1,0
OT-001370,A-0054,Concepción,C14,Preventiva,Mantención preventiva,2025-10-11,2025-11-18,2025-11-18,Cerrada,5.0,1,0
OT-001371,A-0054,Concepción,C14,Preventiva,Mantención preventiva,2026-01-11,2026-01-16,2026-01-16,Cerrada,2.5,1,0
OT-001372,A-0054,Concepción,C14,Preventiva,Mantención preventiva,2026-04-11,2026-04-16,2026-04-16,Cerrada,3.0,1,0
OT-001373,A-0054,Concepción,C14,Preventiva,Mantención preventiva,2026-07-11,2026-07-16,2026-07-16,Cerrada,3.0,1,0
OT-001374,A-0054,Concepción,C14,Preventiva,Mantención preventiva,2026-10-11,,,Abierta,0,0,0
OT-001375,A-0054,Concepción,C14,Correctiva,Reparación correctiva,2025-08-17,2025-08-18,2025-08-18,Cerrada,9.0,9.0,23.3
OT-001376,A-0054,Concepción,C14,Correctiva,Reparación correctiva,2025-10-10,2025-10-12,2025-10-13,Cerrada,6.0,6.0,53.7
OT-001377,A-0054,Concepción,C14,Correctiva,Reparación correctiva,2025-12-24,2025-12-26,2025-12-26,Cerrada,1.5,1.5,34.4
OT-001378,A-0054,Concepción,C14,Correctiva,Reparación correctiva,2026-02-24,2026-02-25,2026-02-26,Cerrada,4.0,4.0,30.4
OT-001379,A-0054,Concepción,C14,Correctiva,Reparación correctiva,2026-03-27,2026-03-29,2026-03-29,Cerrada,2.0,2.0,31.4
OT-001380,A-0054,Concepción,C14,Correctiva,Reparación correctiva,2026-04-03,2026-04-04,2026-04-04,Cerrada,4.5,4.5,25.5
OT-001381,A-0054,Concepción,C14,Correctiva,Reparación correctiva,2026-04-12,2026-04-13,2026-04-13,Cerrada,3.0,3.0,18.6
OT-001382,A-0054,Concepción,C14,Correctiva,Reparación correctiva,2026-04-22,2026-04-23,2026-04-24,Cerrada,12.5,12.5,46.9
OT-001383,A-0054,Concepción,C14,Correctiva,Reparación correctiva,2026-07-25,2026-07-26,2026-07-26,Cerrada,6.0,6.0,25.3
OT-001384,A-0054,Concepción,C14,Correctiva,Reparación correctiva,2026-08-12,2026-08-13,2026-08-14,Cerrada,9.5,9.5,33.9
OT-001385,A-0055,Concepción,C14,Preventiva,Mantención preventiva,2025-01-14,2025-01-29,2025-01-29,Cerrada,2.0,1,0
OT-001386,A-0055,Concepción,C14,Preventiva,Mantención preventiva,2025-04-14,2025-04-17,2025-04-17,Cerrada,5.0,1,0
OT-001387,A-0055,Concepción,C14,Preventiva,Mantención preventiva,2025-07-14,2025-08-01,2025-08-01,Cerrada,2.5,1,0
OT-001388,A-0055,Concepción,C14,Preventiva,Mantención preventiva,2025-10-14,2025-11-22,2025-11-22,Cerrada,4.5,1,0
OT-001389,A-0055,Concepción,C14,Preventiva,Mantención preventiva,2026-01-14,2026-01-18,2026-01-18,Cerrada,4.0,1,0
OT-001390,A-0055,Concepción,C14,Preventiva,Mantención preventiva,2026-04-14,2026-04-20,2026-04-20,Cerrada,1.5,1,0
OT-001391,A-0055,Concepción,C14,Preventiva,Mantención preventiva,2026-07-14,2026-07-19,2026-07-19,Cerrada,2.0,1,0
OT-001392,A-0055,Concepción,C14,Preventiva,Mantención preventiva,2026-10-14,2026-10-20,2026-10-20,Cerrada,1.5,1,0
OT-001393,A-0055,Concepción,C14,Correctiva,Reparación correctiva,2025-02-22,2025-02-24,2025-02-24,Cerrada,5.5,5.5,45.0
OT-001394,A-0055,Concepción,C14,Correctiva,Reparación correctiva,2025-03-28,2025-03-30,2025-03-30,Cerrada,4.0,4.0,51.7
OT-001395,A-0055,Concepción,C14,Correctiva,Reparación correctiva,2025-04-13,2025-04-14,2025-04-14,Cerrada,3.5,3.5,23.9
OT-001396,A-0055,Concepción,C14,Correctiva,Reparación correctiva,2025-06-22,2025-06-24,2025-06-24,Cerrada,3.0,3.0,46.3
OT-001397,A-0055,Concepción,C14,Correctiva,Reparación correctiva,2025-08-08,2025-08-08,2025-08-09,Cerrada,6.0,6.0,19.3
OT-001398,A-0055,Concepción,C14,Correctiva,Reparación correctiva,2025-09-20,2025-09-21,2025-09-21,Cerrada,2.0,2.0,29.2
OT-001399,A-0055,Concepción,C14,Correctiva,Reparación correctiva,2025-09-21,2025-09-22,2025-09-23,Cerrada,5.0,5.0,28.4
OT-001400,A-0055,Concepción,C14,Correctiva,Reparación correctiva,2025-09-28,2025-09-29,2025-09-29,Cerrada,5.5,5.5,35.1
OT-001401,A-0055,Concepción,C14,Correctiva,Reparación correctiva,2025-11-08,2025-11-10,2025-11-10,Cerrada,5.5,5.5,46.7
OT-001402,A-0055,Concepción,C14,Correctiva,Reparación correctiva,2025-11-29,2025-12-01,2025-12-01,Cerrada,2.0,2.0,48.9
OT-001403,A-0055,Concepción,C14,Correctiva,Reparación correctiva,2026-07-06,2026-07-07,2026-07-07,Cerrada,7.0,7.0,21.7
OT-001404,A-0055,Concepción,C14,Correctiva,Reparación correctiva,2026-07-25,2026-07-26,2026-07-26,Cerrada,6.5,6.5,29.2
OT-001405,A-0055,Concepción,C14,Correctiva,Reparación correctiva,2026-09-22,2026-09-24,2026-09-24,Cerrada,7.5,7.5,54.0
OT-001406,A-0055,Concepción,C14,Correctiva,Reparación correctiva,2026-11-14,2026-11-15,2026-11-16,Cerrada,5.0,5.0,26.8
OT-001407,A-0055,Concepción,C14,Correctiva,Reparación correctiva,2026-12-18,2026-12-19,2026-12-19,Cerrada,4.5,4.5,29.0
OT-001408,A-0056,Concepción,C14,Preventiva,Mantención preventiva,2025-02-07,2025-02-09,2025-02-09,Cerrada,3.0,1,0
OT-001409,A-0056,Concepción,C14,Preventiva,Mantención preventiva,2025-05-07,2025-05-26,2025-05-26,Cerrada,7.0,1,0
OT-001410,A-0056,Concepción,C14,Preventiva,Mantención preventiva,2025-08-07,2025-08-08,2025-08-08,Cerrada,3.0,1,0
OT-001411,A-0056,Concepción,C14,Preventiva,Mantención preventiva,2025-11-07,,,Abierta,0,0,0
OT-001412,A-0056,Concepción,C14,Preventiva,Mantención preventiva,2026-02-07,2026-03-16,2026-03-16,Cerrada,1.5,1,0
OT-001413,A-0056,Concepción,C14,Preventiva,Mantención preventiva,2026-05-07,2026-06-11,2026-06-11,Cerrada,1.5,1,0
OT-001414,A-0056,Concepción,C14,Preventiva,Mantención preventiva,2026-08-07,2026-08-08,2026-08-08,Cerrada,1.0,1,0
OT-001415,A-0056,Concepción,C14,Preventiva,Mantención preventiva,2026-11-07,2026-11-10,2026-11-10,Cerrada,1.5,1,0
OT-001416,A-0056,Concepción,C14,Correctiva,Reparación correctiva,2025-05-26,2025-05-27,2025-05-27,Cerrada,7.0,7.0,41.8
OT-001417,A-0056,Concepción,C14,Correctiva,Reparación correctiva,2025-06-15,2025-06-16,2025-06-16,Cerrada,5.5,5.5,23.3
OT-001418,A-0056,Concepción,C14,Correctiva,Reparación correctiva,2025-07-01,2025-07-02,2025-07-02,Cerrada,3.0,3.0,20.4
OT-001419,A-0056,Concepción,C14,Correctiva,Reparación correctiva,2026-04-12,2026-04-13,2026-04-13,Cerrada,7.0,7.0,34.2
OT-001420,A-0056,Concepción,C14,Correctiva,Reparación correctiva,2026-05-01,2026-05-02,2026-05-02,Cerrada,6.5,6.5,19.5
OT-001421,A-0056,Concepción,C14,Correctiva,Reparación correctiva,2026-06-18,2026-06-20,2026-06-20,Cerrada,7.5,7.5,42.7
OT-001422,A-0056,Concepción,C14,Correctiva,Reparación correctiva,2026-07-09,2026-07-10,2026-07-11,Cerrada,18.5,18.5,32.8
OT-001423,A-0056,Concepción,C14,Correctiva,Reparación correctiva,2026-08-09,2026-08-10,2026-08-11,Cerrada,7.0,7.0,49.2
OT-001424,A-0056,Concepción,C14,Correctiva,Reparación correctiva,2026-09-28,2026-09-30,2026-09-30,Cerrada,1.5,1.5,31.5
OT-001425,A-0056,Concepción,C14,Correctiva,Reparación correctiva,2026-11-20,2026-11-21,2026-11-21,Cerrada,4.5,4.5,44.4
OT-001426,A-0056,Concepción,C14,Correctiva,Reparación correctiva,2026-11-25,2026-11-27,2026-11-27,Cerrada,6.5,6.5,40.1
OT-001427,A-0057,Antofagasta,C14,Preventiva,Mantención preventiva,2025-03-13,2025-04-05,2025-04-05,Cerrada,4.5,1,0
OT-001428,A-0057,Antofagasta,C14,Preventiva,Mantención preventiva,2025-06-13,2025-06-14,2025-06-14,Cerrada,5.5,1,0
OT-001429,A-0057,Antofagasta,C14,Preventiva,Mantención preventiva,2025-09-13,2025-09-17,2025-09-17,Cerrada,1.0,1,0
OT-001430,A-0057,Antofagasta,C14,Preventiva,Mantención preventiva,2025-12-13,2025-12-13,2025-12-13,Cerrada,2.0,1,0
OT-001431,A-0057,Antofagasta,C14,Preventiva,Mantención preventiva,2026-03-13,2026-03-15,2026-03-15,Cerrada,1.5,1,0
OT-001432,A-0057,Antofagasta,C14,Preventiva,Mantención preventiva,2026-06-13,2026-06-22,2026-06-22,Cerrada,11.0,1,0
OT-001433,A-0057,Antofagasta,C14,Preventiva,Mantención preventiva,2026-09-13,2026-09-18,2026-09-18,Cerrada,6.0,1,0
OT-001434,A-0057,Antofagasta,C14,Preventiva,Mantención preventiva,2026-12-13,2026-12-17,2026-12-17,Cerrada,2.0,1,0
OT-001435,A-0057,Antofagasta,C14,Correctiva,Reparación correctiva,2025-03-14,2025-03-16,2025-03-16,Cerrada,6.5,6.5,51.0
OT-001436,A-0057,Antofagasta,C14,Correctiva,Reparación correctiva,2025-03-30,2025-03-31,2025-03-31,Cerrada,6.5,6.5,34.4
OT-001437,A-0057,Antofagasta,C14,Correctiva,Reparación correctiva,2025-07-26,2025-07-27,2025-07-27,Cerrada,4.0,4.0,21.8
OT-001438,A-0057,Antofagasta,C14,Correctiva,Reparación correctiva,2025-11-03,2025-11-05,2025-11-05,Cerrada,6.5,6.5,41.7
OT-001439,A-0057,Antofagasta,C14,Correctiva,Reparación correctiva,2025-11-08,2025-11-10,2025-11-10,Cerrada,4.5,4.5,44.6
OT-001440,A-0057,Antofagasta,C14,Correctiva,Reparación correctiva,2026-04-14,2026-04-15,2026-04-15,Cerrada,2.0,2.0,26.0
OT-001441,A-0057,Antofagasta,C14,Correctiva,Reparación correctiva,2026-04-20,2026-04-21,2026-04-21,Cerrada,3.5,3.5,21.3
OT-001442,A-0057,Antofagasta,C14,Correctiva,Reparación correctiva,2026-05-23,2026-05-24,2026-05-25,Cerrada,5.0,5.0,43.3
OT-001443,A-0057,Antofagasta,C14,Correctiva,Reparación correctiva,2026-08-02,2026-08-04,2026-08-04,Cerrada,5.5,5.5,44.9
OT-001444,A-0057,Antofagasta,C14,Correctiva,Reparación correctiva,2026-09-06,2026-09-08,2026-09-08,Cerrada,3.0,3.0,38.1
OT-001445,A-0057,Antofagasta,C14,Correctiva,Reparación correctiva,2026-09-13,2026-09-14,2026-09-15,Cerrada,10.5,10.5,31.5
OT-001446,A-0057,Antofagasta,C14,Correctiva,Reparación correctiva,2026-11-15,2026-11-16,2026-11-16,Cerrada,5.0,5.0,21.7
OT-001447,A-0058,Antofagasta,C14,Preventiva,Mantención preventiva,2025-02-16,2025-03-04,2025-03-04,Cerrada,1.5,1,0
OT-001448,A-0058,Antofagasta,C14,Preventiva,Mantención preventiva,2025-05-16,2025-06-11,2025-06-11,Cerrada,1.5,1,0
OT-001449,A-0058,Antofagasta,C14,Preventiva,Mantención preventiva,2025-08-16,2025-08-19,2025-08-19,Cerrada,9.5,1,0
OT-001450,A-0058,Antofagasta,C14,Preventiva,Mantención preventiva,2025-11-16,,,Abierta,0,0,0
OT-001451,A-0058,Antofagasta,C14,Preventiva,Mantención preventiva,2026-02-16,2026-02-21,2026-02-21,Cerrada,3.5,1,0
OT-001452,A-0058,Antofagasta,C14,Preventiva,Mantención preventiva,2026-05-16,2026-05-18,2026-05-18,Cerrada,1.5,1,0
OT-001453,A-0058,Antofagasta,C14,Preventiva,Mantención preventiva,2026-08-16,2026-08-20,2026-08-20,Cerrada,1.0,1,0
OT-001454,A-0058,Antofagasta,C14,Preventiva,Mantención preventiva,2026-11-16,2026-11-21,2026-11-21,Cerrada,2.5,1,0
OT-001455,A-0058,Antofagasta,C14,Correctiva,Reparación correctiva,2025-01-14,2025-01-16,2025-01-16,Cerrada,6.5,6.5,52.6
OT-001456,A-0058,Antofagasta,C14,Correctiva,Reparación correctiva,2025-04-06,2025-04-08,2025-04-08,Cerrada,4.0,4.0,29.8
OT-001457,A-0058,Antofagasta,C14,Correctiva,Reparación correctiva,2025-04-21,2025-04-23,2025-04-23,Cerrada,6.0,6.0,47.7
OT-001458,A-0058,Antofagasta,C14,Correctiva,Reparación correctiva,2025-05-03,2025-05-05,2025-05-05,Cerrada,3.0,3.0,43.5
OT-001459,A-0058,Antofagasta,C14,Correctiva,Reparación correctiva,2025-05-20,2025-05-21,2025-05-22,Cerrada,5.0,5.0,38.0
OT-001460,A-0058,Antofagasta,C14,Correctiva,Reparación correctiva,2025-06-27,2025-06-29,2025-06-29,Cerrada,9.5,9.5,52.9
OT-001461,A-0058,Antofagasta,C14,Correctiva,Reparación correctiva,2025-07-11,2025-07-12,2025-07-13,Cerrada,3.5,3.5,29.3
OT-001462,A-0058,Antofagasta,C14,Correctiva,Reparación correctiva,2025-07-16,2025-07-17,2025-07-17,Cerrada,4.5,4.5,36.6
OT-001463,A-0058,Antofagasta,C14,Correctiva,Reparación correctiva,2025-09-10,2025-09-11,2025-09-12,Cerrada,12.0,12.0,48.1
OT-001464,A-0058,Antofagasta,C14,Correctiva,Reparación correctiva,2025-12-18,2025-12-19,2025-12-19,Cerrada,4.5,4.5,16.7
OT-001465,A-0058,Antofagasta,C14,Correctiva,Reparación correctiva,2026-08-03,2026-08-05,2026-08-05,Cerrada,2.5,2.5,38.7
OT-001466,A-0058,Antofagasta,C14,Correctiva,Reparación correctiva,2026-08-28,2026-08-29,2026-08-29,Cerrada,4.0,4.0,32.9
OT-001467,A-0058,Antofagasta,C14,Correctiva,Reparación correctiva,2026-09-20,2026-09-22,2026-09-22,Cerrada,4.5,4.5,51.7
OT-001468,A-0058,Antofagasta,C14,Correctiva,Reparación correctiva,2026-10-09,2026-10-10,2026-10-11,Cerrada,2.5,2.5,27.5
OT-001469,A-0058,Antofagasta,C14,Correctiva,Reparación correctiva,2026-10-28,2026-10-29,2026-10-30,Cerrada,10.5,10.5,52.4
OT-001470,A-0058,Antofagasta,C14,Correctiva,Reparación correctiva,2026-12-01,2026-12-02,2026-12-02,Cerrada,7.0,7.0,24.9
OT-001471,A-0059,Antofagasta,C14,Preventiva,Mantención preventiva,2025-03-28,,,Abierta,0,0,0
OT-001472,A-0059,Antofagasta,C14,Preventiva,Mantención preventiva,2025-06-28,2025-07-01,2025-07-01,Cerrada,1.0,1,0
OT-001473,A-0059,Antofagasta,C14,Preventiva,Mantención preventiva,2025-09-28,2025-10-01,2025-10-01,Cerrada,1.5,1,0
OT-001474,A-0059,Antofagasta,C14,Preventiva,Mantención preventiva,2025-12-28,2026-02-05,2026-02-05,Cerrada,2.5,1,0
OT-001475,A-0059,Antofagasta,C14,Preventiva,Mantención preventiva,2026-03-28,2026-04-14,2026-04-14,Cerrada,4.0,1,0
OT-001476,A-0059,Antofagasta,C14,Preventiva,Mantención preventiva,2026-06-28,2026-07-02,2026-07-02,Cerrada,5.0,1,0
OT-001477,A-0059,Antofagasta,C14,Preventiva,Mantención preventiva,2026-09-28,2026-09-29,2026-09-29,Cerrada,2.5,1,0
OT-001478,A-0059,Antofagasta,C14,Preventiva,Mantención preventiva,2026-12-28,2026-12-28,2026-12-28,Cerrada,1.5,1,0
OT-001479,A-0059,Antofagasta,C14,Correctiva,Reparación correctiva,2025-01-06,2025-01-07,2025-01-08,Cerrada,2.5,2.5,26.3
OT-001480,A-0059,Antofagasta,C14,Correctiva,Reparación correctiva,2025-06-14,2025-06-15,2025-06-15,Cerrada,4.0,4.0,19.8
OT-001481,A-0059,Antofagasta,C14,Correctiva,Reparación correctiva,2025-07-21,2025-07-23,2025-07-23,Cerrada,4.0,4.0,41.5
OT-001482,A-0059,Antofagasta,C14,Correctiva,Reparación correctiva,2025-08-09,2025-08-11,2025-08-11,Cerrada,4.0,4.0,39.7
OT-001483,A-0059,Antofagasta,C14,Correctiva,Reparación correctiva,2025-10-07,2025-10-08,2025-10-08,Cerrada,6.5,6.5,34.8
OT-001484,A-0059,Antofagasta,C14,Correctiva,Reparación correctiva,2026-01-11,2026-01-12,2026-01-12,Cerrada,5.0,5.0,43.8
OT-001485,A-0059,Antofagasta,C14,Correctiva,Reparación correctiva,2026-01-16,2026-01-17,2026-01-17,Cerrada,1.5,1.5,22.7
OT-001486,A-0059,Antofagasta,C14,Correctiva,Reparación correctiva,2026-02-16,2026-02-16,2026-02-17,Cerrada,3.0,3.0,15.7
OT-001487,A-0059,Antofagasta,C14,Correctiva,Reparación correctiva,2026-03-19,2026-03-20,2026-03-20,Cerrada,1.5,1.5,36.8
OT-001488,A-0059,Antofagasta,C14,Correctiva,Reparación correctiva,2026-06-07,2026-06-09,2026-06-09,Cerrada,11.5,11.5,56.7
OT-001489,A-0059,Antofagasta,C14,Correctiva,Reparación correctiva,2026-07-03,2026-07-04,2026-07-04,Cerrada,4.0,4.0,19.5
OT-001490,A-0059,Antofagasta,C14,Correctiva,Reparación correctiva,2026-08-08,2026-08-09,2026-08-09,Cerrada,2.5,2.5,28.5
OT-001491,A-0059,Antofagasta,C14,Correctiva,Reparación correctiva,2026-08-13,2026-08-15,2026-08-15,Cerrada,4.0,4.0,31.2
OT-001492,A-0059,Antofagasta,C14,Correctiva,Reparación correctiva,2026-10-12,2026-10-13,2026-10-13,Cerrada,7.0,7.0,22.3
OT-001493,A-0059,Antofagasta,C14,Correctiva,Reparación correctiva,2026-12-19,2026-12-20,2026-12-21,Cerrada,5.0,5.0,40.3
OT-001494,A-0059,Antofagasta,C14,Correctiva,Reparación correctiva,2026-12-24,2026-12-25,2026-12-26,Cerrada,5.5,5.5,34.4
OT-001495,A-0060,Antofagasta,C14,Preventiva,Mantención preventiva,2025-02-10,2025-02-14,2025-02-14,Cerrada,1.5,1,0
OT-001496,A-0060,Antofagasta,C14,Preventiva,Mantención preventiva,2025-05-10,2025-05-15,2025-05-15,Cerrada,8.0,1,0
OT-001497,A-0060,Antofagasta,C14,Preventiva,Mantención preventiva,2025-08-10,2025-08-14,2025-08-14,Cerrada,1.0,1,0
OT-001498,A-0060,Antofagasta,C14,Preventiva,Mantención preventiva,2025-11-10,2025-11-15,2025-11-15,Cerrada,2.0,1,0
OT-001499,A-0060,Antofagasta,C14,Preventiva,Mantención preventiva,2026-02-10,2026-02-20,2026-02-20,Cerrada,1.5,1,0
OT-001500,A-0060,Antofagasta,C14,Preventiva,Mantención preventiva,2026-05-10,2026-05-15,2026-05-15,Cerrada,2.0,1,0
OT-001501,A-0060,Antofagasta,C14,Preventiva,Mantención preventiva,2026-08-10,2026-08-16,2026-08-16,Cerrada,3.5,1,0
OT-001502,A-0060,Antofagasta,C14,Preventiva,Mantención preventiva,2026-11-10,2026-11-14,2026-11-14,Cerrada,1.5,1,0
OT-001503,A-0060,Antofagasta,C14,Correctiva,Reparación correctiva,2025-02-04,2025-02-04,2025-02-04,Cerrada,4.0,4.0,16.6
OT-001504,A-0060,Antofagasta,C14,Correctiva,Reparación correctiva,2025-04-09,2025-04-10,2025-04-10,Cerrada,3.5,3.5,32.1
OT-001505,A-0060,Antofagasta,C14,Correctiva,Reparación correctiva,2025-06-29,2025-07-01,2025-07-01,Cerrada,1.5,1.5,39.6
OT-001506,A-0060,Antofagasta,C14,Correctiva,Reparación correctiva,2025-08-26,2025-08-28,2025-08-28,Cerrada,6.0,6.0,42.9
OT-001507,A-0060,Antofagasta,C14,Correctiva,Reparación correctiva,2025-09-04,2025-09-04,2025-09-05,Cerrada,12.0,12.0,30.9
OT-001508,A-0060,Antofagasta,C14,Correctiva,Reparación correctiva,2025-09-16,2025-09-17,2025-09-17,Cerrada,4.5,4.5,17.5
OT-001509,A-0060,Antofagasta,C14,Correctiva,Reparación correctiva,2025-10-03,2025-10-05,2025-10-05,Cerrada,9.5,9.5,51.8
OT-001510,A-0060,Antofagasta,C14,Correctiva,Reparación correctiva,2025-10-08,2025-10-10,2025-10-10,Cerrada,2.5,2.5,42.2
OT-001511,A-0060,Antofagasta,C14,Correctiva,Reparación correctiva,2025-10-16,2025-10-17,2025-10-18,Cerrada,6.5,6.5,51.0
OT-001512,A-0060,Antofagasta,C14,Correctiva,Reparación correctiva,2025-11-24,2025-11-25,2025-11-25,Cerrada,4.0,4.0,16.7
OT-001513,A-0060,Antofagasta,C14,Correctiva,Reparación correctiva,2025-12-15,2025-12-17,2025-12-17,Cerrada,4.0,4.0,45.9
OT-001514,A-0060,Antofagasta,C14,Correctiva,Reparación correctiva,2025-12-22,2025-12-24,2025-12-24,Cerrada,4.0,4.0,46.5
OT-001515,A-0060,Antofagasta,C14,Correctiva,Reparación correctiva,2026-02-01,2026-02-02,2026-02-02,Cerrada,2.0,2.0,34.8
OT-001516,A-0060,Antofagasta,C14,Correctiva,Reparación correctiva,2026-03-16,2026-03-18,2026-03-18,Cerrada,7.0,7.0,45.1
OT-001517,A-0060,Antofagasta,C14,Correctiva,Reparación correctiva,2026-03-20,2026-03-20,2026-03-21,Cerrada,5.5,5.5,18.2
OT-001518,A-0060,Antofagasta,C14,Correctiva,Reparación correctiva,2026-04-08,2026-04-09,2026-04-09,Cerrada,6.0,6.0,41.3
OT-001519,A-0060,Antofagasta,C14,Correctiva,Reparación correctiva,2026-05-13,2026-05-15,2026-05-15,Cerrada,1.5,1.5,29.2
OT-001520,A-0060,Antofagasta,C14,Correctiva,Reparación correctiva,2026-06-20,2026-06-22,2026-06-22,Cerrada,4.5,4.5,32.3
OT-001521,A-0060,Antofagasta,C14,Correctiva,Reparación correctiva,2026-08-29,2026-08-31,2026-08-31,Cerrada,14.5,14.5,59.7
OT-001522,A-0060,Antofagasta,C14,Correctiva,Reparación correctiva,2026-10-06,2026-10-07,2026-10-08,Cerrada,6.5,6.5,50.3
OT-001523,A-0060,Antofagasta,C14,Correctiva,Reparación correctiva,2026-11-07,2026-11-09,2026-11-09,Cerrada,5.5,5.5,51.4
OT-001524,A-0060,Antofagasta,C14,Correctiva,Reparación correctiva,2026-12-15,2026-12-17,2026-12-17,Cerrada,3.0,3.0,50.0
OT-001525,A-0061,Antofagasta,C14,Preventiva,Mantención preventiva,2025-01-22,2025-01-23,2025-01-23,Cerrada,1.5,1,0
OT-001526,A-0061,Antofagasta,C14,Preventiva,Mantención preventiva,2025-04-22,2025-04-25,2025-04-25,Cerrada,6.0,1,0
OT-001527,A-0061,Antofagasta,C14,Preventiva,Mantención preventiva,2025-07-22,2025-07-26,2025-07-26,Cerrada,4.5,1,0
OT-001528,A-0061,Antofagasta,C14,Preventiva,Mantención preventiva,2025-10-22,2025-10-28,2025-10-28,Cerrada,5.0,1,0
OT-001529,A-0061,Antofagasta,C14,Preventiva,Mantención preventiva,2026-01-22,2026-02-20,2026-02-20,Cerrada,2.0,1,0
OT-001530,A-0061,Antofagasta,C14,Preventiva,Mantención preventiva,2026-04-22,2026-04-23,2026-04-23,Cerrada,0.5,1,0
OT-001531,A-0061,Antofagasta,C14,Preventiva,Mantención preventiva,2026-07-22,2026-08-01,2026-08-01,Cerrada,4.5,1,0
OT-001532,A-0061,Antofagasta,C14,Preventiva,Mantención preventiva,2026-10-22,2026-12-01,2026-12-01,Cerrada,3.0,1,0
OT-001533,A-0061,Antofagasta,C14,Correctiva,Reparación correctiva,2025-01-04,2025-01-06,2025-01-06,Cerrada,9.0,9.0,55.1
OT-001534,A-0061,Antofagasta,C14,Correctiva,Reparación correctiva,2025-05-01,2025-05-02,2025-05-02,Cerrada,5.0,5.0,20.7
OT-001535,A-0061,Antofagasta,C14,Correctiva,Reparación correctiva,2025-05-12,2025-05-13,2025-05-13,Cerrada,3.0,3.0,19.3
OT-001536,A-0061,Antofagasta,C14,Correctiva,Reparación correctiva,2025-07-29,2025-07-31,2025-07-31,Cerrada,7.5,7.5,45.0
OT-001537,A-0061,Antofagasta,C14,Correctiva,Reparación correctiva,2025-11-29,2025-11-29,2025-11-30,Cerrada,2.0,2.0,19.6
OT-001538,A-0061,Antofagasta,C14,Correctiva,Reparación correctiva,2025-12-07,2025-12-07,2025-12-08,Cerrada,4.5,4.5,23.8
OT-001539,A-0061,Antofagasta,C14,Correctiva,Reparación correctiva,2025-12-18,2025-12-19,2025-12-19,Cerrada,6.5,6.5,28.1
OT-001540,A-0061,Antofagasta,C14,Correctiva,Reparación correctiva,2026-02-15,2026-02-16,2026-02-17,Cerrada,7.5,7.5,28.3
OT-001541,A-0061,Antofagasta,C14,Correctiva,Reparación correctiva,2026-05-19,2026-05-20,2026-05-20,Cerrada,2.0,2.0,19.0
OT-001542,A-0061,Antofagasta,C14,Correctiva,Reparación correctiva,2026-10-03,2026-10-05,2026-10-05,Cerrada,4.5,4.5,50.8
OT-001543,A-0062,Antofagasta,C14,Preventiva,Mantención preventiva,2025-02-05,2025-02-17,2025-02-17,Cerrada,1.5,1,0
OT-001544,A-0062,Antofagasta,C14,Preventiva,Mantención preventiva,2025-05-05,,,Abierta,0,0,0
OT-001545,A-0062,Antofagasta,C14,Preventiva,Mantención preventiva,2025-08-05,2025-08-05,2025-08-05,Cerrada,2.5,1,0
OT-001546,A-0062,Antofagasta,C14,Preventiva,Mantención preventiva,2025-11-05,,,Abierta,0,0,0
OT-001547,A-0062,Antofagasta,C14,Preventiva,Mantención preventiva,2026-02-05,2026-02-09,2026-02-09,Cerrada,4.5,1,0
OT-001548,A-0062,Antofagasta,C14,Preventiva,Mantención preventiva,2026-05-05,2026-05-07,2026-05-07,Cerrada,1.5,1,0
OT-001549,A-0062,Antofagasta,C14,Preventiva,Mantención preventiva,2026-08-05,2026-09-01,2026-09-01,Cerrada,3.5,1,0
OT-001550,A-0062,Antofagasta,C14,Preventiva,Mantención preventiva,2026-11-05,2026-11-11,2026-11-11,Cerrada,1.5,1,0
OT-001551,A-0062,Antofagasta,C14,Correctiva,Reparación correctiva,2025-06-01,2025-06-03,2025-06-03,Cerrada,4.0,4.0,41.2
OT-001552,A-0062,Antofagasta,C14,Correctiva,Reparación correctiva,2025-07-19,2025-07-20,2025-07-21,Cerrada,7.0,7.0,47.4
OT-001553,A-0062,Antofagasta,C14,Correctiva,Reparación correctiva,2025-11-27,2025-11-28,2025-11-29,Cerrada,4.0,4.0,44.1
OT-001554,A-0062,Antofagasta,C14,Correctiva,Reparación correctiva,2025-12-18,2025-12-19,2025-12-19,Cerrada,2.5,2.5,15.8
OT-001555,A-0062,Antofagasta,C14,Correctiva,Reparación correctiva,2026-03-09,2026-03-10,2026-03-10,Cerrada,2.0,2.0,18.5
OT-001556,A-0062,Antofagasta,C14,Correctiva,Reparación correctiva,2026-04-22,2026-04-24,2026-04-24,Cerrada,9.0,9.0,48.3
OT-001557,A-0062,Antofagasta,C14,Correctiva,Reparación correctiva,2026-05-09,2026-05-11,2026-05-11,Cerrada,3.0,3.0,42.9
OT-001558,A-0062,Antofagasta,C14,Correctiva,Reparación correctiva,2026-06-04,2026-06-05,2026-06-05,Cerrada,5.5,5.5,19.2
OT-001559,A-0062,Antofagasta,C14,Correctiva,Reparación correctiva,2026-06-25,2026-06-27,2026-06-27,Cerrada,8.0,8.0,46.5
OT-001560,A-0062,Antofagasta,C14,Correctiva,Reparación correctiva,2026-08-24,2026-08-25,2026-08-25,Cerrada,5.0,5.0,36.2
OT-001561,A-0062,Antofagasta,C14,Correctiva,Reparación correctiva,2026-09-13,2026-09-14,2026-09-15,Cerrada,8.5,8.5,48.8
OT-001562,A-0062,Antofagasta,C14,Correctiva,Reparación correctiva,2026-11-27,2026-11-28,2026-11-28,Cerrada,3.0,3.0,33.7
OT-001563,A-0063,Antofagasta,C14,Preventiva,Mantención preventiva,2025-02-15,2025-02-20,2025-02-20,Cerrada,2.5,1,0
OT-001564,A-0063,Antofagasta,C14,Preventiva,Mantención preventiva,2025-05-15,2025-05-18,2025-05-18,Cerrada,5.0,1,0
OT-001565,A-0063,Antofagasta,C14,Preventiva,Mantención preventiva,2025-08-15,2025-08-17,2025-08-17,Cerrada,3.5,1,0
OT-001566,A-0063,Antofagasta,C14,Preventiva,Mantención preventiva,2025-11-15,2025-11-21,2025-11-21,Cerrada,2.5,1,0
OT-001567,A-0063,Antofagasta,C14,Preventiva,Mantención preventiva,2026-02-15,2026-02-18,2026-02-18,Cerrada,2.5,1,0
OT-001568,A-0063,Antofagasta,C14,Preventiva,Mantención preventiva,2026-05-15,2026-05-18,2026-05-18,Cerrada,3.0,1,0
OT-001569,A-0063,Antofagasta,C14,Preventiva,Mantención preventiva,2026-08-15,2026-08-30,2026-08-30,Cerrada,3.5,1,0
OT-001570,A-0063,Antofagasta,C14,Preventiva,Mantención preventiva,2026-11-15,2026-11-16,2026-11-16,Cerrada,5.0,1,0
OT-001571,A-0063,Antofagasta,C14,Correctiva,Reparación correctiva,2025-07-01,2025-07-03,2025-07-03,Cerrada,4.0,4.0,37.7
OT-001572,A-0063,Antofagasta,C14,Correctiva,Reparación correctiva,2025-08-21,2025-08-22,2025-08-22,Cerrada,2.5,2.5,16.0
OT-001573,A-0063,Antofagasta,C14,Correctiva,Reparación correctiva,2026-05-31,2026-06-01,2026-06-01,Cerrada,4.0,4.0,26.9
OT-001574,A-0063,Antofagasta,C14,Correctiva,Reparación correctiva,2026-06-09,2026-06-11,2026-06-11,Cerrada,7.0,7.0,40.2
OT-001575,A-0063,Antofagasta,C14,Correctiva,Reparación correctiva,2026-09-20,2026-09-21,2026-09-21,Cerrada,2.5,2.5,32.1
OT-001576,A-0064,Antofagasta,C14,Preventiva,Mantención preventiva,2025-02-16,2025-02-20,2025-02-20,Cerrada,2.5,1,0
OT-001577,A-0064,Antofagasta,C14,Preventiva,Mantención preventiva,2025-05-16,2025-05-22,2025-05-22,Cerrada,4.5,1,0
OT-001578,A-0064,Antofagasta,C14,Preventiva,Mantención preventiva,2025-08-16,2025-09-25,2025-09-25,Cerrada,4.5,1,0
OT-001579,A-0064,Antofagasta,C14,Preventiva,Mantención preventiva,2025-11-16,2025-11-17,2025-11-17,Cerrada,4.5,1,0
OT-001580,A-0064,Antofagasta,C14,Preventiva,Mantención preventiva,2026-02-16,2026-03-22,2026-03-22,Cerrada,1.0,1,0
OT-001581,A-0064,Antofagasta,C14,Preventiva,Mantención preventiva,2026-05-16,2026-05-16,2026-05-16,Cerrada,5.0,1,0
OT-001582,A-0064,Antofagasta,C14,Preventiva,Mantención preventiva,2026-08-16,2026-08-25,2026-08-25,Cerrada,3.5,1,0
OT-001583,A-0064,Antofagasta,C14,Preventiva,Mantención preventiva,2026-11-16,2026-12-01,2026-12-01,Cerrada,3.0,1,0
OT-001584,A-0064,Antofagasta,C14,Correctiva,Reparación correctiva,2025-07-06,2025-07-07,2025-07-07,Cerrada,5.0,5.0,36.5
OT-001585,A-0064,Antofagasta,C14,Correctiva,Reparación correctiva,2025-08-17,2025-08-17,2025-08-17,Cerrada,6.0,6.0,18.7
OT-001586,A-0064,Antofagasta,C14,Correctiva,Reparación correctiva,2026-03-02,2026-03-02,2026-03-03,Cerrada,9.5,9.5,31.4
OT-001587,A-0064,Antofagasta,C14,Correctiva,Reparación correctiva,2026-03-07,2026-03-08,2026-03-08,Cerrada,3.0,3.0,34.2
OT-001588,A-0064,Antofagasta,C14,Correctiva,Reparación correctiva,2026-04-16,2026-04-18,2026-04-18,Cerrada,3.5,3.5,49.1
OT-001589,A-0064,Antofagasta,C14,Correctiva,Reparación correctiva,2026-04-18,2026-04-19,2026-04-19,Cerrada,4.0,4.0,35.0
OT-001590,A-0064,Antofagasta,C14,Correctiva,Reparación correctiva,2026-12-08,2026-12-09,2026-12-09,Cerrada,3.5,3.5,35.0
OT-001591,A-0065,Antofagasta,C14,Preventiva,Mantención preventiva,2025-01-10,,,Abierta,0,0,0
OT-001592,A-0065,Antofagasta,C14,Preventiva,Mantención preventiva,2025-04-10,2025-04-10,2025-04-10,Cerrada,3.0,1,0
OT-001593,A-0065,Antofagasta,C14,Preventiva,Mantención preventiva,2025-07-10,2025-07-10,2025-07-10,Cerrada,2.0,1,0
OT-001594,A-0065,Antofagasta,C14,Preventiva,Mantención preventiva,2025-10-10,2025-10-12,2025-10-12,Cerrada,1.5,1,0
OT-001595,A-0065,Antofagasta,C14,Preventiva,Mantención preventiva,2026-01-10,2026-01-14,2026-01-14,Cerrada,4.0,1,0
OT-001596,A-0065,Antofagasta,C14,Preventiva,Mantención preventiva,2026-04-10,2026-04-10,2026-04-10,Cerrada,2.0,1,0
OT-001597,A-0065,Antofagasta,C14,Preventiva,Mantención preventiva,2026-07-10,2026-07-10,2026-07-10,Cerrada,2.5,1,0
OT-001598,A-0065,Antofagasta,C14,Preventiva,Mantención preventiva,2026-10-10,2026-11-04,2026-11-04,Cerrada,3.0,1,0
OT-001599,A-0065,Antofagasta,C14,Correctiva,Reparación correctiva,2025-01-07,2025-01-09,2025-01-09,Cerrada,5.5,5.5,45.0
OT-001600,A-0065,Antofagasta,C14,Correctiva,Reparación correctiva,2025-02-26,2025-02-27,2025-02-28,Cerrada,8.5,8.5,36.6
OT-001601,A-0065,Antofagasta,C14,Correctiva,Reparación correctiva,2025-05-29,2025-05-30,2025-05-30,Cerrada,4.5,4.5,21.6
OT-001602,A-0065,Antofagasta,C14,Correctiva,Reparación correctiva,2025-06-15,2025-06-17,2025-06-17,Cerrada,12.0,12.0,58.3
OT-001603,A-0065,Antofagasta,C14,Correctiva,Reparación correctiva,2025-06-17,2025-06-19,2025-06-19,Cerrada,5.5,5.5,46.8
OT-001604,A-0065,Antofagasta,C14,Correctiva,Reparación correctiva,2025-06-21,2025-06-23,2025-06-23,Cerrada,3.5,3.5,48.7
OT-001605,A-0065,Antofagasta,C14,Correctiva,Reparación correctiva,2025-08-28,2025-08-30,2025-08-31,Cerrada,6.5,6.5,54.5
OT-001606,A-0065,Antofagasta,C14,Correctiva,Reparación correctiva,2025-12-17,2025-12-18,2025-12-18,Cerrada,2.5,2.5,24.6
OT-001607,A-0065,Antofagasta,C14,Correctiva,Reparación correctiva,2025-12-21,2025-12-22,2025-12-22,Cerrada,13.5,13.5,28.7
OT-001608,A-0065,Antofagasta,C14,Correctiva,Reparación correctiva,2026-03-09,2026-03-11,2026-03-11,Cerrada,7.0,7.0,55.0
OT-001609,A-0065,Antofagasta,C14,Correctiva,Reparación correctiva,2026-04-20,2026-04-21,2026-04-22,Cerrada,6.0,6.0,46.9
OT-001610,A-0065,Antofagasta,C14,Correctiva,Reparación correctiva,2026-06-24,2026-06-25,2026-06-25,Cerrada,5.5,5.5,29.1
OT-001611,A-0065,Antofagasta,C14,Correctiva,Reparación correctiva,2026-08-03,2026-08-04,2026-08-04,Cerrada,6.0,6.0,32.1
OT-001612,A-0065,Antofagasta,C14,Correctiva,Reparación correctiva,2026-12-15,2026-12-17,2026-12-17,Cerrada,4.0,4.0,45.4
OT-001613,A-0066,Antofagasta,C14,Preventiva,Mantención preventiva,2025-02-27,2025-03-02,2025-03-02,Cerrada,0.5,1,0
OT-001614,A-0066,Antofagasta,C14,Preventiva,Mantención preventiva,2025-05-27,2025-05-27,2025-05-27,Cerrada,1.5,1,0
OT-001615,A-0066,Antofagasta,C14,Preventiva,Mantención preventiva,2025-08-27,2025-08-27,2025-08-27,Cerrada,2.0,1,0
OT-001616,A-0066,Antofagasta,C14,Preventiva,Mantención preventiva,2025-11-27,2025-11-29,2025-11-29,Cerrada,3.5,1,0
OT-001617,A-0066,Antofagasta,C14,Preventiva,Mantención preventiva,2026-02-27,,,Abierta,0,0,0
OT-001618,A-0066,Antofagasta,C14,Preventiva,Mantención preventiva,2026-05-27,,,Abierta,0,0,0
OT-001619,A-0066,Antofagasta,C14,Preventiva,Mantención preventiva,2026-08-27,2026-08-30,2026-08-30,Cerrada,2.0,1,0
OT-001620,A-0066,Antofagasta,C14,Preventiva,Mantención preventiva,2026-11-27,2026-12-30,2026-12-30,Cerrada,1.5,1,0
OT-001621,A-0066,Antofagasta,C14,Correctiva,Reparación correctiva,2025-02-11,2025-02-12,2025-02-12,Cerrada,1.5,1.5,19.6
OT-001622,A-0066,Antofagasta,C14,Correctiva,Reparación correctiva,2025-04-19,2025-04-20,2025-04-21,Cerrada,2.0,2.0,35.7
OT-001623,A-0066,Antofagasta,C14,Correctiva,Reparación correctiva,2025-07-10,2025-07-11,2025-07-11,Cerrada,1.0,1.0,17.6
OT-001624,A-0066,Antofagasta,C14,Correctiva,Reparación correctiva,2025-07-12,2025-07-14,2025-07-14,Cerrada,7.0,7.0,53.9
OT-001625,A-0066,Antofagasta,C14,Correctiva,Reparación correctiva,2025-09-18,2025-09-20,2025-09-20,Cerrada,2.0,2.0,45.8
OT-001626,A-0066,Antofagasta,C14,Correctiva,Reparación correctiva,2025-11-24,2025-11-26,2025-11-26,Cerrada,7.5,7.5,42.9
OT-001627,A-0066,Antofagasta,C14,Correctiva,Reparación correctiva,2026-03-16,2026-03-17,2026-03-17,Cerrada,2.0,2.0,28.6
OT-001628,A-0066,Antofagasta,C14,Correctiva,Reparación correctiva,2026-04-26,2026-04-27,2026-04-27,Cerrada,4.5,4.5,35.1
OT-001629,A-0066,Antofagasta,C14,Correctiva,Reparación correctiva,2026-05-26,2026-05-27,2026-05-27,Cerrada,7.5,7.5,31.5
OT-001630,A-0066,Antofagasta,C14,Correctiva,Reparación correctiva,2026-06-19,2026-06-19,2026-06-20,Cerrada,5.0,5.0,19.3
OT-001631,A-0066,Antofagasta,C14,Correctiva,Reparación correctiva,2026-07-23,2026-07-23,2026-07-23,Cerrada,7.0,7.0,19.9
OT-001632,A-0066,Antofagasta,C14,Correctiva,Reparación correctiva,2026-08-30,2026-09-01,2026-09-01,Cerrada,4.5,4.5,51.0
OT-001633,A-0066,Antofagasta,C14,Correctiva,Reparación correctiva,2026-09-04,2026-09-05,2026-09-05,Cerrada,4.0,4.0,37.6
OT-001634,A-0066,Antofagasta,C14,Correctiva,Reparación correctiva,2026-10-09,2026-10-10,2026-10-10,Cerrada,1.5,1.5,18.0
OT-001635,A-0066,Antofagasta,C14,Correctiva,Reparación correctiva,2026-12-19,2026-12-21,2026-12-21,Cerrada,4.0,4.0,44.2
OT-001636,A-0066,Antofagasta,C14,Correctiva,Reparación correctiva,2026-12-23,2026-12-23,2026-12-23,Cerrada,8.0,8.0,21.9
OT-001637,A-0067,Zona Norte,C21,Preventiva,Mantención preventiva,2025-01-08,2025-01-16,2025-01-16,Cerrada,4.0,1,0
OT-001638,A-0067,Zona Norte,C21,Preventiva,Mantención preventiva,2025-02-08,2025-02-12,2025-02-12,Cerrada,5.0,1,0
OT-001639,A-0067,Zona Norte,C21,Preventiva,Mantención preventiva,2025-03-08,,,Abierta,0,0,0
OT-001640,A-0067,Zona Norte,C21,Preventiva,Mantención preventiva,2025-04-08,2025-05-15,2025-05-15,Cerrada,4.5,1,0
OT-001641,A-0067,Zona Norte,C21,Preventiva,Mantención preventiva,2025-05-08,2025-05-08,2025-05-08,Cerrada,4.5,1,0
OT-001642,A-0067,Zona Norte,C21,Preventiva,Mantención preventiva,2025-06-08,2025-06-28,2025-06-28,Cerrada,4.5,1,0
OT-001643,A-0067,Zona Norte,C21,Preventiva,Mantención preventiva,2025-07-08,2025-07-12,2025-07-12,Cerrada,4.0,1,0
OT-001644,A-0067,Zona Norte,C21,Preventiva,Mantención preventiva,2025-08-08,2025-08-19,2025-08-19,Cerrada,2.0,1,0
OT-001645,A-0067,Zona Norte,C21,Preventiva,Mantención preventiva,2025-09-08,2025-09-13,2025-09-13,Cerrada,6.0,1,0
OT-001646,A-0067,Zona Norte,C21,Preventiva,Mantención preventiva,2025-10-08,2025-10-25,2025-10-25,Cerrada,2.5,1,0
OT-001647,A-0067,Zona Norte,C21,Preventiva,Mantención preventiva,2025-11-08,2025-11-10,2025-11-10,Cerrada,11.0,1,0
OT-001648,A-0067,Zona Norte,C21,Preventiva,Mantención preventiva,2025-12-08,2025-12-09,2025-12-09,Cerrada,2.0,1,0
OT-001649,A-0067,Zona Norte,C21,Preventiva,Mantención preventiva,2026-01-08,2026-01-19,2026-01-19,Cerrada,4.0,1,0
OT-001650,A-0067,Zona Norte,C21,Preventiva,Mantención preventiva,2026-02-08,2026-02-09,2026-02-09,Cerrada,6.5,1,0
OT-001651,A-0067,Zona Norte,C21,Preventiva,Mantención preventiva,2026-03-08,2026-03-13,2026-03-13,Cerrada,6.0,1,0
OT-001652,A-0067,Zona Norte,C21,Preventiva,Mantención preventiva,2026-04-08,2026-04-14,2026-04-14,Cerrada,5.0,1,0
OT-001653,A-0067,Zona Norte,C21,Preventiva,Mantención preventiva,2026-05-08,2026-05-11,2026-05-11,Cerrada,4.0,1,0
OT-001654,A-0067,Zona Norte,C21,Preventiva,Mantención preventiva,2026-06-08,2026-06-13,2026-06-13,Cerrada,2.0,1,0
OT-001655,A-0067,Zona Norte,C21,Preventiva,Mantención preventiva,2026-07-08,2026-07-13,2026-07-13,Cerrada,17.0,1,0
OT-001656,A-0067,Zona Norte,C21,Preventiva,Mantención preventiva,2026-08-08,2026-09-09,2026-09-09,Cerrada,3.0,1,0
OT-001657,A-0067,Zona Norte,C21,Preventiva,Mantención preventiva,2026-09-08,,,Abierta,0,0,0
OT-001658,A-0067,Zona Norte,C21,Preventiva,Mantención preventiva,2026-10-08,2026-10-08,2026-10-08,Cerrada,3.0,1,0
OT-001659,A-0067,Zona Norte,C21,Preventiva,Mantención preventiva,2026-11-08,2026-11-11,2026-11-11,Cerrada,2.0,1,0
OT-001660,A-0067,Zona Norte,C21,Preventiva,Mantención preventiva,2026-12-08,2026-12-18,2026-12-18,Cerrada,3.5,1,0
OT-001661,A-0067,Zona Norte,C21,Correctiva,Reparación correctiva,2025-02-24,2025-02-25,2025-02-26,Cerrada,17.5,17.5,35.8
OT-001662,A-0067,Zona Norte,C21,Correctiva,Reparación correctiva,2025-04-04,2025-04-05,2025-04-06,Cerrada,8.5,8.5,26.8
OT-001663,A-0067,Zona Norte,C21,Correctiva,Reparación correctiva,2026-02-19,2026-02-20,2026-02-21,Cerrada,40.0,40.0,56.9
OT-001664,A-0067,Zona Norte,C21,Correctiva,Reparación correctiva,2026-05-04,2026-05-05,2026-05-06,Cerrada,10.5,10.5,30.1
OT-001665,A-0067,Zona Norte,C21,Correctiva,Reparación correctiva,2026-07-27,2026-07-28,2026-07-28,Cerrada,12.5,12.5,30.7
OT-001666,A-0068,Zona Norte,C21,Preventiva,Mantención preventiva,2025-01-23,2025-01-24,2025-01-24,Cerrada,2.5,1,0
OT-001667,A-0068,Zona Norte,C21,Preventiva,Mantención preventiva,2025-02-23,2025-02-25,2025-02-25,Cerrada,5.0,1,0
OT-001668,A-0068,Zona Norte,C21,Preventiva,Mantención preventiva,2025-03-23,2025-03-29,2025-03-29,Cerrada,3.0,1,0
OT-001669,A-0068,Zona Norte,C21,Preventiva,Mantención preventiva,2025-04-23,2025-04-25,2025-04-25,Cerrada,3.0,1,0
OT-001670,A-0068,Zona Norte,C21,Preventiva,Mantención preventiva,2025-05-23,2025-05-28,2025-05-28,Cerrada,5.0,1,0
OT-001671,A-0068,Zona Norte,C21,Preventiva,Mantención preventiva,2025-06-23,2025-06-28,2025-06-28,Cerrada,6.5,1,0
OT-001672,A-0068,Zona Norte,C21,Preventiva,Mantención preventiva,2025-07-23,2025-07-24,2025-07-24,Cerrada,3.5,1,0
OT-001673,A-0068,Zona Norte,C21,Preventiva,Mantención preventiva,2025-08-23,2025-08-28,2025-08-28,Cerrada,9.5,1,0
OT-001674,A-0068,Zona Norte,C21,Preventiva,Mantención preventiva,2025-09-23,2025-09-28,2025-09-28,Cerrada,11.0,1,0
OT-001675,A-0068,Zona Norte,C21,Preventiva,Mantención preventiva,2025-10-23,2025-10-24,2025-10-24,Cerrada,8.5,1,0
OT-001676,A-0068,Zona Norte,C21,Preventiva,Mantención preventiva,2025-11-23,2025-11-24,2025-11-24,Cerrada,12.0,1,0
OT-001677,A-0068,Zona Norte,C21,Preventiva,Mantención preventiva,2025-12-23,2025-12-27,2025-12-27,Cerrada,3.0,1,0
OT-001678,A-0068,Zona Norte,C21,Preventiva,Mantención preventiva,2026-01-23,2026-01-23,2026-01-23,Cerrada,4.0,1,0
OT-001679,A-0068,Zona Norte,C21,Preventiva,Mantención preventiva,2026-02-23,2026-02-26,2026-02-26,Cerrada,4.0,1,0
OT-001680,A-0068,Zona Norte,C21,Preventiva,Mantención preventiva,2026-03-23,2026-03-25,2026-03-25,Cerrada,4.0,1,0
OT-001681,A-0068,Zona Norte,C21,Preventiva,Mantención preventiva,2026-04-23,2026-04-28,2026-04-28,Cerrada,3.0,1,0
OT-001682,A-0068,Zona Norte,C21,Preventiva,Mantención preventiva,2026-05-23,2026-05-23,2026-05-23,Cerrada,3.0,1,0
OT-001683,A-0068,Zona Norte,C21,Preventiva,Mantención preventiva,2026-06-23,2026-06-29,2026-06-29,Cerrada,2.0,1,0
OT-001684,A-0068,Zona Norte,C21,Preventiva,Mantención preventiva,2026-07-23,2026-07-29,2026-07-29,Cerrada,10.5,1,0
OT-001685,A-0068,Zona Norte,C21,Preventiva,Mantención preventiva,2026-08-23,2026-08-31,2026-08-31,Cerrada,6.0,1,0
OT-001686,A-0068,Zona Norte,C21,Preventiva,Mantención preventiva,2026-09-23,2026-09-26,2026-09-26,Cerrada,1.5,1,0
OT-001687,A-0068,Zona Norte,C21,Preventiva,Mantención preventiva,2026-10-23,2026-10-24,2026-10-24,Cerrada,4.5,1,0
OT-001688,A-0068,Zona Norte,C21,Preventiva,Mantención preventiva,2026-11-23,2026-12-30,2026-12-30,Cerrada,3.5,1,0
OT-001689,A-0068,Zona Norte,C21,Preventiva,Mantención preventiva,2026-12-23,,,Abierta,0,0,0
OT-001690,A-0068,Zona Norte,C21,Correctiva,Reparación correctiva,2025-02-12,2025-02-13,2025-02-14,Cerrada,12.0,12.0,40.2
OT-001691,A-0068,Zona Norte,C21,Correctiva,Reparación correctiva,2025-07-17,2025-07-18,2025-07-18,Cerrada,8.5,8.5,25.1
OT-001692,A-0068,Zona Norte,C21,Correctiva,Reparación correctiva,2026-02-10,2026-02-11,2026-02-12,Cerrada,19.5,19.5,46.0
OT-001693,A-0068,Zona Norte,C21,Correctiva,Reparación correctiva,2026-04-22,2026-04-23,2026-04-23,Cerrada,7.5,7.5,20.3
OT-001694,A-0068,Zona Norte,C21,Correctiva,Reparación correctiva,2026-10-06,2026-10-07,2026-10-07,Cerrada,7.0,7.0,40.9
OT-001695,A-0069,Zona Norte,C21,Preventiva,Mantención preventiva,2025-01-16,2025-01-20,2025-01-20,Cerrada,3.5,1,0
OT-001696,A-0069,Zona Norte,C21,Preventiva,Mantención preventiva,2025-02-16,2025-02-17,2025-02-17,Cerrada,4.0,1,0
OT-001697,A-0069,Zona Norte,C21,Preventiva,Mantención preventiva,2025-03-16,2025-03-19,2025-03-19,Cerrada,3.5,1,0
OT-001698,A-0069,Zona Norte,C21,Preventiva,Mantención preventiva,2025-04-16,2025-04-16,2025-04-16,Cerrada,4.0,1,0
OT-001699,A-0069,Zona Norte,C21,Preventiva,Mantención preventiva,2025-05-16,2025-05-18,2025-05-18,Cerrada,7.5,1,0
OT-001700,A-0069,Zona Norte,C21,Preventiva,Mantención preventiva,2025-06-16,2025-06-16,2025-06-16,Cerrada,2.5,1,0
OT-001701,A-0069,Zona Norte,C21,Preventiva,Mantención preventiva,2025-07-16,2025-08-17,2025-08-17,Cerrada,3.0,1,0
OT-001702,A-0069,Zona Norte,C21,Preventiva,Mantención preventiva,2025-08-16,2025-08-21,2025-08-21,Cerrada,5.0,1,0
OT-001703,A-0069,Zona Norte,C21,Preventiva,Mantención preventiva,2025-09-16,2025-09-18,2025-09-18,Cerrada,5.0,1,0
OT-001704,A-0069,Zona Norte,C21,Preventiva,Mantención preventiva,2025-10-16,2025-10-18,2025-10-18,Cerrada,3.0,1,0
OT-001705,A-0069,Zona Norte,C21,Preventiva,Mantención preventiva,2025-11-16,2025-11-17,2025-11-17,Cerrada,5.5,1,0
OT-001706,A-0069,Zona Norte,C21,Preventiva,Mantención preventiva,2025-12-16,2026-01-22,2026-01-22,Cerrada,4.0,1,0
OT-001707,A-0069,Zona Norte,C21,Preventiva,Mantención preventiva,2026-01-16,2026-01-21,2026-01-21,Cerrada,8.5,1,0
OT-001708,A-0069,Zona Norte,C21,Preventiva,Mantención preventiva,2026-02-16,2026-03-15,2026-03-15,Cerrada,2.5,1,0
OT-001709,A-0069,Zona Norte,C21,Preventiva,Mantención preventiva,2026-03-16,2026-04-19,2026-04-19,Cerrada,6.5,1,0
OT-001710,A-0069,Zona Norte,C21,Preventiva,Mantención preventiva,2026-04-16,2026-05-05,2026-05-05,Cerrada,5.5,1,0
OT-001711,A-0069,Zona Norte,C21,Preventiva,Mantención preventiva,2026-05-16,2026-05-16,2026-05-16,Cerrada,2.5,1,0
OT-001712,A-0069,Zona Norte,C21,Preventiva,Mantención preventiva,2026-06-16,2026-06-16,2026-06-16,Cerrada,8.5,1,0
OT-001713,A-0069,Zona Norte,C21,Preventiva,Mantención preventiva,2026-07-16,2026-07-19,2026-07-19,Cerrada,3.0,1,0
OT-001714,A-0069,Zona Norte,C21,Preventiva,Mantención preventiva,2026-08-16,2026-08-18,2026-08-18,Cerrada,6.0,1,0
OT-001715,A-0069,Zona Norte,C21,Preventiva,Mantención preventiva,2026-09-16,2026-09-18,2026-09-18,Cerrada,6.0,1,0
OT-001716,A-0069,Zona Norte,C21,Preventiva,Mantención preventiva,2026-10-16,2026-10-19,2026-10-19,Cerrada,7.5,1,0
OT-001717,A-0069,Zona Norte,C21,Preventiva,Mantención preventiva,2026-11-16,2026-11-16,2026-11-16,Cerrada,5.5,1,0
OT-001718,A-0069,Zona Norte,C21,Preventiva,Mantención preventiva,2026-12-16,2026-12-19,2026-12-19,Cerrada,4.0,1,0
OT-001719,A-0069,Zona Norte,C21,Correctiva,Reparación correctiva,2025-05-24,2025-05-24,2025-05-25,Cerrada,6.5,6.5,27.2
OT-001720,A-0069,Zona Norte,C21,Correctiva,Reparación correctiva,2025-10-08,2025-10-09,2025-10-10,Cerrada,13.5,13.5,39.6
OT-001721,A-0069,Zona Norte,C21,Correctiva,Reparación correctiva,2025-12-27,2025-12-28,2025-12-28,Cerrada,4.5,4.5,24.3
OT-001722,A-0069,Zona Norte,C21,Correctiva,Reparación correctiva,2026-11-18,2026-11-20,2026-11-21,Cerrada,18.0,18.0,59.2
OT-001723,A-0070,Zona Norte,C21,Preventiva,Mantención preventiva,2025-01-23,2025-01-23,2025-01-23,Cerrada,4.5,1,0
OT-001724,A-0070,Zona Norte,C21,Preventiva,Mantención preventiva,2025-02-23,2025-02-24,2025-02-24,Cerrada,8.0,1,0
OT-001725,A-0070,Zona Norte,C21,Preventiva,Mantención preventiva,2025-03-23,2025-03-23,2025-03-23,Cerrada,5.0,1,0
OT-001726,A-0070,Zona Norte,C21,Preventiva,Mantención preventiva,2025-04-23,,,Abierta,0,0,0
OT-001727,A-0070,Zona Norte,C21,Preventiva,Mantención preventiva,2025-05-23,2025-05-29,2025-05-29,Cerrada,6.5,1,0
OT-001728,A-0070,Zona Norte,C21,Preventiva,Mantención preventiva,2025-06-23,2025-06-26,2025-06-26,Cerrada,4.5,1,0
OT-001729,A-0070,Zona Norte,C21,Preventiva,Mantención preventiva,2025-07-23,2025-07-28,2025-07-28,Cerrada,3.0,1,0
OT-001730,A-0070,Zona Norte,C21,Preventiva,Mantención preventiva,2025-08-23,2025-08-26,2025-08-26,Cerrada,2.5,1,0
OT-001731,A-0070,Zona Norte,C21,Preventiva,Mantención preventiva,2025-09-23,2025-09-24,2025-09-24,Cerrada,2.0,1,0
OT-001732,A-0070,Zona Norte,C21,Preventiva,Mantención preventiva,2025-10-23,2025-10-27,2025-10-27,Cerrada,4.0,1,0
OT-001733,A-0070,Zona Norte,C21,Preventiva,Mantención preventiva,2025-11-23,2025-11-25,2025-11-25,Cerrada,7.0,1,0
OT-001734,A-0070,Zona Norte,C21,Preventiva,Mantención preventiva,2025-12-23,,,Abierta,0,0,0
OT-001735,A-0070,Zona Norte,C21,Preventiva,Mantención preventiva,2026-01-23,2026-02-10,2026-02-10,Cerrada,3.5,1,0
OT-001736,A-0070,Zona Norte,C21,Preventiva,Mantención preventiva,2026-02-23,2026-02-28,2026-02-28,Cerrada,7.5,1,0
OT-001737,A-0070,Zona Norte,C21,Preventiva,Mantención preventiva,2026-03-23,,,Abierta,0,0,0
OT-001738,A-0070,Zona Norte,C21,Preventiva,Mantención preventiva,2026-04-23,2026-04-25,2026-04-25,Cerrada,1.0,1,0
OT-001739,A-0070,Zona Norte,C21,Preventiva,Mantención preventiva,2026-05-23,2026-05-29,2026-05-29,Cerrada,5.0,1,0
OT-001740,A-0070,Zona Norte,C21,Preventiva,Mantención preventiva,2026-06-23,2026-06-27,2026-06-27,Cerrada,4.0,1,0
OT-001741,A-0070,Zona Norte,C21,Preventiva,Mantención preventiva,2026-07-23,2026-09-01,2026-09-01,Cerrada,2.0,1,0
OT-001742,A-0070,Zona Norte,C21,Preventiva,Mantención preventiva,2026-08-23,2026-09-19,2026-09-19,Cerrada,3.0,1,0
OT-001743,A-0070,Zona Norte,C21,Preventiva,Mantención preventiva,2026-09-23,2026-09-23,2026-09-23,Cerrada,2.0,1,0
OT-001744,A-0070,Zona Norte,C21,Preventiva,Mantención preventiva,2026-10-23,2026-10-24,2026-10-24,Cerrada,3.0,1,0
OT-001745,A-0070,Zona Norte,C21,Preventiva,Mantención preventiva,2026-11-23,2026-11-28,2026-11-28,Cerrada,24.0,1,0
OT-001746,A-0070,Zona Norte,C21,Preventiva,Mantención preventiva,2026-12-23,,,Abierta,0,0,0
OT-001747,A-0070,Zona Norte,C21,Correctiva,Reparación correctiva,2025-10-06,2025-10-06,2025-10-07,Cerrada,18.0,18.0,31.4
OT-001748,A-0070,Zona Norte,C21,Correctiva,Reparación correctiva,2026-08-03,2026-08-05,2026-08-05,Cerrada,4.5,4.5,43.5
OT-001749,A-0070,Zona Norte,C21,Correctiva,Reparación correctiva,2026-10-18,2026-10-19,2026-10-19,Cerrada,14.0,14.0,33.4
OT-001750,A-0071,Zona Norte,C21,Preventiva,Mantención preventiva,2025-01-06,2025-01-06,2025-01-06,Cerrada,2.0,1,0
OT-001751,A-0071,Zona Norte,C21,Preventiva,Mantención preventiva,2025-02-06,,,Abierta,0,0,0
OT-001752,A-0071,Zona Norte,C21,Preventiva,Mantención preventiva,2025-03-06,2025-03-07,2025-03-07,Cerrada,2.0,1,0
OT-001753,A-0071,Zona Norte,C21,Preventiva,Mantención preventiva,2025-04-06,2025-04-27,2025-04-27,Cerrada,3.5,1,0
OT-001754,A-0071,Zona Norte,C21,Preventiva,Mantención preventiva,2025-05-06,2025-06-02,2025-06-02,Cerrada,3.0,1,0
OT-001755,A-0071,Zona Norte,C21,Preventiva,Mantención preventiva,2025-06-06,2025-06-10,2025-06-10,Cerrada,3.0,1,0
OT-001756,A-0071,Zona Norte,C21,Preventiva,Mantención preventiva,2025-07-06,2025-07-11,2025-07-11,Cerrada,3.0,1,0
OT-001757,A-0071,Zona Norte,C21,Preventiva,Mantención preventiva,2025-08-06,2025-08-09,2025-08-09,Cerrada,2.5,1,0
OT-001758,A-0071,Zona Norte,C21,Preventiva,Mantención preventiva,2025-09-06,2025-09-11,2025-09-11,Cerrada,4.0,1,0
OT-001759,A-0071,Zona Norte,C21,Preventiva,Mantención preventiva,2025-10-06,,,Abierta,0,0,0
OT-001760,A-0071,Zona Norte,C21,Preventiva,Mantención preventiva,2025-11-06,2025-11-12,2025-11-12,Cerrada,2.0,1,0
OT-001761,A-0071,Zona Norte,C21,Preventiva,Mantención preventiva,2025-12-06,2026-01-02,2026-01-02,Cerrada,5.0,1,0
OT-001762,A-0071,Zona Norte,C21,Preventiva,Mantención preventiva,2026-01-06,2026-01-30,2026-01-30,Cerrada,3.5,1,0
OT-001763,A-0071,Zona Norte,C21,Preventiva,Mantención preventiva,2026-02-06,2026-02-10,2026-02-10,Cerrada,5.0,1,0
OT-001764,A-0071,Zona Norte,C21,Preventiva,Mantención preventiva,2026-03-06,2026-03-09,2026-03-09,Cerrada,6.0,1,0
OT-001765,A-0071,Zona Norte,C21,Preventiva,Mantención preventiva,2026-04-06,2026-04-09,2026-04-09,Cerrada,3.5,1,0
OT-001766,A-0071,Zona Norte,C21,Preventiva,Mantención preventiva,2026-05-06,2026-05-10,2026-05-10,Cerrada,12.0,1,0
OT-001767,A-0071,Zona Norte,C21,Preventiva,Mantención preventiva,2026-06-06,2026-06-11,2026-06-11,Cerrada,4.0,1,0
OT-001768,A-0071,Zona Norte,C21,Preventiva,Mantención preventiva,2026-07-06,2026-07-11,2026-07-11,Cerrada,3.5,1,0
OT-001769,A-0071,Zona Norte,C21,Preventiva,Mantención preventiva,2026-08-06,2026-08-09,2026-08-09,Cerrada,6.5,1,0
OT-001770,A-0071,Zona Norte,C21,Preventiva,Mantención preventiva,2026-09-06,2026-09-11,2026-09-11,Cerrada,2.0,1,0
OT-001771,A-0071,Zona Norte,C21,Preventiva,Mantención preventiva,2026-10-06,,,Abierta,0,0,0
OT-001772,A-0071,Zona Norte,C21,Preventiva,Mantención preventiva,2026-11-06,2026-11-07,2026-11-07,Cerrada,9.0,1,0
OT-001773,A-0071,Zona Norte,C21,Preventiva,Mantención preventiva,2026-12-06,,,Abierta,0,0,0
OT-001774,A-0071,Zona Norte,C21,Correctiva,Reparación correctiva,2025-04-11,2025-04-12,2025-04-13,Cerrada,11.0,11.0,47.9
OT-001775,A-0071,Zona Norte,C21,Correctiva,Reparación correctiva,2026-05-08,2026-05-09,2026-05-10,Cerrada,27.5,27.5,60.6
OT-001776,A-0072,Zona Norte,C21,Preventiva,Mantención preventiva,2025-01-04,2025-01-10,2025-01-10,Cerrada,3.5,1,0
OT-001777,A-0072,Zona Norte,C21,Preventiva,Mantención preventiva,2025-02-04,2025-03-03,2025-03-03,Cerrada,4.5,1,0
OT-001778,A-0072,Zona Norte,C21,Preventiva,Mantención preventiva,2025-03-04,2025-04-07,2025-04-07,Cerrada,4.5,1,0
OT-001779,A-0072,Zona Norte,C21,Preventiva,Mantención preventiva,2025-04-04,2025-04-22,2025-04-22,Cerrada,3.0,1,0
OT-001780,A-0072,Zona Norte,C21,Preventiva,Mantención preventiva,2025-05-04,2025-05-07,2025-05-07,Cerrada,3.5,1,0
OT-001781,A-0072,Zona Norte,C21,Preventiva,Mantención preventiva,2025-06-04,2025-06-04,2025-06-04,Cerrada,15.0,1,0
OT-001782,A-0072,Zona Norte,C21,Preventiva,Mantención preventiva,2025-07-04,2025-07-10,2025-07-10,Cerrada,3.5,1,0
OT-001783,A-0072,Zona Norte,C21,Preventiva,Mantención preventiva,2025-08-04,2025-08-10,2025-08-10,Cerrada,5.0,1,0
OT-001784,A-0072,Zona Norte,C21,Preventiva,Mantención preventiva,2025-09-04,2025-09-04,2025-09-04,Cerrada,3.0,1,0
OT-001785,A-0072,Zona Norte,C21,Preventiva,Mantención preventiva,2025-10-04,2025-10-07,2025-10-07,Cerrada,4.0,1,0
OT-001786,A-0072,Zona Norte,C21,Preventiva,Mantención preventiva,2025-11-04,2025-11-06,2025-11-06,Cerrada,2.0,1,0
OT-001787,A-0072,Zona Norte,C21,Preventiva,Mantención preventiva,2025-12-04,2025-12-08,2025-12-08,Cerrada,7.0,1,0
OT-001788,A-0072,Zona Norte,C21,Preventiva,Mantención preventiva,2026-01-04,2026-01-07,2026-01-07,Cerrada,4.0,1,0
OT-001789,A-0072,Zona Norte,C21,Preventiva,Mantención preventiva,2026-02-04,2026-02-06,2026-02-06,Cerrada,5.5,1,0
OT-001790,A-0072,Zona Norte,C21,Preventiva,Mantención preventiva,2026-03-04,2026-03-05,2026-03-05,Cerrada,4.0,1,0
OT-001791,A-0072,Zona Norte,C21,Preventiva,Mantención preventiva,2026-04-04,2026-04-06,2026-04-06,Cerrada,7.5,1,0
OT-001792,A-0072,Zona Norte,C21,Preventiva,Mantención preventiva,2026-05-04,2026-05-20,2026-05-20,Cerrada,8.0,1,0
OT-001793,A-0072,Zona Norte,C21,Preventiva,Mantención preventiva,2026-06-04,2026-06-27,2026-06-27,Cerrada,3.0,1,0
OT-001794,A-0072,Zona Norte,C21,Preventiva,Mantención preventiva,2026-07-04,2026-07-07,2026-07-07,Cerrada,4.5,1,0
OT-001795,A-0072,Zona Norte,C21,Preventiva,Mantención preventiva,2026-08-04,2026-08-09,2026-08-09,Cerrada,2.0,1,0
OT-001796,A-0072,Zona Norte,C21,Preventiva,Mantención preventiva,2026-09-04,2026-09-10,2026-09-10,Cerrada,8.5,1,0
OT-001797,A-0072,Zona Norte,C21,Preventiva,Mantención preventiva,2026-10-04,2026-10-07,2026-10-07,Cerrada,3.5,1,0
OT-001798,A-0072,Zona Norte,C21,Preventiva,Mantención preventiva,2026-11-04,2026-11-07,2026-11-07,Cerrada,4.0,1,0
OT-001799,A-0072,Zona Norte,C21,Preventiva,Mantención preventiva,2026-12-04,2026-12-04,2026-12-04,Cerrada,6.0,1,0
OT-001800,A-0072,Zona Norte,C21,Correctiva,Reparación correctiva,2025-02-09,2025-02-09,2025-02-10,Cerrada,11.5,11.5,28.7
OT-001801,A-0072,Zona Norte,C21,Correctiva,Reparación correctiva,2026-01-24,2026-01-26,2026-01-26,Cerrada,6.5,6.5,36.7
OT-001802,A-0072,Zona Norte,C21,Correctiva,Reparación correctiva,2026-06-17,2026-06-18,2026-06-19,Cerrada,6.5,6.5,50.0
OT-001803,A-0072,Zona Norte,C21,Correctiva,Reparación correctiva,2026-07-09,2026-07-10,2026-07-11,Cerrada,8.0,8.0,43.9
OT-001804,A-0073,Zona Norte,C21,Preventiva,Mantención preventiva,2025-01-04,2025-01-09,2025-01-09,Cerrada,3.5,1,0
OT-001805,A-0073,Zona Norte,C21,Preventiva,Mantención preventiva,2025-02-04,2025-02-09,2025-02-09,Cerrada,3.0,1,0
OT-001806,A-0073,Zona Norte,C21,Preventiva,Mantención preventiva,2025-03-04,2025-03-19,2025-03-19,Cerrada,5.5,1,0
OT-001807,A-0073,Zona Norte,C21,Preventiva,Mantención preventiva,2025-04-04,2025-05-03,2025-05-03,Cerrada,8.0,1,0
OT-001808,A-0073,Zona Norte,C21,Preventiva,Mantención preventiva,2025-05-04,2025-05-07,2025-05-07,Cerrada,8.0,1,0
OT-001809,A-0073,Zona Norte,C21,Preventiva,Mantención preventiva,2025-06-04,2025-07-09,2025-07-09,Cerrada,6.5,1,0
OT-001810,A-0073,Zona Norte,C21,Preventiva,Mantención preventiva,2025-07-04,2025-07-04,2025-07-04,Cerrada,2.5,1,0
OT-001811,A-0073,Zona Norte,C21,Preventiva,Mantención preventiva,2025-08-04,2025-08-05,2025-08-05,Cerrada,5.5,1,0
OT-001812,A-0073,Zona Norte,C21,Preventiva,Mantención preventiva,2025-09-04,2025-09-10,2025-09-10,Cerrada,3.0,1,0
OT-001813,A-0073,Zona Norte,C21,Preventiva,Mantención preventiva,2025-10-04,2025-10-31,2025-10-31,Cerrada,2.0,1,0
OT-001814,A-0073,Zona Norte,C21,Preventiva,Mantención preventiva,2025-11-04,2025-12-09,2025-12-09,Cerrada,3.5,1,0
OT-001815,A-0073,Zona Norte,C21,Preventiva,Mantención preventiva,2025-12-04,2025-12-10,2025-12-10,Cerrada,1.5,1,0
OT-001816,A-0073,Zona Norte,C21,Preventiva,Mantención preventiva,2026-01-04,2026-01-04,2026-01-04,Cerrada,3.5,1,0
OT-001817,A-0073,Zona Norte,C21,Preventiva,Mantención preventiva,2026-02-04,2026-02-05,2026-02-05,Cerrada,6.5,1,0
OT-001818,A-0073,Zona Norte,C21,Preventiva,Mantención preventiva,2026-03-04,2026-03-09,2026-03-09,Cerrada,4.0,1,0
OT-001819,A-0073,Zona Norte,C21,Preventiva,Mantención preventiva,2026-04-04,2026-04-09,2026-04-09,Cerrada,2.5,1,0
OT-001820,A-0073,Zona Norte,C21,Preventiva,Mantención preventiva,2026-05-04,2026-05-09,2026-05-09,Cerrada,6.0,1,0
OT-001821,A-0073,Zona Norte,C21,Preventiva,Mantención preventiva,2026-06-04,2026-07-13,2026-07-13,Cerrada,1.5,1,0
OT-001822,A-0073,Zona Norte,C21,Preventiva,Mantención preventiva,2026-07-04,2026-07-26,2026-07-26,Cerrada,5.0,1,0
OT-001823,A-0073,Zona Norte,C21,Preventiva,Mantención preventiva,2026-08-04,2026-08-23,2026-08-23,Cerrada,15.0,1,0
OT-001824,A-0073,Zona Norte,C21,Preventiva,Mantención preventiva,2026-09-04,2026-09-10,2026-09-10,Cerrada,11.5,1,0
OT-001825,A-0073,Zona Norte,C21,Preventiva,Mantención preventiva,2026-10-04,,,Abierta,0,0,0
OT-001826,A-0073,Zona Norte,C21,Preventiva,Mantención preventiva,2026-11-04,2026-11-06,2026-11-06,Cerrada,3.5,1,0
OT-001827,A-0073,Zona Norte,C21,Preventiva,Mantención preventiva,2026-12-04,2026-12-07,2026-12-07,Cerrada,3.5,1,0
OT-001828,A-0073,Zona Norte,C21,Correctiva,Reparación correctiva,2025-03-01,2025-03-03,2025-03-03,Cerrada,10.0,10.0,47.1
OT-001829,A-0073,Zona Norte,C21,Correctiva,Reparación correctiva,2025-11-08,2025-11-09,2025-11-10,Cerrada,16.0,16.0,48.9
OT-001830,A-0073,Zona Norte,C21,Correctiva,Reparación correctiva,2025-12-10,2025-12-10,2025-12-11,Cerrada,14.5,14.5,31.5
OT-001831,A-0073,Zona Norte,C21,Correctiva,Reparación correctiva,2026-01-07,2026-01-08,2026-01-09,Cerrada,27.0,27.0,46.9
OT-001832,A-0073,Zona Norte,C21,Correctiva,Reparación correctiva,2026-01-09,2026-01-10,2026-01-11,Cerrada,14.0,14.0,52.1
OT-001833,A-0074,Zona Norte,C21,Preventiva,Mantención preventiva,2025-01-13,,,Abierta,0,0,0
OT-001834,A-0074,Zona Norte,C21,Preventiva,Mantención preventiva,2025-02-13,2025-02-19,2025-02-19,Cerrada,3.5,1,0
OT-001835,A-0074,Zona Norte,C21,Preventiva,Mantención preventiva,2025-03-13,,,Abierta,0,0,0
OT-001836,A-0074,Zona Norte,C21,Preventiva,Mantención preventiva,2025-04-13,2025-04-17,2025-04-17,Cerrada,6.0,1,0
OT-001837,A-0074,Zona Norte,C21,Preventiva,Mantención preventiva,2025-05-13,,,Abierta,0,0,0
OT-001838,A-0074,Zona Norte,C21,Preventiva,Mantención preventiva,2025-06-13,2025-06-16,2025-06-16,Cerrada,3.5,1,0
OT-001839,A-0074,Zona Norte,C21,Preventiva,Mantención preventiva,2025-07-13,2025-07-15,2025-07-15,Cerrada,5.5,1,0
OT-001840,A-0074,Zona Norte,C21,Preventiva,Mantención preventiva,2025-08-13,2025-08-19,2025-08-19,Cerrada,5.0,1,0
OT-001841,A-0074,Zona Norte,C21,Preventiva,Mantención preventiva,2025-09-13,2025-09-19,2025-09-19,Cerrada,5.0,1,0
OT-001842,A-0074,Zona Norte,C21,Preventiva,Mantención preventiva,2025-10-13,2025-10-15,2025-10-15,Cerrada,1.5,1,0
OT-001843,A-0074,Zona Norte,C21,Preventiva,Mantención preventiva,2025-11-13,2025-12-05,2025-12-05,Cerrada,4.5,1,0
OT-001844,A-0074,Zona Norte,C21,Preventiva,Mantención preventiva,2025-12-13,2026-01-01,2026-01-01,Cerrada,5.5,1,0
OT-001845,A-0074,Zona Norte,C21,Preventiva,Mantención preventiva,2026-01-13,2026-01-15,2026-01-15,Cerrada,6.0,1,0
OT-001846,A-0074,Zona Norte,C21,Preventiva,Mantención preventiva,2026-02-13,2026-02-22,2026-02-22,Cerrada,2.5,1,0
OT-001847,A-0074,Zona Norte,C21,Preventiva,Mantención preventiva,2026-03-13,2026-04-21,2026-04-21,Cerrada,5.5,1,0
OT-001848,A-0074,Zona Norte,C21,Preventiva,Mantención preventiva,2026-04-13,2026-04-19,2026-04-19,Cerrada,7.0,1,0
OT-001849,A-0074,Zona Norte,C21,Preventiva,Mantención preventiva,2026-05-13,2026-05-14,2026-05-14,Cerrada,2.0,1,0
OT-001850,A-0074,Zona Norte,C21,Preventiva,Mantención preventiva,2026-06-13,2026-06-13,2026-06-13,Cerrada,3.0,1,0
OT-001851,A-0074,Zona Norte,C21,Preventiva,Mantención preventiva,2026-07-13,2026-07-17,2026-07-17,Cerrada,1.5,1,0
OT-001852,A-0074,Zona Norte,C21,Preventiva,Mantención preventiva,2026-08-13,2026-08-13,2026-08-13,Cerrada,4.5,1,0
OT-001853,A-0074,Zona Norte,C21,Preventiva,Mantención preventiva,2026-09-13,2026-09-16,2026-09-16,Cerrada,3.0,1,0
OT-001854,A-0074,Zona Norte,C21,Preventiva,Mantención preventiva,2026-10-13,2026-10-16,2026-10-16,Cerrada,6.5,1,0
OT-001855,A-0074,Zona Norte,C21,Preventiva,Mantención preventiva,2026-11-13,,,Abierta,0,0,0
OT-001856,A-0074,Zona Norte,C21,Preventiva,Mantención preventiva,2026-12-13,2026-12-17,2026-12-17,Cerrada,4.5,1,0
OT-001857,A-0074,Zona Norte,C21,Correctiva,Reparación correctiva,2025-07-15,2025-07-16,2025-07-16,Cerrada,17.0,17.0,30.6
OT-001858,A-0074,Zona Norte,C21,Correctiva,Reparación correctiva,2025-08-10,2025-08-11,2025-08-12,Cerrada,12.5,12.5,44.4
OT-001859,A-0074,Zona Norte,C21,Correctiva,Reparación correctiva,2026-04-02,2026-04-03,2026-04-04,Cerrada,12.0,12.0,39.2
OT-001860,A-0074,Zona Norte,C21,Correctiva,Reparación correctiva,2026-10-08,2026-10-09,2026-10-09,Cerrada,5.5,5.5,23.4
OT-001861,A-0075,Zona Centro,C21,Preventiva,Mantención preventiva,2025-01-18,2025-01-23,2025-01-23,Cerrada,5.5,1,0
OT-001862,A-0075,Zona Centro,C21,Preventiva,Mantención preventiva,2025-02-18,2025-02-23,2025-02-23,Cerrada,5.5,1,0
OT-001863,A-0075,Zona Centro,C21,Preventiva,Mantención preventiva,2025-03-18,2025-03-24,2025-03-24,Cerrada,4.0,1,0
OT-001864,A-0075,Zona Centro,C21,Preventiva,Mantención preventiva,2025-04-18,2025-04-18,2025-04-18,Cerrada,2.5,1,0
OT-001865,A-0075,Zona Centro,C21,Preventiva,Mantención preventiva,2025-05-18,2025-05-21,2025-05-21,Cerrada,3.5,1,0
OT-001866,A-0075,Zona Centro,C21,Preventiva,Mantención preventiva,2025-06-18,2025-06-24,2025-06-24,Cerrada,6.5,1,0
OT-001867,A-0075,Zona Centro,C21,Preventiva,Mantención preventiva,2025-07-18,2025-07-19,2025-07-19,Cerrada,4.0,1,0
OT-001868,A-0075,Zona Centro,C21,Preventiva,Mantención preventiva,2025-08-18,,,Abierta,0,0,0
OT-001869,A-0075,Zona Centro,C21,Preventiva,Mantención preventiva,2025-09-18,2025-09-23,2025-09-23,Cerrada,10.0,1,0
OT-001870,A-0075,Zona Centro,C21,Preventiva,Mantención preventiva,2025-10-18,2025-11-01,2025-11-01,Cerrada,4.5,1,0
OT-001871,A-0075,Zona Centro,C21,Preventiva,Mantención preventiva,2025-11-18,2025-12-13,2025-12-13,Cerrada,11.5,1,0
OT-001872,A-0075,Zona Centro,C21,Preventiva,Mantención preventiva,2025-12-18,2025-12-24,2025-12-24,Cerrada,3.5,1,0
OT-001873,A-0075,Zona Centro,C21,Preventiva,Mantención preventiva,2026-01-18,2026-02-20,2026-02-20,Cerrada,4.0,1,0
OT-001874,A-0075,Zona Centro,C21,Preventiva,Mantención preventiva,2026-02-18,2026-02-22,2026-02-22,Cerrada,7.5,1,0
OT-001875,A-0075,Zona Centro,C21,Preventiva,Mantención preventiva,2026-03-18,2026-03-22,2026-03-22,Cerrada,5.5,1,0
OT-001876,A-0075,Zona Centro,C21,Preventiva,Mantención preventiva,2026-04-18,2026-05-19,2026-05-19,Cerrada,5.5,1,0
OT-001877,A-0075,Zona Centro,C21,Preventiva,Mantención preventiva,2026-05-18,2026-05-23,2026-05-23,Cerrada,4.0,1,0
OT-001878,A-0075,Zona Centro,C21,Preventiva,Mantención preventiva,2026-06-18,2026-06-21,2026-06-21,Cerrada,4.5,1,0
OT-001879,A-0075,Zona Centro,C21,Preventiva,Mantención preventiva,2026-07-18,2026-07-23,2026-07-23,Cerrada,1.0,1,0
OT-001880,A-0075,Zona Centro,C21,Preventiva,Mantención preventiva,2026-08-18,,,Abierta,0,0,0
OT-001881,A-0075,Zona Centro,C21,Preventiva,Mantención preventiva,2026-09-18,2026-09-20,2026-09-20,Cerrada,10.5,1,0
OT-001882,A-0075,Zona Centro,C21,Preventiva,Mantención preventiva,2026-10-18,2026-10-19,2026-10-19,Cerrada,5.0,1,0
OT-001883,A-0075,Zona Centro,C21,Preventiva,Mantención preventiva,2026-11-18,2026-12-23,2026-12-23,Cerrada,2.0,1,0
OT-001884,A-0075,Zona Centro,C21,Preventiva,Mantención preventiva,2026-12-18,2026-12-23,2026-12-23,Cerrada,3.5,1,0
OT-001885,A-0075,Zona Centro,C21,Correctiva,Reparación correctiva,2026-03-12,2026-03-13,2026-03-14,Cerrada,22.0,22.0,60.9
OT-001886,A-0075,Zona Centro,C21,Correctiva,Reparación correctiva,2026-11-16,2026-11-17,2026-11-17,Cerrada,12.0,12.0,32.8
OT-001887,A-0076,Zona Centro,C21,Preventiva,Mantención preventiva,2025-01-22,,,Abierta,0,0,0
OT-001888,A-0076,Zona Centro,C21,Preventiva,Mantención preventiva,2025-02-22,2025-03-16,2025-03-16,Cerrada,2.5,1,0
OT-001889,A-0076,Zona Centro,C21,Preventiva,Mantención preventiva,2025-03-22,2025-03-24,2025-03-24,Cerrada,9.0,1,0
OT-001890,A-0076,Zona Centro,C21,Preventiva,Mantención preventiva,2025-04-22,2025-04-24,2025-04-24,Cerrada,8.5,1,0
OT-001891,A-0076,Zona Centro,C21,Preventiva,Mantención preventiva,2025-05-22,2025-05-28,2025-05-28,Cerrada,5.0,1,0
OT-001892,A-0076,Zona Centro,C21,Preventiva,Mantención preventiva,2025-06-22,2025-06-24,2025-06-24,Cerrada,4.0,1,0
OT-001893,A-0076,Zona Centro,C21,Preventiva,Mantención preventiva,2025-07-22,2025-07-27,2025-07-27,Cerrada,4.5,1,0
OT-001894,A-0076,Zona Centro,C21,Preventiva,Mantención preventiva,2025-08-22,2025-08-27,2025-08-27,Cerrada,5.0,1,0
OT-001895,A-0076,Zona Centro,C21,Preventiva,Mantención preventiva,2025-09-22,,,Abierta,0,0,0
OT-001896,A-0076,Zona Centro,C21,Preventiva,Mantención preventiva,2025-10-22,2025-11-30,2025-11-30,Cerrada,4.0,1,0
OT-001897,A-0076,Zona Centro,C21,Preventiva,Mantención preventiva,2025-11-22,2025-11-24,2025-11-24,Cerrada,7.0,1,0
OT-001898,A-0076,Zona Centro,C21,Preventiva,Mantención preventiva,2025-12-22,2025-12-22,2025-12-22,Cerrada,4.0,1,0
OT-001899,A-0076,Zona Centro,C21,Preventiva,Mantención preventiva,2026-01-22,2026-01-23,2026-01-23,Cerrada,1.5,1,0
OT-001900,A-0076,Zona Centro,C21,Preventiva,Mantención preventiva,2026-02-22,2026-02-28,2026-02-28,Cerrada,5.0,1,0
OT-001901,A-0076,Zona Centro,C21,Preventiva,Mantención preventiva,2026-03-22,2026-03-24,2026-03-24,Cerrada,1.5,1,0
OT-001902,A-0076,Zona Centro,C21,Preventiva,Mantención preventiva,2026-04-22,2026-04-24,2026-04-24,Cerrada,2.0,1,0
OT-001903,A-0076,Zona Centro,C21,Preventiva,Mantención preventiva,2026-05-22,2026-06-09,2026-06-09,Cerrada,5.5,1,0
OT-001904,A-0076,Zona Centro,C21,Preventiva,Mantención preventiva,2026-06-22,2026-06-23,2026-06-23,Cerrada,3.0,1,0
OT-001905,A-0076,Zona Centro,C21,Preventiva,Mantención preventiva,2026-07-22,2026-08-09,2026-08-09,Cerrada,2.0,1,0
OT-001906,A-0076,Zona Centro,C21,Preventiva,Mantención preventiva,2026-08-22,2026-08-27,2026-08-27,Cerrada,6.0,1,0
OT-001907,A-0076,Zona Centro,C21,Preventiva,Mantención preventiva,2026-09-22,2026-10-25,2026-10-25,Cerrada,4.5,1,0
OT-001908,A-0076,Zona Centro,C21,Preventiva,Mantención preventiva,2026-10-22,2026-11-23,2026-11-23,Cerrada,6.0,1,0
OT-001909,A-0076,Zona Centro,C21,Preventiva,Mantención preventiva,2026-11-22,2026-11-22,2026-11-22,Cerrada,6.0,1,0
OT-001910,A-0076,Zona Centro,C21,Preventiva,Mantención preventiva,2026-12-22,2026-12-24,2026-12-24,Cerrada,3.5,1,0
OT-001911,A-0076,Zona Centro,C21,Correctiva,Reparación correctiva,2025-01-02,2025-01-03,2025-01-04,Cerrada,9.0,9.0,38.3
OT-001912,A-0076,Zona Centro,C21,Correctiva,Reparación correctiva,2025-04-13,2025-04-14,2025-04-15,Cerrada,14.5,14.5,48.7
OT-001913,A-0076,Zona Centro,C21,Correctiva,Reparación correctiva,2025-06-11,2025-06-12,2025-06-12,Cerrada,5.5,5.5,21.6
OT-001914,A-0076,Zona Centro,C21,Correctiva,Reparación correctiva,2025-12-26,2025-12-27,2025-12-27,Cerrada,10.0,10.0,37.4
OT-001915,A-0076,Zona Centro,C21,Correctiva,Reparación correctiva,2026-01-14,2026-01-16,2026-01-16,Cerrada,12.5,12.5,50.8
OT-001916,A-0076,Zona Centro,C21,Correctiva,Reparación correctiva,2026-12-28,2026-12-29,2026-12-30,Cerrada,7.5,7.5,42.1
OT-001917,A-0077,Zona Centro,C21,Preventiva,Mantención preventiva,2025-01-07,,,Abierta,0,0,0
OT-001918,A-0077,Zona Centro,C21,Preventiva,Mantención preventiva,2025-02-07,2025-02-11,2025-02-11,Cerrada,3.5,1,0
OT-001919,A-0077,Zona Centro,C21,Preventiva,Mantención preventiva,2025-03-07,2025-03-29,2025-03-29,Cerrada,2.5,1,0
OT-001920,A-0077,Zona Centro,C21,Preventiva,Mantención preventiva,2025-04-07,2025-04-10,2025-04-10,Cerrada,5.0,1,0
OT-001921,A-0077,Zona Centro,C21,Preventiva,Mantención preventiva,2025-05-07,2025-05-09,2025-05-09,Cerrada,5.5,1,0
OT-001922,A-0077,Zona Centro,C21,Preventiva,Mantención preventiva,2025-06-07,2025-06-09,2025-06-09,Cerrada,3.5,1,0
OT-001923,A-0077,Zona Centro,C21,Preventiva,Mantención preventiva,2025-07-07,2025-07-07,2025-07-07,Cerrada,9.0,1,0
OT-001924,A-0077,Zona Centro,C21,Preventiva,Mantención preventiva,2025-08-07,2025-08-09,2025-08-09,Cerrada,6.0,1,0
OT-001925,A-0077,Zona Centro,C21,Preventiva,Mantención preventiva,2025-09-07,2025-10-08,2025-10-08,Cerrada,3.0,1,0
OT-001926,A-0077,Zona Centro,C21,Preventiva,Mantención preventiva,2025-10-07,2025-10-07,2025-10-07,Cerrada,5.5,1,0
OT-001927,A-0077,Zona Centro,C21,Preventiva,Mantención preventiva,2025-11-07,2025-11-12,2025-11-12,Cerrada,6.0,1,0
OT-001928,A-0077,Zona Centro,C21,Preventiva,Mantención preventiva,2025-12-07,2025-12-07,2025-12-07,Cerrada,2.0,1,0
OT-001929,A-0077,Zona Centro,C21,Preventiva,Mantención preventiva,2026-01-07,2026-01-12,2026-01-12,Cerrada,4.0,1,0
OT-001930,A-0077,Zona Centro,C21,Preventiva,Mantención preventiva,2026-02-07,2026-02-08,2026-02-08,Cerrada,4.5,1,0
OT-001931,A-0077,Zona Centro,C21,Preventiva,Mantención preventiva,2026-03-07,2026-04-06,2026-04-06,Cerrada,8.5,1,0
OT-001932,A-0077,Zona Centro,C21,Preventiva,Mantención preventiva,2026-04-07,2026-05-12,2026-05-12,Cerrada,2.0,1,0
OT-001933,A-0077,Zona Centro,C21,Preventiva,Mantención preventiva,2026-05-07,,,Abierta,0,0,0
OT-001934,A-0077,Zona Centro,C21,Preventiva,Mantención preventiva,2026-06-07,2026-06-07,2026-06-07,Cerrada,3.0,1,0
OT-001935,A-0077,Zona Centro,C21,Preventiva,Mantención preventiva,2026-07-07,,,Abierta,0,0,0
OT-001936,A-0077,Zona Centro,C21,Preventiva,Mantención preventiva,2026-08-07,2026-08-11,2026-08-11,Cerrada,4.5,1,0
OT-001937,A-0077,Zona Centro,C21,Preventiva,Mantención preventiva,2026-09-07,2026-09-07,2026-09-07,Cerrada,1.0,1,0
OT-001938,A-0077,Zona Centro,C21,Preventiva,Mantención preventiva,2026-10-07,2026-10-13,2026-10-13,Cerrada,3.5,1,0
OT-001939,A-0077,Zona Centro,C21,Preventiva,Mantención preventiva,2026-11-07,2026-11-07,2026-11-07,Cerrada,3.0,1,0
OT-001940,A-0077,Zona Centro,C21,Preventiva,Mantención preventiva,2026-12-07,2026-12-13,2026-12-13,Cerrada,4.5,1,0
OT-001941,A-0077,Zona Centro,C21,Correctiva,Reparación correctiva,2025-08-18,2025-08-19,2025-08-20,Cerrada,18.0,18.0,39.3
OT-001942,A-0077,Zona Centro,C21,Correctiva,Reparación correctiva,2025-10-13,2025-10-14,2025-10-14,Cerrada,6.5,6.5,22.8
OT-001943,A-0077,Zona Centro,C21,Correctiva,Reparación correctiva,2025-12-14,2025-12-16,2025-12-17,Cerrada,20.0,20.0,55.0
OT-001944,A-0077,Zona Centro,C21,Correctiva,Reparación correctiva,2026-01-09,2026-01-11,2026-01-11,Cerrada,4.0,4.0,47.4
OT-001945,A-0077,Zona Centro,C21,Correctiva,Reparación correctiva,2026-07-08,2026-07-10,2026-07-11,Cerrada,18.5,18.5,65.5
OT-001946,A-0077,Zona Centro,C21,Correctiva,Reparación correctiva,2026-08-03,2026-08-05,2026-08-05,Cerrada,6.5,6.5,50.8
OT-001947,A-0077,Zona Centro,C21,Correctiva,Reparación correctiva,2026-10-01,2026-10-02,2026-10-03,Cerrada,15.0,15.0,36.2
OT-001948,A-0078,Zona Centro,C21,Preventiva,Mantención preventiva,2025-01-28,2025-02-01,2025-02-01,Cerrada,5.5,1,0
OT-001949,A-0078,Zona Centro,C21,Preventiva,Mantención preventiva,2025-02-28,2025-03-02,2025-03-02,Cerrada,2.0,1,0
OT-001950,A-0078,Zona Centro,C21,Preventiva,Mantención preventiva,2025-03-28,2025-04-30,2025-04-30,Cerrada,3.0,1,0
OT-001951,A-0078,Zona Centro,C21,Preventiva,Mantención preventiva,2025-04-28,2025-05-29,2025-05-29,Cerrada,2.5,1,0
OT-001952,A-0078,Zona Centro,C21,Preventiva,Mantención preventiva,2025-05-28,2025-05-31,2025-05-31,Cerrada,2.5,1,0
OT-001953,A-0078,Zona Centro,C21,Preventiva,Mantención preventiva,2025-06-28,2025-07-24,2025-07-24,Cerrada,2.5,1,0
OT-001954,A-0078,Zona Centro,C21,Preventiva,Mantención preventiva,2025-07-28,2025-07-28,2025-07-28,Cerrada,2.5,1,0
OT-001955,A-0078,Zona Centro,C21,Preventiva,Mantención preventiva,2025-08-28,2025-09-02,2025-09-02,Cerrada,4.5,1,0
OT-001956,A-0078,Zona Centro,C21,Preventiva,Mantención preventiva,2025-09-28,2025-10-12,2025-10-12,Cerrada,4.0,1,0
OT-001957,A-0078,Zona Centro,C21,Preventiva,Mantención preventiva,2025-10-28,2025-11-07,2025-11-07,Cerrada,7.0,1,0
OT-001958,A-0078,Zona Centro,C21,Preventiva,Mantención preventiva,2025-11-28,2025-12-04,2025-12-04,Cerrada,2.5,1,0
OT-001959,A-0078,Zona Centro,C21,Preventiva,Mantención preventiva,2025-12-28,2025-12-31,2025-12-31,Cerrada,6.5,1,0
OT-001960,A-0078,Zona Centro,C21,Preventiva,Mantención preventiva,2026-01-28,2026-01-29,2026-01-29,Cerrada,5.0,1,0
OT-001961,A-0078,Zona Centro,C21,Preventiva,Mantención preventiva,2026-02-28,2026-03-14,2026-03-14,Cerrada,4.5,1,0
OT-001962,A-0078,Zona Centro,C21,Preventiva,Mantención preventiva,2026-03-28,2026-05-01,2026-05-01,Cerrada,2.0,1,0
OT-001963,A-0078,Zona Centro,C21,Preventiva,Mantención preventiva,2026-04-28,2026-05-03,2026-05-03,Cerrada,7.5,1,0
OT-001964,A-0078,Zona Centro,C21,Preventiva,Mantención preventiva,2026-05-28,2026-06-12,2026-06-12,Cerrada,2.0,1,0
OT-001965,A-0078,Zona Centro,C21,Preventiva,Mantención preventiva,2026-06-28,2026-06-30,2026-06-30,Cerrada,3.0,1,0
OT-001966,A-0078,Zona Centro,C21,Preventiva,Mantención preventiva,2026-07-28,2026-07-28,2026-07-28,Cerrada,11.0,1,0
OT-001967,A-0078,Zona Centro,C21,Preventiva,Mantención preventiva,2026-08-28,2026-09-01,2026-09-01,Cerrada,3.5,1,0
OT-001968,A-0078,Zona Centro,C21,Preventiva,Mantención preventiva,2026-09-28,2026-10-03,2026-10-03,Cerrada,7.0,1,0
OT-001969,A-0078,Zona Centro,C21,Preventiva,Mantención preventiva,2026-10-28,2026-10-28,2026-10-28,Cerrada,3.0,1,0
OT-001970,A-0078,Zona Centro,C21,Preventiva,Mantención preventiva,2026-11-28,2026-11-30,2026-11-30,Cerrada,12.0,1,0
OT-001971,A-0078,Zona Centro,C21,Preventiva,Mantención preventiva,2026-12-28,2026-12-28,2026-12-28,Cerrada,6.0,1,0
OT-001972,A-0078,Zona Centro,C21,Correctiva,Reparación correctiva,2025-01-29,2025-01-30,2025-01-31,Cerrada,15.5,15.5,43.6
OT-001973,A-0078,Zona Centro,C21,Correctiva,Reparación correctiva,2025-05-10,2025-05-11,2025-05-12,Cerrada,7.0,7.0,45.2
OT-001974,A-0078,Zona Centro,C21,Correctiva,Reparación correctiva,2025-06-03,2025-06-05,2025-06-05,Cerrada,8.5,8.5,48.1
OT-001975,A-0078,Zona Centro,C21,Correctiva,Reparación correctiva,2025-09-29,2025-10-01,2025-10-02,Cerrada,14.5,14.5,61.5
OT-001976,A-0078,Zona Centro,C21,Correctiva,Reparación correctiva,2025-10-26,2025-10-28,2025-10-29,Cerrada,21.5,21.5,67.5
OT-001977,A-0078,Zona Centro,C21,Correctiva,Reparación correctiva,2026-03-19,2026-03-20,2026-03-20,Cerrada,11.0,11.0,42.4
OT-001978,A-0078,Zona Centro,C21,Correctiva,Reparación correctiva,2026-05-05,2026-05-05,2026-05-06,Cerrada,17.0,17.0,32.0
OT-001979,A-0079,Zona Centro,C21,Preventiva,Mantención preventiva,2025-01-23,2025-01-25,2025-01-25,Cerrada,2.5,1,0
OT-001980,A-0079,Zona Centro,C21,Preventiva,Mantención preventiva,2025-02-23,2025-03-11,2025-03-11,Cerrada,3.5,1,0
OT-001981,A-0079,Zona Centro,C21,Preventiva,Mantención preventiva,2025-03-23,2025-04-26,2025-04-26,Cerrada,1.0,1,0
OT-001982,A-0079,Zona Centro,C21,Preventiva,Mantención preventiva,2025-04-23,2025-04-24,2025-04-24,Cerrada,1.5,1,0
OT-001983,A-0079,Zona Centro,C21,Preventiva,Mantención preventiva,2025-05-23,2025-05-28,2025-05-28,Cerrada,3.0,1,0
OT-001984,A-0079,Zona Centro,C21,Preventiva,Mantención preventiva,2025-06-23,2025-06-23,2025-06-23,Cerrada,4.0,1,0
OT-001985,A-0079,Zona Centro,C21,Preventiva,Mantención preventiva,2025-07-23,2025-07-24,2025-07-24,Cerrada,3.5,1,0
OT-001986,A-0079,Zona Centro,C21,Preventiva,Mantención preventiva,2025-08-23,2025-08-27,2025-08-27,Cerrada,7.5,1,0
OT-001987,A-0079,Zona Centro,C21,Preventiva,Mantención preventiva,2025-09-23,2025-10-31,2025-10-31,Cerrada,10.5,1,0
OT-001988,A-0079,Zona Centro,C21,Preventiva,Mantención preventiva,2025-10-23,2025-10-25,2025-10-25,Cerrada,4.0,1,0
OT-001989,A-0079,Zona Centro,C21,Preventiva,Mantención preventiva,2025-11-23,2025-11-28,2025-11-28,Cerrada,5.5,1,0
OT-001990,A-0079,Zona Centro,C21,Preventiva,Mantención preventiva,2025-12-23,2025-12-28,2025-12-28,Cerrada,4.5,1,0
OT-001991,A-0079,Zona Centro,C21,Preventiva,Mantención preventiva,2026-01-23,2026-03-01,2026-03-01,Cerrada,6.0,1,0
OT-001992,A-0079,Zona Centro,C21,Preventiva,Mantención preventiva,2026-02-23,2026-04-04,2026-04-04,Cerrada,3.5,1,0
OT-001993,A-0079,Zona Centro,C21,Preventiva,Mantención preventiva,2026-03-23,,,Abierta,0,0,0
OT-001994,A-0079,Zona Centro,C21,Preventiva,Mantención preventiva,2026-04-23,2026-04-23,2026-04-23,Cerrada,11.0,1,0
OT-001995,A-0079,Zona Centro,C21,Preventiva,Mantención preventiva,2026-05-23,2026-05-24,2026-05-24,Cerrada,4.0,1,0
OT-001996,A-0079,Zona Centro,C21,Preventiva,Mantención preventiva,2026-06-23,2026-06-29,2026-06-29,Cerrada,7.5,1,0
OT-001997,A-0079,Zona Centro,C21,Preventiva,Mantención preventiva,2026-07-23,2026-08-29,2026-08-29,Cerrada,4.0,1,0
OT-001998,A-0079,Zona Centro,C21,Preventiva,Mantención preventiva,2026-08-23,2026-08-26,2026-08-26,Cerrada,5.0,1,0
OT-001999,A-0079,Zona Centro,C21,Preventiva,Mantención preventiva,2026-09-23,2026-09-23,2026-09-23,Cerrada,2.5,1,0
OT-002000,A-0079,Zona Centro,C21,Preventiva,Mantención preventiva,2026-10-23,2026-10-24,2026-10-24,Cerrada,2.5,1,0
OT-002001,A-0079,Zona Centro,C21,Preventiva,Mantención preventiva,2026-11-23,2026-11-27,2026-11-27,Cerrada,3.0,1,0
OT-002002,A-0079,Zona Centro,C21,Preventiva,Mantención preventiva,2026-12-23,,,Abierta,0,0,0
OT-002003,A-0079,Zona Centro,C21,Correctiva,Reparación correctiva,2025-02-19,2025-02-20,2025-02-20,Cerrada,12.0,12.0,27.1
OT-002004,A-0080,Zona Centro,C21,Preventiva,Mantención preventiva,2025-01-02,2025-01-02,2025-01-02,Cerrada,3.5,1,0
OT-002005,A-0080,Zona Centro,C21,Preventiva,Mantención preventiva,2025-02-02,2025-02-03,2025-02-03,Cerrada,3.0,1,0
OT-002006,A-0080,Zona Centro,C21,Preventiva,Mantención preventiva,2025-03-02,2025-03-03,2025-03-03,Cerrada,5.5,1,0
OT-002007,A-0080,Zona Centro,C21,Preventiva,Mantención preventiva,2025-04-02,2025-04-07,2025-04-07,Cerrada,4.5,1,0
OT-002008,A-0080,Zona Centro,C21,Preventiva,Mantención preventiva,2025-05-02,2025-05-11,2025-05-11,Cerrada,5.0,1,0
OT-002009,A-0080,Zona Centro,C21,Preventiva,Mantención preventiva,2025-06-02,2025-06-08,2025-06-08,Cerrada,5.0,1,0
OT-002010,A-0080,Zona Centro,C21,Preventiva,Mantención preventiva,2025-07-02,2025-07-07,2025-07-07,Cerrada,3.0,1,0
OT-002011,A-0080,Zona Centro,C21,Preventiva,Mantención preventiva,2025-08-02,2025-08-03,2025-08-03,Cerrada,6.0,1,0
OT-002012,A-0080,Zona Centro,C21,Preventiva,Mantención preventiva,2025-09-02,,,Abierta,0,0,0
OT-002013,A-0080,Zona Centro,C21,Preventiva,Mantención preventiva,2025-10-02,2025-10-07,2025-10-07,Cerrada,5.5,1,0
OT-002014,A-0080,Zona Centro,C21,Preventiva,Mantención preventiva,2025-11-02,2025-12-08,2025-12-08,Cerrada,6.5,1,0
OT-002015,A-0080,Zona Centro,C21,Preventiva,Mantención preventiva,2025-12-02,2025-12-08,2025-12-08,Cerrada,8.0,1,0
OT-002016,A-0080,Zona Centro,C21,Preventiva,Mantención preventiva,2026-01-02,2026-01-06,2026-01-06,Cerrada,6.0,1,0
OT-002017,A-0080,Zona Centro,C21,Preventiva,Mantención preventiva,2026-02-02,2026-02-15,2026-02-15,Cerrada,4.5,1,0
OT-002018,A-0080,Zona Centro,C21,Preventiva,Mantención preventiva,2026-03-02,2026-03-04,2026-03-04,Cerrada,3.0,1,0
OT-002019,A-0080,Zona Centro,C21,Preventiva,Mantención preventiva,2026-04-02,2026-04-02,2026-04-02,Cerrada,2.0,1,0
OT-002020,A-0080,Zona Centro,C21,Preventiva,Mantención preventiva,2026-05-02,,,Abierta,0,0,0
OT-002021,A-0080,Zona Centro,C21,Preventiva,Mantención preventiva,2026-06-02,,,Abierta,0,0,0
OT-002022,A-0080,Zona Centro,C21,Preventiva,Mantención preventiva,2026-07-02,2026-07-04,2026-07-04,Cerrada,7.5,1,0
OT-002023,A-0080,Zona Centro,C21,Preventiva,Mantención preventiva,2026-08-02,2026-08-18,2026-08-18,Cerrada,4.0,1,0
OT-002024,A-0080,Zona Centro,C21,Preventiva,Mantención preventiva,2026-09-02,2026-09-04,2026-09-04,Cerrada,3.0,1,0
OT-002025,A-0080,Zona Centro,C21,Preventiva,Mantención preventiva,2026-10-02,2026-10-04,2026-10-04,Cerrada,6.5,1,0
OT-002026,A-0080,Zona Centro,C21,Preventiva,Mantención preventiva,2026-11-02,2026-11-02,2026-11-02,Cerrada,3.5,1,0
OT-002027,A-0080,Zona Centro,C21,Preventiva,Mantención preventiva,2026-12-02,2026-12-02,2026-12-02,Cerrada,5.5,1,0
OT-002028,A-0080,Zona Centro,C21,Correctiva,Reparación correctiva,2025-04-24,2025-04-26,2025-04-26,Cerrada,15.5,15.5,46.8
OT-002029,A-0080,Zona Centro,C21,Correctiva,Reparación correctiva,2025-05-30,2025-05-31,2025-06-01,Cerrada,23.0,23.0,38.9
OT-002030,A-0080,Zona Centro,C21,Correctiva,Reparación correctiva,2025-09-09,2025-09-10,2025-09-11,Cerrada,6.0,6.0,32.5
OT-002031,A-0080,Zona Centro,C21,Correctiva,Reparación correctiva,2026-02-23,2026-02-24,2026-02-25,Cerrada,14.5,14.5,34.2
OT-002032,A-0080,Zona Centro,C21,Correctiva,Reparación correctiva,2026-06-12,2026-06-14,2026-06-14,Cerrada,6.0,6.0,37.6
OT-002033,A-0081,Zona Centro,C21,Preventiva,Mantención preventiva,2025-01-02,,,Abierta,0,0,0
OT-002034,A-0081,Zona Centro,C21,Preventiva,Mantención preventiva,2025-02-02,2025-02-05,2025-02-05,Cerrada,6.5,1,0
OT-002035,A-0081,Zona Centro,C21,Preventiva,Mantención preventiva,2025-03-02,2025-03-03,2025-03-03,Cerrada,4.0,1,0
OT-002036,A-0081,Zona Centro,C21,Preventiva,Mantención preventiva,2025-04-02,2025-05-06,2025-05-06,Cerrada,4.5,1,0
OT-002037,A-0081,Zona Centro,C21,Preventiva,Mantención preventiva,2025-05-02,2025-05-08,2025-05-08,Cerrada,0.5,1,0
OT-002038,A-0081,Zona Centro,C21,Preventiva,Mantención preventiva,2025-06-02,2025-06-03,2025-06-03,Cerrada,3.5,1,0
OT-002039,A-0081,Zona Centro,C21,Preventiva,Mantención preventiva,2025-07-02,2025-07-07,2025-07-07,Cerrada,2.0,1,0
OT-002040,A-0081,Zona Centro,C21,Preventiva,Mantención preventiva,2025-08-02,2025-08-08,2025-08-08,Cerrada,4.5,1,0
OT-002041,A-0081,Zona Centro,C21,Preventiva,Mantención preventiva,2025-09-02,2025-09-06,2025-09-06,Cerrada,1.5,1,0
OT-002042,A-0081,Zona Centro,C21,Preventiva,Mantención preventiva,2025-10-02,2025-10-30,2025-10-30,Cerrada,9.5,1,0
OT-002043,A-0081,Zona Centro,C21,Preventiva,Mantención preventiva,2025-11-02,2025-11-08,2025-11-08,Cerrada,9.0,1,0
OT-002044,A-0081,Zona Centro,C21,Preventiva,Mantención preventiva,2025-12-02,2025-12-02,2025-12-02,Cerrada,11.0,1,0
OT-002045,A-0081,Zona Centro,C21,Preventiva,Mantención preventiva,2026-01-02,2026-01-06,2026-01-06,Cerrada,2.5,1,0
OT-002046,A-0081,Zona Centro,C21,Preventiva,Mantención preventiva,2026-02-02,,,Abierta,0,0,0
OT-002047,A-0081,Zona Centro,C21,Preventiva,Mantención preventiva,2026-03-02,2026-03-06,2026-03-06,Cerrada,8.0,1,0
OT-002048,A-0081,Zona Centro,C21,Preventiva,Mantención preventiva,2026-04-02,2026-04-03,2026-04-03,Cerrada,4.5,1,0
OT-002049,A-0081,Zona Centro,C21,Preventiva,Mantención preventiva,2026-05-02,2026-05-11,2026-05-11,Cerrada,3.5,1,0
OT-002050,A-0081,Zona Centro,C21,Preventiva,Mantención preventiva,2026-06-02,2026-06-17,2026-06-17,Cerrada,7.5,1,0
OT-002051,A-0081,Zona Centro,C21,Preventiva,Mantención preventiva,2026-07-02,2026-07-05,2026-07-05,Cerrada,2.0,1,0
OT-002052,A-0081,Zona Centro,C21,Preventiva,Mantención preventiva,2026-08-02,2026-08-08,2026-08-08,Cerrada,4.0,1,0
OT-002053,A-0081,Zona Centro,C21,Preventiva,Mantención preventiva,2026-09-02,2026-09-03,2026-09-03,Cerrada,4.5,1,0
OT-002054,A-0081,Zona Centro,C21,Preventiva,Mantención preventiva,2026-10-02,2026-11-06,2026-11-06,Cerrada,6.5,1,0
OT-002055,A-0081,Zona Centro,C21,Preventiva,Mantención preventiva,2026-11-02,,,Abierta,0,0,0
OT-002056,A-0081,Zona Centro,C21,Preventiva,Mantención preventiva,2026-12-02,2026-12-16,2026-12-16,Cerrada,1.5,1,0
OT-002057,A-0081,Zona Centro,C21,Correctiva,Reparación correctiva,2025-06-22,2025-06-23,2025-06-23,Cerrada,11.0,11.0,37.8
OT-002058,A-0081,Zona Centro,C21,Correctiva,Reparación correctiva,2026-10-07,2026-10-07,2026-10-08,Cerrada,10.0,10.0,25.6
OT-002059,A-0081,Zona Centro,C21,Correctiva,Reparación correctiva,2026-10-13,2026-10-13,2026-10-14,Cerrada,10.0,10.0,32.4
OT-002060,A-0082,Zona Centro,C21,Preventiva,Mantención preventiva,2025-01-04,2025-01-07,2025-01-07,Cerrada,8.5,1,0
OT-002061,A-0082,Zona Centro,C21,Preventiva,Mantención preventiva,2025-02-04,2025-03-13,2025-03-13,Cerrada,2.5,1,0
OT-002062,A-0082,Zona Centro,C21,Preventiva,Mantención preventiva,2025-03-04,2025-04-06,2025-04-06,Cerrada,2.0,1,0
OT-002063,A-0082,Zona Centro,C21,Preventiva,Mantención preventiva,2025-04-04,2025-04-06,2025-04-06,Cerrada,2.5,1,0
OT-002064,A-0082,Zona Centro,C21,Preventiva,Mantención preventiva,2025-05-04,2025-05-10,2025-05-10,Cerrada,4.5,1,0
OT-002065,A-0082,Zona Centro,C21,Preventiva,Mantención preventiva,2025-06-04,2025-06-05,2025-06-05,Cerrada,2.0,1,0
OT-002066,A-0082,Zona Centro,C21,Preventiva,Mantención preventiva,2025-07-04,2025-08-08,2025-08-08,Cerrada,1.5,1,0
OT-002067,A-0082,Zona Centro,C21,Preventiva,Mantención preventiva,2025-08-04,,,Abierta,0,0,0
OT-002068,A-0082,Zona Centro,C21,Preventiva,Mantención preventiva,2025-09-04,2025-09-06,2025-09-06,Cerrada,4.5,1,0
OT-002069,A-0082,Zona Centro,C21,Preventiva,Mantención preventiva,2025-10-04,2025-10-10,2025-10-10,Cerrada,5.0,1,0
OT-002070,A-0082,Zona Centro,C21,Preventiva,Mantención preventiva,2025-11-04,2025-11-28,2025-11-28,Cerrada,6.5,1,0
OT-002071,A-0082,Zona Centro,C21,Preventiva,Mantención preventiva,2025-12-04,2025-12-04,2025-12-04,Cerrada,2.0,1,0
OT-002072,A-0082,Zona Centro,C21,Preventiva,Mantención preventiva,2026-01-04,2026-01-08,2026-01-08,Cerrada,2.0,1,0
OT-002073,A-0082,Zona Centro,C21,Preventiva,Mantención preventiva,2026-02-04,2026-02-04,2026-02-04,Cerrada,4.5,1,0
OT-002074,A-0082,Zona Centro,C21,Preventiva,Mantención preventiva,2026-03-04,2026-04-10,2026-04-10,Cerrada,7.5,1,0
OT-002075,A-0082,Zona Centro,C21,Preventiva,Mantención preventiva,2026-04-04,2026-04-09,2026-04-09,Cerrada,7.5,1,0
OT-002076,A-0082,Zona Centro,C21,Preventiva,Mantención preventiva,2026-05-04,2026-05-05,2026-05-05,Cerrada,13.0,1,0
OT-002077,A-0082,Zona Centro,C21,Preventiva,Mantención preventiva,2026-06-04,2026-06-06,2026-06-06,Cerrada,5.5,1,0
OT-002078,A-0082,Zona Centro,C21,Preventiva,Mantención preventiva,2026-07-04,,,Abierta,0,0,0
OT-002079,A-0082,Zona Centro,C21,Preventiva,Mantención preventiva,2026-08-04,2026-08-09,2026-08-09,Cerrada,3.0,1,0
OT-002080,A-0082,Zona Centro,C21,Preventiva,Mantención preventiva,2026-09-04,2026-09-05,2026-09-05,Cerrada,2.0,1,0
OT-002081,A-0082,Zona Centro,C21,Preventiva,Mantención preventiva,2026-10-04,2026-10-10,2026-10-10,Cerrada,3.0,1,0
OT-002082,A-0082,Zona Centro,C21,Preventiva,Mantención preventiva,2026-11-04,2026-12-08,2026-12-08,Cerrada,3.5,1,0
OT-002083,A-0082,Zona Centro,C21,Preventiva,Mantención preventiva,2026-12-04,2026-12-22,2026-12-22,Cerrada,2.0,1,0
OT-002084,A-0082,Zona Centro,C21,Correctiva,Reparación correctiva,2025-06-17,2025-06-18,2025-06-18,Cerrada,10.5,10.5,23.6
OT-002085,A-0082,Zona Centro,C21,Correctiva,Reparación correctiva,2025-11-07,2025-11-08,2025-11-08,Cerrada,4.5,4.5,22.2
OT-002086,A-0082,Zona Centro,C21,Correctiva,Reparación correctiva,2025-12-07,2025-12-08,2025-12-09,Cerrada,7.0,7.0,50.2
OT-002087,A-0082,Zona Centro,C21,Correctiva,Reparación correctiva,2026-02-16,2026-02-17,2026-02-17,Cerrada,7.5,7.5,27.4
OT-002088,A-0083,Zona Sur,C21,Preventiva,Mantención preventiva,2025-01-23,2025-01-25,2025-01-25,Cerrada,3.5,1,0
OT-002089,A-0083,Zona Sur,C21,Preventiva,Mantención preventiva,2025-02-23,2025-02-26,2025-02-26,Cerrada,7.5,1,0
OT-002090,A-0083,Zona Sur,C21,Preventiva,Mantención preventiva,2025-03-23,2025-03-29,2025-03-29,Cerrada,7.0,1,0
OT-002091,A-0083,Zona Sur,C21,Preventiva,Mantención preventiva,2025-04-23,2025-04-27,2025-04-27,Cerrada,8.5,1,0
OT-002092,A-0083,Zona Sur,C21,Preventiva,Mantención preventiva,2025-05-23,2025-05-24,2025-05-24,Cerrada,10.0,1,0
OT-002093,A-0083,Zona Sur,C21,Preventiva,Mantención preventiva,2025-06-23,2025-07-28,2025-07-28,Cerrada,5.0,1,0
OT-002094,A-0083,Zona Sur,C21,Preventiva,Mantención preventiva,2025-07-23,2025-07-23,2025-07-23,Cerrada,5.0,1,0
OT-002095,A-0083,Zona Sur,C21,Preventiva,Mantención preventiva,2025-08-23,2025-08-25,2025-08-25,Cerrada,3.0,1,0
OT-002096,A-0083,Zona Sur,C21,Preventiva,Mantención preventiva,2025-09-23,,,Abierta,0,0,0
OT-002097,A-0083,Zona Sur,C21,Preventiva,Mantención preventiva,2025-10-23,2025-10-26,2025-10-26,Cerrada,1.5,1,0
OT-002098,A-0083,Zona Sur,C21,Preventiva,Mantención preventiva,2025-11-23,2025-11-27,2025-11-27,Cerrada,3.5,1,0
OT-002099,A-0083,Zona Sur,C21,Preventiva,Mantención preventiva,2025-12-23,2025-12-25,2025-12-25,Cerrada,4.0,1,0
OT-002100,A-0083,Zona Sur,C21,Preventiva,Mantención preventiva,2026-01-23,2026-01-24,2026-01-24,Cerrada,5.5,1,0
OT-002101,A-0083,Zona Sur,C21,Preventiva,Mantención preventiva,2026-02-23,2026-03-10,2026-03-10,Cerrada,5.5,1,0
OT-002102,A-0083,Zona Sur,C21,Preventiva,Mantención preventiva,2026-03-23,2026-03-25,2026-03-25,Cerrada,10.0,1,0
OT-002103,A-0083,Zona Sur,C21,Preventiva,Mantención preventiva,2026-04-23,2026-04-27,2026-04-27,Cerrada,3.0,1,0
OT-002104,A-0083,Zona Sur,C21,Preventiva,Mantención preventiva,2026-05-23,2026-05-28,2026-05-28,Cerrada,10.5,1,0
OT-002105,A-0083,Zona Sur,C21,Preventiva,Mantención preventiva,2026-06-23,2026-07-05,2026-07-05,Cerrada,5.0,1,0
OT-002106,A-0083,Zona Sur,C21,Preventiva,Mantención preventiva,2026-07-23,2026-07-26,2026-07-26,Cerrada,3.5,1,0
OT-002107,A-0083,Zona Sur,C21,Preventiva,Mantención preventiva,2026-08-23,2026-08-29,2026-08-29,Cerrada,4.5,1,0
OT-002108,A-0083,Zona Sur,C21,Preventiva,Mantención preventiva,2026-09-23,2026-09-23,2026-09-23,Cerrada,3.0,1,0
OT-002109,A-0083,Zona Sur,C21,Preventiva,Mantención preventiva,2026-10-23,2026-10-26,2026-10-26,Cerrada,4.5,1,0
OT-002110,A-0083,Zona Sur,C21,Preventiva,Mantención preventiva,2026-11-23,2026-11-24,2026-11-24,Cerrada,7.5,1,0
OT-002111,A-0083,Zona Sur,C21,Preventiva,Mantención preventiva,2026-12-23,,,Abierta,0,0,0
OT-002112,A-0083,Zona Sur,C21,Correctiva,Reparación correctiva,2025-04-07,2025-04-08,2025-04-08,Cerrada,8.5,8.5,31.3
OT-002113,A-0083,Zona Sur,C21,Correctiva,Reparación correctiva,2025-04-22,2025-04-24,2025-04-24,Cerrada,11.0,11.0,50.9
OT-002114,A-0083,Zona Sur,C21,Correctiva,Reparación correctiva,2025-06-25,2025-06-27,2025-06-27,Cerrada,11.0,11.0,58.4
OT-002115,A-0083,Zona Sur,C21,Correctiva,Reparación correctiva,2026-09-02,2026-09-04,2026-09-06,Cerrada,38.5,38.5,80.9
OT-002116,A-0083,Zona Sur,C21,Correctiva,Reparación correctiva,2026-10-18,2026-10-19,2026-10-20,Cerrada,34.5,34.5,49.7
OT-002117,A-0084,Zona Sur,C21,Preventiva,Mantención preventiva,2025-01-23,2025-02-16,2025-02-16,Cerrada,2.5,1,0
OT-002118,A-0084,Zona Sur,C21,Preventiva,Mantención preventiva,2025-02-23,2025-02-28,2025-02-28,Cerrada,7.5,1,0
OT-002119,A-0084,Zona Sur,C21,Preventiva,Mantención preventiva,2025-03-23,2025-03-24,2025-03-24,Cerrada,11.5,1,0
OT-002120,A-0084,Zona Sur,C21,Preventiva,Mantención preventiva,2025-04-23,2025-04-25,2025-04-25,Cerrada,3.5,1,0
OT-002121,A-0084,Zona Sur,C21,Preventiva,Mantención preventiva,2025-05-23,2025-05-27,2025-05-27,Cerrada,2.5,1,0
OT-002122,A-0084,Zona Sur,C21,Preventiva,Mantención preventiva,2025-06-23,2025-06-25,2025-06-25,Cerrada,2.5,1,0
OT-002123,A-0084,Zona Sur,C21,Preventiva,Mantención preventiva,2025-07-23,2025-07-25,2025-07-25,Cerrada,10.5,1,0
OT-002124,A-0084,Zona Sur,C21,Preventiva,Mantención preventiva,2025-08-23,2025-08-29,2025-08-29,Cerrada,12.0,1,0
OT-002125,A-0084,Zona Sur,C21,Preventiva,Mantención preventiva,2025-09-23,2025-10-14,2025-10-14,Cerrada,5.0,1,0
OT-002126,A-0084,Zona Sur,C21,Preventiva,Mantención preventiva,2025-10-23,2025-10-24,2025-10-24,Cerrada,6.0,1,0
OT-002127,A-0084,Zona Sur,C21,Preventiva,Mantención preventiva,2025-11-23,2025-11-24,2025-11-24,Cerrada,15.0,1,0
OT-002128,A-0084,Zona Sur,C21,Preventiva,Mantención preventiva,2025-12-23,2025-12-25,2025-12-25,Cerrada,6.0,1,0
OT-002129,A-0084,Zona Sur,C21,Preventiva,Mantención preventiva,2026-01-23,2026-01-24,2026-01-24,Cerrada,6.0,1,0
OT-002130,A-0084,Zona Sur,C21,Preventiva,Mantención preventiva,2026-02-23,2026-02-25,2026-02-25,Cerrada,3.5,1,0
OT-002131,A-0084,Zona Sur,C21,Preventiva,Mantención preventiva,2026-03-23,2026-03-24,2026-03-24,Cerrada,6.0,1,0
OT-002132,A-0084,Zona Sur,C21,Preventiva,Mantención preventiva,2026-04-23,2026-04-24,2026-04-24,Cerrada,4.5,1,0
OT-002133,A-0084,Zona Sur,C21,Preventiva,Mantención preventiva,2026-05-23,2026-05-23,2026-05-23,Cerrada,6.0,1,0
OT-002134,A-0084,Zona Sur,C21,Preventiva,Mantención preventiva,2026-06-23,2026-07-12,2026-07-12,Cerrada,3.0,1,0
OT-002135,A-0084,Zona Sur,C21,Preventiva,Mantención preventiva,2026-07-23,2026-07-25,2026-07-25,Cerrada,2.0,1,0
OT-002136,A-0084,Zona Sur,C21,Preventiva,Mantención preventiva,2026-08-23,2026-08-27,2026-08-27,Cerrada,4.0,1,0
OT-002137,A-0084,Zona Sur,C21,Preventiva,Mantención preventiva,2026-09-23,2026-09-25,2026-09-25,Cerrada,1.5,1,0
OT-002138,A-0084,Zona Sur,C21,Preventiva,Mantención preventiva,2026-10-23,2026-11-27,2026-11-27,Cerrada,3.0,1,0
OT-002139,A-0084,Zona Sur,C21,Preventiva,Mantención preventiva,2026-11-23,2026-11-25,2026-11-25,Cerrada,4.5,1,0
OT-002140,A-0084,Zona Sur,C21,Preventiva,Mantención preventiva,2026-12-23,2026-12-28,2026-12-28,Cerrada,2.5,1,0
OT-002141,A-0084,Zona Sur,C21,Correctiva,Reparación correctiva,2025-01-22,2025-01-22,2025-01-23,Cerrada,27.0,27.0,43.1
OT-002142,A-0084,Zona Sur,C21,Correctiva,Reparación correctiva,2025-03-12,2025-03-13,2025-03-14,Cerrada,15.5,15.5,46.7
OT-002143,A-0084,Zona Sur,C21,Correctiva,Reparación correctiva,2025-06-10,2025-06-10,2025-06-12,Cerrada,30.0,30.0,49.9
OT-002144,A-0084,Zona Sur,C21,Correctiva,Reparación correctiva,2025-10-11,2025-10-11,2025-10-12,Cerrada,5.0,5.0,23.2
OT-002145,A-0084,Zona Sur,C21,Correctiva,Reparación correctiva,2026-05-19,2026-05-20,2026-05-21,Cerrada,31.0,31.0,53.4
OT-002146,A-0085,Zona Sur,C21,Preventiva,Mantención preventiva,2025-01-06,2025-01-06,2025-01-06,Cerrada,2.5,1,0
OT-002147,A-0085,Zona Sur,C21,Preventiva,Mantención preventiva,2025-02-06,2025-02-06,2025-02-06,Cerrada,5.5,1,0
OT-002148,A-0085,Zona Sur,C21,Preventiva,Mantención preventiva,2025-03-06,2025-03-08,2025-03-08,Cerrada,6.5,1,0
OT-002149,A-0085,Zona Sur,C21,Preventiva,Mantención preventiva,2025-04-06,2025-04-14,2025-04-14,Cerrada,5.0,1,0
OT-002150,A-0085,Zona Sur,C21,Preventiva,Mantención preventiva,2025-05-06,2025-05-06,2025-05-06,Cerrada,5.5,1,0
OT-002151,A-0085,Zona Sur,C21,Preventiva,Mantención preventiva,2025-06-06,2025-06-10,2025-06-10,Cerrada,3.0,1,0
OT-002152,A-0085,Zona Sur,C21,Preventiva,Mantención preventiva,2025-07-06,2025-07-08,2025-07-08,Cerrada,6.5,1,0
OT-002153,A-0085,Zona Sur,C21,Preventiva,Mantención preventiva,2025-08-06,2025-08-08,2025-08-08,Cerrada,4.0,1,0
OT-002154,A-0085,Zona Sur,C21,Preventiva,Mantención preventiva,2025-09-06,2025-09-08,2025-09-08,Cerrada,3.0,1,0
OT-002155,A-0085,Zona Sur,C21,Preventiva,Mantención preventiva,2025-10-06,2025-10-11,2025-10-11,Cerrada,5.0,1,0
OT-002156,A-0085,Zona Sur,C21,Preventiva,Mantención preventiva,2025-11-06,2025-11-11,2025-11-11,Cerrada,5.0,1,0
OT-002157,A-0085,Zona Sur,C21,Preventiva,Mantención preventiva,2025-12-06,2025-12-07,2025-12-07,Cerrada,5.0,1,0
OT-002158,A-0085,Zona Sur,C21,Preventiva,Mantención preventiva,2026-01-06,2026-01-07,2026-01-07,Cerrada,5.5,1,0
OT-002159,A-0085,Zona Sur,C21,Preventiva,Mantención preventiva,2026-02-06,2026-02-07,2026-02-07,Cerrada,5.5,1,0
OT-002160,A-0085,Zona Sur,C21,Preventiva,Mantención preventiva,2026-03-06,,,Abierta,0,0,0
OT-002161,A-0085,Zona Sur,C21,Preventiva,Mantención preventiva,2026-04-06,2026-04-08,2026-04-08,Cerrada,13.0,1,0
OT-002162,A-0085,Zona Sur,C21,Preventiva,Mantención preventiva,2026-05-06,2026-06-11,2026-06-11,Cerrada,3.5,1,0
OT-002163,A-0085,Zona Sur,C21,Preventiva,Mantención preventiva,2026-06-06,2026-06-08,2026-06-08,Cerrada,3.5,1,0
OT-002164,A-0085,Zona Sur,C21,Preventiva,Mantención preventiva,2026-07-06,2026-07-08,2026-07-08,Cerrada,6.0,1,0
OT-002165,A-0085,Zona Sur,C21,Preventiva,Mantención preventiva,2026-08-06,2026-09-05,2026-09-05,Cerrada,4.5,1,0
OT-002166,A-0085,Zona Sur,C21,Preventiva,Mantención preventiva,2026-09-06,2026-09-07,2026-09-07,Cerrada,4.5,1,0
OT-002167,A-0085,Zona Sur,C21,Preventiva,Mantención preventiva,2026-10-06,2026-10-07,2026-10-07,Cerrada,3.5,1,0
OT-002168,A-0085,Zona Sur,C21,Preventiva,Mantención preventiva,2026-11-06,2026-11-14,2026-11-14,Cerrada,4.0,1,0
OT-002169,A-0085,Zona Sur,C21,Preventiva,Mantención preventiva,2026-12-06,2026-12-21,2026-12-21,Cerrada,2.5,1,0
OT-002170,A-0085,Zona Sur,C21,Correctiva,Reparación correctiva,2025-04-12,2025-04-13,2025-04-14,Cerrada,9.0,9.0,44.8
OT-002171,A-0085,Zona Sur,C21,Correctiva,Reparación correctiva,2026-03-30,2026-04-01,2026-04-02,Cerrada,15.0,15.0,51.0
OT-002172,A-0085,Zona Sur,C21,Correctiva,Reparación correctiva,2026-04-16,2026-04-17,2026-04-17,Cerrada,12.0,12.0,33.7
OT-002173,A-0085,Zona Sur,C21,Correctiva,Reparación correctiva,2026-05-30,2026-05-31,2026-06-01,Cerrada,5.5,5.5,34.5
OT-002174,A-0085,Zona Sur,C21,Correctiva,Reparación correctiva,2026-11-28,2026-11-30,2026-11-30,Cerrada,8.0,8.0,35.2
OT-002175,A-0086,Zona Sur,C21,Preventiva,Mantención preventiva,2025-01-22,2025-02-07,2025-02-07,Cerrada,5.5,1,0
OT-002176,A-0086,Zona Sur,C21,Preventiva,Mantención preventiva,2025-02-22,2025-02-26,2025-02-26,Cerrada,3.0,1,0
OT-002177,A-0086,Zona Sur,C21,Preventiva,Mantención preventiva,2025-03-22,2025-03-27,2025-03-27,Cerrada,4.0,1,0
OT-002178,A-0086,Zona Sur,C21,Preventiva,Mantención preventiva,2025-04-22,2025-05-27,2025-05-27,Cerrada,2.0,1,0
OT-002179,A-0086,Zona Sur,C21,Preventiva,Mantención preventiva,2025-05-22,2025-05-26,2025-05-26,Cerrada,4.0,1,0
OT-002180,A-0086,Zona Sur,C21,Preventiva,Mantención preventiva,2025-06-22,2025-06-25,2025-06-25,Cerrada,3.0,1,0
OT-002181,A-0086,Zona Sur,C21,Preventiva,Mantención preventiva,2025-07-22,2025-07-28,2025-07-28,Cerrada,3.0,1,0
OT-002182,A-0086,Zona Sur,C21,Preventiva,Mantención preventiva,2025-08-22,2025-08-24,2025-08-24,Cerrada,8.0,1,0
OT-002183,A-0086,Zona Sur,C21,Preventiva,Mantención preventiva,2025-09-22,2025-09-26,2025-09-26,Cerrada,4.5,1,0
OT-002184,A-0086,Zona Sur,C21,Preventiva,Mantención preventiva,2025-10-22,2025-10-28,2025-10-28,Cerrada,6.0,1,0
OT-002185,A-0086,Zona Sur,C21,Preventiva,Mantención preventiva,2025-11-22,2025-11-25,2025-11-25,Cerrada,4.0,1,0
OT-002186,A-0086,Zona Sur,C21,Preventiva,Mantención preventiva,2025-12-22,2025-12-28,2025-12-28,Cerrada,7.0,1,0
OT-002187,A-0086,Zona Sur,C21,Preventiva,Mantención preventiva,2026-01-22,2026-01-27,2026-01-27,Cerrada,3.5,1,0
OT-002188,A-0086,Zona Sur,C21,Preventiva,Mantención preventiva,2026-02-22,2026-04-03,2026-04-03,Cerrada,5.5,1,0
OT-002189,A-0086,Zona Sur,C21,Preventiva,Mantención preventiva,2026-03-22,2026-03-23,2026-03-23,Cerrada,25.5,1,0
OT-002190,A-0086,Zona Sur,C21,Preventiva,Mantención preventiva,2026-04-22,2026-04-27,2026-04-27,Cerrada,5.0,1,0
OT-002191,A-0086,Zona Sur,C21,Preventiva,Mantención preventiva,2026-05-22,2026-05-27,2026-05-27,Cerrada,4.0,1,0
OT-002192,A-0086,Zona Sur,C21,Preventiva,Mantención preventiva,2026-06-22,2026-06-22,2026-06-22,Cerrada,4.5,1,0
OT-002193,A-0086,Zona Sur,C21,Preventiva,Mantención preventiva,2026-07-22,2026-07-22,2026-07-22,Cerrada,7.5,1,0
OT-002194,A-0086,Zona Sur,C21,Preventiva,Mantención preventiva,2026-08-22,2026-08-22,2026-08-22,Cerrada,3.0,1,0
OT-002195,A-0086,Zona Sur,C21,Preventiva,Mantención preventiva,2026-09-22,2026-09-23,2026-09-23,Cerrada,9.0,1,0
OT-002196,A-0086,Zona Sur,C21,Preventiva,Mantención preventiva,2026-10-22,2026-11-27,2026-11-27,Cerrada,10.5,1,0
OT-002197,A-0086,Zona Sur,C21,Preventiva,Mantención preventiva,2026-11-22,2026-11-27,2026-11-27,Cerrada,6.0,1,0
OT-002198,A-0086,Zona Sur,C21,Preventiva,Mantención preventiva,2026-12-22,2026-12-27,2026-12-27,Cerrada,4.5,1,0
OT-002199,A-0086,Zona Sur,C21,Correctiva,Reparación correctiva,2025-03-03,2025-03-05,2025-03-06,Cerrada,26.5,26.5,62.5
OT-002200,A-0086,Zona Sur,C21,Correctiva,Reparación correctiva,2025-09-17,2025-09-19,2025-09-19,Cerrada,14.0,14.0,40.1
OT-002201,A-0086,Zona Sur,C21,Correctiva,Reparación correctiva,2025-12-24,2025-12-25,2025-12-25,Cerrada,5.0,5.0,32.3
OT-002202,A-0086,Zona Sur,C21,Correctiva,Reparación correctiva,2026-05-22,2026-05-23,2026-05-23,Cerrada,6.5,6.5,18.9
OT-002203,A-0087,Zona Sur,C21,Preventiva,Mantención preventiva,2025-01-02,2025-02-01,2025-02-01,Cerrada,10.0,1,0
OT-002204,A-0087,Zona Sur,C21,Preventiva,Mantención preventiva,2025-02-02,2025-02-27,2025-02-27,Cerrada,4.5,1,0
OT-002205,A-0087,Zona Sur,C21,Preventiva,Mantención preventiva,2025-03-02,2025-03-07,2025-03-07,Cerrada,4.5,1,0
OT-002206,A-0087,Zona Sur,C21,Preventiva,Mantención preventiva,2025-04-02,2025-04-03,2025-04-03,Cerrada,2.5,1,0
OT-002207,A-0087,Zona Sur,C21,Preventiva,Mantención preventiva,2025-05-02,2025-05-07,2025-05-07,Cerrada,6.5,1,0
OT-002208,A-0087,Zona Sur,C21,Preventiva,Mantención preventiva,2025-06-02,2025-06-29,2025-06-29,Cerrada,8.0,1,0
OT-002209,A-0087,Zona Sur,C21,Preventiva,Mantención preventiva,2025-07-02,,,Abierta,0,0,0
OT-002210,A-0087,Zona Sur,C21,Preventiva,Mantención preventiva,2025-08-02,2025-08-03,2025-08-03,Cerrada,11.5,1,0
OT-002211,A-0087,Zona Sur,C21,Preventiva,Mantención preventiva,2025-09-02,2025-09-26,2025-09-26,Cerrada,2.5,1,0
OT-002212,A-0087,Zona Sur,C21,Preventiva,Mantención preventiva,2025-10-02,,,Abierta,0,0,0
OT-002213,A-0087,Zona Sur,C21,Preventiva,Mantención preventiva,2025-11-02,2025-11-06,2025-11-06,Cerrada,2.0,1,0
OT-002214,A-0087,Zona Sur,C21,Preventiva,Mantención preventiva,2025-12-02,2025-12-07,2025-12-07,Cerrada,4.0,1,0
OT-002215,A-0087,Zona Sur,C21,Preventiva,Mantención preventiva,2026-01-02,,,Abierta,0,0,0
OT-002216,A-0087,Zona Sur,C21,Preventiva,Mantención preventiva,2026-02-02,2026-02-25,2026-02-25,Cerrada,6.0,1,0
OT-002217,A-0087,Zona Sur,C21,Preventiva,Mantención preventiva,2026-03-02,,,Abierta,0,0,0
OT-002218,A-0087,Zona Sur,C21,Preventiva,Mantención preventiva,2026-04-02,,,Abierta,0,0,0
OT-002219,A-0087,Zona Sur,C21,Preventiva,Mantención preventiva,2026-05-02,2026-05-04,2026-05-04,Cerrada,8.0,1,0
OT-002220,A-0087,Zona Sur,C21,Preventiva,Mantención preventiva,2026-06-02,,,Abierta,0,0,0
OT-002221,A-0087,Zona Sur,C21,Preventiva,Mantención preventiva,2026-07-02,2026-07-07,2026-07-07,Cerrada,4.0,1,0
OT-002222,A-0087,Zona Sur,C21,Preventiva,Mantención preventiva,2026-08-02,2026-08-06,2026-08-06,Cerrada,3.0,1,0
OT-002223,A-0087,Zona Sur,C21,Preventiva,Mantención preventiva,2026-09-02,2026-09-04,2026-09-04,Cerrada,1.5,1,0
OT-002224,A-0087,Zona Sur,C21,Preventiva,Mantención preventiva,2026-10-02,2026-10-06,2026-10-06,Cerrada,6.0,1,0
OT-002225,A-0087,Zona Sur,C21,Preventiva,Mantención preventiva,2026-11-02,2026-11-07,2026-11-07,Cerrada,7.0,1,0
OT-002226,A-0087,Zona Sur,C21,Preventiva,Mantención preventiva,2026-12-02,2026-12-07,2026-12-07,Cerrada,5.5,1,0
OT-002227,A-0087,Zona Sur,C21,Correctiva,Reparación correctiva,2025-11-18,2025-11-19,2025-11-20,Cerrada,11.0,11.0,43.5
OT-002228,A-0087,Zona Sur,C21,Correctiva,Reparación correctiva,2026-05-10,2026-05-12,2026-05-12,Cerrada,10.0,10.0,42.1
OT-002229,A-0087,Zona Sur,C21,Correctiva,Reparación correctiva,2026-05-24,2026-05-24,2026-05-25,Cerrada,16.5,16.5,31.3
OT-002230,A-0087,Zona Sur,C21,Correctiva,Reparación correctiva,2026-06-15,2026-06-16,2026-06-17,Cerrada,13.0,13.0,33.3
OT-002231,A-0087,Zona Sur,C21,Correctiva,Reparación correctiva,2026-07-31,2026-08-02,2026-08-03,Cerrada,19.0,19.0,64.9
OT-002232,A-0088,Zona Sur,C21,Preventiva,Mantención preventiva,2025-01-28,2025-02-23,2025-02-23,Cerrada,1.5,1,0
OT-002233,A-0088,Zona Sur,C21,Preventiva,Mantención preventiva,2025-02-28,2025-04-09,2025-04-09,Cerrada,2.5,1,0
OT-002234,A-0088,Zona Sur,C21,Preventiva,Mantención preventiva,2025-03-28,2025-03-28,2025-03-28,Cerrada,15.0,1,0
OT-002235,A-0088,Zona Sur,C21,Preventiva,Mantención preventiva,2025-04-28,,,Abierta,0,0,0
OT-002236,A-0088,Zona Sur,C21,Preventiva,Mantención preventiva,2025-05-28,2025-05-28,2025-05-28,Cerrada,3.5,1,0
OT-002237,A-0088,Zona Sur,C21,Preventiva,Mantención preventiva,2025-06-28,2025-07-04,2025-07-04,Cerrada,2.5,1,0
OT-002238,A-0088,Zona Sur,C21,Preventiva,Mantención preventiva,2025-07-28,2025-08-26,2025-08-26,Cerrada,7.0,1,0
OT-002239,A-0088,Zona Sur,C21,Preventiva,Mantención preventiva,2025-08-28,2025-09-01,2025-09-01,Cerrada,5.5,1,0
OT-002240,A-0088,Zona Sur,C21,Preventiva,Mantención preventiva,2025-09-28,2025-10-02,2025-10-02,Cerrada,4.0,1,0
OT-002241,A-0088,Zona Sur,C21,Preventiva,Mantención preventiva,2025-10-28,2025-11-11,2025-11-11,Cerrada,2.0,1,0
OT-002242,A-0088,Zona Sur,C21,Preventiva,Mantención preventiva,2025-11-28,2025-12-01,2025-12-01,Cerrada,4.0,1,0
OT-002243,A-0088,Zona Sur,C21,Preventiva,Mantención preventiva,2025-12-28,2026-01-19,2026-01-19,Cerrada,17.0,1,0
OT-002244,A-0088,Zona Sur,C21,Preventiva,Mantención preventiva,2026-01-28,2026-02-03,2026-02-03,Cerrada,3.0,1,0
OT-002245,A-0088,Zona Sur,C21,Preventiva,Mantención preventiva,2026-02-28,2026-03-03,2026-03-03,Cerrada,6.0,1,0
OT-002246,A-0088,Zona Sur,C21,Preventiva,Mantención preventiva,2026-03-28,2026-03-29,2026-03-29,Cerrada,13.5,1,0
OT-002247,A-0088,Zona Sur,C21,Preventiva,Mantención preventiva,2026-04-28,2026-04-30,2026-04-30,Cerrada,4.0,1,0
OT-002248,A-0088,Zona Sur,C21,Preventiva,Mantención preventiva,2026-05-28,2026-06-01,2026-06-01,Cerrada,2.0,1,0
OT-002249,A-0088,Zona Sur,C21,Preventiva,Mantención preventiva,2026-06-28,2026-07-08,2026-07-08,Cerrada,13.0,1,0
OT-002250,A-0088,Zona Sur,C21,Preventiva,Mantención preventiva,2026-07-28,2026-07-29,2026-07-29,Cerrada,4.0,1,0
OT-002251,A-0088,Zona Sur,C21,Preventiva,Mantención preventiva,2026-08-28,2026-09-01,2026-09-01,Cerrada,5.0,1,0
OT-002252,A-0088,Zona Sur,C21,Preventiva,Mantención preventiva,2026-09-28,2026-10-02,2026-10-02,Cerrada,3.0,1,0
OT-002253,A-0088,Zona Sur,C21,Preventiva,Mantención preventiva,2026-10-28,2026-10-28,2026-10-28,Cerrada,2.5,1,0
OT-002254,A-0088,Zona Sur,C21,Preventiva,Mantención preventiva,2026-11-28,2026-12-03,2026-12-03,Cerrada,8.0,1,0
OT-002255,A-0088,Zona Sur,C21,Preventiva,Mantención preventiva,2026-12-28,2026-12-30,2026-12-30,Cerrada,6.0,1,0
OT-002256,A-0088,Zona Sur,C21,Correctiva,Reparación correctiva,2025-07-10,2025-07-12,2025-07-12,Cerrada,5.5,5.5,36.5
OT-002257,A-0088,Zona Sur,C21,Correctiva,Reparación correctiva,2025-11-13,2025-11-14,2025-11-14,Cerrada,13.0,13.0,26.9
OT-002258,A-0088,Zona Sur,C21,Correctiva,Reparación correctiva,2025-12-24,2025-12-25,2025-12-26,Cerrada,15.0,15.0,31.9
OT-002259,A-0088,Zona Sur,C21,Correctiva,Reparación correctiva,2026-03-18,2026-03-20,2026-03-21,Cerrada,19.0,19.0,60.4
OT-002260,A-0088,Zona Sur,C21,Correctiva,Reparación correctiva,2026-07-05,2026-07-06,2026-07-06,Cerrada,11.0,11.0,27.1
OT-002261,A-0088,Zona Sur,C21,Correctiva,Reparación correctiva,2026-09-02,2026-09-03,2026-09-03,Cerrada,6.5,6.5,32.3
OT-002262,A-0089,Zona Sur,C21,Preventiva,Mantención preventiva,2025-01-13,2025-01-14,2025-01-14,Cerrada,3.0,1,0
OT-002263,A-0089,Zona Sur,C21,Preventiva,Mantención preventiva,2025-02-13,2025-02-13,2025-02-13,Cerrada,5.0,1,0
OT-002264,A-0089,Zona Sur,C21,Preventiva,Mantención preventiva,2025-03-13,2025-03-22,2025-03-22,Cerrada,1.5,1,0
OT-002265,A-0089,Zona Sur,C21,Preventiva,Mantención preventiva,2025-04-13,2025-04-19,2025-04-19,Cerrada,6.0,1,0
OT-002266,A-0089,Zona Sur,C21,Preventiva,Mantención preventiva,2025-05-13,2025-05-19,2025-05-19,Cerrada,10.0,1,0
OT-002267,A-0089,Zona Sur,C21,Preventiva,Mantención preventiva,2025-06-13,2025-06-24,2025-06-24,Cerrada,8.0,1,0
OT-002268,A-0089,Zona Sur,C21,Preventiva,Mantención preventiva,2025-07-13,,,Abierta,0,0,0
OT-002269,A-0089,Zona Sur,C21,Preventiva,Mantención preventiva,2025-08-13,,,Abierta,0,0,0
OT-002270,A-0089,Zona Sur,C21,Preventiva,Mantención preventiva,2025-09-13,2025-09-17,2025-09-17,Cerrada,4.0,1,0
OT-002271,A-0089,Zona Sur,C21,Preventiva,Mantención preventiva,2025-10-13,2025-10-17,2025-10-17,Cerrada,2.0,1,0
OT-002272,A-0089,Zona Sur,C21,Preventiva,Mantención preventiva,2025-11-13,2025-11-14,2025-11-14,Cerrada,6.0,1,0
OT-002273,A-0089,Zona Sur,C21,Preventiva,Mantención preventiva,2025-12-13,2025-12-13,2025-12-13,Cerrada,5.0,1,0
OT-002274,A-0089,Zona Sur,C21,Preventiva,Mantención preventiva,2026-01-13,2026-01-19,2026-01-19,Cerrada,8.0,1,0
OT-002275,A-0089,Zona Sur,C21,Preventiva,Mantención preventiva,2026-02-13,2026-02-15,2026-02-15,Cerrada,4.5,1,0
OT-002276,A-0089,Zona Sur,C21,Preventiva,Mantención preventiva,2026-03-13,2026-03-14,2026-03-14,Cerrada,4.0,1,0
OT-002277,A-0089,Zona Sur,C21,Preventiva,Mantención preventiva,2026-04-13,2026-04-13,2026-04-13,Cerrada,10.0,1,0
OT-002278,A-0089,Zona Sur,C21,Preventiva,Mantención preventiva,2026-05-13,2026-06-03,2026-06-03,Cerrada,3.5,1,0
OT-002279,A-0089,Zona Sur,C21,Preventiva,Mantención preventiva,2026-06-13,2026-06-17,2026-06-17,Cerrada,12.0,1,0
OT-002280,A-0089,Zona Sur,C21,Preventiva,Mantención preventiva,2026-07-13,2026-07-15,2026-07-15,Cerrada,6.0,1,0
OT-002281,A-0089,Zona Sur,C21,Preventiva,Mantención preventiva,2026-08-13,2026-08-29,2026-08-29,Cerrada,3.0,1,0
OT-002282,A-0089,Zona Sur,C21,Preventiva,Mantención preventiva,2026-09-13,2026-09-24,2026-09-24,Cerrada,2.0,1,0
OT-002283,A-0089,Zona Sur,C21,Preventiva,Mantención preventiva,2026-10-13,2026-10-17,2026-10-17,Cerrada,9.5,1,0
OT-002284,A-0089,Zona Sur,C21,Preventiva,Mantención preventiva,2026-11-13,2026-11-18,2026-11-18,Cerrada,9.0,1,0
OT-002285,A-0089,Zona Sur,C21,Preventiva,Mantención preventiva,2026-12-13,2026-12-14,2026-12-14,Cerrada,3.5,1,0
OT-002286,A-0089,Zona Sur,C21,Correctiva,Reparación correctiva,2025-04-16,2025-04-17,2025-04-18,Cerrada,7.5,7.5,37.9
OT-002287,A-0089,Zona Sur,C21,Correctiva,Reparación correctiva,2025-07-09,2025-07-10,2025-07-11,Cerrada,9.0,9.0,50.6
OT-002288,A-0089,Zona Sur,C21,Correctiva,Reparación correctiva,2026-07-19,2026-07-20,2026-07-20,Cerrada,5.0,5.0,22.2
OT-002289,A-0089,Zona Sur,C21,Correctiva,Reparación correctiva,2026-10-01,2026-10-02,2026-10-02,Cerrada,14.5,14.5,41.2
OT-002290,A-0090,Zona Sur,C21,Preventiva,Mantención preventiva,2025-01-06,2025-01-08,2025-01-08,Cerrada,8.0,1,0
OT-002291,A-0090,Zona Sur,C21,Preventiva,Mantención preventiva,2025-02-06,2025-03-18,2025-03-18,Cerrada,11.0,1,0
OT-002292,A-0090,Zona Sur,C21,Preventiva,Mantención preventiva,2025-03-06,,,Abierta,0,0,0
OT-002293,A-0090,Zona Sur,C21,Preventiva,Mantención preventiva,2025-04-06,2025-04-10,2025-04-10,Cerrada,7.5,1,0
OT-002294,A-0090,Zona Sur,C21,Preventiva,Mantención preventiva,2025-05-06,2025-05-10,2025-05-10,Cerrada,7.0,1,0
OT-002295,A-0090,Zona Sur,C21,Preventiva,Mantención preventiva,2025-06-06,2025-06-06,2025-06-06,Cerrada,8.5,1,0
OT-002296,A-0090,Zona Sur,C21,Preventiva,Mantención preventiva,2025-07-06,2025-07-09,2025-07-09,Cerrada,6.0,1,0
OT-002297,A-0090,Zona Sur,C21,Preventiva,Mantención preventiva,2025-08-06,2025-08-07,2025-08-07,Cerrada,6.5,1,0
OT-002298,A-0090,Zona Sur,C21,Preventiva,Mantención preventiva,2025-09-06,2025-09-07,2025-09-07,Cerrada,3.0,1,0
OT-002299,A-0090,Zona Sur,C21,Preventiva,Mantención preventiva,2025-10-06,,,Abierta,0,0,0
OT-002300,A-0090,Zona Sur,C21,Preventiva,Mantención preventiva,2025-11-06,2025-11-09,2025-11-09,Cerrada,3.5,1,0
OT-002301,A-0090,Zona Sur,C21,Preventiva,Mantención preventiva,2025-12-06,2025-12-08,2025-12-08,Cerrada,6.0,1,0
OT-002302,A-0090,Zona Sur,C21,Preventiva,Mantención preventiva,2026-01-06,2026-01-09,2026-01-09,Cerrada,7.0,1,0
OT-002303,A-0090,Zona Sur,C21,Preventiva,Mantención preventiva,2026-02-06,2026-02-12,2026-02-12,Cerrada,3.0,1,0
OT-002304,A-0090,Zona Sur,C21,Preventiva,Mantención preventiva,2026-03-06,2026-03-09,2026-03-09,Cerrada,4.5,1,0
OT-002305,A-0090,Zona Sur,C21,Preventiva,Mantención preventiva,2026-04-06,2026-04-12,2026-04-12,Cerrada,3.0,1,0
OT-002306,A-0090,Zona Sur,C21,Preventiva,Mantención preventiva,2026-05-06,2026-05-07,2026-05-07,Cerrada,2.5,1,0
OT-002307,A-0090,Zona Sur,C21,Preventiva,Mantención preventiva,2026-06-06,2026-06-09,2026-06-09,Cerrada,5.5,1,0
OT-002308,A-0090,Zona Sur,C21,Preventiva,Mantención preventiva,2026-07-06,2026-07-09,2026-07-09,Cerrada,2.0,1,0
OT-002309,A-0090,Zona Sur,C21,Preventiva,Mantención preventiva,2026-08-06,2026-08-09,2026-08-09,Cerrada,8.0,1,0
OT-002310,A-0090,Zona Sur,C21,Preventiva,Mantención preventiva,2026-09-06,2026-09-10,2026-09-10,Cerrada,3.0,1,0
OT-002311,A-0090,Zona Sur,C21,Preventiva,Mantención preventiva,2026-10-06,2026-10-12,2026-10-12,Cerrada,11.0,1,0
OT-002312,A-0090,Zona Sur,C21,Preventiva,Mantención preventiva,2026-11-06,2026-11-11,2026-11-11,Cerrada,3.5,1,0
OT-002313,A-0090,Zona Sur,C21,Preventiva,Mantención preventiva,2026-12-06,2026-12-09,2026-12-09,Cerrada,6.5,1,0
OT-002314,A-0090,Zona Sur,C21,Correctiva,Reparación correctiva,2025-09-13,2025-09-14,2025-09-15,Cerrada,25.0,25.0,62.2
OT-002315,A-0090,Zona Sur,C21,Correctiva,Reparación correctiva,2026-02-20,2026-02-22,2026-02-22,Cerrada,11.5,11.5,53.0
OT-002316,A-0090,Zona Sur,C21,Correctiva,Reparación correctiva,2026-02-21,2026-02-23,2026-02-23,Cerrada,15.0,15.0,48.3
OT-002317,A-0090,Zona Sur,C21,Correctiva,Reparación correctiva,2026-05-02,2026-05-03,2026-05-03,Cerrada,15.0,15.0,33.4
OT-002318,A-0091,Zona Norte,C22,Preventiva,Mantención preventiva,2025-01-10,2025-01-10,2025-01-10,Cerrada,7.5,1,0
OT-002319,A-0091,Zona Norte,C22,Preventiva,Mantención preventiva,2025-03-10,2025-03-16,2025-03-16,Cerrada,7.5,1,0
OT-002320,A-0091,Zona Norte,C22,Preventiva,Mantención preventiva,2025-05-10,2025-05-16,2025-05-16,Cerrada,3.0,1,0
OT-002321,A-0091,Zona Norte,C22,Preventiva,Mantención preventiva,2025-07-10,2025-07-15,2025-07-15,Cerrada,4.0,1,0
OT-002322,A-0091,Zona Norte,C22,Preventiva,Mantención preventiva,2025-09-10,2025-09-12,2025-09-12,Cerrada,2.5,1,0
OT-002323,A-0091,Zona Norte,C22,Preventiva,Mantención preventiva,2025-11-10,2025-11-12,2025-11-12,Cerrada,4.0,1,0
OT-002324,A-0091,Zona Norte,C22,Preventiva,Mantención preventiva,2026-01-10,2026-01-12,2026-01-12,Cerrada,3.0,1,0
OT-002325,A-0091,Zona Norte,C22,Preventiva,Mantención preventiva,2026-03-10,2026-03-16,2026-03-16,Cerrada,2.0,1,0
OT-002326,A-0091,Zona Norte,C22,Preventiva,Mantención preventiva,2026-05-10,2026-05-14,2026-05-14,Cerrada,4.5,1,0
OT-002327,A-0091,Zona Norte,C22,Preventiva,Mantención preventiva,2026-07-10,2026-07-16,2026-07-16,Cerrada,11.5,1,0
OT-002328,A-0091,Zona Norte,C22,Preventiva,Mantención preventiva,2026-09-10,2026-09-14,2026-09-14,Cerrada,2.5,1,0
OT-002329,A-0091,Zona Norte,C22,Preventiva,Mantención preventiva,2026-11-10,2026-11-15,2026-11-15,Cerrada,15.0,1,0
OT-002330,A-0091,Zona Norte,C22,Correctiva,Reparación correctiva,2025-02-05,2025-02-05,2025-02-05,Cerrada,3.5,3.5,9.8
OT-002331,A-0091,Zona Norte,C22,Correctiva,Reparación correctiva,2025-02-10,2025-02-10,2025-02-10,Cerrada,8.5,8.5,18.4
OT-002332,A-0091,Zona Norte,C22,Correctiva,Reparación correctiva,2025-03-24,2025-03-24,2025-03-25,Cerrada,7.5,7.5,12.3
OT-002333,A-0091,Zona Norte,C22,Correctiva,Reparación correctiva,2025-06-22,2025-06-23,2025-06-23,Cerrada,2.5,2.5,11.6
OT-002334,A-0091,Zona Norte,C22,Correctiva,Reparación correctiva,2025-09-25,2025-09-25,2025-09-26,Cerrada,15.5,15.5,20.7
OT-002335,A-0091,Zona Norte,C22,Correctiva,Reparación correctiva,2026-01-29,2026-01-29,2026-01-29,Cerrada,3.5,3.5,5.9
OT-002336,A-0091,Zona Norte,C22,Correctiva,Reparación correctiva,2026-07-20,2026-07-20,2026-07-21,Cerrada,4.5,4.5,13.2
OT-002337,A-0091,Zona Norte,C22,Correctiva,Reparación correctiva,2026-10-29,2026-10-29,2026-10-30,Cerrada,4.5,4.5,13.8
OT-002338,A-0092,Zona Norte,C22,Preventiva,Mantención preventiva,2025-01-01,2025-01-04,2025-01-04,Cerrada,4.5,1,0
OT-002339,A-0092,Zona Norte,C22,Preventiva,Mantención preventiva,2025-03-01,2025-03-04,2025-03-04,Cerrada,7.0,1,0
OT-002340,A-0092,Zona Norte,C22,Preventiva,Mantención preventiva,2025-05-01,2025-05-02,2025-05-02,Cerrada,5.5,1,0
OT-002341,A-0092,Zona Norte,C22,Preventiva,Mantención preventiva,2025-07-01,2025-07-02,2025-07-02,Cerrada,12.5,1,0
OT-002342,A-0092,Zona Norte,C22,Preventiva,Mantención preventiva,2025-09-01,2025-09-06,2025-09-06,Cerrada,3.5,1,0
OT-002343,A-0092,Zona Norte,C22,Preventiva,Mantención preventiva,2025-11-01,2025-11-01,2025-11-01,Cerrada,3.5,1,0
OT-002344,A-0092,Zona Norte,C22,Preventiva,Mantención preventiva,2026-01-01,2026-01-04,2026-01-04,Cerrada,2.0,1,0
OT-002345,A-0092,Zona Norte,C22,Preventiva,Mantención preventiva,2026-03-01,2026-03-01,2026-03-01,Cerrada,3.5,1,0
OT-002346,A-0092,Zona Norte,C22,Preventiva,Mantención preventiva,2026-05-01,2026-05-04,2026-05-04,Cerrada,6.0,1,0
OT-002347,A-0092,Zona Norte,C22,Preventiva,Mantención preventiva,2026-07-01,2026-07-03,2026-07-03,Cerrada,4.5,1,0
OT-002348,A-0092,Zona Norte,C22,Preventiva,Mantención preventiva,2026-09-01,2026-09-01,2026-09-01,Cerrada,4.5,1,0
OT-002349,A-0092,Zona Norte,C22,Preventiva,Mantención preventiva,2026-11-01,2026-11-04,2026-11-04,Cerrada,3.5,1,0
OT-002350,A-0092,Zona Norte,C22,Correctiva,Reparación correctiva,2025-01-31,2025-01-31,2025-02-01,Cerrada,2.5,2.5,13.6
OT-002351,A-0092,Zona Norte,C22,Correctiva,Reparación correctiva,2025-02-25,2025-02-25,2025-02-26,Cerrada,4.5,4.5,14.7
OT-002352,A-0092,Zona Norte,C22,Correctiva,Reparación correctiva,2025-04-17,2025-04-17,2025-04-17,Cerrada,3.0,3.0,6.7
OT-002353,A-0092,Zona Norte,C22,Correctiva,Reparación correctiva,2025-10-11,2025-10-12,2025-10-12,Cerrada,4.0,4.0,12.1
OT-002354,A-0092,Zona Norte,C22,Correctiva,Reparación correctiva,2025-10-12,2025-10-13,2025-10-13,Cerrada,8.0,8.0,17.2
OT-002355,A-0092,Zona Norte,C22,Correctiva,Reparación correctiva,2025-12-25,2025-12-25,2025-12-25,Cerrada,10.5,10.5,21.6
OT-002356,A-0092,Zona Norte,C22,Correctiva,Reparación correctiva,2026-02-26,2026-02-27,2026-02-27,Cerrada,5.0,5.0,12.2
OT-002357,A-0092,Zona Norte,C22,Correctiva,Reparación correctiva,2026-03-09,2026-03-09,2026-03-09,Cerrada,9.5,9.5,16.9
OT-002358,A-0092,Zona Norte,C22,Correctiva,Reparación correctiva,2026-06-14,2026-06-14,2026-06-14,Cerrada,5.0,5.0,16.1
OT-002359,A-0092,Zona Norte,C22,Correctiva,Reparación correctiva,2026-09-01,2026-09-01,2026-09-02,Cerrada,5.0,5.0,16.4
OT-002360,A-0092,Zona Norte,C22,Correctiva,Reparación correctiva,2026-09-11,2026-09-11,2026-09-11,Cerrada,2.0,2.0,7.0
OT-002361,A-0092,Zona Norte,C22,Correctiva,Reparación correctiva,2026-09-28,2026-09-28,2026-09-29,Cerrada,7.0,7.0,11.7
OT-002362,A-0092,Zona Norte,C22,Correctiva,Reparación correctiva,2026-12-18,2026-12-18,2026-12-19,Cerrada,14.5,14.5,19.2
OT-002363,A-0093,Zona Norte,C22,Preventiva,Mantención preventiva,2025-01-24,2025-01-28,2025-01-28,Cerrada,5.0,1,0
OT-002364,A-0093,Zona Norte,C22,Preventiva,Mantención preventiva,2025-03-24,2025-03-30,2025-03-30,Cerrada,3.5,1,0
OT-002365,A-0093,Zona Norte,C22,Preventiva,Mantención preventiva,2025-05-24,2025-05-24,2025-05-24,Cerrada,3.0,1,0
OT-002366,A-0093,Zona Norte,C22,Preventiva,Mantención preventiva,2025-07-24,2025-07-29,2025-07-29,Cerrada,5.0,1,0
OT-002367,A-0093,Zona Norte,C22,Preventiva,Mantención preventiva,2025-09-24,2025-09-25,2025-09-25,Cerrada,3.5,1,0
OT-002368,A-0093,Zona Norte,C22,Preventiva,Mantención preventiva,2025-11-24,2025-11-25,2025-11-25,Cerrada,10.0,1,0
OT-002369,A-0093,Zona Norte,C22,Preventiva,Mantención preventiva,2026-01-24,2026-01-28,2026-01-28,Cerrada,9.0,1,0
OT-002370,A-0093,Zona Norte,C22,Preventiva,Mantención preventiva,2026-03-24,2026-03-26,2026-03-26,Cerrada,4.0,1,0
OT-002371,A-0093,Zona Norte,C22,Preventiva,Mantención preventiva,2026-05-24,2026-05-25,2026-05-25,Cerrada,2.5,1,0
OT-002372,A-0093,Zona Norte,C22,Preventiva,Mantención preventiva,2026-07-24,2026-07-27,2026-07-27,Cerrada,4.5,1,0
OT-002373,A-0093,Zona Norte,C22,Preventiva,Mantención preventiva,2026-09-24,2026-09-30,2026-09-30,Cerrada,4.0,1,0
OT-002374,A-0093,Zona Norte,C22,Preventiva,Mantención preventiva,2026-11-24,2026-11-25,2026-11-25,Cerrada,2.0,1,0
OT-002375,A-0093,Zona Norte,C22,Correctiva,Reparación correctiva,2025-02-01,2025-02-02,2025-02-02,Cerrada,9.5,9.5,18.9
OT-002376,A-0093,Zona Norte,C22,Correctiva,Reparación correctiva,2025-06-04,2025-06-05,2025-06-05,Cerrada,3.0,3.0,7.7
OT-002377,A-0093,Zona Norte,C22,Correctiva,Reparación correctiva,2025-07-15,2025-07-15,2025-07-15,Cerrada,10.5,10.5,17.5
OT-002378,A-0093,Zona Norte,C22,Correctiva,Reparación correctiva,2025-08-21,2025-08-21,2025-08-21,Cerrada,7.5,7.5,14.3
OT-002379,A-0093,Zona Norte,C22,Correctiva,Reparación correctiva,2025-11-08,2025-11-09,2025-11-09,Cerrada,5.5,5.5,16.7
OT-002380,A-0093,Zona Norte,C22,Correctiva,Reparación correctiva,2025-11-16,2025-11-16,2025-11-17,Cerrada,6.0,6.0,8.1
OT-002381,A-0093,Zona Norte,C22,Correctiva,Reparación correctiva,2025-11-29,2025-11-30,2025-11-30,Cerrada,6.0,6.0,16.7
OT-002382,A-0093,Zona Norte,C22,Correctiva,Reparación correctiva,2026-01-13,2026-01-13,2026-01-14,Cerrada,11.0,11.0,14.4
OT-002383,A-0093,Zona Norte,C22,Correctiva,Reparación correctiva,2026-01-14,2026-01-14,2026-01-15,Cerrada,10.0,10.0,13.2
OT-002384,A-0093,Zona Norte,C22,Correctiva,Reparación correctiva,2026-02-06,2026-02-07,2026-02-07,Cerrada,6.5,6.5,17.4
OT-002385,A-0093,Zona Norte,C22,Correctiva,Reparación correctiva,2026-02-27,2026-02-27,2026-02-27,Cerrada,4.5,4.5,13.4
OT-002386,A-0093,Zona Norte,C22,Correctiva,Reparación correctiva,2026-04-06,2026-04-06,2026-04-07,Cerrada,3.0,3.0,7.1
OT-002387,A-0094,Zona Norte,C22,Preventiva,Mantención preventiva,2025-01-06,2025-01-12,2025-01-12,Cerrada,4.0,1,0
OT-002388,A-0094,Zona Norte,C22,Preventiva,Mantención preventiva,2025-03-06,2025-03-09,2025-03-09,Cerrada,3.5,1,0
OT-002389,A-0094,Zona Norte,C22,Preventiva,Mantención preventiva,2025-05-06,2025-05-10,2025-05-10,Cerrada,4.0,1,0
OT-002390,A-0094,Zona Norte,C22,Preventiva,Mantención preventiva,2025-07-06,2025-07-10,2025-07-10,Cerrada,2.5,1,0
OT-002391,A-0094,Zona Norte,C22,Preventiva,Mantención preventiva,2025-09-06,2025-09-07,2025-09-07,Cerrada,3.0,1,0
OT-002392,A-0094,Zona Norte,C22,Preventiva,Mantención preventiva,2025-11-06,2025-11-09,2025-11-09,Cerrada,5.0,1,0
OT-002393,A-0094,Zona Norte,C22,Preventiva,Mantención preventiva,2026-01-06,2026-01-09,2026-01-09,Cerrada,11.0,1,0
OT-002394,A-0094,Zona Norte,C22,Preventiva,Mantención preventiva,2026-03-06,2026-03-07,2026-03-07,Cerrada,6.0,1,0
OT-002395,A-0094,Zona Norte,C22,Preventiva,Mantención preventiva,2026-05-06,2026-05-06,2026-05-06,Cerrada,2.0,1,0
OT-002396,A-0094,Zona Norte,C22,Preventiva,Mantención preventiva,2026-07-06,2026-07-09,2026-07-09,Cerrada,2.0,1,0
OT-002397,A-0094,Zona Norte,C22,Preventiva,Mantención preventiva,2026-09-06,2026-09-08,2026-09-08,Cerrada,14.5,1,0
OT-002398,A-0094,Zona Norte,C22,Preventiva,Mantención preventiva,2026-11-06,2026-11-06,2026-11-06,Cerrada,3.0,1,0
OT-002399,A-0094,Zona Norte,C22,Correctiva,Reparación correctiva,2025-05-05,2025-05-05,2025-05-06,Cerrada,6.0,6.0,11.2
OT-002400,A-0094,Zona Norte,C22,Correctiva,Reparación correctiva,2025-07-10,2025-07-10,2025-07-10,Cerrada,6.0,6.0,11.3
OT-002401,A-0094,Zona Norte,C22,Correctiva,Reparación correctiva,2025-08-28,2025-08-28,2025-08-28,Cerrada,5.0,5.0,10.8
OT-002402,A-0094,Zona Norte,C22,Correctiva,Reparación correctiva,2025-09-19,2025-09-20,2025-09-20,Cerrada,7.5,7.5,14.7
OT-002403,A-0094,Zona Norte,C22,Correctiva,Reparación correctiva,2026-01-08,2026-01-09,2026-01-10,Cerrada,21.0,21.0,32.6
OT-002404,A-0094,Zona Norte,C22,Correctiva,Reparación correctiva,2026-02-26,2026-02-27,2026-02-27,Cerrada,14.5,14.5,21.4
OT-002405,A-0094,Zona Norte,C22,Correctiva,Reparación correctiva,2026-04-16,2026-04-17,2026-04-17,Cerrada,5.0,5.0,11.4
OT-002406,A-0094,Zona Norte,C22,Correctiva,Reparación correctiva,2026-05-14,2026-05-14,2026-05-14,Cerrada,11.0,11.0,17.7
OT-002407,A-0094,Zona Norte,C22,Correctiva,Reparación correctiva,2026-05-28,2026-05-29,2026-05-29,Cerrada,5.5,5.5,13.1
OT-002408,A-0094,Zona Norte,C22,Correctiva,Reparación correctiva,2026-08-19,2026-08-19,2026-08-19,Cerrada,5.5,5.5,7.6
OT-002409,A-0094,Zona Norte,C22,Correctiva,Reparación correctiva,2026-08-20,2026-08-20,2026-08-20,Cerrada,3.5,3.5,8.6
OT-002410,A-0094,Zona Norte,C22,Correctiva,Reparación correctiva,2026-09-06,2026-09-07,2026-09-07,Cerrada,6.5,6.5,17.7
OT-002411,A-0094,Zona Norte,C22,Correctiva,Reparación correctiva,2026-09-26,2026-09-26,2026-09-26,Cerrada,3.0,3.0,9.8
OT-002412,A-0095,Zona Norte,C22,Preventiva,Mantención preventiva,2025-01-28,2025-01-31,2025-01-31,Cerrada,4.0,1,0
OT-002413,A-0095,Zona Norte,C22,Preventiva,Mantención preventiva,2025-03-28,2025-04-03,2025-04-03,Cerrada,4.5,1,0
OT-002414,A-0095,Zona Norte,C22,Preventiva,Mantención preventiva,2025-05-28,2025-06-01,2025-06-01,Cerrada,6.5,1,0
OT-002415,A-0095,Zona Norte,C22,Preventiva,Mantención preventiva,2025-07-28,2025-08-03,2025-08-03,Cerrada,6.0,1,0
OT-002416,A-0095,Zona Norte,C22,Preventiva,Mantención preventiva,2025-09-28,2025-10-03,2025-10-03,Cerrada,2.0,1,0
OT-002417,A-0095,Zona Norte,C22,Preventiva,Mantención preventiva,2025-11-28,2025-12-04,2025-12-04,Cerrada,21.5,1,0
OT-002418,A-0095,Zona Norte,C22,Preventiva,Mantención preventiva,2026-01-28,2026-01-29,2026-01-29,Cerrada,11.0,1,0
OT-002419,A-0095,Zona Norte,C22,Preventiva,Mantención preventiva,2026-03-28,2026-04-05,2026-04-05,Cerrada,8.5,1,0
OT-002420,A-0095,Zona Norte,C22,Preventiva,Mantención preventiva,2026-05-28,2026-06-02,2026-06-02,Cerrada,5.5,1,0
OT-002421,A-0095,Zona Norte,C22,Preventiva,Mantención preventiva,2026-07-28,2026-07-29,2026-07-29,Cerrada,4.0,1,0
OT-002422,A-0095,Zona Norte,C22,Preventiva,Mantención preventiva,2026-09-28,2026-10-02,2026-10-02,Cerrada,3.5,1,0
OT-002423,A-0095,Zona Norte,C22,Preventiva,Mantención preventiva,2026-11-28,2026-11-28,2026-11-28,Cerrada,3.0,1,0
OT-002424,A-0095,Zona Norte,C22,Correctiva,Reparación correctiva,2025-01-08,2025-01-08,2025-01-09,Cerrada,9.5,9.5,16.2
OT-002425,A-0095,Zona Norte,C22,Correctiva,Reparación correctiva,2025-01-13,2025-01-14,2025-01-14,Cerrada,7.0,7.0,12.2
OT-002426,A-0095,Zona Norte,C22,Correctiva,Reparación correctiva,2025-01-25,2025-01-25,2025-01-25,Cerrada,7.5,7.5,9.6
OT-002427,A-0095,Zona Norte,C22,Correctiva,Reparación correctiva,2025-05-30,2025-05-31,2025-05-31,Cerrada,3.5,3.5,14.9
OT-002428,A-0095,Zona Norte,C22,Correctiva,Reparación correctiva,2025-11-18,2025-11-18,2025-11-19,Cerrada,14.5,14.5,25.1
OT-002429,A-0095,Zona Norte,C22,Correctiva,Reparación correctiva,2025-12-10,2025-12-10,2025-12-11,Cerrada,4.5,4.5,10.3
OT-002430,A-0095,Zona Norte,C22,Correctiva,Reparación correctiva,2026-01-29,2026-01-29,2026-01-30,Cerrada,9.5,9.5,15.6
OT-002431,A-0095,Zona Norte,C22,Correctiva,Reparación correctiva,2026-02-12,2026-02-12,2026-02-12,Cerrada,4.0,4.0,15.8
OT-002432,A-0095,Zona Norte,C22,Correctiva,Reparación correctiva,2026-02-17,2026-02-18,2026-02-18,Cerrada,3.5,3.5,9.1
OT-002433,A-0095,Zona Norte,C22,Correctiva,Reparación correctiva,2026-04-03,2026-04-03,2026-04-03,Cerrada,7.5,7.5,17.8
OT-002434,A-0095,Zona Norte,C22,Correctiva,Reparación correctiva,2026-09-29,2026-09-29,2026-09-30,Cerrada,3.0,3.0,10.9
OT-002435,A-0096,Zona Norte,C22,Preventiva,Mantención preventiva,2025-02-12,2025-02-17,2025-02-17,Cerrada,6.0,1,0
OT-002436,A-0096,Zona Norte,C22,Preventiva,Mantención preventiva,2025-04-12,2025-04-16,2025-04-16,Cerrada,5.0,1,0
OT-002437,A-0096,Zona Norte,C22,Preventiva,Mantención preventiva,2025-06-12,2025-06-16,2025-06-16,Cerrada,6.0,1,0
OT-002438,A-0096,Zona Norte,C22,Preventiva,Mantención preventiva,2025-08-12,2025-08-12,2025-08-12,Cerrada,10.0,1,0
OT-002439,A-0096,Zona Norte,C22,Preventiva,Mantención preventiva,2025-10-12,2025-10-15,2025-10-15,Cerrada,2.0,1,0
OT-002440,A-0096,Zona Norte,C22,Preventiva,Mantención preventiva,2025-12-12,2025-12-15,2025-12-15,Cerrada,19.5,1,0
OT-002441,A-0096,Zona Norte,C22,Preventiva,Mantención preventiva,2026-02-12,2026-02-12,2026-02-12,Cerrada,11.0,1,0
OT-002442,A-0096,Zona Norte,C22,Preventiva,Mantención preventiva,2026-04-12,2026-04-15,2026-04-15,Cerrada,4.0,1,0
OT-002443,A-0096,Zona Norte,C22,Preventiva,Mantención preventiva,2026-06-12,2026-06-13,2026-06-13,Cerrada,7.5,1,0
OT-002444,A-0096,Zona Norte,C22,Preventiva,Mantención preventiva,2026-08-12,2026-08-13,2026-08-13,Cerrada,6.5,1,0
OT-002445,A-0096,Zona Norte,C22,Preventiva,Mantención preventiva,2026-10-12,2026-10-16,2026-10-16,Cerrada,5.0,1,0
OT-002446,A-0096,Zona Norte,C22,Preventiva,Mantención preventiva,2026-12-12,2026-12-18,2026-12-18,Cerrada,2.0,1,0
OT-002447,A-0096,Zona Norte,C22,Correctiva,Reparación correctiva,2025-02-25,2025-02-25,2025-02-25,Cerrada,5.5,5.5,12.3
OT-002448,A-0096,Zona Norte,C22,Correctiva,Reparación correctiva,2025-08-02,2025-08-02,2025-08-03,Cerrada,3.0,3.0,7.3
OT-002449,A-0096,Zona Norte,C22,Correctiva,Reparación correctiva,2025-08-21,2025-08-21,2025-08-22,Cerrada,6.5,6.5,14.3
OT-002450,A-0096,Zona Norte,C22,Correctiva,Reparación correctiva,2025-09-01,2025-09-01,2025-09-02,Cerrada,8.0,8.0,13.0
OT-002451,A-0096,Zona Norte,C22,Correctiva,Reparación correctiva,2025-10-16,2025-10-16,2025-10-16,Cerrada,6.5,6.5,18.0
OT-002452,A-0096,Zona Norte,C22,Correctiva,Reparación correctiva,2025-12-20,2025-12-20,2025-12-21,Cerrada,8.5,8.5,18.4
OT-002453,A-0096,Zona Norte,C22,Correctiva,Reparación correctiva,2026-01-14,2026-01-15,2026-01-15,Cerrada,5.5,5.5,11.5
OT-002454,A-0096,Zona Norte,C22,Correctiva,Reparación correctiva,2026-01-28,2026-01-28,2026-01-28,Cerrada,5.0,5.0,8.7
OT-002455,A-0096,Zona Norte,C22,Correctiva,Reparación correctiva,2026-05-25,2026-05-25,2026-05-25,Cerrada,7.5,7.5,13.9
OT-002456,A-0096,Zona Norte,C22,Correctiva,Reparación correctiva,2026-07-12,2026-07-13,2026-07-13,Cerrada,2.5,2.5,12.3
OT-002457,A-0096,Zona Norte,C22,Correctiva,Reparación correctiva,2026-08-12,2026-08-12,2026-08-12,Cerrada,6.0,6.0,10.1
OT-002458,A-0096,Zona Norte,C22,Correctiva,Reparación correctiva,2026-09-18,2026-09-18,2026-09-19,Cerrada,11.5,11.5,15.9
OT-002459,A-0096,Zona Norte,C22,Correctiva,Reparación correctiva,2026-10-11,2026-10-11,2026-10-12,Cerrada,5.0,5.0,16.4
OT-002460,A-0096,Zona Norte,C22,Correctiva,Reparación correctiva,2026-10-31,2026-10-31,2026-11-01,Cerrada,14.5,14.5,23.2
OT-002461,A-0096,Zona Norte,C22,Correctiva,Reparación correctiva,2026-12-16,2026-12-16,2026-12-16,Cerrada,4.0,4.0,9.5
OT-002462,A-0097,Zona Centro,C22,Preventiva,Mantención preventiva,2025-01-20,2025-01-23,2025-01-23,Cerrada,13.0,1,0
OT-002463,A-0097,Zona Centro,C22,Preventiva,Mantención preventiva,2025-03-20,2025-03-21,2025-03-21,Cerrada,2.5,1,0
OT-002464,A-0097,Zona Centro,C22,Preventiva,Mantención preventiva,2025-05-20,2025-05-23,2025-05-23,Cerrada,5.5,1,0
OT-002465,A-0097,Zona Centro,C22,Preventiva,Mantención preventiva,2025-07-20,2025-07-23,2025-07-23,Cerrada,6.0,1,0
OT-002466,A-0097,Zona Centro,C22,Preventiva,Mantención preventiva,2025-09-20,2025-09-23,2025-09-23,Cerrada,2.5,1,0
OT-002467,A-0097,Zona Centro,C22,Preventiva,Mantención preventiva,2025-11-20,2025-11-20,2025-11-20,Cerrada,4.0,1,0
OT-002468,A-0097,Zona Centro,C22,Preventiva,Mantención preventiva,2026-01-20,2026-01-20,2026-01-20,Cerrada,5.5,1,0
OT-002469,A-0097,Zona Centro,C22,Preventiva,Mantención preventiva,2026-03-20,2026-03-21,2026-03-21,Cerrada,3.0,1,0
OT-002470,A-0097,Zona Centro,C22,Preventiva,Mantención preventiva,2026-05-20,2026-05-23,2026-05-23,Cerrada,5.5,1,0
OT-002471,A-0097,Zona Centro,C22,Preventiva,Mantención preventiva,2026-07-20,2026-07-23,2026-07-23,Cerrada,2.5,1,0
OT-002472,A-0097,Zona Centro,C22,Preventiva,Mantención preventiva,2026-09-20,2026-09-26,2026-09-26,Cerrada,9.5,1,0
OT-002473,A-0097,Zona Centro,C22,Preventiva,Mantención preventiva,2026-11-20,2026-11-25,2026-11-25,Cerrada,3.0,1,0
OT-002474,A-0097,Zona Centro,C22,Correctiva,Reparación correctiva,2025-01-28,2025-01-28,2025-01-28,Cerrada,4.5,4.5,14.4
OT-002475,A-0097,Zona Centro,C22,Correctiva,Reparación correctiva,2025-02-07,2025-02-07,2025-02-07,Cerrada,16.5,16.5,21.9
OT-002476,A-0097,Zona Centro,C22,Correctiva,Reparación correctiva,2025-02-20,2025-02-20,2025-02-21,Cerrada,9.0,9.0,19.1
OT-002477,A-0097,Zona Centro,C22,Correctiva,Reparación correctiva,2025-02-23,2025-02-23,2025-02-23,Cerrada,3.0,3.0,7.8
OT-002478,A-0097,Zona Centro,C22,Correctiva,Reparación correctiva,2025-03-22,2025-03-23,2025-03-23,Cerrada,7.5,7.5,18.4
OT-002479,A-0097,Zona Centro,C22,Correctiva,Reparación correctiva,2025-04-16,2025-04-16,2025-04-17,Cerrada,11.5,11.5,16.5
OT-002480,A-0097,Zona Centro,C22,Correctiva,Reparación correctiva,2025-04-28,2025-04-28,2025-04-28,Cerrada,3.0,3.0,8.6
OT-002481,A-0097,Zona Centro,C22,Correctiva,Reparación correctiva,2025-06-27,2025-06-28,2025-06-28,Cerrada,5.0,5.0,13.0
OT-002482,A-0097,Zona Centro,C22,Correctiva,Reparación correctiva,2025-09-16,2025-09-16,2025-09-16,Cerrada,11.0,11.0,15.5
OT-002483,A-0097,Zona Centro,C22,Correctiva,Reparación correctiva,2025-10-20,2025-10-20,2025-10-20,Cerrada,1.5,1.5,6.2
OT-002484,A-0097,Zona Centro,C22,Correctiva,Reparación correctiva,2026-02-05,2026-02-05,2026-02-05,Cerrada,6.5,6.5,15.8
OT-002485,A-0097,Zona Centro,C22,Correctiva,Reparación correctiva,2026-02-10,2026-02-10,2026-02-11,Cerrada,18.0,18.0,23.7
OT-002486,A-0097,Zona Centro,C22,Correctiva,Reparación correctiva,2026-03-10,2026-03-11,2026-03-11,Cerrada,9.0,9.0,20.8
OT-002487,A-0097,Zona Centro,C22,Correctiva,Reparación correctiva,2026-03-12,2026-03-12,2026-03-12,Cerrada,3.0,3.0,14.5
OT-002488,A-0097,Zona Centro,C22,Correctiva,Reparación correctiva,2026-07-18,2026-07-19,2026-07-19,Cerrada,5.5,5.5,15.9
OT-002489,A-0097,Zona Centro,C22,Correctiva,Reparación correctiva,2026-07-31,2026-07-31,2026-08-01,Cerrada,4.0,4.0,8.6
OT-002490,A-0097,Zona Centro,C22,Correctiva,Reparación correctiva,2026-11-24,2026-11-24,2026-11-24,Cerrada,9.5,9.5,13.9
OT-002491,A-0098,Zona Centro,C22,Preventiva,Mantención preventiva,2025-02-09,2025-02-15,2025-02-15,Cerrada,2.5,1,0
OT-002492,A-0098,Zona Centro,C22,Preventiva,Mantención preventiva,2025-04-09,2025-04-12,2025-04-12,Cerrada,3.0,1,0
OT-002493,A-0098,Zona Centro,C22,Preventiva,Mantención preventiva,2025-06-09,2025-06-12,2025-06-12,Cerrada,5.5,1,0
OT-002494,A-0098,Zona Centro,C22,Preventiva,Mantención preventiva,2025-08-09,2025-08-15,2025-08-15,Cerrada,8.5,1,0
OT-002495,A-0098,Zona Centro,C22,Preventiva,Mantención preventiva,2025-10-09,2025-10-09,2025-10-09,Cerrada,5.5,1,0
OT-002496,A-0098,Zona Centro,C22,Preventiva,Mantención preventiva,2025-12-09,2025-12-14,2025-12-14,Cerrada,13.5,1,0
OT-002497,A-0098,Zona Centro,C22,Preventiva,Mantención preventiva,2026-02-09,2026-02-14,2026-02-14,Cerrada,5.0,1,0
OT-002498,A-0098,Zona Centro,C22,Preventiva,Mantención preventiva,2026-04-09,2026-04-13,2026-04-13,Cerrada,2.0,1,0
OT-002499,A-0098,Zona Centro,C22,Preventiva,Mantención preventiva,2026-06-09,2026-06-12,2026-06-12,Cerrada,4.5,1,0
OT-002500,A-0098,Zona Centro,C22,Preventiva,Mantención preventiva,2026-08-09,2026-08-12,2026-08-12,Cerrada,5.5,1,0
OT-002501,A-0098,Zona Centro,C22,Preventiva,Mantención preventiva,2026-10-09,2026-10-10,2026-10-10,Cerrada,7.0,1,0
OT-002502,A-0098,Zona Centro,C22,Preventiva,Mantención preventiva,2026-12-09,2026-12-15,2026-12-15,Cerrada,2.5,1,0
OT-002503,A-0098,Zona Centro,C22,Correctiva,Reparación correctiva,2025-01-02,2025-01-03,2025-01-03,Cerrada,3.5,3.5,11.7
OT-002504,A-0098,Zona Centro,C22,Correctiva,Reparación correctiva,2025-02-05,2025-02-06,2025-02-06,Cerrada,6.5,6.5,18.5
OT-002505,A-0098,Zona Centro,C22,Correctiva,Reparación correctiva,2025-02-21,2025-02-22,2025-02-22,Cerrada,2.5,2.5,13.7
OT-002506,A-0098,Zona Centro,C22,Correctiva,Reparación correctiva,2025-06-15,2025-06-15,2025-06-15,Cerrada,6.5,6.5,9.5
OT-002507,A-0098,Zona Centro,C22,Correctiva,Reparación correctiva,2025-06-25,2025-06-26,2025-06-26,Cerrada,8.5,8.5,18.3
OT-002508,A-0098,Zona Centro,C22,Correctiva,Reparación correctiva,2025-07-27,2025-07-27,2025-07-27,Cerrada,5.0,5.0,14.5
OT-002509,A-0098,Zona Centro,C22,Correctiva,Reparación correctiva,2025-08-19,2025-08-19,2025-08-19,Cerrada,4.0,4.0,9.6
OT-002510,A-0098,Zona Centro,C22,Correctiva,Reparación correctiva,2025-09-18,2025-09-18,2025-09-18,Cerrada,6.0,6.0,16.6
OT-002511,A-0098,Zona Centro,C22,Correctiva,Reparación correctiva,2026-01-01,2026-01-01,2026-01-01,Cerrada,10.0,10.0,16.5
OT-002512,A-0098,Zona Centro,C22,Correctiva,Reparación correctiva,2026-01-21,2026-01-21,2026-01-22,Cerrada,4.5,4.5,11.8
OT-002513,A-0098,Zona Centro,C22,Correctiva,Reparación correctiva,2026-02-02,2026-02-02,2026-02-02,Cerrada,4.5,4.5,15.6
OT-002514,A-0098,Zona Centro,C22,Correctiva,Reparación correctiva,2026-09-09,2026-09-09,2026-09-10,Cerrada,8.5,8.5,14.6
OT-002515,A-0098,Zona Centro,C22,Correctiva,Reparación correctiva,2026-09-18,2026-09-18,2026-09-19,Cerrada,5.0,5.0,13.2
OT-002516,A-0098,Zona Centro,C22,Correctiva,Reparación correctiva,2026-11-08,2026-11-08,2026-11-08,Cerrada,3.5,3.5,10.2
OT-002517,A-0099,Zona Centro,C22,Preventiva,Mantención preventiva,2025-02-18,2025-02-19,2025-02-19,Cerrada,6.5,1,0
OT-002518,A-0099,Zona Centro,C22,Preventiva,Mantención preventiva,2025-04-18,2025-04-24,2025-04-24,Cerrada,2.5,1,0
OT-002519,A-0099,Zona Centro,C22,Preventiva,Mantención preventiva,2025-06-18,2025-06-19,2025-06-19,Cerrada,3.5,1,0
OT-002520,A-0099,Zona Centro,C22,Preventiva,Mantención preventiva,2025-08-18,2025-08-19,2025-08-19,Cerrada,5.0,1,0
OT-002521,A-0099,Zona Centro,C22,Preventiva,Mantención preventiva,2025-10-18,2025-10-21,2025-10-21,Cerrada,10.5,1,0
OT-002522,A-0099,Zona Centro,C22,Preventiva,Mantención preventiva,2025-12-18,2025-12-22,2025-12-22,Cerrada,7.0,1,0
OT-002523,A-0099,Zona Centro,C22,Preventiva,Mantención preventiva,2026-02-18,2026-02-18,2026-02-18,Cerrada,15.0,1,0
OT-002524,A-0099,Zona Centro,C22,Preventiva,Mantención preventiva,2026-04-18,,,Abierta,0,0,0
OT-002525,A-0099,Zona Centro,C22,Preventiva,Mantención preventiva,2026-06-18,2026-06-18,2026-06-18,Cerrada,9.5,1,0
OT-002526,A-0099,Zona Centro,C22,Preventiva,Mantención preventiva,2026-08-18,2026-08-22,2026-08-22,Cerrada,6.0,1,0
OT-002527,A-0099,Zona Centro,C22,Preventiva,Mantención preventiva,2026-10-18,2026-10-21,2026-10-21,Cerrada,5.5,1,0
OT-002528,A-0099,Zona Centro,C22,Preventiva,Mantención preventiva,2026-12-18,2026-12-22,2026-12-22,Cerrada,5.5,1,0
OT-002529,A-0099,Zona Centro,C22,Correctiva,Reparación correctiva,2025-04-03,2025-04-04,2025-04-04,Cerrada,8.5,8.5,11.5
OT-002530,A-0099,Zona Centro,C22,Correctiva,Reparación correctiva,2025-06-19,2025-06-19,2025-06-20,Cerrada,7.0,7.0,12.7
OT-002531,A-0099,Zona Centro,C22,Correctiva,Reparación correctiva,2025-07-06,2025-07-06,2025-07-06,Cerrada,4.5,4.5,11.3
OT-002532,A-0099,Zona Centro,C22,Correctiva,Reparación correctiva,2025-09-15,2025-09-15,2025-09-16,Cerrada,13.5,13.5,20.1
OT-002533,A-0099,Zona Centro,C22,Correctiva,Reparación correctiva,2025-12-09,2025-12-09,2025-12-09,Cerrada,8.0,8.0,13.4
OT-002534,A-0099,Zona Centro,C22,Correctiva,Reparación correctiva,2026-01-14,2026-01-14,2026-01-14,Cerrada,3.0,3.0,7.6
OT-002535,A-0099,Zona Centro,C22,Correctiva,Reparación correctiva,2026-01-15,2026-01-16,2026-01-16,Cerrada,7.5,7.5,18.3
OT-002536,A-0099,Zona Centro,C22,Correctiva,Reparación correctiva,2026-02-06,2026-02-07,2026-02-07,Cerrada,6.5,6.5,15.7
OT-002537,A-0099,Zona Centro,C22,Correctiva,Reparación correctiva,2026-04-22,2026-04-23,2026-04-23,Cerrada,2.5,2.5,11.2
OT-002538,A-0099,Zona Centro,C22,Correctiva,Reparación correctiva,2026-08-18,2026-08-18,2026-08-18,Cerrada,6.5,6.5,11.1
OT-002539,A-0099,Zona Centro,C22,Correctiva,Reparación correctiva,2026-08-19,2026-08-19,2026-08-19,Cerrada,6.5,6.5,12.1
OT-002540,A-0099,Zona Centro,C22,Correctiva,Reparación correctiva,2026-10-01,2026-10-02,2026-10-02,Cerrada,8.5,8.5,15.3
OT-002541,A-0099,Zona Centro,C22,Correctiva,Reparación correctiva,2026-11-12,2026-11-12,2026-11-12,Cerrada,1.5,1.5,8.7
OT-002542,A-0100,Zona Centro,C22,Preventiva,Mantención preventiva,2025-02-06,2025-02-09,2025-02-09,Cerrada,3.5,1,0
OT-002543,A-0100,Zona Centro,C22,Preventiva,Mantención preventiva,2025-04-06,2025-04-08,2025-04-08,Cerrada,6.5,1,0
OT-002544,A-0100,Zona Centro,C22,Preventiva,Mantención preventiva,2025-06-06,2025-06-07,2025-06-07,Cerrada,3.5,1,0
OT-002545,A-0100,Zona Centro,C22,Preventiva,Mantención preventiva,2025-08-06,2025-08-06,2025-08-06,Cerrada,7.5,1,0
OT-002546,A-0100,Zona Centro,C22,Preventiva,Mantención preventiva,2025-10-06,2025-10-07,2025-10-07,Cerrada,4.0,1,0
OT-002547,A-0100,Zona Centro,C22,Preventiva,Mantención preventiva,2025-12-06,2025-12-08,2025-12-08,Cerrada,4.5,1,0
OT-002548,A-0100,Zona Centro,C22,Preventiva,Mantención preventiva,2026-02-06,2026-02-19,2026-02-19,Cerrada,4.5,1,0
OT-002549,A-0100,Zona Centro,C22,Preventiva,Mantención preventiva,2026-04-06,2026-04-11,2026-04-11,Cerrada,6.5,1,0
OT-002550,A-0100,Zona Centro,C22,Preventiva,Mantención preventiva,2026-06-06,2026-06-07,2026-06-07,Cerrada,4.5,1,0
OT-002551,A-0100,Zona Centro,C22,Preventiva,Mantención preventiva,2026-08-06,2026-08-12,2026-08-12,Cerrada,2.5,1,0
OT-002552,A-0100,Zona Centro,C22,Preventiva,Mantención preventiva,2026-10-06,2026-10-07,2026-10-07,Cerrada,5.0,1,0
OT-002553,A-0100,Zona Centro,C22,Preventiva,Mantención preventiva,2026-12-06,2026-12-10,2026-12-10,Cerrada,6.0,1,0
OT-002554,A-0100,Zona Centro,C22,Correctiva,Reparación correctiva,2025-02-09,2025-02-09,2025-02-09,Cerrada,6.0,6.0,12.4
OT-002555,A-0100,Zona Centro,C22,Correctiva,Reparación correctiva,2025-04-03,2025-04-03,2025-04-03,Cerrada,3.0,3.0,11.0
OT-002556,A-0100,Zona Centro,C22,Correctiva,Reparación correctiva,2025-06-18,2025-06-19,2025-06-19,Cerrada,8.5,8.5,14.9
OT-002557,A-0100,Zona Centro,C22,Correctiva,Reparación correctiva,2025-08-18,2025-08-18,2025-08-18,Cerrada,5.5,5.5,15.1
OT-002558,A-0100,Zona Centro,C22,Correctiva,Reparación correctiva,2025-10-17,2025-10-17,2025-10-17,Cerrada,6.0,6.0,11.3
OT-002559,A-0100,Zona Centro,C22,Correctiva,Reparación correctiva,2025-12-18,2025-12-18,2025-12-18,Cerrada,6.5,6.5,11.1
OT-002560,A-0100,Zona Centro,C22,Correctiva,Reparación correctiva,2026-02-24,2026-02-24,2026-02-24,Cerrada,7.0,7.0,14.0
OT-002561,A-0100,Zona Centro,C22,Correctiva,Reparación correctiva,2026-05-20,2026-05-20,2026-05-20,Cerrada,6.0,6.0,9.8
OT-002562,A-0100,Zona Centro,C22,Correctiva,Reparación correctiva,2026-05-31,2026-06-01,2026-06-01,Cerrada,7.0,7.0,16.6
OT-002563,A-0100,Zona Centro,C22,Correctiva,Reparación correctiva,2026-09-27,2026-09-27,2026-09-28,Cerrada,16.5,16.5,21.9
OT-002564,A-0100,Zona Centro,C22,Correctiva,Reparación correctiva,2026-10-10,2026-10-10,2026-10-10,Cerrada,4.0,4.0,7.1
OT-002565,A-0100,Zona Centro,C22,Correctiva,Reparación correctiva,2026-11-01,2026-11-01,2026-11-02,Cerrada,5.5,5.5,15.2
OT-002566,A-0101,Zona Centro,C22,Preventiva,Mantención preventiva,2025-01-19,2025-01-21,2025-01-21,Cerrada,5.0,1,0
OT-002567,A-0101,Zona Centro,C22,Preventiva,Mantención preventiva,2025-03-19,2025-04-26,2025-04-26,Cerrada,8.5,1,0
OT-002568,A-0101,Zona Centro,C22,Preventiva,Mantención preventiva,2025-05-19,2025-05-21,2025-05-21,Cerrada,3.0,1,0
OT-002569,A-0101,Zona Centro,C22,Preventiva,Mantención preventiva,2025-07-19,2025-08-15,2025-08-15,Cerrada,3.5,1,0
OT-002570,A-0101,Zona Centro,C22,Preventiva,Mantención preventiva,2025-09-19,2025-09-25,2025-09-25,Cerrada,6.5,1,0
OT-002571,A-0101,Zona Centro,C22,Preventiva,Mantención preventiva,2025-11-19,2025-11-22,2025-11-22,Cerrada,3.5,1,0
OT-002572,A-0101,Zona Centro,C22,Preventiva,Mantención preventiva,2026-01-19,2026-01-22,2026-01-22,Cerrada,5.5,1,0
OT-002573,A-0101,Zona Centro,C22,Preventiva,Mantención preventiva,2026-03-19,2026-03-21,2026-03-21,Cerrada,4.0,1,0
OT-002574,A-0101,Zona Centro,C22,Preventiva,Mantención preventiva,2026-05-19,2026-05-24,2026-05-24,Cerrada,3.0,1,0
OT-002575,A-0101,Zona Centro,C22,Preventiva,Mantención preventiva,2026-07-19,2026-07-25,2026-07-25,Cerrada,3.5,1,0
OT-002576,A-0101,Zona Centro,C22,Preventiva,Mantención preventiva,2026-09-19,2026-09-24,2026-09-24,Cerrada,4.0,1,0
OT-002577,A-0101,Zona Centro,C22,Preventiva,Mantención preventiva,2026-11-19,2026-11-19,2026-11-19,Cerrada,6.5,1,0
OT-002578,A-0101,Zona Centro,C22,Correctiva,Reparación correctiva,2025-07-12,2025-07-13,2025-07-13,Cerrada,6.5,6.5,15.6
OT-002579,A-0101,Zona Centro,C22,Correctiva,Reparación correctiva,2025-07-16,2025-07-16,2025-07-16,Cerrada,6.5,6.5,11.9
OT-002580,A-0101,Zona Centro,C22,Correctiva,Reparación correctiva,2025-08-05,2025-08-05,2025-08-05,Cerrada,7.5,7.5,14.2
OT-002581,A-0101,Zona Centro,C22,Correctiva,Reparación correctiva,2025-09-23,2025-09-24,2025-09-24,Cerrada,4.0,4.0,10.4
OT-002582,A-0101,Zona Centro,C22,Correctiva,Reparación correctiva,2025-11-27,2025-11-27,2025-11-28,Cerrada,16.0,16.0,23.6
OT-002583,A-0101,Zona Centro,C22,Correctiva,Reparación correctiva,2025-12-06,2025-12-07,2025-12-07,Cerrada,19.5,19.5,29.2
OT-002584,A-0101,Zona Centro,C22,Correctiva,Reparación correctiva,2026-02-25,2026-02-25,2026-02-25,Cerrada,3.5,3.5,15.1
OT-002585,A-0101,Zona Centro,C22,Correctiva,Reparación correctiva,2026-05-18,2026-05-19,2026-05-19,Cerrada,5.0,5.0,9.1
OT-002586,A-0101,Zona Centro,C22,Correctiva,Reparación correctiva,2026-06-14,2026-06-14,2026-06-15,Cerrada,11.0,11.0,15.0
OT-002587,A-0101,Zona Centro,C22,Correctiva,Reparación correctiva,2026-08-09,2026-08-09,2026-08-09,Cerrada,2.5,2.5,13.8
OT-002588,A-0101,Zona Centro,C22,Correctiva,Reparación correctiva,2026-09-11,2026-09-12,2026-09-12,Cerrada,4.5,4.5,14.6
OT-002589,A-0102,Zona Centro,C22,Preventiva,Mantención preventiva,2025-02-26,2025-02-28,2025-02-28,Cerrada,5.0,1,0
OT-002590,A-0102,Zona Centro,C22,Preventiva,Mantención preventiva,2025-04-26,2025-04-30,2025-04-30,Cerrada,2.0,1,0
OT-002591,A-0102,Zona Centro,C22,Preventiva,Mantención preventiva,2025-06-26,2025-06-27,2025-06-27,Cerrada,12.0,1,0
OT-002592,A-0102,Zona Centro,C22,Preventiva,Mantención preventiva,2025-08-26,2025-08-28,2025-08-28,Cerrada,3.0,1,0
OT-002593,A-0102,Zona Centro,C22,Preventiva,Mantención preventiva,2025-10-26,,,Abierta,0,0,0
OT-002594,A-0102,Zona Centro,C22,Preventiva,Mantención preventiva,2025-12-26,2025-12-28,2025-12-28,Cerrada,3.0,1,0
OT-002595,A-0102,Zona Centro,C22,Preventiva,Mantención preventiva,2026-02-26,2026-03-04,2026-03-04,Cerrada,4.0,1,0
OT-002596,A-0102,Zona Centro,C22,Preventiva,Mantención preventiva,2026-04-26,2026-04-29,2026-04-29,Cerrada,4.0,1,0
OT-002597,A-0102,Zona Centro,C22,Preventiva,Mantención preventiva,2026-06-26,2026-07-01,2026-07-01,Cerrada,7.5,1,0
OT-002598,A-0102,Zona Centro,C22,Preventiva,Mantención preventiva,2026-08-26,2026-08-27,2026-08-27,Cerrada,8.0,1,0
OT-002599,A-0102,Zona Centro,C22,Preventiva,Mantención preventiva,2026-10-26,2026-10-31,2026-10-31,Cerrada,6.5,1,0
OT-002600,A-0102,Zona Centro,C22,Preventiva,Mantención preventiva,2026-12-26,2026-12-27,2026-12-27,Cerrada,3.5,1,0
OT-002601,A-0102,Zona Centro,C22,Correctiva,Reparación correctiva,2025-02-15,2025-02-16,2025-02-16,Cerrada,5.0,5.0,16.4
OT-002602,A-0102,Zona Centro,C22,Correctiva,Reparación correctiva,2025-06-18,2025-06-18,2025-06-19,Cerrada,7.5,7.5,18.8
OT-002603,A-0102,Zona Centro,C22,Correctiva,Reparación correctiva,2025-06-29,2025-06-29,2025-06-29,Cerrada,9.0,9.0,20.9
OT-002604,A-0102,Zona Centro,C22,Correctiva,Reparación correctiva,2025-07-02,2025-07-02,2025-07-02,Cerrada,1.5,1.5,7.9
OT-002605,A-0102,Zona Centro,C22,Correctiva,Reparación correctiva,2025-08-24,2025-08-24,2025-08-25,Cerrada,15.0,15.0,18.2
OT-002606,A-0102,Zona Centro,C22,Correctiva,Reparación correctiva,2025-10-15,2025-10-15,2025-10-15,Cerrada,4.0,4.0,11.2
OT-002607,A-0102,Zona Centro,C22,Correctiva,Reparación correctiva,2026-04-02,2026-04-03,2026-04-03,Cerrada,5.5,5.5,14.9
OT-002608,A-0102,Zona Centro,C22,Correctiva,Reparación correctiva,2026-04-08,2026-04-08,2026-04-09,Cerrada,6.0,6.0,13.1
OT-002609,A-0102,Zona Centro,C22,Correctiva,Reparación correctiva,2026-09-29,2026-09-29,2026-09-29,Cerrada,5.0,5.0,7.2
OT-002610,A-0103,Zona Sur,C22,Preventiva,Mantención preventiva,2025-01-12,2025-01-14,2025-01-14,Cerrada,7.5,1,0
OT-002611,A-0103,Zona Sur,C22,Preventiva,Mantención preventiva,2025-03-12,2025-03-14,2025-03-14,Cerrada,2.0,1,0
OT-002612,A-0103,Zona Sur,C22,Preventiva,Mantención preventiva,2025-05-12,2025-05-18,2025-05-18,Cerrada,3.5,1,0
OT-002613,A-0103,Zona Sur,C22,Preventiva,Mantención preventiva,2025-07-12,2025-08-06,2025-08-06,Cerrada,4.5,1,0
OT-002614,A-0103,Zona Sur,C22,Preventiva,Mantención preventiva,2025-09-12,2025-09-12,2025-09-12,Cerrada,12.0,1,0
OT-002615,A-0103,Zona Sur,C22,Preventiva,Mantención preventiva,2025-11-12,2025-11-15,2025-11-15,Cerrada,7.5,1,0
OT-002616,A-0103,Zona Sur,C22,Preventiva,Mantención preventiva,2026-01-12,2026-01-16,2026-01-16,Cerrada,6.0,1,0
OT-002617,A-0103,Zona Sur,C22,Preventiva,Mantención preventiva,2026-03-12,2026-03-12,2026-03-12,Cerrada,2.5,1,0
OT-002618,A-0103,Zona Sur,C22,Preventiva,Mantención preventiva,2026-05-12,2026-05-18,2026-05-18,Cerrada,3.0,1,0
OT-002619,A-0103,Zona Sur,C22,Preventiva,Mantención preventiva,2026-07-12,2026-07-14,2026-07-14,Cerrada,2.0,1,0
OT-002620,A-0103,Zona Sur,C22,Preventiva,Mantención preventiva,2026-09-12,2026-09-13,2026-09-13,Cerrada,3.0,1,0
OT-002621,A-0103,Zona Sur,C22,Preventiva,Mantención preventiva,2026-11-12,2026-11-13,2026-11-13,Cerrada,2.5,1,0
OT-002622,A-0103,Zona Sur,C22,Correctiva,Reparación correctiva,2025-01-16,2025-01-16,2025-01-16,Cerrada,5.5,5.5,11.7
OT-002623,A-0103,Zona Sur,C22,Correctiva,Reparación correctiva,2025-06-02,2025-06-02,2025-06-02,Cerrada,10.0,10.0,16.4
OT-002624,A-0103,Zona Sur,C22,Correctiva,Reparación correctiva,2025-06-25,2025-06-25,2025-06-25,Cerrada,3.0,3.0,10.4
OT-002625,A-0103,Zona Sur,C22,Correctiva,Reparación correctiva,2025-10-10,2025-10-10,2025-10-10,Cerrada,3.0,3.0,10.7
OT-002626,A-0103,Zona Sur,C22,Correctiva,Reparación correctiva,2026-01-16,2026-01-16,2026-01-17,Cerrada,11.0,11.0,14.4
OT-002627,A-0103,Zona Sur,C22,Correctiva,Reparación correctiva,2026-04-02,2026-04-02,2026-04-02,Cerrada,7.0,7.0,11.8
OT-002628,A-0103,Zona Sur,C22,Correctiva,Reparación correctiva,2026-04-19,2026-04-19,2026-04-20,Cerrada,3.0,3.0,12.3
OT-002629,A-0103,Zona Sur,C22,Correctiva,Reparación correctiva,2026-05-26,2026-05-27,2026-05-28,Cerrada,22.0,22.0,29.9
OT-002630,A-0103,Zona Sur,C22,Correctiva,Reparación correctiva,2026-06-14,2026-06-14,2026-06-15,Cerrada,4.5,4.5,15.5
OT-002631,A-0103,Zona Sur,C22,Correctiva,Reparación correctiva,2026-06-23,2026-06-24,2026-06-24,Cerrada,13.0,13.0,22.4
OT-002632,A-0103,Zona Sur,C22,Correctiva,Reparación correctiva,2026-09-26,2026-09-27,2026-09-27,Cerrada,9.0,9.0,20.8
OT-002633,A-0103,Zona Sur,C22,Correctiva,Reparación correctiva,2026-10-27,2026-10-27,2026-10-27,Cerrada,5.5,5.5,7.6
OT-002634,A-0103,Zona Sur,C22,Correctiva,Reparación correctiva,2026-11-08,2026-11-08,2026-11-09,Cerrada,12.5,12.5,23.2
OT-002635,A-0104,Zona Sur,C22,Preventiva,Mantención preventiva,2025-02-20,2025-02-23,2025-02-23,Cerrada,2.5,1,0
OT-002636,A-0104,Zona Sur,C22,Preventiva,Mantención preventiva,2025-04-20,2025-04-22,2025-04-22,Cerrada,1.0,1,0
OT-002637,A-0104,Zona Sur,C22,Preventiva,Mantención preventiva,2025-06-20,2025-06-26,2025-06-26,Cerrada,4.0,1,0
OT-002638,A-0104,Zona Sur,C22,Preventiva,Mantención preventiva,2025-08-20,2025-08-26,2025-08-26,Cerrada,4.5,1,0
OT-002639,A-0104,Zona Sur,C22,Preventiva,Mantención preventiva,2025-10-20,2025-10-25,2025-10-25,Cerrada,6.0,1,0
OT-002640,A-0104,Zona Sur,C22,Preventiva,Mantención preventiva,2025-12-20,2025-12-21,2025-12-21,Cerrada,7.0,1,0
OT-002641,A-0104,Zona Sur,C22,Preventiva,Mantención preventiva,2026-02-20,2026-02-20,2026-02-20,Cerrada,9.0,1,0
OT-002642,A-0104,Zona Sur,C22,Preventiva,Mantención preventiva,2026-04-20,2026-04-25,2026-04-25,Cerrada,6.0,1,0
OT-002643,A-0104,Zona Sur,C22,Preventiva,Mantención preventiva,2026-06-20,2026-06-21,2026-06-21,Cerrada,5.0,1,0
OT-002644,A-0104,Zona Sur,C22,Preventiva,Mantención preventiva,2026-08-20,2026-08-24,2026-08-24,Cerrada,3.5,1,0
OT-002645,A-0104,Zona Sur,C22,Preventiva,Mantención preventiva,2026-10-20,2026-11-07,2026-11-07,Cerrada,4.0,1,0
OT-002646,A-0104,Zona Sur,C22,Preventiva,Mantención preventiva,2026-12-20,2026-12-25,2026-12-25,Cerrada,6.5,1,0
OT-002647,A-0104,Zona Sur,C22,Correctiva,Reparación correctiva,2025-06-10,2025-06-10,2025-06-11,Cerrada,14.0,14.0,23.2
OT-002648,A-0104,Zona Sur,C22,Correctiva,Reparación correctiva,2025-07-13,2025-07-13,2025-07-13,Cerrada,5.0,5.0,9.0
OT-002649,A-0104,Zona Sur,C22,Correctiva,Reparación correctiva,2025-08-26,2025-08-26,2025-08-26,Cerrada,6.0,6.0,12.2
OT-002650,A-0104,Zona Sur,C22,Correctiva,Reparación correctiva,2025-11-11,2025-11-11,2025-11-11,Cerrada,7.5,7.5,12.5
OT-002651,A-0104,Zona Sur,C22,Correctiva,Reparación correctiva,2026-01-29,2026-01-29,2026-01-29,Cerrada,3.0,3.0,10.9
OT-002652,A-0104,Zona Sur,C22,Correctiva,Reparación correctiva,2026-02-08,2026-02-09,2026-02-09,Cerrada,5.5,5.5,17.2
OT-002653,A-0104,Zona Sur,C22,Correctiva,Reparación correctiva,2026-03-13,2026-03-13,2026-03-14,Cerrada,4.0,4.0,11.9
OT-002654,A-0104,Zona Sur,C22,Correctiva,Reparación correctiva,2026-03-28,2026-03-29,2026-03-29,Cerrada,3.5,3.5,15.0
OT-002655,A-0104,Zona Sur,C22,Correctiva,Reparación correctiva,2026-06-14,2026-06-14,2026-06-15,Cerrada,7.5,7.5,15.4
OT-002656,A-0104,Zona Sur,C22,Correctiva,Reparación correctiva,2026-06-23,2026-06-24,2026-06-24,Cerrada,4.0,4.0,8.8
OT-002657,A-0104,Zona Sur,C22,Correctiva,Reparación correctiva,2026-08-06,2026-08-07,2026-08-07,Cerrada,11.5,11.5,18.7
OT-002658,A-0104,Zona Sur,C22,Correctiva,Reparación correctiva,2026-08-22,2026-08-23,2026-08-23,Cerrada,11.5,11.5,17.9
OT-002659,A-0104,Zona Sur,C22,Correctiva,Reparación correctiva,2026-10-18,2026-10-18,2026-10-18,Cerrada,9.0,9.0,12.5
OT-002660,A-0104,Zona Sur,C22,Correctiva,Reparación correctiva,2026-12-16,2026-12-16,2026-12-16,Cerrada,2.0,2.0,8.3
OT-002661,A-0105,Zona Sur,C22,Preventiva,Mantención preventiva,2025-02-25,2025-03-01,2025-03-01,Cerrada,5.5,1,0
OT-002662,A-0105,Zona Sur,C22,Preventiva,Mantención preventiva,2025-04-25,2025-05-01,2025-05-01,Cerrada,8.5,1,0
OT-002663,A-0105,Zona Sur,C22,Preventiva,Mantención preventiva,2025-06-25,2025-06-28,2025-06-28,Cerrada,3.5,1,0
OT-002664,A-0105,Zona Sur,C22,Preventiva,Mantención preventiva,2025-08-25,2025-08-27,2025-08-27,Cerrada,14.5,1,0
OT-002665,A-0105,Zona Sur,C22,Preventiva,Mantención preventiva,2025-10-25,2025-10-30,2025-10-30,Cerrada,4.5,1,0
OT-002666,A-0105,Zona Sur,C22,Preventiva,Mantención preventiva,2025-12-25,2025-12-27,2025-12-27,Cerrada,6.5,1,0
OT-002667,A-0105,Zona Sur,C22,Preventiva,Mantención preventiva,2026-02-25,2026-03-01,2026-03-01,Cerrada,4.0,1,0
OT-002668,A-0105,Zona Sur,C22,Preventiva,Mantención preventiva,2026-04-25,,,Abierta,0,0,0
OT-002669,A-0105,Zona Sur,C22,Preventiva,Mantención preventiva,2026-06-25,2026-06-28,2026-06-28,Cerrada,6.0,1,0
OT-002670,A-0105,Zona Sur,C22,Preventiva,Mantención preventiva,2026-08-25,2026-08-29,2026-08-29,Cerrada,12.5,1,0
OT-002671,A-0105,Zona Sur,C22,Preventiva,Mantención preventiva,2026-10-25,2026-10-25,2026-10-25,Cerrada,6.5,1,0
OT-002672,A-0105,Zona Sur,C22,Preventiva,Mantención preventiva,2026-12-25,,,Abierta,0,0,0
OT-002673,A-0105,Zona Sur,C22,Correctiva,Reparación correctiva,2025-05-21,2025-05-21,2025-05-21,Cerrada,4.0,4.0,10.2
OT-002674,A-0105,Zona Sur,C22,Correctiva,Reparación correctiva,2025-06-16,2025-06-16,2025-06-17,Cerrada,13.0,13.0,22.9
OT-002675,A-0105,Zona Sur,C22,Correctiva,Reparación correctiva,2025-07-30,2025-07-30,2025-07-31,Cerrada,13.5,13.5,24.9
OT-002676,A-0105,Zona Sur,C22,Correctiva,Reparación correctiva,2025-10-28,2025-10-29,2025-10-29,Cerrada,17.0,17.0,25.7
OT-002677,A-0105,Zona Sur,C22,Correctiva,Reparación correctiva,2026-02-19,2026-02-19,2026-02-19,Cerrada,9.5,9.5,14.0
OT-002678,A-0105,Zona Sur,C22,Correctiva,Reparación correctiva,2026-09-25,2026-09-25,2026-09-25,Cerrada,5.5,5.5,10.0
OT-002679,A-0105,Zona Sur,C22,Correctiva,Reparación correctiva,2026-11-01,2026-11-01,2026-11-01,Cerrada,2.0,2.0,13.9
OT-002680,A-0105,Zona Sur,C22,Correctiva,Reparación correctiva,2026-11-15,2026-11-15,2026-11-15,Cerrada,6.5,6.5,16.2
OT-002681,A-0105,Zona Sur,C22,Correctiva,Reparación correctiva,2026-12-15,2026-12-16,2026-12-16,Cerrada,10.0,10.0,15.5
OT-002682,A-0106,Zona Sur,C22,Preventiva,Mantención preventiva,2025-01-11,2025-01-11,2025-01-11,Cerrada,3.5,1,0
OT-002683,A-0106,Zona Sur,C22,Preventiva,Mantención preventiva,2025-03-11,2025-03-17,2025-03-17,Cerrada,3.5,1,0
OT-002684,A-0106,Zona Sur,C22,Preventiva,Mantención preventiva,2025-05-11,2025-05-13,2025-05-13,Cerrada,3.5,1,0
OT-002685,A-0106,Zona Sur,C22,Preventiva,Mantención preventiva,2025-07-11,2025-07-12,2025-07-12,Cerrada,8.0,1,0
OT-002686,A-0106,Zona Sur,C22,Preventiva,Mantención preventiva,2025-09-11,2025-09-15,2025-09-15,Cerrada,3.0,1,0
OT-002687,A-0106,Zona Sur,C22,Preventiva,Mantención preventiva,2025-11-11,2025-11-13,2025-11-13,Cerrada,7.5,1,0
OT-002688,A-0106,Zona Sur,C22,Preventiva,Mantención preventiva,2026-01-11,2026-01-16,2026-01-16,Cerrada,12.0,1,0
OT-002689,A-0106,Zona Sur,C22,Preventiva,Mantención preventiva,2026-03-11,2026-03-13,2026-03-13,Cerrada,4.5,1,0
OT-002690,A-0106,Zona Sur,C22,Preventiva,Mantención preventiva,2026-05-11,2026-05-25,2026-05-25,Cerrada,15.0,1,0
OT-002691,A-0106,Zona Sur,C22,Preventiva,Mantención preventiva,2026-07-11,2026-07-17,2026-07-17,Cerrada,2.5,1,0
OT-002692,A-0106,Zona Sur,C22,Preventiva,Mantención preventiva,2026-09-11,2026-09-12,2026-09-12,Cerrada,4.0,1,0
OT-002693,A-0106,Zona Sur,C22,Preventiva,Mantención preventiva,2026-11-11,2026-11-16,2026-11-16,Cerrada,2.0,1,0
OT-002694,A-0106,Zona Sur,C22,Correctiva,Reparación correctiva,2025-01-15,2025-01-16,2025-01-16,Cerrada,4.5,4.5,15.3
OT-002695,A-0106,Zona Sur,C22,Correctiva,Reparación correctiva,2025-01-25,2025-01-25,2025-01-25,Cerrada,6.0,6.0,11.0
OT-002696,A-0106,Zona Sur,C22,Correctiva,Reparación correctiva,2025-03-15,2025-03-15,2025-03-15,Cerrada,4.0,4.0,16.0
OT-002697,A-0106,Zona Sur,C22,Correctiva,Reparación correctiva,2025-04-27,2025-04-28,2025-04-28,Cerrada,12.5,12.5,18.5
OT-002698,A-0106,Zona Sur,C22,Correctiva,Reparación correctiva,2025-05-27,2025-05-27,2025-05-27,Cerrada,9.5,9.5,14.1
OT-002699,A-0106,Zona Sur,C22,Correctiva,Reparación correctiva,2025-09-01,2025-09-01,2025-09-01,Cerrada,1.0,1.0,7.3
OT-002700,A-0106,Zona Sur,C22,Correctiva,Reparación correctiva,2025-09-17,2025-09-17,2025-09-17,Cerrada,2.5,2.5,9.9
OT-002701,A-0106,Zona Sur,C22,Correctiva,Reparación correctiva,2025-11-29,2025-11-29,2025-11-29,Cerrada,6.5,6.5,16.5
OT-002702,A-0106,Zona Sur,C22,Correctiva,Reparación correctiva,2026-04-27,2026-04-28,2026-04-28,Cerrada,9.0,9.0,20.9
OT-002703,A-0106,Zona Sur,C22,Correctiva,Reparación correctiva,2026-05-04,2026-05-04,2026-05-05,Cerrada,4.0,4.0,14.3
OT-002704,A-0106,Zona Sur,C22,Correctiva,Reparación correctiva,2026-07-16,2026-07-16,2026-07-16,Cerrada,9.0,9.0,20.8
OT-002705,A-0106,Zona Sur,C22,Correctiva,Reparación correctiva,2026-08-03,2026-08-04,2026-08-04,Cerrada,5.5,5.5,15.9
OT-002706,A-0106,Zona Sur,C22,Correctiva,Reparación correctiva,2026-09-26,2026-09-26,2026-09-26,Cerrada,5.0,5.0,7.6
OT-002707,A-0107,Zona Sur,C22,Preventiva,Mantención preventiva,2025-02-28,2025-02-28,2025-02-28,Cerrada,5.0,1,0
OT-002708,A-0107,Zona Sur,C22,Preventiva,Mantención preventiva,2025-04-28,2025-05-02,2025-05-02,Cerrada,3.5,1,0
OT-002709,A-0107,Zona Sur,C22,Preventiva,Mantención preventiva,2025-06-28,2025-07-01,2025-07-01,Cerrada,2.5,1,0
OT-002710,A-0107,Zona Sur,C22,Preventiva,Mantención preventiva,2025-08-28,2025-09-02,2025-09-02,Cerrada,3.5,1,0
OT-002711,A-0107,Zona Sur,C22,Preventiva,Mantención preventiva,2025-10-28,2025-11-01,2025-11-01,Cerrada,5.0,1,0
OT-002712,A-0107,Zona Sur,C22,Preventiva,Mantención preventiva,2025-12-28,2025-12-28,2025-12-28,Cerrada,7.5,1,0
OT-002713,A-0107,Zona Sur,C22,Preventiva,Mantención preventiva,2026-02-28,2026-02-28,2026-02-28,Cerrada,5.5,1,0
OT-002714,A-0107,Zona Sur,C22,Preventiva,Mantención preventiva,2026-04-28,2026-05-03,2026-05-03,Cerrada,3.5,1,0
OT-002715,A-0107,Zona Sur,C22,Preventiva,Mantención preventiva,2026-06-28,2026-07-03,2026-07-03,Cerrada,8.5,1,0
OT-002716,A-0107,Zona Sur,C22,Preventiva,Mantención preventiva,2026-08-28,2026-09-02,2026-09-02,Cerrada,3.5,1,0
OT-002717,A-0107,Zona Sur,C22,Preventiva,Mantención preventiva,2026-10-28,2026-10-30,2026-10-30,Cerrada,2.5,1,0
OT-002718,A-0107,Zona Sur,C22,Preventiva,Mantención preventiva,2026-12-28,2026-12-31,2026-12-31,Cerrada,2.5,1,0
OT-002719,A-0107,Zona Sur,C22,Correctiva,Reparación correctiva,2025-01-14,2025-01-14,2025-01-14,Cerrada,7.0,7.0,12.5
OT-002720,A-0107,Zona Sur,C22,Correctiva,Reparación correctiva,2025-02-19,2025-02-19,2025-02-19,Cerrada,2.5,2.5,5.4
OT-002721,A-0107,Zona Sur,C22,Correctiva,Reparación correctiva,2025-04-29,2025-04-29,2025-04-29,Cerrada,3.0,3.0,6.0
OT-002722,A-0107,Zona Sur,C22,Correctiva,Reparación correctiva,2025-05-21,2025-05-21,2025-05-21,Cerrada,6.5,6.5,16.5
OT-002723,A-0107,Zona Sur,C22,Correctiva,Reparación correctiva,2025-05-25,2025-05-25,2025-05-26,Cerrada,8.0,8.0,11.7
OT-002724,A-0107,Zona Sur,C22,Correctiva,Reparación correctiva,2025-07-10,2025-07-11,2025-07-11,Cerrada,3.5,3.5,15.3
OT-002725,A-0107,Zona Sur,C22,Correctiva,Reparación correctiva,2025-07-22,2025-07-22,2025-07-22,Cerrada,6.0,6.0,12.4
OT-002726,A-0107,Zona Sur,C22,Correctiva,Reparación correctiva,2025-08-26,2025-08-26,2025-08-27,Cerrada,8.0,8.0,16.2
OT-002727,A-0107,Zona Sur,C22,Correctiva,Reparación correctiva,2026-02-05,2026-02-06,2026-02-06,Cerrada,2.0,2.0,13.4
OT-002728,A-0107,Zona Sur,C22,Correctiva,Reparación correctiva,2026-03-31,2026-03-31,2026-03-31,Cerrada,4.0,4.0,7.7
OT-002729,A-0107,Zona Sur,C22,Correctiva,Reparación correctiva,2026-04-10,2026-04-10,2026-04-11,Cerrada,4.5,4.5,12.6
OT-002730,A-0107,Zona Sur,C22,Correctiva,Reparación correctiva,2026-06-14,2026-06-14,2026-06-14,Cerrada,7.0,7.0,17.3
OT-002731,A-0107,Zona Sur,C22,Correctiva,Reparación correctiva,2026-06-30,2026-07-01,2026-07-01,Cerrada,14.0,14.0,17.4
OT-002732,A-0107,Zona Sur,C22,Correctiva,Reparación correctiva,2026-10-03,2026-10-03,2026-10-04,Cerrada,5.5,5.5,7.9
OT-002733,A-0107,Zona Sur,C22,Correctiva,Reparación correctiva,2026-12-07,2026-12-07,2026-12-08,Cerrada,10.5,10.5,20.0
OT-002734,A-0107,Zona Sur,C22,Correctiva,Reparación correctiva,2026-12-13,2026-12-13,2026-12-14,Cerrada,14.5,14.5,23.0
OT-002735,A-0108,Zona Sur,C22,Preventiva,Mantención preventiva,2025-02-25,2025-02-26,2025-02-26,Cerrada,3.5,1,0
OT-002736,A-0108,Zona Sur,C22,Preventiva,Mantención preventiva,2025-04-25,2025-04-27,2025-04-27,Cerrada,9.0,1,0
OT-002737,A-0108,Zona Sur,C22,Preventiva,Mantención preventiva,2025-06-25,2025-06-25,2025-06-25,Cerrada,4.0,1,0
OT-002738,A-0108,Zona Sur,C22,Preventiva,Mantención preventiva,2025-08-25,2025-08-28,2025-08-28,Cerrada,5.0,1,0
OT-002739,A-0108,Zona Sur,C22,Preventiva,Mantención preventiva,2025-10-25,,,Abierta,0,0,0
OT-002740,A-0108,Zona Sur,C22,Preventiva,Mantención preventiva,2025-12-25,2025-12-31,2025-12-31,Cerrada,5.0,1,0
OT-002741,A-0108,Zona Sur,C22,Preventiva,Mantención preventiva,2026-02-25,2026-02-26,2026-02-26,Cerrada,8.0,1,0
OT-002742,A-0108,Zona Sur,C22,Preventiva,Mantención preventiva,2026-04-25,2026-04-29,2026-04-29,Cerrada,5.0,1,0
OT-002743,A-0108,Zona Sur,C22,Preventiva,Mantención preventiva,2026-06-25,2026-06-29,2026-06-29,Cerrada,3.5,1,0
OT-002744,A-0108,Zona Sur,C22,Preventiva,Mantención preventiva,2026-08-25,2026-08-31,2026-08-31,Cerrada,7.0,1,0
OT-002745,A-0108,Zona Sur,C22,Preventiva,Mantención preventiva,2026-10-25,2026-10-27,2026-10-27,Cerrada,5.0,1,0
OT-002746,A-0108,Zona Sur,C22,Preventiva,Mantención preventiva,2026-12-25,2026-12-28,2026-12-28,Cerrada,5.5,1,0
OT-002747,A-0108,Zona Sur,C22,Correctiva,Reparación correctiva,2025-01-14,2025-01-14,2025-01-15,Cerrada,7.0,7.0,11.1
OT-002748,A-0108,Zona Sur,C22,Correctiva,Reparación correctiva,2025-06-16,2025-06-16,2025-06-17,Cerrada,10.0,10.0,14.1
OT-002749,A-0108,Zona Sur,C22,Correctiva,Reparación correctiva,2025-10-03,2025-10-04,2025-10-04,Cerrada,4.0,4.0,6.4
OT-002750,A-0108,Zona Sur,C22,Correctiva,Reparación correctiva,2025-12-09,2025-12-09,2025-12-09,Cerrada,5.0,5.0,15.8
OT-002751,A-0108,Zona Sur,C22,Correctiva,Reparación correctiva,2026-04-07,2026-04-08,2026-04-08,Cerrada,8.0,8.0,16.3
OT-002752,A-0108,Zona Sur,C22,Correctiva,Reparación correctiva,2026-06-17,2026-06-17,2026-06-17,Cerrada,5.5,5.5,11.7
OT-002753,A-0108,Zona Sur,C22,Correctiva,Reparación correctiva,2026-11-02,2026-11-03,2026-11-03,Cerrada,6.0,6.0,16.2
OT-002754,A-0108,Zona Sur,C22,Correctiva,Reparación correctiva,2026-12-31,2027-01-01,,Abierta,0,0,14.5
OT-002755,A-0109,Zona Norte,C23,Preventiva,Mantención preventiva,2025-01-03,2025-01-03,2025-01-03,Cerrada,2.0,1,0
OT-002756,A-0109,Zona Norte,C23,Preventiva,Mantención preventiva,2025-02-03,2025-02-08,2025-02-08,Cerrada,2.0,1,0
OT-002757,A-0109,Zona Norte,C23,Preventiva,Mantención preventiva,2025-03-03,2025-04-05,2025-04-05,Cerrada,3.0,1,0
OT-002758,A-0109,Zona Norte,C23,Preventiva,Mantención preventiva,2025-04-03,2025-04-05,2025-04-05,Cerrada,11.0,1,0
OT-002759,A-0109,Zona Norte,C23,Preventiva,Mantención preventiva,2025-05-03,2025-05-04,2025-05-04,Cerrada,4.5,1,0
OT-002760,A-0109,Zona Norte,C23,Preventiva,Mantención preventiva,2025-06-03,2025-06-03,2025-06-03,Cerrada,1.0,1,0
OT-002761,A-0109,Zona Norte,C23,Preventiva,Mantención preventiva,2025-07-03,2025-07-04,2025-07-04,Cerrada,4.0,1,0
OT-002762,A-0109,Zona Norte,C23,Preventiva,Mantención preventiva,2025-08-03,2025-08-06,2025-08-06,Cerrada,4.5,1,0
OT-002763,A-0109,Zona Norte,C23,Preventiva,Mantención preventiva,2025-09-03,2025-09-23,2025-09-23,Cerrada,11.0,1,0
OT-002764,A-0109,Zona Norte,C23,Preventiva,Mantención preventiva,2025-10-03,2025-10-03,2025-10-03,Cerrada,8.0,1,0
OT-002765,A-0109,Zona Norte,C23,Preventiva,Mantención preventiva,2025-11-03,2025-11-22,2025-11-22,Cerrada,3.5,1,0
OT-002766,A-0109,Zona Norte,C23,Preventiva,Mantención preventiva,2025-12-03,2025-12-06,2025-12-06,Cerrada,4.5,1,0
OT-002767,A-0109,Zona Norte,C23,Preventiva,Mantención preventiva,2026-01-03,2026-01-05,2026-01-05,Cerrada,5.5,1,0
OT-002768,A-0109,Zona Norte,C23,Preventiva,Mantención preventiva,2026-02-03,2026-02-03,2026-02-03,Cerrada,9.5,1,0
OT-002769,A-0109,Zona Norte,C23,Preventiva,Mantención preventiva,2026-03-03,2026-03-04,2026-03-04,Cerrada,3.5,1,0
OT-002770,A-0109,Zona Norte,C23,Preventiva,Mantención preventiva,2026-04-03,2026-04-04,2026-04-04,Cerrada,6.0,1,0
OT-002771,A-0109,Zona Norte,C23,Preventiva,Mantención preventiva,2026-05-03,2026-05-03,2026-05-03,Cerrada,3.5,1,0
OT-002772,A-0109,Zona Norte,C23,Preventiva,Mantención preventiva,2026-06-03,2026-06-09,2026-06-09,Cerrada,5.5,1,0
OT-002773,A-0109,Zona Norte,C23,Preventiva,Mantención preventiva,2026-07-03,2026-07-08,2026-07-08,Cerrada,7.5,1,0
OT-002774,A-0109,Zona Norte,C23,Preventiva,Mantención preventiva,2026-08-03,2026-08-06,2026-08-06,Cerrada,2.5,1,0
OT-002775,A-0109,Zona Norte,C23,Preventiva,Mantención preventiva,2026-09-03,2026-09-08,2026-09-08,Cerrada,2.5,1,0
OT-002776,A-0109,Zona Norte,C23,Preventiva,Mantención preventiva,2026-10-03,2026-10-08,2026-10-08,Cerrada,2.5,1,0
OT-002777,A-0109,Zona Norte,C23,Preventiva,Mantención preventiva,2026-11-03,2026-11-07,2026-11-07,Cerrada,7.0,1,0
OT-002778,A-0109,Zona Norte,C23,Preventiva,Mantención preventiva,2026-12-03,2026-12-08,2026-12-08,Cerrada,4.0,1,0
OT-002779,A-0109,Zona Norte,C23,Correctiva,Reparación correctiva,2026-01-28,2026-01-29,2026-01-29,Cerrada,7.5,7.5,10.9
OT-002780,A-0109,Zona Norte,C23,Correctiva,Reparación correctiva,2026-08-04,2026-08-04,2026-08-04,Cerrada,5.0,5.0,9.3
OT-002781,A-0109,Zona Norte,C23,Correctiva,Reparación correctiva,2026-11-16,2026-11-16,2026-11-17,Cerrada,7.5,7.5,18.9
OT-002782,A-0110,Zona Norte,C23,Preventiva,Mantención preventiva,2025-01-13,2025-01-15,2025-01-15,Cerrada,3.5,1,0
OT-002783,A-0110,Zona Norte,C23,Preventiva,Mantención preventiva,2025-02-13,2025-02-14,2025-02-14,Cerrada,2.0,1,0
OT-002784,A-0110,Zona Norte,C23,Preventiva,Mantención preventiva,2025-03-13,2025-03-19,2025-03-19,Cerrada,11.5,1,0
OT-002785,A-0110,Zona Norte,C23,Preventiva,Mantención preventiva,2025-04-13,2025-04-16,2025-04-16,Cerrada,5.0,1,0
OT-002786,A-0110,Zona Norte,C23,Preventiva,Mantención preventiva,2025-05-13,2025-05-18,2025-05-18,Cerrada,3.0,1,0
OT-002787,A-0110,Zona Norte,C23,Preventiva,Mantención preventiva,2025-06-13,2025-06-17,2025-06-17,Cerrada,5.5,1,0
OT-002788,A-0110,Zona Norte,C23,Preventiva,Mantención preventiva,2025-07-13,2025-07-19,2025-07-19,Cerrada,8.0,1,0
OT-002789,A-0110,Zona Norte,C23,Preventiva,Mantención preventiva,2025-08-13,2025-08-15,2025-08-15,Cerrada,4.5,1,0
OT-002790,A-0110,Zona Norte,C23,Preventiva,Mantención preventiva,2025-09-13,2025-09-17,2025-09-17,Cerrada,1.5,1,0
OT-002791,A-0110,Zona Norte,C23,Preventiva,Mantención preventiva,2025-10-13,2025-10-14,2025-10-14,Cerrada,3.0,1,0
OT-002792,A-0110,Zona Norte,C23,Preventiva,Mantención preventiva,2025-11-13,2025-11-18,2025-11-18,Cerrada,9.0,1,0
OT-002793,A-0110,Zona Norte,C23,Preventiva,Mantención preventiva,2025-12-13,2025-12-17,2025-12-17,Cerrada,6.0,1,0
OT-002794,A-0110,Zona Norte,C23,Preventiva,Mantención preventiva,2026-01-13,2026-01-16,2026-01-16,Cerrada,1.5,1,0
OT-002795,A-0110,Zona Norte,C23,Preventiva,Mantención preventiva,2026-02-13,2026-02-16,2026-02-16,Cerrada,6.5,1,0
OT-002796,A-0110,Zona Norte,C23,Preventiva,Mantención preventiva,2026-03-13,2026-03-18,2026-03-18,Cerrada,7.0,1,0
OT-002797,A-0110,Zona Norte,C23,Preventiva,Mantención preventiva,2026-04-13,2026-04-15,2026-04-15,Cerrada,3.0,1,0
OT-002798,A-0110,Zona Norte,C23,Preventiva,Mantención preventiva,2026-05-13,2026-05-19,2026-05-19,Cerrada,4.0,1,0
OT-002799,A-0110,Zona Norte,C23,Preventiva,Mantención preventiva,2026-06-13,2026-06-15,2026-06-15,Cerrada,2.0,1,0
OT-002800,A-0110,Zona Norte,C23,Preventiva,Mantención preventiva,2026-07-13,2026-07-14,2026-07-14,Cerrada,3.0,1,0
OT-002801,A-0110,Zona Norte,C23,Preventiva,Mantención preventiva,2026-08-13,2026-08-16,2026-08-16,Cerrada,2.0,1,0
OT-002802,A-0110,Zona Norte,C23,Preventiva,Mantención preventiva,2026-09-13,2026-09-15,2026-09-15,Cerrada,2.5,1,0
OT-002803,A-0110,Zona Norte,C23,Preventiva,Mantención preventiva,2026-10-13,2026-10-14,2026-10-14,Cerrada,8.5,1,0
OT-002804,A-0110,Zona Norte,C23,Preventiva,Mantención preventiva,2026-11-13,2026-11-19,2026-11-19,Cerrada,4.5,1,0
OT-002805,A-0110,Zona Norte,C23,Preventiva,Mantención preventiva,2026-12-13,2026-12-16,2026-12-16,Cerrada,11.5,1,0
OT-002806,A-0110,Zona Norte,C23,Correctiva,Reparación correctiva,2026-06-05,2026-06-05,2026-06-06,Cerrada,5.5,5.5,17.4
OT-002807,A-0110,Zona Norte,C23,Correctiva,Reparación correctiva,2026-10-03,2026-10-03,2026-10-03,Cerrada,5.0,5.0,8.5
OT-002808,A-0111,Zona Centro,C23,Preventiva,Mantención preventiva,2025-01-12,2025-01-18,2025-01-18,Cerrada,4.0,1,0
OT-002809,A-0111,Zona Centro,C23,Preventiva,Mantención preventiva,2025-02-12,2025-02-13,2025-02-13,Cerrada,3.5,1,0
OT-002810,A-0111,Zona Centro,C23,Preventiva,Mantención preventiva,2025-03-12,2025-03-16,2025-03-16,Cerrada,3.5,1,0
OT-002811,A-0111,Zona Centro,C23,Preventiva,Mantención preventiva,2025-04-12,2025-04-17,2025-04-17,Cerrada,3.0,1,0
OT-002812,A-0111,Zona Centro,C23,Preventiva,Mantención preventiva,2025-05-12,2025-05-12,2025-05-12,Cerrada,6.5,1,0
OT-002813,A-0111,Zona Centro,C23,Preventiva,Mantención preventiva,2025-06-12,2025-06-12,2025-06-12,Cerrada,6.5,1,0
OT-002814,A-0111,Zona Centro,C23,Preventiva,Mantención preventiva,2025-07-12,2025-07-15,2025-07-15,Cerrada,2.5,1,0
OT-002815,A-0111,Zona Centro,C23,Preventiva,Mantención preventiva,2025-08-12,2025-08-17,2025-08-17,Cerrada,7.5,1,0
OT-002816,A-0111,Zona Centro,C23,Preventiva,Mantención preventiva,2025-09-12,2025-09-18,2025-09-18,Cerrada,28.0,1,0
OT-002817,A-0111,Zona Centro,C23,Preventiva,Mantención preventiva,2025-10-12,2025-10-17,2025-10-17,Cerrada,7.0,1,0
OT-002818,A-0111,Zona Centro,C23,Preventiva,Mantención preventiva,2025-11-12,2025-11-14,2025-11-14,Cerrada,2.0,1,0
OT-002819,A-0111,Zona Centro,C23,Preventiva,Mantención preventiva,2025-12-12,2025-12-18,2025-12-18,Cerrada,5.5,1,0
OT-002820,A-0111,Zona Centro,C23,Preventiva,Mantención preventiva,2026-01-12,2026-01-12,2026-01-12,Cerrada,6.0,1,0
OT-002821,A-0111,Zona Centro,C23,Preventiva,Mantención preventiva,2026-02-12,2026-02-12,2026-02-12,Cerrada,5.0,1,0
OT-002822,A-0111,Zona Centro,C23,Preventiva,Mantención preventiva,2026-03-12,2026-03-18,2026-03-18,Cerrada,2.5,1,0
OT-002823,A-0111,Zona Centro,C23,Preventiva,Mantención preventiva,2026-04-12,2026-04-12,2026-04-12,Cerrada,5.5,1,0
OT-002824,A-0111,Zona Centro,C23,Preventiva,Mantención preventiva,2026-05-12,2026-05-12,2026-05-12,Cerrada,1.5,1,0
OT-002825,A-0111,Zona Centro,C23,Preventiva,Mantención preventiva,2026-06-12,2026-06-15,2026-06-15,Cerrada,6.0,1,0
OT-002826,A-0111,Zona Centro,C23,Preventiva,Mantención preventiva,2026-07-12,2026-07-12,2026-07-12,Cerrada,3.0,1,0
OT-002827,A-0111,Zona Centro,C23,Preventiva,Mantención preventiva,2026-08-12,2026-08-18,2026-08-18,Cerrada,5.0,1,0
OT-002828,A-0111,Zona Centro,C23,Preventiva,Mantención preventiva,2026-09-12,2026-09-17,2026-09-17,Cerrada,8.0,1,0
OT-002829,A-0111,Zona Centro,C23,Preventiva,Mantención preventiva,2026-10-12,2026-10-16,2026-10-16,Cerrada,3.0,1,0
OT-002830,A-0111,Zona Centro,C23,Preventiva,Mantención preventiva,2026-11-12,2026-11-13,2026-11-13,Cerrada,8.0,1,0
OT-002831,A-0111,Zona Centro,C23,Preventiva,Mantención preventiva,2026-12-12,2026-12-13,2026-12-13,Cerrada,3.0,1,0
OT-002832,A-0111,Zona Centro,C23,Correctiva,Reparación correctiva,2026-03-10,2026-03-11,2026-03-11,Cerrada,7.0,7.0,12.0
OT-002833,A-0111,Zona Centro,C23,Correctiva,Reparación correctiva,2026-05-09,2026-05-09,2026-05-09,Cerrada,7.0,7.0,11.5
OT-002834,A-0111,Zona Centro,C23,Correctiva,Reparación correctiva,2026-05-10,2026-05-11,2026-05-11,Cerrada,11.0,11.0,21.9
OT-002835,A-0111,Zona Centro,C23,Correctiva,Reparación correctiva,2026-06-21,2026-06-22,2026-06-22,Cerrada,8.0,8.0,10.6
OT-002836,A-0111,Zona Centro,C23,Correctiva,Reparación correctiva,2026-07-06,2026-07-07,2026-07-07,Cerrada,7.0,7.0,16.6
OT-002837,A-0112,Zona Centro,C23,Preventiva,Mantención preventiva,2025-01-01,2025-01-14,2025-01-14,Cerrada,2.0,1,0
OT-002838,A-0112,Zona Centro,C23,Preventiva,Mantención preventiva,2025-02-01,2025-02-06,2025-02-06,Cerrada,7.5,1,0
OT-002839,A-0112,Zona Centro,C23,Preventiva,Mantención preventiva,2025-03-01,2025-03-03,2025-03-03,Cerrada,6.0,1,0
OT-002840,A-0112,Zona Centro,C23,Preventiva,Mantención preventiva,2025-04-01,2025-04-07,2025-04-07,Cerrada,4.0,1,0
OT-002841,A-0112,Zona Centro,C23,Preventiva,Mantención preventiva,2025-05-01,2025-05-03,2025-05-03,Cerrada,5.0,1,0
OT-002842,A-0112,Zona Centro,C23,Preventiva,Mantención preventiva,2025-06-01,2025-06-02,2025-06-02,Cerrada,2.0,1,0
OT-002843,A-0112,Zona Centro,C23,Preventiva,Mantención preventiva,2025-07-01,2025-07-04,2025-07-04,Cerrada,2.0,1,0
OT-002844,A-0112,Zona Centro,C23,Preventiva,Mantención preventiva,2025-08-01,2025-09-03,2025-09-03,Cerrada,3.0,1,0
OT-002845,A-0112,Zona Centro,C23,Preventiva,Mantención preventiva,2025-09-01,2025-09-02,2025-09-02,Cerrada,6.0,1,0
OT-002846,A-0112,Zona Centro,C23,Preventiva,Mantención preventiva,2025-10-01,2025-10-17,2025-10-17,Cerrada,6.5,1,0
OT-002847,A-0112,Zona Centro,C23,Preventiva,Mantención preventiva,2025-11-01,2025-11-02,2025-11-02,Cerrada,4.0,1,0
OT-002848,A-0112,Zona Centro,C23,Preventiva,Mantención preventiva,2025-12-01,2025-12-06,2025-12-06,Cerrada,7.5,1,0
OT-002849,A-0112,Zona Centro,C23,Preventiva,Mantención preventiva,2026-01-01,2026-01-04,2026-01-04,Cerrada,2.5,1,0
OT-002850,A-0112,Zona Centro,C23,Preventiva,Mantención preventiva,2026-02-01,2026-02-04,2026-02-04,Cerrada,7.0,1,0
OT-002851,A-0112,Zona Centro,C23,Preventiva,Mantención preventiva,2026-03-01,2026-03-05,2026-03-05,Cerrada,6.0,1,0
OT-002852,A-0112,Zona Centro,C23,Preventiva,Mantención preventiva,2026-04-01,2026-04-19,2026-04-19,Cerrada,4.0,1,0
OT-002853,A-0112,Zona Centro,C23,Preventiva,Mantención preventiva,2026-05-01,2026-05-01,2026-05-01,Cerrada,2.5,1,0
OT-002854,A-0112,Zona Centro,C23,Preventiva,Mantención preventiva,2026-06-01,2026-06-03,2026-06-03,Cerrada,2.0,1,0
OT-002855,A-0112,Zona Centro,C23,Preventiva,Mantención preventiva,2026-07-01,2026-07-02,2026-07-02,Cerrada,4.0,1,0
OT-002856,A-0112,Zona Centro,C23,Preventiva,Mantención preventiva,2026-08-01,2026-08-02,2026-08-02,Cerrada,3.5,1,0
OT-002857,A-0112,Zona Centro,C23,Preventiva,Mantención preventiva,2026-09-01,2026-09-05,2026-09-05,Cerrada,2.0,1,0
OT-002858,A-0112,Zona Centro,C23,Preventiva,Mantención preventiva,2026-10-01,2026-10-07,2026-10-07,Cerrada,2.0,1,0
OT-002859,A-0112,Zona Centro,C23,Preventiva,Mantención preventiva,2026-11-01,2026-11-01,2026-11-01,Cerrada,4.0,1,0
OT-002860,A-0112,Zona Centro,C23,Preventiva,Mantención preventiva,2026-12-01,2026-12-03,2026-12-03,Cerrada,12.0,1,0
OT-002861,A-0112,Zona Centro,C23,Correctiva,Reparación correctiva,2026-07-12,2026-07-12,2026-07-12,Cerrada,6.5,6.5,13.3
OT-002862,A-0113,Zona Sur,C23,Preventiva,Mantención preventiva,2025-01-05,2025-01-27,2025-01-27,Cerrada,7.0,1,0
OT-002863,A-0113,Zona Sur,C23,Preventiva,Mantención preventiva,2025-02-05,2025-02-06,2025-02-06,Cerrada,4.0,1,0
OT-002864,A-0113,Zona Sur,C23,Preventiva,Mantención preventiva,2025-03-05,2025-03-09,2025-03-09,Cerrada,7.5,1,0
OT-002865,A-0113,Zona Sur,C23,Preventiva,Mantención preventiva,2025-04-05,2025-04-07,2025-04-07,Cerrada,2.0,1,0
OT-002866,A-0113,Zona Sur,C23,Preventiva,Mantención preventiva,2025-05-05,2025-05-10,2025-05-10,Cerrada,3.0,1,0
OT-002867,A-0113,Zona Sur,C23,Preventiva,Mantención preventiva,2025-06-05,2025-06-11,2025-06-11,Cerrada,10.5,1,0
OT-002868,A-0113,Zona Sur,C23,Preventiva,Mantención preventiva,2025-07-05,2025-07-11,2025-07-11,Cerrada,2.5,1,0
OT-002869,A-0113,Zona Sur,C23,Preventiva,Mantención preventiva,2025-08-05,2025-08-07,2025-08-07,Cerrada,3.0,1,0
OT-002870,A-0113,Zona Sur,C23,Preventiva,Mantención preventiva,2025-09-05,2025-09-11,2025-09-11,Cerrada,3.0,1,0
OT-002871,A-0113,Zona Sur,C23,Preventiva,Mantención preventiva,2025-10-05,,,Abierta,0,0,0
OT-002872,A-0113,Zona Sur,C23,Preventiva,Mantención preventiva,2025-11-05,2025-11-09,2025-11-09,Cerrada,5.0,1,0
OT-002873,A-0113,Zona Sur,C23,Preventiva,Mantención preventiva,2025-12-05,2025-12-06,2025-12-06,Cerrada,4.5,1,0
OT-002874,A-0113,Zona Sur,C23,Preventiva,Mantención preventiva,2026-01-05,2026-01-08,2026-01-08,Cerrada,3.0,1,0
OT-002875,A-0113,Zona Sur,C23,Preventiva,Mantención preventiva,2026-02-05,2026-02-07,2026-02-07,Cerrada,3.0,1,0
OT-002876,A-0113,Zona Sur,C23,Preventiva,Mantención preventiva,2026-03-05,2026-03-10,2026-03-10,Cerrada,5.5,1,0
OT-002877,A-0113,Zona Sur,C23,Preventiva,Mantención preventiva,2026-04-05,2026-04-06,2026-04-06,Cerrada,4.0,1,0
OT-002878,A-0113,Zona Sur,C23,Preventiva,Mantención preventiva,2026-05-05,2026-05-08,2026-05-08,Cerrada,5.5,1,0
OT-002879,A-0113,Zona Sur,C23,Preventiva,Mantención preventiva,2026-06-05,2026-06-07,2026-06-07,Cerrada,2.0,1,0
OT-002880,A-0113,Zona Sur,C23,Preventiva,Mantención preventiva,2026-07-05,2026-07-09,2026-07-09,Cerrada,4.5,1,0
OT-002881,A-0113,Zona Sur,C23,Preventiva,Mantención preventiva,2026-08-05,2026-08-10,2026-08-10,Cerrada,4.0,1,0
OT-002882,A-0113,Zona Sur,C23,Preventiva,Mantención preventiva,2026-09-05,2026-09-07,2026-09-07,Cerrada,3.5,1,0
OT-002883,A-0113,Zona Sur,C23,Preventiva,Mantención preventiva,2026-10-05,2026-10-05,2026-10-05,Cerrada,5.5,1,0
OT-002884,A-0113,Zona Sur,C23,Preventiva,Mantención preventiva,2026-11-05,2026-11-05,2026-11-05,Cerrada,5.5,1,0
OT-002885,A-0113,Zona Sur,C23,Preventiva,Mantención preventiva,2026-12-05,2026-12-05,2026-12-05,Cerrada,1.5,1,0
OT-002886,A-0113,Zona Sur,C23,Correctiva,Reparación correctiva,2025-01-24,2025-01-24,2025-01-24,Cerrada,7.5,7.5,13.1
OT-002887,A-0113,Zona Sur,C23,Correctiva,Reparación correctiva,2025-05-05,2025-05-05,2025-05-05,Cerrada,8.0,8.0,10.7
OT-002888,A-0113,Zona Sur,C23,Correctiva,Reparación correctiva,2025-09-11,2025-09-11,2025-09-12,Cerrada,13.0,13.0,22.9
OT-002889,A-0113,Zona Sur,C23,Correctiva,Reparación correctiva,2025-10-03,2025-10-04,2025-10-04,Cerrada,13.5,13.5,17.6
OT-002890,A-0113,Zona Sur,C23,Correctiva,Reparación correctiva,2025-10-17,2025-10-18,2025-10-18,Cerrada,12.5,12.5,21.3
OT-002891,A-0113,Zona Sur,C23,Correctiva,Reparación correctiva,2025-10-28,2025-10-28,2025-10-28,Cerrada,5.0,5.0,14.6
OT-002892,A-0113,Zona Sur,C23,Correctiva,Reparación correctiva,2026-02-22,2026-02-23,2026-02-23,Cerrada,7.0,7.0,15.3
OT-002893,A-0113,Zona Sur,C23,Correctiva,Reparación correctiva,2026-05-15,2026-05-16,2026-05-16,Cerrada,12.0,12.0,14.2
OT-002894,A-0113,Zona Sur,C23,Correctiva,Reparación correctiva,2026-06-01,2026-06-01,2026-06-02,Cerrada,8.5,8.5,12.5
OT-002895,A-0113,Zona Sur,C23,Correctiva,Reparación correctiva,2026-06-21,2026-06-22,2026-06-22,Cerrada,9.0,9.0,19.8
OT-002896,A-0113,Zona Sur,C23,Correctiva,Reparación correctiva,2026-10-21,2026-10-21,2026-10-22,Cerrada,10.0,10.0,13.5
OT-002897,A-0114,Zona Sur,C23,Preventiva,Mantención preventiva,2025-01-06,2025-01-12,2025-01-12,Cerrada,5.0,1,0
OT-002898,A-0114,Zona Sur,C23,Preventiva,Mantención preventiva,2025-02-06,2025-02-08,2025-02-08,Cerrada,3.0,1,0
OT-002899,A-0114,Zona Sur,C23,Preventiva,Mantención preventiva,2025-03-06,2025-03-09,2025-03-09,Cerrada,5.5,1,0
OT-002900,A-0114,Zona Sur,C23,Preventiva,Mantención preventiva,2025-04-06,2025-04-09,2025-04-09,Cerrada,3.0,1,0
OT-002901,A-0114,Zona Sur,C23,Preventiva,Mantención preventiva,2025-05-06,2025-05-06,2025-05-06,Cerrada,2.0,1,0
OT-002902,A-0114,Zona Sur,C23,Preventiva,Mantención preventiva,2025-06-06,2025-06-12,2025-06-12,Cerrada,5.5,1,0
OT-002903,A-0114,Zona Sur,C23,Preventiva,Mantención preventiva,2025-07-06,2025-07-08,2025-07-08,Cerrada,3.5,1,0
OT-002904,A-0114,Zona Sur,C23,Preventiva,Mantención preventiva,2025-08-06,2025-08-10,2025-08-10,Cerrada,6.5,1,0
OT-002905,A-0114,Zona Sur,C23,Preventiva,Mantención preventiva,2025-09-06,2025-10-08,2025-10-08,Cerrada,6.5,1,0
OT-002906,A-0114,Zona Sur,C23,Preventiva,Mantención preventiva,2025-10-06,2025-10-12,2025-10-12,Cerrada,2.5,1,0
OT-002907,A-0114,Zona Sur,C23,Preventiva,Mantención preventiva,2025-11-06,2025-11-08,2025-11-08,Cerrada,10.0,1,0
OT-002908,A-0114,Zona Sur,C23,Preventiva,Mantención preventiva,2025-12-06,2025-12-18,2025-12-18,Cerrada,11.0,1,0
OT-002909,A-0114,Zona Sur,C23,Preventiva,Mantención preventiva,2026-01-06,2026-01-10,2026-01-10,Cerrada,3.5,1,0
OT-002910,A-0114,Zona Sur,C23,Preventiva,Mantención preventiva,2026-02-06,2026-02-20,2026-02-20,Cerrada,2.5,1,0
OT-002911,A-0114,Zona Sur,C23,Preventiva,Mantención preventiva,2026-03-06,2026-03-09,2026-03-09,Cerrada,6.0,1,0
OT-002912,A-0114,Zona Sur,C23,Preventiva,Mantención preventiva,2026-04-06,2026-04-11,2026-04-11,Cerrada,7.5,1,0
OT-002913,A-0114,Zona Sur,C23,Preventiva,Mantención preventiva,2026-05-06,2026-05-12,2026-05-12,Cerrada,3.0,1,0
OT-002914,A-0114,Zona Sur,C23,Preventiva,Mantención preventiva,2026-06-06,2026-06-08,2026-06-08,Cerrada,2.0,1,0
OT-002915,A-0114,Zona Sur,C23,Preventiva,Mantención preventiva,2026-07-06,2026-07-11,2026-07-11,Cerrada,5.5,1,0
OT-002916,A-0114,Zona Sur,C23,Preventiva,Mantención preventiva,2026-08-06,2026-08-09,2026-08-09,Cerrada,2.0,1,0
OT-002917,A-0114,Zona Sur,C23,Preventiva,Mantención preventiva,2026-09-06,2026-09-09,2026-09-09,Cerrada,13.0,1,0
OT-002918,A-0114,Zona Sur,C23,Preventiva,Mantención preventiva,2026-10-06,2026-10-31,2026-10-31,Cerrada,8.5,1,0
OT-002919,A-0114,Zona Sur,C23,Preventiva,Mantención preventiva,2026-11-06,2026-11-08,2026-11-08,Cerrada,2.5,1,0
OT-002920,A-0114,Zona Sur,C23,Preventiva,Mantención preventiva,2026-12-06,2026-12-07,2026-12-07,Cerrada,11.0,1,0
OT-002921,A-0115,Zona Norte,C24,Preventiva,Mantención preventiva,2025-01-28,2025-02-03,2025-02-03,Cerrada,0.5,1,0
OT-002922,A-0115,Zona Norte,C24,Preventiva,Mantención preventiva,2025-04-28,2025-04-29,2025-04-29,Cerrada,5.5,1,0
OT-002923,A-0115,Zona Norte,C24,Preventiva,Mantención preventiva,2025-07-28,2025-07-28,2025-07-28,Cerrada,3.0,1,0
OT-002924,A-0115,Zona Norte,C24,Preventiva,Mantención preventiva,2025-10-28,2025-10-29,2025-10-29,Cerrada,1.0,1,0
OT-002925,A-0115,Zona Norte,C24,Preventiva,Mantención preventiva,2026-01-28,2026-02-14,2026-02-14,Cerrada,1.5,1,0
OT-002926,A-0115,Zona Norte,C24,Preventiva,Mantención preventiva,2026-04-28,2026-05-02,2026-05-02,Cerrada,2.0,1,0
OT-002927,A-0115,Zona Norte,C24,Preventiva,Mantención preventiva,2026-07-28,2026-07-30,2026-07-30,Cerrada,1.0,1,0
OT-002928,A-0115,Zona Norte,C24,Preventiva,Mantención preventiva,2026-10-28,2026-12-01,2026-12-01,Cerrada,2.0,1,0
OT-002929,A-0115,Zona Norte,C24,Correctiva,Reparación correctiva,2025-03-24,2025-03-26,2025-03-26,Cerrada,3.5,3.5,47.4
OT-002930,A-0115,Zona Norte,C24,Correctiva,Reparación correctiva,2025-05-20,2025-05-22,2025-05-22,Cerrada,6.5,6.5,45.6
OT-002931,A-0115,Zona Norte,C24,Correctiva,Reparación correctiva,2025-05-24,2025-05-25,2025-05-26,Cerrada,11.0,11.0,41.2
OT-002932,A-0115,Zona Norte,C24,Correctiva,Reparación correctiva,2025-08-14,2025-08-15,2025-08-16,Cerrada,6.5,6.5,37.9
OT-002933,A-0115,Zona Norte,C24,Correctiva,Reparación correctiva,2026-01-05,2026-01-06,2026-01-06,Cerrada,6.5,6.5,23.5
OT-002934,A-0115,Zona Norte,C24,Correctiva,Reparación correctiva,2026-04-22,2026-04-22,2026-04-23,Cerrada,4.0,4.0,18.9
OT-002935,A-0115,Zona Norte,C24,Correctiva,Reparación correctiva,2026-06-23,2026-06-24,2026-06-24,Cerrada,3.0,3.0,16.5
OT-002936,A-0115,Zona Norte,C24,Correctiva,Reparación correctiva,2026-10-13,2026-10-14,2026-10-14,Cerrada,8.5,8.5,32.6
OT-002937,A-0115,Zona Norte,C24,Correctiva,Reparación correctiva,2026-11-27,2026-11-28,2026-11-29,Cerrada,3.5,3.5,39.1
OT-002938,A-0116,Zona Norte,C24,Preventiva,Mantención preventiva,2025-03-25,,,Abierta,0,0,0
OT-002939,A-0116,Zona Norte,C24,Preventiva,Mantención preventiva,2025-06-25,2025-06-30,2025-06-30,Cerrada,2.0,1,0
OT-002940,A-0116,Zona Norte,C24,Preventiva,Mantención preventiva,2025-09-25,2025-10-15,2025-10-15,Cerrada,2.5,1,0
OT-002941,A-0116,Zona Norte,C24,Preventiva,Mantención preventiva,2025-12-25,2025-12-27,2025-12-27,Cerrada,1.5,1,0
OT-002942,A-0116,Zona Norte,C24,Preventiva,Mantención preventiva,2026-03-25,2026-04-08,2026-04-08,Cerrada,1.5,1,0
OT-002943,A-0116,Zona Norte,C24,Preventiva,Mantención preventiva,2026-06-25,2026-07-01,2026-07-01,Cerrada,3.5,1,0
OT-002944,A-0116,Zona Norte,C24,Preventiva,Mantención preventiva,2026-09-25,2026-09-25,2026-09-25,Cerrada,2.5,1,0
OT-002945,A-0116,Zona Norte,C24,Preventiva,Mantención preventiva,2026-12-25,2026-12-30,2026-12-30,Cerrada,3.0,1,0
OT-002946,A-0116,Zona Norte,C24,Correctiva,Reparación correctiva,2025-02-12,2025-02-13,2025-02-13,Cerrada,18.0,18.0,40.9
OT-002947,A-0116,Zona Norte,C24,Correctiva,Reparación correctiva,2025-05-14,2025-05-15,2025-05-15,Cerrada,4.5,4.5,37.9
OT-002948,A-0116,Zona Norte,C24,Correctiva,Reparación correctiva,2025-06-09,2025-06-10,2025-06-11,Cerrada,14.0,14.0,43.0
OT-002949,A-0116,Zona Norte,C24,Correctiva,Reparación correctiva,2025-10-19,2025-10-20,2025-10-21,Cerrada,9.0,9.0,36.2
OT-002950,A-0116,Zona Norte,C24,Correctiva,Reparación correctiva,2026-07-14,2026-07-16,2026-07-16,Cerrada,9.5,9.5,46.2
OT-002951,A-0117,Zona Norte,C24,Preventiva,Mantención preventiva,2025-01-16,2025-01-16,2025-01-16,Cerrada,2.0,1,0
OT-002952,A-0117,Zona Norte,C24,Preventiva,Mantención preventiva,2025-04-16,2025-04-19,2025-04-19,Cerrada,1.5,1,0
OT-002953,A-0117,Zona Norte,C24,Preventiva,Mantención preventiva,2025-07-16,2025-08-21,2025-08-21,Cerrada,1.5,1,0
OT-002954,A-0117,Zona Norte,C24,Preventiva,Mantención preventiva,2025-10-16,2025-10-17,2025-10-17,Cerrada,3.5,1,0
OT-002955,A-0117,Zona Norte,C24,Preventiva,Mantención preventiva,2026-01-16,2026-01-20,2026-01-20,Cerrada,2.5,1,0
OT-002956,A-0117,Zona Norte,C24,Preventiva,Mantención preventiva,2026-04-16,2026-04-21,2026-04-21,Cerrada,3.5,1,0
OT-002957,A-0117,Zona Norte,C24,Preventiva,Mantención preventiva,2026-07-16,2026-07-21,2026-07-21,Cerrada,1.0,1,0
OT-002958,A-0117,Zona Norte,C24,Preventiva,Mantención preventiva,2026-10-16,2026-10-19,2026-10-19,Cerrada,1.5,1,0
OT-002959,A-0117,Zona Norte,C24,Correctiva,Reparación correctiva,2025-06-22,2025-06-23,2025-06-23,Cerrada,5.5,5.5,18.9
OT-002960,A-0117,Zona Norte,C24,Correctiva,Reparación correctiva,2025-10-05,2025-10-07,2025-10-07,Cerrada,2.0,2.0,48.9
OT-002961,A-0117,Zona Norte,C24,Correctiva,Reparación correctiva,2025-10-31,2025-11-01,2025-11-01,Cerrada,8.5,8.5,34.4
OT-002962,A-0117,Zona Norte,C24,Correctiva,Reparación correctiva,2025-11-17,2025-11-18,2025-11-18,Cerrada,3.5,3.5,29.1
OT-002963,A-0117,Zona Norte,C24,Correctiva,Reparación correctiva,2026-05-17,2026-05-18,2026-05-18,Cerrada,4.5,4.5,37.5
OT-002964,A-0117,Zona Norte,C24,Correctiva,Reparación correctiva,2026-10-12,2026-10-14,2026-10-15,Cerrada,3.0,3.0,49.1
OT-002965,A-0117,Zona Norte,C24,Correctiva,Reparación correctiva,2026-10-25,2026-10-27,2026-10-27,Cerrada,5.0,5.0,52.2
OT-002966,A-0117,Zona Norte,C24,Correctiva,Reparación correctiva,2026-12-26,2026-12-28,2026-12-28,Cerrada,3.5,3.5,44.1
OT-002967,A-0118,Zona Norte,C24,Preventiva,Mantención preventiva,2025-02-21,2025-02-24,2025-02-24,Cerrada,2.5,1,0
OT-002968,A-0118,Zona Norte,C24,Preventiva,Mantención preventiva,2025-05-21,2025-05-24,2025-05-24,Cerrada,7.5,1,0
OT-002969,A-0118,Zona Norte,C24,Preventiva,Mantención preventiva,2025-08-21,2025-08-25,2025-08-25,Cerrada,1.0,1,0
OT-002970,A-0118,Zona Norte,C24,Preventiva,Mantención preventiva,2025-11-21,2025-11-24,2025-11-24,Cerrada,3.5,1,0
OT-002971,A-0118,Zona Norte,C24,Preventiva,Mantención preventiva,2026-02-21,2026-02-24,2026-02-24,Cerrada,1.5,1,0
OT-002972,A-0118,Zona Norte,C24,Preventiva,Mantención preventiva,2026-05-21,2026-05-22,2026-05-22,Cerrada,1.5,1,0
OT-002973,A-0118,Zona Norte,C24,Preventiva,Mantención preventiva,2026-08-21,2026-09-23,2026-09-23,Cerrada,3.5,1,0
OT-002974,A-0118,Zona Norte,C24,Preventiva,Mantención preventiva,2026-11-21,2026-11-25,2026-11-25,Cerrada,2.5,1,0
OT-002975,A-0118,Zona Norte,C24,Correctiva,Reparación correctiva,2025-05-31,2025-06-01,2025-06-01,Cerrada,3.0,3.0,26.5
OT-002976,A-0118,Zona Norte,C24,Correctiva,Reparación correctiva,2025-06-21,2025-06-23,2025-06-23,Cerrada,4.5,4.5,40.4
OT-002977,A-0118,Zona Norte,C24,Correctiva,Reparación correctiva,2025-07-08,2025-07-10,2025-07-10,Cerrada,10.5,10.5,42.4
OT-002978,A-0118,Zona Norte,C24,Correctiva,Reparación correctiva,2025-07-15,2025-07-16,2025-07-17,Cerrada,6.5,6.5,42.5
OT-002979,A-0118,Zona Norte,C24,Correctiva,Reparación correctiva,2025-11-21,2025-11-22,2025-11-22,Cerrada,2.0,2.0,31.2
OT-002980,A-0118,Zona Norte,C24,Correctiva,Reparación correctiva,2026-01-08,2026-01-09,2026-01-09,Cerrada,3.0,3.0,37.5
OT-002981,A-0118,Zona Norte,C24,Correctiva,Reparación correctiva,2026-01-12,2026-01-13,2026-01-13,Cerrada,4.0,4.0,27.5
OT-002982,A-0118,Zona Norte,C24,Correctiva,Reparación correctiva,2026-05-08,2026-05-09,2026-05-09,Cerrada,3.5,3.5,29.0
OT-002983,A-0118,Zona Norte,C24,Correctiva,Reparación correctiva,2026-05-31,2026-06-02,2026-06-02,Cerrada,3.0,3.0,47.7
OT-002984,A-0118,Zona Norte,C24,Correctiva,Reparación correctiva,2026-08-03,2026-08-04,2026-08-05,Cerrada,11.5,11.5,38.1
OT-002985,A-0118,Zona Norte,C24,Correctiva,Reparación correctiva,2026-08-28,2026-08-29,2026-08-30,Cerrada,4.5,4.5,35.3
OT-002986,A-0118,Zona Norte,C24,Correctiva,Reparación correctiva,2026-11-19,2026-11-20,2026-11-20,Cerrada,5.5,5.5,32.5
OT-002987,A-0119,Zona Norte,C24,Preventiva,Mantención preventiva,2025-03-02,2025-03-05,2025-03-05,Cerrada,1.5,1,0
OT-002988,A-0119,Zona Norte,C24,Preventiva,Mantención preventiva,2025-06-02,,,Abierta,0,0,0
OT-002989,A-0119,Zona Norte,C24,Preventiva,Mantención preventiva,2025-09-02,2025-09-08,2025-09-08,Cerrada,2.5,1,0
OT-002990,A-0119,Zona Norte,C24,Preventiva,Mantención preventiva,2025-12-02,2025-12-05,2025-12-05,Cerrada,2.5,1,0
OT-002991,A-0119,Zona Norte,C24,Preventiva,Mantención preventiva,2026-03-02,2026-03-18,2026-03-18,Cerrada,2.5,1,0
OT-002992,A-0119,Zona Norte,C24,Preventiva,Mantención preventiva,2026-06-02,2026-06-04,2026-06-04,Cerrada,3.0,1,0
OT-002993,A-0119,Zona Norte,C24,Preventiva,Mantención preventiva,2026-09-02,2026-09-07,2026-09-07,Cerrada,2.0,1,0
OT-002994,A-0119,Zona Norte,C24,Preventiva,Mantención preventiva,2026-12-02,2026-12-06,2026-12-06,Cerrada,2.0,1,0
OT-002995,A-0119,Zona Norte,C24,Correctiva,Reparación correctiva,2025-01-20,2025-01-22,2025-01-22,Cerrada,3.0,3.0,50.0
OT-002996,A-0119,Zona Norte,C24,Correctiva,Reparación correctiva,2025-05-01,2025-05-02,2025-05-02,Cerrada,6.0,6.0,28.0
OT-002997,A-0119,Zona Norte,C24,Correctiva,Reparación correctiva,2025-05-20,2025-05-21,2025-05-22,Cerrada,17.5,17.5,51.6
OT-002998,A-0119,Zona Norte,C24,Correctiva,Reparación correctiva,2025-09-02,2025-09-03,2025-09-03,Cerrada,8.0,8.0,26.8
OT-002999,A-0119,Zona Norte,C24,Correctiva,Reparación correctiva,2025-11-13,2025-11-14,2025-11-14,Cerrada,4.0,4.0,23.4
OT-003000,A-0119,Zona Norte,C24,Correctiva,Reparación correctiva,2025-11-24,2025-11-26,2025-11-26,Cerrada,3.5,3.5,41.5
OT-003001,A-0119,Zona Norte,C24,Correctiva,Reparación correctiva,2026-02-14,2026-02-16,2026-02-16,Cerrada,1.0,1.0,35.8
OT-003002,A-0119,Zona Norte,C24,Correctiva,Reparación correctiva,2026-07-14,2026-07-15,2026-07-15,Cerrada,3.0,3.0,28.5
OT-003003,A-0120,Zona Norte,C24,Preventiva,Mantención preventiva,2025-02-18,2025-02-20,2025-02-20,Cerrada,3.0,1,0
OT-003004,A-0120,Zona Norte,C24,Preventiva,Mantención preventiva,2025-05-18,,,Abierta,0,0,0
OT-003005,A-0120,Zona Norte,C24,Preventiva,Mantención preventiva,2025-08-18,2025-09-20,2025-09-20,Cerrada,3.0,1,0
OT-003006,A-0120,Zona Norte,C24,Preventiva,Mantención preventiva,2025-11-18,2025-11-19,2025-11-19,Cerrada,3.5,1,0
OT-003007,A-0120,Zona Norte,C24,Preventiva,Mantención preventiva,2026-02-18,2026-02-21,2026-02-21,Cerrada,2.5,1,0
OT-003008,A-0120,Zona Norte,C24,Preventiva,Mantención preventiva,2026-05-18,2026-05-20,2026-05-20,Cerrada,1.0,1,0
OT-003009,A-0120,Zona Norte,C24,Preventiva,Mantención preventiva,2026-08-18,2026-08-18,2026-08-18,Cerrada,2.5,1,0
OT-003010,A-0120,Zona Norte,C24,Preventiva,Mantención preventiva,2026-11-18,2026-11-22,2026-11-22,Cerrada,3.5,1,0
OT-003011,A-0120,Zona Norte,C24,Correctiva,Reparación correctiva,2025-01-25,2025-01-26,2025-01-26,Cerrada,6.5,6.5,26.4
OT-003012,A-0120,Zona Norte,C24,Correctiva,Reparación correctiva,2025-09-19,2025-09-20,2025-09-20,Cerrada,6.0,6.0,30.7
OT-003013,A-0120,Zona Norte,C24,Correctiva,Reparación correctiva,2025-10-06,2025-10-08,2025-10-08,Cerrada,3.5,3.5,50.3
OT-003014,A-0120,Zona Norte,C24,Correctiva,Reparación correctiva,2025-10-07,2025-10-08,2025-10-08,Cerrada,5.5,5.5,23.3
OT-003015,A-0120,Zona Norte,C24,Correctiva,Reparación correctiva,2026-09-01,2026-09-03,2026-09-03,Cerrada,3.0,3.0,44.1
OT-003016,A-0120,Zona Norte,C24,Correctiva,Reparación correctiva,2026-10-18,2026-10-19,2026-10-19,Cerrada,11.5,11.5,32.2
OT-003017,A-0121,Zona Norte,C24,Preventiva,Mantención preventiva,2025-02-04,2025-02-09,2025-02-09,Cerrada,1.5,1,0
OT-003018,A-0121,Zona Norte,C24,Preventiva,Mantención preventiva,2025-05-04,2025-05-07,2025-05-07,Cerrada,2.5,1,0
OT-003019,A-0121,Zona Norte,C24,Preventiva,Mantención preventiva,2025-08-04,2025-09-07,2025-09-07,Cerrada,3.5,1,0
OT-003020,A-0121,Zona Norte,C24,Preventiva,Mantención preventiva,2025-11-04,2025-12-06,2025-12-06,Cerrada,1.0,1,0
OT-003021,A-0121,Zona Norte,C24,Preventiva,Mantención preventiva,2026-02-04,2026-02-08,2026-02-08,Cerrada,2.0,1,0
OT-003022,A-0121,Zona Norte,C24,Preventiva,Mantención preventiva,2026-05-04,2026-05-07,2026-05-07,Cerrada,6.0,1,0
OT-003023,A-0121,Zona Norte,C24,Preventiva,Mantención preventiva,2026-08-04,2026-08-09,2026-08-09,Cerrada,3.0,1,0
OT-003024,A-0121,Zona Norte,C24,Preventiva,Mantención preventiva,2026-11-04,2026-11-05,2026-11-05,Cerrada,2.0,1,0
OT-003025,A-0121,Zona Norte,C24,Correctiva,Reparación correctiva,2025-01-26,2025-01-27,2025-01-27,Cerrada,2.5,2.5,25.0
OT-003026,A-0121,Zona Norte,C24,Correctiva,Reparación correctiva,2025-03-24,2025-03-25,2025-03-25,Cerrada,7.5,7.5,20.4
OT-003027,A-0121,Zona Norte,C24,Correctiva,Reparación correctiva,2025-07-10,2025-07-11,2025-07-11,Cerrada,7.0,7.0,35.3
OT-003028,A-0121,Zona Norte,C24,Correctiva,Reparación correctiva,2025-08-17,2025-08-18,2025-08-18,Cerrada,4.5,4.5,30.2
OT-003029,A-0121,Zona Norte,C24,Correctiva,Reparación correctiva,2026-03-21,2026-03-22,2026-03-22,Cerrada,3.5,3.5,18.7
OT-003030,A-0121,Zona Norte,C24,Correctiva,Reparación correctiva,2026-05-01,2026-05-03,2026-05-03,Cerrada,4.5,4.5,52.4
OT-003031,A-0121,Zona Norte,C24,Correctiva,Reparación correctiva,2026-10-21,2026-10-23,2026-10-23,Cerrada,7.5,7.5,42.7
OT-003032,A-0122,Zona Norte,C24,Preventiva,Mantención preventiva,2025-02-12,2025-02-13,2025-02-13,Cerrada,5.5,1,0
OT-003033,A-0122,Zona Norte,C24,Preventiva,Mantención preventiva,2025-05-12,2025-05-18,2025-05-18,Cerrada,1.5,1,0
OT-003034,A-0122,Zona Norte,C24,Preventiva,Mantención preventiva,2025-08-12,2025-08-15,2025-08-15,Cerrada,2.0,1,0
OT-003035,A-0122,Zona Norte,C24,Preventiva,Mantención preventiva,2025-11-12,2025-11-12,2025-11-12,Cerrada,3.5,1,0
OT-003036,A-0122,Zona Norte,C24,Preventiva,Mantención preventiva,2026-02-12,2026-03-03,2026-03-03,Cerrada,2.0,1,0
OT-003037,A-0122,Zona Norte,C24,Preventiva,Mantención preventiva,2026-05-12,2026-05-13,2026-05-13,Cerrada,0.5,1,0
OT-003038,A-0122,Zona Norte,C24,Preventiva,Mantención preventiva,2026-08-12,2026-08-17,2026-08-17,Cerrada,1.0,1,0
OT-003039,A-0122,Zona Norte,C24,Preventiva,Mantención preventiva,2026-11-12,2026-11-18,2026-11-18,Cerrada,2.0,1,0
OT-003040,A-0122,Zona Norte,C24,Correctiva,Reparación correctiva,2025-04-26,2025-04-27,2025-04-27,Cerrada,7.5,7.5,25.0
OT-003041,A-0122,Zona Norte,C24,Correctiva,Reparación correctiva,2025-04-27,2025-04-29,2025-04-29,Cerrada,7.5,7.5,50.3
OT-003042,A-0122,Zona Norte,C24,Correctiva,Reparación correctiva,2025-04-29,2025-04-30,2025-05-01,Cerrada,9.5,9.5,39.7
OT-003043,A-0122,Zona Norte,C24,Correctiva,Reparación correctiva,2025-05-28,2025-05-29,2025-05-29,Cerrada,3.0,3.0,23.8
OT-003044,A-0122,Zona Norte,C24,Correctiva,Reparación correctiva,2025-06-23,2025-06-25,2025-06-25,Cerrada,6.0,6.0,41.0
OT-003045,A-0122,Zona Norte,C24,Correctiva,Reparación correctiva,2025-08-05,2025-08-05,2025-08-05,Cerrada,3.5,3.5,15.5
OT-003046,A-0122,Zona Norte,C24,Correctiva,Reparación correctiva,2025-11-15,2025-11-16,2025-11-16,Cerrada,5.0,5.0,31.2
OT-003047,A-0122,Zona Norte,C24,Correctiva,Reparación correctiva,2026-01-21,2026-01-23,2026-01-23,Cerrada,8.5,8.5,55.1
OT-003048,A-0122,Zona Norte,C24,Correctiva,Reparación correctiva,2026-04-14,2026-04-16,2026-04-16,Cerrada,11.5,11.5,49.4
OT-003049,A-0122,Zona Norte,C24,Correctiva,Reparación correctiva,2026-06-20,2026-06-21,2026-06-21,Cerrada,4.5,4.5,31.2
OT-003050,A-0122,Zona Norte,C24,Correctiva,Reparación correctiva,2026-11-14,2026-11-15,2026-11-15,Cerrada,5.0,5.0,24.4
OT-003051,A-0122,Zona Norte,C24,Correctiva,Reparación correctiva,2026-12-16,2026-12-17,2026-12-18,Cerrada,4.0,4.0,37.8
OT-003052,A-0123,Zona Norte,C24,Preventiva,Mantención preventiva,2025-02-16,2025-02-16,2025-02-16,Cerrada,1.0,1,0
OT-003053,A-0123,Zona Norte,C24,Preventiva,Mantención preventiva,2025-05-16,2025-06-21,2025-06-21,Cerrada,5.0,1,0
OT-003054,A-0123,Zona Norte,C24,Preventiva,Mantención preventiva,2025-08-16,2025-08-17,2025-08-17,Cerrada,4.5,1,0
OT-003055,A-0123,Zona Norte,C24,Preventiva,Mantención preventiva,2025-11-16,2025-11-21,2025-11-21,Cerrada,2.0,1,0
OT-003056,A-0123,Zona Norte,C24,Preventiva,Mantención preventiva,2026-02-16,2026-02-19,2026-02-19,Cerrada,4.5,1,0
OT-003057,A-0123,Zona Norte,C24,Preventiva,Mantención preventiva,2026-05-16,2026-05-21,2026-05-21,Cerrada,4.5,1,0
OT-003058,A-0123,Zona Norte,C24,Preventiva,Mantención preventiva,2026-08-16,2026-08-19,2026-08-19,Cerrada,1.0,1,0
OT-003059,A-0123,Zona Norte,C24,Preventiva,Mantención preventiva,2026-11-16,2026-11-16,2026-11-16,Cerrada,2.5,1,0
OT-003060,A-0123,Zona Norte,C24,Correctiva,Reparación correctiva,2025-01-20,2025-01-22,2025-01-22,Cerrada,1.5,1.5,46.7
OT-003061,A-0123,Zona Norte,C24,Correctiva,Reparación correctiva,2025-02-17,2025-02-18,2025-02-18,Cerrada,2.5,2.5,15.4
OT-003062,A-0123,Zona Norte,C24,Correctiva,Reparación correctiva,2025-02-19,2025-02-20,2025-02-21,Cerrada,7.5,7.5,34.0
OT-003063,A-0123,Zona Norte,C24,Correctiva,Reparación correctiva,2025-05-18,2025-05-19,2025-05-19,Cerrada,2.0,2.0,24.3
OT-003064,A-0123,Zona Norte,C24,Correctiva,Reparación correctiva,2025-05-30,2025-05-31,2025-05-31,Cerrada,4.5,4.5,32.3
OT-003065,A-0123,Zona Norte,C24,Correctiva,Reparación correctiva,2025-06-02,2025-06-04,2025-06-04,Cerrada,7.5,7.5,47.6
OT-003066,A-0123,Zona Norte,C24,Correctiva,Reparación correctiva,2025-06-08,2025-06-10,2025-06-11,Cerrada,8.5,8.5,55.4
OT-003067,A-0123,Zona Norte,C24,Correctiva,Reparación correctiva,2025-09-14,2025-09-15,2025-09-15,Cerrada,6.0,6.0,33.8
OT-003068,A-0123,Zona Norte,C24,Correctiva,Reparación correctiva,2025-09-27,2025-09-29,2025-09-29,Cerrada,2.5,2.5,47.4
OT-003069,A-0123,Zona Norte,C24,Correctiva,Reparación correctiva,2025-11-11,2025-11-12,2025-11-12,Cerrada,2.5,2.5,16.0
OT-003070,A-0123,Zona Norte,C24,Correctiva,Reparación correctiva,2025-12-30,2026-01-01,2026-01-01,Cerrada,2.0,2.0,43.7
OT-003071,A-0123,Zona Norte,C24,Correctiva,Reparación correctiva,2026-01-26,2026-01-27,2026-01-28,Cerrada,7.0,7.0,52.0
OT-003072,A-0123,Zona Norte,C24,Correctiva,Reparación correctiva,2026-03-26,2026-03-27,2026-03-27,Cerrada,1.0,1.0,15.4
OT-003073,A-0123,Zona Norte,C24,Correctiva,Reparación correctiva,2026-11-14,2026-11-15,2026-11-15,Cerrada,2.0,2.0,31.8
OT-003074,A-0124,Zona Norte,C24,Preventiva,Mantención preventiva,2025-03-24,,,Abierta,0,0,0
OT-003075,A-0124,Zona Norte,C24,Preventiva,Mantención preventiva,2025-06-24,2025-07-18,2025-07-18,Cerrada,3.0,1,0
OT-003076,A-0124,Zona Norte,C24,Preventiva,Mantención preventiva,2025-09-24,2025-10-23,2025-10-23,Cerrada,3.0,1,0
OT-003077,A-0124,Zona Norte,C24,Preventiva,Mantención preventiva,2025-12-24,2025-12-29,2025-12-29,Cerrada,5.5,1,0
OT-003078,A-0124,Zona Norte,C24,Preventiva,Mantención preventiva,2026-03-24,2026-03-30,2026-03-30,Cerrada,6.0,1,0
OT-003079,A-0124,Zona Norte,C24,Preventiva,Mantención preventiva,2026-06-24,2026-06-24,2026-06-24,Cerrada,2.5,1,0
OT-003080,A-0124,Zona Norte,C24,Preventiva,Mantención preventiva,2026-09-24,,,Abierta,0,0,0
OT-003081,A-0124,Zona Norte,C24,Preventiva,Mantención preventiva,2026-12-24,2026-12-29,2026-12-29,Cerrada,4.0,1,0
OT-003082,A-0124,Zona Norte,C24,Correctiva,Reparación correctiva,2025-01-27,2025-01-29,2025-01-29,Cerrada,6.0,6.0,47.7
OT-003083,A-0124,Zona Norte,C24,Correctiva,Reparación correctiva,2025-02-19,2025-02-20,2025-02-21,Cerrada,4.5,4.5,50.9
OT-003084,A-0124,Zona Norte,C24,Correctiva,Reparación correctiva,2025-02-28,2025-03-01,2025-03-01,Cerrada,2.5,2.5,34.0
OT-003085,A-0124,Zona Norte,C24,Correctiva,Reparación correctiva,2025-04-18,2025-04-19,2025-04-19,Cerrada,3.5,3.5,27.4
OT-003086,A-0124,Zona Norte,C24,Correctiva,Reparación correctiva,2025-04-24,2025-04-25,2025-04-25,Cerrada,8.5,8.5,31.8
OT-003087,A-0124,Zona Norte,C24,Correctiva,Reparación correctiva,2025-09-23,2025-09-24,2025-09-24,Cerrada,4.5,4.5,22.0
OT-003088,A-0124,Zona Norte,C24,Correctiva,Reparación correctiva,2026-05-31,2026-05-31,2026-05-31,Cerrada,3.5,3.5,19.8
OT-003089,A-0124,Zona Norte,C24,Correctiva,Reparación correctiva,2026-08-18,2026-08-20,2026-08-20,Cerrada,7.0,7.0,33.6
OT-003090,A-0124,Zona Norte,C24,Correctiva,Reparación correctiva,2026-11-11,2026-11-12,2026-11-12,Cerrada,3.0,3.0,20.9
OT-003091,A-0124,Zona Norte,C24,Correctiva,Reparación correctiva,2026-12-24,2026-12-25,2026-12-25,Cerrada,4.5,4.5,19.5
OT-003092,A-0125,Zona Centro,C24,Preventiva,Mantención preventiva,2025-03-21,2025-03-21,2025-03-21,Cerrada,1.5,1,0
OT-003093,A-0125,Zona Centro,C24,Preventiva,Mantención preventiva,2025-06-21,2025-07-21,2025-07-21,Cerrada,3.0,1,0
OT-003094,A-0125,Zona Centro,C24,Preventiva,Mantención preventiva,2025-09-21,2025-09-23,2025-09-23,Cerrada,2.0,1,0
OT-003095,A-0125,Zona Centro,C24,Preventiva,Mantención preventiva,2025-12-21,2025-12-21,2025-12-21,Cerrada,4.5,1,0
OT-003096,A-0125,Zona Centro,C24,Preventiva,Mantención preventiva,2026-03-21,2026-03-22,2026-03-22,Cerrada,2.5,1,0
OT-003097,A-0125,Zona Centro,C24,Preventiva,Mantención preventiva,2026-06-21,2026-06-27,2026-06-27,Cerrada,3.0,1,0
OT-003098,A-0125,Zona Centro,C24,Preventiva,Mantención preventiva,2026-09-21,2026-09-21,2026-09-21,Cerrada,2.0,1,0
OT-003099,A-0125,Zona Centro,C24,Preventiva,Mantención preventiva,2026-12-21,2026-12-27,2026-12-27,Cerrada,3.0,1,0
OT-003100,A-0125,Zona Centro,C24,Correctiva,Reparación correctiva,2025-03-25,2025-03-27,2025-03-27,Cerrada,7.5,7.5,44.3
OT-003101,A-0125,Zona Centro,C24,Correctiva,Reparación correctiva,2025-08-22,2025-08-23,2025-08-23,Cerrada,4.5,4.5,29.4
OT-003102,A-0125,Zona Centro,C24,Correctiva,Reparación correctiva,2025-12-10,2025-12-11,2025-12-11,Cerrada,6.5,6.5,32.9
OT-003103,A-0125,Zona Centro,C24,Correctiva,Reparación correctiva,2026-12-21,2026-12-22,2026-12-22,Cerrada,3.5,3.5,26.6
OT-003104,A-0126,Zona Centro,C24,Preventiva,Mantención preventiva,2025-01-02,2025-01-06,2025-01-06,Cerrada,4.0,1,0
OT-003105,A-0126,Zona Centro,C24,Preventiva,Mantención preventiva,2025-04-02,,,Abierta,0,0,0
OT-003106,A-0126,Zona Centro,C24,Preventiva,Mantención preventiva,2025-07-02,2025-07-07,2025-07-07,Cerrada,4.0,1,0
OT-003107,A-0126,Zona Centro,C24,Preventiva,Mantención preventiva,2025-10-02,2025-11-06,2025-11-06,Cerrada,1.0,1,0
OT-003108,A-0126,Zona Centro,C24,Preventiva,Mantención preventiva,2026-01-02,2026-01-07,2026-01-07,Cerrada,3.0,1,0
OT-003109,A-0126,Zona Centro,C24,Preventiva,Mantención preventiva,2026-04-02,,,Abierta,0,0,0
OT-003110,A-0126,Zona Centro,C24,Preventiva,Mantención preventiva,2026-07-02,2026-07-05,2026-07-05,Cerrada,3.5,1,0
OT-003111,A-0126,Zona Centro,C24,Preventiva,Mantención preventiva,2026-10-02,2026-10-04,2026-10-04,Cerrada,4.0,1,0
OT-003112,A-0126,Zona Centro,C24,Correctiva,Reparación correctiva,2025-01-19,2025-01-20,2025-01-21,Cerrada,5.5,5.5,35.4
OT-003113,A-0126,Zona Centro,C24,Correctiva,Reparación correctiva,2025-05-10,2025-05-11,2025-05-11,Cerrada,2.5,2.5,26.1
OT-003114,A-0126,Zona Centro,C24,Correctiva,Reparación correctiva,2026-03-12,2026-03-14,2026-03-14,Cerrada,5.5,5.5,32.7
OT-003115,A-0126,Zona Centro,C24,Correctiva,Reparación correctiva,2026-03-13,2026-03-15,2026-03-15,Cerrada,9.5,9.5,49.7
OT-003116,A-0126,Zona Centro,C24,Correctiva,Reparación correctiva,2026-05-12,2026-05-14,2026-05-15,Cerrada,2.5,2.5,50.1
OT-003117,A-0127,Zona Centro,C24,Preventiva,Mantención preventiva,2025-01-24,2025-01-24,2025-01-24,Cerrada,5.0,1,0
OT-003118,A-0127,Zona Centro,C24,Preventiva,Mantención preventiva,2025-04-24,2025-05-25,2025-05-25,Cerrada,2.0,1,0
OT-003119,A-0127,Zona Centro,C24,Preventiva,Mantención preventiva,2025-07-24,2025-09-02,2025-09-02,Cerrada,2.0,1,0
OT-003120,A-0127,Zona Centro,C24,Preventiva,Mantención preventiva,2025-10-24,2025-10-30,2025-10-30,Cerrada,4.0,1,0
OT-003121,A-0127,Zona Centro,C24,Preventiva,Mantención preventiva,2026-01-24,2026-01-28,2026-01-28,Cerrada,3.0,1,0
OT-003122,A-0127,Zona Centro,C24,Preventiva,Mantención preventiva,2026-04-24,,,Abierta,0,0,0
OT-003123,A-0127,Zona Centro,C24,Preventiva,Mantención preventiva,2026-07-24,2026-08-30,2026-08-30,Cerrada,2.5,1,0
OT-003124,A-0127,Zona Centro,C24,Preventiva,Mantención preventiva,2026-10-24,2026-10-28,2026-10-28,Cerrada,4.5,1,0
OT-003125,A-0127,Zona Centro,C24,Correctiva,Reparación correctiva,2025-02-27,2025-03-01,2025-03-01,Cerrada,5.0,5.0,48.6
OT-003126,A-0127,Zona Centro,C24,Correctiva,Reparación correctiva,2025-04-02,2025-04-04,2025-04-04,Cerrada,4.0,4.0,37.3
OT-003127,A-0127,Zona Centro,C24,Correctiva,Reparación correctiva,2025-07-06,2025-07-07,2025-07-07,Cerrada,3.5,3.5,16.9
OT-003128,A-0127,Zona Centro,C24,Correctiva,Reparación correctiva,2025-09-13,2025-09-13,2025-09-14,Cerrada,9.5,9.5,23.0
OT-003129,A-0127,Zona Centro,C24,Correctiva,Reparación correctiva,2025-10-28,2025-10-29,2025-10-29,Cerrada,1.5,1.5,29.0
OT-003130,A-0127,Zona Centro,C24,Correctiva,Reparación correctiva,2026-01-07,2026-01-08,2026-01-09,Cerrada,4.5,4.5,31.5
OT-003131,A-0127,Zona Centro,C24,Correctiva,Reparación correctiva,2026-05-30,2026-05-31,2026-05-31,Cerrada,3.0,3.0,38.0
OT-003132,A-0127,Zona Centro,C24,Correctiva,Reparación correctiva,2026-06-03,2026-06-05,2026-06-06,Cerrada,2.0,2.0,49.6
OT-003133,A-0127,Zona Centro,C24,Correctiva,Reparación correctiva,2026-07-04,2026-07-05,2026-07-05,Cerrada,5.0,5.0,21.2
OT-003134,A-0127,Zona Centro,C24,Correctiva,Reparación correctiva,2026-09-13,2026-09-14,2026-09-14,Cerrada,5.5,5.5,24.7
OT-003135,A-0127,Zona Centro,C24,Correctiva,Reparación correctiva,2026-12-16,2026-12-17,2026-12-18,Cerrada,6.0,6.0,52.1
OT-003136,A-0128,Zona Centro,C24,Preventiva,Mantención preventiva,2025-03-09,2025-03-12,2025-03-12,Cerrada,2.0,1,0
OT-003137,A-0128,Zona Centro,C24,Preventiva,Mantención preventiva,2025-06-09,2025-06-11,2025-06-11,Cerrada,1.5,1,0
OT-003138,A-0128,Zona Centro,C24,Preventiva,Mantención preventiva,2025-09-09,2025-09-09,2025-09-09,Cerrada,7.5,1,0
OT-003139,A-0128,Zona Centro,C24,Preventiva,Mantención preventiva,2025-12-09,2025-12-10,2025-12-10,Cerrada,1.5,1,0
OT-003140,A-0128,Zona Centro,C24,Preventiva,Mantención preventiva,2026-03-09,2026-03-15,2026-03-15,Cerrada,5.0,1,0
OT-003141,A-0128,Zona Centro,C24,Preventiva,Mantención preventiva,2026-06-09,2026-06-12,2026-06-12,Cerrada,3.0,1,0
OT-003142,A-0128,Zona Centro,C24,Preventiva,Mantención preventiva,2026-09-09,2026-09-15,2026-09-15,Cerrada,1.5,1,0
OT-003143,A-0128,Zona Centro,C24,Preventiva,Mantención preventiva,2026-12-09,,,Abierta,0,0,0
OT-003144,A-0128,Zona Centro,C24,Correctiva,Reparación correctiva,2025-03-08,2025-03-09,2025-03-10,Cerrada,6.5,6.5,43.3
OT-003145,A-0128,Zona Centro,C24,Correctiva,Reparación correctiva,2025-04-14,2025-04-15,2025-04-16,Cerrada,6.0,6.0,32.0
OT-003146,A-0128,Zona Centro,C24,Correctiva,Reparación correctiva,2025-06-18,2025-06-20,2025-06-20,Cerrada,3.0,3.0,44.2
OT-003147,A-0128,Zona Centro,C24,Correctiva,Reparación correctiva,2025-09-17,2025-09-19,2025-09-19,Cerrada,5.5,5.5,45.3
OT-003148,A-0128,Zona Centro,C24,Correctiva,Reparación correctiva,2026-12-08,2026-12-09,2026-12-10,Cerrada,24.5,24.5,44.7
OT-003149,A-0129,Zona Centro,C24,Preventiva,Mantención preventiva,2025-02-13,2025-02-15,2025-02-15,Cerrada,2.5,1,0
OT-003150,A-0129,Zona Centro,C24,Preventiva,Mantención preventiva,2025-05-13,2025-05-18,2025-05-18,Cerrada,1.5,1,0
OT-003151,A-0129,Zona Centro,C24,Preventiva,Mantención preventiva,2025-08-13,,,Abierta,0,0,0
OT-003152,A-0129,Zona Centro,C24,Preventiva,Mantención preventiva,2025-11-13,2025-11-26,2025-11-26,Cerrada,3.0,1,0
OT-003153,A-0129,Zona Centro,C24,Preventiva,Mantención preventiva,2026-02-13,2026-02-16,2026-02-16,Cerrada,0.5,1,0
OT-003154,A-0129,Zona Centro,C24,Preventiva,Mantención preventiva,2026-05-13,2026-06-11,2026-06-11,Cerrada,5.5,1,0
OT-003155,A-0129,Zona Centro,C24,Preventiva,Mantención preventiva,2026-08-13,2026-08-17,2026-08-17,Cerrada,4.0,1,0
OT-003156,A-0129,Zona Centro,C24,Preventiva,Mantención preventiva,2026-11-13,2026-11-24,2026-11-24,Cerrada,0.5,1,0
OT-003157,A-0129,Zona Centro,C24,Correctiva,Reparación correctiva,2025-12-25,2025-12-27,2025-12-27,Cerrada,3.5,3.5,50.6
OT-003158,A-0129,Zona Centro,C24,Correctiva,Reparación correctiva,2026-04-24,2026-04-26,2026-04-26,Cerrada,2.5,2.5,29.1
OT-003159,A-0129,Zona Centro,C24,Correctiva,Reparación correctiva,2026-05-13,2026-05-13,2026-05-14,Cerrada,2.0,2.0,17.4
OT-003160,A-0129,Zona Centro,C24,Correctiva,Reparación correctiva,2026-08-03,2026-08-04,2026-08-04,Cerrada,6.5,6.5,22.1
OT-003161,A-0129,Zona Centro,C24,Correctiva,Reparación correctiva,2026-08-15,2026-08-16,2026-08-17,Cerrada,5.0,5.0,37.8
OT-003162,A-0129,Zona Centro,C24,Correctiva,Reparación correctiva,2026-08-20,2026-08-21,2026-08-21,Cerrada,12.0,12.0,35.2
OT-003163,A-0130,Zona Centro,C24,Preventiva,Mantención preventiva,2025-01-26,2025-02-22,2025-02-22,Cerrada,8.0,1,0
OT-003164,A-0130,Zona Centro,C24,Preventiva,Mantención preventiva,2025-04-26,2025-04-29,2025-04-29,Cerrada,5.0,1,0
OT-003165,A-0130,Zona Centro,C24,Preventiva,Mantención preventiva,2025-07-26,2025-07-28,2025-07-28,Cerrada,3.5,1,0
OT-003166,A-0130,Zona Centro,C24,Preventiva,Mantención preventiva,2025-10-26,2025-10-30,2025-10-30,Cerrada,2.5,1,0
OT-003167,A-0130,Zona Centro,C24,Preventiva,Mantención preventiva,2026-01-26,2026-01-30,2026-01-30,Cerrada,4.0,1,0
OT-003168,A-0130,Zona Centro,C24,Preventiva,Mantención preventiva,2026-04-26,2026-04-27,2026-04-27,Cerrada,3.5,1,0
OT-003169,A-0130,Zona Centro,C24,Preventiva,Mantención preventiva,2026-07-26,2026-08-04,2026-08-04,Cerrada,2.5,1,0
OT-003170,A-0130,Zona Centro,C24,Preventiva,Mantención preventiva,2026-10-26,2026-10-31,2026-10-31,Cerrada,6.0,1,0
OT-003171,A-0130,Zona Centro,C24,Correctiva,Reparación correctiva,2025-01-01,2025-01-02,2025-01-02,Cerrada,1.5,1.5,32.3
OT-003172,A-0130,Zona Centro,C24,Correctiva,Reparación correctiva,2025-05-16,2025-05-17,2025-05-17,Cerrada,4.5,4.5,23.3
OT-003173,A-0130,Zona Centro,C24,Correctiva,Reparación correctiva,2025-06-06,2025-06-08,2025-06-08,Cerrada,2.5,2.5,38.5
OT-003174,A-0130,Zona Centro,C24,Correctiva,Reparación correctiva,2025-07-14,2025-07-15,2025-07-16,Cerrada,11.5,11.5,38.1
OT-003175,A-0130,Zona Centro,C24,Correctiva,Reparación correctiva,2025-08-14,2025-08-14,2025-08-15,Cerrada,6.5,6.5,27.5
OT-003176,A-0130,Zona Centro,C24,Correctiva,Reparación correctiva,2025-10-02,2025-10-03,2025-10-03,Cerrada,4.0,4.0,39.3
OT-003177,A-0130,Zona Centro,C24,Correctiva,Reparación correctiva,2025-11-17,2025-11-18,2025-11-18,Cerrada,3.5,3.5,22.4
OT-003178,A-0130,Zona Centro,C24,Correctiva,Reparación correctiva,2025-12-06,2025-12-07,2025-12-07,Cerrada,1.5,1.5,36.6
OT-003179,A-0130,Zona Centro,C24,Correctiva,Reparación correctiva,2025-12-19,2025-12-19,2025-12-20,Cerrada,9.0,9.0,22.4
OT-003180,A-0130,Zona Centro,C24,Correctiva,Reparación correctiva,2025-12-31,2026-01-01,2026-01-02,Cerrada,7.5,7.5,27.4
OT-003181,A-0130,Zona Centro,C24,Correctiva,Reparación correctiva,2026-06-09,2026-06-09,2026-06-10,Cerrada,3.0,3.0,15.5
OT-003182,A-0130,Zona Centro,C24,Correctiva,Reparación correctiva,2026-06-23,2026-06-24,2026-06-25,Cerrada,3.5,3.5,41.6
OT-003183,A-0130,Zona Centro,C24,Correctiva,Reparación correctiva,2026-09-28,2026-09-29,2026-09-30,Cerrada,4.0,4.0,40.5
OT-003184,A-0130,Zona Centro,C24,Correctiva,Reparación correctiva,2026-12-28,2026-12-28,2026-12-28,Cerrada,1.5,1.5,20.9
OT-003185,A-0131,Zona Centro,C24,Preventiva,Mantención preventiva,2025-03-08,2025-03-10,2025-03-10,Cerrada,2.5,1,0
OT-003186,A-0131,Zona Centro,C24,Preventiva,Mantención preventiva,2025-06-08,2025-06-09,2025-06-09,Cerrada,1.0,1,0
OT-003187,A-0131,Zona Centro,C24,Preventiva,Mantención preventiva,2025-09-08,2025-09-11,2025-09-11,Cerrada,1.5,1,0
OT-003188,A-0131,Zona Centro,C24,Preventiva,Mantención preventiva,2025-12-08,2025-12-09,2025-12-09,Cerrada,2.5,1,0
OT-003189,A-0131,Zona Centro,C24,Preventiva,Mantención preventiva,2026-03-08,2026-03-20,2026-03-20,Cerrada,3.0,1,0
OT-003190,A-0131,Zona Centro,C24,Preventiva,Mantención preventiva,2026-06-08,2026-06-11,2026-06-11,Cerrada,1.5,1,0
OT-003191,A-0131,Zona Centro,C24,Preventiva,Mantención preventiva,2026-09-08,2026-09-09,2026-09-09,Cerrada,2.5,1,0
OT-003192,A-0131,Zona Centro,C24,Preventiva,Mantención preventiva,2026-12-08,,,Abierta,0,0,0
OT-003193,A-0131,Zona Centro,C24,Correctiva,Reparación correctiva,2025-03-06,2025-03-08,2025-03-08,Cerrada,5.0,5.0,50.6
OT-003194,A-0131,Zona Centro,C24,Correctiva,Reparación correctiva,2025-04-03,2025-04-05,2025-04-05,Cerrada,13.5,13.5,49.2
OT-003195,A-0131,Zona Centro,C24,Correctiva,Reparación correctiva,2025-04-05,2025-04-06,2025-04-07,Cerrada,7.0,7.0,39.4
OT-003196,A-0131,Zona Centro,C24,Correctiva,Reparación correctiva,2025-05-05,2025-05-07,2025-05-07,Cerrada,9.5,9.5,50.6
OT-003197,A-0131,Zona Centro,C24,Correctiva,Reparación correctiva,2025-07-17,2025-07-18,2025-07-19,Cerrada,8.0,8.0,42.1
OT-003198,A-0131,Zona Centro,C24,Correctiva,Reparación correctiva,2025-08-04,2025-08-05,2025-08-06,Cerrada,4.5,4.5,34.4
OT-003199,A-0131,Zona Centro,C24,Correctiva,Reparación correctiva,2025-08-06,2025-08-08,2025-08-08,Cerrada,7.0,7.0,46.7
OT-003200,A-0131,Zona Centro,C24,Correctiva,Reparación correctiva,2025-09-13,2025-09-14,2025-09-14,Cerrada,1.5,1.5,30.8
OT-003201,A-0131,Zona Centro,C24,Correctiva,Reparación correctiva,2026-01-05,2026-01-07,2026-01-07,Cerrada,6.0,6.0,33.3
OT-003202,A-0131,Zona Centro,C24,Correctiva,Reparación correctiva,2026-01-25,2026-01-27,2026-01-27,Cerrada,10.0,10.0,36.5
OT-003203,A-0131,Zona Centro,C24,Correctiva,Reparación correctiva,2026-04-10,2026-04-11,2026-04-11,Cerrada,4.5,4.5,20.0
OT-003204,A-0131,Zona Centro,C24,Correctiva,Reparación correctiva,2026-05-05,2026-05-06,2026-05-06,Cerrada,3.5,3.5,17.1
OT-003205,A-0131,Zona Centro,C24,Correctiva,Reparación correctiva,2026-05-30,2026-05-31,2026-05-31,Cerrada,5.0,5.0,29.0
OT-003206,A-0131,Zona Centro,C24,Correctiva,Reparación correctiva,2026-07-17,2026-07-17,2026-07-18,Cerrada,4.0,4.0,17.6
OT-003207,A-0131,Zona Centro,C24,Correctiva,Reparación correctiva,2026-11-15,2026-11-15,2026-11-16,Cerrada,6.0,6.0,21.7
OT-003208,A-0131,Zona Centro,C24,Correctiva,Reparación correctiva,2026-12-06,2026-12-07,2026-12-08,Cerrada,5.0,5.0,30.4
OT-003209,A-0132,Zona Centro,C24,Preventiva,Mantención preventiva,2025-03-15,2025-03-28,2025-03-28,Cerrada,2.0,1,0
OT-003210,A-0132,Zona Centro,C24,Preventiva,Mantención preventiva,2025-06-15,2025-06-21,2025-06-21,Cerrada,1.5,1,0
OT-003211,A-0132,Zona Centro,C24,Preventiva,Mantención preventiva,2025-09-15,2025-10-08,2025-10-08,Cerrada,3.0,1,0
OT-003212,A-0132,Zona Centro,C24,Preventiva,Mantención preventiva,2025-12-15,2025-12-15,2025-12-15,Cerrada,5.5,1,0
OT-003213,A-0132,Zona Centro,C24,Preventiva,Mantención preventiva,2026-03-15,,,Abierta,0,0,0
OT-003214,A-0132,Zona Centro,C24,Preventiva,Mantención preventiva,2026-06-15,2026-07-14,2026-07-14,Cerrada,1.0,1,0
OT-003215,A-0132,Zona Centro,C24,Preventiva,Mantención preventiva,2026-09-15,2026-09-19,2026-09-19,Cerrada,2.0,1,0
OT-003216,A-0132,Zona Centro,C24,Preventiva,Mantención preventiva,2026-12-15,2026-12-17,2026-12-17,Cerrada,4.5,1,0
OT-003217,A-0132,Zona Centro,C24,Correctiva,Reparación correctiva,2025-01-17,2025-01-18,2025-01-18,Cerrada,5.5,5.5,44.1
OT-003218,A-0132,Zona Centro,C24,Correctiva,Reparación correctiva,2025-06-21,2025-06-22,2025-06-22,Cerrada,6.5,6.5,26.9
OT-003219,A-0132,Zona Centro,C24,Correctiva,Reparación correctiva,2025-07-23,2025-07-23,2025-07-23,Cerrada,4.0,4.0,18.2
OT-003220,A-0132,Zona Centro,C24,Correctiva,Reparación correctiva,2025-07-25,2025-07-27,2025-07-27,Cerrada,6.0,6.0,44.1
OT-003221,A-0132,Zona Centro,C24,Correctiva,Reparación correctiva,2025-11-30,2025-12-01,2025-12-02,Cerrada,8.0,8.0,47.4
OT-003222,A-0132,Zona Centro,C24,Correctiva,Reparación correctiva,2026-03-14,2026-03-16,2026-03-16,Cerrada,2.5,2.5,44.5
OT-003223,A-0132,Zona Centro,C24,Correctiva,Reparación correctiva,2026-03-31,2026-04-01,2026-04-01,Cerrada,4.0,4.0,17.3
OT-003224,A-0132,Zona Centro,C24,Correctiva,Reparación correctiva,2026-04-16,2026-04-16,2026-04-17,Cerrada,4.0,4.0,18.6
OT-003225,A-0132,Zona Centro,C24,Correctiva,Reparación correctiva,2026-08-02,2026-08-03,2026-08-03,Cerrada,9.0,9.0,27.0
OT-003226,A-0133,Zona Centro,C24,Preventiva,Mantención preventiva,2025-03-19,2025-04-17,2025-04-17,Cerrada,4.0,1,0
OT-003227,A-0133,Zona Centro,C24,Preventiva,Mantención preventiva,2025-06-19,,,Abierta,0,0,0
OT-003228,A-0133,Zona Centro,C24,Preventiva,Mantención preventiva,2025-09-19,2025-09-23,2025-09-23,Cerrada,1.5,1,0
OT-003229,A-0133,Zona Centro,C24,Preventiva,Mantención preventiva,2025-12-19,2025-12-25,2025-12-25,Cerrada,4.0,1,0
OT-003230,A-0133,Zona Centro,C24,Preventiva,Mantención preventiva,2026-03-19,2026-03-20,2026-03-20,Cerrada,4.0,1,0
OT-003231,A-0133,Zona Centro,C24,Preventiva,Mantención preventiva,2026-06-19,2026-06-25,2026-06-25,Cerrada,4.0,1,0
OT-003232,A-0133,Zona Centro,C24,Preventiva,Mantención preventiva,2026-09-19,2026-10-04,2026-10-04,Cerrada,3.5,1,0
OT-003233,A-0133,Zona Centro,C24,Preventiva,Mantención preventiva,2026-12-19,2026-12-24,2026-12-24,Cerrada,1.5,1,0
OT-003234,A-0133,Zona Centro,C24,Correctiva,Reparación correctiva,2025-08-05,2025-08-06,2025-08-06,Cerrada,6.0,6.0,38.9
OT-003235,A-0133,Zona Centro,C24,Correctiva,Reparación correctiva,2025-10-09,2025-10-11,2025-10-11,Cerrada,3.5,3.5,34.9
OT-003236,A-0133,Zona Centro,C24,Correctiva,Reparación correctiva,2026-05-12,2026-05-13,2026-05-14,Cerrada,10.5,10.5,40.8
OT-003237,A-0133,Zona Centro,C24,Correctiva,Reparación correctiva,2026-06-06,2026-06-07,2026-06-07,Cerrada,3.0,3.0,34.9
OT-003238,A-0133,Zona Centro,C24,Correctiva,Reparación correctiva,2026-07-03,2026-07-04,2026-07-04,Cerrada,3.0,3.0,27.0
OT-003239,A-0133,Zona Centro,C24,Correctiva,Reparación correctiva,2026-08-22,2026-08-24,2026-08-24,Cerrada,2.0,2.0,44.6
OT-003240,A-0133,Zona Centro,C24,Correctiva,Reparación correctiva,2026-10-27,2026-10-28,2026-10-28,Cerrada,5.5,5.5,40.0
OT-003241,A-0133,Zona Centro,C24,Correctiva,Reparación correctiva,2026-12-01,2026-12-02,2026-12-02,Cerrada,1.0,1.0,18.9
OT-003242,A-0133,Zona Centro,C24,Correctiva,Reparación correctiva,2026-12-03,2026-12-05,2026-12-06,Cerrada,14.5,14.5,54.1
OT-003243,A-0134,Zona Centro,C24,Preventiva,Mantención preventiva,2025-03-01,2025-03-02,2025-03-02,Cerrada,9.0,1,0
OT-003244,A-0134,Zona Centro,C24,Preventiva,Mantención preventiva,2025-06-01,2025-06-01,2025-06-01,Cerrada,3.5,1,0
OT-003245,A-0134,Zona Centro,C24,Preventiva,Mantención preventiva,2025-09-01,2025-10-07,2025-10-07,Cerrada,4.5,1,0
OT-003246,A-0134,Zona Centro,C24,Preventiva,Mantención preventiva,2025-12-01,2025-12-07,2025-12-07,Cerrada,2.0,1,0
OT-003247,A-0134,Zona Centro,C24,Preventiva,Mantención preventiva,2026-03-01,2026-03-05,2026-03-05,Cerrada,4.5,1,0
OT-003248,A-0134,Zona Centro,C24,Preventiva,Mantención preventiva,2026-06-01,2026-06-01,2026-06-01,Cerrada,2.5,1,0
OT-003249,A-0134,Zona Centro,C24,Preventiva,Mantención preventiva,2026-09-01,2026-09-05,2026-09-05,Cerrada,2.5,1,0
OT-003250,A-0134,Zona Centro,C24,Preventiva,Mantención preventiva,2026-12-01,2026-12-13,2026-12-13,Cerrada,1.5,1,0
OT-003251,A-0134,Zona Centro,C24,Correctiva,Reparación correctiva,2025-01-04,2025-01-05,2025-01-06,Cerrada,2.0,2.0,27.7
OT-003252,A-0134,Zona Centro,C24,Correctiva,Reparación correctiva,2025-01-07,2025-01-08,2025-01-08,Cerrada,3.0,3.0,36.6
OT-003253,A-0134,Zona Centro,C24,Correctiva,Reparación correctiva,2025-02-13,2025-02-14,2025-02-15,Cerrada,4.5,4.5,29.5
OT-003254,A-0134,Zona Centro,C24,Correctiva,Reparación correctiva,2025-04-01,2025-04-02,2025-04-03,Cerrada,3.5,3.5,35.8
OT-003255,A-0134,Zona Centro,C24,Correctiva,Reparación correctiva,2025-04-29,2025-04-30,2025-04-30,Cerrada,2.5,2.5,22.7
OT-003256,A-0134,Zona Centro,C24,Correctiva,Reparación correctiva,2025-06-09,2025-06-11,2025-06-11,Cerrada,7.0,7.0,48.6
OT-003257,A-0134,Zona Centro,C24,Correctiva,Reparación correctiva,2025-06-13,2025-06-15,2025-06-15,Cerrada,5.0,5.0,42.7
OT-003258,A-0134,Zona Centro,C24,Correctiva,Reparación correctiva,2025-07-04,2025-07-05,2025-07-06,Cerrada,9.5,9.5,36.3
OT-003259,A-0134,Zona Centro,C24,Correctiva,Reparación correctiva,2025-09-29,2025-10-01,2025-10-01,Cerrada,7.5,7.5,47.8
OT-003260,A-0134,Zona Centro,C24,Correctiva,Reparación correctiva,2025-10-05,2025-10-06,2025-10-06,Cerrada,2.5,2.5,24.1
OT-003261,A-0134,Zona Centro,C24,Correctiva,Reparación correctiva,2025-10-17,2025-10-18,2025-10-18,Cerrada,4.5,4.5,36.5
OT-003262,A-0134,Zona Centro,C24,Correctiva,Reparación correctiva,2026-01-13,2026-01-14,2026-01-14,Cerrada,6.5,6.5,27.8
OT-003263,A-0134,Zona Centro,C24,Correctiva,Reparación correctiva,2026-10-07,2026-10-08,2026-10-09,Cerrada,10.5,10.5,40.4
OT-003264,A-0134,Zona Centro,C24,Correctiva,Reparación correctiva,2026-11-19,2026-11-21,2026-11-21,Cerrada,4.5,4.5,44.0
OT-003265,A-0134,Zona Centro,C24,Correctiva,Reparación correctiva,2026-12-17,2026-12-18,2026-12-18,Cerrada,5.0,5.0,22.6
OT-003266,A-0135,Zona Sur,C24,Preventiva,Mantención preventiva,2025-03-21,2025-03-26,2025-03-26,Cerrada,2.0,1,0
OT-003267,A-0135,Zona Sur,C24,Preventiva,Mantención preventiva,2025-06-21,2025-06-24,2025-06-24,Cerrada,3.5,1,0
OT-003268,A-0135,Zona Sur,C24,Preventiva,Mantención preventiva,2025-09-21,2025-10-26,2025-10-26,Cerrada,1.5,1,0
OT-003269,A-0135,Zona Sur,C24,Preventiva,Mantención preventiva,2025-12-21,2026-01-03,2026-01-03,Cerrada,2.5,1,0
OT-003270,A-0135,Zona Sur,C24,Preventiva,Mantención preventiva,2026-03-21,2026-03-26,2026-03-26,Cerrada,2.0,1,0
OT-003271,A-0135,Zona Sur,C24,Preventiva,Mantención preventiva,2026-06-21,2026-07-17,2026-07-17,Cerrada,2.5,1,0
OT-003272,A-0135,Zona Sur,C24,Preventiva,Mantención preventiva,2026-09-21,2026-09-23,2026-09-23,Cerrada,2.5,1,0
OT-003273,A-0135,Zona Sur,C24,Preventiva,Mantención preventiva,2026-12-21,2026-12-27,2026-12-27,Cerrada,1.5,1,0
OT-003274,A-0135,Zona Sur,C24,Correctiva,Reparación correctiva,2025-02-17,2025-02-18,2025-02-18,Cerrada,3.0,3.0,25.1
OT-003275,A-0135,Zona Sur,C24,Correctiva,Reparación correctiva,2025-07-19,2025-07-20,2025-07-20,Cerrada,6.5,6.5,36.7
OT-003276,A-0135,Zona Sur,C24,Correctiva,Reparación correctiva,2025-09-30,2025-10-01,2025-10-01,Cerrada,3.5,3.5,33.5
OT-003277,A-0135,Zona Sur,C24,Correctiva,Reparación correctiva,2025-10-06,2025-10-07,2025-10-07,Cerrada,1.5,1.5,38.3
OT-003278,A-0135,Zona Sur,C24,Correctiva,Reparación correctiva,2025-11-14,2025-11-16,2025-11-16,Cerrada,3.0,3.0,44.8
OT-003279,A-0135,Zona Sur,C24,Correctiva,Reparación correctiva,2026-03-05,2026-03-06,2026-03-06,Cerrada,3.5,3.5,29.7
OT-003280,A-0135,Zona Sur,C24,Correctiva,Reparación correctiva,2026-03-15,2026-03-16,2026-03-16,Cerrada,5.5,5.5,20.9
OT-003281,A-0135,Zona Sur,C24,Correctiva,Reparación correctiva,2026-07-08,2026-07-10,2026-07-10,Cerrada,5.0,5.0,45.3
OT-003282,A-0135,Zona Sur,C24,Correctiva,Reparación correctiva,2026-07-28,2026-07-29,2026-07-29,Cerrada,5.0,5.0,38.4
OT-003283,A-0135,Zona Sur,C24,Correctiva,Reparación correctiva,2026-08-19,2026-08-20,2026-08-20,Cerrada,3.5,3.5,30.1
OT-003284,A-0136,Zona Sur,C24,Preventiva,Mantención preventiva,2025-01-24,2025-01-24,2025-01-24,Cerrada,7.0,1,0
OT-003285,A-0136,Zona Sur,C24,Preventiva,Mantención preventiva,2025-04-24,2025-04-30,2025-04-30,Cerrada,4.0,1,0
OT-003286,A-0136,Zona Sur,C24,Preventiva,Mantención preventiva,2025-07-24,2025-07-25,2025-07-25,Cerrada,5.0,1,0
OT-003287,A-0136,Zona Sur,C24,Preventiva,Mantención preventiva,2025-10-24,2025-10-27,2025-10-27,Cerrada,8.5,1,0
OT-003288,A-0136,Zona Sur,C24,Preventiva,Mantención preventiva,2026-01-24,2026-01-27,2026-01-27,Cerrada,1.5,1,0
OT-003289,A-0136,Zona Sur,C24,Preventiva,Mantención preventiva,2026-04-24,2026-04-29,2026-04-29,Cerrada,3.0,1,0
OT-003290,A-0136,Zona Sur,C24,Preventiva,Mantención preventiva,2026-07-24,2026-07-30,2026-07-30,Cerrada,0.5,1,0
OT-003291,A-0136,Zona Sur,C24,Preventiva,Mantención preventiva,2026-10-24,2026-10-28,2026-10-28,Cerrada,3.0,1,0
OT-003292,A-0136,Zona Sur,C24,Correctiva,Reparación correctiva,2025-01-31,2025-02-01,2025-02-01,Cerrada,3.0,3.0,34.4
OT-003293,A-0136,Zona Sur,C24,Correctiva,Reparación correctiva,2025-03-30,2025-04-01,2025-04-01,Cerrada,6.5,6.5,48.7
OT-003294,A-0136,Zona Sur,C24,Correctiva,Reparación correctiva,2025-05-16,2025-05-17,2025-05-17,Cerrada,5.5,5.5,23.6
OT-003295,A-0136,Zona Sur,C24,Correctiva,Reparación correctiva,2025-05-23,2025-05-24,2025-05-25,Cerrada,3.5,3.5,31.7
OT-003296,A-0136,Zona Sur,C24,Correctiva,Reparación correctiva,2025-06-01,2025-06-03,2025-06-04,Cerrada,16.5,16.5,62.1
OT-003297,A-0136,Zona Sur,C24,Correctiva,Reparación correctiva,2025-07-02,2025-07-04,2025-07-04,Cerrada,3.0,3.0,33.7
OT-003298,A-0136,Zona Sur,C24,Correctiva,Reparación correctiva,2025-12-09,2025-12-10,2025-12-10,Cerrada,6.5,6.5,41.2
OT-003299,A-0136,Zona Sur,C24,Correctiva,Reparación correctiva,2026-02-08,2026-02-09,2026-02-09,Cerrada,3.5,3.5,29.7
OT-003300,A-0136,Zona Sur,C24,Correctiva,Reparación correctiva,2026-02-12,2026-02-13,2026-02-14,Cerrada,3.0,3.0,40.0
OT-003301,A-0136,Zona Sur,C24,Correctiva,Reparación correctiva,2026-08-25,2026-08-26,2026-08-26,Cerrada,2.5,2.5,17.7
OT-003302,A-0136,Zona Sur,C24,Correctiva,Reparación correctiva,2026-09-29,2026-10-01,2026-10-01,Cerrada,3.0,3.0,41.8
OT-003303,A-0136,Zona Sur,C24,Correctiva,Reparación correctiva,2026-10-21,2026-10-23,2026-10-23,Cerrada,2.0,2.0,46.3
OT-003304,A-0136,Zona Sur,C24,Correctiva,Reparación correctiva,2026-12-24,2026-12-25,2026-12-25,Cerrada,5.0,5.0,23.6
OT-003305,A-0137,Zona Sur,C24,Preventiva,Mantención preventiva,2025-02-25,2025-02-26,2025-02-26,Cerrada,4.0,1,0
OT-003306,A-0137,Zona Sur,C24,Preventiva,Mantención preventiva,2025-05-25,,,Abierta,0,0,0
OT-003307,A-0137,Zona Sur,C24,Preventiva,Mantención preventiva,2025-08-25,2025-08-27,2025-08-27,Cerrada,2.5,1,0
OT-003308,A-0137,Zona Sur,C24,Preventiva,Mantención preventiva,2025-11-25,2025-11-27,2025-11-27,Cerrada,2.5,1,0
OT-003309,A-0137,Zona Sur,C24,Preventiva,Mantención preventiva,2026-02-25,2026-03-02,2026-03-02,Cerrada,1.5,1,0
OT-003310,A-0137,Zona Sur,C24,Preventiva,Mantención preventiva,2026-05-25,2026-05-30,2026-05-30,Cerrada,1.5,1,0
OT-003311,A-0137,Zona Sur,C24,Preventiva,Mantención preventiva,2026-08-25,2026-08-31,2026-08-31,Cerrada,1.5,1,0
OT-003312,A-0137,Zona Sur,C24,Preventiva,Mantención preventiva,2026-11-25,2026-11-30,2026-11-30,Cerrada,1.5,1,0
OT-003313,A-0137,Zona Sur,C24,Correctiva,Reparación correctiva,2025-03-18,2025-03-20,2025-03-20,Cerrada,6.5,6.5,52.2
OT-003314,A-0137,Zona Sur,C24,Correctiva,Reparación correctiva,2025-04-14,2025-04-16,2025-04-16,Cerrada,3.5,3.5,44.6
OT-003315,A-0137,Zona Sur,C24,Correctiva,Reparación correctiva,2025-06-29,2025-07-01,2025-07-01,Cerrada,3.5,3.5,49.4
OT-003316,A-0137,Zona Sur,C24,Correctiva,Reparación correctiva,2025-11-25,2025-11-27,2025-11-27,Cerrada,10.5,10.5,53.8
OT-003317,A-0137,Zona Sur,C24,Correctiva,Reparación correctiva,2026-02-25,2026-02-27,2026-02-27,Cerrada,9.0,9.0,48.3
OT-003318,A-0137,Zona Sur,C24,Correctiva,Reparación correctiva,2026-07-04,2026-07-06,2026-07-06,Cerrada,2.0,2.0,44.8
OT-003319,A-0137,Zona Sur,C24,Correctiva,Reparación correctiva,2026-07-18,2026-07-20,2026-07-20,Cerrada,5.5,5.5,45.7
OT-003320,A-0137,Zona Sur,C24,Correctiva,Reparación correctiva,2026-10-02,2026-10-03,2026-10-03,Cerrada,5.0,5.0,22.3
OT-003321,A-0138,Zona Sur,C24,Preventiva,Mantención preventiva,2025-02-19,2025-02-25,2025-02-25,Cerrada,2.0,1,0
OT-003322,A-0138,Zona Sur,C24,Preventiva,Mantención preventiva,2025-05-19,2025-05-20,2025-05-20,Cerrada,1.0,1,0
OT-003323,A-0138,Zona Sur,C24,Preventiva,Mantención preventiva,2025-08-19,2025-09-23,2025-09-23,Cerrada,2.0,1,0
OT-003324,A-0138,Zona Sur,C24,Preventiva,Mantención preventiva,2025-11-19,,,Abierta,0,0,0
OT-003325,A-0138,Zona Sur,C24,Preventiva,Mantención preventiva,2026-02-19,2026-02-24,2026-02-24,Cerrada,1.0,1,0
OT-003326,A-0138,Zona Sur,C24,Preventiva,Mantención preventiva,2026-05-19,2026-05-22,2026-05-22,Cerrada,2.0,1,0
OT-003327,A-0138,Zona Sur,C24,Preventiva,Mantención preventiva,2026-08-19,2026-08-24,2026-08-24,Cerrada,1.5,1,0
OT-003328,A-0138,Zona Sur,C24,Preventiva,Mantención preventiva,2026-11-19,2026-11-24,2026-11-24,Cerrada,3.0,1,0
OT-003329,A-0138,Zona Sur,C24,Correctiva,Reparación correctiva,2025-01-26,2025-01-28,2025-01-28,Cerrada,19.5,19.5,65.7
OT-003330,A-0138,Zona Sur,C24,Correctiva,Reparación correctiva,2026-01-17,2026-01-19,2026-01-19,Cerrada,1.5,1.5,43.3
OT-003331,A-0138,Zona Sur,C24,Correctiva,Reparación correctiva,2026-04-12,2026-04-13,2026-04-13,Cerrada,6.0,6.0,30.3
OT-003332,A-0138,Zona Sur,C24,Correctiva,Reparación correctiva,2026-04-26,2026-04-28,2026-04-28,Cerrada,3.0,3.0,36.3
OT-003333,A-0138,Zona Sur,C24,Correctiva,Reparación correctiva,2026-06-16,2026-06-17,2026-06-18,Cerrada,7.0,7.0,28.6
OT-003334,A-0138,Zona Sur,C24,Correctiva,Reparación correctiva,2026-07-29,2026-07-30,2026-07-30,Cerrada,2.0,2.0,28.6
OT-003335,A-0138,Zona Sur,C24,Correctiva,Reparación correctiva,2026-09-17,2026-09-19,2026-09-19,Cerrada,5.5,5.5,41.7
OT-003336,A-0138,Zona Sur,C24,Correctiva,Reparación correctiva,2026-10-06,2026-10-07,2026-10-08,Cerrada,6.0,6.0,37.0
OT-003337,A-0138,Zona Sur,C24,Correctiva,Reparación correctiva,2026-10-25,2026-10-26,2026-10-26,Cerrada,4.5,4.5,26.1
OT-003338,A-0139,Zona Sur,C24,Preventiva,Mantención preventiva,2025-02-28,2025-03-05,2025-03-05,Cerrada,4.0,1,0
OT-003339,A-0139,Zona Sur,C24,Preventiva,Mantención preventiva,2025-05-28,2025-06-05,2025-06-05,Cerrada,2.5,1,0
OT-003340,A-0139,Zona Sur,C24,Preventiva,Mantención preventiva,2025-08-28,2025-09-09,2025-09-09,Cerrada,5.5,1,0
OT-003341,A-0139,Zona Sur,C24,Preventiva,Mantención preventiva,2025-11-28,2025-11-28,2025-11-28,Cerrada,6.0,1,0
OT-003342,A-0139,Zona Sur,C24,Preventiva,Mantención preventiva,2026-02-28,2026-03-06,2026-03-06,Cerrada,1.0,1,0
OT-003343,A-0139,Zona Sur,C24,Preventiva,Mantención preventiva,2026-05-28,2026-05-30,2026-05-30,Cerrada,1.0,1,0
OT-003344,A-0139,Zona Sur,C24,Preventiva,Mantención preventiva,2026-08-28,2026-09-02,2026-09-02,Cerrada,2.0,1,0
OT-003345,A-0139,Zona Sur,C24,Preventiva,Mantención preventiva,2026-11-28,2026-12-18,2026-12-18,Cerrada,3.5,1,0
OT-003346,A-0139,Zona Sur,C24,Correctiva,Reparación correctiva,2025-01-05,2025-01-06,2025-01-06,Cerrada,5.5,5.5,30.8
OT-003347,A-0139,Zona Sur,C24,Correctiva,Reparación correctiva,2025-07-28,2025-07-29,2025-07-29,Cerrada,5.0,5.0,32.9
OT-003348,A-0139,Zona Sur,C24,Correctiva,Reparación correctiva,2025-08-02,2025-08-04,2025-08-04,Cerrada,7.0,7.0,52.9
OT-003349,A-0139,Zona Sur,C24,Correctiva,Reparación correctiva,2025-08-15,2025-08-15,2025-08-16,Cerrada,7.0,7.0,23.9
OT-003350,A-0139,Zona Sur,C24,Correctiva,Reparación correctiva,2025-11-11,2025-11-12,2025-11-12,Cerrada,4.0,4.0,33.1
OT-003351,A-0139,Zona Sur,C24,Correctiva,Reparación correctiva,2025-11-27,2025-11-28,2025-11-29,Cerrada,7.0,7.0,44.2
OT-003352,A-0139,Zona Sur,C24,Correctiva,Reparación correctiva,2025-12-24,2025-12-25,2025-12-26,Cerrada,4.5,4.5,30.8
OT-003353,A-0139,Zona Sur,C24,Correctiva,Reparación correctiva,2025-12-30,2025-12-31,2025-12-31,Cerrada,3.0,3.0,22.0
OT-003354,A-0139,Zona Sur,C24,Correctiva,Reparación correctiva,2026-09-06,2026-09-08,2026-09-08,Cerrada,2.5,2.5,48.9
OT-003355,A-0139,Zona Sur,C24,Correctiva,Reparación correctiva,2026-09-23,2026-09-24,2026-09-24,Cerrada,4.5,4.5,28.9
OT-003356,A-0139,Zona Sur,C24,Correctiva,Reparación correctiva,2026-09-24,2026-09-25,2026-09-26,Cerrada,7.0,7.0,49.6
OT-003357,A-0139,Zona Sur,C24,Correctiva,Reparación correctiva,2026-10-03,2026-10-05,2026-10-05,Cerrada,6.0,6.0,39.7
OT-003358,A-0139,Zona Sur,C24,Correctiva,Reparación correctiva,2026-12-07,2026-12-09,2026-12-09,Cerrada,2.0,2.0,38.1
OT-003359,A-0140,Zona Sur,C24,Preventiva,Mantención preventiva,2025-02-13,2025-02-14,2025-02-14,Cerrada,1.5,1,0
OT-003360,A-0140,Zona Sur,C24,Preventiva,Mantención preventiva,2025-05-13,2025-05-15,2025-05-15,Cerrada,2.0,1,0
OT-003361,A-0140,Zona Sur,C24,Preventiva,Mantención preventiva,2025-08-13,,,Abierta,0,0,0
OT-003362,A-0140,Zona Sur,C24,Preventiva,Mantención preventiva,2025-11-13,2025-12-11,2025-12-11,Cerrada,2.0,1,0
OT-003363,A-0140,Zona Sur,C24,Preventiva,Mantención preventiva,2026-02-13,2026-03-20,2026-03-20,Cerrada,2.0,1,0
OT-003364,A-0140,Zona Sur,C24,Preventiva,Mantención preventiva,2026-05-13,2026-05-13,2026-05-13,Cerrada,2.0,1,0
OT-003365,A-0140,Zona Sur,C24,Preventiva,Mantención preventiva,2026-08-13,,,Abierta,0,0,0
OT-003366,A-0140,Zona Sur,C24,Preventiva,Mantención preventiva,2026-11-13,2026-12-22,2026-12-22,Cerrada,3.0,1,0
OT-003367,A-0140,Zona Sur,C24,Correctiva,Reparación correctiva,2025-01-19,2025-01-20,2025-01-20,Cerrada,4.5,4.5,17.0
OT-003368,A-0140,Zona Sur,C24,Correctiva,Reparación correctiva,2025-03-29,2025-03-30,2025-03-30,Cerrada,5.5,5.5,24.1
OT-003369,A-0140,Zona Sur,C24,Correctiva,Reparación correctiva,2025-11-24,2025-11-25,2025-11-26,Cerrada,5.0,5.0,32.1
OT-003370,A-0140,Zona Sur,C24,Correctiva,Reparación correctiva,2026-05-03,2026-05-04,2026-05-05,Cerrada,6.0,6.0,46.2
OT-003371,A-0140,Zona Sur,C24,Correctiva,Reparación correctiva,2026-09-07,2026-09-09,2026-09-09,Cerrada,1.0,1.0,44.2
OT-003372,A-0140,Zona Sur,C24,Correctiva,Reparación correctiva,2026-10-02,2026-10-03,2026-10-03,Cerrada,4.5,4.5,20.6
OT-003373,A-0141,Zona Sur,C24,Preventiva,Mantención preventiva,2025-02-01,2025-02-05,2025-02-05,Cerrada,3.5,1,0
OT-003374,A-0141,Zona Sur,C24,Preventiva,Mantención preventiva,2025-05-01,2025-05-06,2025-05-06,Cerrada,2.5,1,0
OT-003375,A-0141,Zona Sur,C24,Preventiva,Mantención preventiva,2025-08-01,2025-09-09,2025-09-09,Cerrada,1.5,1,0
OT-003376,A-0141,Zona Sur,C24,Preventiva,Mantención preventiva,2025-11-01,2025-11-18,2025-11-18,Cerrada,4.0,1,0
OT-003377,A-0141,Zona Sur,C24,Preventiva,Mantención preventiva,2026-02-01,2026-02-06,2026-02-06,Cerrada,4.0,1,0
OT-003378,A-0141,Zona Sur,C24,Preventiva,Mantención preventiva,2026-05-01,2026-05-03,2026-05-03,Cerrada,3.0,1,0
OT-003379,A-0141,Zona Sur,C24,Preventiva,Mantención preventiva,2026-08-01,2026-08-07,2026-08-07,Cerrada,2.5,1,0
OT-003380,A-0141,Zona Sur,C24,Preventiva,Mantención preventiva,2026-11-01,2026-11-06,2026-11-06,Cerrada,3.5,1,0
OT-003381,A-0141,Zona Sur,C24,Correctiva,Reparación correctiva,2025-12-27,2025-12-27,2025-12-28,Cerrada,5.0,5.0,22.0
OT-003382,A-0141,Zona Sur,C24,Correctiva,Reparación correctiva,2026-04-09,2026-04-10,2026-04-10,Cerrada,6.0,6.0,26.5
OT-003383,A-0141,Zona Sur,C24,Correctiva,Reparación correctiva,2026-08-24,2026-08-26,2026-08-26,Cerrada,5.5,5.5,48.8
OT-003384,A-0142,Zona Sur,C24,Preventiva,Mantención preventiva,2025-02-24,2025-03-01,2025-03-01,Cerrada,3.0,1,0
OT-003385,A-0142,Zona Sur,C24,Preventiva,Mantención preventiva,2025-05-24,2025-05-30,2025-05-30,Cerrada,4.0,1,0
OT-003386,A-0142,Zona Sur,C24,Preventiva,Mantención preventiva,2025-08-24,2025-08-29,2025-08-29,Cerrada,1.5,1,0
OT-003387,A-0142,Zona Sur,C24,Preventiva,Mantención preventiva,2025-11-24,2025-11-28,2025-11-28,Cerrada,2.0,1,0
OT-003388,A-0142,Zona Sur,C24,Preventiva,Mantención preventiva,2026-02-24,2026-04-01,2026-04-01,Cerrada,1.5,1,0
OT-003389,A-0142,Zona Sur,C24,Preventiva,Mantención preventiva,2026-05-24,2026-05-27,2026-05-27,Cerrada,0.5,1,0
OT-003390,A-0142,Zona Sur,C24,Preventiva,Mantención preventiva,2026-08-24,2026-08-24,2026-08-24,Cerrada,5.5,1,0
OT-003391,A-0142,Zona Sur,C24,Preventiva,Mantención preventiva,2026-11-24,2026-11-24,2026-11-24,Cerrada,2.5,1,0
OT-003392,A-0142,Zona Sur,C24,Correctiva,Reparación correctiva,2025-02-13,2025-02-14,2025-02-15,Cerrada,17.5,17.5,34.9
OT-003393,A-0142,Zona Sur,C24,Correctiva,Reparación correctiva,2025-04-18,2025-04-19,2025-04-19,Cerrada,3.0,3.0,40.9
OT-003394,A-0142,Zona Sur,C24,Correctiva,Reparación correctiva,2025-06-18,2025-06-20,2025-06-20,Cerrada,8.0,8.0,47.0
OT-003395,A-0142,Zona Sur,C24,Correctiva,Reparación correctiva,2025-09-29,2025-09-29,2025-09-30,Cerrada,7.0,7.0,19.0
OT-003396,A-0142,Zona Sur,C24,Correctiva,Reparación correctiva,2026-02-17,2026-02-18,2026-02-19,Cerrada,21.5,21.5,46.8
OT-003397,A-0142,Zona Sur,C24,Correctiva,Reparación correctiva,2026-05-26,2026-05-28,2026-05-29,Cerrada,6.5,6.5,49.7
OT-003398,A-0142,Zona Sur,C24,Correctiva,Reparación correctiva,2026-09-21,2026-09-22,2026-09-22,Cerrada,4.5,4.5,28.4
OT-003399,A-0142,Zona Sur,C24,Correctiva,Reparación correctiva,2026-12-30,2026-12-31,2026-12-31,Cerrada,7.0,7.0,25.0
OT-003400,A-0143,Zona Sur,C24,Preventiva,Mantención preventiva,2025-02-09,2025-02-13,2025-02-13,Cerrada,2.0,1,0
OT-003401,A-0143,Zona Sur,C24,Preventiva,Mantención preventiva,2025-05-09,2025-05-11,2025-05-11,Cerrada,5.5,1,0
OT-003402,A-0143,Zona Sur,C24,Preventiva,Mantención preventiva,2025-08-09,2025-08-10,2025-08-10,Cerrada,3.0,1,0
OT-003403,A-0143,Zona Sur,C24,Preventiva,Mantención preventiva,2025-11-09,2025-11-13,2025-11-13,Cerrada,4.0,1,0
OT-003404,A-0143,Zona Sur,C24,Preventiva,Mantención preventiva,2026-02-09,,,Abierta,0,0,0
OT-003405,A-0143,Zona Sur,C24,Preventiva,Mantención preventiva,2026-05-09,2026-05-13,2026-05-13,Cerrada,5.0,1,0
OT-003406,A-0143,Zona Sur,C24,Preventiva,Mantención preventiva,2026-08-09,2026-08-09,2026-08-09,Cerrada,0.5,1,0
OT-003407,A-0143,Zona Sur,C24,Preventiva,Mantención preventiva,2026-11-09,2026-12-17,2026-12-17,Cerrada,1.0,1,0
OT-003408,A-0143,Zona Sur,C24,Correctiva,Reparación correctiva,2025-02-07,2025-02-09,2025-02-09,Cerrada,5.5,5.5,39.4
OT-003409,A-0143,Zona Sur,C24,Correctiva,Reparación correctiva,2025-08-04,2025-08-06,2025-08-06,Cerrada,4.0,4.0,49.8
OT-003410,A-0143,Zona Sur,C24,Correctiva,Reparación correctiva,2025-11-05,2025-11-06,2025-11-06,Cerrada,4.5,4.5,35.2
OT-003411,A-0143,Zona Sur,C24,Correctiva,Reparación correctiva,2025-12-10,2025-12-11,2025-12-12,Cerrada,12.0,12.0,41.6
OT-003412,A-0143,Zona Sur,C24,Correctiva,Reparación correctiva,2026-01-02,2026-01-02,2026-01-03,Cerrada,5.0,5.0,24.0
OT-003413,A-0143,Zona Sur,C24,Correctiva,Reparación correctiva,2026-04-13,2026-04-14,2026-04-15,Cerrada,12.0,12.0,42.4
OT-003414,A-0143,Zona Sur,C24,Correctiva,Reparación correctiva,2026-04-24,2026-04-25,2026-04-25,Cerrada,4.5,4.5,33.8
OT-003415,A-0143,Zona Sur,C24,Correctiva,Reparación correctiva,2026-06-29,2026-07-01,2026-07-01,Cerrada,5.0,5.0,42.4
OT-003416,A-0143,Zona Sur,C24,Correctiva,Reparación correctiva,2026-07-03,2026-07-04,2026-07-04,Cerrada,3.0,3.0,45.2
OT-003417,A-0143,Zona Sur,C24,Correctiva,Reparación correctiva,2026-08-07,2026-08-08,2026-08-08,Cerrada,3.5,3.5,31.8
OT-003418,A-0143,Zona Sur,C24,Correctiva,Reparación correctiva,2026-08-17,2026-08-19,2026-08-19,Cerrada,1.5,1.5,39.7
OT-003419,A-0144,Zona Sur,C24,Preventiva,Mantención preventiva,2025-02-24,2025-03-10,2025-03-10,Cerrada,1.5,1,0
OT-003420,A-0144,Zona Sur,C24,Preventiva,Mantención preventiva,2025-05-24,2025-06-03,2025-06-03,Cerrada,1.0,1,0
OT-003421,A-0144,Zona Sur,C24,Preventiva,Mantención preventiva,2025-08-24,2025-08-30,2025-08-30,Cerrada,2.0,1,0
OT-003422,A-0144,Zona Sur,C24,Preventiva,Mantención preventiva,2025-11-24,2025-11-24,2025-11-24,Cerrada,4.0,1,0
OT-003423,A-0144,Zona Sur,C24,Preventiva,Mantención preventiva,2026-02-24,2026-02-28,2026-02-28,Cerrada,3.5,1,0
OT-003424,A-0144,Zona Sur,C24,Preventiva,Mantención preventiva,2026-05-24,2026-05-26,2026-05-26,Cerrada,2.0,1,0
OT-003425,A-0144,Zona Sur,C24,Preventiva,Mantención preventiva,2026-08-24,2026-08-28,2026-08-28,Cerrada,4.5,1,0
OT-003426,A-0144,Zona Sur,C24,Preventiva,Mantención preventiva,2026-11-24,2026-11-25,2026-11-25,Cerrada,6.5,1,0
OT-003427,A-0144,Zona Sur,C24,Correctiva,Reparación correctiva,2025-08-08,2025-08-10,2025-08-10,Cerrada,1.0,1.0,40.9
OT-003428,A-0144,Zona Sur,C24,Correctiva,Reparación correctiva,2026-02-04,2026-02-05,2026-02-05,Cerrada,3.0,3.0,36.0
OT-003429,A-0144,Zona Sur,C24,Correctiva,Reparación correctiva,2026-04-14,2026-04-15,2026-04-16,Cerrada,6.5,6.5,28.6
OT-003430,A-0144,Zona Sur,C24,Correctiva,Reparación correctiva,2026-08-03,2026-08-04,2026-08-04,Cerrada,2.5,2.5,32.9
OT-003431,A-0144,Zona Sur,C24,Correctiva,Reparación correctiva,2026-11-29,2026-12-01,2026-12-01,Cerrada,1.5,1.5,28.7
OT-003432,A-0145,Clínica Oriente,C31,Preventiva,Mantención preventiva,2025-02-06,2025-02-08,2025-02-08,Cerrada,4.0,1,0
OT-003433,A-0145,Clínica Oriente,C31,Preventiva,Mantención preventiva,2025-04-06,2025-04-12,2025-04-12,Cerrada,2.5,1,0
OT-003434,A-0145,Clínica Oriente,C31,Preventiva,Mantención preventiva,2025-06-06,2025-06-10,2025-06-10,Cerrada,5.0,1,0
OT-003435,A-0145,Clínica Oriente,C31,Preventiva,Mantención preventiva,2025-08-06,,,Abierta,0,0,0
OT-003436,A-0145,Clínica Oriente,C31,Preventiva,Mantención preventiva,2025-10-06,2025-10-12,2025-10-12,Cerrada,3.5,1,0
OT-003437,A-0145,Clínica Oriente,C31,Preventiva,Mantención preventiva,2025-12-06,2025-12-11,2025-12-11,Cerrada,3.5,1,0
OT-003438,A-0145,Clínica Oriente,C31,Preventiva,Mantención preventiva,2026-02-06,2026-02-08,2026-02-08,Cerrada,1.0,1,0
OT-003439,A-0145,Clínica Oriente,C31,Preventiva,Mantención preventiva,2026-04-06,2026-04-09,2026-04-09,Cerrada,3.0,1,0
OT-003440,A-0145,Clínica Oriente,C31,Preventiva,Mantención preventiva,2026-06-06,2026-06-23,2026-06-23,Cerrada,4.5,1,0
OT-003441,A-0145,Clínica Oriente,C31,Preventiva,Mantención preventiva,2026-08-06,,,Abierta,0,0,0
OT-003442,A-0145,Clínica Oriente,C31,Preventiva,Mantención preventiva,2026-10-06,2026-10-09,2026-10-09,Cerrada,6.0,1,0
OT-003443,A-0145,Clínica Oriente,C31,Preventiva,Mantención preventiva,2026-12-06,2026-12-11,2026-12-11,Cerrada,2.0,1,0
OT-003444,A-0145,Clínica Oriente,C31,Correctiva,Reparación correctiva,2025-03-07,2025-03-08,2025-03-08,Cerrada,5.0,5.0,43.6
OT-003445,A-0145,Clínica Oriente,C31,Correctiva,Reparación correctiva,2025-03-28,2025-03-30,2025-03-30,Cerrada,9.0,9.0,55.5
OT-003446,A-0145,Clínica Oriente,C31,Correctiva,Reparación correctiva,2025-04-14,2025-04-15,2025-04-16,Cerrada,24.5,24.5,56.1
OT-003447,A-0145,Clínica Oriente,C31,Correctiva,Reparación correctiva,2025-05-03,2025-05-03,2025-05-04,Cerrada,5.5,5.5,19.8
OT-003448,A-0145,Clínica Oriente,C31,Correctiva,Reparación correctiva,2025-10-15,2025-10-16,2025-10-16,Cerrada,6.5,6.5,18.8
OT-003449,A-0145,Clínica Oriente,C31,Correctiva,Reparación correctiva,2025-11-27,2025-11-28,2025-11-28,Cerrada,4.5,4.5,16.8
OT-003450,A-0145,Clínica Oriente,C31,Correctiva,Reparación correctiva,2025-12-24,2025-12-25,2025-12-26,Cerrada,11.5,11.5,29.3
OT-003451,A-0145,Clínica Oriente,C31,Correctiva,Reparación correctiva,2025-12-27,2025-12-27,2025-12-28,Cerrada,7.5,7.5,25.4
OT-003452,A-0145,Clínica Oriente,C31,Correctiva,Reparación correctiva,2026-01-04,2026-01-05,2026-01-05,Cerrada,7.5,7.5,35.9
OT-003453,A-0145,Clínica Oriente,C31,Correctiva,Reparación correctiva,2026-05-08,2026-05-09,2026-05-09,Cerrada,10.0,10.0,35.1
OT-003454,A-0145,Clínica Oriente,C31,Correctiva,Reparación correctiva,2026-06-19,2026-06-21,2026-06-22,Cerrada,14.5,14.5,57.6
OT-003455,A-0145,Clínica Oriente,C31,Correctiva,Reparación correctiva,2026-09-14,2026-09-15,2026-09-16,Cerrada,17.0,17.0,47.4
OT-003456,A-0145,Clínica Oriente,C31,Correctiva,Reparación correctiva,2026-11-08,2026-11-09,2026-11-10,Cerrada,9.5,9.5,53.9
OT-003457,A-0145,Clínica Oriente,C31,Correctiva,Reparación correctiva,2026-12-22,2026-12-24,2026-12-24,Cerrada,4.5,4.5,36.3
OT-003458,A-0146,Clínica Oriente,C31,Preventiva,Mantención preventiva,2025-02-06,2025-02-11,2025-02-11,Cerrada,2.5,1,0
OT-003459,A-0146,Clínica Oriente,C31,Preventiva,Mantención preventiva,2025-04-06,2025-04-27,2025-04-27,Cerrada,8.0,1,0
OT-003460,A-0146,Clínica Oriente,C31,Preventiva,Mantención preventiva,2025-06-06,2025-06-10,2025-06-10,Cerrada,2.5,1,0
OT-003461,A-0146,Clínica Oriente,C31,Preventiva,Mantención preventiva,2025-08-06,2025-08-06,2025-08-06,Cerrada,13.0,1,0
OT-003462,A-0146,Clínica Oriente,C31,Preventiva,Mantención preventiva,2025-10-06,2025-10-10,2025-10-10,Cerrada,2.5,1,0
OT-003463,A-0146,Clínica Oriente,C31,Preventiva,Mantención preventiva,2025-12-06,2025-12-07,2025-12-07,Cerrada,3.0,1,0
OT-003464,A-0146,Clínica Oriente,C31,Preventiva,Mantención preventiva,2026-02-06,2026-02-11,2026-02-11,Cerrada,9.0,1,0
OT-003465,A-0146,Clínica Oriente,C31,Preventiva,Mantención preventiva,2026-04-06,2026-04-08,2026-04-08,Cerrada,3.5,1,0
OT-003466,A-0146,Clínica Oriente,C31,Preventiva,Mantención preventiva,2026-06-06,2026-07-13,2026-07-13,Cerrada,1.0,1,0
OT-003467,A-0146,Clínica Oriente,C31,Preventiva,Mantención preventiva,2026-08-06,2026-08-06,2026-08-06,Cerrada,4.5,1,0
OT-003468,A-0146,Clínica Oriente,C31,Preventiva,Mantención preventiva,2026-10-06,2026-10-12,2026-10-12,Cerrada,10.0,1,0
OT-003469,A-0146,Clínica Oriente,C31,Preventiva,Mantención preventiva,2026-12-06,2026-12-21,2026-12-21,Cerrada,2.5,1,0
OT-003470,A-0146,Clínica Oriente,C31,Correctiva,Reparación correctiva,2025-06-06,2025-06-08,2025-06-08,Cerrada,7.5,7.5,50.5
OT-003471,A-0146,Clínica Oriente,C31,Correctiva,Reparación correctiva,2025-06-24,2025-06-24,2025-06-24,Cerrada,4.5,4.5,19.0
OT-003472,A-0146,Clínica Oriente,C31,Correctiva,Reparación correctiva,2026-01-18,2026-01-19,2026-01-19,Cerrada,8.0,8.0,36.9
OT-003473,A-0146,Clínica Oriente,C31,Correctiva,Reparación correctiva,2026-01-28,2026-01-30,2026-01-30,Cerrada,13.5,13.5,43.2
OT-003474,A-0146,Clínica Oriente,C31,Correctiva,Reparación correctiva,2026-04-16,2026-04-18,2026-04-18,Cerrada,13.0,13.0,45.1
OT-003475,A-0146,Clínica Oriente,C31,Correctiva,Reparación correctiva,2026-05-01,2026-05-03,2026-05-03,Cerrada,10.0,10.0,51.2
OT-003476,A-0146,Clínica Oriente,C31,Correctiva,Reparación correctiva,2026-09-20,2026-09-21,2026-09-21,Cerrada,8.5,8.5,34.8
OT-003477,A-0147,Clínica Oriente,C31,Preventiva,Mantención preventiva,2025-02-25,2025-03-01,2025-03-01,Cerrada,11.0,1,0
OT-003478,A-0147,Clínica Oriente,C31,Preventiva,Mantención preventiva,2025-04-25,2025-04-29,2025-04-29,Cerrada,4.5,1,0
OT-003479,A-0147,Clínica Oriente,C31,Preventiva,Mantención preventiva,2025-06-25,2025-06-26,2025-06-26,Cerrada,8.5,1,0
OT-003480,A-0147,Clínica Oriente,C31,Preventiva,Mantención preventiva,2025-08-25,2025-10-04,2025-10-04,Cerrada,3.5,1,0
OT-003481,A-0147,Clínica Oriente,C31,Preventiva,Mantención preventiva,2025-10-25,2025-10-25,2025-10-25,Cerrada,4.0,1,0
OT-003482,A-0147,Clínica Oriente,C31,Preventiva,Mantención preventiva,2025-12-25,2025-12-31,2025-12-31,Cerrada,4.5,1,0
OT-003483,A-0147,Clínica Oriente,C31,Preventiva,Mantención preventiva,2026-02-25,2026-03-03,2026-03-03,Cerrada,9.5,1,0
OT-003484,A-0147,Clínica Oriente,C31,Preventiva,Mantención preventiva,2026-04-25,,,Abierta,0,0,0
OT-003485,A-0147,Clínica Oriente,C31,Preventiva,Mantención preventiva,2026-06-25,2026-07-01,2026-07-01,Cerrada,2.0,1,0
OT-003486,A-0147,Clínica Oriente,C31,Preventiva,Mantención preventiva,2026-08-25,2026-09-24,2026-09-24,Cerrada,5.0,1,0
OT-003487,A-0147,Clínica Oriente,C31,Preventiva,Mantención preventiva,2026-10-25,2026-10-27,2026-10-27,Cerrada,7.5,1,0
OT-003488,A-0147,Clínica Oriente,C31,Preventiva,Mantención preventiva,2026-12-25,2026-12-29,2026-12-29,Cerrada,4.5,1,0
OT-003489,A-0147,Clínica Oriente,C31,Correctiva,Reparación correctiva,2025-01-12,2025-01-13,2025-01-13,Cerrada,12.5,12.5,38.8
OT-003490,A-0147,Clínica Oriente,C31,Correctiva,Reparación correctiva,2025-01-23,2025-01-23,2025-01-24,Cerrada,16.5,16.5,34.2
OT-003491,A-0147,Clínica Oriente,C31,Correctiva,Reparación correctiva,2025-05-28,2025-05-29,2025-05-29,Cerrada,9.5,9.5,26.5
OT-003492,A-0147,Clínica Oriente,C31,Correctiva,Reparación correctiva,2025-07-11,2025-07-11,2025-07-12,Cerrada,9.0,9.0,24.8
OT-003493,A-0147,Clínica Oriente,C31,Correctiva,Reparación correctiva,2025-07-24,2025-07-25,2025-07-25,Cerrada,12.5,12.5,36.8
OT-003494,A-0147,Clínica Oriente,C31,Correctiva,Reparación correctiva,2025-09-14,2025-09-15,2025-09-15,Cerrada,5.5,5.5,26.5
OT-003495,A-0147,Clínica Oriente,C31,Correctiva,Reparación correctiva,2025-10-03,2025-10-04,2025-10-04,Cerrada,3.5,3.5,29.2
OT-003496,A-0147,Clínica Oriente,C31,Correctiva,Reparación correctiva,2026-01-09,2026-01-10,2026-01-11,Cerrada,8.0,8.0,30.9
OT-003497,A-0147,Clínica Oriente,C31,Correctiva,Reparación correctiva,2026-05-28,2026-05-28,2026-05-29,Cerrada,8.5,8.5,26.8
OT-003498,A-0147,Clínica Oriente,C31,Correctiva,Reparación correctiva,2026-08-03,2026-08-05,2026-08-05,Cerrada,17.5,17.5,62.7
OT-003499,A-0147,Clínica Oriente,C31,Correctiva,Reparación correctiva,2026-09-07,2026-09-08,2026-09-08,Cerrada,9.0,9.0,25.8
OT-003500,A-0147,Clínica Oriente,C31,Correctiva,Reparación correctiva,2026-09-09,2026-09-11,2026-09-11,Cerrada,16.0,16.0,57.6
OT-003501,A-0147,Clínica Oriente,C31,Correctiva,Reparación correctiva,2026-10-22,2026-10-24,2026-10-25,Cerrada,23.5,23.5,64.0
OT-003502,A-0147,Clínica Oriente,C31,Correctiva,Reparación correctiva,2026-10-23,2026-10-25,2026-10-25,Cerrada,12.5,12.5,58.0
OT-003503,A-0147,Clínica Oriente,C31,Correctiva,Reparación correctiva,2026-11-30,2026-12-02,2026-12-02,Cerrada,12.0,12.0,52.1
OT-003504,A-0148,Clínica Oriente,C31,Preventiva,Mantención preventiva,2025-01-15,2025-01-17,2025-01-17,Cerrada,5.0,1,0
OT-003505,A-0148,Clínica Oriente,C31,Preventiva,Mantención preventiva,2025-03-15,2025-03-21,2025-03-21,Cerrada,7.0,1,0
OT-003506,A-0148,Clínica Oriente,C31,Preventiva,Mantención preventiva,2025-05-15,2025-05-15,2025-05-15,Cerrada,8.5,1,0
OT-003507,A-0148,Clínica Oriente,C31,Preventiva,Mantención preventiva,2025-07-15,2025-07-16,2025-07-16,Cerrada,4.0,1,0
OT-003508,A-0148,Clínica Oriente,C31,Preventiva,Mantención preventiva,2025-09-15,2025-09-16,2025-09-16,Cerrada,4.5,1,0
OT-003509,A-0148,Clínica Oriente,C31,Preventiva,Mantención preventiva,2025-11-15,2025-11-28,2025-11-28,Cerrada,2.5,1,0
OT-003510,A-0148,Clínica Oriente,C31,Preventiva,Mantención preventiva,2026-01-15,2026-01-16,2026-01-16,Cerrada,7.5,1,0
OT-003511,A-0148,Clínica Oriente,C31,Preventiva,Mantención preventiva,2026-03-15,2026-03-17,2026-03-17,Cerrada,11.5,1,0
OT-003512,A-0148,Clínica Oriente,C31,Preventiva,Mantención preventiva,2026-05-15,2026-05-16,2026-05-16,Cerrada,18.0,1,0
OT-003513,A-0148,Clínica Oriente,C31,Preventiva,Mantención preventiva,2026-07-15,2026-07-15,2026-07-15,Cerrada,1.5,1,0
OT-003514,A-0148,Clínica Oriente,C31,Preventiva,Mantención preventiva,2026-09-15,2026-10-18,2026-10-18,Cerrada,11.5,1,0
OT-003515,A-0148,Clínica Oriente,C31,Preventiva,Mantención preventiva,2026-11-15,2026-12-21,2026-12-21,Cerrada,1.5,1,0
OT-003516,A-0148,Clínica Oriente,C31,Correctiva,Reparación correctiva,2025-02-03,2025-02-03,2025-02-04,Cerrada,6.5,6.5,20.8
OT-003517,A-0148,Clínica Oriente,C31,Correctiva,Reparación correctiva,2026-08-18,2026-08-19,2026-08-19,Cerrada,7.0,7.0,32.4
OT-003518,A-0148,Clínica Oriente,C31,Correctiva,Reparación correctiva,2026-09-12,2026-09-13,2026-09-14,Cerrada,5.0,5.0,34.3
OT-003519,A-0148,Clínica Oriente,C31,Correctiva,Reparación correctiva,2026-09-23,2026-09-24,2026-09-25,Cerrada,27.5,27.5,59.5
OT-003520,A-0148,Clínica Oriente,C31,Correctiva,Reparación correctiva,2026-11-27,2026-11-27,2026-11-28,Cerrada,14.5,14.5,27.9
OT-003521,A-0148,Clínica Oriente,C31,Correctiva,Reparación correctiva,2026-12-06,2026-12-07,2026-12-08,Cerrada,10.5,10.5,36.9
OT-003522,A-0148,Clínica Oriente,C31,Correctiva,Reparación correctiva,2026-12-22,2026-12-23,2026-12-24,Cerrada,8.5,8.5,39.1
OT-003523,A-0149,Clínica Oriente,C31,Preventiva,Mantención preventiva,2025-02-15,2025-02-19,2025-02-19,Cerrada,4.0,1,0
OT-003524,A-0149,Clínica Oriente,C31,Preventiva,Mantención preventiva,2025-04-15,2025-04-18,2025-04-18,Cerrada,6.0,1,0
OT-003525,A-0149,Clínica Oriente,C31,Preventiva,Mantención preventiva,2025-06-15,,,Abierta,0,0,0
OT-003526,A-0149,Clínica Oriente,C31,Preventiva,Mantención preventiva,2025-08-15,2025-09-10,2025-09-10,Cerrada,3.5,1,0
OT-003527,A-0149,Clínica Oriente,C31,Preventiva,Mantención preventiva,2025-10-15,2025-10-17,2025-10-17,Cerrada,2.5,1,0
OT-003528,A-0149,Clínica Oriente,C31,Preventiva,Mantención preventiva,2025-12-15,2025-12-16,2025-12-16,Cerrada,2.5,1,0
OT-003529,A-0149,Clínica Oriente,C31,Preventiva,Mantención preventiva,2026-02-15,2026-02-17,2026-02-17,Cerrada,3.5,1,0
OT-003530,A-0149,Clínica Oriente,C31,Preventiva,Mantención preventiva,2026-04-15,2026-04-18,2026-04-18,Cerrada,15.0,1,0
OT-003531,A-0149,Clínica Oriente,C31,Preventiva,Mantención preventiva,2026-06-15,2026-06-18,2026-06-18,Cerrada,4.0,1,0
OT-003532,A-0149,Clínica Oriente,C31,Preventiva,Mantención preventiva,2026-08-15,2026-08-15,2026-08-15,Cerrada,5.0,1,0
OT-003533,A-0149,Clínica Oriente,C31,Preventiva,Mantención preventiva,2026-10-15,2026-10-18,2026-10-18,Cerrada,3.0,1,0
OT-003534,A-0149,Clínica Oriente,C31,Preventiva,Mantención preventiva,2026-12-15,2026-12-17,2026-12-17,Cerrada,5.0,1,0
OT-003535,A-0149,Clínica Oriente,C31,Correctiva,Reparación correctiva,2025-01-07,2025-01-07,2025-01-08,Cerrada,7.0,7.0,23.2
OT-003536,A-0149,Clínica Oriente,C31,Correctiva,Reparación correctiva,2025-03-05,2025-03-06,2025-03-07,Cerrada,6.0,6.0,50.9
OT-003537,A-0149,Clínica Oriente,C31,Correctiva,Reparación correctiva,2025-07-14,2025-07-15,2025-07-16,Cerrada,15.5,15.5,47.4
OT-003538,A-0149,Clínica Oriente,C31,Correctiva,Reparación correctiva,2025-10-30,2025-11-01,2025-11-02,Cerrada,12.0,12.0,49.5
OT-003539,A-0149,Clínica Oriente,C31,Correctiva,Reparación correctiva,2025-12-04,2025-12-05,2025-12-05,Cerrada,10.5,10.5,46.5
OT-003540,A-0149,Clínica Oriente,C31,Correctiva,Reparación correctiva,2025-12-21,2025-12-21,2025-12-22,Cerrada,8.5,8.5,29.7
OT-003541,A-0149,Clínica Oriente,C31,Correctiva,Reparación correctiva,2026-03-11,2026-03-12,2026-03-13,Cerrada,9.5,9.5,44.8
OT-003542,A-0149,Clínica Oriente,C31,Correctiva,Reparación correctiva,2026-10-16,2026-10-18,2026-10-18,Cerrada,8.5,8.5,48.7
OT-003543,A-0149,Clínica Oriente,C31,Correctiva,Reparación correctiva,2026-11-08,2026-11-08,2026-11-09,Cerrada,7.5,7.5,21.8
OT-003544,A-0149,Clínica Oriente,C31,Correctiva,Reparación correctiva,2026-11-19,2026-11-20,2026-11-21,Cerrada,11.5,11.5,38.4
OT-003545,A-0149,Clínica Oriente,C31,Correctiva,Reparación correctiva,2026-11-29,2026-12-01,2026-12-01,Cerrada,6.0,6.0,50.7
OT-003546,A-0150,Clínica Oriente,C31,Preventiva,Mantención preventiva,2025-02-08,2025-02-09,2025-02-09,Cerrada,6.5,1,0
OT-003547,A-0150,Clínica Oriente,C31,Preventiva,Mantención preventiva,2025-04-08,2025-04-13,2025-04-13,Cerrada,5.5,1,0
OT-003548,A-0150,Clínica Oriente,C31,Preventiva,Mantención preventiva,2025-06-08,2025-07-14,2025-07-14,Cerrada,6.5,1,0
OT-003549,A-0150,Clínica Oriente,C31,Preventiva,Mantención preventiva,2025-08-08,2025-08-24,2025-08-24,Cerrada,2.0,1,0
OT-003550,A-0150,Clínica Oriente,C31,Preventiva,Mantención preventiva,2025-10-08,2025-10-14,2025-10-14,Cerrada,2.5,1,0
OT-003551,A-0150,Clínica Oriente,C31,Preventiva,Mantención preventiva,2025-12-08,2025-12-17,2025-12-17,Cerrada,6.0,1,0
OT-003552,A-0150,Clínica Oriente,C31,Preventiva,Mantención preventiva,2026-02-08,2026-02-14,2026-02-14,Cerrada,2.0,1,0
OT-003553,A-0150,Clínica Oriente,C31,Preventiva,Mantención preventiva,2026-04-08,2026-05-18,2026-05-18,Cerrada,9.5,1,0
OT-003554,A-0150,Clínica Oriente,C31,Preventiva,Mantención preventiva,2026-06-08,2026-07-14,2026-07-14,Cerrada,2.0,1,0
OT-003555,A-0150,Clínica Oriente,C31,Preventiva,Mantención preventiva,2026-08-08,2026-08-14,2026-08-14,Cerrada,4.5,1,0
OT-003556,A-0150,Clínica Oriente,C31,Preventiva,Mantención preventiva,2026-10-08,,,Abierta,0,0,0
OT-003557,A-0150,Clínica Oriente,C31,Preventiva,Mantención preventiva,2026-12-08,,,Abierta,0,0,0
OT-003558,A-0150,Clínica Oriente,C31,Correctiva,Reparación correctiva,2025-03-05,2025-03-07,2025-03-07,Cerrada,6.5,6.5,47.9
OT-003559,A-0150,Clínica Oriente,C31,Correctiva,Reparación correctiva,2025-07-11,2025-07-12,2025-07-13,Cerrada,13.5,13.5,41.7
OT-003560,A-0150,Clínica Oriente,C31,Correctiva,Reparación correctiva,2025-09-14,2025-09-16,2025-09-16,Cerrada,9.0,9.0,54.4
OT-003561,A-0150,Clínica Oriente,C31,Correctiva,Reparación correctiva,2025-11-16,2025-11-18,2025-11-18,Cerrada,11.5,11.5,39.3
OT-003562,A-0150,Clínica Oriente,C31,Correctiva,Reparación correctiva,2025-11-21,2025-11-22,2025-11-22,Cerrada,7.5,7.5,36.6
OT-003563,A-0150,Clínica Oriente,C31,Correctiva,Reparación correctiva,2026-05-06,2026-05-08,2026-05-08,Cerrada,7.0,7.0,49.3
OT-003564,A-0150,Clínica Oriente,C31,Correctiva,Reparación correctiva,2026-07-27,2026-07-27,2026-07-28,Cerrada,9.0,9.0,24.3
OT-003565,A-0150,Clínica Oriente,C31,Correctiva,Reparación correctiva,2026-08-11,2026-08-13,2026-08-13,Cerrada,11.5,11.5,55.6
OT-003566,A-0150,Clínica Oriente,C31,Correctiva,Reparación correctiva,2026-12-30,2027-01-01,,Abierta,0,0,37.1
OT-003567,A-0151,Clínica Oriente,C31,Preventiva,Mantención preventiva,2025-02-19,,,Abierta,0,0,0
OT-003568,A-0151,Clínica Oriente,C31,Preventiva,Mantención preventiva,2025-04-19,2025-04-25,2025-04-25,Cerrada,4.0,1,0
OT-003569,A-0151,Clínica Oriente,C31,Preventiva,Mantención preventiva,2025-06-19,2025-06-23,2025-06-23,Cerrada,2.5,1,0
OT-003570,A-0151,Clínica Oriente,C31,Preventiva,Mantención preventiva,2025-08-19,2025-08-25,2025-08-25,Cerrada,1.5,1,0
OT-003571,A-0151,Clínica Oriente,C31,Preventiva,Mantención preventiva,2025-10-19,2025-10-22,2025-10-22,Cerrada,5.0,1,0
OT-003572,A-0151,Clínica Oriente,C31,Preventiva,Mantención preventiva,2025-12-19,2025-12-25,2025-12-25,Cerrada,6.5,1,0
OT-003573,A-0151,Clínica Oriente,C31,Preventiva,Mantención preventiva,2026-02-19,2026-02-22,2026-02-22,Cerrada,2.5,1,0
OT-003574,A-0151,Clínica Oriente,C31,Preventiva,Mantención preventiva,2026-04-19,2026-04-25,2026-04-25,Cerrada,11.5,1,0
OT-003575,A-0151,Clínica Oriente,C31,Preventiva,Mantención preventiva,2026-06-19,2026-06-20,2026-06-20,Cerrada,3.5,1,0
OT-003576,A-0151,Clínica Oriente,C31,Preventiva,Mantención preventiva,2026-08-19,2026-08-22,2026-08-22,Cerrada,5.5,1,0
OT-003577,A-0151,Clínica Oriente,C31,Preventiva,Mantención preventiva,2026-10-19,2026-10-22,2026-10-22,Cerrada,5.0,1,0
OT-003578,A-0151,Clínica Oriente,C31,Preventiva,Mantención preventiva,2026-12-19,,,Abierta,0,0,0
OT-003579,A-0151,Clínica Oriente,C31,Correctiva,Reparación correctiva,2025-02-20,2025-02-21,2025-02-21,Cerrada,8.0,8.0,29.6
OT-003580,A-0151,Clínica Oriente,C31,Correctiva,Reparación correctiva,2025-04-14,2025-04-15,2025-04-15,Cerrada,6.0,6.0,23.5
OT-003581,A-0151,Clínica Oriente,C31,Correctiva,Reparación correctiva,2025-04-29,2025-05-01,2025-05-02,Cerrada,8.5,8.5,54.1
OT-003582,A-0151,Clínica Oriente,C31,Correctiva,Reparación correctiva,2025-07-28,2025-07-29,2025-07-29,Cerrada,11.0,11.0,32.9
OT-003583,A-0151,Clínica Oriente,C31,Correctiva,Reparación correctiva,2025-09-12,2025-09-14,2025-09-14,Cerrada,7.0,7.0,44.1
OT-003584,A-0151,Clínica Oriente,C31,Correctiva,Reparación correctiva,2026-10-12,2026-10-13,2026-10-13,Cerrada,8.5,8.5,39.5
OT-003585,A-0151,Clínica Oriente,C31,Correctiva,Reparación correctiva,2026-10-14,2026-10-15,2026-10-15,Cerrada,4.0,4.0,46.0
OT-003586,A-0152,Clínica Oriente,C31,Preventiva,Mantención preventiva,2025-01-27,2025-03-02,2025-03-02,Cerrada,2.5,1,0
OT-003587,A-0152,Clínica Oriente,C31,Preventiva,Mantención preventiva,2025-03-27,2025-04-04,2025-04-04,Cerrada,2.5,1,0
OT-003588,A-0152,Clínica Oriente,C31,Preventiva,Mantención preventiva,2025-05-27,2025-05-27,2025-05-27,Cerrada,3.0,1,0
OT-003589,A-0152,Clínica Oriente,C31,Preventiva,Mantención preventiva,2025-07-27,2025-08-14,2025-08-14,Cerrada,7.0,1,0
OT-003590,A-0152,Clínica Oriente,C31,Preventiva,Mantención preventiva,2025-09-27,2025-10-01,2025-10-01,Cerrada,2.5,1,0
OT-003591,A-0152,Clínica Oriente,C31,Preventiva,Mantención preventiva,2025-11-27,2025-11-28,2025-11-28,Cerrada,5.5,1,0
OT-003592,A-0152,Clínica Oriente,C31,Preventiva,Mantención preventiva,2026-01-27,2026-03-02,2026-03-02,Cerrada,4.0,1,0
OT-003593,A-0152,Clínica Oriente,C31,Preventiva,Mantención preventiva,2026-03-27,2026-05-04,2026-05-04,Cerrada,2.0,1,0
OT-003594,A-0152,Clínica Oriente,C31,Preventiva,Mantención preventiva,2026-05-27,2026-06-06,2026-06-06,Cerrada,12.0,1,0
OT-003595,A-0152,Clínica Oriente,C31,Preventiva,Mantención preventiva,2026-07-27,2026-08-29,2026-08-29,Cerrada,4.0,1,0
OT-003596,A-0152,Clínica Oriente,C31,Preventiva,Mantención preventiva,2026-09-27,2026-09-27,2026-09-27,Cerrada,4.0,1,0
OT-003597,A-0152,Clínica Oriente,C31,Preventiva,Mantención preventiva,2026-11-27,2026-12-11,2026-12-11,Cerrada,18.0,1,0
OT-003598,A-0152,Clínica Oriente,C31,Correctiva,Reparación correctiva,2025-03-30,2025-04-01,2025-04-01,Cerrada,9.0,9.0,55.1
OT-003599,A-0152,Clínica Oriente,C31,Correctiva,Reparación correctiva,2025-06-08,2025-06-09,2025-06-10,Cerrada,6.0,6.0,47.0
OT-003600,A-0152,Clínica Oriente,C31,Correctiva,Reparación correctiva,2025-07-30,2025-08-01,2025-08-01,Cerrada,6.5,6.5,52.0
OT-003601,A-0152,Clínica Oriente,C31,Correctiva,Reparación correctiva,2026-02-16,2026-02-16,2026-02-17,Cerrada,6.5,6.5,21.8
OT-003602,A-0152,Clínica Oriente,C31,Correctiva,Reparación correctiva,2026-03-22,2026-03-23,2026-03-23,Cerrada,3.0,3.0,38.8
OT-003603,A-0152,Clínica Oriente,C31,Correctiva,Reparación correctiva,2026-07-15,2026-07-16,2026-07-17,Cerrada,7.5,7.5,44.0
OT-003604,A-0152,Clínica Oriente,C31,Correctiva,Reparación correctiva,2026-10-30,2026-10-31,2026-11-01,Cerrada,10.5,10.5,36.2
OT-003605,A-0152,Clínica Oriente,C31,Correctiva,Reparación correctiva,2026-11-06,2026-11-07,2026-11-07,Cerrada,9.5,9.5,24.3
OT-003606,A-0153,Clínica Centro,C31,Preventiva,Mantención preventiva,2025-02-07,2025-02-08,2025-02-08,Cerrada,3.0,1,0
OT-003607,A-0153,Clínica Centro,C31,Preventiva,Mantención preventiva,2025-04-07,2025-04-11,2025-04-11,Cerrada,5.0,1,0
OT-003608,A-0153,Clínica Centro,C31,Preventiva,Mantención preventiva,2025-06-07,2025-06-10,2025-06-10,Cerrada,4.0,1,0
OT-003609,A-0153,Clínica Centro,C31,Preventiva,Mantención preventiva,2025-08-07,2025-08-12,2025-08-12,Cerrada,6.0,1,0
OT-003610,A-0153,Clínica Centro,C31,Preventiva,Mantención preventiva,2025-10-07,2025-10-11,2025-10-11,Cerrada,5.5,1,0
OT-003611,A-0153,Clínica Centro,C31,Preventiva,Mantención preventiva,2025-12-07,2026-01-11,2026-01-11,Cerrada,4.0,1,0
OT-003612,A-0153,Clínica Centro,C31,Preventiva,Mantención preventiva,2026-02-07,2026-02-10,2026-02-10,Cerrada,6.5,1,0
OT-003613,A-0153,Clínica Centro,C31,Preventiva,Mantención preventiva,2026-04-07,2026-04-09,2026-04-09,Cerrada,4.0,1,0
OT-003614,A-0153,Clínica Centro,C31,Preventiva,Mantención preventiva,2026-06-07,2026-06-07,2026-06-07,Cerrada,6.0,1,0
OT-003615,A-0153,Clínica Centro,C31,Preventiva,Mantención preventiva,2026-08-07,2026-08-09,2026-08-09,Cerrada,4.5,1,0
OT-003616,A-0153,Clínica Centro,C31,Preventiva,Mantención preventiva,2026-10-07,2026-10-08,2026-10-08,Cerrada,7.5,1,0
OT-003617,A-0153,Clínica Centro,C31,Preventiva,Mantención preventiva,2026-12-07,,,Abierta,0,0,0
OT-003618,A-0153,Clínica Centro,C31,Correctiva,Reparación correctiva,2025-04-19,2025-04-20,2025-04-20,Cerrada,7.0,7.0,21.0
OT-003619,A-0153,Clínica Centro,C31,Correctiva,Reparación correctiva,2025-07-12,2025-07-13,2025-07-14,Cerrada,9.5,9.5,29.7
OT-003620,A-0153,Clínica Centro,C31,Correctiva,Reparación correctiva,2025-07-31,2025-08-01,2025-08-01,Cerrada,13.0,13.0,31.3
OT-003621,A-0153,Clínica Centro,C31,Correctiva,Reparación correctiva,2026-02-08,2026-02-09,2026-02-10,Cerrada,7.5,7.5,44.5
OT-003622,A-0153,Clínica Centro,C31,Correctiva,Reparación correctiva,2026-06-18,2026-06-19,2026-06-19,Cerrada,7.0,7.0,41.1
OT-003623,A-0153,Clínica Centro,C31,Correctiva,Reparación correctiva,2026-07-05,2026-07-07,2026-07-07,Cerrada,4.5,4.5,42.0
OT-003624,A-0154,Clínica Centro,C31,Preventiva,Mantención preventiva,2025-02-18,2025-03-22,2025-03-22,Cerrada,10.0,1,0
OT-003625,A-0154,Clínica Centro,C31,Preventiva,Mantención preventiva,2025-04-18,2025-04-22,2025-04-22,Cerrada,4.5,1,0
OT-003626,A-0154,Clínica Centro,C31,Preventiva,Mantención preventiva,2025-06-18,2025-07-04,2025-07-04,Cerrada,3.0,1,0
OT-003627,A-0154,Clínica Centro,C31,Preventiva,Mantención preventiva,2025-08-18,2025-08-20,2025-08-20,Cerrada,3.5,1,0
OT-003628,A-0154,Clínica Centro,C31,Preventiva,Mantención preventiva,2025-10-18,2025-10-24,2025-10-24,Cerrada,3.5,1,0
OT-003629,A-0154,Clínica Centro,C31,Preventiva,Mantención preventiva,2025-12-18,2026-01-11,2026-01-11,Cerrada,11.0,1,0
OT-003630,A-0154,Clínica Centro,C31,Preventiva,Mantención preventiva,2026-02-18,2026-02-19,2026-02-19,Cerrada,2.0,1,0
OT-003631,A-0154,Clínica Centro,C31,Preventiva,Mantención preventiva,2026-04-18,2026-04-24,2026-04-24,Cerrada,7.5,1,0
OT-003632,A-0154,Clínica Centro,C31,Preventiva,Mantención preventiva,2026-06-18,2026-06-23,2026-06-23,Cerrada,5.0,1,0
OT-003633,A-0154,Clínica Centro,C31,Preventiva,Mantención preventiva,2026-08-18,2026-08-29,2026-08-29,Cerrada,4.0,1,0
OT-003634,A-0154,Clínica Centro,C31,Preventiva,Mantención preventiva,2026-10-18,2026-11-05,2026-11-05,Cerrada,3.5,1,0
OT-003635,A-0154,Clínica Centro,C31,Preventiva,Mantención preventiva,2026-12-18,2026-12-20,2026-12-20,Cerrada,1.5,1,0
OT-003636,A-0154,Clínica Centro,C31,Correctiva,Reparación correctiva,2025-04-17,2025-04-18,2025-04-18,Cerrada,6.5,6.5,26.9
OT-003637,A-0154,Clínica Centro,C31,Correctiva,Reparación correctiva,2025-09-08,2025-09-10,2025-09-10,Cerrada,13.5,13.5,60.8
OT-003638,A-0154,Clínica Centro,C31,Correctiva,Reparación correctiva,2025-12-12,2025-12-13,2025-12-13,Cerrada,7.0,7.0,29.3
OT-003639,A-0154,Clínica Centro,C31,Correctiva,Reparación correctiva,2026-06-14,2026-06-15,2026-06-16,Cerrada,9.0,9.0,51.4
OT-003640,A-0154,Clínica Centro,C31,Correctiva,Reparación correctiva,2026-10-10,2026-10-11,2026-10-12,Cerrada,18.0,18.0,47.7
OT-003641,A-0155,Clínica Centro,C31,Preventiva,Mantención preventiva,2025-02-25,2025-03-02,2025-03-02,Cerrada,2.5,1,0
OT-003642,A-0155,Clínica Centro,C31,Preventiva,Mantención preventiva,2025-04-25,2025-06-03,2025-06-03,Cerrada,3.0,1,0
OT-003643,A-0155,Clínica Centro,C31,Preventiva,Mantención preventiva,2025-06-25,2025-07-27,2025-07-27,Cerrada,11.5,1,0
OT-003644,A-0155,Clínica Centro,C31,Preventiva,Mantención preventiva,2025-08-25,2025-09-24,2025-09-24,Cerrada,7.5,1,0
OT-003645,A-0155,Clínica Centro,C31,Preventiva,Mantención preventiva,2025-10-25,2025-10-31,2025-10-31,Cerrada,2.0,1,0
OT-003646,A-0155,Clínica Centro,C31,Preventiva,Mantención preventiva,2025-12-25,2025-12-28,2025-12-28,Cerrada,7.0,1,0
OT-003647,A-0155,Clínica Centro,C31,Preventiva,Mantención preventiva,2026-02-25,2026-03-02,2026-03-02,Cerrada,5.5,1,0
OT-003648,A-0155,Clínica Centro,C31,Preventiva,Mantención preventiva,2026-04-25,2026-04-26,2026-04-26,Cerrada,3.5,1,0
OT-003649,A-0155,Clínica Centro,C31,Preventiva,Mantención preventiva,2026-06-25,2026-06-25,2026-06-25,Cerrada,12.0,1,0
OT-003650,A-0155,Clínica Centro,C31,Preventiva,Mantención preventiva,2026-08-25,2026-08-30,2026-08-30,Cerrada,8.0,1,0
OT-003651,A-0155,Clínica Centro,C31,Preventiva,Mantención preventiva,2026-10-25,2026-10-29,2026-10-29,Cerrada,3.5,1,0
OT-003652,A-0155,Clínica Centro,C31,Preventiva,Mantención preventiva,2026-12-25,2026-12-30,2026-12-30,Cerrada,7.5,1,0
OT-003653,A-0155,Clínica Centro,C31,Correctiva,Reparación correctiva,2025-02-20,2025-02-21,2025-02-22,Cerrada,4.5,4.5,46.2
OT-003654,A-0155,Clínica Centro,C31,Correctiva,Reparación correctiva,2025-04-01,2025-04-02,2025-04-02,Cerrada,9.0,9.0,23.4
OT-003655,A-0155,Clínica Centro,C31,Correctiva,Reparación correctiva,2025-07-20,2025-07-21,2025-07-22,Cerrada,26.0,26.0,57.9
OT-003656,A-0155,Clínica Centro,C31,Correctiva,Reparación correctiva,2025-10-27,2025-10-28,2025-10-29,Cerrada,8.5,8.5,29.2
OT-003657,A-0155,Clínica Centro,C31,Correctiva,Reparación correctiva,2025-12-21,2025-12-23,2025-12-24,Cerrada,26.0,26.0,56.1
OT-003658,A-0155,Clínica Centro,C31,Correctiva,Reparación correctiva,2026-04-20,2026-04-22,2026-04-22,Cerrada,8.5,8.5,49.4
OT-003659,A-0155,Clínica Centro,C31,Correctiva,Reparación correctiva,2026-07-08,2026-07-10,2026-07-10,Cerrada,9.5,9.5,40.0
OT-003660,A-0156,Clínica Centro,C31,Preventiva,Mantención preventiva,2025-02-16,2025-02-17,2025-02-17,Cerrada,6.0,1,0
OT-003661,A-0156,Clínica Centro,C31,Preventiva,Mantención preventiva,2025-04-16,2025-05-02,2025-05-02,Cerrada,3.0,1,0
OT-003662,A-0156,Clínica Centro,C31,Preventiva,Mantención preventiva,2025-06-16,2025-07-18,2025-07-18,Cerrada,5.5,1,0
OT-003663,A-0156,Clínica Centro,C31,Preventiva,Mantención preventiva,2025-08-16,2025-08-17,2025-08-17,Cerrada,10.5,1,0
OT-003664,A-0156,Clínica Centro,C31,Preventiva,Mantención preventiva,2025-10-16,2025-10-17,2025-10-17,Cerrada,4.5,1,0
OT-003665,A-0156,Clínica Centro,C31,Preventiva,Mantención preventiva,2025-12-16,2026-01-02,2026-01-02,Cerrada,6.0,1,0
OT-003666,A-0156,Clínica Centro,C31,Preventiva,Mantención preventiva,2026-02-16,2026-02-22,2026-02-22,Cerrada,3.0,1,0
OT-003667,A-0156,Clínica Centro,C31,Preventiva,Mantención preventiva,2026-04-16,2026-04-27,2026-04-27,Cerrada,6.5,1,0
OT-003668,A-0156,Clínica Centro,C31,Preventiva,Mantención preventiva,2026-06-16,2026-06-17,2026-06-17,Cerrada,6.0,1,0
OT-003669,A-0156,Clínica Centro,C31,Preventiva,Mantención preventiva,2026-08-16,2026-08-16,2026-08-16,Cerrada,9.5,1,0
OT-003670,A-0156,Clínica Centro,C31,Preventiva,Mantención preventiva,2026-10-16,2026-11-23,2026-11-23,Cerrada,5.5,1,0
OT-003671,A-0156,Clínica Centro,C31,Preventiva,Mantención preventiva,2026-12-16,2026-12-22,2026-12-22,Cerrada,3.0,1,0
OT-003672,A-0156,Clínica Centro,C31,Correctiva,Reparación correctiva,2025-05-24,2025-05-25,2025-05-25,Cerrada,13.0,13.0,35.4
OT-003673,A-0156,Clínica Centro,C31,Correctiva,Reparación correctiva,2025-08-04,2025-08-06,2025-08-07,Cerrada,11.5,11.5,56.9
OT-003674,A-0156,Clínica Centro,C31,Correctiva,Reparación correctiva,2025-08-12,2025-08-14,2025-08-14,Cerrada,3.5,3.5,33.9
OT-003675,A-0156,Clínica Centro,C31,Correctiva,Reparación correctiva,2025-10-01,2025-10-02,2025-10-03,Cerrada,20.0,20.0,59.0
OT-003676,A-0156,Clínica Centro,C31,Correctiva,Reparación correctiva,2025-10-20,2025-10-21,2025-10-22,Cerrada,18.0,18.0,41.1
OT-003677,A-0156,Clínica Centro,C31,Correctiva,Reparación correctiva,2026-03-30,2026-03-31,2026-04-01,Cerrada,13.5,13.5,53.9
OT-003678,A-0156,Clínica Centro,C31,Correctiva,Reparación correctiva,2026-04-17,2026-04-18,2026-04-18,Cerrada,7.5,7.5,32.8
OT-003679,A-0156,Clínica Centro,C31,Correctiva,Reparación correctiva,2026-04-19,2026-04-20,2026-04-21,Cerrada,10.5,10.5,47.3
OT-003680,A-0156,Clínica Centro,C31,Correctiva,Reparación correctiva,2026-04-27,2026-04-28,2026-04-30,Cerrada,41.0,41.0,53.5
OT-003681,A-0156,Clínica Centro,C31,Correctiva,Reparación correctiva,2026-05-29,2026-05-30,2026-05-30,Cerrada,2.5,2.5,17.6
OT-003682,A-0156,Clínica Centro,C31,Correctiva,Reparación correctiva,2026-08-07,2026-08-08,2026-08-09,Cerrada,31.5,31.5,47.1
OT-003683,A-0156,Clínica Centro,C31,Correctiva,Reparación correctiva,2026-10-27,2026-10-29,2026-10-29,Cerrada,7.5,7.5,47.3
OT-003684,A-0156,Clínica Centro,C31,Correctiva,Reparación correctiva,2026-10-28,2026-10-30,2026-10-31,Cerrada,12.0,12.0,51.8
OT-003685,A-0157,Clínica Centro,C31,Preventiva,Mantención preventiva,2025-02-18,2025-02-22,2025-02-22,Cerrada,7.0,1,0
OT-003686,A-0157,Clínica Centro,C31,Preventiva,Mantención preventiva,2025-04-18,2025-04-21,2025-04-21,Cerrada,7.0,1,0
OT-003687,A-0157,Clínica Centro,C31,Preventiva,Mantención preventiva,2025-06-18,2025-06-22,2025-06-22,Cerrada,3.5,1,0
OT-003688,A-0157,Clínica Centro,C31,Preventiva,Mantención preventiva,2025-08-18,2025-09-02,2025-09-02,Cerrada,6.0,1,0
OT-003689,A-0157,Clínica Centro,C31,Preventiva,Mantención preventiva,2025-10-18,2025-10-20,2025-10-20,Cerrada,4.0,1,0
OT-003690,A-0157,Clínica Centro,C31,Preventiva,Mantención preventiva,2025-12-18,2026-01-24,2026-01-24,Cerrada,5.0,1,0
OT-003691,A-0157,Clínica Centro,C31,Preventiva,Mantención preventiva,2026-02-18,,,Abierta,0,0,0
OT-003692,A-0157,Clínica Centro,C31,Preventiva,Mantención preventiva,2026-04-18,2026-04-23,2026-04-23,Cerrada,6.5,1,0
OT-003693,A-0157,Clínica Centro,C31,Preventiva,Mantención preventiva,2026-06-18,2026-07-07,2026-07-07,Cerrada,3.5,1,0
OT-003694,A-0157,Clínica Centro,C31,Preventiva,Mantención preventiva,2026-08-18,2026-08-24,2026-08-24,Cerrada,8.0,1,0
OT-003695,A-0157,Clínica Centro,C31,Preventiva,Mantención preventiva,2026-10-18,2026-10-18,2026-10-18,Cerrada,6.5,1,0
OT-003696,A-0157,Clínica Centro,C31,Preventiva,Mantención preventiva,2026-12-18,2026-12-18,2026-12-18,Cerrada,4.0,1,0
OT-003697,A-0157,Clínica Centro,C31,Correctiva,Reparación correctiva,2025-04-21,2025-04-22,2025-04-22,Cerrada,5.0,5.0,41.2
OT-003698,A-0157,Clínica Centro,C31,Correctiva,Reparación correctiva,2025-07-13,2025-07-14,2025-07-15,Cerrada,16.0,16.0,56.2
OT-003699,A-0157,Clínica Centro,C31,Correctiva,Reparación correctiva,2025-08-11,2025-08-13,2025-08-14,Cerrada,33.5,33.5,67.4
OT-003700,A-0157,Clínica Centro,C31,Correctiva,Reparación correctiva,2025-10-02,2025-10-03,2025-10-03,Cerrada,5.5,5.5,23.9
OT-003701,A-0157,Clínica Centro,C31,Correctiva,Reparación correctiva,2025-11-24,2025-11-26,2025-11-26,Cerrada,3.5,3.5,44.7
OT-003702,A-0157,Clínica Centro,C31,Correctiva,Reparación correctiva,2025-12-22,2025-12-23,2025-12-24,Cerrada,12.5,12.5,29.2
OT-003703,A-0157,Clínica Centro,C31,Correctiva,Reparación correctiva,2026-01-23,2026-01-24,2026-01-24,Cerrada,12.5,12.5,42.0
OT-003704,A-0157,Clínica Centro,C31,Correctiva,Reparación correctiva,2026-06-08,2026-06-08,2026-06-09,Cerrada,11.5,11.5,28.1
OT-003705,A-0157,Clínica Centro,C31,Correctiva,Reparación correctiva,2026-11-22,2026-11-23,2026-11-24,Cerrada,23.0,23.0,48.2
OT-003706,A-0157,Clínica Centro,C31,Correctiva,Reparación correctiva,2026-11-24,2026-11-25,2026-11-26,Cerrada,4.0,4.0,42.4
OT-003707,A-0158,Clínica Centro,C31,Preventiva,Mantención preventiva,2025-02-14,2025-02-14,2025-02-14,Cerrada,4.0,1,0
OT-003708,A-0158,Clínica Centro,C31,Preventiva,Mantención preventiva,2025-04-14,2025-04-20,2025-04-20,Cerrada,4.5,1,0
OT-003709,A-0158,Clínica Centro,C31,Preventiva,Mantención preventiva,2025-06-14,2025-06-19,2025-06-19,Cerrada,7.0,1,0
OT-003710,A-0158,Clínica Centro,C31,Preventiva,Mantención preventiva,2025-08-14,2025-08-17,2025-08-17,Cerrada,6.0,1,0
OT-003711,A-0158,Clínica Centro,C31,Preventiva,Mantención preventiva,2025-10-14,2025-11-02,2025-11-02,Cerrada,3.0,1,0
OT-003712,A-0158,Clínica Centro,C31,Preventiva,Mantención preventiva,2025-12-14,2025-12-14,2025-12-14,Cerrada,2.5,1,0
OT-003713,A-0158,Clínica Centro,C31,Preventiva,Mantención preventiva,2026-02-14,2026-02-18,2026-02-18,Cerrada,3.5,1,0
OT-003714,A-0158,Clínica Centro,C31,Preventiva,Mantención preventiva,2026-04-14,2026-04-16,2026-04-16,Cerrada,5.5,1,0
OT-003715,A-0158,Clínica Centro,C31,Preventiva,Mantención preventiva,2026-06-14,2026-06-16,2026-06-16,Cerrada,2.5,1,0
OT-003716,A-0158,Clínica Centro,C31,Preventiva,Mantención preventiva,2026-08-14,2026-08-14,2026-08-14,Cerrada,6.0,1,0
OT-003717,A-0158,Clínica Centro,C31,Preventiva,Mantención preventiva,2026-10-14,2026-11-19,2026-11-19,Cerrada,1.5,1,0
OT-003718,A-0158,Clínica Centro,C31,Preventiva,Mantención preventiva,2026-12-14,2026-12-14,2026-12-14,Cerrada,3.5,1,0
OT-003719,A-0158,Clínica Centro,C31,Correctiva,Reparación correctiva,2025-03-23,2025-03-24,2025-03-25,Cerrada,25.5,25.5,62.0
OT-003720,A-0158,Clínica Centro,C31,Correctiva,Reparación correctiva,2025-06-07,2025-06-08,2025-06-09,Cerrada,15.0,15.0,38.2
OT-003721,A-0158,Clínica Centro,C31,Correctiva,Reparación correctiva,2025-07-01,2025-07-02,2025-07-03,Cerrada,14.0,14.0,49.3
OT-003722,A-0158,Clínica Centro,C31,Correctiva,Reparación correctiva,2025-08-17,2025-08-19,2025-08-19,Cerrada,5.5,5.5,37.5
OT-003723,A-0158,Clínica Centro,C31,Correctiva,Reparación correctiva,2025-09-16,2025-09-17,2025-09-17,Cerrada,3.0,3.0,32.0
OT-003724,A-0158,Clínica Centro,C31,Correctiva,Reparación correctiva,2026-01-09,2026-01-11,2026-01-11,Cerrada,5.5,5.5,50.8
OT-003725,A-0158,Clínica Centro,C31,Correctiva,Reparación correctiva,2026-01-30,2026-02-01,2026-02-01,Cerrada,6.5,6.5,46.2
OT-003726,A-0158,Clínica Centro,C31,Correctiva,Reparación correctiva,2026-06-14,2026-06-15,2026-06-15,Cerrada,6.0,6.0,41.9
OT-003727,A-0158,Clínica Centro,C31,Correctiva,Reparación correctiva,2026-06-20,2026-06-22,2026-06-22,Cerrada,12.0,12.0,56.1
OT-003728,A-0158,Clínica Centro,C31,Correctiva,Reparación correctiva,2026-07-17,2026-07-18,2026-07-19,Cerrada,12.5,12.5,52.0
OT-003729,A-0159,Clínica Centro,C31,Preventiva,Mantención preventiva,2025-02-17,2025-02-23,2025-02-23,Cerrada,2.5,1,0
OT-003730,A-0159,Clínica Centro,C31,Preventiva,Mantención preventiva,2025-04-17,2025-04-20,2025-04-20,Cerrada,4.0,1,0
OT-003731,A-0159,Clínica Centro,C31,Preventiva,Mantención preventiva,2025-06-17,2025-06-22,2025-06-22,Cerrada,9.5,1,0
OT-003732,A-0159,Clínica Centro,C31,Preventiva,Mantención preventiva,2025-08-17,2025-08-18,2025-08-18,Cerrada,3.5,1,0
OT-003733,A-0159,Clínica Centro,C31,Preventiva,Mantención preventiva,2025-10-17,,,Abierta,0,0,0
OT-003734,A-0159,Clínica Centro,C31,Preventiva,Mantención preventiva,2025-12-17,2026-01-13,2026-01-13,Cerrada,4.0,1,0
OT-003735,A-0159,Clínica Centro,C31,Preventiva,Mantención preventiva,2026-02-17,2026-02-19,2026-02-19,Cerrada,3.5,1,0
OT-003736,A-0159,Clínica Centro,C31,Preventiva,Mantención preventiva,2026-04-17,2026-04-17,2026-04-17,Cerrada,3.5,1,0
OT-003737,A-0159,Clínica Centro,C31,Preventiva,Mantención preventiva,2026-06-17,2026-06-18,2026-06-18,Cerrada,7.5,1,0
OT-003738,A-0159,Clínica Centro,C31,Preventiva,Mantención preventiva,2026-08-17,2026-08-22,2026-08-22,Cerrada,8.5,1,0
OT-003739,A-0159,Clínica Centro,C31,Preventiva,Mantención preventiva,2026-10-17,2026-10-21,2026-10-21,Cerrada,2.5,1,0
OT-003740,A-0159,Clínica Centro,C31,Preventiva,Mantención preventiva,2026-12-17,,,Abierta,0,0,0
OT-003741,A-0159,Clínica Centro,C31,Correctiva,Reparación correctiva,2026-06-01,2026-06-02,2026-06-03,Cerrada,8.0,8.0,36.7
OT-003742,A-0159,Clínica Centro,C31,Correctiva,Reparación correctiva,2026-08-23,2026-08-24,2026-08-25,Cerrada,11.0,11.0,47.7
OT-003743,A-0159,Clínica Centro,C31,Correctiva,Reparación correctiva,2026-10-06,2026-10-08,2026-10-08,Cerrada,3.5,3.5,40.2
OT-003744,A-0159,Clínica Centro,C31,Correctiva,Reparación correctiva,2026-11-22,2026-11-23,2026-11-24,Cerrada,14.0,14.0,48.4
OT-003745,A-0160,Clínica Centro,C31,Preventiva,Mantención preventiva,2025-02-23,,,Abierta,0,0,0
OT-003746,A-0160,Clínica Centro,C31,Preventiva,Mantención preventiva,2025-04-23,2025-04-23,2025-04-23,Cerrada,13.0,1,0
OT-003747,A-0160,Clínica Centro,C31,Preventiva,Mantención preventiva,2025-06-23,2025-06-25,2025-06-25,Cerrada,9.5,1,0
OT-003748,A-0160,Clínica Centro,C31,Preventiva,Mantención preventiva,2025-08-23,2025-08-25,2025-08-25,Cerrada,2.5,1,0
OT-003749,A-0160,Clínica Centro,C31,Preventiva,Mantención preventiva,2025-10-23,2025-11-11,2025-11-11,Cerrada,7.5,1,0
OT-003750,A-0160,Clínica Centro,C31,Preventiva,Mantención preventiva,2025-12-23,2026-01-16,2026-01-16,Cerrada,2.5,1,0
OT-003751,A-0160,Clínica Centro,C31,Preventiva,Mantención preventiva,2026-02-23,2026-02-26,2026-02-26,Cerrada,4.0,1,0
OT-003752,A-0160,Clínica Centro,C31,Preventiva,Mantención preventiva,2026-04-23,2026-05-09,2026-05-09,Cerrada,4.0,1,0
OT-003753,A-0160,Clínica Centro,C31,Preventiva,Mantención preventiva,2026-06-23,,,Abierta,0,0,0
OT-003754,A-0160,Clínica Centro,C31,Preventiva,Mantención preventiva,2026-08-23,2026-09-23,2026-09-23,Cerrada,20.5,1,0
OT-003755,A-0160,Clínica Centro,C31,Preventiva,Mantención preventiva,2026-10-23,2026-10-29,2026-10-29,Cerrada,6.5,1,0
OT-003756,A-0160,Clínica Centro,C31,Preventiva,Mantención preventiva,2026-12-23,2026-12-25,2026-12-25,Cerrada,3.5,1,0
OT-003757,A-0160,Clínica Centro,C31,Correctiva,Reparación correctiva,2025-02-02,2025-02-03,2025-02-03,Cerrada,5.0,5.0,39.1
OT-003758,A-0160,Clínica Centro,C31,Correctiva,Reparación correctiva,2025-05-08,2025-05-10,2025-05-10,Cerrada,9.0,9.0,52.7
OT-003759,A-0160,Clínica Centro,C31,Correctiva,Reparación correctiva,2025-07-18,2025-07-19,2025-07-19,Cerrada,10.0,10.0,34.5
OT-003760,A-0160,Clínica Centro,C31,Correctiva,Reparación correctiva,2025-07-22,2025-07-23,2025-07-23,Cerrada,3.5,3.5,29.5
OT-003761,A-0160,Clínica Centro,C31,Correctiva,Reparación correctiva,2025-09-20,2025-09-22,2025-09-23,Cerrada,25.5,25.5,71.4
OT-003762,A-0160,Clínica Centro,C31,Correctiva,Reparación correctiva,2026-04-24,2026-04-25,2026-04-25,Cerrada,4.0,4.0,35.7
OT-003763,A-0160,Clínica Centro,C31,Correctiva,Reparación correctiva,2026-06-15,2026-06-16,2026-06-16,Cerrada,9.5,9.5,31.0
OT-003764,A-0160,Clínica Centro,C31,Correctiva,Reparación correctiva,2026-12-30,2026-12-31,2026-12-31,Cerrada,4.5,4.5,24.3
OT-003765,A-0161,Clínica Poniente,C31,Preventiva,Mantención preventiva,2025-01-01,2025-01-04,2025-01-04,Cerrada,3.5,1,0
OT-003766,A-0161,Clínica Poniente,C31,Preventiva,Mantención preventiva,2025-03-01,2025-03-30,2025-03-30,Cerrada,3.5,1,0
OT-003767,A-0161,Clínica Poniente,C31,Preventiva,Mantención preventiva,2025-05-01,2025-05-07,2025-05-07,Cerrada,8.5,1,0
OT-003768,A-0161,Clínica Poniente,C31,Preventiva,Mantención preventiva,2025-07-01,2025-07-04,2025-07-04,Cerrada,3.0,1,0
OT-003769,A-0161,Clínica Poniente,C31,Preventiva,Mantención preventiva,2025-09-01,2025-09-02,2025-09-02,Cerrada,5.5,1,0
OT-003770,A-0161,Clínica Poniente,C31,Preventiva,Mantención preventiva,2025-11-01,2025-11-05,2025-11-05,Cerrada,5.5,1,0
OT-003771,A-0161,Clínica Poniente,C31,Preventiva,Mantención preventiva,2026-01-01,2026-01-28,2026-01-28,Cerrada,3.5,1,0
OT-003772,A-0161,Clínica Poniente,C31,Preventiva,Mantención preventiva,2026-03-01,2026-03-07,2026-03-07,Cerrada,8.0,1,0
OT-003773,A-0161,Clínica Poniente,C31,Preventiva,Mantención preventiva,2026-05-01,2026-05-03,2026-05-03,Cerrada,2.0,1,0
OT-003774,A-0161,Clínica Poniente,C31,Preventiva,Mantención preventiva,2026-07-01,,,Abierta,0,0,0
OT-003775,A-0161,Clínica Poniente,C31,Preventiva,Mantención preventiva,2026-09-01,2026-09-04,2026-09-04,Cerrada,4.5,1,0
OT-003776,A-0161,Clínica Poniente,C31,Preventiva,Mantención preventiva,2026-11-01,2026-11-01,2026-11-01,Cerrada,2.5,1,0
OT-003777,A-0161,Clínica Poniente,C31,Correctiva,Reparación correctiva,2025-01-23,2025-01-24,2025-01-24,Cerrada,13.5,13.5,30.4
OT-003778,A-0161,Clínica Poniente,C31,Correctiva,Reparación correctiva,2025-05-05,2025-05-07,2025-05-08,Cerrada,16.5,16.5,63.0
OT-003779,A-0161,Clínica Poniente,C31,Correctiva,Reparación correctiva,2025-09-08,2025-09-10,2025-09-10,Cerrada,5.5,5.5,53.4
OT-003780,A-0161,Clínica Poniente,C31,Correctiva,Reparación correctiva,2026-03-05,2026-03-05,2026-03-06,Cerrada,9.5,9.5,24.7
OT-003781,A-0161,Clínica Poniente,C31,Correctiva,Reparación correctiva,2026-04-23,2026-04-24,2026-04-24,Cerrada,3.5,3.5,21.5
OT-003782,A-0161,Clínica Poniente,C31,Correctiva,Reparación correctiva,2026-11-02,2026-11-03,2026-11-04,Cerrada,12.0,12.0,52.7
OT-003783,A-0161,Clínica Poniente,C31,Correctiva,Reparación correctiva,2026-12-13,2026-12-15,2026-12-15,Cerrada,3.5,3.5,34.2
OT-003784,A-0162,Clínica Poniente,C31,Preventiva,Mantención preventiva,2025-01-23,2025-01-23,2025-01-23,Cerrada,1.5,1,0
OT-003785,A-0162,Clínica Poniente,C31,Preventiva,Mantención preventiva,2025-03-23,2025-03-24,2025-03-24,Cerrada,1.0,1,0
OT-003786,A-0162,Clínica Poniente,C31,Preventiva,Mantención preventiva,2025-05-23,2025-05-29,2025-05-29,Cerrada,6.0,1,0
OT-003787,A-0162,Clínica Poniente,C31,Preventiva,Mantención preventiva,2025-07-23,2025-07-27,2025-07-27,Cerrada,7.5,1,0
OT-003788,A-0162,Clínica Poniente,C31,Preventiva,Mantención preventiva,2025-09-23,2025-10-01,2025-10-01,Cerrada,6.5,1,0
OT-003789,A-0162,Clínica Poniente,C31,Preventiva,Mantención preventiva,2025-11-23,2025-11-29,2025-11-29,Cerrada,2.0,1,0
OT-003790,A-0162,Clínica Poniente,C31,Preventiva,Mantención preventiva,2026-01-23,2026-01-25,2026-01-25,Cerrada,4.5,1,0
OT-003791,A-0162,Clínica Poniente,C31,Preventiva,Mantención preventiva,2026-03-23,2026-03-25,2026-03-25,Cerrada,5.0,1,0
OT-003792,A-0162,Clínica Poniente,C31,Preventiva,Mantención preventiva,2026-05-23,,,Abierta,0,0,0
OT-003793,A-0162,Clínica Poniente,C31,Preventiva,Mantención preventiva,2026-07-23,2026-07-28,2026-07-28,Cerrada,2.0,1,0
OT-003794,A-0162,Clínica Poniente,C31,Preventiva,Mantención preventiva,2026-09-23,2026-09-23,2026-09-23,Cerrada,12.0,1,0
OT-003795,A-0162,Clínica Poniente,C31,Preventiva,Mantención preventiva,2026-11-23,2026-12-31,2026-12-31,Cerrada,5.0,1,0
OT-003796,A-0162,Clínica Poniente,C31,Correctiva,Reparación correctiva,2025-03-25,2025-03-26,2025-03-26,Cerrada,8.5,8.5,28.3
OT-003797,A-0162,Clínica Poniente,C31,Correctiva,Reparación correctiva,2025-12-07,2025-12-08,2025-12-09,Cerrada,17.0,17.0,47.3
OT-003798,A-0162,Clínica Poniente,C31,Correctiva,Reparación correctiva,2026-05-03,2026-05-03,2026-05-04,Cerrada,14.5,14.5,36.4
OT-003799,A-0162,Clínica Poniente,C31,Correctiva,Reparación correctiva,2026-05-08,2026-05-08,2026-05-08,Cerrada,8.0,8.0,23.5
OT-003800,A-0162,Clínica Poniente,C31,Correctiva,Reparación correctiva,2026-09-11,2026-09-11,2026-09-12,Cerrada,3.0,3.0,20.9
OT-003801,A-0162,Clínica Poniente,C31,Correctiva,Reparación correctiva,2026-12-06,2026-12-07,2026-12-08,Cerrada,16.5,16.5,47.8
OT-003802,A-0162,Clínica Poniente,C31,Correctiva,Reparación correctiva,2026-12-29,2026-12-31,2026-12-31,Cerrada,5.0,5.0,40.8
OT-003803,A-0163,Clínica Poniente,C31,Preventiva,Mantención preventiva,2025-02-09,2025-02-14,2025-02-14,Cerrada,4.5,1,0
OT-003804,A-0163,Clínica Poniente,C31,Preventiva,Mantención preventiva,2025-04-09,2025-04-11,2025-04-11,Cerrada,5.5,1,0
OT-003805,A-0163,Clínica Poniente,C31,Preventiva,Mantención preventiva,2025-06-09,2025-06-25,2025-06-25,Cerrada,10.0,1,0
OT-003806,A-0163,Clínica Poniente,C31,Preventiva,Mantención preventiva,2025-08-09,2025-08-14,2025-08-14,Cerrada,3.0,1,0
OT-003807,A-0163,Clínica Poniente,C31,Preventiva,Mantención preventiva,2025-10-09,2025-11-17,2025-11-17,Cerrada,5.5,1,0
OT-003808,A-0163,Clínica Poniente,C31,Preventiva,Mantención preventiva,2025-12-09,2025-12-10,2025-12-10,Cerrada,3.5,1,0
OT-003809,A-0163,Clínica Poniente,C31,Preventiva,Mantención preventiva,2026-02-09,2026-02-10,2026-02-10,Cerrada,17.0,1,0
OT-003810,A-0163,Clínica Poniente,C31,Preventiva,Mantención preventiva,2026-04-09,2026-04-12,2026-04-12,Cerrada,1.0,1,0
OT-003811,A-0163,Clínica Poniente,C31,Preventiva,Mantención preventiva,2026-06-09,2026-06-13,2026-06-13,Cerrada,1.5,1,0
OT-003812,A-0163,Clínica Poniente,C31,Preventiva,Mantención preventiva,2026-08-09,2026-08-14,2026-08-14,Cerrada,2.0,1,0
OT-003813,A-0163,Clínica Poniente,C31,Preventiva,Mantención preventiva,2026-10-09,2026-10-15,2026-10-15,Cerrada,8.5,1,0
OT-003814,A-0163,Clínica Poniente,C31,Preventiva,Mantención preventiva,2026-12-09,2026-12-12,2026-12-12,Cerrada,11.5,1,0
OT-003815,A-0163,Clínica Poniente,C31,Correctiva,Reparación correctiva,2025-10-08,2025-10-09,2025-10-09,Cerrada,8.5,8.5,28.4
OT-003816,A-0163,Clínica Poniente,C31,Correctiva,Reparación correctiva,2026-01-03,2026-01-04,2026-01-05,Cerrada,7.0,7.0,33.1
OT-003817,A-0163,Clínica Poniente,C31,Correctiva,Reparación correctiva,2026-01-08,2026-01-10,2026-01-10,Cerrada,5.0,5.0,31.6
OT-003818,A-0163,Clínica Poniente,C31,Correctiva,Reparación correctiva,2026-01-23,2026-01-25,2026-01-25,Cerrada,12.5,12.5,45.0
OT-003819,A-0163,Clínica Poniente,C31,Correctiva,Reparación correctiva,2026-01-29,2026-01-30,2026-01-31,Cerrada,26.5,26.5,59.4
OT-003820,A-0163,Clínica Poniente,C31,Correctiva,Reparación correctiva,2026-03-02,2026-03-03,2026-03-03,Cerrada,16.0,16.0,29.3
OT-003821,A-0163,Clínica Poniente,C31,Correctiva,Reparación correctiva,2026-03-22,2026-03-23,2026-03-24,Cerrada,19.5,19.5,42.5
OT-003822,A-0163,Clínica Poniente,C31,Correctiva,Reparación correctiva,2026-06-05,2026-06-06,2026-06-07,Cerrada,5.0,5.0,29.4
OT-003823,A-0163,Clínica Poniente,C31,Correctiva,Reparación correctiva,2026-06-22,2026-06-23,2026-06-23,Cerrada,13.5,13.5,32.3
OT-003824,A-0163,Clínica Poniente,C31,Correctiva,Reparación correctiva,2026-08-12,2026-08-14,2026-08-14,Cerrada,2.5,2.5,44.5
OT-003825,A-0163,Clínica Poniente,C31,Correctiva,Reparación correctiva,2026-11-19,2026-11-20,2026-11-21,Cerrada,8.5,8.5,53.6
OT-003826,A-0164,Clínica Poniente,C31,Preventiva,Mantención preventiva,2025-01-22,2025-01-26,2025-01-26,Cerrada,4.5,1,0
OT-003827,A-0164,Clínica Poniente,C31,Preventiva,Mantención preventiva,2025-03-22,,,Abierta,0,0,0
OT-003828,A-0164,Clínica Poniente,C31,Preventiva,Mantención preventiva,2025-05-22,,,Abierta,0,0,0
OT-003829,A-0164,Clínica Poniente,C31,Preventiva,Mantención preventiva,2025-07-22,2025-07-27,2025-07-27,Cerrada,5.0,1,0
OT-003830,A-0164,Clínica Poniente,C31,Preventiva,Mantención preventiva,2025-09-22,2025-09-27,2025-09-27,Cerrada,1.5,1,0
OT-003831,A-0164,Clínica Poniente,C31,Preventiva,Mantención preventiva,2025-11-22,2025-11-26,2025-11-26,Cerrada,5.0,1,0
OT-003832,A-0164,Clínica Poniente,C31,Preventiva,Mantención preventiva,2026-01-22,2026-01-26,2026-01-26,Cerrada,3.5,1,0
OT-003833,A-0164,Clínica Poniente,C31,Preventiva,Mantención preventiva,2026-03-22,2026-03-24,2026-03-24,Cerrada,2.5,1,0
OT-003834,A-0164,Clínica Poniente,C31,Preventiva,Mantención preventiva,2026-05-22,2026-05-26,2026-05-26,Cerrada,3.0,1,0
OT-003835,A-0164,Clínica Poniente,C31,Preventiva,Mantención preventiva,2026-07-22,,,Abierta,0,0,0
OT-003836,A-0164,Clínica Poniente,C31,Preventiva,Mantención preventiva,2026-09-22,,,Abierta,0,0,0
OT-003837,A-0164,Clínica Poniente,C31,Preventiva,Mantención preventiva,2026-11-22,2026-11-27,2026-11-27,Cerrada,3.5,1,0
OT-003838,A-0164,Clínica Poniente,C31,Correctiva,Reparación correctiva,2025-06-11,2025-06-13,2025-06-13,Cerrada,8.0,8.0,50.5
OT-003839,A-0164,Clínica Poniente,C31,Correctiva,Reparación correctiva,2025-07-24,2025-07-25,2025-07-25,Cerrada,6.0,6.0,43.9
OT-003840,A-0164,Clínica Poniente,C31,Correctiva,Reparación correctiva,2025-11-18,2025-11-19,2025-11-20,Cerrada,8.5,8.5,53.5
OT-003841,A-0164,Clínica Poniente,C31,Correctiva,Reparación correctiva,2025-12-24,2025-12-25,2025-12-26,Cerrada,17.0,17.0,45.3
OT-003842,A-0164,Clínica Poniente,C31,Correctiva,Reparación correctiva,2026-05-16,2026-05-17,2026-05-18,Cerrada,6.5,6.5,28.2
OT-003843,A-0164,Clínica Poniente,C31,Correctiva,Reparación correctiva,2026-06-27,2026-06-28,2026-06-29,Cerrada,13.5,13.5,42.5
OT-003844,A-0165,Clínica Poniente,C31,Preventiva,Mantención preventiva,2025-02-26,2025-02-27,2025-02-27,Cerrada,3.0,1,0
OT-003845,A-0165,Clínica Poniente,C31,Preventiva,Mantención preventiva,2025-04-26,2025-05-01,2025-05-01,Cerrada,10.5,1,0
OT-003846,A-0165,Clínica Poniente,C31,Preventiva,Mantención preventiva,2025-06-26,,,Abierta,0,0,0
OT-003847,A-0165,Clínica Poniente,C31,Preventiva,Mantención preventiva,2025-08-26,,,Abierta,0,0,0
OT-003848,A-0165,Clínica Poniente,C31,Preventiva,Mantención preventiva,2025-10-26,2025-11-22,2025-11-22,Cerrada,4.5,1,0
OT-003849,A-0165,Clínica Poniente,C31,Preventiva,Mantención preventiva,2025-12-26,2025-12-29,2025-12-29,Cerrada,5.0,1,0
OT-003850,A-0165,Clínica Poniente,C31,Preventiva,Mantención preventiva,2026-02-26,,,Abierta,0,0,0
OT-003851,A-0165,Clínica Poniente,C31,Preventiva,Mantención preventiva,2026-04-26,2026-04-29,2026-04-29,Cerrada,3.0,1,0
OT-003852,A-0165,Clínica Poniente,C31,Preventiva,Mantención preventiva,2026-06-26,2026-06-27,2026-06-27,Cerrada,3.5,1,0
OT-003853,A-0165,Clínica Poniente,C31,Preventiva,Mantención preventiva,2026-08-26,2026-09-10,2026-09-10,Cerrada,3.0,1,0
OT-003854,A-0165,Clínica Poniente,C31,Preventiva,Mantención preventiva,2026-10-26,,,Abierta,0,0,0
OT-003855,A-0165,Clínica Poniente,C31,Preventiva,Mantención preventiva,2026-12-26,2026-12-31,2026-12-31,Cerrada,5.0,1,0
OT-003856,A-0165,Clínica Poniente,C31,Correctiva,Reparación correctiva,2025-07-24,2025-07-26,2025-07-27,Cerrada,12.0,12.0,57.9
OT-003857,A-0165,Clínica Poniente,C31,Correctiva,Reparación correctiva,2025-08-28,2025-08-29,2025-08-29,Cerrada,9.5,9.5,32.6
OT-003858,A-0165,Clínica Poniente,C31,Correctiva,Reparación correctiva,2025-11-11,2025-11-12,2025-11-12,Cerrada,11.0,11.0,30.9
OT-003859,A-0165,Clínica Poniente,C31,Correctiva,Reparación correctiva,2026-08-30,2026-08-31,2026-09-01,Cerrada,9.5,9.5,46.0
OT-003860,A-0166,Clínica Poniente,C31,Preventiva,Mantención preventiva,2025-02-06,2025-02-06,2025-02-06,Cerrada,2.5,1,0
OT-003861,A-0166,Clínica Poniente,C31,Preventiva,Mantención preventiva,2025-04-06,2025-04-08,2025-04-08,Cerrada,2.5,1,0
OT-003862,A-0166,Clínica Poniente,C31,Preventiva,Mantención preventiva,2025-06-06,,,Abierta,0,0,0
OT-003863,A-0166,Clínica Poniente,C31,Preventiva,Mantención preventiva,2025-08-06,2025-08-07,2025-08-07,Cerrada,2.0,1,0
OT-003864,A-0166,Clínica Poniente,C31,Preventiva,Mantención preventiva,2025-10-06,2025-10-30,2025-10-30,Cerrada,2.0,1,0
OT-003865,A-0166,Clínica Poniente,C31,Preventiva,Mantención preventiva,2025-12-06,2026-01-14,2026-01-14,Cerrada,2.0,1,0
OT-003866,A-0166,Clínica Poniente,C31,Preventiva,Mantención preventiva,2026-02-06,2026-02-07,2026-02-07,Cerrada,7.5,1,0
OT-003867,A-0166,Clínica Poniente,C31,Preventiva,Mantención preventiva,2026-04-06,2026-04-08,2026-04-08,Cerrada,2.5,1,0
OT-003868,A-0166,Clínica Poniente,C31,Preventiva,Mantención preventiva,2026-06-06,2026-06-10,2026-06-10,Cerrada,3.5,1,0
OT-003869,A-0166,Clínica Poniente,C31,Preventiva,Mantención preventiva,2026-08-06,2026-08-07,2026-08-07,Cerrada,4.0,1,0
OT-003870,A-0166,Clínica Poniente,C31,Preventiva,Mantención preventiva,2026-10-06,2026-10-16,2026-10-16,Cerrada,12.5,1,0
OT-003871,A-0166,Clínica Poniente,C31,Preventiva,Mantención preventiva,2026-12-06,2026-12-07,2026-12-07,Cerrada,3.0,1,0
OT-003872,A-0166,Clínica Poniente,C31,Correctiva,Reparación correctiva,2025-04-07,2025-04-08,2025-04-08,Cerrada,12.0,12.0,25.6
OT-003873,A-0166,Clínica Poniente,C31,Correctiva,Reparación correctiva,2025-04-19,2025-04-20,2025-04-21,Cerrada,4.5,4.5,27.6
OT-003874,A-0166,Clínica Poniente,C31,Correctiva,Reparación correctiva,2026-01-06,2026-01-07,2026-01-07,Cerrada,4.0,4.0,20.3
OT-003875,A-0166,Clínica Poniente,C31,Correctiva,Reparación correctiva,2026-11-11,2026-11-12,2026-11-13,Cerrada,13.5,13.5,50.4
OT-003876,A-0167,Clínica Poniente,C31,Preventiva,Mantención preventiva,2025-01-16,,,Abierta,0,0,0
OT-003877,A-0167,Clínica Poniente,C31,Preventiva,Mantención preventiva,2025-03-16,2025-04-05,2025-04-05,Cerrada,2.5,1,0
OT-003878,A-0167,Clínica Poniente,C31,Preventiva,Mantención preventiva,2025-05-16,2025-05-21,2025-05-21,Cerrada,1.5,1,0
OT-003879,A-0167,Clínica Poniente,C31,Preventiva,Mantención preventiva,2025-07-16,2025-07-17,2025-07-17,Cerrada,5.0,1,0
OT-003880,A-0167,Clínica Poniente,C31,Preventiva,Mantención preventiva,2025-09-16,2025-09-17,2025-09-17,Cerrada,2.5,1,0
OT-003881,A-0167,Clínica Poniente,C31,Preventiva,Mantención preventiva,2025-11-16,,,Abierta,0,0,0
OT-003882,A-0167,Clínica Poniente,C31,Preventiva,Mantención preventiva,2026-01-16,2026-01-22,2026-01-22,Cerrada,5.0,1,0
OT-003883,A-0167,Clínica Poniente,C31,Preventiva,Mantención preventiva,2026-03-16,2026-03-17,2026-03-17,Cerrada,1.5,1,0
OT-003884,A-0167,Clínica Poniente,C31,Preventiva,Mantención preventiva,2026-05-16,2026-06-07,2026-06-07,Cerrada,5.5,1,0
OT-003885,A-0167,Clínica Poniente,C31,Preventiva,Mantención preventiva,2026-07-16,2026-07-20,2026-07-20,Cerrada,3.0,1,0
OT-003886,A-0167,Clínica Poniente,C31,Preventiva,Mantención preventiva,2026-09-16,2026-10-08,2026-10-08,Cerrada,6.0,1,0
OT-003887,A-0167,Clínica Poniente,C31,Preventiva,Mantención preventiva,2026-11-16,2026-11-19,2026-11-19,Cerrada,2.5,1,0
OT-003888,A-0167,Clínica Poniente,C31,Correctiva,Reparación correctiva,2025-01-04,2025-01-05,2025-01-06,Cerrada,18.5,18.5,44.8
OT-003889,A-0167,Clínica Poniente,C31,Correctiva,Reparación correctiva,2025-02-28,2025-03-01,2025-03-02,Cerrada,6.5,6.5,36.9
OT-003890,A-0167,Clínica Poniente,C31,Correctiva,Reparación correctiva,2025-12-14,2025-12-15,2025-12-16,Cerrada,6.5,6.5,46.0
OT-003891,A-0167,Clínica Poniente,C31,Correctiva,Reparación correctiva,2026-05-31,2026-06-02,2026-06-02,Cerrada,12.5,12.5,54.2
OT-003892,A-0167,Clínica Poniente,C31,Correctiva,Reparación correctiva,2026-08-12,2026-08-14,2026-08-14,Cerrada,18.5,18.5,50.7
OT-003893,A-0168,Clínica Poniente,C31,Preventiva,Mantención preventiva,2025-02-23,2025-03-19,2025-03-19,Cerrada,7.0,1,0
OT-003894,A-0168,Clínica Poniente,C31,Preventiva,Mantención preventiva,2025-04-23,2025-04-29,2025-04-29,Cerrada,3.5,1,0
OT-003895,A-0168,Clínica Poniente,C31,Preventiva,Mantención preventiva,2025-06-23,,,Abierta,0,0,0
OT-003896,A-0168,Clínica Poniente,C31,Preventiva,Mantención preventiva,2025-08-23,,,Abierta,0,0,0
OT-003897,A-0168,Clínica Poniente,C31,Preventiva,Mantención preventiva,2025-10-23,,,Abierta,0,0,0
OT-003898,A-0168,Clínica Poniente,C31,Preventiva,Mantención preventiva,2025-12-23,,,Abierta,0,0,0
OT-003899,A-0168,Clínica Poniente,C31,Preventiva,Mantención preventiva,2026-02-23,2026-02-24,2026-02-24,Cerrada,9.5,1,0
OT-003900,A-0168,Clínica Poniente,C31,Preventiva,Mantención preventiva,2026-04-23,2026-04-29,2026-04-29,Cerrada,5.0,1,0
OT-003901,A-0168,Clínica Poniente,C31,Preventiva,Mantención preventiva,2026-06-23,2026-06-27,2026-06-27,Cerrada,5.5,1,0
OT-003902,A-0168,Clínica Poniente,C31,Preventiva,Mantención preventiva,2026-08-23,2026-08-28,2026-08-28,Cerrada,5.0,1,0
OT-003903,A-0168,Clínica Poniente,C31,Preventiva,Mantención preventiva,2026-10-23,2026-11-22,2026-11-22,Cerrada,3.5,1,0
OT-003904,A-0168,Clínica Poniente,C31,Preventiva,Mantención preventiva,2026-12-23,,,Abierta,0,0,0
OT-003905,A-0168,Clínica Poniente,C31,Correctiva,Reparación correctiva,2025-07-27,2025-07-28,2025-07-28,Cerrada,7.0,7.0,27.7
OT-003906,A-0168,Clínica Poniente,C31,Correctiva,Reparación correctiva,2025-08-02,2025-08-04,2025-08-04,Cerrada,8.0,8.0,43.3
OT-003907,A-0168,Clínica Poniente,C31,Correctiva,Reparación correctiva,2025-11-14,2025-11-15,2025-11-15,Cerrada,5.0,5.0,34.7
OT-003908,A-0168,Clínica Poniente,C31,Correctiva,Reparación correctiva,2026-01-13,2026-01-14,2026-01-14,Cerrada,16.5,16.5,39.8
OT-003909,A-0168,Clínica Poniente,C31,Correctiva,Reparación correctiva,2026-02-17,2026-02-17,2026-02-18,Cerrada,9.5,9.5,22.0
OT-003910,A-0168,Clínica Poniente,C31,Correctiva,Reparación correctiva,2026-04-02,2026-04-03,2026-04-03,Cerrada,9.5,9.5,35.9
OT-003911,A-0168,Clínica Poniente,C31,Correctiva,Reparación correctiva,2026-09-07,2026-09-08,2026-09-09,Cerrada,7.0,7.0,36.0
OT-003912,A-0169,Clínica Oriente,C32,Preventiva,Mantención preventiva,2025-01-02,2025-01-04,2025-01-04,Cerrada,6.0,1,0
OT-003913,A-0169,Clínica Oriente,C32,Preventiva,Mantención preventiva,2025-02-02,2025-02-14,2025-02-14,Cerrada,3.5,1,0
OT-003914,A-0169,Clínica Oriente,C32,Preventiva,Mantención preventiva,2025-03-02,2025-03-02,2025-03-02,Cerrada,5.5,1,0
OT-003915,A-0169,Clínica Oriente,C32,Preventiva,Mantención preventiva,2025-04-02,2025-04-06,2025-04-06,Cerrada,7.0,1,0
OT-003916,A-0169,Clínica Oriente,C32,Preventiva,Mantención preventiva,2025-05-02,2025-05-04,2025-05-04,Cerrada,4.0,1,0
OT-003917,A-0169,Clínica Oriente,C32,Preventiva,Mantención preventiva,2025-06-02,2025-06-02,2025-06-02,Cerrada,4.0,1,0
OT-003918,A-0169,Clínica Oriente,C32,Preventiva,Mantención preventiva,2025-07-02,2025-07-04,2025-07-04,Cerrada,5.0,1,0
OT-003919,A-0169,Clínica Oriente,C32,Preventiva,Mantención preventiva,2025-08-02,2025-08-05,2025-08-05,Cerrada,2.5,1,0
OT-003920,A-0169,Clínica Oriente,C32,Preventiva,Mantención preventiva,2025-09-02,2025-09-25,2025-09-25,Cerrada,6.5,1,0
OT-003921,A-0169,Clínica Oriente,C32,Preventiva,Mantención preventiva,2025-10-02,2025-11-04,2025-11-04,Cerrada,4.0,1,0
OT-003922,A-0169,Clínica Oriente,C32,Preventiva,Mantención preventiva,2025-11-02,2025-11-02,2025-11-02,Cerrada,5.0,1,0
OT-003923,A-0169,Clínica Oriente,C32,Preventiva,Mantención preventiva,2025-12-02,2025-12-03,2025-12-03,Cerrada,2.0,1,0
OT-003924,A-0169,Clínica Oriente,C32,Preventiva,Mantención preventiva,2026-01-02,2026-01-08,2026-01-08,Cerrada,6.5,1,0
OT-003925,A-0169,Clínica Oriente,C32,Preventiva,Mantención preventiva,2026-02-02,2026-02-07,2026-02-07,Cerrada,3.0,1,0
OT-003926,A-0169,Clínica Oriente,C32,Preventiva,Mantención preventiva,2026-03-02,2026-03-04,2026-03-04,Cerrada,4.5,1,0
OT-003927,A-0169,Clínica Oriente,C32,Preventiva,Mantención preventiva,2026-04-02,2026-04-04,2026-04-04,Cerrada,2.0,1,0
OT-003928,A-0169,Clínica Oriente,C32,Preventiva,Mantención preventiva,2026-05-02,2026-05-07,2026-05-07,Cerrada,5.5,1,0
OT-003929,A-0169,Clínica Oriente,C32,Preventiva,Mantención preventiva,2026-06-02,2026-06-02,2026-06-02,Cerrada,5.0,1,0
OT-003930,A-0169,Clínica Oriente,C32,Preventiva,Mantención preventiva,2026-07-02,2026-07-02,2026-07-02,Cerrada,9.0,1,0
OT-003931,A-0169,Clínica Oriente,C32,Preventiva,Mantención preventiva,2026-08-02,2026-08-02,2026-08-02,Cerrada,3.0,1,0
OT-003932,A-0169,Clínica Oriente,C32,Preventiva,Mantención preventiva,2026-09-02,2026-09-04,2026-09-04,Cerrada,4.0,1,0
OT-003933,A-0169,Clínica Oriente,C32,Preventiva,Mantención preventiva,2026-10-02,,,Abierta,0,0,0
OT-003934,A-0169,Clínica Oriente,C32,Preventiva,Mantención preventiva,2026-11-02,2026-11-05,2026-11-05,Cerrada,6.5,1,0
OT-003935,A-0169,Clínica Oriente,C32,Preventiva,Mantención preventiva,2026-12-02,2026-12-02,2026-12-02,Cerrada,2.0,1,0
OT-003936,A-0169,Clínica Oriente,C32,Correctiva,Reparación correctiva,2025-04-09,2025-04-10,2025-04-10,Cerrada,5.0,5.0,11.0
OT-003937,A-0169,Clínica Oriente,C32,Correctiva,Reparación correctiva,2025-06-17,2025-06-17,2025-06-18,Cerrada,10.0,10.0,16.0
OT-003938,A-0169,Clínica Oriente,C32,Correctiva,Reparación correctiva,2026-04-21,2026-04-22,2026-04-22,Cerrada,7.5,7.5,18.3
OT-003939,A-0169,Clínica Oriente,C32,Correctiva,Reparación correctiva,2026-09-09,2026-09-09,2026-09-09,Cerrada,7.5,7.5,9.8
OT-003940,A-0170,Clínica Oriente,C32,Preventiva,Mantención preventiva,2025-01-07,2025-01-12,2025-01-12,Cerrada,3.5,1,0
OT-003941,A-0170,Clínica Oriente,C32,Preventiva,Mantención preventiva,2025-02-07,2025-02-08,2025-02-08,Cerrada,9.5,1,0
OT-003942,A-0170,Clínica Oriente,C32,Preventiva,Mantención preventiva,2025-03-07,2025-03-12,2025-03-12,Cerrada,4.5,1,0
OT-003943,A-0170,Clínica Oriente,C32,Preventiva,Mantención preventiva,2025-04-07,2025-04-10,2025-04-10,Cerrada,3.0,1,0
OT-003944,A-0170,Clínica Oriente,C32,Preventiva,Mantención preventiva,2025-05-07,2025-05-11,2025-05-11,Cerrada,4.0,1,0
OT-003945,A-0170,Clínica Oriente,C32,Preventiva,Mantención preventiva,2025-06-07,2025-06-07,2025-06-07,Cerrada,3.0,1,0
OT-003946,A-0170,Clínica Oriente,C32,Preventiva,Mantención preventiva,2025-07-07,2025-07-08,2025-07-08,Cerrada,4.0,1,0
OT-003947,A-0170,Clínica Oriente,C32,Preventiva,Mantención preventiva,2025-08-07,2025-08-09,2025-08-09,Cerrada,15.5,1,0
OT-003948,A-0170,Clínica Oriente,C32,Preventiva,Mantención preventiva,2025-09-07,2025-09-11,2025-09-11,Cerrada,5.0,1,0
OT-003949,A-0170,Clínica Oriente,C32,Preventiva,Mantención preventiva,2025-10-07,2025-10-12,2025-10-12,Cerrada,4.0,1,0
OT-003950,A-0170,Clínica Oriente,C32,Preventiva,Mantención preventiva,2025-11-07,2025-11-09,2025-11-09,Cerrada,3.5,1,0
OT-003951,A-0170,Clínica Oriente,C32,Preventiva,Mantención preventiva,2025-12-07,2025-12-13,2025-12-13,Cerrada,5.0,1,0
OT-003952,A-0170,Clínica Oriente,C32,Preventiva,Mantención preventiva,2026-01-07,2026-01-30,2026-01-30,Cerrada,6.0,1,0
OT-003953,A-0170,Clínica Oriente,C32,Preventiva,Mantención preventiva,2026-02-07,2026-02-13,2026-02-13,Cerrada,2.5,1,0
OT-003954,A-0170,Clínica Oriente,C32,Preventiva,Mantención preventiva,2026-03-07,2026-03-11,2026-03-11,Cerrada,2.5,1,0
OT-003955,A-0170,Clínica Oriente,C32,Preventiva,Mantención preventiva,2026-04-07,2026-04-12,2026-04-12,Cerrada,5.5,1,0
OT-003956,A-0170,Clínica Oriente,C32,Preventiva,Mantención preventiva,2026-05-07,2026-05-11,2026-05-11,Cerrada,3.0,1,0
OT-003957,A-0170,Clínica Oriente,C32,Preventiva,Mantención preventiva,2026-06-07,2026-06-10,2026-06-10,Cerrada,5.5,1,0
OT-003958,A-0170,Clínica Oriente,C32,Preventiva,Mantención preventiva,2026-07-07,2026-07-13,2026-07-13,Cerrada,5.0,1,0
OT-003959,A-0170,Clínica Oriente,C32,Preventiva,Mantención preventiva,2026-08-07,2026-08-13,2026-08-13,Cerrada,4.0,1,0
OT-003960,A-0170,Clínica Oriente,C32,Preventiva,Mantención preventiva,2026-09-07,2026-09-13,2026-09-13,Cerrada,4.0,1,0
OT-003961,A-0170,Clínica Oriente,C32,Preventiva,Mantención preventiva,2026-10-07,2026-10-13,2026-10-13,Cerrada,4.5,1,0
OT-003962,A-0170,Clínica Oriente,C32,Preventiva,Mantención preventiva,2026-11-07,2026-11-13,2026-11-13,Cerrada,4.0,1,0
OT-003963,A-0170,Clínica Oriente,C32,Preventiva,Mantención preventiva,2026-12-07,2026-12-08,2026-12-08,Cerrada,6.5,1,0
OT-003964,A-0170,Clínica Oriente,C32,Correctiva,Reparación correctiva,2025-02-03,2025-02-03,2025-02-03,Cerrada,6.0,6.0,8.4
OT-003965,A-0170,Clínica Oriente,C32,Correctiva,Reparación correctiva,2025-03-19,2025-03-19,2025-03-19,Cerrada,3.5,3.5,14.8
OT-003966,A-0170,Clínica Oriente,C32,Correctiva,Reparación correctiva,2025-06-27,2025-06-27,2025-06-28,Cerrada,7.5,7.5,17.7
OT-003967,A-0170,Clínica Oriente,C32,Correctiva,Reparación correctiva,2025-07-12,2025-07-12,2025-07-12,Cerrada,6.5,6.5,15.8
OT-003968,A-0170,Clínica Oriente,C32,Correctiva,Reparación correctiva,2026-03-08,2026-03-09,2026-03-09,Cerrada,9.5,9.5,16.8
OT-003969,A-0170,Clínica Oriente,C32,Correctiva,Reparación correctiva,2026-06-21,2026-06-21,2026-06-22,Cerrada,9.5,9.5,17.8
OT-003970,A-0171,Clínica Oriente,C32,Preventiva,Mantención preventiva,2025-01-03,2025-01-05,2025-01-05,Cerrada,4.5,1,0
OT-003971,A-0171,Clínica Oriente,C32,Preventiva,Mantención preventiva,2025-02-03,2025-02-06,2025-02-06,Cerrada,4.0,1,0
OT-003972,A-0171,Clínica Oriente,C32,Preventiva,Mantención preventiva,2025-03-03,2025-03-07,2025-03-07,Cerrada,4.5,1,0
OT-003973,A-0171,Clínica Oriente,C32,Preventiva,Mantención preventiva,2025-04-03,2025-04-04,2025-04-04,Cerrada,2.5,1,0
OT-003974,A-0171,Clínica Oriente,C32,Preventiva,Mantención preventiva,2025-05-03,2025-05-19,2025-05-19,Cerrada,2.5,1,0
OT-003975,A-0171,Clínica Oriente,C32,Preventiva,Mantención preventiva,2025-06-03,2025-06-05,2025-06-05,Cerrada,2.5,1,0
OT-003976,A-0171,Clínica Oriente,C32,Preventiva,Mantención preventiva,2025-07-03,2025-07-03,2025-07-03,Cerrada,2.5,1,0
OT-003977,A-0171,Clínica Oriente,C32,Preventiva,Mantención preventiva,2025-08-03,2025-08-06,2025-08-06,Cerrada,4.5,1,0
OT-003978,A-0171,Clínica Oriente,C32,Preventiva,Mantención preventiva,2025-09-03,2025-09-06,2025-09-06,Cerrada,7.5,1,0
OT-003979,A-0171,Clínica Oriente,C32,Preventiva,Mantención preventiva,2025-10-03,2025-10-07,2025-10-07,Cerrada,7.0,1,0
OT-003980,A-0171,Clínica Oriente,C32,Preventiva,Mantención preventiva,2025-11-03,2025-11-07,2025-11-07,Cerrada,7.5,1,0
OT-003981,A-0171,Clínica Oriente,C32,Preventiva,Mantención preventiva,2025-12-03,2025-12-03,2025-12-03,Cerrada,4.0,1,0
OT-003982,A-0171,Clínica Oriente,C32,Preventiva,Mantención preventiva,2026-01-03,2026-01-05,2026-01-05,Cerrada,3.0,1,0
OT-003983,A-0171,Clínica Oriente,C32,Preventiva,Mantención preventiva,2026-02-03,2026-02-07,2026-02-07,Cerrada,9.0,1,0
OT-003984,A-0171,Clínica Oriente,C32,Preventiva,Mantención preventiva,2026-03-03,2026-03-06,2026-03-06,Cerrada,3.5,1,0
OT-003985,A-0171,Clínica Oriente,C32,Preventiva,Mantención preventiva,2026-04-03,2026-04-09,2026-04-09,Cerrada,11.5,1,0
OT-003986,A-0171,Clínica Oriente,C32,Preventiva,Mantención preventiva,2026-05-03,2026-05-04,2026-05-04,Cerrada,4.5,1,0
OT-003987,A-0171,Clínica Oriente,C32,Preventiva,Mantención preventiva,2026-06-03,2026-06-03,2026-06-03,Cerrada,3.0,1,0
OT-003988,A-0171,Clínica Oriente,C32,Preventiva,Mantención preventiva,2026-07-03,2026-07-03,2026-07-03,Cerrada,3.0,1,0
OT-003989,A-0171,Clínica Oriente,C32,Preventiva,Mantención preventiva,2026-08-03,2026-08-06,2026-08-06,Cerrada,3.5,1,0
OT-003990,A-0171,Clínica Oriente,C32,Preventiva,Mantención preventiva,2026-09-03,2026-09-06,2026-09-06,Cerrada,6.5,1,0
OT-003991,A-0171,Clínica Oriente,C32,Preventiva,Mantención preventiva,2026-10-03,2026-10-06,2026-10-06,Cerrada,6.5,1,0
OT-003992,A-0171,Clínica Oriente,C32,Preventiva,Mantención preventiva,2026-11-03,2026-11-07,2026-11-07,Cerrada,2.0,1,0
OT-003993,A-0171,Clínica Oriente,C32,Preventiva,Mantención preventiva,2026-12-03,2026-12-08,2026-12-08,Cerrada,2.5,1,0
OT-003994,A-0171,Clínica Oriente,C32,Correctiva,Reparación correctiva,2025-02-25,2025-02-25,2025-02-25,Cerrada,4.5,4.5,7.1
OT-003995,A-0171,Clínica Oriente,C32,Correctiva,Reparación correctiva,2025-08-20,2025-08-21,2025-08-21,Cerrada,9.0,9.0,19.2
OT-003996,A-0171,Clínica Oriente,C32,Correctiva,Reparación correctiva,2026-08-07,2026-08-07,2026-08-07,Cerrada,8.0,8.0,18.0
OT-003997,A-0171,Clínica Oriente,C32,Correctiva,Reparación correctiva,2026-08-28,2026-08-28,2026-08-29,Cerrada,7.5,7.5,17.5
OT-003998,A-0171,Clínica Oriente,C32,Correctiva,Reparación correctiva,2026-09-10,2026-09-10,2026-09-11,Cerrada,13.5,13.5,24.7
OT-003999,A-0171,Clínica Oriente,C32,Correctiva,Reparación correctiva,2026-10-26,2026-10-27,2026-10-27,Cerrada,17.0,17.0,21.6
OT-004000,A-0172,Clínica Oriente,C32,Preventiva,Mantención preventiva,2025-01-13,2025-01-17,2025-01-17,Cerrada,3.5,1,0
OT-004001,A-0172,Clínica Oriente,C32,Preventiva,Mantención preventiva,2025-02-13,2025-02-14,2025-02-14,Cerrada,1.5,1,0
OT-004002,A-0172,Clínica Oriente,C32,Preventiva,Mantención preventiva,2025-03-13,2025-03-14,2025-03-14,Cerrada,3.5,1,0
OT-004003,A-0172,Clínica Oriente,C32,Preventiva,Mantención preventiva,2025-04-13,2025-05-12,2025-05-12,Cerrada,2.5,1,0
OT-004004,A-0172,Clínica Oriente,C32,Preventiva,Mantención preventiva,2025-05-13,2025-05-15,2025-05-15,Cerrada,3.0,1,0
OT-004005,A-0172,Clínica Oriente,C32,Preventiva,Mantención preventiva,2025-06-13,2025-06-14,2025-06-14,Cerrada,3.5,1,0
OT-004006,A-0172,Clínica Oriente,C32,Preventiva,Mantención preventiva,2025-07-13,2025-07-14,2025-07-14,Cerrada,4.0,1,0
OT-004007,A-0172,Clínica Oriente,C32,Preventiva,Mantención preventiva,2025-08-13,2025-08-15,2025-08-15,Cerrada,13.5,1,0
OT-004008,A-0172,Clínica Oriente,C32,Preventiva,Mantención preventiva,2025-09-13,2025-09-13,2025-09-13,Cerrada,4.0,1,0
OT-004009,A-0172,Clínica Oriente,C32,Preventiva,Mantención preventiva,2025-10-13,2025-10-15,2025-10-15,Cerrada,10.5,1,0
OT-004010,A-0172,Clínica Oriente,C32,Preventiva,Mantención preventiva,2025-11-13,2025-11-30,2025-11-30,Cerrada,3.0,1,0
OT-004011,A-0172,Clínica Oriente,C32,Preventiva,Mantención preventiva,2025-12-13,2025-12-15,2025-12-15,Cerrada,5.5,1,0
OT-004012,A-0172,Clínica Oriente,C32,Preventiva,Mantención preventiva,2026-01-13,2026-01-19,2026-01-19,Cerrada,2.5,1,0
OT-004013,A-0172,Clínica Oriente,C32,Preventiva,Mantención preventiva,2026-02-13,2026-02-13,2026-02-13,Cerrada,3.5,1,0
OT-004014,A-0172,Clínica Oriente,C32,Preventiva,Mantención preventiva,2026-03-13,2026-03-16,2026-03-16,Cerrada,1.5,1,0
OT-004015,A-0172,Clínica Oriente,C32,Preventiva,Mantención preventiva,2026-04-13,2026-04-15,2026-04-15,Cerrada,5.5,1,0
OT-004016,A-0172,Clínica Oriente,C32,Preventiva,Mantención preventiva,2026-05-13,2026-05-14,2026-05-14,Cerrada,3.0,1,0
OT-004017,A-0172,Clínica Oriente,C32,Preventiva,Mantención preventiva,2026-06-13,2026-06-13,2026-06-13,Cerrada,1.5,1,0
OT-004018,A-0172,Clínica Oriente,C32,Preventiva,Mantención preventiva,2026-07-13,2026-07-17,2026-07-17,Cerrada,5.0,1,0
OT-004019,A-0172,Clínica Oriente,C32,Preventiva,Mantención preventiva,2026-08-13,2026-08-13,2026-08-13,Cerrada,3.0,1,0
OT-004020,A-0172,Clínica Oriente,C32,Preventiva,Mantención preventiva,2026-09-13,2026-09-18,2026-09-18,Cerrada,3.0,1,0
OT-004021,A-0172,Clínica Oriente,C32,Preventiva,Mantención preventiva,2026-10-13,2026-10-14,2026-10-14,Cerrada,7.0,1,0
OT-004022,A-0172,Clínica Oriente,C32,Preventiva,Mantención preventiva,2026-11-13,2026-11-18,2026-11-18,Cerrada,8.0,1,0
OT-004023,A-0172,Clínica Oriente,C32,Preventiva,Mantención preventiva,2026-12-13,2026-12-14,2026-12-14,Cerrada,6.5,1,0
OT-004024,A-0172,Clínica Oriente,C32,Correctiva,Reparación correctiva,2025-02-07,2025-02-07,2025-02-08,Cerrada,8.5,8.5,15.0
OT-004025,A-0172,Clínica Oriente,C32,Correctiva,Reparación correctiva,2025-03-01,2025-03-02,2025-03-02,Cerrada,9.0,9.0,20.1
OT-004026,A-0172,Clínica Oriente,C32,Correctiva,Reparación correctiva,2025-03-11,2025-03-12,2025-03-12,Cerrada,9.0,9.0,15.0
OT-004027,A-0172,Clínica Oriente,C32,Correctiva,Reparación correctiva,2025-07-01,2025-07-01,2025-07-01,Cerrada,5.5,5.5,7.8
OT-004028,A-0172,Clínica Oriente,C32,Correctiva,Reparación correctiva,2025-07-21,2025-07-22,2025-07-22,Cerrada,5.0,5.0,12.9
OT-004029,A-0172,Clínica Oriente,C32,Correctiva,Reparación correctiva,2026-03-18,2026-03-19,2026-03-19,Cerrada,8.0,8.0,19.3
OT-004030,A-0172,Clínica Oriente,C32,Correctiva,Reparación correctiva,2026-07-04,2026-07-04,2026-07-05,Cerrada,12.5,12.5,17.7
OT-004031,A-0172,Clínica Oriente,C32,Correctiva,Reparación correctiva,2026-08-05,2026-08-05,2026-08-06,Cerrada,20.0,20.0,24.4
OT-004032,A-0172,Clínica Oriente,C32,Correctiva,Reparación correctiva,2026-12-07,2026-12-07,2026-12-08,Cerrada,10.0,10.0,13.7
OT-004033,A-0173,Clínica Oriente,C32,Preventiva,Mantención preventiva,2025-01-02,2025-01-02,2025-01-02,Cerrada,3.5,1,0
OT-004034,A-0173,Clínica Oriente,C32,Preventiva,Mantención preventiva,2025-02-02,2025-02-07,2025-02-07,Cerrada,5.5,1,0
OT-004035,A-0173,Clínica Oriente,C32,Preventiva,Mantención preventiva,2025-03-02,2025-03-07,2025-03-07,Cerrada,1.5,1,0
OT-004036,A-0173,Clínica Oriente,C32,Preventiva,Mantención preventiva,2025-04-02,2025-04-02,2025-04-02,Cerrada,1.5,1,0
OT-004037,A-0173,Clínica Oriente,C32,Preventiva,Mantención preventiva,2025-05-02,2025-05-03,2025-05-03,Cerrada,5.5,1,0
OT-004038,A-0173,Clínica Oriente,C32,Preventiva,Mantención preventiva,2025-06-02,2025-06-02,2025-06-02,Cerrada,3.0,1,0
OT-004039,A-0173,Clínica Oriente,C32,Preventiva,Mantención preventiva,2025-07-02,2025-07-21,2025-07-21,Cerrada,6.5,1,0
OT-004040,A-0173,Clínica Oriente,C32,Preventiva,Mantención preventiva,2025-08-02,2025-08-07,2025-08-07,Cerrada,3.5,1,0
OT-004041,A-0173,Clínica Oriente,C32,Preventiva,Mantención preventiva,2025-09-02,2025-09-05,2025-09-05,Cerrada,5.5,1,0
OT-004042,A-0173,Clínica Oriente,C32,Preventiva,Mantención preventiva,2025-10-02,2025-10-06,2025-10-06,Cerrada,4.5,1,0
OT-004043,A-0173,Clínica Oriente,C32,Preventiva,Mantención preventiva,2025-11-02,,,Abierta,0,0,0
OT-004044,A-0173,Clínica Oriente,C32,Preventiva,Mantención preventiva,2025-12-02,2025-12-08,2025-12-08,Cerrada,6.0,1,0
OT-004045,A-0173,Clínica Oriente,C32,Preventiva,Mantención preventiva,2026-01-02,2026-02-10,2026-02-10,Cerrada,4.0,1,0
OT-004046,A-0173,Clínica Oriente,C32,Preventiva,Mantención preventiva,2026-02-02,2026-02-04,2026-02-04,Cerrada,4.5,1,0
OT-004047,A-0173,Clínica Oriente,C32,Preventiva,Mantención preventiva,2026-03-02,2026-04-04,2026-04-04,Cerrada,12.0,1,0
OT-004048,A-0173,Clínica Oriente,C32,Preventiva,Mantención preventiva,2026-04-02,2026-04-05,2026-04-05,Cerrada,5.5,1,0
OT-004049,A-0173,Clínica Oriente,C32,Preventiva,Mantención preventiva,2026-05-02,2026-05-02,2026-05-02,Cerrada,6.0,1,0
OT-004050,A-0173,Clínica Oriente,C32,Preventiva,Mantención preventiva,2026-06-02,2026-06-03,2026-06-03,Cerrada,3.0,1,0
OT-004051,A-0173,Clínica Oriente,C32,Preventiva,Mantención preventiva,2026-07-02,2026-07-07,2026-07-07,Cerrada,2.5,1,0
OT-004052,A-0173,Clínica Oriente,C32,Preventiva,Mantención preventiva,2026-08-02,2026-08-06,2026-08-06,Cerrada,3.0,1,0
OT-004053,A-0173,Clínica Oriente,C32,Preventiva,Mantención preventiva,2026-09-02,2026-09-06,2026-09-06,Cerrada,10.0,1,0
OT-004054,A-0173,Clínica Oriente,C32,Preventiva,Mantención preventiva,2026-10-02,2026-10-05,2026-10-05,Cerrada,8.0,1,0
OT-004055,A-0173,Clínica Oriente,C32,Preventiva,Mantención preventiva,2026-11-02,2026-11-05,2026-11-05,Cerrada,5.5,1,0
OT-004056,A-0173,Clínica Oriente,C32,Preventiva,Mantención preventiva,2026-12-02,2026-12-06,2026-12-06,Cerrada,5.0,1,0
OT-004057,A-0173,Clínica Oriente,C32,Correctiva,Reparación correctiva,2025-01-22,2025-01-22,2025-01-22,Cerrada,4.0,4.0,13.0
OT-004058,A-0173,Clínica Oriente,C32,Correctiva,Reparación correctiva,2025-01-29,2025-01-29,2025-01-29,Cerrada,8.0,8.0,18.8
OT-004059,A-0173,Clínica Oriente,C32,Correctiva,Reparación correctiva,2025-06-17,2025-06-18,2025-06-18,Cerrada,9.0,9.0,12.7
OT-004060,A-0173,Clínica Oriente,C32,Correctiva,Reparación correctiva,2025-08-17,2025-08-17,2025-08-18,Cerrada,7.0,7.0,17.7
OT-004061,A-0173,Clínica Oriente,C32,Correctiva,Reparación correctiva,2025-09-20,2025-09-20,2025-09-20,Cerrada,3.5,3.5,10.8
OT-004062,A-0173,Clínica Oriente,C32,Correctiva,Reparación correctiva,2026-08-14,2026-08-14,2026-08-15,Cerrada,5.0,5.0,12.5
OT-004063,A-0174,Clínica Oriente,C32,Preventiva,Mantención preventiva,2025-01-22,2025-01-28,2025-01-28,Cerrada,5.0,1,0
OT-004064,A-0174,Clínica Oriente,C32,Preventiva,Mantención preventiva,2025-02-22,2025-02-27,2025-02-27,Cerrada,3.0,1,0
OT-004065,A-0174,Clínica Oriente,C32,Preventiva,Mantención preventiva,2025-03-22,2025-03-23,2025-03-23,Cerrada,6.5,1,0
OT-004066,A-0174,Clínica Oriente,C32,Preventiva,Mantención preventiva,2025-04-22,2025-04-23,2025-04-23,Cerrada,9.0,1,0
OT-004067,A-0174,Clínica Oriente,C32,Preventiva,Mantención preventiva,2025-05-22,2025-05-27,2025-05-27,Cerrada,2.5,1,0
OT-004068,A-0174,Clínica Oriente,C32,Preventiva,Mantención preventiva,2025-06-22,2025-06-22,2025-06-22,Cerrada,4.5,1,0
OT-004069,A-0174,Clínica Oriente,C32,Preventiva,Mantención preventiva,2025-07-22,2025-07-26,2025-07-26,Cerrada,6.0,1,0
OT-004070,A-0174,Clínica Oriente,C32,Preventiva,Mantención preventiva,2025-08-22,2025-08-23,2025-08-23,Cerrada,4.0,1,0
OT-004071,A-0174,Clínica Oriente,C32,Preventiva,Mantención preventiva,2025-09-22,2025-09-22,2025-09-22,Cerrada,9.0,1,0
OT-004072,A-0174,Clínica Oriente,C32,Preventiva,Mantención preventiva,2025-10-22,2025-10-23,2025-10-23,Cerrada,5.5,1,0
OT-004073,A-0174,Clínica Oriente,C32,Preventiva,Mantención preventiva,2025-11-22,2025-11-28,2025-11-28,Cerrada,5.5,1,0
OT-004074,A-0174,Clínica Oriente,C32,Preventiva,Mantención preventiva,2025-12-22,2025-12-23,2025-12-23,Cerrada,4.0,1,0
OT-004075,A-0174,Clínica Oriente,C32,Preventiva,Mantención preventiva,2026-01-22,2026-01-26,2026-01-26,Cerrada,4.0,1,0
OT-004076,A-0174,Clínica Oriente,C32,Preventiva,Mantención preventiva,2026-02-22,2026-02-27,2026-02-27,Cerrada,4.0,1,0
OT-004077,A-0174,Clínica Oriente,C32,Preventiva,Mantención preventiva,2026-03-22,2026-03-25,2026-03-25,Cerrada,10.5,1,0
OT-004078,A-0174,Clínica Oriente,C32,Preventiva,Mantención preventiva,2026-04-22,2026-04-23,2026-04-23,Cerrada,4.5,1,0
OT-004079,A-0174,Clínica Oriente,C32,Preventiva,Mantención preventiva,2026-05-22,2026-05-24,2026-05-24,Cerrada,3.5,1,0
OT-004080,A-0174,Clínica Oriente,C32,Preventiva,Mantención preventiva,2026-06-22,2026-06-26,2026-06-26,Cerrada,4.0,1,0
OT-004081,A-0174,Clínica Oriente,C32,Preventiva,Mantención preventiva,2026-07-22,2026-07-26,2026-07-26,Cerrada,5.5,1,0
OT-004082,A-0174,Clínica Oriente,C32,Preventiva,Mantención preventiva,2026-08-22,2026-08-26,2026-08-26,Cerrada,11.0,1,0
OT-004083,A-0174,Clínica Oriente,C32,Preventiva,Mantención preventiva,2026-09-22,2026-09-24,2026-09-24,Cerrada,3.0,1,0
OT-004084,A-0174,Clínica Oriente,C32,Preventiva,Mantención preventiva,2026-10-22,2026-10-22,2026-10-22,Cerrada,2.5,1,0
OT-004085,A-0174,Clínica Oriente,C32,Preventiva,Mantención preventiva,2026-11-22,2026-11-28,2026-11-28,Cerrada,3.5,1,0
OT-004086,A-0174,Clínica Oriente,C32,Preventiva,Mantención preventiva,2026-12-22,2026-12-28,2026-12-28,Cerrada,2.0,1,0
OT-004087,A-0174,Clínica Oriente,C32,Correctiva,Reparación correctiva,2025-01-18,2025-01-19,2025-01-19,Cerrada,6.0,6.0,12.5
OT-004088,A-0174,Clínica Oriente,C32,Correctiva,Reparación correctiva,2025-04-28,2025-04-29,2025-04-29,Cerrada,7.0,7.0,18.5
OT-004089,A-0174,Clínica Oriente,C32,Correctiva,Reparación correctiva,2025-06-06,2025-06-06,2025-06-07,Cerrada,15.0,15.0,21.4
OT-004090,A-0174,Clínica Oriente,C32,Correctiva,Reparación correctiva,2025-11-13,2025-11-14,2025-11-14,Cerrada,10.5,10.5,21.4
OT-004091,A-0174,Clínica Oriente,C32,Correctiva,Reparación correctiva,2026-01-23,2026-01-23,2026-01-24,Cerrada,3.5,3.5,11.8
OT-004092,A-0174,Clínica Oriente,C32,Correctiva,Reparación correctiva,2026-03-30,2026-03-31,2026-03-31,Cerrada,4.0,4.0,15.9
OT-004093,A-0174,Clínica Oriente,C32,Correctiva,Reparación correctiva,2026-07-11,2026-07-11,2026-07-11,Cerrada,14.0,14.0,20.0
OT-004094,A-0174,Clínica Oriente,C32,Correctiva,Reparación correctiva,2026-11-27,2026-11-27,2026-11-27,Cerrada,10.5,10.5,17.5
OT-004095,A-0175,Clínica Oriente,C32,Preventiva,Mantención preventiva,2025-01-13,2025-01-17,2025-01-17,Cerrada,2.0,1,0
OT-004096,A-0175,Clínica Oriente,C32,Preventiva,Mantención preventiva,2025-02-13,2025-02-15,2025-02-15,Cerrada,2.0,1,0
OT-004097,A-0175,Clínica Oriente,C32,Preventiva,Mantención preventiva,2025-03-13,2025-03-16,2025-03-16,Cerrada,4.5,1,0
OT-004098,A-0175,Clínica Oriente,C32,Preventiva,Mantención preventiva,2025-04-13,2025-04-18,2025-04-18,Cerrada,6.5,1,0
OT-004099,A-0175,Clínica Oriente,C32,Preventiva,Mantención preventiva,2025-05-13,2025-05-16,2025-05-16,Cerrada,2.5,1,0
OT-004100,A-0175,Clínica Oriente,C32,Preventiva,Mantención preventiva,2025-06-13,2025-06-15,2025-06-15,Cerrada,2.0,1,0
OT-004101,A-0175,Clínica Oriente,C32,Preventiva,Mantención preventiva,2025-07-13,2025-07-18,2025-07-18,Cerrada,4.5,1,0
OT-004102,A-0175,Clínica Oriente,C32,Preventiva,Mantención preventiva,2025-08-13,2025-08-14,2025-08-14,Cerrada,2.0,1,0
OT-004103,A-0175,Clínica Oriente,C32,Preventiva,Mantención preventiva,2025-09-13,2025-09-23,2025-09-23,Cerrada,3.5,1,0
OT-004104,A-0175,Clínica Oriente,C32,Preventiva,Mantención preventiva,2025-10-13,2025-10-13,2025-10-13,Cerrada,1.0,1,0
OT-004105,A-0175,Clínica Oriente,C32,Preventiva,Mantención preventiva,2025-11-13,2025-11-13,2025-11-13,Cerrada,10.0,1,0
OT-004106,A-0175,Clínica Oriente,C32,Preventiva,Mantención preventiva,2025-12-13,2025-12-18,2025-12-18,Cerrada,6.5,1,0
OT-004107,A-0175,Clínica Oriente,C32,Preventiva,Mantención preventiva,2026-01-13,2026-01-19,2026-01-19,Cerrada,4.5,1,0
OT-004108,A-0175,Clínica Oriente,C32,Preventiva,Mantención preventiva,2026-02-13,2026-02-16,2026-02-16,Cerrada,2.5,1,0
OT-004109,A-0175,Clínica Oriente,C32,Preventiva,Mantención preventiva,2026-03-13,2026-03-16,2026-03-16,Cerrada,8.0,1,0
OT-004110,A-0175,Clínica Oriente,C32,Preventiva,Mantención preventiva,2026-04-13,2026-04-16,2026-04-16,Cerrada,6.5,1,0
OT-004111,A-0175,Clínica Oriente,C32,Preventiva,Mantención preventiva,2026-05-13,2026-05-15,2026-05-15,Cerrada,4.0,1,0
OT-004112,A-0175,Clínica Oriente,C32,Preventiva,Mantención preventiva,2026-06-13,2026-06-17,2026-06-17,Cerrada,2.5,1,0
OT-004113,A-0175,Clínica Oriente,C32,Preventiva,Mantención preventiva,2026-07-13,2026-07-19,2026-07-19,Cerrada,7.5,1,0
OT-004114,A-0175,Clínica Oriente,C32,Preventiva,Mantención preventiva,2026-08-13,2026-08-13,2026-08-13,Cerrada,4.5,1,0
OT-004115,A-0175,Clínica Oriente,C32,Preventiva,Mantención preventiva,2026-09-13,2026-09-13,2026-09-13,Cerrada,6.0,1,0
OT-004116,A-0175,Clínica Oriente,C32,Preventiva,Mantención preventiva,2026-10-13,2026-10-18,2026-10-18,Cerrada,5.0,1,0
OT-004117,A-0175,Clínica Oriente,C32,Preventiva,Mantención preventiva,2026-11-13,2026-11-18,2026-11-18,Cerrada,2.5,1,0
OT-004118,A-0175,Clínica Oriente,C32,Preventiva,Mantención preventiva,2026-12-13,2026-12-15,2026-12-15,Cerrada,7.5,1,0
OT-004119,A-0175,Clínica Oriente,C32,Correctiva,Reparación correctiva,2025-04-21,2025-04-21,2025-04-22,Cerrada,7.5,7.5,18.9
OT-004120,A-0175,Clínica Oriente,C32,Correctiva,Reparación correctiva,2025-06-10,2025-06-11,2025-06-11,Cerrada,16.0,16.0,22.2
OT-004121,A-0175,Clínica Oriente,C32,Correctiva,Reparación correctiva,2026-04-04,2026-04-04,2026-04-05,Cerrada,17.0,17.0,20.6
OT-004122,A-0175,Clínica Oriente,C32,Correctiva,Reparación correctiva,2026-10-07,2026-10-07,2026-10-08,Cerrada,6.5,6.5,9.8
OT-004123,A-0176,Clínica Oriente,C32,Preventiva,Mantención preventiva,2025-01-05,2025-01-08,2025-01-08,Cerrada,6.0,1,0
OT-004124,A-0176,Clínica Oriente,C32,Preventiva,Mantención preventiva,2025-02-05,2025-02-05,2025-02-05,Cerrada,5.0,1,0
OT-004125,A-0176,Clínica Oriente,C32,Preventiva,Mantención preventiva,2025-03-05,2025-03-10,2025-03-10,Cerrada,5.0,1,0
OT-004126,A-0176,Clínica Oriente,C32,Preventiva,Mantención preventiva,2025-04-05,2025-04-07,2025-04-07,Cerrada,4.5,1,0
OT-004127,A-0176,Clínica Oriente,C32,Preventiva,Mantención preventiva,2025-05-05,2025-05-09,2025-05-09,Cerrada,1.5,1,0
OT-004128,A-0176,Clínica Oriente,C32,Preventiva,Mantención preventiva,2025-06-05,2025-06-06,2025-06-06,Cerrada,5.0,1,0
OT-004129,A-0176,Clínica Oriente,C32,Preventiva,Mantención preventiva,2025-07-05,2025-07-11,2025-07-11,Cerrada,8.0,1,0
OT-004130,A-0176,Clínica Oriente,C32,Preventiva,Mantención preventiva,2025-08-05,2025-08-08,2025-08-08,Cerrada,2.0,1,0
OT-004131,A-0176,Clínica Oriente,C32,Preventiva,Mantención preventiva,2025-09-05,2025-09-06,2025-09-06,Cerrada,17.0,1,0
OT-004132,A-0176,Clínica Oriente,C32,Preventiva,Mantención preventiva,2025-10-05,2025-10-05,2025-10-05,Cerrada,6.5,1,0
OT-004133,A-0176,Clínica Oriente,C32,Preventiva,Mantención preventiva,2025-11-05,2025-11-05,2025-11-05,Cerrada,6.5,1,0
OT-004134,A-0176,Clínica Oriente,C32,Preventiva,Mantención preventiva,2025-12-05,2025-12-22,2025-12-22,Cerrada,5.5,1,0
OT-004135,A-0176,Clínica Oriente,C32,Preventiva,Mantención preventiva,2026-01-05,2026-01-11,2026-01-11,Cerrada,2.5,1,0
OT-004136,A-0176,Clínica Oriente,C32,Preventiva,Mantención preventiva,2026-02-05,2026-02-09,2026-02-09,Cerrada,3.5,1,0
OT-004137,A-0176,Clínica Oriente,C32,Preventiva,Mantención preventiva,2026-03-05,2026-03-09,2026-03-09,Cerrada,3.5,1,0
OT-004138,A-0176,Clínica Oriente,C32,Preventiva,Mantención preventiva,2026-04-05,2026-04-06,2026-04-06,Cerrada,5.5,1,0
OT-004139,A-0176,Clínica Oriente,C32,Preventiva,Mantención preventiva,2026-05-05,2026-05-07,2026-05-07,Cerrada,4.5,1,0
OT-004140,A-0176,Clínica Oriente,C32,Preventiva,Mantención preventiva,2026-06-05,2026-06-08,2026-06-08,Cerrada,2.5,1,0
OT-004141,A-0176,Clínica Oriente,C32,Preventiva,Mantención preventiva,2026-07-05,2026-07-11,2026-07-11,Cerrada,5.5,1,0
OT-004142,A-0176,Clínica Oriente,C32,Preventiva,Mantención preventiva,2026-08-05,2026-08-07,2026-08-07,Cerrada,4.0,1,0
OT-004143,A-0176,Clínica Oriente,C32,Preventiva,Mantención preventiva,2026-09-05,2026-09-11,2026-09-11,Cerrada,3.5,1,0
OT-004144,A-0176,Clínica Oriente,C32,Preventiva,Mantención preventiva,2026-10-05,2026-10-07,2026-10-07,Cerrada,4.0,1,0
OT-004145,A-0176,Clínica Oriente,C32,Preventiva,Mantención preventiva,2026-11-05,2026-11-10,2026-11-10,Cerrada,1.5,1,0
OT-004146,A-0176,Clínica Oriente,C32,Preventiva,Mantención preventiva,2026-12-05,2026-12-05,2026-12-05,Cerrada,3.5,1,0
OT-004147,A-0176,Clínica Oriente,C32,Correctiva,Reparación correctiva,2025-07-16,2025-07-16,2025-07-17,Cerrada,6.0,6.0,13.7
OT-004148,A-0176,Clínica Oriente,C32,Correctiva,Reparación correctiva,2026-04-20,2026-04-20,2026-04-20,Cerrada,6.5,6.5,10.5
OT-004149,A-0176,Clínica Oriente,C32,Correctiva,Reparación correctiva,2026-07-21,2026-07-21,2026-07-21,Cerrada,5.5,5.5,9.7
OT-004150,A-0176,Clínica Oriente,C32,Correctiva,Reparación correctiva,2026-07-31,2026-08-01,2026-08-01,Cerrada,11.0,11.0,20.9
OT-004151,A-0176,Clínica Oriente,C32,Correctiva,Reparación correctiva,2026-12-02,2026-12-03,2026-12-03,Cerrada,19.0,19.0,30.2
OT-004152,A-0176,Clínica Oriente,C32,Correctiva,Reparación correctiva,2026-12-07,2026-12-07,2026-12-07,Cerrada,9.0,9.0,15.7
OT-004153,A-0177,Clínica Oriente,C32,Preventiva,Mantención preventiva,2025-01-12,2025-01-15,2025-01-15,Cerrada,4.5,1,0
OT-004154,A-0177,Clínica Oriente,C32,Preventiva,Mantención preventiva,2025-02-12,2025-02-16,2025-02-16,Cerrada,4.0,1,0
OT-004155,A-0177,Clínica Oriente,C32,Preventiva,Mantención preventiva,2025-03-12,2025-03-13,2025-03-13,Cerrada,1.5,1,0
OT-004156,A-0177,Clínica Oriente,C32,Preventiva,Mantención preventiva,2025-04-12,2025-04-18,2025-04-18,Cerrada,6.5,1,0
OT-004157,A-0177,Clínica Oriente,C32,Preventiva,Mantención preventiva,2025-05-12,2025-05-16,2025-05-16,Cerrada,2.0,1,0
OT-004158,A-0177,Clínica Oriente,C32,Preventiva,Mantención preventiva,2025-06-12,2025-06-14,2025-06-14,Cerrada,4.0,1,0
OT-004159,A-0177,Clínica Oriente,C32,Preventiva,Mantención preventiva,2025-07-12,2025-07-18,2025-07-18,Cerrada,4.0,1,0
OT-004160,A-0177,Clínica Oriente,C32,Preventiva,Mantención preventiva,2025-08-12,2025-08-17,2025-08-17,Cerrada,3.5,1,0
OT-004161,A-0177,Clínica Oriente,C32,Preventiva,Mantención preventiva,2025-09-12,2025-09-16,2025-09-16,Cerrada,1.0,1,0
OT-004162,A-0177,Clínica Oriente,C32,Preventiva,Mantención preventiva,2025-10-12,2025-10-16,2025-10-16,Cerrada,8.0,1,0
OT-004163,A-0177,Clínica Oriente,C32,Preventiva,Mantención preventiva,2025-11-12,2025-11-15,2025-11-15,Cerrada,1.5,1,0
OT-004164,A-0177,Clínica Oriente,C32,Preventiva,Mantención preventiva,2025-12-12,2025-12-12,2025-12-12,Cerrada,5.5,1,0
OT-004165,A-0177,Clínica Oriente,C32,Preventiva,Mantención preventiva,2026-01-12,2026-01-16,2026-01-16,Cerrada,3.5,1,0
OT-004166,A-0177,Clínica Oriente,C32,Preventiva,Mantención preventiva,2026-02-12,2026-02-13,2026-02-13,Cerrada,11.5,1,0
OT-004167,A-0177,Clínica Oriente,C32,Preventiva,Mantención preventiva,2026-03-12,2026-03-12,2026-03-12,Cerrada,6.5,1,0
OT-004168,A-0177,Clínica Oriente,C32,Preventiva,Mantención preventiva,2026-04-12,2026-04-16,2026-04-16,Cerrada,3.5,1,0
OT-004169,A-0177,Clínica Oriente,C32,Preventiva,Mantención preventiva,2026-05-12,2026-05-15,2026-05-15,Cerrada,6.0,1,0
OT-004170,A-0177,Clínica Oriente,C32,Preventiva,Mantención preventiva,2026-06-12,2026-06-18,2026-06-18,Cerrada,7.5,1,0
OT-004171,A-0177,Clínica Oriente,C32,Preventiva,Mantención preventiva,2026-07-12,2026-07-15,2026-07-15,Cerrada,2.5,1,0
OT-004172,A-0177,Clínica Oriente,C32,Preventiva,Mantención preventiva,2026-08-12,2026-08-17,2026-08-17,Cerrada,6.0,1,0
OT-004173,A-0177,Clínica Oriente,C32,Preventiva,Mantención preventiva,2026-09-12,2026-09-16,2026-09-16,Cerrada,18.5,1,0
OT-004174,A-0177,Clínica Oriente,C32,Preventiva,Mantención preventiva,2026-10-12,2026-10-13,2026-10-13,Cerrada,4.0,1,0
OT-004175,A-0177,Clínica Oriente,C32,Preventiva,Mantención preventiva,2026-11-12,2026-11-17,2026-11-17,Cerrada,6.5,1,0
OT-004176,A-0177,Clínica Oriente,C32,Preventiva,Mantención preventiva,2026-12-12,2026-12-17,2026-12-17,Cerrada,9.0,1,0
OT-004177,A-0177,Clínica Oriente,C32,Correctiva,Reparación correctiva,2025-10-02,2025-10-03,2025-10-03,Cerrada,12.0,12.0,18.6
OT-004178,A-0177,Clínica Oriente,C32,Correctiva,Reparación correctiva,2025-11-08,2025-11-08,2025-11-08,Cerrada,5.0,5.0,10.3
OT-004179,A-0177,Clínica Oriente,C32,Correctiva,Reparación correctiva,2026-09-16,2026-09-16,2026-09-17,Cerrada,11.5,11.5,17.8
OT-004180,A-0178,Clínica Oriente,C32,Preventiva,Mantención preventiva,2025-01-03,2025-01-04,2025-01-04,Cerrada,5.0,1,0
OT-004181,A-0178,Clínica Oriente,C32,Preventiva,Mantención preventiva,2025-02-03,2025-02-09,2025-02-09,Cerrada,4.0,1,0
OT-004182,A-0178,Clínica Oriente,C32,Preventiva,Mantención preventiva,2025-03-03,2025-03-07,2025-03-07,Cerrada,4.0,1,0
OT-004183,A-0178,Clínica Oriente,C32,Preventiva,Mantención preventiva,2025-04-03,2025-04-05,2025-04-05,Cerrada,8.0,1,0
OT-004184,A-0178,Clínica Oriente,C32,Preventiva,Mantención preventiva,2025-05-03,2025-05-09,2025-05-09,Cerrada,16.5,1,0
OT-004185,A-0178,Clínica Oriente,C32,Preventiva,Mantención preventiva,2025-06-03,2025-06-21,2025-06-21,Cerrada,7.5,1,0
OT-004186,A-0178,Clínica Oriente,C32,Preventiva,Mantención preventiva,2025-07-03,2025-07-05,2025-07-05,Cerrada,3.0,1,0
OT-004187,A-0178,Clínica Oriente,C32,Preventiva,Mantención preventiva,2025-08-03,2025-08-06,2025-08-06,Cerrada,5.0,1,0
OT-004188,A-0178,Clínica Oriente,C32,Preventiva,Mantención preventiva,2025-09-03,2025-09-03,2025-09-03,Cerrada,6.0,1,0
OT-004189,A-0178,Clínica Oriente,C32,Preventiva,Mantención preventiva,2025-10-03,2025-10-07,2025-10-07,Cerrada,11.5,1,0
OT-004190,A-0178,Clínica Oriente,C32,Preventiva,Mantención preventiva,2025-11-03,2025-11-08,2025-11-08,Cerrada,3.5,1,0
OT-004191,A-0178,Clínica Oriente,C32,Preventiva,Mantención preventiva,2025-12-03,2025-12-08,2025-12-08,Cerrada,5.5,1,0
OT-004192,A-0178,Clínica Oriente,C32,Preventiva,Mantención preventiva,2026-01-03,2026-01-07,2026-01-07,Cerrada,2.5,1,0
OT-004193,A-0178,Clínica Oriente,C32,Preventiva,Mantención preventiva,2026-02-03,2026-02-04,2026-02-04,Cerrada,2.5,1,0
OT-004194,A-0178,Clínica Oriente,C32,Preventiva,Mantención preventiva,2026-03-03,2026-03-03,2026-03-03,Cerrada,3.0,1,0
OT-004195,A-0178,Clínica Oriente,C32,Preventiva,Mantención preventiva,2026-04-03,2026-04-08,2026-04-08,Cerrada,5.0,1,0
OT-004196,A-0178,Clínica Oriente,C32,Preventiva,Mantención preventiva,2026-05-03,2026-05-09,2026-05-09,Cerrada,4.5,1,0
OT-004197,A-0178,Clínica Oriente,C32,Preventiva,Mantención preventiva,2026-06-03,2026-06-03,2026-06-03,Cerrada,7.0,1,0
OT-004198,A-0178,Clínica Oriente,C32,Preventiva,Mantención preventiva,2026-07-03,2026-07-04,2026-07-04,Cerrada,1.5,1,0
OT-004199,A-0178,Clínica Oriente,C32,Preventiva,Mantención preventiva,2026-08-03,2026-09-11,2026-09-11,Cerrada,1.5,1,0
OT-004200,A-0178,Clínica Oriente,C32,Preventiva,Mantención preventiva,2026-09-03,2026-09-06,2026-09-06,Cerrada,4.5,1,0
OT-004201,A-0178,Clínica Oriente,C32,Preventiva,Mantención preventiva,2026-10-03,2026-10-04,2026-10-04,Cerrada,2.0,1,0
OT-004202,A-0178,Clínica Oriente,C32,Preventiva,Mantención preventiva,2026-11-03,2026-11-03,2026-11-03,Cerrada,5.5,1,0
OT-004203,A-0178,Clínica Oriente,C32,Preventiva,Mantención preventiva,2026-12-03,,,Abierta,0,0,0
OT-004204,A-0178,Clínica Oriente,C32,Correctiva,Reparación correctiva,2025-02-11,2025-02-11,2025-02-11,Cerrada,5.0,5.0,13.7
OT-004205,A-0178,Clínica Oriente,C32,Correctiva,Reparación correctiva,2025-04-10,2025-04-11,2025-04-11,Cerrada,10.5,10.5,16.3
OT-004206,A-0178,Clínica Oriente,C32,Correctiva,Reparación correctiva,2025-06-02,2025-06-03,2025-06-03,Cerrada,5.0,5.0,14.9
OT-004207,A-0178,Clínica Oriente,C32,Correctiva,Reparación correctiva,2025-07-06,2025-07-07,2025-07-07,Cerrada,12.0,12.0,23.6
OT-004208,A-0178,Clínica Oriente,C32,Correctiva,Reparación correctiva,2026-02-10,2026-02-10,2026-02-11,Cerrada,8.5,8.5,19.6
OT-004209,A-0178,Clínica Oriente,C32,Correctiva,Reparación correctiva,2026-02-13,2026-02-14,2026-02-14,Cerrada,11.0,11.0,14.6
OT-004210,A-0178,Clínica Oriente,C32,Correctiva,Reparación correctiva,2026-04-05,2026-04-05,2026-04-06,Cerrada,12.5,12.5,17.0
OT-004211,A-0178,Clínica Oriente,C32,Correctiva,Reparación correctiva,2026-10-26,2026-10-26,2026-10-27,Cerrada,12.5,12.5,21.3
OT-004212,A-0179,Clínica Oriente,C32,Preventiva,Mantención preventiva,2025-01-21,2025-01-23,2025-01-23,Cerrada,5.0,1,0
OT-004213,A-0179,Clínica Oriente,C32,Preventiva,Mantención preventiva,2025-02-21,2025-02-24,2025-02-24,Cerrada,3.5,1,0
OT-004214,A-0179,Clínica Oriente,C32,Preventiva,Mantención preventiva,2025-03-21,2025-03-25,2025-03-25,Cerrada,4.5,1,0
OT-004215,A-0179,Clínica Oriente,C32,Preventiva,Mantención preventiva,2025-04-21,,,Abierta,0,0,0
OT-004216,A-0179,Clínica Oriente,C32,Preventiva,Mantención preventiva,2025-05-21,2025-05-22,2025-05-22,Cerrada,4.0,1,0
OT-004217,A-0179,Clínica Oriente,C32,Preventiva,Mantención preventiva,2025-06-21,2025-06-27,2025-06-27,Cerrada,4.5,1,0
OT-004218,A-0179,Clínica Oriente,C32,Preventiva,Mantención preventiva,2025-07-21,2025-07-26,2025-07-26,Cerrada,3.5,1,0
OT-004219,A-0179,Clínica Oriente,C32,Preventiva,Mantención preventiva,2025-08-21,2025-08-22,2025-08-22,Cerrada,6.5,1,0
OT-004220,A-0179,Clínica Oriente,C32,Preventiva,Mantención preventiva,2025-09-21,2025-10-25,2025-10-25,Cerrada,4.5,1,0
OT-004221,A-0179,Clínica Oriente,C32,Preventiva,Mantención preventiva,2025-10-21,2025-10-23,2025-10-23,Cerrada,16.0,1,0
OT-004222,A-0179,Clínica Oriente,C32,Preventiva,Mantención preventiva,2025-11-21,2025-11-25,2025-11-25,Cerrada,6.5,1,0
OT-004223,A-0179,Clínica Oriente,C32,Preventiva,Mantención preventiva,2025-12-21,2025-12-22,2025-12-22,Cerrada,2.0,1,0
OT-004224,A-0179,Clínica Oriente,C32,Preventiva,Mantención preventiva,2026-01-21,2026-01-25,2026-01-25,Cerrada,4.5,1,0
OT-004225,A-0179,Clínica Oriente,C32,Preventiva,Mantención preventiva,2026-02-21,2026-02-27,2026-02-27,Cerrada,13.5,1,0
OT-004226,A-0179,Clínica Oriente,C32,Preventiva,Mantención preventiva,2026-03-21,2026-03-25,2026-03-25,Cerrada,6.5,1,0
OT-004227,A-0179,Clínica Oriente,C32,Preventiva,Mantención preventiva,2026-04-21,2026-04-21,2026-04-21,Cerrada,3.0,1,0
OT-004228,A-0179,Clínica Oriente,C32,Preventiva,Mantención preventiva,2026-05-21,2026-05-24,2026-05-24,Cerrada,3.5,1,0
OT-004229,A-0179,Clínica Oriente,C32,Preventiva,Mantención preventiva,2026-06-21,2026-06-25,2026-06-25,Cerrada,9.5,1,0
OT-004230,A-0179,Clínica Oriente,C32,Preventiva,Mantención preventiva,2026-07-21,2026-07-24,2026-07-24,Cerrada,3.5,1,0
OT-004231,A-0179,Clínica Oriente,C32,Preventiva,Mantención preventiva,2026-08-21,2026-09-12,2026-09-12,Cerrada,5.5,1,0
OT-004232,A-0179,Clínica Oriente,C32,Preventiva,Mantención preventiva,2026-09-21,2026-09-24,2026-09-24,Cerrada,3.5,1,0
OT-004233,A-0179,Clínica Oriente,C32,Preventiva,Mantención preventiva,2026-10-21,2026-10-26,2026-10-26,Cerrada,3.0,1,0
OT-004234,A-0179,Clínica Oriente,C32,Preventiva,Mantención preventiva,2026-11-21,2026-11-24,2026-11-24,Cerrada,3.0,1,0
OT-004235,A-0179,Clínica Oriente,C32,Preventiva,Mantención preventiva,2026-12-21,2026-12-22,2026-12-22,Cerrada,6.5,1,0
OT-004236,A-0179,Clínica Oriente,C32,Correctiva,Reparación correctiva,2025-01-11,2025-01-11,2025-01-12,Cerrada,11.0,11.0,13.3
OT-004237,A-0179,Clínica Oriente,C32,Correctiva,Reparación correctiva,2025-01-28,2025-01-29,2025-01-29,Cerrada,12.5,12.5,17.2
OT-004238,A-0179,Clínica Oriente,C32,Correctiva,Reparación correctiva,2025-05-16,2025-05-16,2025-05-16,Cerrada,5.5,5.5,14.5
OT-004239,A-0179,Clínica Oriente,C32,Correctiva,Reparación correctiva,2025-06-23,2025-06-23,2025-06-23,Cerrada,5.0,5.0,17.0
OT-004240,A-0179,Clínica Oriente,C32,Correctiva,Reparación correctiva,2025-07-02,2025-07-02,2025-07-03,Cerrada,11.5,11.5,19.7
OT-004241,A-0179,Clínica Oriente,C32,Correctiva,Reparación correctiva,2026-07-09,2026-07-09,2026-07-09,Cerrada,5.5,5.5,16.7
OT-004242,A-0180,Clínica Oriente,C32,Preventiva,Mantención preventiva,2025-01-19,2025-01-23,2025-01-23,Cerrada,4.0,1,0
OT-004243,A-0180,Clínica Oriente,C32,Preventiva,Mantención preventiva,2025-02-19,,,Abierta,0,0,0
OT-004244,A-0180,Clínica Oriente,C32,Preventiva,Mantención preventiva,2025-03-19,2025-03-23,2025-03-23,Cerrada,4.0,1,0
OT-004245,A-0180,Clínica Oriente,C32,Preventiva,Mantención preventiva,2025-04-19,2025-04-22,2025-04-22,Cerrada,12.0,1,0
OT-004246,A-0180,Clínica Oriente,C32,Preventiva,Mantención preventiva,2025-05-19,2025-05-20,2025-05-20,Cerrada,4.0,1,0
OT-004247,A-0180,Clínica Oriente,C32,Preventiva,Mantención preventiva,2025-06-19,2025-06-19,2025-06-19,Cerrada,2.5,1,0
OT-004248,A-0180,Clínica Oriente,C32,Preventiva,Mantención preventiva,2025-07-19,2025-07-19,2025-07-19,Cerrada,5.5,1,0
OT-004249,A-0180,Clínica Oriente,C32,Preventiva,Mantención preventiva,2025-08-19,2025-08-20,2025-08-20,Cerrada,4.5,1,0
OT-004250,A-0180,Clínica Oriente,C32,Preventiva,Mantención preventiva,2025-09-19,2025-09-19,2025-09-19,Cerrada,6.0,1,0
OT-004251,A-0180,Clínica Oriente,C32,Preventiva,Mantención preventiva,2025-10-19,2025-10-22,2025-10-22,Cerrada,5.5,1,0
OT-004252,A-0180,Clínica Oriente,C32,Preventiva,Mantención preventiva,2025-11-19,2025-11-22,2025-11-22,Cerrada,2.0,1,0
OT-004253,A-0180,Clínica Oriente,C32,Preventiva,Mantención preventiva,2025-12-19,2025-12-19,2025-12-19,Cerrada,2.0,1,0
OT-004254,A-0180,Clínica Oriente,C32,Preventiva,Mantención preventiva,2026-01-19,2026-01-25,2026-01-25,Cerrada,4.5,1,0
OT-004255,A-0180,Clínica Oriente,C32,Preventiva,Mantención preventiva,2026-02-19,2026-02-20,2026-02-20,Cerrada,5.0,1,0
OT-004256,A-0180,Clínica Oriente,C32,Preventiva,Mantención preventiva,2026-03-19,2026-03-19,2026-03-19,Cerrada,5.0,1,0
OT-004257,A-0180,Clínica Oriente,C32,Preventiva,Mantención preventiva,2026-04-19,2026-04-20,2026-04-20,Cerrada,4.5,1,0
OT-004258,A-0180,Clínica Oriente,C32,Preventiva,Mantención preventiva,2026-05-19,2026-05-23,2026-05-23,Cerrada,4.0,1,0
OT-004259,A-0180,Clínica Oriente,C32,Preventiva,Mantención preventiva,2026-06-19,2026-06-20,2026-06-20,Cerrada,6.5,1,0
OT-004260,A-0180,Clínica Oriente,C32,Preventiva,Mantención preventiva,2026-07-19,2026-08-13,2026-08-13,Cerrada,13.0,1,0
OT-004261,A-0180,Clínica Oriente,C32,Preventiva,Mantención preventiva,2026-08-19,,,Abierta,0,0,0
OT-004262,A-0180,Clínica Oriente,C32,Preventiva,Mantención preventiva,2026-09-19,2026-09-20,2026-09-20,Cerrada,4.0,1,0
OT-004263,A-0180,Clínica Oriente,C32,Preventiva,Mantención preventiva,2026-10-19,2026-10-20,2026-10-20,Cerrada,15.5,1,0
OT-004264,A-0180,Clínica Oriente,C32,Preventiva,Mantención preventiva,2026-11-19,2026-11-25,2026-11-25,Cerrada,3.5,1,0
OT-004265,A-0180,Clínica Oriente,C32,Preventiva,Mantención preventiva,2026-12-19,2026-12-20,2026-12-20,Cerrada,3.5,1,0
OT-004266,A-0180,Clínica Oriente,C32,Correctiva,Reparación correctiva,2025-04-17,2025-04-17,2025-04-18,Cerrada,9.5,9.5,19.1
OT-004267,A-0180,Clínica Oriente,C32,Correctiva,Reparación correctiva,2025-11-11,2025-11-11,2025-11-12,Cerrada,8.5,8.5,18.5
OT-004268,A-0180,Clínica Oriente,C32,Correctiva,Reparación correctiva,2026-03-06,2026-03-06,2026-03-06,Cerrada,3.5,3.5,7.6
OT-004269,A-0180,Clínica Oriente,C32,Correctiva,Reparación correctiva,2026-04-27,2026-04-27,2026-04-28,Cerrada,18.5,18.5,21.4
OT-004270,A-0180,Clínica Oriente,C32,Correctiva,Reparación correctiva,2026-05-07,2026-05-07,2026-05-08,Cerrada,25.0,25.0,31.7
OT-004271,A-0180,Clínica Oriente,C32,Correctiva,Reparación correctiva,2026-05-10,2026-05-11,2026-05-11,Cerrada,14.0,14.0,25.7
OT-004272,A-0180,Clínica Oriente,C32,Correctiva,Reparación correctiva,2026-08-11,2026-08-11,2026-08-12,Cerrada,9.5,9.5,12.6
OT-004273,A-0181,Clínica Centro,C32,Preventiva,Mantención preventiva,2025-01-06,2025-01-10,2025-01-10,Cerrada,9.0,1,0
OT-004274,A-0181,Clínica Centro,C32,Preventiva,Mantención preventiva,2025-02-06,2025-02-09,2025-02-09,Cerrada,2.5,1,0
OT-004275,A-0181,Clínica Centro,C32,Preventiva,Mantención preventiva,2025-03-06,2025-03-10,2025-03-10,Cerrada,5.0,1,0
OT-004276,A-0181,Clínica Centro,C32,Preventiva,Mantención preventiva,2025-04-06,2025-04-06,2025-04-06,Cerrada,9.5,1,0
OT-004277,A-0181,Clínica Centro,C32,Preventiva,Mantención preventiva,2025-05-06,2025-05-09,2025-05-09,Cerrada,2.5,1,0
OT-004278,A-0181,Clínica Centro,C32,Preventiva,Mantención preventiva,2025-06-06,2025-06-12,2025-06-12,Cerrada,2.5,1,0
OT-004279,A-0181,Clínica Centro,C32,Preventiva,Mantención preventiva,2025-07-06,2025-07-07,2025-07-07,Cerrada,2.5,1,0
OT-004280,A-0181,Clínica Centro,C32,Preventiva,Mantención preventiva,2025-08-06,2025-08-10,2025-08-10,Cerrada,11.0,1,0
OT-004281,A-0181,Clínica Centro,C32,Preventiva,Mantención preventiva,2025-09-06,2025-09-26,2025-09-26,Cerrada,8.5,1,0
OT-004282,A-0181,Clínica Centro,C32,Preventiva,Mantención preventiva,2025-10-06,2025-10-07,2025-10-07,Cerrada,3.0,1,0
OT-004283,A-0181,Clínica Centro,C32,Preventiva,Mantención preventiva,2025-11-06,2025-11-09,2025-11-09,Cerrada,3.0,1,0
OT-004284,A-0181,Clínica Centro,C32,Preventiva,Mantención preventiva,2025-12-06,2026-01-09,2026-01-09,Cerrada,3.0,1,0
OT-004285,A-0181,Clínica Centro,C32,Preventiva,Mantención preventiva,2026-01-06,2026-01-12,2026-01-12,Cerrada,1.5,1,0
OT-004286,A-0181,Clínica Centro,C32,Preventiva,Mantención preventiva,2026-02-06,2026-02-11,2026-02-11,Cerrada,3.0,1,0
OT-004287,A-0181,Clínica Centro,C32,Preventiva,Mantención preventiva,2026-03-06,2026-03-06,2026-03-06,Cerrada,4.5,1,0
OT-004288,A-0181,Clínica Centro,C32,Preventiva,Mantención preventiva,2026-04-06,2026-04-11,2026-04-11,Cerrada,6.0,1,0
OT-004289,A-0181,Clínica Centro,C32,Preventiva,Mantención preventiva,2026-05-06,2026-05-06,2026-05-06,Cerrada,4.5,1,0
OT-004290,A-0181,Clínica Centro,C32,Preventiva,Mantención preventiva,2026-06-06,2026-06-06,2026-06-06,Cerrada,3.0,1,0
OT-004291,A-0181,Clínica Centro,C32,Preventiva,Mantención preventiva,2026-07-06,2026-07-12,2026-07-12,Cerrada,2.0,1,0
OT-004292,A-0181,Clínica Centro,C32,Preventiva,Mantención preventiva,2026-08-06,2026-08-09,2026-08-09,Cerrada,7.5,1,0
OT-004293,A-0181,Clínica Centro,C32,Preventiva,Mantención preventiva,2026-09-06,2026-09-12,2026-09-12,Cerrada,5.0,1,0
OT-004294,A-0181,Clínica Centro,C32,Preventiva,Mantención preventiva,2026-10-06,2026-10-06,2026-10-06,Cerrada,3.5,1,0
OT-004295,A-0181,Clínica Centro,C32,Preventiva,Mantención preventiva,2026-11-06,2026-11-08,2026-11-08,Cerrada,5.5,1,0
OT-004296,A-0181,Clínica Centro,C32,Preventiva,Mantención preventiva,2026-12-06,2026-12-12,2026-12-12,Cerrada,9.0,1,0
OT-004297,A-0181,Clínica Centro,C32,Correctiva,Reparación correctiva,2025-03-20,2025-03-20,2025-03-21,Cerrada,21.5,21.5,26.1
OT-004298,A-0181,Clínica Centro,C32,Correctiva,Reparación correctiva,2025-08-05,2025-08-06,2025-08-06,Cerrada,14.5,14.5,19.0
OT-004299,A-0181,Clínica Centro,C32,Correctiva,Reparación correctiva,2025-12-14,2025-12-14,2025-12-14,Cerrada,7.5,7.5,15.1
OT-004300,A-0181,Clínica Centro,C32,Correctiva,Reparación correctiva,2026-03-07,2026-03-07,2026-03-08,Cerrada,16.0,16.0,25.6
OT-004301,A-0182,Clínica Centro,C32,Preventiva,Mantención preventiva,2025-01-21,2025-01-27,2025-01-27,Cerrada,5.0,1,0
OT-004302,A-0182,Clínica Centro,C32,Preventiva,Mantención preventiva,2025-02-21,2025-02-27,2025-02-27,Cerrada,3.0,1,0
OT-004303,A-0182,Clínica Centro,C32,Preventiva,Mantención preventiva,2025-03-21,2025-03-23,2025-03-23,Cerrada,3.5,1,0
OT-004304,A-0182,Clínica Centro,C32,Preventiva,Mantención preventiva,2025-04-21,2025-04-23,2025-04-23,Cerrada,5.5,1,0
OT-004305,A-0182,Clínica Centro,C32,Preventiva,Mantención preventiva,2025-05-21,2025-05-24,2025-05-24,Cerrada,3.5,1,0
OT-004306,A-0182,Clínica Centro,C32,Preventiva,Mantención preventiva,2025-06-21,2025-06-25,2025-06-25,Cerrada,13.0,1,0
OT-004307,A-0182,Clínica Centro,C32,Preventiva,Mantención preventiva,2025-07-21,2025-07-25,2025-07-25,Cerrada,3.0,1,0
OT-004308,A-0182,Clínica Centro,C32,Preventiva,Mantención preventiva,2025-08-21,2025-08-24,2025-08-24,Cerrada,6.5,1,0
OT-004309,A-0182,Clínica Centro,C32,Preventiva,Mantención preventiva,2025-09-21,2025-10-08,2025-10-08,Cerrada,9.0,1,0
OT-004310,A-0182,Clínica Centro,C32,Preventiva,Mantención preventiva,2025-10-21,2025-10-23,2025-10-23,Cerrada,4.5,1,0
OT-004311,A-0182,Clínica Centro,C32,Preventiva,Mantención preventiva,2025-11-21,2025-11-23,2025-11-23,Cerrada,9.0,1,0
OT-004312,A-0182,Clínica Centro,C32,Preventiva,Mantención preventiva,2025-12-21,2025-12-23,2025-12-23,Cerrada,5.0,1,0
OT-004313,A-0182,Clínica Centro,C32,Preventiva,Mantención preventiva,2026-01-21,2026-01-22,2026-01-22,Cerrada,3.5,1,0
OT-004314,A-0182,Clínica Centro,C32,Preventiva,Mantención preventiva,2026-02-21,2026-02-21,2026-02-21,Cerrada,4.5,1,0
OT-004315,A-0182,Clínica Centro,C32,Preventiva,Mantención preventiva,2026-03-21,2026-03-26,2026-03-26,Cerrada,4.0,1,0
OT-004316,A-0182,Clínica Centro,C32,Preventiva,Mantención preventiva,2026-04-21,2026-04-26,2026-04-26,Cerrada,8.5,1,0
OT-004317,A-0182,Clínica Centro,C32,Preventiva,Mantención preventiva,2026-05-21,2026-05-26,2026-05-26,Cerrada,7.5,1,0
OT-004318,A-0182,Clínica Centro,C32,Preventiva,Mantención preventiva,2026-06-21,2026-06-21,2026-06-21,Cerrada,4.0,1,0
OT-004319,A-0182,Clínica Centro,C32,Preventiva,Mantención preventiva,2026-07-21,2026-07-24,2026-07-24,Cerrada,4.0,1,0
OT-004320,A-0182,Clínica Centro,C32,Preventiva,Mantención preventiva,2026-08-21,2026-08-22,2026-08-22,Cerrada,4.5,1,0
OT-004321,A-0182,Clínica Centro,C32,Preventiva,Mantención preventiva,2026-09-21,2026-09-26,2026-09-26,Cerrada,5.0,1,0
OT-004322,A-0182,Clínica Centro,C32,Preventiva,Mantención preventiva,2026-10-21,2026-10-21,2026-10-21,Cerrada,5.0,1,0
OT-004323,A-0182,Clínica Centro,C32,Preventiva,Mantención preventiva,2026-11-21,2026-11-23,2026-11-23,Cerrada,4.0,1,0
OT-004324,A-0182,Clínica Centro,C32,Preventiva,Mantención preventiva,2026-12-21,,,Abierta,0,0,0
OT-004325,A-0182,Clínica Centro,C32,Correctiva,Reparación correctiva,2026-02-28,2026-02-28,2026-02-28,Cerrada,6.0,6.0,11.1
OT-004326,A-0182,Clínica Centro,C32,Correctiva,Reparación correctiva,2026-05-08,2026-05-09,2026-05-10,Cerrada,14.0,14.0,25.9
OT-004327,A-0182,Clínica Centro,C32,Correctiva,Reparación correctiva,2026-12-04,2026-12-04,2026-12-04,Cerrada,10.0,10.0,12.3
OT-004328,A-0182,Clínica Centro,C32,Correctiva,Reparación correctiva,2026-12-05,2026-12-05,2026-12-06,Cerrada,16.0,16.0,23.0
OT-004329,A-0183,Clínica Centro,C32,Preventiva,Mantención preventiva,2025-01-16,2025-01-18,2025-01-18,Cerrada,2.5,1,0
OT-004330,A-0183,Clínica Centro,C32,Preventiva,Mantención preventiva,2025-02-16,2025-02-19,2025-02-19,Cerrada,2.5,1,0
OT-004331,A-0183,Clínica Centro,C32,Preventiva,Mantención preventiva,2025-03-16,2025-03-21,2025-03-21,Cerrada,2.0,1,0
OT-004332,A-0183,Clínica Centro,C32,Preventiva,Mantención preventiva,2025-04-16,2025-05-19,2025-05-19,Cerrada,4.0,1,0
OT-004333,A-0183,Clínica Centro,C32,Preventiva,Mantención preventiva,2025-05-16,2025-05-19,2025-05-19,Cerrada,6.0,1,0
OT-004334,A-0183,Clínica Centro,C32,Preventiva,Mantención preventiva,2025-06-16,2025-06-21,2025-06-21,Cerrada,7.0,1,0
OT-004335,A-0183,Clínica Centro,C32,Preventiva,Mantención preventiva,2025-07-16,2025-07-20,2025-07-20,Cerrada,3.5,1,0
OT-004336,A-0183,Clínica Centro,C32,Preventiva,Mantención preventiva,2025-08-16,2025-08-22,2025-08-22,Cerrada,2.5,1,0
OT-004337,A-0183,Clínica Centro,C32,Preventiva,Mantención preventiva,2025-09-16,2025-09-22,2025-09-22,Cerrada,2.5,1,0
OT-004338,A-0183,Clínica Centro,C32,Preventiva,Mantención preventiva,2025-10-16,2025-10-19,2025-10-19,Cerrada,4.5,1,0
OT-004339,A-0183,Clínica Centro,C32,Preventiva,Mantención preventiva,2025-11-16,2025-11-18,2025-11-18,Cerrada,3.5,1,0
OT-004340,A-0183,Clínica Centro,C32,Preventiva,Mantención preventiva,2025-12-16,2025-12-16,2025-12-16,Cerrada,3.0,1,0
OT-004341,A-0183,Clínica Centro,C32,Preventiva,Mantención preventiva,2026-01-16,2026-01-19,2026-01-19,Cerrada,10.0,1,0
OT-004342,A-0183,Clínica Centro,C32,Preventiva,Mantención preventiva,2026-02-16,2026-02-18,2026-02-18,Cerrada,7.0,1,0
OT-004343,A-0183,Clínica Centro,C32,Preventiva,Mantención preventiva,2026-03-16,2026-03-21,2026-03-21,Cerrada,5.5,1,0
OT-004344,A-0183,Clínica Centro,C32,Preventiva,Mantención preventiva,2026-04-16,2026-04-22,2026-04-22,Cerrada,5.5,1,0
OT-004345,A-0183,Clínica Centro,C32,Preventiva,Mantención preventiva,2026-05-16,2026-05-22,2026-05-22,Cerrada,6.5,1,0
OT-004346,A-0183,Clínica Centro,C32,Preventiva,Mantención preventiva,2026-06-16,2026-06-20,2026-06-20,Cerrada,5.0,1,0
OT-004347,A-0183,Clínica Centro,C32,Preventiva,Mantención preventiva,2026-07-16,2026-07-16,2026-07-16,Cerrada,8.0,1,0
OT-004348,A-0183,Clínica Centro,C32,Preventiva,Mantención preventiva,2026-08-16,2026-08-18,2026-08-18,Cerrada,9.5,1,0
OT-004349,A-0183,Clínica Centro,C32,Preventiva,Mantención preventiva,2026-09-16,2026-09-22,2026-09-22,Cerrada,4.5,1,0
OT-004350,A-0183,Clínica Centro,C32,Preventiva,Mantención preventiva,2026-10-16,2026-10-20,2026-10-20,Cerrada,1.5,1,0
OT-004351,A-0183,Clínica Centro,C32,Preventiva,Mantención preventiva,2026-11-16,2026-11-19,2026-11-19,Cerrada,2.0,1,0
OT-004352,A-0183,Clínica Centro,C32,Preventiva,Mantención preventiva,2026-12-16,2026-12-22,2026-12-22,Cerrada,7.0,1,0
OT-004353,A-0183,Clínica Centro,C32,Correctiva,Reparación correctiva,2025-01-27,2025-01-27,2025-01-28,Cerrada,10.5,10.5,20.0
OT-004354,A-0183,Clínica Centro,C32,Correctiva,Reparación correctiva,2025-05-20,2025-05-21,2025-05-21,Cerrada,5.5,5.5,17.0
OT-004355,A-0183,Clínica Centro,C32,Correctiva,Reparación correctiva,2025-06-22,2025-06-22,2025-06-23,Cerrada,15.0,15.0,18.4
OT-004356,A-0183,Clínica Centro,C32,Correctiva,Reparación correctiva,2025-09-14,2025-09-15,2025-09-15,Cerrada,10.5,10.5,13.0
OT-004357,A-0183,Clínica Centro,C32,Correctiva,Reparación correctiva,2025-12-31,2025-12-31,2026-01-01,Cerrada,3.0,3.0,11.0
OT-004358,A-0183,Clínica Centro,C32,Correctiva,Reparación correctiva,2026-03-23,2026-03-23,2026-03-25,Cerrada,31.0,31.0,34.0
OT-004359,A-0183,Clínica Centro,C32,Correctiva,Reparación correctiva,2026-06-28,2026-06-29,2026-06-29,Cerrada,5.5,5.5,8.0
OT-004360,A-0184,Clínica Centro,C32,Preventiva,Mantención preventiva,2025-01-24,2025-01-24,2025-01-24,Cerrada,5.0,1,0
OT-004361,A-0184,Clínica Centro,C32,Preventiva,Mantención preventiva,2025-02-24,2025-04-02,2025-04-02,Cerrada,7.0,1,0
OT-004362,A-0184,Clínica Centro,C32,Preventiva,Mantención preventiva,2025-03-24,2025-03-24,2025-03-24,Cerrada,5.0,1,0
OT-004363,A-0184,Clínica Centro,C32,Preventiva,Mantención preventiva,2025-04-24,2025-05-23,2025-05-23,Cerrada,2.5,1,0
OT-004364,A-0184,Clínica Centro,C32,Preventiva,Mantención preventiva,2025-05-24,2025-05-24,2025-05-24,Cerrada,4.0,1,0
OT-004365,A-0184,Clínica Centro,C32,Preventiva,Mantención preventiva,2025-06-24,2025-06-30,2025-06-30,Cerrada,8.5,1,0
OT-004366,A-0184,Clínica Centro,C32,Preventiva,Mantención preventiva,2025-07-24,2025-07-25,2025-07-25,Cerrada,8.5,1,0
OT-004367,A-0184,Clínica Centro,C32,Preventiva,Mantención preventiva,2025-08-24,2025-08-25,2025-08-25,Cerrada,2.5,1,0
OT-004368,A-0184,Clínica Centro,C32,Preventiva,Mantención preventiva,2025-09-24,2025-09-24,2025-09-24,Cerrada,5.0,1,0
OT-004369,A-0184,Clínica Centro,C32,Preventiva,Mantención preventiva,2025-10-24,2025-10-27,2025-10-27,Cerrada,13.5,1,0
OT-004370,A-0184,Clínica Centro,C32,Preventiva,Mantención preventiva,2025-11-24,2025-11-28,2025-11-28,Cerrada,5.5,1,0
OT-004371,A-0184,Clínica Centro,C32,Preventiva,Mantención preventiva,2025-12-24,2025-12-30,2025-12-30,Cerrada,3.0,1,0
OT-004372,A-0184,Clínica Centro,C32,Preventiva,Mantención preventiva,2026-01-24,2026-01-25,2026-01-25,Cerrada,4.5,1,0
OT-004373,A-0184,Clínica Centro,C32,Preventiva,Mantención preventiva,2026-02-24,2026-02-25,2026-02-25,Cerrada,8.0,1,0
OT-004374,A-0184,Clínica Centro,C32,Preventiva,Mantención preventiva,2026-03-24,2026-03-29,2026-03-29,Cerrada,5.5,1,0
OT-004375,A-0184,Clínica Centro,C32,Preventiva,Mantención preventiva,2026-04-24,2026-04-28,2026-04-28,Cerrada,1.0,1,0
OT-004376,A-0184,Clínica Centro,C32,Preventiva,Mantención preventiva,2026-05-24,2026-05-27,2026-05-27,Cerrada,7.0,1,0
OT-004377,A-0184,Clínica Centro,C32,Preventiva,Mantención preventiva,2026-06-24,2026-06-27,2026-06-27,Cerrada,6.5,1,0
OT-004378,A-0184,Clínica Centro,C32,Preventiva,Mantención preventiva,2026-07-24,2026-07-30,2026-07-30,Cerrada,4.0,1,0
OT-004379,A-0184,Clínica Centro,C32,Preventiva,Mantención preventiva,2026-08-24,2026-08-27,2026-08-27,Cerrada,10.5,1,0
OT-004380,A-0184,Clínica Centro,C32,Preventiva,Mantención preventiva,2026-09-24,2026-09-27,2026-09-27,Cerrada,5.0,1,0
OT-004381,A-0184,Clínica Centro,C32,Preventiva,Mantención preventiva,2026-10-24,2026-10-26,2026-10-26,Cerrada,4.0,1,0
OT-004382,A-0184,Clínica Centro,C32,Preventiva,Mantención preventiva,2026-11-24,2026-11-24,2026-11-24,Cerrada,3.0,1,0
OT-004383,A-0184,Clínica Centro,C32,Preventiva,Mantención preventiva,2026-12-24,,,Abierta,0,0,0
OT-004384,A-0184,Clínica Centro,C32,Correctiva,Reparación correctiva,2025-08-15,2025-08-15,2025-08-16,Cerrada,14.0,14.0,23.0
OT-004385,A-0184,Clínica Centro,C32,Correctiva,Reparación correctiva,2026-04-13,2026-04-13,2026-04-13,Cerrada,2.0,2.0,9.8
OT-004386,A-0184,Clínica Centro,C32,Correctiva,Reparación correctiva,2026-07-06,2026-07-06,2026-07-07,Cerrada,15.0,15.0,19.2
OT-004387,A-0185,Clínica Centro,C32,Preventiva,Mantención preventiva,2025-01-11,2025-01-11,2025-01-11,Cerrada,2.5,1,0
OT-004388,A-0185,Clínica Centro,C32,Preventiva,Mantención preventiva,2025-02-11,2025-02-14,2025-02-14,Cerrada,10.5,1,0
OT-004389,A-0185,Clínica Centro,C32,Preventiva,Mantención preventiva,2025-03-11,2025-03-14,2025-03-14,Cerrada,6.0,1,0
OT-004390,A-0185,Clínica Centro,C32,Preventiva,Mantención preventiva,2025-04-11,2025-04-12,2025-04-12,Cerrada,6.5,1,0
OT-004391,A-0185,Clínica Centro,C32,Preventiva,Mantención preventiva,2025-05-11,2025-05-11,2025-05-11,Cerrada,8.5,1,0
OT-004392,A-0185,Clínica Centro,C32,Preventiva,Mantención preventiva,2025-06-11,2025-06-12,2025-06-12,Cerrada,4.0,1,0
OT-004393,A-0185,Clínica Centro,C32,Preventiva,Mantención preventiva,2025-07-11,2025-07-14,2025-07-14,Cerrada,6.5,1,0
OT-004394,A-0185,Clínica Centro,C32,Preventiva,Mantención preventiva,2025-08-11,2025-08-15,2025-08-15,Cerrada,2.5,1,0
OT-004395,A-0185,Clínica Centro,C32,Preventiva,Mantención preventiva,2025-09-11,2025-09-11,2025-09-11,Cerrada,3.5,1,0
OT-004396,A-0185,Clínica Centro,C32,Preventiva,Mantención preventiva,2025-10-11,2025-10-13,2025-10-13,Cerrada,7.0,1,0
OT-004397,A-0185,Clínica Centro,C32,Preventiva,Mantención preventiva,2025-11-11,2025-11-13,2025-11-13,Cerrada,3.0,1,0
OT-004398,A-0185,Clínica Centro,C32,Preventiva,Mantención preventiva,2025-12-11,2025-12-21,2025-12-21,Cerrada,16.0,1,0
OT-004399,A-0185,Clínica Centro,C32,Preventiva,Mantención preventiva,2026-01-11,2026-01-12,2026-01-12,Cerrada,3.5,1,0
OT-004400,A-0185,Clínica Centro,C32,Preventiva,Mantención preventiva,2026-02-11,2026-02-17,2026-02-17,Cerrada,4.0,1,0
OT-004401,A-0185,Clínica Centro,C32,Preventiva,Mantención preventiva,2026-03-11,2026-03-13,2026-03-13,Cerrada,4.0,1,0
OT-004402,A-0185,Clínica Centro,C32,Preventiva,Mantención preventiva,2026-04-11,2026-04-11,2026-04-11,Cerrada,2.0,1,0
OT-004403,A-0185,Clínica Centro,C32,Preventiva,Mantención preventiva,2026-05-11,2026-05-14,2026-05-14,Cerrada,4.5,1,0
OT-004404,A-0185,Clínica Centro,C32,Preventiva,Mantención preventiva,2026-06-11,2026-06-16,2026-06-16,Cerrada,5.5,1,0
OT-004405,A-0185,Clínica Centro,C32,Preventiva,Mantención preventiva,2026-07-11,2026-07-13,2026-07-13,Cerrada,3.5,1,0
OT-004406,A-0185,Clínica Centro,C32,Preventiva,Mantención preventiva,2026-08-11,2026-08-17,2026-08-17,Cerrada,3.0,1,0
OT-004407,A-0185,Clínica Centro,C32,Preventiva,Mantención preventiva,2026-09-11,2026-09-11,2026-09-11,Cerrada,3.0,1,0
OT-004408,A-0185,Clínica Centro,C32,Preventiva,Mantención preventiva,2026-10-11,2026-10-17,2026-10-17,Cerrada,3.5,1,0
OT-004409,A-0185,Clínica Centro,C32,Preventiva,Mantención preventiva,2026-11-11,,,Abierta,0,0,0
OT-004410,A-0185,Clínica Centro,C32,Preventiva,Mantención preventiva,2026-12-11,2026-12-12,2026-12-12,Cerrada,6.0,1,0
OT-004411,A-0185,Clínica Centro,C32,Correctiva,Reparación correctiva,2026-11-30,2026-11-30,2026-11-30,Cerrada,8.0,8.0,14.5
OT-004412,A-0186,Clínica Centro,C32,Preventiva,Mantención preventiva,2025-01-22,2025-01-25,2025-01-25,Cerrada,2.5,1,0
OT-004413,A-0186,Clínica Centro,C32,Preventiva,Mantención preventiva,2025-02-22,2025-04-01,2025-04-01,Cerrada,4.0,1,0
OT-004414,A-0186,Clínica Centro,C32,Preventiva,Mantención preventiva,2025-03-22,2025-03-23,2025-03-23,Cerrada,8.5,1,0
OT-004415,A-0186,Clínica Centro,C32,Preventiva,Mantención preventiva,2025-04-22,2025-04-25,2025-04-25,Cerrada,5.0,1,0
OT-004416,A-0186,Clínica Centro,C32,Preventiva,Mantención preventiva,2025-05-22,2025-05-22,2025-05-22,Cerrada,7.5,1,0
OT-004417,A-0186,Clínica Centro,C32,Preventiva,Mantención preventiva,2025-06-22,2025-07-25,2025-07-25,Cerrada,5.0,1,0
OT-004418,A-0186,Clínica Centro,C32,Preventiva,Mantención preventiva,2025-07-22,2025-07-24,2025-07-24,Cerrada,14.0,1,0
OT-004419,A-0186,Clínica Centro,C32,Preventiva,Mantención preventiva,2025-08-22,2025-08-24,2025-08-24,Cerrada,10.5,1,0
OT-004420,A-0186,Clínica Centro,C32,Preventiva,Mantención preventiva,2025-09-22,2025-10-09,2025-10-09,Cerrada,4.0,1,0
OT-004421,A-0186,Clínica Centro,C32,Preventiva,Mantención preventiva,2025-10-22,2025-10-24,2025-10-24,Cerrada,5.0,1,0
OT-004422,A-0186,Clínica Centro,C32,Preventiva,Mantención preventiva,2025-11-22,2025-11-30,2025-11-30,Cerrada,2.5,1,0
OT-004423,A-0186,Clínica Centro,C32,Preventiva,Mantención preventiva,2025-12-22,2025-12-25,2025-12-25,Cerrada,3.5,1,0
OT-004424,A-0186,Clínica Centro,C32,Preventiva,Mantención preventiva,2026-01-22,2026-01-25,2026-01-25,Cerrada,4.5,1,0
OT-004425,A-0186,Clínica Centro,C32,Preventiva,Mantención preventiva,2026-02-22,2026-02-25,2026-02-25,Cerrada,9.5,1,0
OT-004426,A-0186,Clínica Centro,C32,Preventiva,Mantención preventiva,2026-03-22,2026-03-23,2026-03-23,Cerrada,8.5,1,0
OT-004427,A-0186,Clínica Centro,C32,Preventiva,Mantención preventiva,2026-04-22,2026-04-23,2026-04-23,Cerrada,3.5,1,0
OT-004428,A-0186,Clínica Centro,C32,Preventiva,Mantención preventiva,2026-05-22,2026-05-23,2026-05-23,Cerrada,4.0,1,0
OT-004429,A-0186,Clínica Centro,C32,Preventiva,Mantención preventiva,2026-06-22,2026-06-23,2026-06-23,Cerrada,2.0,1,0
OT-004430,A-0186,Clínica Centro,C32,Preventiva,Mantención preventiva,2026-07-22,2026-07-22,2026-07-22,Cerrada,10.5,1,0
OT-004431,A-0186,Clínica Centro,C32,Preventiva,Mantención preventiva,2026-08-22,2026-08-26,2026-08-26,Cerrada,2.0,1,0
OT-004432,A-0186,Clínica Centro,C32,Preventiva,Mantención preventiva,2026-09-22,2026-09-22,2026-09-22,Cerrada,6.0,1,0
OT-004433,A-0186,Clínica Centro,C32,Preventiva,Mantención preventiva,2026-10-22,2026-10-24,2026-10-24,Cerrada,2.5,1,0
OT-004434,A-0186,Clínica Centro,C32,Preventiva,Mantención preventiva,2026-11-22,2026-11-26,2026-11-26,Cerrada,4.5,1,0
OT-004435,A-0186,Clínica Centro,C32,Preventiva,Mantención preventiva,2026-12-22,2026-12-22,2026-12-22,Cerrada,6.0,1,0
OT-004436,A-0186,Clínica Centro,C32,Correctiva,Reparación correctiva,2025-10-02,2025-10-02,2025-10-03,Cerrada,5.0,5.0,14.5
OT-004437,A-0186,Clínica Centro,C32,Correctiva,Reparación correctiva,2025-12-23,2025-12-23,2025-12-24,Cerrada,8.0,8.0,10.8
OT-004438,A-0186,Clínica Centro,C32,Correctiva,Reparación correctiva,2026-01-01,2026-01-01,2026-01-02,Cerrada,7.5,7.5,14.1
OT-004439,A-0186,Clínica Centro,C32,Correctiva,Reparación correctiva,2026-09-20,2026-09-20,2026-09-20,Cerrada,5.5,5.5,7.9
OT-004440,A-0186,Clínica Centro,C32,Correctiva,Reparación correctiva,2026-12-02,2026-12-03,2026-12-03,Cerrada,5.5,5.5,10.0
OT-004441,A-0187,Clínica Centro,C32,Preventiva,Mantención preventiva,2025-01-06,2025-01-12,2025-01-12,Cerrada,2.5,1,0
OT-004442,A-0187,Clínica Centro,C32,Preventiva,Mantención preventiva,2025-02-06,2025-02-12,2025-02-12,Cerrada,7.5,1,0
OT-004443,A-0187,Clínica Centro,C32,Preventiva,Mantención preventiva,2025-03-06,2025-03-08,2025-03-08,Cerrada,5.5,1,0
OT-004444,A-0187,Clínica Centro,C32,Preventiva,Mantención preventiva,2025-04-06,,,Abierta,0,0,0
OT-004445,A-0187,Clínica Centro,C32,Preventiva,Mantención preventiva,2025-05-06,2025-05-11,2025-05-11,Cerrada,6.0,1,0
OT-004446,A-0187,Clínica Centro,C32,Preventiva,Mantención preventiva,2025-06-06,2025-06-09,2025-06-09,Cerrada,4.0,1,0
OT-004447,A-0187,Clínica Centro,C32,Preventiva,Mantención preventiva,2025-07-06,2025-07-10,2025-07-10,Cerrada,2.5,1,0
OT-004448,A-0187,Clínica Centro,C32,Preventiva,Mantención preventiva,2025-08-06,2025-08-06,2025-08-06,Cerrada,2.0,1,0
OT-004449,A-0187,Clínica Centro,C32,Preventiva,Mantención preventiva,2025-09-06,2025-09-06,2025-09-06,Cerrada,2.5,1,0
OT-004450,A-0187,Clínica Centro,C32,Preventiva,Mantención preventiva,2025-10-06,2025-10-09,2025-10-09,Cerrada,9.5,1,0
OT-004451,A-0187,Clínica Centro,C32,Preventiva,Mantención preventiva,2025-11-06,2025-11-07,2025-11-07,Cerrada,4.5,1,0
OT-004452,A-0187,Clínica Centro,C32,Preventiva,Mantención preventiva,2025-12-06,2026-01-14,2026-01-14,Cerrada,2.0,1,0
OT-004453,A-0187,Clínica Centro,C32,Preventiva,Mantención preventiva,2026-01-06,2026-01-06,2026-01-06,Cerrada,8.0,1,0
OT-004454,A-0187,Clínica Centro,C32,Preventiva,Mantención preventiva,2026-02-06,2026-02-09,2026-02-09,Cerrada,9.5,1,0
OT-004455,A-0187,Clínica Centro,C32,Preventiva,Mantención preventiva,2026-03-06,2026-03-12,2026-03-12,Cerrada,2.5,1,0
OT-004456,A-0187,Clínica Centro,C32,Preventiva,Mantención preventiva,2026-04-06,2026-04-08,2026-04-08,Cerrada,7.0,1,0
OT-004457,A-0187,Clínica Centro,C32,Preventiva,Mantención preventiva,2026-05-06,2026-05-08,2026-05-08,Cerrada,7.0,1,0
OT-004458,A-0187,Clínica Centro,C32,Preventiva,Mantención preventiva,2026-06-06,2026-06-07,2026-06-07,Cerrada,7.5,1,0
OT-004459,A-0187,Clínica Centro,C32,Preventiva,Mantención preventiva,2026-07-06,2026-07-07,2026-07-07,Cerrada,3.5,1,0
OT-004460,A-0187,Clínica Centro,C32,Preventiva,Mantención preventiva,2026-08-06,2026-08-08,2026-08-08,Cerrada,3.0,1,0
OT-004461,A-0187,Clínica Centro,C32,Preventiva,Mantención preventiva,2026-09-06,2026-09-11,2026-09-11,Cerrada,5.0,1,0
OT-004462,A-0187,Clínica Centro,C32,Preventiva,Mantención preventiva,2026-10-06,2026-10-10,2026-10-10,Cerrada,4.5,1,0
OT-004463,A-0187,Clínica Centro,C32,Preventiva,Mantención preventiva,2026-11-06,2026-11-11,2026-11-11,Cerrada,8.5,1,0
OT-004464,A-0187,Clínica Centro,C32,Preventiva,Mantención preventiva,2026-12-06,2026-12-07,2026-12-07,Cerrada,3.0,1,0
OT-004465,A-0187,Clínica Centro,C32,Correctiva,Reparación correctiva,2025-08-16,2025-08-16,2025-08-16,Cerrada,5.0,5.0,10.9
OT-004466,A-0187,Clínica Centro,C32,Correctiva,Reparación correctiva,2025-08-17,2025-08-17,2025-08-18,Cerrada,5.0,5.0,12.4
OT-004467,A-0187,Clínica Centro,C32,Correctiva,Reparación correctiva,2025-11-18,2025-11-18,2025-11-19,Cerrada,26.0,26.0,34.5
OT-004468,A-0187,Clínica Centro,C32,Correctiva,Reparación correctiva,2025-11-29,2025-11-30,2025-11-30,Cerrada,12.5,12.5,23.3
OT-004469,A-0187,Clínica Centro,C32,Correctiva,Reparación correctiva,2026-09-11,2026-09-11,2026-09-12,Cerrada,5.5,5.5,13.6
OT-004470,A-0187,Clínica Centro,C32,Correctiva,Reparación correctiva,2026-12-02,2026-12-03,2026-12-03,Cerrada,8.5,8.5,12.5
OT-004471,A-0188,Clínica Centro,C32,Preventiva,Mantención preventiva,2025-01-03,2025-01-06,2025-01-06,Cerrada,1.0,1,0
OT-004472,A-0188,Clínica Centro,C32,Preventiva,Mantención preventiva,2025-02-03,2025-02-03,2025-02-03,Cerrada,8.0,1,0
OT-004473,A-0188,Clínica Centro,C32,Preventiva,Mantención preventiva,2025-03-03,2025-03-09,2025-03-09,Cerrada,4.0,1,0
OT-004474,A-0188,Clínica Centro,C32,Preventiva,Mantención preventiva,2025-04-03,2025-04-06,2025-04-06,Cerrada,3.0,1,0
OT-004475,A-0188,Clínica Centro,C32,Preventiva,Mantención preventiva,2025-05-03,2025-05-06,2025-05-06,Cerrada,7.0,1,0
OT-004476,A-0188,Clínica Centro,C32,Preventiva,Mantención preventiva,2025-06-03,2025-06-08,2025-06-08,Cerrada,10.5,1,0
OT-004477,A-0188,Clínica Centro,C32,Preventiva,Mantención preventiva,2025-07-03,2025-07-06,2025-07-06,Cerrada,4.0,1,0
OT-004478,A-0188,Clínica Centro,C32,Preventiva,Mantención preventiva,2025-08-03,2025-08-03,2025-08-03,Cerrada,15.0,1,0
OT-004479,A-0188,Clínica Centro,C32,Preventiva,Mantención preventiva,2025-09-03,2025-09-05,2025-09-05,Cerrada,7.0,1,0
OT-004480,A-0188,Clínica Centro,C32,Preventiva,Mantención preventiva,2025-10-03,2025-10-08,2025-10-08,Cerrada,2.5,1,0
OT-004481,A-0188,Clínica Centro,C32,Preventiva,Mantención preventiva,2025-11-03,2025-11-05,2025-11-05,Cerrada,3.5,1,0
OT-004482,A-0188,Clínica Centro,C32,Preventiva,Mantención preventiva,2025-12-03,2025-12-08,2025-12-08,Cerrada,5.5,1,0
OT-004483,A-0188,Clínica Centro,C32,Preventiva,Mantención preventiva,2026-01-03,2026-01-05,2026-01-05,Cerrada,4.5,1,0
OT-004484,A-0188,Clínica Centro,C32,Preventiva,Mantención preventiva,2026-02-03,2026-02-06,2026-02-06,Cerrada,5.0,1,0
OT-004485,A-0188,Clínica Centro,C32,Preventiva,Mantención preventiva,2026-03-03,2026-03-04,2026-03-04,Cerrada,2.5,1,0
OT-004486,A-0188,Clínica Centro,C32,Preventiva,Mantención preventiva,2026-04-03,2026-04-04,2026-04-04,Cerrada,10.5,1,0
OT-004487,A-0188,Clínica Centro,C32,Preventiva,Mantención preventiva,2026-05-03,2026-05-09,2026-05-09,Cerrada,1.5,1,0
OT-004488,A-0188,Clínica Centro,C32,Preventiva,Mantención preventiva,2026-06-03,2026-06-07,2026-06-07,Cerrada,8.5,1,0
OT-004489,A-0188,Clínica Centro,C32,Preventiva,Mantención preventiva,2026-07-03,2026-07-03,2026-07-03,Cerrada,3.0,1,0
OT-004490,A-0188,Clínica Centro,C32,Preventiva,Mantención preventiva,2026-08-03,2026-08-06,2026-08-06,Cerrada,4.5,1,0
OT-004491,A-0188,Clínica Centro,C32,Preventiva,Mantención preventiva,2026-09-03,2026-09-04,2026-09-04,Cerrada,4.0,1,0
OT-004492,A-0188,Clínica Centro,C32,Preventiva,Mantención preventiva,2026-10-03,2026-10-03,2026-10-03,Cerrada,2.5,1,0
OT-004493,A-0188,Clínica Centro,C32,Preventiva,Mantención preventiva,2026-11-03,2026-11-05,2026-11-05,Cerrada,8.0,1,0
OT-004494,A-0188,Clínica Centro,C32,Preventiva,Mantención preventiva,2026-12-03,2026-12-05,2026-12-05,Cerrada,8.0,1,0
OT-004495,A-0188,Clínica Centro,C32,Correctiva,Reparación correctiva,2025-02-23,2025-02-23,2025-02-23,Cerrada,3.0,3.0,10.3
OT-004496,A-0188,Clínica Centro,C32,Correctiva,Reparación correctiva,2025-03-18,2025-03-18,2025-03-19,Cerrada,16.5,16.5,26.2
OT-004497,A-0188,Clínica Centro,C32,Correctiva,Reparación correctiva,2025-06-04,2025-06-04,2025-06-04,Cerrada,2.5,2.5,8.5
OT-004498,A-0188,Clínica Centro,C32,Correctiva,Reparación correctiva,2025-07-11,2025-07-11,2025-07-12,Cerrada,17.0,17.0,23.8
OT-004499,A-0188,Clínica Centro,C32,Correctiva,Reparación correctiva,2025-09-03,2025-09-03,2025-09-04,Cerrada,22.0,22.0,33.2
OT-004500,A-0188,Clínica Centro,C32,Correctiva,Reparación correctiva,2025-10-19,2025-10-19,2025-10-20,Cerrada,13.5,13.5,19.2
OT-004501,A-0188,Clínica Centro,C32,Correctiva,Reparación correctiva,2026-01-24,2026-01-24,2026-01-24,Cerrada,5.5,5.5,9.2
OT-004502,A-0188,Clínica Centro,C32,Correctiva,Reparación correctiva,2026-06-30,2026-06-30,2026-07-01,Cerrada,10.0,10.0,18.6
OT-004503,A-0189,Clínica Centro,C32,Preventiva,Mantención preventiva,2025-01-15,2025-01-18,2025-01-18,Cerrada,1.5,1,0
OT-004504,A-0189,Clínica Centro,C32,Preventiva,Mantención preventiva,2025-02-15,2025-02-20,2025-02-20,Cerrada,3.0,1,0
OT-004505,A-0189,Clínica Centro,C32,Preventiva,Mantención preventiva,2025-03-15,2025-03-28,2025-03-28,Cerrada,2.5,1,0
OT-004506,A-0189,Clínica Centro,C32,Preventiva,Mantención preventiva,2025-04-15,2025-04-21,2025-04-21,Cerrada,4.0,1,0
OT-004507,A-0189,Clínica Centro,C32,Preventiva,Mantención preventiva,2025-05-15,2025-05-15,2025-05-15,Cerrada,2.5,1,0
OT-004508,A-0189,Clínica Centro,C32,Preventiva,Mantención preventiva,2025-06-15,2025-06-21,2025-06-21,Cerrada,1.5,1,0
OT-004509,A-0189,Clínica Centro,C32,Preventiva,Mantención preventiva,2025-07-15,2025-07-16,2025-07-16,Cerrada,5.0,1,0
OT-004510,A-0189,Clínica Centro,C32,Preventiva,Mantención preventiva,2025-08-15,2025-08-15,2025-08-15,Cerrada,4.5,1,0
OT-004511,A-0189,Clínica Centro,C32,Preventiva,Mantención preventiva,2025-09-15,2025-09-19,2025-09-19,Cerrada,5.0,1,0
OT-004512,A-0189,Clínica Centro,C32,Preventiva,Mantención preventiva,2025-10-15,2025-10-18,2025-10-18,Cerrada,6.0,1,0
OT-004513,A-0189,Clínica Centro,C32,Preventiva,Mantención preventiva,2025-11-15,2025-11-19,2025-11-19,Cerrada,2.0,1,0
OT-004514,A-0189,Clínica Centro,C32,Preventiva,Mantención preventiva,2025-12-15,2025-12-18,2025-12-18,Cerrada,3.5,1,0
OT-004515,A-0189,Clínica Centro,C32,Preventiva,Mantención preventiva,2026-01-15,2026-01-18,2026-01-18,Cerrada,4.0,1,0
OT-004516,A-0189,Clínica Centro,C32,Preventiva,Mantención preventiva,2026-02-15,2026-02-17,2026-02-17,Cerrada,3.0,1,0
OT-004517,A-0189,Clínica Centro,C32,Preventiva,Mantención preventiva,2026-03-15,2026-03-15,2026-03-15,Cerrada,4.0,1,0
OT-004518,A-0189,Clínica Centro,C32,Preventiva,Mantención preventiva,2026-04-15,2026-04-16,2026-04-16,Cerrada,5.5,1,0
OT-004519,A-0189,Clínica Centro,C32,Preventiva,Mantención preventiva,2026-05-15,2026-05-16,2026-05-16,Cerrada,6.0,1,0
OT-004520,A-0189,Clínica Centro,C32,Preventiva,Mantención preventiva,2026-06-15,2026-06-21,2026-06-21,Cerrada,5.0,1,0
OT-004521,A-0189,Clínica Centro,C32,Preventiva,Mantención preventiva,2026-07-15,2026-07-18,2026-07-18,Cerrada,6.0,1,0
OT-004522,A-0189,Clínica Centro,C32,Preventiva,Mantención preventiva,2026-08-15,2026-08-21,2026-08-21,Cerrada,3.0,1,0
OT-004523,A-0189,Clínica Centro,C32,Preventiva,Mantención preventiva,2026-09-15,2026-09-18,2026-09-18,Cerrada,4.5,1,0
OT-004524,A-0189,Clínica Centro,C32,Preventiva,Mantención preventiva,2026-10-15,2026-10-21,2026-10-21,Cerrada,3.0,1,0
OT-004525,A-0189,Clínica Centro,C32,Preventiva,Mantención preventiva,2026-11-15,2026-11-19,2026-11-19,Cerrada,3.5,1,0
OT-004526,A-0189,Clínica Centro,C32,Preventiva,Mantención preventiva,2026-12-15,2026-12-19,2026-12-19,Cerrada,8.0,1,0
OT-004527,A-0189,Clínica Centro,C32,Correctiva,Reparación correctiva,2025-04-25,2025-04-25,2025-04-26,Cerrada,7.0,7.0,10.9
OT-004528,A-0189,Clínica Centro,C32,Correctiva,Reparación correctiva,2026-01-07,2026-01-07,2026-01-07,Cerrada,6.0,6.0,10.9
OT-004529,A-0189,Clínica Centro,C32,Correctiva,Reparación correctiva,2026-07-03,2026-07-03,2026-07-03,Cerrada,8.5,8.5,11.3
OT-004530,A-0189,Clínica Centro,C32,Correctiva,Reparación correctiva,2026-08-23,2026-08-23,2026-08-24,Cerrada,15.0,15.0,24.8
OT-004531,A-0189,Clínica Centro,C32,Correctiva,Reparación correctiva,2026-10-21,2026-10-21,2026-10-22,Cerrada,13.0,13.0,17.6
OT-004532,A-0189,Clínica Centro,C32,Correctiva,Reparación correctiva,2026-11-21,2026-11-21,2026-11-21,Cerrada,4.0,4.0,14.4
OT-004533,A-0189,Clínica Centro,C32,Correctiva,Reparación correctiva,2026-11-26,2026-11-26,2026-11-26,Cerrada,4.5,4.5,13.4
OT-004534,A-0190,Clínica Centro,C32,Preventiva,Mantención preventiva,2025-01-03,2025-01-03,2025-01-03,Cerrada,5.0,1,0
OT-004535,A-0190,Clínica Centro,C32,Preventiva,Mantención preventiva,2025-02-03,2025-02-08,2025-02-08,Cerrada,8.5,1,0
OT-004536,A-0190,Clínica Centro,C32,Preventiva,Mantención preventiva,2025-03-03,2025-03-22,2025-03-22,Cerrada,1.5,1,0
OT-004537,A-0190,Clínica Centro,C32,Preventiva,Mantención preventiva,2025-04-03,2025-04-09,2025-04-09,Cerrada,8.5,1,0
OT-004538,A-0190,Clínica Centro,C32,Preventiva,Mantención preventiva,2025-05-03,2025-05-07,2025-05-07,Cerrada,2.0,1,0
OT-004539,A-0190,Clínica Centro,C32,Preventiva,Mantención preventiva,2025-06-03,2025-06-06,2025-06-06,Cerrada,6.0,1,0
OT-004540,A-0190,Clínica Centro,C32,Preventiva,Mantención preventiva,2025-07-03,2025-07-07,2025-07-07,Cerrada,3.0,1,0
OT-004541,A-0190,Clínica Centro,C32,Preventiva,Mantención preventiva,2025-08-03,2025-08-08,2025-08-08,Cerrada,3.5,1,0
OT-004542,A-0190,Clínica Centro,C32,Preventiva,Mantención preventiva,2025-09-03,2025-09-08,2025-09-08,Cerrada,8.5,1,0
OT-004543,A-0190,Clínica Centro,C32,Preventiva,Mantención preventiva,2025-10-03,2025-10-06,2025-10-06,Cerrada,6.5,1,0
OT-004544,A-0190,Clínica Centro,C32,Preventiva,Mantención preventiva,2025-11-03,2025-11-09,2025-11-09,Cerrada,2.5,1,0
OT-004545,A-0190,Clínica Centro,C32,Preventiva,Mantención preventiva,2025-12-03,2025-12-09,2025-12-09,Cerrada,3.5,1,0
OT-004546,A-0190,Clínica Centro,C32,Preventiva,Mantención preventiva,2026-01-03,2026-01-03,2026-01-03,Cerrada,4.0,1,0
OT-004547,A-0190,Clínica Centro,C32,Preventiva,Mantención preventiva,2026-02-03,2026-02-03,2026-02-03,Cerrada,2.5,1,0
OT-004548,A-0190,Clínica Centro,C32,Preventiva,Mantención preventiva,2026-03-03,2026-03-09,2026-03-09,Cerrada,4.5,1,0
OT-004549,A-0190,Clínica Centro,C32,Preventiva,Mantención preventiva,2026-04-03,2026-05-04,2026-05-04,Cerrada,2.0,1,0
OT-004550,A-0190,Clínica Centro,C32,Preventiva,Mantención preventiva,2026-05-03,2026-05-03,2026-05-03,Cerrada,3.0,1,0
OT-004551,A-0190,Clínica Centro,C32,Preventiva,Mantención preventiva,2026-06-03,2026-06-06,2026-06-06,Cerrada,5.0,1,0
OT-004552,A-0190,Clínica Centro,C32,Preventiva,Mantención preventiva,2026-07-03,2026-07-06,2026-07-06,Cerrada,6.5,1,0
OT-004553,A-0190,Clínica Centro,C32,Preventiva,Mantención preventiva,2026-08-03,2026-08-06,2026-08-06,Cerrada,4.0,1,0
OT-004554,A-0190,Clínica Centro,C32,Preventiva,Mantención preventiva,2026-09-03,2026-09-07,2026-09-07,Cerrada,2.5,1,0
OT-004555,A-0190,Clínica Centro,C32,Preventiva,Mantención preventiva,2026-10-03,2026-10-07,2026-10-07,Cerrada,8.0,1,0
OT-004556,A-0190,Clínica Centro,C32,Preventiva,Mantención preventiva,2026-11-03,2026-11-09,2026-11-09,Cerrada,4.5,1,0
OT-004557,A-0190,Clínica Centro,C32,Preventiva,Mantención preventiva,2026-12-03,2026-12-05,2026-12-05,Cerrada,1.5,1,0
OT-004558,A-0190,Clínica Centro,C32,Correctiva,Reparación correctiva,2025-05-16,2025-05-16,2025-05-16,Cerrada,4.0,4.0,14.1
OT-004559,A-0190,Clínica Centro,C32,Correctiva,Reparación correctiva,2025-06-12,2025-06-13,2025-06-13,Cerrada,3.0,3.0,9.1
OT-004560,A-0190,Clínica Centro,C32,Correctiva,Reparación correctiva,2025-11-02,2025-11-03,2025-11-04,Cerrada,17.5,17.5,26.4
OT-004561,A-0190,Clínica Centro,C32,Correctiva,Reparación correctiva,2026-01-20,2026-01-21,2026-01-21,Cerrada,12.0,12.0,18.0
OT-004562,A-0191,Clínica Centro,C32,Preventiva,Mantención preventiva,2025-01-28,2025-02-02,2025-02-02,Cerrada,6.0,1,0
OT-004563,A-0191,Clínica Centro,C32,Preventiva,Mantención preventiva,2025-02-28,2025-02-28,2025-02-28,Cerrada,5.0,1,0
OT-004564,A-0191,Clínica Centro,C32,Preventiva,Mantención preventiva,2025-03-28,2025-04-01,2025-04-01,Cerrada,3.5,1,0
OT-004565,A-0191,Clínica Centro,C32,Preventiva,Mantención preventiva,2025-04-28,2025-05-04,2025-05-04,Cerrada,3.0,1,0
OT-004566,A-0191,Clínica Centro,C32,Preventiva,Mantención preventiva,2025-05-28,2025-05-31,2025-05-31,Cerrada,6.5,1,0
OT-004567,A-0191,Clínica Centro,C32,Preventiva,Mantención preventiva,2025-06-28,2025-07-03,2025-07-03,Cerrada,6.0,1,0
OT-004568,A-0191,Clínica Centro,C32,Preventiva,Mantención preventiva,2025-07-28,2025-08-01,2025-08-01,Cerrada,4.0,1,0
OT-004569,A-0191,Clínica Centro,C32,Preventiva,Mantención preventiva,2025-08-28,2025-08-30,2025-08-30,Cerrada,6.0,1,0
OT-004570,A-0191,Clínica Centro,C32,Preventiva,Mantención preventiva,2025-09-28,2025-10-03,2025-10-03,Cerrada,3.0,1,0
OT-004571,A-0191,Clínica Centro,C32,Preventiva,Mantención preventiva,2025-10-28,2025-10-29,2025-10-29,Cerrada,4.0,1,0
OT-004572,A-0191,Clínica Centro,C32,Preventiva,Mantención preventiva,2025-11-28,2025-12-03,2025-12-03,Cerrada,6.5,1,0
OT-004573,A-0191,Clínica Centro,C32,Preventiva,Mantención preventiva,2025-12-28,2026-01-20,2026-01-20,Cerrada,4.5,1,0
OT-004574,A-0191,Clínica Centro,C32,Preventiva,Mantención preventiva,2026-01-28,2026-02-03,2026-02-03,Cerrada,4.5,1,0
OT-004575,A-0191,Clínica Centro,C32,Preventiva,Mantención preventiva,2026-02-28,2026-03-04,2026-03-04,Cerrada,2.5,1,0
OT-004576,A-0191,Clínica Centro,C32,Preventiva,Mantención preventiva,2026-03-28,2026-03-30,2026-03-30,Cerrada,6.0,1,0
OT-004577,A-0191,Clínica Centro,C32,Preventiva,Mantención preventiva,2026-04-28,2026-05-04,2026-05-04,Cerrada,13.0,1,0
OT-004578,A-0191,Clínica Centro,C32,Preventiva,Mantención preventiva,2026-05-28,2026-05-31,2026-05-31,Cerrada,5.5,1,0
OT-004579,A-0191,Clínica Centro,C32,Preventiva,Mantención preventiva,2026-06-28,2026-07-04,2026-07-04,Cerrada,8.5,1,0
OT-004580,A-0191,Clínica Centro,C32,Preventiva,Mantención preventiva,2026-07-28,2026-08-02,2026-08-02,Cerrada,3.5,1,0
OT-004581,A-0191,Clínica Centro,C32,Preventiva,Mantención preventiva,2026-08-28,2026-09-02,2026-09-02,Cerrada,5.0,1,0
OT-004582,A-0191,Clínica Centro,C32,Preventiva,Mantención preventiva,2026-09-28,2026-09-28,2026-09-28,Cerrada,1.5,1,0
OT-004583,A-0191,Clínica Centro,C32,Preventiva,Mantención preventiva,2026-10-28,2026-11-03,2026-11-03,Cerrada,5.5,1,0
OT-004584,A-0191,Clínica Centro,C32,Preventiva,Mantención preventiva,2026-11-28,2026-12-04,2026-12-04,Cerrada,5.0,1,0
OT-004585,A-0191,Clínica Centro,C32,Preventiva,Mantención preventiva,2026-12-28,2026-12-31,2026-12-31,Cerrada,6.0,1,0
OT-004586,A-0191,Clínica Centro,C32,Correctiva,Reparación correctiva,2025-01-07,2025-01-08,2025-01-08,Cerrada,3.5,3.5,11.5
OT-004587,A-0191,Clínica Centro,C32,Correctiva,Reparación correctiva,2025-01-12,2025-01-13,2025-01-13,Cerrada,5.0,5.0,15.8
OT-004588,A-0191,Clínica Centro,C32,Correctiva,Reparación correctiva,2025-04-15,2025-04-16,2025-04-16,Cerrada,6.0,6.0,13.2
OT-004589,A-0191,Clínica Centro,C32,Correctiva,Reparación correctiva,2026-03-31,2026-04-01,2026-04-01,Cerrada,16.0,16.0,23.5
OT-004590,A-0191,Clínica Centro,C32,Correctiva,Reparación correctiva,2026-11-01,2026-11-02,2026-11-02,Cerrada,4.5,4.5,14.9
OT-004591,A-0192,Clínica Centro,C32,Preventiva,Mantención preventiva,2025-01-19,2025-01-24,2025-01-24,Cerrada,4.0,1,0
OT-004592,A-0192,Clínica Centro,C32,Preventiva,Mantención preventiva,2025-02-19,2025-02-23,2025-02-23,Cerrada,8.0,1,0
OT-004593,A-0192,Clínica Centro,C32,Preventiva,Mantención preventiva,2025-03-19,2025-03-22,2025-03-22,Cerrada,6.5,1,0
OT-004594,A-0192,Clínica Centro,C32,Preventiva,Mantención preventiva,2025-04-19,2025-04-22,2025-04-22,Cerrada,2.0,1,0
OT-004595,A-0192,Clínica Centro,C32,Preventiva,Mantención preventiva,2025-05-19,2025-05-25,2025-05-25,Cerrada,4.0,1,0
OT-004596,A-0192,Clínica Centro,C32,Preventiva,Mantención preventiva,2025-06-19,2025-06-22,2025-06-22,Cerrada,3.0,1,0
OT-004597,A-0192,Clínica Centro,C32,Preventiva,Mantención preventiva,2025-07-19,2025-07-23,2025-07-23,Cerrada,3.0,1,0
OT-004598,A-0192,Clínica Centro,C32,Preventiva,Mantención preventiva,2025-08-19,2025-08-21,2025-08-21,Cerrada,14.5,1,0
OT-004599,A-0192,Clínica Centro,C32,Preventiva,Mantención preventiva,2025-09-19,2025-10-06,2025-10-06,Cerrada,2.5,1,0
OT-004600,A-0192,Clínica Centro,C32,Preventiva,Mantención preventiva,2025-10-19,2025-10-22,2025-10-22,Cerrada,5.5,1,0
OT-004601,A-0192,Clínica Centro,C32,Preventiva,Mantención preventiva,2025-11-19,2025-12-06,2025-12-06,Cerrada,9.5,1,0
OT-004602,A-0192,Clínica Centro,C32,Preventiva,Mantención preventiva,2025-12-19,2025-12-20,2025-12-20,Cerrada,4.5,1,0
OT-004603,A-0192,Clínica Centro,C32,Preventiva,Mantención preventiva,2026-01-19,2026-01-25,2026-01-25,Cerrada,12.0,1,0
OT-004604,A-0192,Clínica Centro,C32,Preventiva,Mantención preventiva,2026-02-19,2026-02-22,2026-02-22,Cerrada,5.5,1,0
OT-004605,A-0192,Clínica Centro,C32,Preventiva,Mantención preventiva,2026-03-19,2026-03-25,2026-03-25,Cerrada,3.0,1,0
OT-004606,A-0192,Clínica Centro,C32,Preventiva,Mantención preventiva,2026-04-19,2026-04-25,2026-04-25,Cerrada,7.5,1,0
OT-004607,A-0192,Clínica Centro,C32,Preventiva,Mantención preventiva,2026-05-19,2026-05-20,2026-05-20,Cerrada,6.0,1,0
OT-004608,A-0192,Clínica Centro,C32,Preventiva,Mantención preventiva,2026-06-19,2026-06-19,2026-06-19,Cerrada,12.0,1,0
OT-004609,A-0192,Clínica Centro,C32,Preventiva,Mantención preventiva,2026-07-19,2026-07-25,2026-07-25,Cerrada,6.5,1,0
OT-004610,A-0192,Clínica Centro,C32,Preventiva,Mantención preventiva,2026-08-19,2026-08-23,2026-08-23,Cerrada,4.5,1,0
OT-004611,A-0192,Clínica Centro,C32,Preventiva,Mantención preventiva,2026-09-19,2026-09-23,2026-09-23,Cerrada,4.0,1,0
OT-004612,A-0192,Clínica Centro,C32,Preventiva,Mantención preventiva,2026-10-19,2026-10-21,2026-10-21,Cerrada,8.5,1,0
OT-004613,A-0192,Clínica Centro,C32,Preventiva,Mantención preventiva,2026-11-19,2026-11-20,2026-11-20,Cerrada,2.0,1,0
OT-004614,A-0192,Clínica Centro,C32,Preventiva,Mantención preventiva,2026-12-19,2026-12-25,2026-12-25,Cerrada,5.5,1,0
OT-004615,A-0192,Clínica Centro,C32,Correctiva,Reparación correctiva,2025-02-10,2025-02-10,2025-02-10,Cerrada,7.0,7.0,9.7
OT-004616,A-0192,Clínica Centro,C32,Correctiva,Reparación correctiva,2025-09-01,2025-09-02,2025-09-03,Cerrada,23.5,23.5,35.2
OT-004617,A-0192,Clínica Centro,C32,Correctiva,Reparación correctiva,2025-09-24,2025-09-24,2025-09-25,Cerrada,9.0,9.0,18.5
OT-004618,A-0192,Clínica Centro,C32,Correctiva,Reparación correctiva,2026-10-19,2026-10-19,2026-10-20,Cerrada,5.0,5.0,12.6
OT-004619,A-0192,Clínica Centro,C32,Correctiva,Reparación correctiva,2026-12-19,2026-12-20,2026-12-20,Cerrada,23.0,23.0,34.7
OT-004620,A-0193,Clínica Poniente,C32,Preventiva,Mantención preventiva,2025-01-12,2025-01-16,2025-01-16,Cerrada,5.0,1,0
OT-004621,A-0193,Clínica Poniente,C32,Preventiva,Mantención preventiva,2025-02-12,2025-02-16,2025-02-16,Cerrada,12.0,1,0
OT-004622,A-0193,Clínica Poniente,C32,Preventiva,Mantención preventiva,2025-03-12,2025-03-14,2025-03-14,Cerrada,10.5,1,0
OT-004623,A-0193,Clínica Poniente,C32,Preventiva,Mantención preventiva,2025-04-12,2025-04-15,2025-04-15,Cerrada,4.5,1,0
OT-004624,A-0193,Clínica Poniente,C32,Preventiva,Mantención preventiva,2025-05-12,2025-05-16,2025-05-16,Cerrada,4.0,1,0
OT-004625,A-0193,Clínica Poniente,C32,Preventiva,Mantención preventiva,2025-06-12,2025-06-16,2025-06-16,Cerrada,2.0,1,0
OT-004626,A-0193,Clínica Poniente,C32,Preventiva,Mantención preventiva,2025-07-12,2025-07-14,2025-07-14,Cerrada,2.5,1,0
OT-004627,A-0193,Clínica Poniente,C32,Preventiva,Mantención preventiva,2025-08-12,2025-08-13,2025-08-13,Cerrada,3.0,1,0
OT-004628,A-0193,Clínica Poniente,C32,Preventiva,Mantención preventiva,2025-09-12,2025-09-12,2025-09-12,Cerrada,7.5,1,0
OT-004629,A-0193,Clínica Poniente,C32,Preventiva,Mantención preventiva,2025-10-12,2025-10-17,2025-10-17,Cerrada,2.0,1,0
OT-004630,A-0193,Clínica Poniente,C32,Preventiva,Mantención preventiva,2025-11-12,2025-11-12,2025-11-12,Cerrada,8.0,1,0
OT-004631,A-0193,Clínica Poniente,C32,Preventiva,Mantención preventiva,2025-12-12,2025-12-13,2025-12-13,Cerrada,7.0,1,0
OT-004632,A-0193,Clínica Poniente,C32,Preventiva,Mantención preventiva,2026-01-12,2026-01-12,2026-01-12,Cerrada,5.0,1,0
OT-004633,A-0193,Clínica Poniente,C32,Preventiva,Mantención preventiva,2026-02-12,2026-02-18,2026-02-18,Cerrada,4.5,1,0
OT-004634,A-0193,Clínica Poniente,C32,Preventiva,Mantención preventiva,2026-03-12,2026-03-16,2026-03-16,Cerrada,4.0,1,0
OT-004635,A-0193,Clínica Poniente,C32,Preventiva,Mantención preventiva,2026-04-12,2026-04-14,2026-04-14,Cerrada,7.5,1,0
OT-004636,A-0193,Clínica Poniente,C32,Preventiva,Mantención preventiva,2026-05-12,2026-05-29,2026-05-29,Cerrada,3.5,1,0
OT-004637,A-0193,Clínica Poniente,C32,Preventiva,Mantención preventiva,2026-06-12,2026-06-15,2026-06-15,Cerrada,9.5,1,0
OT-004638,A-0193,Clínica Poniente,C32,Preventiva,Mantención preventiva,2026-07-12,2026-07-26,2026-07-26,Cerrada,5.0,1,0
OT-004639,A-0193,Clínica Poniente,C32,Preventiva,Mantención preventiva,2026-08-12,2026-08-15,2026-08-15,Cerrada,20.5,1,0
OT-004640,A-0193,Clínica Poniente,C32,Preventiva,Mantención preventiva,2026-09-12,2026-09-17,2026-09-17,Cerrada,9.0,1,0
OT-004641,A-0193,Clínica Poniente,C32,Preventiva,Mantención preventiva,2026-10-12,2026-10-12,2026-10-12,Cerrada,4.0,1,0
OT-004642,A-0193,Clínica Poniente,C32,Preventiva,Mantención preventiva,2026-11-12,2026-11-16,2026-11-16,Cerrada,4.0,1,0
OT-004643,A-0193,Clínica Poniente,C32,Preventiva,Mantención preventiva,2026-12-12,2026-12-18,2026-12-18,Cerrada,7.5,1,0
OT-004644,A-0193,Clínica Poniente,C32,Correctiva,Reparación correctiva,2025-08-16,2025-08-16,2025-08-16,Cerrada,8.5,8.5,10.6
OT-004645,A-0193,Clínica Poniente,C32,Correctiva,Reparación correctiva,2025-09-06,2025-09-06,2025-09-07,Cerrada,5.0,5.0,9.3
OT-004646,A-0193,Clínica Poniente,C32,Correctiva,Reparación correctiva,2026-01-14,2026-01-14,2026-01-14,Cerrada,8.0,8.0,13.2
OT-004647,A-0193,Clínica Poniente,C32,Correctiva,Reparación correctiva,2026-04-06,2026-04-06,2026-04-07,Cerrada,10.0,10.0,17.0
OT-004648,A-0194,Clínica Poniente,C32,Preventiva,Mantención preventiva,2025-01-02,2025-01-02,2025-01-02,Cerrada,12.0,1,0
OT-004649,A-0194,Clínica Poniente,C32,Preventiva,Mantención preventiva,2025-02-02,2025-02-02,2025-02-02,Cerrada,2.5,1,0
OT-004650,A-0194,Clínica Poniente,C32,Preventiva,Mantención preventiva,2025-03-02,2025-03-08,2025-03-08,Cerrada,5.5,1,0
OT-004651,A-0194,Clínica Poniente,C32,Preventiva,Mantención preventiva,2025-04-02,2025-04-06,2025-04-06,Cerrada,4.0,1,0
OT-004652,A-0194,Clínica Poniente,C32,Preventiva,Mantención preventiva,2025-05-02,2025-05-04,2025-05-04,Cerrada,13.5,1,0
OT-004653,A-0194,Clínica Poniente,C32,Preventiva,Mantención preventiva,2025-06-02,2025-06-04,2025-06-04,Cerrada,3.0,1,0
OT-004654,A-0194,Clínica Poniente,C32,Preventiva,Mantención preventiva,2025-07-02,2025-07-02,2025-07-02,Cerrada,7.0,1,0
OT-004655,A-0194,Clínica Poniente,C32,Preventiva,Mantención preventiva,2025-08-02,2025-08-07,2025-08-07,Cerrada,9.0,1,0
OT-004656,A-0194,Clínica Poniente,C32,Preventiva,Mantención preventiva,2025-09-02,2025-09-03,2025-09-03,Cerrada,3.5,1,0
OT-004657,A-0194,Clínica Poniente,C32,Preventiva,Mantención preventiva,2025-10-02,2025-10-10,2025-10-10,Cerrada,6.0,1,0
OT-004658,A-0194,Clínica Poniente,C32,Preventiva,Mantención preventiva,2025-11-02,2025-11-08,2025-11-08,Cerrada,5.5,1,0
OT-004659,A-0194,Clínica Poniente,C32,Preventiva,Mantención preventiva,2025-12-02,2025-12-02,2025-12-02,Cerrada,4.5,1,0
OT-004660,A-0194,Clínica Poniente,C32,Preventiva,Mantención preventiva,2026-01-02,2026-01-05,2026-01-05,Cerrada,3.0,1,0
OT-004661,A-0194,Clínica Poniente,C32,Preventiva,Mantención preventiva,2026-02-02,2026-02-02,2026-02-02,Cerrada,4.5,1,0
OT-004662,A-0194,Clínica Poniente,C32,Preventiva,Mantención preventiva,2026-03-02,2026-03-04,2026-03-04,Cerrada,4.5,1,0
OT-004663,A-0194,Clínica Poniente,C32,Preventiva,Mantención preventiva,2026-04-02,2026-04-02,2026-04-02,Cerrada,1.5,1,0
OT-004664,A-0194,Clínica Poniente,C32,Preventiva,Mantención preventiva,2026-05-02,2026-05-07,2026-05-07,Cerrada,7.0,1,0
OT-004665,A-0194,Clínica Poniente,C32,Preventiva,Mantención preventiva,2026-06-02,2026-06-06,2026-06-06,Cerrada,2.0,1,0
OT-004666,A-0194,Clínica Poniente,C32,Preventiva,Mantención preventiva,2026-07-02,2026-07-02,2026-07-02,Cerrada,2.5,1,0
OT-004667,A-0194,Clínica Poniente,C32,Preventiva,Mantención preventiva,2026-08-02,2026-08-08,2026-08-08,Cerrada,2.0,1,0
OT-004668,A-0194,Clínica Poniente,C32,Preventiva,Mantención preventiva,2026-09-02,2026-09-02,2026-09-02,Cerrada,5.0,1,0
OT-004669,A-0194,Clínica Poniente,C32,Preventiva,Mantención preventiva,2026-10-02,2026-10-05,2026-10-05,Cerrada,13.0,1,0
OT-004670,A-0194,Clínica Poniente,C32,Preventiva,Mantención preventiva,2026-11-02,2026-11-02,2026-11-02,Cerrada,3.0,1,0
OT-004671,A-0194,Clínica Poniente,C32,Preventiva,Mantención preventiva,2026-12-02,2026-12-06,2026-12-06,Cerrada,0.5,1,0
OT-004672,A-0194,Clínica Poniente,C32,Correctiva,Reparación correctiva,2025-04-29,2025-04-30,2025-04-30,Cerrada,4.0,4.0,12.9
OT-004673,A-0194,Clínica Poniente,C32,Correctiva,Reparación correctiva,2025-08-01,2025-08-01,2025-08-01,Cerrada,5.5,5.5,9.0
OT-004674,A-0194,Clínica Poniente,C32,Correctiva,Reparación correctiva,2025-09-19,2025-09-20,2025-09-20,Cerrada,6.0,6.0,17.7
OT-004675,A-0194,Clínica Poniente,C32,Correctiva,Reparación correctiva,2026-02-14,2026-02-14,2026-02-15,Cerrada,6.0,6.0,10.1
OT-004676,A-0194,Clínica Poniente,C32,Correctiva,Reparación correctiva,2026-07-17,2026-07-18,2026-07-18,Cerrada,16.5,16.5,19.8
OT-004677,A-0195,Clínica Poniente,C32,Preventiva,Mantención preventiva,2025-01-25,2025-01-28,2025-01-28,Cerrada,4.0,1,0
OT-004678,A-0195,Clínica Poniente,C32,Preventiva,Mantención preventiva,2025-02-25,2025-04-04,2025-04-04,Cerrada,7.0,1,0
OT-004679,A-0195,Clínica Poniente,C32,Preventiva,Mantención preventiva,2025-03-25,2025-03-29,2025-03-29,Cerrada,2.5,1,0
OT-004680,A-0195,Clínica Poniente,C32,Preventiva,Mantención preventiva,2025-04-25,2025-04-27,2025-04-27,Cerrada,4.5,1,0
OT-004681,A-0195,Clínica Poniente,C32,Preventiva,Mantención preventiva,2025-05-25,2025-05-27,2025-05-27,Cerrada,2.5,1,0
OT-004682,A-0195,Clínica Poniente,C32,Preventiva,Mantención preventiva,2025-06-25,2025-06-25,2025-06-25,Cerrada,1.5,1,0
OT-004683,A-0195,Clínica Poniente,C32,Preventiva,Mantención preventiva,2025-07-25,2025-07-28,2025-07-28,Cerrada,10.0,1,0
OT-004684,A-0195,Clínica Poniente,C32,Preventiva,Mantención preventiva,2025-08-25,2025-08-25,2025-08-25,Cerrada,3.0,1,0
OT-004685,A-0195,Clínica Poniente,C32,Preventiva,Mantención preventiva,2025-09-25,2025-09-25,2025-09-25,Cerrada,2.5,1,0
OT-004686,A-0195,Clínica Poniente,C32,Preventiva,Mantención preventiva,2025-10-25,2025-10-27,2025-10-27,Cerrada,2.0,1,0
OT-004687,A-0195,Clínica Poniente,C32,Preventiva,Mantención preventiva,2025-11-25,2025-12-06,2025-12-06,Cerrada,12.5,1,0
OT-004688,A-0195,Clínica Poniente,C32,Preventiva,Mantención preventiva,2025-12-25,2025-12-26,2025-12-26,Cerrada,2.0,1,0
OT-004689,A-0195,Clínica Poniente,C32,Preventiva,Mantención preventiva,2026-01-25,2026-01-29,2026-01-29,Cerrada,3.5,1,0
OT-004690,A-0195,Clínica Poniente,C32,Preventiva,Mantención preventiva,2026-02-25,2026-03-03,2026-03-03,Cerrada,4.0,1,0
OT-004691,A-0195,Clínica Poniente,C32,Preventiva,Mantención preventiva,2026-03-25,2026-03-31,2026-03-31,Cerrada,4.0,1,0
OT-004692,A-0195,Clínica Poniente,C32,Preventiva,Mantención preventiva,2026-04-25,2026-04-29,2026-04-29,Cerrada,5.5,1,0
OT-004693,A-0195,Clínica Poniente,C32,Preventiva,Mantención preventiva,2026-05-25,2026-05-25,2026-05-25,Cerrada,2.0,1,0
OT-004694,A-0195,Clínica Poniente,C32,Preventiva,Mantención preventiva,2026-06-25,2026-06-28,2026-06-28,Cerrada,4.5,1,0
OT-004695,A-0195,Clínica Poniente,C32,Preventiva,Mantención preventiva,2026-07-25,2026-08-05,2026-08-05,Cerrada,4.0,1,0
OT-004696,A-0195,Clínica Poniente,C32,Preventiva,Mantención preventiva,2026-08-25,2026-08-28,2026-08-28,Cerrada,7.0,1,0
OT-004697,A-0195,Clínica Poniente,C32,Preventiva,Mantención preventiva,2026-09-25,2026-09-29,2026-09-29,Cerrada,5.0,1,0
OT-004698,A-0195,Clínica Poniente,C32,Preventiva,Mantención preventiva,2026-10-25,2026-10-29,2026-10-29,Cerrada,4.5,1,0
OT-004699,A-0195,Clínica Poniente,C32,Preventiva,Mantención preventiva,2026-11-25,2026-11-25,2026-11-25,Cerrada,5.0,1,0
OT-004700,A-0195,Clínica Poniente,C32,Preventiva,Mantención preventiva,2026-12-25,2026-12-29,2026-12-29,Cerrada,3.5,1,0
OT-004701,A-0195,Clínica Poniente,C32,Correctiva,Reparación correctiva,2025-01-27,2025-01-28,2025-01-28,Cerrada,15.0,15.0,26.4
OT-004702,A-0195,Clínica Poniente,C32,Correctiva,Reparación correctiva,2025-06-19,2025-06-19,2025-06-20,Cerrada,19.0,19.0,24.7
OT-004703,A-0195,Clínica Poniente,C32,Correctiva,Reparación correctiva,2026-01-14,2026-01-14,2026-01-15,Cerrada,9.0,9.0,20.7
OT-004704,A-0195,Clínica Poniente,C32,Correctiva,Reparación correctiva,2026-09-10,2026-09-10,2026-09-10,Cerrada,6.5,6.5,13.1
OT-004705,A-0196,Clínica Poniente,C32,Preventiva,Mantención preventiva,2025-01-02,2025-01-07,2025-01-07,Cerrada,5.0,1,0
OT-004706,A-0196,Clínica Poniente,C32,Preventiva,Mantención preventiva,2025-02-02,2025-02-04,2025-02-04,Cerrada,3.0,1,0
OT-004707,A-0196,Clínica Poniente,C32,Preventiva,Mantención preventiva,2025-03-02,2025-03-07,2025-03-07,Cerrada,5.5,1,0
OT-004708,A-0196,Clínica Poniente,C32,Preventiva,Mantención preventiva,2025-04-02,2025-04-04,2025-04-04,Cerrada,5.5,1,0
OT-004709,A-0196,Clínica Poniente,C32,Preventiva,Mantención preventiva,2025-05-02,2025-05-08,2025-05-08,Cerrada,3.5,1,0
OT-004710,A-0196,Clínica Poniente,C32,Preventiva,Mantención preventiva,2025-06-02,2025-06-06,2025-06-06,Cerrada,6.5,1,0
OT-004711,A-0196,Clínica Poniente,C32,Preventiva,Mantención preventiva,2025-07-02,2025-07-06,2025-07-06,Cerrada,4.5,1,0
OT-004712,A-0196,Clínica Poniente,C32,Preventiva,Mantención preventiva,2025-08-02,2025-08-02,2025-08-02,Cerrada,1.0,1,0
OT-004713,A-0196,Clínica Poniente,C32,Preventiva,Mantención preventiva,2025-09-02,2025-09-05,2025-09-05,Cerrada,7.0,1,0
OT-004714,A-0196,Clínica Poniente,C32,Preventiva,Mantención preventiva,2025-10-02,2025-10-05,2025-10-05,Cerrada,2.0,1,0
OT-004715,A-0196,Clínica Poniente,C32,Preventiva,Mantención preventiva,2025-11-02,2025-11-08,2025-11-08,Cerrada,1.5,1,0
OT-004716,A-0196,Clínica Poniente,C32,Preventiva,Mantención preventiva,2025-12-02,2025-12-03,2025-12-03,Cerrada,3.5,1,0
OT-004717,A-0196,Clínica Poniente,C32,Preventiva,Mantención preventiva,2026-01-02,2026-01-03,2026-01-03,Cerrada,5.0,1,0
OT-004718,A-0196,Clínica Poniente,C32,Preventiva,Mantención preventiva,2026-02-02,2026-02-07,2026-02-07,Cerrada,5.0,1,0
OT-004719,A-0196,Clínica Poniente,C32,Preventiva,Mantención preventiva,2026-03-02,2026-03-02,2026-03-02,Cerrada,3.5,1,0
OT-004720,A-0196,Clínica Poniente,C32,Preventiva,Mantención preventiva,2026-04-02,2026-04-06,2026-04-06,Cerrada,3.5,1,0
OT-004721,A-0196,Clínica Poniente,C32,Preventiva,Mantención preventiva,2026-05-02,2026-05-04,2026-05-04,Cerrada,3.0,1,0
OT-004722,A-0196,Clínica Poniente,C32,Preventiva,Mantención preventiva,2026-06-02,2026-06-05,2026-06-05,Cerrada,3.5,1,0
OT-004723,A-0196,Clínica Poniente,C32,Preventiva,Mantención preventiva,2026-07-02,2026-07-07,2026-07-07,Cerrada,5.0,1,0
OT-004724,A-0196,Clínica Poniente,C32,Preventiva,Mantención preventiva,2026-08-02,2026-08-06,2026-08-06,Cerrada,5.5,1,0
OT-004725,A-0196,Clínica Poniente,C32,Preventiva,Mantención preventiva,2026-09-02,2026-09-05,2026-09-05,Cerrada,3.5,1,0
OT-004726,A-0196,Clínica Poniente,C32,Preventiva,Mantención preventiva,2026-10-02,2026-10-07,2026-10-07,Cerrada,4.0,1,0
OT-004727,A-0196,Clínica Poniente,C32,Preventiva,Mantención preventiva,2026-11-02,2026-11-02,2026-11-02,Cerrada,4.5,1,0
OT-004728,A-0196,Clínica Poniente,C32,Preventiva,Mantención preventiva,2026-12-02,2026-12-06,2026-12-06,Cerrada,4.0,1,0
OT-004729,A-0196,Clínica Poniente,C32,Correctiva,Reparación correctiva,2025-04-09,2025-04-09,2025-04-10,Cerrada,17.0,17.0,23.0
OT-004730,A-0196,Clínica Poniente,C32,Correctiva,Reparación correctiva,2025-06-24,2025-06-24,2025-06-25,Cerrada,28.5,28.5,38.2
OT-004731,A-0196,Clínica Poniente,C32,Correctiva,Reparación correctiva,2026-01-04,2026-01-04,2026-01-04,Cerrada,12.0,12.0,14.9
OT-004732,A-0196,Clínica Poniente,C32,Correctiva,Reparación correctiva,2026-01-28,2026-01-28,2026-01-29,Cerrada,6.5,6.5,8.8
OT-004733,A-0196,Clínica Poniente,C32,Correctiva,Reparación correctiva,2026-02-27,2026-02-27,2026-02-27,Cerrada,2.5,2.5,13.0
OT-004734,A-0196,Clínica Poniente,C32,Correctiva,Reparación correctiva,2026-07-21,2026-07-21,2026-07-21,Cerrada,10.5,10.5,14.6
OT-004735,A-0197,Clínica Poniente,C32,Preventiva,Mantención preventiva,2025-01-10,2025-01-11,2025-01-11,Cerrada,2.0,1,0
OT-004736,A-0197,Clínica Poniente,C32,Preventiva,Mantención preventiva,2025-02-10,2025-02-16,2025-02-16,Cerrada,8.5,1,0
OT-004737,A-0197,Clínica Poniente,C32,Preventiva,Mantención preventiva,2025-03-10,2025-03-14,2025-03-14,Cerrada,5.0,1,0
OT-004738,A-0197,Clínica Poniente,C32,Preventiva,Mantención preventiva,2025-04-10,2025-04-11,2025-04-11,Cerrada,6.5,1,0
OT-004739,A-0197,Clínica Poniente,C32,Preventiva,Mantención preventiva,2025-05-10,2025-05-14,2025-05-14,Cerrada,11.5,1,0
OT-004740,A-0197,Clínica Poniente,C32,Preventiva,Mantención preventiva,2025-06-10,2025-06-11,2025-06-11,Cerrada,1.5,1,0
OT-004741,A-0197,Clínica Poniente,C32,Preventiva,Mantención preventiva,2025-07-10,2025-07-12,2025-07-12,Cerrada,3.5,1,0
OT-004742,A-0197,Clínica Poniente,C32,Preventiva,Mantención preventiva,2025-08-10,2025-08-15,2025-08-15,Cerrada,1.5,1,0
OT-004743,A-0197,Clínica Poniente,C32,Preventiva,Mantención preventiva,2025-09-10,2025-09-14,2025-09-14,Cerrada,3.5,1,0
OT-004744,A-0197,Clínica Poniente,C32,Preventiva,Mantención preventiva,2025-10-10,2025-10-16,2025-10-16,Cerrada,3.0,1,0
OT-004745,A-0197,Clínica Poniente,C32,Preventiva,Mantención preventiva,2025-11-10,2025-11-10,2025-11-10,Cerrada,8.5,1,0
OT-004746,A-0197,Clínica Poniente,C32,Preventiva,Mantención preventiva,2025-12-10,2025-12-15,2025-12-15,Cerrada,5.0,1,0
OT-004747,A-0197,Clínica Poniente,C32,Preventiva,Mantención preventiva,2026-01-10,2026-01-11,2026-01-11,Cerrada,3.5,1,0
OT-004748,A-0197,Clínica Poniente,C32,Preventiva,Mantención preventiva,2026-02-10,2026-02-11,2026-02-11,Cerrada,4.0,1,0
OT-004749,A-0197,Clínica Poniente,C32,Preventiva,Mantención preventiva,2026-03-10,2026-03-10,2026-03-10,Cerrada,3.0,1,0
OT-004750,A-0197,Clínica Poniente,C32,Preventiva,Mantención preventiva,2026-04-10,2026-04-10,2026-04-10,Cerrada,9.0,1,0
OT-004751,A-0197,Clínica Poniente,C32,Preventiva,Mantención preventiva,2026-05-10,2026-05-13,2026-05-13,Cerrada,2.0,1,0
OT-004752,A-0197,Clínica Poniente,C32,Preventiva,Mantención preventiva,2026-06-10,2026-06-14,2026-06-14,Cerrada,2.5,1,0
OT-004753,A-0197,Clínica Poniente,C32,Preventiva,Mantención preventiva,2026-07-10,2026-07-11,2026-07-11,Cerrada,5.0,1,0
OT-004754,A-0197,Clínica Poniente,C32,Preventiva,Mantención preventiva,2026-08-10,2026-08-15,2026-08-15,Cerrada,4.0,1,0
OT-004755,A-0197,Clínica Poniente,C32,Preventiva,Mantención preventiva,2026-09-10,2026-09-11,2026-09-11,Cerrada,7.0,1,0
OT-004756,A-0197,Clínica Poniente,C32,Preventiva,Mantención preventiva,2026-10-10,2026-10-16,2026-10-16,Cerrada,3.0,1,0
OT-004757,A-0197,Clínica Poniente,C32,Preventiva,Mantención preventiva,2026-11-10,2026-11-11,2026-11-11,Cerrada,4.0,1,0
OT-004758,A-0197,Clínica Poniente,C32,Preventiva,Mantención preventiva,2026-12-10,2026-12-10,2026-12-10,Cerrada,7.5,1,0
OT-004759,A-0197,Clínica Poniente,C32,Correctiva,Reparación correctiva,2025-01-21,2025-01-22,2025-01-22,Cerrada,5.5,5.5,15.9
OT-004760,A-0197,Clínica Poniente,C32,Correctiva,Reparación correctiva,2025-08-05,2025-08-06,2025-08-06,Cerrada,3.5,3.5,12.1
OT-004761,A-0197,Clínica Poniente,C32,Correctiva,Reparación correctiva,2026-02-21,2026-02-21,2026-02-21,Cerrada,15.5,15.5,21.5
OT-004762,A-0197,Clínica Poniente,C32,Correctiva,Reparación correctiva,2026-04-25,2026-04-25,2026-04-26,Cerrada,9.5,9.5,12.2
OT-004763,A-0197,Clínica Poniente,C32,Correctiva,Reparación correctiva,2026-08-12,2026-08-12,2026-08-12,Cerrada,5.0,5.0,13.5
OT-004764,A-0197,Clínica Poniente,C32,Correctiva,Reparación correctiva,2026-09-10,2026-09-10,2026-09-11,Cerrada,19.0,19.0,26.9
OT-004765,A-0198,Clínica Poniente,C32,Preventiva,Mantención preventiva,2025-01-27,,,Abierta,0,0,0
OT-004766,A-0198,Clínica Poniente,C32,Preventiva,Mantención preventiva,2025-02-27,2025-03-01,2025-03-01,Cerrada,6.0,1,0
OT-004767,A-0198,Clínica Poniente,C32,Preventiva,Mantención preventiva,2025-03-27,2025-03-31,2025-03-31,Cerrada,2.0,1,0
OT-004768,A-0198,Clínica Poniente,C32,Preventiva,Mantención preventiva,2025-04-27,2025-04-28,2025-04-28,Cerrada,4.0,1,0
OT-004769,A-0198,Clínica Poniente,C32,Preventiva,Mantención preventiva,2025-05-27,2025-05-28,2025-05-28,Cerrada,4.0,1,0
OT-004770,A-0198,Clínica Poniente,C32,Preventiva,Mantención preventiva,2025-06-27,2025-07-01,2025-07-01,Cerrada,15.0,1,0
OT-004771,A-0198,Clínica Poniente,C32,Preventiva,Mantención preventiva,2025-07-27,2025-08-01,2025-08-01,Cerrada,1.5,1,0
OT-004772,A-0198,Clínica Poniente,C32,Preventiva,Mantención preventiva,2025-08-27,2025-08-29,2025-08-29,Cerrada,5.5,1,0
OT-004773,A-0198,Clínica Poniente,C32,Preventiva,Mantención preventiva,2025-09-27,2025-10-02,2025-10-02,Cerrada,5.5,1,0
OT-004774,A-0198,Clínica Poniente,C32,Preventiva,Mantención preventiva,2025-10-27,2025-10-28,2025-10-28,Cerrada,2.5,1,0
OT-004775,A-0198,Clínica Poniente,C32,Preventiva,Mantención preventiva,2025-11-27,2025-12-01,2025-12-01,Cerrada,5.0,1,0
OT-004776,A-0198,Clínica Poniente,C32,Preventiva,Mantención preventiva,2025-12-27,2025-12-31,2025-12-31,Cerrada,5.5,1,0
OT-004777,A-0198,Clínica Poniente,C32,Preventiva,Mantención preventiva,2026-01-27,2026-01-30,2026-01-30,Cerrada,4.5,1,0
OT-004778,A-0198,Clínica Poniente,C32,Preventiva,Mantención preventiva,2026-02-27,2026-03-01,2026-03-01,Cerrada,3.0,1,0
OT-004779,A-0198,Clínica Poniente,C32,Preventiva,Mantención preventiva,2026-03-27,2026-04-01,2026-04-01,Cerrada,5.5,1,0
OT-004780,A-0198,Clínica Poniente,C32,Preventiva,Mantención preventiva,2026-04-27,2026-04-30,2026-04-30,Cerrada,2.0,1,0
OT-004781,A-0198,Clínica Poniente,C32,Preventiva,Mantención preventiva,2026-05-27,2026-05-31,2026-05-31,Cerrada,3.0,1,0
OT-004782,A-0198,Clínica Poniente,C32,Preventiva,Mantención preventiva,2026-06-27,2026-06-30,2026-06-30,Cerrada,7.0,1,0
OT-004783,A-0198,Clínica Poniente,C32,Preventiva,Mantención preventiva,2026-07-27,2026-08-02,2026-08-02,Cerrada,1.5,1,0
OT-004784,A-0198,Clínica Poniente,C32,Preventiva,Mantención preventiva,2026-08-27,2026-08-27,2026-08-27,Cerrada,4.0,1,0
OT-004785,A-0198,Clínica Poniente,C32,Preventiva,Mantención preventiva,2026-09-27,2026-09-27,2026-09-27,Cerrada,8.0,1,0
OT-004786,A-0198,Clínica Poniente,C32,Preventiva,Mantención preventiva,2026-10-27,2026-10-28,2026-10-28,Cerrada,2.0,1,0
OT-004787,A-0198,Clínica Poniente,C32,Preventiva,Mantención preventiva,2026-11-27,2026-11-29,2026-11-29,Cerrada,8.5,1,0
OT-004788,A-0198,Clínica Poniente,C32,Preventiva,Mantención preventiva,2026-12-27,2026-12-29,2026-12-29,Cerrada,2.5,1,0
OT-004789,A-0198,Clínica Poniente,C32,Correctiva,Reparación correctiva,2025-03-30,2025-03-31,2025-03-31,Cerrada,4.5,4.5,10.5
OT-004790,A-0198,Clínica Poniente,C32,Correctiva,Reparación correctiva,2025-12-18,2025-12-19,2025-12-19,Cerrada,8.5,8.5,14.0
OT-004791,A-0198,Clínica Poniente,C32,Correctiva,Reparación correctiva,2025-12-19,2025-12-20,2025-12-20,Cerrada,7.5,7.5,13.4
OT-004792,A-0198,Clínica Poniente,C32,Correctiva,Reparación correctiva,2026-07-06,2026-07-07,2026-07-07,Cerrada,14.0,14.0,24.1
OT-004793,A-0198,Clínica Poniente,C32,Correctiva,Reparación correctiva,2026-07-13,2026-07-14,2026-07-14,Cerrada,7.5,7.5,10.2
OT-004794,A-0198,Clínica Poniente,C32,Correctiva,Reparación correctiva,2026-07-27,2026-07-27,2026-07-27,Cerrada,6.0,6.0,9.8
OT-004795,A-0198,Clínica Poniente,C32,Correctiva,Reparación correctiva,2026-08-04,2026-08-05,2026-08-07,Cerrada,41.5,41.5,48.6
OT-004796,A-0198,Clínica Poniente,C32,Correctiva,Reparación correctiva,2026-08-05,2026-08-06,2026-08-06,Cerrada,12.5,12.5,22.5
OT-004797,A-0198,Clínica Poniente,C32,Correctiva,Reparación correctiva,2026-10-07,2026-10-07,2026-10-08,Cerrada,7.5,7.5,14.8
OT-004798,A-0198,Clínica Poniente,C32,Correctiva,Reparación correctiva,2026-11-08,2026-11-08,2026-11-09,Cerrada,8.5,8.5,13.7
OT-004799,A-0198,Clínica Poniente,C32,Correctiva,Reparación correctiva,2026-11-16,2026-11-16,2026-11-16,Cerrada,6.5,6.5,8.7
OT-004800,A-0199,Clínica Poniente,C32,Preventiva,Mantención preventiva,2025-01-26,2025-02-12,2025-02-12,Cerrada,9.5,1,0
OT-004801,A-0199,Clínica Poniente,C32,Preventiva,Mantención preventiva,2025-02-26,2025-02-27,2025-02-27,Cerrada,7.0,1,0
OT-004802,A-0199,Clínica Poniente,C32,Preventiva,Mantención preventiva,2025-03-26,2025-03-27,2025-03-27,Cerrada,2.0,1,0
OT-004803,A-0199,Clínica Poniente,C32,Preventiva,Mantención preventiva,2025-04-26,2025-05-02,2025-05-02,Cerrada,4.0,1,0
OT-004804,A-0199,Clínica Poniente,C32,Preventiva,Mantención preventiva,2025-05-26,2025-05-30,2025-05-30,Cerrada,4.0,1,0
OT-004805,A-0199,Clínica Poniente,C32,Preventiva,Mantención preventiva,2025-06-26,2025-06-30,2025-06-30,Cerrada,6.5,1,0
OT-004806,A-0199,Clínica Poniente,C32,Preventiva,Mantención preventiva,2025-07-26,2025-07-27,2025-07-27,Cerrada,4.5,1,0
OT-004807,A-0199,Clínica Poniente,C32,Preventiva,Mantención preventiva,2025-08-26,2025-08-30,2025-08-30,Cerrada,3.5,1,0
OT-004808,A-0199,Clínica Poniente,C32,Preventiva,Mantención preventiva,2025-09-26,2025-10-02,2025-10-02,Cerrada,12.0,1,0
OT-004809,A-0199,Clínica Poniente,C32,Preventiva,Mantención preventiva,2025-10-26,2025-10-30,2025-10-30,Cerrada,2.5,1,0
OT-004810,A-0199,Clínica Poniente,C32,Preventiva,Mantención preventiva,2025-11-26,2025-12-20,2025-12-20,Cerrada,19.0,1,0
OT-004811,A-0199,Clínica Poniente,C32,Preventiva,Mantención preventiva,2025-12-26,2025-12-31,2025-12-31,Cerrada,5.5,1,0
OT-004812,A-0199,Clínica Poniente,C32,Preventiva,Mantención preventiva,2026-01-26,2026-01-30,2026-01-30,Cerrada,3.5,1,0
OT-004813,A-0199,Clínica Poniente,C32,Preventiva,Mantención preventiva,2026-02-26,2026-03-04,2026-03-04,Cerrada,2.5,1,0
OT-004814,A-0199,Clínica Poniente,C32,Preventiva,Mantención preventiva,2026-03-26,2026-03-30,2026-03-30,Cerrada,6.5,1,0
OT-004815,A-0199,Clínica Poniente,C32,Preventiva,Mantención preventiva,2026-04-26,2026-04-28,2026-04-28,Cerrada,9.5,1,0
OT-004816,A-0199,Clínica Poniente,C32,Preventiva,Mantención preventiva,2026-05-26,2026-06-01,2026-06-01,Cerrada,3.5,1,0
OT-004817,A-0199,Clínica Poniente,C32,Preventiva,Mantención preventiva,2026-06-26,2026-07-01,2026-07-01,Cerrada,4.0,1,0
OT-004818,A-0199,Clínica Poniente,C32,Preventiva,Mantención preventiva,2026-07-26,2026-07-29,2026-07-29,Cerrada,4.0,1,0
OT-004819,A-0199,Clínica Poniente,C32,Preventiva,Mantención preventiva,2026-08-26,2026-09-10,2026-09-10,Cerrada,5.0,1,0
OT-004820,A-0199,Clínica Poniente,C32,Preventiva,Mantención preventiva,2026-09-26,2026-10-01,2026-10-01,Cerrada,4.5,1,0
OT-004821,A-0199,Clínica Poniente,C32,Preventiva,Mantención preventiva,2026-10-26,2026-10-30,2026-10-30,Cerrada,5.5,1,0
OT-004822,A-0199,Clínica Poniente,C32,Preventiva,Mantención preventiva,2026-11-26,2026-12-02,2026-12-02,Cerrada,12.5,1,0
OT-004823,A-0199,Clínica Poniente,C32,Preventiva,Mantención preventiva,2026-12-26,,,Abierta,0,0,0
OT-004824,A-0199,Clínica Poniente,C32,Correctiva,Reparación correctiva,2025-06-24,2025-06-24,2025-06-25,Cerrada,14.0,14.0,17.7
OT-004825,A-0199,Clínica Poniente,C32,Correctiva,Reparación correctiva,2025-08-20,2025-08-20,2025-08-20,Cerrada,6.0,6.0,14.2
OT-004826,A-0199,Clínica Poniente,C32,Correctiva,Reparación correctiva,2026-03-27,2026-03-27,2026-03-27,Cerrada,8.5,8.5,13.4
OT-004827,A-0200,Clínica Poniente,C32,Preventiva,Mantención preventiva,2025-01-23,2025-01-26,2025-01-26,Cerrada,2.0,1,0
OT-004828,A-0200,Clínica Poniente,C32,Preventiva,Mantención preventiva,2025-02-23,2025-02-28,2025-02-28,Cerrada,2.0,1,0
OT-004829,A-0200,Clínica Poniente,C32,Preventiva,Mantención preventiva,2025-03-23,2025-03-29,2025-03-29,Cerrada,2.5,1,0
OT-004830,A-0200,Clínica Poniente,C32,Preventiva,Mantención preventiva,2025-04-23,2025-04-25,2025-04-25,Cerrada,5.0,1,0
OT-004831,A-0200,Clínica Poniente,C32,Preventiva,Mantención preventiva,2025-05-23,2025-05-29,2025-05-29,Cerrada,2.0,1,0
OT-004832,A-0200,Clínica Poniente,C32,Preventiva,Mantención preventiva,2025-06-23,2025-06-24,2025-06-24,Cerrada,4.0,1,0
OT-004833,A-0200,Clínica Poniente,C32,Preventiva,Mantención preventiva,2025-07-23,2025-07-23,2025-07-23,Cerrada,4.0,1,0
OT-004834,A-0200,Clínica Poniente,C32,Preventiva,Mantención preventiva,2025-08-23,2025-08-24,2025-08-24,Cerrada,7.0,1,0
OT-004835,A-0200,Clínica Poniente,C32,Preventiva,Mantención preventiva,2025-09-23,2025-09-27,2025-09-27,Cerrada,3.5,1,0
OT-004836,A-0200,Clínica Poniente,C32,Preventiva,Mantención preventiva,2025-10-23,2025-10-27,2025-10-27,Cerrada,5.5,1,0
OT-004837,A-0200,Clínica Poniente,C32,Preventiva,Mantención preventiva,2025-11-23,2025-11-27,2025-11-27,Cerrada,3.0,1,0
OT-004838,A-0200,Clínica Poniente,C32,Preventiva,Mantención preventiva,2025-12-23,2025-12-25,2025-12-25,Cerrada,5.5,1,0
OT-004839,A-0200,Clínica Poniente,C32,Preventiva,Mantención preventiva,2026-01-23,2026-01-26,2026-01-26,Cerrada,4.5,1,0
OT-004840,A-0200,Clínica Poniente,C32,Preventiva,Mantención preventiva,2026-02-23,2026-02-23,2026-02-23,Cerrada,5.0,1,0
OT-004841,A-0200,Clínica Poniente,C32,Preventiva,Mantención preventiva,2026-03-23,2026-03-26,2026-03-26,Cerrada,6.5,1,0
OT-004842,A-0200,Clínica Poniente,C32,Preventiva,Mantención preventiva,2026-04-23,2026-04-27,2026-04-27,Cerrada,2.0,1,0
OT-004843,A-0200,Clínica Poniente,C32,Preventiva,Mantención preventiva,2026-05-23,2026-05-27,2026-05-27,Cerrada,3.0,1,0
OT-004844,A-0200,Clínica Poniente,C32,Preventiva,Mantención preventiva,2026-06-23,2026-06-28,2026-06-28,Cerrada,5.0,1,0
OT-004845,A-0200,Clínica Poniente,C32,Preventiva,Mantención preventiva,2026-07-23,2026-07-24,2026-07-24,Cerrada,4.5,1,0
OT-004846,A-0200,Clínica Poniente,C32,Preventiva,Mantención preventiva,2026-08-23,2026-08-24,2026-08-24,Cerrada,5.0,1,0
OT-004847,A-0200,Clínica Poniente,C32,Preventiva,Mantención preventiva,2026-09-23,2026-10-31,2026-10-31,Cerrada,4.0,1,0
OT-004848,A-0200,Clínica Poniente,C32,Preventiva,Mantención preventiva,2026-10-23,2026-10-28,2026-10-28,Cerrada,6.0,1,0
OT-004849,A-0200,Clínica Poniente,C32,Preventiva,Mantención preventiva,2026-11-23,2026-11-29,2026-11-29,Cerrada,3.5,1,0
OT-004850,A-0200,Clínica Poniente,C32,Preventiva,Mantención preventiva,2026-12-23,2026-12-27,2026-12-27,Cerrada,6.0,1,0
OT-004851,A-0200,Clínica Poniente,C32,Correctiva,Reparación correctiva,2025-05-04,2025-05-05,2025-05-05,Cerrada,11.5,11.5,22.0
OT-004852,A-0200,Clínica Poniente,C32,Correctiva,Reparación correctiva,2025-10-26,2025-10-27,2025-10-27,Cerrada,4.0,4.0,14.2
OT-004853,A-0200,Clínica Poniente,C32,Correctiva,Reparación correctiva,2026-03-26,2026-03-26,2026-03-27,Cerrada,17.5,17.5,28.0
OT-004854,A-0200,Clínica Poniente,C32,Correctiva,Reparación correctiva,2026-04-01,2026-04-01,2026-04-01,Cerrada,2.5,2.5,10.4
OT-004855,A-0200,Clínica Poniente,C32,Correctiva,Reparación correctiva,2026-07-16,2026-07-17,2026-07-17,Cerrada,14.0,14.0,17.4
OT-004856,A-0200,Clínica Poniente,C32,Correctiva,Reparación correctiva,2026-08-16,2026-08-16,2026-08-17,Cerrada,10.0,10.0,21.1
OT-004857,A-0200,Clínica Poniente,C32,Correctiva,Reparación correctiva,2026-10-24,2026-10-24,2026-10-24,Cerrada,6.0,6.0,11.0
OT-004858,A-0200,Clínica Poniente,C32,Correctiva,Reparación correctiva,2026-12-28,2026-12-28,2026-12-29,Cerrada,9.0,9.0,14.3
OT-004859,A-0201,Clínica Poniente,C32,Preventiva,Mantención preventiva,2025-01-07,2025-01-12,2025-01-12,Cerrada,3.5,1,0
OT-004860,A-0201,Clínica Poniente,C32,Preventiva,Mantención preventiva,2025-02-07,2025-02-12,2025-02-12,Cerrada,2.5,1,0
OT-004861,A-0201,Clínica Poniente,C32,Preventiva,Mantención preventiva,2025-03-07,2025-03-08,2025-03-08,Cerrada,2.5,1,0
OT-004862,A-0201,Clínica Poniente,C32,Preventiva,Mantención preventiva,2025-04-07,2025-04-12,2025-04-12,Cerrada,7.0,1,0
OT-004863,A-0201,Clínica Poniente,C32,Preventiva,Mantención preventiva,2025-05-07,2025-05-07,2025-05-07,Cerrada,3.0,1,0
OT-004864,A-0201,Clínica Poniente,C32,Preventiva,Mantención preventiva,2025-06-07,2025-06-11,2025-06-11,Cerrada,9.5,1,0
OT-004865,A-0201,Clínica Poniente,C32,Preventiva,Mantención preventiva,2025-07-07,2025-07-09,2025-07-09,Cerrada,5.5,1,0
OT-004866,A-0201,Clínica Poniente,C32,Preventiva,Mantención preventiva,2025-08-07,2025-08-09,2025-08-09,Cerrada,9.5,1,0
OT-004867,A-0201,Clínica Poniente,C32,Preventiva,Mantención preventiva,2025-09-07,2025-10-05,2025-10-05,Cerrada,6.5,1,0
OT-004868,A-0201,Clínica Poniente,C32,Preventiva,Mantención preventiva,2025-10-07,2025-10-10,2025-10-10,Cerrada,1.5,1,0
OT-004869,A-0201,Clínica Poniente,C32,Preventiva,Mantención preventiva,2025-11-07,2025-11-13,2025-11-13,Cerrada,4.5,1,0
OT-004870,A-0201,Clínica Poniente,C32,Preventiva,Mantención preventiva,2025-12-07,2025-12-12,2025-12-12,Cerrada,2.5,1,0
OT-004871,A-0201,Clínica Poniente,C32,Preventiva,Mantención preventiva,2026-01-07,2026-01-11,2026-01-11,Cerrada,9.5,1,0
OT-004872,A-0201,Clínica Poniente,C32,Preventiva,Mantención preventiva,2026-02-07,2026-02-11,2026-02-11,Cerrada,3.0,1,0
OT-004873,A-0201,Clínica Poniente,C32,Preventiva,Mantención preventiva,2026-03-07,2026-03-13,2026-03-13,Cerrada,2.5,1,0
OT-004874,A-0201,Clínica Poniente,C32,Preventiva,Mantención preventiva,2026-04-07,2026-04-16,2026-04-16,Cerrada,2.5,1,0
OT-004875,A-0201,Clínica Poniente,C32,Preventiva,Mantención preventiva,2026-05-07,2026-05-09,2026-05-09,Cerrada,4.0,1,0
OT-004876,A-0201,Clínica Poniente,C32,Preventiva,Mantención preventiva,2026-06-07,2026-06-08,2026-06-08,Cerrada,7.5,1,0
OT-004877,A-0201,Clínica Poniente,C32,Preventiva,Mantención preventiva,2026-07-07,2026-08-07,2026-08-07,Cerrada,2.5,1,0
OT-004878,A-0201,Clínica Poniente,C32,Preventiva,Mantención preventiva,2026-08-07,2026-08-12,2026-08-12,Cerrada,7.0,1,0
OT-004879,A-0201,Clínica Poniente,C32,Preventiva,Mantención preventiva,2026-09-07,2026-09-11,2026-09-11,Cerrada,3.5,1,0
OT-004880,A-0201,Clínica Poniente,C32,Preventiva,Mantención preventiva,2026-10-07,2026-10-12,2026-10-12,Cerrada,1.5,1,0
OT-004881,A-0201,Clínica Poniente,C32,Preventiva,Mantención preventiva,2026-11-07,2026-11-11,2026-11-11,Cerrada,3.0,1,0
OT-004882,A-0201,Clínica Poniente,C32,Preventiva,Mantención preventiva,2026-12-07,2026-12-08,2026-12-08,Cerrada,3.0,1,0
OT-004883,A-0201,Clínica Poniente,C32,Correctiva,Reparación correctiva,2025-08-20,2025-08-20,2025-08-20,Cerrada,4.5,4.5,13.9
OT-004884,A-0201,Clínica Poniente,C32,Correctiva,Reparación correctiva,2026-01-28,2026-01-28,2026-01-29,Cerrada,12.5,12.5,19.9
OT-004885,A-0201,Clínica Poniente,C32,Correctiva,Reparación correctiva,2026-01-31,2026-01-31,2026-01-31,Cerrada,6.0,6.0,12.7
OT-004886,A-0201,Clínica Poniente,C32,Correctiva,Reparación correctiva,2026-03-30,2026-03-30,2026-03-31,Cerrada,6.5,6.5,13.2
OT-004887,A-0201,Clínica Poniente,C32,Correctiva,Reparación correctiva,2026-04-15,2026-04-15,2026-04-16,Cerrada,10.0,10.0,19.4
OT-004888,A-0201,Clínica Poniente,C32,Correctiva,Reparación correctiva,2026-08-19,2026-08-19,2026-08-20,Cerrada,8.0,8.0,19.2
OT-004889,A-0202,Clínica Poniente,C32,Preventiva,Mantención preventiva,2025-01-14,2025-01-14,2025-01-14,Cerrada,5.5,1,0
OT-004890,A-0202,Clínica Poniente,C32,Preventiva,Mantención preventiva,2025-02-14,2025-02-19,2025-02-19,Cerrada,6.5,1,0
OT-004891,A-0202,Clínica Poniente,C32,Preventiva,Mantención preventiva,2025-03-14,,,Abierta,0,0,0
OT-004892,A-0202,Clínica Poniente,C32,Preventiva,Mantención preventiva,2025-04-14,2025-04-20,2025-04-20,Cerrada,3.5,1,0
OT-004893,A-0202,Clínica Poniente,C32,Preventiva,Mantención preventiva,2025-05-14,2025-05-19,2025-05-19,Cerrada,2.5,1,0
OT-004894,A-0202,Clínica Poniente,C32,Preventiva,Mantención preventiva,2025-06-14,2025-06-20,2025-06-20,Cerrada,4.0,1,0
OT-004895,A-0202,Clínica Poniente,C32,Preventiva,Mantención preventiva,2025-07-14,,,Abierta,0,0,0
OT-004896,A-0202,Clínica Poniente,C32,Preventiva,Mantención preventiva,2025-08-14,2025-08-19,2025-08-19,Cerrada,9.0,1,0
OT-004897,A-0202,Clínica Poniente,C32,Preventiva,Mantención preventiva,2025-09-14,2025-09-19,2025-09-19,Cerrada,7.5,1,0
OT-004898,A-0202,Clínica Poniente,C32,Preventiva,Mantención preventiva,2025-10-14,2025-10-17,2025-10-17,Cerrada,5.5,1,0
OT-004899,A-0202,Clínica Poniente,C32,Preventiva,Mantención preventiva,2025-11-14,2025-11-15,2025-11-15,Cerrada,3.5,1,0
OT-004900,A-0202,Clínica Poniente,C32,Preventiva,Mantención preventiva,2025-12-14,2025-12-19,2025-12-19,Cerrada,3.5,1,0
OT-004901,A-0202,Clínica Poniente,C32,Preventiva,Mantención preventiva,2026-01-14,2026-01-14,2026-01-14,Cerrada,1.5,1,0
OT-004902,A-0202,Clínica Poniente,C32,Preventiva,Mantención preventiva,2026-02-14,2026-03-02,2026-03-02,Cerrada,1.5,1,0
OT-004903,A-0202,Clínica Poniente,C32,Preventiva,Mantención preventiva,2026-03-14,2026-03-18,2026-03-18,Cerrada,4.5,1,0
OT-004904,A-0202,Clínica Poniente,C32,Preventiva,Mantención preventiva,2026-04-14,2026-04-15,2026-04-15,Cerrada,7.0,1,0
OT-004905,A-0202,Clínica Poniente,C32,Preventiva,Mantención preventiva,2026-05-14,2026-05-18,2026-05-18,Cerrada,5.5,1,0
OT-004906,A-0202,Clínica Poniente,C32,Preventiva,Mantención preventiva,2026-06-14,2026-06-18,2026-06-18,Cerrada,1.5,1,0
OT-004907,A-0202,Clínica Poniente,C32,Preventiva,Mantención preventiva,2026-07-14,2026-07-16,2026-07-16,Cerrada,2.5,1,0
OT-004908,A-0202,Clínica Poniente,C32,Preventiva,Mantención preventiva,2026-08-14,2026-08-16,2026-08-16,Cerrada,4.0,1,0
OT-004909,A-0202,Clínica Poniente,C32,Preventiva,Mantención preventiva,2026-09-14,2026-09-17,2026-09-17,Cerrada,6.0,1,0
OT-004910,A-0202,Clínica Poniente,C32,Preventiva,Mantención preventiva,2026-10-14,2026-10-17,2026-10-17,Cerrada,6.5,1,0
OT-004911,A-0202,Clínica Poniente,C32,Preventiva,Mantención preventiva,2026-11-14,2026-11-18,2026-11-18,Cerrada,6.5,1,0
OT-004912,A-0202,Clínica Poniente,C32,Preventiva,Mantención preventiva,2026-12-14,2026-12-17,2026-12-17,Cerrada,12.0,1,0
OT-004913,A-0202,Clínica Poniente,C32,Correctiva,Reparación correctiva,2025-02-22,2025-02-23,2025-02-23,Cerrada,11.0,11.0,20.6
OT-004914,A-0202,Clínica Poniente,C32,Correctiva,Reparación correctiva,2025-05-03,2025-05-03,2025-05-03,Cerrada,6.5,6.5,17.0
OT-004915,A-0202,Clínica Poniente,C32,Correctiva,Reparación correctiva,2025-08-23,2025-08-23,2025-08-24,Cerrada,20.5,20.5,22.8
OT-004916,A-0202,Clínica Poniente,C32,Correctiva,Reparación correctiva,2025-08-24,2025-08-24,2025-08-25,Cerrada,13.5,13.5,17.3
OT-004917,A-0202,Clínica Poniente,C32,Correctiva,Reparación correctiva,2026-01-27,2026-01-28,2026-01-28,Cerrada,6.5,6.5,18.3
OT-004918,A-0202,Clínica Poniente,C32,Correctiva,Reparación correctiva,2026-06-14,2026-06-15,2026-06-15,Cerrada,7.5,7.5,18.3
OT-004919,A-0202,Clínica Poniente,C32,Correctiva,Reparación correctiva,2026-09-14,2026-09-14,2026-09-15,Cerrada,9.5,9.5,16.9
OT-004920,A-0203,Clínica Poniente,C32,Preventiva,Mantención preventiva,2025-01-03,2025-01-05,2025-01-05,Cerrada,2.0,1,0
OT-004921,A-0203,Clínica Poniente,C32,Preventiva,Mantención preventiva,2025-02-03,2025-02-05,2025-02-05,Cerrada,5.5,1,0
OT-004922,A-0203,Clínica Poniente,C32,Preventiva,Mantención preventiva,2025-03-03,2025-03-04,2025-03-04,Cerrada,3.5,1,0
OT-004923,A-0203,Clínica Poniente,C32,Preventiva,Mantención preventiva,2025-04-03,2025-04-07,2025-04-07,Cerrada,4.0,1,0
OT-004924,A-0203,Clínica Poniente,C32,Preventiva,Mantención preventiva,2025-05-03,2025-05-05,2025-05-05,Cerrada,3.0,1,0
OT-004925,A-0203,Clínica Poniente,C32,Preventiva,Mantención preventiva,2025-06-03,2025-06-05,2025-06-05,Cerrada,2.0,1,0
OT-004926,A-0203,Clínica Poniente,C32,Preventiva,Mantención preventiva,2025-07-03,2025-07-06,2025-07-06,Cerrada,5.5,1,0
OT-004927,A-0203,Clínica Poniente,C32,Preventiva,Mantención preventiva,2025-08-03,2025-08-03,2025-08-03,Cerrada,11.0,1,0
OT-004928,A-0203,Clínica Poniente,C32,Preventiva,Mantención preventiva,2025-09-03,2025-09-03,2025-09-03,Cerrada,4.0,1,0
OT-004929,A-0203,Clínica Poniente,C32,Preventiva,Mantención preventiva,2025-10-03,2025-10-07,2025-10-07,Cerrada,2.5,1,0
OT-004930,A-0203,Clínica Poniente,C32,Preventiva,Mantención preventiva,2025-11-03,2025-11-06,2025-11-06,Cerrada,3.0,1,0
OT-004931,A-0203,Clínica Poniente,C32,Preventiva,Mantención preventiva,2025-12-03,2025-12-06,2025-12-06,Cerrada,6.0,1,0
OT-004932,A-0203,Clínica Poniente,C32,Preventiva,Mantención preventiva,2026-01-03,2026-01-03,2026-01-03,Cerrada,5.0,1,0
OT-004933,A-0203,Clínica Poniente,C32,Preventiva,Mantención preventiva,2026-02-03,2026-02-06,2026-02-06,Cerrada,3.0,1,0
OT-004934,A-0203,Clínica Poniente,C32,Preventiva,Mantención preventiva,2026-03-03,2026-03-03,2026-03-03,Cerrada,3.5,1,0
OT-004935,A-0203,Clínica Poniente,C32,Preventiva,Mantención preventiva,2026-04-03,2026-04-04,2026-04-04,Cerrada,5.0,1,0
OT-004936,A-0203,Clínica Poniente,C32,Preventiva,Mantención preventiva,2026-05-03,2026-05-03,2026-05-03,Cerrada,3.5,1,0
OT-004937,A-0203,Clínica Poniente,C32,Preventiva,Mantención preventiva,2026-06-03,2026-06-04,2026-06-04,Cerrada,9.0,1,0
OT-004938,A-0203,Clínica Poniente,C32,Preventiva,Mantención preventiva,2026-07-03,2026-07-08,2026-07-08,Cerrada,5.5,1,0
OT-004939,A-0203,Clínica Poniente,C32,Preventiva,Mantención preventiva,2026-08-03,2026-08-08,2026-08-08,Cerrada,1.5,1,0
OT-004940,A-0203,Clínica Poniente,C32,Preventiva,Mantención preventiva,2026-09-03,2026-09-08,2026-09-08,Cerrada,2.5,1,0
OT-004941,A-0203,Clínica Poniente,C32,Preventiva,Mantención preventiva,2026-10-03,2026-10-06,2026-10-06,Cerrada,4.0,1,0
OT-004942,A-0203,Clínica Poniente,C32,Preventiva,Mantención preventiva,2026-11-03,2026-11-05,2026-11-05,Cerrada,3.0,1,0
OT-004943,A-0203,Clínica Poniente,C32,Preventiva,Mantención preventiva,2026-12-03,2026-12-03,2026-12-03,Cerrada,9.0,1,0
OT-004944,A-0203,Clínica Poniente,C32,Correctiva,Reparación correctiva,2025-09-26,2025-09-26,2025-09-26,Cerrada,11.0,11.0,15.1
OT-004945,A-0203,Clínica Poniente,C32,Correctiva,Reparación correctiva,2025-10-13,2025-10-13,2025-10-13,Cerrada,3.0,3.0,6.4
OT-004946,A-0203,Clínica Poniente,C32,Correctiva,Reparación correctiva,2025-10-19,2025-10-19,2025-10-19,Cerrada,10.0,10.0,15.8
OT-004947,A-0203,Clínica Poniente,C32,Correctiva,Reparación correctiva,2026-02-26,2026-02-27,2026-02-27,Cerrada,12.0,12.0,20.1
OT-004948,A-0203,Clínica Poniente,C32,Correctiva,Reparación correctiva,2026-04-11,2026-04-12,2026-04-12,Cerrada,5.5,5.5,9.7
OT-004949,A-0203,Clínica Poniente,C32,Correctiva,Reparación correctiva,2026-05-04,2026-05-05,2026-05-05,Cerrada,12.0,12.0,15.8
OT-004950,A-0203,Clínica Poniente,C32,Correctiva,Reparación correctiva,2026-10-10,2026-10-10,2026-10-11,Cerrada,14.5,14.5,19.0
OT-004951,A-0203,Clínica Poniente,C32,Correctiva,Reparación correctiva,2026-11-19,2026-11-19,2026-11-19,Cerrada,6.0,6.0,9.3
OT-004952,A-0203,Clínica Poniente,C32,Correctiva,Reparación correctiva,2026-12-31,2027-01-01,,Abierta,0,0,20.5
OT-004953,A-0204,Clínica Poniente,C32,Preventiva,Mantención preventiva,2025-01-19,2025-01-22,2025-01-22,Cerrada,3.0,1,0
OT-004954,A-0204,Clínica Poniente,C32,Preventiva,Mantención preventiva,2025-02-19,2025-02-25,2025-02-25,Cerrada,5.0,1,0
OT-004955,A-0204,Clínica Poniente,C32,Preventiva,Mantención preventiva,2025-03-19,2025-03-22,2025-03-22,Cerrada,5.5,1,0
OT-004956,A-0204,Clínica Poniente,C32,Preventiva,Mantención preventiva,2025-04-19,2025-04-25,2025-04-25,Cerrada,2.0,1,0
OT-004957,A-0204,Clínica Poniente,C32,Preventiva,Mantención preventiva,2025-05-19,2025-05-24,2025-05-24,Cerrada,3.0,1,0
OT-004958,A-0204,Clínica Poniente,C32,Preventiva,Mantención preventiva,2025-06-19,2025-06-21,2025-06-21,Cerrada,3.0,1,0
OT-004959,A-0204,Clínica Poniente,C32,Preventiva,Mantención preventiva,2025-07-19,2025-07-20,2025-07-20,Cerrada,2.5,1,0
OT-004960,A-0204,Clínica Poniente,C32,Preventiva,Mantención preventiva,2025-08-19,2025-08-19,2025-08-19,Cerrada,1.5,1,0
OT-004961,A-0204,Clínica Poniente,C32,Preventiva,Mantención preventiva,2025-09-19,2025-09-20,2025-09-20,Cerrada,3.5,1,0
OT-004962,A-0204,Clínica Poniente,C32,Preventiva,Mantención preventiva,2025-10-19,2025-10-19,2025-10-19,Cerrada,5.0,1,0
OT-004963,A-0204,Clínica Poniente,C32,Preventiva,Mantención preventiva,2025-11-19,2025-11-21,2025-11-21,Cerrada,3.0,1,0
OT-004964,A-0204,Clínica Poniente,C32,Preventiva,Mantención preventiva,2025-12-19,2025-12-21,2025-12-21,Cerrada,8.5,1,0
OT-004965,A-0204,Clínica Poniente,C32,Preventiva,Mantención preventiva,2026-01-19,2026-01-24,2026-01-24,Cerrada,3.0,1,0
OT-004966,A-0204,Clínica Poniente,C32,Preventiva,Mantención preventiva,2026-02-19,2026-02-24,2026-02-24,Cerrada,6.0,1,0
OT-004967,A-0204,Clínica Poniente,C32,Preventiva,Mantención preventiva,2026-03-19,2026-03-25,2026-03-25,Cerrada,8.0,1,0
OT-004968,A-0204,Clínica Poniente,C32,Preventiva,Mantención preventiva,2026-04-19,2026-04-20,2026-04-20,Cerrada,4.0,1,0
OT-004969,A-0204,Clínica Poniente,C32,Preventiva,Mantención preventiva,2026-05-19,2026-05-21,2026-05-21,Cerrada,4.0,1,0
OT-004970,A-0204,Clínica Poniente,C32,Preventiva,Mantención preventiva,2026-06-19,2026-06-24,2026-06-24,Cerrada,6.0,1,0
OT-004971,A-0204,Clínica Poniente,C32,Preventiva,Mantención preventiva,2026-07-19,2026-07-24,2026-07-24,Cerrada,4.5,1,0
OT-004972,A-0204,Clínica Poniente,C32,Preventiva,Mantención preventiva,2026-08-19,2026-08-24,2026-08-24,Cerrada,3.0,1,0
OT-004973,A-0204,Clínica Poniente,C32,Preventiva,Mantención preventiva,2026-09-19,2026-09-22,2026-09-22,Cerrada,2.5,1,0
OT-004974,A-0204,Clínica Poniente,C32,Preventiva,Mantención preventiva,2026-10-19,2026-10-19,2026-10-19,Cerrada,3.5,1,0
OT-004975,A-0204,Clínica Poniente,C32,Preventiva,Mantención preventiva,2026-11-19,2026-11-22,2026-11-22,Cerrada,5.0,1,0
OT-004976,A-0204,Clínica Poniente,C32,Preventiva,Mantención preventiva,2026-12-19,2026-12-25,2026-12-25,Cerrada,5.0,1,0
OT-004977,A-0204,Clínica Poniente,C32,Correctiva,Reparación correctiva,2025-03-06,2025-03-06,2025-03-06,Cerrada,4.5,4.5,10.0
OT-004978,A-0204,Clínica Poniente,C32,Correctiva,Reparación correctiva,2025-09-04,2025-09-05,2025-09-05,Cerrada,10.5,10.5,19.1
OT-004979,A-0204,Clínica Poniente,C32,Correctiva,Reparación correctiva,2025-10-08,2025-10-08,2025-10-09,Cerrada,6.5,6.5,13.5
OT-004980,A-0204,Clínica Poniente,C32,Correctiva,Reparación correctiva,2025-10-15,2025-10-16,2025-10-17,Cerrada,27.0,27.0,35.9
OT-004981,A-0204,Clínica Poniente,C32,Correctiva,Reparación correctiva,2026-09-24,2026-09-24,2026-09-25,Cerrada,15.5,15.5,20.2
OT-004982,A-0205,Clínica Oriente,C33,Preventiva,Mantención preventiva,2025-01-18,2025-01-21,2025-01-21,Cerrada,7.0,1,0
OT-004983,A-0205,Clínica Oriente,C33,Preventiva,Mantención preventiva,2025-02-18,2025-02-18,2025-02-18,Cerrada,9.0,1,0
OT-004984,A-0205,Clínica Oriente,C33,Preventiva,Mantención preventiva,2025-03-18,2025-03-24,2025-03-24,Cerrada,2.0,1,0
OT-004985,A-0205,Clínica Oriente,C33,Preventiva,Mantención preventiva,2025-04-18,2025-04-20,2025-04-20,Cerrada,10.0,1,0
OT-004986,A-0205,Clínica Oriente,C33,Preventiva,Mantención preventiva,2025-05-18,2025-05-24,2025-05-24,Cerrada,5.5,1,0
OT-004987,A-0205,Clínica Oriente,C33,Preventiva,Mantención preventiva,2025-06-18,2025-06-20,2025-06-20,Cerrada,6.0,1,0
OT-004988,A-0205,Clínica Oriente,C33,Preventiva,Mantención preventiva,2025-07-18,2025-07-22,2025-07-22,Cerrada,10.0,1,0
OT-004989,A-0205,Clínica Oriente,C33,Preventiva,Mantención preventiva,2025-08-18,2025-08-21,2025-08-21,Cerrada,6.5,1,0
OT-004990,A-0205,Clínica Oriente,C33,Preventiva,Mantención preventiva,2025-09-18,2025-09-18,2025-09-18,Cerrada,6.5,1,0
OT-004991,A-0205,Clínica Oriente,C33,Preventiva,Mantención preventiva,2025-10-18,2025-10-20,2025-10-20,Cerrada,4.5,1,0
OT-004992,A-0205,Clínica Oriente,C33,Preventiva,Mantención preventiva,2025-11-18,2025-11-23,2025-11-23,Cerrada,4.5,1,0
OT-004993,A-0205,Clínica Oriente,C33,Preventiva,Mantención preventiva,2025-12-18,2025-12-18,2025-12-18,Cerrada,2.5,1,0
OT-004994,A-0205,Clínica Oriente,C33,Preventiva,Mantención preventiva,2026-01-18,2026-01-18,2026-01-18,Cerrada,2.5,1,0
OT-004995,A-0205,Clínica Oriente,C33,Preventiva,Mantención preventiva,2026-02-18,2026-02-18,2026-02-18,Cerrada,5.5,1,0
OT-004996,A-0205,Clínica Oriente,C33,Preventiva,Mantención preventiva,2026-03-18,2026-03-20,2026-03-20,Cerrada,8.5,1,0
OT-004997,A-0205,Clínica Oriente,C33,Preventiva,Mantención preventiva,2026-04-18,2026-04-24,2026-04-24,Cerrada,2.0,1,0
OT-004998,A-0205,Clínica Oriente,C33,Preventiva,Mantención preventiva,2026-05-18,2026-05-18,2026-05-18,Cerrada,1.5,1,0
OT-004999,A-0205,Clínica Oriente,C33,Preventiva,Mantención preventiva,2026-06-18,2026-06-23,2026-06-23,Cerrada,2.0,1,0
OT-005000,A-0205,Clínica Oriente,C33,Preventiva,Mantención preventiva,2026-07-18,2026-08-22,2026-08-22,Cerrada,4.5,1,0
OT-005001,A-0205,Clínica Oriente,C33,Preventiva,Mantención preventiva,2026-08-18,2026-08-20,2026-08-20,Cerrada,5.5,1,0
OT-005002,A-0205,Clínica Oriente,C33,Preventiva,Mantención preventiva,2026-09-18,2026-09-18,2026-09-18,Cerrada,2.0,1,0
OT-005003,A-0205,Clínica Oriente,C33,Preventiva,Mantención preventiva,2026-10-18,2026-10-24,2026-10-24,Cerrada,4.0,1,0
OT-005004,A-0205,Clínica Oriente,C33,Preventiva,Mantención preventiva,2026-11-18,2026-11-18,2026-11-18,Cerrada,5.5,1,0
OT-005005,A-0205,Clínica Oriente,C33,Preventiva,Mantención preventiva,2026-12-18,2026-12-18,2026-12-18,Cerrada,3.0,1,0
OT-005006,A-0205,Clínica Oriente,C33,Correctiva,Reparación correctiva,2026-09-12,2026-09-12,2026-09-13,Cerrada,15.5,15.5,25.2
OT-005007,A-0205,Clínica Oriente,C33,Correctiva,Reparación correctiva,2026-11-11,2026-11-11,2026-11-12,Cerrada,4.5,4.5,8.1
OT-005008,A-0205,Clínica Oriente,C33,Correctiva,Reparación correctiva,2026-11-27,2026-11-27,2026-11-27,Cerrada,2.5,2.5,5.1
OT-005009,A-0205,Clínica Oriente,C33,Correctiva,Reparación correctiva,2026-12-17,2026-12-17,2026-12-18,Cerrada,16.5,16.5,26.9
OT-005010,A-0206,Clínica Oriente,C33,Preventiva,Mantención preventiva,2025-01-04,2025-01-04,2025-01-04,Cerrada,6.0,1,0
OT-005011,A-0206,Clínica Oriente,C33,Preventiva,Mantención preventiva,2025-02-04,2025-02-10,2025-02-10,Cerrada,7.0,1,0
OT-005012,A-0206,Clínica Oriente,C33,Preventiva,Mantención preventiva,2025-03-04,2025-03-10,2025-03-10,Cerrada,3.0,1,0
OT-005013,A-0206,Clínica Oriente,C33,Preventiva,Mantención preventiva,2025-04-04,2025-04-05,2025-04-05,Cerrada,11.0,1,0
OT-005014,A-0206,Clínica Oriente,C33,Preventiva,Mantención preventiva,2025-05-04,2025-05-04,2025-05-04,Cerrada,3.5,1,0
OT-005015,A-0206,Clínica Oriente,C33,Preventiva,Mantención preventiva,2025-06-04,2025-06-07,2025-06-07,Cerrada,7.0,1,0
OT-005016,A-0206,Clínica Oriente,C33,Preventiva,Mantención preventiva,2025-07-04,2025-07-07,2025-07-07,Cerrada,7.0,1,0
OT-005017,A-0206,Clínica Oriente,C33,Preventiva,Mantención preventiva,2025-08-04,2025-08-10,2025-08-10,Cerrada,4.5,1,0
OT-005018,A-0206,Clínica Oriente,C33,Preventiva,Mantención preventiva,2025-09-04,2025-09-07,2025-09-07,Cerrada,17.5,1,0
OT-005019,A-0206,Clínica Oriente,C33,Preventiva,Mantención preventiva,2025-10-04,2025-10-09,2025-10-09,Cerrada,4.5,1,0
OT-005020,A-0206,Clínica Oriente,C33,Preventiva,Mantención preventiva,2025-11-04,2025-11-07,2025-11-07,Cerrada,2.0,1,0
OT-005021,A-0206,Clínica Oriente,C33,Preventiva,Mantención preventiva,2025-12-04,2025-12-05,2025-12-05,Cerrada,5.0,1,0
OT-005022,A-0206,Clínica Oriente,C33,Preventiva,Mantención preventiva,2026-01-04,2026-01-04,2026-01-04,Cerrada,2.5,1,0
OT-005023,A-0206,Clínica Oriente,C33,Preventiva,Mantención preventiva,2026-02-04,2026-02-25,2026-02-25,Cerrada,3.5,1,0
OT-005024,A-0206,Clínica Oriente,C33,Preventiva,Mantención preventiva,2026-03-04,2026-03-09,2026-03-09,Cerrada,5.5,1,0
OT-005025,A-0206,Clínica Oriente,C33,Preventiva,Mantención preventiva,2026-04-04,2026-04-06,2026-04-06,Cerrada,2.0,1,0
OT-005026,A-0206,Clínica Oriente,C33,Preventiva,Mantención preventiva,2026-05-04,2026-05-04,2026-05-04,Cerrada,2.0,1,0
OT-005027,A-0206,Clínica Oriente,C33,Preventiva,Mantención preventiva,2026-06-04,2026-06-09,2026-06-09,Cerrada,4.0,1,0
OT-005028,A-0206,Clínica Oriente,C33,Preventiva,Mantención preventiva,2026-07-04,2026-07-06,2026-07-06,Cerrada,5.5,1,0
OT-005029,A-0206,Clínica Oriente,C33,Preventiva,Mantención preventiva,2026-08-04,2026-08-07,2026-08-07,Cerrada,5.0,1,0
OT-005030,A-0206,Clínica Oriente,C33,Preventiva,Mantención preventiva,2026-09-04,,,Abierta,0,0,0
OT-005031,A-0206,Clínica Oriente,C33,Preventiva,Mantención preventiva,2026-10-04,2026-10-04,2026-10-04,Cerrada,3.5,1,0
OT-005032,A-0206,Clínica Oriente,C33,Preventiva,Mantención preventiva,2026-11-04,2026-12-07,2026-12-07,Cerrada,3.0,1,0
OT-005033,A-0206,Clínica Oriente,C33,Preventiva,Mantención preventiva,2026-12-04,2026-12-05,2026-12-05,Cerrada,6.5,1,0
OT-005034,A-0206,Clínica Oriente,C33,Correctiva,Reparación correctiva,2025-07-23,2025-07-23,2025-07-23,Cerrada,5.0,5.0,7.9
OT-005035,A-0206,Clínica Oriente,C33,Correctiva,Reparación correctiva,2026-05-05,2026-05-05,2026-05-05,Cerrada,7.5,7.5,13.1
OT-005036,A-0207,Clínica Centro,C33,Preventiva,Mantención preventiva,2025-01-01,2025-01-01,2025-01-01,Cerrada,3.0,1,0
OT-005037,A-0207,Clínica Centro,C33,Preventiva,Mantención preventiva,2025-02-01,2025-02-20,2025-02-20,Cerrada,1.5,1,0
OT-005038,A-0207,Clínica Centro,C33,Preventiva,Mantención preventiva,2025-03-01,2025-03-07,2025-03-07,Cerrada,7.0,1,0
OT-005039,A-0207,Clínica Centro,C33,Preventiva,Mantención preventiva,2025-04-01,2025-04-06,2025-04-06,Cerrada,7.0,1,0
OT-005040,A-0207,Clínica Centro,C33,Preventiva,Mantención preventiva,2025-05-01,2025-05-01,2025-05-01,Cerrada,4.0,1,0
OT-005041,A-0207,Clínica Centro,C33,Preventiva,Mantención preventiva,2025-06-01,2025-06-01,2025-06-01,Cerrada,5.0,1,0
OT-005042,A-0207,Clínica Centro,C33,Preventiva,Mantención preventiva,2025-07-01,2025-07-02,2025-07-02,Cerrada,2.0,1,0
OT-005043,A-0207,Clínica Centro,C33,Preventiva,Mantención preventiva,2025-08-01,2025-08-05,2025-08-05,Cerrada,3.0,1,0
OT-005044,A-0207,Clínica Centro,C33,Preventiva,Mantención preventiva,2025-09-01,2025-09-02,2025-09-02,Cerrada,3.0,1,0
OT-005045,A-0207,Clínica Centro,C33,Preventiva,Mantención preventiva,2025-10-01,2025-10-01,2025-10-01,Cerrada,7.0,1,0
OT-005046,A-0207,Clínica Centro,C33,Preventiva,Mantención preventiva,2025-11-01,2025-11-07,2025-11-07,Cerrada,2.5,1,0
OT-005047,A-0207,Clínica Centro,C33,Preventiva,Mantención preventiva,2025-12-01,2025-12-06,2025-12-06,Cerrada,2.5,1,0
OT-005048,A-0207,Clínica Centro,C33,Preventiva,Mantención preventiva,2026-01-01,2026-01-07,2026-01-07,Cerrada,2.0,1,0
OT-005049,A-0207,Clínica Centro,C33,Preventiva,Mantención preventiva,2026-02-01,2026-02-07,2026-02-07,Cerrada,2.5,1,0
OT-005050,A-0207,Clínica Centro,C33,Preventiva,Mantención preventiva,2026-03-01,2026-04-01,2026-04-01,Cerrada,11.5,1,0
OT-005051,A-0207,Clínica Centro,C33,Preventiva,Mantención preventiva,2026-04-01,2026-04-07,2026-04-07,Cerrada,4.0,1,0
OT-005052,A-0207,Clínica Centro,C33,Preventiva,Mantención preventiva,2026-05-01,2026-05-05,2026-05-05,Cerrada,1.0,1,0
OT-005053,A-0207,Clínica Centro,C33,Preventiva,Mantención preventiva,2026-06-01,2026-06-24,2026-06-24,Cerrada,2.5,1,0
OT-005054,A-0207,Clínica Centro,C33,Preventiva,Mantención preventiva,2026-07-01,2026-07-02,2026-07-02,Cerrada,7.5,1,0
OT-005055,A-0207,Clínica Centro,C33,Preventiva,Mantención preventiva,2026-08-01,2026-08-06,2026-08-06,Cerrada,3.0,1,0
OT-005056,A-0207,Clínica Centro,C33,Preventiva,Mantención preventiva,2026-09-01,2026-09-04,2026-09-04,Cerrada,2.0,1,0
OT-005057,A-0207,Clínica Centro,C33,Preventiva,Mantención preventiva,2026-10-01,2026-10-05,2026-10-05,Cerrada,3.0,1,0
OT-005058,A-0207,Clínica Centro,C33,Preventiva,Mantención preventiva,2026-11-01,2026-11-04,2026-11-04,Cerrada,4.5,1,0
OT-005059,A-0207,Clínica Centro,C33,Preventiva,Mantención preventiva,2026-12-01,2026-12-02,2026-12-02,Cerrada,9.5,1,0
OT-005060,A-0207,Clínica Centro,C33,Correctiva,Reparación correctiva,2026-04-16,2026-04-16,2026-04-17,Cerrada,14.5,14.5,20.9
OT-005061,A-0207,Clínica Centro,C33,Correctiva,Reparación correctiva,2026-10-05,2026-10-05,2026-10-05,Cerrada,7.0,7.0,12.2
OT-005062,A-0207,Clínica Centro,C33,Correctiva,Reparación correctiva,2026-12-28,2026-12-28,2026-12-29,Cerrada,6.5,6.5,13.4
OT-005063,A-0208,Clínica Centro,C33,Preventiva,Mantención preventiva,2025-01-18,2025-01-19,2025-01-19,Cerrada,5.5,1,0
OT-005064,A-0208,Clínica Centro,C33,Preventiva,Mantención preventiva,2025-02-18,2025-02-22,2025-02-22,Cerrada,2.5,1,0
OT-005065,A-0208,Clínica Centro,C33,Preventiva,Mantención preventiva,2025-03-18,2025-03-22,2025-03-22,Cerrada,5.5,1,0
OT-005066,A-0208,Clínica Centro,C33,Preventiva,Mantención preventiva,2025-04-18,2025-04-18,2025-04-18,Cerrada,6.0,1,0
OT-005067,A-0208,Clínica Centro,C33,Preventiva,Mantención preventiva,2025-05-18,2025-05-19,2025-05-19,Cerrada,1.5,1,0
OT-005068,A-0208,Clínica Centro,C33,Preventiva,Mantención preventiva,2025-06-18,2025-06-18,2025-06-18,Cerrada,2.5,1,0
OT-005069,A-0208,Clínica Centro,C33,Preventiva,Mantención preventiva,2025-07-18,2025-07-18,2025-07-18,Cerrada,8.5,1,0
OT-005070,A-0208,Clínica Centro,C33,Preventiva,Mantención preventiva,2025-08-18,2025-08-20,2025-08-20,Cerrada,5.0,1,0
OT-005071,A-0208,Clínica Centro,C33,Preventiva,Mantención preventiva,2025-09-18,2025-09-19,2025-09-19,Cerrada,5.5,1,0
OT-005072,A-0208,Clínica Centro,C33,Preventiva,Mantención preventiva,2025-10-18,2025-10-23,2025-10-23,Cerrada,3.5,1,0
OT-005073,A-0208,Clínica Centro,C33,Preventiva,Mantención preventiva,2025-11-18,2025-11-24,2025-11-24,Cerrada,4.0,1,0
OT-005074,A-0208,Clínica Centro,C33,Preventiva,Mantención preventiva,2025-12-18,2025-12-24,2025-12-24,Cerrada,4.0,1,0
OT-005075,A-0208,Clínica Centro,C33,Preventiva,Mantención preventiva,2026-01-18,2026-01-24,2026-01-24,Cerrada,1.5,1,0
OT-005076,A-0208,Clínica Centro,C33,Preventiva,Mantención preventiva,2026-02-18,2026-02-19,2026-02-19,Cerrada,2.5,1,0
OT-005077,A-0208,Clínica Centro,C33,Preventiva,Mantención preventiva,2026-03-18,2026-03-20,2026-03-20,Cerrada,2.0,1,0
OT-005078,A-0208,Clínica Centro,C33,Preventiva,Mantención preventiva,2026-04-18,2026-04-24,2026-04-24,Cerrada,4.0,1,0
OT-005079,A-0208,Clínica Centro,C33,Preventiva,Mantención preventiva,2026-05-18,2026-05-20,2026-05-20,Cerrada,3.5,1,0
OT-005080,A-0208,Clínica Centro,C33,Preventiva,Mantención preventiva,2026-06-18,2026-06-18,2026-06-18,Cerrada,2.0,1,0
OT-005081,A-0208,Clínica Centro,C33,Preventiva,Mantención preventiva,2026-07-18,2026-07-21,2026-07-21,Cerrada,4.0,1,0
OT-005082,A-0208,Clínica Centro,C33,Preventiva,Mantención preventiva,2026-08-18,,,Abierta,0,0,0
OT-005083,A-0208,Clínica Centro,C33,Preventiva,Mantención preventiva,2026-09-18,2026-09-23,2026-09-23,Cerrada,5.5,1,0
OT-005084,A-0208,Clínica Centro,C33,Preventiva,Mantención preventiva,2026-10-18,2026-10-19,2026-10-19,Cerrada,7.0,1,0
OT-005085,A-0208,Clínica Centro,C33,Preventiva,Mantención preventiva,2026-11-18,2026-11-24,2026-11-24,Cerrada,2.5,1,0
OT-005086,A-0208,Clínica Centro,C33,Preventiva,Mantención preventiva,2026-12-18,2026-12-18,2026-12-18,Cerrada,4.0,1,0
OT-005087,A-0208,Clínica Centro,C33,Correctiva,Reparación correctiva,2026-03-03,2026-03-04,2026-03-04,Cerrada,6.5,6.5,14.7
OT-005088,A-0208,Clínica Centro,C33,Correctiva,Reparación correctiva,2026-09-03,2026-09-03,2026-09-04,Cerrada,5.5,5.5,15.8
OT-005089,A-0208,Clínica Centro,C33,Correctiva,Reparación correctiva,2026-10-12,2026-10-12,2026-10-12,Cerrada,13.0,13.0,16.2
OT-005090,A-0209,Clínica Poniente,C33,Preventiva,Mantención preventiva,2025-01-20,2025-01-26,2025-01-26,Cerrada,3.0,1,0
OT-005091,A-0209,Clínica Poniente,C33,Preventiva,Mantención preventiva,2025-02-20,2025-02-20,2025-02-20,Cerrada,3.0,1,0
OT-005092,A-0209,Clínica Poniente,C33,Preventiva,Mantención preventiva,2025-03-20,2025-03-24,2025-03-24,Cerrada,3.5,1,0
OT-005093,A-0209,Clínica Poniente,C33,Preventiva,Mantención preventiva,2025-04-20,2025-04-24,2025-04-24,Cerrada,3.0,1,0
OT-005094,A-0209,Clínica Poniente,C33,Preventiva,Mantención preventiva,2025-05-20,2025-05-21,2025-05-21,Cerrada,4.0,1,0
OT-005095,A-0209,Clínica Poniente,C33,Preventiva,Mantención preventiva,2025-06-20,2025-06-20,2025-06-20,Cerrada,7.5,1,0
OT-005096,A-0209,Clínica Poniente,C33,Preventiva,Mantención preventiva,2025-07-20,2025-07-23,2025-07-23,Cerrada,3.0,1,0
OT-005097,A-0209,Clínica Poniente,C33,Preventiva,Mantención preventiva,2025-08-20,2025-08-23,2025-08-23,Cerrada,3.0,1,0
OT-005098,A-0209,Clínica Poniente,C33,Preventiva,Mantención preventiva,2025-09-20,2025-09-23,2025-09-23,Cerrada,5.0,1,0
OT-005099,A-0209,Clínica Poniente,C33,Preventiva,Mantención preventiva,2025-10-20,2025-10-21,2025-10-21,Cerrada,2.0,1,0
OT-005100,A-0209,Clínica Poniente,C33,Preventiva,Mantención preventiva,2025-11-20,2025-11-25,2025-11-25,Cerrada,5.5,1,0
OT-005101,A-0209,Clínica Poniente,C33,Preventiva,Mantención preventiva,2025-12-20,2025-12-24,2025-12-24,Cerrada,6.0,1,0
OT-005102,A-0209,Clínica Poniente,C33,Preventiva,Mantención preventiva,2026-01-20,2026-01-23,2026-01-23,Cerrada,17.0,1,0
OT-005103,A-0209,Clínica Poniente,C33,Preventiva,Mantención preventiva,2026-02-20,2026-02-26,2026-02-26,Cerrada,7.5,1,0
OT-005104,A-0209,Clínica Poniente,C33,Preventiva,Mantención preventiva,2026-03-20,2026-04-19,2026-04-19,Cerrada,2.0,1,0
OT-005105,A-0209,Clínica Poniente,C33,Preventiva,Mantención preventiva,2026-04-20,2026-04-20,2026-04-20,Cerrada,4.0,1,0
OT-005106,A-0209,Clínica Poniente,C33,Preventiva,Mantención preventiva,2026-05-20,2026-05-20,2026-05-20,Cerrada,3.0,1,0
OT-005107,A-0209,Clínica Poniente,C33,Preventiva,Mantención preventiva,2026-06-20,2026-06-26,2026-06-26,Cerrada,4.0,1,0
OT-005108,A-0209,Clínica Poniente,C33,Preventiva,Mantención preventiva,2026-07-20,2026-07-21,2026-07-21,Cerrada,5.5,1,0
OT-005109,A-0209,Clínica Poniente,C33,Preventiva,Mantención preventiva,2026-08-20,2026-08-23,2026-08-23,Cerrada,4.5,1,0
OT-005110,A-0209,Clínica Poniente,C33,Preventiva,Mantención preventiva,2026-09-20,2026-09-25,2026-09-25,Cerrada,5.0,1,0
OT-005111,A-0209,Clínica Poniente,C33,Preventiva,Mantención preventiva,2026-10-20,2026-10-25,2026-10-25,Cerrada,2.0,1,0
OT-005112,A-0209,Clínica Poniente,C33,Preventiva,Mantención preventiva,2026-11-20,2026-11-23,2026-11-23,Cerrada,4.0,1,0
OT-005113,A-0209,Clínica Poniente,C33,Preventiva,Mantención preventiva,2026-12-20,2026-12-21,2026-12-21,Cerrada,1.5,1,0
OT-005114,A-0209,Clínica Poniente,C33,Correctiva,Reparación correctiva,2025-01-27,2025-01-27,2025-01-27,Cerrada,6.5,6.5,12.1
OT-005115,A-0209,Clínica Poniente,C33,Correctiva,Reparación correctiva,2025-10-09,2025-10-09,2025-10-09,Cerrada,7.5,7.5,16.0
OT-005116,A-0209,Clínica Poniente,C33,Correctiva,Reparación correctiva,2026-02-24,2026-02-24,2026-02-24,Cerrada,19.5,19.5,22.3
OT-005117,A-0209,Clínica Poniente,C33,Correctiva,Reparación correctiva,2026-04-07,2026-04-07,2026-04-08,Cerrada,15.0,15.0,17.4
OT-005118,A-0210,Clínica Poniente,C33,Preventiva,Mantención preventiva,2025-01-19,2025-01-23,2025-01-23,Cerrada,2.0,1,0
OT-005119,A-0210,Clínica Poniente,C33,Preventiva,Mantención preventiva,2025-02-19,2025-02-21,2025-02-21,Cerrada,3.5,1,0
OT-005120,A-0210,Clínica Poniente,C33,Preventiva,Mantención preventiva,2025-03-19,2025-03-25,2025-03-25,Cerrada,3.0,1,0
OT-005121,A-0210,Clínica Poniente,C33,Preventiva,Mantención preventiva,2025-04-19,2025-04-22,2025-04-22,Cerrada,7.0,1,0
OT-005122,A-0210,Clínica Poniente,C33,Preventiva,Mantención preventiva,2025-05-19,2025-05-22,2025-05-22,Cerrada,5.0,1,0
OT-005123,A-0210,Clínica Poniente,C33,Preventiva,Mantención preventiva,2025-06-19,2025-06-22,2025-06-22,Cerrada,3.5,1,0
OT-005124,A-0210,Clínica Poniente,C33,Preventiva,Mantención preventiva,2025-07-19,,,Abierta,0,0,0
OT-005125,A-0210,Clínica Poniente,C33,Preventiva,Mantención preventiva,2025-08-19,2025-08-23,2025-08-23,Cerrada,9.5,1,0
OT-005126,A-0210,Clínica Poniente,C33,Preventiva,Mantención preventiva,2025-09-19,2025-09-22,2025-09-22,Cerrada,6.0,1,0
OT-005127,A-0210,Clínica Poniente,C33,Preventiva,Mantención preventiva,2025-10-19,2025-10-21,2025-10-21,Cerrada,2.5,1,0
OT-005128,A-0210,Clínica Poniente,C33,Preventiva,Mantención preventiva,2025-11-19,2025-11-20,2025-11-20,Cerrada,7.5,1,0
OT-005129,A-0210,Clínica Poniente,C33,Preventiva,Mantención preventiva,2025-12-19,2025-12-22,2025-12-22,Cerrada,3.0,1,0
OT-005130,A-0210,Clínica Poniente,C33,Preventiva,Mantención preventiva,2026-01-19,2026-02-10,2026-02-10,Cerrada,4.0,1,0
OT-005131,A-0210,Clínica Poniente,C33,Preventiva,Mantención preventiva,2026-02-19,2026-02-21,2026-02-21,Cerrada,8.5,1,0
OT-005132,A-0210,Clínica Poniente,C33,Preventiva,Mantención preventiva,2026-03-19,2026-03-22,2026-03-22,Cerrada,3.0,1,0
OT-005133,A-0210,Clínica Poniente,C33,Preventiva,Mantención preventiva,2026-04-19,2026-04-22,2026-04-22,Cerrada,3.0,1,0
OT-005134,A-0210,Clínica Poniente,C33,Preventiva,Mantención preventiva,2026-05-19,2026-05-21,2026-05-21,Cerrada,13.5,1,0
OT-005135,A-0210,Clínica Poniente,C33,Preventiva,Mantención preventiva,2026-06-19,2026-06-22,2026-06-22,Cerrada,5.0,1,0
OT-005136,A-0210,Clínica Poniente,C33,Preventiva,Mantención preventiva,2026-07-19,2026-08-04,2026-08-04,Cerrada,9.0,1,0
OT-005137,A-0210,Clínica Poniente,C33,Preventiva,Mantención preventiva,2026-08-19,2026-08-21,2026-08-21,Cerrada,6.5,1,0
OT-005138,A-0210,Clínica Poniente,C33,Preventiva,Mantención preventiva,2026-09-19,2026-09-25,2026-09-25,Cerrada,4.0,1,0
OT-005139,A-0210,Clínica Poniente,C33,Preventiva,Mantención preventiva,2026-10-19,2026-10-22,2026-10-22,Cerrada,5.5,1,0
OT-005140,A-0210,Clínica Poniente,C33,Preventiva,Mantención preventiva,2026-11-19,2026-12-17,2026-12-17,Cerrada,7.0,1,0
OT-005141,A-0210,Clínica Poniente,C33,Preventiva,Mantención preventiva,2026-12-19,2026-12-20,2026-12-20,Cerrada,5.0,1,0
OT-005142,A-0210,Clínica Poniente,C33,Correctiva,Reparación correctiva,2026-02-11,2026-02-11,2026-02-11,Cerrada,13.5,13.5,22.1
OT-005143,A-0210,Clínica Poniente,C33,Correctiva,Reparación correctiva,2026-12-17,2026-12-17,2026-12-18,Cerrada,8.5,8.5,13.4
OT-005144,A-0211,Clínica Oriente,C34,Preventiva,Mantención preventiva,2025-01-10,2025-01-13,2025-01-13,Cerrada,6.5,1,0
OT-005145,A-0211,Clínica Oriente,C34,Preventiva,Mantención preventiva,2025-03-10,2025-03-12,2025-03-12,Cerrada,2.0,1,0
OT-005146,A-0211,Clínica Oriente,C34,Preventiva,Mantención preventiva,2025-05-10,2025-05-10,2025-05-10,Cerrada,4.0,1,0
OT-005147,A-0211,Clínica Oriente,C34,Preventiva,Mantención preventiva,2025-07-10,2025-07-14,2025-07-14,Cerrada,2.5,1,0
OT-005148,A-0211,Clínica Oriente,C34,Preventiva,Mantención preventiva,2025-09-10,2025-09-16,2025-09-16,Cerrada,3.0,1,0
OT-005149,A-0211,Clínica Oriente,C34,Preventiva,Mantención preventiva,2025-11-10,2025-11-15,2025-11-15,Cerrada,14.0,1,0
OT-005150,A-0211,Clínica Oriente,C34,Preventiva,Mantención preventiva,2026-01-10,2026-02-04,2026-02-04,Cerrada,2.5,1,0
OT-005151,A-0211,Clínica Oriente,C34,Preventiva,Mantención preventiva,2026-03-10,2026-03-13,2026-03-13,Cerrada,7.0,1,0
OT-005152,A-0211,Clínica Oriente,C34,Preventiva,Mantención preventiva,2026-05-10,2026-05-13,2026-05-13,Cerrada,6.0,1,0
OT-005153,A-0211,Clínica Oriente,C34,Preventiva,Mantención preventiva,2026-07-10,2026-07-16,2026-07-16,Cerrada,3.0,1,0
OT-005154,A-0211,Clínica Oriente,C34,Preventiva,Mantención preventiva,2026-09-10,,,Abierta,0,0,0
OT-005155,A-0211,Clínica Oriente,C34,Preventiva,Mantención preventiva,2026-11-10,2026-11-16,2026-11-16,Cerrada,6.5,1,0
OT-005156,A-0211,Clínica Oriente,C34,Correctiva,Reparación correctiva,2025-02-22,2025-02-22,2025-02-22,Cerrada,5.0,5.0,9.7
OT-005157,A-0211,Clínica Oriente,C34,Correctiva,Reparación correctiva,2025-10-31,2025-10-31,2025-10-31,Cerrada,2.0,2.0,9.4
OT-005158,A-0211,Clínica Oriente,C34,Correctiva,Reparación correctiva,2025-12-11,2025-12-11,2025-12-12,Cerrada,6.5,6.5,13.0
OT-005159,A-0211,Clínica Oriente,C34,Correctiva,Reparación correctiva,2026-04-07,2026-04-07,2026-04-07,Cerrada,4.5,4.5,8.2
OT-005160,A-0211,Clínica Oriente,C34,Correctiva,Reparación correctiva,2026-06-22,2026-06-23,2026-06-23,Cerrada,3.0,3.0,12.0
OT-005161,A-0211,Clínica Oriente,C34,Correctiva,Reparación correctiva,2026-09-07,2026-09-07,2026-09-08,Cerrada,14.5,14.5,19.0
OT-005162,A-0211,Clínica Oriente,C34,Correctiva,Reparación correctiva,2026-09-09,2026-09-09,2026-09-10,Cerrada,10.5,10.5,22.4
OT-005163,A-0211,Clínica Oriente,C34,Correctiva,Reparación correctiva,2026-12-12,2026-12-12,2026-12-12,Cerrada,9.0,9.0,11.5
OT-005164,A-0212,Clínica Oriente,C34,Preventiva,Mantención preventiva,2025-01-19,2025-02-19,2025-02-19,Cerrada,2.5,1,0
OT-005165,A-0212,Clínica Oriente,C34,Preventiva,Mantención preventiva,2025-03-19,2025-03-22,2025-03-22,Cerrada,1.0,1,0
OT-005166,A-0212,Clínica Oriente,C34,Preventiva,Mantención preventiva,2025-05-19,2025-05-24,2025-05-24,Cerrada,6.0,1,0
OT-005167,A-0212,Clínica Oriente,C34,Preventiva,Mantención preventiva,2025-07-19,2025-07-23,2025-07-23,Cerrada,7.0,1,0
OT-005168,A-0212,Clínica Oriente,C34,Preventiva,Mantención preventiva,2025-09-19,2025-09-24,2025-09-24,Cerrada,2.5,1,0
OT-005169,A-0212,Clínica Oriente,C34,Preventiva,Mantención preventiva,2025-11-19,2025-11-21,2025-11-21,Cerrada,2.5,1,0
OT-005170,A-0212,Clínica Oriente,C34,Preventiva,Mantención preventiva,2026-01-19,2026-01-22,2026-01-22,Cerrada,7.5,1,0
OT-005171,A-0212,Clínica Oriente,C34,Preventiva,Mantención preventiva,2026-03-19,2026-03-25,2026-03-25,Cerrada,3.0,1,0
OT-005172,A-0212,Clínica Oriente,C34,Preventiva,Mantención preventiva,2026-05-19,2026-05-21,2026-05-21,Cerrada,4.5,1,0
OT-005173,A-0212,Clínica Oriente,C34,Preventiva,Mantención preventiva,2026-07-19,2026-07-21,2026-07-21,Cerrada,3.5,1,0
OT-005174,A-0212,Clínica Oriente,C34,Preventiva,Mantención preventiva,2026-09-19,2026-09-24,2026-09-24,Cerrada,4.5,1,0
OT-005175,A-0212,Clínica Oriente,C34,Preventiva,Mantención preventiva,2026-11-19,2026-11-19,2026-11-19,Cerrada,4.0,1,0
OT-005176,A-0212,Clínica Oriente,C34,Correctiva,Reparación correctiva,2025-03-01,2025-03-01,2025-03-01,Cerrada,3.5,3.5,5.9
OT-005177,A-0212,Clínica Oriente,C34,Correctiva,Reparación correctiva,2025-08-30,2025-08-31,2025-08-31,Cerrada,13.5,13.5,16.5
OT-005178,A-0212,Clínica Oriente,C34,Correctiva,Reparación correctiva,2025-10-31,2025-10-31,2025-10-31,Cerrada,6.0,6.0,15.0
OT-005179,A-0212,Clínica Oriente,C34,Correctiva,Reparación correctiva,2025-11-07,2025-11-07,2025-11-08,Cerrada,12.0,12.0,17.7
OT-005180,A-0212,Clínica Oriente,C34,Correctiva,Reparación correctiva,2026-03-07,2026-03-08,2026-03-08,Cerrada,2.5,2.5,14.3
OT-005181,A-0212,Clínica Oriente,C34,Correctiva,Reparación correctiva,2026-04-24,2026-04-24,2026-04-25,Cerrada,5.0,5.0,15.3
OT-005182,A-0212,Clínica Oriente,C34,Correctiva,Reparación correctiva,2026-07-27,2026-07-27,2026-07-27,Cerrada,3.5,3.5,7.5
OT-005183,A-0212,Clínica Oriente,C34,Correctiva,Reparación correctiva,2026-09-13,2026-09-13,2026-09-13,Cerrada,5.0,5.0,7.4
OT-005184,A-0213,Clínica Oriente,C34,Preventiva,Mantención preventiva,2025-01-12,2025-01-14,2025-01-14,Cerrada,5.0,1,0
OT-005185,A-0213,Clínica Oriente,C34,Preventiva,Mantención preventiva,2025-03-12,2025-03-14,2025-03-14,Cerrada,4.0,1,0
OT-005186,A-0213,Clínica Oriente,C34,Preventiva,Mantención preventiva,2025-05-12,2025-05-14,2025-05-14,Cerrada,5.0,1,0
OT-005187,A-0213,Clínica Oriente,C34,Preventiva,Mantención preventiva,2025-07-12,2025-07-13,2025-07-13,Cerrada,3.0,1,0
OT-005188,A-0213,Clínica Oriente,C34,Preventiva,Mantención preventiva,2025-09-12,2025-09-12,2025-09-12,Cerrada,4.0,1,0
OT-005189,A-0213,Clínica Oriente,C34,Preventiva,Mantención preventiva,2025-11-12,2025-11-16,2025-11-16,Cerrada,4.5,1,0
OT-005190,A-0213,Clínica Oriente,C34,Preventiva,Mantención preventiva,2026-01-12,2026-01-16,2026-01-16,Cerrada,4.0,1,0
OT-005191,A-0213,Clínica Oriente,C34,Preventiva,Mantención preventiva,2026-03-12,2026-03-18,2026-03-18,Cerrada,6.5,1,0
OT-005192,A-0213,Clínica Oriente,C34,Preventiva,Mantención preventiva,2026-05-12,2026-05-18,2026-05-18,Cerrada,4.0,1,0
OT-005193,A-0213,Clínica Oriente,C34,Preventiva,Mantención preventiva,2026-07-12,2026-07-16,2026-07-16,Cerrada,5.0,1,0
OT-005194,A-0213,Clínica Oriente,C34,Preventiva,Mantención preventiva,2026-09-12,2026-09-12,2026-09-12,Cerrada,8.5,1,0
OT-005195,A-0213,Clínica Oriente,C34,Preventiva,Mantención preventiva,2026-11-12,2026-11-13,2026-11-13,Cerrada,1.0,1,0
OT-005196,A-0213,Clínica Oriente,C34,Correctiva,Reparación correctiva,2025-02-04,2025-02-04,2025-02-05,Cerrada,3.5,3.5,8.5
OT-005197,A-0213,Clínica Oriente,C34,Correctiva,Reparación correctiva,2025-06-06,2025-06-07,2025-06-07,Cerrada,6.5,6.5,13.2
OT-005198,A-0213,Clínica Oriente,C34,Correctiva,Reparación correctiva,2025-07-24,2025-07-25,2025-07-25,Cerrada,14.5,14.5,25.4
OT-005199,A-0213,Clínica Oriente,C34,Correctiva,Reparación correctiva,2025-11-10,2025-11-10,2025-11-10,Cerrada,4.0,4.0,8.2
OT-005200,A-0213,Clínica Oriente,C34,Correctiva,Reparación correctiva,2026-06-23,2026-06-23,2026-06-24,Cerrada,12.5,12.5,15.7
OT-005201,A-0213,Clínica Oriente,C34,Correctiva,Reparación correctiva,2026-07-04,2026-07-04,2026-07-05,Cerrada,11.5,11.5,14.8
OT-005202,A-0214,Clínica Oriente,C34,Preventiva,Mantención preventiva,2025-01-01,2025-01-01,2025-01-01,Cerrada,2.5,1,0
OT-005203,A-0214,Clínica Oriente,C34,Preventiva,Mantención preventiva,2025-03-01,2025-03-02,2025-03-02,Cerrada,3.0,1,0
OT-005204,A-0214,Clínica Oriente,C34,Preventiva,Mantención preventiva,2025-05-01,2025-05-06,2025-05-06,Cerrada,1.5,1,0
OT-005205,A-0214,Clínica Oriente,C34,Preventiva,Mantención preventiva,2025-07-01,2025-08-05,2025-08-05,Cerrada,5.0,1,0
OT-005206,A-0214,Clínica Oriente,C34,Preventiva,Mantención preventiva,2025-09-01,2025-09-06,2025-09-06,Cerrada,5.0,1,0
OT-005207,A-0214,Clínica Oriente,C34,Preventiva,Mantención preventiva,2025-11-01,2025-11-07,2025-11-07,Cerrada,4.0,1,0
OT-005208,A-0214,Clínica Oriente,C34,Preventiva,Mantención preventiva,2026-01-01,2026-01-06,2026-01-06,Cerrada,6.0,1,0
OT-005209,A-0214,Clínica Oriente,C34,Preventiva,Mantención preventiva,2026-03-01,2026-03-03,2026-03-03,Cerrada,5.0,1,0
OT-005210,A-0214,Clínica Oriente,C34,Preventiva,Mantención preventiva,2026-05-01,2026-05-07,2026-05-07,Cerrada,9.0,1,0
OT-005211,A-0214,Clínica Oriente,C34,Preventiva,Mantención preventiva,2026-07-01,2026-07-02,2026-07-02,Cerrada,8.5,1,0
OT-005212,A-0214,Clínica Oriente,C34,Preventiva,Mantención preventiva,2026-09-01,2026-09-20,2026-09-20,Cerrada,2.5,1,0
OT-005213,A-0214,Clínica Oriente,C34,Preventiva,Mantención preventiva,2026-11-01,,,Abierta,0,0,0
OT-005214,A-0214,Clínica Oriente,C34,Correctiva,Reparación correctiva,2025-04-02,2025-04-02,2025-04-02,Cerrada,5.0,5.0,11.6
OT-005215,A-0214,Clínica Oriente,C34,Correctiva,Reparación correctiva,2025-06-24,2025-06-24,2025-06-25,Cerrada,8.5,8.5,14.7
OT-005216,A-0214,Clínica Oriente,C34,Correctiva,Reparación correctiva,2025-10-19,2025-10-19,2025-10-19,Cerrada,3.0,3.0,10.9
OT-005217,A-0214,Clínica Oriente,C34,Correctiva,Reparación correctiva,2026-02-28,2026-02-28,2026-02-28,Cerrada,3.5,3.5,7.0
OT-005218,A-0214,Clínica Oriente,C34,Correctiva,Reparación correctiva,2026-05-03,2026-05-03,2026-05-03,Cerrada,4.0,4.0,8.1
OT-005219,A-0214,Clínica Oriente,C34,Correctiva,Reparación correctiva,2026-06-02,2026-06-03,2026-06-03,Cerrada,8.5,8.5,15.1
OT-005220,A-0214,Clínica Oriente,C34,Correctiva,Reparación correctiva,2026-06-21,2026-06-21,2026-06-22,Cerrada,6.0,6.0,10.9
OT-005221,A-0214,Clínica Oriente,C34,Correctiva,Reparación correctiva,2026-08-11,2026-08-11,2026-08-11,Cerrada,4.0,4.0,6.9
OT-005222,A-0214,Clínica Oriente,C34,Correctiva,Reparación correctiva,2026-09-19,2026-09-19,2026-09-19,Cerrada,10.0,10.0,17.7
OT-005223,A-0215,Clínica Centro,C34,Preventiva,Mantención preventiva,2025-02-21,2025-02-23,2025-02-23,Cerrada,5.5,1,0
OT-005224,A-0215,Clínica Centro,C34,Preventiva,Mantención preventiva,2025-04-21,2025-04-22,2025-04-22,Cerrada,4.5,1,0
OT-005225,A-0215,Clínica Centro,C34,Preventiva,Mantención preventiva,2025-06-21,2025-06-24,2025-06-24,Cerrada,2.5,1,0
OT-005226,A-0215,Clínica Centro,C34,Preventiva,Mantención preventiva,2025-08-21,2025-08-24,2025-08-24,Cerrada,4.5,1,0
OT-005227,A-0215,Clínica Centro,C34,Preventiva,Mantención preventiva,2025-10-21,2025-10-22,2025-10-22,Cerrada,11.0,1,0
OT-005228,A-0215,Clínica Centro,C34,Preventiva,Mantención preventiva,2025-12-21,2025-12-26,2025-12-26,Cerrada,2.0,1,0
OT-005229,A-0215,Clínica Centro,C34,Preventiva,Mantención preventiva,2026-02-21,2026-02-21,2026-02-21,Cerrada,2.0,1,0
OT-005230,A-0215,Clínica Centro,C34,Preventiva,Mantención preventiva,2026-04-21,2026-04-23,2026-04-23,Cerrada,6.0,1,0
OT-005231,A-0215,Clínica Centro,C34,Preventiva,Mantención preventiva,2026-06-21,2026-06-24,2026-06-24,Cerrada,8.0,1,0
OT-005232,A-0215,Clínica Centro,C34,Preventiva,Mantención preventiva,2026-08-21,2026-08-26,2026-08-26,Cerrada,3.0,1,0
OT-005233,A-0215,Clínica Centro,C34,Preventiva,Mantención preventiva,2026-10-21,2026-10-22,2026-10-22,Cerrada,3.0,1,0
OT-005234,A-0215,Clínica Centro,C34,Preventiva,Mantención preventiva,2026-12-21,2026-12-22,2026-12-22,Cerrada,6.0,1,0
OT-005235,A-0215,Clínica Centro,C34,Correctiva,Reparación correctiva,2025-01-05,2025-01-05,2025-01-06,Cerrada,7.0,7.0,16.2
OT-005236,A-0215,Clínica Centro,C34,Correctiva,Reparación correctiva,2025-03-14,2025-03-14,2025-03-14,Cerrada,6.5,6.5,10.8
OT-005237,A-0215,Clínica Centro,C34,Correctiva,Reparación correctiva,2025-06-19,2025-06-20,2025-06-20,Cerrada,2.0,2.0,12.1
OT-005238,A-0215,Clínica Centro,C34,Correctiva,Reparación correctiva,2026-03-02,2026-03-03,2026-03-03,Cerrada,2.5,2.5,6.2
OT-005239,A-0215,Clínica Centro,C34,Correctiva,Reparación correctiva,2026-10-04,2026-10-04,2026-10-04,Cerrada,7.0,7.0,16.6
OT-005240,A-0216,Clínica Centro,C34,Preventiva,Mantención preventiva,2025-01-09,2025-01-14,2025-01-14,Cerrada,4.0,1,0
OT-005241,A-0216,Clínica Centro,C34,Preventiva,Mantención preventiva,2025-03-09,2025-03-12,2025-03-12,Cerrada,3.5,1,0
OT-005242,A-0216,Clínica Centro,C34,Preventiva,Mantención preventiva,2025-05-09,2025-05-13,2025-05-13,Cerrada,6.0,1,0
OT-005243,A-0216,Clínica Centro,C34,Preventiva,Mantención preventiva,2025-07-09,,,Abierta,0,0,0
OT-005244,A-0216,Clínica Centro,C34,Preventiva,Mantención preventiva,2025-09-09,2025-09-12,2025-09-12,Cerrada,4.5,1,0
OT-005245,A-0216,Clínica Centro,C34,Preventiva,Mantención preventiva,2025-11-09,,,Abierta,0,0,0
OT-005246,A-0216,Clínica Centro,C34,Preventiva,Mantención preventiva,2026-01-09,2026-01-11,2026-01-11,Cerrada,7.0,1,0
OT-005247,A-0216,Clínica Centro,C34,Preventiva,Mantención preventiva,2026-03-09,,,Abierta,0,0,0
OT-005248,A-0216,Clínica Centro,C34,Preventiva,Mantención preventiva,2026-05-09,2026-05-09,2026-05-09,Cerrada,2.0,1,0
OT-005249,A-0216,Clínica Centro,C34,Preventiva,Mantención preventiva,2026-07-09,2026-07-10,2026-07-10,Cerrada,8.0,1,0
OT-005250,A-0216,Clínica Centro,C34,Preventiva,Mantención preventiva,2026-09-09,2026-09-13,2026-09-13,Cerrada,1.5,1,0
OT-005251,A-0216,Clínica Centro,C34,Preventiva,Mantención preventiva,2026-11-09,2026-11-13,2026-11-13,Cerrada,5.0,1,0
OT-005252,A-0216,Clínica Centro,C34,Correctiva,Reparación correctiva,2025-01-08,2025-01-08,2025-01-08,Cerrada,3.5,3.5,11.3
OT-005253,A-0216,Clínica Centro,C34,Correctiva,Reparación correctiva,2025-03-31,2025-04-01,2025-04-01,Cerrada,6.0,6.0,14.1
OT-005254,A-0216,Clínica Centro,C34,Correctiva,Reparación correctiva,2025-08-28,2025-08-28,2025-08-29,Cerrada,8.0,8.0,16.5
OT-005255,A-0216,Clínica Centro,C34,Correctiva,Reparación correctiva,2025-12-31,2026-01-01,2026-01-01,Cerrada,7.5,7.5,13.8
OT-005256,A-0216,Clínica Centro,C34,Correctiva,Reparación correctiva,2026-02-21,2026-02-21,2026-02-22,Cerrada,18.0,18.0,24.0
OT-005257,A-0216,Clínica Centro,C34,Correctiva,Reparación correctiva,2026-04-20,2026-04-21,2026-04-21,Cerrada,5.5,5.5,17.1
OT-005258,A-0216,Clínica Centro,C34,Correctiva,Reparación correctiva,2026-06-18,2026-06-19,2026-06-19,Cerrada,7.0,7.0,18.1
OT-005259,A-0216,Clínica Centro,C34,Correctiva,Reparación correctiva,2026-09-24,2026-09-24,2026-09-25,Cerrada,12.5,12.5,18.5
OT-005260,A-0216,Clínica Centro,C34,Correctiva,Reparación correctiva,2026-11-09,2026-11-10,2026-11-10,Cerrada,6.5,6.5,12.5
OT-005261,A-0216,Clínica Centro,C34,Correctiva,Reparación correctiva,2026-12-22,2026-12-22,2026-12-23,Cerrada,11.5,11.5,17.9
OT-005262,A-0217,Clínica Centro,C34,Preventiva,Mantención preventiva,2025-01-15,2025-01-15,2025-01-15,Cerrada,3.5,1,0
OT-005263,A-0217,Clínica Centro,C34,Preventiva,Mantención preventiva,2025-03-15,2025-03-19,2025-03-19,Cerrada,7.5,1,0
OT-005264,A-0217,Clínica Centro,C34,Preventiva,Mantención preventiva,2025-05-15,2025-05-23,2025-05-23,Cerrada,4.0,1,0
OT-005265,A-0217,Clínica Centro,C34,Preventiva,Mantención preventiva,2025-07-15,2025-07-17,2025-07-17,Cerrada,4.5,1,0
OT-005266,A-0217,Clínica Centro,C34,Preventiva,Mantención preventiva,2025-09-15,2025-09-19,2025-09-19,Cerrada,4.0,1,0
OT-005267,A-0217,Clínica Centro,C34,Preventiva,Mantención preventiva,2025-11-15,2025-11-19,2025-11-19,Cerrada,7.0,1,0
OT-005268,A-0217,Clínica Centro,C34,Preventiva,Mantención preventiva,2026-01-15,2026-01-21,2026-01-21,Cerrada,2.0,1,0
OT-005269,A-0217,Clínica Centro,C34,Preventiva,Mantención preventiva,2026-03-15,2026-03-24,2026-03-24,Cerrada,2.0,1,0
OT-005270,A-0217,Clínica Centro,C34,Preventiva,Mantención preventiva,2026-05-15,2026-05-21,2026-05-21,Cerrada,3.5,1,0
OT-005271,A-0217,Clínica Centro,C34,Preventiva,Mantención preventiva,2026-07-15,2026-07-19,2026-07-19,Cerrada,23.0,1,0
OT-005272,A-0217,Clínica Centro,C34,Preventiva,Mantención preventiva,2026-09-15,2026-09-18,2026-09-18,Cerrada,3.5,1,0
OT-005273,A-0217,Clínica Centro,C34,Preventiva,Mantención preventiva,2026-11-15,2026-11-15,2026-11-15,Cerrada,10.5,1,0
OT-005274,A-0217,Clínica Centro,C34,Correctiva,Reparación correctiva,2025-01-28,2025-01-28,2025-01-29,Cerrada,7.0,7.0,13.3
OT-005275,A-0217,Clínica Centro,C34,Correctiva,Reparación correctiva,2025-04-06,2025-04-06,2025-04-06,Cerrada,6.5,6.5,14.9
OT-005276,A-0217,Clínica Centro,C34,Correctiva,Reparación correctiva,2025-08-19,2025-08-19,2025-08-20,Cerrada,8.5,8.5,15.4
OT-005277,A-0217,Clínica Centro,C34,Correctiva,Reparación correctiva,2025-12-09,2025-12-09,2025-12-09,Cerrada,10.5,10.5,18.4
OT-005278,A-0217,Clínica Centro,C34,Correctiva,Reparación correctiva,2025-12-10,2025-12-10,2025-12-10,Cerrada,4.5,4.5,12.9
OT-005279,A-0217,Clínica Centro,C34,Correctiva,Reparación correctiva,2026-01-30,2026-01-30,2026-01-30,Cerrada,9.0,9.0,12.7
OT-005280,A-0217,Clínica Centro,C34,Correctiva,Reparación correctiva,2026-02-11,2026-02-11,2026-02-11,Cerrada,4.5,4.5,8.3
OT-005281,A-0217,Clínica Centro,C34,Correctiva,Reparación correctiva,2026-04-21,2026-04-22,2026-04-22,Cerrada,7.0,7.0,17.2
OT-005282,A-0217,Clínica Centro,C34,Correctiva,Reparación correctiva,2026-05-05,2026-05-05,2026-05-06,Cerrada,10.0,10.0,12.4
OT-005283,A-0217,Clínica Centro,C34,Correctiva,Reparación correctiva,2026-05-21,2026-05-22,2026-05-23,Cerrada,18.0,18.0,29.4
OT-005284,A-0217,Clínica Centro,C34,Correctiva,Reparación correctiva,2026-07-02,2026-07-02,2026-07-02,Cerrada,10.0,10.0,14.6
OT-005285,A-0217,Clínica Centro,C34,Correctiva,Reparación correctiva,2026-07-22,2026-07-23,2026-07-23,Cerrada,8.0,8.0,19.5
OT-005286,A-0217,Clínica Centro,C34,Correctiva,Reparación correctiva,2026-07-24,2026-07-25,2026-07-25,Cerrada,6.0,6.0,16.1
OT-005287,A-0217,Clínica Centro,C34,Correctiva,Reparación correctiva,2026-07-31,2026-08-01,2026-08-01,Cerrada,4.5,4.5,12.9
OT-005288,A-0217,Clínica Centro,C34,Correctiva,Reparación correctiva,2026-10-21,2026-10-21,2026-10-22,Cerrada,10.0,10.0,18.0
OT-005289,A-0218,Clínica Centro,C34,Preventiva,Mantención preventiva,2025-02-26,2025-03-03,2025-03-03,Cerrada,3.0,1,0
OT-005290,A-0218,Clínica Centro,C34,Preventiva,Mantención preventiva,2025-04-26,2025-04-29,2025-04-29,Cerrada,17.5,1,0
OT-005291,A-0218,Clínica Centro,C34,Preventiva,Mantención preventiva,2025-06-26,2025-07-30,2025-07-30,Cerrada,1.5,1,0
OT-005292,A-0218,Clínica Centro,C34,Preventiva,Mantención preventiva,2025-08-26,2025-08-31,2025-08-31,Cerrada,9.0,1,0
OT-005293,A-0218,Clínica Centro,C34,Preventiva,Mantención preventiva,2025-10-26,2025-10-30,2025-10-30,Cerrada,6.0,1,0
OT-005294,A-0218,Clínica Centro,C34,Preventiva,Mantención preventiva,2025-12-26,2026-01-25,2026-01-25,Cerrada,10.0,1,0
OT-005295,A-0218,Clínica Centro,C34,Preventiva,Mantención preventiva,2026-02-26,2026-02-27,2026-02-27,Cerrada,4.0,1,0
OT-005296,A-0218,Clínica Centro,C34,Preventiva,Mantención preventiva,2026-04-26,2026-04-28,2026-04-28,Cerrada,5.5,1,0
OT-005297,A-0218,Clínica Centro,C34,Preventiva,Mantención preventiva,2026-06-26,2026-06-29,2026-06-29,Cerrada,5.0,1,0
OT-005298,A-0218,Clínica Centro,C34,Preventiva,Mantención preventiva,2026-08-26,2026-08-31,2026-08-31,Cerrada,3.0,1,0
OT-005299,A-0218,Clínica Centro,C34,Preventiva,Mantención preventiva,2026-10-26,2026-10-31,2026-10-31,Cerrada,6.5,1,0
OT-005300,A-0218,Clínica Centro,C34,Preventiva,Mantención preventiva,2026-12-26,2026-12-31,2026-12-31,Cerrada,3.5,1,0
OT-005301,A-0218,Clínica Centro,C34,Correctiva,Reparación correctiva,2025-01-31,2025-02-01,2025-02-01,Cerrada,3.5,3.5,10.9
OT-005302,A-0218,Clínica Centro,C34,Correctiva,Reparación correctiva,2025-05-29,2025-05-29,2025-05-29,Cerrada,4.0,4.0,9.2
OT-005303,A-0218,Clínica Centro,C34,Correctiva,Reparación correctiva,2025-09-05,2025-09-05,2025-09-05,Cerrada,5.5,5.5,7.6
OT-005304,A-0218,Clínica Centro,C34,Correctiva,Reparación correctiva,2026-03-11,2026-03-11,2026-03-12,Cerrada,10.5,10.5,20.1
OT-005305,A-0218,Clínica Centro,C34,Correctiva,Reparación correctiva,2026-06-08,2026-06-09,2026-06-09,Cerrada,13.0,13.0,19.5
OT-005306,A-0218,Clínica Centro,C34,Correctiva,Reparación correctiva,2026-06-20,2026-06-20,2026-06-21,Cerrada,3.5,3.5,15.2
OT-005307,A-0218,Clínica Centro,C34,Correctiva,Reparación correctiva,2026-12-28,2026-12-29,2026-12-29,Cerrada,6.5,6.5,15.2
OT-005308,A-0219,Clínica Poniente,C34,Preventiva,Mantención preventiva,2025-02-18,,,Abierta,0,0,0
OT-005309,A-0219,Clínica Poniente,C34,Preventiva,Mantención preventiva,2025-04-18,2025-04-18,2025-04-18,Cerrada,7.5,1,0
OT-005310,A-0219,Clínica Poniente,C34,Preventiva,Mantención preventiva,2025-06-18,2025-06-20,2025-06-20,Cerrada,2.0,1,0
OT-005311,A-0219,Clínica Poniente,C34,Preventiva,Mantención preventiva,2025-08-18,2025-08-20,2025-08-20,Cerrada,3.5,1,0
OT-005312,A-0219,Clínica Poniente,C34,Preventiva,Mantención preventiva,2025-10-18,2025-10-22,2025-10-22,Cerrada,2.0,1,0
OT-005313,A-0219,Clínica Poniente,C34,Preventiva,Mantención preventiva,2025-12-18,2025-12-19,2025-12-19,Cerrada,14.5,1,0
OT-005314,A-0219,Clínica Poniente,C34,Preventiva,Mantención preventiva,2026-02-18,2026-02-24,2026-02-24,Cerrada,6.0,1,0
OT-005315,A-0219,Clínica Poniente,C34,Preventiva,Mantención preventiva,2026-04-18,2026-04-23,2026-04-23,Cerrada,3.0,1,0
OT-005316,A-0219,Clínica Poniente,C34,Preventiva,Mantención preventiva,2026-06-18,2026-06-24,2026-06-24,Cerrada,2.5,1,0
OT-005317,A-0219,Clínica Poniente,C34,Preventiva,Mantención preventiva,2026-08-18,2026-08-24,2026-08-24,Cerrada,2.5,1,0
OT-005318,A-0219,Clínica Poniente,C34,Preventiva,Mantención preventiva,2026-10-18,2026-10-21,2026-10-21,Cerrada,2.5,1,0
OT-005319,A-0219,Clínica Poniente,C34,Preventiva,Mantención preventiva,2026-12-18,2026-12-21,2026-12-21,Cerrada,3.0,1,0
OT-005320,A-0219,Clínica Poniente,C34,Correctiva,Reparación correctiva,2025-04-05,2025-04-05,2025-04-05,Cerrada,2.5,2.5,8.0
OT-005321,A-0219,Clínica Poniente,C34,Correctiva,Reparación correctiva,2026-01-12,2026-01-12,2026-01-13,Cerrada,13.5,13.5,23.5
OT-005322,A-0219,Clínica Poniente,C34,Correctiva,Reparación correctiva,2026-03-19,2026-03-19,2026-03-19,Cerrada,11.0,11.0,16.2
OT-005323,A-0219,Clínica Poniente,C34,Correctiva,Reparación correctiva,2026-04-21,2026-04-21,2026-04-21,Cerrada,3.5,3.5,13.1
OT-005324,A-0219,Clínica Poniente,C34,Correctiva,Reparación correctiva,2026-04-23,2026-04-24,2026-04-24,Cerrada,4.0,4.0,13.6
OT-005325,A-0219,Clínica Poniente,C34,Correctiva,Reparación correctiva,2026-09-10,2026-09-11,2026-09-11,Cerrada,3.5,3.5,9.7
OT-005326,A-0219,Clínica Poniente,C34,Correctiva,Reparación correctiva,2026-10-17,2026-10-17,2026-10-17,Cerrada,4.5,4.5,16.5
OT-005327,A-0220,Clínica Poniente,C34,Preventiva,Mantención preventiva,2025-01-25,2025-01-25,2025-01-25,Cerrada,2.5,1,0
OT-005328,A-0220,Clínica Poniente,C34,Preventiva,Mantención preventiva,2025-03-25,2025-03-29,2025-03-29,Cerrada,5.5,1,0
OT-005329,A-0220,Clínica Poniente,C34,Preventiva,Mantención preventiva,2025-05-25,2025-05-29,2025-05-29,Cerrada,8.5,1,0
OT-005330,A-0220,Clínica Poniente,C34,Preventiva,Mantención preventiva,2025-07-25,2025-07-29,2025-07-29,Cerrada,6.5,1,0
OT-005331,A-0220,Clínica Poniente,C34,Preventiva,Mantención preventiva,2025-09-25,2025-09-26,2025-09-26,Cerrada,11.5,1,0
OT-005332,A-0220,Clínica Poniente,C34,Preventiva,Mantención preventiva,2025-11-25,2025-12-30,2025-12-30,Cerrada,3.5,1,0
OT-005333,A-0220,Clínica Poniente,C34,Preventiva,Mantención preventiva,2026-01-25,2026-01-29,2026-01-29,Cerrada,8.5,1,0
OT-005334,A-0220,Clínica Poniente,C34,Preventiva,Mantención preventiva,2026-03-25,2026-03-26,2026-03-26,Cerrada,4.0,1,0
OT-005335,A-0220,Clínica Poniente,C34,Preventiva,Mantención preventiva,2026-05-25,2026-05-26,2026-05-26,Cerrada,4.5,1,0
OT-005336,A-0220,Clínica Poniente,C34,Preventiva,Mantención preventiva,2026-07-25,2026-08-21,2026-08-21,Cerrada,4.5,1,0
OT-005337,A-0220,Clínica Poniente,C34,Preventiva,Mantención preventiva,2026-09-25,2026-09-27,2026-09-27,Cerrada,5.0,1,0
OT-005338,A-0220,Clínica Poniente,C34,Preventiva,Mantención preventiva,2026-11-25,2026-12-01,2026-12-01,Cerrada,3.0,1,0
OT-005339,A-0220,Clínica Poniente,C34,Correctiva,Reparación correctiva,2025-01-04,2025-01-04,2025-01-05,Cerrada,7.5,7.5,16.3
OT-005340,A-0220,Clínica Poniente,C34,Correctiva,Reparación correctiva,2025-01-24,2025-01-25,2025-01-25,Cerrada,3.5,3.5,8.0
OT-005341,A-0220,Clínica Poniente,C34,Correctiva,Reparación correctiva,2025-02-28,2025-02-28,2025-03-01,Cerrada,3.0,3.0,8.8
OT-005342,A-0220,Clínica Poniente,C34,Correctiva,Reparación correctiva,2025-03-09,2025-03-09,2025-03-10,Cerrada,8.5,8.5,13.8
OT-005343,A-0220,Clínica Poniente,C34,Correctiva,Reparación correctiva,2025-05-22,2025-05-22,2025-05-23,Cerrada,4.0,4.0,7.9
OT-005344,A-0220,Clínica Poniente,C34,Correctiva,Reparación correctiva,2025-07-04,2025-07-05,2025-07-05,Cerrada,1.5,1.5,9.7
OT-005345,A-0220,Clínica Poniente,C34,Correctiva,Reparación correctiva,2025-12-14,2025-12-15,2025-12-15,Cerrada,16.5,16.5,25.4
OT-005346,A-0220,Clínica Poniente,C34,Correctiva,Reparación correctiva,2026-02-18,2026-02-19,2026-02-19,Cerrada,7.5,7.5,14.3
OT-005347,A-0220,Clínica Poniente,C34,Correctiva,Reparación correctiva,2026-02-20,2026-02-20,2026-02-21,Cerrada,28.5,28.5,32.0
OT-005348,A-0220,Clínica Poniente,C34,Correctiva,Reparación correctiva,2026-09-14,2026-09-14,2026-09-14,Cerrada,3.5,3.5,11.5
OT-005349,A-0220,Clínica Poniente,C34,Correctiva,Reparación correctiva,2026-10-15,2026-10-15,2026-10-15,Cerrada,4.5,4.5,7.1
OT-005350,A-0220,Clínica Poniente,C34,Correctiva,Reparación correctiva,2026-12-07,2026-12-08,2026-12-08,Cerrada,2.5,2.5,12.9
OT-005351,A-0221,Clínica Poniente,C34,Preventiva,Mantención preventiva,2025-02-08,2025-02-09,2025-02-09,Cerrada,2.0,1,0
OT-005352,A-0221,Clínica Poniente,C34,Preventiva,Mantención preventiva,2025-04-08,2025-04-12,2025-04-12,Cerrada,3.5,1,0
OT-005353,A-0221,Clínica Poniente,C34,Preventiva,Mantención preventiva,2025-06-08,2025-06-11,2025-06-11,Cerrada,2.0,1,0
OT-005354,A-0221,Clínica Poniente,C34,Preventiva,Mantención preventiva,2025-08-08,2025-08-08,2025-08-08,Cerrada,4.0,1,0
OT-005355,A-0221,Clínica Poniente,C34,Preventiva,Mantención preventiva,2025-10-08,2025-10-13,2025-10-13,Cerrada,6.5,1,0
OT-005356,A-0221,Clínica Poniente,C34,Preventiva,Mantención preventiva,2025-12-08,2025-12-09,2025-12-09,Cerrada,2.5,1,0
OT-005357,A-0221,Clínica Poniente,C34,Preventiva,Mantención preventiva,2026-02-08,2026-02-14,2026-02-14,Cerrada,6.5,1,0
OT-005358,A-0221,Clínica Poniente,C34,Preventiva,Mantención preventiva,2026-04-08,2026-04-09,2026-04-09,Cerrada,5.0,1,0
OT-005359,A-0221,Clínica Poniente,C34,Preventiva,Mantención preventiva,2026-06-08,2026-06-09,2026-06-09,Cerrada,6.0,1,0
OT-005360,A-0221,Clínica Poniente,C34,Preventiva,Mantención preventiva,2026-08-08,2026-08-08,2026-08-08,Cerrada,2.5,1,0
OT-005361,A-0221,Clínica Poniente,C34,Preventiva,Mantención preventiva,2026-10-08,2026-10-14,2026-10-14,Cerrada,4.0,1,0
OT-005362,A-0221,Clínica Poniente,C34,Preventiva,Mantención preventiva,2026-12-08,2026-12-10,2026-12-10,Cerrada,6.5,1,0
OT-005363,A-0221,Clínica Poniente,C34,Correctiva,Reparación correctiva,2025-03-28,2025-03-28,2025-03-29,Cerrada,4.0,4.0,10.6
OT-005364,A-0221,Clínica Poniente,C34,Correctiva,Reparación correctiva,2025-05-25,2025-05-25,2025-05-25,Cerrada,4.0,4.0,13.2
OT-005365,A-0221,Clínica Poniente,C34,Correctiva,Reparación correctiva,2025-07-17,2025-07-17,2025-07-17,Cerrada,8.0,8.0,10.4
OT-005366,A-0221,Clínica Poniente,C34,Correctiva,Reparación correctiva,2025-07-22,2025-07-23,2025-07-23,Cerrada,5.0,5.0,15.7
OT-005367,A-0221,Clínica Poniente,C34,Correctiva,Reparación correctiva,2025-08-16,2025-08-16,2025-08-16,Cerrada,6.5,6.5,9.1
OT-005368,A-0221,Clínica Poniente,C34,Correctiva,Reparación correctiva,2025-08-17,2025-08-17,2025-08-17,Cerrada,7.0,7.0,11.4
OT-005369,A-0221,Clínica Poniente,C34,Correctiva,Reparación correctiva,2025-12-14,2025-12-14,2025-12-15,Cerrada,16.0,16.0,19.7
OT-005370,A-0221,Clínica Poniente,C34,Correctiva,Reparación correctiva,2026-03-11,2026-03-11,2026-03-11,Cerrada,9.0,9.0,11.8
OT-005371,A-0221,Clínica Poniente,C34,Correctiva,Reparación correctiva,2026-03-20,2026-03-21,2026-03-21,Cerrada,5.0,5.0,14.8
OT-005372,A-0221,Clínica Poniente,C34,Correctiva,Reparación correctiva,2026-03-21,2026-03-22,2026-03-22,Cerrada,10.0,10.0,17.4
OT-005373,A-0221,Clínica Poniente,C34,Correctiva,Reparación correctiva,2026-06-08,2026-06-08,2026-06-09,Cerrada,7.0,7.0,16.0
OT-005374,A-0221,Clínica Poniente,C34,Correctiva,Reparación correctiva,2026-07-31,2026-08-01,2026-08-01,Cerrada,7.5,7.5,16.6
OT-005375,A-0221,Clínica Poniente,C34,Correctiva,Reparación correctiva,2026-08-16,2026-08-16,2026-08-16,Cerrada,5.0,5.0,7.4
OT-005376,A-0221,Clínica Poniente,C34,Correctiva,Reparación correctiva,2026-11-14,2026-11-14,2026-11-14,Cerrada,2.5,2.5,5.5
OT-005377,A-0221,Clínica Poniente,C34,Correctiva,Reparación correctiva,2026-11-15,2026-11-15,2026-11-15,Cerrada,3.5,3.5,6.6
OT-005378,A-0222,Clínica Poniente,C34,Preventiva,Mantención preventiva,2025-01-26,2025-01-30,2025-01-30,Cerrada,7.0,1,0
OT-005379,A-0222,Clínica Poniente,C34,Preventiva,Mantención preventiva,2025-03-26,2025-03-29,2025-03-29,Cerrada,2.0,1,0
OT-005380,A-0222,Clínica Poniente,C34,Preventiva,Mantención preventiva,2025-05-26,2025-06-01,2025-06-01,Cerrada,4.5,1,0
OT-005381,A-0222,Clínica Poniente,C34,Preventiva,Mantención preventiva,2025-07-26,2025-07-31,2025-07-31,Cerrada,3.5,1,0
OT-005382,A-0222,Clínica Poniente,C34,Preventiva,Mantención preventiva,2025-09-26,2025-09-30,2025-09-30,Cerrada,4.0,1,0
OT-005383,A-0222,Clínica Poniente,C34,Preventiva,Mantención preventiva,2025-11-26,2025-11-29,2025-11-29,Cerrada,9.0,1,0
OT-005384,A-0222,Clínica Poniente,C34,Preventiva,Mantención preventiva,2026-01-26,2026-01-29,2026-01-29,Cerrada,2.0,1,0
OT-005385,A-0222,Clínica Poniente,C34,Preventiva,Mantención preventiva,2026-03-26,2026-04-01,2026-04-01,Cerrada,4.5,1,0
OT-005386,A-0222,Clínica Poniente,C34,Preventiva,Mantención preventiva,2026-05-26,2026-05-29,2026-05-29,Cerrada,3.0,1,0
OT-005387,A-0222,Clínica Poniente,C34,Preventiva,Mantención preventiva,2026-07-26,2026-07-31,2026-07-31,Cerrada,2.5,1,0
OT-005388,A-0222,Clínica Poniente,C34,Preventiva,Mantención preventiva,2026-09-26,2026-11-01,2026-11-01,Cerrada,8.5,1,0
OT-005389,A-0222,Clínica Poniente,C34,Preventiva,Mantención preventiva,2026-11-26,2026-11-29,2026-11-29,Cerrada,3.0,1,0
OT-005390,A-0222,Clínica Poniente,C34,Correctiva,Reparación correctiva,2025-02-28,2025-03-01,2025-03-01,Cerrada,6.0,6.0,16.5
OT-005391,A-0222,Clínica Poniente,C34,Correctiva,Reparación correctiva,2026-03-05,2026-03-05,2026-03-05,Cerrada,2.0,2.0,5.7
OT-005392,A-0222,Clínica Poniente,C34,Correctiva,Reparación correctiva,2026-09-18,2026-09-18,2026-09-19,Cerrada,4.5,4.5,14.1
OT-005393,A-0222,Clínica Poniente,C34,Correctiva,Reparación correctiva,2026-09-23,2026-09-24,2026-09-24,Cerrada,5.0,5.0,10.0
OT-005394,A-0222,Clínica Poniente,C34,Correctiva,Reparación correctiva,2026-11-13,2026-11-14,2026-11-14,Cerrada,4.0,4.0,8.0
